last_traded_time,ltp,tot_buy_qty,tot_sell_qty,ltp,tot_buy_qty,tot_sell_qty,ltp,tot_buy_qty,tot_sell_qty
12-02-2025 09:24,23094,310800,688575,68.6,742500,697875,136.35,978375,404175
12-02-2025 09:24,23091.4,310275,688725,68.4,753000,742125,136.85,983550,430350
12-02-2025 09:24,23093.3,305850,686550,68.55,770100,728925,137.45,990225,431550
12-02-2025 09:25,23094.7,311400,686550,67,749775,732975,139.65,983475,425850
12-02-2025 09:25,23090.95,308400,690000,67.3,768675,743325,138.2,980250,419175
12-02-2025 09:25,23100,318300,684750,69.4,810450,728250,134.2,963525,429975
12-02-2025 09:25,23099.65,316500,681225,70.45,845325,704700,132.75,876825,447375
12-02-2025 09:25,23099.65,318075,680625,71.9,872925,697800,132.65,903000,448875
12-02-2025 09:25,23100.05,324825,682500,71.5,886050,715200,133.6,903900,462975
12-02-2025 09:26,23095,315525,684075,69.65,869325,727575,136.9,906825,465675
12-02-2025 09:26,23097.15,323025,685125,71.15,833250,736275,135.45,911700,483675
12-02-2025 09:26,23098.5,325875,685200,72.5,868125,734250,133.85,928125,497775
12-02-2025 09:26,23099.9,330150,686400,72.65,876300,694425,134.65,930150,513225
12-02-2025 09:26,23099.95,329250,688425,74.4,884100,700050,135.7,945300,518700
12-02-2025 09:26,23096.05,333150,690225,72.8,895800,688275,136.25,955725,521400
12-02-2025 09:27,23099.95,332850,690450,73.75,887400,701325,134.8,945075,520650
12-02-2025 09:27,23101.75,333825,683250,75.7,915150,688575,132.2,927675,548625
12-02-2025 09:27,23099.9,332850,687600,74.75,918525,680700,133.35,917400,564000
12-02-2025 09:27,23103.65,333525,690000,75.35,909825,699825,133.2,925500,575475
12-02-2025 09:27,23103.35,344925,691875,76.3,914175,708150,131.5,936150,584250
12-02-2025 09:27,23108,345450,686775,76.35,916950,684075,131.2,919650,588300
12-02-2025 09:28,23101.05,343125,692100,73.55,929850,718350,132.2,885450,578550
12-02-2025 09:28,23097.05,338250,694650,72.2,869250,729825,133.55,917100,570975
12-02-2025 09:28,23097.05,341175,692100,72.2,874350,740400,134.7,920850,571575
12-02-2025 09:28,23096,337050,696150,70.8,888300,747825,136.35,930750,577350
12-02-2025 09:28,23087.3,339450,695700,69.7,873975,755025,139.2,938475,551400
12-02-2025 09:28,23079,333000,698025,66.1,860475,753975,146.85,947700,530475
12-02-2025 09:29,23078.1,330450,694650,67.75,834150,776100,149.4,938700,412650
12-02-2025 09:29,23078.6,337200,692175,68.9,866850,763725,148.5,943725,387750
12-02-2025 09:29,23079.95,338100,696375,68.2,886350,787875,148.85,944925,406575
12-02-2025 09:29,23075,338400,701325,66.1,897600,898950,151.35,948375,409050
12-02-2025 09:29,23070,332550,699300,64.65,890100,926175,155.5,959025,412950
12-02-2025 09:29,23070.85,333600,701400,63.45,861975,920925,155.6,946125,406500
12-02-2025 09:30,23074.65,333300,697575,63.35,822525,928050,150.2,948075,406125
12-02-2025 09:30,23065.15,331575,701775,61.45,844875,856200,156,891450,407025
12-02-2025 09:30,23067.35,334950,697875,63.9,834075,865050,153.3,895875,427125
12-02-2025 09:30,23060.5,329850,703425,61.15,824175,868650,159.8,924450,426450
12-02-2025 09:30,23063.05,335775,701475,62.1,844725,906600,157.55,921825,363225
12-02-2025 09:30,23056.35,334575,702975,60.85,850575,871875,158.75,907125,379725
12-02-2025 09:31,23056.95,329625,703950,59.65,812325,864225,161.25,915900,351975
12-02-2025 09:31,23056,328725,704700,58.85,780600,897300,161.95,973350,358650
12-02-2025 09:31,23055.05,338025,702675,59.05,793650,900000,161.45,945825,369375
12-02-2025 09:31,23044.85,327525,711450,56.1,774300,891825,169.75,976800,363000
12-02-2025 09:31,23044.25,306675,713550,56,733575,916125,175.3,966675,285525
12-02-2025 09:31,23040.1,295950,714150,56.5,760200,892200,176.6,981975,274575
12-02-2025 09:32,23037.5,289650,714600,57.1,773025,867675,179.3,934650,196275
12-02-2025 09:32,23040,280575,712800,57.05,799650,879975,178.75,915150,212175
12-02-2025 09:32,23036,251475,717975,57.3,813750,881850,182.75,903225,204150
12-02-2025 09:32,23035.45,277050,713400,57.7,809100,880800,181.2,888975,213975
12-02-2025 09:32,23032.85,275925,721500,57.25,814875,886425,182.35,880800,217275
12-02-2025 09:32,23047.95,283200,694125,59.9,810300,896325,167.55,875550,242175
12-02-2025 09:33,23052.9,285000,705900,61.3,839625,842625,166.95,763425,258150
12-02-2025 09:33,23055,292350,705150,62.6,847650,846975,164.95,765300,252450
12-02-2025 09:33,23052.2,295650,711825,59.8,850575,892275,168.4,786675,270750
12-02-2025 09:33,23049.1,290700,713925,59.65,827550,909150,170,800850,264750
12-02-2025 09:33,23049.85,291225,715425,59.9,850875,935025,167.8,810675,284925
12-02-2025 09:33,23049,294000,717450,57.95,863850,996900,170,810525,292575
12-02-2025 09:34,23034.05,277125,723525,55.05,823800,1018800,178,857775,273975
12-02-2025 09:34,23034.75,290925,721725,55.3,841275,1004625,178.75,830100,265725
12-02-2025 09:34,23035,291825,718650,54.8,887625,1004250,179.75,820275,275700
12-02-2025 09:34,23031.75,290625,722400,54.3,880500,1005975,178.15,812400,269100
12-02-2025 09:34,23030.5,289650,726825,53.4,899475,995625,180.4,825675,278100
12-02-2025 09:34,23028.95,281100,730875,52.7,873900,1129575,182.2,831300,263625
12-02-2025 09:35,23030,295950,718950,52.85,858150,1053600,179.05,815925,288600
12-02-2025 09:35,23033.05,305400,720225,53.15,904950,1060050,179.1,799200,299325
12-02-2025 09:35,23041.05,302700,725775,54.85,926925,971325,175.45,785775,311100
12-02-2025 09:35,23034.15,292725,718875,54.6,925200,953475,176.65,785700,319650
12-02-2025 09:35,23030.45,289200,722250,52.7,930975,968775,183.2,794775,332775
12-02-2025 09:35,23025.5,307725,725775,53.7,916575,978000,181.35,809700,299625
12-02-2025 09:36,23034,310650,722325,55,940425,977550,177.05,807000,306150
12-02-2025 09:36,23035,319725,725325,54.65,943500,953325,175,792000,328350
12-02-2025 09:36,23033.4,314025,720075,53.5,947850,945075,177.85,785550,338025
12-02-2025 09:36,23031.95,321600,722400,52.75,948300,952350,178,787050,327450
12-02-2025 09:36,23023.95,305550,725400,50,940425,981225,185.45,814875,322575
12-02-2025 09:36,23021.25,318375,724575,49.3,851250,974250,185.5,805050,261600
12-02-2025 09:37,23022.05,311325,725250,48.35,870675,992175,185.9,807375,271575
12-02-2025 09:37,23020,315075,729075,49.2,902775,983625,184.65,791100,287550
12-02-2025 09:37,23023.75,315225,724800,49.8,914625,975300,182.4,801150,300450
12-02-2025 09:37,23021.95,316875,731700,48.1,908100,981000,184.95,798600,300975
12-02-2025 09:37,23018.9,311850,731100,46.8,880875,997050,187,803850,285375
12-02-2025 09:37,23017.6,313800,729450,46.9,878025,1044150,188.1,802125,296400
12-02-2025 09:38,23016.1,307500,727950,46.9,900975,1060200,184.85,823350,285375
12-02-2025 09:38,23017.75,311625,731625,46.95,922200,1047375,184.3,810750,296550
12-02-2025 09:38,23021.5,311325,727800,46.85,956550,1036200,185.15,802800,309600
12-02-2025 09:38,23018.7,314025,736350,46.55,948975,1044675,184.5,814875,305475
12-02-2025 09:38,23020.1,326475,734700,46.8,968550,1039125,184.1,802875,306225
12-02-2025 09:38,23019.7,324075,732825,47.05,983700,1046625,183.85,802425,312675
12-02-2025 09:39,23020,324900,734250,47.6,984900,1067850,181.9,808350,315450
12-02-2025 09:39,23023.3,321075,734475,48.35,984150,1058175,178.45,792525,316125
12-02-2025 09:39,23026.8,328500,719925,48.45,988950,1046700,178.1,771525,316200
12-02-2025 09:39,23026.9,333300,733575,48.2,994350,1076550,179.4,779925,315300
12-02-2025 09:39,23021,330600,740250,47.55,1010925,1077450,182.05,788025,314925
12-02-2025 09:39,23018.65,330000,741000,46.35,985650,1100100,183.4,796425,319050
12-02-2025 09:40,23014,327225,742500,43.6,930900,1124025,188.85,823800,311400
12-02-2025 09:40,23007,316125,743400,42.35,872925,1127100,192.3,829200,256800
12-02-2025 09:40,23003.8,310200,740775,41.75,859950,1104225,197.25,853125,223500
12-02-2025 09:40,23002.85,304050,736500,41.3,858450,1113000,197,826125,219900
12-02-2025 09:40,22998.85,297675,738975,40.3,853050,1135725,198.9,807450,221025
12-02-2025 09:40,22995.6,289350,737700,38.7,820425,1131075,201.4,811200,203250
12-02-2025 09:41,22993.4,290925,740475,38.85,822900,1129125,200.55,800550,188625
12-02-2025 09:41,22995,299100,732450,39.55,867900,1107000,197.9,790725,213450
12-02-2025 09:41,22995.1,295650,736650,39.1,851625,1091550,199.35,776025,197400
12-02-2025 09:41,22996.05,305025,732225,39.4,871200,1088175,198,777900,206175
12-02-2025 09:41,22996.95,313125,735600,38.85,884775,1101825,200,780975,218925
12-02-2025 09:41,22997,317400,731025,39.05,901350,1103625,197.25,776550,224550
12-02-2025 09:42,23001.6,321525,732750,38.75,920025,1106025,197.25,760125,228075
12-02-2025 09:42,23002.4,313500,722325,40.2,947250,1100475,192.65,749625,245025
12-02-2025 09:42,23007.1,311400,773100,39.8,937650,1069350,191.2,755025,249300
12-02-2025 09:42,23014.55,326475,815400,41.95,966675,1067025,183.35,755325,250350
12-02-2025 09:42,23023.6,321825,822600,42.35,983775,1032450,181.7,729225,252075
12-02-2025 09:42,23026.8,336225,826725,42.8,990900,1046400,181.05,728400,248325
12-02-2025 09:43,23020.65,327075,823875,41.3,997050,1089900,183.45,723900,243900
12-02-2025 09:43,23018.3,320100,826950,41.4,945150,1128675,185.5,750075,244575
12-02-2025 09:43,23017.25,321450,833850,41.7,991275,1136025,186.3,753600,252900
12-02-2025 09:43,23018.5,324975,833925,42.1,1006050,1136625,185.45,758325,255000
12-02-2025 09:43,23012.35,325800,837750,41.75,984975,1143750,185,766275,254175
12-02-2025 09:43,23019.95,332775,838200,42.3,1018200,1124325,184.2,764475,266100
12-02-2025 09:44,23015,327525,840900,41.6,1015125,1153125,185.05,759075,264750
12-02-2025 09:44,23014.25,327750,840225,40.75,1031025,1172625,187.8,773250,266925
12-02-2025 09:44,23017.95,333450,843225,41.4,1027725,1172850,184.85,793800,261975
12-02-2025 09:44,23014.7,330750,842925,40.7,1032450,1168200,186.8,796200,263325
12-02-2025 09:44,23013,331275,844575,40.5,1036725,1180575,186.65,787725,264975
12-02-2025 09:44,23011.35,330000,844275,39.55,1056600,1213050,189.8,791250,265275
12-02-2025 09:45,23008.15,327900,844875,39.45,963600,1212300,189.55,791625,264450
12-02-2025 09:45,23010,327300,846150,39.75,1008600,1206375,190.25,795150,260475
12-02-2025 09:45,23000,321375,850275,37.05,1001625,1218525,198.4,812100,255525
12-02-2025 09:45,22991.95,314625,847575,36.55,910875,1212750,201.05,810525,231300
12-02-2025 09:45,22987.95,304500,847875,34.5,881550,1189125,207.5,810450,205950
12-02-2025 09:45,22981.25,287700,845850,33.5,856350,1185075,210.95,806400,172500
12-02-2025 09:46,22980.9,290025,852750,32.3,849150,1206975,216.2,810675,141450
12-02-2025 09:46,22973,292875,853350,30.65,830025,1171800,220.25,810300,134250
12-02-2025 09:46,22970,282825,847200,29.6,1079475,1173750,223.4,795150,120825
12-02-2025 09:46,22969.15,283275,853800,29.45,1121400,1171425,226.75,784575,122850
12-02-2025 09:46,22970,286575,849525,29.95,1156200,1160850,223.3,784725,135825
12-02-2025 09:46,22974.7,286575,853200,30.75,1188225,1156800,215,778200,142125
12-02-2025 09:47,22975,283125,853425,30.85,1207575,1137375,216.2,757350,147375
12-02-2025 09:47,22979.95,292575,846075,31.6,1227150,1141500,215.55,758250,151425
12-02-2025 09:47,22976.4,296625,848625,32.15,1238550,1142325,213.6,753075,152625
12-02-2025 09:47,22980,294150,848925,31.95,1252650,1133700,215.3,758100,151050
12-02-2025 09:47,22976,296775,855600,31.7,1246950,1139850,219.25,766725,150075
12-02-2025 09:47,22973.1,293700,856125,32.25,1293000,1134675,220.55,778350,147150
12-02-2025 09:48,22971,296325,848775,31.9,1283625,1148475,221.55,777300,150975
12-02-2025 09:48,22975.1,296700,850800,32.25,1282125,1146525,221.9,782550,146625
12-02-2025 09:48,22971.8,296700,848850,32.2,1293975,1161600,221.6,781350,156075
12-02-2025 09:48,22980.75,302325,847575,33.5,1315725,1151250,213.35,771150,181350
12-02-2025 09:48,22977.4,304650,846675,32.05,1317675,1159800,220,741300,180150
12-02-2025 09:48,22975.5,290850,849975,31.6,1270275,1170150,222.35,745500,179250
12-02-2025 09:49,22975.1,291675,838350,31.3,1283625,1215450,220.8,750600,186150
12-02-2025 09:49,22970.1,293700,848025,30.5,1278150,1246950,223,755850,191775
12-02-2025 09:49,22970.05,295650,843000,29.9,1263900,1248000,224.5,753450,173925
12-02-2025 09:49,22968.4,297375,843075,29.2,1232175,1252275,225.8,759150,163650
12-02-2025 09:49,22960,291900,844425,28.95,1228500,1249500,235.4,760050,148125
12-02-2025 09:49,22956.15,277275,842775,28.9,1247775,1233075,236.8,761925,123075
12-02-2025 09:50,22961.2,291525,839475,29.1,1244775,1217700,231,756300,132900
12-02-2025 09:50,22960.75,297000,838050,30,1314525,1229475,231,737550,135525
12-02-2025 09:50,22962,294375,835050,30.05,1321575,1256325,233,737550,136425
12-02-2025 09:50,22960,290475,838875,30.05,1342650,1252800,234.6,739425,137625
12-02-2025 09:50,22957.8,289125,837225,31.05,1359600,1272375,240.35,739350,120675
12-02-2025 09:50,22952.45,285825,838800,31.85,1368150,1232925,244.55,738750,103050
12-02-2025 09:51,22958.85,284400,837450,33.9,1367325,1239525,234.95,735975,108300
12-02-2025 09:51,22958.85,285000,837000,32.75,1315350,1207050,236.5,719175,108900
12-02-2025 09:51,22967,294750,838875,33.9,1351050,1218000,232.55,721500,113850
12-02-2025 09:51,22974.7,301125,841950,34.85,1374900,1241400,226.75,721950,113700
12-02-2025 09:51,22968.85,292425,845775,33.05,1361475,1223025,233.9,700950,120750
12-02-2025 09:51,22967.85,287925,842100,33.5,1330575,1250250,234,709575,120150
12-02-2025 09:52,22967.9,301350,837225,33.15,1355100,1239225,234.85,706500,136125
12-02-2025 09:52,22958.15,291225,839775,32.85,1357575,1260825,236.8,713925,138375
12-02-2025 09:52,22963.5,291525,842100,32.65,1349025,1287450,237.25,721650,137775
12-02-2025 09:52,22965.65,295350,843300,33.15,1363575,1241400,235.95,721125,141825
12-02-2025 09:52,22966.5,300375,842250,33.1,1371000,1260450,235,720000,140775
12-02-2025 09:52,22963.7,300975,844050,33.65,1385100,1251525,232.5,719550,144900
12-02-2025 09:53,22967.95,299175,847050,33.2,1399200,1250025,233.2,712875,144000
12-02-2025 09:53,22969.4,305700,842625,34.6,1395525,1252050,230.05,709800,148350
12-02-2025 09:53,22970.45,315150,845250,34.45,1419300,1239525,230.25,711300,149550
12-02-2025 09:53,22970,307050,848250,34.2,1419450,1250475,231.9,707925,149850
12-02-2025 09:53,22965.5,301725,848775,32.85,1392000,1278300,237.4,715275,149775
12-02-2025 09:53,22960.15,303450,851250,33.25,1368900,1277325,236,715725,144300
12-02-2025 09:54,22964.1,302325,851175,32.45,1365375,1288725,237,719250,140550
12-02-2025 09:54,22960.9,301725,851700,32.45,1362450,1266300,237.85,718725,147000
12-02-2025 09:54,22960.95,305025,851175,32.7,1377825,1244250,236.55,717450,150600
12-02-2025 09:54,22962.4,310575,855000,33.75,1419150,1250400,232.7,712050,153075
12-02-2025 09:54,22966.45,304350,849825,34.5,1449600,1252500,231,710550,153900
12-02-2025 09:54,22974.1,307350,853575,35.1,1440075,1231575,228.95,705075,151425
12-02-2025 09:55,22975.55,332475,854550,35.2,1416900,1200900,221.95,700425,156600
12-02-2025 09:55,22969.5,320925,857550,33.95,1409325,1229100,228.85,681675,148050
12-02-2025 09:55,22966.5,314775,857625,32.7,1426875,1235850,233.7,686700,147525
12-02-2025 09:55,22966.45,320700,851700,33.75,1450800,1241100,230.7,689025,152250
12-02-2025 09:55,22974.6,322125,856200,34.8,1481475,1221600,225.1,686175,159525
12-02-2025 09:55,22972.95,317700,854925,34.35,1497075,1224000,228.65,673725,159000
12-02-2025 09:56,22969.85,320325,860775,33.6,1489275,1254750,230.2,699300,159075
12-02-2025 09:56,22965.9,315900,858525,33.4,1477200,1253850,232.65,700875,160125
12-02-2025 09:56,22963.95,317325,860175,33.2,1469175,1261200,233.35,703200,159525
12-02-2025 09:56,22968.35,320250,856725,33.35,1490625,1265250,231.6,705900,163725
12-02-2025 09:56,22967.45,318000,860550,33.15,1470000,1276125,233.45,703350,165075
12-02-2025 09:56,22960,317625,860475,31.65,1465350,1294050,236.8,692625,157425
12-02-2025 09:57,22957.8,320025,861900,31.9,1427475,1297125,238.5,690975,137475
12-02-2025 09:57,22963.45,321075,858900,32.75,1473225,1289925,234.4,684675,139050
12-02-2025 09:57,22958.2,318825,866400,32.15,1479825,1290450,236.5,680550,141375
12-02-2025 09:57,22955,320850,863100,31.15,1468125,1297350,241,684750,141600
12-02-2025 09:57,22954.8,312525,874875,30.65,1458900,1323150,241.55,689250,137475
12-02-2025 09:57,22937,312150,879825,29.35,1417650,1321725,251.95,688800,136050
12-02-2025 09:58,22930,282300,876000,28.3,1332300,1308900,259.6,691950,90675
12-02-2025 09:58,22927,280425,882750,29.15,1376550,1312950,263.5,688500,83625
12-02-2025 09:58,22927,276225,875100,29.3,1390425,1304325,267.8,690300,83250
12-02-2025 09:58,22921.5,279225,870300,28.8,1391325,1331550,267.9,684150,82875
12-02-2025 09:58,22922.95,279225,865500,28.2,1394775,1356600,270,675975,83625
12-02-2025 09:58,22919,272925,867825,27.05,1367700,1383450,274.05,679125,85725
12-02-2025 09:59,22917.65,272025,873375,27.3,1321800,1380675,272.95,676275,84750
12-02-2025 09:59,22917.6,275175,863475,27,1317375,1349475,271.35,654600,85725
12-02-2025 09:59,22919,277125,861075,27.3,1366800,1341300,270.1,647325,89475
12-02-2025 09:59,22927.95,282750,852225,28.35,1415775,1300425,264.4,638925,109875
12-02-2025 09:59,22926.2,280125,853125,29.1,1469175,1275900,266.7,637725,94275
12-02-2025 09:59,22924.05,281925,865950,28.1,1477875,1342275,267.6,643950,95475
12-02-2025 10:00,22925.2,281475,864825,27.85,1385100,1335225,268.35,643275,102150
12-02-2025 10:00,22917.85,279000,868950,28.25,1404525,1342800,276.9,644175,101625
12-02-2025 10:00,22910.95,271050,864375,27.65,1405125,1354275,278.7,649125,85725
12-02-2025 10:00,22909.85,265950,862350,27.7,1396200,1365450,285,645450,74700
12-02-2025 10:00,22911.9,266550,868575,27.85,1403250,1360950,282.3,641175,84000
12-02-2025 10:00,22914.5,273675,866850,28.3,1421625,1355100,279.25,637200,89625
12-02-2025 10:01,22913.95,275100,868275,28.75,1417125,1326300,278.4,638325,92850
12-02-2025 10:01,22915,283875,873525,28.35,1413825,1338375,278.25,643725,95850
12-02-2025 10:01,22911.15,282225,872325,28.75,1394400,1352025,277.55,645150,96975
12-02-2025 10:01,22920,288075,869100,29.55,1440300,1349325,270.9,643050,104475
12-02-2025 10:01,22923.95,289425,867225,30.75,1436925,1339125,266.1,628500,102600
12-02-2025 10:01,22926.3,289425,865650,30.3,1447125,1292775,269.8,622200,104475
12-02-2025 10:02,22923.15,285525,875475,30.25,1441125,1335675,270.95,628350,110925
12-02-2025 10:02,22921,285600,871125,30.35,1424625,1354200,271.95,631575,110325
12-02-2025 10:02,22921.3,288525,863925,30.5,1446000,1315875,269.45,629625,114300
12-02-2025 10:02,22921.95,288375,868650,30.45,1441875,1344525,269.05,625650,116550
12-02-2025 10:02,22923.75,282825,872625,29.7,1418475,1357050,271.1,628050,115725
12-02-2025 10:02,22921.95,288900,871650,30.55,1429575,1344600,267.95,629925,116775
12-02-2025 10:03,22935.9,295950,864450,31.85,1448325,1325700,262.05,623850,120525
12-02-2025 10:03,22932.9,287250,875100,31.35,1439850,1299375,266,613050,119850
12-02-2025 10:03,22920.7,281775,885825,29.7,1405650,1331550,271.65,617175,116325
12-02-2025 10:03,22918.55,287850,880500,29.75,1417425,1332150,274.5,615750,114750
12-02-2025 10:03,22920,288375,880950,29.5,1401150,1332975,274.3,621600,101550
12-02-2025 10:03,22916,292275,888750,29.6,1439175,1363950,276.2,627450,106725
12-02-2025 10:04,22912.55,289275,888375,29.05,1458300,1357650,279.2,623325,101475
12-02-2025 10:04,22918.4,291900,886950,29.5,1463250,1350450,276.9,626850,105900
12-02-2025 10:04,22918.3,290850,890400,29.6,1490100,1337250,277,624000,109650
12-02-2025 10:04,22917.6,289275,890625,30,1494225,1358325,277.5,622950,116475
12-02-2025 10:04,22918.15,291750,893175,29.95,1511925,1366575,276.8,623175,115650
12-02-2025 10:04,22918.9,297600,891525,30.3,1531800,1361475,277.25,620700,115275
12-02-2025 10:05,22918.05,298650,888450,30.25,1492650,1339050,272.4,611775,117150
12-02-2025 10:05,22919.95,299025,896400,30.8,1507125,1362450,274.45,609975,120675
12-02-2025 10:05,22918,298125,901275,30.9,1520100,1366725,273.5,611175,124875
12-02-2025 10:05,22920,301575,894375,31.2,1581075,1367550,271.75,607500,125325
12-02-2025 10:05,22929,306000,893175,31.7,1590900,1364025,268.65,606750,127800
12-02-2025 10:05,22926,300375,898425,31.3,1544475,1375500,269.45,603450,126525
12-02-2025 10:06,22928,298500,894000,31.4,1526025,1413450,267.7,603450,126675
12-02-2025 10:06,22929,301875,895575,31.8,1521300,1432500,265.6,611025,128625
12-02-2025 10:06,22931.9,303225,898275,32.2,1549200,1415325,264.45,614625,130275
12-02-2025 10:06,22929.25,300600,898875,31.15,1466400,1441200,269,618000,130800
12-02-2025 10:06,22925.65,296250,893175,30.75,1455525,1445100,269.55,623700,127575
12-02-2025 10:06,22924.45,296700,892200,31.45,1485000,1434600,268.55,613650,128475
12-02-2025 10:07,22921.9,297900,898800,30.4,1478850,1466025,273.95,614325,133650
12-02-2025 10:07,22915,293925,898500,30.05,1443825,1486650,276.65,614925,128175
12-02-2025 10:07,22922.55,299175,895575,30.55,1444650,1468275,274.35,611775,122025
12-02-2025 10:07,22920,294975,890400,31.25,1451325,1469250,269.25,608175,126525
12-02-2025 10:07,22920,299775,892575,31.5,1472850,1457250,270.1,604800,127725
12-02-2025 10:07,22920,297900,895875,30.85,1489500,1461150,272.45,605475,131250
12-02-2025 10:08,22923.65,300525,890700,31.4,1526475,1458225,270.7,605625,129675
12-02-2025 10:08,22931.75,301350,892950,32.25,1515675,1447875,266.55,605250,137925
12-02-2025 10:08,22944.05,320400,877200,33.8,1530450,1391250,256.55,597900,135075
12-02-2025 10:08,22940,316425,888225,33.35,1475175,1325700,259.9,588000,133650
12-02-2025 10:08,22936.45,295500,898350,32.1,1477125,1354200,264.05,591300,129825
12-02-2025 10:08,22936.65,294300,886200,33.85,1487400,1351350,259.35,591900,135450
12-02-2025 10:09,22944.95,300525,887625,35.2,1487400,1334550,252,594975,135300
12-02-2025 10:09,22947.75,302475,890250,34.7,1488300,1283550,256.1,597825,134400
12-02-2025 10:09,22948.8,307275,890100,35.5,1513875,1277325,251.2,600300,138825
12-02-2025 10:09,22946,300750,888525,34.5,1527900,1301775,254.85,591900,135675
12-02-2025 10:09,22947,302250,904500,33.65,1479150,1318050,255.8,596325,134925
12-02-2025 10:09,22941,298200,906600,33.95,1474350,1332975,257,595575,139650
12-02-2025 10:10,22950,303225,897375,33.7,1452525,1325700,250.05,596025,141975
12-02-2025 10:10,22952.15,303975,894975,35,1517475,1290600,249.65,593100,140475
12-02-2025 10:10,22954.25,303375,906975,35.8,1485600,1347375,249.15,592650,141000
12-02-2025 10:10,22955,297900,957075,35.05,1430250,1339500,247.6,590850,142725
12-02-2025 10:10,22959,300825,1000425,35.55,1437075,1338375,245,584700,146100
12-02-2025 10:10,22958,301575,999000,35,1449825,1340250,246.45,584175,137775
12-02-2025 10:11,22964,296400,998175,35.5,1466775,1332375,243.05,585225,144675
12-02-2025 10:11,22963,306300,994500,36.7,1483875,1320075,240,580275,146775
12-02-2025 10:11,22966.1,301125,992400,35.65,1482375,1318800,240.35,579675,146925
12-02-2025 10:11,22963,301275,1002525,35,1456050,1338600,242,581550,143775
12-02-2025 10:11,22959.1,292575,1002825,33.95,1438125,1347825,246.45,587925,138900
12-02-2025 10:11,22950,292800,1008525,33.3,1408200,1302900,249.9,592950,135825
12-02-2025 10:12,22944.9,288675,1007925,31.8,1390725,1330425,255.8,588375,130425
12-02-2025 10:12,22935,288975,1011225,29.5,1366500,1345875,263.2,597150,124875
12-02-2025 10:12,22932,291750,1000725,30.65,1349100,1356675,262.6,600675,123450
12-02-2025 10:12,22944,298050,1002975,32.65,1398975,1278375,253.45,590925,126750
12-02-2025 10:12,22950,293850,1010250,33.65,1386150,1296900,249.4,588375,130050
12-02-2025 10:12,22952.85,303975,993750,33.6,1380450,1337850,247.75,585825,136275
12-02-2025 10:13,22942,294525,1015575,32,1349400,1344225,256.8,594375,135450
12-02-2025 10:13,22945.4,299250,1010400,33.45,1381650,1338525,252.7,591675,141075
12-02-2025 10:13,22937.25,295575,1011600,33.05,1397250,1339275,256.85,596700,143400
12-02-2025 10:13,22941.9,298725,1011675,33.25,1445925,1365375,255,598200,149700
12-02-2025 10:13,22939.25,297900,1018200,33.05,1440450,1383375,256.75,597675,150825
12-02-2025 10:13,22936.7,298725,1013850,32.7,1458975,1350000,256.25,596250,145950
12-02-2025 10:14,22941.45,300600,1017150,32.35,1454400,1359750,256.85,598200,144075
12-02-2025 10:14,22937.35,292650,1021650,31.5,1434300,1377075,260.55,599850,141900
12-02-2025 10:14,22933,297375,1015425,31.55,1423425,1371150,261,598800,141075
12-02-2025 10:14,22930,297975,1014900,31.25,1432650,1374225,262.2,597825,139800
12-02-2025 10:14,22935,301200,1007925,31.55,1459125,1371150,262.15,592275,141675
12-02-2025 10:14,22935,297900,1007700,31.45,1458075,1379400,261.9,599925,144600
12-02-2025 10:15,22930.05,298200,1008975,30.5,1421250,1388325,264.5,596625,139650
12-02-2025 10:15,22925.05,295200,1011525,30.6,1463100,1391625,267.15,594600,139575
12-02-2025 10:15,22925,298050,1011150,30.1,1470450,1390125,268.45,594375,132450
12-02-2025 10:15,22925,299400,1010775,29.7,1449600,1405500,268.75,595875,122700
12-02-2025 10:15,22919.4,295425,1009800,29.15,1446525,1404900,275.1,602175,119325
12-02-2025 10:15,22911.2,294525,1010925,28,1416225,1422075,284,602325,115725
12-02-2025 10:16,22906,283650,1011525,27.95,1340475,1428000,290,594300,96375
12-02-2025 10:16,22900.05,273600,1012275,28.3,1355625,1407300,291.55,594675,85350
12-02-2025 10:16,22903,273675,1017675,28.9,1410900,1415700,290.65,602100,89700
12-02-2025 10:16,22910,281400,999900,29.9,1446075,1404300,283.25,598050,98175
12-02-2025 10:16,22919.85,287850,983625,30.45,1462350,1373325,276.95,583350,104700
12-02-2025 10:16,22931.2,290250,987450,32.25,1475625,1350075,263.1,582600,105900
12-02-2025 10:17,22935.95,288450,995850,33.45,1474050,1331175,258.45,574425,105000
12-02-2025 10:17,22939.65,296700,998850,33.15,1472175,1333875,260.4,574950,102825
12-02-2025 10:17,22955,301575,997650,35.6,1455450,1336500,244.75,577500,109125
12-02-2025 10:17,22966.8,300225,981825,39.2,1450575,1263975,234.95,559125,107100
12-02-2025 10:17,22953.2,288300,1003200,36.2,1407975,1199025,247.2,558675,99300
12-02-2025 10:17,22947.4,289275,1007100,36,1404000,1221075,249.3,634425,106725
12-02-2025 10:18,22947.05,292275,1006950,36.9,1405500,1261275,248.25,650625,112950
12-02-2025 10:18,22942.9,289350,1009125,34.45,1416075,1266075,256.65,655575,114450
12-02-2025 10:18,22946.95,295500,1012650,35.85,1430700,1268700,252.6,656550,118125
12-02-2025 10:18,22948.45,301275,1002075,36.7,1448700,1260000,248.7,655875,119775
12-02-2025 10:18,22954,296700,1007775,37.2,1454025,1276725,248.2,660825,122100
12-02-2025 10:18,22951.1,300450,1018500,35.55,1458450,1278375,252.55,659025,122475
12-02-2025 10:19,22951.7,298200,1014150,36.45,1451625,1297875,249.1,668025,119625
12-02-2025 10:19,22955,291450,1008150,37.55,1457400,1304175,246.55,676425,125850
12-02-2025 10:19,22958.45,302775,1009200,37.7,1455825,1304625,245.25,663225,125625
12-02-2025 10:19,22956.85,311550,999375,36.8,1453350,1309200,246.5,659475,129900
12-02-2025 10:19,22958,312375,1001850,37.25,1440300,1321875,243.55,665100,130200
12-02-2025 10:19,22956.55,304350,1010175,37.7,1460625,1339125,244.1,667800,131775
12-02-2025 10:20,22956.55,300225,1006875,37.3,1454925,1342725,246.4,675225,130200
12-02-2025 10:20,22954,304950,1013850,36.3,1453725,1341000,249.6,678675,130425
12-02-2025 10:20,22956.95,302550,1014000,37.05,1452375,1340475,245.8,676050,125775
12-02-2025 10:20,22952.05,306975,1012200,36.75,1450500,1363200,250,677925,124425
12-02-2025 10:20,22951.1,305250,1011150,36.85,1468800,1384350,248.05,679875,127125
12-02-2025 10:20,22952.1,302850,1015575,36.65,1475250,1383675,245.75,678750,130425
12-02-2025 10:21,22949.4,298125,1011225,34.95,1460625,1385850,252.15,674400,129225
12-02-2025 10:21,22945.9,304800,1020525,34.85,1449225,1404675,252.4,679725,125325
12-02-2025 10:21,22955,304650,1018950,36.45,1455450,1368450,246.75,674025,133125
12-02-2025 10:21,22948.5,311250,1009725,36.2,1468950,1381425,247.55,673425,135825
12-02-2025 10:21,22958.85,314475,1010925,37.6,1489050,1376475,244.8,672750,136125
12-02-2025 10:21,22959.05,313725,1014000,37.4,1500600,1345650,244,675225,138225
12-02-2025 10:22,22954.45,309000,1018125,36,1503750,1329675,248.05,670500,138450
12-02-2025 10:22,22946,307800,1018275,35.65,1485375,1356825,249.8,669975,133950
12-02-2025 10:22,22950.45,311850,1016925,35.2,1484625,1373400,249.6,669000,133650
12-02-2025 10:22,22947,304125,1019550,34.85,1495275,1380450,249.75,668025,131400
12-02-2025 10:22,22953.55,311400,1019850,35.35,1512825,1395300,248.4,670725,132600
12-02-2025 10:22,22948.05,311175,1018875,35.1,1504425,1376025,250.45,669150,129900
12-02-2025 10:23,22953.75,314850,1014975,35.95,1521450,1384125,243.3,670350,132975
12-02-2025 10:23,22960,317250,1015275,36.85,1549575,1371900,241.65,668400,134025
12-02-2025 10:23,22963.7,317325,1016325,38.1,1551675,1359825,239.85,661575,135375
12-02-2025 10:23,22962,312450,1019325,37.7,1546800,1356600,240.75,663225,140475
12-02-2025 10:23,22955.1,315075,1026225,36,1521300,1405500,242.85,675825,137625
12-02-2025 10:23,22950,300525,1025250,34.4,1514100,1414200,250.8,682875,137700
12-02-2025 10:24,22954,318750,1010550,36.15,1519575,1399800,242.85,676425,133950
12-02-2025 10:24,22958,314850,1025475,35.9,1548150,1401975,243.25,678300,140850
12-02-2025 10:24,22959.2,316050,1019025,36.05,1574475,1396050,243.25,679875,148875
12-02-2025 10:24,22960,315375,1017825,36.75,1568925,1409100,241,679575,147900
12-02-2025 10:24,22964,320325,1013550,37.55,1577850,1404600,238.8,678675,150300
12-02-2025 10:24,22966.05,322125,1017600,37.4,1577925,1446525,237.2,677625,145500
12-02-2025 10:25,22960,323100,1024275,36.4,1579275,1397325,242,676800,145800
12-02-2025 10:25,22955.7,321900,1027200,37.1,1565850,1407525,240,685350,150450
12-02-2025 10:25,22962,322500,1026000,36.9,1558575,1409850,240,682575,149700
12-02-2025 10:25,22964.75,325725,1021050,38.4,1568100,1410675,234.75,680625,158175
12-02-2025 10:25,22979.2,330075,1008000,39.9,1574775,1345725,227.95,661050,153975
12-02-2025 10:25,22964.5,319500,1014525,36.1,1560150,1332000,236.95,650925,155700
12-02-2025 10:26,22968.95,317175,1017600,36.75,1524600,1352250,235.65,651375,156900
12-02-2025 10:26,22970.35,322275,1022400,36.85,1559700,1363200,234.35,652200,155775
12-02-2025 10:26,22976,325650,1011450,38.5,1606500,1361175,228.45,650400,158925
12-02-2025 10:26,22976.65,322425,1021725,38,1590675,1339950,230.35,651750,156900
12-02-2025 10:26,22977.5,324225,1020300,39.8,1604700,1335150,226.95,648825,158250
12-02-2025 10:26,22979.95,326175,1027425,39.05,1588350,1322325,227.85,652425,161550
12-02-2025 10:27,22978.8,315150,1030125,38.05,1544100,1331250,229.45,652500,154425
12-02-2025 10:27,22969.95,313575,1033200,36.2,1490850,1355175,235.5,666375,154650
12-02-2025 10:27,22965.05,323775,1031025,37.05,1511175,1348425,234.35,663375,152925
12-02-2025 10:27,22975,323175,1033350,38.4,1517850,1338150,231.5,662625,153000
12-02-2025 10:27,22975.65,327600,1030950,38.15,1535550,1372800,231.7,657900,152925
12-02-2025 10:27,22970,329550,1036650,37.2,1541325,1395600,235,663300,157125
12-02-2025 10:28,22968.4,321525,1037700,35.9,1499550,1401525,237.45,668100,151425
12-02-2025 10:28,22965.7,322650,1034025,35.95,1500675,1412925,237,660225,154650
12-02-2025 10:28,22960,321225,1034925,35.1,1491300,1430100,240.55,662625,147300
12-02-2025 10:28,22957.75,318525,1037175,34.65,1460550,1439625,242.5,663375,145575
12-02-2025 10:28,22950.1,322425,1040025,32.45,1463025,1450425,250.6,667200,147375
12-02-2025 10:28,22950.25,318975,1041975,32.1,1385775,1445100,253.25,665700,134100
12-02-2025 10:29,22951,323400,1037325,33.45,1412100,1423350,248.4,664725,136800
12-02-2025 10:29,22953.7,323325,1040025,33.3,1441950,1426650,249.7,660450,135900
12-02-2025 10:29,22962.25,329025,1029900,35.4,1483950,1407075,240,654825,143475
12-02-2025 10:29,22957.35,327075,1038150,35.95,1476075,1404300,238.95,655200,138525
12-02-2025 10:29,22957.5,326400,1041975,35,1455900,1427775,240.3,655650,136800
12-02-2025 10:29,22961.3,330900,1036575,34.7,1468800,1439175,241.7,660000,146700
12-02-2025 10:30,22956.8,327825,1042950,33.55,1490550,1452900,247,664350,143100
12-02-2025 10:30,22956.8,327750,1032675,34.45,1508550,1446825,244.3,663300,147525
12-02-2025 10:30,22957.9,323775,1034925,34.1,1528575,1461075,246.2,663750,146100
12-02-2025 10:30,22957.9,322875,1042500,33.75,1525425,1479300,244.95,663150,149550
12-02-2025 10:30,22965,333000,1043850,35.85,1575900,1477050,238.4,661500,156150
12-02-2025 10:30,22960,330600,1044225,35.25,1587450,1426950,239,662400,153300
12-02-2025 10:31,22962.25,335700,1038750,36.2,1593450,1433325,237.35,661125,156375
12-02-2025 10:31,22965.2,333675,1040100,35.95,1603575,1417650,236.5,657675,155025
12-02-2025 10:31,22960,326925,1045950,34.25,1524150,1434825,242.95,662625,155325
12-02-2025 10:31,22958.2,326400,1046925,34,1507200,1448700,242.25,666825,156225
12-02-2025 10:31,22957.55,327225,1040250,33.3,1506900,1459800,244,668775,159300
12-02-2025 10:31,22955.2,327300,1043325,33.1,1532325,1472025,246.95,672900,160500
12-02-2025 10:32,22958.5,328500,1041375,33,1508175,1461900,245.05,670650,159675
12-02-2025 10:32,22963.5,330075,1035225,33.55,1543425,1467900,242.4,671100,160500
12-02-2025 10:32,22962.25,331200,1037325,34.2,1553775,1446450,239.5,671250,166350
12-02-2025 10:32,22963.6,336975,1035150,34.5,1563825,1431225,239.2,667050,168450
12-02-2025 10:32,22966,336450,1040100,35.35,1560075,1420950,236.7,666750,170100
12-02-2025 10:32,22971.8,337650,1042500,36.45,1580775,1412475,232.15,663825,171975
12-02-2025 10:33,22977,326700,1041600,37.5,1565025,1407825,227.8,663000,169650
12-02-2025 10:33,22972,338550,1047300,37.15,1549725,1417125,229.95,660825,169050
12-02-2025 10:33,22971.5,336750,1052100,36.6,1552050,1449825,233.7,670650,169200
12-02-2025 10:33,22974.45,336000,1050300,36.85,1531275,1457400,230.7,669450,174900
12-02-2025 10:33,22977,341250,1044000,37.65,1542825,1443750,228.95,673275,176625
12-02-2025 10:33,22976.8,339900,1051875,36.7,1559550,1431225,230.05,677250,175425
12-02-2025 10:34,22975.95,338400,1044000,36.55,1547400,1432650,230.85,679575,176400
12-02-2025 10:34,22977.6,339450,1032825,37.1,1554075,1436925,229.25,677925,177975
12-02-2025 10:34,22978.25,340800,1047375,36.6,1554075,1442025,230.05,685425,181425
12-02-2025 10:34,22980,339300,1038375,37.15,1548075,1439475,227,687375,182475
12-02-2025 10:34,22983,340650,1041900,37.75,1560075,1427400,224.55,688575,182550
12-02-2025 10:34,22985,348300,1035150,38.9,1571325,1403625,219.5,666225,181725
12-02-2025 10:35,22984.6,339825,1039350,38.1,1541175,1394400,224,664725,186225
12-02-2025 10:35,22980,333375,1040325,36.35,1527450,1427625,227.2,672150,183525
12-02-2025 10:35,22974.95,331350,1042425,35.45,1522200,1445400,230.15,672825,177975
12-02-2025 10:35,22980,332100,1041825,37.2,1557525,1443900,226,675150,180150
12-02-2025 10:35,22980.7,336450,1041150,37,1584225,1440825,225.1,673350,185250
12-02-2025 10:35,22982.8,333450,1038300,37.45,1568475,1446300,223.55,674400,181125
12-02-2025 10:36,22985,334350,1028700,37.6,1605375,1409325,221.4,673800,183000
12-02-2025 10:36,22985.65,335700,1029300,38.35,1582500,1424100,217.2,672000,183750
12-02-2025 10:36,22990,337725,1018350,37.75,1583625,1412925,216.7,676125,188850
12-02-2025 10:36,22989.8,340050,1030575,37.7,1549875,1434525,218.35,684225,182175
12-02-2025 10:36,22990,342075,1025550,37.95,1569900,1452900,216.3,681675,182775
12-02-2025 10:36,22994.75,342300,1030350,38.55,1588800,1450350,213.4,683400,184125
12-02-2025 10:37,22999,348000,1011375,39.55,1587600,1429800,207.35,679200,185100
12-02-2025 10:37,23000,348525,1024350,38.7,1586325,1412025,209.65,645450,180675
12-02-2025 10:37,22999,350025,1019850,39.2,1597500,1403775,208.4,646425,176775
12-02-2025 10:37,23000,349425,1023450,38.85,1605075,1391475,207.95,651300,176775
12-02-2025 10:37,22999.95,349950,1015275,39.65,1628025,1387875,208.55,638250,178875
12-02-2025 10:37,22999,340575,1023000,38.6,1583625,1400775,209.45,642225,178200
12-02-2025 10:38,22990.7,340800,1026000,36.95,1578225,1416600,215,653775,172725
12-02-2025 10:38,22995,346950,1026225,37.85,1565475,1395900,212.95,647925,174525
12-02-2025 10:38,23000,344325,1028625,39.55,1564950,1400250,208.8,652125,173100
12-02-2025 10:38,23003,345450,1019700,38.95,1564125,1391700,206,647925,178125
12-02-2025 10:38,23000.35,348450,1020825,39.4,1570575,1399050,205.2,640725,178500
12-02-2025 10:38,23004,341325,1021350,39.3,1576800,1396050,205.15,643125,178650
12-02-2025 10:39,23005.75,345900,1028625,39,1574475,1388475,205,642075,181575
12-02-2025 10:39,23000.45,351675,1027050,39.05,1565325,1409175,205.8,644250,179625
12-02-2025 10:39,23005.85,346200,1023375,40.35,1582050,1409625,201.75,645525,178350
12-02-2025 10:39,23016.95,352500,1010400,42.8,1609650,1339800,196.3,634200,177675
12-02-2025 10:39,23012.45,348300,1013475,41.95,1633350,1224825,199.35,624750,183825
12-02-2025 10:39,23008,342525,1011525,40.2,1598400,1249575,204.35,636300,175275
12-02-2025 10:40,23009.3,346350,1011525,40.25,1540275,1245600,204.05,641325,183000
12-02-2025 10:40,23004,341175,1018050,40.65,1567500,1281975,206.95,643950,177300
12-02-2025 10:40,23000,327825,1022700,38.65,1526775,1288950,210.7,647850,172200
12-02-2025 10:40,23000,331500,1023675,39.15,1466625,1288350,211.15,648525,182475
12-02-2025 10:40,23001.7,333150,1025775,39.2,1488900,1310775,211.45,653250,176100
12-02-2025 10:40,23001.9,334425,1020900,39.25,1537725,1307025,211.4,649800,175800
12-02-2025 10:41,23005,336225,1024950,40.45,1572300,1315725,207.5,650250,176550
12-02-2025 10:41,23002.7,334050,1030575,39.75,1574250,1315425,209.35,648450,179625
12-02-2025 10:41,22997.9,335025,1027350,40,1575225,1330875,212,651900,177525
12-02-2025 10:41,23002,338625,1023000,40.3,1605075,1324800,208.55,650700,177150
12-02-2025 10:41,23000.5,332175,1026525,39.15,1577850,1355775,211.55,653250,176250
12-02-2025 10:41,22998.2,330900,1026975,38.2,1557000,1354500,214.1,656625,175050
12-02-2025 10:42,22990,335250,1034100,37.1,1545900,1349700,218.6,656775,170625
12-02-2025 10:42,22990,336450,1028775,37.15,1485075,1362750,216,660825,163275
12-02-2025 10:42,22997.35,337500,1021800,37.95,1525050,1352850,213.9,656175,172125
12-02-2025 10:42,22999.85,338175,1015050,39.15,1527075,1335075,210.25,654075,176175
12-02-2025 10:42,23000.95,339975,1019475,39.25,1532400,1335750,210.55,654150,173700
12-02-2025 10:42,22990,340200,1031550,37.65,1531200,1367925,215.25,661050,168825
12-02-2025 10:43,22995.05,338175,1022025,38.25,1524075,1359075,214,660975,170100
12-02-2025 10:43,22990.25,337350,1030950,37.35,1531725,1368975,217.35,666525,169650
12-02-2025 10:43,22991.15,336375,1019025,37.35,1535250,1362300,217.7,666150,169800
12-02-2025 10:43,22988,339000,1026300,36.55,1545075,1356225,219.7,671250,174225
12-02-2025 10:43,22984.95,337500,1023000,35.55,1501050,1388775,222.65,672525,173025
12-02-2025 10:43,22970.55,327675,1029300,32.2,1422975,1368075,235.35,680550,164475
12-02-2025 10:44,22960,327225,1028400,30.45,1323825,1347225,244.3,673350,148875
12-02-2025 10:44,22962.95,333000,1027650,31.3,1324425,1343325,241.1,670950,146625
12-02-2025 10:44,22959.4,330075,1033425,30.95,1373400,1359825,243.4,674025,143700
12-02-2025 10:44,22964.9,334425,1030050,31.8,1399425,1346700,241.2,671475,150900
12-02-2025 10:44,22965,337200,1027575,32.1,1393425,1337700,239.8,669150,161025
12-02-2025 10:44,22968.15,332625,1029225,31.8,1433925,1342050,238.55,662025,163050
12-02-2025 10:45,22968.25,334275,1024200,31.9,1444650,1346475,237.5,657975,163500
12-02-2025 10:45,22966.1,336900,1022775,32.15,1434675,1359300,238.9,663075,162450
12-02-2025 10:45,22970.45,342000,1008450,33.95,1455975,1342875,231.4,663450,164400
12-02-2025 10:45,22978,343725,1012875,34.95,1470750,1355250,228.75,645675,166725
12-02-2025 10:45,22985,344850,1015350,35.2,1470450,1350525,224,641025,168225
12-02-2025 10:45,22990,346950,1019925,37.1,1469775,1369575,215.2,641625,172200
12-02-2025 10:46,22994.3,345525,1020975,36.8,1459725,1338300,217.55,630450,165975
12-02-2025 10:46,22994.1,341025,1013700,37.35,1438875,1354800,217.65,637125,170475
12-02-2025 10:46,22998.85,342675,1015650,38,1443375,1345050,213.8,638250,171750
12-02-2025 10:46,23004.5,342375,1009725,38.9,1441650,1318050,208,630600,176850
12-02-2025 10:46,23014.5,347250,1008600,41.2,1458675,1325850,200.5,630825,179625
12-02-2025 10:46,23019.1,345150,1004250,42.75,1464525,1250325,195.4,612750,179625
12-02-2025 10:47,23012.4,351675,1015650,40.7,1437975,1277625,203.3,615150,185025
12-02-2025 10:47,23002.5,347250,1017900,39,1411950,1298025,207.8,639900,175500
12-02-2025 10:47,23007.5,350250,1015950,39.55,1416525,1312350,206.55,642825,181725
12-02-2025 10:47,23006.7,345150,1009725,40.05,1431300,1319700,205.35,648975,183900
12-02-2025 10:47,23006.7,345600,1021650,39.15,1434975,1314600,207.25,653475,184575
12-02-2025 10:47,23008.25,344325,1027950,40.15,1448175,1305900,204.85,653100,189000
12-02-2025 10:48,23010.75,350025,1033875,41.25,1485150,1285125,200.95,648375,186600
12-02-2025 10:48,23014.8,343950,1031775,40.85,1487400,1289475,201.8,649125,182775
12-02-2025 10:48,23015,343050,1027800,40.85,1495200,1290600,201.65,645525,188100
12-02-2025 10:48,23017.3,345150,1033800,41.6,1509000,1297800,200.45,646575,191550
12-02-2025 10:48,23019,349275,1032375,43.15,1533750,1272750,196.15,641850,196050
12-02-2025 10:48,23019.9,345450,1027500,42.95,1537125,1281375,196.95,646650,195450
12-02-2025 10:49,23018,345825,1027200,43.85,1555575,1262325,196.5,637800,199350
12-02-2025 10:49,23035.3,351375,996225,51.2,1553175,1231725,180.65,634425,195975
12-02-2025 10:49,23038.1,351075,963675,51.6,1515375,1015275,182.65,605775,200925
12-02-2025 10:49,23040,353400,950400,54.05,1490025,1016775,183.15,608325,206325
12-02-2025 10:49,23041.2,347250,946050,54.55,1477275,984150,180.8,616200,208275
12-02-2025 10:49,23033.7,350850,949725,52.15,1424700,1038300,185.2,618450,204150
12-02-2025 10:50,23032,350550,951075,51.4,1352100,1015800,187.15,620175,205650
12-02-2025 10:50,23030,350550,954675,51.05,1458525,1061700,188.9,626700,200325
12-02-2025 10:50,23026,345000,964875,48.55,1446150,1096200,194.1,632925,195675
12-02-2025 10:50,23026,345900,959175,49.5,1409775,1105125,192.4,632250,204300
12-02-2025 10:50,23032,351675,954975,51.6,1446825,1106400,190.15,631875,200025
12-02-2025 10:50,23032,360600,938775,54.35,1455150,1070550,187.7,626325,198600
12-02-2025 10:51,23033.4,351075,947475,51,1447275,1084425,191.9,630750,197175
12-02-2025 10:51,23025,348750,937725,49.9,1400400,1109625,193.85,636375,196500
12-02-2025 10:51,23026.95,351675,953325,50.55,1361325,1110600,191.35,637050,198975
12-02-2025 10:51,23030,355875,947475,51.85,1394100,1092075,189.1,635400,205500
12-02-2025 10:51,23028.3,351225,941775,51.4,1407750,1112025,189.75,636450,207225
12-02-2025 10:51,23030,360750,946125,51.85,1426800,1124550,189.85,640650,210375
12-02-2025 10:52,23035,364950,930000,53.9,1440600,1103400,184.5,637500,219750
12-02-2025 10:52,23036.15,360900,935625,55.35,1448850,1070550,182.8,633525,221850
12-02-2025 10:52,23040.5,366225,938025,55.95,1455900,1070175,185.95,640050,222450
12-02-2025 10:52,23036.05,356475,947550,54.95,1426950,1061550,186.25,636300,219450
12-02-2025 10:52,23038.95,359475,936900,55.4,1441950,1110975,185.75,632175,214275
12-02-2025 10:52,23039.5,355800,933825,56.1,1445925,1116300,184.8,636075,213600
12-02-2025 10:53,23038.25,360600,942375,54.15,1452600,1129350,186.05,636600,217050
12-02-2025 10:53,23030.3,356625,945900,52.3,1397925,1147500,188.4,642900,219150
12-02-2025 10:53,23037.5,361200,948750,53.9,1404300,1106100,186.3,643575,220950
12-02-2025 10:53,23035.3,357825,943575,54.6,1412925,1117350,186.05,644100,217950
12-02-2025 10:53,23036.2,361125,946425,53.8,1418250,1141200,186.4,646050,220950
12-02-2025 10:53,23039.5,366150,932325,55.35,1426200,1167000,183.6,646800,227625
12-02-2025 10:54,23040,359325,938100,53.95,1426350,1131150,184.75,647325,224850
12-02-2025 10:54,23040.5,358275,937650,55.1,1435275,1147275,182.7,648000,226050
12-02-2025 10:54,23041,361275,935100,55.35,1444200,1146000,181.9,653775,225225
12-02-2025 10:54,23041.35,356775,931500,54.85,1456050,1133325,184.1,644100,223875
12-02-2025 10:54,23030,343725,943050,50.9,1417950,1196250,190.8,647925,211350
12-02-2025 10:54,23030,343575,947400,50.3,1347000,1185075,191.7,657750,220275
12-02-2025 10:55,23011,330750,949425,49.05,1325700,1207875,199.15,665025,214575
12-02-2025 10:55,23008.6,324675,950775,42.4,1278525,1221150,207.25,668475,188775
12-02-2025 10:55,23013.95,352425,946200,44.25,1280775,1207125,205.4,661800,178200
12-02-2025 10:55,23015,331050,953700,45.2,1309650,1208325,201.8,640650,184125
12-02-2025 10:55,23020.5,351450,941700,48.55,1374150,1187550,192.5,634275,190725
12-02-2025 10:55,23032.15,352650,947400,49.75,1393575,1167900,190.8,630750,191550
12-02-2025 10:56,23035,354525,936000,53.35,1396950,1159425,182.55,633600,193275
12-02-2025 10:56,23029.95,351675,952800,51.75,1400325,1133700,184.8,631725,189975
12-02-2025 10:56,23023.25,348375,953250,49.15,1378725,1165950,190,642225,193125
12-02-2025 10:56,23026.35,350100,958350,49.65,1382625,1172475,188.65,654300,200850
12-02-2025 10:56,23022.35,349725,956100,49.75,1395150,1190025,189.25,649575,200925
12-02-2025 10:56,23021.5,345150,961125,47.15,1421625,1207425,193.65,652500,206700
12-02-2025 10:57,23015.5,338700,960600,45.45,1377000,1219350,199,659850,189450
12-02-2025 10:57,23015.5,345075,958875,46.1,1376850,1217850,197.7,660150,197400
12-02-2025 10:57,23009.4,349950,976725,43.05,1393875,1200450,204.95,664275,197850
12-02-2025 10:57,23013.8,344475,963075,44.3,1379625,1198875,202.3,664425,198075
12-02-2025 10:57,23019,354000,954150,45.8,1397700,1199325,198.3,662400,211350
12-02-2025 10:57,23019.75,348675,959700,46.55,1407225,1204275,196.6,655650,213975
12-02-2025 10:58,23023.25,354150,959250,47.05,1416600,1202925,194.8,655950,214800
12-02-2025 10:58,23018.35,351000,964800,46.45,1430400,1208775,196,658575,214275
12-02-2025 10:58,23019.7,349575,967125,46.05,1436175,1221450,196.7,659550,219825
12-02-2025 10:58,23024.7,352125,972825,45,1438275,1247250,198.9,665700,220950
12-02-2025 10:58,23014.55,357675,969225,45.25,1426275,1238025,197.7,670650,215100
12-02-2025 10:58,23020.9,354000,965400,47.3,1443450,1236450,194.65,668850,218250
12-02-2025 10:59,23029,350475,941175,47.7,1434075,1204875,191.6,657750,218325
12-02-2025 10:59,23030,356400,942975,47.7,1436700,1201350,192,655950,218025
12-02-2025 10:59,23025.4,355575,937575,47.3,1443600,1215825,192.1,659175,221775
12-02-2025 10:59,23026.7,349425,931725,46.4,1433475,1237575,194.05,663075,218925
12-02-2025 10:59,23014,350100,942675,44.3,1419975,1256475,199.05,671100,218625
12-02-2025 10:59,23013,349875,936075,43.85,1399500,1227675,200.7,663975,214725
12-02-2025 11:00,23015.1,348675,931725,45.15,1404450,1247550,198.55,665550,216525
12-02-2025 11:00,23024.45,354525,936750,45.9,1434525,1242300,197,665700,220425
12-02-2025 11:00,23016.3,350625,940500,45.4,1452075,1286100,200.65,681900,219675
12-02-2025 11:00,23015,348225,936525,43.7,1462875,1311150,204,678600,213300
12-02-2025 11:00,23004.35,347025,941625,42.55,1419450,1313400,205.4,674400,207525
12-02-2025 11:00,23002.8,341175,942150,40.15,1379700,1321875,210.8,682575,197850
12-02-2025 11:01,22994.95,344475,939900,38.8,1300500,1337850,215.65,683250,188250
12-02-2025 11:01,22995.35,346425,939675,38.5,1302225,1350900,217.7,685875,185250
12-02-2025 11:01,22998.75,351900,936150,39,1350150,1334550,215.9,663825,198375
12-02-2025 11:01,23000,354075,941325,39.9,1385850,1340475,214.1,664050,203625
12-02-2025 11:01,22996,349200,957225,38.85,1394025,1352400,218.4,669975,210600
12-02-2025 11:01,22990,346125,965475,37.3,1388700,1359825,223.2,675375,213000
12-02-2025 11:02,22986.7,346275,959175,37.7,1387650,1332075,220.05,672150,184425
12-02-2025 11:02,22982.15,344775,942975,35.9,1354950,1340025,224.5,673500,176700
12-02-2025 11:02,22986.15,350025,948000,36.25,1365675,1334325,223.55,669750,173850
12-02-2025 11:02,22988.95,347625,945975,36.3,1400550,1315800,223,674175,176175
12-02-2025 11:02,22989.45,354525,941250,36.7,1442700,1330800,222.75,668475,182550
12-02-2025 11:02,22988,354225,944400,38.5,1441500,1333500,216.15,665550,183075
12-02-2025 11:03,22997.75,356625,942450,38.05,1449900,1324350,216.35,652425,187425
12-02-2025 11:03,22993.8,354900,945750,37.3,1444200,1340475,218.75,654825,188400
12-02-2025 11:03,22988,352575,944475,37.25,1449750,1346625,220.55,660150,185400
12-02-2025 11:03,22990.25,355950,954750,37.75,1479900,1352250,220.8,661875,188625
12-02-2025 11:03,22992.1,354150,941775,39.25,1517850,1339875,216.5,658350,192600
12-02-2025 11:03,22995,351825,947250,38.55,1521900,1347225,219,660075,189750
12-02-2025 11:04,22994.65,352875,950250,39,1537350,1339200,216.35,659175,191325
12-02-2025 11:04,22994.65,351375,947775,38.5,1534800,1351200,218.35,662100,188850
12-02-2025 11:04,22998.9,355200,946950,38.8,1536000,1348950,218.45,660300,189525
12-02-2025 11:04,22994.65,355875,945675,38.5,1530600,1353075,219,660375,189600
12-02-2025 11:04,22994.65,356550,943200,38.3,1526100,1360350,218.55,660450,189675
12-02-2025 11:04,22994.65,355725,939450,36.95,1519125,1369725,222.85,662175,192525
12-02-2025 11:05,22980,355275,949425,36.95,1492200,1391925,226.2,666825,186675
12-02-2025 11:05,22972.55,351900,952275,33.85,1448175,1357050,239.5,666900,172425
12-02-2025 11:05,22970,340800,943575,33.75,1378275,1339875,240.2,666150,148050
12-02-2025 11:05,22967.15,345975,947925,34.95,1419150,1349925,238,668025,152700
12-02-2025 11:05,22975.9,352050,935400,35.1,1437300,1330350,235,664650,153450
12-02-2025 11:05,22975,348975,940650,35.25,1445250,1356900,234.95,663600,153225
12-02-2025 11:06,22980,353550,931275,36.25,1480125,1374450,228.2,666075,154800
12-02-2025 11:06,22980,347850,941475,35.95,1504425,1330725,231.4,655800,155850
12-02-2025 11:06,22977,348225,941400,35.5,1499325,1346850,234,657675,159600
12-02-2025 11:06,22979.1,349875,944400,35.65,1497525,1374300,234.45,666375,158325
12-02-2025 11:06,22979.8,351750,932925,35.55,1497075,1399950,234.85,665250,163050
12-02-2025 11:06,22989,355950,933375,37.35,1513125,1401000,227.5,662250,164400
12-02-2025 11:07,22991.15,357525,938100,37.75,1515750,1323600,226.6,653025,167925
12-02-2025 11:07,22986.45,357600,941475,37.65,1477350,1341450,227.65,652800,166950
12-02-2025 11:07,22988.65,358050,938325,39.85,1495200,1341000,219.05,653925,169350
12-02-2025 11:07,22995.5,359925,932925,41,1493400,1295625,215,643650,172200
12-02-2025 11:07,22999.9,355425,941775,40.85,1494225,1269525,216.4,645900,170325
12-02-2025 11:07,23003.7,361200,943725,41.5,1508400,1275225,214.85,649800,174375
12-02-2025 11:08,23010,360525,944850,44.75,1523025,1286025,208,655425,176850
12-02-2025 11:08,23014,371775,925425,45.75,1512750,1241175,204.45,632175,176250
12-02-2025 11:08,23010.7,363225,928725,45.25,1520475,1204575,207.15,634350,177075
12-02-2025 11:08,23015,361200,927075,46.65,1510425,1192500,204.2,638400,176625
12-02-2025 11:08,23016.35,359925,932550,46.85,1528050,1198425,201.5,641175,175575
12-02-2025 11:08,23019,363750,926025,47.55,1554900,1219650,199.3,644775,174375
12-02-2025 11:09,23030.5,367200,923925,50,1594650,1204875,193.6,632550,183900
12-02-2025 11:09,23028.9,364275,921300,48.8,1587675,1179525,197.95,623400,178650
12-02-2025 11:09,23028,360450,927375,49.3,1536300,1213125,196.75,627975,179325
12-02-2025 11:09,23030,363675,923850,51,1576350,1201800,193.75,630900,182325
12-02-2025 11:09,23035,359850,925800,51.75,1591875,1209675,191.7,632700,184425
12-02-2025 11:09,23030,365400,922800,49.3,1517400,1205550,196.1,633900,188100
12-02-2025 11:10,23025.4,352050,925875,47.75,1462200,1219200,200.3,639375,179400
12-02-2025 11:10,23025,355800,924375,48.85,1470450,1230300,199.6,642150,183150
12-02-2025 11:10,23025.4,355125,926550,48,1442100,1248675,201,648600,180900
12-02-2025 11:10,23031.55,359400,921900,49.2,1478550,1250775,196.15,648300,188400
12-02-2025 11:10,23036,364350,919200,51.15,1518900,1235550,192.75,641025,189975
12-02-2025 11:10,23033.5,362400,923025,51.9,1522500,1238925,191.85,650325,194175
12-02-2025 11:11,23031,364275,928725,49,1517175,1230000,197,647925,192975
12-02-2025 11:11,23031,359475,920100,51.1,1492575,1239075,191.8,652050,195525
12-02-2025 11:11,23030,357075,916275,50.45,1497675,1239600,192.5,657450,198825
12-02-2025 11:11,23033.95,359775,913650,52.05,1514775,1235700,190.75,643275,207375
12-02-2025 11:11,23037,356175,909825,52.8,1526550,1224525,188.45,637950,203100
12-02-2025 11:11,23028.8,355800,922875,48.7,1522725,1237050,197.3,644100,202500
12-02-2025 11:12,23025.4,356175,918975,48.15,1463100,1248975,197,645000,198000
12-02-2025 11:12,23028.1,353325,928425,48.05,1457700,1248375,196.6,645150,201225
12-02-2025 11:12,23027,352350,921150,49.4,1480275,1255050,194,640350,201225
12-02-2025 11:12,23029.6,362025,925875,48.85,1492575,1256925,195.4,646125,203175
12-02-2025 11:12,23025,347850,918900,47.9,1519650,1268100,198.2,651825,200100
12-02-2025 11:12,23025.4,352125,921525,47.55,1538775,1282725,198.35,655125,200100
12-02-2025 11:13,23025.4,354225,914700,48.1,1544550,1286175,197.25,661500,200775
12-02-2025 11:13,23029.15,356175,911025,48.2,1554675,1278825,197,659325,205200
12-02-2025 11:13,23030,357000,915975,48.7,1558650,1298025,195.95,661200,205650
12-02-2025 11:13,23028,360225,915000,48.7,1562100,1294350,196.1,660600,207000
12-02-2025 11:13,23032,359700,905850,51.35,1563300,1284150,191.9,656625,210000
12-02-2025 11:13,23031.9,361275,904275,53.65,1556700,1260900,186.8,650700,211725
12-02-2025 11:14,23030.95,361200,909750,49.65,1541325,1256400,194,648900,209775
12-02-2025 11:14,23028.5,352350,916800,49.15,1520625,1272750,194.65,645150,210375
12-02-2025 11:14,23025.4,358050,915600,48.8,1527225,1281825,195.25,647100,207975
12-02-2025 11:14,23025,352725,918975,47.3,1548300,1287225,197.05,654000,206700
12-02-2025 11:14,23025,359625,919275,47.65,1565475,1286700,197.6,656925,205275
12-02-2025 11:14,23016.65,355425,924225,45.05,1525050,1295625,203.6,658350,192825
12-02-2025 11:15,23010,345075,922575,45.25,1492050,1285950,206.85,659925,186225
12-02-2025 11:15,23010,358650,919500,44.1,1495875,1292025,206.85,661725,188400
12-02-2025 11:15,23004.9,351675,924450,42.15,1521150,1327950,211.9,660150,186150
12-02-2025 11:15,23010.7,360375,921300,43.55,1465425,1325925,210,659025,180300
12-02-2025 11:15,23016.65,368550,902550,44.75,1487550,1301925,203.05,653850,186675
12-02-2025 11:15,23025,362700,909450,48.5,1493025,1293150,193.1,649425,185250
12-02-2025 11:16,23035,370575,909000,49.8,1500825,1244175,190.05,638775,190425
12-02-2025 11:16,23033.25,361350,905325,50.1,1507200,1239000,192.45,641325,186600
12-02-2025 11:16,23020.2,354450,918375,46.65,1507950,1283250,198.75,644625,190200
12-02-2025 11:16,23024.65,356925,925500,47.1,1492500,1290975,198,650475,193800
12-02-2025 11:16,23016.75,365325,916500,44.5,1482825,1305150,199.85,653850,187575
12-02-2025 11:16,23025,367275,915825,46.1,1509375,1302225,198.35,654600,193275
12-02-2025 11:17,23025.35,372975,914025,47.85,1522575,1298850,191.55,653850,190950
12-02-2025 11:17,23022.7,369525,915825,47.55,1554075,1298775,193.3,660600,193650
12-02-2025 11:17,23020,366000,917400,46.3,1547925,1310775,194.95,665700,195750
12-02-2025 11:17,23025,362025,915150,46.45,1557750,1317975,194.2,669975,193275
12-02-2025 11:17,23028,371475,917025,47.75,1567650,1314975,192.75,665325,202500
12-02-2025 11:17,23020.15,362325,916500,46.3,1576725,1312725,196.2,666525,201000
12-02-2025 11:18,23023.45,373500,917250,46.35,1548600,1318050,196.3,666225,205125
12-02-2025 11:18,23020,370050,927300,45.5,1578300,1351500,196.5,676725,205950
12-02-2025 11:18,23025,368025,923400,45.95,1580400,1327425,195.45,678300,205725
12-02-2025 11:18,23029.9,373575,915900,47.05,1603725,1323075,192.75,672525,209325
12-02-2025 11:18,23025,374550,919950,46.55,1595250,1332075,194.1,663150,210750
12-02-2025 11:18,23024.15,375000,914250,47.2,1596975,1339425,192.45,664875,216300
12-02-2025 11:19,23029.35,373800,913725,47.05,1578750,1346325,192,667875,216150
12-02-2025 11:19,23026.95,372150,924450,46.3,1586700,1354725,193.3,678225,219750
12-02-2025 11:19,23026.05,370125,920475,46.1,1565775,1360950,194.95,679500,217875
12-02-2025 11:19,23026.05,369975,918450,45.75,1562850,1374150,193.8,684075,217500
12-02-2025 11:19,23029.85,371025,920025,46.65,1543050,1357125,191.85,680475,218250
12-02-2025 11:19,23033,373350,915300,47.5,1555725,1309650,190.6,673650,222900
12-02-2025 11:20,23030,365550,919275,47.5,1562175,1298025,191.25,671550,220050
12-02-2025 11:20,23031.35,375150,913200,49,1576950,1305975,188.1,669975,222225
12-02-2025 11:20,23015.4,365850,926925,44.15,1560450,1336200,199.95,674775,221925
12-02-2025 11:20,23024.05,372600,920250,45.85,1488675,1311600,196.95,674850,206475
12-02-2025 11:20,23021.4,372975,923850,44.85,1509300,1316025,198.55,675375,209850
12-02-2025 11:20,23017.2,367575,918075,43.45,1510500,1369200,200.6,676875,208350
12-02-2025 11:21,23016.3,366750,924600,43.6,1478550,1374975,200.75,674625,206625
12-02-2025 11:21,23018,373050,919500,45,1535700,1365675,197.1,674475,207900
12-02-2025 11:21,23019.55,365400,921900,44.1,1534725,1374150,200,677550,209625
12-02-2025 11:21,23012,364725,923850,41.3,1535925,1394325,206,683175,206700
12-02-2025 11:21,23005.2,357375,925725,40.4,1497750,1402725,208.9,681900,195975
12-02-2025 11:21,23003.45,360525,929700,39.75,1466400,1416825,212,681450,187725
12-02-2025 11:22,23004.05,360825,925725,40.75,1477800,1408500,207.85,681600,198675
12-02-2025 11:22,23009,369975,921975,42.2,1503975,1407825,204,679200,197175
12-02-2025 11:22,23009,372675,925050,41.45,1544400,1413300,204.95,678675,199950
12-02-2025 11:22,23009,364050,927225,41.4,1525275,1423125,205.85,683850,203100
12-02-2025 11:22,23015,369375,927825,43,1559475,1406175,200.2,682050,205950
12-02-2025 11:22,23015,369150,917475,42.95,1561725,1388100,200.05,670350,205200
12-02-2025 11:23,23021.7,372225,917775,44.25,1596000,1380675,196.25,670575,208275
12-02-2025 11:23,23020,368700,916050,45.3,1602450,1387425,194,673800,207000
12-02-2025 11:23,23024.2,366750,914100,45.05,1587600,1385400,195.45,670950,211500
12-02-2025 11:23,23026.4,377250,918150,46.25,1593225,1375650,192.8,673425,213300
12-02-2025 11:23,23029.6,384975,917400,46.4,1585575,1385850,191.9,677475,214125
12-02-2025 11:23,23025.05,364275,913125,47.3,1582350,1365900,191.5,678975,209475
12-02-2025 11:24,23030.9,375600,916575,48.35,1576350,1345650,189.15,661725,217200
12-02-2025 11:24,23035.2,372375,908100,48.15,1564575,1340775,188.55,648750,217500
12-02-2025 11:24,23034.8,369600,914850,49.7,1542375,1334250,188.85,651900,231900
12-02-2025 11:24,23028.75,374250,920250,48,1552425,1331700,191.3,654675,234150
12-02-2025 11:24,23034,377100,923100,48.65,1571925,1335375,189.75,656775,237225
12-02-2025 11:24,23032.6,370800,923925,48.6,1556175,1358175,188.45,662925,233400
12-02-2025 11:25,23030,373050,922350,49.1,1542150,1360875,190.9,667650,236175
12-02-2025 11:25,23028.4,371250,927075,47.7,1544550,1374750,192.85,667500,239475
12-02-2025 11:25,23029.7,369750,922050,48.4,1563900,1389225,193,665925,240450
12-02-2025 11:25,23021.15,366300,927075,46,1543725,1390875,195.3,667425,234900
12-02-2025 11:25,23022.5,372075,921675,45.85,1531275,1391925,196.8,666300,222150
12-02-2025 11:25,23025.65,375375,915900,48.15,1574100,1389450,191.6,665100,226725
12-02-2025 11:26,23028.5,378375,924300,47.4,1584450,1393050,192.95,666900,227325
12-02-2025 11:26,23025,379350,918075,47.9,1591500,1393950,191.8,667875,230175
12-02-2025 11:26,23026,370650,919950,46.5,1592850,1389900,195.6,668550,230700
12-02-2025 11:26,23030,374325,920475,46.85,1580400,1389450,192.75,671025,224550
12-02-2025 11:26,23030,378000,913875,47.75,1589025,1364175,190.35,669975,226725
12-02-2025 11:26,23028.5,368400,923025,46.75,1566675,1389075,193.05,669375,226650
12-02-2025 11:27,23026,372825,922650,46.7,1570800,1400250,194.65,671775,227700
12-02-2025 11:27,23029,374025,920400,46.7,1564350,1401975,194.2,671025,231225
12-02-2025 11:27,23029,376725,921675,46.3,1594725,1400025,193.95,672000,225675
12-02-2025 11:27,23030,375450,921525,46.9,1563225,1382175,191.3,670950,223500
12-02-2025 11:27,23030,373275,925275,46.6,1550175,1412775,192,674775,224625
12-02-2025 11:27,23030.15,374325,919125,46.65,1547175,1384650,192,674025,226800
12-02-2025 11:28,23030,376500,916500,47.2,1556475,1379625,190.35,669450,229500
12-02-2025 11:28,23033.2,375150,920175,46.95,1554825,1378575,191.1,671475,229350
12-02-2025 11:28,23035,379275,917100,47.6,1562775,1374525,189.5,669225,231825
12-02-2025 11:28,23030,377550,921825,46.4,1585350,1375650,192,668400,232350
12-02-2025 11:28,23025.9,375300,927750,44.4,1569675,1411425,197.1,673575,229350
12-02-2025 11:28,23014.45,371400,928125,43.35,1510200,1398300,199.35,671700,220350
12-02-2025 11:29,23014.45,371175,922875,43.15,1499400,1423575,199.2,673800,215025
12-02-2025 11:29,23021,379425,924825,43.9,1531050,1417350,197.35,668250,214800
12-02-2025 11:29,23025.15,378600,927525,44.15,1527075,1437750,196.35,671175,210075
12-02-2025 11:29,23026.55,375750,938550,43.55,1525575,1437000,196.45,669000,210375
12-02-2025 11:29,23023.5,368400,942300,43.5,1555425,1429200,196.05,665250,213975
12-02-2025 11:29,23022.7,368850,941025,42.9,1523850,1442550,197.75,670200,216000
12-02-2025 11:30,23022.7,370950,942750,42.2,1503975,1424700,196.95,669225,214725
12-02-2025 11:30,23025.75,378900,943575,44.15,1547625,1445325,192.25,666975,221325
12-02-2025 11:30,23026.05,372600,940125,43.7,1575450,1433025,193.8,667200,219825
12-02-2025 11:30,23029.9,377775,941175,45.65,1593975,1431525,190.3,669450,221250
12-02-2025 11:30,23028,376425,942075,45.2,1570350,1393650,191,663300,224025
12-02-2025 11:30,23033,381375,932400,47.65,1572300,1380225,187,662775,224400
12-02-2025 11:31,23038,379500,929700,47.9,1543800,1365375,184.25,643650,226125
12-02-2025 11:31,23045.35,377775,921525,49.2,1537050,1339725,180.8,630375,224475
12-02-2025 11:31,23035.3,376875,921225,46.9,1510050,1335450,184.15,627675,219825
12-02-2025 11:31,23028.55,367950,924225,46.45,1509075,1350900,186.4,634875,223950
12-02-2025 11:31,23031.15,362475,925650,44.1,1476450,1365750,190.5,640650,216150
12-02-2025 11:31,23031.15,372300,907875,44.2,1491150,1359450,190.9,641400,226125
12-02-2025 11:32,23023,368175,927600,41.9,1491975,1373250,195.2,647250,226125
12-02-2025 11:32,23012.05,357375,924000,39.7,1443900,1388700,201.35,653400,207375
12-02-2025 11:32,23011.9,363825,924975,39,1443375,1403025,204.9,655350,200700
12-02-2025 11:32,23010.1,372150,914550,40,1479975,1413675,203.3,655725,200550
12-02-2025 11:32,23007.55,374475,923175,39.85,1503975,1412625,203.5,654225,202800
12-02-2025 11:32,23005,367275,919500,38.2,1482000,1422075,208,660000,200550
12-02-2025 11:33,23012.75,376650,921300,39.9,1481100,1432125,204.25,662025,198000
12-02-2025 11:33,23012,378375,890025,40.5,1548900,1428750,202,659250,199800
12-02-2025 11:33,23019.5,375225,917550,41.25,1552575,1409325,198.45,651675,198300
12-02-2025 11:33,23020,373500,920700,41.6,1573125,1415850,198.6,647400,197925
12-02-2025 11:33,23011.65,377100,926925,40.75,1575225,1429875,202,655425,198975
12-02-2025 11:33,23016.55,368025,918300,40.4,1545450,1437600,202.1,653400,198000
12-02-2025 11:34,23011.15,368550,926100,40,1558800,1441725,203.55,658275,199275
12-02-2025 11:34,23013.85,374100,923100,40.2,1553400,1447200,202.6,659025,198450
12-02-2025 11:34,23013.3,374175,918300,39.85,1566525,1458975,203,659175,200625
12-02-2025 11:34,23012.75,373425,924300,40.1,1570275,1472700,203.5,658500,198975
12-02-2025 11:34,23008.35,372975,925725,39.85,1547325,1461975,203.4,661500,201300
12-02-2025 11:34,23009.95,372075,927000,40.05,1570350,1470150,202.9,662850,204225
12-02-2025 11:35,23013.85,376950,927450,40.3,1581075,1453875,201.9,654600,202425
12-02-2025 11:35,23015.3,375600,922950,40.2,1575750,1442100,201.3,656100,206100
12-02-2025 11:35,23011,372750,923625,39.2,1581675,1460625,205,667050,209250
12-02-2025 11:35,23007.65,369150,929175,38.05,1542225,1459950,209.2,664125,202800
12-02-2025 11:35,23003.2,368850,932025,37.85,1523175,1475025,211.45,667275,197475
12-02-2025 11:35,22996.9,364050,934950,36.85,1535175,1483500,217,672150,184650
12-02-2025 11:36,22996.3,366825,926325,37.75,1501275,1484925,213.45,663525,178125
12-02-2025 11:36,22999.05,367500,933225,37.45,1532025,1480425,215.85,666450,181350
12-02-2025 11:36,22999.6,364425,932700,38.3,1544100,1474275,216.25,671850,182175
12-02-2025 11:36,22994.25,369675,923100,38.15,1559700,1455525,216.4,671625,181875
12-02-2025 11:36,22993.9,371400,925350,38.4,1578825,1478550,213.95,668850,182700
12-02-2025 11:36,23001.15,367800,923550,39.25,1583775,1462800,210.95,659025,189600
12-02-2025 11:37,23008.5,372300,927750,40.85,1579500,1419450,206.15,648900,188250
12-02-2025 11:37,23006,371025,932025,39.8,1565775,1453050,210,654525,188925
12-02-2025 11:37,23010,370350,925875,40.05,1576875,1442625,208.35,650625,196650
12-02-2025 11:37,23006.4,361125,922500,39.75,1592775,1454250,208.4,652425,194475
12-02-2025 11:37,23008,367350,929475,40.6,1587150,1472025,205,650250,195075
12-02-2025 11:37,23016.9,374250,916650,41.65,1595475,1442550,200.05,649950,193050
12-02-2025 11:38,23017.3,366075,909225,41.4,1584525,1446900,200.75,649425,193500
12-02-2025 11:38,0,0,0,42.25,1601475,1441350,196,645225,195675
12-02-2025 11:38,0,0,0,41.8,1603425,1432425,198.4,649350,199275
12-02-2025 11:38,0,0,0,39.65,1524150,1468125,204.6,651075,188250
12-02-2025 11:38,23010.15,368475,925950,39.95,1541700,1477500,205.2,654750,193425
12-02-2025 11:38,23017.1,370125,922125,41.75,1517175,1484475,198.7,658050,194250
12-02-2025 11:39,23017.25,367800,924525,41.7,1536150,1436625,199.25,664725,198000
12-02-2025 11:39,23020.25,372000,927750,43.05,1537425,1436175,195.6,659400,197550
12-02-2025 11:39,23020,369150,931200,42.3,1524075,1422000,198.2,664050,198300
12-02-2025 11:39,23020,370350,933675,42.95,1528050,1414350,197.85,661950,201675
12-02-2025 11:39,23023.55,373800,930225,43.85,1525200,1411200,194.3,665100,201525
12-02-2025 11:39,23025,373275,928650,44.5,1526700,1412775,192.15,659775,205050
12-02-2025 11:40,23025.1,372300,931125,44.1,1501875,1400250,194.1,659700,204375
12-02-2025 11:40,23020,368325,933075,43.3,1513575,1403100,196.15,660525,200700
12-02-2025 11:40,23020,371250,932025,43.3,1505850,1408800,196,667425,202500
12-02-2025 11:40,23020.5,371175,927525,44.15,1523775,1409850,193.7,667125,205275
12-02-2025 11:40,23025,375975,927750,45.4,1548075,1418550,191.5,665925,210300
12-02-2025 11:40,23020.85,370275,933975,44,1527900,1415175,194.6,669000,205350
12-02-2025 11:41,23023.05,375075,924750,44.15,1518300,1406700,193.65,666300,206250
12-02-2025 11:41,23022.95,372000,934200,43.7,1522125,1419075,194.25,669000,208125
12-02-2025 11:41,23022.35,369150,931725,43,1524525,1416225,195.3,668550,208125
12-02-2025 11:41,23024.3,374625,925425,44.25,1529025,1411800,192.15,657150,208725
12-02-2025 11:41,23021,373350,924975,44.1,1529925,1420500,192.15,665925,212025
12-02-2025 11:41,23024.45,374475,924900,45.3,1536450,1419375,191.25,663600,212775
12-02-2025 11:42,23026,370875,922500,45.4,1529400,1410300,188.8,660000,213825
12-02-2025 11:42,23026.8,373275,924900,46.45,1528050,1404150,187.9,657375,215775
12-02-2025 11:42,23032.8,377400,903525,47.4,1526925,1373025,186.8,659400,218100
12-02-2025 11:42,23037.2,376725,925200,48.1,1526250,1371150,185.4,652800,220050
12-02-2025 11:42,23039.2,378375,918375,50.15,1531575,1355175,183.5,650775,223500
12-02-2025 11:42,23040,376275,916875,51.1,1533675,1304325,181.75,650550,227100
12-02-2025 11:43,23044.7,378750,917175,54.1,1530525,1297950,177,640725,229875
12-02-2025 11:43,23069.5,381225,890775,64.6,1517550,1189875,161.8,600675,226125
12-02-2025 11:43,23076.55,378225,877350,66.15,1519725,965700,159,591825,232725
12-02-2025 11:43,23068.25,377400,875025,61.6,1482900,989775,163.75,577575,233550
12-02-2025 11:43,23065.2,378300,881250,63.65,1483200,1017225,163,583800,230550
12-02-2025 11:43,23070,379200,881250,61.25,1523925,1024650,164.6,605100,234675
12-02-2025 11:44,23070,385275,880275,63.15,1508250,1025250,163.1,601725,238500
12-02-2025 11:44,23075,382200,880500,65.15,1563900,1022850,159.65,594825,250050
12-02-2025 11:44,23082,387900,878925,68.55,1518750,1008825,154.75,599625,258750
12-02-2025 11:44,23088,390000,867150,72.4,1540800,918900,150.6,598050,259275
12-02-2025 11:44,23098,392100,864750,77.85,1614900,863550,146.45,588825,255300
12-02-2025 11:44,23109.8,391275,837150,84.75,1613175,766500,140.7,578850,259425
12-02-2025 11:45,23115.85,381825,834600,83,1587975,661725,141.35,566475,264375
12-02-2025 11:45,23117,380475,838200,88.35,1577250,648225,136.75,567075,266925
12-02-2025 11:45,23130.3,389625,819150,98.2,1609425,629250,131.25,565575,269475
12-02-2025 11:45,23153.05,391725,784650,111.75,1646925,488100,113.55,549000,265575
12-02-2025 11:45,23158,365475,691875,111.45,1629825,451500,118.25,545550,257175
12-02-2025 11:45,23140.8,360000,709950,97.85,1621800,496800,127.6,579225,260325
12-02-2025 11:46,23121,360000,714450,87.6,1484550,510000,134.3,593700,258525
12-02-2025 11:46,23101.05,346350,720075,81.05,1417725,537975,143.95,623925,257475
12-02-2025 11:46,23100,363075,721350,80.5,1389600,558000,144.8,640125,241725
12-02-2025 11:46,23086.2,364725,719850,72.15,1406400,580575,151,643800,241725
12-02-2025 11:46,23095.15,370050,722025,75.7,1454400,566175,150.8,641100,246750
12-02-2025 11:46,23099.55,368325,715275,77.3,1488150,574350,147.5,624000,259800
12-02-2025 11:47,23113,377100,713175,81.15,1533225,580950,139.7,611475,266700
12-02-2025 11:47,23123.3,389700,701625,89.8,1621500,572475,132.5,597900,273975
12-02-2025 11:47,23118.9,363675,711975,85.05,1565550,594525,137.05,616350,271500
12-02-2025 11:47,23110.5,361875,713775,80.6,1520475,659475,142.35,634425,275550
12-02-2025 11:47,23105.05,372600,719025,80.95,1480575,672150,143.2,639525,274200
12-02-2025 11:47,23108.05,381000,720450,84.05,1533600,674250,141.85,638250,283650
12-02-2025 11:48,23109.9,375675,720675,81.15,1588050,685875,142.55,636300,287400
12-02-2025 11:48,23109.15,374475,720450,79.5,1579350,705750,144.2,639675,287850
12-02-2025 11:48,23104.65,378675,725775,79,1569300,708300,143.45,641775,289875
12-02-2025 11:48,23099.55,373650,725700,75.4,1563750,727050,148.4,643125,288900
12-02-2025 11:48,23090.95,371100,734775,70.85,1478025,752175,152.6,644250,284925
12-02-2025 11:48,23091.55,368550,726450,72.25,1409400,758025,151,648150,282075
12-02-2025 11:49,23096.15,374475,724650,73.95,1427550,752625,146.5,638925,297975
12-02-2025 11:49,23090.55,374700,727425,71.85,1459050,758550,149.2,644400,306900
12-02-2025 11:49,23100,371400,725250,75.6,1475625,759300,145.4,646050,303975
12-02-2025 11:49,23105.8,387525,720000,79.1,1498125,731700,139.9,640575,311475
12-02-2025 11:49,23110,387825,721275,80.35,1518750,749250,138.4,639375,313350
12-02-2025 11:49,23105,384075,733875,78.25,1528500,755700,141.6,637200,317550
12-02-2025 11:50,23100,382800,728625,78.55,1507425,757575,142.85,651975,318825
12-02-2025 11:50,23093.35,381000,729675,74.55,1508100,797775,146.15,657750,320100
12-02-2025 11:50,23093.35,380175,729825,75.4,1486500,804975,144.65,663600,314550
12-02-2025 11:50,23100,372675,733125,74.4,1503300,801525,145.6,657375,319950
12-02-2025 11:50,23100.05,385200,726675,75.45,1524600,807375,144.75,663525,327750
12-02-2025 11:50,23091.15,380925,734250,72.45,1532400,823350,148.45,662025,326325
12-02-2025 11:51,23078.1,374025,739500,65.75,1501800,845025,155,665175,313950
12-02-2025 11:51,23075.1,384000,738450,66.5,1401150,850800,156.95,676650,290400
12-02-2025 11:51,23080.05,389025,722475,68.2,1434375,833475,152.85,670800,297975
12-02-2025 11:51,23086,381750,727800,67.35,1451775,841350,153.5,663525,306075
12-02-2025 11:51,23088.15,391800,737850,70.45,1474725,856125,147.6,670350,312000
12-02-2025 11:51,23098,397125,729525,71.95,1510050,837000,146.35,651975,315975
12-02-2025 11:52,23092,396075,727875,72.4,1519500,805875,145.85,641625,317100
12-02-2025 11:52,23095.05,386625,735900,71.2,1503450,850200,148.7,646350,317550
12-02-2025 11:52,23091.5,385800,735675,72.6,1515225,870975,146.7,655650,317475
12-02-2025 11:52,23093.85,392175,737400,73.45,1528500,850125,145.4,657900,325350
12-02-2025 11:52,23099,391725,735750,74.2,1548975,837975,144.2,665400,327675
12-02-2025 11:52,23092,393525,736725,71.2,1562550,840825,149.45,665700,327825
12-02-2025 11:53,23087.95,378150,741075,68.9,1534275,858375,150,668025,327075
12-02-2025 11:53,23086.15,382875,737550,69.1,1547475,878325,151.5,676275,324750
12-02-2025 11:53,23091.2,396300,739800,72.15,1557225,882675,146.5,675000,332100
12-02-2025 11:53,23095,399075,738075,73.25,1582200,874425,145.6,665325,345075
12-02-2025 11:53,23097.8,388725,737325,73.05,1596675,872775,145.95,670050,344250
12-02-2025 11:53,23099,401700,736125,73.5,1600575,872475,144.55,676725,348825
12-02-2025 11:54,23105,405075,737850,75,1625775,870750,142.7,669825,348375
12-02-2025 11:54,23101.05,402300,728550,75.1,1622250,866325,143,666075,352650
12-02-2025 11:54,23115,401175,734100,79.35,1613025,869100,135.85,675300,352725
12-02-2025 11:54,23115.75,396000,724650,80.95,1621725,806250,133.9,642300,351600
12-02-2025 11:54,23125.95,403650,723675,83.9,1653975,798750,131.2,640200,366375
12-02-2025 11:54,23122.9,399225,725925,83.1,1652175,785325,132.75,641625,362850
12-02-2025 11:55,23116,387075,732900,82.2,1621500,797100,135.35,653175,360225
12-02-2025 11:55,23112.7,396525,729375,0,0,0,134.15,668250,376050
12-02-2025 11:55,23126.55,402000,714450,0,0,0,133,654675,380475
12-02-2025 11:55,23131.1,392850,711000,0,0,0,126.65,651825,382050
12-02-2025 11:55,23144.7,404475,715275,0,0,0,123.4,636675,392925
12-02-2025 11:55,23147.65,401775,702525,0,0,0,118.95,625125,395475
12-02-2025 11:56,23140,397725,723975,0,0,0,121.8,642750,393225
12-02-2025 11:56,23144.85,394125,723000,0,0,0,121.6,665250,395025
12-02-2025 11:56,23150,400950,713550,0,0,0,119.5,667125,407100
12-02-2025 11:56,23161.1,409200,699300,0,0,0,110.05,650400,419475
12-02-2025 11:56,23146,401400,703275,0,0,0,119.25,615975,417375
12-02-2025 11:56,23147.85,406275,702825,0,0,0,120.6,644625,378000
12-02-2025 11:57,23145,392625,708450,0,0,0,119.8,662850,376875
12-02-2025 11:57,23145,410475,710775,0,0,0,120.5,671100,394875
12-02-2025 11:57,23145.25,411975,714075,0,0,0,123.1,675450,394875
12-02-2025 11:57,23146.35,403125,714975,0,0,0,121.3,678375,397950
12-02-2025 11:57,23153,418125,698925,0,0,0,116.45,660525,406575
12-02-2025 11:57,23161,415725,700350,0,0,0,113.55,656325,414975
12-02-2025 11:58,23161.85,415950,695250,0,0,0,111.65,663300,414300
12-02-2025 11:58,23175,416025,691575,0,0,0,106.65,654975,415800
12-02-2025 11:58,23170.05,400575,699300,0,0,0,109.65,676725,419700
12-02-2025 11:58,23175.25,400200,696000,0,0,0,107.9,694425,431475
12-02-2025 11:58,23176,414150,699225,0,0,0,107.65,709350,455025
12-02-2025 11:58,23175,406200,700050,0,0,0,107.85,748200,444300
12-02-2025 11:59,23167.35,405375,710100,0,0,0,111.85,778425,426300
12-02-2025 11:59,23160.35,399150,716175,0,0,0,115,801975,433275
12-02-2025 11:59,23145,396225,717600,0,0,0,119.75,808875,411225
12-02-2025 11:59,23150,412575,717075,0,0,0,119.1,785475,406950
12-02-2025 11:59,23152.25,413850,734250,0,0,0,118.9,772575,429375
12-02-2025 11:59,23150,406950,731175,0,0,0,119.45,781200,429600
12-02-2025 12:00,23156,415425,719175,0,0,0,117.2,778275,437175
12-02-2025 12:00,23157.05,410175,721800,0,0,0,115.4,775800,438975
12-02-2025 12:00,23155.9,406200,728700,0,0,0,121.1,784725,430650
12-02-2025 12:00,23154.8,419250,728175,0,0,0,119.1,794325,427200
12-02-2025 12:00,23167,421725,726600,0,0,0,114.1,793950,450525
12-02-2025 12:00,23156.65,421800,717675,110.15,1658175,700875,118.25,784650,456150
12-02-2025 12:01,23162.7,412725,725700,113.9,1690800,738825,117,792900,450150
12-02-2025 12:01,23166.5,418575,720600,113.9,1708500,763200,116.55,798900,448200
12-02-2025 12:01,23166.7,420225,721800,113.45,1706700,790800,116.65,813825,452700
12-02-2025 12:01,23169.35,414675,718200,116.45,1734000,798975,113.45,816825,464925
12-02-2025 12:01,23166.25,414150,724950,114.4,1725375,788625,115.85,818850,449925
12-02-2025 12:01,23165,418350,720300,115.4,1716975,795450,115.3,828675,452475
12-02-2025 12:02,23164,409650,719025,110.7,1647900,794475,118,789525,451875
12-02-2025 12:02,23159.1,405150,727050,108.8,1591200,802500,120,795450,446925
12-02-2025 12:02,23155.5,408000,723150,107.15,1607400,810525,121.2,790275,448500
12-02-2025 12:02,23158.85,407400,722175,110,1625925,835950,119.5,800550,459675
12-02-2025 12:02,23159.65,411375,742050,109.75,1644525,818700,119.95,793875,464250
12-02-2025 12:02,23166.5,410400,747900,116.4,1635750,827025,114.15,803475,469275
12-02-2025 12:03,23161.6,408375,718575,115,1627500,714525,116.3,763650,476250
12-02-2025 12:03,23165.45,401775,726975,112.05,1571025,709200,119,781425,467625
12-02-2025 12:03,23155.1,408300,727500,111.2,1578150,738450,119.5,791100,467625
12-02-2025 12:03,23151.4,402225,731550,110.2,1600575,771900,120.75,808350,465975
12-02-2025 12:03,23154.9,409125,724575,111.7,1655475,772500,119.4,811425,484425
12-02-2025 12:03,23154.9,405150,732600,110.3,1651050,794250,120.2,823650,475200
12-02-2025 12:04,23159.7,405075,733050,109.7,1644675,796425,120.65,846000,478050
12-02-2025 12:04,23159.95,399525,725775,111.6,1655625,803100,119.5,851850,484650
12-02-2025 12:04,23165,401625,726900,113.6,1661400,795375,117.75,850875,488025
12-02-2025 12:04,23162.95,399300,729525,112.1,1661625,787575,118.75,852600,492525
12-02-2025 12:04,23159.5,398325,738825,110.2,1656300,821025,120.5,862350,487275
12-02-2025 12:04,23154.15,401850,722400,111.4,1630650,834450,119.6,869250,474900
12-02-2025 12:05,23151,392025,737700,105.7,1630950,849675,123.65,878400,477600
12-02-2025 12:05,23141.9,403125,736200,103.6,1550025,860850,126,891375,463125
12-02-2025 12:05,23150,402000,730125,106.65,1531650,846900,123.4,896775,441375
12-02-2025 12:05,23145.75,395175,734475,107.2,1528875,877125,123.7,882675,446625
12-02-2025 12:05,23145,396450,736800,105.4,1551375,889500,125.65,886800,451875
12-02-2025 12:05,23139.55,389325,738150,102.85,1546875,904800,125.55,893700,443550
12-02-2025 12:06,23148.45,394950,726150,108.25,1513500,892500,120.15,876375,433200
12-02-2025 12:06,23151.4,398925,728625,108,1544100,871200,121.65,844050,436200
12-02-2025 12:06,23152,405525,725475,109.3,1544325,853500,120.75,846225,447525
12-02-2025 12:06,23157.05,401775,731400,111.25,1553625,865425,119.05,850950,442275
12-02-2025 12:06,23158.25,395475,730875,110.25,1560525,856200,120.9,840900,448950
12-02-2025 12:06,23152,393150,734100,106.2,1548075,880050,123.25,866475,447525
12-02-2025 12:07,23143.4,391500,738825,105.95,1527525,901275,123.75,879150,434850
12-02-2025 12:07,23147.6,399825,737100,105.8,1553475,881925,123.05,880800,444600
12-02-2025 12:07,23142.5,394950,740700,102.5,1565925,893025,126.5,904650,446400
12-02-2025 12:07,23137.2,393450,741900,97.7,1540650,900300,130.7,914775,436725
12-02-2025 12:07,23132,391650,738375,96.7,1489875,897975,131.7,902550,420525
12-02-2025 12:07,23136.4,397200,733125,97.6,1485900,900750,130.95,901050,428250
12-02-2025 12:08,23130.5,395250,738525,97.6,1502850,910950,131.2,881775,425025
12-02-2025 12:08,23130.3,391725,737700,95.75,1505625,913575,132.1,890625,427875
12-02-2025 12:08,23131.5,385275,733200,96.2,1497375,902700,131.7,889425,422925
12-02-2025 12:08,23127.4,384525,738825,92.95,1500450,932925,134.9,877950,421725
12-02-2025 12:08,23127,387075,736725,96.3,1481025,924675,130.75,875400,407850
12-02-2025 12:08,23130.85,386625,735450,95.85,1525125,902700,132.4,867225,417900
12-02-2025 12:09,23125.85,390300,737025,95.35,1504200,908625,132.2,864600,433500
12-02-2025 12:09,23135,392925,694200,97.7,1520775,891450,130.05,847725,473850
12-02-2025 12:09,23130.8,395925,737850,96.05,1537800,877725,131.3,825675,482925
12-02-2025 12:09,23130,387525,739425,96.2,1529700,892950,130.9,832725,479325
12-02-2025 12:09,23136.8,398925,737025,97.95,1541625,890550,129.35,830550,485100
12-02-2025 12:09,23139.45,406800,726000,100.95,1566975,888375,126,832500,490350
12-02-2025 12:10,23133.3,403350,737700,100.15,1581525,873075,128,831000,490575
12-02-2025 12:10,23139,405375,735375,102.6,1569900,879600,126.2,824325,494925
12-02-2025 12:10,23149,414600,733350,104.1,1598400,858900,123.9,814200,527250
12-02-2025 12:10,23135.7,406875,739425,101.25,1609350,858000,126.9,815550,527850
12-02-2025 12:10,23144,408825,740175,101.35,1588275,878550,126.6,829800,505950
12-02-2025 12:10,23149.6,419100,727275,107.4,1599525,883425,119.65,837675,514575
12-02-2025 12:11,23155.8,413925,733425,108.1,1613550,853575,120.4,823200,513600
12-02-2025 12:11,23155.8,422175,729750,110.05,1621650,846375,118.95,826725,528900
12-02-2025 12:11,23157.75,419625,734175,108.95,1613700,819150,119.45,833925,528375
12-02-2025 12:11,23158.6,417075,732375,109,1599675,841275,119.95,846300,527925
12-02-2025 12:11,23145.75,412800,742200,103.15,1585275,863925,125.75,868950,513450
12-02-2025 12:11,23137.9,412425,741975,98.4,1528500,885150,130.75,875775,506100
12-02-2025 12:12,23132.05,402675,735150,98.65,1487400,895200,130.4,875325,486450
12-02-2025 12:12,23136.3,404550,735375,99.2,1492650,914100,131.15,878625,488625
12-02-2025 12:12,23145.75,415350,730575,102.8,1532325,897450,126.15,859650,493800
12-02-2025 12:12,23145.7,418650,731325,103.7,1552650,900975,123.75,856050,503100
12-02-2025 12:12,23151.85,421725,725175,107.4,1563150,902700,122.3,868425,500175
12-02-2025 12:12,23149.75,427800,738225,106.6,1577250,894975,123.5,875925,507900
12-02-2025 12:13,23145.05,421425,732525,105.7,1568100,904200,124.6,891675,509250
12-02-2025 12:13,23144.8,406950,740550,102.8,1563375,920925,127.3,902775,509775
12-02-2025 12:13,23140,406125,736875,102.35,1559550,927000,128.75,903525,502875
12-02-2025 12:13,23150,411975,742275,106.95,1560225,924975,122.2,897300,507300
12-02-2025 12:13,23150,413400,734925,107.55,1569600,901125,123.1,882075,510900
12-02-2025 12:13,23149.25,403425,735975,105.45,1572300,920775,125.6,896550,511575
12-02-2025 12:14,23147.1,414975,740100,103.85,1566225,937575,127.05,909375,513225
12-02-2025 12:14,23143.65,416400,737625,104.75,1572975,940950,125.6,902250,515175
12-02-2025 12:14,23145.85,414975,737550,103.65,1575075,945825,126.1,905100,517800
12-02-2025 12:14,23147.6,421575,736500,105,1579350,944100,124.95,911700,524325
12-02-2025 12:14,23150,419175,740475,106.2,1579725,954825,122.5,917925,523575
12-02-2025 12:14,23149.65,413700,743325,104.4,1583550,945300,124.8,923550,524400
12-02-2025 12:15,23149.95,415875,742725,106.95,1576500,943125,122.15,929325,524850
12-02-2025 12:15,23155,424950,746400,106.4,1578150,917025,122.45,914775,525600
12-02-2025 12:15,23140.8,408750,751200,102.2,1565850,903375,126.75,902550,518475
12-02-2025 12:15,23143.15,410400,747600,99.95,1535850,926250,128.35,907800,512925
12-02-2025 12:15,23144,418575,749025,101.45,1537350,922875,127.3,906675,505200
12-02-2025 12:15,23139.7,406800,754800,98.9,1544325,932400,129.95,908475,511875
12-02-2025 12:16,23138.15,406050,755100,97,1524450,949950,131,907050,502050
12-02-2025 12:16,23130.3,407100,755850,95.15,1513950,948750,132.9,908025,499875
12-02-2025 12:16,23140,420450,745350,100.2,1482075,941850,127.6,898200,498825
12-02-2025 12:16,23138.55,424200,750675,99,1492875,930750,128.9,868575,503775
12-02-2025 12:16,23138.25,414075,752475,98.1,1502175,950625,130.3,877425,510150
12-02-2025 12:16,23131.3,415650,752775,97.2,1542975,987225,130.8,876750,509250
12-02-2025 12:17,23135.7,413025,749475,97.3,1544325,986625,130.75,879450,479700
12-02-2025 12:17,23131.5,407700,753075,96.7,1548450,981975,131.1,877275,473850
12-02-2025 12:17,23130.3,410925,755550,96.85,1561950,985575,131,886575,469125
12-02-2025 12:17,23130.5,405600,760275,95,1566675,1000725,133.05,884100,472275
12-02-2025 12:17,23126,399600,759825,93,1542225,1004400,135.2,894300,449925
12-02-2025 12:17,23123.25,398250,761250,90.9,1521675,988950,137.55,895275,438375
12-02-2025 12:18,23136.8,413775,747900,96.25,1466250,963825,131.4,887700,420375
12-02-2025 12:18,23136,413100,749025,99.6,1480650,942825,128.85,863100,423300
12-02-2025 12:18,23136.7,411525,752400,99.6,1495050,929625,128.55,862575,421575
12-02-2025 12:18,23137.65,402825,758175,98.2,1494450,933000,130.05,871350,421500
12-02-2025 12:18,23135.65,406500,763125,96.8,1470975,955725,131.45,877275,426600
12-02-2025 12:18,23130,396675,766500,92.9,1478625,961125,134.6,885300,427425
12-02-2025 12:19,23122.1,392025,767175,91.3,1451550,967650,137.5,887475,410625
12-02-2025 12:19,23114,393675,770100,87.7,1452525,969975,142,874575,407325
12-02-2025 12:19,23111.1,393675,767100,87.35,1422900,976725,142.45,870450,370275
12-02-2025 12:19,23107.25,388800,773175,86.1,1422300,990300,145,865050,359100
12-02-2025 12:19,23112,397350,758550,87.2,1423425,979800,142,857100,362325
12-02-2025 12:19,23112.35,400125,763350,87.7,1448400,976575,140.4,848925,367500
12-02-2025 12:20,23119.7,417000,769575,89.45,1468200,975150,138.7,832800,375675
12-02-2025 12:20,23122.65,402075,766275,91.35,1504650,974100,137.15,829500,381300
12-02-2025 12:20,23134.9,408000,762300,97.4,1511325,966600,130.9,838050,407550
12-02-2025 12:20,23130,403275,772650,96.15,1509525,956100,132.55,836475,408375
12-02-2025 12:20,23130,396600,775500,95.35,1513650,975450,134.15,845925,408300
12-02-2025 12:20,23125.9,400500,777075,93,1504875,996225,136.2,852975,404925
12-02-2025 12:21,23125.15,402300,774375,92,1507650,996450,137.95,868200,407925
12-02-2025 12:21,23128.05,407100,772275,94.25,1529325,997725,135.1,867600,410325
12-02-2025 12:21,23130,403200,773175,96.8,1547175,1005300,132.35,871800,410175
12-02-2025 12:21,23126.9,400725,780675,93.8,1548000,999675,135.95,860250,411300
12-02-2025 12:21,23127.75,403725,776400,93.25,1540800,1009800,135.85,866700,414825
12-02-2025 12:21,23127.3,390675,776625,91.95,1549125,1024950,138.15,873225,415425
12-02-2025 12:22,23120.4,401400,778125,92.95,1504275,1026225,137,876300,406800
12-02-2025 12:22,23130,408150,778650,94.75,1531125,1005975,134.95,871575,417075
12-02-2025 12:22,23133.6,403275,774450,95.05,1533750,999750,132.45,872100,425250
12-02-2025 12:22,23133.5,407850,765825,97.75,1548450,1011075,128.9,861825,431250
12-02-2025 12:22,23137.2,407325,773550,97.95,1544250,951075,130.75,843450,435300
12-02-2025 12:22,23130,410250,775500,97.55,1544175,956475,131.35,851250,437850
12-02-2025 12:23,23141.55,412950,774600,99.15,1554075,962625,128.1,853350,443625
12-02-2025 12:23,23142.2,407775,766500,99.05,1540050,935400,128.3,824475,446775
12-02-2025 12:23,23133.05,402600,762675,98.5,1533825,953400,130.85,840000,447600
12-02-2025 12:23,23123.5,402150,770550,93.2,1511850,975900,135.1,855900,443550
12-02-2025 12:23,23120,393975,780375,91,1482600,981975,137.4,868500,423900
12-02-2025 12:23,23116.6,399300,779550,90.3,1478850,991050,140.35,869325,423675
12-02-2025 12:24,23120,403500,778425,90.4,1471200,1001250,140,868050,410550
12-02-2025 12:24,23117.6,403950,779700,91.35,1493625,996975,140,864375,408975
12-02-2025 12:24,23120,405075,777150,90.55,1512075,1002375,141,862425,418275
12-02-2025 12:24,23116.4,403575,781275,88.5,1518075,1017450,143.8,856725,421800
12-02-2025 12:24,23115,407100,776475,90.3,1495425,1014150,142.2,856575,401775
12-02-2025 12:24,23112,398925,774375,90.2,1507350,1015800,142.45,856575,406275
12-02-2025 12:25,23116.2,399300,777750,89.85,1512525,1024575,144.4,854925,403725
12-02-2025 12:25,23125,409575,773475,96.25,1539225,1010625,135.1,853800,402075
12-02-2025 12:25,23125,407625,774525,95.05,1533300,968175,137.3,818100,403050
12-02-2025 12:25,23121.9,406800,778425,94,1534275,995025,138.65,831675,406200
12-02-2025 12:25,23121.9,407625,776400,94.7,1523775,1001850,137.4,838050,407400
12-02-2025 12:25,23127.7,415200,774000,95.4,1523850,984000,136.75,852975,410850
12-02-2025 12:26,23131.6,400200,775425,96.3,1530000,969150,134.4,849000,411600
12-02-2025 12:26,23125.55,405525,778950,94.2,1511025,995475,136.9,864300,409800
12-02-2025 12:26,23127,410400,776625,95.4,1519350,1009125,134.85,866625,418950
12-02-2025 12:26,23126.9,405000,778125,93.85,1519950,993900,135.6,862425,420675
12-02-2025 12:26,23121.45,400200,782100,90.9,1508925,1004925,140.25,865500,421275
12-02-2025 12:26,23117.15,405075,786825,89.15,1482900,1010175,142.9,860550,387000
12-02-2025 12:27,23111.05,393975,781800,87.75,1465500,1020525,147.15,858000,377175
12-02-2025 12:27,23103.5,393525,784275,84.65,1467375,1020375,149.65,866400,367350
12-02-2025 12:27,23105,396750,786375,84.7,1374000,1024500,150.35,866550,318900
12-02-2025 12:27,23101.75,400800,786000,83.3,1393650,1010775,152.45,847950,319500
12-02-2025 12:27,23100.05,388425,783000,82.1,1391700,1034100,151.95,848025,327975
12-02-2025 12:27,23095.5,390525,779775,82.15,1405050,1042200,151.2,849825,323925
12-02-2025 12:28,23104.4,394500,778350,84.25,1427850,1044300,146.4,846975,333525
12-02-2025 12:28,23116.6,395100,775950,86.2,1483650,1016925,143.5,832875,335475
12-02-2025 12:28,23113.45,397050,780375,86.1,1489575,1002600,143.55,811500,343725
12-02-2025 12:28,23112,395700,773550,88.05,1492200,1001325,143.1,824025,345525
12-02-2025 12:28,23112,394125,778500,87.05,1511400,1013400,143.55,832125,350325
12-02-2025 12:28,23112.6,390450,777825,85.7,1508625,1018200,143.7,840075,351000
12-02-2025 12:29,23107.95,402150,777075,87.35,1499025,1017075,143.7,846600,349425
12-02-2025 12:29,23110.3,399075,779550,87.55,1504950,1019925,143.1,845325,355050
12-02-2025 12:29,23110.3,397125,776175,87.55,1519875,1028775,142.9,842850,356700
12-02-2025 12:29,23115.35,400050,777600,86.8,1524075,1027350,142.3,842175,355650
12-02-2025 12:29,23120,402900,774525,89.2,1524300,1016775,139.55,838275,365325
12-02-2025 12:29,23117.95,400500,765375,91.25,1533525,1004775,137.4,828450,367725
12-02-2025 12:30,23125.2,405075,771150,95.2,1541100,999375,131.6,826950,366675
12-02-2025 12:30,23136.45,404625,771600,100.4,1556100,955500,126.25,806850,372975
12-02-2025 12:30,23140,404850,772125,101.15,1536300,909225,125.8,805575,371250
12-02-2025 12:30,23145,405450,767475,101.55,1536075,897750,126.2,806325,377100
12-02-2025 12:30,23143.6,397125,774525,103.5,1550025,901125,124.85,825525,385125
12-02-2025 12:30,23147.8,404475,774000,101.85,1535475,882600,124.8,812700,381525
12-02-2025 12:31,23146.95,402900,772500,105.5,1562625,876825,122.6,819900,385275
12-02-2025 12:31,23152.8,407775,764850,109,1576200,868425,119.35,808725,395550
12-02-2025 12:31,23152.05,404100,772125,106,1574175,835500,122.05,810225,392925
12-02-2025 12:31,23135.8,391425,775350,99.5,1529325,859950,127.95,845100,387675
12-02-2025 12:31,23135.55,393975,774900,98.7,1448700,882225,128.15,862125,395025
12-02-2025 12:31,23139.1,406725,779400,102.3,1484925,901800,125.9,858750,401850
12-02-2025 12:32,23140.95,406350,769575,101.8,1490775,913875,125.75,829425,407400
12-02-2025 12:32,23144.6,404325,769200,102.25,1511100,920400,123.75,829050,417075
12-02-2025 12:32,23146.75,409725,771300,104.7,1512975,927975,121.5,832050,419700
12-02-2025 12:32,23151.5,409800,768975,107.5,1536900,920025,119.7,838725,416775
12-02-2025 12:32,23155,413250,768900,107.2,1543650,897150,119.65,833400,415950
12-02-2025 12:32,23150,402150,776025,105.4,1547250,921150,121.5,849525,417300
12-02-2025 12:33,23150.55,409050,771675,108.55,1534875,930150,120,858600,419550
12-02-2025 12:33,23151.8,404925,776400,106.9,1539450,927675,120.2,852300,421200
12-02-2025 12:33,23158.75,412575,769800,112.2,1563600,931575,115.2,853350,427575
12-02-2025 12:33,23169.9,412050,762975,113.9,1570200,840525,113.85,802875,432675
12-02-2025 12:33,23166,404625,768825,116.65,1549350,801375,112.9,792975,429375
12-02-2025 12:33,23168.5,405450,768300,116.25,1563825,813450,114.3,829500,433500
12-02-2025 12:34,23171.1,399675,763950,116,1552875,822975,113.7,851475,433950
12-02-2025 12:34,23172.45,407550,762225,119.5,1559475,822750,112.6,845775,440475
12-02-2025 12:34,23186.65,416100,752100,126.85,1570350,725025,108.4,820425,448425
12-02-2025 12:34,23176.9,412575,754050,119.05,1582950,595050,112.6,803250,449700
12-02-2025 12:34,23178.85,400125,752400,120.1,1529325,616875,113,830700,440700
12-02-2025 12:34,23165.9,391425,763575,111.75,1548300,648225,117.5,873150,439725
12-02-2025 12:35,23165,398700,760950,113,1464225,652500,117.7,877950,433125
12-02-2025 12:35,23166.9,402600,762375,112.6,1486200,660750,117.2,882375,467100
12-02-2025 12:35,23155.9,404475,768600,110.8,1479750,688500,118.45,878625,465825
12-02-2025 12:35,23156.25,404925,768450,112.3,1484175,699075,118.7,883575,460875
12-02-2025 12:35,23152,400200,771000,106.65,1496700,723300,122.5,890250,457425
12-02-2025 12:35,23150,402450,763200,107.4,1460850,728850,121.35,893400,448200
12-02-2025 12:36,23150.25,401700,767250,109.75,1486725,737850,119.3,890325,482400
12-02-2025 12:36,23159.85,414450,761775,110.55,1516875,744375,119.2,875925,494325
12-02-2025 12:36,23165,405750,764925,115.3,1538475,735900,115,877875,497025
12-02-2025 12:36,23168.2,409875,767700,116.2,1540875,714000,115.05,845625,497325
12-02-2025 12:36,23162.9,399675,774075,112.4,1577475,741000,119.85,869175,480900
12-02-2025 12:36,23159.95,392025,775125,109.9,1517625,780150,120.7,879000,467175
12-02-2025 12:37,23157.05,394275,774975,109.65,1514700,813975,121,887175,485175
12-02-2025 12:37,23153,403350,781575,110,1541325,838050,122.6,887250,493350
12-02-2025 12:37,23150.25,393375,781950,105.6,1541025,849900,123.2,894675,480000
12-02-2025 12:37,23151.85,409275,772050,106.8,1496100,854025,121.95,897450,459750
12-02-2025 12:37,23156.05,411525,775050,110.15,1540800,851400,120.4,891000,464325
12-02-2025 12:37,23158,407325,777525,107.55,1555500,860850,123,891225,465975
12-02-2025 12:38,23150,401850,776700,106.9,1562175,885750,123.4,903150,463725
12-02-2025 12:38,23146.7,408600,779625,107,1560375,881925,123.6,902475,464850
12-02-2025 12:38,23150,398775,782400,103.35,1555275,885600,125.9,903750,464025
12-02-2025 12:38,23146,399150,787725,101.1,1531200,892650,126.6,911100,432000
12-02-2025 12:38,23146.8,400650,786525,103.15,1470000,870300,125.45,932325,429975
12-02-2025 12:38,23140.55,397875,784200,101.45,1487775,888225,126,945300,429900
12-02-2025 12:39,23149,409500,784950,103.4,1509075,901725,125.15,936000,435000
12-02-2025 12:39,23145.45,400125,788475,101.6,1510875,911775,126.95,930000,424275
12-02-2025 12:39,23143.5,403200,784275,103.2,1519950,909450,124.9,928725,432600
12-02-2025 12:39,23146.45,405675,785625,102.75,1527975,915600,125.6,930975,432000
12-02-2025 12:39,23142.55,396375,786150,100.3,1523550,920925,127.5,932625,435300
12-02-2025 12:39,23142.6,400575,783450,101.25,1507800,922200,125.9,932625,422625
12-02-2025 12:40,23151,410850,777375,105.65,1526925,907275,121.1,924300,430875
12-02-2025 12:40,23142.5,398550,785700,101.1,1518225,885300,126.25,900300,430200
12-02-2025 12:40,23143.05,405825,784650,102,1516200,908700,125.1,907650,435225
12-02-2025 12:40,23149.85,403350,784575,101.95,1539450,906000,124.35,912000,444600
12-02-2025 12:40,23150.6,408300,781350,104.2,1546050,910350,121.75,913200,446100
12-02-2025 12:40,23153.15,409050,779850,105.2,1558725,914325,121,920925,448575
12-02-2025 12:41,23153.1,402675,782100,104.4,1558950,903150,122.75,933900,450750
12-02-2025 12:41,23148,408375,777900,104.4,1564725,906600,123.4,920850,456300
12-02-2025 12:41,23151.45,412800,775500,108.15,1573650,903825,120.25,915825,459525
12-02-2025 12:41,23154.85,415575,775275,106.45,1576800,888600,121.15,912975,465300
12-02-2025 12:41,23148.45,404700,779475,103.1,1569600,933150,124.5,920250,456300
12-02-2025 12:41,23149.95,408000,782250,103.35,1547475,953325,123.65,918150,443775
12-02-2025 12:42,23150,405300,767700,104.75,1557000,925275,121.55,919125,457575
12-02-2025 12:42,23143.75,404100,780900,100.55,1556475,936450,124.45,930825,455475
12-02-2025 12:42,23150.3,407625,782175,102.15,1530750,944025,122.9,936600,456750
12-02-2025 12:42,23146.35,402450,785100,99.15,1538025,967650,125.5,940950,459000
12-02-2025 12:42,23145.25,401775,775950,98.3,1482000,966375,125.6,938925,459675
12-02-2025 12:42,23140,401175,785550,97.15,1470000,968625,127.4,933600,449175
12-02-2025 12:43,23138.25,404175,789600,98.15,1457250,975600,126.25,924600,444300
12-02-2025 12:43,23140,402825,787650,96.65,1480200,978300,127.05,926250,441750
12-02-2025 12:43,23137.4,401775,790275,93.8,1482225,972750,128.85,933300,440550
12-02-2025 12:43,23134,403050,794925,93.5,1443150,974550,130,940875,405300
12-02-2025 12:43,23130.85,398475,793275,91.65,1457175,986775,132.55,937350,392550
12-02-2025 12:43,23125,397500,792900,89,1428750,991275,135,942225,382125
12-02-2025 12:44,23126,404100,794250,90.2,1366275,981000,132.95,942150,374550
12-02-2025 12:44,23126.1,399000,790650,89.9,1395075,993375,134.1,931125,390525
12-02-2025 12:44,23130,397200,792825,90.2,1400025,1004400,132.6,933225,389325
12-02-2025 12:44,23135.65,404025,788025,92.75,1439475,984150,129.5,920550,403275
12-02-2025 12:44,23137.05,400500,788325,93.1,1436850,951075,126.85,893700,405075
12-02-2025 12:44,23147,391050,788925,96.1,1446900,964425,121.7,898800,407625
12-02-2025 12:45,23143.1,404250,783975,95.05,1470450,938100,121.5,871800,410850
12-02-2025 12:45,23144.95,406050,782550,95.75,1465875,968700,121.25,869700,416175
12-02-2025 12:45,23149,406275,777450,99.1,1480125,964050,118.95,880800,415275
12-02-2025 12:45,23155,402300,771900,101.75,1496925,935475,116.4,882600,419025
12-02-2025 12:45,23157.15,406050,777900,101.45,1512900,931725,117.05,853800,422100
12-02-2025 12:45,23158.3,396375,777675,104.55,1519425,944925,113.7,860025,413475
12-02-2025 12:46,23164.85,409725,770100,109.5,1542150,930075,109.35,853500,418950
12-02-2025 12:46,23164,406275,779925,106,1546725,877125,112.35,821625,422325
12-02-2025 12:46,23165.65,400425,781200,107.3,1561500,898950,112.4,835275,420300
12-02-2025 12:46,23162.55,394500,778575,105.9,1563750,929475,113.9,858075,424200
12-02-2025 12:46,23163.8,402675,782025,107.25,1528275,947325,112.55,878250,449850
12-02-2025 12:46,23160,402375,778050,106.45,1551075,945075,114.7,875625,455175
12-02-2025 12:47,23160,400950,783000,107.25,1541325,947700,115.5,890775,449025
12-02-2025 12:47,23158,402975,781650,106.1,1536450,954825,116.3,897450,438600
12-02-2025 12:47,23160.05,406725,778725,106.25,1528875,965250,116.8,900600,450150
12-02-2025 12:47,23156,399150,787425,103.3,1548075,971850,119.15,907575,454875
12-02-2025 12:47,23155.55,398850,785400,102.95,1502250,980775,119.45,909975,415575
12-02-2025 12:47,23154.75,399900,787350,102.45,1509900,984825,120.1,912975,424050
12-02-2025 12:48,23152.15,398025,784500,100.85,1509075,999750,120.55,914025,430800
12-02-2025 12:48,23148.5,392475,783900,99.5,1510950,1018275,121.85,921525,432300
12-02-2025 12:48,23150.15,405375,780375,102.5,1490400,1019025,119.1,912675,428550
12-02-2025 12:48,23150.45,411000,781350,102.6,1546275,1027125,119.8,911400,434250
12-02-2025 12:48,23160,411975,777975,106.4,1597050,1013850,115.7,907350,443475
12-02-2025 12:48,23165,407700,779850,108.55,1618425,989325,113.75,899325,445650
12-02-2025 12:49,23178,410400,772500,116.85,1628100,949575,110.1,880200,448050
12-02-2025 12:49,23178.95,407550,773325,116.8,1625700,868350,110.1,854850,443550
12-02-2025 12:49,23174.8,403275,778350,116.05,1629075,852525,111.6,879225,448875
12-02-2025 12:49,23176.5,409350,777000,116.6,1614150,870825,111,889950,457275
12-02-2025 12:49,23173.15,411300,777000,113,1611825,852900,112.65,900225,461100
12-02-2025 12:49,23167.25,405000,779100,108.1,1593900,867750,115.95,910050,467025
12-02-2025 12:50,23169.5,413475,776850,111.55,1570725,873600,115.55,915900,465525
12-02-2025 12:50,23169.5,412350,773400,111.65,1587825,889275,114.2,938025,475650
12-02-2025 12:50,23176.1,409875,772575,114.05,1615050,894600,112.35,922875,491925
12-02-2025 12:50,23170.75,413625,777300,113.85,1643400,884850,112.6,910425,495900
12-02-2025 12:50,23176,413550,771900,116.65,1645800,884925,111,911925,485700
12-02-2025 12:50,23193.2,419250,769725,127.95,1665450,878550,101.85,891150,492075
12-02-2025 12:51,23208,420075,714000,130.45,1658925,618600,97.35,783750,503850
12-02-2025 12:51,23202,407775,718725,129.3,1634475,590550,98.5,767700,496275
12-02-2025 12:51,23200,394875,715875,125,1616850,613650,100.45,803250,495075
12-02-2025 12:51,23191.2,398400,721575,122.75,1588050,634275,101.5,862050,497100
12-02-2025 12:51,23195.3,410475,717525,127.85,1612800,634350,100.05,854025,516900
12-02-2025 12:51,23200,408750,720525,129,1632900,650850,98,859575,551700
12-02-2025 12:52,23200,404325,724575,127.55,1634025,652500,98.9,879375,543000
12-02-2025 12:52,23205,412125,723975,127.9,1638150,671775,98.8,883125,559800
12-02-2025 12:52,23199.35,408975,727650,124.8,1635825,686100,100.4,901200,553050
12-02-2025 12:52,23197.25,412875,728550,124.9,1621575,702150,100.75,924300,561450
12-02-2025 12:52,23196.55,410925,737700,122.5,1647525,720525,102,929775,573825
12-02-2025 12:52,23194,413400,735675,124.2,1637700,714150,100.7,923550,595950
12-02-2025 12:53,23193.1,414450,735225,125.65,1644825,714150,99.7,921975,595875
12-02-2025 12:53,23196.45,409350,732150,125.95,1568850,717150,98.3,920700,575325
12-02-2025 12:53,23199,414675,731475,125.85,1585425,716925,97.95,903375,584850
12-02-2025 12:53,23193.4,403125,743400,118.8,1554975,751200,101.6,944175,590250
12-02-2025 12:53,23188.15,402375,746475,119.2,1453800,772275,102.15,975975,582975
12-02-2025 12:53,23184.55,393525,745875,116.5,1461825,777000,104.4,978300,596775
12-02-2025 12:54,23171,403950,749025,110.1,1450050,795075,107.55,975900,577725
12-02-2025 12:54,23171,396375,756900,108.25,1360500,801450,110.95,1024500,546075
12-02-2025 12:54,23165.2,400350,758250,107.6,1374675,802875,111.75,1014150,509625
12-02-2025 12:54,23167.7,406200,755850,109.8,1411350,803925,110.15,979125,520050
12-02-2025 12:54,23170,402525,756150,107.55,1429725,815550,111.9,999000,524100
12-02-2025 12:54,23162.55,404925,758625,104.3,1422450,837450,113.6,996675,538275
12-02-2025 12:55,23162.55,411150,756600,105.15,1356375,833325,111.3,1000725,504750
12-02-2025 12:55,23170,417975,753450,106.15,1411425,808650,111.8,980025,513150
12-02-2025 12:55,23169.55,407700,756900,108.8,1435425,823125,110.8,997050,525150
12-02-2025 12:55,23167.15,411525,759450,108,1451550,840525,111.15,992925,531075
12-02-2025 12:55,23166.3,410625,766575,106.4,1465725,859650,113.5,1008450,535275
12-02-2025 12:55,23166.3,411075,765975,105.3,1473600,886050,113.75,1013850,529950
12-02-2025 12:56,23156,403350,773400,98.7,1461525,896625,119.5,1025925,518925
12-02-2025 12:56,23152.25,411525,764175,100.45,1366800,889500,117.5,1029150,476175
12-02-2025 12:56,23157.25,412725,766125,102.3,1405725,886875,114.3,1021800,489225
12-02-2025 12:56,23162.4,416325,781800,105.25,1435575,887700,111.4,984075,511800
12-02-2025 12:56,23178.8,424500,768675,108.75,1487475,853650,106.95,928350,515625
12-02-2025 12:56,23178.15,415650,773475,109.45,1499925,837225,106.75,898500,521700
12-02-2025 12:57,23171.75,416175,775500,107.1,1509825,839475,109.15,915900,519000
12-02-2025 12:57,23178.15,417600,782025,109.1,1523025,855600,107.9,920025,522450
12-02-2025 12:57,23175,415425,782175,110.4,1558050,853950,108.4,932925,534525
12-02-2025 12:57,23171.2,412725,787125,107.15,1555875,848850,110.75,940725,527400
12-02-2025 12:57,23171,413775,785850,106.75,1545525,871575,111.25,936300,525675
12-02-2025 12:57,23162.2,407250,791550,103,1522650,889650,115.05,945975,513975
12-02-2025 12:58,23165,410700,787275,103.25,1508700,902325,115.3,960000,507450
12-02-2025 12:58,23160.8,413025,786300,103.15,1534800,916350,114,959850,522675
12-02-2025 12:58,23163.95,407475,785100,102.2,1566225,916725,114.65,952425,528375
12-02-2025 12:58,23164,417825,785325,102.65,1578000,919725,113.45,941850,529425
12-02-2025 12:58,23163.95,409725,787875,103.7,1588425,918225,112.8,936000,529800
12-02-2025 12:58,23167.95,415800,781200,104.65,1605525,931650,111.65,941700,531075
12-02-2025 12:59,23167.95,415875,782325,105.65,1611900,921000,110,941625,535725
12-02-2025 12:59,23167.95,413775,786225,105.45,1617525,940875,109,954900,540225
12-02-2025 12:59,23171.25,423825,780075,109.5,1607775,932625,106.05,956025,544350
12-02-2025 12:59,23172.8,416550,786900,108.9,1593675,903150,107.65,935475,538275
12-02-2025 12:59,23171.8,415125,783900,109.9,1587900,897825,107.2,954525,544275
12-02-2025 12:59,23166.6,412200,785400,106.1,1572000,907575,109.5,955575,543600
12-02-2025 13:00,23170,413175,792750,105.95,1555125,922725,109.85,953100,547350
12-02-2025 13:00,23170,414000,785550,107.25,1576275,927975,109.2,961500,560475
12-02-2025 13:00,23172.8,420150,784650,108.2,1581225,929400,107.45,958350,566550
12-02-2025 13:00,23176.65,427125,784950,111.55,1592550,904275,104.55,921300,569175
12-02-2025 13:00,23178,419700,789375,110.5,1596450,893475,105.4,899925,576225
12-02-2025 13:00,23172.9,418425,786600,109,1594125,921675,105.6,922350,575025
12-02-2025 13:01,23185.35,425025,782475,112.65,1607625,925950,101.9,925350,589800
12-02-2025 13:01,23179.95,421950,787575,109.45,1615425,933075,104.6,933225,586575
12-02-2025 13:01,23180,421500,784200,111.2,1638750,927150,103.1,946050,590100
12-02-2025 13:01,23180,418050,786900,112.55,1649100,935400,102.15,962025,587100
12-02-2025 13:01,23190,421725,787650,113.6,1640025,942150,101.05,966750,584250
12-02-2025 13:01,23185.9,422400,788625,112.55,1638375,914925,101.35,946650,586275
12-02-2025 13:02,23178,413475,790875,107.3,1626150,944550,106.5,936075,587250
12-02-2025 13:02,23162,407475,785100,100.85,1532175,974925,112.6,958275,570750
12-02-2025 13:02,23162.4,412500,784875,102.15,1461900,962025,112.35,950475,567150
12-02-2025 13:02,23161,415275,790050,100.6,1478025,964950,114.9,937200,578025
12-02-2025 13:02,23157.15,409650,787800,99.15,1491600,995400,117.05,942000,535050
12-02-2025 13:02,23150.05,406875,786750,94.4,1452975,1001850,121,960000,520125
12-02-2025 13:03,23152.9,412125,793500,98.2,1394625,993825,115.9,945825,484500
12-02-2025 13:03,23150.35,414225,783600,98.45,1417950,1010850,118.2,942525,483600
12-02-2025 13:03,23155.25,420300,790350,97.35,1431225,1016175,119.75,954600,485625
12-02-2025 13:03,23150,403275,789000,94.85,1442625,1031625,121.55,952725,481875
12-02-2025 13:03,23154.95,419175,790500,96.25,1436925,1034625,119.2,945000,487800
12-02-2025 13:03,23154,414075,780450,99.05,1457250,1030950,115.55,933975,506700
12-02-2025 13:04,23155.95,420600,786525,100.2,1486350,1017150,113.5,913650,513975
12-02-2025 13:04,23165,418875,788550,100.05,1475550,1013925,113.6,913575,509175
12-02-2025 13:04,23159.6,415725,790800,101.15,1488000,1020450,111.55,916800,508950
12-02-2025 13:04,0,0,0,101.05,1485675,1036875,111.9,924900,534750
12-02-2025 13:04,23166.2,425400,791700,102.65,1484325,1033950,109.5,931800,549750
12-02-2025 13:04,23170,420225,790875,102.6,1498950,1015725,107.45,927900,548700
12-02-2025 13:05,23169,411975,792150,100.55,1506225,1044225,108.25,937500,554250
12-02-2025 13:05,23158,415275,797325,96.8,1492200,1082775,111.9,965400,561375
12-02-2025 13:05,23157.55,414225,794850,97.7,1451550,1082400,110.55,973425,556200
12-02-2025 13:05,23160.2,418800,791250,96.3,1474725,1090275,110.75,972600,562200
12-02-2025 13:05,23166.5,416700,785325,98.1,1582350,1097850,107.7,974625,573600
12-02-2025 13:05,23166.15,419925,798000,98.6,1587600,1100850,108,971250,577950
12-02-2025 13:06,23164.8,412875,795075,97.25,1582425,1100625,109.7,995175,573675
12-02-2025 13:06,23164,415425,792750,97.7,1586250,1106175,110.2,1000575,575325
12-02-2025 13:06,23161,417150,795000,98.6,1587150,1109100,111.5,1032525,579675
12-02-2025 13:06,23166.85,419175,781875,99.95,1599000,1102500,110.25,1036950,581100
12-02-2025 13:06,23166.45,422025,791400,103.6,1618425,1097700,106.8,997275,587475
12-02-2025 13:06,23170,425775,798225,103.2,1620075,1077150,107.2,983400,594600
12-02-2025 13:07,23175,422475,798450,105.1,1621125,1067400,106.25,998625,590550
12-02-2025 13:07,23178,426600,796275,109.65,1626225,1008675,102.95,997950,601725
12-02-2025 13:07,23186.5,426075,785175,111.8,1648950,941100,101.4,943650,606675
12-02-2025 13:07,23198.8,432225,786675,118.95,1654425,933975,95.45,915300,601950
12-02-2025 13:07,23205,430200,763950,124.3,1662525,770400,92.25,846150,583875
12-02-2025 13:07,23201.1,422250,785100,120.75,1655175,770100,93.3,877575,586125
12-02-2025 13:08,23200,423675,784575,120.65,1625850,787050,94.15,934425,573825
12-02-2025 13:08,23195.55,426900,783075,121.55,1628325,790500,93.95,953925,590175
12-02-2025 13:08,23200,426375,782025,121.7,1551450,788775,93.6,966000,604950
12-02-2025 13:08,23198.2,422100,788025,118.25,1551150,824025,95.65,987525,600075
12-02-2025 13:08,23187.45,417675,788925,113.1,1504650,835800,99.25,1020000,589200
12-02-2025 13:08,23182.3,420600,789600,109.2,1452675,849600,102.45,1023150,570900
12-02-2025 13:09,23180.25,420750,791925,110.85,1448625,852675,101,1008975,607650
12-02-2025 13:09,23171,415050,792825,104.4,1462200,869250,104.1,1005900,616575
12-02-2025 13:09,23170,419400,785025,104.5,1439400,883275,104.7,1001100,570900
12-02-2025 13:09,23172.05,419475,789075,105,1478850,882750,103.8,1016775,584175
12-02-2025 13:09,23175,424650,787200,107.35,1515675,867750,101.75,1018125,600525
12-02-2025 13:09,23178,427875,788400,107.1,1537350,880350,102,1004175,610650
12-02-2025 13:10,23180,430950,786075,110.15,1659750,865500,99.25,991800,612750
12-02-2025 13:10,23190,430500,786675,112.8,1685025,848025,97.95,974175,617250
12-02-2025 13:10,23193.15,421425,792300,114.75,1688325,863175,96.85,984075,612075
12-02-2025 13:10,23185.85,418650,785325,113.05,1702725,865875,98.2,1010475,617550
12-02-2025 13:10,23190.9,422925,789975,112.55,1693500,887625,98.5,1041975,615525
12-02-2025 13:10,23184,426375,795525,110.75,1673925,904800,99.7,1047000,618450
12-02-2025 13:11,23184,426750,798225,111.5,1659975,912675,99.2,1049925,623475
12-02-2025 13:11,23188.25,433575,791925,111.8,1669575,917550,98.75,1060875,619125
12-02-2025 13:11,23188.25,428325,787200,113.6,1679100,914775,97,1058775,628575
12-02-2025 13:11,23193.15,433200,788700,115.25,1692525,892650,95.5,1037625,644925
12-02-2025 13:11,23199,428175,789825,117.6,1712025,881400,93.35,1022700,645000
12-02-2025 13:11,23203,431250,791100,120,1719075,873600,91.8,1015875,669150
12-02-2025 13:12,23208.15,436725,791625,123,1723350,843900,90.1,936000,672075
12-02-2025 13:12,23210.75,432600,786375,126.9,1667025,817800,88.7,925650,684375
12-02-2025 13:12,23213.15,433125,789150,125.55,1675800,799800,87.75,932325,685500
12-02-2025 13:12,23201.5,421050,785550,118.1,1636725,821325,90.95,963075,682350
12-02-2025 13:12,23206.2,429075,785250,121.2,1570650,838275,90.25,985875,695550
12-02-2025 13:12,23208.05,428700,786675,121.4,1595325,839550,90.7,991950,706200
12-02-2025 13:13,23203.15,426525,788100,121.3,1597050,851325,90.8,1016475,716175
12-02-2025 13:13,23205.65,431925,786750,120.5,1617000,845250,91.05,1024875,737475
12-02-2025 13:13,23210,432675,783300,126.8,1616625,850575,88.65,1043025,735225
12-02-2025 13:13,23214.8,434325,780825,126.45,1625475,797025,86.9,1008750,751350
12-02-2025 13:13,23216.1,431850,781350,127.55,1648275,809775,86.25,996150,754650
12-02-2025 13:13,23213.65,430950,771675,125.5,1646325,785700,86.8,981525,760050
12-02-2025 13:14,23205.65,421275,775200,120.3,1613100,820275,89.9,999975,749175
12-02-2025 13:14,23200.3,421275,764025,116.7,1556850,832425,91.9,1013925,733725
12-02-2025 13:14,23195.85,424650,777675,115.2,1536750,836550,92.95,1023525,718500
12-02-2025 13:14,23197,437100,770700,115.95,1552875,847200,92.95,1021575,718800
12-02-2025 13:14,23194.15,435225,766200,114.8,1576200,856800,92.7,1035675,736575
12-02-2025 13:14,23199.35,433575,768825,116.55,1584225,867150,90.65,1028550,744525
12-02-2025 13:15,23203.85,429525,766650,115.55,1610250,852675,91.3,910275,744900
12-02-2025 13:15,23195.6,426075,771450,109.95,1615725,881475,95.1,921750,732075
12-02-2025 13:15,23189.15,428850,767625,111.8,1605975,890700,94.1,931800,682200
12-02-2025 13:15,23186.4,429375,773025,108.3,1614075,893100,96.7,975975,683175
12-02-2025 13:15,23185,426825,770250,109.2,1625625,905400,96.45,1000425,660750
12-02-2025 13:15,23187,432375,771450,111.6,1663500,900375,94.35,979200,686100
12-02-2025 13:16,23188,433800,778725,108,1688550,911400,96.75,958425,722850
12-02-2025 13:16,23193.85,431100,770550,111.2,1705200,916950,94.45,944700,760875
12-02-2025 13:16,23193.45,436125,774300,111.8,1740900,924900,94.5,946350,762300
12-02-2025 13:16,23187.7,432975,776400,111.25,1748625,922800,94.45,941625,763875
12-02-2025 13:16,23190.45,435225,772275,109.9,1755750,928125,95.45,938100,744525
12-02-2025 13:16,23186.45,435975,775500,110.2,1740375,945525,95.25,958650,709875
12-02-2025 13:17,23190,433800,779475,109.9,1756350,952875,95.35,964800,713550
12-02-2025 13:17,23193.45,435600,776325,111.15,1759875,957525,94.05,952725,714675
12-02-2025 13:17,23197.8,436050,777000,113.35,1759950,962025,91.15,950700,725175
12-02-2025 13:17,23198.95,440400,781350,114.85,1757775,915900,90.9,910125,730575
12-02-2025 13:17,23204.25,436875,779925,117.05,1778325,910950,90,913200,743850
12-02-2025 13:17,23205,434550,781800,119.1,1725375,898575,88.45,916275,742875
12-02-2025 13:18,23205,440550,780000,120.75,1721400,896325,88.6,924225,746550
12-02-2025 13:18,23205,431625,779775,119.35,1701750,891825,89.3,948450,752775
12-02-2025 13:18,23201.15,437100,778650,118.1,1696350,903225,91.3,967875,751650
12-02-2025 13:18,23201.1,434925,787800,116.8,1683300,920175,91.6,990450,745950
12-02-2025 13:18,23203.65,440625,782175,120.55,1700250,915525,89.85,983025,758850
12-02-2025 13:18,23208,443025,787725,121,1713525,886275,89.2,970575,762900
12-02-2025 13:19,23207,436950,784725,120.75,1737450,884325,90,970125,768225
12-02-2025 13:19,23204.55,434925,785550,117.8,1702050,909300,91.3,997050,756975
12-02-2025 13:19,23204.05,432600,792450,115.25,1685700,933000,91.25,1003725,752400
12-02-2025 13:19,23199.2,428025,785850,114,1640175,948000,93,1024125,738750
12-02-2025 13:19,23204.1,433425,787125,116.35,1691625,943575,91.05,1027950,742650
12-02-2025 13:19,23203.05,435150,791100,114.5,1733025,961950,92.3,1052625,752100
12-02-2025 13:20,23200.4,430500,791775,114.15,1719000,981825,92.45,1070850,762975
12-02-2025 13:20,23197.05,434100,791475,114.8,1721850,985950,91.85,1074750,755475
12-02-2025 13:20,23195,436125,793500,112.05,1740825,996825,93.05,1073250,770175
12-02-2025 13:20,23196.4,427050,789675,110.85,1694025,1005000,94,1079850,749100
12-02-2025 13:20,23194.15,432000,794325,112.4,1668450,1010550,94.7,1098675,734625
12-02-2025 13:20,23197.2,439500,786675,116,1664325,998475,92.35,1072425,686550
12-02-2025 13:21,23203,439650,788100,116.85,1682700,984525,91.55,1067550,708750
12-02-2025 13:21,23204,434625,783825,118.65,1688100,979725,90.55,1063950,712125
12-02-2025 13:21,23205,434250,783750,119.45,1702275,981375,89.65,1040700,737025
12-02-2025 13:21,23214.6,438000,777900,123.15,1711650,959475,87.75,1004400,745425
12-02-2025 13:21,23213.45,437700,780075,121.65,1708125,908700,89,1005600,749700
12-02-2025 13:21,23210.65,436200,786825,119.9,1695600,931275,89.25,1031925,750225
12-02-2025 13:22,23201,428250,788325,116.55,1695075,941025,90.6,1045200,754725
12-02-2025 13:22,23207.85,427500,784875,117.8,1676475,946800,90.2,1077900,772650
12-02-2025 13:22,23208.45,430350,790950,118.65,1688850,960975,89.05,1084875,778800
12-02-2025 13:22,23204.35,419625,792825,115.5,1701300,960225,91.35,1082625,780150
12-02-2025 13:22,23201.05,429675,790725,116.25,1716150,973650,90.3,1087875,776625
12-02-2025 13:22,23210,438600,793425,120.2,1742175,983400,87.95,1088475,783000
12-02-2025 13:23,23209.55,427425,788625,118.1,1745925,961575,89.2,1081425,784500
12-02-2025 13:23,23205,432150,789000,119.3,1751025,975300,89,1080900,779250
12-02-2025 13:23,23214,437400,788250,123.8,1758225,973650,84.65,1079775,785025
12-02-2025 13:23,23217.6,439500,780450,123.35,1748475,828150,85.55,940725,793875
12-02-2025 13:23,23217,439950,785550,124.8,1728750,853800,83.75,969450,809775
12-02-2025 13:23,23219,436200,779025,127.8,1761825,851850,82.1,986175,795000
12-02-2025 13:24,23222.85,433350,776250,124.85,1779075,828300,82.3,942675,797625
12-02-2025 13:24,23224,438600,769125,126.05,1754775,827100,80.8,980175,791775
12-02-2025 13:24,23222,440175,766650,126.4,1764675,848550,80.9,922875,801525
12-02-2025 13:24,23222.4,428400,770550,123.9,1782375,856425,81,921300,826650
12-02-2025 13:24,23222.4,432750,773850,123.1,1763025,875850,81,920475,830025
12-02-2025 13:24,23214.45,435975,779475,118.25,1750350,890625,84.6,964125,824925
12-02-2025 13:25,23213.05,429975,777300,118.15,1677375,893400,85.9,978525,774300
12-02-2025 13:25,23213.05,428625,780525,120.6,1686750,907350,83.6,987225,794850
12-02-2025 13:25,23215,437400,775650,120.45,1708350,902100,84.25,951300,807750
12-02-2025 13:25,23211.85,432075,778725,118.7,1721550,918225,86.2,982950,812025
12-02-2025 13:25,23208.9,430800,777150,114.6,1702725,937650,87.4,1005450,800550
12-02-2025 13:25,23207.2,434625,776400,119.5,1705800,934350,84.65,1018050,806325
12-02-2025 13:26,23215,439200,773700,120.95,1729950,935850,82.8,990300,825300
12-02-2025 13:26,23214,438075,781500,122,1743375,939750,82.3,992700,827250
12-02-2025 13:26,23215.7,442050,772650,122.3,1747050,935325,81.75,993975,821100
12-02-2025 13:26,23219,435225,769725,124,1759050,937350,80.25,990525,834075
12-02-2025 13:26,23218,438150,771225,123.6,1762050,942225,80.55,966975,845175
12-02-2025 13:26,23219,435375,774450,122.15,1765125,946875,81.5,990000,852975
12-02-2025 13:27,23220.6,431475,775425,120.75,1750500,965550,81.6,1008075,857775
12-02-2025 13:27,23215,427050,781500,119.4,1723500,977775,83.65,1043475,831300
12-02-2025 13:27,23210.9,432600,781575,120.8,1733700,976425,83.3,1056750,846300
12-02-2025 13:27,23220,432075,779925,124,1749150,987225,81.4,1062900,851550
12-02-2025 13:27,23216.45,429450,775725,123.7,1756650,963750,80.85,1043175,858300
12-02-2025 13:27,23224.9,430275,765150,129.85,1758450,921900,76.3,1033500,857925
12-02-2025 13:28,23227.5,431550,766425,126.55,1755900,782775,78.05,902175,852975
12-02-2025 13:28,23221,429975,768750,123.55,1735950,804600,79.4,931875,856200
12-02-2025 13:28,23223.45,429600,768300,123.4,1752525,814725,79.35,954825,855525
12-02-2025 13:28,23211.6,431325,770175,119.55,1761750,832050,82.1,981675,855225
12-02-2025 13:28,23207.5,427650,774225,116.15,1669275,840450,85.55,987150,836400
12-02-2025 13:28,23206.05,428250,768225,117.5,1653375,836175,85.5,985050,805350
12-02-2025 13:29,23206.2,427350,767550,118.15,1722150,841275,85.45,993075,824250
12-02-2025 13:29,23206.8,430050,771900,117.2,1723875,849600,86.3,982125,833325
12-02-2025 13:29,23213,427125,767325,120.1,1739850,858150,83.75,984825,845400
12-02-2025 13:29,23213.9,440250,766950,119.55,1754925,856650,83.45,936450,854400
12-02-2025 13:29,23219,434475,766800,122.95,1754925,886425,80.7,947325,860400
12-02-2025 13:29,23219.8,441300,767325,124.25,1770225,865425,79.9,942675,862800
12-02-2025 13:30,23222,434775,764100,123,1736400,848175,78.9,942225,868350
12-02-2025 13:30,23220,427875,765525,123.8,1701600,865650,78.25,962775,869550
12-02-2025 13:30,23225,435000,759675,123.4,1707075,868500,77.15,943725,873600
12-02-2025 13:30,23226,432525,764175,127.45,1714950,842175,75.25,945375,874950
12-02-2025 13:30,23229,435900,759825,129.6,1724325,838500,73.9,880050,880125
12-02-2025 13:30,23229.45,430800,760800,126.1,1722375,792375,74.75,884325,884625
12-02-2025 13:31,23221.6,426525,768450,123.4,1678200,814950,76.3,936975,888600
12-02-2025 13:31,23214.55,425250,769200,120.3,1665375,832650,78.8,970425,876525
12-02-2025 13:31,23220,429450,766350,121.8,1641375,847500,78.4,978975,864075
12-02-2025 13:31,23221,429975,763200,121.4,1660050,857775,78.1,968100,869550
12-02-2025 13:31,23218.55,428475,769500,119.3,1687200,867600,79.5,954000,885450
12-02-2025 13:31,23217,428850,769725,117.55,1685025,882750,80.25,967500,899175
12-02-2025 13:32,23215.2,432825,772650,116.75,1676700,877650,83.05,973050,893775
12-02-2025 13:32,23210,424050,771600,115.65,1650825,880800,83.9,993525,845100
12-02-2025 13:32,23216.8,429825,768000,117.95,1621950,884100,82.35,982800,867150
12-02-2025 13:32,23212.95,425850,770250,117.4,1654500,921375,82.7,968475,873075
12-02-2025 13:32,23216.35,431175,771300,119,1674225,917850,82.1,991725,881700
12-02-2025 13:32,23216.2,428475,769275,119.7,1682100,921600,81.35,983625,895275
12-02-2025 13:33,23220.25,434475,764325,122.2,1689825,914175,79.05,977550,909150
12-02-2025 13:33,23218.5,429975,765450,121.1,1683825,916425,80.1,971700,903075
12-02-2025 13:33,23230,434850,761775,126.7,1687500,929325,75,975975,926250
12-02-2025 13:33,23235.25,432150,743175,129.8,1699275,813150,71.9,859725,935850
12-02-2025 13:33,23236,435825,738975,131.8,1706475,725925,70.9,779925,945975
12-02-2025 13:33,23233.7,432075,738900,126.3,1694550,734025,72.65,813375,953325
12-02-2025 13:34,23225.4,425325,743475,123.9,1663125,753000,74.4,869700,969525
12-02-2025 13:34,23231,428700,746400,124.9,1678575,762600,74.25,879450,975975
12-02-2025 13:34,23224.45,427950,745575,124.75,1684875,778350,74.35,894225,997200
12-02-2025 13:34,23223.3,429900,743250,123.15,1695225,790725,74.75,909675,1048050
12-02-2025 13:34,23226.9,429450,750600,121.75,1704675,807000,74.85,937500,1116675
12-02-2025 13:34,23225,424350,749925,123.3,1725375,804525,74.75,985650,1077900
12-02-2025 13:35,23225,423450,748275,124.75,1745625,806550,73.75,981675,1057050
12-02-2025 13:35,23222.5,420825,758025,119.65,1742325,810300,76.15,982125,1054725
12-02-2025 13:35,23217,421950,762150,116.9,1663425,822675,79.6,994350,1016025
12-02-2025 13:35,23213,427800,763875,117.45,1636500,842850,80.4,1009650,980025
12-02-2025 13:35,23216,426150,761100,117.55,1673175,849975,80.35,983925,967725
12-02-2025 13:35,23211,428925,762300,117.75,1698450,846075,80.7,981225,964125
12-02-2025 13:36,23210,423600,760200,116.25,1704225,854025,81.95,992700,957675
12-02-2025 13:36,23209.35,432750,760425,114.25,1686300,872025,81.55,1006725,925950
12-02-2025 13:36,23212.2,425475,761325,114.8,1612425,886350,83.5,990075,906075
12-02-2025 13:36,23214,430500,758475,117.7,1629675,892500,80.75,997425,931575
12-02-2025 13:36,23219.95,439650,750675,119.95,1666725,890250,78.7,982350,992025
12-02-2025 13:36,23221.35,437175,755775,122.05,1690650,887775,76.75,950550,990225
12-02-2025 13:37,23222.25,428775,749475,121,1693800,903825,76.85,935325,995550
12-02-2025 13:37,23222,431625,751650,120.4,1693875,911550,77,1010925,983925
12-02-2025 13:37,23222,429675,751200,121.25,1697700,924675,76.5,1025925,966225
12-02-2025 13:37,23225.45,432825,745500,123.7,1701300,923475,74,1016625,975600
12-02-2025 13:37,23224.45,424725,743700,124.75,1713600,904500,73.45,953325,979800
12-02-2025 13:37,23227.45,433800,745650,122.9,1700475,882375,73.1,953100,1013925
12-02-2025 13:38,23226,430950,747675,121.7,1703850,884625,73.95,983550,1018200
12-02-2025 13:38,23222.4,426975,748650,119.25,1683075,902250,75.85,1026825,1015725
12-02-2025 13:38,23220,432750,747450,118.8,1663950,919200,75.95,1048950,1028925
12-02-2025 13:38,23220,425025,744450,119.2,1671000,929700,75.2,1045050,1059600
12-02-2025 13:38,23220.6,432525,750450,119.45,1670475,931125,73.8,1059375,1057875
12-02-2025 13:38,23223,428025,749475,118.95,1680150,934800,73.75,1040625,1062450
12-02-2025 13:39,23224.55,435450,743850,118.4,1690275,943200,72.15,1027575,1070025
12-02-2025 13:39,23224.55,431250,749100,118.65,1690050,943275,71.6,993975,1073100
12-02-2025 13:39,23225.25,431250,747150,120.9,1700625,954000,70.4,1004325,1080975
12-02-2025 13:39,23228,431325,745425,120.6,1709325,949350,69.6,949725,1093350
12-02-2025 13:39,23229,432450,746550,122.8,1721175,948825,69.1,968625,1093875
12-02-2025 13:39,23230,433500,744300,121.5,1724550,949650,70.55,998775,1083150
12-02-2025 13:40,23227.05,432000,745275,121.6,1704675,966000,71.8,1026375,1091550
12-02-2025 13:40,23227.55,434550,747150,124.55,1715100,960150,71.6,1041750,1084200
12-02-2025 13:40,23227.95,429375,742200,122.75,1722375,885075,71.85,1031325,1096350
12-02-2025 13:40,23225.6,428400,746775,119.7,1723875,894900,73.9,1047600,1099875
12-02-2025 13:40,23224.95,431025,747600,120.35,1705725,910125,73,1058400,1073925
12-02-2025 13:40,23220,434175,748575,118.3,1710600,918675,73.9,1065225,1089150
12-02-2025 13:41,23223.3,431100,750900,117.65,1663350,927375,74.85,1050825,1038075
12-02-2025 13:41,23215.05,429225,751350,116.3,1673400,936000,76.5,1062000,1013025
12-02-2025 13:41,23212.95,429225,751950,114.55,1662900,968925,77.6,1089300,1013775
12-02-2025 13:41,23202,423600,747375,109.15,1623075,974025,81.45,1083750,999450
12-02-2025 13:41,23197.65,415875,752550,109.05,1447575,966900,84,1084500,945075
12-02-2025 13:41,23201.05,431400,741000,111.2,1458825,945075,83.5,1083825,873750
12-02-2025 13:42,23202.9,430425,738450,112.85,1481925,945225,82.25,1057050,913050
12-02-2025 13:42,23204.2,431625,737175,110,1487850,962625,85,1103625,944250
12-02-2025 13:42,23195.7,424875,738000,106.4,1475175,988125,87.5,1102875,881625
12-02-2025 13:42,23187.75,415350,740925,104.45,1441425,1004175,89.3,1102650,810300
12-02-2025 13:42,23188.95,436800,738975,104.45,1446450,987000,95,1119150,813000
12-02-2025 13:42,23180.6,447075,738675,101.25,1430700,987300,94.85,1121400,710850
12-02-2025 13:43,23167.7,431400,740625,96,1363875,976050,100.7,1131000,701250
12-02-2025 13:43,23172.7,420750,734475,96.1,1276800,966825,101.45,1092300,557925
12-02-2025 13:43,23176.95,439950,729150,94.95,1326225,950325,99.8,1052550,601425
12-02-2025 13:43,23166,430650,730950,92.3,1316850,957750,106.2,1086675,604125
12-02-2025 13:43,23163.75,440550,727275,92.5,1302975,971025,103.9,1101975,591525
12-02-2025 13:43,0,0,0,0,0,0,0,0,0
12-02-2025 13:44,0,0,0,0,0,0,0,0,0
12-02-2025 13:44,0,0,0,0,0,0,0,0,0
12-02-2025 13:44,23207.95,445500,710925,108.8,1431075,877200,82,844950,667200
12-02-2025 13:44,23209.45,449100,710025,110.75,1448325,873450,82.6,879300,665850
12-02-2025 13:44,23203.3,452175,727725,112.55,1451850,886950,83.55,961650,648675
12-02-2025 13:44,23202,447675,730725,107.55,1454625,910050,87.15,1017375,653625
12-02-2025 13:45,23191.6,439350,733050,101.75,1391775,956325,91.8,1029225,653700
12-02-2025 13:45,23187.55,438150,735000,103.65,1357500,959775,91.8,1033575,665475
12-02-2025 13:45,23200,419100,728700,108,1406100,941775,88.55,1038150,695625
12-02-2025 13:45,23197.7,414600,732300,108.5,1427475,952125,87.35,1015275,717225
12-02-2025 13:45,23195.1,449325,731625,108.2,1448775,971925,87.85,1017600,740400
12-02-2025 13:45,23194.4,447300,735450,105,1456650,994650,91.15,1046100,740400
12-02-2025 13:46,23188.4,442950,739275,104.9,1440150,987150,90.8,1055775,726225
12-02-2025 13:46,23186.1,436125,736275,101.3,1449000,1006950,93.4,1070925,743100
12-02-2025 13:46,23183.85,445875,739050,102.15,1418475,1014450,92.4,1091025,729900
12-02-2025 13:46,23175,429825,739950,98.25,1401450,1018725,96.85,1100250,714525
12-02-2025 13:46,23180,441975,732600,100,1422900,1031475,93.7,1102875,733050
12-02-2025 13:46,23180,450825,735525,98.15,1456950,1026825,95.15,1091700,761850
12-02-2025 13:47,23175.05,445425,737550,96,1450350,1037325,96.95,1098075,734925
12-02-2025 13:47,23177.05,441450,735000,97.9,1449300,1020975,95.45,1112850,735900
12-02-2025 13:47,23178.4,449400,736800,98.4,1464300,1035750,93.3,1109700,761100
12-02-2025 13:47,23182.1,447975,734100,99.15,1477125,1041825,93.15,1079775,780900
12-02-2025 13:47,23181.85,450150,736575,97.4,1500300,1036425,94.05,1066875,788550
12-02-2025 13:47,23178.8,449400,740400,95.85,1476300,1048350,95.5,1084950,764475
12-02-2025 13:48,23173.6,439650,739725,95.7,1476450,1063875,97.85,1105275,735825
12-02-2025 13:48,23170,437925,738300,94.6,1433625,1069425,98.9,1117800,723600
12-02-2025 13:48,23170,442575,741450,94.05,1459800,1087350,99.95,1108425,735000
12-02-2025 13:48,23166.1,435900,742125,94.1,1470675,1070175,103.2,1128525,732450
12-02-2025 13:48,23168.35,439275,740550,91.8,1457325,1069725,104.4,1123050,719475
12-02-2025 13:48,23152.2,445350,743775,85.55,1466400,1078650,111.65,1117350,750675
12-02-2025 13:49,23151.1,422175,746325,85.9,1320600,1095000,111.65,1139175,529575
12-02-2025 13:49,23157.05,435600,737100,87.35,1363950,1072575,107.9,1073400,516750
12-02-2025 13:49,23146.9,431100,736500,83.5,1373100,1101000,114.45,1058475,525900
12-02-2025 13:49,23141.35,425400,741525,84.25,1341525,1108350,114.15,1084725,496800
12-02-2025 13:49,23140.25,425550,746775,80.5,1352550,1086150,119.4,1094850,488550
12-02-2025 13:49,23142.4,426075,744675,79.5,1321800,1092225,118.55,1078275,505725
12-02-2025 13:50,23136.2,432525,744300,77.5,1315350,1082400,124.15,1079475,518250
12-02-2025 13:50,23134.6,422250,751800,75.35,1281075,1090350,124.5,1062750,445800
12-02-2025 13:50,23140.8,424800,748050,80,1285125,1088250,116.6,1059300,452250
12-02-2025 13:50,23150.7,427125,740400,83.75,1311450,1018500,107.1,1006500,494700
12-02-2025 13:50,23153.7,427875,728400,85.75,1340625,992925,109.35,937200,493425
12-02-2025 13:50,23151.25,432900,735075,84.4,1384875,979500,111.3,950100,509250
12-02-2025 13:51,23142.85,424200,740175,81.05,1337850,995175,114.45,976350,500475
12-02-2025 13:51,23145.85,430200,735900,83.75,1383825,1002450,111.75,978150,519225
12-02-2025 13:51,23159,430650,727650,86.3,1432200,1005300,106.65,965850,584775
12-02-2025 13:51,23149.9,418125,738450,83.7,1431375,1029000,112,937125,574800
12-02-2025 13:51,23147,430950,736950,83.9,1448700,1047975,112.4,978225,572175
12-02-2025 13:51,23144,427125,740325,80.95,1456200,1068075,116.75,997125,553350
12-02-2025 13:52,23144.55,428250,737025,83.7,1445700,1067025,113.1,1011300,537750
12-02-2025 13:52,23146,436650,738000,82.6,1462500,1125750,113.15,1017600,548025
12-02-2025 13:52,23150,439050,732675,83.85,1472400,1113075,111.55,1027875,562425
12-02-2025 13:52,23150,442050,738600,83.1,1489425,1116525,112,1024125,567225
12-02-2025 13:52,23142,433425,737700,80.4,1479225,1065750,114.85,1034625,564600
12-02-2025 13:52,23144.35,431775,741600,79.6,1410750,1076175,117.7,1051875,527550
12-02-2025 13:53,23135.05,419175,741000,77.55,1390950,1108050,119.4,1063275,512250
12-02-2025 13:53,23143.2,431775,739875,80.05,1395825,1114650,117.2,1060200,513000
12-02-2025 13:53,23141.2,433425,738300,81.2,1479600,1132425,114,1061025,524925
12-02-2025 13:53,23146.05,432300,734400,82.9,1506900,1082775,111.75,1027050,550350
12-02-2025 13:53,23147.15,432150,734550,83.15,1512225,1082025,112,1007925,551700
12-02-2025 13:53,23149.75,418575,741150,83.55,1499775,1093500,112.15,1053000,553500
12-02-2025 13:54,23145.4,420600,735975,81.8,1493925,1112400,114.4,1051950,558150
12-02-2025 13:54,23144.65,417150,738225,79.75,1461900,1123650,117.7,1070175,555300
12-02-2025 13:54,23140.8,416250,742875,77.2,1472025,1131900,120.6,1080675,547350
12-02-2025 13:54,23142.35,398850,737700,77.75,1452225,1130625,117.5,1080300,531975
12-02-2025 13:54,23142.85,395850,738300,78.25,1459800,1128150,117.3,1084500,551025
12-02-2025 13:54,23132.2,390075,739650,73.25,1447875,1133400,123.5,1085325,549975
12-02-2025 13:55,23140.3,388350,743700,76.9,1434450,1139025,118.8,1098675,507825
12-02-2025 13:55,23134.05,389325,743100,76.25,1460025,1132050,118.2,1061925,524175
12-02-2025 13:55,23140.35,390000,741225,76.35,1469025,1137300,118.3,1055925,541725
12-02-2025 13:55,23128,393000,769875,74.05,1483725,1150275,120.5,1060800,567450
12-02-2025 13:55,23127.85,382275,775950,70.75,1409025,1167000,125.5,1078125,527175
12-02-2025 13:55,23110,360525,784575,66.5,1374000,1173600,139.45,1092225,487800
12-02-2025 13:56,23107.45,365625,787650,64.25,1268625,1173225,140.8,1086375,360075
12-02-2025 13:56,23111.05,377025,772200,65.8,1266525,1160550,134.6,1072875,378600
12-02-2025 13:56,23113,382800,772050,67.2,1328175,1135650,130.2,1026825,394575
12-02-2025 13:56,23112.35,377850,774075,67.7,1349475,1136700,133.3,1019400,397500
12-02-2025 13:56,23115,382050,773175,67.85,1361925,1123800,134.1,1020450,406350
12-02-2025 13:56,23109.95,376125,773925,68.25,1380450,1128975,132.6,1028325,414825
12-02-2025 13:57,23132,376425,758550,72.2,1386900,1109400,121.1,1009725,430500
12-02-2025 13:57,23130,368175,768750,73.85,1411125,1059300,121.55,929400,434850
12-02-2025 13:57,23135,371400,766275,74.05,1448100,1071300,119.35,915675,453750
12-02-2025 13:57,23131.25,363375,770775,71.65,1456275,1093275,122.65,925875,446625
12-02-2025 13:57,23130,376500,770550,74.25,1430850,1100550,120.25,954750,457575
12-02-2025 13:57,23134.95,371850,774075,74.7,1467675,1102725,121.4,953700,461325
12-02-2025 13:58,23130,369450,776850,71.55,1465950,1104600,123.1,942675,466425
12-02-2025 13:58,23122.4,374775,777675,70.9,1423950,1131150,124.65,957825,456000
12-02-2025 13:58,23122.05,372975,782025,70.8,1416300,1134900,125.1,963525,471000
12-02-2025 13:58,23127.25,374925,783600,69.65,1428225,1152075,126.15,964050,476100
12-02-2025 13:58,23116.65,374250,786300,66.25,1363050,1153500,130.65,961725,480225
12-02-2025 13:58,23114.45,374400,779550,67.65,1320225,1152975,128.9,965100,431700
12-02-2025 13:59,23113.95,373800,782400,65.4,1337100,1160175,132.95,978750,441000
12-02-2025 13:59,23102.95,368025,785100,62.25,1286700,1171275,139,981675,415125
12-02-2025 13:59,23101.05,367950,782550,62.05,1272150,1181925,137.8,978975,391575
12-02-2025 13:59,23099.75,368625,780975,61.8,1281750,1186800,139.1,972450,383850
12-02-2025 13:59,23100,359925,777000,60,1252200,1199550,141.25,966750,358650
12-02-2025 13:59,23107,363900,783075,60.7,1256550,1181475,139.4,961950,370500
12-02-2025 14:00,23106.8,367350,778050,61.5,1275825,1186575,137.3,948675,390675
12-02-2025 14:00,23101,361800,778800,60.35,1282275,1208250,138.2,971550,411675
12-02-2025 14:00,23102,358500,780525,60.35,1266375,1218450,140,975525,407025
12-02-2025 14:00,23095,365100,781125,60.2,1289325,1209450,142.35,976425,393150
12-02-2025 14:00,23097,369750,778425,59.45,1305225,1224900,143.4,976650,393375
12-02-2025 14:00,23100,367275,783600,58.7,1309500,1225275,142.4,977400,380100
12-02-2025 14:01,23100,376425,776625,61.4,1333500,1216425,137.35,973650,393600
12-02-2025 14:01,23098.8,371250,774525,60.85,1334325,1174125,139.9,935025,399600
12-02-2025 14:01,23103.55,376425,779325,61.9,1370250,1156125,138.5,941925,404100
12-02-2025 14:01,23105.55,378825,783075,63.2,1387125,1164525,135.4,938475,427425
12-02-2025 14:01,23110,377175,779925,63.2,1395525,1159875,132.65,935475,430725
12-02-2025 14:01,23120,378075,774000,66.5,1432275,1163325,125.4,929850,430350
12-02-2025 14:02,23119,375375,781425,65.8,1423275,1132275,129.05,894750,434850
12-02-2025 14:02,23115,372075,776625,64.6,1419150,1174800,131,892725,422925
12-02-2025 14:02,23118,375525,778500,65,1378500,1203825,131.15,906000,424200
12-02-2025 14:02,23108.45,368325,781275,61,1394175,1219200,137.7,899925,423975
12-02-2025 14:02,23101,370500,782475,61.25,1367700,1230900,139.55,904950,395775
12-02-2025 14:02,23102.65,363975,781425,59.75,1383600,1227525,141.6,908550,398550
12-02-2025 14:03,23100,366450,782025,58.35,1371600,1234275,143.45,915375,418800
12-02-2025 14:03,23106,373875,777525,60.15,1421400,1249425,139.7,908325,437625
12-02-2025 14:03,23111,374775,776325,61.4,1418700,1240500,136.45,918000,445725
12-02-2025 14:03,23107.5,374100,783075,61.9,1404600,1252575,136.9,935925,443925
12-02-2025 14:03,23107.5,371025,787575,62.05,1430175,1251075,136.9,935250,466050
12-02-2025 14:03,23102.55,366975,787575,59.1,1408725,1257000,141.45,931425,449325
12-02-2025 14:04,23101.7,368175,786675,59.7,1398675,1266450,140.55,946425,432375
12-02-2025 14:04,23100,368100,779250,60.3,1416750,1259925,141.05,938550,443925
12-02-2025 14:04,23109,373125,773775,62.95,1437525,1257000,135.4,939600,457950
12-02-2025 14:04,23109,374700,782025,62.9,1446300,1257375,135.65,928050,458325
12-02-2025 14:04,23113,369150,784575,62.5,1441575,1255650,136.15,939000,458550
12-02-2025 14:04,23115,375075,781650,64.1,1450725,1225200,131.45,938550,464100
12-02-2025 14:05,23123.8,375525,776250,66.7,1455375,1216950,128.9,913425,459000
12-02-2025 14:05,23119.75,374325,782025,66,1474500,1134975,131,898200,461250
12-02-2025 14:05,23110,367950,786750,64.05,1463100,1155375,134.2,910500,462225
12-02-2025 14:05,23106.45,370725,793275,60.7,1433100,1169625,138.25,923100,462225
12-02-2025 14:05,23106.6,365400,792525,61.25,1410300,1188075,137.15,928950,449475
12-02-2025 14:05,23114,377775,752700,66.2,1438050,1168575,128.65,914775,452550
12-02-2025 14:06,23128.55,376425,776775,67.95,1459950,1153200,126.3,870300,454500
12-02-2025 14:06,23124.95,380325,776625,68.75,1466325,1129650,123.3,867375,456150
12-02-2025 14:06,23129.75,384375,784725,70.35,1487925,1128825,119.55,847875,462825
12-02-2025 14:06,23126.45,387300,790275,68.1,1448775,1138950,124.85,846225,452700
12-02-2025 14:06,23125,381225,790500,68.8,1445850,1154025,124.65,861300,461100
12-02-2025 14:06,23118.5,377025,797475,63.6,1446225,1172325,129.2,867150,455100
12-02-2025 14:07,23111,370200,799650,61.75,1398975,1194150,133.45,879000,451275
12-02-2025 14:07,23104.5,370125,798225,61.8,1380300,1207125,134.8,878400,450900
12-02-2025 14:07,23102,373575,796575,57.95,1386300,1240800,140.2,895125,453000
12-02-2025 14:07,23094,368550,800100,54,1356525,1243425,144.45,903450,413400
12-02-2025 14:07,23075.55,341700,794625,50.7,1224900,1250025,159.65,910800,364575
12-02-2025 14:07,23077.35,352875,791775,51.45,1187025,1257975,153.4,905100,280200
12-02-2025 14:08,23087.05,357150,790050,53,1216200,1221975,153.25,863400,301275
12-02-2025 14:08,23078.65,358275,803175,53.55,1242675,1239000,154.3,874200,306150
12-02-2025 14:08,23078.05,360150,802350,52.9,1259925,1252875,154.1,882450,313575
12-02-2025 14:08,23081.85,361125,794400,54,1302525,1258950,151.2,868050,324750
12-02-2025 14:08,23083.8,359775,800025,53.45,1351200,1260525,153.05,855000,334350
12-02-2025 14:08,23081.3,356550,805575,53.55,1320900,1266300,153.15,858225,330150
12-02-2025 14:09,23076.05,352725,804975,52.5,1359000,1286850,157.05,871575,316125
12-02-2025 14:09,23076.95,359700,801225,50.75,1334250,1302000,160.8,897450,315600
12-02-2025 14:09,23071.05,361575,810675,51.3,1344375,1317675,156.85,904875,313800
12-02-2025 14:09,23070,359475,803025,50.15,1366950,1319250,156.6,893400,324450
12-02-2025 14:09,23070,350325,802875,49.05,1332450,1320975,163,901650,321300
12-02-2025 14:09,23056.05,342975,804975,48.75,1343775,1293975,170.4,919950,311400
12-02-2025 14:10,23064.95,360300,797850,50.85,1394250,1286850,161.15,925725,288375
12-02-2025 14:10,23065,355125,807150,51.55,1389075,1302600,159.25,885750,295950
12-02-2025 14:10,23063.95,360375,804075,50.4,1410150,1316250,161.7,879675,300825
12-02-2025 14:10,23068.8,361875,807375,50,1400550,1320300,160.25,885975,308625
12-02-2025 14:10,23067.3,361800,809550,51,1412025,1305000,162,872550,310350
12-02-2025 14:10,23072.75,363000,803550,51.1,1421100,1315800,158.25,873975,308925
12-02-2025 14:11,23075.95,360225,807750,51.7,1446750,1244475,155.75,867825,304350
12-02-2025 14:11,23075,355125,803475,51,1441350,1272825,159.1,867000,305625
12-02-2025 14:11,23075,359625,803100,51.3,1446150,1251075,158.85,877800,311475
12-02-2025 14:11,23074.95,359700,801600,51.4,1465050,1248300,157.2,881475,313425
12-02-2025 14:11,23075.7,363000,804375,50.75,1451325,1251675,158.2,879225,316125
12-02-2025 14:11,23081.85,365475,801075,53,1451850,1246575,151.65,870600,322950
12-02-2025 14:12,23085,363150,797250,55.45,1475400,1229850,150.75,829575,321075
12-02-2025 14:12,23084,358650,796875,54.7,1481550,1196625,152.45,834525,324825
12-02-2025 14:12,23080,357075,804225,53.05,1466775,1217925,157.15,853950,320700
12-02-2025 14:12,23077.95,359175,806025,53.5,1442700,1227450,155.55,859350,311850
12-02-2025 14:12,23080,360525,805725,54.2,1479225,1233450,154.55,857625,319200
12-02-2025 14:12,23087,369600,795600,57.25,1499925,1219650,146.9,854100,330525
12-02-2025 14:13,23097.75,372675,804225,58.6,1511850,1169625,143.9,818850,334350
12-02-2025 14:13,23094.15,370200,804675,56.4,1492725,1180350,148.2,809775,327900
12-02-2025 14:13,23095,363900,800475,57.5,1467975,1196325,145.6,811350,330150
12-02-2025 14:13,23093.25,369450,797325,58.2,1474125,1192725,143.4,817950,345150
12-02-2025 14:13,23094.05,366075,803550,56.5,1472775,1219350,146.2,824025,338325
12-02-2025 14:13,23086,367275,799875,54.75,1466550,1240350,150.4,832425,333750
12-02-2025 14:14,23092,364875,806175,56.6,1447425,1244850,146.7,837750,330300
12-02-2025 14:14,23089.85,373800,801600,57.7,1456125,1243725,144.9,834450,342375
12-02-2025 14:14,23100,375825,781650,60.7,1467000,1209900,138.7,827100,348225
12-02-2025 14:14,23100,376500,791325,60.65,1473525,1182825,139.1,788700,347625
12-02-2025 14:14,23105,370650,793950,61.75,1465875,1180275,136.25,793575,353850
12-02-2025 14:14,23104.2,368100,796200,58.4,1472025,1149975,141.2,795075,350250
12-02-2025 14:15,23101.4,363825,798150,58.9,1429650,1177350,140.7,806025,344175
12-02-2025 14:15,23090.55,363600,802650,56.2,1427175,1182450,149.2,820275,350250
12-02-2025 14:15,23086.7,359175,804000,55.95,1367400,1223475,148.35,819225,334350
12-02-2025 14:15,23097.9,359700,796800,58.85,1431450,1236300,142.75,826350,346200
12-02-2025 14:15,23103.45,367725,795525,60.05,1448475,1222800,141,819825,351375
12-02-2025 14:15,23103,363000,792525,61.7,1470600,1200975,137.95,837900,354450
12-02-2025 14:16,23100,367125,799725,60.05,1475325,1199100,139.5,859800,359175
12-02-2025 14:16,23100,364950,802800,60.05,1473450,1191750,140.5,864225,360675
12-02-2025 14:16,23092,364050,799650,57.6,1461525,1240425,147.8,874725,362250
12-02-2025 14:16,23093,356400,804825,56.65,1450275,1260975,146.6,880125,353775
12-02-2025 14:16,23090.05,363300,801675,57.8,1463925,1271100,147.2,888075,355575
12-02-2025 14:16,23095,364050,804825,58.7,1494675,1271100,144.25,890325,356775
12-02-2025 14:17,23090.8,363000,803400,58.3,1515600,1263900,145.8,898350,360375
12-02-2025 14:17,23094,368925,799350,58.8,1506675,1276275,142.55,901950,359250
12-02-2025 14:17,23092.75,368400,796200,58,1511175,1286625,143.95,894900,369450
12-02-2025 14:17,23100,367725,798450,60.8,1522500,1291425,138.75,901725,370200
12-02-2025 14:17,23100,366900,798825,60.75,1525800,1265475,139.2,892050,370125
12-02-2025 14:17,23101.15,365625,799575,59.9,1532175,1276725,140.9,898800,370650
12-02-2025 14:18,23104.8,366600,800850,60.5,1577400,1267350,140.4,896400,370425
12-02-2025 14:18,23104.8,365325,799200,60.8,1611750,1253175,140.2,893400,369975
12-02-2025 14:18,23105,371625,795675,63,1598700,1240200,135.5,894675,378375
12-02-2025 14:18,23108.4,371475,796275,61.6,1603875,1204425,137.8,868425,371325
12-02-2025 14:18,23103.55,363450,803775,59.75,1622700,1225425,140.95,887400,374100
12-02-2025 14:18,23095,361200,804375,55.9,1563150,1232775,146.55,885600,368550
12-02-2025 14:19,23087.35,364725,813300,55.35,1429425,1241925,147.5,888150,327600
12-02-2025 14:19,23091.35,360150,809850,57.2,1437825,1272075,143.55,883050,341100
12-02-2025 14:19,23097,374550,796950,58.95,1476825,1276050,140.7,883725,344175
12-02-2025 14:19,23099.9,379875,800175,59.9,1501275,1264575,140.9,877125,343725
12-02-2025 14:19,23101,421275,800625,59.9,1522650,1272000,139.8,882225,350250
12-02-2025 14:19,23101,416325,797850,59.35,1533075,1269825,141.75,887925,350250
12-02-2025 14:20,23101,415500,804825,59.35,1537200,1287825,141.3,885300,358875
12-02-2025 14:20,23096,414300,807750,59.05,1528875,1296975,143.55,892425,363300
12-02-2025 14:20,23100.95,366525,802200,59,1520175,1300425,142.85,890625,351750
12-02-2025 14:20,23100,369075,805350,59.45,1530150,1275525,141.75,885900,358575
12-02-2025 14:20,23103.55,380400,801750,62.65,1543125,1267350,135.65,884925,367800
12-02-2025 14:20,23099.6,375525,801225,60.85,1530450,1228650,139.05,848625,367500
12-02-2025 14:21,23104.95,379950,794700,61.95,1533750,1235925,137.55,867675,375675
12-02-2025 14:21,23119.9,377550,797625,68.4,1567500,1235700,128.05,865650,371775
12-02-2025 14:21,23126.55,376875,786600,71.1,1577775,1115925,124.2,780525,380775
12-02-2025 14:21,23126.6,374700,781200,68.35,1588425,1070775,125.3,739875,375900
12-02-2025 14:21,23120,375450,797400,70.4,1539675,1084800,124.8,770250,364500
12-02-2025 14:21,23119,377175,798825,68.15,1521225,1128000,127.05,791325,361500
12-02-2025 14:22,23105,361275,793425,60.45,1501500,1164225,132.8,797325,353175
12-02-2025 14:22,23101.7,368475,801825,58.65,1433025,1171950,139.85,801675,345450
12-02-2025 14:22,23100.1,366675,794475,59,1442850,1185450,143.4,804450,347850
12-02-2025 14:22,23092,368550,802500,56.8,1459875,1207800,147.5,806250,341700
12-02-2025 14:22,23090.6,371100,792975,56.9,1456425,1231800,148.8,802500,324600
12-02-2025 14:22,23092,363675,798675,55.5,1496775,1236375,147.6,809550,320175
12-02-2025 14:23,23100.15,373275,793425,58.85,1545150,1244925,143.7,810825,313275
12-02-2025 14:23,23096.65,375375,805275,58.25,1564200,1244850,145.4,793725,319050
12-02-2025 14:23,23091,371700,788550,57.4,1576725,1260900,147.2,806550,321150
12-02-2025 14:23,23090.15,373125,801225,57.5,1581375,1271775,147.75,813300,329325
12-02-2025 14:23,23095.65,376575,799425,59.35,1599675,1270425,142.35,814200,331575
12-02-2025 14:23,23098.45,379200,798000,59,1591800,1244775,143.9,809100,339450
12-02-2025 14:24,23105,373200,791400,60.7,1594950,1236375,138.1,801000,346875
12-02-2025 14:24,0,0,0,61.15,1592475,1257750,137.25,806025,356025
12-02-2025 14:24,23106.25,370275,798075,60.3,1582875,1265325,137.9,808125,354075
12-02-2025 14:24,23103.3,371175,804900,59.55,1571100,1286775,141.5,820725,353850
12-02-2025 14:24,23094.5,373050,804600,57.05,1573050,1283625,145.8,833250,354450
12-02-2025 14:24,23094.05,368625,801225,56.35,1558800,1278075,147.95,845400,346575
12-02-2025 14:25,23086,373650,799275,56.75,1572000,1303050,148.6,847125,346725
12-02-2025 14:25,23085.4,369750,802650,54.75,1566075,1310925,150.5,852300,340950
12-02-2025 14:25,23084.95,370125,811800,55.3,1502850,1306350,150.65,845100,329925
12-02-2025 14:25,23086,364125,810225,56.35,1528275,1311900,148.5,846825,341100
12-02-2025 14:25,23087.7,373500,800475,56.55,1547100,1312725,147,844200,356550
12-02-2025 14:25,23085.4,370350,803625,54.65,1539675,1320150,151.05,848250,351150
12-02-2025 14:26,23084.95,379800,805875,55.2,1541250,1323975,150.15,849000,351750
12-02-2025 14:26,23089.7,375975,803400,54.8,1537575,1324125,150.3,850800,352950
12-02-2025 14:26,23089.4,381975,798075,55.35,1548075,1298100,150.25,848925,386775
12-02-2025 14:26,23086.15,379500,801000,56,1538850,1318200,148.25,857700,388575
12-02-2025 14:26,23092.25,380100,800025,58.5,1552575,1307700,143.7,855375,392025
12-02-2025 14:26,23103.9,383625,798975,61.15,1556175,1263450,138.05,831600,395400
12-02-2025 14:27,23104.35,386475,797250,62.25,1537125,1216725,135.5,804675,398175
12-02-2025 14:27,23104.8,384300,800175,60.75,1525575,1253475,138.95,804825,403125
12-02-2025 14:27,23095,379425,805575,59.3,1513725,1294500,141.65,822975,408525
12-02-2025 14:27,23105.7,382200,804975,61.4,1528200,1296750,137.8,835350,420375
12-02-2025 14:27,23099.75,380850,801300,60.45,1525800,1292400,139,836625,421650
12-02-2025 14:27,23099.5,385125,801075,61,1523475,1302450,139.55,846000,428025
12-02-2025 14:28,23092.2,380850,804075,58.9,1530225,1309950,141.6,848850,427050
12-02-2025 14:28,23096.95,384075,805800,58.05,1514250,1314825,142.45,853050,428325
12-02-2025 14:28,23100.75,383550,793875,60.9,1528875,1319325,137.9,853425,432900
12-02-2025 14:28,23103.75,383625,799350,62.2,1535250,1285725,136.3,862875,432000
12-02-2025 14:28,23104.45,379950,801000,63.7,1556850,1284225,136.2,888075,436875
12-02-2025 14:28,23104.45,389100,802800,60.05,1566525,1255350,139.65,884550,439800
12-02-2025 14:29,23101,386700,809100,60.5,1544625,1246575,138.45,882750,434025
12-02-2025 14:29,23099.9,377775,813675,59.1,1544400,1266900,141.2,892425,435900
12-02-2025 14:29,23106,384675,806625,59.9,1567500,1267125,139.7,892875,443175
12-02-2025 14:29,23103.2,371625,809700,61,1571700,1256400,136.95,884625,451500
12-02-2025 14:29,23106,386100,803550,63.1,1591275,1256250,134.05,883875,455175
12-02-2025 14:29,23106,378000,809550,61.7,1584450,1236525,135.65,885450,453000
12-02-2025 14:30,23100,373575,810975,59.3,1565850,1257150,140.9,901125,449475
12-02-2025 14:30,23089.9,380250,812175,57.1,1536375,1277400,144.5,903075,437625
12-02-2025 14:30,23092.8,375975,812775,57.35,1536225,1300125,146.45,904500,396675
12-02-2025 14:30,23086.25,378825,812625,57.25,1567575,1287975,149.7,906825,394575
12-02-2025 14:30,23090,386400,807000,57.95,1575225,1281675,147.55,904125,380625
12-02-2025 14:30,23096.4,380175,810000,59.55,1599825,1281675,143.2,902325,398250
12-02-2025 14:31,23090,377850,812100,58.15,1591500,1285875,146.35,898275,392925
12-02-2025 14:31,23086,373425,813600,56.25,1570500,1290525,150.7,893250,382800
12-02-2025 14:31,23086,378525,810375,56.45,1575975,1312125,151.55,897300,363525
12-02-2025 14:31,23081,378525,812850,55.4,1593825,1322400,154.4,900825,367500
12-02-2025 14:31,23080,375525,809925,54.35,1496175,1315125,156.55,915675,349875
12-02-2025 14:31,23080.1,380325,810000,53.85,1511475,1347750,156.9,911025,338250
12-02-2025 14:32,23080,377925,813825,54.05,1515300,1353075,156.7,915150,332175
12-02-2025 14:32,23080,383400,811500,54.55,1533975,1343400,154.6,901350,333675
12-02-2025 14:32,23079.85,389850,808275,55.25,1566600,1333650,153.9,890100,339300
12-02-2025 14:32,23086.1,387075,804900,57.05,1587225,1321050,148,896700,350325
12-02-2025 14:32,23092.35,388425,805725,58.45,1589325,1287675,146,878025,354300
12-02-2025 14:32,23094.7,384225,809625,58.55,1586775,1275450,147.2,883125,349275
12-02-2025 14:33,23091,381450,805650,58.1,1581375,1269300,145.8,872400,350700
12-02-2025 14:33,23090.95,381600,811350,57.8,1560375,1305300,148.5,885000,344850
12-02-2025 14:33,23087.2,381300,809100,57.35,1586475,1311450,150.4,882825,348825
12-02-2025 14:33,23085,378000,812250,57.5,1592250,1328550,149,896475,351825
12-02-2025 14:33,23085,374925,813675,56.1,1589550,1334775,153.65,898500,352875
12-02-2025 14:33,23080.65,375525,811650,56.05,1584750,1335750,152.5,894300,348675
12-02-2025 14:34,23083,376050,817950,56.15,1569075,1345650,152.3,896550,343425
12-02-2025 14:34,23084.9,376050,815550,56.15,1577475,1341225,151.9,889575,347025
12-02-2025 14:34,23080,377475,812025,55.75,1579275,1345050,152.85,888675,350100
12-02-2025 14:34,23081.95,377400,814275,55.6,1584450,1356000,153.5,891000,352500
12-02-2025 14:34,23081.3,377250,818325,56.15,1590075,1353000,152.25,891975,356775
12-02-2025 14:34,23083.2,385050,807600,56.3,1609050,1344450,151.7,884775,352725
12-02-2025 14:35,23080.8,382425,808575,56.15,1609500,1338975,152.7,888225,357750
12-02-2025 14:35,23078.2,380025,814650,55.6,1596450,1348050,154.1,892725,356175
12-02-2025 14:35,23084.7,385425,811200,58.2,1602450,1349175,148.6,892425,348900
12-02-2025 14:35,23081.9,383100,806175,57.25,1606575,1316850,151.85,885150,356550
12-02-2025 14:35,23085,381750,811575,58.4,1610400,1314750,149.1,890325,356325
12-02-2025 14:35,23083.55,383925,812775,57.9,1597875,1295325,151.75,887100,357150
12-02-2025 14:36,23082.1,381375,810825,58,1584000,1288050,151.8,896325,364425
12-02-2025 14:36,23085.4,388125,810150,58.8,1598925,1292700,149.45,891675,370875
12-02-2025 14:36,23082,385800,815025,56.7,1589850,1287525,152.25,889875,370425
12-02-2025 14:36,23080.85,383475,811125,57.05,1553250,1291050,151.6,895125,358350
12-02-2025 14:36,23077.25,382050,813975,57.25,1568100,1318875,152.65,898200,363150
12-02-2025 14:36,23071.95,381000,812325,55.3,1569450,1326975,156.5,913350,354600
12-02-2025 14:37,23069.2,375750,811275,55.25,1564425,1332525,158.6,911250,327750
12-02-2025 14:37,23072.25,379875,809700,55.9,1561950,1348875,155.45,911925,314625
12-02-2025 14:37,23083.35,384300,797625,57.55,1597200,1330650,150.6,905700,341700
12-02-2025 14:37,23075.15,383025,810000,56.75,1589475,1328325,153.95,899925,345000
12-02-2025 14:37,23071.95,379800,812775,55.2,1588950,1338750,156.9,914100,343650
12-02-2025 14:37,23070,377475,813375,55.5,1597050,1344750,157.1,922350,339075
12-02-2025 14:38,23070,376725,810000,54.5,1609350,1360500,158.4,922125,339225
12-02-2025 14:38,23069.1,373875,808500,54,1574250,1363575,159.25,926475,306600
12-02-2025 14:38,23070.85,379200,804600,54.4,1593600,1364775,157.05,928125,318000
12-02-2025 14:38,23073.2,382275,808125,54.7,1606650,1363950,157.25,934125,325500
12-02-2025 14:38,23072.2,382275,806475,55.1,1615125,1367400,156.25,926700,325650
12-02-2025 14:38,23079.05,383700,797025,57.55,1654725,1367475,152.05,920325,333075
12-02-2025 14:39,23079.45,386325,803025,58.1,1657725,1327200,150.45,886950,336225
12-02-2025 14:39,23082.25,380925,803400,58.05,1641150,1300425,149.2,879300,338550
12-02-2025 14:39,23083.95,385725,805575,59.1,1642050,1284675,149.75,873000,342150
12-02-2025 14:39,23085.55,386925,798000,60.9,1641975,1276500,144.35,875400,341625
12-02-2025 14:39,23088.2,382950,804825,60.95,1621425,1262175,144.9,870750,356025
12-02-2025 14:39,23085,383700,805275,60,1614150,1269900,147,879600,353025
12-02-2025 14:40,23087.85,384975,808275,61.7,1623000,1268175,145.15,883050,352875
12-02-2025 14:40,23088.5,387975,808275,60.45,1628475,1250100,146.5,873375,356625
12-02-2025 14:40,23080.1,375750,808875,58.05,1614000,1284225,149.65,886950,354750
12-02-2025 14:40,23091.45,382950,805275,62.3,1603575,1283400,142.2,884850,351300
12-02-2025 14:40,23086.75,372525,809175,60.45,1602150,1275975,145.65,868800,350550
12-02-2025 14:40,23086.3,379200,808875,60.95,1601475,1280850,144.75,876900,356325
12-02-2025 14:41,23092.1,387150,805725,61.55,1609200,1277625,142.5,877650,358800
12-02-2025 14:41,23087.4,380700,811725,61.25,1611300,1258575,142.8,877425,359250
12-02-2025 14:41,23096,386025,806475,64.05,1616400,1262775,137.55,875850,357225
12-02-2025 14:41,23091.5,383775,809325,62.25,1606650,1237050,140.7,857775,358650
12-02-2025 14:41,23095.8,387900,806475,62.6,1637775,1238700,138.6,858225,362850
12-02-2025 14:41,23106.6,387375,804150,66,1638825,1240875,133.55,855075,359850
12-02-2025 14:42,23102.55,388800,804825,64.2,1657200,1174050,136.5,841050,359400
12-02-2025 14:42,23104.6,383100,801675,65.35,1612575,1193850,134.85,845025,357000
12-02-2025 14:42,23104.85,382725,797550,66.1,1648650,1186500,133.1,843975,355350
12-02-2025 14:42,23117.35,387225,780825,68.9,1664850,1171500,128.5,840975,380475
12-02-2025 14:42,23108.3,390450,804075,66.55,1659300,1119675,131.75,822600,379800
12-02-2025 14:42,23113.95,385200,801525,68.2,1668900,1129500,131.05,832425,378000
12-02-2025 14:43,23113.95,387375,798825,69.45,1679475,1134300,128.15,843375,388275
12-02-2025 14:43,23120,388950,800025,68.9,1686825,1121175,130.1,832725,387225
12-02-2025 14:43,23109.35,373500,806625,66.4,1674000,1148325,132.9,841425,384000
12-02-2025 14:43,23109,379350,805200,65.6,1664775,1157250,134.4,851775,374925
12-02-2025 14:43,23103.95,373575,810375,62.4,1620000,1166475,137.8,854700,370950
12-02-2025 14:43,23103,375825,808650,62.4,1582200,1171350,138.55,826350,367800
12-02-2025 14:44,23105,377100,804225,63.3,1623300,1169175,137.6,830475,372525
12-02-2025 14:44,23104.95,376950,806550,62.7,1630125,1165200,137.65,826725,370725
12-02-2025 14:44,23104,380250,802275,65.35,1639125,1161075,134.2,826125,384825
12-02-2025 14:44,23106.35,380250,811875,64.35,1648875,1149600,136,814200,384750
12-02-2025 14:44,23100,376425,813900,61.9,1642500,1168425,140,827700,385350
12-02-2025 14:44,23096.8,374925,806625,60.45,1606800,1176750,141.4,830025,391575
12-02-2025 14:45,23100,378225,810525,60.6,1576500,1149300,142,823425,388725
12-02-2025 14:45,23099.95,377925,807150,62.25,1621575,1151925,138.7,827025,388875
12-02-2025 14:45,23093,374400,809475,58.5,1612425,1163325,144.5,828075,387675
12-02-2025 14:45,23090,375000,811500,55.85,1539900,1196775,146,821175,369675
12-02-2025 14:45,23090,382275,809475,57.45,1509225,1199475,145.55,824550,361725
12-02-2025 14:45,23090.2,383100,802875,60.05,1575525,1196475,140.05,813675,378975
12-02-2025 14:46,23092.8,384225,807300,59.2,1589625,1172400,141.35,811050,384600
12-02-2025 14:46,23088.3,379275,810000,57.35,1577400,1195575,145.2,818700,384075
12-02-2025 14:46,23090,387300,814125,58.4,1593150,1199400,143.4,816750,376875
12-02-2025 14:46,23090,382725,809775,58.75,1612200,1194975,143.25,815400,384075
12-02-2025 14:46,0,0,0,57.8,1608975,1222800,142.85,822525,378825
12-02-2025 14:46,23095,382350,803400,58.5,1597875,1215525,143.05,815025,377175
12-02-2025 14:47,23086,383775,814500,57.75,1596000,1218900,144.35,820800,384225
12-02-2025 14:47,23083.3,379050,809475,55.15,1583175,1214625,148,822450,375900
12-02-2025 14:47,23083.2,382275,808875,56.2,1545075,1212975,145.85,814950,367725
12-02-2025 14:47,23082.1,377775,808875,55,1549425,1256925,148.5,819450,361200
12-02-2025 14:47,23079.6,379875,805875,55.05,1514250,1277025,147.1,824625,363600
12-02-2025 14:47,23082,378225,812550,53.5,1515825,1285350,149.95,828750,371400
12-02-2025 14:48,23087.75,383100,808650,55.5,1544550,1277250,146.25,825525,361200
12-02-2025 14:48,23087.3,382725,810000,55.55,1544100,1292625,146.3,818700,365100
12-02-2025 14:48,23082.65,384675,809325,55.45,1541400,1292850,146.85,831525,362850
12-02-2025 14:48,23085,383550,807675,55.45,1551975,1281375,146.85,831000,363300
12-02-2025 14:48,23080.3,377250,809925,52.9,1543275,1294125,149.9,830175,359025
12-02-2025 14:48,23077.1,378150,812175,53.4,1494450,1290975,150,825525,349125
12-02-2025 14:49,23075,369525,807150,51.95,1498575,1307625,152.95,824100,340725
12-02-2025 14:49,23080.8,375675,803025,52.15,1488075,1320150,151.5,820875,339900
12-02-2025 14:49,23079.35,375750,814500,51.65,1490475,1326975,152.3,817575,346875
12-02-2025 14:49,23080.25,378750,809775,52.3,1480800,1311525,151.05,825225,357075
12-02-2025 14:49,23075,374925,810825,52.3,1497675,1305825,150.9,820650,358125
12-02-2025 14:49,23083,381375,813525,53.7,1497975,1300875,147.3,822975,357000
12-02-2025 14:50,23077.2,377175,816000,51.85,1503000,1272975,152.05,804075,357825
12-02-2025 14:50,23077,376575,813825,52.4,1501125,1275300,150.75,802575,353100
12-02-2025 14:50,23077.25,377250,804150,52.4,1505700,1286625,150.55,802800,366600
12-02-2025 14:50,23079.6,374175,814125,51.35,1499325,1285125,151.65,807975,360525
12-02-2025 14:50,23075.05,374775,814725,49,1494150,1281825,155.65,803100,341175
12-02-2025 14:50,23072,371475,816000,48,1396425,1279725,155.65,798000,325875
12-02-2025 14:51,23071.85,374625,812850,49.4,1373700,1306725,152.5,795000,317025
12-02-2025 14:51,23078.5,375225,811425,50.4,1391175,1279875,149.5,773175,334275
12-02-2025 14:51,23077.9,373275,804150,51.25,1412700,1283625,146.6,775500,338625
12-02-2025 14:51,23081,373350,815700,50.95,1410375,1283475,147.8,766575,331500
12-02-2025 14:51,23080,373500,812175,51.45,1447500,1283700,146.9,777975,334125
12-02-2025 14:51,23083.9,373650,809400,51.7,1464075,1286100,146.5,781725,335850
12-02-2025 14:52,23087.5,375600,807225,53.2,1494975,1262025,141.85,778950,343425
12-02-2025 14:52,23083.3,373800,811050,51.35,1473450,1245750,144.8,771525,341100
12-02-2025 14:52,23077,373200,814725,49.15,1451400,1259475,148.1,779850,339825
12-02-2025 14:52,23076.55,372225,818175,48.7,1403025,1292250,149.6,780900,340950
12-02-2025 14:52,23075,371550,815625,47.35,1382700,1307250,151.25,787125,334500
12-02-2025 14:52,23071.1,365925,815850,46.05,1383375,1329000,152.6,787950,328800
12-02-2025 14:53,23075,376350,814275,47.45,1399500,1318425,149.45,779025,330525
12-02-2025 14:53,23072.1,373575,813975,47.35,1415700,1353900,150.65,785475,331950
12-02-2025 14:53,23075,373950,813300,47.55,1414500,1349850,149.8,788625,340500
12-02-2025 14:53,23075,374175,812850,47.9,1427625,1330200,148.45,793200,335700
12-02-2025 14:53,23075.4,376200,813000,49.15,1439925,1306650,145,784500,349200
12-02-2025 14:53,23081.4,375975,812100,50.8,1461525,1310400,141.65,780900,346950
12-02-2025 14:54,23079.7,376425,810000,50,1458225,1256850,143.7,765750,347025
12-02-2025 14:54,23081,374700,811800,50.55,1438725,1265850,143.65,787125,353475
12-02-2025 14:54,23086,373800,813675,50.7,1435050,1282200,141.7,794700,357900
12-02-2025 14:54,0,0,0,50.35,1439250,1313175,143,830925,366525
12-02-2025 14:54,23086,379800,813825,50.2,1442325,1321350,141.25,831600,365100
12-02-2025 14:54,23085.85,380400,811500,51.2,1457025,1324950,140.8,826950,356775
12-02-2025 14:55,23089,379950,803025,52.55,1484175,1309875,138.4,823425,358875
12-02-2025 14:55,23089,377850,814950,49.3,1467525,1293000,143.1,812475,351375
12-02-2025 14:55,23086.3,378975,809400,51.05,1428825,1291050,139.65,812325,350625
12-02-2025 14:55,23091.45,377250,811050,51.85,1460400,1294575,138.15,816825,352350
12-02-2025 14:55,23094,378000,805125,53.55,1466325,1302150,134.7,792075,361275
12-02-2025 14:55,23096.95,379425,806925,54.7,1519125,1274700,131.85,757800,362475
12-02-2025 14:56,23099.55,378750,808725,56.6,1535175,1234875,128.85,740025,359250
12-02-2025 14:56,23099.45,375300,810150,54.6,1535100,1226625,132.55,739350,362175
12-02-2025 14:56,23098.15,375900,811575,54.5,1492800,1287300,132.95,759000,348750
12-02-2025 14:56,23096.95,374475,811575,53.55,1513650,1310250,135.55,767325,358500
12-02-2025 14:56,23091,375825,809250,52,1525350,1321950,137.95,776100,359325
12-02-2025 14:56,23086.8,374175,817425,49.55,1486800,1334850,141.3,784275,349575
12-02-2025 14:57,23085,373575,813525,49.9,1435950,1329900,141,784725,347850
12-02-2025 14:57,23088.45,377400,812700,50.55,1476450,1331625,141.6,787275,367425
12-02-2025 14:57,23083.85,373650,810150,50.15,1480275,1340250,141.9,789525,369000
12-02-2025 14:57,23095,382275,803550,52.7,1503900,1340700,136.55,784050,375075
12-02-2025 14:57,23094,381525,813225,52.9,1519875,1314000,136.75,783450,378150
12-02-2025 14:57,23094.9,380775,809250,52.8,1517475,1315875,136.25,789450,377325
12-02-2025 14:58,23092.85,377025,813225,52.9,1522425,1322850,136.7,792975,375300
12-02-2025 14:58,23093.55,382125,813825,52.7,1518225,1322700,137.1,793875,376050
12-02-2025 14:58,23091.5,379125,811800,53.3,1508925,1315125,135.3,789000,378225
12-02-2025 14:58,23090.1,377625,818175,51.9,1511700,1321500,138.45,791925,373725
12-02-2025 14:58,23085,374925,819450,50.75,1508925,1353825,140.9,795525,368850
12-02-2025 14:58,23085.7,373725,811725,48.6,1494225,1359600,143,797325,365250
12-02-2025 14:59,23076.05,370800,816750,47.2,1441425,1366200,147.2,795000,346725
12-02-2025 14:59,23080.7,374025,817125,48.35,1443675,1351275,145.4,795675,336600
12-02-2025 14:59,23089.6,379200,814350,48.85,1459125,1351425,143,788250,339675
12-02-2025 14:59,23089.2,378000,809625,50.3,1477950,1342800,139.25,780600,348450
12-02-2025 14:59,23090,374625,814425,50.95,1482375,1356150,136.3,782775,350100
12-02-2025 14:59,23087.15,378075,814200,49,1487775,1365975,142.6,791400,351525
12-02-2025 15:00,23086.95,376275,815775,49.9,1476450,1375575,140.7,793800,359025
12-02-2025 15:00,23099,383775,813375,53.9,1489500,1339275,131.85,792525,381000
12-02-2025 15:00,23104.1,382800,784350,57.45,1507125,1273350,126,758925,369300
12-02-2025 15:00,23101.2,379950,807225,56.75,1505325,1210575,128.5,730275,360075
12-02-2025 15:00,23095.9,381600,803250,52.75,1461150,1261200,134.25,745650,349350
12-02-2025 15:00,23095.2,376875,802275,52.5,1419750,1271175,135.45,778575,347100
12-02-2025 15:01,23107,376875,806625,58.95,1466325,1269075,123.35,778725,347325
12-02-2025 15:01,23106.95,379050,807000,56.2,1470825,1246650,128,744225,356250
12-02-2025 15:01,23101.35,379125,805575,57.2,1537275,1269600,127.75,765675,370950
12-02-2025 15:01,23110,380775,804075,58.75,1566075,1272000,125.7,769200,375900
12-02-2025 15:01,23105,383175,806400,58,1584150,1256550,124.8,761550,382350
12-02-2025 15:01,23106.45,378525,811800,55.3,1575150,1278375,127.65,756750,382275
12-02-2025 15:02,23103.1,378900,809250,53.25,1469850,1304625,132.15,773475,366750
12-02-2025 15:02,23098,376875,810450,54.4,1464750,1314225,129.95,779475,354375
12-02-2025 15:02,23098.1,376575,813225,52.85,1469100,1337550,132.45,772500,350775
12-02-2025 15:02,23094.85,372675,813300,51,1452150,1369575,134.45,772725,346575
12-02-2025 15:02,23098,375300,809175,52.9,1434750,1341300,133.15,767925,337125
12-02-2025 15:02,23100,377925,808425,54,1472250,1317975,130.4,761475,349500
12-02-2025 15:03,23098.5,378975,817725,53.65,1483125,1314150,132,767625,357300
12-02-2025 15:03,23099.9,376575,813450,53.55,1482750,1333650,131.3,781875,355500
12-02-2025 15:03,23100,375975,814275,53.95,1497975,1339200,130,778950,358725
12-02-2025 15:03,23104.9,375750,815700,55.75,1528950,1341075,127.5,774900,359550
12-02-2025 15:03,23098.3,378450,811200,54.45,1530300,1319100,129.4,766500,354825
12-02-2025 15:03,23105,378150,816075,54.45,1513650,1339125,126.7,774975,360450
12-02-2025 15:04,23108.9,383550,812400,56.65,1523850,1331550,124.9,763350,358875
12-02-2025 15:04,23107.7,376500,808950,56,1505775,1302300,126.55,745650,356700
12-02-2025 15:04,23105,377925,812400,56,1518900,1343775,126.7,762450,361950
12-02-2025 15:04,23107.8,380400,809475,57.1,1537500,1339875,123.5,763875,366150
12-02-2025 15:04,23108.95,385275,812325,59,1529850,1338000,120,753600,363300
12-02-2025 15:04,23113.95,386625,806400,59.4,1539375,1326900,119.25,715950,368025
12-02-2025 15:05,23114,381975,805950,60.85,1543725,1316475,117.7,710700,366600
12-02-2025 15:05,23118.8,372225,790125,63.8,1558575,1199775,119.45,714075,374775
12-02-2025 15:05,23124.9,374175,790275,68.45,1569600,1122600,118.15,711450,375075
12-02-2025 15:05,23130.05,377475,786000,67.15,1597950,986325,113.5,697650,380925
12-02-2025 15:05,23131,375150,789600,68.5,1485225,983100,112.4,680175,375825
12-02-2025 15:05,23134.35,376950,783975,69.4,1523025,976050,111.8,656925,379875
12-02-2025 15:06,23138,375975,779925,72.55,1562700,981450,108,656325,388425
12-02-2025 15:06,23139.95,374925,780675,71.55,1565250,1016475,107.9,691275,391725
12-02-2025 15:06,23136.1,371850,780900,74.95,1625550,1009800,105.9,689775,386925
12-02-2025 15:06,23132.5,368100,786075,71,1636725,979275,108.15,713175,365550
12-02-2025 15:06,23131.2,366525,793200,68.6,1588800,1031400,111.75,754500,360375
12-02-2025 15:06,23129.9,366150,786975,69,1580850,1043100,111.65,763875,364200
12-02-2025 15:07,23129.45,368100,785325,69.9,1601400,1069650,110.8,767625,375600
12-02-2025 15:07,23124,366525,796575,64.9,1575150,1109400,115.4,770025,378450
12-02-2025 15:07,23117.8,362475,798075,62.1,1457250,1119900,118.75,782175,351825
12-02-2025 15:07,23123.65,366375,791550,63.85,1467375,1111950,116.9,772950,351300
12-02-2025 15:07,23123.65,368625,791700,65.2,1533150,1128375,115.8,770850,371475
12-02-2025 15:07,23123,370650,793425,65.35,1540950,1120125,115.9,768000,376575
12-02-2025 15:08,23119.2,362625,793800,61.7,1521375,1159950,120.45,782625,358800
12-02-2025 15:08,23115,366675,799350,62.35,1522650,1159275,119.9,812175,346650
12-02-2025 15:08,23121.9,365700,794775,63.55,1555425,1162275,118.5,809775,345150
12-02-2025 15:08,23121.85,363375,795825,64.2,1611525,1162725,117.85,806850,348825
12-02-2025 15:08,23119.2,364650,803400,62.7,1586250,1160400,119.65,844125,349500
12-02-2025 15:08,23117.2,357375,804150,61,1556025,1176600,121.4,852225,335250
12-02-2025 15:09,23118,363075,805200,62.15,1519875,1182000,121.5,854700,338250
12-02-2025 15:09,23117.8,365025,799800,64.4,1495200,1194225,117.8,815850,348975
12-02-2025 15:09,23115.15,362100,807075,63.6,1495350,1203000,119.05,795525,350100
12-02-2025 15:09,23121.2,365025,801525,63.8,1517700,1202250,119.05,798825,348975
12-02-2025 15:09,23121.1,364350,799875,63.7,1514475,1208775,118.8,801825,348600
12-02-2025 15:09,23124.65,366600,795600,65.5,1512900,1196175,116.85,798000,352725
12-02-2025 15:10,23122,366900,800175,64.4,1516725,1156800,118.95,797475,354525
12-02-2025 15:10,23123.5,365025,799800,65.1,1504725,1167675,118,796500,350100
12-02-2025 15:10,23122,364050,806175,64,1511700,1173600,119.9,794550,351825
12-02-2025 15:10,23124.65,366900,801300,65.3,1507725,1177650,118.65,797850,357750
12-02-2025 15:10,23122.45,363900,804075,64.9,1506825,1149075,119.25,796275,371850
12-02-2025 15:10,23122.55,364500,802800,65.35,1498800,1139475,119.05,797925,375825
12-02-2025 15:11,23124.65,365775,798150,66.65,1506825,1102200,118.4,794700,384000
12-02-2025 15:11,23122.8,363900,800400,65.25,1502850,1112550,119.55,791625,385875
12-02-2025 15:11,23122.7,363000,801150,63.9,1488975,1130100,120.6,787050,380325
12-02-2025 15:11,23121,363375,805350,64.45,1503150,1169925,120,783900,372825
12-02-2025 15:11,23124.1,364650,804600,64.25,1515150,1176300,120.25,779850,373425
12-02-2025 15:11,23120.95,364050,806475,63.4,1513650,1187625,121.75,786750,373575
12-02-2025 15:12,23122,362925,805200,63.8,1499400,1189725,120.9,784200,368025
12-02-2025 15:12,23124.15,365325,801975,64.6,1524225,1193250,118.7,783825,372750
12-02-2025 15:12,23126.9,369300,798375,66.65,1522500,1164525,115,763050,377325
12-02-2025 15:12,23127.9,368175,795825,66.9,1529475,1122375,116.45,753075,380100
12-02-2025 15:12,23128,370725,790950,67.75,1536375,1114725,115.1,749550,378225
12-02-2025 15:12,23130,368925,792825,70,1553925,1117950,112.2,750600,383925
12-02-2025 15:13,23128.35,367275,793950,69.8,1543350,1039500,112.85,741525,382275
12-02-2025 15:13,23130,368175,788175,68.9,1568175,1056675,114.1,742500,387450
12-02-2025 15:13,23130,367575,789075,68.1,1600425,1057575,113.5,744675,373800
12-02-2025 15:13,23130,367125,794325,67.7,1531950,1081350,113.5,753000,372300
12-02-2025 15:13,23133.45,367275,789750,68.9,1559775,1075050,112.3,754275,374625
12-02-2025 15:13,23132.85,366150,790050,67.9,1562775,1076400,113.8,768900,373650
12-02-2025 15:14,23132.5,362250,789975,67.35,1572225,1081725,113.4,762450,381450
12-02-2025 15:14,23130,361425,792225,65.95,1574400,1089375,115,772125,376500
12-02-2025 15:14,23124.95,361050,789375,65.8,1531500,1101000,116.15,783000,368325
12-02-2025 15:14,23130,358650,792825,65.75,1512975,1114425,116.1,779250,357900
12-02-2025 15:14,23129.15,361950,793425,67.8,1485150,1130550,113.75,759900,368400
12-02-2025 15:14,23130.25,360375,798150,67.75,1486275,1146150,115.05,740625,372450
12-02-2025 15:15,23134,360600,785700,69.75,1508775,1092450,113.3,735075,372075
12-02-2025 15:15,23134,362625,786000,70.55,1518525,1039500,111.65,734625,387075
12-02-2025 15:15,23136,360900,776325,71.8,1537050,1031100,110.3,721950,381375
12-02-2025 15:15,23140,365475,776925,72.6,1546200,1000425,107.75,707700,385050
12-02-2025 15:15,23133.3,363600,780450,69.05,1508100,1021650,110.7,714000,371475
12-02-2025 15:15,23133,363150,781875,69.1,1458150,1032075,111.4,716775,381600
12-02-2025 15:16,23137.45,366375,782550,70.15,1489425,1043925,110.75,726975,383400
12-02-2025 15:16,23137.6,368175,780750,70.2,1500975,1054125,110.7,731475,388425
12-02-2025 15:16,23133.6,359850,783975,69.1,1490850,1092825,110.85,736050,381150
12-02-2025 15:16,23133.55,358350,786750,66.8,1488675,1113975,113.15,738000,380100
12-02-2025 15:16,23123,350700,788775,63.95,1421550,1126725,115.75,736200,357300
12-02-2025 15:16,23123.1,351450,783000,64.3,1382325,1109775,116.05,739500,351900
12-02-2025 15:17,23122.4,351900,782400,65.1,1417950,1102350,115.85,732600,361425
12-02-2025 15:17,23128.15,366300,783075,66.3,1449750,1095300,114.15,728775,366150
12-02-2025 15:17,23123.75,367125,783450,66.4,1461600,1119225,114.95,719700,349350
12-02-2025 15:17,23125.35,344775,782325,67,1480350,1118625,113.35,713850,371925
12-02-2025 15:17,23130,346875,780375,66.8,1475925,1119075,112.5,709650,387375
12-02-2025 15:17,23130,344925,780975,67.45,1479825,1109625,112.6,715800,384225
12-02-2025 15:18,23126.2,351600,777000,67,1475175,1105725,114.3,735600,367050
12-02-2025 15:18,23125.6,354975,778875,67.25,1473825,1109175,114.1,735600,370875
12-02-2025 15:18,23126,355725,778275,67.65,1463550,1126500,114.35,732600,368175
12-02-2025 15:18,23126.05,352650,774750,66.75,1475775,1128300,114.65,737400,369375
12-02-2025 15:18,23126.2,349350,775800,66.2,1475475,1126200,115.55,734400,367200
12-02-2025 15:18,23125.55,348600,779700,66.35,1465800,1130175,116.3,733275,363675
12-02-2025 15:19,23125,349500,776550,66.35,1476375,1113900,116.55,712950,347700
12-02-2025 15:19,23123.9,343125,775050,65.4,1466550,1110600,118.45,713775,336600
12-02-2025 15:19,23120.95,331050,768300,65.35,1458300,1110300,116.75,712350,303300
12-02-2025 15:19,23122.1,334350,765600,65.4,1480500,1099575,115.95,707400,313275
12-02-2025 15:19,23122.6,336225,764325,65.85,1470750,1102275,116,700875,310350
12-02-2025 15:19,23123.3,334275,764475,66.25,1472625,1114275,115.75,701100,311700
12-02-2025 15:20,23123.6,333600,763950,65.65,1460025,1102650,115.45,703575,351000
12-02-2025 15:20,23124.5,333675,763800,66.8,1447050,1096200,115.8,693075,359025
12-02-2025 15:20,23127.95,332100,763125,67.1,1453575,1070625,114.3,673875,366825
12-02-2025 15:20,23127.95,330375,762450,67.5,1445325,1069275,113.85,675750,365475
12-02-2025 15:20,23128,333600,762000,67.2,1441200,1059525,113.05,678675,322125
12-02-2025 15:20,23126,328200,761325,66.25,1428900,1074075,114.65,689175,314250
12-02-2025 15:21,23125.05,330150,760875,66.15,1420275,1083375,114.25,690825,305475
12-02-2025 15:21,23128,331875,760725,66.15,1425975,1092000,114,689400,309000
12-02-2025 15:21,23125.9,333600,760050,66.5,1436325,1089075,113.7,688200,311550
12-02-2025 15:21,23128,333075,758700,66.85,1448775,1083375,112.35,681375,316050
12-02-2025 15:21,23126.65,329550,758025,66.7,1455000,1071600,112.85,675675,313650
12-02-2025 15:21,23128.95,332775,757500,67.4,1458300,1073400,111,674325,317775
12-02-2025 15:22,23130.05,331350,752475,66.7,1449675,1055925,110.5,657750,317625
12-02-2025 15:22,23131.95,332100,750000,67.4,1416975,1057800,110.55,650175,319050
12-02-2025 15:22,23129.55,332475,751575,67.85,1417875,1052925,110.7,653625,322875
12-02-2025 15:22,23132,332925,750225,68,1399875,1049025,110.25,656775,333975
12-02-2025 15:22,23132,334800,748500,68.4,1408350,1012725,109.65,652500,338700
12-02-2025 15:22,23131.9,339675,748425,69.35,1412625,996225,109.85,656700,336975
12-02-2025 15:23,23131.6,340425,748125,69.8,1411725,981225,110.25,655125,336000
12-02-2025 15:23,23132.25,341475,746775,70,1408575,988425,109.35,652350,341625
12-02-2025 15:23,23133.25,340125,747675,69.1,1406625,945375,109.25,640725,336375
12-02-2025 15:23,23132.9,338325,746100,69.3,1400400,952950,107.65,645075,342300
12-02-2025 15:23,23133.05,341325,744150,68,1407900,970350,108.75,635550,342450
12-02-2025 15:23,23132,333825,743925,67.3,1362375,975825,109.95,638475,331725
12-02-2025 15:24,23132,332550,741900,67.85,1345500,977550,110.75,636750,325500
12-02-2025 15:24,23131,330900,742575,68.4,1352325,980175,110.55,635850,321675
12-02-2025 15:24,23131,329475,741000,68.8,1348425,971100,109.05,634200,323025
12-02-2025 15:24,23132.15,330225,740100,68.6,1346775,965325,109.9,625575,322725
12-02-2025 15:24,23131.15,329925,738300,67.9,1346400,976725,109.3,625950,326925
12-02-2025 15:24,23130.95,330675,737775,68.15,1337625,969600,109.95,624375,325575
12-02-2025 15:25,23131,328575,736875,68.65,1332825,961200,108.55,625800,309075
12-02-2025 15:25,23131.95,327750,735300,67.9,1329300,958800,108.85,624375,312075
12-02-2025 15:25,23131.6,327975,732450,68,1349850,948525,108.55,623550,311250
12-02-2025 15:25,23131.8,327750,731625,68,1357950,944625,108.55,619200,309150
12-02-2025 15:25,23130.6,325950,731175,67.75,1337325,936150,109.5,616800,297300
12-02-2025 15:25,23130.6,326625,733125,66.6,1326525,940575,110.15,615600,296175
12-02-2025 15:26,23130.1,324600,733050,65.85,1276875,947025,110.95,624300,295875
12-02-2025 15:26,23128.25,322950,732900,65.85,1278825,941850,111,624600,283425
12-02-2025 15:26,23129.75,320550,732675,65.95,1284900,944025,111.7,614625,281550
12-02-2025 15:26,23129.7,320925,732825,64.8,1281750,943725,111.5,608925,277725
12-02-2025 15:26,23130,319800,731700,63.85,1237050,963825,111.85,606375,279075
12-02-2025 15:26,23127,320325,732000,61.75,1221375,980175,112.85,606825,265875
12-02-2025 15:27,23127.95,320475,733500,62.1,1219050,974250,113.75,604275,258525
12-02-2025 15:27,23127.3,318300,731925,60.5,1222050,969750,114.1,604875,254250
12-02-2025 15:27,23125,317925,734625,61,1213875,958800,114.35,599625,252675
12-02-2025 15:27,23128.1,316950,732450,62.15,1206225,918525,113.25,591975,258975
12-02-2025 15:27,23128,318000,730725,63,1229025,905700,111.35,584775,262200
12-02-2025 15:27,23129,317550,729675,65,1248075,893475,109.6,584250,268200
12-02-2025 15:28,23129.45,315300,723150,64.8,1249575,870300,111.9,574125,264300
12-02-2025 15:28,23129.05,314250,718350,64.9,1245150,872850,110,574125,264225
12-02-2025 15:28,23128,312825,716775,65.1,1233600,876075,110,577500,263775
12-02-2025 15:28,23130,309375,718125,65.35,1243350,866850,109,580350,265725
12-02-2025 15:28,23130,307725,715350,65.4,1224150,875700,109.65,573825,264300
12-02-2025 15:28,23128,309075,713100,65.35,1212000,873525,109.15,573675,252000
12-02-2025 15:29,23130,306750,711525,66.4,1205325,812550,108.2,567600,257100
12-02-2025 15:29,23132,302700,712875,66.4,1198350,812025,106,553800,248700
12-02-2025 15:29,23131,298725,706575,66.4,1196025,796425,104.5,547125,240150
12-02-2025 15:29,23130,296100,705300,66.45,861150,770700,104.8,246450,226050
12-02-2025 15:29,23129.85,288300,687075,66.85,856200,737625,104.85,239025,213300
12-02-2025 15:29,23132,276150,679500,66.15,841950,700350,104.9,230850,198375
