last_traded_time,ltp,tot_buy_qty,tot_sell_qty,ltp,tot_buy_qty,tot_sell_qty,ltp,tot_buy_qty,tot_sell_qty
18-02-2025 09:17,22987.7,210450,284625,129.7,3514575,369900,178.45,1875150,261525
18-02-2025 09:18,22982.95,217725,290175,127.9,3517200,380475,180.2,1919400,263025
18-02-2025 09:18,22985,220875,291525,129.45,3525000,389250,178.7,1927425,253275
18-02-2025 09:18,22976,218400,296100,128.6,3526800,387450,182.4,1919925,259275
18-02-2025 09:18,22975.45,217125,294375,126.3,3526200,394800,184.85,1942725,241500
18-02-2025 09:18,22973.35,219375,298200,127.6,3727875,404250,185,2013825,241650
18-02-2025 09:18,22974.8,217800,295350,126.35,3741450,411300,187.8,2018625,251625
18-02-2025 09:19,22969,219825,300225,124.4,3740025,424725,191.15,2017950,251700
18-02-2025 09:19,22974.9,221550,291000,126.85,3739050,426600,188.15,2011725,250725
18-02-2025 09:19,22974.85,227100,298875,127.1,3758625,435000,188.4,1985475,267300
18-02-2025 09:19,22975.25,227700,292500,128,3787125,432450,186.5,2007300,278100
18-02-2025 09:19,22973.05,230400,297600,125.9,3792675,459675,189.05,2002875,284850
18-02-2025 09:19,22969.35,227925,298650,122.9,3775800,471075,192,1993725,279300
18-02-2025 09:20,22957.1,221475,303975,122.65,3746400,480975,194.95,1069125,263475
18-02-2025 09:20,22964,232875,292650,124.7,912900,487050,192.15,527475,220050
18-02-2025 09:20,22967.9,243150,297075,125.5,930375,487200,192.3,530625,229950
18-02-2025 09:20,22974,246600,300150,128.6,960150,490500,186.4,513525,235275
18-02-2025 09:20,22974,249525,305775,131.05,964200,471300,185.1,485475,236400
18-02-2025 09:20,22970.35,251100,302850,128.15,942525,468675,189.85,482550,239775
18-02-2025 09:21,22964,243600,308625,125.1,936075,551550,192.6,504300,240900
18-02-2025 09:21,22971,255300,307800,127.15,930150,502500,189.9,504375,228525
18-02-2025 09:21,22973.45,251475,309525,125.85,938625,519075,191.5,512475,239850
18-02-2025 09:21,22972.7,257625,314325,125.1,961050,522225,191.9,514125,260700
18-02-2025 09:21,22970.4,257325,316050,125.35,967125,525000,191.1,519375,269475
18-02-2025 09:21,22956.2,238575,317850,122,963075,534675,197.4,521625,265725
18-02-2025 09:22,22954.7,243150,318375,119.8,917175,549150,201.25,525000,210225
18-02-2025 09:22,22952.6,241125,313725,119.3,864525,560475,203.3,533400,201375
18-02-2025 09:22,22952,240450,320700,120.65,893025,554850,203.35,531000,205800
18-02-2025 09:22,22951,248475,319800,121.15,911475,563700,203.65,541575,214200
18-02-2025 09:22,22954.35,253200,323250,122.4,937275,568650,200.65,530550,218175
18-02-2025 09:22,22959,250275,326400,122.4,948225,582525,199.45,502875,228525
18-02-2025 09:23,22959,254475,317400,121.8,990000,591675,197.4,492975,241725
18-02-2025 09:23,22956.35,253725,324825,120.95,983100,605775,200.5,488700,244425
18-02-2025 09:23,22957.5,256875,327225,121.45,984975,604050,200.2,493650,259125
18-02-2025 09:23,22955.55,257175,322050,122.5,988200,609525,198.05,498975,265500
18-02-2025 09:23,22952.95,258450,323550,120.35,994050,620100,200.9,504225,272400
18-02-2025 09:23,22953.05,248475,329625,118.25,940875,640875,202,512325,265950
18-02-2025 09:24,22949.95,245100,326250,118.5,918000,642900,202.2,518850,266100
18-02-2025 09:24,22946,242550,328575,116.35,931950,650700,204.05,524100,259425
18-02-2025 09:24,22947.3,247650,329700,118.4,952200,656850,201.7,521775,255750
18-02-2025 09:24,22953.1,249450,329625,119.1,979650,650775,200.95,505350,268050
18-02-2025 09:24,22942.75,236400,332775,114.7,972750,650250,203.45,499950,268950
18-02-2025 09:24,22936.35,244875,331350,112.5,897375,658200,210.1,512700,231525
18-02-2025 09:25,22936.55,237000,329475,112,853650,666675,210.4,517650,185025
18-02-2025 09:25,22936.2,240825,330225,111.05,866925,679275,210.95,514875,203250
18-02-2025 09:25,22931.6,238500,332100,110.85,871800,690525,210.65,520950,203100
18-02-2025 09:25,22941.65,242475,322950,113.9,888225,687300,206.7,514500,205800
18-02-2025 09:25,22943.05,246075,327600,115.9,920700,679275,204.2,502275,217725
18-02-2025 09:25,22941.15,246375,336900,113.7,942825,704175,208.35,503925,221925
18-02-2025 09:26,22946.2,250650,336525,116.05,955350,721725,204.75,512025,228600
18-02-2025 09:26,22945.2,248325,334200,116.45,975450,722250,205.25,504675,240075
18-02-2025 09:26,22941.75,256575,333150,115.35,980550,730350,205.5,510075,246075
18-02-2025 09:26,22945.95,255375,330975,117,989400,729600,203.6,513975,249825
18-02-2025 09:26,22941.25,261750,339975,115.4,984600,729750,205.6,515925,249375
18-02-2025 09:26,22945.95,267750,346350,114.45,997200,750300,206.45,520875,243000
18-02-2025 09:27,22943.9,265725,343800,112.55,989325,769650,207,523275,243375
18-02-2025 09:27,22940.95,273825,340500,112.75,987450,788475,208.15,525300,251025
18-02-2025 09:27,22939.3,273000,344250,112.5,1001625,780975,207.2,530550,252150
18-02-2025 09:27,22933.9,265050,343800,111.1,1001625,789675,210.1,534225,252525
18-02-2025 09:27,22934.7,266400,346950,110.45,966300,796050,211.9,539625,241125
18-02-2025 09:27,22928.45,262425,343350,107.75,948975,801750,216.55,542625,229425
18-02-2025 09:28,22927.5,254925,343275,108.75,925725,801675,216.8,541650,199050
18-02-2025 09:28,22929.35,266550,342675,110.35,951675,794100,213.45,537000,211725
18-02-2025 09:28,22936,271125,339075,110.9,974475,795750,211.6,530700,230550
18-02-2025 09:28,22940.2,269400,336900,112.75,983475,804675,207.75,530850,231900
18-02-2025 09:28,22937.55,260850,341475,112.1,1000275,804300,210,523350,236325
18-02-2025 09:28,22934.75,264150,337800,112.65,1005600,815025,206.75,543450,241650
18-02-2025 09:29,22945,274725,327600,114.7,1025925,810900,201.45,543600,246300
18-02-2025 09:29,22940.9,274425,340350,113.4,1029975,809175,204.6,538650,248025
18-02-2025 09:29,22947.15,267150,343725,114.45,1039875,812175,203.25,543900,284850
18-02-2025 09:29,22948,273750,341550,115,1054875,813225,202.5,539175,290850
18-02-2025 09:29,22942.75,263700,349875,113.55,1048200,839175,203.85,545775,289350
18-02-2025 09:29,22941.7,263100,350925,111.55,1036875,840000,206.95,551625,282150
18-02-2025 09:30,22933.45,273375,350325,109.85,1018875,845850,209,558675,254550
18-02-2025 09:30,22931,265650,354450,109.8,985800,854100,208.6,559200,253350
18-02-2025 09:30,22934.65,266250,344475,109.5,1002600,857400,209.65,552825,251550
18-02-2025 09:30,22930,262125,352650,108.5,1001625,860400,210.05,563550,251475
18-02-2025 09:30,22928.6,273675,356400,108.15,992625,867600,210.3,567300,249150
18-02-2025 09:30,22925.55,266625,357300,105.45,998550,871050,214.8,568350,249525
18-02-2025 09:31,22919.15,259500,357075,105.35,945150,874875,215.75,574200,223875
18-02-2025 09:31,22920.3,256500,355050,102.55,946650,881250,213.65,567225,227775
18-02-2025 09:31,22915.8,256875,357975,100.1,925350,880500,220.95,576900,223950
18-02-2025 09:31,22908,247800,356325,99.45,861525,880575,223.8,580725,182325
18-02-2025 09:31,22917.25,258000,352575,100.65,900375,872475,221.05,550575,172500
18-02-2025 09:31,22912.5,259125,353400,99.6,929400,872475,222.6,515550,195225
18-02-2025 09:32,22919.3,264675,356325,101.5,945825,870750,217.9,527925,204825
18-02-2025 09:32,22921.85,260700,357000,102.05,972675,878325,216.15,532575,214500
18-02-2025 09:32,22928.9,265725,352800,104.3,998925,879900,211.1,535650,226500
18-02-2025 09:32,22920.8,270600,363225,103.7,1015650,888300,213.15,548625,230925
18-02-2025 09:32,22921.3,269925,364500,100.9,1009050,912975,216.25,556875,235950
18-02-2025 09:32,22914.9,260400,367650,99.1,998025,915150,220.65,567375,234675
18-02-2025 09:33,22915.5,259800,369225,99.2,938400,931200,219.5,583575,220725
18-02-2025 09:33,22914.4,269100,365025,99.15,944325,933450,219.1,585600,234300
18-02-2025 09:33,22909.55,270900,365175,99.8,962175,955125,219.45,582450,238500
18-02-2025 09:33,22919.95,273600,366600,100.85,959925,955425,217.7,575850,246000
18-02-2025 09:33,22918.75,276375,365625,102.2,947925,937800,215.15,570150,277050
18-02-2025 09:33,22913.4,270225,379425,99.05,947475,943950,219,584175,275700
18-02-2025 09:34,22916.15,276900,372750,101.35,945975,946725,216.35,594825,272175
18-02-2025 09:34,22918.45,272625,375975,102.85,971100,945900,216.6,589500,277275
18-02-2025 09:34,22916.8,276900,378900,100.3,984900,953025,219.3,589275,279450
18-02-2025 09:34,22915,278175,377775,101,976425,961575,215.5,590700,276975
18-02-2025 09:34,22917.95,280275,378000,100.25,990675,971250,217.05,598425,285825
18-02-2025 09:34,22917.9,280875,375450,99.7,996225,981000,218.3,597600,287700
18-02-2025 09:35,22921.7,280725,376725,100.5,970500,986025,215.7,589050,293850
18-02-2025 09:35,22919.35,281475,378750,100.9,979725,984750,215.25,587925,298125
18-02-2025 09:35,22923.85,284025,375375,103.5,998325,988125,211.1,589125,301425
18-02-2025 09:35,22923.85,283800,380025,102.55,1001100,979950,214,578700,302625
18-02-2025 09:35,22923,282975,376500,104.4,1014300,979575,211.75,578100,301875
18-02-2025 09:35,22918.15,281175,378375,102.15,1013700,1004775,214.6,580275,304425
18-02-2025 09:36,22918,282600,375900,100.6,1003575,1014300,216.65,536850,298275
18-02-2025 09:36,22917.2,283500,381225,99.3,987000,1035225,217.85,526050,299700
18-02-2025 09:36,22910.9,280275,377700,98.65,972525,1044000,217.95,529950,301425
18-02-2025 09:36,22911,277875,376650,96.35,921375,1046475,221,532125,274875
18-02-2025 09:36,22911.25,281475,378825,98.1,936525,1041900,219.55,527775,269775
18-02-2025 09:36,22912.3,280875,378600,97.7,967950,1051950,219.3,531000,273300
18-02-2025 09:37,22914.7,280500,375750,99.55,980325,1058925,215.9,531525,282300
18-02-2025 09:37,22924,282675,375075,102.05,992775,1056900,211.85,527775,287475
18-02-2025 09:37,22924.95,285450,375225,103,994650,1056375,211.15,513750,288075
18-02-2025 09:37,22928.95,286875,377400,102.85,1047750,1050900,211.4,512550,294375
18-02-2025 09:37,22929.45,283800,376575,101.9,1049175,1059525,212,505200,293100
18-02-2025 09:37,22929,284250,381075,102.65,1051425,1061175,208.4,491400,280950
18-02-2025 09:38,22933.35,287250,371925,102.9,1069425,1052400,207.25,475875,297225
18-02-2025 09:38,22943.65,290025,369525,106.3,1053075,1012950,199.05,471450,299925
18-02-2025 09:38,22945.4,291525,372450,110.9,1073325,980925,192.25,440400,305550
18-02-2025 09:38,22940.1,283725,372975,107.3,1087425,942450,198.4,450450,307725
18-02-2025 09:38,22943.1,288750,365025,107.85,1090950,965175,199.95,454875,308775
18-02-2025 09:38,22940.75,283200,381150,110.4,1092975,993150,195.45,457500,318300
18-02-2025 09:39,22949.15,289200,379500,110.2,1099575,977025,198.3,451200,323475
18-02-2025 09:39,22945.75,292650,386475,109.7,1104150,984450,199.25,457950,324150
18-02-2025 09:39,22946.5,289950,385350,109.95,1105950,1008600,197,460200,325500
18-02-2025 09:39,22950.05,292125,378750,113.25,1108800,1011450,192.85,465675,331275
18-02-2025 09:39,22953.45,293175,375600,111.35,1170450,1000650,195.3,463650,328650
18-02-2025 09:39,22947.15,283350,386175,109.8,1163400,1034475,196.1,482775,322200
18-02-2025 09:40,22948.6,290625,383100,110.85,1147425,1051200,195.15,487200,320550
18-02-2025 09:40,22954,292800,377025,113.75,1146375,1044675,191,481875,323400
18-02-2025 09:40,22959.8,294375,376950,113.6,1168350,1003350,190,470025,324975
18-02-2025 09:40,22950,287100,378600,108.9,1149975,1007925,195.9,459375,325875
18-02-2025 09:40,22943.15,282900,383025,107.35,1121100,1012950,197.95,478125,312075
18-02-2025 09:40,22944.8,288300,385350,109.05,1112625,1019775,194.95,482850,312525
18-02-2025 09:41,22945.1,280050,385050,105.8,1110225,1035075,198.15,492150,313500
18-02-2025 09:41,22940.05,283725,385275,105.9,1088175,1052175,197.35,490050,319050
18-02-2025 09:41,0,0,0,0,0,0,0,0,0
18-02-2025 09:41,0,0,0,0,0,0,0,0,0
18-02-2025 09:41,0,0,0,0,0,0,0,0,0
18-02-2025 09:41,22955.9,292725,357900,112.55,1173975,1040250,188.85,471375,337800
18-02-2025 09:42,22961.45,290775,374025,113.25,1186875,1030500,188.3,460200,345300
18-02-2025 09:42,22962,298050,377400,113.5,1188300,1036350,186.35,460650,342075
18-02-2025 09:42,22965,295500,373425,114.65,1193100,1022550,184.95,446925,328050
18-02-2025 09:42,22964,291825,374100,112.85,1181775,1056750,184.8,455850,326250
18-02-2025 09:42,22959.8,293325,380400,110.6,1176075,1083600,187.9,475650,329025
18-02-2025 09:42,22960,290400,384525,112.5,1145025,1093350,186.2,480075,333225
18-02-2025 09:43,22965,299550,378000,115.85,1165050,1098450,180.8,483150,338775
18-02-2025 09:43,22972.1,300450,373500,117,1171050,1051125,178.75,468525,343725
18-02-2025 09:43,22966.1,297525,382200,116.05,1175625,1032675,180.1,441975,342225
18-02-2025 09:43,22970,297075,384075,115.55,1179975,1045275,180.5,454275,346575
18-02-2025 09:43,22972.6,298575,383550,116.55,1200675,1056225,178.25,469650,349275
18-02-2025 09:43,22970.5,296625,385275,113.85,1192125,1071150,181.7,462900,361500
18-02-2025 09:44,22961.2,288375,387675,110.25,1170675,1107525,183.95,471525,358800
18-02-2025 09:44,22960.15,295350,387975,109.5,1112400,1122825,182.4,484200,363525
18-02-2025 09:44,22960.05,296025,392175,109.1,1109550,1129650,184.75,497550,361350
18-02-2025 09:44,22960,290025,381525,108.7,1097550,1139175,185.3,502275,337350
18-02-2025 09:44,22960,297300,384600,110.25,1123200,1139625,184.95,499050,347550
18-02-2025 09:44,22959.8,295650,386325,109.15,1146000,1127100,186.7,498450,357000
18-02-2025 09:45,22957.7,295425,392475,109.15,1133025,1149825,187.85,500100,345975
18-02-2025 09:45,22959.2,299175,393450,109.65,1154175,1167600,187.1,501825,344550
18-02-2025 09:45,22963.15,293625,385950,113.65,1170675,1167900,181.35,501450,348900
18-02-2025 09:45,22968,297225,384825,114.5,1184850,1164300,178.25,485775,354000
18-02-2025 09:45,22970,301650,380400,114.9,1195500,1138500,179.1,479700,354675
18-02-2025 09:45,22970.25,298275,381450,116,1209225,1130550,175.9,472200,362175
18-02-2025 09:46,22972.65,320475,383025,114.35,1213875,1132575,178.2,473700,359625
18-02-2025 09:46,22977,356850,375000,116.25,1216725,1133475,174.8,474525,367275
18-02-2025 09:46,22973.1,377550,367950,115.25,1214175,1118775,176.05,454725,367725
18-02-2025 09:46,22975,390675,378150,115.75,1206225,1143300,174.65,469425,371175
18-02-2025 09:46,22975,417000,383850,115.45,1213350,1146750,175.4,479925,375900
18-02-2025 09:46,22972.15,430875,393075,113.3,1210950,1174575,179.2,490425,376500
18-02-2025 09:47,22966.05,438600,389775,111.3,1194525,1183950,181.75,499050,370725
18-02-2025 09:47,22963.3,441000,386775,111.95,1185375,1181550,181.3,508275,360750
18-02-2025 09:47,22965,441450,393900,112,1200300,1195575,181.85,514650,372300
18-02-2025 09:47,22961.05,436575,392925,110.7,1200075,1199325,184.1,518175,370500
18-02-2025 09:47,22962.95,442200,389700,112.65,1175775,1201275,182.25,508650,362625
18-02-2025 09:47,22968.85,445350,389325,115.65,1193100,1197225,177.6,508050,376050
18-02-2025 09:48,22970,445500,386325,115.6,1198125,1171725,178.65,498975,376500
18-02-2025 09:48,22973,469350,384825,116.35,1196250,1159650,176.15,496650,382350
18-02-2025 09:48,22973,481275,385725,116.75,1199100,1128975,175.55,491250,383625
18-02-2025 09:48,22972.95,495000,384150,118.15,1204575,1142025,173.05,493800,387525
18-02-2025 09:48,22980,500925,384150,120.65,1216500,1140450,170.5,492750,389475
18-02-2025 09:48,22978.8,503100,377325,118.8,1218450,1011900,173.4,465075,384000
18-02-2025 09:49,22979.85,501075,382200,118.8,1197975,1022175,174.7,483075,387150
18-02-2025 09:49,22977.95,521325,386250,118.35,1217400,1036800,175.3,492000,389550
18-02-2025 09:49,22976.3,561600,390675,117.25,1211025,1059225,177.1,500475,388575
18-02-2025 09:49,22978,580725,390075,119,1198725,1074450,175.2,500850,395550
18-02-2025 09:49,22978,610800,388725,120.95,1208625,1068600,172,495450,401475
18-02-2025 09:49,22979.15,624975,384450,120.4,1211100,1076475,170.6,493800,407400
18-02-2025 09:50,22984,648900,382575,121.95,1207275,1061400,170.8,485250,408150
18-02-2025 09:50,22983.15,688125,387450,121.8,1213275,1068750,169.1,496125,417675
18-02-2025 09:50,22990,709500,368925,123.75,1225725,1041825,165.25,474225,420150
18-02-2025 09:50,22989.95,736650,384000,123.65,1233750,944025,165.65,464400,434025
18-02-2025 09:50,22989.5,765600,376050,123.9,1237575,964350,164.5,472800,434400
18-02-2025 09:50,22992.8,770400,376500,122.55,1243500,985275,165.8,486450,435975
18-02-2025 09:51,22990.5,784725,388500,124.65,1225650,991200,163.1,488175,439425
18-02-2025 09:51,22993.4,792975,362400,126.55,1238850,969750,161.7,483450,438825
18-02-2025 09:51,22996,800100,374850,126.75,1258650,942975,160.9,472275,440550
18-02-2025 09:51,22999.95,809250,367875,127.35,1269075,954375,159.55,460350,447825
18-02-2025 09:51,23005,807675,371775,129.7,1272750,946350,156.8,459675,440025
18-02-2025 09:51,23004.9,806850,369375,128.25,1284750,888450,157.65,436500,439725
18-02-2025 09:52,23001.3,809700,378975,128.6,1244700,891600,157.55,453825,442350
18-02-2025 09:52,22995.1,806850,384900,125.2,1249125,936750,161,475350,448500
18-02-2025 09:52,22992.15,803550,383475,124.8,1173900,961275,161.85,494325,447750
18-02-2025 09:52,22992.25,807150,387450,124.3,1165350,968400,160.8,491400,456825
18-02-2025 09:52,22991.1,805275,382200,123.6,1150425,994050,161.85,512475,452025
18-02-2025 09:52,22990,804675,386850,121.9,1160250,1003425,164.9,529050,454950
18-02-2025 09:53,22978.85,798375,388950,119,1076925,1022400,167.95,534150,412650
18-02-2025 09:53,22976,794700,393600,116.65,1071450,1031925,171.05,530250,415500
18-02-2025 09:53,22975,794250,392400,116.4,1054275,1041525,170.15,536625,408975
18-02-2025 09:53,22980,804450,390975,117.1,1074150,1033575,169.6,512625,426900
18-02-2025 09:53,22982,808875,387975,118.15,1098225,1035525,167.75,498075,438225
18-02-2025 09:53,22973,799575,395175,113.7,1093950,1056825,172.3,512775,440400
18-02-2025 09:54,22977.55,802425,395775,116.2,1102275,1061025,170.05,512550,445650
18-02-2025 09:54,22965.75,801075,400650,109.6,1102800,1075425,177.5,516225,446850
18-02-2025 09:54,22962.85,796425,399900,111.45,1037850,1061475,176.75,527775,397275
18-02-2025 09:54,22961.4,803550,391725,112.8,1067400,1067550,175.15,525450,403425
18-02-2025 09:54,22971.9,806400,388575,113.45,1089600,1062225,174.1,517575,420975
18-02-2025 09:54,22967.25,800100,408075,112.3,1098450,1075350,176.35,515400,424725
18-02-2025 09:55,22968.8,806775,404250,114.4,1104975,1080375,172.95,520425,434025
18-02-2025 09:55,22968.8,806775,397125,113.7,1117800,1090200,174.4,528375,433725
18-02-2025 09:55,22963.1,798375,392550,110.25,1118325,1111950,178.3,533925,431475
18-02-2025 09:55,22955.65,800025,400575,108.8,1078425,1131225,180.05,551100,421875
18-02-2025 09:55,22957.25,799575,393900,109,1078125,1116075,180,555225,409050
18-02-2025 09:55,22960,803100,392100,109.05,1073400,1112325,178.2,549525,433575
18-02-2025 09:56,22964.4,796425,389925,108.3,1070775,1125975,175.4,538050,439650
18-02-2025 09:56,22960,800550,397725,107.15,1074375,1145400,177.9,546825,437625
18-02-2025 09:56,22960.85,807825,395700,109,1057800,1151025,175.95,549975,430875
18-02-2025 09:56,22960,811425,387525,108,1078050,1142100,175.7,536100,428700
18-02-2025 09:56,22959.2,813075,390300,108.35,1090950,1142850,175.9,537600,433800
18-02-2025 09:56,22965.7,815400,393900,110.8,1104900,1149450,172.1,539250,441225
18-02-2025 09:57,22974.55,821250,381825,112.95,1124775,1119300,168.5,510825,449325
18-02-2025 09:57,22970.4,809100,395550,109.95,1119825,1116975,173.1,490875,444150
18-02-2025 09:57,22977,821025,387225,113.55,1129950,1122225,167.65,491775,452475
18-02-2025 09:57,22980,813150,383400,116.75,1146825,1107825,163.25,475575,452550
18-02-2025 09:57,22980.4,816825,389325,117,1157175,1076475,163.7,454350,452175
18-02-2025 09:57,22985,820875,386775,118.25,1162950,1079100,161.8,461625,458325
18-02-2025 09:58,22977.4,810525,393150,115.9,1162050,1106775,164.5,467475,458550
18-02-2025 09:58,22979,812925,396750,116.65,1159875,1116750,162.1,481350,456150
18-02-2025 09:58,22972,805950,402600,113.25,1161600,1146300,167.6,496500,456000
18-02-2025 09:58,22971.95,813525,400875,114.6,1137150,1143975,165.45,498675,455550
18-02-2025 09:58,22971,810150,405375,111.75,1143900,1148925,168.9,498975,456825
18-02-2025 09:58,22970.9,792675,396600,109.5,1151850,1161600,169.7,503400,474000
18-02-2025 09:59,22964.55,813525,399675,109.6,1128075,1172700,171.2,506025,466425
18-02-2025 09:59,22962,803475,400875,106.85,1120350,1207800,175.25,513300,453150
18-02-2025 09:59,22959.1,803850,400650,105.95,1113750,1215675,177.45,523650,440250
18-02-2025 09:59,22962.4,813000,399525,107.55,1119075,1208775,175.1,518325,443775
18-02-2025 09:59,22959.85,815100,398475,107.6,1125000,1203600,175.1,519600,446175
18-02-2025 09:59,22959.05,817125,399600,106,1144125,1188300,176.55,511500,452250
18-02-2025 10:00,22963.4,818400,399750,108.45,1149075,1187100,172.05,511575,461925
18-02-2025 10:00,22973.8,817275,395925,110.7,1161900,1171275,168.05,493200,465375
18-02-2025 10:00,22966.4,814575,397950,108.95,1163700,1181475,171.75,501975,470100
18-02-2025 10:00,22965.6,818700,398400,109.25,1161600,1188675,170.5,505050,461925
18-02-2025 10:00,22965.75,814650,401700,107.85,1166475,1203450,171.05,510075,467100
18-02-2025 10:00,22974.35,819150,393825,111.8,1174425,1205475,164.9,508650,470025
18-02-2025 10:01,22978.45,818625,391650,112.55,1184550,1196400,163,496275,469425
18-02-2025 10:01,22980.2,815850,390300,114.05,1185825,1200450,161.2,498975,475200
18-02-2025 10:01,22982,818700,393450,114.4,1188375,1208400,160.25,495225,479775
18-02-2025 10:01,22983.95,816525,385950,115.7,1204800,1206300,158.5,482925,481050
18-02-2025 10:01,22982.4,813675,400050,113.95,1191750,1204275,161.75,484275,483975
18-02-2025 10:01,22979.15,816225,396975,114.4,1183425,1202025,161.85,498075,485400
18-02-2025 10:02,22979.2,818475,407550,112.3,1180575,1217700,165,505575,486150
18-02-2025 10:02,22974.25,810975,412125,112.3,1177050,1234350,164.2,512925,491100
18-02-2025 10:02,22979.95,814050,403275,114.15,1179150,1237350,162,511275,496650
18-02-2025 10:02,22984,817800,404925,117,1183200,1224225,159,507300,500025
18-02-2025 10:02,22988.9,819300,400275,117.6,1194075,1181475,159.2,491325,504450
18-02-2025 10:02,22990.9,811500,397950,117.75,1192725,1126125,158.85,483150,506475
18-02-2025 10:03,22980,814950,399075,115.85,1189800,1146975,162,498000,505050
18-02-2025 10:03,22981,813975,399600,114.75,1190775,1157925,163.9,507300,505275
18-02-2025 10:03,22983.2,816075,403950,116.25,1200600,1159275,161.05,506025,508575
18-02-2025 10:03,22982.45,813000,403875,115.85,1205550,1165725,163.8,510375,513900
18-02-2025 10:03,22983,815625,399600,116.05,1207050,1174500,162.8,517650,519675
18-02-2025 10:03,22980.25,816075,402375,116.5,1215525,1179450,162.55,521400,524775
18-02-2025 10:04,22984.8,815775,399300,120.45,1220250,1173075,162.3,520350,517575
18-02-2025 10:04,22986.3,812325,406500,122.5,1222725,1119450,161.4,512625,516225
18-02-2025 10:04,22983.05,813225,408000,119.85,1226925,1123200,162.8,513600,523425
18-02-2025 10:04,22986,814050,406575,121.7,1220400,1142400,161.7,518625,517200
18-02-2025 10:04,22985.1,820125,405375,121.8,1233075,1149900,161,526275,519000
18-02-2025 10:04,22980.65,816450,408975,119.4,1228500,1164075,163.55,527475,519900
18-02-2025 10:05,22980.15,818175,408900,119.15,1214400,1177125,163.35,527925,507225
18-02-2025 10:05,22974.05,804975,411000,115.5,1205850,1191450,168.1,534375,497625
18-02-2025 10:05,22976,817800,412425,116.85,1186350,1197375,166,533400,497250
18-02-2025 10:05,22975.75,808425,415200,116.35,1196250,1199925,165.55,528600,502350
18-02-2025 10:05,22979.2,821025,412575,119.5,1204050,1204200,160.95,530625,510375
18-02-2025 10:05,22986.5,820200,407925,120.15,1210050,1198725,160.35,524025,515775
18-02-2025 10:06,22987.75,823500,405075,121.55,1227825,1193925,159,521550,516750
18-02-2025 10:06,22987.6,812625,410550,120.75,1221075,1210650,161.9,523875,513075
18-02-2025 10:06,22988,821325,409500,119.3,1220850,1215900,162.9,527475,518700
18-02-2025 10:06,22980.1,812925,411450,116.1,1215300,1243050,166.6,527025,517950
18-02-2025 10:06,22983.25,816375,414600,118.2,1207275,1237500,164.55,533775,510600
18-02-2025 10:06,22983.25,821175,418950,118.5,1215525,1242225,164.3,534300,513675
18-02-2025 10:07,22980,817200,416250,118,1222875,1240275,165.55,532050,512550
18-02-2025 10:07,22987.8,816825,414600,118.8,1227525,1241550,165.15,534600,511950
18-02-2025 10:07,22988,818625,411675,120.6,1232025,1243125,163.85,538200,516225
18-02-2025 10:07,22987.3,820800,415650,119,1232250,1244625,167.75,537000,511275
18-02-2025 10:07,22984.25,822825,411525,120.85,1233825,1245975,163.8,538950,507300
18-02-2025 10:07,22983,817500,418275,117.7,1229400,1254300,166.65,545775,506625
18-02-2025 10:08,22975,811200,416400,114.1,1218450,1270200,171.85,546375,502275
18-02-2025 10:08,22971.05,814425,417300,114.35,1161450,1274550,172.9,542175,467100
18-02-2025 10:08,22970,817800,417750,115,1185000,1280175,176.9,542475,456075
18-02-2025 10:08,22965.7,812025,416025,113.2,1192500,1292400,177.05,560400,448950
18-02-2025 10:08,22967.95,817875,419100,111.35,1198200,1288725,178.6,560325,443700
18-02-2025 10:08,22965.55,814350,415875,111.9,1192200,1303800,177.45,547050,451875
18-02-2025 10:09,22965.65,813975,417600,110,1175550,1317075,178.95,547725,447375
18-02-2025 10:09,22968.2,817875,416175,112.05,1162575,1301325,174.95,551325,441300
18-02-2025 10:09,22971.9,822900,417825,110.6,1187700,1310625,176.95,527025,445125
18-02-2025 10:09,22967.05,817500,419100,109.55,1173000,1318575,177.6,536700,447375
18-02-2025 10:09,22960,816525,422025,108.7,1181550,1322100,179.4,540900,453150
18-02-2025 10:09,22952.95,794250,420300,103.2,1179975,1319475,187.7,540150,432525
18-02-2025 10:10,22945.95,795150,410925,105.7,1036275,1376550,186.7,545775,383925
18-02-2025 10:10,22945,798450,416550,103.45,1051950,1313550,191.2,548100,372600
18-02-2025 10:10,22938.6,802275,417300,102.5,1059525,1323525,194.25,558450,367575
18-02-2025 10:10,22935.05,801375,419550,99.45,1061925,1329825,197.85,559650,360075
18-02-2025 10:10,22935.85,803025,415650,101,999825,1332150,193.8,557175,363000
18-02-2025 10:10,22940,808425,419325,99.4,1040625,1321875,196.4,555075,386700
18-02-2025 10:11,22931.05,801900,420750,99.15,1013250,1327350,195.45,563250,375375
18-02-2025 10:11,22939,808800,418125,99.5,1046025,1335300,194.4,565575,399450
18-02-2025 10:11,22943.3,807675,413100,101.35,1077600,1352025,191.6,563325,404250
18-02-2025 10:11,22946.8,806850,415500,103.15,1108575,1337325,187.8,551850,410025
18-02-2025 10:11,22948,810975,412275,103.55,1121250,1331625,185.55,521175,415425
18-02-2025 10:11,22948.05,813375,412275,102.85,1149525,1365150,188,517725,414225
18-02-2025 10:12,22943.5,798600,422475,103.3,1124400,1371525,188.4,520800,396900
18-02-2025 10:12,22948.4,814425,417000,103.7,1150200,1375500,187.4,516600,404925
18-02-2025 10:12,22951.5,817575,417750,103.7,1158750,1372500,185.9,516150,406800
18-02-2025 10:12,22952.5,815550,419550,104.1,1153050,1371000,184.4,514725,410700
18-02-2025 10:12,22955.85,812325,417900,104.35,1147950,1383150,181.25,518775,402300
18-02-2025 10:12,22950.3,810900,424800,102.65,1153425,1408575,184.75,521175,399300
18-02-2025 10:13,22945.05,808425,425850,100.7,1126800,1416225,189.85,523275,394500
18-02-2025 10:13,22942.05,813825,421350,100,1128375,1421025,191.6,532425,392025
18-02-2025 10:13,22943,812250,423225,100.05,1093200,1419000,191.3,534525,398925
18-02-2025 10:13,22942,817050,419025,100.5,1110075,1419225,190.5,535200,403800
18-02-2025 10:13,22947.45,822000,417075,103.55,1133475,1420725,185.3,525750,407775
18-02-2025 10:13,22945.05,813225,422100,103.3,1139550,1406550,185,517275,408825
18-02-2025 10:14,22947.25,819600,417075,102.85,1147500,1414575,186.15,518100,413325
18-02-2025 10:14,22948.2,813075,425700,100.45,1150875,1432500,188.8,524175,410700
18-02-2025 10:14,22938.05,813600,425700,99.1,1146450,1442625,192.15,531150,411825
18-02-2025 10:14,22929.4,804750,426525,95.65,1100100,1454550,197.95,541950,399750
18-02-2025 10:14,22925.65,803850,421200,95.3,1041000,1448775,199.1,547200,359925
18-02-2025 10:14,22925.1,806775,418125,94.4,993075,1448175,200.55,539550,331050
18-02-2025 10:15,22928.2,803925,421425,96.45,1012800,1452000,196,537300,339450
18-02-2025 10:15,22934.3,809325,418875,97.45,1039950,1456425,193.7,527850,341175
18-02-2025 10:15,22939.95,812475,417825,98.2,1057350,1464525,191.8,533100,353625
18-02-2025 10:15,22937.95,815850,421800,98.05,1070325,1464600,190.65,531450,362625
18-02-2025 10:15,22940.05,815475,420975,98.55,1070700,1465275,190.25,525975,362625
18-02-2025 10:15,22937.05,814800,427500,98.35,1078875,1465650,192,529425,373725
18-02-2025 10:16,22934.95,814725,424200,98.75,1093875,1469850,191.7,537300,378150
18-02-2025 10:16,22937.95,814350,422550,99.5,1102575,1469850,189.65,533775,387225
18-02-2025 10:16,22938,814950,432150,98.7,1112400,1455225,191.25,525000,388425
18-02-2025 10:16,22935.85,813825,429750,98.55,1086450,1471575,192.05,530550,393150
18-02-2025 10:16,22935.05,814800,430125,97.95,1090575,1479375,193.3,533100,398325
18-02-2025 10:16,22934.45,813750,431850,98,1094100,1489800,193.35,538650,403575
18-02-2025 10:17,22935.65,812325,429825,98.6,1110825,1495875,192.05,540900,411300
18-02-2025 10:17,22939.2,809400,431550,98.4,1118475,1497225,192.55,537900,418875
18-02-2025 10:17,22935.05,808125,433725,97.6,1119750,1507725,194.1,539100,414450
18-02-2025 10:17,22939.4,815550,429900,99.55,1126950,1511775,190,542175,419925
18-02-2025 10:17,22935.05,810450,433500,98.65,1133325,1503375,190.7,532500,422325
18-02-2025 10:17,22934.55,810525,432825,97.1,1118475,1521150,192.55,533400,420750
18-02-2025 10:18,22934,809325,437625,96.35,1107600,1532925,194.65,537375,413100
18-02-2025 10:18,22932.35,809400,437400,95,1101900,1541175,194.4,533925,400350
18-02-2025 10:18,22932.35,812025,436200,96.15,1106100,1530375,192.65,539250,405975
18-02-2025 10:18,22937.4,815250,432750,96.6,1129350,1529250,193.55,538350,417075
18-02-2025 10:18,22934.65,812925,431250,96.85,1134150,1527075,193,531000,417150
18-02-2025 10:18,22932,804975,434775,95.65,1129275,1534200,195.35,551850,417225
18-02-2025 10:19,22922.05,803475,433500,92.65,1068600,1541175,201.85,557850,390825
18-02-2025 10:19,22921.6,810975,429750,94.65,1049400,1530525,201,572025,367200
18-02-2025 10:19,22913.7,792600,434250,90.6,1057125,1538175,209.8,563550,364800
18-02-2025 10:19,22907.7,786450,430950,88.45,963075,1542750,213.5,547800,303225
18-02-2025 10:19,22912.25,793050,433200,89.85,953625,1523625,212.4,542925,305700
18-02-2025 10:19,22905.65,784875,431925,89.8,962925,1522950,214.45,561300,313725
18-02-2025 10:20,22908,790950,427200,89.8,976275,1521750,210.85,560175,303675
18-02-2025 10:20,22905.6,785475,434775,88.8,969300,1534200,213.7,541725,318525
18-02-2025 10:20,22893.05,783375,436425,85.65,964500,1532100,221.2,544200,323925
18-02-2025 10:20,22888.75,744600,437475,84.7,938850,1536075,225.15,561375,266100
18-02-2025 10:20,22899,758025,431250,86.15,921750,1540950,219.05,562050,252150
18-02-2025 10:20,22894,766575,424650,86.4,978000,1528275,220.6,531300,267000
18-02-2025 10:21,22893.05,765900,437100,86.05,991875,1540650,221.4,535575,266925
18-02-2025 10:21,22897.55,773400,431025,86.1,1016925,1535325,220.5,533550,278550
18-02-2025 10:21,22891.1,765150,439725,83.7,1007400,1543575,224.15,527100,277050
18-02-2025 10:21,22891.3,763050,440550,83.15,949275,1554525,225.25,528600,274650
18-02-2025 10:21,22887.6,766875,438975,83.3,938475,1556175,224.8,535500,260475
18-02-2025 10:21,22870.1,764850,434325,79,946425,1555950,235.5,531675,223425
18-02-2025 10:22,22862,734850,434550,75.65,815025,1571625,240.4,542250,198525
18-02-2025 10:22,22865.45,742575,437850,79.75,770925,1578000,241.3,533625,175050
18-02-2025 10:22,22865.35,750225,434625,78.75,801525,1563375,243.35,517350,173925
18-02-2025 10:22,22865,747600,436950,77.95,825900,1603350,242.9,516750,170175
18-02-2025 10:22,22865.85,752475,439350,78.65,840150,1615800,239.8,519525,177600
18-02-2025 10:22,22870.1,752175,437400,79.25,862800,1591725,239.85,508425,184425
18-02-2025 10:23,22870.6,750600,438675,80.25,908925,1555875,241.95,505050,185025
18-02-2025 10:23,22870.2,755325,441750,80.2,929550,1522350,240.65,507150,187125
18-02-2025 10:23,22874.45,755400,447300,80.3,935550,1544475,239.25,502425,192000
18-02-2025 10:23,22875.35,756825,440475,80.85,930300,1542825,238.45,501525,207975
18-02-2025 10:23,22880,759225,447525,82.5,949650,1566975,232.9,497700,208050
18-02-2025 10:23,22883.3,760125,438975,82.65,972900,1527525,230.05,486000,203175
18-02-2025 10:24,22881.85,760125,448875,82.4,996300,1540125,232.55,486750,202200
18-02-2025 10:24,22883.15,758400,446100,82.15,976125,1552500,233.1,490650,210300
18-02-2025 10:24,22881,769500,454200,81.4,972600,1564425,234.75,494325,213900
18-02-2025 10:24,22877,776025,451950,80.5,973200,1569900,237.6,497325,214950
18-02-2025 10:24,22876.35,779475,454125,81.5,970575,1571250,235.1,497475,199425
18-02-2025 10:24,22880.45,784725,447900,82,970950,1586250,233.15,491325,204750
18-02-2025 10:25,22875.5,769350,454200,80.4,1068675,1616325,236.55,497325,204300
18-02-2025 10:25,22875,786000,452700,80.5,1081500,1614900,236.8,493425,206475
18-02-2025 10:25,22875,785550,452925,81.1,1062750,1603650,235,489675,202200
18-02-2025 10:25,22871.6,775200,453300,80,1064100,1615200,239,490800,201900
18-02-2025 10:25,22867.4,780600,453150,80.25,1054350,1625700,239.75,495975,193575
18-02-2025 10:25,22867.2,775650,452400,79.75,1069800,1631025,240.55,494775,189750
18-02-2025 10:26,22874.35,784875,455025,80.9,1082400,1636650,238.2,498525,194475
18-02-2025 10:26,22875,783825,453525,81.35,1101675,1621125,237.3,494250,193050
18-02-2025 10:26,22871,783375,456375,81.1,1107900,1643625,239.5,496950,193950
18-02-2025 10:26,22871.3,779925,454125,79.8,1108425,1651200,242.85,500850,196650
18-02-2025 10:26,22869,776100,455625,80,1085475,1673100,242,502800,192900
18-02-2025 10:26,22867,780825,457050,79.25,1003500,1650000,243.7,498075,195075
18-02-2025 10:27,22863.25,778875,462075,79.65,998925,1658250,244.5,500250,194475
18-02-2025 10:27,22865.05,777825,455550,80.3,996975,1654275,242.45,488250,156900
18-02-2025 10:27,22864.95,773625,457125,80.2,998775,1664400,243.75,491175,159900
18-02-2025 10:27,22866.95,779700,459300,80.15,1008600,1664925,240.15,492750,164700
18-02-2025 10:27,22866.45,777750,457350,79.85,1005375,1684200,240.65,484275,165825
18-02-2025 10:27,22867.5,778425,459225,78.8,1115400,1688850,243.95,486600,174375
18-02-2025 10:28,22860,772575,463575,77.5,1104450,1694925,248.55,490125,159225
18-02-2025 10:28,22860.1,769725,460125,78.55,1079175,1695600,247.8,487875,157275
18-02-2025 10:28,22861.6,777150,462150,79.1,1101300,1692750,243.75,487800,162975
18-02-2025 10:28,22863,778500,459300,79,1116750,1698375,242.6,491775,166425
18-02-2025 10:28,22862.6,777825,462000,78.35,1115475,1706925,244,488775,172050
18-02-2025 10:28,22862.8,775350,459750,78.15,1113900,1710375,245.9,493575,172650
18-02-2025 10:29,22859.75,772650,463050,77.5,1101975,1712475,246.4,489975,170475
18-02-2025 10:29,22858.05,776325,462900,77.8,1111950,1717275,246.45,494100,170400
18-02-2025 10:29,22860,775950,464100,78.25,1135350,1709100,246.6,491700,171075
18-02-2025 10:29,22858.05,778725,460125,78.25,1146675,1711275,245.9,489600,172050
18-02-2025 10:29,22856.55,779100,463800,78.1,1151175,1718025,247.45,489675,174600
18-02-2025 10:29,22864.6,784875,457800,79.5,1159500,1708875,243.9,488175,175650
18-02-2025 10:30,22864.65,782700,459300,79.35,1153350,1684800,243.65,482100,174900
18-02-2025 10:30,22865.95,785700,463650,80,1164675,1683450,240.35,484275,178800
18-02-2025 10:30,22860.9,781500,465675,78.4,1157475,1694100,244.75,490950,173850
18-02-2025 10:30,22861.45,783225,465600,78.8,1168725,1692150,243.75,484275,176475
18-02-2025 10:30,22860.7,784950,464325,78.7,1172550,1703025,244.35,487050,177675
18-02-2025 10:30,22863.95,786000,464850,79.5,1187025,1701975,242.1,490950,177750
18-02-2025 10:31,22868.85,788100,461625,81.5,1195350,1692300,237.75,485925,180525
18-02-2025 10:31,22870.85,787425,452175,81.6,1196100,1670475,235.65,472725,180225
18-02-2025 10:31,22874.55,790500,463650,81.7,1201575,1669050,236.7,460200,181500
18-02-2025 10:31,22871.65,788775,463800,82.1,1197225,1684200,234.3,465675,184875
18-02-2025 10:31,22873.95,792000,462300,82,1206750,1671675,234.2,469125,183450
18-02-2025 10:31,22873.95,789900,466350,80.05,1208625,1693725,237.5,471975,187800
18-02-2025 10:32,22865.45,781200,471375,79.45,1145775,1699650,240.65,476775,177300
18-02-2025 10:32,22873.9,787500,467775,80.2,1169400,1701075,237.6,476250,180075
18-02-2025 10:32,22869.25,790500,469725,80.4,1180575,1711875,236.95,477675,182850
18-02-2025 10:32,22877.65,791475,466800,82.6,1196775,1718400,230.55,477450,185925
18-02-2025 10:32,22878.55,790725,462000,83.2,1203375,1676925,230.15,458700,184875
18-02-2025 10:32,22880,793275,455175,82.05,1218900,1696425,230,461775,187575
18-02-2025 10:33,22878.45,794775,459225,81.4,1223700,1717950,232.25,464400,189225
18-02-2025 10:33,22870,785700,465300,78.5,1217550,1724775,238.25,466275,183225
18-02-2025 10:33,22868,787800,467625,78.7,1168425,1725525,238,468300,178275
18-02-2025 10:33,22874.35,788100,465375,79.8,1188150,1738500,235.5,471825,182100
18-02-2025 10:33,22872.4,787500,468600,78.9,1197750,1746525,237.15,478200,185400
18-02-2025 10:33,22866,786150,472125,77.9,1194300,1750275,238.95,480075,183525
18-02-2025 10:34,22867.05,785475,472275,78.4,1161000,1745625,238.2,482925,181575
18-02-2025 10:34,22865,791625,472200,77.7,1136925,1743450,238.25,477150,178800
18-02-2025 10:34,22865.05,791850,472650,78.4,1148850,1742025,237.95,478125,185550
18-02-2025 10:34,22865,795000,470700,78.15,1152975,1753125,237.95,477825,189225
18-02-2025 10:34,22860.95,790800,472200,76,1151025,1758075,244.55,480300,188250
18-02-2025 10:34,22858,788325,471075,75.65,1111350,1772100,245.3,481125,173775
18-02-2025 10:35,22857.55,788100,475050,76.35,1041750,1768275,244.8,473025,169800
18-02-2025 10:35,22855.7,786375,471300,76.3,1059900,1761900,245.25,472275,178875
18-02-2025 10:35,22858,787050,471225,76.95,1090800,1761600,244,472650,180075
18-02-2025 10:35,22858.4,790875,468750,77.25,1139550,1762350,243.45,474900,182175
18-02-2025 10:35,22861.85,786900,465975,78.4,1146300,1770825,240.95,470475,182475
18-02-2025 10:35,22865.05,791100,463950,78.95,1150350,1760700,238.5,471000,185775
18-02-2025 10:36,22870.25,789225,461775,80.2,1157400,1749075,234,468525,186375
18-02-2025 10:36,22870.2,785250,466725,80.1,1160175,1745850,235.6,464625,191175
18-02-2025 10:36,22870,791550,469050,80.45,1156725,1758150,235.15,467250,188100
18-02-2025 10:36,22870,787200,469650,80.25,1158900,1760175,235.45,475125,187725
18-02-2025 10:36,22870,785925,463875,80.4,1155150,1758825,235.45,473475,186600
18-02-2025 10:36,22875.3,793725,460800,81.5,1163025,1754250,230.5,471300,191250
18-02-2025 10:37,22875,794175,463800,80.8,1168500,1746900,233.25,463500,190875
18-02-2025 10:37,22870.15,798450,467400,80.2,1161900,1769325,236.4,469200,190575
18-02-2025 10:37,22872,791400,463425,80.7,1164450,1772025,235.55,471525,191700
18-02-2025 10:37,22869.3,796800,467100,80.4,1156800,1788525,235.45,469650,194100
18-02-2025 10:37,22875,798225,464100,81.55,1168800,1775250,233.85,466875,195975
18-02-2025 10:37,22870,795600,463800,81.6,1172775,1786575,233.4,466575,195675
18-02-2025 10:38,22870.1,795000,464475,80.75,1171725,1796100,236.3,471000,197700
18-02-2025 10:38,22867.85,801000,467400,80,1165200,1807200,237.55,474675,194175
18-02-2025 10:38,22870.9,805125,460725,81.15,1172025,1857900,233.6,474225,193575
18-02-2025 10:38,22872.15,803325,464025,80.45,1183950,1813350,234.55,475050,197775
18-02-2025 10:38,22870.2,806550,461775,80.5,1183275,1819800,234.35,475350,198600
18-02-2025 10:38,22873.35,801900,459825,81.55,1184700,1853550,232,470775,198450
18-02-2025 10:39,22874,802800,461400,80.3,1184625,1882425,233.45,471825,197550
18-02-2025 10:39,22873.55,798225,462975,81.25,1192125,1881375,232.1,475650,200925
18-02-2025 10:39,22875,801975,464775,81.65,1200225,1873950,230.85,476250,199500
18-02-2025 10:39,22881.65,805125,468225,81,1200675,1877550,230.5,474375,200625
18-02-2025 10:39,22879.7,798450,468375,81.3,1197000,1869150,231.55,472200,200400
18-02-2025 10:39,22884.8,797850,466275,82,1201800,1868775,229.5,469275,200775
18-02-2025 10:40,22885.1,801150,462600,83.8,1210500,1861125,224.4,467850,201825
18-02-2025 10:40,22885.9,800250,462150,83.45,1213050,1812600,225.95,456825,199950
18-02-2025 10:40,22886.95,801000,465150,83.8,1216500,1826775,225.85,457575,199500
18-02-2025 10:40,22881.45,790125,467100,80.85,1207800,1849125,233.6,460875,198075
18-02-2025 10:40,22876.3,793050,474150,81.15,1193100,1851825,231.85,458775,209100
18-02-2025 10:40,22877.85,798750,474900,81,1208025,1860600,232,458925,211425
18-02-2025 10:41,22875.85,791400,478275,79.95,1200750,1874850,234,465675,210900
18-02-2025 10:41,22873.15,798000,481725,79.8,1169325,1882800,234.95,464775,206175
18-02-2025 10:41,22879.15,802200,481275,81.2,1174200,1878300,231.7,463275,196350
18-02-2025 10:41,22879.45,800775,481125,81.9,1189275,1881825,230,458700,197475
18-02-2025 10:41,22884.55,804750,477150,82.5,1197450,1878150,228.15,456450,201075
18-02-2025 10:41,22880,801750,477300,81.55,1199775,1880400,230,456675,199650
18-02-2025 10:42,22874.95,790650,482700,79.8,1186800,1884075,233.2,458625,197175
18-02-2025 10:42,22870.8,792450,483000,79.45,1166850,1908600,234.6,455850,194775
18-02-2025 10:42,22872,794925,479625,80.4,1194150,1906800,233.1,465525,200325
18-02-2025 10:42,22871,785325,481425,79.4,1199625,1923300,235.05,465300,197025
18-02-2025 10:42,22879.7,796125,477600,81.4,1207800,1916625,229.75,457425,196650
18-02-2025 10:42,22879.6,796200,477525,81.5,1219950,1922925,228.7,456225,200400
18-02-2025 10:43,22880.15,799050,473175,82.7,1231050,1915575,226.35,452625,198600
18-02-2025 10:43,22881.25,799650,479100,82.55,1231800,1904475,226.25,454350,200550
18-02-2025 10:43,22882,798600,479175,82.65,1226625,1906650,225.65,452475,199875
18-02-2025 10:43,22881.4,797925,476475,82.05,1219125,1919625,227.35,456975,200700
18-02-2025 10:43,22880.35,794700,483525,80.95,1218300,1931475,230.6,458850,201450
18-02-2025 10:43,22878.3,796200,480750,82.15,1226250,1941600,227.3,459450,204750
18-02-2025 10:44,22882,797550,477300,81.8,1225050,1937775,228.6,464775,204450
18-02-2025 10:44,22881,801225,480075,83,1239600,1936500,224.75,460650,206250
18-02-2025 10:44,22884.6,802500,479250,82.2,1245225,1912875,225.35,452625,207075
18-02-2025 10:44,22883.5,797250,479925,83.15,1244700,1907775,223.9,453600,206625
18-02-2025 10:44,22885.9,800325,485850,82.4,1248675,1914975,224.65,454950,204975
18-02-2025 10:44,22883.1,798375,482925,81.1,1251150,1923525,227.2,456675,204000
18-02-2025 10:45,22877.7,791175,481950,81.45,1225800,1952325,227.2,463200,198225
18-02-2025 10:45,22879.05,797625,484350,81.9,1227825,1959075,225.9,466950,200850
18-02-2025 10:45,22881.8,798075,486825,81.5,1228275,1966425,226,462225,199725
18-02-2025 10:45,22880,797325,485775,80.95,1230675,1958400,227.95,460875,202200
18-02-2025 10:45,22876,788325,486525,80.95,1227075,1969125,229.95,463725,199650
18-02-2025 10:45,22874.55,790575,490050,80.05,1240200,1971975,233.6,465900,195900
18-02-2025 10:46,22871.3,790200,488025,78.85,1221150,1979175,236.15,471450,184875
18-02-2025 10:46,22874.9,795525,477825,81.5,1204050,1988175,232.45,468150,182400
18-02-2025 10:46,22875,798525,487575,80.7,1219650,2000775,233.6,466350,185625
18-02-2025 10:46,22878.15,796500,488325,82.2,1228275,1991100,228.15,465975,188625
18-02-2025 10:46,22885,801975,482400,83,1231950,1967925,225.55,450150,189525
18-02-2025 10:46,22880.05,799500,479025,83.1,1238250,1913625,226,446475,190350
18-02-2025 10:47,22887.95,800850,480975,84.75,1251300,1861125,221.4,450600,188625
18-02-2025 10:47,22894.6,803325,481725,85.95,1259250,1855800,220.85,451725,191775
18-02-2025 10:47,22893,805350,481350,84.45,1258125,1842150,221.95,438825,190875
18-02-2025 10:47,22885,794100,491625,83.65,1255875,1849725,226.55,444900,193050
18-02-2025 10:47,22887.9,787125,487575,82.75,1242825,1876800,226.4,445650,189600
18-02-2025 10:47,22885.25,793275,493200,81.75,1252575,1880250,228.85,453150,187500
18-02-2025 10:48,22881.95,787050,490200,81,1238700,1893000,230.15,454725,186975
18-02-2025 10:48,22871.05,786000,495675,79.6,1215750,1901175,235.2,458625,189675
18-02-2025 10:48,22876.3,783900,497250,80.2,1204800,1904025,234.2,455850,186750
18-02-2025 10:48,22877.15,791850,495675,80.85,1218675,1898925,232.7,453750,188175
18-02-2025 10:48,22880.75,792825,493275,80.7,1245525,1904025,233.7,455775,192300
18-02-2025 10:48,22875.6,794625,494400,81.1,1265100,1905300,232.25,461475,194175
18-02-2025 10:49,22876,794250,497400,81.1,1279050,1915350,231.95,459000,197250
18-02-2025 10:49,22878.55,799500,496125,82.3,1273950,1920900,229.15,458100,197025
18-02-2025 10:49,22875.5,796950,493050,81.6,1281075,1929375,231.65,461400,193650
18-02-2025 10:49,22879.05,801375,495900,81.4,1288575,1930200,231.7,462750,195075
18-02-2025 10:49,22875.75,799725,499125,80.3,1290900,1934850,234.1,462300,197925
18-02-2025 10:49,22875,792975,498750,80.15,1265925,1943475,234.3,463650,197025
18-02-2025 10:50,22874,794400,500850,80.85,1256700,1949625,233,466650,193725
18-02-2025 10:50,22881.3,793800,492300,81.2,1253400,1940400,231.4,465975,194400
18-02-2025 10:50,22875,796200,496275,81.65,1258725,1942275,231.65,466500,196275
18-02-2025 10:50,22875.1,796725,498150,81.65,1258500,1941675,231.35,468000,198225
18-02-2025 10:50,22875,800025,499425,81.15,1261575,1947525,233,465825,197025
18-02-2025 10:50,22874.7,796800,493875,81.4,1264650,1944450,230.8,464175,200775
18-02-2025 10:51,22876.5,802275,494175,81.85,1263225,1950675,229.65,463725,203025
18-02-2025 10:51,22875.85,795975,498900,82.3,1255125,1939650,229.65,463050,202575
18-02-2025 10:51,22880,800625,491325,83,1260450,1929975,226.8,457650,204000
18-02-2025 10:51,22885,799950,489975,84.15,1268175,1916400,224.1,453600,200775
18-02-2025 10:51,22886.4,796425,494925,83.7,1281225,1918875,225.65,454200,196425
18-02-2025 10:51,22885,798375,490950,83.9,1283325,1920675,225.1,461025,199125
18-02-2025 10:52,22883.65,794025,496725,83.65,1291125,1925475,226.45,459375,196950
18-02-2025 10:52,22886.9,795375,491625,84.75,1295850,1931700,224,461925,200550
18-02-2025 10:52,22891,796050,491400,85,1300650,1916325,222.55,462450,201900
18-02-2025 10:52,22890,792900,493275,84.65,1297800,1926000,223.5,462525,202050
18-02-2025 10:52,22890,794775,492000,84.6,1299225,1941450,222.4,464025,205650
18-02-2025 10:52,22894,798075,489600,86.15,1298250,1931325,218.2,461625,203325
18-02-2025 10:53,22893.95,795450,490500,85.2,1293825,1904175,220.3,453375,201525
18-02-2025 10:53,22897,796575,492000,85.7,1280625,1898850,219.15,454650,203775
18-02-2025 10:53,22906,800325,486150,87.7,1293825,1885425,212.05,452400,209175
18-02-2025 10:53,22901.5,799050,487950,88.45,1303575,1833300,216.1,439650,208725
18-02-2025 10:53,22896.2,795150,500025,87.6,1312650,1836075,217.55,444000,210675
18-02-2025 10:53,22896.5,795750,500250,86.2,1284825,1855275,218.7,452175,209475
18-02-2025 10:54,22897.15,797925,498675,86.7,1276650,1854900,216.95,455550,209475
18-02-2025 10:54,22900,792600,495525,86.5,1298625,1839375,215.8,457725,208800
18-02-2025 10:54,22903,797175,496725,87.4,1307100,1838250,214.3,454800,210000
18-02-2025 10:54,22903,800700,489300,88.45,1314075,1835850,212.45,453750,209325
18-02-2025 10:54,22905,799875,495975,88.4,1330425,1828050,210.8,459525,208275
18-02-2025 10:54,22908,799125,488850,90.45,1320150,1821150,207.3,443850,207675
18-02-2025 10:55,22917.45,800850,481650,91.8,1364925,1741575,205.25,439725,209625
18-02-2025 10:55,22913.65,791925,488850,90.55,1348425,1747425,206.85,437400,208575
18-02-2025 10:55,22909,802350,496725,89.5,1339875,1764075,207.2,436050,211425
18-02-2025 10:55,22909,798075,494625,89.45,1326225,1776150,207.7,441225,211800
18-02-2025 10:55,22907.2,793575,494550,89,1326000,1789350,209.2,445350,212250
18-02-2025 10:55,22910.55,799350,489825,90.5,1318350,1788300,205.9,442950,206700
18-02-2025 10:56,22908.05,794475,491250,89.9,1319925,1780950,206.6,444150,208425
18-02-2025 10:56,22907.2,799200,489000,90.4,1316775,1799025,205.85,451350,207450
18-02-2025 10:56,22903.4,795225,492075,88.75,1319475,1823025,209.25,455250,207300
18-02-2025 10:56,22903,793950,492075,87.4,1277625,1824075,211.3,458325,207000
18-02-2025 10:56,22902,793500,491850,87.7,1287750,1834275,210.8,459825,209700
18-02-2025 10:56,22903.9,798300,489375,88.5,1280700,1837200,209.25,457200,211725
18-02-2025 10:57,22906.7,795000,485775,90,1281225,1828875,204.65,452325,214275
18-02-2025 10:57,22910,800475,490425,90.4,1281225,1799175,206.45,447750,212100
18-02-2025 10:57,22905.1,795000,492375,88.3,1280700,1817700,208.05,455250,212325
18-02-2025 10:57,22908.05,799275,488625,90.15,1284525,1827300,204.5,456600,216750
18-02-2025 10:57,22909.05,799650,485400,90.5,1302150,1821075,203.25,450300,218775
18-02-2025 10:57,22914.9,800925,483225,91.2,1328925,1812150,201.45,449250,218850
18-02-2025 10:58,22918,799275,481575,92.85,1326225,1795800,199.65,434700,216750
18-02-2025 10:58,22920,798525,480000,92.45,1344825,1762650,199.2,430275,211800
18-02-2025 10:58,22917,795525,480075,92.3,1340700,1773525,199.35,435000,207075
18-02-2025 10:58,22915.05,799575,484125,90.6,1344000,1798425,202.25,435075,212025
18-02-2025 10:58,22918,797025,485925,91.4,1307550,1803900,200.15,434700,210075
18-02-2025 10:58,22916.95,797250,484875,90.7,1288575,1803150,201.7,436650,211650
18-02-2025 10:59,22916.45,796500,485850,91.4,1269150,1806900,199.9,440325,212175
18-02-2025 10:59,22919.95,802875,483225,91.45,1265175,1810725,198.55,439500,219975
18-02-2025 10:59,22916.95,799575,483075,91.6,1266600,1809525,198.15,439875,222075
18-02-2025 10:59,22915,792375,491550,90.3,1264200,1817025,200.75,453150,218475
18-02-2025 10:59,22915,799200,493350,89.3,1254525,1833225,202.5,460725,216075
18-02-2025 10:59,22910.3,798525,497775,88.85,1246050,1835850,201.7,462375,221400
18-02-2025 11:00,22906.1,797625,501975,86.7,1233150,1843275,204.5,465450,215775
18-02-2025 11:00,22901.1,795300,501525,86.05,1220475,1838400,208.5,465225,209475
18-02-2025 11:00,22902,793875,499575,85.95,1225875,1843425,207.7,456075,205875
18-02-2025 11:00,22905,795750,497400,87.5,1261500,1837650,206.4,457500,208500
18-02-2025 11:00,22910,796650,494775,88.4,1264800,1849650,204.05,456300,213000
18-02-2025 11:00,22906.7,799725,501150,86,1259625,1843950,207.7,450975,217425
18-02-2025 11:01,22902,797325,496575,85.7,1253100,1847775,208.8,451350,208875
18-02-2025 11:01,22897.8,793275,501600,85.5,1233150,1867500,209.05,458850,204150
18-02-2025 11:01,22899.8,793725,497850,84.5,1184550,1871475,211.05,475650,204525
18-02-2025 11:01,22900.55,799350,497700,86.25,1195125,1877325,207.35,476175,210975
18-02-2025 11:01,22902,795825,496875,85.65,1201275,1874175,206.3,461775,215475
18-02-2025 11:01,22903.2,794550,502875,83.85,1215450,1879500,210.45,463125,217800
18-02-2025 11:02,22901.85,796125,497025,83.8,1213425,1876500,207.75,466125,221175
18-02-2025 11:02,22901,798000,499125,84.5,1198350,1879350,207.35,468000,222600
18-02-2025 11:02,22901.35,796050,498600,84.7,1197375,1882875,207.15,480075,224700
18-02-2025 11:02,22904.9,795600,498450,85,1215000,1882050,206.5,470625,223650
18-02-2025 11:02,22901.75,796425,502500,83.75,1212750,1884150,209.3,476100,219975
18-02-2025 11:02,22897,786000,503250,82.25,1191225,1895700,212.2,476475,217275
18-02-2025 11:03,22893.25,794475,500850,82.5,1177650,1891575,212.9,477600,209850
18-02-2025 11:03,22894.5,795750,503550,82.45,1191150,1893375,211.6,480225,212850
18-02-2025 11:03,22895.7,797475,505200,82.9,1196850,1892850,210.8,475200,220425
18-02-2025 11:03,22893.4,791775,500775,81.3,1185675,1894500,212.7,476700,224625
18-02-2025 11:03,22895,791925,504825,81.25,1172925,1905000,214,478050,220950
18-02-2025 11:03,22892.15,791025,504750,80.8,1164300,1915350,214.35,480750,220275
18-02-2025 11:04,22890,793875,505575,80,1167900,1914150,216.4,485850,217875
18-02-2025 11:04,22885,791925,505800,79.8,1110825,1913550,218.75,487350,205650
18-02-2025 11:04,22886.65,793875,501675,80.7,1124400,1913325,215.25,480075,209925
18-02-2025 11:04,22885,792900,509550,79.3,1137525,1917225,218.85,481650,212625
18-02-2025 11:04,22885,792450,506025,79.2,1116900,1921800,218.3,483675,212625
18-02-2025 11:04,22885.2,791475,506625,79.5,1129875,1924800,217.55,483450,215400
18-02-2025 11:05,22885,791925,507975,78.9,1142325,1927725,220.35,484350,215250
18-02-2025 11:05,22885,791100,510150,79.1,1131375,1926825,220.65,490800,203700
18-02-2025 11:05,22877.1,789900,507675,78.2,1136625,1945200,222.85,492600,203925
18-02-2025 11:05,22882.2,790050,501750,79.2,1143375,1941525,220.5,491400,201750
18-02-2025 11:05,22889,792375,495375,80.5,1154625,1934025,218.3,488850,211425
18-02-2025 11:05,22882.2,796125,502875,79.8,1157700,1936050,220.85,479400,212325
18-02-2025 11:06,22880,788925,507750,78.6,1149375,1940550,222.75,483225,212025
18-02-2025 11:06,22880,790350,504225,78.8,1144875,1950675,223.05,486450,208275
18-02-2025 11:06,22880,792975,507000,78.45,1105575,1945050,222.8,482250,205650
18-02-2025 11:06,22881,794775,506850,78.8,1113450,1950075,221.6,488175,206175
18-02-2025 11:06,22880.85,795825,506325,79.5,1120125,1959300,221,476025,213600
18-02-2025 11:06,22877.05,797100,505500,77.8,1126950,1957350,223.95,475200,215625
18-02-2025 11:07,22877.05,791775,510825,76.9,1097175,1969650,226.75,476100,207150
18-02-2025 11:07,22877,804900,513300,77.3,1096425,1975425,225.35,475800,205050
18-02-2025 11:07,22878.55,806850,510750,77.55,1104825,1971525,224.05,472950,208350
18-02-2025 11:07,22881.15,804075,508725,78.2,1118175,1960350,222.2,471075,210675
18-02-2025 11:07,22882.5,801150,511875,77.65,1127250,1963575,223.25,476400,212025
18-02-2025 11:07,22881,803550,509325,78,1131525,1975575,223.4,478575,212025
18-02-2025 11:08,22880,805200,510600,78,1137750,1969275,220.95,476925,216450
18-02-2025 11:08,22879.5,803700,508725,77.1,1147350,1967175,224.9,474675,216225
18-02-2025 11:08,22878.85,796050,512100,75.7,1116825,1979850,225.5,480900,210075
18-02-2025 11:08,22876,796350,515400,75.1,1095675,1988025,228.05,484575,205950
18-02-2025 11:08,22875,796800,514350,74.9,1045800,1993200,229,500625,206400
18-02-2025 11:08,22873.15,796950,521925,74.1,1055325,1997100,230.5,499950,211875
18-02-2025 11:09,22868.25,790050,521475,73.45,1046775,2018925,230.85,489675,193425
18-02-2025 11:09,22868.2,793350,519225,73.85,1052625,2018550,231.2,489225,188475
18-02-2025 11:09,22871.3,800250,517275,74,1068075,2007300,229.8,485850,191550
18-02-2025 11:09,22872.05,806625,519600,74.6,1086300,2005275,227.6,478350,192975
18-02-2025 11:09,22870,803550,522225,74.8,1101675,1996125,228.2,477750,193125
18-02-2025 11:09,22867.95,804150,522675,74.35,1120725,2010600,229,479250,194025
18-02-2025 11:10,22866.6,799500,524700,73.65,1099425,2023125,229.95,479175,194025
18-02-2025 11:10,22868.9,801525,525300,73.9,1131450,2017050,229.25,481425,195075
18-02-2025 11:10,22871,802425,526575,74.55,1150275,2011125,227.1,481575,200850
18-02-2025 11:10,22870,800625,521325,74.4,1168875,1995000,226.95,477900,198750
18-02-2025 11:10,22870,802800,523950,73.9,1184400,2004525,228.65,473850,199950
18-02-2025 11:10,22874.3,802650,521775,74.3,1173525,2008875,227.95,475500,200850
18-02-2025 11:11,22870,798750,525600,72.6,1164900,2016225,229.5,477225,200325
18-02-2025 11:11,22868.5,796575,520950,72.7,1121250,2016825,231.2,478425,199725
18-02-2025 11:11,22866.15,796275,522975,72.7,1131600,2018100,231,480450,202200
18-02-2025 11:11,22862.55,793875,523425,71.7,1123050,2020650,233.05,481875,200850
18-02-2025 11:11,22862.3,790725,526425,71.5,1119900,2015250,236.7,481875,197025
18-02-2025 11:11,22851.05,792450,528075,68.9,1111125,2016450,244.9,484275,184275
18-02-2025 11:12,22847.35,765750,527325,70,996825,2007750,246.1,486450,161550
18-02-2025 11:12,22850.9,766800,523350,69.9,1017750,2014350,245.45,484350,161100
18-02-2025 11:12,22850,767175,522000,69.6,1035675,2031075,245.9,483750,167625
18-02-2025 11:12,22841.25,753900,518775,68.7,1032600,2025375,250.85,479175,163575
18-02-2025 11:12,22844.55,752625,517650,68.6,1029300,2035500,252.65,480600,141000
18-02-2025 11:12,22841.1,754725,520950,67.15,1030650,2040150,255.9,487125,139050
18-02-2025 11:13,22842.3,760725,519225,68.05,1017300,2041575,250.5,483150,139500
18-02-2025 11:13,22847,763050,515775,69.1,1045950,2003025,247.95,472125,147600
18-02-2025 11:13,22853,770250,510225,69.25,1071675,1987650,246.4,465975,149100
18-02-2025 11:13,22846.75,768900,518850,68.55,1065375,2017275,248.15,470325,151050
18-02-2025 11:13,22850.55,776250,520275,69.45,1087425,2018850,244.05,472950,156225
18-02-2025 11:13,22851.7,764400,516525,68.7,1089225,2028900,246.6,465300,157425
18-02-2025 11:14,22853.95,772200,516675,69.15,1105650,2029875,245.55,464325,159450
18-02-2025 11:14,22854.4,768675,517575,69.35,1132650,2036175,244.45,467925,166125
18-02-2025 11:14,22854.4,771450,509400,70.05,1152300,2032425,241.65,462825,168600
18-02-2025 11:14,22856.1,773700,518175,69.25,1158075,2035500,243.25,459900,169275
18-02-2025 11:14,22856.4,773025,523575,68.7,1138350,2052375,243.35,464775,167925
18-02-2025 11:14,22852,771525,524925,67.85,1128075,2060250,247.4,465000,171300
18-02-2025 11:15,22850.05,767475,524025,67.9,1103475,2059050,246.9,464250,162750
18-02-2025 11:15,22849.6,772575,525750,67.3,1099950,2061900,248.4,473850,164850
18-02-2025 11:15,22849.3,775725,523800,67.85,1106625,2051850,246.1,471075,168075
18-02-2025 11:15,22849.15,773250,523800,68.25,1134075,2059275,244.25,459600,172800
18-02-2025 11:15,22848.75,776625,524775,68.05,1142100,2063325,246.5,465150,171300
18-02-2025 11:15,22849.55,778125,525300,67.85,1142325,2066775,248.5,468225,172125
18-02-2025 11:16,22849.9,774000,524625,67.55,1143225,2073750,247.4,466725,165450
18-02-2025 11:16,22851.2,774900,519075,67.55,1158750,2077650,247.55,462825,164850
18-02-2025 11:16,22849.3,771975,518250,67.55,1158825,2086200,247.8,466200,165000
18-02-2025 11:16,22847.1,774000,520125,67.75,1165050,2084175,247.55,466125,166125
18-02-2025 11:16,22847,775650,517575,67.55,1183650,2089125,245.1,466275,169350
18-02-2025 11:16,22849.55,772125,515025,67.95,1176825,2098125,243.45,463950,174075
18-02-2025 11:17,22855.55,780225,512550,68.5,1192650,2091600,242.5,454500,176100
18-02-2025 11:17,22854,778575,511050,68.95,1203150,2088300,240.75,451575,179100
18-02-2025 11:17,22855.05,783600,512925,69.15,1225200,2086050,240.05,452250,180000
18-02-2025 11:17,22855,779700,516450,68.7,1222200,2097600,242.75,449625,179325
18-02-2025 11:17,22858,783300,515925,69.6,1236450,2099925,238,451200,178425
18-02-2025 11:17,22857.4,786900,516300,70,1255875,2089275,237.6,445125,178650
18-02-2025 11:18,22858.05,788025,525600,69.65,1249425,2081175,238.7,450675,177600
18-02-2025 11:18,22858.65,790350,533700,70.15,1236525,2083800,235.7,450675,181050
18-02-2025 11:18,22860,786675,537900,70.3,1235775,2077800,235.6,447075,178275
18-02-2025 11:18,22864.95,788625,530100,70.15,1245150,2068050,235.9,444150,180225
18-02-2025 11:18,22865,778650,523800,69.8,1240725,2079300,236.5,441675,181950
18-02-2025 11:18,22861.2,779850,528150,69.85,1224600,2087475,235,444600,180300
18-02-2025 11:19,22863,783225,528525,70.45,1227975,2090025,233.15,446175,184275
18-02-2025 11:19,22865,783900,524850,70.25,1231350,2098950,232.85,439350,181575
18-02-2025 11:19,22864.7,788625,524100,71,1230300,2101125,230.5,440100,184650
18-02-2025 11:19,22866.1,783675,522375,70.05,1227975,2087775,233,439650,182025
18-02-2025 11:19,22864.85,778350,525525,69.75,1209750,2103000,234.45,445425,182700
18-02-2025 11:19,22869,791400,522450,71.15,1221525,2102475,229.25,441900,189000
18-02-2025 11:20,22870.45,788550,516075,72.1,1225950,2069175,226.6,438675,190050
18-02-2025 11:20,22870.15,791625,518550,71.8,1227600,2068500,227.6,436050,187425
18-02-2025 11:20,22870.6,799950,523275,71.3,1231875,2085825,228.3,437325,192450
18-02-2025 11:20,22871,802725,521100,71.95,1237875,2087700,226.3,437700,193650
18-02-2025 11:20,22873,809625,518025,72.8,1258575,2078325,224.75,443175,193875
18-02-2025 11:20,22875,809850,516600,72.9,1263000,2062650,222.4,438450,192150
18-02-2025 11:21,22878.35,812625,514350,73.9,1258350,2058000,219.4,436800,191475
18-02-2025 11:21,22879,803400,518025,73.25,1265400,2043600,222.15,428475,192075
18-02-2025 11:21,22871.95,796200,519600,71.9,1249650,2075550,224.75,435825,190500
18-02-2025 11:21,22874,803025,522525,71.2,1239825,2096700,226.65,439050,191250
18-02-2025 11:21,22874.15,801750,521400,72.05,1244625,2093475,225,439725,186825
18-02-2025 11:21,22875,799125,524775,70.7,1253550,2097000,226.8,442875,187500
18-02-2025 11:22,22875.05,798450,520350,71.2,1236675,2109150,226,442725,192000
18-02-2025 11:22,22868.25,798225,526350,70.5,1235625,2123475,227.85,445725,185700
18-02-2025 11:22,22870.8,800625,524100,70.5,1209450,2122725,227.25,446325,183525
18-02-2025 11:22,22870.75,799200,521400,71.2,1217550,2135775,226,443175,187725
18-02-2025 11:22,22872,802050,522525,71.4,1228200,2136525,224,440850,189525
18-02-2025 11:22,22870,798525,529725,70.2,1226625,2146875,227.95,446325,188025
18-02-2025 11:23,22865.45,798225,532275,70,1210950,2149050,228.75,449025,183375
18-02-2025 11:23,22868.05,801225,527550,70.7,1231350,2145000,226.7,445950,187200
18-02-2025 11:23,22871.7,801375,528300,70.7,1242750,2142225,226.45,446175,189450
18-02-2025 11:23,22870,801825,528825,70.5,1241400,2149875,227,447075,190125
18-02-2025 11:23,22868.2,804525,527925,70.55,1242225,2157150,227.3,450300,191925
18-02-2025 11:23,22873,806700,524625,71.35,1256100,2145375,224.9,447300,192975
18-02-2025 11:24,22873.5,802350,525750,72.65,1264350,2133900,222.15,446325,194625
18-02-2025 11:24,22872.15,805125,530625,71,1254000,2134875,225.25,449250,191325
18-02-2025 11:24,22866,800100,533325,69.9,1249125,2149650,229.05,454050,192150
18-02-2025 11:24,22863.6,797625,531600,68.65,1228200,2151225,231.9,451575,189750
18-02-2025 11:24,22862.7,799275,534675,69,1206675,2156700,232.2,468000,186525
18-02-2025 11:24,22861.85,795000,532500,69,1224000,2162925,232.55,470175,191175
18-02-2025 11:25,22860.65,799950,531450,68.4,1231875,2156325,234.05,468675,191250
18-02-2025 11:25,22858.55,799650,533100,69.35,1244925,2153175,233.15,465300,191625
18-02-2025 11:25,22858,799575,528750,68.15,1246425,2156475,236.45,450300,187575
18-02-2025 11:25,22858.2,804150,529500,68.8,1234875,2160600,233.85,451875,184575
18-02-2025 11:25,22857.1,805125,529200,68.3,1242450,2168325,234.45,451200,183675
18-02-2025 11:25,22858.45,805650,526725,69.25,1251825,2171175,233,447825,189525
18-02-2025 11:26,22862,804300,526425,69.15,1256550,2162625,231.4,442275,191250
18-02-2025 11:26,22859.05,802125,531150,68.75,1266900,2174175,233.8,444300,189750
18-02-2025 11:26,22861.55,803475,531150,69.4,1260825,2169375,231.9,445350,188400
18-02-2025 11:26,22861.65,805650,530775,69.65,1264500,2164050,231.05,444600,189150
18-02-2025 11:26,22862,805350,528000,69.85,1266825,2156475,231,447075,189000
18-02-2025 11:26,22860.75,806175,533700,69.4,1265250,2158275,232.55,444225,190800
18-02-2025 11:27,22857.55,803400,534975,67.7,1255650,2175900,237.2,447225,188400
18-02-2025 11:27,22854,802575,536175,67.2,1203450,2174550,238.1,450975,182175
18-02-2025 11:27,22856.6,814200,533325,67.8,1205400,2175450,237.05,449475,188475
18-02-2025 11:27,22854,810150,537225,67.3,1210050,2175675,236.3,445050,192675
18-02-2025 11:27,22855.6,807450,534975,67.05,1219950,2188275,236.55,449100,195375
18-02-2025 11:27,22856,807675,534825,67,1207650,2194650,235.9,451350,194175
18-02-2025 11:28,22853.35,807000,535725,66.6,1193475,2193225,236.85,451575,195225
18-02-2025 11:28,22855.4,809175,533250,67.05,1190625,2184600,234.8,451200,195000
18-02-2025 11:28,22857,811950,536850,67.55,1202325,2193375,234.75,448500,198600
18-02-2025 11:28,22859.9,812100,531075,68.7,1215975,2182500,231.85,444000,199575
18-02-2025 11:28,22859.95,810825,530550,68.45,1219125,2183775,232.95,447825,201300
18-02-2025 11:28,22865.4,815175,524025,68.8,1226850,2186025,230.75,445275,201825
18-02-2025 11:29,22863.05,815925,531750,69.75,1231575,2175750,229,441975,200025
18-02-2025 11:29,22865.3,817050,530550,69.3,1236825,2185275,230.3,440625,204375
18-02-2025 11:29,22866,813000,529350,70.45,1248525,2175300,227.8,441225,203850
18-02-2025 11:29,22870,813300,528150,70.85,1245825,2153100,226.5,438600,203025
18-02-2025 11:29,22870,809325,531750,70.2,1241625,2184450,228,439875,201375
18-02-2025 11:29,22870.8,814950,528450,71.7,1246275,2172150,223.65,436275,201225
18-02-2025 11:30,22871,816150,532575,72.05,1238925,2175450,224,441150,202800
18-02-2025 11:30,22870.4,812550,534750,70.35,1235250,2170650,227.55,453300,203550
18-02-2025 11:30,22870.75,816525,534375,70.65,1226025,2175375,227.7,455625,203250
18-02-2025 11:30,22870.75,801975,531675,71.7,1240125,2175000,224.55,445425,205350
18-02-2025 11:30,22868.35,813750,531825,71.3,1242975,2186700,226.5,446250,208350
18-02-2025 11:30,22867.3,806325,539925,70.35,1243500,2219925,229.4,451650,204150
18-02-2025 11:31,22864,812700,541500,69.6,1234125,2214225,231.1,450225,203625
18-02-2025 11:31,22864.85,815775,532275,69.7,1234125,2217450,229.55,451875,201825
18-02-2025 11:31,22867.55,819825,532725,71.05,1246500,2218425,226.15,448725,202125
18-02-2025 11:31,22868.45,815325,536475,70.35,1251825,2219400,226,445500,206625
18-02-2025 11:31,22868.05,811875,536925,70.2,1252950,2216100,228.1,445725,204300
18-02-2025 11:31,22872.55,814500,534225,71.45,1254825,2219925,227.1,444825,201750
18-02-2025 11:32,22879,817200,524100,74.55,1263525,2186925,220.35,441600,210675
18-02-2025 11:32,22888.1,810750,526050,76,1252575,2051175,215.6,415125,212475
18-02-2025 11:32,22885.7,810300,530925,75.85,1235475,2053575,216.1,423075,212025
18-02-2025 11:32,22881.9,807900,531000,75.3,1248825,2064150,217.5,428475,213975
18-02-2025 11:32,22882.3,807075,531825,73.85,1237500,2089350,219.8,432525,218700
18-02-2025 11:32,22883.2,814575,535125,73.8,1240500,2097750,220.6,433050,217500
18-02-2025 11:33,22879.65,813825,532800,73.85,1257000,2090625,219.95,433575,221325
18-02-2025 11:33,22884.55,810000,535275,74,1267350,2099550,218.25,437175,223200
18-02-2025 11:33,22880,802575,533025,73.2,1263000,2102325,219.6,441675,222825
18-02-2025 11:33,22883.4,812400,533925,73.6,1264425,2109150,218.4,441975,222975
18-02-2025 11:33,22884,808800,533100,73,1251375,2112975,219.95,440325,222000
18-02-2025 11:33,22884,808800,536250,72.95,1258800,2124450,219.1,443925,225150
18-02-2025 11:34,22879,810900,537225,71.85,1259700,2134275,221.45,444225,222075
18-02-2025 11:34,22882,806850,535950,71.65,1241925,2132775,220.8,447825,218925
18-02-2025 11:34,22881.05,814200,531600,73.65,1254000,2136900,216.8,442050,221925
18-02-2025 11:34,22887.95,812025,533850,73.95,1288500,2121225,216.75,436125,221400
18-02-2025 11:34,22887,812550,530850,74.5,1291200,2118450,215,435225,230025
18-02-2025 11:34,22887.95,815100,532800,75.8,1298775,2105775,212.4,440400,228075
18-02-2025 11:35,22888.8,813825,529200,75.3,1304325,2092950,213.4,439050,218325
18-02-2025 11:35,22888.95,813150,528450,75.55,1321650,2115450,212.5,435975,217725
18-02-2025 11:35,22887.55,811050,529050,76.25,1307925,2121450,214.85,440250,217350
18-02-2025 11:35,22887.55,809550,530400,75,1293225,2143125,216.75,444825,222150
18-02-2025 11:35,22885.65,814275,531900,76.4,1291950,2150475,212.8,446550,227325
18-02-2025 11:35,22889,813525,529575,75.8,1295475,2139900,214.25,444825,226500
18-02-2025 11:36,22887.35,816675,528150,76.3,1315800,2144025,212.75,448275,218775
18-02-2025 11:36,22885,803025,534300,74.45,1316400,2159475,216.5,450600,223125
18-02-2025 11:36,22885,813675,536550,75,1281600,2167125,215.9,452775,220275
18-02-2025 11:36,22887.95,815700,537525,74.75,1295175,2177250,215.75,453450,217425
18-02-2025 11:36,22882.6,813600,537525,73.65,1288875,2187450,216.8,453075,221550
18-02-2025 11:36,22881.7,814950,538350,73.55,1286925,2186475,216.6,454950,221700
18-02-2025 11:37,22883.6,816150,534525,74.95,1294950,2170650,214.2,454800,225525
18-02-2025 11:37,22881.55,816000,537975,73.35,1290150,2154150,217.5,459975,222825
18-02-2025 11:37,22880,810000,540000,72.9,1273275,2162850,219.25,458625,221175
18-02-2025 11:37,22880,810375,542700,72.55,1277550,2178600,220.05,460200,206550
18-02-2025 11:37,22879.95,810525,540525,72.8,1286325,2179575,219.9,461325,208050
18-02-2025 11:37,22871.8,810525,540975,71.75,1287600,2180025,222.55,465675,208425
18-02-2025 11:38,22877,818025,540525,72.4,1277025,2176125,221.2,462450,205350
18-02-2025 11:38,22873.1,813975,541125,71.7,1277700,2183475,223,464400,207450
18-02-2025 11:38,22873,811875,546300,71,1260000,2187000,224.5,466575,208125
18-02-2025 11:38,22874.9,813150,541050,71.4,1270800,2178375,223,466950,213150
18-02-2025 11:38,22874.85,814275,545175,71.2,1285650,2175225,222.65,466050,211800
18-02-2025 11:38,22873,811800,540975,71.1,1283400,2170800,223.6,466425,213225
18-02-2025 11:39,22874.75,813000,544425,71.5,1287900,2169825,223.15,465375,216225
18-02-2025 11:39,22874,812175,541275,71.2,1289550,2164050,223.1,466800,220575
18-02-2025 11:39,22873.1,811350,541575,71.65,1277775,2167125,223.75,466650,217050
18-02-2025 11:39,22874.65,816900,539325,71.9,1303200,2160750,223,466050,208425
18-02-2025 11:39,22883.2,824850,536850,73.65,1304550,2163600,218.25,463125,207675
18-02-2025 11:39,22879.3,814575,547875,71.8,1298250,2161125,222,459225,205500
18-02-2025 11:40,22877.55,819225,550950,71.45,1292475,2163750,222.6,458625,207600
18-02-2025 11:40,22874.5,815325,550725,71.9,1283400,2164800,222.95,459450,207750
18-02-2025 11:40,22877.25,821475,548925,71.9,1299375,2165100,222.75,458100,208425
18-02-2025 11:40,22879,818550,547650,73,1321575,2170050,220.55,455100,210675
18-02-2025 11:40,22875.05,819450,549300,72,1327500,2167875,222.5,453375,212550
18-02-2025 11:40,22874.75,818775,549450,71.65,1315575,2176200,224.1,459525,210825
18-02-2025 11:41,22874.75,822525,548625,72.05,1325325,2177700,223.55,457125,211200
18-02-2025 11:41,22874,825375,548625,72.2,1323000,2174850,223.15,460725,209700
18-02-2025 11:41,22873.1,817500,550125,72.3,1321425,2180775,223.35,460725,208500
18-02-2025 11:41,22877,824475,545475,74,1326075,2174700,219,458775,211500
18-02-2025 11:41,22880.6,828825,543300,73.85,1326525,2161500,219.1,449475,211425
18-02-2025 11:41,22881.85,827025,543750,75.7,1322925,2146125,215.75,448425,212850
18-02-2025 11:42,22888,826800,540150,76.3,1325700,2134575,214.7,446625,213000
18-02-2025 11:42,22893.45,826950,541350,76.75,1327050,2126400,212.4,444900,214800
18-02-2025 11:42,22892,816225,543825,76.2,1330950,2121075,214,445200,213000
18-02-2025 11:42,22892,818550,547425,76,1322850,2131650,214,450000,214650
18-02-2025 11:42,22893.05,819975,542775,76.9,1335750,2122500,211.9,445200,219375
18-02-2025 11:42,22894,819000,544875,77.9,1334625,2115525,210.45,441375,219225
18-02-2025 11:43,22894,821400,536475,77.8,1334325,2094900,209.85,433500,213375
18-02-2025 11:43,22897.95,823650,534000,78.35,1321650,2090775,208.45,437400,213825
18-02-2025 11:43,22898.9,823350,531375,79.25,1328775,2072475,206,435750,211200
18-02-2025 11:43,22900.05,828825,533175,78,1328850,2053200,208.2,432675,212550
18-02-2025 11:43,22898.5,820200,534900,77.9,1309125,2070225,207.7,430500,206325
18-02-2025 11:43,22900,820575,534525,78.5,1331550,2072700,206.55,435150,209250
18-02-2025 11:44,22901.6,824775,534450,78.95,1345125,2065575,206.3,436575,212475
18-02-2025 11:44,22898.75,820575,535800,78.4,1343475,2080125,207.55,437325,212400
18-02-2025 11:44,22897.95,832200,533850,78.75,1330200,2096325,207.05,437550,213150
18-02-2025 11:44,22902,829350,531675,79.4,1340175,2080950,205.85,437175,220650
18-02-2025 11:44,22902,828225,528075,80,1355625,2078025,203,438525,218475
18-02-2025 11:44,22905,828750,530475,80.85,1336575,2028900,201.7,432750,219975
18-02-2025 11:45,22909,826650,525450,81.3,1334925,2020575,201.85,430425,219975
18-02-2025 11:45,22911.9,829200,526350,82.55,1335525,1980450,198.6,414825,219150
18-02-2025 11:45,22912,825225,526275,83.4,1353150,1960800,197.45,413250,216300
18-02-2025 11:45,22924.9,830700,525975,88.15,1361175,1903650,191.55,404775,220575
18-02-2025 11:45,22931.05,823800,510675,91.5,1372200,1828050,190,403125,218850
18-02-2025 11:45,22935,827100,511575,95.35,1359300,1704225,184.4,408150,220725
18-02-2025 11:46,22934.25,830025,503550,92.4,1362975,1605675,186.8,394425,217050
18-02-2025 11:46,22926.15,832500,515850,90.35,1312425,1667925,188.75,408975,225225
18-02-2025 11:46,22929,830850,502725,91.45,1292775,1687050,187.2,416925,223425
18-02-2025 11:46,22930.3,840375,516450,92.85,1306200,1687800,185.85,415950,232050
18-02-2025 11:46,22927,825450,517875,88.8,1304550,1716900,189.2,426750,231900
18-02-2025 11:46,22925.05,826500,525750,88.7,1275750,1722375,189.9,431100,236400
18-02-2025 11:47,22921.35,820500,521400,86.8,1275000,1744050,191.4,437775,235650
18-02-2025 11:47,22920.2,825300,517725,87.9,1273500,1743450,189.85,427050,230025
18-02-2025 11:47,22917,826350,523575,84.4,1285125,1750800,194.05,439275,231975
18-02-2025 11:47,22917.1,825375,522525,85,1258200,1758825,193.65,440325,238125
18-02-2025 11:47,22915,815775,527625,83.8,1272975,1761825,195.6,440625,244275
18-02-2025 11:47,22915,822525,524850,84.25,1278675,1760400,195.2,439050,240000
18-02-2025 11:48,22915.05,821700,523650,84.55,1284300,1765875,194.2,438300,247725
18-02-2025 11:48,22915,822675,522675,85.2,1294200,1765575,193.1,438075,250500
18-02-2025 11:48,22915,822900,523200,84.65,1291650,1769850,194.65,443925,248550
18-02-2025 11:48,22913.95,822600,524175,84.3,1304625,1776450,195,444150,247800
18-02-2025 11:48,22914.4,827175,528675,84.85,1286175,1791075,195,443250,240225
18-02-2025 11:48,22914.95,823950,522600,84.7,1311675,1785375,195.6,440700,244425
18-02-2025 11:49,22917.4,827925,510075,87.4,1320825,1785075,191.4,436425,250500
18-02-2025 11:49,22918.8,826950,524250,85.8,1327500,1784475,195.65,439125,248250
18-02-2025 11:49,22921.5,825375,525525,86.85,1339800,1787550,193.75,436800,250125
18-02-2025 11:49,22915.1,828675,526800,86.35,1342200,1792200,194,439425,252525
18-02-2025 11:49,22913.4,829200,528075,86.5,1341450,1799475,195.05,441825,255150
18-02-2025 11:49,22914.95,830175,532425,85.45,1368000,1798125,195,440550,252375
18-02-2025 11:50,22913,825150,531525,83.95,1335975,1811925,197.9,451800,244875
18-02-2025 11:50,22907.85,826200,532725,81.8,1304175,1821300,201.95,460050,239925
18-02-2025 11:50,22906.5,826050,530550,81.7,1261650,1819875,201.6,459300,224775
18-02-2025 11:50,22907.8,829125,530850,83.8,1283850,1821750,198.25,452550,231825
18-02-2025 11:50,22907.8,825750,531600,83.75,1296450,1817175,198.8,451500,231600
18-02-2025 11:50,22907.4,828000,529350,83.2,1299975,1817775,198.8,452925,236700
18-02-2025 11:51,22909.8,822525,530700,83.2,1294650,1822050,198.8,454500,231825
18-02-2025 11:51,22906.2,822750,533625,80.85,1302150,1832925,202.3,459900,232050
18-02-2025 11:51,22901.95,821325,534000,80.3,1277475,1833225,203.45,463350,229200
18-02-2025 11:51,22899,815025,533250,79.2,1246125,1842975,205.6,463350,216300
18-02-2025 11:51,22900,824100,531150,80.6,1256925,1835475,203.4,463050,222225
18-02-2025 11:51,22896.05,815475,535725,77.95,1256625,1842225,210.05,460350,224250
18-02-2025 11:52,22894.9,816375,539550,77.75,1222950,1844100,209,458625,204975
18-02-2025 11:52,22894.9,823725,538350,78.45,1240575,1866600,207.35,455775,206025
18-02-2025 11:52,22897.2,825825,536700,78.4,1251750,1879800,206.1,450300,211200
18-02-2025 11:52,22895.8,824175,532950,79,1274475,1881375,206.2,444225,212475
18-02-2025 11:52,22896,819900,534150,79.1,1276050,1876950,206.3,445650,214425
18-02-2025 11:52,22896.4,827625,537900,78.3,1287225,1879575,206.65,446550,219075
18-02-2025 11:53,22893.5,825075,539025,78.05,1283775,1876200,208.1,445800,220125
18-02-2025 11:53,22895,823875,538350,76.9,1271325,1876200,210,448800,218250
18-02-2025 11:53,22892,827775,532800,77.95,1283625,1883025,208.1,449775,217875
18-02-2025 11:53,22893.75,827475,533175,78.35,1289850,1876050,207.75,447375,221475
18-02-2025 11:53,22899.95,829575,534600,79.55,1301100,1880625,205.05,452025,225225
18-02-2025 11:53,22897.7,828000,539775,78.05,1303275,1887000,207.55,447900,227100
18-02-2025 11:54,22893.85,826200,540750,78.3,1300275,1890450,208.3,452550,227925
18-02-2025 11:54,22893.8,806775,539175,77.1,1302525,1899150,209.15,453000,227475
18-02-2025 11:54,22896,830175,537750,77.5,1302900,1895400,208.85,453225,225750
18-02-2025 11:54,22894,829725,537675,78.65,1328625,1897200,206.45,450750,230025
18-02-2025 11:54,22891.55,819975,539025,77,1328325,1903275,208.9,450150,227850
18-02-2025 11:54,22894,825225,542550,76.35,1322250,1898100,210.15,453075,225600
18-02-2025 11:55,22892.7,826275,537900,77.2,1316850,1875450,209.55,456000,219675
18-02-2025 11:55,22895.7,833400,541275,78.1,1312950,1883850,207.4,456750,223725
18-02-2025 11:55,22899,830175,542550,77.75,1312725,1884375,207.2,458400,223650
18-02-2025 11:55,22898,835575,537675,78.8,1324050,1887750,205.45,456450,226350
18-02-2025 11:55,0,0,0,79.05,1324650,1889625,204.8,455025,229275
18-02-2025 11:55,22900,834075,534825,80.2,1325700,1881900,202.9,443400,231150
18-02-2025 11:56,22902,833625,535575,79.9,1343700,1898700,203.6,442650,232050
18-02-2025 11:56,22902,833025,532125,80.05,1328925,1905075,204.15,444375,231525
18-02-2025 11:56,22902,832875,533175,80.65,1341000,1910550,203.1,444375,232125
18-02-2025 11:56,22902,834600,536475,80.75,1332900,1899300,203.85,443850,235125
18-02-2025 11:56,22901.7,834975,538425,79.6,1332600,1883850,205.05,449250,231975
18-02-2025 11:56,22896,832275,539175,78,1319775,1898925,207.75,451650,228225
18-02-2025 11:57,22898,828450,536250,78.1,1345575,1908000,206.9,452925,226875
18-02-2025 11:57,22897.4,833250,540075,79.1,1348425,1905450,206.3,451575,229350
18-02-2025 11:57,22893.8,829575,541575,78.2,1357350,1915125,207.35,453225,234000
18-02-2025 11:57,22892.4,829725,540225,77.05,1352325,1934850,208.8,469575,226500
18-02-2025 11:57,22895.4,834525,536250,77.9,1339050,1933875,207.4,468075,227925
18-02-2025 11:57,22894.9,832425,532500,76.95,1341150,1931250,208,454800,231675
18-02-2025 11:58,22893,831225,531075,76.3,1342200,1936650,209.15,456675,228675
18-02-2025 11:58,22890,826800,535725,75.6,1324725,1952175,210.95,459150,219375
18-02-2025 11:58,22886.6,827250,535575,76.15,1284300,1949775,211,457050,215025
18-02-2025 11:58,22886.6,819000,536250,75,1291125,1961325,213.75,462375,213900
18-02-2025 11:58,22886.5,824625,535800,74.5,1278525,1967775,214.1,462450,215325
18-02-2025 11:58,22880.6,825525,535650,73.7,1251075,1971825,216.55,460725,207600
18-02-2025 11:59,22875,821475,533100,72.45,1260150,1970700,221.65,464850,199800
18-02-2025 11:59,22877.8,821625,529800,73.25,1254150,1956750,221.4,471450,201225
18-02-2025 11:59,22876.65,820725,531750,72.85,1258350,1958175,221.8,469950,204225
18-02-2025 11:59,22875,821700,533775,72.1,1256400,1962900,222.45,469725,207375
18-02-2025 11:59,22875,821475,533700,72.3,1239450,1965825,222.7,470475,210000
18-02-2025 11:59,22871.5,819450,532275,72.25,1257825,1960425,223.35,469500,208725
18-02-2025 12:00,22869.35,818325,537300,71.5,1241850,1953150,225.25,469950,205800
18-02-2025 12:00,22875,823575,531150,72,1258500,1936575,222.8,467625,209400
18-02-2025 12:00,22876.95,824175,533775,72.45,1260225,1932675,223.1,465450,213300
18-02-2025 12:00,22877.05,826500,533850,72.95,1279200,1961850,219.4,455025,218925
18-02-2025 12:00,22882,822975,532650,74,1293150,1960875,216.45,448800,221625
18-02-2025 12:00,22882.75,830775,525300,73.6,1293525,1968750,216.65,451575,225225
18-02-2025 12:01,22879.75,829725,530250,73.2,1294350,1975275,219.7,452775,225075
18-02-2025 12:01,22879.65,826500,530400,72.2,1299150,1980975,222.3,453900,224025
18-02-2025 12:01,22885,832050,529050,73.8,1317150,1950525,216.05,453000,226050
18-02-2025 12:01,22882.5,829200,528075,73.7,1320000,1952025,217.3,453975,227550
18-02-2025 12:01,22885.25,833550,530025,73.55,1322625,1991925,217.7,448350,229950
18-02-2025 12:01,22886.25,827400,528600,73.65,1318800,1990725,217.45,452925,227100
18-02-2025 12:02,22886.45,834225,529125,74.2,1326150,1974225,215.35,449400,232800
18-02-2025 12:02,22885.25,832800,531150,73.65,1322100,2012025,217.45,449850,232425
18-02-2025 12:02,22882.75,827625,530850,73.35,1312125,2015400,218.9,450150,228225
18-02-2025 12:02,22878.35,818325,531675,71.85,1300800,2024775,222.6,453675,227850
18-02-2025 12:02,22881,824100,531375,72.4,1305075,2019300,220.65,449850,225825
18-02-2025 12:02,22877.5,822825,532200,72.55,1313475,1987125,220.5,451650,228225
18-02-2025 12:03,22878.3,820500,532050,71.75,1302525,1995300,223.15,465075,226500
18-02-2025 12:03,22880,822675,531000,72.25,1323300,1991475,221.45,464025,233175
18-02-2025 12:03,22880,824775,531825,71.9,1326975,1998225,221.25,454575,237675
18-02-2025 12:03,22877.2,818175,533400,71.1,1318050,2004975,224.4,452475,235800
18-02-2025 12:03,22880,822225,532275,71.85,1299975,2004600,221,455025,227775
18-02-2025 12:03,22875.55,821850,533550,70.55,1311675,2005725,223.55,454275,228300
18-02-2025 12:04,22874.9,818175,534750,70.55,1298025,2015250,223.45,454350,229875
18-02-2025 12:04,22874,819000,534000,70.2,1311075,2022525,223.7,457425,234900
18-02-2025 12:04,22875.1,820425,533925,69.65,1307250,2025450,225.4,454650,230400
18-02-2025 12:04,22874.4,818325,534450,69.75,1238925,2037750,226,453225,223500
18-02-2025 12:04,22873.2,818175,534225,69,1248000,2026425,226.85,455100,222525
18-02-2025 12:04,22872.45,817350,535650,68.8,1235475,2031825,228.95,459750,217200
18-02-2025 12:05,22872.2,820500,537525,68.9,1233525,2028750,228,459225,220200
18-02-2025 12:05,22870.45,821025,535575,69.1,1245750,2041575,227.75,458325,219450
18-02-2025 12:05,22874.3,823725,534150,69.6,1248600,2028000,226,458925,222450
18-02-2025 12:05,22874.95,823425,534075,69.4,1264125,2023650,225.55,457875,229200
18-02-2025 12:05,22875,823650,533550,69.5,1270875,2014800,225.6,453825,232275
18-02-2025 12:05,22875,826500,534825,70.45,1283775,2010300,223.5,449775,235125
18-02-2025 12:06,22878,833625,530625,71,1289475,2009175,222.95,449400,236850
18-02-2025 12:06,22879.5,830550,534825,70.6,1292850,2019375,223.95,447600,235725
18-02-2025 12:06,22879.75,829050,532425,70.95,1291950,2024325,222.75,452100,240900
18-02-2025 12:06,22881,836925,530850,71.8,1305075,2018475,220.25,447375,236475
18-02-2025 12:06,22882.05,836400,532425,70.85,1301175,2014050,220.1,442725,234975
18-02-2025 12:06,22880,826275,536100,70.9,1298775,2019300,221.15,441000,235875
18-02-2025 12:07,22878.05,828375,533175,70.85,1300650,2027100,222.95,441150,234225
18-02-2025 12:07,22877.9,827625,533100,70.25,1299675,2035200,223.95,445200,235050
18-02-2025 12:07,22877.9,834675,531075,71.3,1295850,2030775,222,443025,238275
18-02-2025 12:07,22878.4,837450,533100,71.7,1298475,2027550,220.25,443400,241875
18-02-2025 12:07,22883.65,837750,531300,72.2,1308825,2026125,218.75,441750,240150
18-02-2025 12:07,22882.4,840825,532200,73,1322400,2016525,216.7,441675,239325
18-02-2025 12:08,22883.6,839850,531375,72.5,1317975,2035575,217.5,441750,243450
18-02-2025 12:08,22885,840900,530475,73.3,1328775,2059800,215.3,437925,237900
18-02-2025 12:08,22886.05,833550,530550,73.15,1330725,2066700,216.15,443550,238725
18-02-2025 12:08,22886,832950,532500,72.6,1336200,2083350,217.35,447975,236175
18-02-2025 12:08,22885.9,841200,529425,73.7,1329150,2088825,214.25,446325,239250
18-02-2025 12:08,22888,836400,528900,73.7,1340775,2066925,213.65,440550,244425
18-02-2025 12:09,22887.95,836550,532050,73.35,1320525,2082675,214.95,441150,237000
18-02-2025 12:09,22889,837375,531300,73.3,1316550,2085600,214.75,438750,238500
18-02-2025 12:09,22889.15,840000,530400,74.25,1332375,2083050,211.75,439500,246075
18-02-2025 12:09,22888.1,840450,530250,73.6,1331925,2059575,212.95,440100,244050
18-02-2025 12:09,22888.65,840300,528675,74,1325100,2062500,212.25,443850,239175
18-02-2025 12:09,22894,845850,528225,75.5,1336050,2056125,208.6,441300,247950
18-02-2025 12:10,22896,845550,530775,75.8,1337700,2024025,208.25,433575,247800
18-02-2025 12:10,22894,846825,528750,75.65,1332300,2012250,209.3,432225,249450
18-02-2025 12:10,22893.95,843150,528375,75.8,1335450,2026500,210,436500,246525
18-02-2025 12:10,22895,834600,530250,74.9,1337700,2036550,210.65,433500,243225
18-02-2025 12:10,22894.4,834600,532050,74.45,1313475,2051250,211.1,439800,244275
18-02-2025 12:10,22891.45,841575,537450,73.25,1308000,2056800,213.1,444975,245925
18-02-2025 12:11,22890.05,835800,529500,74.75,1297500,2056950,211.65,444750,240900
18-02-2025 12:11,22892,838500,531075,75.4,1306500,2038800,211,447000,241125
18-02-2025 12:11,22894,842850,533775,75.25,1309725,2034750,211.1,443400,242550
18-02-2025 12:11,0,0,0,75.55,1306500,2043825,211.5,444750,242025
18-02-2025 12:11,22894,841350,528450,76.15,1310325,2039400,208.65,444525,246075
18-02-2025 12:11,22896.4,840375,532125,76.55,1337850,2030325,208.45,442500,245625
18-02-2025 12:12,22896.95,842100,529500,76.7,1311525,2017200,207.7,443250,240750
18-02-2025 12:12,22900,843000,528600,77.8,1303500,2016300,206,442275,243000
18-02-2025 12:12,22902.9,842850,528600,77.3,1312575,2015475,207.45,436350,241050
18-02-2025 12:12,22899.95,843300,534375,77.45,1298100,2028675,206.6,438300,238575
18-02-2025 12:12,22899.85,839325,526275,78.75,1302750,2015775,204.65,436350,243750
18-02-2025 12:12,22903.4,843825,529425,79.2,1307100,2020050,203.45,438600,248025
18-02-2025 12:13,22903.4,837375,530475,78.7,1299750,2017200,203.65,438450,247950
18-02-2025 12:13,22902.55,842700,531000,79,1297500,2016600,202.8,437250,250050
18-02-2025 12:13,22905.3,844875,528375,79.3,1300200,2010600,202.35,436350,251025
18-02-2025 12:13,22906.1,847800,528675,80,1307850,2013000,200.5,431625,252375
18-02-2025 12:13,22903.05,846825,531975,79.3,1305825,1997550,202.5,438525,248025
18-02-2025 12:13,22902.55,837225,529725,78.45,1302900,1995750,203.45,440025,244575
18-02-2025 12:14,22901.3,841200,530625,77.8,1303800,2013075,203.9,440025,246825
18-02-2025 12:14,22905.7,844725,530400,78.2,1285200,2022450,202.3,441600,246300
18-02-2025 12:14,22903.15,841500,532575,77.1,1289700,2028450,205.05,458400,248625
18-02-2025 12:14,22903,842025,536250,77.1,1286025,2030925,204.75,461325,247050
18-02-2025 12:14,22902.6,840225,532575,77.65,1298250,2034975,203.85,463575,246450
18-02-2025 12:14,22900.85,839925,530325,77.95,1304325,2022225,202.5,463725,247500
18-02-2025 12:15,22900.1,840825,532575,76.65,1306875,2025375,205.7,462600,247425
18-02-2025 12:15,22902.15,835200,531675,76.45,1294950,2030550,205.2,465975,242100
18-02-2025 12:15,22899.05,834750,534675,75.55,1294500,2031675,206.55,465300,239250
18-02-2025 12:15,22897,833625,534375,76.5,1305600,2035275,205.65,465900,243600
18-02-2025 12:15,22899,835725,531975,77.05,1306875,2023275,204.2,465300,247275
18-02-2025 12:15,22904.55,836550,534225,77.75,1315950,2019225,203.45,461475,250800
18-02-2025 12:16,22904,837750,535725,78.35,1318425,2013225,201.5,457275,250125
18-02-2025 12:16,22906,841875,530250,78.8,1317825,2015100,201.1,453375,254175
18-02-2025 12:16,22899.8,829275,533550,76.4,1315950,2028525,205.45,462750,248100
18-02-2025 12:16,22895.45,835050,533850,75.8,1306800,2029125,206.75,461925,247500
18-02-2025 12:16,22901.5,837225,533700,76.9,1322100,2031525,205.1,467400,249825
18-02-2025 12:16,22901.85,840000,532350,77.25,1336950,2026050,204,468375,251025
18-02-2025 12:17,22902.2,832500,532950,78.15,1348350,2031225,203.35,466350,257625
18-02-2025 12:17,22901.8,838650,529575,78.9,1342425,2039475,201.4,467250,261825
18-02-2025 12:17,22902,839100,531525,78.2,1349550,2031975,202,462600,262350
18-02-2025 12:17,22902,836475,530550,78.1,1351950,2048700,202,468075,258150
18-02-2025 12:17,22899.1,838050,532275,78,1346775,2050650,203.45,468375,261150
18-02-2025 12:17,22900,835200,531900,76.7,1345425,2050125,204.95,472500,259275
18-02-2025 12:18,22899.1,839625,532950,77.55,1345875,2053275,203.4,474000,262200
18-02-2025 12:18,22901.7,838575,534900,76.7,1353675,2047500,204.95,476550,261150
18-02-2025 12:18,22902,839250,528975,78.2,1352400,2047875,202.95,474300,263625
18-02-2025 12:18,22905,839325,529350,79.3,1352625,2035650,200.6,473400,268650
18-02-2025 12:18,22902.55,838800,531750,79.5,1347075,2026950,200.25,463200,267075
18-02-2025 12:18,22906.15,839325,530025,80.8,1361025,2016075,198.4,464400,268125
18-02-2025 12:19,22910,840825,527550,81,1358025,1983075,197.45,463800,265950
18-02-2025 12:19,22911,843825,525450,82.4,1354200,1975200,196.05,461625,269175
18-02-2025 12:19,22912.3,840450,529425,81.7,1356900,1975050,195.9,447450,269325
18-02-2025 12:19,22912.1,837900,527775,82,1362525,1975200,194.65,452925,267150
18-02-2025 12:19,22914.6,840300,523425,82.25,1363500,1971225,193.7,447450,267450
18-02-2025 12:19,22916.65,842475,525075,83.4,1365225,1972575,192.35,447150,270750
18-02-2025 12:20,22914,840375,529725,82.55,1363800,1968825,192.5,444900,271875
18-02-2025 12:20,22917.55,840750,529650,81.85,1353225,1983150,194.3,450525,272100
18-02-2025 12:20,22912,840225,528525,81.5,1333950,1990350,194.95,454050,269925
18-02-2025 12:20,22906.2,834675,532350,79.75,1324575,2004075,197.8,463500,268425
18-02-2025 12:20,22908.8,836550,534150,78.7,1291275,2008425,199.5,486000,265500
18-02-2025 12:20,22904.85,839925,536325,79.45,1307850,2004825,198.85,481200,263850
18-02-2025 12:21,22909.2,839550,540150,78.75,1314375,2002425,199.65,470550,265950
18-02-2025 12:21,22907.5,837975,533400,78.45,1313700,2013225,200.1,466200,264525
18-02-2025 12:21,22904.8,841050,536250,79.4,1312275,2011275,198.7,462150,265575
18-02-2025 12:21,22905.15,841500,533550,79.95,1326450,2003625,198,455175,273300
18-02-2025 12:21,22907,842100,532725,79.65,1317525,2004375,198.15,456525,269850
18-02-2025 12:21,22907,840300,532275,79.2,1323450,2006100,197.95,455775,271125
18-02-2025 12:22,22909.95,841800,530325,80.5,1321200,2005350,197.6,455250,272625
18-02-2025 12:22,22910.05,838200,531825,79.3,1321575,2016675,197.9,461250,271200
18-02-2025 12:22,22905.05,841350,531675,78.95,1331025,2021550,199,467475,272100
18-02-2025 12:22,22904.65,838200,533850,77.85,1320675,2031375,200,475500,269025
18-02-2025 12:22,22905.1,841425,531600,78.15,1310175,2042175,199.95,469425,273300
18-02-2025 12:22,22900,835125,532875,76.3,1297200,2047275,202.4,475425,270675
18-02-2025 12:23,22897.15,839475,533550,76.1,1260975,2054400,203,478875,259800
18-02-2025 12:23,22897.1,841650,537150,75.4,1259850,2053875,205.25,472350,258450
18-02-2025 12:23,22895.05,837225,536850,74.1,1245000,2047950,207.6,477075,248550
18-02-2025 12:23,22897.4,839250,533625,75,1250850,2053875,205.1,477525,246825
18-02-2025 12:23,22898,844200,532500,76.1,1274025,2039100,203.5,459300,255825
18-02-2025 12:23,22898.95,840525,536400,74.1,1274475,2044725,207.05,463800,255375
18-02-2025 12:24,22893.1,843450,534825,75.15,1280550,2055375,206,465075,251625
18-02-2025 12:24,22896,844275,533400,76.1,1305750,2053575,203.3,465000,253350
18-02-2025 12:24,22892,840675,535200,73.85,1310475,2056575,207,465450,254025
18-02-2025 12:24,22889.4,840375,536925,73.4,1294575,2051550,207.2,467025,243375
18-02-2025 12:24,22889.35,845550,536250,73.2,1302300,2056725,206.85,468225,249300
18-02-2025 12:24,22890,845775,537000,72.9,1315050,2059050,208.4,469125,248550
18-02-2025 12:25,22889.85,844650,536775,73.5,1308975,2061000,207.1,469950,244950
18-02-2025 12:25,22899,844800,531525,75.85,1324500,2042025,202,466800,249075
18-02-2025 12:25,22899.45,842625,535200,75.65,1318500,2038875,203.3,462300,245475
18-02-2025 12:25,22898.65,845850,533775,75.2,1321500,2047575,203.95,465000,245100
18-02-2025 12:25,22897.3,846225,533925,76.45,1331775,2049150,201.4,471300,251025
18-02-2025 12:25,22897.3,849300,536250,75.8,1329525,2048025,202.6,462825,248925
18-02-2025 12:26,22903,849450,532200,77.3,1335975,2047500,200.25,462450,254175
18-02-2025 12:26,22900,847650,534750,78.6,1334700,2032350,198,451800,256500
18-02-2025 12:26,22902.1,848025,538725,77.5,1308150,2039775,200.3,462975,255225
18-02-2025 12:26,22903.7,850425,536475,78.25,1325100,2036925,199.15,464475,256500
18-02-2025 12:26,22902.85,851025,535950,78.75,1326075,2031450,198.4,460125,257925
18-02-2025 12:26,22906,849225,537150,78.75,1317375,2036925,198.1,453300,259275
18-02-2025 12:27,22906.45,843675,540600,78.2,1305825,2049900,199.35,458625,255300
18-02-2025 12:27,22901.3,849975,537675,78.45,1310325,2045400,198.35,461475,256800
18-02-2025 12:27,22907.6,846525,535275,78.35,1318725,2049300,198.85,464250,259425
18-02-2025 12:27,22902.4,844200,537675,78.5,1320150,2057700,198.55,465075,259350
18-02-2025 12:27,22909.85,849600,533550,80.05,1332000,2057025,195.8,458025,264225
18-02-2025 12:27,22908.95,847275,534825,81.2,1333800,2029200,194.65,447150,264750
18-02-2025 12:28,22910.05,839775,534675,80.65,1336725,2023575,195.15,447000,266325
18-02-2025 12:28,22911.75,848700,536025,81.7,1339425,2025900,193.35,449625,264675
18-02-2025 12:28,22914.65,846825,531525,83.85,1348950,2003850,190.65,446325,270975
18-02-2025 12:28,22910.05,840900,535575,81.8,1326075,1990575,193.5,437325,270225
18-02-2025 12:28,22915,844950,534375,82.6,1336425,1994550,192.9,437325,271125
18-02-2025 12:28,22915.95,843900,531750,83.15,1341525,2003925,191.9,438375,272400
18-02-2025 12:29,22917,844275,531075,84.5,1353075,1993050,190.05,437850,274800
18-02-2025 12:29,22923.45,845550,530025,85.85,1360950,1980900,186.9,439725,275925
18-02-2025 12:29,22924.95,841350,531525,85.1,1339725,1932450,189.75,439800,277575
18-02-2025 12:29,22920,845025,532800,85,1326900,1929525,189.35,442425,276900
18-02-2025 12:29,22917.35,842925,534900,84.7,1328175,1942650,189.6,445050,278475
18-02-2025 12:29,22918.95,846675,536850,83.25,1316100,1956150,191.1,449325,278250
18-02-2025 12:30,22918.95,846375,533850,83.85,1318050,1956000,189.4,448725,282450
18-02-2025 12:30,22921,844125,535725,85.55,1324275,1957050,187,450975,283200
18-02-2025 12:30,22923,848250,535950,84.8,1329300,1919700,188.45,448425,285675
18-02-2025 12:30,22923,848700,535800,85.75,1337400,1935000,188.4,451425,277875
18-02-2025 12:30,22922.5,846000,534900,84.9,1346400,1942725,189.55,470025,280650
18-02-2025 12:30,22917,845925,539475,83.45,1350900,1949175,191.5,477300,282900
18-02-2025 12:31,22919,844575,542025,83.75,1314150,1949100,191.05,477150,278625
18-02-2025 12:31,22917.3,845700,535575,82.95,1315575,1955250,191.4,477075,277800
18-02-2025 12:31,22921.15,851700,530175,85.65,1334025,1957425,188.15,472500,279900
18-02-2025 12:31,22924,851250,533250,86.55,1352400,1916100,186.7,463800,278775
18-02-2025 12:31,22929,850950,530100,88.15,1358700,1901400,184,470400,283425
18-02-2025 12:31,22933.75,847500,524025,89.8,1370700,1861350,181.8,449100,287250
18-02-2025 12:32,22938.5,852000,519900,89.95,1376550,1793550,180.2,441900,285600
18-02-2025 12:32,22943.05,849600,520875,91.2,1380675,1805775,177.9,431325,287025
18-02-2025 12:32,22942,848625,513450,91.25,1390575,1793625,177.15,428100,291675
18-02-2025 12:32,22942,845400,516900,90.45,1376100,1826925,178.05,438300,289575
18-02-2025 12:32,22940.55,846000,511275,90.2,1367400,1833525,178.65,438675,295275
18-02-2025 12:32,22935.25,846600,513600,88.1,1357650,1849500,181.25,444750,292725
18-02-2025 12:33,22939.3,846225,511725,89.3,1336950,1883925,179.55,450150,290025
18-02-2025 12:33,22940.2,846900,515325,89.4,1338225,1920000,179.9,452175,297975
18-02-2025 12:33,22938.45,847575,515625,88.9,1343925,1917825,180.35,453525,302025
18-02-2025 12:33,22940.55,849900,515025,89.85,1338975,1914450,178.7,455175,303900
18-02-2025 12:33,22942.5,849975,514275,90.25,1333425,1899525,178.45,453975,308550
18-02-2025 12:33,22942,850725,515925,90.7,1338825,1895550,177.95,455025,308100
18-02-2025 12:34,22946.1,852300,513150,91.15,1342575,1891725,176.75,446925,308400
18-02-2025 12:34,22948.45,854625,513675,92.35,1343700,1859100,175.9,449550,307050
18-02-2025 12:34,22946.95,853050,512850,91.1,1348875,1819500,177,445500,305100
18-02-2025 12:34,22945,853875,513150,90.55,1364475,1836825,177,447300,306825
18-02-2025 12:34,22945,851625,514500,90.95,1351800,1857075,177.05,453000,302850
18-02-2025 12:34,22949.15,857250,513300,93.25,1357725,1861500,174.05,451050,309075
18-02-2025 12:35,22945,856200,510450,90.55,1351500,1812300,177,434775,307200
18-02-2025 12:35,22950.75,858600,508050,92.6,1359825,1805550,173.1,432225,313350
18-02-2025 12:35,22951.95,857625,485025,92.55,1361625,1812600,173.5,433950,308550
18-02-2025 12:35,22950,849150,485625,91.85,1363350,1830675,174.3,438150,307500
18-02-2025 12:35,22948.95,851400,488025,92,1359075,1840125,174.3,447675,306600
18-02-2025 12:35,22942.35,847575,491475,88.75,1342650,1849800,179.1,453225,301950
18-02-2025 12:36,22947.85,842475,492600,91,1304925,1851375,176.25,456675,298725
18-02-2025 12:36,22949,848325,487800,92.35,1332000,1836825,174.55,446925,305100
18-02-2025 12:36,22949.3,848250,487500,91.65,1339950,1827825,174.7,442800,308250
18-02-2025 12:36,22952.95,855450,488325,93.4,1335675,1808925,172.95,441300,313725
18-02-2025 12:36,22959.1,856275,485025,96.35,1352775,1783575,168.95,441150,317325
18-02-2025 12:36,22962,851175,473775,98.65,1360200,1658475,166.8,422700,319650
18-02-2025 12:37,22960,856650,470475,97.05,1349025,1638525,168.2,426825,319425
18-02-2025 12:37,22962,853650,469050,97.65,1342875,1653225,166.6,428250,321825
18-02-2025 12:37,22961.6,855750,470175,95.8,1337850,1684050,168.8,428925,318750
18-02-2025 12:37,22950,850575,473850,92,1313775,1702875,172.8,438825,311325
18-02-2025 12:37,22947.55,847500,475200,91.5,1279050,1721175,174.45,440775,312375
18-02-2025 12:37,22946.3,848700,472650,88.9,1280700,1739475,178,453375,311475
18-02-2025 12:38,22945.85,852450,475875,89.85,1266075,1735800,176.3,454575,311625
18-02-2025 12:38,22949.2,853425,474225,91.25,1289250,1726500,174.15,450000,321825
18-02-2025 12:38,22943.45,853650,476850,90.3,1291125,1741350,175.05,440250,321900
18-02-2025 12:38,22944.7,851700,474750,90.2,1289400,1740825,175.9,443700,323250
18-02-2025 12:38,22947.2,864600,474825,91.45,1306200,1742400,174.05,443325,328950
18-02-2025 12:38,22945.25,861300,474675,90.75,1310625,1733775,176.4,438150,328875
18-02-2025 12:39,22942.15,856650,475800,88.75,1294425,1737975,177.15,442650,326550
18-02-2025 12:39,22942.7,861975,474675,90,1300800,1744275,175.6,446400,325350
18-02-2025 12:39,22944.95,858225,476325,88.95,1309050,1741050,176.5,452925,327525
18-02-2025 12:39,22946.15,857550,479325,88.8,1297500,1745475,176.8,452175,328050
18-02-2025 12:39,22943.6,862275,477150,90.25,1304250,1744275,174.2,454350,330525
18-02-2025 12:39,22944.95,869100,476850,89.7,1308300,1735500,174.5,443475,332850
18-02-2025 12:40,22942.5,868875,479250,89.85,1312575,1734075,175.95,449475,330525
18-02-2025 12:40,22943.9,865800,476850,90.5,1303725,1733100,175.35,454500,329250
18-02-2025 12:40,22946,867825,474825,91.7,1327575,1725525,173.95,449250,331275
18-02-2025 12:40,22945,862725,476550,90.45,1329375,1740450,175.5,453675,331125
18-02-2025 12:40,22942,858450,477450,88.85,1313775,1761150,177.55,455700,325200
18-02-2025 12:40,22940.45,860700,478575,88.75,1303425,1766250,177.8,455100,317550
18-02-2025 12:41,22940,860100,477900,87.55,1317750,1768050,179.25,458850,321825
18-02-2025 12:41,22937,855300,478050,87.1,1292700,1770750,179.85,457275,320325
18-02-2025 12:41,22937,852075,478575,87.7,1286100,1767450,179.1,459750,318525
18-02-2025 12:41,22937,853950,478275,87.3,1291425,1758750,179.6,457950,318525
18-02-2025 12:41,22937,854475,476775,87.25,1293300,1763175,179.8,458700,312750
18-02-2025 12:41,22936.45,854625,475725,86.3,1306200,1759500,180.1,454425,319350
18-02-2025 12:42,22933.05,849375,477900,84.55,1262850,1770825,182.2,469350,315600
18-02-2025 12:42,22933.05,852900,477975,85.15,1259175,1764525,181,472500,311925
18-02-2025 12:42,22935,846450,477825,84.4,1257975,1771200,181.65,480450,311475
18-02-2025 12:42,22930,852450,475500,84.8,1265400,1771200,181.4,478950,317175
18-02-2025 12:42,22932.8,853650,477450,85.45,1276650,1778775,180.05,474675,317250
18-02-2025 12:42,22940,855075,471450,88.45,1282500,1749525,175.9,462525,322575
18-02-2025 12:43,22937.7,855000,470700,88.45,1286175,1734150,175.3,447150,323025
18-02-2025 12:43,22935.9,853500,472650,87.7,1288425,1753650,178.15,447825,323700
18-02-2025 12:43,22934.1,858675,473700,86.5,1286325,1760325,179.65,453975,326475
18-02-2025 12:43,22933.5,852975,474525,85.95,1279575,1768350,180.65,457575,325725
18-02-2025 12:43,22934.1,854250,474375,86,1287225,1770825,180.45,458100,330900
18-02-2025 12:43,22933,853725,476400,84.1,1297650,1780575,183,460575,333750
18-02-2025 12:44,22934.05,858825,474525,84.7,1294575,1767075,181.9,462975,323475
18-02-2025 12:44,22934.05,858075,475125,85.4,1295925,1783200,180.95,469875,320850
18-02-2025 12:44,22935.4,852450,473475,85.75,1305225,1780050,179.15,463425,325875
18-02-2025 12:44,22934.7,852975,474675,84.85,1305825,1782075,181.15,464550,325650
18-02-2025 12:44,22934.7,852525,474525,84.8,1313250,1777575,181.4,461175,327150
18-02-2025 12:44,22931.5,852600,473925,83.5,1313400,1786575,182.55,464400,330975
18-02-2025 12:45,22931.1,849975,470925,84.8,1302825,1786275,182,465900,320175
18-02-2025 12:45,22932,854850,471900,83.8,1304400,1786800,182.7,465075,325350
18-02-2025 12:45,22933,855450,473625,85.5,1319925,1785375,180.6,460875,328575
18-02-2025 12:45,22936.4,858225,471375,86.1,1324350,1779375,179.35,458700,330000
18-02-2025 12:45,22940,859275,473850,86.45,1305225,1775250,180.3,465375,328575
18-02-2025 12:45,22938.95,857325,472500,87.3,1303350,1768125,179.8,466500,330975
18-02-2025 12:46,22938.2,856725,476925,86.5,1307025,1771425,180.3,471525,331200
18-02-2025 12:46,22937,859875,476550,85.5,1304325,1788300,181.7,472350,331350
18-02-2025 12:46,22938.95,860175,474900,86.25,1321725,1789200,180.55,470700,333450
18-02-2025 12:46,0,0,0,85,1323750,1793025,182.55,474075,334275
18-02-2025 12:46,22933.2,849525,477675,84.45,1293900,1795575,183.85,477225,322425
18-02-2025 12:46,22937.45,864150,471450,86,1313850,1788000,180.65,475575,321900
18-02-2025 12:47,22934.75,859275,475500,85.9,1320000,1787625,181.35,479550,324450
18-02-2025 12:47,22936,864150,474675,86.2,1322325,1795650,180,476700,327000
18-02-2025 12:47,22937.8,857400,474975,87.45,1326975,1796175,178.5,474525,325875
18-02-2025 12:47,22942,862875,474000,88.65,1324875,1786950,177.15,466125,327300
18-02-2025 12:47,22944.7,862650,471525,89,1327800,1781325,177.25,465450,327150
18-02-2025 12:47,22944.95,863850,472425,89.8,1350225,1767525,175.8,468225,327000
18-02-2025 12:48,22940,857175,475350,88.15,1325700,1775775,178.75,466800,323025
18-02-2025 12:48,22940,856200,473775,88.25,1331625,1785750,179.75,467475,326100
18-02-2025 12:48,22938.65,854625,474600,87.3,1332150,1793100,180.8,470550,325800
18-02-2025 12:48,22939,861900,475275,87.9,1315875,1802700,180.5,469500,322950
18-02-2025 12:48,22940.65,859050,474450,88.25,1332300,1806900,179.6,467625,329625
18-02-2025 12:48,22942.3,861600,476625,88.4,1334550,1818900,180.2,477975,332850
18-02-2025 12:49,22938.95,856725,475350,86.7,1335150,1837125,181.35,478275,333825
18-02-2025 12:49,22938.65,863175,474900,87.5,1338600,1837575,180.65,479250,332700
18-02-2025 12:49,22937,850350,473700,86.75,1336200,1840650,181.35,481050,332175
18-02-2025 12:49,22936,858075,475650,86.95,1336650,1847850,180.2,481425,325425
18-02-2025 12:49,22935.9,851925,475650,85.7,1330725,1851975,182.3,485175,324300
18-02-2025 12:49,22933,847800,475500,84.7,1305600,1856475,183.15,486000,322350
18-02-2025 12:50,22931.6,851325,476100,84.2,1302900,1858500,183.45,500850,322350
18-02-2025 12:50,22934.5,853500,475875,85.7,1306275,1851225,181.15,497400,324450
18-02-2025 12:50,22933.65,854250,474750,84.5,1314300,1846575,183.1,491100,331275
18-02-2025 12:50,22927.2,850200,477450,83.6,1305375,1843725,184.7,493275,327600
18-02-2025 12:50,22924,839100,477450,80.9,1287975,1846725,189.9,503850,319275
18-02-2025 12:50,22920,847275,474000,79.95,1260900,1850025,190.75,504675,275100
18-02-2025 12:51,22919.95,851700,477225,80.05,1220475,1841325,190.05,497325,302550
18-02-2025 12:51,22919.95,851025,478725,80,1240350,1833825,190.9,500400,309525
18-02-2025 12:51,22923.35,853575,480675,79.55,1249200,1838925,191.05,501600,315150
18-02-2025 12:51,22916.3,847350,482400,78.6,1234125,1844850,193.2,496350,310050
18-02-2025 12:51,22914.95,838725,482175,78,1231275,1851150,194.65,501600,309075
18-02-2025 12:51,22907.85,844725,482625,75.5,1236900,1837800,198.35,505200,288825
18-02-2025 12:52,22913.7,851100,480075,76.25,1252350,1830225,196.65,499350,290175
18-02-2025 12:52,22912.4,845475,482100,76.65,1264200,1817550,197.65,490800,288750
18-02-2025 12:52,22908,834000,481950,75.55,1256325,1819725,200,489675,295050
18-02-2025 12:52,22905.95,843825,482550,75.3,1248075,1822275,199.95,495600,266925
18-02-2025 12:52,22905.1,847575,483300,75.7,1247625,1823100,199.2,490800,274350
18-02-2025 12:52,22910,858225,479850,75.25,1270800,1823850,200,488325,283425
18-02-2025 12:53,22904,836700,480450,74.2,1249200,1831950,202.7,493800,270900
18-02-2025 12:53,22904,846900,482325,74.2,1260375,1840425,202,490050,275325
18-02-2025 12:53,22905,845025,482625,73.45,1290825,1839000,203.7,494025,274125
18-02-2025 12:53,22904.35,843675,481725,73.55,1302525,1849725,203.25,495075,274950
18-02-2025 12:53,22905,858750,481425,74.9,1330950,1842525,200.8,486375,279075
18-02-2025 12:53,22906.1,848925,481800,74.15,1332675,1846650,202,481725,278325
18-02-2025 12:54,22902.9,845475,482625,72.8,1304775,1854300,204.9,488850,272400
18-02-2025 12:54,22903.15,854100,481500,74.9,1330275,1846350,200.7,486000,264525
18-02-2025 12:54,22903.45,857625,481275,73.4,1342875,1841475,203.95,473475,268425
18-02-2025 12:54,22906.05,852750,481875,74.1,1344600,1848075,202.85,473475,268650
18-02-2025 12:54,22908.75,854700,482025,75.4,1361700,1851450,200.9,477750,268350
18-02-2025 12:54,22909.85,857850,484350,75.85,1376175,1837725,199.1,473400,274125
18-02-2025 12:55,22905.45,854625,483225,74.5,1372575,1838925,202.45,472125,274275
18-02-2025 12:55,22906,857775,481950,75.7,1373850,1841775,199.95,475950,274275
18-02-2025 12:55,22907.55,850200,481125,75.4,1366125,1854525,201.95,482925,272550
18-02-2025 12:55,22907.5,854325,482475,75.2,1378950,1864200,201.75,480300,276450
18-02-2025 12:55,22898.3,848100,482775,72.8,1359675,1870950,210.55,478350,270525
18-02-2025 12:55,22891,847650,477450,73.7,1310400,1880250,211.4,483375,232050
18-02-2025 12:56,22892.3,847950,481275,72.15,1323825,1881525,214.6,489825,234150
18-02-2025 12:56,22890,847425,478050,72.1,1317375,1877475,214.25,487650,236850
18-02-2025 12:56,22891.45,843600,475950,71.4,1335300,1876425,215.35,489975,240825
18-02-2025 12:56,22888,846525,477750,72,1335075,1881675,213.95,492975,244575
18-02-2025 12:56,22891,846750,476850,71.65,1348425,1884525,214.85,494250,245625
18-02-2025 12:56,22895.4,851100,475575,72.75,1347675,1880550,212.1,492600,247575
18-02-2025 12:57,22901.5,851250,473775,74.3,1386825,1882650,207.75,483450,252750
18-02-2025 12:57,22899.25,846300,475950,74.8,1429650,1875825,207.5,457725,261900
18-02-2025 12:57,22900.05,850500,476025,74.9,1439550,1879650,207.1,464475,266475
18-02-2025 12:57,22899.25,848475,479625,74.45,1417350,1876125,208.6,465750,267225
18-02-2025 12:57,22903.1,849075,476100,75.35,1430625,1878300,205.05,465225,270450
18-02-2025 12:57,22907.95,852375,476775,76.5,1428225,1856775,202,460050,273000
18-02-2025 12:58,22908.45,849975,479325,76.8,1402125,1854150,202,458325,271425
18-02-2025 12:58,22909.95,851025,473100,77.75,1399650,1863525,199.15,459450,274800
18-02-2025 12:58,22910.85,850725,478425,77.85,1378125,1854750,199.4,447000,274950
18-02-2025 12:58,22910,848100,481650,77.6,1388925,1865100,199.6,454200,276525
18-02-2025 12:58,22912.4,851775,480600,78.05,1403325,1867875,198.05,451875,277725
18-02-2025 12:58,22914.35,852600,477675,77.75,1402875,1866675,198.1,448800,285975
18-02-2025 12:59,22907.5,845850,481650,76.5,1399050,1874700,201.15,449175,284100
18-02-2025 12:59,22909,848475,481275,76.7,1402350,1880700,201.4,450750,280575
18-02-2025 12:59,22910.95,856650,480225,78,1415025,1876200,198.9,452925,279900
18-02-2025 12:59,22909.65,846450,479475,77.2,1421250,1874400,199.7,450750,285675
18-02-2025 12:59,0,0,0,77,1412325,1886250,200.85,455625,278550
18-02-2025 12:59,22906.5,850425,480675,75.7,1381125,1888125,202.05,455475,277200
18-02-2025 13:00,22900.15,847725,479850,74.65,1362825,1899000,204.75,462600,273675
18-02-2025 13:00,22904.95,849825,480075,75.25,1381950,1893825,203.9,460125,273750
18-02-2025 13:00,22902.3,836625,480900,73.95,1384725,1901100,206.85,463275,273600
18-02-2025 13:00,22900.7,845625,480975,73.9,1364175,1912125,206.95,467700,269175
18-02-2025 13:00,22903.75,847950,480075,75.5,1387125,1912350,203.4,460050,276750
18-02-2025 13:00,22909.95,848925,478800,77.9,1398600,1901925,197.65,458850,281175
18-02-2025 13:01,22914.35,843450,480300,79.05,1398300,1880700,193.85,446775,282150
18-02-2025 13:01,22915,846300,478125,79,1385025,1862025,195.15,440250,279525
18-02-2025 13:01,22920,847050,479625,79.6,1391700,1887450,193.05,445200,282375
18-02-2025 13:01,22919.75,847275,478050,80.3,1395675,1872975,192.7,444525,282300
18-02-2025 13:01,22917.95,848475,479100,80.55,1402275,1851450,192.05,442575,281475
18-02-2025 13:01,22914.35,842850,483975,79.5,1397775,1884750,194.1,448875,285450
18-02-2025 13:02,22912.4,842700,483450,78.25,1393800,1896000,197,451125,278250
18-02-2025 13:02,22919.9,845400,478125,80.4,1400625,1895250,192.7,446325,286200
18-02-2025 13:02,22920.95,846375,479175,81.2,1414275,1889025,191.05,445650,289200
18-02-2025 13:02,22920,846075,482850,80.7,1414950,1875675,191.8,440775,287400
18-02-2025 13:02,22922.35,848925,481800,81,1416825,1898400,191.6,445350,289650
18-02-2025 13:02,22919.95,843225,480375,79.9,1416525,1915425,193.25,449550,287100
18-02-2025 13:03,22924.95,850500,480300,81.4,1415775,1900425,190,446250,291675
18-02-2025 13:03,22924.95,848925,481800,82.05,1417500,1895850,187.9,437850,268575
18-02-2025 13:03,22923.3,845700,484650,82.15,1421700,1896600,188.25,443775,272400
18-02-2025 13:03,22924.95,847500,482925,82.85,1420575,1884750,187.45,447000,273975
18-02-2025 13:03,22927,849150,479700,83.8,1414350,1885575,185.7,446925,275925
18-02-2025 13:03,22925.1,848700,486150,82.75,1430850,1886550,187,441300,278175
18-02-2025 13:04,22920.6,844500,488700,81.8,1411500,1905450,189.15,443400,271800
18-02-2025 13:04,22920.5,840975,490500,81.4,1408425,1918875,189.55,438525,270675
18-02-2025 13:04,22922.5,849225,490350,80.85,1413750,1919400,190.4,438000,274275
18-02-2025 13:04,22920,841275,491475,80.05,1400700,1913025,191.75,446250,270900
18-02-2025 13:04,22919.25,841425,490575,79.55,1381875,1922025,192.8,448725,270300
18-02-2025 13:04,22917.25,843825,491025,78.75,1381575,1927050,194.65,450825,271275
18-02-2025 13:05,22916,843075,492375,79.5,1385550,1932525,193.75,447750,267900
18-02-2025 13:05,22915,844875,492225,77.7,1379025,1950225,196.2,449700,263250
18-02-2025 13:05,22915,843825,487650,79.1,1387125,1942350,194.2,446850,263925
18-02-2025 13:05,22918.6,843750,489300,79.5,1401375,1939050,193.5,442575,261825
18-02-2025 13:05,22920.15,844125,489825,80,1410450,1934625,192.1,445275,265575
18-02-2025 13:05,22924.95,852525,481275,81.9,1415700,1922475,188.75,443175,266400
18-02-2025 13:06,22923.9,855825,489300,82.15,1408500,1900800,187.85,436500,267750
18-02-2025 13:06,22928,848175,489000,83.2,1399125,1906650,185.25,437775,268050
18-02-2025 13:06,22927.9,846375,488550,82.05,1409625,1911450,188.25,435150,270375
18-02-2025 13:06,22925,844575,492825,82.95,1414500,1927500,187.35,438075,275475
18-02-2025 13:06,22928,846675,492900,82.4,1416900,1929225,188.15,442275,276300
18-02-2025 13:06,22920.8,847125,493950,82.7,1418175,1932975,188.1,444225,273150
18-02-2025 13:07,22922,844950,498375,81.05,1418850,1941375,190.75,448350,277650
18-02-2025 13:07,22923.25,842175,500175,80.2,1402575,1961400,191.05,450600,276150
18-02-2025 13:07,22923.35,847275,497250,80.8,1411200,1960650,190.65,449100,279000
18-02-2025 13:07,22922,848400,498300,80.65,1403100,1967925,190.65,452550,280200
18-02-2025 13:07,22922,848250,498225,81,1416525,1970100,190,451350,282450
18-02-2025 13:07,22922,850875,498375,80.4,1418250,1971075,192.9,451275,283125
18-02-2025 13:08,22923.05,848850,495075,81.2,1398675,1970925,190.2,453150,281175
18-02-2025 13:08,22924,849225,497250,81.4,1406100,1970025,190.7,454350,281925
18-02-2025 13:08,22926.35,848175,495975,81.85,1421250,1969125,189.4,456150,281325
18-02-2025 13:08,22926.5,849525,494175,81.45,1425000,1962225,189.4,452925,282150
18-02-2025 13:08,22926.5,850350,493875,81.75,1422375,1956225,189.2,458175,284400
18-02-2025 13:08,22926.05,848700,496425,81.05,1417500,1964400,189.3,453975,285600
18-02-2025 13:09,22926.5,852375,496350,80.8,1416825,1973850,190.5,455850,282300
18-02-2025 13:09,22923.5,850125,497250,80.55,1421850,1978725,191,456750,282225
18-02-2025 13:09,22927.4,851250,492225,82.4,1428525,1979100,187,452400,282300
18-02-2025 13:09,22929.65,850650,493725,82.45,1437600,1955175,187.5,447525,284175
18-02-2025 13:09,22932,850650,491700,83.3,1440300,1950600,185.25,444825,283725
18-02-2025 13:09,22929.5,848475,493125,82.4,1436550,1953975,187.6,448200,287250
18-02-2025 13:10,22934.1,852000,489825,84,1428825,1955850,184.2,447975,283725
18-02-2025 13:10,22930.5,851175,491625,83.25,1431900,1907925,186.15,445575,285300
18-02-2025 13:10,22931.75,848550,493650,82.45,1425075,1921125,186.1,448200,284550
18-02-2025 13:10,22933,850500,493275,82.65,1424325,1925850,185.75,450450,286575
18-02-2025 13:10,22931.55,853950,485475,83.3,1431225,1927125,185.55,449850,288975
18-02-2025 13:10,22932.75,849525,489825,83.75,1436175,1928625,183.9,453675,294075
18-02-2025 13:11,22930.9,845325,494925,82.1,1438500,1923825,186.05,454725,293625
18-02-2025 13:11,22926.8,848025,495375,81.1,1432950,1936425,187.4,467775,288450
18-02-2025 13:11,22920.05,843150,496425,79.75,1402875,1950975,190.85,470400,281025
18-02-2025 13:11,22921.25,844875,500025,79.2,1381800,1946775,191.95,466725,271125
18-02-2025 13:11,22924.85,847275,498525,79.9,1398975,1958250,190.2,466125,273825
18-02-2025 13:11,22920,847725,499575,78.9,1425975,1974825,191.45,466125,274050
18-02-2025 13:12,22917.6,844200,499800,77.45,1385100,1977975,194.15,468600,275175
18-02-2025 13:12,22916.25,840750,499125,77.05,1364250,1988475,195.25,469275,265275
18-02-2025 13:12,22917.3,841575,498300,77.2,1365375,1984725,195,472200,261750
18-02-2025 13:12,22917,843150,498300,77.35,1374150,1987275,195.1,468225,265575
18-02-2025 13:12,22917,840075,496950,77.9,1383300,1974000,193.6,466425,265650
18-02-2025 13:12,22917.95,841575,499875,77.6,1386975,1972500,194,462375,267750
18-02-2025 13:13,22917.5,839100,499500,77.15,1388925,1979850,195.25,463875,265425
18-02-2025 13:13,22921.9,848775,498150,80,1398300,1989375,190,466500,271575
18-02-2025 13:13,22921.85,842775,498150,79.65,1398300,1958925,190.5,451350,273075
18-02-2025 13:13,22920.85,847350,495375,79.85,1399650,1965375,190.2,458100,271500
18-02-2025 13:13,22921.7,843900,498600,79,1401000,1967025,191.75,461850,270000
18-02-2025 13:13,22924,848775,495900,80.3,1411875,1959225,189.5,461325,273675
18-02-2025 13:14,22922,848625,497775,79.7,1413375,1952475,190.35,459900,274800
18-02-2025 13:14,22926.35,850200,491250,79.85,1408725,1957350,189.45,464325,275625
18-02-2025 13:14,22924.35,849000,496725,80.7,1419750,1952175,188.7,461175,280875
18-02-2025 13:14,22924,847500,499125,79.8,1419150,1966200,190.2,462825,278700
18-02-2025 13:14,22925,847500,494925,81.35,1418250,1962225,187.35,463575,283125
18-02-2025 13:14,22926.45,847650,496500,82,1423125,1957200,185.7,465600,282075
18-02-2025 13:15,22927.85,846000,497325,82,1429125,1933950,186.25,459750,280275
18-02-2025 13:15,22927.65,843900,498900,81.5,1419150,1937775,186.25,463275,280125
18-02-2025 13:15,22927.65,845400,498750,82.8,1424400,1941000,185.3,457800,284175
18-02-2025 13:15,22927.85,845100,496500,82.6,1432275,1945125,185.7,462600,285675
18-02-2025 13:15,22930,846075,498675,82,1424025,1937475,185.95,464325,282750
18-02-2025 13:15,22932,847500,495150,84.2,1424100,1934325,182.45,461250,286050
18-02-2025 13:16,22933,848550,494025,84.7,1435050,1914075,181.4,454125,292875
18-02-2025 13:16,22935.05,848100,496425,83.5,1430100,1926300,183.35,453975,290400
18-02-2025 13:16,22936.75,850425,498750,84.25,1418475,1936275,181.8,460125,294450
18-02-2025 13:16,22935.25,847200,495525,84.15,1416225,1933575,181.95,464925,290250
18-02-2025 13:16,22933.75,850200,494700,83.85,1416450,1930725,182.55,464550,294375
18-02-2025 13:16,22934,846225,493125,81.75,1406100,1942800,185.05,468300,290325
18-02-2025 13:17,22932,843675,493125,82.2,1379250,1966350,184.85,468600,278925
18-02-2025 13:17,22934,847875,492900,83.05,1395900,1950600,183.2,466875,286950
18-02-2025 13:17,22934,850275,493200,82.8,1402950,1936575,183.65,457500,293175
18-02-2025 13:17,22933,847350,492300,82.8,1396350,1937625,183.55,460200,282675
18-02-2025 13:17,22933.75,848775,491250,83.15,1424700,1935075,182.85,459225,287700
18-02-2025 13:17,22934.7,850725,489375,84.8,1432425,1930725,179.8,456450,293250
18-02-2025 13:18,22935,852075,488775,84.95,1437375,1907175,179.2,444450,294150
18-02-2025 13:18,22939.8,854625,488625,85.65,1444650,1880025,178.45,448125,294750
18-02-2025 13:18,22938.2,846750,492150,84.75,1439850,1876275,181,454800,294150
18-02-2025 13:18,22935,845025,492225,84,1439850,1891200,181,461025,293700
18-02-2025 13:18,22939,848325,492675,85,1443900,1886625,179.45,457800,296100
18-02-2025 13:18,22940,848025,490200,85.6,1445400,1889250,178.1,452625,299775
18-02-2025 13:19,22940,850425,491850,85,1445475,1886025,179.65,454575,303450
18-02-2025 13:19,22938.2,850125,494325,85.7,1434450,1892400,178.65,458400,301350
18-02-2025 13:19,22938,848325,491550,84,1434450,1909950,181.2,464775,301125
18-02-2025 13:19,22933.8,844125,495750,83,1405200,1925775,182.9,475275,294450
18-02-2025 13:19,22931,844125,494925,82,1393275,1929525,184.8,475800,295575
18-02-2025 13:19,22931,846000,495150,82.2,1398150,1929375,184.4,466350,290550
18-02-2025 13:20,22925,837000,495225,79.85,1400700,1934325,188,467775,295800
18-02-2025 13:20,22928,843150,491625,79.8,1354050,1931925,187.4,471600,284925
18-02-2025 13:20,22925,842250,491925,79.7,1355100,1932600,185.95,470100,289800
18-02-2025 13:20,22925.45,844425,489525,81.6,1392150,1926000,183.45,464625,297300
18-02-2025 13:20,22928.4,845475,489225,82.2,1405050,1932000,182.35,465375,299625
18-02-2025 13:20,22931.75,848475,488475,83.3,1411125,1929375,180,465075,304800
18-02-2025 13:21,22932.65,843225,491625,82.75,1400250,1932975,181.4,462825,305175
18-02-2025 13:21,22936,848625,488400,85,1407675,1927800,178.35,459000,307725
18-02-2025 13:21,22936,847500,494100,84.75,1426350,1917900,179.1,463575,305475
18-02-2025 13:21,22935.35,844275,492000,83.85,1436025,1931100,180.75,476775,305100
18-02-2025 13:21,22930.25,843300,491775,83.05,1418325,1954425,181.5,477150,294825
18-02-2025 13:21,22930,841500,491400,80.45,1419825,1961850,186.05,480225,294525
18-02-2025 13:22,22930.85,843375,489675,80.35,1418925,1967625,185.85,467475,288825
18-02-2025 13:22,22930,844350,489900,81.55,1423875,1963950,183.3,464925,291975
18-02-2025 13:22,22935,848100,489450,82.55,1434300,1962000,181.95,465975,299325
18-02-2025 13:22,22940.35,852225,489375,83.9,1440600,1957275,179.9,468075,300975
18-02-2025 13:22,22941.1,850500,488025,84.8,1451100,1956975,178.2,464100,303900
18-02-2025 13:22,22932.6,843750,491025,84.25,1447950,1937175,179.65,467700,301950
18-02-2025 13:23,22939.95,849900,489000,85.65,1467225,1938975,177.6,470475,302025
18-02-2025 13:23,22939,849375,489900,85.7,1464825,1919175,177.8,466650,304650
18-02-2025 13:23,22940,849150,490125,84.85,1458075,1912575,178.75,469875,303225
18-02-2025 13:23,22940,851025,490500,84.9,1469475,1919025,178.75,470400,302625
18-02-2025 13:23,22940,848925,488325,85.45,1475775,1920075,177.8,473025,307425
18-02-2025 13:23,22937.6,852600,489300,85.9,1479300,1928700,176.9,470100,309300
18-02-2025 13:24,22938.55,850950,490500,84.35,1477200,1936950,178.5,478500,306300
18-02-2025 13:24,22937.4,854550,490650,84.95,1470600,1937100,178,478725,314700
18-02-2025 13:24,22938.5,852375,491775,85.2,1468275,1946325,176.95,481800,312750
18-02-2025 13:24,22938.5,849900,489375,84.85,1471725,1938900,177.8,480450,311850
18-02-2025 13:24,22938.5,846675,490275,84.1,1468650,1955850,179.05,485625,308250
18-02-2025 13:24,22938.55,850425,488775,84.45,1460100,1949550,178.7,488550,315225
18-02-2025 13:25,22936.6,845400,490425,83.3,1465800,1957275,180.7,488925,314775
18-02-2025 13:25,22936.25,846600,491550,83.25,1453875,1953825,180.55,485025,313725
18-02-2025 13:25,22933.3,844875,492150,82.45,1450275,1964550,181.25,480450,312375
18-02-2025 13:25,22931.4,847500,493575,82.65,1435800,1967100,180.55,476625,304425
18-02-2025 13:25,22934.5,847350,493275,82,1437450,1962675,181.85,475500,309300
18-02-2025 13:25,22930.1,850875,495000,80.9,1443000,1967025,183.4,473775,309600
18-02-2025 13:26,22930,848325,494250,81.4,1435500,1970775,182.75,471825,304125
18-02-2025 13:26,22932,849000,493575,82.9,1442100,1962525,180.4,480675,309300
18-02-2025 13:26,22931.85,850650,489825,82.75,1437600,1959975,180.1,475950,313125
18-02-2025 13:26,22935,852900,492525,84.5,1433850,1958550,177.3,473850,318075
18-02-2025 13:26,22946,851400,488325,88.3,1438725,1930125,172.45,458400,318375
18-02-2025 13:26,22945.7,851700,481950,88.55,1431900,1868475,173,447075,315825
18-02-2025 13:27,22945,854100,490275,86.9,1421250,1901475,175.4,453975,316275
18-02-2025 13:27,22944.9,851325,487875,86.5,1406100,1922250,175.2,457800,323025
18-02-2025 13:27,22945,851175,488025,87.2,1410075,1918200,174,458850,325425
18-02-2025 13:27,22945,851250,488775,87.85,1418025,1911825,173.5,460125,327375
18-02-2025 13:27,22943.55,850650,490350,87.35,1413600,1928100,174.1,464175,325875
18-02-2025 13:27,22944.9,847050,491775,86.15,1414050,1937175,175.3,468300,326400
18-02-2025 13:28,22941.6,847050,492975,84.55,1391625,1940775,177.9,474375,320850
18-02-2025 13:28,22944.55,849900,492675,85.75,1393650,1950000,175.75,471225,329175
18-02-2025 13:28,22940,848175,492900,85.9,1394100,1922625,174.9,462675,329100
18-02-2025 13:28,22942.85,847050,495000,85.4,1401675,1937325,176,464325,325200
18-02-2025 13:28,22940.4,849000,496725,85.55,1407675,1937400,175.65,466725,332400
18-02-2025 13:28,22941.15,850350,496050,85.9,1405650,1941975,175.35,472350,329025
18-02-2025 13:29,22943,852000,494325,86.1,1396875,1939275,175.25,470850,331275
18-02-2025 13:29,22941,845400,495450,85.1,1401600,1952475,176.8,476025,329250
18-02-2025 13:29,22938,851400,493650,85.7,1396950,1952325,176.9,477225,332775
18-02-2025 13:29,22941.1,852675,492000,85.95,1411125,1952625,176.2,476475,333300
18-02-2025 13:29,0,0,0,86.25,1419000,1951425,175,474225,333675
18-02-2025 13:29,22944,851700,490875,87.8,1431825,1952175,173.4,470325,335325
18-02-2025 13:30,22949,854175,489525,89.4,1441950,1919250,170.45,461325,330825
18-02-2025 13:30,22952,851025,479775,90.45,1439700,1907100,169.5,437925,330225
18-02-2025 13:30,22952,851100,482400,91.05,1424925,1820400,169.45,442200,326625
18-02-2025 13:30,22952,849450,483150,90.6,1422300,1803000,169.5,446400,333150
18-02-2025 13:30,22951,852375,481200,91.8,1440750,1802400,168.2,444750,334200
18-02-2025 13:30,22952,849675,479475,89,1431900,1802775,171.4,452850,327825
18-02-2025 13:31,22943.6,845100,484800,87.8,1393575,1840650,173.8,459450,319650
18-02-2025 13:31,22946.55,851250,485025,88.05,1382625,1843725,173,455775,325350
18-02-2025 13:31,22944.95,849975,482175,89.3,1398000,1843050,171.5,452925,327375
18-02-2025 13:31,22946.55,851250,481500,88.55,1405575,1845150,171.35,454800,337950
18-02-2025 13:31,22944.05,849450,487800,87,1394250,1865100,174.6,465300,331125
18-02-2025 13:31,22945.1,852600,486900,85.25,1385250,1871850,176.4,465450,338025
18-02-2025 13:32,22942.2,850050,488700,85.9,1379025,1869000,175.75,467475,328350
18-02-2025 13:32,22938.55,849150,488700,84.95,1373325,1873275,177.4,471075,331500
18-02-2025 13:32,22937,853425,488925,84,1366200,1869450,177,468525,336450
18-02-2025 13:32,22937,851775,489000,85.1,1388775,1870875,176.5,471375,329700
18-02-2025 13:32,22938.7,853350,485100,86.55,1393275,1866900,175.55,466800,330600
18-02-2025 13:32,22940,851250,487650,86.55,1403100,1860975,175.9,462300,334350
18-02-2025 13:33,22940,851550,484275,86.95,1403325,1855950,175.2,459600,336225
18-02-2025 13:33,22940,850200,486150,86.4,1402425,1871850,175.15,465000,335775
18-02-2025 13:33,22942,851925,483300,86.95,1404000,1875150,174.5,470625,339075
18-02-2025 13:33,22942.7,852750,479325,88.45,1406850,1870575,172.3,467100,342300
18-02-2025 13:33,22942.8,853500,480975,88.7,1411200,1859025,172.5,465225,345675
18-02-2025 13:33,22944,854400,482175,89.3,1392075,1861050,171,471225,344625
18-02-2025 13:34,22943.9,854550,485850,87,1396725,1876650,174.1,478350,351300
18-02-2025 13:34,22943.95,850350,481575,87,1384725,1878450,174.15,478725,351600
18-02-2025 13:34,22944.5,853425,480450,88.6,1397100,1873950,171.7,472350,357375
18-02-2025 13:34,22950,851325,481875,89.5,1404825,1866600,170.7,472575,357075
18-02-2025 13:34,22951.5,850875,479550,91.5,1410300,1830225,167.85,472125,357750
18-02-2025 13:34,22952,850875,476925,92.1,1414200,1794075,167.4,449325,359625
18-02-2025 13:35,22954.9,850725,477525,92.5,1409625,1786500,166.95,455250,360675
18-02-2025 13:35,22952,851925,477675,91.9,1415175,1768125,167.4,462525,364800
18-02-2025 13:35,22952.45,852825,478350,92.75,1421850,1770225,166.4,464175,374775
18-02-2025 13:35,22955,852150,475950,92.5,1418250,1770750,165.95,454275,371475
18-02-2025 13:35,22956.55,852750,471300,94.5,1430625,1769550,163.6,453825,368550
18-02-2025 13:35,22956.3,851850,475725,94.15,1432200,1760850,163.35,446100,367200
18-02-2025 13:36,22961,853350,474075,95.3,1431375,1758225,162.3,449250,368100
18-02-2025 13:36,22963,854925,473175,96.5,1434300,1686900,160.3,455550,366375
18-02-2025 13:36,22960.3,856575,477900,95.6,1434450,1654650,160.85,430725,362100
18-02-2025 13:36,22965,851475,476625,94.8,1388550,1683900,161.5,440250,368250
18-02-2025 13:36,22964.75,849900,479175,94.5,1384050,1692675,161.65,446250,368850
18-02-2025 13:36,22964.75,853725,477300,95.35,1410375,1702800,162.65,451575,369000
18-02-2025 13:37,22958.15,853500,477975,94.5,1393800,1700625,162.25,452925,370125
18-02-2025 13:37,22958.75,851250,478125,94.4,1386675,1705125,162.15,456000,367500
18-02-2025 13:37,22963.9,856875,477225,94.85,1403700,1705500,161.8,460650,372750
18-02-2025 13:37,22955.6,848550,485550,92.7,1392375,1726725,164.25,472050,372450
18-02-2025 13:37,22955.05,850200,487350,91,1371225,1736025,166,476925,368025
18-02-2025 13:37,22955,850875,486525,90.6,1366500,1747575,167.3,493875,367800
18-02-2025 13:38,22950,848250,489675,89.8,1362975,1752450,168.35,502950,366675
18-02-2025 13:38,22943.3,841125,492450,87.1,1339125,1751475,171.9,507000,360600
18-02-2025 13:38,22943.2,844725,489375,86.2,1307175,1752150,174.75,505050,354450
18-02-2025 13:38,22937.4,840825,490800,85.5,1298400,1764150,174.4,496200,347400
18-02-2025 13:38,22942,852000,487425,86.1,1345050,1746525,173,488775,352050
18-02-2025 13:38,22940,848550,482850,83.9,1348800,1734975,175.15,483975,357075
18-02-2025 13:39,22944.95,853425,486150,86.2,1322025,1740150,172.6,484050,353625
18-02-2025 13:39,22945,852075,483600,87.5,1351725,1729950,170.2,481275,356850
18-02-2025 13:39,22943.85,851625,483075,88.3,1353225,1721775,169.95,478500,360450
18-02-2025 13:39,22945.95,852225,483450,88.3,1367175,1728900,170.1,477600,361500
18-02-2025 13:39,22945.95,851700,483000,88.3,1348425,1734525,170.15,477825,364275
18-02-2025 13:39,22945.05,851250,484575,88.15,1342800,1749450,170.45,483300,359700
18-02-2025 13:40,22946.45,852525,480975,89.3,1350750,1748175,168.95,486150,370425
18-02-2025 13:40,22951.95,845625,485850,90.4,1360200,1742775,167.6,471900,369975
18-02-2025 13:40,22947.9,851325,484725,90,1365375,1738725,167.7,470400,372675
18-02-2025 13:40,22955,850500,483150,92.85,1380225,1758375,164.95,472950,373350
18-02-2025 13:40,22954.9,846450,484575,90.9,1377675,1732575,166.75,473325,369750
18-02-2025 13:40,22955,848550,483000,91.15,1385325,1742550,167.25,476400,373350
18-02-2025 13:41,22958.85,852825,479400,92.9,1396275,1738875,163.85,475500,376950
18-02-2025 13:41,22958.9,841500,477675,94.15,1406850,1738575,162.6,470550,374325
18-02-2025 13:41,22958.1,855375,479175,94,1403550,1727250,163.9,473775,370950
18-02-2025 13:41,22958.55,849450,480750,93.7,1397475,1733925,165,479175,369975
18-02-2025 13:41,22958.55,852300,476400,94.75,1388700,1749300,163.4,480150,368700
18-02-2025 13:41,22958.95,855300,480825,93.15,1394025,1740375,165.5,483675,372375
18-02-2025 13:42,22958,852525,479400,93.6,1396575,1740900,164.15,482775,374175
18-02-2025 13:42,22959,855075,480750,94,1387350,1751625,163.7,487875,377925
18-02-2025 13:42,22958.15,855525,479850,95.6,1386525,1753350,162.2,485925,381750
18-02-2025 13:42,22958.3,857100,478050,95.4,1388400,1737300,161.85,485175,380700
18-02-2025 13:42,22959,854550,482550,94.3,1384875,1739025,163.4,486150,379350
18-02-2025 13:42,22958,849675,481200,94.1,1382550,1756575,163.7,492075,384525
18-02-2025 13:43,22958,854250,480075,94.75,1420425,1747650,162.7,491700,383100
18-02-2025 13:43,22959,854700,480375,95.45,1419450,1738125,161.6,489900,383250
18-02-2025 13:43,22964,857550,474750,97.05,1418025,1726200,159.6,472575,388575
18-02-2025 13:43,22963.3,855750,475125,97.75,1397175,1697250,158.7,465750,386400
18-02-2025 13:43,22964.75,857175,474975,97.4,1403700,1702725,158.25,466350,385800
18-02-2025 13:43,22972.8,860100,473700,100,1411575,1704375,155.95,464550,387675
18-02-2025 13:44,22980,857475,453600,107.05,1437450,1480125,150.2,429450,386475
18-02-2025 13:44,22984.05,860400,443100,107.05,1481700,1378650,148.85,401475,393075
18-02-2025 13:44,22983.4,856125,443325,105.3,1441200,1304100,148.85,416700,381375
18-02-2025 13:44,22982.85,852450,452850,102.9,1422075,1318725,151.75,427275,375750
18-02-2025 13:44,22979.9,854700,450375,101.85,1398300,1344750,152.1,435075,380475
18-02-2025 13:44,22977.8,853725,452850,102.75,1428075,1354350,151.55,444450,386175
18-02-2025 13:45,22976.95,855375,454725,102.85,1449375,1356300,151.3,434850,387450
18-02-2025 13:45,22976.95,860100,450450,103,1456950,1395300,150.95,437850,390300
18-02-2025 13:45,22975,861675,453375,102.55,1461075,1385250,151,442275,388725
18-02-2025 13:45,22979,864525,447900,104.4,1448775,1380150,150.6,445500,394650
18-02-2025 13:45,22976.95,857775,448650,104.35,1451700,1393050,151.35,439875,397125
18-02-2025 13:45,22980,862875,448200,104.55,1430925,1389450,150.45,440775,396975
18-02-2025 13:46,22979,861075,452025,102.85,1432875,1402350,151.85,459075,396375
18-02-2025 13:46,22975.05,857175,453075,100.25,1401000,1421475,154.35,463200,396150
18-02-2025 13:46,22970,853725,461550,98.5,1316175,1421475,155.75,469950,377775
18-02-2025 13:46,22970,848700,462000,97.15,1328625,1439400,157.8,468975,377025
18-02-2025 13:46,22965.35,854100,459300,97.2,1334775,1453875,157.5,473775,382500
18-02-2025 13:46,22966.05,857925,457575,97.9,1338675,1444950,156.8,471375,390900
18-02-2025 13:47,22967.5,853125,461025,94.65,1330425,1462650,159.9,472650,393300
18-02-2025 13:47,22961.75,857550,464475,95.5,1315425,1459350,159.45,470250,387675
18-02-2025 13:47,22963,858750,455700,96.85,1343700,1452450,157.55,467325,398700
18-02-2025 13:47,22963,852675,461625,94.7,1329675,1465125,160,467025,390675
18-02-2025 13:47,22963,856200,465975,94.75,1349250,1473975,160.1,470325,397425
18-02-2025 13:47,22961.3,850125,464025,93.9,1343175,1485975,161.2,480225,397650
18-02-2025 13:48,22959.25,846975,468075,91.85,1333575,1487325,163.8,481650,391275
18-02-2025 13:48,22957.25,854625,466200,93.05,1350600,1471725,162.35,481575,387750
18-02-2025 13:48,22956.55,849675,465375,93.6,1352850,1484625,161.7,476775,395325
18-02-2025 13:48,22956.1,852825,465600,93,1357125,1501800,161.85,481050,396075
18-02-2025 13:48,22959.7,856050,464400,93.35,1363875,1510200,161.2,475050,400275
18-02-2025 13:48,22966.45,855975,466350,96.35,1385850,1511700,158.15,459375,403725
18-02-2025 13:49,22967.8,855300,462225,96.35,1390200,1473300,158.65,457425,405225
18-02-2025 13:49,22966.85,858375,465600,97.3,1392750,1472625,156.75,461250,405900
18-02-2025 13:49,22963.5,854250,466725,95.5,1395900,1484625,159.6,464625,404925
18-02-2025 13:49,22965.85,855375,464100,95,1349400,1499625,160.25,476625,402375
18-02-2025 13:49,22962.25,857100,463800,95.05,1361025,1499475,159.5,475350,408075
18-02-2025 13:49,22956,856800,466575,93.05,1356075,1506750,161.7,470925,403950
18-02-2025 13:50,22959.95,856800,466575,92.6,1368450,1513125,162.35,471150,404550
18-02-2025 13:50,22958.15,858600,473325,92.75,1378500,1527075,162.2,470325,405225
18-02-2025 13:50,22957,861750,466575,94.8,1382550,1536525,160.8,469950,409200
18-02-2025 13:50,22960,856350,465150,93.3,1378275,1541625,162.55,476475,401025
18-02-2025 13:50,22960,861825,467325,93.8,1402275,1544550,161.6,478275,404400
18-02-2025 13:50,22963,860250,464925,94.5,1409250,1544775,161.15,471825,410775
18-02-2025 13:51,22963.55,857250,471450,94.65,1413000,1545225,160.65,466275,410850
18-02-2025 13:51,22965.05,858900,462675,95.45,1415625,1546125,159.2,464250,415575
18-02-2025 13:51,22962.25,860025,465075,95.85,1429275,1545975,158.95,462600,417525
18-02-2025 13:51,22964.05,861900,465675,97,1434975,1525425,158.25,459525,418275
18-02-2025 13:51,22970,863625,463275,98.75,1442175,1500825,156.35,457650,421800
18-02-2025 13:51,22971.45,861750,468750,98.85,1444275,1492575,157,464850,416700
18-02-2025 13:52,22971.55,858675,468675,99.25,1432350,1488975,156,467475,410100
18-02-2025 13:52,22975,867975,461700,101.75,1440825,1463775,153.5,457425,413100
18-02-2025 13:52,22975,861750,467700,100.3,1430850,1463700,154.5,456075,412950
18-02-2025 13:52,22973.55,858525,466500,99.6,1424025,1497375,155.4,462000,409575
18-02-2025 13:52,22972.8,858150,466425,98.5,1401600,1507875,156.3,468225,411375
18-02-2025 13:52,22968.05,858675,470025,96.1,1395675,1513575,158.75,478275,409950
18-02-2025 13:53,22970.35,860475,468150,96.8,1389675,1512825,157.75,479475,413400
18-02-2025 13:53,22970.55,861150,467625,96.5,1395225,1515000,157.7,480225,411825
18-02-2025 13:53,22970,863475,467325,97,1404450,1512300,157.3,482700,415275
18-02-2025 13:53,22969.9,864075,471150,97.7,1417350,1521375,156.2,484875,420000
18-02-2025 13:53,22969.9,859200,467250,97.5,1423125,1527750,156.45,484125,419775
18-02-2025 13:53,22968.5,863550,466500,97.3,1417200,1528200,156.7,478950,420225
18-02-2025 13:54,22968.8,866400,462975,99.3,1451550,1527675,154.55,481275,424725
18-02-2025 13:54,22973,870825,465075,99.75,1459425,1517175,154.7,472500,424575
18-02-2025 13:54,22971.3,870975,466200,99.2,1461225,1509075,155.05,473850,421725
18-02-2025 13:54,22973.8,867525,467775,100.5,1460475,1508775,154,478500,416250
18-02-2025 13:54,22975,874800,461550,101.85,1468125,1506525,152.6,475950,418350
18-02-2025 13:54,22978,869400,461475,101.65,1492125,1502100,152.65,473475,420525
18-02-2025 13:55,22980,867000,462150,102.05,1499175,1496100,152.05,471750,418950
18-02-2025 13:55,22981,869250,465150,102.7,1489500,1488225,152.55,465075,420600
18-02-2025 13:55,22976.3,863550,469125,100.45,1475100,1493775,153.8,475875,415200
18-02-2025 13:55,22970.3,857850,466575,98.75,1436625,1516875,156.7,480525,412725
18-02-2025 13:55,22966.05,859875,466950,98.55,1418850,1520925,156.9,483825,409650
18-02-2025 13:55,22960.55,861525,468075,96.85,1426275,1533300,159.75,488850,411150
18-02-2025 13:56,22957.5,860700,471375,95.5,1396725,1535100,161.2,489075,397800
18-02-2025 13:56,22960,858675,469800,94.45,1361925,1536150,161.7,488175,395025
18-02-2025 13:56,22957.75,858075,472125,95.2,1380750,1541400,161.05,491625,402750
18-02-2025 13:56,22960,858525,469050,93.95,1388250,1547475,162.45,490800,401400
18-02-2025 13:56,22959.85,861150,470925,93.8,1374900,1557675,162.55,498300,402450
18-02-2025 13:56,22960,860625,468975,94.45,1388925,1568325,161.75,495450,399300
18-02-2025 13:57,22968.55,863550,465600,96.6,1412550,1553325,159,483000,404100
18-02-2025 13:57,22963.85,865275,465750,97,1418550,1549500,158.35,474975,406575
18-02-2025 13:57,22966.3,864300,469875,98.45,1421775,1542075,157.2,476850,408075
18-02-2025 13:57,22967.1,861375,469950,97.2,1407225,1556475,159.1,482100,408975
18-02-2025 13:57,22961.7,859050,475650,95.2,1403025,1567125,162.15,487200,406200
18-02-2025 13:57,22960,854700,472575,94.45,1393575,1565175,162.8,488250,404550
18-02-2025 13:58,22955.15,854250,476400,93.5,1372125,1573200,163.1,487800,391050
18-02-2025 13:58,22954.35,858075,475875,92.8,1373100,1567875,164.1,486000,381600
18-02-2025 13:58,22958.95,859350,473100,93.8,1375350,1578825,163,486075,385275
18-02-2025 13:58,22967.1,863025,470025,96.25,1389900,1579425,159.8,486150,391275
18-02-2025 13:58,22961.45,857925,471225,95.8,1401975,1570725,160.05,482850,390375
18-02-2025 13:58,22965,862425,473550,96,1405425,1578600,160.6,486375,390150
18-02-2025 13:59,22969,861975,467625,96.75,1410300,1572750,158.7,487050,393450
18-02-2025 13:59,22965.55,863250,466350,97.75,1416600,1572225,157.7,486750,397275
18-02-2025 13:59,22963,859050,472125,96.5,1414275,1565250,160,488025,398400
18-02-2025 13:59,22960,860925,474000,94,1411125,1581825,163.2,493950,394425
18-02-2025 13:59,22960,861075,471450,94.4,1399350,1593600,162.1,504825,394050
18-02-2025 13:59,22960,858450,473325,93.05,1404000,1600425,164.3,505725,393375
18-02-2025 14:00,22959.95,860850,473175,93.9,1388100,1598625,161.8,503025,395925
18-02-2025 14:00,22958.7,860625,474375,94.15,1389375,1601250,162.75,505275,394725
18-02-2025 14:00,22960,860625,473175,95.05,1396125,1604250,161.5,503850,396750
18-02-2025 14:00,22962.95,862575,470550,95.5,1402350,1599600,161.05,494850,398475
18-02-2025 14:00,22961.6,855150,470700,95.8,1410000,1599075,160.9,498375,400350
18-02-2025 14:00,22962.95,862500,469575,96.4,1418625,1594425,160.05,495600,410400
18-02-2025 14:01,22969.5,862500,469425,98,1429425,1592550,157.25,499650,412200
18-02-2025 14:01,22966.15,860550,473400,97.35,1438800,1584150,158.9,488250,412575
18-02-2025 14:01,22964,859050,472050,96.45,1415025,1601550,160.4,491550,403650
18-02-2025 14:01,22966.45,859200,471900,96,1412100,1604400,161,489750,405675
18-02-2025 14:01,22966.35,860325,473550,95.9,1425000,1606500,161,490350,411750
18-02-2025 14:01,22965.25,859725,472875,95.7,1414275,1613850,161.7,495450,411075
18-02-2025 14:02,22966.35,861300,472500,96.6,1433250,1615200,159.85,495150,419400
18-02-2025 14:02,22970,861675,468375,97.2,1446675,1605900,158.7,492750,423675
18-02-2025 14:02,22972.5,862350,469800,98.45,1447800,1603950,157,495375,429000
18-02-2025 14:02,22969,859650,469275,97.5,1453575,1594125,159.1,499650,426375
18-02-2025 14:02,22968,862425,469275,97.5,1440975,1605525,158.6,500550,425475
18-02-2025 14:02,22970,862275,461325,98.3,1443525,1615425,157.4,495075,432075
18-02-2025 14:03,22972.5,864150,466725,98.9,1435125,1589100,156.3,490575,431400
18-02-2025 14:03,22972.5,863175,466725,99.65,1434525,1589400,155.15,491700,429900
18-02-2025 14:03,22967.55,864600,465225,98.65,1435200,1563900,158.15,488025,434250
18-02-2025 14:03,22969.7,859500,469875,96.5,1418625,1581825,158.85,494850,427800
18-02-2025 14:03,22968.05,861975,466125,98.1,1439775,1588425,157,496125,432150
18-02-2025 14:03,22966.1,860100,466950,98.2,1444125,1601250,157.05,492750,434550
18-02-2025 14:04,22965,857625,470625,95.05,1438275,1609725,161.05,500325,429150
18-02-2025 14:04,22956,856125,471225,93,1389975,1614225,163.75,501450,409725
18-02-2025 14:04,22954.2,855600,471450,90.25,1342800,1614675,168.55,489750,370500
18-02-2025 14:04,22950,855825,468600,90.4,1316925,1607700,168.7,492000,373875
18-02-2025 14:04,22940.35,846600,466200,87.95,1300800,1613175,170.6,496950,365025
18-02-2025 14:04,22940,849075,466575,85.45,1246800,1609575,174.4,505350,349050
18-02-2025 14:05,22940,847650,465600,85.95,1232025,1613550,173.65,504075,333900
18-02-2025 14:05,22935.6,844275,465600,84.7,1237725,1603275,176.6,504150,331575
18-02-2025 14:05,22936.25,851925,464325,84.6,1209600,1600425,175.85,499125,336825
18-02-2025 14:05,22935.35,853050,467325,85.15,1218300,1608750,174.8,501825,341400
18-02-2025 14:05,22940,850575,461550,85.6,1235325,1600050,173.4,488175,356700
18-02-2025 14:05,22942.25,847800,464175,86.2,1251900,1602375,173.05,489825,371550
18-02-2025 14:06,22940,849225,468675,85.5,1250475,1611675,174.1,483750,369150
18-02-2025 14:06,22937.7,851625,469575,85.4,1251600,1610850,173.95,482550,368325
18-02-2025 14:06,22940,851700,463425,85.8,1266000,1599150,173.2,480375,379200
18-02-2025 14:06,22934.5,843525,466800,83.4,1264425,1611075,176.95,483750,377700
18-02-2025 14:06,22934.55,851025,463875,83.5,1252200,1614075,176.35,487050,366975
18-02-2025 14:06,22935.45,850200,466575,82.75,1248750,1627875,178.55,493725,368400
18-02-2025 14:07,22937,850350,461850,84.6,1247775,1619325,174.45,493350,370875
18-02-2025 14:07,22940,850125,464250,84.9,1250400,1624125,173.8,489975,371775
18-02-2025 14:07,22939.6,849525,463050,85.1,1256850,1602450,172.8,488475,376875
18-02-2025 14:07,22940.05,853575,462075,85.8,1264200,1606875,171.85,486300,381375
18-02-2025 14:07,22940.2,853050,462600,85.6,1265625,1612875,172.45,492225,376350
18-02-2025 14:07,22945.75,855000,464850,86.05,1262850,1607250,171.55,489675,378150
18-02-2025 14:08,22950,856800,469950,87.65,1284675,1584825,168.95,473700,376725
18-02-2025 14:08,22956.65,858225,485625,89.65,1293675,1578150,165.65,464700,378900
18-02-2025 14:08,22957.15,858450,492975,89.6,1297575,1576875,165.6,463275,381450
18-02-2025 14:08,22965,858225,491700,92.1,1311825,1577100,161.55,460950,385500
18-02-2025 14:08,22960,852450,493125,93.3,1329750,1562625,159.9,449775,383100
18-02-2025 14:08,22961.2,858525,493500,93.35,1338750,1575150,159.75,460050,382425
18-02-2025 14:09,22965,852675,494250,93.95,1348650,1577250,159.4,457500,382575
18-02-2025 14:09,22968.95,859275,486150,95.35,1360500,1580550,157,462675,381750
18-02-2025 14:09,22966.15,855825,459825,95.7,1361250,1560675,157.6,459525,380400
18-02-2025 14:09,22964.6,858000,464175,94,1363650,1576125,159.4,464550,380550
18-02-2025 14:09,22968.55,857325,464475,95.45,1337325,1584675,157.55,467400,387600
18-02-2025 14:09,22963.45,853050,462825,93.95,1340775,1591725,159.95,474825,386250
18-02-2025 14:10,22967.7,854400,463425,94.5,1333575,1596000,159.55,480150,385275
18-02-2025 14:10,22966,857175,460500,96.5,1343175,1599525,156.45,482325,390450
18-02-2025 14:10,22969.7,861600,459450,97.9,1351800,1576575,154.75,475800,392325
18-02-2025 14:10,22972,858450,460800,97.9,1353600,1544250,154.85,464325,391425
18-02-2025 14:10,22969.95,856950,461850,98.25,1352850,1538100,154.05,470625,391800
18-02-2025 14:10,22974,860175,460725,99.4,1354875,1551150,152.6,473925,392400
18-02-2025 14:11,22973.1,861525,463275,97.8,1361925,1530375,154.55,474150,394125
18-02-2025 14:11,22972.65,855000,462150,97.3,1351200,1545300,155.35,497625,390000
18-02-2025 14:11,22971.4,858075,464400,97.25,1363425,1556625,154.85,499950,392325
18-02-2025 14:11,22976,863475,460125,99.8,1365825,1561725,151.7,503025,401325
18-02-2025 14:11,22976.95,861075,462075,101.95,1375200,1520925,150,485175,400725
18-02-2025 14:11,22978.25,860550,462225,101,1378800,1522575,150.7,480150,397650
18-02-2025 14:12,22976,860100,465750,99.1,1371675,1528500,153,471900,398925
18-02-2025 14:12,22976,857550,470175,99.55,1338975,1549575,152.4,476850,401925
18-02-2025 14:12,22970,849450,475725,96.4,1334325,1569825,156.75,488850,399750
18-02-2025 14:12,22970.75,858225,467925,98.05,1310250,1570950,154,484275,402150
18-02-2025 14:12,22965.95,859125,470175,96.9,1310250,1581525,155.25,482025,411525
18-02-2025 14:12,22965,854625,473400,95.6,1301400,1589325,157.4,491850,407250
18-02-2025 14:13,22964.6,857175,475425,96.95,1321200,1590000,155.1,478500,408075
18-02-2025 14:13,22969.85,862800,469575,98.8,1349400,1592100,153.4,469275,414975
18-02-2025 14:13,22970,857550,474000,98.4,1355475,1590225,153.6,469425,414675
18-02-2025 14:13,22973.15,853275,475500,97.35,1351425,1592475,154.9,476025,413100
18-02-2025 14:13,22969,856500,476175,95.85,1340250,1599075,157.35,488250,412500
18-02-2025 14:13,22965.2,852525,475500,94.85,1325850,1611525,158.45,493950,406650
18-02-2025 14:14,22963,870900,487425,94.45,1286475,1619175,159.1,494100,395325
18-02-2025 14:14,22965,867300,490425,94.95,1272825,1623675,158.15,501225,399075
18-02-2025 14:14,22965,876150,492225,93.75,1278075,1624650,159.45,497325,403875
18-02-2025 14:14,22965.2,868050,494775,93.6,1271400,1625925,160.75,494850,396150
18-02-2025 14:14,22963.2,866100,492975,93.8,1262325,1624650,160.05,496650,398325
18-02-2025 14:14,22962.95,869475,495825,92.9,1262475,1629750,160.9,495150,397275
18-02-2025 14:15,22965,871950,490725,94.35,1275975,1630050,158.7,496125,400650
18-02-2025 14:15,22970,872175,485775,95.35,1296900,1612800,157.85,491250,406200
18-02-2025 14:15,22969.35,870375,493650,95.9,1290075,1628175,156.8,495000,403350
18-02-2025 14:15,22970,871425,489225,96.65,1298100,1629825,155.2,498825,404250
18-02-2025 14:15,22970.05,875475,486075,97.25,1307025,1625175,154.2,485925,400500
18-02-2025 14:15,22970.9,874650,484875,96.85,1304925,1627200,155.45,493125,405525
18-02-2025 14:16,22971.05,869625,489675,96.8,1296975,1637700,155.45,499350,406275
18-02-2025 14:16,22969,868800,484200,95.85,1292025,1652100,156.85,499725,403650
18-02-2025 14:16,22964.65,853725,494250,93.8,1293750,1653975,160.8,504975,404400
18-02-2025 14:16,22962,843300,486975,92.8,1270725,1652175,162.3,507900,390975
18-02-2025 14:16,22957.2,853725,494400,90.55,1266000,1661925,166.4,512025,380850
18-02-2025 14:16,22956.65,858825,493725,91.35,1251075,1661850,164.15,510150,374325
18-02-2025 14:17,22955.5,865275,489750,92.95,1249575,1651275,162.6,496950,384525
18-02-2025 14:17,22955.65,863925,487800,91.4,1250850,1666950,164.75,505200,387750
18-02-2025 14:17,22955.2,869550,492675,91.2,1267650,1663500,162.85,501900,397200
18-02-2025 14:17,22958.5,867750,493275,90.7,1265400,1668900,163.6,499275,393750
18-02-2025 14:17,22957.95,868725,492150,91.3,1196400,1674000,162.7,505275,396150
18-02-2025 14:17,22954,866400,495375,89.85,1196250,1682550,164.35,518475,396600
18-02-2025 14:18,22960.3,871650,492000,91.85,1190100,1680600,161.2,510525,405675
18-02-2025 14:18,22958.3,871050,489300,92.9,1201275,1668600,159.6,508050,404025
18-02-2025 14:18,22955.9,871425,489000,92.15,1201875,1678275,161.75,497325,403500
18-02-2025 14:18,22952.15,870150,490275,91.05,1202475,1680300,162.15,502500,403200
18-02-2025 14:18,22958.3,870150,488100,91.35,1202925,1691625,162.55,506400,402825
18-02-2025 14:18,22959.55,872925,486750,91.9,1210650,1682325,160.75,502275,406575
18-02-2025 14:19,22957.05,871350,489675,92.45,1206750,1686600,160,506175,406800
18-02-2025 14:19,22961,869775,487275,93.05,1210425,1671600,159.7,503025,407475
18-02-2025 14:19,22958.7,859875,492825,91.95,1211100,1671675,159.9,502425,408225
18-02-2025 14:19,22961.15,871650,485100,94.3,1224225,1668075,157.2,503250,411525
18-02-2025 14:19,22959.3,873675,494700,91.75,1299300,1660500,161.7,499875,405150
18-02-2025 14:19,22960.75,871425,488550,92.75,1321200,1661325,159.65,499275,399075
18-02-2025 14:20,22962.2,871200,493350,92.75,1326975,1666575,159.55,498825,402075
18-02-2025 14:20,22960.85,873600,488100,93.3,1329225,1672650,158.7,497325,404325
18-02-2025 14:20,22965,874200,483600,95.3,1336875,1670175,156.55,499200,406725
18-02-2025 14:20,22969,875100,493425,95.75,1337700,1636725,155.45,492075,407625
18-02-2025 14:20,22969,876150,489000,96.75,1348650,1622850,154.9,486750,411600
18-02-2025 14:20,22966.05,862050,491700,95.85,1348275,1638900,155.6,490350,408825
18-02-2025 14:21,22965.7,871500,491175,95.85,1350900,1663725,155.65,497700,409650
18-02-2025 14:21,22970,873600,489525,96.9,1352175,1662450,153.95,500100,414075
18-02-2025 14:21,22967.25,869400,493725,96.5,1350750,1651350,154.85,500175,411450
18-02-2025 14:21,22969.95,871950,492750,96.6,1349025,1653975,154.3,492300,414750
18-02-2025 14:21,22969.45,872325,495375,95.8,1349775,1662375,155.55,497550,411825
18-02-2025 14:21,22962.5,860550,497025,93.3,1343850,1665150,158.95,501975,409125
18-02-2025 14:22,22962,866625,493500,92.5,1307700,1673400,158.85,505350,399675
18-02-2025 14:22,22962.5,865725,492000,93.7,1304025,1678650,157.9,503625,402900
18-02-2025 14:22,22963,872625,492600,92.65,1333950,1683825,158.8,503400,411900
18-02-2025 14:22,22963.4,874500,493875,93.9,1352175,1683375,157.75,504675,413850
18-02-2025 14:22,22968,872925,490875,95.7,1368900,1684875,155.2,504150,416700
18-02-2025 14:22,22969.95,862725,482025,97.7,1369050,1678800,152.6,504075,419100
18-02-2025 14:23,22971,861675,484350,98.35,1347675,1647375,152.35,499425,416475
18-02-2025 14:23,22970.05,864525,496875,96.9,1341900,1639275,153.95,511950,415875
18-02-2025 14:23,22965.45,871500,489150,97,1335000,1647975,154.6,516300,415200
18-02-2025 14:23,22966.05,866475,496500,95.4,1333425,1660425,155.6,529350,415800
18-02-2025 14:23,22966.95,872175,489750,96.55,1327125,1661550,154.9,528525,419250
18-02-2025 14:23,22970,872925,495975,96.5,1330875,1665600,153.75,533175,418650
18-02-2025 14:24,22968.05,874125,491925,96.2,1338675,1659300,155,531450,423450
18-02-2025 14:24,22968.3,870225,494100,96.15,1336800,1671075,154.65,534825,415350
18-02-2025 14:24,22970,872925,495300,97.1,1339050,1670550,153.55,534675,418575
18-02-2025 14:24,22969,874050,493275,97.1,1344300,1669125,153.75,535275,421500
18-02-2025 14:24,22973.4,871875,487275,98.05,1347150,1663650,152.4,533625,423000
18-02-2025 14:24,22973,873750,487950,97.65,1349625,1646100,153.1,527175,421425
18-02-2025 14:25,22972,871650,489075,98,1359450,1650600,152.7,529800,422925
18-02-2025 14:25,22972.75,872400,486675,98.45,1358175,1664700,151.65,532125,425025
18-02-2025 14:25,22971.2,872625,489000,97.35,1362975,1649925,153.25,524850,427125
18-02-2025 14:25,22972.95,871200,488400,97.65,1353225,1631550,153,531150,425325
18-02-2025 14:25,22972.5,871650,488925,98.1,1355475,1640625,151.9,532575,424200
18-02-2025 14:25,22970.05,869625,490950,97,1347075,1646850,153.65,531825,423825
18-02-2025 14:26,22970.8,872475,493650,95.9,1340625,1658625,154.3,535650,421125
18-02-2025 14:26,22968.65,870900,495000,95.7,1336050,1665450,154.8,538275,423075
18-02-2025 14:26,22967.9,873750,492975,96.55,1338300,1667625,153.75,539775,423000
18-02-2025 14:26,22971.3,872700,494775,96.5,1344000,1666125,153.75,537750,422175
18-02-2025 14:26,22966.05,870975,490725,96.55,1334250,1675200,153.5,547800,417975
18-02-2025 14:26,22966.05,872100,492000,95.75,1342875,1667625,154.95,540900,427125
18-02-2025 14:27,22972.45,872925,488550,96.8,1349550,1664775,152.8,536025,428025
18-02-2025 14:27,22971.05,869925,491700,96.8,1347750,1663275,152.95,540375,432000
18-02-2025 14:27,22971.4,872700,489675,97.7,1356525,1647825,152,531150,433650
18-02-2025 14:27,22966.75,869625,490650,95.9,1348200,1652550,154.3,535650,420975
18-02-2025 14:27,22968.4,869550,494700,95.75,1327425,1654875,154.4,531075,422400
18-02-2025 14:27,22970,873225,412500,96.4,1325025,1663950,152.8,532275,421050
18-02-2025 14:28,22974,875700,484950,98.1,1332375,1649475,150.55,525075,432075
18-02-2025 14:28,22979,871875,475875,100.7,1333725,1600275,148.15,494100,427350
18-02-2025 14:28,22985.75,872400,482475,101.55,1343925,1524150,146.5,467175,428400
18-02-2025 14:28,22985.75,870150,478875,101.8,1333350,1511025,145.7,454500,425250
18-02-2025 14:28,22981.05,872325,484875,100.3,1332150,1520775,147,441600,417675
18-02-2025 14:28,22980.15,872325,486750,98.75,1327050,1530675,148.8,448650,427650
18-02-2025 14:29,22982.55,868500,471600,100.6,1323375,1548525,144.7,451950,439275
18-02-2025 14:29,22987,860850,472275,102.3,1342875,1539450,143.7,446175,437850
18-02-2025 14:29,22981.3,858525,469200,100.1,1356975,1534050,145.2,444825,439425
18-02-2025 14:29,22987,866175,477075,100.05,1349025,1542825,144.85,449925,435525
18-02-2025 14:29,22986.25,870600,471075,103.75,1367100,1550025,141.35,450300,441600
18-02-2025 14:29,22988.5,864450,472275,104.7,1370025,1494675,139.8,436575,442425
18-02-2025 14:30,22995.4,864375,457425,103.7,1388175,1428000,140.3,411525,436425
18-02-2025 14:30,22992.25,864600,450075,103.3,1375875,1417950,142.05,422550,435075
18-02-2025 14:30,22984.3,851400,465825,100.35,1350000,1438500,145.4,435900,418350
18-02-2025 14:30,22980,859950,464550,99.3,1331925,1449000,146.85,452700,411150
18-02-2025 14:30,22981,867525,463950,99.55,1311525,1463700,147.2,455175,423975
18-02-2025 14:30,22974.55,865950,463875,96.95,1314150,1482225,150.95,466950,423300
18-02-2025 14:31,22975,860325,465150,97.8,1273500,1469250,149.1,467175,407850
18-02-2025 14:31,22973,855450,468000,96.3,1278225,1480875,150.65,475875,414525
18-02-2025 14:31,22976,859800,462825,96.25,1302000,1485750,151.2,476400,407850
18-02-2025 14:31,22971.1,858525,467175,95,1298325,1501275,152.35,482250,406875
18-02-2025 14:31,22970.35,863550,465525,94.65,1249500,1511400,152.7,485625,399450
18-02-2025 14:31,22970.8,867825,460875,96.15,1258725,1497225,150.2,482325,404550
18-02-2025 14:32,22977,870600,467325,97.3,1278000,1493550,148.8,467475,415050
18-02-2025 14:32,22975.75,868800,467925,97.05,1281975,1503000,148.8,468075,414225
18-02-2025 14:32,22976.85,868425,463950,96.7,1304250,1509450,148.65,468375,412125
18-02-2025 14:32,22976.85,858900,454125,98.6,1314075,1510200,146.6,472575,411525
18-02-2025 14:32,22976.85,867900,464250,96.95,1305300,1504575,148.75,469125,407850
18-02-2025 14:32,22973.45,865950,467475,94.7,1302450,1519800,151.5,475725,408225
18-02-2025 14:33,22970,867450,467475,93.25,1274550,1529025,153.45,480750,399900
18-02-2025 14:33,22966.3,864000,466125,93.4,1254750,1536450,153.35,521100,396225
18-02-2025 14:33,22970.05,866850,465825,93.2,1264575,1544625,153.2,520875,403050
18-02-2025 14:33,22970.7,866325,466875,93.55,1268625,1538100,152.9,525150,403425
18-02-2025 14:33,22967.05,864075,468150,91.8,1267125,1548150,155.75,525600,405900
18-02-2025 14:33,22965.15,860700,469575,90.45,1242375,1550850,156.95,531900,385200
18-02-2025 14:34,22965.7,870900,470025,91.4,1252200,1536675,155.8,531525,383400
18-02-2025 14:34,22962.8,870225,471075,90.8,1279575,1545375,156.3,570000,381000
18-02-2025 14:34,22964.9,870525,473775,91.8,1256325,1539600,155,570525,387150
18-02-2025 14:34,22965,870225,469725,91.5,1270125,1552350,155.65,573825,388800
18-02-2025 14:34,22966.25,875325,470475,92.4,1288650,1549950,154.3,582975,401400
18-02-2025 14:34,22968.75,876000,470925,93.15,1298175,1548150,153.7,577125,403425
18-02-2025 14:35,22962.95,869550,468825,91.7,1307025,1543500,155.2,582675,409275
18-02-2025 14:35,22967.4,872400,468900,92.95,1302450,1548525,153.75,581925,390150
18-02-2025 14:35,22966,871350,468675,92.5,1311150,1548750,154.35,585075,395250
18-02-2025 14:35,22966.7,876000,466125,93.25,1321200,1549125,153.15,581775,399825
18-02-2025 14:35,22967.85,873075,466650,93.4,1325925,1546125,153.3,581700,402975
18-02-2025 14:35,22972.2,874800,469125,95.1,1320000,1543425,150.2,582750,410700
18-02-2025 14:36,22976.7,869550,467775,96,1329975,1520400,149.3,571125,409725
18-02-2025 14:36,22977,869400,464475,96.3,1331400,1523850,149.25,568275,411150
18-02-2025 14:36,22972.6,865500,467475,93.65,1317900,1546425,152.9,574350,408600
18-02-2025 14:36,22970.75,866400,467175,94.1,1301175,1552200,152.55,576075,403875
18-02-2025 14:36,22972,872400,464475,95.6,1315575,1546425,149.8,577275,413475
18-02-2025 14:36,22970.05,871350,467700,93.65,1312575,1550325,152.6,581175,411900
18-02-2025 14:37,22970.75,872550,462300,94.7,1302075,1561725,151.4,588000,411750
18-02-2025 14:37,22970.2,873300,468150,93.7,1312125,1574925,152.55,588375,414900
18-02-2025 14:37,22970.1,869175,469575,93.55,1323150,1575825,153,589500,416850
18-02-2025 14:37,22970,871500,468900,93.7,1327725,1580700,152.3,595950,416475
18-02-2025 14:37,22973.9,874650,467475,95.25,1338975,1580325,150.65,599100,422550
18-02-2025 14:37,22971.4,873750,466125,95.35,1347600,1561275,150.35,582975,425250
18-02-2025 14:38,22975.4,875850,462675,95.8,1344450,1566000,149.35,584400,429525
18-02-2025 14:38,22979,868800,466125,96.65,1355550,1569150,148.35,584250,432150
18-02-2025 14:38,22974.4,871500,465750,96.2,1339800,1576875,148.7,578700,427500
18-02-2025 14:38,22973.4,869550,468525,96.1,1337175,1584600,148.45,585150,432000
18-02-2025 14:38,22974.55,875175,462825,95.8,1338225,1579575,149.2,585000,435075
18-02-2025 14:38,22979,872775,463725,96.75,1340100,1571100,147.8,585600,435000
18-02-2025 14:39,22977,873750,466125,97.1,1340175,1558275,147.3,582675,433650
18-02-2025 14:39,22980.05,874200,455700,99.05,1339500,1559850,144.35,582525,434325
18-02-2025 14:39,22981,875100,461550,99.5,1332375,1509375,144.25,560700,436500
18-02-2025 14:39,22982.4,874125,460800,101.75,1323525,1483425,142,563100,437175
18-02-2025 14:39,22985,874125,463125,100.6,1329000,1484700,143.4,558750,442350
18-02-2025 14:39,22988.75,875100,463950,101.05,1328175,1496025,142.4,561750,427725
18-02-2025 14:40,22984,871425,465300,99.85,1325250,1510200,142.95,561600,436125
18-02-2025 14:40,22986.4,873675,463875,102,1312650,1509075,140.25,561375,436800
18-02-2025 14:40,22984.9,860175,465525,98.8,1311000,1500600,144.7,566400,426375
18-02-2025 14:40,22981.95,869550,466725,97.2,1288650,1517175,146.4,573450,417225
18-02-2025 14:40,22979.95,871950,466800,98.85,1298250,1515450,144.9,574200,419475
18-02-2025 14:40,22980,864825,468975,97.85,1308075,1528875,145.95,574650,422475
18-02-2025 14:41,22980,875025,462450,97.9,1309050,1524075,145.4,573075,429825
18-02-2025 14:41,22981.1,874425,466050,99.2,1307475,1525950,143.55,572475,431475
18-02-2025 14:41,22984.5,876900,464100,98.95,1315050,1526100,143.7,569475,436875
18-02-2025 14:41,22983.8,876300,464100,98.95,1314225,1531425,143.8,578775,432300
18-02-2025 14:41,22983.4,875100,455100,101.45,1330575,1524600,141.3,574500,438675
18-02-2025 14:41,22984.25,877500,461100,101.75,1333575,1501050,140.65,564225,442125
18-02-2025 14:42,22988,876450,456525,101.9,1336125,1499550,140.2,566925,446775
18-02-2025 14:42,22988,873600,460425,101.05,1337625,1500750,139.7,560250,444600
18-02-2025 14:42,22988.05,876525,463575,100.85,1333800,1506225,140.4,561900,441975
18-02-2025 14:42,22985.85,880500,464400,100.95,1324950,1517475,140.25,567975,440775
18-02-2025 14:42,22988.15,879300,459300,101.9,1350225,1512900,138.65,560550,447375
18-02-2025 14:42,22988.5,877125,458100,101.75,1337625,1510350,138.65,580575,446625
18-02-2025 14:43,22987.8,875775,465375,100.05,1324650,1522050,140.85,599175,443700
18-02-2025 14:43,22985,874950,465000,99.15,1300275,1535175,141.35,611700,444000
18-02-2025 14:43,22985.15,877725,465450,98.85,1305225,1533750,141.9,603525,450975
18-02-2025 14:43,22985,875850,465375,100.2,1314375,1538475,139.7,603750,454725
18-02-2025 14:43,22986.6,882900,458700,101.25,1324200,1520475,138.8,582150,457800
18-02-2025 14:43,22989.9,878475,458475,100.8,1323750,1530975,138,584850,456450
18-02-2025 14:44,22991.9,879450,457050,101.2,1338900,1528275,138.5,579375,462975
18-02-2025 14:44,22990,880725,457725,101.65,1339950,1512000,137.75,542025,459000
18-02-2025 14:44,22988,876450,457650,100.25,1322250,1517400,140.4,549525,456525
18-02-2025 14:44,22989,882675,460050,101.2,1306350,1526325,139.5,552300,451275
18-02-2025 14:44,22987.85,879825,459975,100.3,1298175,1537125,140.4,550200,450900
18-02-2025 14:44,22989,883950,458250,101.3,1273875,1536675,139.35,546600,464325
18-02-2025 14:45,22990.5,883350,457725,102.5,1278825,1538925,138.9,539400,463875
18-02-2025 14:45,22990.5,882150,458625,102.15,1276500,1514475,138.75,540225,460500
18-02-2025 14:45,22991,885525,459825,102.85,1274250,1488825,138.35,534450,459000
18-02-2025 14:45,22990,878100,463500,100.75,1263975,1488675,140.55,529200,451650
18-02-2025 14:45,22986.35,877575,464475,100.2,1259625,1500375,141.45,528900,451500
18-02-2025 14:45,22985,879225,463500,98.7,1221225,1515675,142.4,532500,456525
18-02-2025 14:46,22983.2,875925,462975,98.1,1195200,1533825,143.85,540000,440925
18-02-2025 14:46,22983.95,882600,460650,99.75,1178925,1520550,142.3,539625,446775
18-02-2025 14:46,22982.2,877950,460350,99.3,1186875,1538400,142.2,540750,451200
18-02-2025 14:46,22985,882000,463050,99.15,1185825,1558125,142.15,547500,453375
18-02-2025 14:46,22985.05,884550,462150,100.15,1193400,1547550,141.15,542025,458400
18-02-2025 14:46,22982.05,879525,461400,98.6,1198500,1542975,143,543675,457800
18-02-2025 14:47,22984.35,877875,462000,99.8,1199325,1552275,142,548925,456225
18-02-2025 14:47,22985,885675,449325,101.65,1214925,1538700,140.35,535875,462600
18-02-2025 14:47,22987,884325,461775,100.5,1221825,1524750,141.75,524175,461400
18-02-2025 14:47,0,0,0,0,0,0,140.5,523275,466350
18-02-2025 14:47,22985.6,880875,452400,101.7,1212000,1520475,140.5,530250,469500
18-02-2025 14:47,22988,879150,454725,101.35,1213725,1498650,141,522300,472200
18-02-2025 14:48,22985.2,880350,459375,102.15,1209450,1499775,140.3,525225,467700
18-02-2025 14:48,22989.6,878175,453975,101.8,1211550,1501875,140.7,529125,469500
18-02-2025 14:48,22989.6,877275,456750,100.75,1210725,1510650,142.1,539250,468000
18-02-2025 14:48,22986,876450,459150,100.3,1219500,1520325,142.3,541950,467775
18-02-2025 14:48,22986,877125,454500,100.9,1226475,1530825,141.85,543525,470850
18-02-2025 14:48,22992,879150,451875,103,1216575,1522725,139.45,538950,477450
18-02-2025 14:49,22990.1,879825,452250,104.45,1225350,1447575,137.95,513525,474825
18-02-2025 14:49,22993,878775,450375,104.3,1223400,1440450,137.7,514725,477525
18-02-2025 14:49,22994.95,881100,453825,104.2,1225800,1437225,138.1,515850,475950
18-02-2025 14:49,22994.9,884100,451425,104.8,1229325,1440525,136.6,518550,476100
18-02-2025 14:49,22999,882900,443625,106.9,1247475,1374450,134.4,517725,486525
18-02-2025 14:49,22999,882750,438300,108,1246650,1332000,133.65,498900,484275
18-02-2025 14:50,22996.15,873075,433800,105.75,1253625,1320900,135.75,505875,483825
18-02-2025 14:50,22991,880350,444300,103.15,1217325,1351050,138.75,515550,475725
18-02-2025 14:50,22991,877800,445425,103.65,1180650,1385475,138.4,522825,476475
18-02-2025 14:50,22990,878250,443400,102.5,1184775,1383750,139.15,529950,475725
18-02-2025 14:50,22993.85,878550,445800,103.3,1182000,1392675,138.8,536700,481275
18-02-2025 14:50,22988.15,878325,446625,101.4,1198050,1389450,140.2,541575,486150
18-02-2025 14:51,22994.3,881400,441150,103.9,1206975,1396200,137.3,543375,487125
18-02-2025 14:51,22995,881250,446100,103.6,1224675,1391475,138.2,531000,485100
18-02-2025 14:51,22995.25,881700,438900,106.15,1236075,1386525,134.95,529725,494850
18-02-2025 14:51,22998,882000,437925,105.8,1244475,1385850,135.6,530175,487875
18-02-2025 14:51,22999.75,881475,437850,105.3,1241775,1388700,135.9,537000,493725
18-02-2025 14:51,22998,885000,438225,105.5,1239450,1401075,135.9,542625,491550
18-02-2025 14:52,22996.55,887400,438075,105.95,1248450,1384125,135.05,537525,494400
18-02-2025 14:52,22999.8,884025,437550,106,1246350,1391100,135.1,539100,491850
18-02-2025 14:52,22995.2,884550,441225,105.9,1239375,1378875,135.45,544875,487125
18-02-2025 14:52,22999.9,886275,439350,106.25,1240800,1371975,134,541800,489675
18-02-2025 14:52,23000.55,882825,433650,107.85,1249500,1381275,132.2,534750,489975
18-02-2025 14:52,23002.95,883125,436125,108.8,1249425,1365375,131.6,521925,494325
18-02-2025 14:53,23003.2,885075,435000,108.25,1249875,1352625,131.7,528525,492975
18-02-2025 14:53,23002.05,881025,438750,107.8,1229550,1385775,132,533325,488250
18-02-2025 14:53,23003.25,886050,435525,107.7,1230375,1386075,131.85,531000,494475
18-02-2025 14:53,23000.3,882300,437550,105.8,1225575,1388925,133.65,557100,495975
18-02-2025 14:53,23000.1,884250,439050,105.4,1222800,1386075,134.05,565725,489000
18-02-2025 14:53,22995.05,882525,441225,103.5,1210275,1404675,136.3,577275,486300
18-02-2025 14:54,22991.95,870750,445575,100.65,1149300,1412325,139.7,585375,471525
18-02-2025 14:54,22991.4,870225,442200,101.85,1136925,1413375,139.35,582525,464475
18-02-2025 14:54,22994.9,879600,444375,101.95,1161600,1394025,139.15,575775,484950
18-02-2025 14:54,22992.3,878100,443700,101.4,1162950,1412325,139.35,577350,482250
18-02-2025 14:54,22995,875550,443925,102.45,1169775,1420800,138.25,558000,493350
18-02-2025 14:54,22996.25,879075,441750,102.85,1179450,1419450,137.8,546675,497775
18-02-2025 14:55,22992.8,876975,444150,102.95,1190175,1435350,138.2,583725,499425
18-02-2025 14:55,22996,877950,442275,103.1,1197600,1446600,137.25,590850,499875
18-02-2025 14:55,22993.55,878775,442275,102.3,1195650,1448250,139,559050,502950
18-02-2025 14:55,22991.1,872700,443850,102.85,1190175,1453725,138.6,561825,497250
18-02-2025 14:55,22990.15,877500,441900,101.6,1191750,1451100,139.6,560025,494025
18-02-2025 14:55,22986,873450,444000,99.6,1186500,1460625,141.9,562500,489900
18-02-2025 14:56,22982.2,852675,442800,97,1098225,1463400,144.5,565725,464850
18-02-2025 14:56,22981.95,851625,444150,96.7,1061775,1451925,145.15,560925,435300
18-02-2025 14:56,22976.8,849825,441075,93.55,1062150,1445025,149.25,557400,432900
18-02-2025 14:56,22974,857400,441225,93.2,1031775,1444875,149.45,558600,408825
18-02-2025 14:56,22975.45,859800,444225,94.65,1063050,1441575,147.45,560325,413250
18-02-2025 14:56,22976.5,867375,442725,94.8,1075875,1442025,146.95,554775,418950
18-02-2025 14:57,22974.75,850950,452100,93,1080750,1436025,148.95,541575,424125
18-02-2025 14:57,22974.75,860175,451425,93.65,1073700,1434975,148.7,548925,414450
18-02-2025 14:57,22978,872400,455775,95.9,1094850,1426425,145.7,538725,428400
18-02-2025 14:57,22976.45,870600,458100,94.4,1098525,1425225,147.85,522525,433575
18-02-2025 14:57,22973.05,870600,459300,94.9,1101375,1444500,147.15,531150,439200
18-02-2025 14:57,22978.6,875100,456000,95.25,1121625,1437300,146.55,525075,442650
18-02-2025 14:58,22980,878700,446250,95.5,1135800,1440300,145.55,534450,456300
18-02-2025 14:58,22980,873825,456000,96.5,1151250,1434450,143.5,526275,460500
18-02-2025 14:58,22980,877875,452400,97.2,1159575,1428600,142.65,528225,462225
18-02-2025 14:58,22983,875475,459150,96.95,1156200,1431825,143,533250,464100
18-02-2025 14:58,22981.7,875100,457575,96.3,1149975,1437750,142.5,534375,474750
18-02-2025 14:58,22987,879525,462150,98.6,1166625,1432725,139.4,522600,482325
18-02-2025 14:59,22986.2,879000,460575,99,1166925,1417200,139.05,509925,483075
18-02-2025 14:59,22987.35,875250,460650,99.15,1169250,1410975,137.95,505050,480075
18-02-2025 14:59,22992,874650,461700,97.55,1162875,1423650,140.1,513450,479400
18-02-2025 14:59,22986.7,865575,459525,97.4,1162950,1431975,140.3,524700,469200
18-02-2025 14:59,22989.95,870675,455550,98.55,1163850,1433100,138.7,524625,472950
18-02-2025 14:59,22989,867075,453825,99.1,1172325,1438725,137.9,524775,471000
18-02-2025 15:00,22995.6,869175,452625,100.9,1178250,1420575,136.15,517275,479850
18-02-2025 15:00,23004,870375,453300,106.5,1183875,1388700,129.3,499650,489525
18-02-2025 15:00,22994.4,873375,458775,103,1193325,1327350,134.55,470625,482100
18-02-2025 15:00,22997.7,869400,453900,104.55,1174050,1348275,132.65,475350,478350
18-02-2025 15:00,22995.6,866175,454875,101.85,1183575,1382100,135.35,495000,480825
18-02-2025 15:00,22990,851100,458250,100.75,1162275,1411875,136.85,525975,472425
18-02-2025 15:01,22993.05,864750,451875,102.6,1147575,1410750,134.55,522075,483825
18-02-2025 15:01,22993.55,871650,450225,102.25,1163700,1425825,135.05,524175,487350
18-02-2025 15:01,22992.55,873075,455775,100.9,1168125,1440600,137.1,531300,484350
18-02-2025 15:01,22992.5,877500,452475,102.15,1169100,1447500,135.75,532050,486075
18-02-2025 15:01,22992.55,880500,456525,102.05,1173150,1465950,135.3,536775,495375
18-02-2025 15:01,22994.55,881025,454875,103.15,1181625,1461600,134,540675,499275
18-02-2025 15:02,22995,883050,452625,102.15,1186275,1453425,135.1,538200,498975
18-02-2025 15:02,22998,882750,454425,103.45,1196850,1452750,133.55,538950,501075
18-02-2025 15:02,22999.6,883650,450675,104.7,1210950,1438950,132.2,536625,506400
18-02-2025 15:02,23000,882300,451950,105.45,1213425,1403175,131.45,529275,507375
18-02-2025 15:02,23000.15,880950,452850,105.2,1217400,1407225,131.6,533325,507525
18-02-2025 15:02,23004.95,881250,446850,106.8,1221375,1401675,130,536250,510525
18-02-2025 15:03,23004.7,880425,452025,104.75,1224225,1412550,131.5,532875,515175
18-02-2025 15:03,22998,864225,455250,103.1,1178700,1426875,133.45,551475,506250
18-02-2025 15:03,22996.65,874950,458250,102.5,1164600,1442100,134.85,563175,500025
18-02-2025 15:03,22997,876150,458250,102.85,1185075,1448925,134.4,577350,507825
18-02-2025 15:03,22997.15,876225,459825,103.2,1185375,1463250,134.25,587475,512550
18-02-2025 15:03,22994.25,871800,461025,100.75,1189875,1473225,136.65,563625,519000
18-02-2025 15:04,22992.85,874125,461550,101.2,1177575,1469850,136.1,567375,501975
18-02-2025 15:04,22992.8,869550,462900,101.8,1182675,1481025,135.75,568875,503775
18-02-2025 15:04,22993.15,874800,461400,102.05,1192875,1463250,135.1,556050,510300
18-02-2025 15:04,22991,871275,461850,101.5,1196250,1461000,135.5,564900,510150
18-02-2025 15:04,22990.95,871275,463875,99.7,1200525,1476450,138.75,564450,513000
18-02-2025 15:04,22982.15,861675,465975,97.1,1138350,1490850,142.1,575775,486450
18-02-2025 15:05,22985.65,868875,461700,99.2,1137600,1473675,138.9,561900,470550
18-02-2025 15:05,22988.3,873375,459975,98.85,1148625,1469925,139.1,560925,476250
18-02-2025 15:05,22986.15,875100,458325,99.65,1156500,1472025,137.95,557325,482850
18-02-2025 15:05,22988.65,875025,457575,99.85,1164750,1490925,137.9,559350,475050
18-02-2025 15:05,22988.25,873225,454425,100.5,1177275,1494075,136.5,559800,482625
18-02-2025 15:05,22991.75,873900,454800,101.35,1190400,1493775,134.6,560775,488325
18-02-2025 15:06,22989.2,869475,458550,100.9,1192500,1488000,137.5,552225,485100
18-02-2025 15:06,22988.45,869625,459450,98.5,1173675,1506525,138.65,559050,477975
18-02-2025 15:06,22989,866775,460050,98.85,1171425,1514625,139.05,562575,477825
18-02-2025 15:06,22985.35,866700,461550,98.65,1155075,1520475,139.65,563100,476625
18-02-2025 15:06,22985.5,867150,463200,99,1159275,1523775,138.65,560625,472950
18-02-2025 15:06,22987.65,870975,462000,98.85,1180950,1525950,137.25,555300,482550
18-02-2025 15:07,22989.35,873600,459225,99.5,1193700,1524375,138.55,551700,485700
18-02-2025 15:07,22989.65,870375,461850,99.2,1204800,1538100,138.9,556425,489225
18-02-2025 15:07,22987.45,871500,462300,100.5,1200150,1543875,137.7,557325,492375
18-02-2025 15:07,22989.05,875025,460725,100.45,1206825,1496925,137.4,545775,494850
18-02-2025 15:07,22990,873900,457875,101.6,1218300,1506075,136.1,544800,497850
18-02-2025 15:07,22990,871650,458175,101.1,1218075,1515300,136.35,542550,495975
18-02-2025 15:08,22989.7,873225,458250,101.1,1213800,1518075,136.6,546225,497025
18-02-2025 15:08,22988.8,868800,457425,100.45,1209075,1525575,137.45,555975,492450
18-02-2025 15:08,22985.1,871875,457200,98.55,1211550,1530900,140,554775,490575
18-02-2025 15:08,22982.7,862275,457725,98.1,1174650,1541175,140.95,556800,469050
18-02-2025 15:08,22980,864675,460275,96.7,1153800,1516275,142.7,559800,457800
18-02-2025 15:08,22977.65,862650,461025,95.75,1148325,1526175,144.3,558225,446850
18-02-2025 15:09,22980.5,861675,456600,96.5,1137225,1531875,142.2,556350,438375
18-02-2025 15:09,22981.55,874875,458325,97.2,1149525,1523700,142.7,544425,444750
18-02-2025 15:09,22978.5,880575,459975,97,1161900,1524750,142.95,546225,450600
18-02-2025 15:09,22978.85,880500,458550,96.5,1162800,1531050,143.9,546825,444150
18-02-2025 15:09,22978.75,878400,460500,96.4,1155225,1537875,143.75,550125,441600
18-02-2025 15:09,22981.55,880425,454350,99.8,1167600,1517025,139.5,541575,447075
18-02-2025 15:10,22984,875325,456375,98.75,1167450,1463325,141.2,520200,445950
18-02-2025 15:10,22983.5,883350,455925,99.4,1163400,1433775,140.35,526800,448950
18-02-2025 15:10,22980.35,884100,457350,99,1166850,1447500,141.75,536175,449475
18-02-2025 15:10,22981.85,882600,457275,99.3,1181850,1455975,141.1,541350,459300
18-02-2025 15:10,22985,883125,454950,99.5,1180875,1457325,140.5,543075,462525
18-02-2025 15:10,22983.3,882600,456975,99.9,1180500,1463325,139.55,540675,458475
18-02-2025 15:11,22983.35,884625,458550,98.65,1189875,1466100,140.75,538800,458250
18-02-2025 15:11,22978.8,878025,454350,98.25,1188300,1472550,142.85,541800,449250
18-02-2025 15:11,22983,881625,450525,100.85,1193400,1479600,139.15,535725,448575
18-02-2025 15:11,22984.15,884550,450225,99.65,1200975,1450650,140.85,525225,454050
18-02-2025 15:11,22983.95,882375,451725,99.6,1159575,1457325,141.05,523425,456600
18-02-2025 15:11,22983.8,882150,449175,99.3,1168800,1459350,141.2,522225,455250
18-02-2025 15:12,22981.1,881775,452025,98.5,1178325,1463925,141.8,522525,463350
18-02-2025 15:12,22980.9,881550,452400,100,1181325,1467825,140,528300,455025
18-02-2025 15:12,22982.55,882300,451125,100.3,1183125,1464150,139.85,520275,460650
18-02-2025 15:12,22984.05,879750,454875,100.9,1175250,1467825,138.6,527100,462675
18-02-2025 15:12,22983.5,880800,453975,100.8,1181250,1434600,139,516375,471375
18-02-2025 15:12,22983.5,878475,454725,99.9,1182600,1437975,140.25,522825,473475
18-02-2025 15:13,22982.15,881625,453600,99.65,1188750,1445250,140.3,517725,474300
18-02-2025 15:13,22982,882300,452775,99.55,1203150,1449150,140.7,521625,474075
18-02-2025 15:13,22982.3,881250,458625,99.1,1208925,1452150,141.3,519900,480975
18-02-2025 15:13,22983.35,874575,453150,98.5,1200000,1462425,142.35,519900,476700
18-02-2025 15:13,22980.6,875400,453675,98.5,1195725,1468725,142,523125,470400
18-02-2025 15:13,22979.1,876075,454125,98.85,1199925,1461825,141.65,519825,472050
18-02-2025 15:14,22979.05,873825,452925,98.8,1202625,1458075,142.55,525000,472200
18-02-2025 15:14,22977.1,871725,452325,97,1197300,1472550,144.45,530700,466050
18-02-2025 15:14,22974,869550,452850,97.15,1150200,1479450,144.95,533250,418050
18-02-2025 15:14,22974,867000,453750,96.4,1147350,1489125,145.45,527850,395025
18-02-2025 15:14,22975.8,869100,450225,97.4,1146150,1484325,144.65,521775,395925
18-02-2025 15:14,22973.5,870600,449475,97.5,1162275,1476450,146.35,515100,401550
18-02-2025 15:15,22975.4,869700,446700,97,1175850,1469925,146.55,516675,382725
18-02-2025 15:15,22976.05,867300,449850,96.8,1163550,1480125,145.25,520275,391200
18-02-2025 15:15,22973,864825,482625,96.1,1158000,1484700,147.45,525075,389025
18-02-2025 15:15,22967.1,851550,481350,93.1,1131225,1475175,151.7,526725,368175
18-02-2025 15:15,22966.85,849825,482625,92.4,997425,1471575,151.3,531825,317550
18-02-2025 15:15,22964.75,840975,484500,89.85,987975,1457400,154.3,524625,315225
18-02-2025 15:16,22964.3,845325,477750,89.35,941625,1457700,154.55,531975,315900
18-02-2025 15:16,22960.3,853800,476025,89.5,966750,1466175,153.8,531600,300225
18-02-2025 15:16,22960,857025,466575,90,974400,1458300,153.1,519300,303675
18-02-2025 15:16,22958.3,852075,464250,89.7,977925,1463550,154.55,518850,299550
18-02-2025 15:16,22965,856800,463875,89.5,977625,1473900,153.65,524475,308925
18-02-2025 15:16,22965,857175,460800,91.2,1006950,1465200,151.9,515025,315825
18-02-2025 15:17,22964.05,851400,457425,91.95,1028550,1437000,150.25,501075,318600
18-02-2025 15:17,22966.9,854550,466275,92.1,1034175,1431975,150.8,488925,315450
18-02-2025 15:17,22965,854775,469950,90.75,1031250,1469700,151.8,487800,327375
18-02-2025 15:17,22966.9,854550,477075,91.45,1033050,1464750,151.15,488775,331125
18-02-2025 15:17,22962.1,853275,474675,89.6,1032450,1465425,152.85,503475,330150
18-02-2025 15:17,22963.05,851775,475950,90.3,1022700,1466325,153.05,503550,325950
18-02-2025 15:18,22964.5,855000,473850,90.15,1035525,1468125,153.15,502575,331500
18-02-2025 15:18,22964,849900,476175,91.05,1028325,1478700,151.7,505200,328350
18-02-2025 15:18,22963.1,853125,475425,90.8,1032375,1474725,152.4,512550,329475
18-02-2025 15:18,22961.5,852075,474150,90.3,1029600,1476000,152.85,509175,327825
18-02-2025 15:18,22960,849450,474975,90.3,1029000,1489350,152.35,508950,332850
18-02-2025 15:18,22964,850425,474450,90.3,1024500,1490175,152.65,489675,334200
18-02-2025 15:19,22963,851625,475875,90.1,1031550,1486350,153.5,531375,341550
18-02-2025 15:19,22960.55,847950,474900,89,1021725,1490025,154.4,529875,329850
18-02-2025 15:19,22961.55,853650,475350,89.75,1026675,1485975,152.45,481050,330900
18-02-2025 15:19,22964.95,851925,478050,89.55,1033725,1490325,152.15,476025,338850
18-02-2025 15:19,22964,852450,477150,89.9,1025025,1492425,151,480675,340125
18-02-2025 15:19,22963.95,852600,475200,89.15,1038525,1491450,152.3,475425,344250
18-02-2025 15:20,22960.8,845625,477750,88.8,1022475,1495425,151.75,478575,339600
18-02-2025 15:20,22963.25,850125,476250,89.1,1024725,1480425,151.75,484500,330525
18-02-2025 15:20,22960,851625,478425,87.6,1041825,1477125,152.65,479475,331275
18-02-2025 15:20,22961.05,850200,475350,87.65,993375,1483950,152.9,490800,325800
18-02-2025 15:20,22960.05,848550,474975,87,985350,1486125,153.5,489150,320550
18-02-2025 15:20,22958.15,846675,475575,86.1,965925,1485375,154.2,478950,319500
18-02-2025 15:21,22958.05,847350,472425,86.35,963600,1454025,153.8,477525,313875
18-02-2025 15:21,22958.8,847125,471000,85.4,958200,1459275,154.6,483825,312525
18-02-2025 15:21,22956.05,846675,470175,84,938925,1468800,156.2,489225,294150
18-02-2025 15:21,22955.1,844125,471900,84,935475,1461075,155.5,488175,286725
18-02-2025 15:21,22955,845550,472425,84.4,968775,1436025,155.15,485175,283575
18-02-2025 15:21,22955,845325,471375,84.8,970275,1432575,155.1,486525,288900
18-02-2025 15:22,22956.65,845250,469650,84.55,959850,1401075,154.3,479025,292725
18-02-2025 15:22,22954.15,844050,469650,85.5,982350,1419825,154.6,487200,290775
18-02-2025 15:22,22955.15,845325,468150,85.7,993825,1418700,154.45,478575,299100
18-02-2025 15:22,22956.1,845100,467175,85.75,993300,1423425,154.6,474825,305625
18-02-2025 15:22,22955.95,844950,466950,84.35,942975,1424700,155.45,475275,306375
18-02-2025 15:22,22953.75,845925,465975,85.95,942000,1421325,154.7,475800,303450
18-02-2025 15:23,22954.95,844350,465975,86.05,946875,1409700,154.8,480300,303375
18-02-2025 15:23,22954.6,844125,464625,86.55,949575,1411650,154.35,477825,307425
18-02-2025 15:23,22954.05,843675,464475,85.75,945825,1407150,154.9,479025,310425
18-02-2025 15:23,22952.8,840525,465225,85.65,934125,1409325,155.4,475200,300075
18-02-2025 15:23,22951.95,839700,465825,85.5,935475,1409250,155.85,476475,297825
18-02-2025 15:23,22951.55,839700,464700,85.65,936300,1410675,155.9,474375,293925
18-02-2025 15:24,22952.4,840825,465900,86.35,943650,1411950,155.3,473250,293325
18-02-2025 15:24,22954.8,843000,463950,86.25,938550,1389675,153.9,465975,295125
18-02-2025 15:24,22954.5,842175,464025,86.05,928575,1403475,155,460275,294300
18-02-2025 15:24,22953.85,841500,462975,85.95,912225,1397025,154.85,452550,284400
18-02-2025 15:24,22954,840600,465150,86.4,907125,1393650,155,451575,291375
18-02-2025 15:24,22954.35,840675,464400,86.7,904050,1391325,154.65,455250,288750
18-02-2025 15:25,22954.55,843075,462750,85.9,902250,1368450,153.3,449775,290475
18-02-2025 15:25,22954.6,841350,463425,85.6,890250,1369500,152.7,440100,293475
18-02-2025 15:25,22954.95,841725,460725,86.8,898425,1368375,152.45,434250,292650
18-02-2025 15:25,22956.4,840375,459150,86.45,910950,1356225,153.45,434325,291975
18-02-2025 15:25,22955.5,833100,454575,86.8,901050,1346100,152.4,435450,295500
18-02-2025 15:25,22956.3,836550,453675,87.5,909450,1341525,151.5,431175,298500
18-02-2025 15:26,22957.85,834375,453450,87.65,914925,1328775,150.15,427425,297675
18-02-2025 15:26,22960,834375,453600,87.5,907800,1334925,151,418275,291225
18-02-2025 15:26,22959,832425,452400,87.3,890400,1343925,151.35,421800,281700
18-02-2025 15:26,22958.45,832500,453525,86.65,876300,1363425,151.75,423675,283350
18-02-2025 15:26,22959,832725,453225,86.15,872850,1353225,151.95,418200,284325
18-02-2025 15:26,22955.5,828675,452850,85.75,864450,1356150,153.45,421650,281400
18-02-2025 15:27,22955.05,829800,453450,85.1,850425,1347675,154.85,423075,271650
18-02-2025 15:27,22954.95,826875,448800,84.2,841575,1348350,154.35,422700,268125
18-02-2025 15:27,22951.3,825075,449250,83.95,831450,1346325,155.3,428250,267000
18-02-2025 15:27,22952.8,833925,441825,83.85,811200,1359225,156.45,419700,242325
18-02-2025 15:27,22950,832425,441450,83,810750,1358100,156.5,413625,245400
18-02-2025 15:27,22950,830700,439725,82.55,800625,1344750,156.75,414150,246225
18-02-2025 15:28,22947.95,818100,434925,82.75,800175,1326600,157.1,414450,241125
18-02-2025 15:28,22948.8,817725,429750,82,810450,1328250,157.65,412950,240225
18-02-2025 15:28,22949.7,816000,428850,81.5,797025,1308225,157.5,415050,239700
18-02-2025 15:28,22946,814200,426675,82.5,794625,1289625,157.3,414075,234750
18-02-2025 15:28,22947.65,815100,426375,82.9,800400,1245675,157.2,406875,228000
18-02-2025 15:28,22950.95,812850,419550,83,813675,1215675,157.15,403125,227850
18-02-2025 15:29,22950.25,810150,413475,83.7,820050,1201275,156.75,404700,238650
18-02-2025 15:29,22949.35,802800,406425,83.25,810000,1182075,156.1,399525,239100
18-02-2025 15:29,22949.45,797025,402600,83.45,808350,1179150,157,397800,231525
18-02-2025 15:29,22949.1,795525,397350,83.45,379800,1151250,156.1,230400,218775
18-02-2025 15:29,22947.95,786825,386475,82.95,363075,1131300,157.2,226500,206100
18-02-2025 15:29,22948.1,774375,379200,83.8,342375,1115475,156.75,221925,199950
