last_traded_time,ltp,tot_buy_qty,tot_sell_qty,ltp,tot_buy_qty,tot_sell_qty,ltp,tot_buy_qty,tot_sell_qty
01-02-2025 09:16,23604.8,382650,462600,206.45,1399950,199575,206.45,1399950,199575
01-02-2025 09:16,23604.8,388125,465150,208.4,1401675,200925,208.4,1401675,200925
01-02-2025 09:16,23605.85,391050,464100,207.1,1410075,204975,207.1,1410075,204975
01-02-2025 09:17,23608.95,401400,464850,207.6,1410750,213150,207.6,1410750,213150
01-02-2025 09:17,23614,405075,469350,209.2,1477725,218850,209.2,1477725,218850
01-02-2025 09:17,23614.05,403125,474450,208.4,1489350,223425,208.4,1489350,223425
01-02-2025 09:17,23590,401475,478800,195.8,1483275,231300,195.8,1483275,231300
01-02-2025 09:17,23584.95,401475,484650,194.3,1386525,238800,194.3,1386525,238800
01-02-2025 09:17,23581,404250,484800,187.85,1389600,238725,187.85,1389600,238725
01-02-2025 09:18,23575,407625,486600,188.1,1388925,244650,188.1,1388925,244650
01-02-2025 09:18,23579.5,426600,485625,189.6,1399500,247800,189.6,1399500,247800
01-02-2025 09:18,23579,428325,486300,189.85,1409400,239250,189.85,1409400,239250
01-02-2025 09:18,23580,430950,490650,192.5,1409925,237675,192.5,1409925,237675
01-02-2025 09:18,23579,438450,492975,192.95,1583325,241875,192.95,1583325,241875
01-02-2025 09:18,23580,443625,491925,191.7,1583025,245925,191.7,1583025,245925
01-02-2025 09:19,23576.8,446475,494475,189.75,1583550,252150,189.75,1583550,252150
01-02-2025 09:19,23575.3,446325,494925,187.6,1579800,265125,187.6,1579800,265125
01-02-2025 09:19,23573.05,449775,573300,187.8,1586775,264750,187.8,1586775,264750
01-02-2025 09:19,23575.05,456300,598800,188.95,1593075,254250,188.95,1593075,254250
01-02-2025 09:19,23572,466275,606375,187.35,1598925,262350,187.35,1598925,262350
01-02-2025 09:19,23571,469800,611100,186.45,1595775,263025,186.45,1595775,263025
01-02-2025 09:20,23575.05,460275,610500,185.75,448725,270375,185.75,448725,270375
01-02-2025 09:20,23562,460575,610275,177.8,445050,266850,177.8,445050,266850
01-02-2025 09:20,23565,466125,612300,177,425850,272175,177,425850,272175
01-02-2025 09:20,23565,466275,690675,177.75,445725,272850,177.75,445725,272850
01-02-2025 09:20,23562.1,470400,714075,179.1,452025,278850,179.1,452025,278850
01-02-2025 09:20,23563.45,475800,718125,178.35,456975,278025,178.35,456975,278025
01-02-2025 09:21,23562.05,476025,718725,177.45,453300,287400,177.45,453300,287400
01-02-2025 09:21,23562.7,485175,725250,181.05,461925,288225,181.05,461925,288225
01-02-2025 09:21,23566,483225,727950,183.55,477825,290700,183.55,477825,290700
01-02-2025 09:21,23573.75,484650,722475,185.95,481125,284925,185.95,481125,284925
01-02-2025 09:21,23579,489375,826650,189.5,488325,283275,189.5,488325,283275
01-02-2025 09:21,23570,492750,831225,185.3,499725,285375,185.3,499725,285375
01-02-2025 09:22,23566.65,492375,836325,187,516825,293400,187,516825,293400
01-02-2025 09:22,23566.9,494775,830025,186.7,534075,295125,186.7,534075,295125
01-02-2025 09:22,23567.25,495375,829875,187.1,549825,305100,187.1,549825,305100
01-02-2025 09:22,23569.95,498450,827175,186.75,556050,305175,186.75,556050,305175
01-02-2025 09:22,23574.1,500850,835650,188.25,566850,301575,188.25,566850,301575
01-02-2025 09:22,23575.9,503025,837300,188.75,570450,298125,188.75,570450,298125
01-02-2025 09:23,23583.45,509250,835650,192.1,585375,297300,192.1,585375,297300
01-02-2025 09:23,23584.9,511125,838125,192.75,587775,287925,192.75,587775,287925
01-02-2025 09:23,23580,514200,837825,192.35,587400,287775,192.35,587400,287775
01-02-2025 09:23,23580.75,514800,837450,198.2,585600,290625,198.2,585600,290625
01-02-2025 09:23,23581.1,515550,839700,196.45,595575,283800,196.45,595575,283800
01-02-2025 09:23,23581.7,517425,840450,194.3,594225,289275,194.3,594225,289275
01-02-2025 09:24,23581,517125,841200,197,597150,283950,197,597150,283950
01-02-2025 09:24,23581,518625,841650,195.75,607950,282750,195.75,607950,282750
01-02-2025 09:24,23585,517575,842250,197.6,609075,286425,197.6,609075,286425
01-02-2025 09:24,23585,520275,847050,197.3,610350,284550,197.3,610350,284550
01-02-2025 09:24,23585.75,524475,848100,199.3,617100,281625,199.3,617100,281625
01-02-2025 09:24,23586,524625,849675,199.15,619575,284475,199.15,619575,284475
01-02-2025 09:25,23580.05,528525,852525,199.4,617700,286575,199.4,617700,286575
01-02-2025 09:25,23586,528750,851025,198.5,856275,288075,198.5,856275,288075
01-02-2025 09:25,23585,532200,853950,197.3,859950,292275,197.3,859950,292275
01-02-2025 09:25,23580,533025,854475,195.4,857925,294150,195.4,857925,294150
01-02-2025 09:25,23584,536250,856275,196.75,853050,300825,196.75,853050,300825
01-02-2025 09:25,23584.15,535275,856200,195,854850,304800,195,854850,304800
01-02-2025 09:26,23584.35,541275,856275,195.15,847125,306075,195.15,847125,306075
01-02-2025 09:26,23584.35,540150,857100,194.45,855900,304050,194.45,855900,304050
01-02-2025 09:26,23585,543675,857625,197.15,855600,303825,197.15,855600,303825
01-02-2025 09:26,23586,544650,857475,197.9,859950,306300,197.9,859950,306300
01-02-2025 09:26,23586,547500,857475,200.5,866475,303675,200.5,866475,303675
01-02-2025 09:26,23589.85,549525,858300,200.1,864150,300150,200.1,864150,300150
01-02-2025 09:27,23590.4,553350,858900,200.95,875850,300225,200.95,875850,300225
01-02-2025 09:27,23590,553425,862200,200.7,988575,307950,200.7,988575,307950
01-02-2025 09:27,23585,554700,862875,200.85,992925,311775,200.85,992925,311775
01-02-2025 09:27,23589.65,558300,863100,199.85,990675,311100,199.85,990675,311100
01-02-2025 09:27,23588.05,565200,863700,201.8,993450,315975,201.8,993450,315975
01-02-2025 09:27,23591.75,562800,866625,201.2,997500,310725,201.2,997500,310725
01-02-2025 09:28,23588.05,565725,868275,200.7,996225,320100,200.7,996225,320100
01-02-2025 09:28,23586,567600,867525,200.05,985575,326550,200.05,985575,326550
01-02-2025 09:28,23590,571200,871650,199.6,991800,326325,199.6,991800,326325
01-02-2025 09:28,23589.6,572700,871350,198.15,990750,325125,198.15,990750,325125
01-02-2025 09:28,23593.1,576900,869625,202,985350,322425,202,985350,322425
01-02-2025 09:28,23590.3,576300,872400,201.3,990525,322275,201.3,990525,322275
01-02-2025 09:29,23595,580875,874500,200.4,998250,322950,200.4,998250,322950
01-02-2025 09:29,23595,581400,879150,201.8,999300,325800,201.8,999300,325800
01-02-2025 09:29,23594.25,578550,883950,201.15,1006125,324975,201.15,1006125,324975
01-02-2025 09:29,23597,582825,884775,203,1026675,323325,203,1026675,323325
01-02-2025 09:29,23596.25,585525,884250,206,1033650,325275,206,1033650,325275
01-02-2025 09:29,23596.25,581700,885525,208.15,1035000,307875,208.15,1035000,307875
01-02-2025 09:30,23596.55,580350,885825,209.4,1037325,301950,209.4,1037325,301950
01-02-2025 09:30,23598.1,581775,886275,209.65,1035525,302625,209.65,1035525,302625
01-02-2025 09:30,23609.5,585900,885750,214.4,1037025,302925,214.4,1037025,302925
01-02-2025 09:30,23619.95,588525,882000,220.85,1036350,287700,220.85,1036350,287700
01-02-2025 09:30,23624.8,584550,879000,223.8,1031925,281850,223.8,1031925,281850
01-02-2025 09:30,23624.1,586725,883575,227.35,1052100,278175,227.35,1052100,278175
01-02-2025 09:31,23640,591525,880875,233.9,1072875,246675,233.9,1072875,246675
01-02-2025 09:31,23635,580800,885450,236.05,1058325,251325,236.05,1058325,251325
01-02-2025 09:31,23645.55,594450,877200,237.85,1064625,245625,237.85,1064625,245625
01-02-2025 09:31,23672,592500,863100,251.25,1084500,232875,251.25,1084500,232875
01-02-2025 09:31,23677,591450,856500,253.15,1078650,206100,253.15,1078650,206100
01-02-2025 09:31,23670.05,578025,853500,245.95,1046025,215625,245.95,1046025,215625
01-02-2025 09:32,23658,566400,861375,241.05,1008900,224700,241.05,1008900,224700
01-02-2025 09:32,23656.45,586125,869325,235.5,1026825,245925,235.5,1026825,245925
01-02-2025 09:32,23631.55,572550,877875,227.3,995250,257025,227.3,995250,257025
01-02-2025 09:32,23627.35,573375,881550,227.4,985500,259200,227.4,985500,259200
01-02-2025 09:32,23631.1,573750,882825,231.8,1028550,264000,231.8,1028550,264000
01-02-2025 09:32,23640,577650,884400,233.95,1032225,272775,233.95,1032225,272775
01-02-2025 09:33,23637.05,587550,890025,232,1039125,284700,232,1039125,284700
01-02-2025 09:33,23636.55,592050,888075,235.65,1053150,292875,235.65,1053150,292875
01-02-2025 09:33,23638.9,597975,891150,234.7,1058025,309375,234.7,1058025,309375
01-02-2025 09:33,23638,596325,892650,235.55,1061475,316125,235.55,1061475,316125
01-02-2025 09:33,23635,594675,897150,233.6,1068675,330750,233.6,1068675,330750
01-02-2025 09:33,23638,596475,896550,234.95,1069200,337950,234.95,1069200,337950
01-02-2025 09:34,23640.8,596175,902325,237.9,1079775,329250,237.9,1079775,329250
01-02-2025 09:34,23640,594375,889350,239.35,1093800,326475,239.35,1093800,326475
01-02-2025 09:34,23643,595425,792300,238.95,1091025,315600,238.95,1091025,315600
01-02-2025 09:34,23636,596400,706275,235.3,1085850,340200,235.3,1085850,340200
01-02-2025 09:34,23634,595875,707025,233.25,1069950,351300,233.25,1069950,351300
01-02-2025 09:34,23636,595425,708975,236.35,1067325,352275,236.35,1067325,352275
01-02-2025 09:35,23639.25,599700,714075,236.95,1080750,360600,236.95,1080750,360600
01-02-2025 09:35,23636.75,600975,717075,235.75,1083825,366000,235.75,1083825,366000
01-02-2025 09:35,23627.55,600675,721725,231.05,1080450,376650,231.05,1080450,376650
01-02-2025 09:35,23631.6,595125,717825,232.95,1063425,380250,232.95,1063425,380250
01-02-2025 09:35,23628.6,596700,720000,232.65,1074075,382725,232.65,1074075,382725
01-02-2025 09:35,23627.95,597975,724350,232.05,1080075,389100,232.05,1080075,389100
01-02-2025 09:36,23610.05,597900,723675,223.75,1080150,396900,223.75,1080150,396900
01-02-2025 09:36,23616,584700,822525,227.9,1015875,395100,227.9,1015875,395100
01-02-2025 09:36,23616.4,589575,824475,228.85,1028550,396900,228.85,1028550,396900
01-02-2025 09:36,23617.55,592125,830025,229,1035000,403050,229,1035000,403050
01-02-2025 09:36,23620,593400,830475,231.8,1040475,410550,231.8,1040475,410550
01-02-2025 09:36,23625,602400,829575,234.5,1046700,403875,234.5,1046700,403875
01-02-2025 09:37,23628.7,602250,831600,236.45,1053600,399150,236.45,1053600,399150
01-02-2025 09:37,23627.3,605625,831975,236.05,1059975,416250,236.05,1059975,416250
01-02-2025 09:37,23629.3,604950,832425,234.8,1057200,424500,234.8,1057200,424500
01-02-2025 09:37,23629.1,603750,832425,234.8,1056075,428775,234.8,1056075,428775
01-02-2025 09:37,23631.5,605250,833850,235.2,1060050,438900,235.2,1060050,438900
01-02-2025 09:37,23630.55,606525,832425,235.3,1065075,442350,235.3,1065075,442350
01-02-2025 09:38,23627.35,607650,836475,234.35,1064625,442350,234.35,1064625,442350
01-02-2025 09:38,23628.1,609450,837300,234.95,1061100,445200,234.95,1061100,445200
01-02-2025 09:38,23620,615600,841125,230.4,1062300,431400,230.4,1062300,431400
01-02-2025 09:38,23622,615225,842100,231.8,1059825,433425,231.8,1059825,433425
01-02-2025 09:38,23620.4,616650,848475,230.6,1068075,434475,230.6,1068075,434475
01-02-2025 09:38,23622.8,620175,854025,231.3,1075350,436950,231.3,1075350,436950
01-02-2025 09:39,23618.9,621300,854850,228.25,1075575,438825,228.25,1075575,438825
01-02-2025 09:39,23618,621000,855150,231.25,1061925,440550,231.25,1061925,440550
01-02-2025 09:39,23620,622500,851550,228.85,1063200,453750,228.85,1063200,453750
01-02-2025 09:39,23619.6,622875,855600,227.7,1059900,459075,227.7,1059900,459075
01-02-2025 09:39,23619.85,624300,853650,230.45,1067250,459825,230.45,1067250,459825
01-02-2025 09:39,23621.05,624975,857325,229.15,1072050,458325,229.15,1072050,458325
01-02-2025 09:40,23615.7,624375,856650,228.8,1071300,462000,228.8,1071300,462000
01-02-2025 09:40,23620,626175,859650,230.3,1079325,458625,230.3,1079325,458625
01-02-2025 09:40,23617.6,627225,861300,228.85,1078725,460275,228.85,1078725,460275
01-02-2025 09:40,23618.55,630600,860775,230.15,1086075,463050,230.15,1086075,463050
01-02-2025 09:40,23623.45,627825,863850,229.5,1079100,461025,229.5,1079100,461025
01-02-2025 09:40,23620,629625,863100,229.55,1082325,465450,229.55,1082325,465450
01-02-2025 09:41,23620.4,633000,862575,231.05,1094250,464025,231.05,1094250,464025
01-02-2025 09:41,23629,637575,862650,234.85,1100250,456225,234.85,1100250,456225
01-02-2025 09:41,23633.3,634200,868500,235.4,1102350,449025,235.4,1102350,449025
01-02-2025 09:41,23635.05,636375,866475,237.4,1107525,454275,237.4,1107525,454275
01-02-2025 09:41,23634.4,637725,866550,235.2,1110000,431775,235.2,1110000,431775
01-02-2025 09:41,23635.4,639375,870975,236.95,1098825,439425,236.95,1098825,439425
01-02-2025 09:42,23636.8,641400,864525,236.45,1088775,446775,236.45,1088775,446775
01-02-2025 09:42,23631.8,641775,865500,236.1,1093275,453900,236.1,1093275,453900
01-02-2025 09:42,23631.7,642825,872250,234,1093050,461925,234,1093050,461925
01-02-2025 09:42,23636.05,645000,870900,235.9,1083525,465975,235.9,1083525,465975
01-02-2025 09:42,23635.05,645450,871500,235.45,1085550,470625,235.45,1085550,470625
01-02-2025 09:42,23636.5,646425,873000,235.45,1086450,470625,235.45,1086450,470625
01-02-2025 09:43,23635.95,645300,876300,234.8,1090875,471900,234.8,1090875,471900
01-02-2025 09:43,23633.75,648150,876075,236.45,1094550,478650,236.45,1094550,478650
01-02-2025 09:43,23639.95,650025,876825,235.7,1098150,472800,235.7,1098150,472800
01-02-2025 09:43,23639.65,649275,878775,235.5,1100175,474825,235.5,1100175,474825
01-02-2025 09:43,23640,649650,877800,236.65,1103625,470550,236.65,1103625,470550
01-02-2025 09:43,23640,650175,878175,237.4,1107675,470025,237.4,1107675,470025
01-02-2025 09:44,23637,649350,877800,235.5,1106625,470025,235.5,1106625,470025
01-02-2025 09:44,23642,651300,875850,236.8,1093650,472800,236.8,1093650,472800
01-02-2025 09:44,23641.35,650625,880125,236.55,1102800,473325,236.55,1102800,473325
01-02-2025 09:44,23640.2,649875,881700,235.95,1104075,478875,235.95,1104075,478875
01-02-2025 09:44,23640.45,649125,881700,235.8,1099875,486150,235.8,1099875,486150
01-02-2025 09:44,23639.4,649575,886350,234,1100925,489225,234,1100925,489225
01-02-2025 09:45,23636,649050,886425,234.5,1107300,490425,234.5,1107300,490425
01-02-2025 09:45,23635,647925,887475,235.5,1112550,488775,235.5,1112550,488775
01-02-2025 09:45,23631.55,647400,889875,229.3,1112775,490500,229.3,1112775,490500
01-02-2025 09:45,23638,654225,886950,232.75,1081425,492900,232.75,1081425,492900
01-02-2025 09:45,23638.4,656100,885900,235.95,1090725,489825,235.95,1090725,489825
01-02-2025 09:45,23640,651525,885525,235.5,1098150,487875,235.5,1098150,487875
01-02-2025 09:46,23640,655200,885375,236.75,1104675,486225,236.75,1104675,486225
01-02-2025 09:46,23649.55,655200,885900,240.65,1108800,482175,240.65,1108800,482175
01-02-2025 09:46,23649.55,653475,881625,240.1,1112550,431700,240.1,1112550,431700
01-02-2025 09:46,23650,656925,883275,239.45,1111350,444300,239.45,1111350,444300
01-02-2025 09:46,23645.65,653100,885300,237.45,1105275,458475,237.45,1105275,458475
01-02-2025 09:46,23649.95,657150,886050,240.65,1123575,462075,240.65,1123575,462075
01-02-2025 09:47,23647.6,655950,884625,241.05,1136850,457725,241.05,1136850,457725
01-02-2025 09:47,23646.3,656775,885675,240.8,1137150,454500,240.8,1137150,454500
01-02-2025 09:47,23645.05,656850,888600,239.6,1133700,460575,239.6,1133700,460575
01-02-2025 09:47,23650,658500,886950,240.7,1133625,464550,240.7,1133625,464550
01-02-2025 09:47,23648,657600,886275,240.4,1137525,464325,240.4,1137525,464325
01-02-2025 09:47,23647,654525,887250,239.1,1127550,481500,239.1,1127550,481500
01-02-2025 09:48,23646.25,659475,886050,238.55,1129125,481650,238.55,1129125,481650
01-02-2025 09:48,23644.9,656175,896475,235.7,1125750,485325,235.7,1125750,485325
01-02-2025 09:48,23646,657750,889500,238.9,1120725,485325,238.9,1120725,485325
01-02-2025 09:48,23646.05,654675,890550,239.75,1126350,484125,239.75,1126350,484125
01-02-2025 09:48,23646.5,655350,892650,239.45,1130850,480900,239.45,1130850,480900
01-02-2025 09:48,23650,654750,894825,239.9,1130775,485400,239.9,1130775,485400
01-02-2025 09:49,23649,656550,895575,239.55,1135275,490875,239.55,1135275,490875
01-02-2025 09:49,23645.05,657900,891825,238.95,1133250,493950,238.95,1133250,493950
01-02-2025 09:49,23649,656775,895125,238.15,1134825,496650,238.15,1134825,496650
01-02-2025 09:49,23648.75,656025,894675,237.8,1136475,500925,237.8,1136475,500925
01-02-2025 09:49,23642.75,657150,895875,237.55,1138725,505275,237.55,1138725,505275
01-02-2025 09:49,23642.2,654300,895500,237.85,1142100,513225,237.85,1142100,513225
01-02-2025 09:50,23645,656250,893925,237.75,1144425,514350,237.75,1144425,514350
01-02-2025 09:50,23649,657975,893700,240.35,1151400,512850,240.35,1151400,512850
01-02-2025 09:50,23643.35,656550,894600,239.95,1158825,469275,239.95,1158825,469275
01-02-2025 09:50,23642.3,656325,896700,239.3,1158525,461025,239.3,1158525,461025
01-02-2025 09:50,23642.65,656400,899175,239.4,1154250,468000,239.4,1154250,468000
01-02-2025 09:50,23648.95,658200,895125,239.6,1160550,467700,239.6,1160550,467700
01-02-2025 09:51,23649.9,660825,894300,240.1,1161525,468375,240.1,1161525,468375
01-02-2025 09:51,23649.7,660750,893250,240.75,1165650,481200,240.75,1165650,481200
01-02-2025 09:51,23646,657300,893325,240.7,1166175,486375,240.7,1166175,486375
01-02-2025 09:51,23649.5,656550,894150,240.15,1165350,489675,240.15,1165350,489675
01-02-2025 09:51,23641.8,654000,897075,235.45,1163100,493650,235.45,1163100,493650
01-02-2025 09:51,23640,652950,896550,234.95,1138425,494850,234.95,1138425,494850
01-02-2025 09:52,23649,653250,897300,238.55,1110825,496875,238.55,1110825,496875
01-02-2025 09:52,23647,654075,893700,238.6,1124775,498900,238.6,1124775,498900
01-02-2025 09:52,23646.35,653850,893025,239.85,1136625,498375,239.85,1136625,498375
01-02-2025 09:52,23646.55,655425,894750,239.6,1136025,498375,239.6,1136025,498375
01-02-2025 09:52,23648.25,655350,893925,239.15,1137150,504000,239.15,1137150,504000
01-02-2025 09:52,23654,656100,892650,240.5,1140975,505125,240.5,1140975,505125
01-02-2025 09:53,23656.7,654600,892650,240.25,1142400,495975,240.25,1142400,495975
01-02-2025 09:53,23655.05,657075,896550,240.15,1150875,502725,240.15,1150875,502725
01-02-2025 09:53,23655,657000,899325,239.35,1150275,511350,239.35,1150275,511350
01-02-2025 09:53,23650.25,655050,901650,238.4,1149975,519075,238.4,1149975,519075
01-02-2025 09:53,23651.2,657000,901575,236.8,1149675,526950,236.8,1149675,526950
01-02-2025 09:53,23649,657075,904125,236.35,1146900,523500,236.35,1146900,523500
01-02-2025 09:54,23650,657675,904125,237.15,1153500,526050,237.15,1153500,526050
01-02-2025 09:54,23647.8,657525,906000,236.5,1157100,529650,236.5,1157100,529650
01-02-2025 09:54,23645.05,656250,905850,234.6,1150425,532950,234.6,1150425,532950
01-02-2025 09:54,23641.65,657900,909450,232.2,1125075,537975,232.2,1125075,537975
01-02-2025 09:54,23642,659100,912450,233.3,1130100,541425,233.3,1130100,541425
01-02-2025 09:54,23641.6,658275,912225,234.4,1137525,544575,234.4,1137525,544575
01-02-2025 09:55,23644.55,659475,912750,234.2,1138500,543225,234.2,1138500,543225
01-02-2025 09:55,23644.55,663375,911550,235.6,1144050,545625,235.6,1144050,545625
01-02-2025 09:55,23645.65,662175,911625,235,1150725,548550,235,1150725,548550
01-02-2025 09:55,23647.3,662700,910950,236.3,1152675,553950,236.3,1152675,553950
01-02-2025 09:55,23646.9,664050,908250,235.9,1156125,557925,235.9,1156125,557925
01-02-2025 09:55,23634.65,663675,911400,231.25,1160175,556950,231.25,1160175,556950
01-02-2025 09:56,23625,653175,914625,224.5,1119150,563700,224.5,1119150,563700
01-02-2025 09:56,23622,656250,914625,224.1,1067850,556575,224.1,1067850,556575
01-02-2025 09:56,23602.45,617850,914775,209.75,1062750,552675,209.75,1062750,552675
01-02-2025 09:56,23625.9,645225,902700,220.8,1034400,547200,220.8,1034400,547200
01-02-2025 09:56,23625,646125,912450,225.9,1045275,540675,225.9,1045275,540675
01-02-2025 09:56,23625.1,645750,914175,227.95,1057575,543150,227.95,1057575,543150
01-02-2025 09:57,23620.75,642300,914550,226.9,1052850,568500,226.9,1052850,568500
01-02-2025 09:57,23628,659850,910650,228.15,1060500,554475,228.15,1060500,554475
01-02-2025 09:57,23630,657300,912375,229.2,1074375,562050,229.2,1074375,562050
01-02-2025 09:57,23639,660525,915525,231.55,1087200,561300,231.55,1087200,561300
01-02-2025 09:57,23630.05,656400,918900,228.4,1089825,546450,228.4,1089825,546450
01-02-2025 09:57,23628.6,656925,918750,228.3,1092750,554400,228.3,1092750,554400
01-02-2025 09:58,23621.95,662325,922500,224.3,1094625,560700,224.3,1094625,560700
01-02-2025 09:58,23623.8,660900,918675,227.45,1095150,563850,227.45,1095150,563850
01-02-2025 09:58,23625,664800,922500,226.5,1111725,567075,226.5,1111725,567075
01-02-2025 09:58,23626.45,666900,922050,229.25,1112025,568125,229.25,1112025,568125
01-02-2025 09:58,23627.15,666600,924150,227.45,1117500,576150,227.45,1117500,576150
01-02-2025 09:58,23621.8,666450,922950,226.9,1118250,577050,226.9,1118250,577050
01-02-2025 09:59,23625,670950,924000,227,1121625,580800,227,1121625,580800
01-02-2025 09:59,23621.7,670575,924750,224,1126200,584700,224,1126200,584700
01-02-2025 09:59,23625.55,669975,924975,227.65,1122600,586875,227.65,1122600,586875
01-02-2025 09:59,23628.05,673200,922800,228.8,1130325,588075,228.8,1130325,588075
01-02-2025 09:59,23629.85,674100,923100,229.8,1134825,587775,229.8,1134825,587775
01-02-2025 09:59,23627.45,674700,922350,228.35,1133475,587550,228.35,1133475,587550
01-02-2025 10:00,23630.85,677100,926700,229.2,1132200,606750,229.2,1132200,606750
01-02-2025 10:00,23627.85,678375,923175,228,1138725,606975,228,1138725,606975
01-02-2025 10:00,23630.75,677550,922650,229.55,1144425,598650,229.55,1144425,598650
01-02-2025 10:00,23628,680550,930900,229.8,1147200,593250,229.8,1147200,593250
01-02-2025 10:00,23631.8,679200,932100,230,1145550,604350,230,1145550,604350
01-02-2025 10:00,23631,681675,930900,229.7,1152825,606600,229.7,1152825,606600
01-02-2025 10:01,23632,681750,931275,228.45,1150125,608100,228.45,1150125,608100
01-02-2025 10:01,23632.4,682425,929250,228.6,1152225,608100,228.6,1152225,608100
01-02-2025 10:01,23629,683250,933525,225.95,1158300,608700,225.95,1158300,608700
01-02-2025 10:01,23629.1,686400,933525,227,1162050,609300,227,1162050,609300
01-02-2025 10:01,23625,687900,936150,226.6,1169850,608400,226.6,1169850,608400
01-02-2025 10:01,23623.25,694500,936600,225.45,1166100,609750,225.45,1166100,609750
01-02-2025 10:02,23624.05,695925,936375,226.85,1169175,608925,226.85,1169175,608925
01-02-2025 10:02,23624.25,698925,938700,227.15,1172925,611775,227.15,1172925,611775
01-02-2025 10:02,23623.1,698400,936000,226.3,1176900,608175,226.3,1176900,608175
01-02-2025 10:02,23626.4,700650,935775,228.85,1181400,610275,228.85,1181400,610275
01-02-2025 10:02,23629.55,701625,937725,227.15,1184025,609075,227.15,1184025,609075
01-02-2025 10:02,23629.15,701325,935175,228.25,1182825,602550,228.25,1182825,602550
01-02-2025 10:03,23629.4,700425,938475,229.25,1184250,605700,229.25,1184250,605700
01-02-2025 10:03,23629.4,701775,935775,228.5,1184325,607200,228.5,1184325,607200
01-02-2025 10:03,23628.5,701775,935550,228,1184100,611250,228,1184100,611250
01-02-2025 10:03,23629.25,701775,937500,228.9,1182150,614475,228.9,1182150,614475
01-02-2025 10:03,23629.75,701550,937050,229.2,1185900,616575,229.2,1185900,616575
01-02-2025 10:03,23628.65,701625,940200,229.95,1188150,608775,229.95,1188150,608775
01-02-2025 10:04,23628.55,700725,939600,229,1190250,604425,229,1190250,604425
01-02-2025 10:04,23626.9,701625,938250,228.05,1190025,608925,228.05,1190025,608925
01-02-2025 10:04,23630,700725,941775,228.8,1180950,613275,228.8,1180950,613275
01-02-2025 10:04,23638.9,700500,936300,232,1192800,613275,232,1192800,613275
01-02-2025 10:04,23636.75,701775,939000,231.85,1192275,601950,231.85,1192275,601950
01-02-2025 10:04,23634.55,701250,940275,231.2,1194600,598200,231.2,1194600,598200
01-02-2025 10:05,23635.6,702300,935850,230.7,1193700,600525,230.7,1193700,600525
01-02-2025 10:05,23642.25,702075,937200,233.8,1196025,602025,233.8,1196025,602025
01-02-2025 10:05,23658,703425,934950,240.35,1202025,578700,240.35,1202025,578700
01-02-2025 10:05,23637.65,700650,931275,231.55,1204050,488250,231.55,1204050,488250
01-02-2025 10:05,23620.75,689250,932925,220,1176525,491325,220,1176525,491325
01-02-2025 10:05,23625,703275,932775,223.65,1128825,498525,223.65,1128825,498525
01-02-2025 10:06,23627.75,705675,939075,225.5,1146600,505125,225.5,1146600,505125
01-02-2025 10:06,23630,707175,935925,225.1,1164150,526425,225.1,1164150,526425
01-02-2025 10:06,23639.95,707475,936450,227.6,1172325,530625,227.6,1172325,530625
01-02-2025 10:06,23630.85,713175,939075,227.75,1180425,540675,227.75,1180425,540675
01-02-2025 10:06,23634.6,712650,937125,230.7,1181100,549825,230.7,1181100,549825
01-02-2025 10:06,23635.9,708750,938775,229.45,1178925,548850,229.45,1178925,548850
01-02-2025 10:07,23636.35,709275,940275,228,1181850,564675,228,1181850,564675
01-02-2025 10:07,23631.7,705450,940575,224.25,1185825,579750,224.25,1185825,579750
01-02-2025 10:07,23628.6,705075,941250,226.25,1184250,594525,226.25,1184250,594525
01-02-2025 10:07,23624.25,705075,944550,224.05,1189800,602700,224.05,1189800,602700
01-02-2025 10:07,23628.3,705975,942600,226.75,1191375,603150,226.75,1191375,603150
01-02-2025 10:07,23629.8,703200,933225,228.15,1197450,603750,228.15,1197450,603750
01-02-2025 10:08,23629,694800,930075,225.85,1197300,614550,225.85,1197300,614550
01-02-2025 10:08,23626.95,695850,929550,226.35,1202025,622125,226.35,1202025,622125
01-02-2025 10:08,23628.35,699525,936150,224.9,1204350,626625,224.9,1204350,626625
01-02-2025 10:08,23626.65,700575,939300,224.9,1199100,629400,224.9,1199100,629400
01-02-2025 10:08,23623.25,701775,938625,224.4,1205250,632775,224.4,1205250,632775
01-02-2025 10:08,23626.4,704175,939150,224.75,1203900,632400,224.75,1203900,632400
01-02-2025 10:09,23625.65,707175,946275,225.45,1201050,637200,225.45,1201050,637200
01-02-2025 10:09,23624.75,711000,947400,226.05,1205475,636675,226.05,1205475,636675
01-02-2025 10:09,23628.25,711000,947100,226,1206300,639300,226,1206300,639300
01-02-2025 10:09,23629.8,709725,947100,226.7,1210725,638250,226.7,1210725,638250
01-02-2025 10:09,23627.3,709725,948450,224.4,1212375,637650,224.4,1212375,637650
01-02-2025 10:09,23626.45,709950,946575,223.45,1206900,637050,223.45,1206900,637050
01-02-2025 10:10,23626.55,709800,948525,223.95,1208250,642525,223.95,1208250,642525
01-02-2025 10:10,23630,709350,948525,223.9,1206675,646725,223.9,1206675,646725
01-02-2025 10:10,23629.6,709125,947100,227.5,1216950,640725,227.5,1216950,640725
01-02-2025 10:10,23623.75,708150,947925,226.45,1219800,640500,226.45,1219800,640500
01-02-2025 10:10,23627.05,709275,949500,225.2,1222575,648825,225.2,1222575,648825
01-02-2025 10:10,23622,708675,948225,224.95,1227150,652350,224.95,1227150,652350
01-02-2025 10:11,23624.25,710250,946050,224.55,1224150,653700,224.55,1224150,653700
01-02-2025 10:11,23624.25,712800,944325,224.2,1225425,666075,224.2,1225425,666075
01-02-2025 10:11,23628.7,712800,943350,225.55,1219950,666225,225.55,1219950,666225
01-02-2025 10:11,23625.05,714750,945150,225.3,1223850,670200,225.3,1223850,670200
01-02-2025 10:11,23626.35,713250,945825,226,1246200,665475,226,1246200,665475
01-02-2025 10:11,23630.7,714000,945675,224.95,1247475,667875,224.95,1247475,667875
01-02-2025 10:12,23630.7,714000,945975,225.7,1247625,669675,225.7,1247625,669675
01-02-2025 10:12,23631,714525,944175,225.7,1251675,671400,225.7,1251675,671400
01-02-2025 10:12,23626.7,714825,945000,223.55,1252275,670350,223.55,1252275,670350
01-02-2025 10:12,23628.6,713325,944550,223.4,1246725,665250,223.4,1246725,665250
01-02-2025 10:12,23628.9,715125,944625,224.75,1249725,666375,224.75,1249725,666375
01-02-2025 10:12,23626.3,715800,945525,224.9,1250775,662400,224.9,1250775,662400
01-02-2025 10:13,23631.35,716325,944850,225.5,1255500,661350,225.5,1255500,661350
01-02-2025 10:13,23630,714225,945150,225.4,1257225,662250,225.4,1257225,662250
01-02-2025 10:13,23627.35,715350,946950,225.1,1259025,665250,225.1,1259025,665250
01-02-2025 10:13,23625.05,715425,947700,224,1257525,668925,224,1257525,668925
01-02-2025 10:13,23625,715725,946500,223.65,1264125,667725,223.65,1264125,667725
01-02-2025 10:13,23625,713775,947325,224,1257975,670350,224,1257975,670350
01-02-2025 10:14,23627.35,716625,948600,223.2,1260150,668775,223.2,1260150,668775
01-02-2025 10:14,23629,717300,945075,225.5,1210500,667575,225.5,1210500,667575
01-02-2025 10:14,23631,716325,947400,224.95,1216650,672375,224.95,1216650,672375
01-02-2025 10:14,23630.5,716850,947250,225.3,1222050,672900,225.3,1222050,672900
01-02-2025 10:14,23630.5,718200,948300,224.25,1224000,672825,224.25,1224000,672825
01-02-2025 10:14,23633,718425,947475,226.4,1225875,677850,226.4,1225875,677850
01-02-2025 10:15,23635,722250,949725,225.85,1227075,655275,225.85,1227075,655275
01-02-2025 10:15,23640.7,723900,950175,228.25,1229775,646350,228.25,1229775,646350
01-02-2025 10:15,23640.2,721950,951975,227.45,1232250,650250,227.45,1232250,650250
01-02-2025 10:15,23640.3,720825,950100,227.85,1238475,650400,227.85,1238475,650400
01-02-2025 10:15,23641,720450,949575,227.3,1238475,653175,227.3,1238475,653175
01-02-2025 10:15,23640,719700,949650,228.8,1240950,653700,228.8,1240950,653700
01-02-2025 10:16,23641.05,719175,957150,229.5,1243575,646275,229.5,1243575,646275
01-02-2025 10:16,23641.05,717675,955425,230.4,1244625,638250,230.4,1244625,638250
01-02-2025 10:16,23639.65,716100,955350,228.9,1239450,641700,228.9,1239450,641700
01-02-2025 10:16,23636.65,716400,952275,229,1242750,647925,229,1242750,647925
01-02-2025 10:16,23636.05,717450,951675,228.75,1244400,651825,228.75,1244400,651825
01-02-2025 10:16,23638,716625,951825,228.25,1252575,652725,228.25,1252575,652725
01-02-2025 10:17,23635.1,718800,952875,226.65,1249950,658275,226.65,1249950,658275
01-02-2025 10:17,23631.25,717675,952725,225,1297275,661800,225,1297275,661800
01-02-2025 10:17,23634,719025,952800,225.8,1302075,662025,225.8,1302075,662025
01-02-2025 10:17,23631.75,719850,952875,225.75,1307175,663900,225.75,1307175,663900
01-02-2025 10:17,23635.65,723975,953100,227,1309875,662625,227,1309875,662625
01-02-2025 10:17,23637.4,720525,952875,227,1308075,664050,227,1308075,664050
01-02-2025 10:18,23637,721275,953025,229,1313025,659925,229,1313025,659925
01-02-2025 10:18,23637,720600,953550,227,1315350,661350,227,1315350,661350
01-02-2025 10:18,23636.3,722175,954450,227.3,1315425,665550,227.3,1315425,665550
01-02-2025 10:18,23635.9,723300,955575,229.15,1319550,662850,229.15,1319550,662850
01-02-2025 10:18,23639.85,725475,957075,229.2,1317600,662925,229.2,1317600,662925
01-02-2025 10:18,23640,726300,957525,228.65,1315875,667275,228.65,1315875,667275
01-02-2025 10:19,23642,728250,957375,230.5,1317600,655800,230.5,1317600,655800
01-02-2025 10:19,23642.2,726675,957825,229.2,1318650,648000,229.2,1318650,648000
01-02-2025 10:19,23640.05,728100,957675,229.15,1315050,651600,229.15,1315050,651600
01-02-2025 10:19,23642.05,727875,957525,230.85,1320150,657375,230.85,1320150,657375
01-02-2025 10:19,23647.15,730575,954300,233.65,1325100,609225,233.65,1325100,609225
01-02-2025 10:19,23645.6,732000,955650,232.7,1325925,615000,232.7,1325925,615000
01-02-2025 10:20,23648.95,729900,954000,233.55,1327725,621150,233.55,1327725,621150
01-02-2025 10:20,23645.2,731325,956325,232.05,1328700,626625,232.05,1328700,626625
01-02-2025 10:20,23647.15,732300,955950,232.7,1335075,625875,232.7,1335075,625875
01-02-2025 10:20,23647.5,731775,956100,233.45,1338600,628575,233.45,1338600,628575
01-02-2025 10:20,23645,732975,957450,232.65,1339650,626925,232.65,1339650,626925
01-02-2025 10:20,23632.05,732300,958650,224,1335600,626250,224,1335600,626250
01-02-2025 10:21,23625.05,732975,960150,219.65,1267275,620100,219.65,1267275,620100
01-02-2025 10:21,23637.25,730875,960975,224.7,1265325,624150,224.7,1265325,624150
01-02-2025 10:21,23638,731100,1014375,226.4,1284300,630750,226.4,1284300,630750
01-02-2025 10:21,23638,730725,1031325,225,1283925,642750,225,1283925,642750
01-02-2025 10:21,23631.1,730125,1046625,224.45,1294125,646725,224.45,1294125,646725
01-02-2025 10:21,23630.45,733950,1072050,223,1293225,655800,223,1293225,655800
01-02-2025 10:22,23634.1,733050,1105050,224.25,1417725,658650,224.25,1417725,658650
01-02-2025 10:22,23638,732675,1123425,225.3,1445775,660525,225.3,1445775,660525
01-02-2025 10:22,23632.85,734025,1157850,224.5,1446900,666000,224.5,1446900,666000
01-02-2025 10:22,23634.25,735600,1161525,224.9,1451100,667800,224.9,1451100,667800
01-02-2025 10:22,23634.25,737025,1161150,225.05,1452225,668550,225.05,1452225,668550
01-02-2025 10:22,23634.25,739350,1161150,224.5,1453725,672600,224.5,1453725,672600
01-02-2025 10:23,23633,741150,1165575,223.25,1451925,674700,223.25,1451925,674700
01-02-2025 10:23,23634,742125,1163250,225.3,1447875,674175,225.3,1447875,674175
01-02-2025 10:23,0.1,0.1,0.1,224.75,1448550,672225,224.75,1448550,672225
01-02-2025 10:23,23637.95,743325,1162725,225.55,1452600,674250,225.55,1452600,674250
01-02-2025 10:23,23639.95,746325,1161825,227.5,1457550,672375,227.5,1457550,672375
01-02-2025 10:23,23639.95,744375,1162500,229.25,1464600,643875,229.25,1464600,643875
01-02-2025 10:24,23645.4,744000,1161525,231.3,1466475,640725,231.3,1466475,640725
01-02-2025 10:24,23644.1,748050,1161975,229.9,1466775,648225,229.9,1466775,648225
01-02-2025 10:24,23641.75,745125,1160775,228.95,1458525,651825,228.95,1458525,651825
01-02-2025 10:24,23641.75,744600,1160925,229.15,1465725,658500,229.15,1465725,658500
01-02-2025 10:24,23647,742575,1156500,229.95,1472325,660225,229.95,1472325,660225
01-02-2025 10:24,23646.55,742425,1156500,228.9,1472475,657825,228.9,1472475,657825
01-02-2025 10:25,23645,742500,1159725,229,1475625,657825,229,1475625,657825
01-02-2025 10:25,23643,744300,1158750,227.25,1472850,660750,227.25,1472850,660750
01-02-2025 10:25,23645,746175,1158075,228.05,1468875,662175,228.05,1468875,662175
01-02-2025 10:25,23641.1,743625,1158450,228.5,1475550,667275,228.5,1475550,667275
01-02-2025 10:25,23640.75,743775,1157925,228.9,1475925,665550,228.9,1475925,665550
01-02-2025 10:25,23642.55,741975,1158300,228.3,1477950,665250,228.3,1477950,665250
01-02-2025 10:26,23640,742200,1159725,227.35,1476450,666150,227.35,1476450,666150
01-02-2025 10:26,23642.1,744150,1161525,229.2,1471650,667575,229.2,1471650,667575
01-02-2025 10:26,0.1,0.1,0.1,228.45,1481250,665400,228.45,1481250,665400
01-02-2025 10:26,23640,742725,1161300,228.35,1491075,672825,228.35,1491075,672825
01-02-2025 10:26,23642,742800,1164375,227.65,1498350,674400,227.65,1498350,674400
01-02-2025 10:26,23640,747900,1166475,227.45,1499400,676050,227.45,1499400,676050
01-02-2025 10:27,23638.25,747525,1166100,226.75,1499100,677475,226.75,1499100,677475
01-02-2025 10:27,23640,747600,1164975,228.05,1503750,677250,228.05,1503750,677250
01-02-2025 10:27,23642.1,747600,1164825,227.3,1506675,670950,227.3,1506675,670950
01-02-2025 10:27,23640.25,748725,1164750,228.3,1509000,672225,228.3,1509000,672225
01-02-2025 10:27,23640.25,748725,1165125,228.1,1516050,674550,228.1,1516050,674550
01-02-2025 10:27,23644.75,745575,1158450,228.9,1517325,673125,228.9,1517325,673125
01-02-2025 10:28,23642,743850,1156575,228.75,1526475,667575,228.75,1526475,667575
01-02-2025 10:28,23644.75,743100,1158225,228.45,1529100,667575,228.45,1529100,667575
01-02-2025 10:28,23653.5,744975,1155525,231.95,1528575,663075,231.95,1528575,663075
01-02-2025 10:28,23647.5,744675,1152675,230.95,1528575,641175,230.95,1528575,641175
01-02-2025 10:28,23645.8,746100,1154625,230.5,1523475,644250,230.5,1523475,644250
01-02-2025 10:28,23649.95,747825,1154550,230.6,1522425,644700,230.6,1522425,644700
01-02-2025 10:29,23648.85,745950,1155450,230,1519200,649200,230,1519200,649200
01-02-2025 10:29,23648.9,746025,1156050,229.65,1514475,654675,229.65,1514475,654675
01-02-2025 10:29,23647.05,744675,1157850,228.45,1515525,654975,228.45,1515525,654975
01-02-2025 10:29,23643.6,744600,1155525,229.65,1520775,653400,229.65,1520775,653400
01-02-2025 10:29,23648.1,744750,1157025,229.95,1519950,652575,229.95,1519950,652575
01-02-2025 10:29,23645.95,745200,1156200,228.2,1518825,653850,228.2,1518825,653850
01-02-2025 10:30,23646.9,743175,1155150,229.95,1515300,653250,229.95,1515300,653250
01-02-2025 10:30,23644.9,743550,1155150,229.55,1517100,655575,229.55,1517100,655575
01-02-2025 10:30,23644.8,744525,1156425,228.1,1517175,659850,228.1,1517175,659850
01-02-2025 10:30,23643,745275,1155000,228.4,1517325,660750,228.4,1517325,660750
01-02-2025 10:30,23643,747375,1156950,227.25,1509450,661950,227.25,1509450,661950
01-02-2025 10:30,23642.4,746925,1156950,226.8,1505175,659700,226.8,1505175,659700
01-02-2025 10:31,23643,752550,1158900,226.8,1513350,660150,226.8,1513350,660150
01-02-2025 10:31,23641.3,750150,1159800,226.5,1516500,668250,226.5,1516500,668250
01-02-2025 10:31,23644.15,747300,1160175,227.05,1520025,672525,227.05,1520025,672525
01-02-2025 10:31,23641.95,748800,1160400,228.5,1523550,670575,228.5,1523550,670575
01-02-2025 10:31,23642,747900,1159500,228.75,1524375,667650,228.75,1524375,667650
01-02-2025 10:31,23643.95,749325,1159950,228.5,1526775,668700,228.5,1526775,668700
01-02-2025 10:32,23642,752325,1160325,228.25,1525125,670125,228.25,1525125,670125
01-02-2025 10:32,23645,750975,1159875,228.9,1528575,667575,228.9,1528575,667575
01-02-2025 10:32,23643.85,750525,1160025,228.95,1532325,666450,228.95,1532325,666450
01-02-2025 10:32,23644.55,751650,1160325,227.3,1532775,661500,227.3,1532775,661500
01-02-2025 10:32,23645,750675,1160475,228,1532775,661500,228,1532775,661500
01-02-2025 10:32,23641,753525,1160550,228.95,1524975,661050,228.95,1524975,661050
01-02-2025 10:33,23647,751950,1162875,229.05,1523775,657300,229.05,1523775,657300
01-02-2025 10:33,23647.4,754575,1161900,230,1525200,656025,230,1525200,656025
01-02-2025 10:33,23647.4,753675,1161975,231.35,1525725,652875,231.35,1525725,652875
01-02-2025 10:33,23648.1,757650,1164150,231,1527300,645825,231,1527300,645825
01-02-2025 10:33,23648.15,756075,1164225,230,1527750,646800,230,1527750,646800
01-02-2025 10:33,23644.95,756300,1164075,228.8,1526700,649650,228.8,1526700,649650
01-02-2025 10:34,23642.9,755550,1164300,228.25,1520700,650700,228.25,1520700,650700
01-02-2025 10:34,23647.7,756225,1165575,229.8,1524900,651600,229.8,1524900,651600
01-02-2025 10:34,23645.4,754875,1165875,229.1,1524000,651225,229.1,1524000,651225
01-02-2025 10:34,23645.4,755625,1164825,229.55,1525350,653100,229.55,1525350,653100
01-02-2025 10:34,23645.4,763275,1164075,229.55,1531350,654225,229.55,1531350,654225
01-02-2025 10:34,23645,762975,1164075,229.95,1530450,658575,229.95,1530450,658575
01-02-2025 10:35,23645.45,756375,1164750,229.6,1531575,657825,229.6,1531575,657825
01-02-2025 10:35,23642.35,756675,1165125,228.4,1532250,663900,228.4,1532250,663900
01-02-2025 10:35,23645,756825,1163625,228,1532775,662100,228,1532775,662100
01-02-2025 10:35,23646,760425,1164825,228.45,1534500,662850,228.45,1534500,662850
01-02-2025 10:35,23645,760350,1164825,229.15,1530525,660525,229.15,1530525,660525
01-02-2025 10:35,23646.45,758850,1164375,228.8,1534275,662700,228.8,1534275,662700
01-02-2025 10:36,23646.3,758550,1164525,228.4,1537500,664950,228.4,1537500,664950
01-02-2025 10:36,23642,759975,1166175,227.65,1543875,664200,227.65,1543875,664200
01-02-2025 10:36,23641.5,761025,1163925,228.1,1542825,665400,228.1,1542825,665400
01-02-2025 10:36,23644.3,761025,1166325,228.1,1544475,665550,228.1,1544475,665550
01-02-2025 10:36,23647.95,762750,1165425,229.05,1545825,666525,229.05,1545825,666525
01-02-2025 10:36,23648,765075,1164900,229.35,1550025,659250,229.35,1550025,659250
01-02-2025 10:37,23644,764475,1165275,228.95,1551900,660225,228.95,1551900,660225
01-02-2025 10:37,23644.85,764925,1165500,228.8,1551525,660975,228.8,1551525,660975
01-02-2025 10:37,23647.95,764475,1166175,228.75,1549650,663150,228.75,1549650,663150
01-02-2025 10:37,23645,764100,1165650,228.65,1550775,668025,228.65,1550775,668025
01-02-2025 10:37,23643,765825,1166025,228.85,1552650,671250,228.85,1552650,671250
01-02-2025 10:37,23641.2,764400,1167000,228,1557150,673275,228,1557150,673275
01-02-2025 10:38,23640.5,763200,1168575,227.3,1543950,675525,227.3,1543950,675525
01-02-2025 10:38,23645,762900,1169100,227.3,1544100,674850,227.3,1544100,674850
01-02-2025 10:38,23644.85,763350,1170075,227.55,1544475,678225,227.55,1544475,678225
01-02-2025 10:38,23640,765375,1169550,225.9,1544400,678225,225.9,1544400,678225
01-02-2025 10:38,23642.8,762975,1169775,226.2,1503825,676950,226.2,1503825,676950
01-02-2025 10:38,23641.25,762900,1170900,226,1504425,680325,226,1504425,680325
01-02-2025 10:39,23640,763200,1170750,226.8,1507950,683325,226.8,1507950,683325
01-02-2025 10:39,23640,763350,1168650,226.2,1509450,682500,226.2,1509450,682500
01-02-2025 10:39,23638,763275,1167525,226.55,1509975,683250,226.55,1509975,683250
01-02-2025 10:39,23636.85,766950,1167975,226.65,1509300,688575,226.65,1509300,688575
01-02-2025 10:39,23637.25,769125,1170675,226.5,1511400,686400,226.5,1511400,686400
01-02-2025 10:39,23637.2,767025,1169025,226.1,1509900,689325,226.1,1509900,689325
01-02-2025 10:40,23638.35,769125,1169400,227,1505775,688725,227,1505775,688725
01-02-2025 10:40,23638.35,772275,1169175,226.55,1507125,688425,226.55,1507125,688425
01-02-2025 10:40,23638.6,775350,1169175,226.55,1511250,688875,226.55,1511250,688875
01-02-2025 10:40,23643,780450,1168125,229.2,1518300,689325,229.2,1518300,689325
01-02-2025 10:40,23645,780225,1168875,229.5,1518075,669450,229.5,1518075,669450
01-02-2025 10:40,23648,779850,1170300,229.5,1507425,670950,229.5,1507425,670950
01-02-2025 10:41,23654.7,780150,1168725,234.45,1513200,661500,234.45,1513200,661500
01-02-2025 10:41,23660,785250,1167675,235,1511400,617925,235,1511400,617925
01-02-2025 10:41,23653.2,779925,1165650,234.85,1501950,602850,234.85,1501950,602850
01-02-2025 10:41,23657.3,781500,1165950,236.4,1504050,607275,236.4,1504050,607275
01-02-2025 10:41,23666.15,783825,1157775,244.2,1509225,603075,244.2,1509225,603075
01-02-2025 10:41,23664.7,782925,1160475,242.65,1499700,518175,242.65,1499700,518175
01-02-2025 10:42,23666.05,782400,1154700,242,1509675,524625,242,1509675,524625
01-02-2025 10:42,23670.8,762525,1148100,244.2,1516500,524100,244.2,1516500,524100
01-02-2025 10:42,23666.9,766350,1152375,244.2,1520475,528450,244.2,1520475,528450
01-02-2025 10:42,23666.1,767925,1153800,245.2,1522575,526875,245.2,1522575,526875
01-02-2025 10:42,23666.3,767700,1153725,244.5,1526175,526200,244.5,1526175,526200
01-02-2025 10:42,23666.1,780450,1159050,245.65,1523775,517125,245.65,1523775,517125
01-02-2025 10:43,23660,776250,1166850,242.3,1522875,517200,242.3,1522875,517200
01-02-2025 10:43,23660,776025,1164975,241.9,1509525,527550,241.9,1509525,527550
01-02-2025 10:43,23660.15,779025,1165500,242.2,1511325,529275,242.2,1511325,529275
01-02-2025 10:43,23651,775950,1169625,236.15,1511925,533700,236.15,1511925,533700
01-02-2025 10:43,23656,778125,1166025,235.45,1475625,531825,235.45,1475625,531825
01-02-2025 10:43,23650.2,780075,1167450,235.75,1489575,534600,235.75,1489575,534600
01-02-2025 10:44,23656.2,776400,1168875,235.75,1493325,541125,235.75,1493325,541125
01-02-2025 10:44,23652,777300,1170075,238.1,1509225,540150,238.1,1509225,540150
01-02-2025 10:44,23652.1,780450,1168050,236.15,1511400,540975,236.15,1511400,540975
01-02-2025 10:44,23656,778650,1170675,236.6,1510575,553950,236.6,1510575,553950
01-02-2025 10:44,23656,777750,1171650,236.6,1509975,551550,236.6,1509975,551550
01-02-2025 10:44,23655.25,780150,1176450,236.2,1517700,555525,236.2,1517700,555525
01-02-2025 10:45,23656,782250,1175100,237.2,1527900,556200,237.2,1527900,556200
01-02-2025 10:45,23655,782700,1177500,237.75,1533825,552825,237.75,1533825,552825
01-02-2025 10:45,23655.1,784575,1178325,239.65,1545150,549150,239.65,1545150,549150
01-02-2025 10:45,23654.15,783825,1178325,238.5,1552800,548250,238.5,1552800,548250
01-02-2025 10:45,23651.75,785400,1180350,238,1551675,559800,238,1551675,559800
01-02-2025 10:45,23650,789825,1180950,236.9,1555875,560175,236.9,1555875,560175
01-02-2025 10:46,23645.65,781050,1180200,234.1,1546650,562350,234.1,1546650,562350
01-02-2025 10:46,23650,780000,1181775,234.2,1537725,563625,234.2,1537725,563625
01-02-2025 10:46,23646,780975,1182225,234.35,1543275,566925,234.35,1543275,566925
01-02-2025 10:46,23653.3,786375,1181775,236.55,1544700,568800,236.55,1544700,568800
01-02-2025 10:46,23652.7,785700,1182375,235.45,1551000,569775,235.45,1551000,569775
01-02-2025 10:46,23647.3,783450,1182150,236,1558275,577200,236,1558275,577200
01-02-2025 10:47,23650,783300,1183650,236.1,1558200,577350,236.1,1558200,577350
01-02-2025 10:47,23647,785550,1182525,235.9,1566300,565725,235.9,1566300,565725
01-02-2025 10:47,23650,788625,1181475,236.2,1566300,578475,236.2,1566300,578475
01-02-2025 10:47,23660,785475,1181400,237.8,1575225,572250,237.8,1575225,572250
01-02-2025 10:47,23660,784725,1177875,240.65,1581750,579225,240.65,1581750,579225
01-02-2025 10:47,23662.2,788250,1182000,239.2,1579800,569625,239.2,1579800,569625
01-02-2025 10:48,23657,790575,1182075,238.85,1578075,580875,238.85,1578075,580875
01-02-2025 10:48,23655.2,792000,1183500,237.6,1583625,584550,237.6,1583625,584550
01-02-2025 10:48,23651.55,789675,1185450,237.15,1587300,588075,237.15,1587300,588075
01-02-2025 10:48,23659.95,794625,1186725,238.3,1597125,591675,238.3,1597125,591675
01-02-2025 10:48,23660,791550,1189125,238.4,1601400,592800,238.4,1601400,592800
01-02-2025 10:48,23660.75,793350,1190775,238.55,1604925,594075,238.55,1604925,594075
01-02-2025 10:49,23655,794850,1190475,239.1,1605000,598950,239.1,1605000,598950
01-02-2025 10:49,23662,798675,1192650,239.75,1608825,592950,239.75,1608825,592950
01-02-2025 10:49,23660.5,797775,1193100,239,1608150,598950,239,1608150,598950
01-02-2025 10:49,23660.65,798900,1195275,239.55,1606650,599250,239.55,1606650,599250
01-02-2025 10:49,23655.3,803700,1200825,238.55,1607625,607800,238.55,1607625,607800
01-02-2025 10:49,23661,809475,1206600,238.8,1608675,612600,238.8,1608675,612600
01-02-2025 10:50,23661,813750,1208250,239.15,1611375,614700,239.15,1611375,614700
01-02-2025 10:50,23661,809250,1209750,240.2,1611450,613650,240.2,1611450,613650
01-02-2025 10:50,23660.95,804675,1210650,239.5,1608825,602700,239.5,1608825,602700
01-02-2025 10:50,23662.05,807750,1209525,240.05,1612500,604650,240.05,1612500,604650
01-02-2025 10:50,23665,809250,1210875,240.65,1613025,604050,240.65,1613025,604050
01-02-2025 10:50,23656.7,810600,1213200,238.7,1607400,605550,238.7,1607400,605550
01-02-2025 10:51,23660,803775,1213050,239.7,1600875,611025,239.7,1600875,611025
01-02-2025 10:51,23655.3,802350,1213125,239,1603575,615600,239,1603575,615600
01-02-2025 10:51,23657.05,806175,1212000,239.85,1605225,618000,239.85,1605225,618000
01-02-2025 10:51,23656.5,807675,1210350,239.3,1604400,619050,239.3,1604400,619050
01-02-2025 10:51,23660,808275,1209450,239.3,1599225,621600,239.3,1599225,621600
01-02-2025 10:51,23663,806850,1209300,240.15,1601550,624300,240.15,1601550,624300
01-02-2025 10:52,23665,810150,1209300,240.75,1601850,620400,240.75,1601850,620400
01-02-2025 10:52,23664.85,793725,1197150,241.2,1600425,611400,241.2,1600425,611400
01-02-2025 10:52,23664.9,791850,1195800,240.65,1597575,611325,240.65,1597575,611325
01-02-2025 10:52,23660,797475,1199925,240.15,1602375,615825,240.15,1602375,615825
01-02-2025 10:52,23665,799950,1202175,240,1593750,615225,240,1593750,615225
01-02-2025 10:52,23663,800400,1202250,240.3,1593000,618525,240.3,1593000,618525
01-02-2025 10:53,23664.95,800700,1202250,239.7,1591425,621150,239.7,1591425,621150
01-02-2025 10:53,23662,799950,1202850,239.05,1589925,624600,239.05,1589925,624600
01-02-2025 10:53,23665,805800,1202550,239.2,1586025,626250,239.2,1586025,626250
01-02-2025 10:53,23665,804450,1205550,237.45,1576950,626475,237.45,1576950,626475
01-02-2025 10:53,23668.75,807600,1211325,238.85,1577475,623100,238.85,1577475,623100
01-02-2025 10:53,23661.05,806325,1212150,238.25,1581450,628200,238.25,1581450,628200
01-02-2025 10:54,23666,807225,1210350,239,1585125,628875,239,1585125,628875
01-02-2025 10:54,23666.85,804375,1209450,239.95,1589625,620925,239.95,1589625,620925
01-02-2025 10:54,23660,803250,1218900,239.4,1588950,625050,239.4,1588950,625050
01-02-2025 10:54,23660,804825,1225200,239.5,1590375,625950,239.5,1590375,625950
01-02-2025 10:54,23667.45,806025,1226550,239.9,1597575,626100,239.9,1597575,626100
01-02-2025 10:54,23667.45,808050,1226175,241.2,1597200,624450,241.2,1597200,624450
01-02-2025 10:55,23668.15,805350,1225050,242,1598250,595200,242,1598250,595200
01-02-2025 10:55,23665,807225,1225875,240.65,1600275,601275,240.65,1600275,601275
01-02-2025 10:55,23662.75,807450,1226550,240,1599450,602850,240,1599450,602850
01-02-2025 10:55,23665,805125,1226700,240.65,1601775,604725,240.65,1601775,604725
01-02-2025 10:55,23663.25,807150,1228050,240.9,1605900,611250,240.9,1605900,611250
01-02-2025 10:55,23663.1,807225,1228500,240.35,1611225,605925,240.35,1611225,605925
01-02-2025 10:56,23665,813075,1227900,240.5,1607550,596550,240.5,1607550,596550
01-02-2025 10:56,23665,812700,1227225,240.9,1609125,599250,240.9,1609125,599250
01-02-2025 10:56,23668.8,813375,1226850,240.5,1611075,600375,240.5,1611075,600375
01-02-2025 10:56,23668,812400,1237350,240.25,1612575,602250,240.25,1612575,602250
01-02-2025 10:56,23668,812775,1237425,240.65,1615725,602550,240.65,1615725,602550
01-02-2025 10:56,23666.05,813750,1238025,240.25,1611525,603300,240.25,1611525,603300
01-02-2025 10:57,23685,816900,1238325,250.6,1614675,599250,250.6,1614675,599250
01-02-2025 10:57,23682.3,811125,1226775,248.55,1611075,496425,248.55,1611075,496425
01-02-2025 10:57,23689,812625,1225800,250.55,1613475,491775,250.55,1613475,491775
01-02-2025 10:57,23684.65,815550,1220250,257.8,1607775,491550,257.8,1607775,491550
01-02-2025 10:57,23680.95,812100,1229850,249.95,1608825,472200,249.95,1608825,472200
01-02-2025 10:57,23678,813000,1230300,251.15,1598925,475350,251.15,1598925,475350
01-02-2025 10:58,23677.65,807900,1230975,248.95,1604925,483000,248.95,1604925,483000
01-02-2025 10:58,23676.15,809625,1229100,246,1603050,491925,246,1603050,491925
01-02-2025 10:58,23673,811425,1229325,246.7,1586925,494850,246.7,1586925,494850
01-02-2025 10:58,23672,810375,1229550,246.45,1601325,501525,246.45,1601325,501525
01-02-2025 10:58,23668,807150,1226925,244.25,1602300,508950,244.25,1602300,508950
01-02-2025 10:58,23683.95,806175,1223850,255.6,1600950,506850,255.6,1600950,506850
01-02-2025 10:59,23681.55,808500,1222500,254.65,1604550,466200,254.65,1604550,466200
01-02-2025 10:59,23677.35,811350,1224000,253,1589400,429450,253,1589400,429450
01-02-2025 10:59,23680.05,810000,1220325,252.15,1609275,445500,252.15,1609275,445500
01-02-2025 10:59,23680,811275,1224075,252.4,1613025,456225,252.4,1613025,456225
01-02-2025 10:59,23678,814350,1229775,252.1,1631925,464550,252.1,1631925,464550
01-02-2025 10:59,23681.95,810750,1235325,253.2,1636050,474225,253.2,1636050,474225
01-02-2025 11:00,23680,815325,1238775,250.85,1645500,484275,250.85,1645500,484275
01-02-2025 11:00,23676.6,814875,1237125,252.65,1634100,483900,252.65,1634100,483900
01-02-2025 11:00,23680,820050,1239075,254.45,1646775,480075,254.45,1646775,480075
01-02-2025 11:00,23679.95,813375,1238475,252.8,1651050,481725,252.8,1651050,481725
01-02-2025 11:00,23678.45,811950,1253925,253.8,1653375,483750,253.8,1653375,483750
01-02-2025 11:00,23672,815475,1244775,251.45,1650075,486825,251.45,1650075,486825
01-02-2025 11:01,23676,815400,1237200,250.5,1648725,491325,250.5,1648725,491325
01-02-2025 11:01,23675.95,815400,1236750,248,1625100,504075,248,1625100,504075
01-02-2025 11:01,23668.25,813525,1237800,246.6,1607625,510900,246.6,1607625,510900
01-02-2025 11:01,23667.1,810975,1238775,243.75,1604925,513600,243.75,1604925,513600
01-02-2025 11:01,23669.5,812850,1242225,246,1596450,516450,246,1596450,516450
01-02-2025 11:01,23667.95,815475,1244400,245.15,1599075,522000,245.15,1599075,522000
01-02-2025 11:02,23662.1,818700,1244775,246,1597200,520575,246,1597200,520575
01-02-2025 11:02,23661,816225,1246050,244.35,1602825,526200,244.35,1602825,526200
01-02-2025 11:02,23663.95,811875,1244550,245.7,1594500,529425,245.7,1594500,529425
01-02-2025 11:02,23650,812025,1253625,235.65,1590075,535500,235.65,1590075,535500
01-02-2025 11:02,23624.15,799800,1245300,224.3,1517850,551025,224.3,1517850,551025
01-02-2025 11:02,23626.6,786825,1230975,229,1453725,541275,229,1453725,541275
01-02-2025 11:03,23642.85,795075,1230000,232.3,1479375,541725,232.3,1479375,541725
01-02-2025 11:03,23652.4,793650,1227000,237.35,1504575,548775,237.35,1504575,548775
01-02-2025 11:03,23650.15,803400,1238925,236.9,1498500,561225,236.9,1498500,561225
01-02-2025 11:03,23654.95,801525,1238775,238,1504350,558900,238,1504350,558900
01-02-2025 11:03,23651.2,804300,1241250,238.6,1520700,572475,238.6,1520700,572475
01-02-2025 11:03,23653.05,805800,1243800,238.1,1521750,569325,238.1,1521750,569325
01-02-2025 11:04,23647.05,807000,1245075,236.8,1535925,572400,236.8,1535925,572400
01-02-2025 11:04,23650,810000,1247625,236,1526625,582375,236,1526625,582375
01-02-2025 11:04,23656.85,810675,1246275,237.85,1529100,585900,237.85,1529100,585900
01-02-2025 11:04,23654.95,818850,1245075,238.4,1531800,592425,238.4,1531800,592425
01-02-2025 11:04,23662.25,822450,1250775,239.2,1536975,590175,239.2,1536975,590175
01-02-2025 11:04,23655,824100,1250850,238,1534875,582150,238,1534875,582150
01-02-2025 11:05,23658,854625,1246950,239,1533750,594675,239,1533750,594675
01-02-2025 11:05,23654,851400,1251450,238.6,1534725,599700,238.6,1534725,599700
01-02-2025 11:05,23657.65,823125,1252425,238.5,1543575,605850,238.5,1543575,605850
01-02-2025 11:05,23644.15,820875,1253100,234.45,1545975,613725,234.45,1545975,613725
01-02-2025 11:05,23645.95,828075,1253175,237.2,1543575,625425,237.2,1543575,625425
01-02-2025 11:05,23653.7,824550,1254075,236.65,1535250,630225,236.65,1535250,630225
01-02-2025 11:06,23650,827550,1253850,236.5,1535475,632175,236.5,1535475,632175
01-02-2025 11:06,23655,825750,1252050,237.45,1542000,633375,237.45,1542000,633375
01-02-2025 11:06,23656,824175,1256475,238,1551900,635475,238,1551900,635475
01-02-2025 11:06,23650,822150,1257150,236.9,1563750,640275,236.9,1563750,640275
01-02-2025 11:06,23650,819750,1257975,236.1,1571775,640950,236.1,1571775,640950
01-02-2025 11:06,23650,821550,1258500,236.75,1556475,645750,236.75,1556475,645750
01-02-2025 11:07,23645,822750,1261050,237.35,1562475,642900,237.35,1562475,642900
01-02-2025 11:07,23644.2,819675,1258950,234.15,1560975,645450,234.15,1560975,645450
01-02-2025 11:07,23642,821550,1262475,234.6,1539675,645150,234.6,1539675,645150
01-02-2025 11:07,23643.05,826125,1263600,232.2,1540650,646125,232.2,1540650,646125
01-02-2025 11:07,23641.05,823575,1265175,233.2,1541475,646650,233.2,1541475,646650
01-02-2025 11:07,23643.85,823950,1266300,231.25,1549725,645150,231.25,1549725,645150
01-02-2025 11:08,23641,823875,1266150,233.15,1550025,643500,233.15,1550025,643500
01-02-2025 11:08,23643.95,825825,1268400,232.7,1552800,648975,232.7,1552800,648975
01-02-2025 11:08,23635,824625,1267875,231.35,1558275,645450,231.35,1558275,645450
01-02-2025 11:08,23640.1,823350,1268250,230.65,1545375,649125,230.65,1545375,649125
01-02-2025 11:08,23639.4,827775,1266675,229.65,1549350,649500,229.65,1549350,649500
01-02-2025 11:08,23650,833775,1266225,236.55,1550250,649800,236.55,1550250,649800
01-02-2025 11:09,23646.7,837300,1264050,236.85,1558350,619425,236.85,1558350,619425
01-02-2025 11:09,23650,837750,1264950,236.5,1561275,630825,236.5,1561275,630825
01-02-2025 11:09,23643.45,838200,1266525,237.25,1566975,630525,237.25,1566975,630525
01-02-2025 11:09,23642.5,839325,1267950,235.6,1580025,637650,235.6,1580025,637650
01-02-2025 11:09,23649.8,842625,1265850,237.25,1600050,640725,237.25,1600050,640725
01-02-2025 11:09,23645.55,840750,1264200,236,1607775,643725,236,1607775,643725
01-02-2025 11:10,23650,846300,1263375,238.35,1626300,636900,238.35,1626300,636900
01-02-2025 11:10,23652.65,847500,1264875,238.05,1608675,633825,238.05,1608675,633825
01-02-2025 11:10,23653.75,848775,1267875,239.15,1614975,637575,239.15,1614975,637575
01-02-2025 11:10,23657.6,846975,1268475,240.25,1611525,636000,240.25,1611525,636000
01-02-2025 11:10,23655.2,847650,1269600,238.4,1619250,623550,238.4,1619250,623550
01-02-2025 11:10,23646.05,851925,1273200,237.1,1603725,628500,237.1,1603725,628500
01-02-2025 11:11,23642.8,854475,1269375,235.5,1602525,635700,235.5,1602525,635700
01-02-2025 11:11,23648,861675,1266300,234.6,1582050,640725,234.6,1582050,640725
01-02-2025 11:11,23647.85,865800,1272900,236.15,1599150,648225,236.15,1599150,648225
01-02-2025 11:11,23651,860475,1270275,235.45,1610400,656625,235.45,1610400,656625
01-02-2025 11:11,23654.45,861150,1272450,236.7,1629750,658275,236.7,1629750,658275
01-02-2025 11:11,23655,863175,1272825,237,1622700,663225,237,1622700,663225
01-02-2025 11:12,23657.65,864225,1274925,236,1624425,665850,236,1624425,665850
01-02-2025 11:12,23662,866550,1275825,237.4,1633650,671400,237.4,1633650,671400
01-02-2025 11:12,23662.75,870000,1274175,239.3,1634850,661575,239.3,1634850,661575
01-02-2025 11:12,23664.5,865275,1275825,240.55,1639575,636825,240.55,1639575,636825
01-02-2025 11:12,23668.25,856350,1265175,245.35,1645500,627825,245.35,1645500,627825
01-02-2025 11:12,23670.1,854625,1268775,241.7,1649400,614325,241.7,1649400,614325
01-02-2025 11:13,23671.75,857400,1274775,244,1652775,619725,244,1652775,619725
01-02-2025 11:13,23665.7,854325,1269825,244.05,1662225,611025,244.05,1662225,611025
01-02-2025 11:13,23663,854175,1270275,242.55,1652700,630675,242.55,1652700,630675
01-02-2025 11:13,23663,857925,1270725,243.65,1654275,640275,243.65,1654275,640275
01-02-2025 11:13,23662.45,858225,1269600,245.75,1662975,644325,245.75,1662975,644325
01-02-2025 11:13,23673,852525,1268475,246.75,1673475,635025,246.75,1673475,635025
01-02-2025 11:14,23670,852600,1269225,245.7,1671225,636225,245.7,1671225,636225
01-02-2025 11:14,23668,852825,1271175,244.35,1666650,639975,244.35,1666650,639975
01-02-2025 11:14,23672,854625,1273500,246,1661400,644400,246,1661400,644400
01-02-2025 11:14,23679,860925,1266600,252.15,1670625,644550,252.15,1670625,644550
01-02-2025 11:14,23678.5,854550,1267425,248.8,1674525,592950,248.8,1674525,592950
01-02-2025 11:14,23671.35,855600,1269450,248.7,1670625,603600,248.7,1670625,603600
01-02-2025 11:15,23680.05,858675,1268700,248.45,1671525,610350,248.45,1671525,610350
01-02-2025 11:15,23681.5,858150,1271175,249.95,1680975,608400,249.95,1680975,608400
01-02-2025 11:15,23675.4,860550,1273350,249.45,1679025,613200,249.45,1679025,613200
01-02-2025 11:15,23674.4,864450,1280700,249.4,1683300,620100,249.4,1683300,620100
01-02-2025 11:15,23672.05,863625,1296825,249.85,1682850,632175,249.85,1682850,632175
01-02-2025 11:15,23677,857100,1297650,243.45,1680150,641175,243.45,1680150,641175
01-02-2025 11:16,23668,860475,1299675,244.95,1641975,651975,244.95,1641975,651975
01-02-2025 11:16,23674.8,865200,1300500,246.55,1653750,650775,246.55,1653750,650775
01-02-2025 11:16,23674.95,861525,1300125,246.5,1660875,660450,246.5,1660875,660450
01-02-2025 11:16,23663.65,857100,1300125,241.2,1655625,665925,241.2,1655625,665925
01-02-2025 11:16,23666.2,855225,1299375,242.25,1619850,672600,242.25,1619850,672600
01-02-2025 11:16,23666,867600,1301250,243.2,1633575,668250,243.2,1633575,668250
01-02-2025 11:17,23668.9,856050,1302825,243.15,1638675,678225,243.15,1638675,678225
01-02-2025 11:17,23667,860325,1301325,244.65,1656375,683850,244.65,1656375,683850
01-02-2025 11:17,23668.3,862275,1298100,246.6,1657275,674325,246.6,1657275,674325
01-02-2025 11:17,23667.1,861150,1303875,247.55,1654125,666000,247.55,1654125,666000
01-02-2025 11:17,23671,862125,1304325,247,1655475,674850,247,1655475,674850
01-02-2025 11:17,23671,863400,1306500,247.45,1657050,674400,247.45,1657050,674400
01-02-2025 11:18,23668.25,863100,1310925,247,1660875,679875,247,1660875,679875
01-02-2025 11:18,23674.9,867000,1307850,248.25,1669200,682950,248.25,1669200,682950
01-02-2025 11:18,23670.95,867600,1307400,248,1672800,674100,248,1672800,674100
01-02-2025 11:18,23674.95,871800,1306950,248.2,1675200,677400,248.2,1675200,677400
01-02-2025 11:18,23690,872550,1307025,260.55,1683825,674400,260.55,1683825,674400
01-02-2025 11:18,23695,865650,1299300,258.9,1680150,531225,258.9,1680150,531225
01-02-2025 11:19,23685,864375,1302000,257.75,1684650,539700,257.75,1684650,539700
01-02-2025 11:19,23685.25,867450,1304700,256.95,1678650,545400,256.95,1678650,545400
01-02-2025 11:19,23692.65,866775,1304100,256.4,1677525,553350,256.4,1677525,553350
01-02-2025 11:19,23688.5,868200,1306350,253.15,1677375,561075,253.15,1677375,561075
01-02-2025 11:19,23685,867750,1308675,253.6,1664625,566925,253.6,1664625,566925
01-02-2025 11:19,23687.95,867825,1308300,253.7,1669125,568350,253.7,1669125,568350
01-02-2025 11:20,23687,859725,1300425,250.95,1674900,578775,250.95,1674900,578775
01-02-2025 11:20,23686.95,864150,1311225,253.6,1649025,576900,253.6,1649025,576900
01-02-2025 11:20,23687,861675,1312425,253.9,1668375,577575,253.9,1668375,577575
01-02-2025 11:20,23686.55,866025,1312950,255,1676700,582525,255,1676700,582525
01-02-2025 11:20,23688.85,865125,1313400,256.75,1684200,586425,256.75,1684200,586425
01-02-2025 11:20,23694.45,866250,1306350,258.65,1686075,588000,258.65,1686075,588000
01-02-2025 11:21,23694.05,861600,1313625,258.15,1683900,581250,258.15,1683900,581250
01-02-2025 11:21,23692.4,862575,1314750,259.8,1688100,580800,259.8,1688100,580800
01-02-2025 11:21,23695,860625,1311975,259.9,1682400,556950,259.9,1682400,556950
01-02-2025 11:21,23694.95,864075,1312575,259,1681875,569325,259,1681875,569325
01-02-2025 11:21,23687,863475,1315350,257.8,1683900,578550,257.8,1683900,578550
01-02-2025 11:21,23690,860775,1315500,256.45,1679925,585825,256.45,1679925,585825
01-02-2025 11:22,23691,862125,1317225,256.3,1684575,592500,256.3,1684575,592500
01-02-2025 11:22,23685.6,861975,1314375,255.55,1689975,602775,255.55,1689975,602775
01-02-2025 11:22,23689.75,859275,1314525,255,1682400,605325,255,1682400,605325
01-02-2025 11:22,23683,859575,1316775,254.2,1690200,611925,254.2,1690200,611925
01-02-2025 11:22,23685,857400,1319925,252.25,1677300,618375,252.25,1677300,618375
01-02-2025 11:22,23679.75,854925,1318200,251.25,1661925,613950,251.25,1661925,613950
01-02-2025 11:23,23680,850275,1324425,249.9,1656150,614550,249.9,1656150,614550
01-02-2025 11:23,23681,855975,1330125,251.7,1644075,614775,251.7,1644075,614775
01-02-2025 11:23,23688,854550,1331775,252.7,1667550,615225,252.7,1667550,615225
01-02-2025 11:23,23689.45,856275,1331325,254.2,1667850,629250,254.2,1667850,629250
01-02-2025 11:23,23691.05,855600,1333500,254.05,1674525,631950,254.05,1674525,631950
01-02-2025 11:23,23691,853875,1332525,255.65,1680600,623775,255.65,1680600,623775
01-02-2025 11:24,23687.9,851475,1331400,256.45,1684575,625725,256.45,1684575,625725
01-02-2025 11:24,23685.25,851100,1332150,256.15,1686600,629250,256.15,1686600,629250
01-02-2025 11:24,23684.4,849825,1331475,255.75,1686750,633225,255.75,1686750,633225
01-02-2025 11:24,23687.95,849900,1334250,253.8,1686675,645000,253.8,1686675,645000
01-02-2025 11:24,23686.15,851250,1333125,255.4,1689450,650925,255.4,1689450,650925
01-02-2025 11:24,23683.9,851175,1331175,255.15,1691850,652650,255.15,1691850,652650
01-02-2025 11:25,23683.05,850575,1336125,253.35,1693800,657075,253.35,1693800,657075
01-02-2025 11:25,23685,851625,1334175,252.8,1694550,666600,252.8,1694550,666600
01-02-2025 11:25,23688.8,854250,1334700,254.75,1698075,669750,254.75,1698075,669750
01-02-2025 11:25,23688.8,849750,1335825,254.55,1704300,661500,254.55,1704300,661500
01-02-2025 11:25,23685,848475,1335450,254.45,1707525,662625,254.45,1707525,662625
01-02-2025 11:25,23685.75,850650,1334100,254,1704825,665775,254,1704825,665775
01-02-2025 11:26,23685.25,852750,1336425,254,1705875,665850,254,1705875,665850
01-02-2025 11:26,23682.6,850575,1336350,253,1703625,660300,253,1703625,660300
01-02-2025 11:26,23683.35,847875,1339425,253.25,1693575,664725,253.25,1693575,664725
01-02-2025 11:26,23682,846825,1339650,251,1695675,669075,251,1695675,669075
01-02-2025 11:26,23681,847500,1341675,250,1693725,671925,250,1693725,671925
01-02-2025 11:26,23682.25,847650,1341975,251.6,1657125,674025,251.6,1657125,674025
01-02-2025 11:27,23687.15,850425,1338150,252,1664250,678750,252,1664250,678750
01-02-2025 11:27,23679.1,849750,1340250,249.1,1669350,687150,249.1,1669350,687150
01-02-2025 11:27,23677.9,849375,1343700,248.6,1647600,692175,248.6,1647600,692175
01-02-2025 11:27,23679.25,850050,1322175,249.25,1612200,696600,249.25,1612200,696600
01-02-2025 11:27,23678.65,848475,1342425,247.8,1617375,699000,247.8,1617375,699000
01-02-2025 11:27,23669.3,850050,1342575,247.6,1624950,702300,247.6,1624950,702300
01-02-2025 11:28,23675,848775,1342125,244.8,1623450,698475,244.8,1623450,698475
01-02-2025 11:28,23676.05,850275,1340700,247.55,1597050,702450,247.55,1597050,702450
01-02-2025 11:28,23675.05,852375,1340625,246.3,1604325,704925,246.3,1604325,704925
01-02-2025 11:28,23679.5,858150,1336950,249.45,1608225,711825,249.45,1608225,711825
01-02-2025 11:28,23675.95,856650,1337700,248.25,1614000,713025,248.25,1614000,713025
01-02-2025 11:28,23681,860250,1339875,247.55,1617975,719775,247.55,1617975,719775
01-02-2025 11:29,23684,864750,1340025,248.4,1625325,717525,248.4,1625325,717525
01-02-2025 11:29,23698.9,863925,1338450,252.45,1629600,707250,252.45,1629600,707250
01-02-2025 11:29,23697.1,858900,1335900,250.35,1622175,690450,250.35,1622175,690450
01-02-2025 11:29,23694,863850,1337025,250.9,1627875,693900,250.9,1627875,693900
01-02-2025 11:29,23690,863625,1337775,252.9,1629825,696375,252.9,1629825,696375
01-02-2025 11:29,23687.7,860925,1337250,250.75,1637250,703275,250.75,1637250,703275
01-02-2025 11:30,23684.85,860625,1339125,249.9,1632600,716700,249.9,1632600,716700
01-02-2025 11:30,23691.95,863250,1341525,248,1636200,724050,248,1636200,724050
01-02-2025 11:30,23683.2,860625,1342425,248.2,1633350,725100,248.2,1633350,725100
01-02-2025 11:30,23688.2,860175,1344150,247.65,1639275,730350,247.65,1639275,730350
01-02-2025 11:30,23683.25,857700,1342950,246.35,1632375,742950,246.35,1632375,742950
01-02-2025 11:30,23683.2,857925,1339575,248.5,1643175,732000,248.5,1643175,732000
01-02-2025 11:31,23680.15,860700,1343025,246.4,1645650,731850,246.4,1645650,731850
01-02-2025 11:31,23681.15,858900,1342800,246.8,1649850,739050,246.8,1649850,739050
01-02-2025 11:31,23683,860325,1344525,247.85,1651050,737775,247.85,1651050,737775
01-02-2025 11:31,23690,863475,1339800,251.3,1656450,732375,251.3,1656450,732375
01-02-2025 11:31,23698,862425,1334025,254.5,1661175,715725,254.5,1661175,715725
01-02-2025 11:31,23690.25,866775,1337475,253.4,1669425,673350,253.4,1669425,673350
01-02-2025 11:32,23697.5,868725,1336050,250.95,1665675,686850,250.95,1665675,686850
01-02-2025 11:32,23699,869550,1338150,255.65,1663050,695625,255.65,1663050,695625
01-02-2025 11:32,23695.35,866700,1334775,252,1672950,689775,252,1672950,689775
01-02-2025 11:32,23694.15,869700,1333575,250.55,1673025,698400,250.55,1673025,698400
01-02-2025 11:32,23695.2,868500,1336650,251.3,1659600,705000,251.3,1659600,705000
01-02-2025 11:32,23695,864375,1337100,250.55,1655625,716550,250.55,1655625,716550
01-02-2025 11:33,23697,870525,1336350,251.45,1663575,720450,251.45,1663575,720450
01-02-2025 11:33,23708.2,869925,1335600,253.3,1671525,720375,253.3,1671525,720375
01-02-2025 11:33,23707,866100,1311225,253.45,1671975,719250,253.45,1671975,719250
01-02-2025 11:33,23701.55,865050,1315950,253.35,1680000,723375,253.35,1680000,723375
01-02-2025 11:33,23705,865800,1314150,254.25,1686975,722550,254.25,1686975,722550
01-02-2025 11:33,23706.15,873525,1311600,255.75,1686300,729225,255.75,1686300,729225
01-02-2025 11:34,23709,869475,1310625,255.5,1689150,702750,255.5,1689150,702750
01-02-2025 11:34,23710,869250,1310700,255.65,1693950,703575,255.65,1693950,703575
01-02-2025 11:34,23706,872550,1309425,254.3,1694400,708750,254.3,1694400,708750
01-02-2025 11:34,23710,876900,1307850,253.55,1677825,715200,253.55,1677825,715200
01-02-2025 11:34,23714,876750,1310325,251.8,1681575,720900,251.8,1681575,720900
01-02-2025 11:34,23714,876225,1312425,254.65,1664925,719025,254.65,1664925,719025
01-02-2025 11:35,23715.15,875400,1316850,254.95,1667625,700050,254.95,1667625,700050
01-02-2025 11:35,23714.7,875625,1313025,256.3,1681125,727650,256.3,1681125,727650
01-02-2025 11:35,23710,877050,1314150,254.7,1683750,682425,254.7,1683750,682425
01-02-2025 11:35,23706.9,875700,1311900,259.4,1681200,678825,259.4,1681200,678825
01-02-2025 11:35,23711.45,871200,1315350,256.15,1676100,615675,256.15,1676100,615675
01-02-2025 11:35,23709,873525,1315650,253.65,1676475,626925,253.65,1676475,626925
01-02-2025 11:36,23701.05,870525,1317150,255.75,1663800,637050,255.75,1663800,637050
01-02-2025 11:36,23703.45,874725,1316775,253.65,1667325,647250,253.65,1667325,647250
01-02-2025 11:36,23705,873750,1316925,254.4,1676025,649425,254.4,1676025,649425
01-02-2025 11:36,23707.9,877800,1314750,256.3,1671975,652425,256.3,1671975,652425
01-02-2025 11:36,23707.5,874050,1314600,254.7,1676325,653700,254.7,1676325,653700
01-02-2025 11:36,23710,873450,1315650,255.45,1680075,656175,255.45,1680075,656175
01-02-2025 11:37,23711,875775,1317150,254.8,1690425,655275,254.8,1690425,655275
01-02-2025 11:37,23705.5,875550,1316700,253.55,1688475,662400,253.55,1688475,662400
01-02-2025 11:37,23705.5,873975,1321275,251.75,1688175,668325,251.75,1688175,668325
01-02-2025 11:37,23709.85,872475,1321125,253.45,1671750,670725,253.45,1671750,670725
01-02-2025 11:37,23710,873900,1319175,253.5,1675050,673725,253.5,1675050,673725
01-02-2025 11:37,23710,875700,1317450,255.6,1682925,673275,255.6,1682925,673275
01-02-2025 11:38,23707.85,874500,1318050,253.9,1683525,674250,253.9,1683525,674250
01-02-2025 11:38,23706.05,876825,1318950,253.4,1682850,678000,253.4,1682850,678000
01-02-2025 11:38,23690.55,879975,1319550,244.75,1674375,684675,244.75,1674375,684675
01-02-2025 11:38,23694.3,878850,1320150,247.65,1571700,685575,247.65,1571700,685575
01-02-2025 11:38,23695,874650,1321875,248.1,1583325,700575,248.1,1583325,700575
01-02-2025 11:38,23695.9,866850,1319175,249.85,1590825,699975,249.85,1590825,699975
01-02-2025 11:39,23693.2,867450,1323150,247.6,1595250,716400,247.6,1595250,716400
01-02-2025 11:39,23697,869400,1326825,250.15,1598775,721425,250.15,1598775,721425
01-02-2025 11:39,23684.8,867225,1326900,252.2,1604175,710325,252.2,1604175,710325
01-02-2025 11:39,23651,861825,1331175,240.25,1606125,705975,240.25,1606125,705975
01-02-2025 11:39,23674.1,850950,1330725,233.6,1506450,721425,233.6,1506450,721425
01-02-2025 11:39,23666.75,851175,1333500,240.55,1458375,710925,240.55,1458375,710925
01-02-2025 11:40,23664.85,853500,1329825,241.5,1485975,722775,241.5,1485975,722775
01-02-2025 11:40,23677.6,854475,1311075,242.5,1500000,723525,242.5,1500000,723525
01-02-2025 11:40,23671.3,850500,1330500,241.5,1508775,740850,241.5,1508775,740850
01-02-2025 11:40,23672.25,848550,1332975,240.65,1503375,756900,240.65,1503375,756900
01-02-2025 11:40,23687.4,845100,1330050,244.65,1497825,757350,244.65,1497825,757350
01-02-2025 11:40,23688.15,850350,1333725,244.65,1502550,743250,244.65,1502550,743250
01-02-2025 11:41,23681.6,857850,1334325,244.95,1519200,749325,244.95,1519200,749325
01-02-2025 11:41,23689.9,860100,1329075,246.45,1526025,767550,246.45,1526025,767550
01-02-2025 11:41,23688.05,862650,1324575,248.55,1548225,753375,248.55,1548225,753375
01-02-2025 11:41,23687.6,862875,1332300,248.1,1558350,739425,248.1,1558350,739425
01-02-2025 11:41,23692,858300,1334850,247.4,1554375,751425,247.4,1554375,751425
01-02-2025 11:41,23685,862050,1344975,248.85,1561875,735225,248.85,1561875,735225
01-02-2025 11:42,23678,860625,1340250,246.15,1563225,746250,246.15,1563225,746250
01-02-2025 11:42,23682.95,867750,1339575,245.5,1556325,750825,245.5,1556325,750825
01-02-2025 11:42,23678.05,865425,1341000,241.9,1554450,757050,241.9,1554450,757050
01-02-2025 11:42,23685,864000,1342200,244.95,1567275,768150,244.95,1567275,768150
01-02-2025 11:42,23679.45,870300,1341450,244.9,1579050,766950,244.9,1579050,766950
01-02-2025 11:42,23685,878925,1341225,244.9,1583400,766275,244.9,1583400,766275
01-02-2025 11:43,23685,880800,1339950,244,1590000,768300,244,1590000,768300
01-02-2025 11:43,23683.45,883425,1341450,244.5,1590900,768525,244.5,1590900,768525
01-02-2025 11:43,23677.95,884025,1341450,244,1590375,775575,244,1590375,775575
01-02-2025 11:43,23683,880650,1340475,245.5,1597650,774600,245.5,1597650,774600
01-02-2025 11:43,23675.8,881700,1342125,242.15,1590300,781725,242.15,1590300,781725
01-02-2025 11:43,23676,881250,1342725,242.2,1586100,788400,242.2,1586100,788400
01-02-2025 11:44,23675.05,878175,1341675,241.45,1553250,791175,241.45,1553250,791175
01-02-2025 11:44,23684,883575,1339725,244.2,1562400,792600,244.2,1562400,792600
01-02-2025 11:44,23690,880725,1331400,248.6,1572075,772350,248.6,1572075,772350
01-02-2025 11:44,23690,884100,1337775,247.05,1574625,768075,247.05,1574625,768075
01-02-2025 11:44,23707.7,886575,1336275,251.9,1579650,769500,251.9,1579650,769500
01-02-2025 11:44,23701.2,883275,1329150,252.8,1578150,676425,252.8,1578150,676425
01-02-2025 11:45,23690,885150,1330800,246.25,1574850,689775,246.25,1574850,689775
01-02-2025 11:45,23691.9,884850,1331700,244.55,1567725,705900,244.55,1567725,705900
01-02-2025 11:45,23688.15,884925,1330275,243.7,1563825,711525,243.7,1563825,711525
01-02-2025 11:45,23685.5,891225,1333050,243.85,1585050,711600,243.85,1585050,711600
01-02-2025 11:45,23687.75,886875,1332900,243.8,1602525,723900,243.8,1602525,723900
01-02-2025 11:45,23682.8,888300,1332900,243.85,1616625,733650,243.85,1616625,733650
01-02-2025 11:46,23682.7,889650,1330050,244.5,1626750,737250,244.5,1626750,737250
01-02-2025 11:46,23685,889875,1332150,244.55,1627950,744300,244.55,1627950,744300
01-02-2025 11:46,23682,889500,1331025,242.4,1625400,750075,242.4,1625400,750075
01-02-2025 11:46,23664.65,885525,1332975,240.45,1594575,755100,240.45,1594575,755100
01-02-2025 11:46,23673.25,885075,1332675,239.3,1558350,760350,239.3,1558350,760350
01-02-2025 11:46,23675.9,878025,1337100,238.65,1563300,772350,238.65,1563300,772350
01-02-2025 11:47,23654.6,878775,1335675,230,1563900,788625,230,1563900,788625
01-02-2025 11:47,23669.7,873525,1332975,237.35,1532700,787950,237.35,1532700,787950
01-02-2025 11:47,23675,873375,1333200,238.4,1550625,792600,238.4,1550625,792600
01-02-2025 11:47,23688.7,873600,1330800,245,1565400,802725,245,1565400,802725
01-02-2025 11:47,23682.4,869400,1331550,242.55,1594500,789750,242.55,1594500,789750
01-02-2025 11:47,23675,878100,1329075,241.45,1609275,799425,241.45,1609275,799425
01-02-2025 11:48,23665.85,880500,1333875,238.9,1604100,812250,238.9,1604100,812250
01-02-2025 11:48,23660.65,882300,1332375,238.8,1611825,822375,238.8,1611825,822375
01-02-2025 11:48,23655,874500,1337775,235.5,1605825,822750,235.5,1605825,822750
01-02-2025 11:48,23660.95,868875,1337400,235.4,1607850,823350,235.4,1607850,823350
01-02-2025 11:48,23664.65,876675,1339875,236.15,1616925,820800,236.15,1616925,820800
01-02-2025 11:48,23664,874425,1335450,235.05,1627200,830325,235.05,1627200,830325
01-02-2025 11:49,23662.5,881325,1335450,234.7,1628325,830925,234.7,1628325,830925
01-02-2025 11:49,23651,878775,1336125,230.65,1624125,831375,230.65,1624125,831375
01-02-2025 11:49,23640,851325,1335750,219.8,1596825,835200,219.8,1596825,835200
01-02-2025 11:49,23643.25,866475,1338225,229.5,1541550,839025,229.5,1541550,839025
01-02-2025 11:49,23645.5,869100,1334025,227.65,1549200,840000,227.65,1549200,840000
01-02-2025 11:49,23642.55,871800,1326450,228.85,1558500,837675,228.85,1558500,837675
01-02-2025 11:50,23660,879975,1313250,235.35,1567875,835350,235.35,1567875,835350
01-02-2025 11:50,23664.9,876750,1312500,239.5,1576275,808350,239.5,1576275,808350
01-02-2025 11:50,23670,892875,1315350,241.45,1585800,814425,241.45,1585800,814425
01-02-2025 11:50,23641,884475,1323375,225.45,1589475,829125,225.45,1589475,829125
01-02-2025 11:50,23613.65,883125,1323975,215.1,1549875,831525,215.1,1549875,831525
01-02-2025 11:50,23585.75,812475,1326150,183.2,1473750,837675,183.2,1473750,837675
01-02-2025 11:51,23552.45,777975,1330275,173.65,1389375,835275,173.65,1389375,835275
01-02-2025 11:51,23562,801675,1324950,180.05,1367175,836250,180.05,1367175,836250
01-02-2025 11:51,23560.55,799800,1332450,178.1,1379325,833400,178.1,1379325,833400
01-02-2025 11:51,23547.25,801825,1333350,168.9,1393650,826875,168.9,1393650,826875
01-02-2025 11:51,23531.8,748425,1336350,165.95,1377150,828450,165.95,1377150,828450
01-02-2025 11:51,23518.4,690375,1332450,157.2,1369350,828825,157.2,1369350,828825
01-02-2025 11:52,23525.5,739125,1326750,159.1,1363275,815025,159.1,1363275,815025
01-02-2025 11:52,23548.6,747825,1326300,168.45,1380600,800325,168.45,1380600,800325
01-02-2025 11:52,23571.1,747750,1323150,177.6,1411425,794775,177.6,1411425,794775
01-02-2025 11:52,23565,735750,1345950,178.8,1430175,787500,178.8,1430175,787500
01-02-2025 11:52,23562.85,741450,1339425,176.85,1433850,811500,176.85,1433850,811500
01-02-2025 11:52,23562.85,741600,1336050,176.55,1437525,828375,176.55,1437525,828375
01-02-2025 11:53,23540.2,735000,1338450,164.7,1442475,840450,164.7,1442475,840450
01-02-2025 11:53,23545.55,738225,1337775,169.65,1422150,858900,169.65,1422150,858900
01-02-2025 11:53,23532.1,737100,1342425,162.85,1428975,862050,162.85,1428975,862050
01-02-2025 11:53,23535.35,739425,1340025,165.15,1439625,870825,165.15,1439625,870825
01-02-2025 11:53,23532.75,734775,1359675,165.95,1452600,861150,165.95,1452600,861150
01-02-2025 11:53,23537.95,751050,1346925,164.45,1459950,854175,164.45,1459950,854175
01-02-2025 11:54,23486.6,734850,1374000,143.2,1433250,861825,143.2,1433250,861825
01-02-2025 11:54,23512.35,680250,1360350,150,1363425,853725,150,1363425,853725
01-02-2025 11:54,23485.6,680475,1359525,139.6,1370025,855450,139.6,1370025,855450
01-02-2025 11:54,23494.55,691875,1360275,145.2,1365150,862950,145.2,1365150,862950
01-02-2025 11:54,23511.55,698175,1371375,150.15,1396425,850875,150.15,1396425,850875
01-02-2025 11:54,23502.75,697725,1394700,148.25,1405125,849075,148.25,1405125,849075
01-02-2025 11:55,23500.95,676800,1398975,144,1396275,863100,144,1396275,863100
01-02-2025 11:55,23476.15,693825,1424025,136.2,1394175,867975,136.2,1394175,867975
01-02-2025 11:55,23480,676950,1433250,139.45,1378875,871500,139.45,1378875,871500
01-02-2025 11:55,23489.7,694800,1438425,140.1,1389825,857775,140.1,1389825,857775
01-02-2025 11:55,23494.7,699300,1440000,143.3,1404000,858975,143.3,1404000,858975
01-02-2025 11:55,23525.85,732000,1430550,153.8,1448700,854775,153.8,1448700,854775
01-02-2025 11:56,23534.45,716775,1446075,158.4,1455525,820200,158.4,1455525,820200
01-02-2025 11:56,23518.25,719925,1462575,152.05,1458900,830100,152.05,1458900,830100
01-02-2025 11:56,23515,727200,1466775,151.25,1445475,846150,151.25,1445475,846150
01-02-2025 11:56,23518.15,730200,1460700,152.4,1459050,851850,152.4,1459050,851850
01-02-2025 11:56,23520,735075,1473675,153.7,1476750,855900,153.7,1476750,855900
01-02-2025 11:56,23527.4,743700,1477725,157.4,1481100,854700,157.4,1481100,854700
01-02-2025 11:57,23530.3,753375,1463700,157.85,1487325,849975,157.85,1487325,849975
01-02-2025 11:57,23531.1,749175,1479225,156.4,1488075,861525,156.4,1488075,861525
01-02-2025 11:57,23544.4,761325,1470300,160.7,1498425,866400,160.7,1498425,866400
01-02-2025 11:57,23554.15,764700,1465125,166.05,1505925,847725,166.05,1505925,847725
01-02-2025 11:57,23550,757800,1458825,167.35,1501800,822600,167.35,1501800,822600
01-02-2025 11:57,23523.1,730500,1483875,153.95,1506450,845400,153.95,1506450,845400
01-02-2025 11:58,23510,749850,1478775,152.9,1463850,851700,152.9,1463850,851700
01-02-2025 11:58,23504.15,745200,1480425,149.85,1447275,854700,149.85,1447275,854700
01-02-2025 11:58,23499.85,743100,1477575,149.3,1480800,876975,149.3,1480800,876975
01-02-2025 11:58,23508.8,756075,1479300,151.4,1492425,880050,151.4,1492425,880050
01-02-2025 11:58,23504.4,762675,1487925,153.45,1507125,880800,153.45,1507125,880800
01-02-2025 11:58,23513.5,765825,1471350,154.85,1518375,887775,154.85,1518375,887775
01-02-2025 11:59,23510.55,768675,1474425,152.15,1517025,899625,152.15,1517025,899625
01-02-2025 11:59,23510,771825,1484100,152.1,1520850,901725,152.1,1520850,901725
01-02-2025 11:59,23528,771150,1480950,156.45,1525725,903750,156.45,1525725,903750
01-02-2025 11:59,23533.2,776550,1478400,158.65,1528650,887475,158.65,1528650,887475
01-02-2025 11:59,23527.7,774525,1476375,158,1527975,896700,158,1527975,896700
01-02-2025 11:59,23518,771075,1481925,155.9,1528800,897525,155.9,1528800,897525
01-02-2025 12:00,23512.25,767850,1493625,153.9,1496925,902550,153.9,1496925,902550
01-02-2025 12:00,23515.65,767700,1493325,152.15,1515450,912675,152.15,1515450,912675
01-02-2025 12:00,23508.2,769575,1478175,152.45,1526400,919800,152.45,1526400,919800
01-02-2025 12:00,23518.3,762675,1474875,152.65,1537875,914700,152.65,1537875,914700
01-02-2025 12:00,23533,772650,1498950,159.5,1548450,916500,159.5,1548450,916500
01-02-2025 12:00,23534.95,778950,1493775,162.3,1554300,896550,162.3,1554300,896550
01-02-2025 12:01,23534.7,772050,1497375,161.2,1556325,949800,161.2,1556325,949800
01-02-2025 12:01,23530.35,766575,1503075,158.95,1553250,958950,158.95,1553250,958950
01-02-2025 12:01,23533.55,774900,1499175,161,1543050,960900,161,1543050,960900
01-02-2025 12:01,23549.5,784950,1486500,165.55,1546200,941550,165.55,1546200,941550
01-02-2025 12:01,23534,776250,1491750,164.2,1542600,944175,164.2,1542600,944175
01-02-2025 12:01,23536,783750,1491150,162.65,1550175,944700,162.65,1550175,944700
01-02-2025 12:02,23534.55,786525,1489125,160.55,1556325,958350,160.55,1556325,958350
01-02-2025 12:02,23530.15,793350,1489500,158.95,1543350,962550,158.95,1543350,962550
01-02-2025 12:02,23519.75,792975,1500675,154.95,1550025,969900,154.95,1550025,969900
01-02-2025 12:02,23522.9,793650,1485525,153.9,1535925,975300,153.9,1535925,975300
01-02-2025 12:02,23523.9,792375,1493550,155.3,1547700,978150,155.3,1547700,978150
01-02-2025 12:02,23534.25,801150,1483950,161.15,1562400,974400,161.15,1562400,974400
01-02-2025 12:03,23540,789675,1483050,160.9,1566375,976500,160.9,1566375,976500
01-02-2025 12:03,23555.45,808950,1483800,166.05,1568100,980850,166.05,1568100,980850
01-02-2025 12:03,23556.65,798750,1471575,167.45,1575450,957750,167.45,1575450,957750
01-02-2025 12:03,23598.95,804675,1468275,180.9,1585275,955500,180.9,1585275,955500
01-02-2025 12:03,23585.85,778725,1447575,179.3,1581300,843600,179.3,1581300,843600
01-02-2025 12:03,23575,788925,1451250,173.7,1569000,899475,173.7,1569000,899475
01-02-2025 12:04,23598.9,815850,1447425,183.85,1569150,913125,183.85,1569150,913125
01-02-2025 12:04,23584.3,807825,1451850,178.2,1582350,864750,178.2,1582350,864750
01-02-2025 12:04,23581.55,819900,1460850,180.3,1571625,887325,180.3,1571625,887325
01-02-2025 12:04,23576.9,810300,1468350,177.8,1581300,898275,177.8,1581300,898275
01-02-2025 12:04,23567.55,797925,1468200,171.75,1573650,915825,171.75,1573650,915825
01-02-2025 12:04,23564.65,808575,1469475,168.15,1546200,922425,168.15,1546200,922425
01-02-2025 12:05,23550.75,808275,1475250,167.6,1545975,933150,167.6,1545975,933150
01-02-2025 12:05,23538.1,814425,1471575,159.1,1553250,938100,159.1,1553250,938100
01-02-2025 12:05,23531.25,801225,1472550,156.55,1523475,945225,156.55,1523475,945225
01-02-2025 12:05,23538.9,806025,1472250,159.6,1524825,946275,159.6,1524825,946275
01-02-2025 12:05,23545.4,814125,1467375,158.85,1545525,944775,158.85,1545525,944775
01-02-2025 12:05,23549,814800,1473225,159.6,1560150,950550,159.6,1560150,950550
01-02-2025 12:06,23539.85,813300,1474350,155.7,1561950,949125,155.7,1561950,949125
01-02-2025 12:06,23540,810150,1479000,157.1,1544625,956775,157.1,1544625,956775
01-02-2025 12:06,23546.7,811575,1468350,156.2,1550625,965175,156.2,1550625,965175
01-02-2025 12:06,23567.65,816600,1480350,163.9,1556025,966675,163.9,1556025,966675
01-02-2025 12:06,23546.05,813675,1480200,154.7,1558800,966525,154.7,1558800,966525
01-02-2025 12:06,23542.55,813975,1482225,154.95,1536075,973425,154.95,1536075,973425
01-02-2025 12:07,23546.8,816525,1477050,154,1534275,985500,154,1534275,985500
01-02-2025 12:07,23536,811950,1484325,151.9,1526100,998325,151.9,1526100,998325
01-02-2025 12:07,23535,810900,1480200,150.2,1503600,1002375,150.2,1503600,1002375
01-02-2025 12:07,23534.3,807450,1482075,149.8,1512075,1013700,149.8,1512075,1013700
01-02-2025 12:07,23544.2,812175,1477200,150.5,1514850,1013175,150.5,1514850,1013175
01-02-2025 12:07,23543.8,804075,1480425,149.75,1518600,1022925,149.75,1518600,1022925
01-02-2025 12:08,23549.8,806850,1482900,151.05,1533525,1029075,151.05,1533525,1029075
01-02-2025 12:08,23536.7,809925,1487550,146.35,1528875,1034025,146.35,1528875,1034025
01-02-2025 12:08,23525,790200,1495050,140.35,1498350,1032600,140.35,1498350,1032600
01-02-2025 12:08,23525,793200,1481250,142.05,1449975,1038750,142.05,1449975,1038750
01-02-2025 12:08,23515.25,793125,1492275,143.85,1459950,1046325,143.85,1459950,1046325
01-02-2025 12:08,23510,788175,1484175,141.15,1453050,1044450,141.15,1453050,1044450
01-02-2025 12:09,23500,765825,1492575,137.6,1447275,1056375,137.6,1447275,1056375
01-02-2025 12:09,23505.15,759075,1490250,138,1420575,1058625,138,1420575,1058625
01-02-2025 12:09,23519.55,762975,1494075,141.75,1434225,1051500,141.75,1434225,1051500
01-02-2025 12:09,23523.2,767100,1483650,142.5,1454325,1057875,142.5,1454325,1057875
01-02-2025 12:09,23537.55,770100,1471200,149.5,1471650,1055475,149.5,1471650,1055475
01-02-2025 12:09,23532.55,779550,1497900,145,1475025,1033275,145,1475025,1033275
01-02-2025 12:10,23524.85,773250,1503450,138.25,1485825,1041750,138.25,1485825,1041750
01-02-2025 12:10,23516.95,771525,1493175,141.75,1478625,1055100,141.75,1478625,1055100
01-02-2025 12:10,23516.7,777225,1501125,141.7,1494075,1066950,141.7,1494075,1066950
01-02-2025 12:10,23515.7,777525,1506300,140.05,1499850,1079025,140.05,1499850,1079025
01-02-2025 12:10,23516.95,781575,1508325,140.6,1514475,1082625,140.6,1514475,1082625
01-02-2025 12:10,23508.55,783900,1518225,138.15,1511775,1086075,138.15,1511775,1086075
01-02-2025 12:11,23511.85,777300,1515150,139.2,1506375,1092600,139.2,1506375,1092600
01-02-2025 12:11,23529.55,781875,1513500,144.4,1519200,1092675,144.4,1519200,1092675
01-02-2025 12:11,23515.35,777375,1516125,139.75,1523625,1085925,139.75,1523625,1085925
01-02-2025 12:11,23522,779250,1510275,142.9,1527300,1088325,142.9,1527300,1088325
01-02-2025 12:11,23522.1,785700,1512525,146.3,1533450,1090200,146.3,1533450,1090200
01-02-2025 12:11,23542.95,792450,1505025,150.55,1536375,1071750,150.55,1536375,1071750
01-02-2025 12:12,23546.25,785250,1507725,152.6,1538625,1038675,152.6,1538625,1038675
01-02-2025 12:12,23542.9,794175,1515075,154.05,1531425,1050000,154.05,1531425,1050000
01-02-2025 12:12,23568,798750,1473075,165.65,1548600,1052250,165.65,1548600,1052250
01-02-2025 12:12,23588.65,803400,1466850,172.05,1551225,1001775,172.05,1551225,1001775
01-02-2025 12:12,23600,825825,1482450,180.25,1566150,965475,180.25,1566150,965475
01-02-2025 12:12,23624,805800,1448925,189.75,1558500,884400,189.75,1558500,884400
01-02-2025 12:13,23649,827475,1386975,196.3,1565400,879675,196.3,1565400,879675
01-02-2025 12:13,23643.15,817800,1347150,191.4,1548300,808050,191.4,1548300,808050
01-02-2025 12:13,23598.1,794550,1354725,176.1,1524075,839100,176.1,1524075,839100
01-02-2025 12:13,23585.6,796500,1361475,160.45,1481175,864675,160.45,1481175,864675
01-02-2025 12:13,23596.35,801150,1356450,171.7,1494525,871275,171.7,1494525,871275
01-02-2025 12:13,23606.7,813450,1361475,171.35,1523775,882075,171.35,1523775,882075
01-02-2025 12:14,23600,808650,1361025,171,1536375,903525,171,1536375,903525
01-02-2025 12:14,23589,805050,1374975,170.3,1543875,916350,170.3,1543875,916350
01-02-2025 12:14,23593.55,823425,1370025,169.6,1548150,917475,169.6,1548150,917475
01-02-2025 12:14,23598,815550,1384200,167.1,1545600,1021125,167.1,1545600,1021125
01-02-2025 12:14,23546.2,786525,1386450,141.5,1542975,1042350,141.5,1542975,1042350
01-02-2025 12:14,23543.45,774600,1386225,142.65,1458225,1047525,142.65,1458225,1047525
01-02-2025 12:15,23562.4,804225,1386450,154.15,1498050,1053825,154.15,1498050,1053825
01-02-2025 12:15,23570,810000,1361250,157.45,1528875,1044450,157.45,1528875,1044450
01-02-2025 12:15,23589.4,822450,1357650,165.85,1548525,945975,165.85,1548525,945975
01-02-2025 12:15,23581.3,818775,1384800,161.9,1560000,956325,161.9,1560000,956325
01-02-2025 12:15,23598.2,819450,1380900,162.8,1576500,978300,162.8,1576500,978300
01-02-2025 12:15,23580,812700,1392675,155.75,1572225,969975,155.75,1572225,969975
01-02-2025 12:16,23580.4,815400,1402500,157.65,1558950,981750,157.65,1558950,981750
01-02-2025 12:16,23577.4,803925,1393350,156.9,1581000,982500,156.9,1581000,982500
01-02-2025 12:16,23560,809700,1400850,146.2,1574850,1005300,146.2,1574850,1005300
01-02-2025 12:16,23565.95,812550,1402275,149.55,1545300,1002975,149.55,1545300,1002975
01-02-2025 12:16,23566.55,812250,1402125,146.85,1537275,1007175,146.85,1537275,1007175
01-02-2025 12:16,23552.75,812700,1402125,140.35,1536000,1120800,140.35,1536000,1120800
01-02-2025 12:17,23544.15,788250,1400250,135.75,1492200,1119675,135.75,1492200,1119675
01-02-2025 12:17,23568.35,789000,1395750,140.95,1472925,1105350,140.95,1472925,1105350
01-02-2025 12:17,23551,793350,1401300,137.25,1477275,1111650,137.25,1477275,1111650
01-02-2025 12:17,23554.6,787575,1396800,139.85,1499100,1126725,139.85,1499100,1126725
01-02-2025 12:17,23563.4,792450,1399650,142.3,1515825,1132125,142.3,1515825,1132125
01-02-2025 12:17,23552.9,790950,1404975,139.25,1522875,1091475,139.25,1522875,1091475
01-02-2025 12:18,23543.05,792900,1405575,130.3,1517475,1101375,130.3,1517475,1101375
01-02-2025 12:18,23511.9,787275,1412625,113.25,1439400,1099125,113.25,1439400,1099125
01-02-2025 12:18,23520,756375,1408125,120.9,1369125,1100250,120.9,1369125,1100250
01-02-2025 12:18,23528.45,766050,1402275,124.2,1407825,1062900,124.2,1407825,1062900
01-02-2025 12:18,23529,765750,1416000,126.6,1416675,1064025,126.6,1416675,1064025
01-02-2025 12:18,23541.95,763725,1415550,131.05,1439175,1064025,131.05,1439175,1064025
01-02-2025 12:19,23548,766500,1420950,132,1444575,1071375,132,1444575,1071375
01-02-2025 12:19,23588,783150,1405875,146.6,1462425,1074000,146.6,1462425,1074000
01-02-2025 12:19,23590,782025,1416675,144.25,1463775,1044000,144.25,1463775,1044000
01-02-2025 12:19,23581.2,778650,1436850,141.5,1456725,1073400,141.5,1456725,1073400
01-02-2025 12:19,23572.2,777375,1449225,139.15,1463100,1082700,139.15,1463100,1082700
01-02-2025 12:19,23575,778125,1455825,139.2,1465500,1091325,139.2,1465500,1091325
01-02-2025 12:20,23561.4,786000,1467000,130.95,1467600,1108500,130.95,1467600,1108500
01-02-2025 12:20,23558,782475,1468050,128.85,1460625,1116000,128.85,1460625,1116000
01-02-2025 12:20,23564.8,784200,1468950,133.7,1465725,1130850,133.7,1465725,1130850
01-02-2025 12:20,23572.2,785100,1453425,140.1,1510350,1119075,140.1,1510350,1119075
01-02-2025 12:20,23558.25,778350,1462500,136.75,1519050,1113675,136.75,1519050,1113675
01-02-2025 12:20,23562.4,789075,1469100,134.1,1515450,1127925,134.1,1515450,1127925
01-02-2025 12:21,23569.4,789150,1462500,136.7,1513425,1131450,136.7,1513425,1131450
01-02-2025 12:21,23563.75,789600,1469325,133.95,1518075,1137450,133.95,1518075,1137450
01-02-2025 12:21,23560.05,785400,1469400,131.75,1515450,1151700,131.75,1515450,1151700
01-02-2025 12:21,23570,800325,1466625,138.05,1526700,1148925,138.05,1526700,1148925
01-02-2025 12:21,23570.55,801000,1467675,135.2,1537350,1147275,135.2,1537350,1147275
01-02-2025 12:21,23566.65,793800,1468650,136.4,1535025,1155450,136.4,1535025,1155450
01-02-2025 12:22,23567.65,793275,1469400,133.45,1542150,1152600,133.45,1542150,1152600
01-02-2025 12:22,23585.05,799875,1474050,140.45,1550475,1151625,140.45,1550475,1151625
01-02-2025 12:22,23571.65,797100,1466625,139.65,1547925,1128000,139.65,1547925,1128000
01-02-2025 12:22,23576.4,793950,1465050,138.3,1548225,1129575,138.3,1548225,1129575
01-02-2025 12:22,23578,793350,1467900,137.25,1555200,1127025,137.25,1555200,1127025
01-02-2025 12:22,23564.05,794625,1470300,133.5,1553625,1140750,133.5,1553625,1140750
01-02-2025 12:23,23569.45,792000,1472700,132.65,1542900,1143150,132.65,1542900,1143150
01-02-2025 12:23,23567.7,794100,1471650,133.85,1550625,1139175,133.85,1550625,1139175
01-02-2025 12:23,23565.7,794550,1474425,130.6,1548225,1171950,130.6,1548225,1171950
01-02-2025 12:23,23580,800025,1469925,136.75,1522125,1143000,136.75,1522125,1143000
01-02-2025 12:23,23585,803100,1469475,136.4,1526475,1145550,136.4,1526475,1145550
01-02-2025 12:23,23596,809175,1463775,139.55,1543500,1144050,139.55,1543500,1144050
01-02-2025 12:24,23599,806625,1462050,144.55,1553325,1131150,144.55,1553325,1131150
01-02-2025 12:24,23613,819750,1446225,148.1,1539675,1089150,148.1,1539675,1089150
01-02-2025 12:24,23622,831675,1442250,158.35,1533750,1050000,158.35,1533750,1050000
01-02-2025 12:24,23622,837900,1432800,156.75,1540725,1020750,156.75,1540725,1020750
01-02-2025 12:24,23600,807225,1433475,145.9,1533525,1042200,145.9,1533525,1042200
01-02-2025 12:24,23595.8,804750,1429875,144.8,1494675,1054425,144.8,1494675,1054425
01-02-2025 12:25,23609.35,810000,1429125,155.3,1515225,1050975,155.3,1515225,1050975
01-02-2025 12:25,23599.25,800550,1436625,146.35,1527825,1067700,146.35,1527825,1067700
01-02-2025 12:25,23605.25,805425,1438500,147.65,1521675,1075125,147.65,1521675,1075125
01-02-2025 12:25,23600.7,799350,1440075,146.3,1547175,1083750,146.3,1547175,1083750
01-02-2025 12:25,23602.7,809250,1440225,144,1550400,1089150,144,1550400,1089150
01-02-2025 12:25,23590,802200,1445325,140.1,1549875,1106400,140.1,1549875,1106400
01-02-2025 12:26,23600,809700,1444125,143.15,1528725,1105125,143.15,1528725,1105125
01-02-2025 12:26,23593.95,810525,1451475,140.4,1537350,1109400,140.4,1537350,1109400
01-02-2025 12:26,23599.55,809400,1456275,143.25,1543050,1113600,143.25,1543050,1113600
01-02-2025 12:26,23597.45,807750,1457625,142.2,1546725,1110525,142.2,1546725,1110525
01-02-2025 12:26,23592.75,808500,1461450,138.5,1557600,1114425,138.5,1557600,1114425
01-02-2025 12:26,23580.7,797775,1463250,136.2,1538025,1128900,136.2,1538025,1128900
01-02-2025 12:27,23575.05,803325,1466700,135.25,1528950,1128525,135.25,1528950,1128525
01-02-2025 12:27,23575.5,804000,1470975,134.35,1531425,1131750,134.35,1531425,1131750
01-02-2025 12:27,23580,804825,1469700,138.45,1542450,1133775,138.45,1542450,1133775
01-02-2025 12:27,23576.95,798525,1464375,140.7,1555650,1121400,140.7,1555650,1121400
01-02-2025 12:27,23590.05,809025,1463625,141.5,1557975,1125375,141.5,1557975,1125375
01-02-2025 12:27,23582.25,794475,1465575,138.45,1563075,1129350,138.45,1563075,1129350
01-02-2025 12:28,23572,790200,1467450,134.5,1557075,1135050,134.5,1557075,1135050
01-02-2025 12:28,23575,802875,1467750,138,1555350,1132500,138,1555350,1132500
01-02-2025 12:28,23573,801975,1462050,139,1562850,1138650,139,1562850,1138650
01-02-2025 12:28,23565,799050,1469325,135.15,1567950,1141800,135.15,1567950,1141800
01-02-2025 12:28,23564.7,798000,1470300,133.75,1568475,1150200,133.75,1568475,1150200
01-02-2025 12:28,23552.2,798975,1473525,138.2,1571100,1149600,138.2,1571100,1149600
01-02-2025 12:29,23551.7,787800,1473825,138.15,1577250,1131000,138.15,1577250,1131000
01-02-2025 12:29,23545.95,786900,1470825,136,1579875,1140000,136,1579875,1140000
01-02-2025 12:29,23550,784575,1476225,133.2,1581975,1143150,133.2,1581975,1143150
01-02-2025 12:29,23532.75,786525,1465500,127.5,1567425,1146450,127.5,1567425,1146450
01-02-2025 12:29,23522.7,771900,1485075,124.35,1527825,1153875,124.35,1527825,1153875
01-02-2025 12:29,23524.3,775875,1472325,128.4,1511775,1153950,128.4,1511775,1153950
01-02-2025 12:30,23523.2,779550,1460925,126.9,1516425,1163925,126.9,1516425,1163925
01-02-2025 12:30,23523.9,777075,1470825,127.35,1531800,1165350,127.35,1531800,1165350
01-02-2025 12:30,23534.5,778650,1460250,127.95,1534200,1164375,127.95,1534200,1164375
01-02-2025 12:30,23536.05,782175,1469925,129.85,1530525,1166325,129.85,1530525,1166325
01-02-2025 12:30,23550,785925,1459125,134.45,1542375,1157850,134.45,1542375,1157850
01-02-2025 12:30,23547.3,782925,1473225,132,1539675,1156200,132,1539675,1156200
01-02-2025 12:31,23543.95,790350,1469625,133.1,1548000,1164000,133.1,1548000,1164000
01-02-2025 12:31,23522,788475,1474125,125.95,1552875,1170000,125.95,1552875,1170000
01-02-2025 12:31,23525,784425,1475025,124.35,1527750,1175625,124.35,1527750,1175625
01-02-2025 12:31,23514.5,780675,1477950,121.1,1526475,1220175,121.1,1526475,1220175
01-02-2025 12:31,23515,782475,1473225,122.25,1507725,1224525,122.25,1507725,1224525
01-02-2025 12:31,23514,784875,1472625,120.55,1491750,1223850,120.55,1491750,1223850
01-02-2025 12:32,23544,781800,1459575,129.2,1509075,1226850,129.2,1509075,1226850
01-02-2025 12:32,23537.4,781050,1473975,128.9,1520850,1209300,128.9,1520850,1209300
01-02-2025 12:32,23529.55,777075,1487175,123.2,1515000,1227975,123.2,1515000,1227975
01-02-2025 12:32,23520,779400,1487625,119.95,1502925,1238175,119.95,1502925,1238175
01-02-2025 12:32,23529.55,785025,1482750,122.4,1494225,1242075,122.4,1494225,1242075
01-02-2025 12:32,23536.65,786525,1493325,124.3,1509900,1247100,124.3,1509900,1247100
01-02-2025 12:33,23534.3,778350,1507950,122.85,1514700,1253850,122.85,1514700,1253850
01-02-2025 12:33,23525,775950,1512825,117.8,1516725,1258050,117.8,1516725,1258050
01-02-2025 12:33,23525,777675,1511325,117.5,1495050,1259025,117.5,1495050,1259025
01-02-2025 12:33,23523.15,780000,1509375,118.75,1493850,1262775,118.75,1493850,1262775
01-02-2025 12:33,23523.35,780075,1503675,118.1,1500600,1257975,118.1,1500600,1257975
01-02-2025 12:33,23512.2,766575,1511775,111.4,1498500,1260075,111.4,1498500,1260075
01-02-2025 12:34,23501,757950,1513875,107.6,1394700,1260300,107.6,1394700,1260300
01-02-2025 12:34,23497.65,729525,1516350,112.05,1410000,1258575,112.05,1410000,1258575
01-02-2025 12:34,23500,739725,1524675,110.95,1415325,1249575,110.95,1415325,1249575
01-02-2025 12:34,23490.1,738975,1523325,108.2,1424850,1260375,108.2,1424850,1260375
01-02-2025 12:34,23499.1,741750,1529025,108.95,1421175,1263675,108.95,1421175,1263675
01-02-2025 12:34,23496.5,740775,1522425,107.4,1430700,1260975,107.4,1430700,1260975
01-02-2025 12:35,23483.55,718950,1516575,104.95,1421850,1264725,104.95,1421850,1264725
01-02-2025 12:35,23484.35,724050,1517700,103.75,1394475,1257150,103.75,1394475,1257150
01-02-2025 12:35,23478.6,703575,1518675,100.8,1393350,1264425,100.8,1393350,1264425
01-02-2025 12:35,23453.45,661950,1511250,97.05,1339275,1256325,97.05,1339275,1256325
01-02-2025 12:35,23444.4,669975,1517325,95.7,1337100,1253625,95.7,1337100,1253625
01-02-2025 12:35,23441.15,633750,1529475,93.6,1329600,1246950,93.6,1329600,1246950
01-02-2025 12:36,23439.95,619425,1528350,91.3,1328175,1237275,91.3,1328175,1237275
01-02-2025 12:36,23433.3,615675,1525950,90.3,1310400,1224375,90.3,1310400,1224375
01-02-2025 12:36,23454.85,644250,1521525,96.5,1325850,1224900,96.5,1325850,1224900
01-02-2025 12:36,23460.5,650325,1515675,96,1356825,1199175,96,1356825,1199175
01-02-2025 12:36,23463.1,644475,1533300,97.1,1354425,1209525,97.1,1354425,1209525
01-02-2025 12:36,23490.1,658125,1521825,103.1,1306875,1207950,103.1,1306875,1207950
01-02-2025 12:37,23480,642825,1520550,104.25,1308150,1193550,104.25,1308150,1193550
01-02-2025 12:37,23485,651000,1531725,105.1,1311825,1216800,105.1,1311825,1216800
01-02-2025 12:37,23500.55,661875,1527600,109.1,1325625,1225125,109.1,1325625,1225125
01-02-2025 12:37,23508.35,659550,1524150,109.75,1327350,1220850,109.75,1327350,1220850
01-02-2025 12:37,23510.35,660375,1521750,110.5,1337025,1217325,110.5,1337025,1217325
01-02-2025 12:37,23499,666225,1544025,107.7,1344450,1233000,107.7,1344450,1233000
01-02-2025 12:38,23497.25,665100,1550550,105.9,1342650,1247775,105.9,1342650,1247775
01-02-2025 12:38,23492.4,648600,1557375,106,1330200,1254075,106,1330200,1254075
01-02-2025 12:38,23486.5,648525,1552425,105,1327200,1270275,105,1327200,1270275
01-02-2025 12:38,23493.65,667500,1549500,104.6,1349025,1278600,104.6,1349025,1278600
01-02-2025 12:38,23483.7,668625,1554225,99.45,1351725,1286400,99.45,1351725,1286400
01-02-2025 12:38,23496.95,676500,1551525,102.8,1347450,1291125,102.8,1347450,1291125
01-02-2025 12:39,23499.25,677325,1552050,105.2,1358400,1295925,105.2,1358400,1295925
01-02-2025 12:39,23499.8,683625,1555650,104.4,1367175,1304100,104.4,1367175,1304100
01-02-2025 12:39,23485.05,629850,1558500,100.35,1364475,1314375,100.35,1364475,1314375
01-02-2025 12:39,23484.85,685875,1561275,100.45,1347900,1316475,100.45,1347900,1316475
01-02-2025 12:39,23493.05,683700,1559325,101.85,1371225,1317900,101.85,1371225,1317900
01-02-2025 12:39,23492.3,683475,1558050,102,1381350,1321200,102,1381350,1321200
01-02-2025 12:40,23483,681075,1560975,98.95,1376400,1324650,98.95,1376400,1324650
01-02-2025 12:40,23487.75,687825,1560825,100.7,1376475,1324350,100.7,1376475,1324350
01-02-2025 12:40,23490.1,690900,1557000,102.3,1385400,1325025,102.3,1385400,1325025
01-02-2025 12:40,23490,687225,1566300,102.35,1386975,1325775,102.35,1386975,1325775
01-02-2025 12:40,23498.85,695100,1559400,105,1396125,1329900,105,1396125,1329900
01-02-2025 12:40,23506.05,692025,1558800,105,1395525,1320450,105,1395525,1320450
01-02-2025 12:41,23505.05,692025,1563825,107.5,1388625,1312800,107.5,1388625,1312800
01-02-2025 12:41,23502.2,691350,1560675,106,1388925,1319550,106,1388925,1319550
01-02-2025 12:41,23497.3,691350,1556475,102.9,1385850,1327050,102.9,1385850,1327050
01-02-2025 12:41,23493,691125,1560525,100.1,1376700,1335300,100.1,1376700,1335300
01-02-2025 12:41,23492.95,693075,1562625,101.25,1372500,1341975,101.25,1372500,1341975
01-02-2025 12:41,23492.95,694500,1563525,101.3,1372725,1342950,101.3,1372725,1342950
01-02-2025 12:42,23492.95,690075,1566975,102.35,1383150,1341675,102.35,1383150,1341675
01-02-2025 12:42,23487.9,692325,1559700,100.95,1385700,1344000,100.95,1385700,1344000
01-02-2025 12:42,23504.45,683625,1533150,105.25,1391550,1346850,105.25,1391550,1346850
01-02-2025 12:42,23505,685575,1540650,104.95,1401750,1329375,104.95,1401750,1329375
01-02-2025 12:42,23510,684675,1531050,107.95,1390575,1331550,107.95,1390575,1331550
01-02-2025 12:42,23510,682350,1524825,108.1,1396500,1321725,108.1,1396500,1321725
01-02-2025 12:43,23509.5,683850,1531500,106.75,1398525,1333425,106.75,1398525,1333425
01-02-2025 12:43,23503.9,686400,1527600,107.45,1404450,1336650,107.45,1404450,1336650
01-02-2025 12:43,23499.45,695475,1528500,102.2,1401225,1342500,102.2,1401225,1342500
01-02-2025 12:43,23505,696450,1528800,105,1393875,1338750,105,1393875,1338750
01-02-2025 12:43,23500,701550,1528500,103.8,1398825,1345275,103.8,1398825,1345275
01-02-2025 12:43,23500,696600,1531500,103.2,1396275,1352775,103.2,1396275,1352775
01-02-2025 12:44,23492,693900,1531200,100.85,1401975,1355175,100.85,1401975,1355175
01-02-2025 12:44,23499.2,697650,1525650,102.7,1378125,1356300,102.7,1378125,1356300
01-02-2025 12:44,23503.1,696150,1534050,102.6,1372575,1355850,102.6,1372575,1355850
01-02-2025 12:44,23494.6,690075,1533150,100.9,1370325,1359525,100.9,1370325,1359525
01-02-2025 12:44,23496.35,694575,1535325,100.95,1365750,1371225,100.95,1365750,1371225
01-02-2025 12:44,23490,699150,1531425,101.7,1373925,1373925,101.7,1373925,1373925
01-02-2025 12:45,23490.3,696225,1536750,100.4,1374075,1377975,100.4,1374075,1377975
01-02-2025 12:45,23500,696750,1536825,102.4,1373325,1380975,102.4,1373325,1380975
01-02-2025 12:45,23495.85,693600,1538175,99.75,1377000,1375950,99.75,1377000,1375950
01-02-2025 12:45,23499.95,694050,1535700,101.4,1371375,1379775,101.4,1371375,1379775
01-02-2025 12:45,23493.8,693300,1535475,101,1354125,1380825,101,1354125,1380825
01-02-2025 12:45,23490.95,697575,1538325,100.75,1366875,1390350,100.75,1366875,1390350
01-02-2025 12:46,23494,696450,1532625,101.8,1375425,1389750,101.8,1375425,1389750
01-02-2025 12:46,23492,697725,1535100,102.65,1374600,1388250,102.65,1374600,1388250
01-02-2025 12:46,23490,697875,1535925,102,1374675,1387200,102,1374675,1387200
01-02-2025 12:46,23491,698700,1541400,99.1,1376250,1394925,99.1,1376250,1394925
01-02-2025 12:46,23484.3,690300,1534200,100.35,1360125,1397175,100.35,1360125,1397175
01-02-2025 12:46,23480.15,690975,1535025,99.55,1361400,1399275,99.55,1361400,1399275
01-02-2025 12:47,23480.05,690825,1538100,98.6,1375275,1401000,98.6,1375275,1401000
01-02-2025 12:47,23479.6,685950,1536375,99.2,1384800,1401225,99.2,1384800,1401225
01-02-2025 12:47,23473.1,690975,1535400,101.85,1379475,1399125,101.85,1379475,1399125
01-02-2025 12:47,23485,687975,1535475,101,1379175,1393875,101,1379175,1393875
01-02-2025 12:47,23480,693150,1538025,99.9,1372950,1414950,99.9,1372950,1414950
01-02-2025 12:47,23484,695100,1535850,100,1370550,1419300,100,1370550,1419300
01-02-2025 12:48,23475.95,691950,1537350,99,1371975,1421025,99,1371975,1421025
01-02-2025 12:48,23482.65,696675,1530225,100.45,1375950,1414575,100.45,1375950,1414575
01-02-2025 12:48,23484.6,695475,1536150,99.9,1378500,1417425,99.9,1378500,1417425
01-02-2025 12:48,23480,697425,1534500,100.2,1377825,1418400,100.2,1377825,1418400
01-02-2025 12:48,23485,695550,1531875,101.85,1394250,1417050,101.85,1394250,1417050
01-02-2025 12:48,23493.6,692325,1533075,103.25,1395075,1405650,103.25,1395075,1405650
01-02-2025 12:49,23504.95,698250,1534050,105.95,1402425,1398900,105.95,1402425,1398900
01-02-2025 12:49,23500,698025,1530900,106.25,1396650,1383450,106.25,1396650,1383450
01-02-2025 12:49,23499.65,693675,1534650,104.5,1388850,1383525,104.5,1388850,1383525
01-02-2025 12:49,23490,692475,1533525,102.8,1390125,1385850,102.8,1390125,1385850
01-02-2025 12:49,23485.55,690825,1533600,100.55,1386225,1386450,100.55,1386225,1386450
01-02-2025 12:49,23480.05,691125,1533075,100,1374750,1390575,100,1374750,1390575
01-02-2025 12:50,23481.35,695925,1534275,100.35,1366050,1392300,100.35,1366050,1392300
01-02-2025 12:50,23480.8,688950,1534125,100.2,1375950,1390125,100.2,1375950,1390125
01-02-2025 12:50,23480,690600,1533450,100.3,1378950,1390275,100.3,1378950,1390275
01-02-2025 12:50,23483.05,691125,1533600,100,1377975,1397475,100,1377975,1397475
01-02-2025 12:50,23488.5,694650,1533075,100.65,1379700,1398975,100.65,1379700,1398975
01-02-2025 12:50,23482.55,696450,1535250,101.05,1383675,1400775,101.05,1383675,1400775
01-02-2025 12:51,23488,692400,1533600,100.65,1381500,1398075,100.65,1381500,1398075
01-02-2025 12:51,23486.15,694275,1535625,100.15,1380375,1400475,100.15,1380375,1400475
01-02-2025 12:51,23489.9,694125,1535025,101.7,1394100,1397925,101.7,1394100,1397925
01-02-2025 12:51,23490,695400,1536375,101.35,1396425,1397325,101.35,1396425,1397325
01-02-2025 12:51,23490,699075,1531125,102,1398825,1394625,102,1398825,1394625
01-02-2025 12:51,23494,693750,1534500,101.8,1406850,1385850,101.8,1406850,1385850
01-02-2025 12:52,23491,694200,1533900,102.3,1403400,1389000,102.3,1403400,1389000
01-02-2025 12:52,23492.05,689325,1532550,102.1,1403325,1393950,102.1,1403325,1393950
01-02-2025 12:52,23481.9,692775,1533525,101.4,1402275,1392675,101.4,1402275,1392675
01-02-2025 12:52,23483.45,689700,1531275,101.9,1406400,1395825,101.9,1406400,1395825
01-02-2025 12:52,23483.45,689925,1531125,101.65,1408575,1394325,101.65,1408575,1394325
01-02-2025 12:52,23485,690825,1527225,99.55,1412475,1397025,99.55,1412475,1397025
01-02-2025 12:53,23482,689550,1528500,100.2,1405500,1398600,100.2,1405500,1398600
01-02-2025 12:53,23480.05,688725,1527150,99.2,1409250,1397550,99.2,1409250,1397550
01-02-2025 12:53,23485.05,693150,1526925,101.15,1402500,1395450,101.15,1402500,1395450
01-02-2025 12:53,23489.95,697200,1526025,100.5,1411875,1387275,100.5,1411875,1387275
01-02-2025 12:53,23490,695775,1526925,100.3,1412475,1386825,100.3,1412475,1386825
01-02-2025 12:53,23489.95,695850,1525350,100.1,1415925,1400850,100.1,1415925,1400850
01-02-2025 12:54,23485,695625,1533300,99.75,1416750,1401225,99.75,1416750,1401225
01-02-2025 12:54,23478,687300,1529100,94.75,1412100,1397250,94.75,1412100,1397250
01-02-2025 12:54,23484.55,690450,1526700,97.95,1353525,1393425,97.95,1353525,1393425
01-02-2025 12:54,23477.05,688950,1525875,96.3,1353900,1408950,96.3,1353900,1408950
01-02-2025 12:54,23478.75,690000,1527150,96,1353600,1408875,96,1353600,1408875
01-02-2025 12:54,23478.55,688575,1527675,93.7,1344675,1410075,93.7,1344675,1410075
01-02-2025 12:55,23475.65,687150,1529250,94.95,1352625,1403625,94.95,1352625,1403625
01-02-2025 12:55,23475.65,689625,1530750,95.65,1361550,1395825,95.65,1361550,1395825
01-02-2025 12:55,23475,690000,1530375,95.85,1364025,1394250,95.85,1364025,1394250
01-02-2025 12:55,23473,688875,1530600,95.5,1364250,1396725,95.5,1364250,1396725
01-02-2025 12:55,23470.95,693450,1537650,96.1,1363800,1395900,96.1,1363800,1395900
01-02-2025 12:55,23475.2,692850,1531425,97.7,1364550,1382475,97.7,1364550,1382475
