last_traded_time,ltp,tot_buy_qty,tot_sell_qty,ltp,tot_buy_qty,tot_sell_qty,ltp,tot_buy_qty,tot_sell_qty
08-11-2024 09:38,24258.9,256775,330000,168.05,451275,432225,187.5,186025,237050
08-11-2024 09:38,24259.95,259575,331325,167.15,285825,424100,187.6,190675,240650
08-11-2024 09:39,24270.3,261575,330850,171.45,288750,429525,182.65,189425,240300
08-11-2024 09:39,24270.5,258700,328800,173.05,296800,419000,178.85,180425,241825
08-11-2024 09:39,24260.65,258075,332875,170.15,294350,426700,181.45,185825,242775
08-11-2024 09:39,24257.2,259450,334075,166.8,289975,430075,185,188975,244625
08-11-2024 09:39,24256.5,257475,335350,163.65,282425,435850,187.05,197750,243125
08-11-2024 09:39,24249.3,259900,333400,161.3,283925,442025,189.05,202425,244825
08-11-2024 09:40,24242.25,261900,334275,160.8,279475,440725,190.6,207100,243400
08-11-2024 09:40,24248,257500,336275,159.25,270975,448000,191.65,231375,242675
08-11-2024 09:40,24250.85,260400,334350,163.9,276025,443000,186.75,216100,249875
08-11-2024 09:40,24255.05,265000,333775,165.7,291900,442875,185.4,201850,253000
08-11-2024 09:40,24260.4,267875,334775,165.15,304350,445850,184,199125,255950
08-11-2024 09:40,24262,262825,335625,165.3,301350,442850,185.05,197725,260975
08-11-2024 09:41,24266.2,265625,333250,167.8,306850,443375,181.25,197000,259375
08-11-2024 09:41,24274.75,266875,332600,177.3,311200,446450,170.2,192425,261925
08-11-2024 09:41,24294.5,270600,324550,180.7,307550,409300,165.9,155425,260500
08-11-2024 09:41,24279.95,267375,323550,175,301875,408800,172.9,157400,254750
08-11-2024 09:41,24280,264100,322200,174.05,296950,420900,175.75,172800,254625
08-11-2024 09:41,24279.9,265475,326900,175.45,303450,428775,174.6,177000,252025
08-11-2024 09:42,24289.95,268075,326875,178.9,311400,427050,170.85,174475,257950
08-11-2024 09:42,24283.05,268225,328175,179.75,320200,422975,170.35,171850,262550
08-11-2024 09:42,24290,268375,325475,180.65,329150,423125,169.85,172400,267725
08-11-2024 09:42,24295,273925,326675,182.75,339625,421550,168.7,174275,273075
08-11-2024 09:42,24294.5,274750,327375,183.5,342375,425800,167.45,175275,276350
08-11-2024 09:42,24294.5,277525,330075,181.1,345350,416225,170.1,179350,276500
08-11-2024 09:43,24290.05,273350,329150,182.95,321650,427450,169.8,181925,274975
08-11-2024 09:43,24281.9,272325,329850,178.05,321925,439225,173.15,190300,276350
08-11-2024 09:43,24280.85,270275,330150,178.35,312100,451200,174.35,200550,274975
08-11-2024 09:43,24280.05,272425,330500,176.05,325425,457525,174.65,202750,277250
08-11-2024 09:43,24280.1,271400,331125,175.9,318950,463100,175.95,205100,277325
08-11-2024 09:43,24284.65,270800,333925,176.7,322500,466200,175,204650,281500
08-11-2024 09:44,24283.4,274425,333625,176.5,327800,476500,175.55,201450,288025
08-11-2024 09:44,24277,272425,336300,172.65,327050,486675,179.05,207500,284450
08-11-2024 09:44,24270,273125,333850,172,315450,493300,179.15,208825,276825
08-11-2024 09:44,24281.7,277450,334250,178.4,320325,494125,172.9,210025,277075
08-11-2024 09:44,24281.7,279350,333450,176.65,329775,487375,172.55,201400,279725
08-11-2024 09:44,24281.05,275100,338225,176.45,335250,490750,173.8,204700,281950
08-11-2024 09:45,24285,277000,335425,179.2,338875,494300,171.95,206150,282000
08-11-2024 09:45,24292,278575,337900,182.25,348850,492650,168.85,205450,284750
08-11-2024 09:45,24293.3,278150,335975,185.4,355550,470825,166.65,190975,288225
08-11-2024 09:45,24298.8,278700,330175,188.45,359475,433150,164.25,178650,290425
08-11-2024 09:45,24319,282625,310475,198,364275,430025,156.05,170500,297375
08-11-2024 09:45,24362.2,292200,287275,220.45,377775,275825,139.25,142800,298475
08-11-2024 09:46,24355.8,299675,230775,218.15,383425,195700,137.05,89100,303350
08-11-2024 09:46,24354.9,291950,245000,217.3,354550,233250,138.95,94450,302575
08-11-2024 09:46,24353.2,297900,264275,221.45,347175,227550,140.2,107225,290575
08-11-2024 09:46,24363.6,304450,263850,226.55,369200,218125,138.2,108600,298600
08-11-2024 09:46,24373.95,306225,269950,232,390700,211100,135,111875,298800
08-11-2024 09:46,24369.3,303150,273300,229,395525,212475,135.4,114525,294575
08-11-2024 09:47,24363.6,307925,283475,227.35,374125,216300,140.25,120375,292000
08-11-2024 09:47,24369.2,306725,288425,231,364900,246025,138.05,128125,292075
08-11-2024 09:47,24367.65,305350,301025,232.2,374825,218725,139.75,133475,296175
08-11-2024 09:47,24371.65,308575,311000,233.55,379475,232300,137.6,138550,306975
08-11-2024 09:47,24376,313475,306325,235.85,374675,231225,134.8,136500,311825
08-11-2024 09:47,24378.95,313400,307425,233.8,366325,188625,138.3,134725,308975
08-11-2024 09:48,24373.3,310800,309100,229.8,359975,210225,139.55,140850,308550
08-11-2024 09:48,24366.55,314125,312025,230.25,337050,220300,139.1,143225,300025
08-11-2024 09:48,24366,312125,322150,226.95,335325,230850,140.75,141525,302425
08-11-2024 09:48,24361.25,314500,332075,226.65,334925,240725,140.9,145325,300975
08-11-2024 09:48,24368.65,316900,337525,229.5,326400,244350,138.9,149775,301275
08-11-2024 09:48,24359.95,313625,341000,224,331250,237350,143.5,153475,296750
08-11-2024 09:49,24354.8,309750,343325,218.95,325725,257875,144.95,158000,296200
08-11-2024 09:49,24352.5,313325,348825,221.35,320025,261450,144.2,161725,291250
08-11-2024 09:49,24356.6,316300,348950,222.4,337925,260000,144.45,158050,319225
08-11-2024 09:49,24353.95,314725,349450,220.05,336950,272000,144.7,164800,335775
08-11-2024 09:49,24351,320300,355075,219.4,336600,274900,145.55,167600,299350
08-11-2024 09:49,24353.7,319200,359750,219.85,338400,279175,144.25,164625,304075
08-11-2024 09:50,24353.7,317250,357900,221.45,344000,282700,142.4,165325,305300
08-11-2024 09:50,24359.8,320475,359800,222.2,350925,284275,143.2,171450,326900
08-11-2024 09:50,24342.8,319750,362400,215.15,345725,287325,148.45,164575,310650
08-11-2024 09:50,24346.1,320300,361525,213.1,326325,299225,149.1,176200,297625
08-11-2024 09:50,24337.15,321650,372650,211.35,328200,301850,150.15,176400,294025
08-11-2024 09:50,24335.45,323325,374950,210.65,327850,302875,150.2,175200,296975
08-11-2024 09:51,24332.1,318850,378875,206.4,328650,308000,152.3,173725,298075
08-11-2024 09:51,24319.1,312650,382400,202.15,312025,305075,155.35,179875,297675
08-11-2024 09:51,24316.3,311400,382400,198.85,290300,306325,157.65,185425,288675
08-11-2024 09:51,24323.75,316475,377925,202.85,294675,294675,155.45,185225,294050
08-11-2024 09:51,24321,314675,389250,201.4,302400,292400,157.25,180075,299700
08-11-2024 09:51,24320.1,317950,390000,200.9,312250,298375,157.4,178150,307175
08-11-2024 09:52,24330,317450,390900,204.8,316100,306875,155,177400,307075
08-11-2024 09:52,24326.5,319850,390300,206.2,330575,303575,153.5,174700,311375
08-11-2024 09:52,24326.1,321400,391725,206.6,337125,307350,154.25,169225,314675
08-11-2024 09:52,24327.85,316950,393150,205.85,341150,309675,156.1,173500,313975
08-11-2024 09:52,24319,318350,400075,200.75,341000,318550,159.8,183550,303525
08-11-2024 09:52,24303.1,316575,400600,190.15,319400,332850,167.15,183600,283600
08-11-2024 09:53,24293.95,303300,401125,184.3,271825,337850,171.7,184425,260800
08-11-2024 09:53,24291,301950,400750,187.45,280200,336850,171.2,188875,260125
08-11-2024 09:53,24276.5,296500,400950,176.45,276575,344250,178.65,188050,260375
08-11-2024 09:53,24255,274050,402575,162.4,241775,358075,188.8,205625,225225
08-11-2024 09:53,24264.65,286500,406400,170.9,234800,349925,182.6,244750,215050
08-11-2024 09:53,24281,289750,399250,175.55,253525,338650,176.9,223400,237125
08-11-2024 09:54,24278.9,291025,402100,175.35,277100,339425,175.85,210225,238800
08-11-2024 09:54,24280,286825,408450,172.8,273375,349175,177.85,210475,241100
08-11-2024 09:54,24279.95,287700,407575,174.5,276550,353050,176.15,213500,244750
08-11-2024 09:54,24281.2,286425,408300,173.8,275975,347650,176.9,212400,251450
08-11-2024 09:54,24285.7,291225,402550,176.55,278650,347950,174.55,214200,253375
08-11-2024 09:54,24284,292625,396225,176.65,287325,348925,173.7,202600,256600
08-11-2024 09:55,24283.6,296050,397625,178.6,286450,349575,172.35,205650,258300
08-11-2024 09:55,24286.55,295225,405350,178.65,295450,357150,172.85,208700,268525
08-11-2024 09:55,24272.65,291650,404150,170.05,292325,359275,181.45,210025,263875
08-11-2024 09:55,24261.05,282500,408100,164.8,264900,360275,187.1,221075,247250
08-11-2024 09:55,24264.8,289050,410250,167.95,276550,365075,182.5,223975,255700
08-11-2024 09:55,24271.8,289650,412725,171.95,292650,365575,178.9,218175,265325
08-11-2024 09:56,24279.9,292475,418775,175.65,300550,362750,173.5,207125,270000
08-11-2024 09:56,24280.1,296400,417350,176.75,306175,362675,173.7,203325,276875
08-11-2024 09:56,24283.3,294075,422525,176.7,307325,363250,173.1,207525,273950
08-11-2024 09:56,24289.3,294325,454700,180.05,312825,369450,169.55,214325,269975
08-11-2024 09:56,24296,295075,476300,180.9,314275,353900,168.1,193450,274900
08-11-2024 09:56,24297,299975,476625,180.65,313500,358475,167,196900,276325
08-11-2024 09:57,24297,319550,476500,182.4,324925,364650,168.4,197175,276800
08-11-2024 09:57,24296.55,350700,476450,182.4,328925,370575,168.6,198075,280100
08-11-2024 09:57,24286,377175,479225,176.1,327350,394800,173.55,208975,275150
08-11-2024 09:57,24278.1,376325,480000,173.8,299800,405475,176.05,210350,273525
08-11-2024 09:57,24282.45,379275,482000,177.55,300125,408450,172.05,220025,268375
08-11-2024 09:57,24286.8,370575,484025,175.6,313275,393850,173.65,213950,276325
08-11-2024 09:58,24277.8,376450,485125,171.1,312700,399550,178.35,218325,280400
08-11-2024 09:58,24270.8,377800,484825,171.2,313025,404850,178.25,220400,280150
08-11-2024 09:58,24282.85,382400,483700,174.05,317100,406150,175.7,218525,286500
08-11-2024 09:58,24278.95,382175,481675,175.6,322350,406725,173.1,220550,296525
08-11-2024 09:58,24284.65,388450,481775,177.9,327750,409175,170.25,222225,305450
08-11-2024 09:58,24282.85,389525,483425,175.8,330175,407250,170.1,216125,309300
08-11-2024 09:59,24288.6,392925,482150,179.15,331925,405550,167.15,211325,311525
08-11-2024 09:59,24291,395575,481550,179,335375,408400,166.6,214050,315200
08-11-2024 09:59,24292,394800,481525,179.85,342400,409275,165.2,215375,330175
08-11-2024 09:59,24296,394525,482950,179.9,341025,415875,166,218225,317150
08-11-2024 09:59,24297.8,397825,481750,179.7,355200,411800,164.5,209775,315675
08-11-2024 09:59,24297.05,390775,481650,180.65,346250,396325,163.8,198375,312100
08-11-2024 10:00,24304,394600,479525,183.95,359600,399175,160.35,200750,312825
08-11-2024 10:00,24307.8,391775,478525,184.1,363300,399800,160.1,196700,314250
08-11-2024 10:00,24300,391125,481875,181.8,365250,408425,162.65,202350,319450
08-11-2024 10:00,24300.85,391775,485775,180,358775,415725,163.95,206925,315800
08-11-2024 10:00,24290,389825,489200,173.6,350125,432275,167.55,214175,312775
08-11-2024 10:00,24278,388125,492175,168.9,298950,434775,172.1,223600,301675
08-11-2024 10:01,24275,389525,485925,169.75,290800,432125,172.65,221425,301050
08-11-2024 10:01,24277,391200,484675,169.8,304600,438125,174.2,225825,308050
08-11-2024 10:01,24281.8,391000,508425,170.05,307050,448400,171.65,226850,320125
08-11-2024 10:01,24279.3,394225,511325,172.1,311975,442825,169.5,213275,329825
08-11-2024 10:01,24275.05,393300,513275,169.05,314975,447900,171.8,215925,332425
08-11-2024 10:01,24278.6,390150,513100,165.1,296850,455575,174.05,226175,321575
08-11-2024 10:02,24275.85,389975,515725,164.05,296450,457125,174.85,235000,321725
08-11-2024 10:02,24277.85,390600,513700,164.1,297375,462350,174.35,233975,318325
08-11-2024 10:02,24275,390625,512075,163.95,300750,453350,173.8,230000,320250
08-11-2024 10:02,24265,390475,509475,159.3,302800,464575,177.4,239100,322025
08-11-2024 10:02,24260,388975,508700,159.25,263150,466425,177.95,245725,311750
08-11-2024 10:02,24272.8,392775,508100,163.6,275950,463250,173.4,245750,318500
08-11-2024 10:03,24275.75,394250,507825,167.5,288275,458850,169.6,232725,329575
08-11-2024 10:03,24276.3,396300,506200,167.25,292450,465125,169.45,217175,331425
08-11-2024 10:03,24277.45,390375,509050,165.55,293875,468400,171.55,222050,336550
08-11-2024 10:03,24272.8,391050,509375,164.45,295525,479425,173.85,229125,338000
08-11-2024 10:03,24277.95,394925,507550,169.7,297325,475400,167.05,229475,350575
08-11-2024 10:03,24280.5,395375,508250,169.55,300050,464900,167.25,218675,354725
08-11-2024 10:04,24278.45,395575,509375,169.65,302850,467475,166.15,219650,359100
08-11-2024 10:04,24277.1,395850,508800,167.25,303200,474250,166.9,215975,351875
08-11-2024 10:04,24286.2,397250,506800,168.5,307250,478225,164.5,220600,355450
08-11-2024 10:04,24269.45,393775,511600,162.8,311250,488575,170.1,220675,356625
08-11-2024 10:04,24270.1,395950,512000,163.9,305575,492550,169.5,226075,348800
08-11-2024 10:04,24272,394975,512300,163.4,314225,492775,169.7,225925,350150
08-11-2024 10:05,24272.55,396775,512575,164.2,318350,496825,169.9,230400,353075
08-11-2024 10:05,24279.05,397400,511450,163.8,324050,497650,170.4,235100,352975
08-11-2024 10:05,24275.65,397175,513450,165.6,320800,500100,169.05,238350,341675
08-11-2024 10:05,24272,396050,515625,163.5,322475,491750,170.9,233825,345425
08-11-2024 10:05,24273,395725,515225,163.15,320975,494050,171.7,236625,341675
08-11-2024 10:05,24274.15,397650,513775,163.35,321050,496075,171.2,236775,345450
08-11-2024 10:06,24266.65,397000,514625,163.6,329450,492000,171.15,235325,347900
08-11-2024 10:06,24271.7,395500,516950,163.1,326375,493475,172.65,244625,345475
08-11-2024 10:06,24274.45,395975,516025,165.85,308150,490850,169.7,243325,329925
08-11-2024 10:06,24276.3,394675,512450,167.95,308950,487375,167.45,236750,334450
08-11-2024 10:06,24275,393900,515750,167.05,318350,489125,167.95,238025,335775
08-11-2024 10:06,24277.45,394575,515200,167.35,320825,492850,166.65,237175,339475
08-11-2024 10:07,24283.65,394825,513850,170.9,325100,478450,162.8,227625,341575
08-11-2024 10:07,24285,395775,514950,170.65,330025,479925,163.7,203650,347250
08-11-2024 10:07,24282.7,395025,515475,171.4,334875,483075,163.8,213650,351400
08-11-2024 10:07,24278,392975,515800,167.1,333050,482550,167.3,225325,346350
08-11-2024 10:07,24275.1,394625,516725,167.25,323225,489625,167.4,227975,343925
08-11-2024 10:07,24279.3,395100,517025,168,326400,492875,165.2,222625,351425
08-11-2024 10:08,24280.2,394775,516775,168.5,323875,497675,164.6,224725,352925
08-11-2024 10:08,24280,395550,517750,168.95,327075,496200,165.3,222875,360550
08-11-2024 10:08,24280.25,395125,517300,169.5,328075,499975,164.55,224150,361425
08-11-2024 10:08,24285.5,395450,518725,172.05,336625,497700,162.15,222325,365225
08-11-2024 10:08,24284.7,394900,518450,172,334750,497375,162.6,224675,350700
08-11-2024 10:08,24290.85,393975,518175,172.8,332350,505200,160.95,223775,354900
08-11-2024 10:09,24285.65,394275,518325,171.75,336975,504075,160.95,218100,356925
08-11-2024 10:09,24292.5,395225,520025,174.4,341700,508575,158,223675,357850
08-11-2024 10:09,24291.75,395725,519250,172.15,347650,484775,160.7,207400,356800
08-11-2024 10:09,24296.25,397400,517225,175.05,345475,486425,158.45,212325,361725
08-11-2024 10:09,24299,398775,517975,175.55,343075,485675,156.8,212875,365200
08-11-2024 10:09,24297,399275,516425,175.7,344725,483900,157.25,213875,364425
08-11-2024 10:10,24300,400250,518500,176.8,347200,489375,155.3,216700,364025
08-11-2024 10:10,24296.15,396800,518275,176,345600,458925,156.65,203500,370825
08-11-2024 10:10,24295,401275,521125,174.05,334300,473800,158,214075,366750
08-11-2024 10:10,24293.2,399650,522850,172.75,334575,479475,161.15,217325,365075
08-11-2024 10:10,24286.8,399600,558075,170.25,341225,488975,162.6,222350,357375
08-11-2024 10:10,24282.8,402250,594225,168.5,330900,491950,163.8,221550,358000
08-11-2024 10:11,24280,398925,617050,167.7,336025,497150,164.4,225500,358100
08-11-2024 10:11,24281,399625,626625,166.8,339350,496975,164.25,223925,358575
08-11-2024 10:11,24285.25,402700,654950,170,347200,494250,159.7,219250,366800
08-11-2024 10:11,24287.45,402675,687825,170.9,352500,496175,159.5,212350,371950
08-11-2024 10:11,24287.15,399800,712375,166.05,351750,502850,161.75,220325,370100
08-11-2024 10:11,24285.9,402075,737575,167.55,340200,502425,158.75,222025,374175
08-11-2024 10:12,24285,402050,746625,167.75,337950,504500,159.2,222925,377200
08-11-2024 10:12,24286.85,402175,767225,170.5,344850,507375,156.75,218900,381325
08-11-2024 10:12,24292.85,401550,804750,170.6,351950,510625,156.8,215800,382525
08-11-2024 10:12,24290.6,402475,810500,171.7,351075,511575,155.85,212425,385000
08-11-2024 10:12,24291,400250,810300,171.65,343950,514125,155.4,216500,386075
08-11-2024 10:12,24290.6,400750,810275,171.15,343200,519850,156.7,220525,386700
08-11-2024 10:13,24297,400750,808050,171.35,345100,517425,155.6,217950,387925
08-11-2024 10:13,24297,400925,808300,173.75,349600,519925,153,214025,391775
08-11-2024 10:13,24303.35,400100,805975,176.8,359025,513300,151,211925,398350
08-11-2024 10:13,24308.5,400750,805100,178.55,367225,516625,150.15,198600,395600
08-11-2024 10:13,24314.7,398725,805475,181.4,364350,519650,147,198600,414225
08-11-2024 10:13,24313,391575,798300,180.4,375900,505975,148.3,193975,412050
08-11-2024 10:14,24313,393475,797450,181.9,372850,507925,146.85,194025,397175
08-11-2024 10:14,24313,393750,796125,180,376250,515250,148,198425,396400
08-11-2024 10:14,24303.95,391650,796200,175.35,359825,530950,151.95,209800,390725
08-11-2024 10:14,24298,388725,796800,172.8,336250,547575,153.4,215200,379575
08-11-2024 10:14,24297.5,391900,797225,174.15,338925,550450,151.8,220125,379325
08-11-2024 10:14,24298,393125,796825,173.35,343475,550475,153.65,212450,389050
08-11-2024 10:15,0,0,0,0,0,0,0,0,0
08-11-2024 10:15,0,0,0,0,0,0,0,0,0
08-11-2024 10:15,0,0,0,0,0,0,0,0,0
08-11-2024 10:15,0,0,0,0,0,0,0,0,0
08-11-2024 10:15,0,0,0,0,0,0,0,0,0
08-11-2024 10:15,24295.5,392825,798850,171.75,353525,568150,153,221325,402925
08-11-2024 10:16,24295.4,393475,798025,171.85,361525,569075,153.05,226975,403525
08-11-2024 10:16,24292.45,394475,800450,169.45,364775,571825,156.75,231725,398575
08-11-2024 10:16,24290,392600,801200,169.65,361275,576550,156.7,240275,393950
08-11-2024 10:16,24290,392575,800700,172.6,366000,578250,153.85,239875,396000
08-11-2024 10:16,24300,395225,800025,174.45,372675,570475,152.15,228575,400550
08-11-2024 10:16,24302.3,397475,801800,176.85,377275,568725,150,225850,406075
08-11-2024 10:17,24309,397325,801750,180.6,385500,561600,148.2,215375,408325
08-11-2024 10:17,24308.8,398725,804350,181.8,395750,547975,147.25,216275,409800
08-11-2024 10:17,24308.8,400150,806700,180.4,398775,546075,148.1,221250,409650
08-11-2024 10:17,24305,399075,809225,178.6,391975,570550,149.3,226525,407175
08-11-2024 10:17,24300.05,398250,809025,174.45,367825,577450,152.15,236000,403825
08-11-2024 10:17,24300,399150,810300,173.8,340425,579875,153.2,236350,405650
08-11-2024 10:18,24301.35,399425,812775,176.6,356975,580475,151.05,238150,413250
08-11-2024 10:18,24300,399850,814650,175.6,362550,579950,152.35,239975,412850
08-11-2024 10:18,24300.15,401325,815800,174.8,365875,570375,153.25,238400,415150
08-11-2024 10:18,24303.65,401850,815025,176.65,372050,577800,152.05,238800,417000
08-11-2024 10:18,24300.05,410875,813825,176.6,373700,579300,151.4,238575,415450
08-11-2024 10:18,24299,447975,815300,176.55,380275,585125,151.65,239225,419900
08-11-2024 10:19,24302.85,485775,815225,175.85,375050,588075,153,239325,416625
08-11-2024 10:19,24303.15,498025,814325,178.75,352375,588975,150.45,239325,418475
08-11-2024 10:19,24303.2,503350,813825,177.6,358575,570200,151.35,236100,425975
08-11-2024 10:19,24300,530525,814500,176.75,360675,579300,151.5,241875,424800
08-11-2024 10:19,24301.6,568950,815050,176.1,365250,585975,151.25,245600,423575
08-11-2024 10:19,24301.65,589975,815700,175.9,367775,594450,150.35,245950,426525
08-11-2024 10:20,24302.05,589425,815450,177.35,365550,598325,149.65,247400,426250
08-11-2024 10:20,24306,589800,815200,178.9,368925,594000,148.45,241325,424475
08-11-2024 10:20,24306.85,591650,815575,180.45,372000,579375,146.6,236300,424250
08-11-2024 10:20,24308,595350,816100,179.2,370600,573200,147.8,241950,426850
08-11-2024 10:20,24308,595850,815250,179.95,373575,576100,147.2,241575,429950
08-11-2024 10:20,24314,596325,815475,181.25,379175,577375,145.45,241225,430900
08-11-2024 10:21,24317.75,597475,813575,182.1,381475,567300,145.05,226975,436025
08-11-2024 10:21,24316.35,594825,812650,183,382100,564200,145.3,231050,433000
08-11-2024 10:21,24314.95,592700,811550,182,385375,564825,145.9,235900,427600
08-11-2024 10:21,24314.35,595025,811425,183.3,384500,566400,144.85,237275,433650
08-11-2024 10:21,24310.3,595450,811150,182.55,389275,561325,145.05,234800,431875
08-11-2024 10:21,24306,591825,809075,180,389675,568075,146.7,235225,434675
08-11-2024 10:22,24308.3,591500,809800,177.1,361825,583175,148.15,241800,426300
08-11-2024 10:22,24300,593550,810950,176.5,357575,586575,149.25,244225,420350
08-11-2024 10:22,24302,591825,809600,175.7,358150,590475,149.85,241300,426700
08-11-2024 10:22,24301.85,591975,811300,175.85,357325,592400,148.5,244675,432650
08-11-2024 10:22,24301.9,591725,810475,177.1,363225,592500,148.6,244425,432275
08-11-2024 10:22,24300.85,592975,810950,176.3,368075,596700,149.9,241375,437250
08-11-2024 10:23,24304.45,593475,811350,175.75,362675,605950,149.25,248650,433825
08-11-2024 10:23,24301.35,592725,812425,176,363675,611200,149.1,251200,431725
08-11-2024 10:23,24302.7,592675,812225,174.55,363275,609300,150.15,249725,434750
08-11-2024 10:23,24302.1,593100,812175,174,353625,610600,150.45,252350,427425
08-11-2024 10:23,24302.05,593575,813425,173.95,352025,614550,149.4,256700,426450
08-11-2024 10:23,24302.4,593275,812800,173.65,346725,615025,149.75,256250,426200
08-11-2024 10:24,24300.05,593275,812250,174.8,354050,612575,149.65,253625,425275
08-11-2024 10:24,24301.9,597725,812900,175.9,360225,610725,148.35,257150,425125
08-11-2024 10:24,24305,597300,813500,178.15,364250,610375,146.85,250350,427425
08-11-2024 10:24,24308,598100,812875,177.15,368725,616000,148,250275,427425
08-11-2024 10:24,24308,598925,813300,175.95,364050,619550,148.6,248450,429300
08-11-2024 10:24,24309.95,598375,814675,177.4,362025,623600,147.2,251625,427075
08-11-2024 10:25,24310,600900,812850,179.7,368250,619400,145.5,244675,429700
08-11-2024 10:25,24310.05,602625,813925,179.95,371575,607875,144.7,241200,437875
08-11-2024 10:25,24313,603325,813025,181.2,370875,604375,143.8,238800,439825
08-11-2024 10:25,24314.7,604050,814250,179.4,366200,609750,145.3,244450,440500
08-11-2024 10:25,24310.8,600825,815650,177.4,367775,615675,146.9,252800,439550
08-11-2024 10:25,24302,599125,818600,172.7,368850,623725,149.5,264950,431500
08-11-2024 10:26,24295,592675,821650,169.25,348725,621000,152.9,264400,417050
08-11-2024 10:26,24294.85,595875,821525,167.9,326100,622775,154.75,266400,405400
08-11-2024 10:26,24294.95,592200,821950,167,330300,622775,155.2,260725,398700
08-11-2024 10:26,24295,593075,823325,167.25,324750,632000,154.65,267025,395125
08-11-2024 10:26,24298,593000,820000,170.2,327650,624100,152.6,265100,400650
08-11-2024 10:26,24299.35,592225,821175,170.5,334200,614400,152.05,258775,409250
08-11-2024 10:27,24298.1,592725,820825,170,334875,620600,151.65,254325,410350
08-11-2024 10:27,24290.85,595700,820125,168.8,339450,627025,153.65,256575,411700
08-11-2024 10:27,24288,594350,820625,165.6,332325,633900,156,262625,412275
08-11-2024 10:27,24280,593600,821625,160.95,331600,636125,159,268200,404850
08-11-2024 10:27,24279.8,593675,819725,162.9,288950,640250,157.95,272075,396100
08-11-2024 10:27,24282.1,591950,821200,161.35,291200,642950,159.35,285150,400175
08-11-2024 10:28,24279.2,595375,823825,163.6,296500,631700,157.7,279300,400675
08-11-2024 10:28,24280.1,594725,822550,164.55,309725,625625,157.2,272900,404775
08-11-2024 10:28,24285,593825,824475,164.4,311575,625700,156.35,267175,410425
08-11-2024 10:28,24286.75,594475,825925,164.5,321175,623950,156.05,265225,416850
08-11-2024 10:28,24280.6,593350,826950,164.15,322100,623325,156.95,261525,418250
08-11-2024 10:28,24286.4,593675,824975,164.55,326850,629650,157.3,261400,411025
08-11-2024 10:29,24283.6,596225,825475,165.4,330575,633625,154.4,264750,421575
08-11-2024 10:29,24283.65,595200,827400,161.1,327900,628875,158,267225,419700
08-11-2024 10:29,24276,594075,827250,159.75,321250,636250,159.15,269550,417275
08-11-2024 10:29,24277,594400,826950,160.65,301775,644450,158.35,272025,415800
08-11-2024 10:29,24278.3,594075,829750,160.8,307800,643275,159.15,274175,417900
08-11-2024 10:29,24283.6,594250,829575,161.6,310175,643400,158.05,275875,421675
08-11-2024 10:30,24283,594650,828650,160.5,312050,645200,157.3,280650,420725
08-11-2024 10:30,24280,595925,828350,160.25,314550,645500,157.55,284525,425025
08-11-2024 10:30,24287.5,597250,827300,162.6,314300,645150,155.4,282100,428225
08-11-2024 10:30,24284.7,598625,828325,162.1,321025,645700,156.15,274625,427850
08-11-2024 10:30,24285.5,599325,829500,162.6,323000,652725,155.45,275625,429950
08-11-2024 10:30,24287.75,600000,827900,164.7,330100,650975,152.75,272475,435300
08-11-2024 10:31,24287.65,600025,828675,164.35,326500,640275,153.65,267425,433250
08-11-2024 10:31,24289.05,601550,828975,165.2,326775,646975,152.9,268375,430525
08-11-2024 10:31,24290,600425,829850,165,330575,647550,153,271500,431725
08-11-2024 10:31,24287.05,600850,831150,162.45,326500,650550,155.55,275325,429525
08-11-2024 10:31,24280,600275,831325,161.2,316600,657350,156.25,278100,430500
08-11-2024 10:31,24280.3,601675,831175,160.8,321575,660450,156.7,279975,431600
08-11-2024 10:32,24277.75,600350,831850,157.95,319450,677925,158.75,282375,431100
08-11-2024 10:32,24280,600325,830575,159.1,305000,676150,157.95,278900,428275
08-11-2024 10:32,24283.35,600575,828900,161.25,315725,660275,155.4,272825,436800
08-11-2024 10:32,24286.1,602025,830725,161.5,314950,658350,155.45,270200,439675
08-11-2024 10:32,24289,602475,830075,161.55,318950,659825,154.6,273775,440125
08-11-2024 10:32,24286.1,602600,829700,161.7,324650,654625,154.2,272250,447275
08-11-2024 10:33,24288.45,602000,830500,160.45,327175,659350,155.55,274050,441550
08-11-2024 10:33,24287.2,603725,831325,161,319300,663925,154.6,274375,443925
08-11-2024 10:33,24281.7,603375,831750,160.7,317875,672000,155.3,278575,442750
08-11-2024 10:33,24286,603800,832200,160.9,320800,672400,154.4,278300,443975
08-11-2024 10:33,24286,603900,831650,160.7,324300,664750,154.4,278250,447375
08-11-2024 10:33,24286,603875,832075,161.95,323875,657600,153.95,272700,448650
08-11-2024 10:34,24285,603050,832700,161.05,328375,662175,154,279025,452325
08-11-2024 10:34,24282,602025,832725,159.05,329500,662450,156,284900,451575
08-11-2024 10:34,24282,601375,833600,158.75,327875,665950,156.55,285475,452075
08-11-2024 10:34,24275,601225,834250,156.2,327900,665750,158.15,288175,442675
08-11-2024 10:34,24274.2,597650,834000,155.65,296525,660600,159,294175,436950
08-11-2024 10:34,24275,601400,833625,155.9,300725,660725,158.1,283650,430375
08-11-2024 10:35,24271.05,595075,838125,151.9,300200,661950,162.35,293125,430350
08-11-2024 10:35,24271,595300,837675,153.05,290000,670150,162.05,296550,409200
08-11-2024 10:35,24271.35,596550,834250,154.6,304425,664825,160.55,290125,411925
08-11-2024 10:35,24281,596875,833200,158.35,310500,661225,156.65,287550,423950
08-11-2024 10:35,24274.55,598525,833550,156.8,316650,649400,158.85,264450,424475
08-11-2024 10:35,24271,598025,834075,155.7,313125,656900,159.5,276725,427725
08-11-2024 10:36,24268.05,596950,835850,154.95,311600,660500,160.2,283200,428700
08-11-2024 10:36,24266,595750,835850,153.8,307475,664150,162.15,297975,427250
08-11-2024 10:36,24267,596625,835600,154.1,312350,664725,161.2,297000,420150
08-11-2024 10:36,24268.2,594550,833900,155.55,317850,662475,160.7,287950,426700
08-11-2024 10:36,24269.9,597825,834750,156.75,323100,653125,159.95,282650,429600
08-11-2024 10:36,24274.55,600825,833925,159,329625,654375,157.15,278450,434950
08-11-2024 10:37,24277.3,599275,834025,160.1,335800,644275,156.25,273150,438450
08-11-2024 10:37,24284.9,597575,834525,160.75,339725,642075,155,268875,442550
08-11-2024 10:37,24284,597950,834775,160.95,340525,642050,154.75,269425,449150
08-11-2024 10:37,24284,598675,834900,161.25,347550,648075,154.1,266875,450300
08-11-2024 10:37,24279.05,596325,839900,160.15,346700,654925,155.8,271275,449025
08-11-2024 10:37,24279,596300,845675,159.9,342775,653275,156,276575,442175
08-11-2024 10:38,24281.25,593850,846750,158.25,335900,661900,158.3,280050,440800
08-11-2024 10:38,24277.95,595425,846400,157.9,323725,664850,158.35,283450,438950
08-11-2024 10:38,24277.95,594700,846500,157,322950,667125,159.5,282150,439375
08-11-2024 10:38,24270.15,595775,847125,155.55,321375,670575,160.85,282100,437650
08-11-2024 10:38,24269.75,596200,847025,156,317575,671350,160.6,282800,436000
08-11-2024 10:38,24274.65,595900,846800,155.4,322800,666750,160.9,280575,441525
08-11-2024 10:39,24270.1,598300,846400,155.8,327150,670725,161.25,282325,440450
08-11-2024 10:39,24270.05,596650,845650,154.6,331300,672475,162.7,284275,441800
08-11-2024 10:39,24272,596075,857850,156,329875,677250,161,288625,419925
08-11-2024 10:39,24272.15,597300,858050,157.25,337250,669325,159.75,280825,423125
08-11-2024 10:39,24277.6,597600,858975,158.8,338025,670300,158.4,275600,428050
08-11-2024 10:39,24276.9,598850,858525,159,336850,668250,157.55,272625,429800
08-11-2024 10:40,24276.2,601050,858775,159,338300,670525,158.15,279875,431875
08-11-2024 10:40,24280.45,600550,858150,160.3,335425,672450,157.35,289250,430725
08-11-2024 10:40,24279.3,600550,858775,159.95,334025,665225,156.15,279725,438900
08-11-2024 10:40,24284,601100,859100,160.6,333825,668150,155.75,283525,439900
08-11-2024 10:40,24284.8,600500,858425,161.25,335950,665025,155.45,286625,441425
08-11-2024 10:40,24285.95,600700,857800,162,336250,662625,154.1,278375,444875
08-11-2024 10:41,24286.95,600775,857875,160.05,339625,662150,156.5,276250,444150
08-11-2024 10:41,24280.2,597250,846925,160.3,334175,663850,156.9,281975,432625
08-11-2024 10:41,24280,596500,846800,158.85,330050,674100,157.8,280475,434575
08-11-2024 10:41,24283.75,597475,846800,158.45,332675,676250,158.25,280975,437600
08-11-2024 10:41,24283.4,596950,847125,159,333900,672750,158,285925,440550
08-11-2024 10:41,24280.5,599125,845550,160.6,339800,671100,156.6,287550,444275
08-11-2024 10:42,24286,599925,844125,159.4,341300,669800,157.4,288650,444775
08-11-2024 10:42,24280.7,601100,844125,158.55,337325,671875,158.8,290125,449050
08-11-2024 10:42,24277.6,600975,845800,156.2,334400,674425,160.35,289975,446600
08-11-2024 10:42,24275.25,599300,845975,156.7,330150,678650,161.4,290250,430650
08-11-2024 10:42,24275,599100,846950,155.55,329275,676675,161.8,292475,426000
08-11-2024 10:42,24274.55,598850,846575,154.95,318900,680025,163.1,296750,418575
08-11-2024 10:43,24270,598825,847625,154.65,322125,685325,163.25,299900,413425
08-11-2024 10:43,24272,600375,846450,155.4,327900,686225,162.65,297300,422300
08-11-2024 10:43,24270,600400,847525,155.3,329750,682000,163.45,304325,419150
08-11-2024 10:43,24274,599000,847925,155.3,327900,684650,164.7,302750,414750
08-11-2024 10:43,24273.95,601925,848150,156,331000,679025,163.8,305225,411675
08-11-2024 10:43,24271.45,602750,848450,156.55,330575,679325,162.4,308050,415500
08-11-2024 10:44,24273.4,603950,849975,155.55,332175,680925,162.1,299550,420500
08-11-2024 10:44,24273.8,603000,850775,154.35,332325,686825,163.95,303350,422200
08-11-2024 10:44,24275.3,604275,850825,155.85,330250,684850,161.3,305050,424625
08-11-2024 10:44,24278.8,602725,850775,156.6,335525,679450,160.6,301225,430075
08-11-2024 10:44,24274.7,603075,851975,154.2,330275,690100,162.65,304700,430200
08-11-2024 10:44,24270.3,602175,850875,153.65,327000,690375,162.75,307025,427325
08-11-2024 10:45,24270.25,600925,851150,153.25,321450,691625,164.15,308500,425750
08-11-2024 10:45,24268.3,603375,849900,153.7,316300,688075,163.75,310775,411625
08-11-2024 10:45,24269.3,603375,850300,153.85,318950,688700,163.4,310275,413825
08-11-2024 10:45,24270,601700,850775,153.4,320575,687025,164.6,313175,412450
08-11-2024 10:45,24266,599225,851400,152,319375,686650,166.7,316750,408425
08-11-2024 10:45,24264.5,601375,852200,154,320125,684800,165.85,316825,403575
08-11-2024 10:46,24260,593425,850625,152,321175,682075,169.1,320925,408850
08-11-2024 10:46,24258,598275,851200,151.3,317850,686275,169.35,326175,399300
08-11-2024 10:46,24258,599650,850625,150.95,290250,684850,168.5,322450,421100
08-11-2024 10:46,24260,600550,850925,151.75,297450,686200,168.4,315800,431375
08-11-2024 10:46,24263.55,601200,851175,152.75,300025,682900,165.05,307475,431525
08-11-2024 10:46,24265.65,602225,850075,154.05,307000,678600,164.6,296350,424875
08-11-2024 10:47,24260,601475,852300,151.6,306800,682425,168.75,299025,423475
08-11-2024 10:47,24264.9,600075,851950,152.1,297675,691200,168.7,308825,420700
08-11-2024 10:47,24271.05,601700,853025,152.95,311975,691575,167.1,306825,427475
08-11-2024 10:47,24271.9,600975,853250,154.55,317300,679875,164.9,307625,435550
08-11-2024 10:47,24263.15,600800,854350,154.1,316550,686450,164.75,301400,436650
08-11-2024 10:47,24264.95,601450,859200,153.4,316325,699025,165.3,301825,444050
08-11-2024 10:48,24265.25,601725,858975,153.25,321500,702475,164.95,305325,444750
08-11-2024 10:48,24267.5,605100,857925,153.9,324875,694300,163.75,306025,445475
08-11-2024 10:48,24265.75,604575,855175,154.25,327475,685575,163.65,296575,449275
08-11-2024 10:48,24265.15,605675,855725,153.5,323850,685375,164.2,297975,447950
08-11-2024 10:48,24269,610675,856075,154.1,325075,684300,162.6,296900,449525
08-11-2024 10:48,24274.75,608350,858750,154.25,328500,682200,161.6,292550,450750
08-11-2024 10:49,24271.9,608275,861375,153,332675,682725,163.45,286275,455650
08-11-2024 10:49,24270,604750,861425,153.6,324425,686300,162.7,289150,446225
08-11-2024 10:49,24270,606100,861225,153.05,328800,685675,163.1,293550,446000
08-11-2024 10:49,24268,603125,861350,152.9,327750,686475,163.6,295750,444750
08-11-2024 10:49,24267.7,605800,861125,152,325300,695500,164.3,294975,438575
08-11-2024 10:49,24267,605750,860600,150.85,326350,694225,166.2,298950,437825
08-11-2024 10:50,24262,603925,860450,149.95,302125,699150,167.65,324125,440650
08-11-2024 10:50,24266.85,607950,861150,151.4,309275,698950,165.85,325125,443575
08-11-2024 10:50,24266.5,608525,860300,152.45,317225,690225,164.15,320450,445050
08-11-2024 10:50,24268.45,608175,860975,154.3,320050,689625,162.6,290625,453275
08-11-2024 10:50,24268.5,605700,861550,153.7,322875,688550,162.95,291700,451700
08-11-2024 10:50,24268.45,605300,861750,153.25,323725,691050,163.5,294000,455450
08-11-2024 10:51,24268.45,605100,863875,153.5,326300,690275,163.05,296275,475950
08-11-2024 10:51,24268.45,604525,863900,152.35,327450,694225,164.1,298775,498875
08-11-2024 10:51,24265,603575,864125,151.1,329050,698625,164.8,303175,495525
08-11-2024 10:51,24262.6,605775,864775,150.95,331125,699225,165.05,303725,495600
08-11-2024 10:51,24262,605250,864700,150.05,333175,701100,165.6,302650,497925
08-11-2024 10:51,24260,606600,865250,148.85,324525,703600,166.7,302175,491300
08-11-2024 10:52,24257.4,604925,865750,148.45,318175,704825,167.15,307500,488725
08-11-2024 10:52,24261.95,603850,865275,148.05,313450,705425,167.45,304700,492625
08-11-2024 10:52,24261.15,603050,865525,149.45,315275,710525,166.5,303700,496150
08-11-2024 10:52,24264.65,602600,864400,149.75,324825,707800,165.85,299575,500050
08-11-2024 10:52,24265,604550,864875,149.65,330025,702450,166,297200,503725
08-11-2024 10:52,24262,603875,863625,150.15,331100,702650,165.4,296275,505200
08-11-2024 10:53,24265.85,601800,863850,151.1,322650,700000,163.7,290625,510000
08-11-2024 10:53,24265,602150,863325,150.45,326925,702600,163.95,287400,482050
08-11-2024 10:53,24265.75,603100,862625,151.2,329850,704325,162.2,289675,474950
08-11-2024 10:53,24265,601300,862100,149.9,325925,706650,164.05,287975,472200
08-11-2024 10:53,24268,604150,862400,152.6,321375,706725,159.7,287600,473775
08-11-2024 10:53,24270,604600,862475,152.9,325275,698200,159.05,261475,478000
08-11-2024 10:54,24272.65,604375,861700,153.1,325700,698750,160,264175,475275
08-11-2024 10:54,24268.95,602675,862900,150.2,325425,701900,163.3,269475,466400
08-11-2024 10:54,24262.4,601025,863700,148.3,315225,703975,165.95,274875,464375
08-11-2024 10:54,24258,600750,863650,147.45,309525,703225,166.1,276100,453850
08-11-2024 10:54,24258,601700,863525,146.8,320875,711350,166.5,282250,457200
08-11-2024 10:54,24259,601125,863825,147.05,319425,715725,166.6,289950,451175
08-11-2024 10:55,24261.2,601725,863625,146.3,330925,712525,167.45,295775,451250
08-11-2024 10:55,24258.55,603000,863875,146.05,324675,711850,167.85,301150,439425
08-11-2024 10:55,24253.8,604000,863850,146.15,315900,715350,167.8,298875,433150
08-11-2024 10:55,24262,606775,863225,148.35,323725,713075,164.35,295575,440425
08-11-2024 10:55,24265.35,604425,861650,149.35,328500,705125,163.2,276350,444850
08-11-2024 10:55,24270,602675,862925,150.3,329875,705225,161.9,274100,444550
08-11-2024 10:56,24268.5,603200,863700,150.15,332875,709950,162.6,273450,448075
08-11-2024 10:56,24265,600750,864425,148.5,328475,720050,164.3,279725,445100
08-11-2024 10:56,24265.1,601100,865200,148.45,327675,718800,165.15,289450,444975
08-11-2024 10:56,24265.1,601300,865350,148.7,329250,728925,164.7,290250,443950
08-11-2024 10:56,24261.05,601525,866225,149.1,329600,732675,163.95,286200,448225
08-11-2024 10:56,24263.05,603225,865325,149.5,334450,733800,163.5,287425,449950
08-11-2024 10:57,24266.4,603100,865175,149.05,337300,736075,164.45,287575,449575
08-11-2024 10:57,24263,603525,866200,148.6,333750,741875,164.3,289425,449700
08-11-2024 10:57,24261.3,604325,866325,148.05,332575,741350,164.6,293125,450875
08-11-2024 10:57,24260.65,605300,865875,148.25,331100,740700,164.5,293900,450525
08-11-2024 10:57,24258.75,604275,869325,147.75,330400,741000,165.7,296075,451550
08-11-2024 10:57,24262,607350,868200,148.3,325675,738350,164.5,291750,449325
08-11-2024 10:58,24259.3,606550,864475,148.25,326425,739950,164.25,292075,450750
08-11-2024 10:58,24260,604925,864550,148,329125,743125,164.2,294025,452900
08-11-2024 10:58,24264,606000,865100,147.9,329900,743025,163.95,295175,452650
08-11-2024 10:58,24263.7,606950,863750,149.55,332800,739275,162.05,291775,459125
08-11-2024 10:58,24263.8,607925,863900,150,330850,731850,161.5,288225,458625
08-11-2024 10:58,24264,607475,863550,149.35,333000,728950,161.9,287975,463925
08-11-2024 10:59,24264.95,607500,864325,148.7,334525,729300,162.65,285700,463925
08-11-2024 10:59,24263.8,607150,864300,149.7,334450,730825,161.3,287750,463750
08-11-2024 10:59,24262.55,606800,864100,149.8,337450,730275,161.35,286300,465100
08-11-2024 10:59,24266.85,609375,866100,151.35,345350,729875,159.25,284375,467900
08-11-2024 10:59,24266.2,608850,866100,151.3,344575,726225,158.4,268825,469175
08-11-2024 10:59,24269.2,607500,866500,151.5,345375,722175,158.4,262250,465750
08-11-2024 11:00,24269.9,606875,867775,149.6,345525,721375,159.85,262325,466100
08-11-2024 11:00,24267.2,608100,869650,149.45,331700,723200,161,263875,457425
08-11-2024 11:00,24270,608675,868725,151.65,335800,724025,158.9,267050,464375
08-11-2024 11:00,24272,608700,867500,153.1,341500,717850,156.25,267250,464700
08-11-2024 11:00,24271.15,608550,866125,152.85,344075,709375,157.05,248775,465275
08-11-2024 11:00,24270,607075,866325,152.3,351225,712225,158.45,252650,468425
08-11-2024 11:01,24268.35,606225,868950,148.8,342225,721375,161.65,258150,461300
08-11-2024 11:01,24265.15,606275,869550,147.25,332400,727375,163,264550,453400
08-11-2024 11:01,24260.95,604475,870050,144.45,325275,728375,166,262225,456825
08-11-2024 11:01,24258.05,605200,869675,146.6,311575,727375,163.9,262425,442275
08-11-2024 11:01,24260,605975,869575,147.2,321650,728200,164,262150,447450
08-11-2024 11:01,24258,604975,869825,145.9,321300,727300,165,268275,451425
08-11-2024 11:02,24259.85,604100,870025,145.5,320425,730625,165.9,294575,453300
08-11-2024 11:02,24259.8,603500,870200,146.35,320250,732350,165.75,296675,449475
08-11-2024 11:02,24257.5,602800,869850,146.55,323225,730600,166.75,295700,446875
08-11-2024 11:02,24258,601800,870525,144.15,323975,730400,167.4,299075,438600
08-11-2024 11:02,24255,601975,870175,143.75,311375,733350,167.3,303075,440425
08-11-2024 11:02,24254,601600,870750,144.05,321875,734900,167.5,300150,444025
08-11-2024 11:03,24253,603475,871025,144.1,320450,732075,166.4,297725,445775
08-11-2024 11:03,24256.95,602325,870850,143.9,322775,733775,166.65,282775,458550
08-11-2024 11:03,24254.2,599950,871225,142.1,319525,735825,169.6,292300,459825
08-11-2024 11:03,24251,600100,870325,142.5,303400,730100,168.6,297725,430075
08-11-2024 11:03,24258,600675,869000,144,303675,723875,166.4,288800,431300
08-11-2024 11:03,24254.4,602200,868725,145.05,309050,723675,165.7,283900,437600
08-11-2024 11:04,24255,605000,869400,144.6,314375,720250,165.25,272675,439350
08-11-2024 11:04,24259,605000,868525,144.55,319900,721725,166,278200,438225
08-11-2024 11:04,24253,605675,870725,143.75,312475,726350,166.7,277225,432725
08-11-2024 11:04,24254.55,607600,869400,144.25,315800,720350,166,281750,439300
08-11-2024 11:04,24254.55,607225,869750,143.85,316100,725350,166.45,282950,441950
08-11-2024 11:04,24254.55,605650,870450,143.1,316150,725775,166.9,286950,443525
08-11-2024 11:05,24256,604250,871000,142.2,313625,721950,167.9,289850,445175
08-11-2024 11:05,24250.2,604275,871575,141.95,314475,722450,168.05,294400,443425
08-11-2024 11:05,24254.55,605700,871225,142.3,318775,720125,167.85,294825,440050
08-11-2024 11:05,24255,603900,870475,142.6,320025,721550,167.45,290750,441975
08-11-2024 11:05,24250.3,605275,871050,142.35,319600,716250,168.55,283975,445700
08-11-2024 11:05,24250.9,604200,871050,142.25,316525,732400,168.1,286075,441275
08-11-2024 11:06,24253.75,602200,870575,141.6,319675,725675,168.85,292350,442600
08-11-2024 11:06,24250,600400,870925,141,322200,726700,168.4,295050,444300
08-11-2024 11:06,24251.8,601875,872625,141.8,324275,728775,167.4,293650,449975
08-11-2024 11:06,24253,602250,872475,141.8,324800,724150,167,284525,453025
08-11-2024 11:06,24250,602150,872775,141.4,331250,727000,167.65,289550,449750
08-11-2024 11:06,24252.85,601450,872575,141.5,334275,722475,167.6,289925,452250
08-11-2024 11:07,24250,599475,872025,140.35,332375,723150,168.9,291175,450575
08-11-2024 11:07,24248.4,598000,872775,139.95,316450,719900,169.5,298775,445125
08-11-2024 11:07,24248.95,596425,873525,140.5,311175,717250,168.95,298175,434275
08-11-2024 11:07,24252,595225,871875,142,309300,715975,167.6,291875,439350
08-11-2024 11:07,24254.9,595925,871525,143.05,316100,710925,166,288175,445650
08-11-2024 11:07,24254.9,596075,871225,143.05,309900,710175,165.6,298850,445375
08-11-2024 11:08,24258.45,596500,871050,143.5,311575,711250,165.25,298650,449600
08-11-2024 11:08,24258.6,595225,871400,143.9,311025,711475,165.35,301225,448375
08-11-2024 11:08,24254.9,595325,870950,142.6,311925,710775,166.2,292875,451025
08-11-2024 11:08,24258.4,597525,870675,144.35,310800,710750,164.15,292125,452750
08-11-2024 11:08,24258.3,599000,870850,144.55,312350,709425,163.35,289350,455375
08-11-2024 11:08,24260,601850,870900,144.75,314350,716450,162.4,289725,460825
08-11-2024 11:09,24259.75,601525,869975,143.55,315325,724050,164.15,287750,457250
08-11-2024 11:09,24254.95,601050,870700,142.45,309875,726475,165.5,293625,453825
08-11-2024 11:09,24254.85,600725,871075,141.75,305825,728825,165.95,294525,453650
08-11-2024 11:09,24255,601850,870825,141.95,309800,728425,165.6,297700,451900
08-11-2024 11:09,24255,600525,871000,141.15,313400,728575,166.4,298000,453575
08-11-2024 11:09,24254.8,602650,871100,141.35,316950,731225,166.1,298475,454625
08-11-2024 11:10,24251.25,602425,871950,141.9,319825,732625,165.45,296925,451125
08-11-2024 11:10,24257.95,604575,871750,143.5,321825,733250,163.5,294775,455225
08-11-2024 11:10,24257.95,602900,871950,143.05,322300,730075,163.55,295075,457875
08-11-2024 11:10,24255.1,602400,871200,143,323650,732375,164.1,293700,460100
08-11-2024 11:10,24257.55,600550,871375,142.4,320575,735000,164.3,297025,459925
08-11-2024 11:10,24257.45,601150,870975,143,320225,732625,163.3,293600,459575
08-11-2024 11:11,24252.55,601250,871000,142.65,318500,731925,163.4,294075,458525
08-11-2024 11:11,24254.55,601550,871150,143.5,320400,732325,162.75,294050,459300
08-11-2024 11:11,24253,601500,871125,142.15,318350,734325,164.35,294775,454200
08-11-2024 11:11,24257.95,601450,870425,143.65,325175,734825,162.5,292850,452125
08-11-2024 11:11,24259.95,602800,870525,143.05,334350,730925,162.55,287575,452800
08-11-2024 11:11,24256.25,602225,871300,143.5,337275,728175,161.9,286325,453075
08-11-2024 11:12,24257.35,602475,870850,143.2,336600,731900,162,287850,453950
08-11-2024 11:12,24257.15,602350,870575,143.1,330875,733250,162.65,289150,456675
08-11-2024 11:12,24257.75,604475,871275,144.05,335350,734550,160.75,290150,461075
08-11-2024 11:12,24262,602900,871650,144.3,339975,727750,160.1,267425,464075
08-11-2024 11:12,24264.7,602550,872600,144.6,341375,727150,160.1,269350,462700
08-11-2024 11:12,24261,602525,872275,143.75,336550,732200,160.85,274325,458050
08-11-2024 11:13,24256.35,602000,872650,142.35,334800,732750,163.15,279175,454075
08-11-2024 11:13,24256,601800,872100,142.45,324700,734500,163.45,283550,452475
08-11-2024 11:13,24261,601650,871900,142.2,325150,734550,163.65,285925,453450
08-11-2024 11:13,24259.85,600825,872325,141.75,325875,737225,164.15,285000,452175
08-11-2024 11:13,24260.3,601225,871500,141.65,326350,737850,164.1,284650,453800
08-11-2024 11:13,24260.3,601000,871325,142.8,328675,737950,162.5,284450,454300
08-11-2024 11:14,24257,602925,871300,142.85,335700,727375,162.95,276600,462075
08-11-2024 11:14,24259.95,604525,871300,142.7,336625,726375,162.95,278350,465775
08-11-2024 11:14,24255.95,604425,871525,142.85,336100,730000,162.75,279975,468175
08-11-2024 11:14,24263.4,606250,870600,143.3,338050,730425,161.55,279800,469625
08-11-2024 11:14,24257.35,604625,871950,143.3,340100,730450,161.8,284275,470950
08-11-2024 11:14,24258.25,605100,871550,143.9,337100,730750,161.2,282475,469475
08-11-2024 11:15,24258.5,605800,871700,143.95,341100,726150,161,279475,469950
08-11-2024 11:15,24264.9,605625,871350,145.25,341225,720225,159.75,280900,470275
08-11-2024 11:15,24266.65,605825,872225,144.25,341200,714475,160.6,273250,465200
08-11-2024 11:15,24265.95,606300,872000,145.3,337225,725150,159.65,275900,468025
08-11-2024 11:15,24262,605250,872050,144.6,339300,721250,161.3,274150,471350
08-11-2024 11:15,24265.2,603250,871700,144.55,341625,725450,161.3,276325,479525
08-11-2024 11:16,24263.4,603825,872125,142.9,344350,732375,162.6,281075,480225
08-11-2024 11:16,24261.55,601650,872225,141.8,332475,738100,164,282275,468350
08-11-2024 11:16,24262.2,601500,872250,142.1,325600,739300,163.85,283850,469200
08-11-2024 11:16,24259.8,600550,872825,140.7,327250,742550,164.7,284700,469075
08-11-2024 11:16,24257.05,600100,872575,139.45,318750,738400,165.7,290650,461175
08-11-2024 11:16,24254.8,600250,872400,139.4,309525,738925,166.2,296650,455750
08-11-2024 11:17,24251.5,600200,872700,139.15,311300,738600,166.3,303050,457075
08-11-2024 11:17,24251.5,599250,872325,138.15,312550,743100,167.35,301550,455275
08-11-2024 11:17,24251.55,597350,872475,138.05,312275,743250,167.25,302475,447775
08-11-2024 11:17,24250.5,593875,873700,138.3,314775,743025,167.4,297625,447825
08-11-2024 11:17,24250,592650,873425,137.05,315450,743400,168.85,305150,446800
08-11-2024 11:17,24250,592650,873500,136.8,316900,745650,169.05,309275,442450
08-11-2024 11:18,24248,592075,873600,136.25,315800,747500,169.5,307700,441850
08-11-2024 11:18,24242.85,592225,874800,135.7,311800,751650,170.15,302475,436050
08-11-2024 11:18,24242.1,591600,874200,135.3,313150,747825,170.3,302375,436050
08-11-2024 11:18,24240.6,591775,874475,135.2,308850,748350,170.5,302825,435250
08-11-2024 11:18,24244,591000,872550,134.85,308975,746125,171.9,303250,433050
08-11-2024 11:18,24239.9,589700,873025,136.55,309575,744100,170.2,309050,431600
08-11-2024 11:19,24244,590075,872250,138.25,316075,741050,168.4,299700,445350
08-11-2024 11:19,24250,591400,873275,139.05,317825,739000,167.15,295300,444300
08-11-2024 11:19,24250,592075,874575,139.45,321550,738525,166.7,292200,446900
08-11-2024 11:19,24253.55,591400,874125,140.5,326025,740500,166.75,291825,446900
08-11-2024 11:19,24253.55,590725,873850,140.45,326125,744450,165.35,291950,451125
08-11-2024 11:19,24248.7,592050,874350,140.4,323900,748625,165.5,283475,450825
08-11-2024 11:20,24248.65,591450,874575,139.9,323175,749875,165.3,288925,453950
08-11-2024 11:20,24254.55,591050,874625,140.4,321050,748625,164.9,292650,455725
08-11-2024 11:20,24254.45,591300,874875,141.2,322575,739575,164.75,295550,456975
08-11-2024 11:20,24250,591475,874875,140.1,322825,743700,164.85,299150,457900
08-11-2024 11:20,24250.4,590975,876000,138.9,315250,749200,166.5,302800,455100
08-11-2024 11:20,24248.2,592475,876425,138.1,311400,750000,166.95,306350,454975
08-11-2024 11:21,24250,592425,876000,139,316550,747175,166.85,305975,453850
08-11-2024 11:21,24250,594975,876175,139.4,320825,749675,165.7,309675,457175
08-11-2024 11:21,24254.45,591775,875300,139.25,319550,749650,165.75,316425,456550
08-11-2024 11:21,24254.05,591850,875700,139.2,321700,752225,166.4,315675,459125
08-11-2024 11:21,24250,591600,875775,138.75,324300,751125,166.5,308275,462725
08-11-2024 11:21,24254.15,591075,875725,139.2,325500,753850,166.1,306950,464200
08-11-2024 11:22,24249.95,590725,876525,138,324375,753225,167.7,308775,465175
08-11-2024 11:22,24252.75,591575,876450,138.05,318175,761150,166.85,308600,459975
08-11-2024 11:22,24250,590675,877550,137.3,316975,761950,168.35,317875,459650
08-11-2024 11:22,24250,589900,876950,137.6,320475,761600,167.85,321175,462775
08-11-2024 11:22,24248.2,589075,877175,136.8,320525,765925,169.15,312375,464175
08-11-2024 11:22,24242.85,589950,876675,136.85,320525,760375,168.4,314575,464675
08-11-2024 11:23,24243,590450,876850,135.9,320225,765600,170.7,318325,464225
08-11-2024 11:23,24239.6,591450,877250,136.35,319925,766000,170.1,324550,454325
08-11-2024 11:23,24239.35,590325,876325,134.6,324325,768575,172.6,327200,454925
08-11-2024 11:23,24245,589875,876900,135.3,318200,767275,173,331275,441300
08-11-2024 11:23,24242.15,587725,880500,137.25,331475,763925,169.75,329775,436450
08-11-2024 11:23,24245,594150,875975,137.25,335475,747475,169,309100,443075
08-11-2024 11:24,24245,591825,877450,137.9,338825,754050,168.7,303925,448250
08-11-2024 11:24,24242,591775,875925,137.55,340225,753200,169.65,306900,449350
08-11-2024 11:24,24246,590375,877000,136.25,333825,753675,170.6,313100,449000
08-11-2024 11:24,24240,590575,876375,135.95,336250,756600,171,314900,450850
08-11-2024 11:24,24244.15,590600,876475,135,337150,759325,172.15,320550,455775
08-11-2024 11:24,24231.25,588625,878275,133.1,330250,761850,176.2,326750,449025
08-11-2024 11:25,24230.5,580425,876275,133.6,320625,758875,176.6,326925,406875
08-11-2024 11:25,24231,579375,876625,133.15,327475,758050,177.75,325850,408125
08-11-2024 11:25,24230.1,582225,877950,133.05,325000,765400,177.4,330050,402125
08-11-2024 11:25,24236.5,581500,878000,132.75,328800,765350,177,327475,406425
08-11-2024 11:25,24236.5,582575,877450,134.1,329750,762075,174.25,317175,420150
08-11-2024 11:25,24236,580500,877025,132.7,332025,771050,176.2,313325,419325
08-11-2024 11:26,24232,581450,880750,131.6,327325,766800,178.8,325550,420825
08-11-2024 11:26,24229,582350,878325,132.1,306575,770525,178,323050,417800
08-11-2024 11:26,24238.45,583975,878275,134.4,312225,765200,174.35,314125,421375
08-11-2024 11:26,24233.75,584175,878775,134.95,304700,753325,174,299325,429075
08-11-2024 11:26,24237.7,583350,877550,134.95,304100,750125,174,298550,433350
08-11-2024 11:26,24237.5,583450,877025,135.05,306350,751825,173,300225,434975
08-11-2024 11:27,24237.5,583375,876950,136.2,309875,749925,172.4,304050,438175
08-11-2024 11:27,24235.5,583325,876200,135.25,314000,745600,173.5,300450,437200
08-11-2024 11:27,24238,584875,877150,135,313450,748125,173.55,303450,441500
08-11-2024 11:27,24237,587075,876850,135.3,311725,746875,173.75,301625,441575
08-11-2024 11:27,24233.45,587975,878250,132.1,311225,751575,178,306275,439225
08-11-2024 11:27,24230.6,586575,878650,132.15,308300,751075,178.45,308725,425550
08-11-2024 11:28,24230,588275,878625,133.25,311375,745925,177,307550,428125
08-11-2024 11:28,24235.75,589400,878250,134.3,315675,743000,176,310400,432875
08-11-2024 11:28,24234.1,588650,879650,134.5,319800,746750,175.55,311175,438375
08-11-2024 11:28,24235.25,589675,879900,134,318325,747075,176.15,314125,442925
08-11-2024 11:28,24230.25,590325,880975,133.65,319900,746400,176.25,316125,442600
08-11-2024 11:28,24230.85,590075,882475,134.35,321125,747250,175.85,318650,441625
08-11-2024 11:29,24231,590025,884400,132.8,322900,744925,177.9,318025,444650
08-11-2024 11:29,24232.05,588250,886150,132.25,316075,746525,178.55,323300,439275
08-11-2024 11:29,24228,589400,887025,131.85,314200,747350,178.6,326425,436400
08-11-2024 11:29,24228,589850,886100,131.85,320500,746875,178.35,330450,439800
08-11-2024 11:29,24230,588425,886350,132.95,328275,746375,177,330250,438525
08-11-2024 11:29,24229.25,582500,885475,133.25,332500,745575,175.8,321500,438650
08-11-2024 11:30,24229.55,584375,883375,133.15,330900,746000,176.55,321700,441675
08-11-2024 11:30,24234,584500,883350,133.65,329900,747300,176.9,326900,441775
08-11-2024 11:30,24234,584300,883275,134,334050,744275,176.6,321600,445150
08-11-2024 11:30,24234.9,583750,882725,134.6,338025,742850,175.55,322175,447950
08-11-2024 11:30,24235.6,584550,882425,135.35,339300,738600,174.15,320400,449275
08-11-2024 11:30,24235,584725,882575,135.65,340750,731650,173.9,301175,452375
08-11-2024 11:31,24238.15,585200,883900,132.75,340100,735625,175.6,300900,454675
08-11-2024 11:31,24228,585625,886525,131.8,321125,741075,179.05,304200,446725
08-11-2024 11:31,24228.65,584400,887600,130.45,319675,740600,181.45,307000,432500
08-11-2024 11:31,24226,582850,887250,129.95,302825,744250,181.3,306350,404275
08-11-2024 11:31,24221.4,582800,887750,130.7,300775,739675,181.65,315025,401100
08-11-2024 11:31,24222.4,581900,887450,131.1,302775,738350,181,313450,406050
08-11-2024 11:32,24225.95,581050,887100,130.15,306025,741350,181.75,314125,409500
08-11-2024 11:32,24224.05,581200,889600,130.6,302175,743550,182.45,318775,409675
08-11-2024 11:32,24221.6,582075,890325,130.85,297625,747150,181.7,320600,407825
08-11-2024 11:32,24225.2,581800,890125,131.5,301225,747750,180.65,313800,423675
08-11-2024 11:32,24225.1,582000,890775,130.7,304175,760375,181.3,309100,424875
08-11-2024 11:32,24226.45,582700,889825,131.55,308050,751825,179.45,297200,427575
08-11-2024 11:33,24227.5,576825,889325,133.75,315125,739650,177.65,289175,432375
08-11-2024 11:33,24228,579025,890550,133.05,328500,738875,178.25,288600,439750
08-11-2024 11:33,24227.75,578100,895225,132.05,323875,748625,180.8,292650,437125
08-11-2024 11:33,24226.6,580325,894625,133.2,322000,745675,178.45,291275,441200
08-11-2024 11:33,24230,581400,896675,133.45,325550,745900,177.95,293850,444725
08-11-2024 11:33,24230.6,581400,895725,134.5,326600,741875,176.25,293400,446675
08-11-2024 11:34,24230.9,578100,895750,134.1,320650,737075,177.1,290525,445875
08-11-2024 11:34,24228.6,578575,895725,134.55,336125,739225,176.95,294600,444075
08-11-2024 11:34,24230,578450,895900,134.65,338725,743675,177.25,295000,445400
08-11-2024 11:34,24228.4,578450,896500,133.25,337250,750850,178.75,306700,447475
08-11-2024 11:34,24225,577150,897925,131.75,319875,752625,181.1,309425,442625
08-11-2024 11:34,24225,577125,897750,132.5,321875,752250,180.55,310500,438800
08-11-2024 11:35,24222.7,577450,899025,131.55,320075,753500,181.65,308375,437525
08-11-2024 11:35,24218.6,577550,897225,131.05,318275,750900,181.35,311325,437200
08-11-2024 11:35,24224.95,567400,891400,131.45,304300,750350,180.2,310600,427250
08-11-2024 11:35,24227.35,569975,893375,131.3,308850,751950,180.15,306950,427200
08-11-2024 11:35,24225,571675,895225,130.7,314700,756450,181.4,311525,425275
08-11-2024 11:35,24227.45,574975,895025,130.75,320575,757700,181.3,315625,427050
08-11-2024 11:36,24225,576175,897025,131.25,326625,755825,181,320500,428075
08-11-2024 11:36,24224.2,577050,895325,131.65,323950,757625,180.1,320200,432025
08-11-2024 11:36,24227.7,577800,894800,132.6,326275,758125,179.35,318375,438200
08-11-2024 11:36,24225,578750,896050,132.3,321675,760550,178.95,318325,438625
08-11-2024 11:36,24229.35,578425,895800,132.2,318550,763775,179.5,318675,437125
08-11-2024 11:36,24229.3,578425,894550,132.55,314300,762825,178.4,311300,461600
08-11-2024 11:37,24229.3,578175,894125,133.7,320500,758925,177,309400,463625
08-11-2024 11:37,24230,579500,893875,133.75,324650,751350,177.5,304400,445100
08-11-2024 11:37,24230,578550,892300,133.35,327100,758600,176.85,305500,442550
08-11-2024 11:37,24230.05,578925,892600,134.55,331600,757975,175.65,305150,444125
08-11-2024 11:37,24232,579300,892450,133.75,331725,758775,176.95,301325,442925
08-11-2024 11:37,24225,579300,894025,132.1,319325,761575,178.85,306150,434900
08-11-2024 11:38,24221.35,579625,892475,131,311950,767925,180.45,309775,431250
08-11-2024 11:38,24221,579200,893000,130.55,312075,771825,181.6,310425,429125
08-11-2024 11:38,24223.8,578100,893250,128.8,311850,773350,182.8,311225,427850
08-11-2024 11:38,24215.15,578100,892475,128.15,284300,775100,184.55,311300,380450
08-11-2024 11:38,24219.6,579325,893825,128.65,287000,771200,184,318525,383675
08-11-2024 11:38,24215.15,580525,893850,128.8,290800,782950,183.55,318700,386350
08-11-2024 11:39,24220.65,581125,895075,129,292225,783225,183.45,318650,395150
08-11-2024 11:39,24218.05,581375,894425,128.95,294125,773175,183,316425,400100
08-11-2024 11:39,24221.85,581500,894425,129.3,302300,772150,183,321300,401200
08-11-2024 11:39,24220,580225,894125,129.6,303725,775425,182,322625,405350
08-11-2024 11:39,24222.05,580425,894775,129,296925,776900,182.1,318675,405775
08-11-2024 11:39,24218.1,577975,895300,128.2,289025,775550,182.45,317400,403850
08-11-2024 11:40,24216.5,577450,895700,128,289875,779675,183.25,324150,405975
08-11-2024 11:40,24215,577475,895775,127.55,307800,784175,184.25,326175,404825
08-11-2024 11:40,24219.3,576250,895425,128.05,291400,784425,183.75,336250,401050
08-11-2024 11:40,24215.05,575825,895400,127.8,292050,782950,183.85,332800,404675
08-11-2024 11:40,24224.55,576100,894750,130.1,293750,780050,179.35,325025,408075
08-11-2024 11:40,24227,577175,894950,130.65,300625,756550,178.3,287625,409925
08-11-2024 11:41,24225.7,577600,894525,129.6,302950,758875,180.15,288725,413500
08-11-2024 11:41,24225.65,578000,895025,130.45,304275,759375,178.8,293750,414050
08-11-2024 11:41,24223,577175,896775,129.7,305400,763400,179.6,295600,414050
08-11-2024 11:41,24220.9,578475,895750,130.2,305525,764600,179.35,297950,421575
08-11-2024 11:41,24223.85,578025,894275,129.95,306425,765475,179,295800,421400
08-11-2024 11:41,24224.45,578650,895250,129.45,309725,762150,180.35,300550,425875
08-11-2024 11:42,24221,578550,896150,129.65,310700,760800,180.05,303550,422875
08-11-2024 11:42,24221,578150,896050,128.05,305375,764350,182.6,306450,419100
08-11-2024 11:42,24223,578550,896425,128.55,316575,763625,182,305525,419925
08-11-2024 11:42,24218.85,578550,895750,129.3,317650,761900,181.05,300125,424375
08-11-2024 11:42,24220,579300,895725,127.8,314000,766625,182.65,305425,422650
08-11-2024 11:42,24222.75,580800,895675,128.4,317125,765650,181.8,306525,430675
08-11-2024 11:43,24223.75,580075,895600,128.9,313050,789950,180.6,301650,431725
08-11-2024 11:43,24222.85,579450,896425,127.75,312575,794600,182.45,298625,433975
08-11-2024 11:43,24220.95,579475,896625,128.4,308275,794525,181.55,298525,431900
08-11-2024 11:43,24220.85,579225,894850,128.35,310125,789200,180.5,297500,431075
08-11-2024 11:43,24224.5,581025,895125,128.75,310950,785675,179.6,297700,433525
08-11-2024 11:43,24220,579275,895175,128,307550,789725,180.4,301100,434675
08-11-2024 11:44,24226,579850,895300,129,311250,789225,179.15,300700,438925
08-11-2024 11:44,24226,579750,894750,130,313500,784625,177.7,299625,441575
08-11-2024 11:44,24227,580675,892175,131.2,316225,768925,176.6,291175,436225
08-11-2024 11:44,24229,580975,892100,131.3,318600,759400,176.8,290250,432575
08-11-2024 11:44,24229,581800,892100,130.55,314625,756925,176.8,289675,431100
08-11-2024 11:44,24225,581250,893075,128.85,312300,760425,179.4,276550,423300
08-11-2024 11:45,24222.1,580875,893375,128.5,311075,761050,179.9,276225,420125
08-11-2024 11:45,24220,580525,898075,127.35,307375,764250,181.4,277175,419825
08-11-2024 11:45,24220.35,580675,898250,127.5,306450,766000,181.25,278400,419750
08-11-2024 11:45,24222,581500,900600,127.85,308725,770525,180.9,280600,424900
08-11-2024 11:45,24218,581775,901475,127.35,306125,774975,182,284450,424150
08-11-2024 11:45,24222,581325,901025,127.2,304275,775975,181.2,283850,424275
08-11-2024 11:46,24220.6,580875,901150,127.15,303525,776475,181.9,284850,421575
08-11-2024 11:46,24218.85,580625,901400,127.8,305850,778200,181.35,284450,414300
08-11-2024 11:46,24220,581775,900275,127.9,309800,772650,181.1,281000,417700
08-11-2024 11:46,24218,580400,902175,127.05,307250,776475,181.8,284700,416550
08-11-2024 11:46,24222,580325,902150,128.35,309300,776725,181,286650,420800
08-11-2024 11:46,24228.35,582450,901350,129.2,311525,773575,178.55,282025,424475
08-11-2024 11:47,24222.55,582800,900825,128.85,314300,765475,179.5,273725,427525
08-11-2024 11:47,24222.1,584575,899425,130.2,315175,760750,177.65,277625,445200
08-11-2024 11:47,24225,582825,899400,129.5,318475,765275,179,303075,443600
08-11-2024 11:47,24220.1,583250,899850,129.1,320925,765550,178.75,303475,422450
08-11-2024 11:47,24225,583850,900275,129.4,318200,766800,178.6,303850,427700
08-11-2024 11:47,24224.05,584375,900800,128.25,315650,771125,180.05,307800,426725
08-11-2024 11:48,24222,584300,901000,127.7,310475,777025,181.15,310825,419275
08-11-2024 11:48,24218,583450,902250,125.4,311825,773775,183.65,312025,418925
08-11-2024 11:48,24219.45,581875,902400,125.95,281600,776300,183,308550,401050
08-11-2024 11:48,24218.05,581500,902050,125.1,279200,778700,184.3,308525,400725
08-11-2024 11:48,24218.95,582100,899775,125.4,278250,778325,183.8,316200,403975
08-11-2024 11:48,24220.15,582550,898650,125.55,283475,783425,182.9,320300,405025
08-11-2024 11:49,24220.15,585500,897700,127.2,288675,772850,180.2,308125,409925
08-11-2024 11:49,24219,584825,898750,127.05,289650,777100,181.15,305225,412500
08-11-2024 11:49,24220,586050,898650,126.8,287600,780075,181.5,307525,413925
08-11-2024 11:49,24222.9,584150,898375,127.2,286650,780175,181.3,311725,416200
08-11-2024 11:49,24221,585275,898925,126.15,283625,781150,182.35,311350,418800
08-11-2024 11:49,24220.75,582950,898875,126,276875,784375,182.3,315725,414700
08-11-2024 11:50,24219,582875,898150,124.4,279450,783600,184.6,312625,419125
08-11-2024 11:50,24216.8,582150,899250,123.6,269250,787925,185,313175,410425
08-11-2024 11:50,24215,581000,899125,123.7,262975,791425,185.4,313600,391375
08-11-2024 11:50,24215.3,580975,899175,124.25,270275,785400,184.1,312150,393100
08-11-2024 11:50,24215,579850,898250,125.6,273875,784225,182.6,305375,395175
08-11-2024 11:50,24218.25,580625,899675,125.15,274725,788000,183.75,306700,399175
08-11-2024 11:51,24221.1,580250,898025,125.8,277150,781625,183.25,312250,406550
08-11-2024 11:51,24223.65,579750,899000,126.5,276650,783600,182.45,316625,404975
08-11-2024 11:51,24223.6,578225,898800,127.15,282300,776450,181.6,314150,411925
08-11-2024 11:51,24215.5,577475,899525,123.55,280750,773875,185.75,319375,410000
08-11-2024 11:51,24206.45,578050,899450,122.95,280500,779250,186.45,318000,398100
08-11-2024 11:51,24207.6,576225,898625,121.45,246450,778025,189.55,321100,369700
08-11-2024 11:52,24205.1,576000,898700,121.55,247700,785050,189.45,330300,367600
08-11-2024 11:52,24205.2,575800,898425,122.45,252100,781600,188.45,321725,372875
08-11-2024 11:52,24206.75,577225,898850,122.75,258525,775175,188.5,320875,374225
08-11-2024 11:52,24213,575875,898625,123.35,262075,775850,186.65,320550,378325
08-11-2024 11:52,24207.85,578050,896800,123.45,265350,776875,186.25,318275,382425
08-11-2024 11:52,24209.95,577825,898050,123.6,267400,777850,186.4,316200,386650
08-11-2024 11:53,24210.7,578325,897625,124.65,273750,768450,185.6,316750,386025
08-11-2024 11:53,24210,576300,898250,123.8,278875,769975,186.8,319325,384300
08-11-2024 11:53,24210,576750,898500,123.45,280750,773500,187.85,322200,388675
08-11-2024 11:53,24210.65,577475,897850,123.05,280075,773300,187.35,325225,389900
08-11-2024 11:53,24212,577050,898775,122.8,275250,775850,187.95,326850,389675
08-11-2024 11:53,24212,577575,898850,122.6,274400,782025,188.35,328500,392325
08-11-2024 11:54,24206.75,578575,898650,121.25,273675,785950,189,328425,392425
08-11-2024 11:54,24204.35,573750,900600,119.45,263225,788775,193.05,334900,381100
08-11-2024 11:54,24200.35,573225,899050,120.1,262625,783775,192.35,335875,364425
08-11-2024 11:54,24204.35,571350,897950,119.75,268175,780525,192.9,335725,367850
08-11-2024 11:54,24196.6,567650,898050,119.35,262775,778625,194.75,339325,362925
08-11-2024 11:54,24202,561400,894400,120.15,260875,778150,193.65,332825,337425
08-11-2024 11:55,24200,561550,895500,120.15,267700,782975,194.45,338925,343025
08-11-2024 11:55,24200,561475,895750,119.1,260225,783525,195.7,343525,345525
08-11-2024 11:55,24195,561125,896800,119.4,257425,784200,195.7,342475,346875
08-11-2024 11:55,24195.25,560650,897450,119.85,262125,789050,194.65,341000,356925
08-11-2024 11:55,24198.85,561375,897425,119.4,261575,790050,194.7,339450,357550
08-11-2024 11:55,24188.3,558025,899775,116.75,251575,796350,201.35,339800,347250
08-11-2024 11:56,24190,553650,898200,117.45,244200,797750,199.5,336275,289625
08-11-2024 11:56,24188,554075,891075,115.85,248575,787500,201.9,318875,296125
08-11-2024 11:56,24186.9,556675,891025,115.65,249375,780725,202.2,314400,295525
08-11-2024 11:56,24194.3,557575,892350,116.15,257700,779475,200.6,309575,301500
08-11-2024 11:56,24193.9,556175,893225,116.1,263400,781150,199,308325,307550
08-11-2024 11:56,24192.55,556750,895150,115,263200,783175,200.15,304350,313750
08-11-2024 11:57,24193,555400,893800,114.35,259025,784475,199.5,306925,315825
08-11-2024 11:57,24188.2,557475,895050,115.05,257700,788950,198.7,300850,318275
08-11-2024 11:57,24190,558525,895875,115.4,269225,778850,198.45,300200,326575
08-11-2024 11:57,24190,557625,895850,116.4,275725,759625,198.3,294900,331025
08-11-2024 11:57,24190,560950,896500,116.6,278475,757950,198.9,297425,330800
08-11-2024 11:57,24186.1,559650,896800,114.5,265525,764050,201.95,300000,325800
08-11-2024 11:58,24185.8,557100,897525,113.25,257875,764350,204.3,321325,307825
08-11-2024 11:58,24186.2,555350,897750,114.25,274150,769700,202.5,327625,306850
08-11-2024 11:58,24186.3,557675,894675,114.85,272500,770225,201.25,320775,312650
08-11-2024 11:58,24189.95,558850,895325,115.85,270875,765150,200,297375,317025
08-11-2024 11:58,24189.9,559350,895225,114.9,269475,761450,201.45,296950,325625
08-11-2024 11:58,24189.9,560375,894900,116.2,272150,762650,199.1,305450,327700
08-11-2024 11:59,24189.55,561350,895300,114.65,270975,766525,201.5,292750,327825
08-11-2024 11:59,24186.5,557950,896750,112.9,278100,769075,204.7,297200,316050
08-11-2024 11:59,24187.25,558950,896225,113.85,277450,772050,203.1,299300,312850
08-11-2024 11:59,24185,558150,897550,112.5,281125,773975,204.4,301550,314750
08-11-2024 11:59,24185,558425,896975,113.25,281325,775900,203.9,301125,314775
08-11-2024 11:59,24185,559750,896425,114.15,289525,775300,202.75,299375,317175
08-11-2024 12:00,24185,559875,896875,114,291225,767275,203.35,296100,319650
08-11-2024 12:00,24187.15,560450,897525,113.85,293525,766950,203.45,300425,317600
08-11-2024 12:00,24182.15,559475,896550,114.55,291400,762200,203.4,299950,315300
08-11-2024 12:00,24185,558450,895450,114.9,281900,761325,202.8,301225,311500
08-11-2024 12:00,24181.55,557850,893650,115.3,281150,762700,202.25,298900,316650
08-11-2024 12:00,24188,556000,895025,114.9,282200,762750,202.1,307250,320175
08-11-2024 12:01,24180.65,556250,894400,114.35,276225,768750,203.25,302300,330075
08-11-2024 12:01,24180.7,552650,895650,114.8,283175,768025,202.3,302350,333875
08-11-2024 12:01,24180.05,548750,895950,115.25,294650,768325,201.5,299025,340075
08-11-2024 12:01,24188,549975,896650,115.65,285525,766475,200.7,297300,344725
08-11-2024 12:01,24189,548900,896325,115.4,286975,767700,200.9,291050,353550
08-11-2024 12:01,24186,549700,896450,115.4,286400,770350,201.1,291300,353800
08-11-2024 12:02,24181.15,547875,898900,114.55,284900,771650,203.35,291725,355200
08-11-2024 12:02,24181.6,550900,897075,115.2,275175,773000,201.75,290500,337500
08-11-2024 12:02,24183.75,551450,896050,116.05,282525,770200,200.5,291500,341950
08-11-2024 12:02,24195.4,553125,897700,117.5,286400,765050,196.35,285200,347875
08-11-2024 12:02,24191.85,550900,899200,117.6,285750,760225,196,270625,349825
08-11-2024 12:02,24194.65,552200,898900,117.1,287600,757950,197.2,273825,359950
08-11-2024 12:03,24190,552300,901400,115.5,276900,761450,199.95,277150,354425
08-11-2024 12:03,24188.9,556000,899850,116.7,280750,761425,198.4,273950,360625
08-11-2024 12:03,24188.35,557025,898850,115.55,280500,766875,200,276675,361150
08-11-2024 12:03,24185.3,555425,900100,115.85,279075,769925,198.85,276850,364100
08-11-2024 12:03,24190,555025,899300,115.6,282700,769875,199.3,276675,366500
08-11-2024 12:03,24190,554700,899350,115.4,281625,772700,199.4,276975,366825
08-11-2024 12:04,24186,554450,902175,114.5,277650,772225,200.85,276575,363050
08-11-2024 12:04,24186.75,556775,902100,116.45,287250,771000,197.5,275225,360325
08-11-2024 12:04,24191.9,555400,901725,115.8,290150,766950,197.8,270325,365175
08-11-2024 12:04,24189.9,556350,900925,116.2,289825,768600,197.8,271500,363325
08-11-2024 12:04,24191,556525,900925,116.25,289175,768650,197.55,273000,363350
08-11-2024 12:04,24189.25,556925,901675,115.95,292650,769150,197.2,279650,353800
08-11-2024 12:05,24192.9,562200,902725,115.45,291400,767700,197.4,268325,353850
08-11-2024 12:05,24195.85,552475,903200,116.05,289750,770300,196.45,266975,355050
08-11-2024 12:05,24194,550550,904250,116.5,289450,766025,195.65,266775,353400
08-11-2024 12:05,24197.7,550725,902375,116.8,294600,764700,195.05,266325,352725
08-11-2024 12:05,24194.85,549900,903725,115.95,292225,762300,196,265000,352675
08-11-2024 12:05,24195,542850,903850,115.15,285800,764925,197.3,269150,344250
08-11-2024 12:06,24195.65,542775,904525,115.3,290525,767825,198.2,270350,333500
08-11-2024 12:06,24190,541725,904775,114.2,284775,769175,199.25,269350,332225
08-11-2024 12:06,24187,540400,904900,114.15,281975,772675,200.05,269500,308525
08-11-2024 12:06,24190.95,539800,905175,113.25,284200,775575,200.75,275275,298300
08-11-2024 12:06,24188,540925,905500,112.6,299325,776275,201.5,276725,299600
08-11-2024 12:06,24185,540400,905875,111.3,295400,780150,203,277575,295475
08-11-2024 12:07,24185.5,539950,905275,111,272300,782225,204.5,281300,292350
08-11-2024 12:07,24184.15,539750,905425,112,335100,781475,203,285525,293100
08-11-2024 12:07,24182.25,539850,906125,110.7,337300,780825,204.6,284750,290575
08-11-2024 12:07,24180.75,539575,908025,110.85,275100,780675,204.85,286650,281650
08-11-2024 12:07,24178,536450,908050,110,276075,785900,205.8,288725,279950
08-11-2024 12:07,24178.75,534750,912375,110,265500,791225,206,287400,274775
08-11-2024 12:08,24178,534250,916775,110.05,268250,791575,206.6,287825,273800
08-11-2024 12:08,24180.85,535500,916525,110.1,266125,796150,206.1,288950,276875
08-11-2024 12:08,24179.95,536050,915725,110.1,268775,793950,205.85,289150,279925
08-11-2024 12:08,24178.85,535575,916350,111.05,271100,792900,204.4,284500,280175
08-11-2024 12:08,24179.1,536450,915675,111.95,277125,787825,202.8,283375,285550
08-11-2024 12:08,24183.85,536975,914725,112.05,279500,790050,202.8,281775,287350
08-11-2024 12:09,24183.45,537275,917375,111.2,283500,795875,205.15,280500,289100
08-11-2024 12:09,24182.75,538700,917525,110.75,280325,794975,205.35,280325,283650
08-11-2024 12:09,24182.3,546525,918175,110.9,285000,794550,204.55,282350,283300
08-11-2024 12:09,24180,546975,917675,110.75,283300,790600,205,282975,283725
08-11-2024 12:09,24184.5,537700,917250,111.6,288975,785950,203.4,281125,286175
08-11-2024 12:09,24181.45,538125,916750,112.05,293225,789250,202.1,281300,286050
08-11-2024 12:10,24181.45,538475,917650,111.05,292150,793125,204.25,282600,288225
08-11-2024 12:10,24181.55,537275,916750,111.55,284375,792675,203.75,284775,289725
08-11-2024 12:10,24183.7,538425,916325,112.4,288050,796575,202.4,287000,289350
08-11-2024 12:10,24181.7,538175,917400,111,318650,795425,204.2,289325,299875
08-11-2024 12:10,24183.8,537875,918775,111,292225,800900,204.45,294275,292300
08-11-2024 12:10,24181.95,537100,916625,111.75,332750,799350,203.55,289775,292575
08-11-2024 12:11,24180.95,538950,919200,109.85,338275,798300,207.4,289300,295950
08-11-2024 12:11,24179.05,537525,918400,111.4,291550,801375,204.15,288825,284475
08-11-2024 12:11,24180.85,541175,916450,111.25,286800,798650,204.85,291075,288225
08-11-2024 12:11,24180.85,541600,915775,110.75,288775,799175,204.6,295075,294375
08-11-2024 12:11,24181.7,541675,914750,112.55,309025,795725,202,293025,304550
08-11-2024 12:11,24182.65,542150,914375,113.25,308025,781375,200.35,270100,308775
08-11-2024 12:12,24182.9,542275,913125,114,314250,780975,199.25,268050,307750
08-11-2024 12:12,24185.15,542800,911375,115.3,315975,784175,196.4,265125,303825
08-11-2024 12:12,24191,540175,918100,114.75,311500,780350,197.1,269500,303000
08-11-2024 12:12,24191,539875,918500,114.75,315150,825725,197,272450,309500
08-11-2024 12:12,24193.8,541075,918625,114.9,318950,841700,196.15,278425,310025
08-11-2024 12:12,24191,542525,917525,115.4,322900,838100,194.75,274375,311625
08-11-2024 12:13,24191,541225,917125,114.7,324500,792700,196.2,264425,310625
08-11-2024 12:13,24191.5,541875,917725,114.65,320150,793325,196.5,268225,315425
08-11-2024 12:13,24191.55,541825,918350,114.6,323325,796325,197.8,268325,317050
08-11-2024 12:13,24192,541925,917450,115.8,323675,799600,194.65,269650,321300
08-11-2024 12:13,24193.3,542125,916000,115.45,324725,803450,195.65,273000,321700
08-11-2024 12:13,24195.45,540550,916375,114.75,320300,811125,197.2,278625,322575
08-11-2024 12:14,24193.1,541075,917475,114.7,317725,814700,197.45,279325,320275
08-11-2024 12:14,24192.7,540875,916025,114.3,325250,820050,198.05,278725,324100
08-11-2024 12:14,24192.9,540825,916725,114.55,323450,823525,197.15,278700,325950
08-11-2024 12:14,24193.8,541350,916250,114.75,319525,823975,196,277150,328425
08-11-2024 12:14,24192.9,541225,916075,114.05,317050,826875,196.8,277000,331250
08-11-2024 12:14,24190.5,540425,917900,113.15,313625,828850,197.75,279750,328600
08-11-2024 12:15,24190.75,541075,916525,113,312975,827700,198.75,278625,318475
08-11-2024 12:15,24190.5,541300,916550,113.05,313575,829275,198.3,279475,320400
08-11-2024 12:15,24187.15,541250,914725,112.5,314150,827100,199.3,281000,322325
08-11-2024 12:15,24187.1,541350,914300,112.4,314250,825050,199.6,281300,315825
08-11-2024 12:15,24187.7,542175,913550,111.85,310800,828350,200,282550,316000
08-11-2024 12:15,24188.5,542800,913575,112.25,309600,827925,199.5,282025,308075
08-11-2024 12:16,24190.85,543300,911775,114.55,314950,825725,195.85,274725,309350
08-11-2024 12:16,24192.95,543675,912625,114.9,315825,824875,195.35,275675,310325
08-11-2024 12:16,24194.35,543875,913900,114.65,319225,824225,196.15,277900,312950
08-11-2024 12:16,24195,541800,913775,114.8,323975,827125,195.3,280650,315075
08-11-2024 12:16,24193,542200,913700,114.55,320550,822200,195.5,274025,319000
08-11-2024 12:16,24192.75,542525,913850,113.6,320750,829250,197.9,280125,317250
08-11-2024 12:17,24191.6,541175,914100,112.65,313425,830350,197.95,280800,315200
08-11-2024 12:17,24190.55,541775,912575,114.6,318725,830450,195.45,278975,317300
08-11-2024 12:17,24197,542000,912875,115.4,330550,828825,193.6,280900,318350
08-11-2024 12:17,24199,542375,911600,115.5,327900,823550,193,268625,320150
08-11-2024 12:17,24200,542950,909525,115.55,330375,823150,193.75,266500,320100
08-11-2024 12:17,24195.1,542600,910450,114.8,326625,822825,194,267075,316800
08-11-2024 12:18,24193.25,543500,910975,114.55,323050,827775,195,272575,316500
08-11-2024 12:18,24196.45,542025,911300,115.1,332375,831200,194,271500,326125
08-11-2024 12:18,24199.85,543450,911975,115.25,335450,828425,194.05,269525,327950
08-11-2024 12:18,24197.95,542675,910475,116.2,338150,827575,192.2,271600,328750
08-11-2024 12:18,24201.85,543975,909275,117.2,339350,822950,189.2,273525,329125
08-11-2024 12:18,24207.45,547000,903150,118.2,344100,814400,187.85,251225,325775
08-11-2024 12:19,24210,547450,902325,119.05,345650,811025,184.7,249850,328400
08-11-2024 12:19,24215,548450,901725,120.35,354350,796375,183.1,248550,323900
08-11-2024 12:19,24211.2,548325,904075,120,353275,783575,184.1,245425,319000
08-11-2024 12:19,24209.85,545800,904300,119.2,339125,795925,186.2,251725,306250
08-11-2024 12:19,24207.45,546200,904675,118.75,337750,797875,186.7,251100,309400
08-11-2024 12:19,24209.6,544375,905275,117.9,335100,809550,188.1,254900,310850
08-11-2024 12:20,24207.55,544475,904825,117.85,334225,813300,188.45,257300,309750
08-11-2024 12:20,24204.95,542625,906350,117.5,333675,817775,189.3,258750,311125
08-11-2024 12:20,24199,542475,907600,116.5,335025,819475,190.6,261175,304375
08-11-2024 12:20,24204.95,542400,906700,117,335975,817350,190.2,257675,308000
08-11-2024 12:20,24202,542450,906325,117.55,337925,815700,189.25,261425,307025
08-11-2024 12:20,24207,543150,906050,119.65,345875,813975,185.45,260625,309025
08-11-2024 12:21,24212.1,544275,904050,120.85,345825,811400,184.2,254775,313550
08-11-2024 12:21,24212.45,544125,907000,120.75,343825,807000,184.2,256850,313275
08-11-2024 12:21,24214,544275,908250,120.7,345675,807550,184.25,259425,315125
08-11-2024 12:21,24212.55,544225,908500,121.65,353475,805725,183.95,259750,313750
08-11-2024 12:21,24216.05,544775,909200,121.35,355700,800500,182.85,260250,311625
08-11-2024 12:21,24211.15,544775,909250,119.8,354250,810900,185.4,258850,310525
08-11-2024 12:22,24210,544025,908000,119.15,335100,810500,186.25,265925,307600
08-11-2024 12:22,24204.75,544800,906950,119.35,337075,805825,186.05,263100,308675
08-11-2024 12:22,24209.15,544875,908350,118.1,336625,809550,187.5,265500,308000
08-11-2024 12:22,24200.75,544525,907725,118,327500,810575,187.7,267075,308300
08-11-2024 12:22,24200.35,544425,907150,117.8,327975,811650,188,269100,311475
08-11-2024 12:22,24200.3,544425,907750,117.8,331775,815450,188,268525,311425
08-11-2024 12:23,24200.75,545900,908900,117.75,328800,818275,188.4,269700,311625
08-11-2024 12:23,24206.2,546575,907450,117.85,335600,817650,187.85,266075,312175
08-11-2024 12:23,24201.25,545550,907025,118.6,335850,820575,186.95,266000,316600
08-11-2024 12:23,24209.8,546625,907150,118.8,338925,816200,187.65,265375,318375
08-11-2024 12:23,24201.1,546525,908450,117.05,333600,821525,189.9,262725,315975
08-11-2024 12:23,24202.2,544675,912875,116,321550,829975,190.85,263000,304925
08-11-2024 12:24,24202,545625,913625,115.45,314025,829275,191.65,263000,305225
08-11-2024 12:24,24200.6,546025,912675,115.25,306325,828775,191.75,264725,305925
08-11-2024 12:24,24195.1,548350,915275,115.35,313150,832075,192.1,263125,302425
08-11-2024 12:24,24195,548625,917925,114.75,322050,835700,193.3,267825,295750
08-11-2024 12:24,24198.15,547600,918250,114.55,317050,842525,194.45,270750,283725
08-11-2024 12:24,24197.3,547825,918475,114,312550,840625,194.05,268550,281000
08-11-2024 12:25,24195.25,548250,918400,113.85,317225,839100,194.7,272600,283400
08-11-2024 12:25,24195,548175,917950,114.45,315100,835300,193.85,271625,285725
08-11-2024 12:25,24198.1,548650,918400,114.4,313250,828575,194.25,289375,287650
08-11-2024 12:25,24198,548100,919300,115.35,314075,827200,193.7,288700,287575
08-11-2024 12:25,24195.15,548525,919325,116.4,315700,829975,191.3,272775,287025
08-11-2024 12:25,24199.35,549025,916975,115.65,317775,826175,192.45,273875,287350
08-11-2024 12:26,24200,549375,917750,116.6,318075,825875,191.75,275150,290200
08-11-2024 12:26,24206.9,549850,917700,118.45,320225,825125,189.15,269200,290100
08-11-2024 12:26,24205.25,550650,918625,118.2,320300,814900,189.2,266625,289700
08-11-2024 12:26,24205,550925,919850,118.55,320275,819400,189.05,269550,281775
08-11-2024 12:26,24208.95,551575,919050,119.45,324050,817475,188.05,267350,281100
08-11-2024 12:26,24208.25,551575,920975,119,324650,817325,188.45,269300,282725
08-11-2024 12:27,24204.6,550500,923250,117.4,322875,821300,190.6,319525,283950
08-11-2024 12:27,24200,550850,923650,117.25,321400,825100,190.95,322275,291075
08-11-2024 12:27,24201,550800,923300,116.65,319725,823475,192,322525,299575
08-11-2024 12:27,24201,550750,953150,117.3,322075,824025,192.3,324075,302575
08-11-2024 12:27,24203.95,550225,986525,117.75,324250,823400,191.5,325800,301825
08-11-2024 12:27,24203,550525,1016525,118.9,327950,823250,190.25,322750,304875
08-11-2024 12:28,24203.25,550400,1053025,117.55,329925,824075,191.95,324200,306725
08-11-2024 12:28,24202.95,549950,1077425,117.6,319250,826725,192.65,322225,301750
08-11-2024 12:28,24200,549125,1115100,116.7,319225,831975,193.35,324100,303250
08-11-2024 12:28,24201.7,549050,1113875,117.1,320525,831875,193.3,325325,303875
08-11-2024 12:28,24202.05,548750,1113700,117,321075,829825,192.5,325525,303775
08-11-2024 12:28,24202.95,551100,1115350,118,329225,832950,191.05,324850,307525
08-11-2024 12:29,24200,551950,1115125,117.4,330175,834200,192.3,276175,308225
08-11-2024 12:29,24201.65,551850,1115550,116.75,327275,837525,193,276725,308575
08-11-2024 12:29,24199.75,551250,1115875,116.15,326625,837175,194,279475,308750
08-11-2024 12:29,24200.1,551200,1116075,116.05,323500,836925,194.7,280175,302425
08-11-2024 12:29,24199.65,551000,1116475,115.95,325925,836875,194.2,279075,306050
08-11-2024 12:29,24199.65,550650,1117575,116,327350,838000,194.4,277700,306425
08-11-2024 12:30,24199.65,550175,1117400,116,332325,835050,194.3,274950,307400
08-11-2024 12:30,24198.1,550900,1116175,117.85,332025,834475,191.1,273700,312950
08-11-2024 12:30,24199.95,551950,1114675,117.85,332750,834250,190.4,274825,312650
08-11-2024 12:30,24202.95,552500,1114900,118.7,330775,835375,189.5,275250,311825
08-11-2024 12:30,24203,552600,1115675,118.4,329750,836100,190.35,273550,310325
08-11-2024 12:30,24202.9,551200,1115300,118.3,328650,836675,190.55,274775,310600
08-11-2024 12:31,24203,551825,1114900,118.1,329575,836525,190.55,268400,311850
08-11-2024 12:31,24204.55,552450,1114475,119.45,329500,837250,187.6,267875,314550
08-11-2024 12:31,24205,553325,1114200,119.3,329125,836400,188.45,267925,314850
08-11-2024 12:31,24209,553775,1114475,120.9,337800,826750,186.55,264475,317000
08-11-2024 12:31,24209.95,554300,1114800,121,340150,819450,186.2,263200,318250
08-11-2024 12:31,24209,554025,1114125,120.65,338900,822550,186.9,266475,317350
08-11-2024 12:32,24210,553625,1115425,122.65,339750,824125,184.3,265650,320750
08-11-2024 12:32,24214,553575,1113625,123.9,341925,801900,182.9,258250,317375
08-11-2024 12:32,24215,553250,1113900,123.65,342425,800075,183.6,260750,315900
08-11-2024 12:32,24210.35,553050,1114125,123.1,346100,828875,184.6,263775,317300
08-11-2024 12:32,24214.35,554700,1114675,122.5,331025,834975,185.2,264350,311975
08-11-2024 12:32,24212.65,554750,1115725,121.2,329675,842875,186.7,269500,310825
08-11-2024 12:33,24212,553975,1114725,120.9,331200,843525,186.85,271200,315575
08-11-2024 12:33,24212.05,552650,1116550,122.9,336375,837525,184.35,270625,314900
08-11-2024 12:33,24215,553625,1116400,122.9,342525,836950,185.1,270075,317675
08-11-2024 12:33,24216,554175,1117300,123.6,347600,842200,183.95,268775,319675
08-11-2024 12:33,24216.65,554300,1116050,123.85,347000,840075,183.5,270275,317125
08-11-2024 12:33,24217.4,554125,1115125,124,346250,837675,183.15,270200,321800
08-11-2024 12:34,24217.15,554650,1115875,124.2,350175,838825,183.4,273300,323550
08-11-2024 12:34,24218,556200,1116425,124.15,348975,838175,181.85,272200,323900
08-11-2024 12:34,24220,554550,1113325,124.7,350850,815675,181.25,255075,318875
08-11-2024 12:34,24221.45,554950,1116050,125.1,349475,816800,181,253875,317575
08-11-2024 12:34,24218,555250,1115950,125.35,349425,820450,180.65,256150,321125
08-11-2024 12:34,24220,555075,1114575,126.1,352350,819575,179.45,253675,319100
08-11-2024 12:35,24219.15,556750,1114675,125.55,352125,818875,180.3,253575,318875
08-11-2024 12:35,24220.65,554550,1116800,124.6,339450,822050,181.7,257775,311675
08-11-2024 12:35,24218.1,554925,1114975,126.1,343075,824200,180.2,256900,312025
08-11-2024 12:35,24222.5,555850,1114200,126.85,345900,797500,178.85,251125,312825
08-11-2024 12:35,24223.05,554525,1114925,126.05,348450,802175,180.8,254575,313625
08-11-2024 12:35,24220.05,554625,1115675,126.55,366450,805925,180.45,255250,313775
08-11-2024 12:36,24222.1,554950,1116200,125.75,360325,807675,180.6,266750,312625
08-11-2024 12:36,24217,553925,1117300,124.95,346850,811825,182.4,270425,310550
08-11-2024 12:36,24218.05,555300,1117500,124.7,338025,819850,181.95,274300,309200
08-11-2024 12:36,24218.05,555675,1117075,124.5,352850,813325,181.8,278025,308525
08-11-2024 12:36,24219.05,554900,1117125,125.15,343050,815925,181.55,279100,310375
08-11-2024 12:36,24218.05,554600,1118050,125.25,343650,816875,181.45,277400,309250
08-11-2024 12:37,24218.05,552375,1118550,124.5,347400,823425,182.55,274875,308650
08-11-2024 12:37,24222,554950,1115875,125.5,357775,824875,180.25,271300,312475
08-11-2024 12:37,24223.85,557075,1117100,126.65,363600,823300,179.25,268300,313625
08-11-2024 12:37,24225,557350,1113925,127.8,378175,826150,177.4,266900,309400
08-11-2024 12:37,24225,556850,1112850,128.55,382550,823500,176.45,264200,312675
08-11-2024 12:37,24226,558125,1112075,127.65,382000,862400,177,266150,312075
08-11-2024 12:38,24226,560175,1110400,128.25,380850,857700,176,265075,309025
08-11-2024 12:38,24229.7,562150,1113175,128.95,384600,851900,176.15,252700,311375
08-11-2024 12:38,24227.65,558575,1115975,127.5,385225,875625,177.5,256575,311625
08-11-2024 12:38,24226.55,557525,1114450,127.55,370000,885800,177.15,259275,311150
08-11-2024 12:38,24224.2,365325,1114225,126.25,375100,889675,179.05,262250,311625
08-11-2024 12:38,24223.15,364350,1117550,125.75,364675,891425,180,262800,309125
08-11-2024 12:39,24223.25,365725,1116800,125.35,365500,896750,181.05,265375,306125
08-11-2024 12:39,24223.95,366700,1118500,125.5,357425,898800,180.35,265425,308750
08-11-2024 12:39,24225,365750,1117175,126.15,357125,898650,178.6,269125,311175
08-11-2024 12:39,24224.45,367875,1116650,126.65,359925,897800,179.3,267000,312625
08-11-2024 12:39,24225,368025,1115575,128,366000,894625,178,268300,315225
08-11-2024 12:39,24225,367025,1115075,128.4,369000,918200,177.25,268500,315950
08-11-2024 12:40,24226,367550,1115850,127.2,365575,929625,178.1,270300,314050
08-11-2024 12:40,24227,366550,1115100,127.25,370550,938600,177.1,269825,318400
08-11-2024 12:40,24225.6,366625,1117150,126.05,370900,863625,179,269975,317775
08-11-2024 12:40,24226,367475,1115550,126.8,364250,886375,178.5,271175,317775
08-11-2024 12:40,24225.8,369550,1115950,126.85,367300,902850,178.7,271725,318500
08-11-2024 12:40,24229,366375,1116475,127.85,371425,904925,176.95,270575,319350
08-11-2024 12:41,24225.8,366325,1116050,127.85,374100,901300,177.35,266050,320050
08-11-2024 12:41,24231,367975,1113725,130.35,380425,896575,174,265750,320300
08-11-2024 12:41,24231.95,368375,1113600,130,378150,824925,174.45,260200,318150
08-11-2024 12:41,24232,368200,1113900,129.7,370225,829600,175.6,263950,319225
08-11-2024 12:41,24225,368525,1115950,128.65,369850,854400,175.6,264075,318225
08-11-2024 12:41,24227,367625,1115775,128.55,367950,856100,175.25,265975,315500
08-11-2024 12:42,24227,368000,1115775,128.45,368525,856350,175.6,266750,315150
08-11-2024 12:42,24228.9,368125,1115775,129.5,369825,856225,174.85,268500,316575
08-11-2024 12:42,24229.7,367500,1115850,129.05,370125,851750,175.05,267350,317625
08-11-2024 12:42,24229.7,367425,1115375,129.1,371250,856725,174.75,267025,318750
08-11-2024 12:42,24229.7,367775,1115350,129.5,372950,855050,174.4,266200,318575
08-11-2024 12:42,24229,367550,1116500,128.8,370150,859050,175.5,265300,316900
08-11-2024 12:43,24227.05,367250,1116325,127.5,367075,876900,176.5,268700,316525
08-11-2024 12:43,24229.1,366700,1116825,127.3,359700,877550,176.45,266525,313475
08-11-2024 12:43,24226.7,366575,1115075,126.75,359625,879150,176.95,264525,315775
08-11-2024 12:43,24228,366900,1115850,127.9,362825,877625,175.6,267825,316575
08-11-2024 12:43,24228.45,367050,1115875,128.15,372700,878125,175.5,270600,314150
08-11-2024 12:43,24225.3,367475,1115100,128.8,376600,872700,174.55,264975,316550
08-11-2024 12:44,24230,367250,1114750,129.3,379700,870950,173.65,263675,317300
08-11-2024 12:44,24230,368325,1114750,130.15,381050,865950,171.95,265650,322300
08-11-2024 12:44,24228,369600,1113075,130.5,382675,866550,171.9,268000,322600
08-11-2024 12:44,24230,368225,1113475,129.5,383175,871925,172.3,266575,319325
08-11-2024 12:44,24232.5,369400,1113625,131.05,381700,873000,170.45,266225,319375
08-11-2024 12:44,24236.2,370275,1112575,131.35,387900,858900,170.5,259875,331425
08-11-2024 12:45,24236.8,368050,1112200,131.1,387775,856275,170.65,261400,320725
08-11-2024 12:45,24239,367700,1111800,133,391200,860000,169.45,262500,322075
08-11-2024 12:45,24239,367425,1109200,133.05,398600,813750,170.65,261850,330875
08-11-2024 12:45,24235,367775,1110450,131.95,395975,837875,172.6,264800,316750
08-11-2024 12:45,24235,367250,1113625,130.2,387175,847575,174.6,268175,315875
08-11-2024 12:45,24229.8,366000,1115225,129.05,371050,873175,175.9,268675,313025
08-11-2024 12:46,24228.85,364225,1115450,127.55,356300,877575,177.65,271075,310875
08-11-2024 12:46,24228.85,366200,1115450,127.4,357750,873350,177.8,276175,312200
08-11-2024 12:46,24226,365525,1115550,127.3,357425,876825,177.55,276325,313875
08-11-2024 12:46,24227.55,365475,1115925,126.9,356400,845775,177.35,274050,315250
08-11-2024 12:46,24226.75,364950,1115975,125.85,356675,846225,178.25,274600,315050
08-11-2024 12:46,24220.05,363500,1114400,125.95,350625,844725,178.55,274600,314300
08-11-2024 12:47,24221,363900,1115150,125.8,351025,844400,178.55,281575,312825
08-11-2024 12:47,24220,364700,1114950,126.3,349875,841475,178.7,282375,310900
08-11-2024 12:47,24220.2,364525,1114775,125.8,340800,842650,179.3,282300,307975
08-11-2024 12:47,24224.6,365250,1113475,129.25,374400,841650,175.2,279275,312450
08-11-2024 12:47,24228,363700,1111350,129.2,374000,837675,175.4,269975,313500
08-11-2024 12:47,24229.45,363875,1111525,129,372325,837725,175.75,272175,316750
08-11-2024 12:48,24225,363600,1113125,128.1,353250,841300,177.05,274125,318875
08-11-2024 12:48,24225,363075,1113700,126.8,347100,847725,178.7,275150,317800
08-11-2024 12:48,24219.05,363825,1113500,126.1,343675,849550,179.75,277700,316300
08-11-2024 12:48,24223.35,367000,1113600,126.35,365725,852225,179.8,281225,303875
08-11-2024 12:48,24220,367200,1113775,126,366925,847775,180.3,280875,304350
08-11-2024 12:48,24220.1,366750,1113475,126.25,350750,847925,179.95,277650,303450
08-11-2024 12:49,24220.45,366650,1113550,126.05,352250,878075,180.1,274950,305725
08-11-2024 12:49,24224.9,366825,1113000,127.3,350400,876500,178.65,275775,307150
08-11-2024 12:49,24220.5,368550,1113325,127.3,354275,875925,178.7,275500,310150
08-11-2024 12:49,24224.9,368750,1113050,127.55,353125,876100,177.65,277425,311800
08-11-2024 12:49,24221,369250,1113350,127.35,353100,877225,177.7,276875,314475
08-11-2024 12:49,0,0,0,127,350925,906575,177.95,278075,314200
08-11-2024 12:50,24223.9,369550,1113025,126.35,353200,900025,178.3,277200,315625
08-11-2024 12:50,24221.1,369300,1113025,127.2,348075,878525,177.75,277975,313775
08-11-2024 12:50,24221.5,368650,1113300,125.35,348175,878575,180.7,279625,312650
08-11-2024 12:50,24220.1,368425,1113275,127.35,349500,857350,178,281525,309825
08-11-2024 12:50,24222,367525,1113450,127.65,352150,856200,178,280325,310800
08-11-2024 12:50,24222,368875,1111725,127.8,353200,873800,177.65,280400,310600
08-11-2024 12:51,24222.95,368625,1111750,127.35,353925,875125,178.2,279325,311625
08-11-2024 12:51,24221.55,369250,1111675,128.35,352150,879225,177.6,288100,310450
08-11-2024 12:51,24221.1,369175,1111625,128,355225,854000,178.45,282175,313525
08-11-2024 12:51,24222,369700,1111650,127.45,350025,868225,179.4,287850,315050
08-11-2024 12:51,24223.85,370375,1111575,128.4,349625,877400,178.25,288950,316150
08-11-2024 12:51,24222,368075,1111350,127.65,348450,882000,178.95,286150,317025
08-11-2024 12:52,24220.5,369725,1112425,125.95,349900,884250,180.8,285975,319000
08-11-2024 12:52,24220,371225,1112250,126.95,348500,881450,179.3,286575,316400
08-11-2024 12:52,24224.9,372325,1112300,129.35,353400,857450,176.85,285875,317500
08-11-2024 12:52,24226.1,371950,1110750,130.15,354700,843775,175.9,278050,319875
08-11-2024 12:52,24224.4,368325,1109625,129.9,352400,842925,176.4,283175,323550
08-11-2024 12:52,24224.35,367750,1109300,128.95,354300,864975,179.1,285400,323450
08-11-2024 12:53,24218.65,367775,1109925,127.3,351225,869050,180.25,285625,321150
08-11-2024 12:53,24219.05,368425,1109900,127.35,359325,852625,179.75,285900,322100
08-11-2024 12:53,24223.65,368125,1109975,126.6,357650,851075,180.45,287150,322300
08-11-2024 12:53,24220,368875,1110275,127.05,359700,858825,180.25,286375,324475
08-11-2024 12:53,24219.1,368775,1110300,127.05,358525,860125,179.8,288800,324200
08-11-2024 12:53,24223.4,368725,1110275,127.8,360950,859475,178.9,287275,325775
08-11-2024 12:54,24223.4,368400,1109750,127.8,366575,871975,179.05,287450,326200
08-11-2024 12:54,24219.5,368375,1109850,127.7,366575,873175,179.2,287175,324525
08-11-2024 12:54,24223,367375,1109225,127.1,365675,872600,179.75,286100,324375
08-11-2024 12:54,24221.45,367150,1108850,128.75,368825,850750,178,283100,325225
08-11-2024 12:54,24221.7,367700,1108575,129.7,366500,849875,177.4,283450,326375
08-11-2024 12:54,24226,367325,1108400,130.95,369325,846325,175.7,283125,327750
08-11-2024 12:55,24229,367700,1108425,131.65,370950,837425,174.15,278425,328900
08-11-2024 12:55,24229,368050,1108325,131.4,371750,851925,174.3,272850,329675
08-11-2024 12:55,24228,368850,1108200,131.75,376125,854150,174.35,274850,329725
08-11-2024 12:55,24228.1,368900,1107900,132,376850,853800,174,273525,329025
08-11-2024 12:55,24231.9,368950,1106175,130.45,377475,855300,175.1,274500,330025
08-11-2024 12:55,24225,367875,1106100,130,366800,858175,176.1,276425,328200
08-11-2024 12:56,24230,368125,1106950,129.8,361900,860275,175.8,276650,327425
08-11-2024 12:56,24230.55,368625,1107150,129.4,363900,862525,176.05,276025,329150
08-11-2024 12:56,24230.55,367750,1106975,130.8,364600,860850,175,277125,328625
08-11-2024 12:56,24229.8,370050,1107000,132.8,363900,851150,173.45,275800,332000
08-11-2024 12:56,24230,368325,1108925,131.45,363175,842950,174.6,277875,332175
08-11-2024 12:56,24228.5,367475,1109025,131.7,370525,845450,173.6,278050,334650
08-11-2024 12:57,24232.95,368650,1110025,129.9,366725,850375,176.2,278900,334225
08-11-2024 12:57,24225.65,368375,1110600,130.55,360350,851325,176.2,282775,333475
08-11-2024 12:57,24228,368425,1111150,130.2,363025,855500,176.05,280675,333725
08-11-2024 12:57,24228,367800,1111025,129.75,358475,855425,176.35,282375,333300
08-11-2024 12:57,24229.95,367925,1111275,129.75,358775,853575,176.35,281925,333150
08-11-2024 12:57,24229.95,367550,1111175,129.55,356300,853275,176.5,277150,331975
08-11-2024 12:58,24225,366900,1111525,128.75,353000,856975,177.45,278200,329875
08-11-2024 12:58,24225,366775,1111275,128,347400,856975,177.6,280925,328500
08-11-2024 12:58,24225,367625,1110825,128.7,349750,856225,176.7,281800,328600
08-11-2024 12:58,24224.15,367825,1110925,129.25,350900,854775,176.45,281250,327800
08-11-2024 12:58,24229.15,368100,1110750,128.45,351625,855700,176.85,283700,328650
08-11-2024 12:58,24226,367150,1110525,128.7,349400,855725,176.25,283575,327825
08-11-2024 12:59,24226,367950,1110600,128.95,351050,851175,176.1,284050,330450
08-11-2024 12:59,24229,367600,1110325,129.35,351375,853925,176.5,284700,330650
08-11-2024 12:59,24229.15,368350,1110350,130.15,352400,845375,174.9,278750,330250
08-11-2024 12:59,24233,369250,1109475,131.15,354375,845800,173.7,280100,331500
08-11-2024 12:59,24230.5,369050,1107725,132,352650,844725,172.85,280600,333250
08-11-2024 12:59,24230.5,367875,1107225,131.6,351525,842575,173.15,275300,333275
08-11-2024 13:00,24232.5,368600,1103700,132.15,353225,840200,172.35,272975,334725
08-11-2024 13:00,24233.95,368800,1103600,132,353175,841750,172.45,272600,334375
08-11-2024 13:00,24232.5,367475,1103775,131.2,349050,842525,173.7,273850,330250
08-11-2024 13:00,24230.1,367675,1104475,129.5,342600,848050,175.9,276000,328625
08-11-2024 13:00,24225.75,367600,1102550,130,340825,849550,174.8,278650,330525
08-11-2024 13:00,24226,369025,1103575,130.15,344450,849750,174.75,278725,331500
08-11-2024 13:01,24226.5,368800,1103575,129.6,346500,848500,175.45,280075,334275
08-11-2024 13:01,24225.2,369625,1103350,129.8,348475,852225,175.2,281675,333600
08-11-2024 13:01,24225.1,369300,1103625,129.55,347200,849050,175.3,281350,330300
08-11-2024 13:01,24230,370500,1103125,130.6,351400,849300,174.35,281000,331825
08-11-2024 13:01,24224,369400,1103300,129,344275,849375,175.75,281750,331100
08-11-2024 13:01,24224,370250,1103075,129.4,347600,852650,175.8,280900,328700
08-11-2024 13:02,24224,369075,1102975,128.45,349125,856750,177.35,283225,329175
08-11-2024 13:02,24224,369775,1103175,128.45,340200,856525,176.6,282200,330050
08-11-2024 13:02,24225.2,371075,1103975,128.6,339750,859500,176.35,283275,335950
08-11-2024 13:02,24234.45,371100,1103325,130.8,344000,859975,173.25,281150,335325
08-11-2024 13:02,24228,370775,1103900,130.2,347125,853625,174.15,279500,337600
08-11-2024 13:02,24228,371125,1102475,130.4,348850,858325,174.25,279225,336350
08-11-2024 13:03,24228,370050,1102950,129.85,349350,860200,174.8,280025,334100
08-11-2024 13:03,24228,369325,1102075,128.95,349075,860475,176.1,283600,334975
08-11-2024 13:03,24230,369875,1102175,129.5,345200,860525,175.25,282875,334750
08-11-2024 13:03,24226.4,369200,1101925,128.55,345600,860250,175.95,282850,335800
08-11-2024 13:03,24228.05,369750,1101950,128.25,339500,866100,176.25,281150,334900
08-11-2024 13:03,24226.5,368675,1102275,128.5,342900,866925,175.95,284450,339750
08-11-2024 13:04,24230,369425,1102175,128.45,344275,873000,176.25,283050,339375
08-11-2024 13:04,24230.65,371100,1101850,130.9,345950,869300,173.25,278900,342425
08-11-2024 13:04,24232.8,372475,1101275,131,350950,856375,172.8,275100,342725
08-11-2024 13:04,0,0,0,131.6,352650,854250,172.65,273625,344200
08-11-2024 13:04,24231.55,372500,1101175,132,343775,852925,171.4,275675,343725
08-11-2024 13:04,24235,372750,1100725,133.1,345200,843000,170.05,273000,345450
08-11-2024 13:05,24235.15,372025,1099500,132.4,348425,826625,171.65,264250,342375
08-11-2024 13:05,24236.8,372250,1099475,132.95,348225,827300,170.9,266125,343325
08-11-2024 13:05,24240.35,372725,1099175,133.5,344650,828575,170.1,268150,344050
08-11-2024 13:05,24240.6,372925,1097400,132.6,343675,827500,171.6,265425,344525
08-11-2024 13:05,24239.1,371300,1096500,130.85,336700,833125,173.1,266550,339100
08-11-2024 13:05,24237.4,369725,1095450,130.7,334150,834575,173.45,268550,341200
08-11-2024 13:06,24235.05,369525,1096100,130.7,335575,841475,173.45,270450,344450
08-11-2024 13:06,24236.8,369550,1097300,129.8,330875,847975,174.45,272575,342225
08-11-2024 13:06,24233.2,370025,1098725,129.15,334500,846450,175.65,273375,343125
08-11-2024 13:06,24231.55,369300,1098325,129.35,331650,847850,174.7,272850,334425
08-11-2024 13:06,24232.75,369575,1097350,129.5,333300,850450,174.7,278100,335925
08-11-2024 13:06,24233,370225,1097125,130.45,336475,849475,173.15,277000,336875
08-11-2024 13:07,24237.5,370425,1101775,131.4,339575,849250,172.3,276575,334525
08-11-2024 13:07,24237.5,370600,1101450,132.35,344250,846575,172.15,274100,335525
08-11-2024 13:07,24239.7,370975,1102200,132.1,345800,850400,171.9,273175,336725
08-11-2024 13:07,24237,370725,1102350,131.25,344625,856575,172.65,275050,335850
08-11-2024 13:07,24236.15,370750,1102150,132.4,350175,854425,170.7,273550,337525
08-11-2024 13:07,24239,371075,1101900,133.7,352250,846300,169.65,270175,335625
08-11-2024 13:08,24240.9,370750,1102200,132.85,352150,843000,170.1,267600,335900
08-11-2024 13:08,24238.4,371625,1102375,134.6,352775,843500,168.05,267200,338025
08-11-2024 13:08,24240,372000,1102075,134.35,352450,823625,168.55,263150,340200
08-11-2024 13:08,24240,371875,1102650,134.3,354125,830575,168.1,267425,339725
08-11-2024 13:08,24242.5,371475,1102775,133.15,350475,836750,169.25,267300,339150
08-11-2024 13:08,24242.55,370950,1102900,134,350675,843125,168,267525,338625
08-11-2024 13:09,24242.55,371500,1102375,134.25,353350,837850,167.25,270350,341625
08-11-2024 13:09,24242.55,372875,1100925,134.55,353850,835000,166.8,271775,343100
08-11-2024 13:09,24245.35,372000,1100275,133.9,350075,828625,167.4,269350,342875
08-11-2024 13:09,24245.65,372850,1099975,134.6,350050,828950,166.4,271450,338950
08-11-2024 13:09,24242,372525,1099750,133.65,351275,829525,167.45,271375,337125
08-11-2024 13:09,24244,372525,1099050,133.45,350150,831925,167.3,272525,336150
08-11-2024 13:10,24246.45,372700,1098900,133.45,351750,831425,167.85,273700,336150
08-11-2024 13:10,24245.8,372600,1099000,134.4,357925,834050,166.6,272550,342450
08-11-2024 13:10,24245.8,373275,1099650,134.15,359175,829400,166.45,272700,342800
08-11-2024 13:10,24245.8,373725,1099725,136.45,363375,828050,163.4,270675,342800
08-11-2024 13:10,24255,375150,1098400,138.9,363475,809800,161,264725,342050
08-11-2024 13:10,24260,375725,1088475,140.55,371575,776625,157.8,245975,343475
08-11-2024 13:11,24260.35,378750,1083875,142.3,372100,759500,157.15,243950,338450
08-11-2024 13:11,24258,376050,1084675,140.75,370700,765650,158.5,248150,337175
08-11-2024 13:11,24260,376975,1084675,140.3,362175,765975,158.75,256875,342675
08-11-2024 13:11,24261.25,375725,1086275,139.55,341325,773550,160.45,263925,345375
08-11-2024 13:11,24256.1,376575,1088675,139.55,347325,776600,159.8,264575,334550
08-11-2024 13:11,24254,376275,1088875,138.85,342975,786300,160.95,279350,334475
08-11-2024 13:12,24254,376975,1087800,138.45,340950,786600,161.15,279875,338800
08-11-2024 13:12,24257,377375,1087300,141.5,344600,784825,157.35,282200,336525
08-11-2024 13:12,24252.65,376150,1086875,140.15,346825,774450,159.2,257800,341250
08-11-2024 13:12,24255,376850,1087375,139.75,341750,781275,159.55,269625,343775
08-11-2024 13:12,24256.4,377075,1087700,138.5,347575,786450,160.9,271050,334825
08-11-2024 13:12,24255,377075,1090750,138.1,334100,789275,161.2,271925,342775
08-11-2024 13:13,24258,376600,1090200,139.9,344625,790950,159.65,257600,348350
08-11-2024 13:13,24257,377025,1089400,141.45,350425,787250,158.7,257875,350925
08-11-2024 13:13,24258,378025,1090125,141.35,358100,781750,158.3,256125,351400
08-11-2024 13:13,24259,378225,1088225,142.2,362300,779600,157.5,258225,348650
08-11-2024 13:13,24260,377225,1087150,141.6,362375,776550,158,258350,344550
08-11-2024 13:13,24262,378050,1087550,141.55,354250,784150,157.5,258525,343950
08-11-2024 13:14,24262,380725,1087800,142.05,360825,789400,157.35,261725,344525
08-11-2024 13:14,24262,381250,1087850,143.05,370150,790950,156.1,265625,342925
08-11-2024 13:14,24262,381150,1087375,142.95,381975,796650,156.45,261450,343225
08-11-2024 13:14,24263.9,380950,1087025,143.2,388725,802575,156.4,267025,342550
08-11-2024 13:14,24264,380850,1087150,143.45,390000,802250,155.2,268000,343050
08-11-2024 13:14,24265.75,379750,1087175,141.9,390000,795775,157.15,269075,344725
08-11-2024 13:15,24264.95,379725,1087350,141.5,369075,804725,157,274200,336900
08-11-2024 13:15,24264.85,380300,1087825,143.4,362050,812225,155.8,277125,336950
08-11-2024 13:15,24263,381250,1089200,141.7,371375,807150,157.5,274700,338250
08-11-2024 13:15,24260,379300,1088625,139.2,359650,812875,159.65,281625,332300
08-11-2024 13:15,24259.2,376925,1088175,139.55,338250,817925,160.6,286500,329375
08-11-2024 13:15,24257.95,375675,1088475,139.45,332475,824675,161.05,283800,332125
08-11-2024 13:16,24253.8,376600,1088450,138.6,333525,822100,161.7,280675,334900
08-11-2024 13:16,24255,375650,1088625,140.15,330175,826125,160.1,281950,332075
08-11-2024 13:16,24251,376050,1087925,138.8,331175,860475,161.9,286475,334050
08-11-2024 13:16,24252,375925,1088325,138.35,337250,861900,161.65,301450,336275
08-11-2024 13:16,24255,377250,1089100,139.4,338625,827250,160.8,291425,337700
08-11-2024 13:16,24255.95,376575,1089550,137.85,338475,827100,162.25,292500,335900
08-11-2024 13:17,24255,376350,1088850,138.7,332225,832100,161.65,291350,336150
08-11-2024 13:17,24250.9,376025,1089500,139.05,339250,834300,160.7,288200,338025
08-11-2024 13:17,24250.65,376025,1089825,139.65,337700,834600,160.4,280950,345375
08-11-2024 13:17,24253.95,375900,1088175,139.65,340500,834675,159.95,279925,348625
08-11-2024 13:17,24253.95,376625,1088500,139.45,344025,837000,160.15,280450,349775
08-11-2024 13:17,24255,377425,1088225,140.15,352950,837575,159.45,282325,347000
08-11-2024 13:18,24257,376825,1088000,140.75,355450,838525,159.05,282300,346825
08-11-2024 13:18,24256.05,377125,1088550,140.5,355500,837050,159,282225,345975
08-11-2024 13:18,24256.05,375575,1089900,139.9,353400,839100,159.6,284475,344350
08-11-2024 13:18,24259.6,375525,1089550,140.45,346600,843850,159.55,284175,348100
08-11-2024 13:18,24260,377275,1088725,141,350750,857050,158.55,301975,347875
08-11-2024 13:18,24255.2,377300,1087875,141.9,349950,839875,157.85,282450,348350
08-11-2024 13:19,24260,377475,1088225,143.05,348175,835925,157.65,278075,348400
08-11-2024 13:19,24262,377575,1087775,143.1,349575,830725,157.75,278100,350825
08-11-2024 13:19,24260,378350,1087900,142.7,350250,843275,157.6,282600,348825
08-11-2024 13:19,24262.85,378600,1087900,142.15,350975,841750,158.85,283550,350025
08-11-2024 13:19,24258.3,377425,1090225,139.2,343225,850750,161.15,288875,345600
08-11-2024 13:19,24258,377225,1090150,139.85,337650,857150,161.1,287225,336425
08-11-2024 13:20,24256,377225,1090875,138.6,338700,859625,162.2,290200,337025
08-11-2024 13:20,24254.95,376425,1090550,139.25,341200,861125,160.95,289500,340525
08-11-2024 13:20,24255,376600,1090075,139.2,342150,860900,160.55,291650,345075
08-11-2024 13:20,24255,378525,1089750,141.55,344975,856550,158.7,290025,344775
08-11-2024 13:20,24258.15,378775,1089775,139.55,346675,855075,160.55,292325,345575
08-11-2024 13:20,24257.75,378750,1090700,139.65,342300,856125,160.4,293150,342700
08-11-2024 13:21,24261.35,381725,1090875,140.7,345600,857750,159.7,291450,347625
08-11-2024 13:21,24256.6,380125,1090450,142.35,354150,857000,157.95,293000,349425
08-11-2024 13:21,24261,380050,1090350,144.35,356600,852675,156.85,286700,348025
08-11-2024 13:21,24259,380825,1090325,142.55,360425,834900,158.15,284525,345825
08-11-2024 13:21,24262,382000,1089900,143.2,360800,841300,157.3,288750,355825
08-11-2024 13:21,24270,382400,1089825,147.3,380950,841975,154.4,289200,361175
08-11-2024 13:22,24275,383325,1087900,149.55,379000,782975,152.9,276450,357850
08-11-2024 13:22,24276.65,384400,1081200,149.5,377025,758900,153.7,279800,355900
08-11-2024 13:22,24275.25,381700,1079125,148.55,370775,757050,154.7,285375,349675
08-11-2024 13:22,24274.4,382900,1079650,148,360250,762350,154.3,288475,346975
08-11-2024 13:22,24274,384375,1080275,149.6,361050,769000,153.3,289700,345550
08-11-2024 13:22,24274.2,386300,1080250,147.3,361050,773950,154.35,287775,346300
08-11-2024 13:23,24273.4,384775,1080150,148,353425,776900,154.3,290575,344750
08-11-2024 13:23,24275,388325,1078600,149.85,364850,771425,153.9,289175,344650
08-11-2024 13:23,24273.4,389025,1078025,148.8,368100,771500,154.2,291125,342775
08-11-2024 13:23,24275.35,387000,1077500,148.9,361875,774050,153.8,290050,344600
08-11-2024 13:23,24276.1,387175,1078325,148.6,361225,776400,154.45,310625,345925
08-11-2024 13:23,24274.85,385375,1078200,148,361775,781775,154.25,308875,348775
08-11-2024 13:24,24274,387275,1078650,147.05,359825,787475,154.45,295125,347325
08-11-2024 13:24,24273.25,387050,1080125,145.2,351100,793250,154.85,290700,339275
08-11-2024 13:24,24270.8,386975,1077875,144.65,343000,794700,155.7,291100,339675
08-11-2024 13:24,24270.85,388025,1076225,144.3,334400,800550,155,292125,340375
08-11-2024 13:24,24271,386450,1077875,145.4,346475,793425,153.8,288750,345650
08-11-2024 13:24,24273,386025,1077250,145,347200,796850,154.55,289225,343450
08-11-2024 13:25,24275,389875,1074600,147.5,353075,794600,152.35,284175,345450
08-11-2024 13:25,24277,390450,1074250,148.45,357400,788900,151.5,282225,345450
08-11-2024 13:25,24281.05,391625,1070100,149.6,356650,786275,150.9,267650,340200
08-11-2024 13:25,24282.1,388650,1073350,150.2,358650,736325,149.85,252975,338275
08-11-2024 13:25,24281,388725,1073475,150.45,362750,744525,149.4,257700,343550
08-11-2024 13:25,24282,387625,1071075,150.55,363050,751600,148.7,257750,344425
08-11-2024 13:26,24280,389400,1071425,149.6,366175,755925,149.4,261250,344350
08-11-2024 13:26,24279.5,388250,1071875,150.7,351975,758850,148.25,267250,342025
08-11-2024 13:26,24280,388750,1071850,149.7,346075,763950,149.3,265575,343550
08-11-2024 13:26,24279.25,389350,1073550,148.35,347600,778725,150,265550,344375
08-11-2024 13:26,24273,385900,1074250,147,343125,782925,151.15,271550,355025
08-11-2024 13:26,24274.6,385850,1073400,146.1,328275,784525,151.9,275775,353925
08-11-2024 13:27,24272.8,384775,1073825,144.9,330925,783775,153.75,282175,353700
08-11-2024 13:27,24270.95,385200,1074050,144.3,320125,784900,154.3,283925,346100
08-11-2024 13:27,24263.35,385650,1073225,143.7,320375,790500,154.55,284275,346200
08-11-2024 13:27,24269.2,385925,1074950,143.85,323100,795750,154.25,279050,349400
08-11-2024 13:27,24269.85,385475,1074700,143,325000,807825,154.8,276325,350375
08-11-2024 13:27,24270,386200,1075350,144.05,327300,804175,153.85,274675,352525
08-11-2024 13:28,24269.95,385075,1077550,143.85,327550,805800,154,281125,352925
08-11-2024 13:28,24270.95,385025,1077775,143.95,329550,809425,153.5,284250,351000
08-11-2024 13:28,24270,386075,1079125,145.7,338950,802275,152.45,284750,351125
08-11-2024 13:28,24274.05,387075,1080800,145.8,343925,798050,151.35,283050,352750
08-11-2024 13:28,24271.7,386925,1082525,146.7,346550,803100,150.5,275375,355000
08-11-2024 13:28,24273.95,388000,1085675,146.95,347175,810525,150.45,278625,355300
08-11-2024 13:29,24266.5,387625,1087000,144.4,342125,816550,151.75,279325,351400
08-11-2024 13:29,24274,387400,1087225,147,338550,816275,149.25,283300,352375
08-11-2024 13:29,24270,388725,1087375,145.6,337275,807000,150.5,265575,352700
08-11-2024 13:29,24274,388025,1087125,146.75,339900,807850,149.8,269125,355825
08-11-2024 13:29,24273.95,387475,1087575,146.3,342700,814925,150.5,272300,357125
08-11-2024 13:29,24274,388150,1088425,147,339450,825650,149.25,277675,361125
08-11-2024 13:30,24277.7,388175,1085725,148.4,348625,815800,147.55,268875,368900
08-11-2024 13:30,24274.25,387150,1085525,149.3,350900,812400,147,263650,371275
08-11-2024 13:30,24277,388025,1085750,148.65,352400,818100,147.45,263625,370250
08-11-2024 13:30,24280,388625,1085975,148.25,351400,821400,148.4,267550,368675
08-11-2024 13:30,24279.1,387650,1083825,148.1,346650,824550,148.45,272825,358575
08-11-2024 13:30,24279,387700,1083500,147.45,345100,828725,149.15,272050,361275
08-11-2024 13:31,24276,385750,1083200,147.25,338650,832600,149.55,275900,358950
08-11-2024 13:31,24275.9,386825,1083725,145.25,338900,838025,151.2,274600,358200
08-11-2024 13:31,24273.05,385750,1085375,144.05,332000,839650,152.3,277725,352850
08-11-2024 13:31,24272.9,385625,1084725,144.5,331600,841575,152.35,280525,352850
08-11-2024 13:31,24270,385100,1084950,145,337400,837525,152,279300,357000
08-11-2024 13:31,24270,385050,1085775,145.15,342700,837900,151.5,281975,356050
08-11-2024 13:32,24270,386850,1085250,145.8,348425,843725,151.1,282550,357750
08-11-2024 13:32,24273,386975,1085350,146.05,351475,843400,150.45,281275,359075
08-11-2024 13:32,24273,387025,1086150,146.6,352525,846150,149.75,282150,357200
08-11-2024 13:32,24273,387900,1086275,147.9,342775,847500,148.85,278250,363675
08-11-2024 13:32,24273,387025,1086050,147.5,347475,844925,149.4,276575,365150
08-11-2024 13:32,24273,385375,1086375,147.55,346925,852500,149.05,282250,363600
08-11-2024 13:33,24271.45,384600,1086700,145.35,347950,852500,151.55,285000,364700
08-11-2024 13:33,24268,384875,1087375,144.05,331450,859175,152.8,288775,355950
08-11-2024 13:33,24269.15,383750,1087375,143.4,318925,859000,153.55,291175,349025
08-11-2024 13:33,24266.5,384225,1087300,142.55,322100,859350,153.55,295600,346250
08-11-2024 13:33,24265,383750,1087400,143.4,323325,857725,153.35,294175,348150
08-11-2024 13:33,24263,384400,1088225,143,325975,857875,153.85,291225,348650
08-11-2024 13:34,24262.75,384925,1088150,141.5,322600,860800,154.85,290575,344950
08-11-2024 13:34,24260,385600,1088250,141,311050,862325,154.8,292975,340475
08-11-2024 13:34,24257.45,385075,1087875,140.4,309825,860250,155.4,296775,336575
08-11-2024 13:34,24261,386475,1087875,141.8,299850,857950,154.85,295050,333225
08-11-2024 13:34,24261.75,386000,1087825,142.6,303900,852075,153.7,306750,340750
08-11-2024 13:34,24262.75,385475,1087825,142.15,308575,859975,153.1,315875,342825
08-11-2024 13:35,24261.15,385700,1087975,142.15,308825,856650,153.1,321775,341950
08-11-2024 13:35,24259.2,384900,1088850,141.15,311150,861375,153.55,317975,343125
08-11-2024 13:35,24254,384575,1089250,139.8,307500,861075,155,320000,342725
08-11-2024 13:35,24253.1,384525,1089600,137.95,289275,853800,157.25,320975,335325
08-11-2024 13:35,24253.25,386200,1089600,138.3,290850,851250,156.95,321425,338825
08-11-2024 13:35,24252.4,386925,1089375,138.55,291700,842675,156.65,325475,347275
08-11-2024 13:36,24252.4,387175,1088825,137.15,291000,847025,158.75,331875,344775
08-11-2024 13:36,24253.3,385300,1089675,135.8,282425,855625,159.2,334900,337900
08-11-2024 13:36,24251,385200,1089250,135.5,276375,852550,159.6,337625,338700
08-11-2024 13:36,24250,384450,1089150,135.05,278200,851325,159.7,337375,340300
08-11-2024 13:36,24247,380775,1089950,135,275225,853750,160,342800,338875
08-11-2024 13:36,24247,380725,1090625,132.4,278575,853525,162.45,349400,336700
08-11-2024 13:37,24241.35,377350,1091900,130.3,271225,853200,164.6,359300,319600
08-11-2024 13:37,24237,375750,1092275,129.65,258850,852875,165.6,373850,316975
08-11-2024 13:37,24237.3,375425,1093500,130.6,264100,850300,164.3,376975,321750
08-11-2024 13:37,24241.1,376050,1091375,132.1,272775,831200,162.35,365825,327725
08-11-2024 13:37,24242.75,376050,1089875,132.8,280825,824750,161.9,340100,339800
08-11-2024 13:37,24246.6,376675,1089750,133.15,286000,829950,162,335450,343475
08-11-2024 13:38,24251.9,377975,1089450,134.6,293750,829950,159.6,329750,349025
08-11-2024 13:38,24248.05,378075,1090075,134.7,300425,826425,160.55,319450,349475
08-11-2024 13:38,24246,376825,1090450,132.8,292750,829275,162.25,324475,347875
08-11-2024 13:38,24243.95,377325,1090950,132.95,286800,832125,162.25,330950,338075
08-11-2024 13:38,24250,377125,1088375,134.75,293825,831650,161,330875,341075
08-11-2024 13:38,24249.4,375575,1090125,133.4,297600,828250,161.9,326925,345500
08-11-2024 13:39,24248.8,375050,1089550,134,302875,829225,161.55,340925,346475
08-11-2024 13:39,24245,374625,1089175,133.95,309175,823300,160.8,341225,346475
08-11-2024 13:39,24247.95,374950,1090250,134.45,307050,824950,160.8,340125,346800
08-11-2024 13:39,24248,375625,1090075,133.75,308325,824125,160.75,350450,345900
08-11-2024 13:39,24247.95,376025,1090125,134.3,309350,823800,159.95,346200,346775
08-11-2024 13:39,24249.45,375925,1090250,133.5,314275,825275,161.05,331350,346350
08-11-2024 13:40,24240,372950,1091575,129.65,308550,828525,166.25,329325,344725
08-11-2024 13:40,24237,373850,1090875,128.8,272700,825800,166.75,332375,318250
08-11-2024 13:40,24239.1,373725,1091375,129.6,275800,825400,165,336200,319500
08-11-2024 13:40,24240.25,373500,1092250,130.1,281400,821250,164.35,329800,327450
08-11-2024 13:40,24238.05,374450,1091775,130.3,286750,818700,164.25,330925,334700
08-11-2024 13:40,24241.65,374800,1092525,130.2,288475,820475,164.5,333300,338500
08-11-2024 13:41,24241.95,375100,1090600,130.5,289075,821675,164.3,336275,342325
08-11-2024 13:41,24239.95,375525,1091075,130.75,296200,816700,164.05,338750,352825
08-11-2024 13:41,24239.55,375350,1092050,130.05,297350,820000,164.35,336600,353175
08-11-2024 13:41,24239,375650,1091775,129.85,303875,822100,164.1,339650,350325
08-11-2024 13:41,24237,373650,1092600,129.2,307600,827825,164.7,336625,345850
08-11-2024 13:41,24237,375075,1092625,128.65,303975,829575,165.75,339475,340200
08-11-2024 13:42,24237.8,374925,1092700,128.55,292125,830850,165.2,347175,339625
08-11-2024 13:42,24237.1,375225,1092675,127.55,294350,828500,166.4,340825,342775
08-11-2024 13:42,24237,373925,1093350,129.2,296975,824350,165.1,339925,344775
08-11-2024 13:42,24239.95,375925,1093150,129.2,304300,822950,164.5,329500,348650
08-11-2024 13:42,24241.95,376150,1091875,129.65,305600,822100,164.05,329325,354025
08-11-2024 13:42,24236.4,376975,1091450,129.75,309450,821575,164.2,327175,356525
08-11-2024 13:43,24240,376450,1091475,130.25,310125,821775,163.1,322125,357125
08-11-2024 13:43,24241.45,376050,1090850,129.3,311325,824275,164.3,320750,356400
08-11-2024 13:43,24239.5,377150,1091700,129,308225,831225,165.1,324325,350650
08-11-2024 13:43,24239,376700,1091200,129.85,306325,833200,164.35,324600,349700
08-11-2024 13:43,24237.15,377375,1092550,130,312200,826525,164.3,321125,351375
08-11-2024 13:43,24240,376800,1093725,129.6,309525,823150,164.35,321050,353375
08-11-2024 13:44,24243.65,377150,1092150,132.25,313125,818525,161.2,315925,356475
08-11-2024 13:44,24247.8,376450,1091800,133.3,317125,819500,159.9,312100,354850
08-11-2024 13:44,24247.7,376725,1092225,133.15,316200,821050,160.95,309775,354275
08-11-2024 13:44,24247.85,377025,1091000,133.5,317475,821875,159.75,311200,352550
08-11-2024 13:44,24244,377750,1091650,133.7,318825,827775,160,312650,353175
08-11-2024 13:44,24248.95,376525,1092725,133.7,318300,837150,160.4,312525,350125
08-11-2024 13:45,24249,376700,1090175,134.3,318125,837325,159.4,311475,353350
08-11-2024 13:45,24249,377450,1090675,134.9,319625,829500,158.2,316450,354825
08-11-2024 13:45,24252.05,377175,1089375,135.65,325200,815725,157.95,311650,357800
08-11-2024 13:45,24249.9,377425,1089525,135.7,324200,815925,157.85,311925,356150
08-11-2024 13:45,24250.3,376425,1090100,134.6,318675,825900,158.65,317350,357800
08-11-2024 13:45,24250.25,376975,1091250,135.5,310550,829550,157.2,321525,357150
08-11-2024 13:46,24251.3,376725,1090475,135.5,314550,818125,157.4,313125,363425
08-11-2024 13:46,24244.95,377425,1093000,133.65,315450,819900,160.2,314350,360700
08-11-2024 13:46,24249.3,376225,1092975,133.25,308650,824250,160.3,314250,359350
08-11-2024 13:46,24249.2,375575,1092600,134.45,313700,824950,158.55,313425,363300
08-11-2024 13:46,24249,376000,1091125,135.25,315175,827125,157.75,315200,362650
08-11-2024 13:46,24249.05,376750,1091425,135.05,317950,820375,158.3,314300,365200
08-11-2024 13:47,24249.45,375700,1091975,132.85,316675,825625,159.9,314700,359950
08-11-2024 13:47,24245,376200,1092475,133,317500,833000,159.4,318550,359400
08-11-2024 13:47,24243.6,375875,1091900,131.65,316775,832500,161.2,320625,357175
08-11-2024 13:47,24248.95,376650,1091525,132.9,317550,829800,159.2,318825,364300
08-11-2024 13:47,24249,376350,1091025,133.3,320625,830250,158.8,318350,366600
08-11-2024 13:47,24248.9,376125,1091650,132.45,319300,835050,159.45,320050,367950
08-11-2024 13:48,24243.6,376050,1093050,131.25,316225,841475,160.8,324225,360175
08-11-2024 13:48,24242,375050,1092300,131.3,316625,842375,161,322925,355150
08-11-2024 13:48,24242.15,376350,1092850,130.4,311975,840500,162.25,324925,352450
08-11-2024 13:48,24242,375800,1092825,129.4,304950,837925,163.05,324675,352300
08-11-2024 13:48,24240.05,375600,1092975,129.5,306425,838475,162.95,325600,351225
08-11-2024 13:48,24245,375125,1092675,131.7,308650,837025,160.6,327450,354750
08-11-2024 13:49,24244.95,375775,1091525,132.25,312750,833450,159.6,322175,359400
08-11-2024 13:49,24244.95,376550,1091550,132.1,311700,832125,159.45,319400,361225
08-11-2024 13:49,24248.35,376800,1091700,131.95,313275,832875,159.3,317775,362575
08-11-2024 13:49,24248.8,377475,1091875,132.8,311475,831550,158.05,313575,364525
08-11-2024 13:49,24247.8,376125,1093300,130.75,309725,836750,160.65,313225,361775
08-11-2024 13:49,24245,375375,1093125,130.8,307750,838525,161.2,316150,363150
08-11-2024 13:50,24240,376125,1091600,130.05,313450,836925,161.15,323225,365675
08-11-2024 13:50,24244,376125,1088000,129,314000,836825,161.05,324975,368300
08-11-2024 13:50,24241.8,374600,1087450,129.15,308750,845575,160.4,325400,365225
08-11-2024 13:50,24243.6,375450,1087650,131.3,313250,838550,158.9,318175,367650
08-11-2024 13:50,24246.7,374225,1085375,131,314425,842125,158.65,320175,366375
08-11-2024 13:50,24246.45,373875,1082975,130.3,315825,836950,160.05,322550,368100
08-11-2024 13:51,24245,373975,1083200,129.55,308700,844625,160.35,326575,367850
08-11-2024 13:51,24247.8,374750,1082875,131,310750,846000,157.75,326050,366450
08-11-2024 13:51,24250,375625,1082500,131.65,314825,835475,156.9,300950,364675
08-11-2024 13:51,24252.45,375200,1082050,133.2,316350,835325,155.25,304300,365600
08-11-2024 13:51,24250.8,375825,1082525,133.3,319450,832175,155.2,300050,371500
08-11-2024 13:51,24255,376775,1082075,134.2,325625,832200,154.35,294675,366100
08-11-2024 13:52,24259.15,376475,1082425,135.05,326450,832425,153.45,295100,364150
08-11-2024 13:52,24257.9,376475,1082350,135.6,331825,825175,153.15,295525,364400
08-11-2024 13:52,24257.8,376875,1082375,134.8,332200,825450,153.6,295775,363325
08-11-2024 13:52,24257.9,376850,1082450,135.5,331700,828375,153.5,296200,362475
08-11-2024 13:52,24257.8,385725,1081550,136.45,340150,823500,151.8,292850,363725
08-11-2024 13:52,24259.15,386300,1082375,135.95,339800,831775,152.4,292750,362900
08-11-2024 13:53,24254,385100,1085925,134.45,341500,830525,154.25,294575,365150
08-11-2024 13:53,24254.15,385400,1084475,133.1,324650,831325,155.65,294975,359725
08-11-2024 13:53,24247.85,385200,1083525,132.6,318550,832925,155.85,295700,358600
08-11-2024 13:53,24253.6,384850,1084000,131.85,319725,836750,155.9,295775,358375
08-11-2024 13:53,24250.9,384725,1083375,131.7,317525,841275,155.5,303075,358450
08-11-2024 13:53,24251,384725,1083550,132.2,318450,841175,155.55,303025,356625
08-11-2024 13:54,24251,384325,1083300,131.95,319225,840300,156.1,301475,358750
08-11-2024 13:54,24247.1,385250,1083725,130.7,319325,844200,157.3,304950,359025
08-11-2024 13:54,24249.85,383875,1083850,131.25,311100,845675,156,304250,359850
08-11-2024 13:54,24252.85,384400,1084125,133.25,312825,837075,153.65,294275,362575
08-11-2024 13:54,24250,384225,1082450,133.35,317100,834025,154.35,292050,363400
08-11-2024 13:54,24253.7,385625,1082725,133.65,320250,838575,153,302525,366900
08-11-2024 13:55,24254.7,384650,1082525,133.3,317375,838275,154,307025,367850
08-11-2024 13:55,24251,385925,1083125,133.35,319950,839900,153.95,308400,370150
08-11-2024 13:55,24251,385350,1082875,132.4,315650,840650,154.7,307425,372150
08-11-2024 13:55,24253.7,385275,1083150,131.7,316675,843225,155.55,307825,370600
08-11-2024 13:55,24250,385675,1083375,131.3,313675,847550,156.4,312175,366450
08-11-2024 13:55,24252.7,385500,1083150,130.45,311675,851950,156.6,314975,366525
08-11-2024 13:56,24245.25,384275,1082125,129.85,308925,853400,157.5,316000,363250
08-11-2024 13:56,24245,383275,1083950,128.9,308300,849975,158.6,316950,365350
08-11-2024 13:56,24240.45,382325,1082175,127.3,295675,850825,160.45,320375,355400
08-11-2024 13:56,24241.95,383600,1082500,128.95,295575,852425,159.2,321200,352800
08-11-2024 13:56,24244.85,383725,1083175,128.05,295425,850700,159.6,315350,354225
08-11-2024 13:56,24244.75,383925,1082850,128.05,295750,850800,159.95,314775,358750
08-11-2024 13:57,24240.05,384225,1083250,127.6,296700,850875,160.6,317200,357900
08-11-2024 13:57,24240.05,382600,1083500,127.8,297225,849400,160.65,318875,356700
08-11-2024 13:57,24241.95,384700,1083075,128.65,298875,846475,159.4,318025,360600
08-11-2024 13:57,24243.85,384200,1083775,128.75,303275,841975,159.65,314725,365900
08-11-2024 13:57,24240.1,385250,1083475,128.45,309300,843125,159.45,316350,367600
08-11-2024 13:57,24240.95,384850,1084550,128.6,302750,847850,159.5,319550,361350
08-11-2024 13:58,24243.8,380200,1084450,128.7,303175,848375,160.15,323725,363325
08-11-2024 13:58,24242.9,379950,1084275,128.25,305750,846525,160.15,323950,362950
08-11-2024 13:58,24239.05,378425,1083175,128.65,303050,850975,160.75,327025,360800
08-11-2024 13:58,24240.95,379400,1083550,128.65,306050,852625,160.15,325875,360500
08-11-2024 13:58,24243.8,379200,1084075,129.85,310425,845275,158.85,320275,365700
08-11-2024 13:58,24248.9,379525,1082225,130.4,308100,839825,158.3,318125,367500
08-11-2024 13:59,24247.45,379575,1082475,132.25,311175,837000,156,312575,369200
08-11-2024 13:59,24249.05,380900,1081825,132.3,312125,835550,156.15,309025,368600
08-11-2024 13:59,24250.5,380225,1082250,133,314625,835975,154.95,310000,368075
08-11-2024 13:59,24253.45,379700,1081275,132.7,315950,831175,155.6,302225,368975
08-11-2024 13:59,24249.7,379800,1082000,131,314225,829425,157.05,303750,367725
08-11-2024 13:59,24247.9,380875,1081725,130.2,312900,835400,157.9,305000,370175
08-11-2024 14:00,24243.95,380275,1082000,129.9,314000,836450,158,311100,369450
08-11-2024 14:00,24247.25,379850,1082125,129.15,317725,840800,159,312725,372200
08-11-2024 14:00,24243.5,380975,1082000,128.05,313100,839550,159.85,314475,366300
08-11-2024 14:00,24241.3,382400,1083125,128.6,308300,842850,160.1,314625,368650
08-11-2024 14:00,24240.1,384375,1083625,128.55,309400,841000,159.6,313925,369750
08-11-2024 14:00,24245,383650,1083650,128.85,315075,839750,159.5,313050,372675
08-11-2024 14:01,24245,384400,1083600,127.9,314600,840350,160.4,312125,374625
08-11-2024 14:01,24243.3,387200,1085050,129.3,312000,842200,158.5,313425,372350
08-11-2024 14:01,24242,386975,1085625,128.05,317900,843900,160,316175,371675
08-11-2024 14:01,24244.95,387525,1086700,129.2,317125,842575,158.95,316925,375325
08-11-2024 14:01,24244.95,387150,1086350,129.15,318250,844425,159.65,312700,377650
08-11-2024 14:01,24248.9,389475,1085625,130.5,320525,843025,157.95,319950,377600
08-11-2024 14:02,24248.9,388950,1086025,129.8,322175,842775,159.2,314375,375750
08-11-2024 14:02,24245,387400,1086775,129.1,313350,844250,160,313975,377075
08-11-2024 14:02,24244.7,385050,1087300,126.9,314425,847475,161.7,316575,369900
08-11-2024 14:02,24241.1,384550,1087150,127.15,304700,849050,161.25,317525,362550
08-11-2024 14:02,24240,385250,1087775,127.05,306125,850625,161.55,317825,363725
08-11-2024 14:02,24239.9,384875,1086900,127,306050,848250,162.15,317575,362950
08-11-2024 14:03,24239.85,384825,1086775,127.05,306450,853200,162.3,324050,365025
08-11-2024 14:03,24240,384950,1086475,127.2,314200,850100,162.35,321375,366550
08-11-2024 14:03,24236.5,385500,1086325,126.7,316800,849075,162.65,321025,365600
08-11-2024 14:03,24239.65,384475,1086350,125.35,315925,848050,163.6,320550,364850
08-11-2024 14:03,24239.5,383875,1086275,125.6,289425,855900,164,326675,356300
08-11-2024 14:03,24239,385225,1086025,127.25,292150,848625,162.1,324425,354275
08-11-2024 14:04,24245,385950,1085925,128.7,295725,841525,159.95,316275,357075
08-11-2024 14:04,24248,384900,1086275,129.1,297350,843850,159.4,311625,360600
08-11-2024 14:04,24248.65,385200,1085750,129.45,298450,845375,158.65,309275,362150
08-11-2024 14:04,24248.6,387550,1085825,130,300000,843875,158.4,306375,361875
08-11-2024 14:04,24248.5,385500,1086100,130,299650,845975,158.55,305450,361725
08-11-2024 14:04,24249,387600,1085675,130.3,299025,853350,157.7,308900,355075
08-11-2024 14:05,24250.05,385700,1088425,131.75,298325,843350,155.9,306175,357325
08-11-2024 14:05,24249.05,386225,1089850,131.45,297800,843175,156.2,298000,356600
08-11-2024 14:05,24246.9,385900,1090575,130,299675,848075,157.65,298075,360400
08-11-2024 14:05,24248.65,386350,1086100,129.2,293550,851000,158,302050,358700
08-11-2024 14:05,24248.65,387700,1088475,131.3,296750,850975,156.55,306150,363525
08-11-2024 14:05,24249.85,388575,1089550,130.35,298950,852725,157.45,300250,365900
08-11-2024 14:06,24249.95,384150,1089625,129.8,295900,857000,158.65,303650,364775
08-11-2024 14:06,24244.9,383875,1090450,128.6,294425,854100,159.8,302575,364850
08-11-2024 14:06,24245,384325,1089975,128.4,291350,855675,159.65,303400,360600
08-11-2024 14:06,24242.95,385525,1090125,128.5,292725,856325,159.2,307175,362800
08-11-2024 14:06,24247.9,385275,1090375,128.55,294350,856825,159.7,304775,365225
08-11-2024 14:06,24247,382825,1090900,128.4,292225,860975,159.75,304825,366775
08-11-2024 14:07,24244,383575,1087750,127.75,292375,863475,160.1,305450,365400
08-11-2024 14:07,24243.95,386025,1087450,128.8,297625,861850,158.7,307975,367125
08-11-2024 14:07,24245,386050,1087175,129.05,295775,861150,158.1,307800,368050
08-11-2024 14:07,24247,385350,1087025,129.9,301100,862875,157.6,305050,369000
08-11-2024 14:07,24250,385400,1087250,129.8,302500,859950,157.4,300950,369025
08-11-2024 14:07,24245.05,386575,1086675,130.3,302450,858200,157,299250,368150
08-11-2024 14:08,24249.9,387225,1086375,130.55,297825,859650,156.2,301175,370425
08-11-2024 14:08,24250,388250,1086125,130.45,301475,865150,156.55,301475,374850
08-11-2024 14:08,24250,388250,1086100,131,300900,864675,156.05,302875,375275
08-11-2024 14:08,24250,387450,1085850,130.65,302000,863650,156.75,303825,375375
08-11-2024 14:08,24249.15,386150,1086600,129.95,303650,864525,157.95,305675,375525
08-11-2024 14:08,24245,387175,1086950,129.7,294675,868175,157.45,305850,377425
08-11-2024 14:09,24248.95,387425,1086800,130.1,294600,869600,157.3,305150,377250
08-11-2024 14:09,24248.85,386200,1086825,128.9,292150,870150,157.95,305725,380200
08-11-2024 14:09,24247.95,384900,1087575,128.45,286125,875025,158.8,307575,378325
08-11-2024 14:09,24247.35,384975,1088250,127.8,281300,874900,158.95,307300,376500
08-11-2024 14:09,24245,384750,1088450,127.2,283250,873925,159.75,308775,375775
08-11-2024 14:09,24244.95,385200,1089525,127.55,287850,873425,159.5,311375,376900
08-11-2024 14:10,24244.1,384250,1088825,125.95,288475,873825,161.55,314175,375775
08-11-2024 14:10,24240,384175,1089575,126,271000,872850,161.6,315250,363325
08-11-2024 14:10,24241.85,385825,1089675,128.1,278850,873425,159.05,315600,357375
08-11-2024 14:10,24241.85,385975,1089350,128.9,277550,871475,158.4,306050,358100
08-11-2024 14:10,24244.05,386075,1088600,128.6,276875,874300,159.2,297650,360875
08-11-2024 14:10,24242.6,385600,1089475,127.95,279625,879075,160.3,298900,362175
08-11-2024 14:11,24240,385850,1090375,126.95,273925,882925,160.95,299900,362875
08-11-2024 14:11,24240,385750,1090475,126.5,270475,885900,161.4,301575,359300
08-11-2024 14:11,24238,385900,1090200,126.2,270775,885975,161.65,304325,361225
08-11-2024 14:11,24241,385875,1090175,126.4,272450,886425,161.3,303450,360025
08-11-2024 14:11,24238.15,386300,1090025,125.35,273000,884750,162.65,301925,360625
08-11-2024 14:11,24232,385825,1089950,124.4,255500,884550,162.9,313850,353475
08-11-2024 14:12,24234.95,385900,1090500,124.15,257325,885825,163,314025,350700
08-11-2024 14:12,24234.95,386175,1090775,124.6,255125,886050,163.2,311975,352050
08-11-2024 14:12,24231.6,386275,1091400,123.1,252250,886425,164.25,312375,340150
08-11-2024 14:12,24235,385350,1090900,123.6,259525,885525,163.6,314725,342625
08-11-2024 14:12,24235,385125,1090775,123.9,263125,882400,163.7,313800,345225
08-11-2024 14:12,24235.1,385625,1090650,124.75,262825,876100,161.7,310200,346650
08-11-2024 14:13,24234.85,385450,1089825,125.25,269775,868850,161.95,303775,347175
08-11-2024 14:13,24237.5,385600,1090300,123.4,268125,870700,164.1,307075,347275
08-11-2024 14:13,24230.05,384700,1090800,122.8,261225,875850,164.95,313175,342750
08-11-2024 14:13,24228.85,384225,1092925,122.7,264575,876725,165.65,318450,345725
08-11-2024 14:13,24230,384900,1092700,122.45,261025,879775,165.55,321725,348750
08-11-2024 14:13,24229,384600,1092425,121.9,258250,873950,165.85,320100,349475
08-11-2024 14:14,24225,385125,1092575,121.9,262225,870900,166.25,324950,350675
08-11-2024 14:14,24225,380825,1093725,119.85,254150,874550,168.6,341850,344125
08-11-2024 14:14,24223.1,382075,1092475,120.25,233800,898650,168.4,350075,331150
08-11-2024 14:14,24225,382675,1093175,120.5,235850,867600,167.8,321250,331925
08-11-2024 14:14,24225,381675,1093100,120.3,237975,871625,168.2,343200,337325
08-11-2024 14:14,24225,384350,1093275,120.4,242150,871150,167.85,341675,338250
08-11-2024 14:15,24225,381875,1094250,119.55,239125,871150,168.8,323875,353000
08-11-2024 14:15,24225,378050,1094575,119,241975,873300,169.5,323775,348525
08-11-2024 14:15,24220,375275,1095750,117.75,239075,875150,172.4,328825,347075
08-11-2024 14:15,24219.95,377775,1095300,119.15,240350,870550,170.5,330225,329250
08-11-2024 14:15,24220,377850,1093700,118.85,244950,851525,171.6,323900,338350
08-11-2024 14:15,24223,378825,1092400,119.65,276975,853000,170.95,299300,342450
08-11-2024 14:16,24220,378775,1092725,119.45,277875,847450,171.2,313975,356575
08-11-2024 14:16,24220.05,379900,1093250,119.75,277500,846100,171,326950,371550
08-11-2024 14:16,24221.65,379225,1092650,120.9,279375,842875,168.3,331925,383250
08-11-2024 14:16,24229.1,379225,1092225,120.95,279325,833300,167.9,336975,385475
08-11-2024 14:16,24224.85,379500,1094925,120.85,280125,836025,168.4,333225,385650
08-11-2024 14:16,24225,379550,1093775,121.55,259425,834025,167.9,335775,387875
08-11-2024 14:17,24224,379425,1094225,121,261525,832375,168.75,339950,389025
08-11-2024 14:17,24225,379175,1094300,121.25,259825,834525,168.65,342400,390200
08-11-2024 14:17,24225,380375,1094600,122.05,261350,834675,168.25,344900,392125
08-11-2024 14:17,24226.5,379425,1092975,122.65,262050,831650,167.4,340150,394750
08-11-2024 14:17,24227.15,379600,1092900,122.55,264650,830775,167.15,338775,395875
08-11-2024 14:17,24223.85,379950,1093100,121.5,255550,831525,168.5,340800,391525
08-11-2024 14:18,24223.8,378725,1093525,120,254525,838500,171.6,340725,391375
08-11-2024 14:18,24216.5,378575,1093950,118.8,263275,838900,172.95,340950,383300
08-11-2024 14:18,24217.25,378775,1094950,119.75,249850,842250,171.2,339375,381850
08-11-2024 14:18,24220,378375,1102900,119.7,255125,842700,171.1,335425,387950
08-11-2024 14:18,24218.3,377200,1103200,118.6,254375,843800,172.1,339450,389675
08-11-2024 14:18,24218.75,379325,1102975,118.9,252525,842775,171.2,338825,393400
08-11-2024 14:19,24217.1,378775,1099475,118.6,254050,847075,171.8,334925,396600
08-11-2024 14:19,24219.95,379225,1095625,119.25,252500,850425,171.35,334250,399225
08-11-2024 14:19,24215.25,378125,1095775,118,253625,851800,172.9,337425,397875
08-11-2024 14:19,24218,380400,1094450,119.35,256000,851675,171.35,336675,386075
08-11-2024 14:19,24217.95,380850,1095000,117.8,257850,848225,173.75,331575,388225
08-11-2024 14:19,24215.25,379475,1096775,117.45,254925,849250,173.65,335575,386125
08-11-2024 14:20,24215.25,379325,1097300,117.9,253025,854000,173.9,340100,368800
08-11-2024 14:20,24215.8,379525,1096775,118.8,254150,855225,173.5,336975,374125
08-11-2024 14:20,24216,378325,1095825,118.4,257175,855350,173.25,338050,375300
08-11-2024 14:20,24218,379200,1094500,118.8,260575,854200,172.4,343700,380925
08-11-2024 14:20,24216.75,379400,1094750,117.85,262075,856475,173.85,348775,383925
08-11-2024 14:20,24215,378950,1095125,117.45,253575,856875,175,348625,373375
08-11-2024 14:21,24218,380225,1093850,119.55,262275,854850,171.45,348050,362725
08-11-2024 14:21,24217.9,378625,1092525,119.8,265550,854275,171.75,341625,368725
08-11-2024 14:21,24217.25,378275,1093200,119.7,266775,850525,171.65,340375,372625
08-11-2024 14:21,24220,380600,1092950,119.75,267800,852850,171.65,339250,375850
08-11-2024 14:21,24221.55,380800,1093350,119.5,268850,856400,171.2,339775,378875
08-11-2024 14:21,24220.05,379550,1092550,119.05,266400,858175,171.35,340025,380700
08-11-2024 14:22,24217.6,380275,1093725,118.7,267250,857125,171.7,341750,377200
08-11-2024 14:22,24218.1,380700,1093700,117.75,264975,861050,172.7,344425,376100
08-11-2024 14:22,24220,377200,1093425,117.65,262025,861125,173.15,348575,374925
08-11-2024 14:22,24220,378925,1092750,118.25,269250,861500,171.75,352200,377400
08-11-2024 14:22,24221.85,379200,1093550,117.4,285150,859525,173.3,345150,377150
08-11-2024 14:22,24219.95,377250,1093950,117.95,277825,860875,172.35,343875,377375
08-11-2024 14:23,24218.1,377550,1093425,117.25,277125,864100,173.25,346925,376125
08-11-2024 14:23,24217.65,376850,1093800,116.15,274475,861525,174.85,345350,374975
08-11-2024 14:23,24217.6,376600,1093825,116.4,268125,859450,174.45,346125,363450
08-11-2024 14:23,24215.05,377950,1093125,117.05,270075,858075,172.7,343075,365875
08-11-2024 14:23,24214.75,377225,1092875,117,269550,854225,172.7,343650,369300
08-11-2024 14:23,24217,377825,1092725,117.85,258625,857425,171.7,344425,370325
08-11-2024 14:24,24215.55,378700,1093500,117.5,263125,854075,172.5,341300,375575
08-11-2024 14:24,24215,378250,1093425,117.2,263725,862425,173.35,344650,377300
08-11-2024 14:24,24213.85,380850,1093825,115.95,257800,867100,174.5,345850,373375
08-11-2024 14:24,24213.1,382025,1092525,116.3,265400,866375,173.8,344875,368675
08-11-2024 14:24,24213.15,383500,1092825,116.6,263800,864500,173.8,348075,367950
08-11-2024 14:24,24214.5,385100,1092200,117.7,268000,861175,172,347875,370825
08-11-2024 14:25,24214.7,383525,1092325,117.3,269250,855925,172.4,337875,372250
08-11-2024 14:25,24215.9,384300,1092275,118,272575,857700,170.8,335650,372475
08-11-2024 14:25,24217.2,384950,1092050,118.4,274225,855800,169.9,333150,371150
08-11-2024 14:25,24222.85,384975,1091900,118,275850,858150,170.55,321750,372700
08-11-2024 14:25,24218,382800,1092625,117.9,270825,862275,171,324950,372825
08-11-2024 14:25,24220,381375,1093775,116.75,269625,861300,172.95,325225,373600
08-11-2024 14:26,24212,376625,1094625,116.4,267025,863675,173.9,330200,373975
08-11-2024 14:26,24213,376775,1093225,116.4,267425,866100,173.35,329275,375400
08-11-2024 14:26,24212.15,377125,1092650,116.7,266725,863775,172.8,329650,379375
08-11-2024 14:26,24217,375000,1092700,116.7,271675,865200,172.8,328050,381950
08-11-2024 14:26,24218,371725,1093375,117.4,271050,868325,171.65,332050,382350
08-11-2024 14:26,24217.1,371325,1093775,117.7,269700,864750,171.2,330750,391025
08-11-2024 14:27,24220,372175,1092950,118.25,278900,854300,170.6,332775,391325
08-11-2024 14:27,24220,372725,1092925,118.65,280825,858000,169.7,323525,389200
08-11-2024 14:27,24217,372875,1093075,118.2,281275,861100,169.95,325400,388300
08-11-2024 14:27,24218.55,372850,1090975,119.15,282850,862200,168.8,325450,385175
08-11-2024 14:27,24220,371750,1090825,119.5,287375,851850,168.2,325550,387400
08-11-2024 14:27,24224.5,372175,1087325,120.95,286200,849250,166.2,319100,387475
08-11-2024 14:28,24229.1,373500,1086725,121.25,288625,846700,166.05,310250,385900
08-11-2024 14:28,24224.25,376125,1088075,120.2,289450,847475,166.9,308300,379325
08-11-2024 14:28,24228.45,374450,1090525,119.5,284000,854450,168.55,309650,379400
08-11-2024 14:28,24227.95,374800,1090300,119.7,275375,855325,168.45,308600,380675
08-11-2024 14:28,24226.55,376225,1089775,121.45,283775,855525,165.45,307400,382550
08-11-2024 14:28,24230,376475,1089350,121.75,287775,854025,165.3,305475,384725
08-11-2024 14:29,24229.25,377625,1091850,121.25,292350,856625,166.05,306050,383675
08-11-2024 14:29,24226.7,375600,1092325,121.9,288925,857175,164.85,306075,380800
08-11-2024 14:29,24233,375825,1090500,122,283900,852400,164.4,305300,380950
08-11-2024 14:29,24229,375425,1091725,121.45,280025,858300,165.1,307700,379675
08-11-2024 14:29,24225,372925,1092825,118.95,271175,865050,169.3,312150,376450
08-11-2024 14:29,24225.65,373700,1091825,118.9,261450,864600,169.15,313900,372100
08-11-2024 14:30,24227.45,374025,1091900,118,261125,878100,169.55,315850,369975
08-11-2024 14:30,24227,373650,1091925,118.45,267250,877150,169,313275,370950
08-11-2024 14:30,24228.45,373025,1092450,118.4,271775,874025,169.35,312125,375575
08-11-2024 14:30,24224,373175,1092125,117.95,278875,878875,169.6,313475,375225
08-11-2024 14:30,24224,373300,1092575,117.85,269650,880650,170.15,316900,373300
08-11-2024 14:30,24224.3,373300,1092175,116.55,267300,882425,171.2,319200,371325
08-11-2024 14:31,24218,372900,1092550,116.2,261250,882750,172.15,322525,371650
08-11-2024 14:31,24215.1,375350,1090975,115.45,259900,884975,173.4,326025,370025
08-11-2024 14:31,24214.45,375050,1090350,115.75,254925,874825,173.3,329900,366150
08-11-2024 14:31,24215.3,375000,1090525,116.2,251350,871850,172,328200,367625
08-11-2024 14:31,24215.55,375375,1090875,116.05,253375,876050,172.4,328700,369325
08-11-2024 14:31,24221.5,375075,1090750,116.6,257150,872225,172.1,326725,369025
08-11-2024 14:32,24220.85,374700,1091325,116.85,257600,871175,171.95,325900,373675
08-11-2024 14:32,24220.45,374975,1091600,116.95,259550,870975,170.9,324525,375700
08-11-2024 14:32,24222,374500,1093300,118.1,260300,870450,169.2,324725,376450
08-11-2024 14:32,24219.25,375050,1092475,118.1,262500,871625,169.1,315200,379875
08-11-2024 14:32,24222,375400,1090500,117.9,265575,867125,169.6,319150,377900
08-11-2024 14:32,24220,375675,1090575,118.1,266025,866925,169.7,319275,383400
08-11-2024 14:33,24219.25,375150,1090350,117.75,266500,869025,169.35,319800,383700
08-11-2024 14:33,24219.05,375325,1091150,116.95,264300,871075,170.65,322325,382425
08-11-2024 14:33,24219.05,374850,1090225,116.6,262825,871325,170.95,325525,379725
08-11-2024 14:33,24215.65,374625,1092400,117.3,265400,871325,170.6,323925,381050
08-11-2024 14:33,24218.65,374450,1090900,117.85,268950,874525,169.5,323750,384450
08-11-2024 14:33,24215.2,374250,1091375,116.9,268300,872525,171.35,325325,382250
08-11-2024 14:34,24215,372825,1093800,114.95,261925,874675,174.05,328350,375400
08-11-2024 14:34,24212.55,369150,1094200,113.05,244025,876075,176.3,332575,362250
08-11-2024 14:34,24211.3,367300,1095225,113,241400,879300,177,338125,343300
08-11-2024 14:34,24205.45,368825,1094875,112.8,245450,877750,177.65,339825,343800
08-11-2024 14:34,24209,368725,1094550,112.65,247950,868600,177.5,339800,347000
08-11-2024 14:34,24207.05,369550,1094375,110.8,244250,871075,179.45,340150,349000
08-11-2024 14:35,24205,366475,1096875,111.55,219525,873000,178.55,335525,328250
08-11-2024 14:35,24210,366325,1096775,112.55,223975,870575,177.7,335950,330325
08-11-2024 14:35,0,0,0,0,0,0,0,0,0
08-11-2024 14:35,0,0,0,0,0,0,0,0,0
08-11-2024 14:35,0,0,0,0,0,0,0,0,0
08-11-2024 14:35,24213.5,363800,1102075,114.85,234175,851475,174.35,312425,347400
08-11-2024 14:36,24209.35,365200,1104000,114.75,238125,848250,174.6,324300,349550
08-11-2024 14:36,24209.9,366350,1102850,115.2,257025,850950,173.95,325350,368150
08-11-2024 14:36,24209.9,365200,1101250,115.2,261650,852225,173.3,323200,369350
08-11-2024 14:36,24212.2,366600,1101475,116,272750,852100,172.05,322325,388675
08-11-2024 14:36,24211.75,366550,1102125,115.15,270350,848800,172.85,322225,388450
08-11-2024 14:36,24214.25,367275,1101400,115.85,240700,851075,172,324475,358050
08-11-2024 14:37,24214.8,368550,1101350,116.35,244675,845850,172,321600,357150
08-11-2024 14:37,24218,367950,1100575,116.9,262575,853150,169.95,323450,369675
08-11-2024 14:37,24218,368625,1100925,116.8,253575,844600,170.2,315325,369975
08-11-2024 14:37,24223.6,368050,1101375,116.05,247950,848100,171.1,316875,355450
08-11-2024 14:37,24215,368150,1102900,114.85,250725,850450,173.5,321075,355100
08-11-2024 14:37,24215,370125,1100350,116.5,284625,849775,171,322475,387675
08-11-2024 14:38,24222.95,368150,1100050,117,286550,848525,169.9,322700,390050
08-11-2024 14:38,24222,367725,1098425,118.3,287175,847300,168.4,323725,391950
08-11-2024 14:38,24221.65,368500,1098650,118.65,287875,841800,167.85,318175,390000
08-11-2024 14:38,24223.95,368675,1099000,117.9,287500,854725,169.05,317300,392625
08-11-2024 14:38,24223.75,368375,1098000,117.05,287775,861850,169.95,320500,361450
08-11-2024 14:38,24219.3,367950,1098125,116.95,260125,867050,170.55,320900,361000
08-11-2024 14:39,24220,366175,1100325,115.95,255725,865675,171.85,324400,358250
08-11-2024 14:39,24212.2,365300,1100550,115.05,253925,857600,173.35,324900,355125
08-11-2024 14:39,24218.6,367800,1101050,115.4,255950,859125,173,327225,354650
08-11-2024 14:39,24219.65,367175,1101750,115.35,259075,857500,172.8,326000,356825
08-11-2024 14:39,24216.95,369775,1100150,117.25,263950,860625,170.4,327300,363675
08-11-2024 14:39,24220,369475,1100275,117.25,261650,844725,171.1,329450,365425
08-11-2024 14:40,24220,367700,1100800,116.55,259450,846900,172.1,330250,367125
08-11-2024 14:40,24217.35,367525,1100300,116.6,274375,847450,172.4,330800,365625
08-11-2024 14:40,24217.35,366900,1100425,116.4,259250,846675,172.6,347025,361300
08-11-2024 14:40,24216.2,366525,1100725,116.25,263600,848425,173,347575,368475
08-11-2024 14:40,24220,366250,1100450,116.8,265150,847500,172,346375,368950
08-11-2024 14:40,24220,366875,1100725,117.25,271225,845725,172.15,346550,371675
08-11-2024 14:41,24219.8,367125,1099975,118.1,273300,845575,170.45,346500,373375
08-11-2024 14:41,24220.8,368375,1099900,118.85,275175,838925,169.75,330675,376850
08-11-2024 14:41,24218.65,367175,1099050,118.6,266100,840775,170.65,323975,377125
08-11-2024 14:41,24220.05,367850,1100325,118.85,271800,840900,169.7,323850,374600
08-11-2024 14:41,24223.2,367500,1098300,120.55,277125,838900,167.85,321950,374950
08-11-2024 14:41,24230,368225,1099125,121.55,277575,822825,166,316175,375825
08-11-2024 14:42,24230.05,368500,1099025,122.15,308450,814700,165.4,305725,374450
08-11-2024 14:42,24234,368625,1098850,123.55,309700,808750,162.6,304975,374200
08-11-2024 14:42,24242.55,371000,1097750,125.55,315875,799425,160.6,294725,373325
08-11-2024 14:42,24248,368550,1097850,129.15,304775,793000,156.6,295150,368425
08-11-2024 14:42,24249.4,370275,1094425,129,308725,765500,156.85,275950,365775
08-11-2024 14:42,24249.45,367750,1091850,130.25,291750,781275,154.95,265775,362025
08-11-2024 14:43,24254.1,367775,1090325,131.85,288000,782850,153.1,265550,358050
08-11-2024 14:43,24253.75,367925,1091350,130.1,283525,783625,154.95,273850,356450
08-11-2024 14:43,24249.55,369425,1091150,133,273500,796400,153.3,278900,325625
08-11-2024 14:43,24251.55,369925,1088000,133.25,309425,776025,152.05,259575,336025
08-11-2024 14:43,24256.7,369600,1088475,132.7,284175,779250,153.25,258250,334475
08-11-2024 14:43,24254.3,369450,1090175,133,285975,790325,152.3,258375,336825
08-11-2024 14:44,24255,370050,1087875,132.75,289125,802550,152.1,261125,336625
08-11-2024 14:44,24257,369025,1086625,133.05,294650,808450,152.85,266175,342750
08-11-2024 14:44,24252.7,368800,1087575,133.8,294675,810625,151.95,267475,343650
08-11-2024 14:44,24253,370375,1088700,133.6,292125,823150,152.4,272150,341825
08-11-2024 14:44,24251.65,371075,1088650,133.45,286550,805400,151.9,269275,343250
08-11-2024 14:44,24256.95,369950,1088900,136.55,292000,806450,149.35,271225,342875
08-11-2024 14:45,24263.3,368475,1088250,136.1,297525,809100,150.7,249675,342500
08-11-2024 14:45,24254.85,368750,1089050,135.75,288875,813925,150.2,262500,341825
08-11-2024 14:45,24256.35,369125,1089450,132.9,281425,784800,153.45,257950,343200
08-11-2024 14:45,24252.25,368250,1088900,133.25,279900,785950,152.8,255750,344325
08-11-2024 14:45,24256.95,370975,1089575,133,285850,788325,152.25,255075,347300
08-11-2024 14:45,24250.1,370400,1090700,131.5,275175,793275,153.35,262600,351000
08-11-2024 14:46,24250.1,369725,1092850,128.6,276025,805325,156.4,266150,348275
08-11-2024 14:46,24248.8,368875,1091775,128.3,253550,801025,156.7,267550,332875
08-11-2024 14:46,24245,367375,1094325,126.85,244850,802375,158.35,271700,328975
08-11-2024 14:46,24240.05,367025,1093325,125.3,246525,799775,159.7,275425,332850
08-11-2024 14:46,24232.75,367250,1093850,123.4,238775,807225,161.6,278750,326225
08-11-2024 14:46,24235,369000,1092850,122.65,229850,810975,162.5,282325,324200
08-11-2024 14:47,24227.25,368900,1093225,120.95,229400,810150,165.4,287125,319225
08-11-2024 14:47,24232.6,368800,1091550,122.65,238750,807650,164.25,283750,313825
08-11-2024 14:47,24235,371925,1091850,122.6,247475,806500,164.1,276400,317100
08-11-2024 14:47,24235.7,372525,1091225,124.15,256700,802650,162,272400,321200
08-11-2024 14:47,24235,371150,1090750,124.45,257325,802900,161.65,272150,324450
08-11-2024 14:47,24236.05,371350,1090500,124.45,263450,802725,161.65,275100,323250
08-11-2024 14:48,24236,370425,1090025,124,263350,805775,162.55,273150,337000
08-11-2024 14:48,24233.9,371525,1091325,124.5,264750,807625,162.35,270950,320650
08-11-2024 14:48,24234.5,370525,1090025,124.4,264675,799850,162.25,271875,321325
08-11-2024 14:48,24235,370500,1089950,123.6,264950,807975,162.7,275475,321300
08-11-2024 14:48,24239.7,370700,1090300,124.6,264175,810750,161.6,275600,325325
08-11-2024 14:48,24236.15,370400,1089975,125.7,263375,804050,160.25,272050,325975
08-11-2024 14:49,24242.7,372650,1089250,126,263300,799425,159.9,259575,325325
08-11-2024 14:49,24246.25,372525,1090025,126.95,265000,797925,158.65,259400,329050
08-11-2024 14:49,24244.95,369975,1089375,126.75,266975,799900,159,261700,327825
08-11-2024 14:49,24247.55,370250,1089425,127.9,271600,799775,156.85,258625,329450
08-11-2024 14:49,24247.2,369725,1089875,127.1,273475,802050,158.1,262525,326950
08-11-2024 14:49,24242.5,369675,1089425,127.65,272350,806325,157.75,265000,329200
08-11-2024 14:50,24243.65,369700,1089475,128.55,281825,806500,157.2,269600,334275
08-11-2024 14:50,24250,372400,1088375,128.9,283225,803450,157.15,269450,332350
08-11-2024 14:50,24245.3,372150,1088725,128.05,283400,807700,157.8,271975,332075
08-11-2024 14:50,24247.95,371125,1088425,127.75,273500,809975,158.4,274125,328625
08-11-2024 14:50,24246.1,370125,1088675,127.05,270925,812500,159.3,275075,329600
08-11-2024 14:50,24243.8,369175,1088275,128.65,276175,815400,157.5,271700,330225
08-11-2024 14:51,24248,370600,1088100,128.9,284275,807450,158.45,268550,331425
08-11-2024 14:51,24246,372100,1088300,129.55,287200,803000,158.1,274550,333100
08-11-2024 14:51,24249.05,370750,1088125,129.4,288150,807175,158.75,276500,333375
08-11-2024 14:51,24244.55,371575,1088625,129.6,286500,808575,158.4,277050,334800
08-11-2024 14:51,24249,372725,1089200,130.6,292500,809100,157.8,269525,335275
08-11-2024 14:51,24250,372100,1088725,130.9,290250,818975,157.65,272075,338325
08-11-2024 14:52,24244.25,371350,1088750,128.65,284025,826125,159.25,272325,330400
08-11-2024 14:52,24246.85,371500,1088600,128,278400,831775,160.3,276800,329325
08-11-2024 14:52,24241.85,372725,1088650,128,280825,828225,159.45,275775,328700
08-11-2024 14:52,24242.75,371875,1088975,128.5,280675,826675,159.1,278200,329875
08-11-2024 14:52,24242.7,370500,1089350,127.85,276700,826350,160,277625,327425
08-11-2024 14:52,24247,372250,1088975,129.25,282650,829975,158.5,278900,336150
08-11-2024 14:53,24245.05,370450,1089400,126.95,280025,827700,160.85,276800,336275
08-11-2024 14:53,24240.3,370125,1089850,127.15,274125,830325,160.45,279350,321700
08-11-2024 14:53,24246.55,370725,1089900,127.85,278825,830700,160.35,276825,327900
08-11-2024 14:53,24248.85,370600,1090925,128.9,289125,830575,159.05,276275,329250
08-11-2024 14:53,24245,370700,1091125,128,286250,830125,160.2,274850,328250
08-11-2024 14:53,24246,370250,1090775,128.7,286100,829800,159.35,274125,330475
08-11-2024 14:54,24249.3,370850,1089575,129.6,287250,830225,158.6,277375,330250
08-11-2024 14:54,24249.95,370775,1089700,130,284550,830975,158.7,278625,332275
08-11-2024 14:54,24244.6,370375,1089800,129,281725,823175,159,277500,333300
08-11-2024 14:54,24245.95,371025,1089850,130.85,278775,826325,157.45,274250,334675
08-11-2024 14:54,24244.1,369800,1089025,129.4,276050,827725,159.1,274275,334325
08-11-2024 14:54,24243.4,371000,1089100,128.95,275325,827475,159.9,274050,330900
08-11-2024 14:55,24244.75,372575,1089775,129.6,277775,825725,158.9,272525,330700
08-11-2024 14:55,24246.9,373000,1089250,131.5,286500,810650,158,272400,332975
08-11-2024 14:55,24249.95,371700,1088225,132.3,290850,830600,156.8,279950,334525
08-11-2024 14:55,24245.8,371725,1088150,130.9,290150,835275,158.5,299500,337375
08-11-2024 14:55,24245,371100,1089800,129,281375,846925,160.55,302000,330650
08-11-2024 14:55,24249,370000,1089525,129.5,278225,854600,159.8,301075,331050
08-11-2024 14:56,24248.35,370325,1088975,129.45,280275,855975,160.3,272925,334400
08-11-2024 14:56,24246.4,370250,1090075,127.5,278975,854250,161.45,272350,333125
08-11-2024 14:56,24242,370300,1089700,126.8,269975,834725,162.3,271475,325200
08-11-2024 14:56,24241,370450,1089950,126,271625,841900,163.05,269900,322725
08-11-2024 14:56,24242.95,369675,1090275,125.85,272900,842400,163,273375,323400
08-11-2024 14:56,24240.4,370025,1088500,127.15,272825,846950,161.4,272625,323225
08-11-2024 14:57,24240.05,370575,1089225,126.85,277500,843900,161.7,266025,329400
08-11-2024 14:57,24237.7,370075,1089450,126.7,276350,847300,161.6,267725,331650
08-11-2024 14:57,24240,372225,1089175,125.95,275725,847850,162,271375,331650
08-11-2024 14:57,24239.2,369800,1089125,128.1,274975,848750,159.6,269575,332175
08-11-2024 14:57,24245.2,371250,1088675,128.15,275175,834075,160,259800,333775
08-11-2024 14:57,24245,371375,1088375,129.55,310500,832000,159.05,259050,357350
08-11-2024 14:58,24247.6,371000,1088675,129,313450,832775,159.45,258075,371275
08-11-2024 14:58,24242.3,371275,1088625,129.3,281400,835925,159.2,259975,339575
08-11-2024 14:58,24245,371925,1089125,129.7,287725,837150,158.05,260200,336800
08-11-2024 14:58,24245,371825,1088150,129.75,289000,833450,158.55,257600,340375
08-11-2024 14:58,24249.85,371800,1088700,129.4,290500,831300,159.2,257525,340300
08-11-2024 14:58,24245.05,371700,1088650,129.25,289350,830200,158.8,259100,339700
08-11-2024 14:59,24250.65,371225,1089100,129.85,288475,825600,158.5,262750,340800
08-11-2024 14:59,24245,370850,1088750,129.3,293900,827000,159,262450,342775
08-11-2024 14:59,24246,370675,1089675,128.85,293225,830425,158.85,262825,342150
08-11-2024 14:59,24245,370700,1089875,128.75,292825,834600,159.3,262250,341325
08-11-2024 14:59,24244,370525,1090025,127.25,293600,840775,160.25,262400,338025
08-11-2024 14:59,24244.35,369225,1090200,127.65,283975,842750,161.2,264825,336150
08-11-2024 15:00,24241.3,368875,1090125,126.1,287425,844150,162.7,267825,333850
08-11-2024 15:00,24235.05,367200,1090350,124.55,276700,843500,164.7,271875,321125
08-11-2024 15:00,24244.9,370725,1090000,126.7,261800,844675,162.7,270775,319275
08-11-2024 15:00,24246.4,370050,1091250,128.1,263325,844350,160.55,267300,320300
08-11-2024 15:00,24246,369150,1091100,128.15,266575,846650,160.5,269700,323525
08-11-2024 15:00,24248,368575,1089400,131.15,268150,836600,156.65,267975,324525
08-11-2024 15:01,24245.85,370175,1090500,131.2,269175,812375,155.75,253650,322950
08-11-2024 15:01,24245.95,373050,1089900,129.85,264475,816975,158.05,251925,322900
08-11-2024 15:01,24244.95,368400,1092400,126.9,252850,857350,161.15,293775,323000
08-11-2024 15:01,24235,366950,1093100,122.75,252625,857575,165,299250,324900
08-11-2024 15:01,24227.35,367425,1093075,121.55,237025,855975,166.4,303175,310200
08-11-2024 15:01,24232.9,370050,1092200,123.95,233800,850025,164.05,301675,314025
08-11-2024 15:02,24234.4,370750,1091300,125.4,270300,848550,161.85,298400,315275
08-11-2024 15:02,24236.15,369200,1090325,126.1,272850,853325,160.05,301500,349975
08-11-2024 15:02,24240.55,368850,1091425,125.65,242275,849400,161,260600,319075
08-11-2024 15:02,24239.05,370075,1090200,126.95,278875,824075,159.4,264900,321700
08-11-2024 15:02,24244.95,368250,1090400,127.45,281825,825075,158.75,264275,350875
08-11-2024 15:02,24244.15,367775,1090200,128.5,247925,824575,158.25,261500,323250
08-11-2024 15:03,24241.85,367950,1091325,126.4,248725,866300,161.35,273600,327600
08-11-2024 15:03,24237.9,366975,1092300,125.05,243800,867425,162.6,297950,320800
08-11-2024 15:03,24236.4,366600,1093400,124.1,247375,834325,163.35,267475,318725
08-11-2024 15:03,24231.85,366125,1094650,123.75,245550,852750,164.2,296225,318525
08-11-2024 15:03,24232,369125,1094350,124.9,253750,852200,162.65,273675,321725
08-11-2024 15:03,24237,366800,1093300,124.4,255525,832850,163.05,267675,321375
08-11-2024 15:04,24232,366825,1095400,124.4,253225,840925,163.05,268425,321725
08-11-2024 15:04,24230.05,366575,1096125,120.6,250375,848150,166.55,265675,326450
08-11-2024 15:04,24231.5,365600,1099050,121.05,242925,847100,166,266875,309250
08-11-2024 15:04,24229,365000,1099475,120.1,244225,848775,166.4,268650,307275
08-11-2024 15:04,24227.3,364625,1099375,119.85,237875,851600,166.9,271975,310200
08-11-2024 15:04,24230,364675,1100575,121.65,240000,850100,166.6,273775,313975
08-11-2024 15:05,24225.25,365050,1100775,118.45,237550,847825,169,273975,313875
08-11-2024 15:05,24225.25,360450,1100850,119.95,230925,847075,168.75,277950,289750
08-11-2024 15:05,24223,360175,1103025,119.35,229500,848675,170.3,279625,293600
08-11-2024 15:05,24222,359525,1103325,118.55,232675,855575,171.3,283075,295400
08-11-2024 15:05,24220.65,359125,1103375,119.35,239125,859050,170.7,282675,294550
08-11-2024 15:05,24224.35,361600,1100525,121.55,243750,837775,169.4,268400,295050
08-11-2024 15:06,24225.8,360700,1099050,122.1,271825,831875,167.3,262175,305025
08-11-2024 15:06,24227.15,363375,1100400,122.75,255250,831400,166.2,261500,332150
08-11-2024 15:06,24233.6,362775,1101425,122.95,252125,831225,166.3,260450,305425
08-11-2024 15:06,24231,362700,1103100,122.95,244625,834975,165.75,264025,304525
08-11-2024 15:06,24229.55,362450,1105275,122.3,239375,835625,166.9,263425,304500
08-11-2024 15:06,24232.1,363350,1106000,123.55,239800,836675,164.75,266425,309400
08-11-2024 15:07,24232.1,363900,1108575,124.45,240650,828650,164.35,264450,311000
08-11-2024 15:07,24232.1,365300,1108425,122.1,241450,831050,166.45,265700,313225
08-11-2024 15:07,24232.95,365600,1110300,123.1,244225,831000,165,268350,309550
08-11-2024 15:07,24234,366275,1108925,125.3,247925,828425,162.4,268550,311250
08-11-2024 15:07,24236,364225,1105700,125.5,248050,821400,162.45,267325,313350
08-11-2024 15:07,24236,363525,1105075,126.3,250125,821450,161.8,271100,316650
08-11-2024 15:08,24238.4,364350,1103050,127.75,248350,810450,160.05,266425,323200
08-11-2024 15:08,24238.7,364225,1103550,127.7,245350,808350,159.8,257950,309425
08-11-2024 15:08,24238.5,363450,1104550,126.7,241275,813675,161.2,260525,308225
08-11-2024 15:08,24237.35,363300,1106925,127.1,235675,818100,160.7,264875,308775
08-11-2024 15:08,24238.9,364550,1107000,129.1,236500,819100,158.8,268450,308950
08-11-2024 15:08,24242.25,364300,1103675,129.35,240750,805750,158.35,260750,311800
08-11-2024 15:09,24243,363725,1099975,129.2,243900,805875,158.55,260975,312525
08-11-2024 15:09,24244.95,362425,1098850,129.1,239875,843850,159,291675,315650
08-11-2024 15:09,24242,362450,1099275,129,242100,817750,159.5,294575,318000
08-11-2024 15:09,24244.05,361725,1099525,129.6,241800,818675,158.55,264600,317400
08-11-2024 15:09,24243.25,362000,1101050,127.4,242500,835800,160.65,306775,320200
08-11-2024 15:09,24239.65,361325,1101050,129.6,235950,837225,159.4,309700,319825
08-11-2024 15:10,24242.9,359725,1100925,127.7,232875,807225,161.35,279800,312850
08-11-2024 15:10,24238,362075,1103250,125.2,232475,814875,163.55,276225,309350
08-11-2024 15:10,24234.85,362600,1105475,126,235125,817850,162.65,276800,308175
08-11-2024 15:10,24239.3,363150,1106175,126,235925,816525,162.9,276100,306700
08-11-2024 15:10,24236.35,362475,1106075,126,236675,819325,162.9,276825,307825
08-11-2024 15:10,24236.55,362525,1107225,127.45,235500,819550,161,279025,313375
08-11-2024 15:11,24235.35,360475,1105500,127.5,238425,816775,161.95,281725,312400
08-11-2024 15:11,24235,360050,1104975,126.5,239800,814875,163,280075,314375
08-11-2024 15:11,24238.1,360125,1105050,127,241350,814750,162.85,274000,322025
08-11-2024 15:11,24240,360825,1105250,127.5,239575,819400,162.75,267000,320750
08-11-2024 15:11,24238.15,361400,1107175,126.8,241275,819775,162.55,265550,323100
08-11-2024 15:11,24237,361200,1108550,127.45,242100,817550,161.85,264775,322675
08-11-2024 15:12,24235.85,360900,1106825,127.6,240975,817850,161.6,265875,323850
08-11-2024 15:12,24238.85,361650,1106675,128.55,239150,818850,160.35,264825,324350
08-11-2024 15:12,24241.95,361550,1102475,128.75,239225,805325,159.8,250875,330350
08-11-2024 15:12,24242,361325,1102500,128.9,238050,807425,159.45,252475,331625
08-11-2024 15:12,24241.35,360200,1102750,129.05,239400,806375,158.75,253850,332350
08-11-2024 15:12,24241.95,360825,1101400,128.8,240600,828650,159.3,271350,330450
08-11-2024 15:13,24237.65,360350,1102875,127.55,241150,827850,160.7,285750,328475
08-11-2024 15:13,24244,360775,1103100,128.65,235650,807675,159.7,266500,327750
08-11-2024 15:13,24243.05,360725,1100025,128.6,237500,807350,160.05,268425,329525
08-11-2024 15:13,24240.85,359850,1100125,129.35,239450,800675,159.2,268175,334575
08-11-2024 15:13,24241.45,360325,1101175,128.65,238000,805950,159.6,265875,334075
08-11-2024 15:13,24241.95,360650,1101425,127.7,238850,847250,161.05,262950,334425
08-11-2024 15:14,24237.55,360775,1101775,127,240025,848000,161.6,276275,335175
08-11-2024 15:14,24237.55,358650,1102000,126.35,234800,821350,163,262600,331275
08-11-2024 15:14,24237.85,357675,1102125,124.45,228075,821775,165.55,268700,320825
08-11-2024 15:14,24238.05,355850,1102200,124,219750,818400,165.95,275525,300575
08-11-2024 15:14,24237.6,356400,1102950,124.7,220325,819150,165.1,269475,305800
08-11-2024 15:14,24236.2,357925,1102750,127,226650,819375,163.75,264025,305175
08-11-2024 15:15,24235.25,359550,1101600,128.05,225750,807400,162.95,251825,303950
08-11-2024 15:15,24238.3,360075,1101125,128.6,226250,802350,162.85,247725,305975
08-11-2024 15:15,24242.75,362325,1100100,130.3,227950,801125,160.25,244025,307550
08-11-2024 15:15,24244,370250,1100725,130.15,228075,760050,160.5,248425,308525
08-11-2024 15:15,24237.55,371700,1100625,129.7,219475,774625,161.3,273375,312050
08-11-2024 15:15,24242.75,373850,1093500,128.85,220650,776275,163.35,279900,312625
08-11-2024 15:16,24240.05,372050,1093425,128.5,219000,778825,165.1,274050,305075
08-11-2024 15:16,24237.95,369500,1094325,127.45,220850,784300,167.85,276175,296075
08-11-2024 15:16,24234.15,368875,1096650,127.45,211975,781450,167.45,261100,287100
08-11-2024 15:16,24237.3,366225,1096875,126.85,210525,778075,168.7,266950,283675
08-11-2024 15:16,24234.15,367600,1098150,127.05,210575,779250,168.75,268400,286350
08-11-2024 15:16,24236.15,366525,1098025,126.3,211425,782675,169.65,264300,285600
08-11-2024 15:17,24231.95,365600,1098375,124.75,207950,788075,170.9,266625,283700
08-11-2024 15:17,24231.55,349850,1095750,125.7,212825,785000,172.35,275475,264450
08-11-2024 15:17,24231.45,350175,1096000,124.55,209475,781625,172.8,277175,269050
08-11-2024 15:17,24232.5,348400,1094725,125.5,212850,782250,171.1,263475,269325
08-11-2024 15:17,24232.4,347925,1092975,126.25,214600,779100,169.5,254625,274925
08-11-2024 15:17,24231.9,348900,1093900,125.6,216900,804275,169.5,250900,276950
08-11-2024 15:18,24230,348225,1095425,124.6,219700,803350,171.3,271600,275500
08-11-2024 15:18,24231.95,347475,1093975,125.75,227525,793400,170.8,285325,277275
08-11-2024 15:18,24233.75,348500,1093925,125.55,221500,791750,169.85,232675,328925
08-11-2024 15:18,24234.9,349175,1094100,125.9,221925,789725,168.4,232025,330000
08-11-2024 15:18,24233.05,349575,1093450,125.85,223075,792475,168.7,233825,330275
08-11-2024 15:18,24233,349575,1092800,126.3,222450,792900,167.9,233150,334375
08-11-2024 15:19,24236,349700,1093000,126.5,222750,789175,168.25,226875,333950
08-11-2024 15:19,24231.75,350025,1091750,127.45,219025,793425,167.05,227675,329550
08-11-2024 15:19,24232,350100,1093750,127.35,219300,788650,167.85,225925,329500
08-11-2024 15:19,24231.95,349000,1096425,126.5,218750,812425,168.4,228875,328650
08-11-2024 15:19,24230.25,348300,1097175,127.35,219150,792525,169.05,226925,318800
08-11-2024 15:19,24235.5,348525,1096575,128,215100,786675,169.05,226725,303850
08-11-2024 15:20,24234.2,348100,1094175,129,220000,777950,167.15,222000,298400
08-11-2024 15:20,24234,348250,1094075,128.75,215375,757025,168.85,221750,294900
08-11-2024 15:20,24234,346575,1094875,128.8,205725,759575,168.7,230125,284925
08-11-2024 15:20,24233.15,347175,1093525,128.85,206175,751850,168.6,220125,284850
08-11-2024 15:20,24234.05,346950,1093150,128.7,209000,753700,168,219200,286425
08-11-2024 15:20,24232,347025,1093125,128.35,207475,755700,167.05,218250,287050
08-11-2024 15:21,24236,345700,1093400,128.7,208625,756800,166.6,223050,292025
08-11-2024 15:21,24232.25,345625,1092375,127.9,208800,757900,167.55,222700,290600
08-11-2024 15:21,24237.4,345175,1092550,127.85,207775,759125,167.55,222725,294350
08-11-2024 15:21,24234.2,345625,1092775,127.8,208775,755850,167.15,223525,294800
08-11-2024 15:21,24232.05,344650,1094350,127.85,208825,756550,166.3,221425,296050
08-11-2024 15:21,24234.2,343525,1094200,127.2,210650,756450,167.4,218725,296075
08-11-2024 15:22,24230,343075,1094900,123.5,204425,756550,169.15,215725,293150
08-11-2024 15:22,24230,341575,1095175,124.3,184975,756100,168.95,215775,284225
08-11-2024 15:22,24230,343450,1093875,124.9,187700,759975,168.25,215100,286100
08-11-2024 15:22,24233.9,341900,1094850,125.15,191675,761050,167.55,213400,288500
08-11-2024 15:22,24233.5,342525,1096475,125,191175,756125,168.2,213075,291875
08-11-2024 15:22,24233.6,342825,1096400,126.1,193600,756600,166.5,211800,294475
08-11-2024 15:23,24234.3,341750,1095675,126.55,199725,749950,168.35,212025,296825
08-11-2024 15:23,24232.05,341075,1095550,124.9,199675,756025,169,213800,296350
08-11-2024 15:23,24225.55,341550,1095975,124.2,190750,752200,169.3,211950,289900
08-11-2024 15:23,24228,342200,1096250,124.95,197200,750625,169.2,215025,292725
08-11-2024 15:23,24231.65,341225,1099325,124.45,197875,749100,169.8,216275,290350
08-11-2024 15:23,24230,340175,1099300,125,196675,751350,169.85,214700,288000
08-11-2024 15:24,24228.05,340175,1099875,125.25,196450,742350,170.85,214150,261975
08-11-2024 15:24,24225.2,339400,1100300,124.55,194675,741650,171.5,215000,260525
08-11-2024 15:24,24223.5,338600,1100175,125.2,190600,744325,172.25,219625,252475
08-11-2024 15:24,24226,338200,1097400,125.1,191500,735200,172.3,216950,250600
08-11-2024 15:24,24225,337350,1096750,124.95,193350,736250,172.7,213300,251050
08-11-2024 15:24,24226.9,338275,1096900,124.85,197550,735425,173.55,213575,238375
08-11-2024 15:25,24225,338100,1096375,125.8,216725,727275,175.5,226375,236425
08-11-2024 15:25,24222.75,338350,1097275,125.6,213250,727075,174.95,212950,217725
08-11-2024 15:25,24220.9,339200,1097450,124.9,198525,744950,175.2,207200,219150
08-11-2024 15:25,24222.45,336025,1098800,124.5,198225,729025,176.8,208925,219550
08-11-2024 15:25,24220,334925,1097075,123.7,196300,729600,177.55,205850,218775
08-11-2024 15:25,24221.75,336650,1096525,122.7,192975,733750,177.95,205350,216900
08-11-2024 15:26,24217.45,331500,1095750,121.3,186400,729050,179.2,203400,219325
08-11-2024 15:26,24215.95,332425,1092475,120.75,184650,726425,181.25,213925,213150
08-11-2024 15:26,24214.4,333525,1092450,119.45,182450,715675,183.85,214050,198775
08-11-2024 15:26,24206,326050,1090750,118.95,160925,711300,187.25,214800,190450
08-11-2024 15:26,24205.8,321875,1090475,118,165825,766650,188.9,216275,182475
08-11-2024 15:26,24206,320175,1088900,118,169150,763050,188.75,209625,182225
08-11-2024 15:27,24205.1,319050,1086000,115.7,167600,716025,188.25,210600,187575
08-11-2024 15:27,24203,318525,1086050,115.3,161625,770825,188.5,208075,190500
08-11-2024 15:27,24205,310200,1087500,115,160450,769100,188.6,191125,190050
08-11-2024 15:27,24205.3,309100,1086425,114.95,153700,732475,187.7,185350,191325
08-11-2024 15:27,24204.1,303975,1086150,114.65,156725,720100,188.5,181350,191650
08-11-2024 15:27,24204.9,308600,1086075,115.3,163850,711650,186,184325,197450
08-11-2024 15:28,24203.95,305725,1084800,113.5,155250,704125,188,173675,192925
08-11-2024 15:28,24202,303850,1083575,113.85,151225,705775,187.5,169950,194825
08-11-2024 15:28,24200,301450,1079400,114.7,157950,706675,186.4,171175,189750
08-11-2024 15:28,24200.5,302425,1077000,115,156750,699700,186.65,167025,189425
08-11-2024 15:28,24200,300475,1070475,114,159450,702625,186.1,167700,192775
08-11-2024 15:28,24199,293300,1072600,113.25,157325,754250,186.4,168100,188150
08-11-2024 15:29,24199,296675,1074350,112.9,154575,758350,186.1,166650,185025
08-11-2024 15:29,24199.85,293625,1070425,112.7,145000,751250,183.75,165925,183725
08-11-2024 15:29,24200,291525,1070550,112.25,147950,733425,183.9,159750,181875
08-11-2024 15:29,24198,290525,1063075,112.35,145525,723325,184.4,153000,177300
08-11-2024 15:29,24197.05,287275,1056575,111.65,143825,714425,182,153525,172875
08-11-2024 15:29,24196.4,275225,1044550,112.85,123850,658350,182,153250,165625
