last_traded_time,ltp,tot_buy_qty,tot_sell_qty,ltp,tot_buy_qty,tot_sell_qty,ltp,tot_buy_qty,tot_sell_qty
10-02-2025 09:16,23555,258525,623100,111.95,3540075,343800,202.1,2883075,116925
10-02-2025 09:16,23555,262125,624450,112.5,3561225,348975,200.25,2886675,129150
10-02-2025 09:16,23552.45,267825,627975,111.45,3578100,374025,201.95,2888325,131550
10-02-2025 09:17,23554,267675,626625,108.3,3561000,389925,204.75,2899800,130050
10-02-2025 09:17,23552.6,271725,628050,107.75,3526950,397050,205.05,2909025,126375
10-02-2025 09:17,23553,274425,631275,108,3550650,396450,201.95,2910825,143025
10-02-2025 09:17,23549,274725,632325,105.7,3553425,426900,204.85,2906325,148050
10-02-2025 09:17,23543,268275,615900,103.55,3539400,438300,206.3,2906325,130725
10-02-2025 09:17,23545.9,270900,616425,103.3,3550500,439575,207.6,2917500,133650
10-02-2025 09:18,23541.9,268275,619350,103,3565500,439125,210.3,2918775,131100
10-02-2025 09:18,23539.9,268950,619575,102.15,3576600,438000,213.15,2915850,120900
10-02-2025 09:18,23535.55,274875,618450,102.65,3586350,444000,210.95,2911125,129150
10-02-2025 09:18,23541,275325,617775,104.45,3797475,436125,210.2,2914050,133350
10-02-2025 09:18,23541,275625,620325,104.3,3804975,435300,211.9,2906550,131850
10-02-2025 09:18,23536.85,278400,622125,103.95,3825375,430050,210,2898975,132225
10-02-2025 09:19,23540,282525,633225,104.55,3796350,432975,209.6,2895000,126825
10-02-2025 09:19,23546.6,291450,641025,105.4,3812475,437775,207.45,2895600,133950
10-02-2025 09:19,23540,293625,644175,104.6,3825900,437850,211.7,2895375,137025
10-02-2025 09:19,23541.3,297900,653625,105,3830400,445275,210.75,2900175,134625
10-02-2025 09:19,23546.65,298050,646950,106,3842475,448650,209,2899200,138900
10-02-2025 09:19,23542.05,300975,651675,103.95,3846525,452250,212.35,2900175,143625
10-02-2025 09:20,23547.45,304200,662700,106.25,2199675,456450,209.85,1507200,145875
10-02-2025 09:20,23541,301425,662325,104.4,1170600,467250,212.7,1014075,147750
10-02-2025 09:20,23541.25,300750,665550,104.1,1176525,474075,213,1014900,143400
10-02-2025 09:20,23534.55,307050,667050,104.55,1167975,484350,213.4,1025325,136650
10-02-2025 09:20,23540,302925,663300,104.6,1176600,503025,211.95,1020975,134175
10-02-2025 09:20,23537.05,307050,665325,104.75,1185300,502350,211.2,1016475,140850
10-02-2025 09:21,23543.9,314550,663450,105.1,1201275,504450,210.35,1014150,147825
10-02-2025 09:21,23540.6,315225,657375,106.35,1209675,503775,208.95,1012350,147600
10-02-2025 09:21,23545.35,320250,659025,109,1232850,501225,206.5,1009050,149850
10-02-2025 09:21,23544,321600,656325,108.5,1236075,492150,209.5,1013775,150000
10-02-2025 09:21,23540.45,320175,661050,106.65,1227375,511125,213,1018875,149700
10-02-2025 09:21,23549,325800,658875,109.35,1226700,517950,207.4,1021050,155175
10-02-2025 09:22,23550.3,322500,652875,109.3,1233150,515325,208.65,1007850,158475
10-02-2025 09:22,23551.2,324975,651975,110.3,1245975,522675,207,1010175,164700
10-02-2025 09:22,23553.05,325275,657000,110.95,1250100,513225,204.6,1006575,168375
10-02-2025 09:22,23553.95,327000,653550,110.85,1251600,515325,205.75,1002675,174375
10-02-2025 09:22,23555.2,324225,652725,111.35,1253700,519975,202.6,1009950,176175
10-02-2025 09:22,23555.05,327300,654525,111.35,1242150,528975,202.15,1010775,177000
10-02-2025 09:23,23554.25,327000,657825,111.1,1248825,529950,203.1,1010025,174675
10-02-2025 09:23,23560,325950,653850,111.35,1239675,528975,203.35,1013925,173400
10-02-2025 09:23,23560.4,326025,657675,111.85,1252500,540375,202.75,1017900,179775
10-02-2025 09:23,23560.4,327825,658050,111.9,1257450,547350,202,1021200,179775
10-02-2025 09:23,23563,325050,657750,112.35,1256625,550725,201.3,1024575,182100
10-02-2025 09:23,23560.9,315750,660075,111.8,1259625,555750,202.45,1034625,183450
10-02-2025 09:24,23557.3,323325,659025,109.75,1254225,571425,205.35,1050225,179025
10-02-2025 09:24,23560.05,326025,661050,112.7,1254525,570075,201.7,1051200,183150
10-02-2025 09:24,23567,332025,653475,116.05,1266300,553275,197.65,1042125,186000
10-02-2025 09:24,23560.9,325050,680325,113.2,1264575,537075,202.35,1016175,191775
10-02-2025 09:24,23559.05,328725,677400,111.65,1279350,559500,204,1020150,198525
10-02-2025 09:24,23557.45,328650,681075,110.7,1278150,579975,204.65,1022925,202350
10-02-2025 09:25,23551.85,329700,683550,108.6,1255350,585675,207.3,1027500,200475
10-02-2025 09:25,23550.6,333975,684525,109.6,1211475,587325,206.7,1035225,184200
10-02-2025 09:25,23555.1,336750,693525,109.6,1224075,588675,206.6,1035000,196575
10-02-2025 09:25,23553.9,337425,690900,109.5,1231275,599625,206.7,1036200,200475
10-02-2025 09:25,23552.05,333525,688500,108.8,1224300,612900,207,1043100,193650
10-02-2025 09:25,23552.05,337050,694125,107.65,1235175,616050,208.25,1045950,198300
10-02-2025 09:26,23552.9,346875,682425,109.75,1241625,606000,205.05,1046850,202500
10-02-2025 09:26,23550.1,347175,695250,108.3,1242750,613800,206.75,1040025,204600
10-02-2025 09:26,23549.4,341475,692175,107.25,1238025,631650,209.5,1045350,194475
10-02-2025 09:26,23548.3,339450,698700,106.35,1239975,636675,210,1044600,186300
10-02-2025 09:26,23542.05,338925,696825,104.75,1245300,646425,212,1046550,184875
10-02-2025 09:26,23544.4,339450,698175,106.05,1222200,642900,210.4,1047975,185025
10-02-2025 09:27,23538,341175,696450,103.75,1214625,651150,213,1047000,187125
10-02-2025 09:27,23530.05,332250,701475,100.85,1191825,655575,218.7,1053300,173250
10-02-2025 09:27,23534.3,337800,696825,102.35,1120500,656400,216.7,1046250,151725
10-02-2025 09:27,23531.65,338925,701475,102.05,1139775,656475,218.35,1062975,158400
10-02-2025 09:27,23526,336750,704175,100.65,1152975,660600,220.7,1086600,158325
10-02-2025 09:27,23522.55,324075,700725,99.2,1152000,680700,222.9,1093800,149700
10-02-2025 09:28,23526.55,332400,703275,99.25,1139175,682800,223,1095525,142875
10-02-2025 09:28,23527.95,336600,694200,101,1162575,681300,219.6,1090350,150675
10-02-2025 09:28,23527.4,336675,703425,100.8,1159275,683775,219.5,1057575,173550
10-02-2025 09:28,23529.55,356475,702150,100.35,1162650,690075,220.05,1057575,180750
10-02-2025 09:28,23525.15,356325,707475,99.7,1163550,699150,219,1060200,180450
10-02-2025 09:28,23528,352425,709800,99.65,1159350,705225,218,1058400,182850
10-02-2025 09:29,23527.2,359325,710850,97.9,1161600,702150,220.6,1053150,185175
10-02-2025 09:29,23529.4,357075,706875,98.55,1165650,712200,218,1059900,189450
10-02-2025 09:29,23533.8,363225,704100,100.4,1176900,717450,215.4,1062300,195300
10-02-2025 09:29,23529.9,355050,702375,97.5,1184175,734625,220.3,1057275,198975
10-02-2025 09:29,23525.05,348300,709275,96.9,1172325,754200,219.5,1062900,196125
10-02-2025 09:29,23527.05,355950,706575,95.7,1187100,752175,219.65,1053075,201375
10-02-2025 09:30,23516.7,353550,707925,92.75,1165875,747600,219.9,1050300,206325
10-02-2025 09:30,23523.35,341925,695250,94.35,1141575,739275,215.05,1048575,233175
10-02-2025 09:30,23520,343050,714750,92.8,1151100,757200,216.35,1048125,219000
10-02-2025 09:30,23513.2,347550,707775,91.3,1139250,763725,217.5,1049700,225525
10-02-2025 09:30,23511.05,346575,712875,90.15,1112175,760950,220.8,1056750,219075
10-02-2025 09:30,23510,341325,707625,88.75,1103175,762300,224,1062675,211275
10-02-2025 09:31,23509.4,333750,715275,87.5,1098150,767700,224.7,1066200,209100
10-02-2025 09:31,23505.15,341925,715500,86.45,1083675,783000,227.1,1071000,205350
10-02-2025 09:31,23501.7,328125,717750,84.6,1080675,796200,229.95,1073850,207300
10-02-2025 09:31,23494,326925,726300,84.1,1057875,798150,230.15,1073475,194625
10-02-2025 09:31,23492.6,318075,711075,83.6,1073100,795150,232,1079025,188850
10-02-2025 09:31,23496.4,319575,723000,83.8,1085625,803475,232.2,1082025,189750
10-02-2025 09:32,23491.05,311850,718800,81.8,1080000,795150,235.45,1081050,195150
10-02-2025 09:32,23492.9,321075,727050,82.1,1078575,806625,234.25,1084200,199575
10-02-2025 09:32,23493.9,314025,733575,81.4,1081800,796275,233.75,1075125,204375
10-02-2025 09:32,23490.05,319575,725325,79.05,1081725,799500,235.35,1079025,208650
10-02-2025 09:32,23489,322575,729975,77.85,1067925,800250,239.55,1082925,202500
10-02-2025 09:32,23487.35,321150,728625,80.65,1072275,812100,232.75,1089600,192000
10-02-2025 09:33,23494.75,323850,725325,80.7,1084425,798825,232.15,1077975,194175
10-02-2025 09:33,23490.05,314400,741375,80.55,1099500,820200,232.95,1066950,196950
10-02-2025 09:33,23496.5,323550,737475,82,1112700,825825,229.35,1071450,198900
10-02-2025 09:33,23493.4,321750,739500,81.1,1119525,820275,231.5,1052550,199800
10-02-2025 09:33,23494.4,328200,751425,80.5,1122975,825525,233.3,1058700,199875
10-02-2025 09:33,23498.2,330750,752925,82.9,1127175,818550,228.75,1060050,197400
10-02-2025 09:34,23499,331800,760200,82.4,1145625,822750,230.45,1056375,202875
10-02-2025 09:34,23501.1,336450,762975,83.4,1158900,851700,228.45,1054350,206400
10-02-2025 09:34,23498.1,339900,771300,82.6,1163625,880725,230,1055400,202875
10-02-2025 09:34,23498.45,346875,774600,82,1138200,884850,231.95,1059675,204900
10-02-2025 09:34,23498.95,349425,774750,82.15,1146225,895125,231.35,1057200,209175
10-02-2025 09:34,23495.05,350025,777075,81.95,1162200,885975,229.3,1052850,210450
10-02-2025 09:35,23500,354300,782625,82.1,1155825,902100,231.1,1057125,209025
10-02-2025 09:35,23501,360600,793200,83.85,1165950,891675,228.75,1049175,213450
10-02-2025 09:35,23498.45,357075,801300,84.55,1172850,887175,230.65,1047450,216000
10-02-2025 09:35,23499.55,356325,800925,83.45,1180800,907650,231.95,1048350,213000
10-02-2025 09:35,23498.05,356925,806850,82.05,1182675,917850,233.9,1054500,214875
10-02-2025 09:35,23498.4,360975,808050,84,1184925,919350,230.15,1061925,221850
10-02-2025 09:36,23502.1,364350,814950,84.75,1196025,898800,228.75,1047750,227925
10-02-2025 09:36,23500.4,358800,815400,83.7,1190550,917775,230,1053450,229050
10-02-2025 09:36,23498.7,357825,810600,82.9,1197225,929025,229.75,1058175,229950
10-02-2025 09:36,23500,359775,814575,81.75,1199025,930075,229.95,1056600,236475
10-02-2025 09:36,23498.75,363750,816525,81,1197675,936975,229.95,1058475,235200
10-02-2025 09:36,23495,362475,831000,79.2,1185600,947925,233,1064775,237525
10-02-2025 09:37,23496.6,363075,828450,80,1143675,957825,232.1,1062900,229350
10-02-2025 09:37,23501,367575,826275,82.95,1179300,945750,225.65,1058475,232275
10-02-2025 09:37,23503.95,359850,821025,82.4,1194225,946425,226.4,1033125,239700
10-02-2025 09:37,23501.45,364725,836250,82.85,1191825,954075,226.9,1038375,247125
10-02-2025 09:37,23502.05,365925,836925,82,1190700,964050,227,1039875,250050
10-02-2025 09:37,23505,369750,844350,83.1,1208175,965700,225.1,1038150,258225
10-02-2025 09:38,23502,364125,847650,82.3,1207800,975225,228.5,1044600,257775
10-02-2025 09:38,23502.45,367350,846000,82.05,1201950,980325,228.5,1042500,261225
10-02-2025 09:38,23499.85,364800,851400,81.5,1183575,995400,228.7,1049475,257550
10-02-2025 09:38,23496,376575,846000,82.5,1216425,989250,228.5,1047225,261000
10-02-2025 09:38,23497.95,370275,852825,80.15,1209750,998850,232,1050450,262050
10-02-2025 09:38,23497.2,372075,851550,81.15,1210200,997500,231,1052400,263925
10-02-2025 09:39,23496.25,371550,854850,80.9,1212450,997425,232.25,1047225,264900
10-02-2025 09:39,23492,371475,855450,81.45,1196100,1005525,231.9,1049925,260925
10-02-2025 09:39,23493.1,374175,853875,81.3,1208700,1003575,231.8,1047000,263700
10-02-2025 09:39,23493.4,372225,858600,80.85,1210800,1013775,232.6,1045650,266625
10-02-2025 09:39,23492.25,368775,858450,79.75,1203600,1022250,234.65,1046325,269475
10-02-2025 09:39,23491,369825,857325,79.6,1196700,1020900,234.15,1047375,247800
10-02-2025 09:40,23491.4,369225,855750,80.15,1177125,1018650,234.95,1045950,241275
10-02-2025 09:40,23489.05,369525,847725,80.3,1160025,1026075,235,1046250,247575
10-02-2025 09:40,23490,367050,852675,81.5,1164525,1030650,234,1049325,240825
10-02-2025 09:40,23489.05,370875,844875,81.6,1180875,1013325,235.9,1046775,235425
10-02-2025 09:40,23489.05,370050,845475,82.35,1216800,1012875,234.55,1051425,240150
10-02-2025 09:40,23493.15,374250,846975,83.85,1207200,1008600,233.5,1055325,245925
10-02-2025 09:41,23492,370425,850875,82.1,1188675,987375,235.7,1049625,249525
10-02-2025 09:41,23485.3,361275,850125,81,1186200,990525,238.9,1054800,244875
10-02-2025 09:41,23490.2,389700,855000,82,1209825,996150,235.6,1054575,236700
10-02-2025 09:41,23490,384675,855975,80.8,1218000,1018800,237.7,1057500,238950
10-02-2025 09:41,23486,392175,859950,81,1203225,1021350,237.1,1057425,235575
10-02-2025 09:41,23489.45,388875,858525,80.8,1208775,1032225,238.25,1058625,237375
10-02-2025 09:42,23488,389925,860475,80.3,1200675,1054425,239.15,1058250,233625
10-02-2025 09:42,23490,390450,858975,81,1212900,1055100,237.65,1061775,231300
10-02-2025 09:42,23482,387600,860325,81.8,1213125,1045575,243.2,1054050,225525
10-02-2025 09:42,23487.2,379500,855975,82.7,1201500,1031925,243.1,1052700,209325
10-02-2025 09:42,23482,380625,862050,80.85,1199850,1050675,243.9,1062300,214050
10-02-2025 09:42,23477.5,387375,859875,80.75,1202325,1059300,244.55,1069650,217425
10-02-2025 09:43,23482,381600,863100,80.25,1198050,1065825,244.35,1074000,215925
10-02-2025 09:43,23476,378900,867525,79.8,1196925,1076850,246.6,1083900,220500
10-02-2025 09:43,23478.15,377700,864075,81.5,1209450,1075875,247.1,1086000,213750
10-02-2025 09:43,23477.7,379725,877500,80.75,1216575,1065150,249.4,1085025,189375
10-02-2025 09:43,23481.1,380850,869025,81.4,1228275,1059225,247.25,1084050,193575
10-02-2025 09:43,23477,383025,871950,80.7,1227150,1024425,249.9,1083075,196050
10-02-2025 09:44,23472.55,383100,875400,80.7,1216050,1022700,250.2,1082925,191925
10-02-2025 09:44,23475.6,384375,865725,81,1233825,1016250,248.7,1074450,197550
10-02-2025 09:44,23477,384150,875025,81,1231575,1017525,249.1,1065675,205200
10-02-2025 09:44,23476,384375,872700,81.15,1236750,1020825,247.5,1065750,216600
10-02-2025 09:44,23480,389400,879225,81.45,1240275,1039500,247,1064100,215775
10-02-2025 09:44,23476,389325,878700,81.05,1239375,1051425,249,1059075,217725
10-02-2025 09:45,23473.65,386775,881925,80.3,1228050,1055325,248.65,1061250,215700
10-02-2025 09:45,23484.4,393075,862425,82.3,1231800,1044825,243.35,1050150,214200
10-02-2025 09:45,23481.9,397650,883350,82.05,1224975,1050300,244.4,1055175,208950
10-02-2025 09:45,23489.9,396975,874125,84.35,1262325,1044825,243.1,1049850,212850
10-02-2025 09:45,23488.8,398325,878625,84.6,1269300,995325,242.6,1042125,211500
10-02-2025 09:45,23483.1,398175,879150,82.4,1254600,973875,246.5,1045050,212550
10-02-2025 09:46,23480,394200,877875,81.95,1241325,996225,247.3,1052400,204225
10-02-2025 09:46,23485,398700,876225,82.65,1257750,996600,246.05,1054350,207525
10-02-2025 09:46,23487.35,390900,880650,83.45,1261350,999075,244.3,1046625,206850
10-02-2025 09:46,23485,391875,881400,83.4,1267725,1019250,244.9,1049025,211500
10-02-2025 09:46,23485,391350,876750,83.5,1269525,1028775,245,1049775,212850
10-02-2025 09:46,23487.65,392100,882225,83.3,1276200,1051200,244,1049850,214050
10-02-2025 09:47,23487.4,391950,881475,83.1,1273200,1049925,245,1043550,216225
10-02-2025 09:47,23487.7,389925,876975,83.05,1267200,1062000,245.55,1046250,214125
10-02-2025 09:47,23486.9,396750,879300,84.35,1277175,1055475,242.65,1047600,215475
10-02-2025 09:47,23491.3,395100,882975,84.4,1275750,1060875,242.5,1041450,217725
10-02-2025 09:47,23487.3,396150,882075,84.3,1265175,1066500,241.05,1045650,203250
10-02-2025 09:47,23495,398025,882300,85.1,1271775,1065150,238,1042950,202650
10-02-2025 09:48,23494.4,395700,880575,84.55,1276050,1037250,239.4,1034775,202800
10-02-2025 09:48,23491,394575,879675,83.45,1269150,1056975,242.45,1044000,201225
10-02-2025 09:48,23491.7,395100,880725,83.5,1262250,1078050,241.1,1048200,197400
10-02-2025 09:48,23488,395175,880725,83.2,1263750,1068000,242.1,1047825,202425
10-02-2025 09:48,23491.65,396750,879375,84.3,1272375,1068825,239.05,1045950,204525
10-02-2025 09:48,23495,399675,886950,84.55,1277475,1074000,238.7,1045050,204675
10-02-2025 09:49,23494.75,401025,885375,84,1282500,1057800,238.95,1038750,213075
10-02-2025 09:49,23496.35,400275,879750,84.2,1278150,1079925,238,1040475,227550
10-02-2025 09:49,23495.4,397575,881025,83.8,1281600,1083975,238.5,1046175,228150
10-02-2025 09:49,23496.9,389100,884250,84.25,1275675,1086300,237.7,1047450,224550
10-02-2025 09:49,23499,393900,886875,85,1280100,1072800,235.1,1047975,226950
10-02-2025 09:49,23497.6,395175,886650,85.6,1287750,1061325,234.55,1030425,224325
10-02-2025 09:50,23501.55,396750,889650,85.2,1286925,1054875,234.75,1029675,221325
10-02-2025 09:50,23505,397350,881175,87.65,1293075,1056900,230.5,1030350,195900
10-02-2025 09:50,23508.8,398775,881325,87.6,1312275,1026075,230.05,1018875,194100
10-02-2025 09:50,23503.75,380100,888600,86.35,1290975,1047375,232.95,1024200,193125
10-02-2025 09:50,23501.4,395475,888075,85.65,1265400,1055550,232.95,1029975,196875
10-02-2025 09:50,23500.1,393525,894225,84,1273350,1056900,235.7,1031625,200550
10-02-2025 09:51,23496.95,397875,892125,85.25,1263450,1060050,233.3,1033650,199875
10-02-2025 09:51,23505,397275,890475,85.7,1269075,1057950,232.55,1029075,202425
10-02-2025 09:51,23500,394425,895125,85.3,1268100,1075950,232.3,1032000,202650
10-02-2025 09:51,23499.25,397875,896025,84.2,1266750,1083825,235.8,1032300,203175
10-02-2025 09:51,23500.85,398775,893400,86.6,1284675,1075650,231.2,1032600,201600
10-02-2025 09:51,23505.9,401850,889350,88.4,1291200,1064025,227.45,1029375,204525
10-02-2025 09:52,23507,401925,884850,88.3,1291875,1052475,228.4,1027200,203550
10-02-2025 09:52,23509,401550,889875,88.65,1290000,1057950,227,1029375,201750
10-02-2025 09:52,23510,400350,888150,89,1294200,1045650,226.6,1024875,190950
10-02-2025 09:52,23510,402750,887700,89.65,1292325,1046025,226.2,1029975,194625
10-02-2025 09:52,23512,401325,886200,89.9,1300050,1011900,225,1029150,197625
10-02-2025 09:52,23514.7,403800,883800,90.4,1304175,1013025,223.85,1025250,193425
10-02-2025 09:53,23510.45,392250,886125,90.1,1291275,1025325,223.9,1032900,193500
10-02-2025 09:53,23513.95,399000,886950,90.05,1296000,1035300,222.15,1032525,196875
10-02-2025 09:53,23513.95,401775,888075,90.7,1290225,1038525,220.65,1037475,195750
10-02-2025 09:53,23516.9,403350,886350,90.7,1290975,1042575,219.75,1028025,198825
10-02-2025 09:53,23519,403500,885375,90.85,1280475,1055175,219.8,1027050,195150
10-02-2025 09:53,23519,405075,889050,90.95,1264350,1052700,218.6,1028475,196575
10-02-2025 09:54,23518.95,407475,888000,90.8,1269450,1047600,217.65,1025400,196050
10-02-2025 09:54,23515,400950,895350,89.1,1276350,1060950,222,1032150,192000
10-02-2025 09:54,23517,406275,896775,90.75,1257375,1087200,220.75,1029750,188475
10-02-2025 09:54,23515.8,402825,893775,91.15,1272225,1063125,218,1031025,194025
10-02-2025 09:54,23519,403050,890850,91.35,1283025,1058025,217.85,1026750,194475
10-02-2025 09:54,23518,398325,897300,90.65,1281675,1069125,218.35,1037550,199950
10-02-2025 09:55,23520.9,406425,893100,91.15,1273050,1062450,218.4,1037325,200100
10-02-2025 09:55,23520,402000,894450,90.4,1283625,1067250,218.75,1040325,203475
10-02-2025 09:55,23520,400125,894225,89,1280625,1080675,220.7,1040775,208875
10-02-2025 09:55,23515,404925,912675,89.55,1272075,1093950,219.7,1042575,205875
10-02-2025 09:55,23515,405150,908475,89.1,1273725,1102950,220.7,1046100,204675
10-02-2025 09:55,23512.9,403950,913800,88.35,1266000,1096425,222.95,1041900,204450
10-02-2025 09:56,23514.45,408825,912300,91,1261125,1093275,217.75,1038375,201150
10-02-2025 09:56,23525,406050,901575,94.4,1293600,1034025,212.1,1029150,204525
10-02-2025 09:56,23518.6,400125,907275,89.95,1291650,1008900,221.7,1018050,204150
10-02-2025 09:56,23517.9,406575,911850,90.55,1294800,1036725,220.65,1020375,204675
10-02-2025 09:56,23516.95,400800,913050,89,1288725,1045350,223,1025850,202200
10-02-2025 09:56,23511.25,402075,909300,89.5,1264425,1056675,223.65,1052400,198075
10-02-2025 09:57,23513.4,404400,910050,89.3,1265025,1061475,223.4,1052625,204375
10-02-2025 09:57,23516.35,406350,906375,91.8,1281300,1061250,220.55,1053375,209400
10-02-2025 09:57,23514.5,407625,908700,91.9,1280700,1052325,219.4,1048275,211200
10-02-2025 09:57,23521,407250,911625,91.9,1285500,1061925,219.5,1053825,211950
10-02-2025 09:57,23520.95,405975,910350,91.6,1293975,1076100,219.9,1058700,212700
10-02-2025 09:57,23519.95,406125,903300,92.5,1295100,1075575,219.85,1057875,215325
10-02-2025 09:58,23519,406650,908925,92.7,1303800,1074375,218.5,1038000,217200
10-02-2025 09:58,23518.7,401550,914625,91.95,1300275,1087425,219.85,1066575,213675
10-02-2025 09:58,23520,410025,910425,91.9,1300800,1092600,219.5,1070925,215925
10-02-2025 09:58,23520.9,405525,912375,91.1,1305675,1097925,221,1065075,215475
10-02-2025 09:58,23515,403800,914475,90.75,1299225,1108725,221.25,1069650,212925
10-02-2025 09:58,23518,403425,914775,90.55,1294200,1118775,221.7,1074600,212100
10-02-2025 09:59,23516.7,406125,919875,90.8,1284675,1118775,221.65,1070400,215400
10-02-2025 09:59,23519.75,405600,917850,91.5,1289775,1121250,220.75,1070625,217800
10-02-2025 09:59,23519.85,407100,911100,92.4,1294875,1121550,219.35,1065975,219525
10-02-2025 09:59,23518.75,402375,916350,91.25,1301400,1115475,221.8,1067025,218250
10-02-2025 09:59,23515,410025,916725,91.5,1303050,1121850,220.7,1068000,221325
10-02-2025 09:59,23516,399225,844950,90.35,1302975,1127475,222.7,1070175,217350
10-02-2025 10:00,23520.2,411975,915750,92.95,1310775,1123275,218.25,1063350,215175
10-02-2025 10:00,23513,404025,914625,90.65,1322325,1119075,221.95,1065600,219525
10-02-2025 10:00,23519.4,413775,914400,91.5,1302150,1117950,220,1067550,218175
10-02-2025 10:00,23515.05,408675,913050,91.75,1311375,1117725,220.5,1071000,220275
10-02-2025 10:00,23519,411825,915900,91.6,1312500,1124025,220.1,1072350,221775
10-02-2025 10:00,23515,409125,914700,91.25,1317075,1115400,220.6,1071900,222600
10-02-2025 10:01,23521,412500,912375,93.2,1325325,1117050,216.9,1064925,220050
10-02-2025 10:01,23522.95,415875,913500,92.8,1320225,1105650,217.65,1060650,221325
10-02-2025 10:01,23524,411375,912525,94.25,1330575,1102350,215.15,1055325,221475
10-02-2025 10:01,23524.9,410475,908850,94.9,1337550,1078200,213.95,1053075,236400
10-02-2025 10:01,23526.45,410400,912825,93.95,1339425,1064925,215.4,1049475,228150
10-02-2025 10:01,23520,412350,915525,93.4,1331775,1071075,217,1053825,219825
10-02-2025 10:02,23522,413100,912825,95,1341900,1078350,214.05,1053675,223050
10-02-2025 10:02,23524,412725,912225,94.1,1343775,1080375,215.5,1058325,226125
10-02-2025 10:02,23521,412575,915000,93.05,1328775,1107375,217.2,1061025,227700
10-02-2025 10:02,23525,412875,914775,93.3,1334775,1117500,216.7,1064550,229050
10-02-2025 10:02,23524.95,413850,915300,92.9,1344525,1116300,216.6,1067925,232725
10-02-2025 10:02,23524.9,418275,914550,93.05,1350825,1117575,217.05,1070550,231300
10-02-2025 10:03,23524.8,417600,914850,93.5,1341375,1126425,217.15,1072425,230400
10-02-2025 10:03,23523.7,424575,914475,94.85,1349400,1122600,214.4,1070025,236400
10-02-2025 10:03,23530.5,415200,921000,95.75,1374975,1081125,212.8,1057650,238350
10-02-2025 10:03,23527.4,415950,921450,93.75,1345575,1047675,216.4,1051275,244800
10-02-2025 10:03,23525,426975,921150,94.8,1340475,1059675,215,1057500,244350
10-02-2025 10:03,23529.8,419100,915675,94.1,1345350,1068675,215.4,1055775,252300
10-02-2025 10:04,23521,421275,919350,93.5,1345275,1086525,216.8,1060275,252150
10-02-2025 10:04,23525.75,412875,922500,93.35,1342875,1098525,217.05,1058475,254775
10-02-2025 10:04,23521.8,415575,925200,93.55,1349400,1089225,216.55,1058325,253725
10-02-2025 10:04,23521.55,410925,922650,92.05,1346925,1096200,219.4,1055475,252225
10-02-2025 10:04,23517.1,410175,927000,91.5,1326675,1097925,219.7,1054350,236250
10-02-2025 10:04,23515.1,412275,926775,90.5,1323450,1107750,221.95,1061400,239325
10-02-2025 10:05,23505.05,388800,933450,87.15,1287375,1105650,228.4,1063200,230550
10-02-2025 10:05,23503.9,404175,926925,85.4,1212750,1100100,231.85,1062300,196500
10-02-2025 10:05,23507.2,400875,925425,88.45,1214325,1082775,230.7,1064775,192750
10-02-2025 10:05,23510,406650,915300,89.9,1242600,1086600,227.7,1061925,206250
10-02-2025 10:05,23509,411000,926100,90.8,1263000,1089600,225.05,1060875,214875
10-02-2025 10:05,23509.55,408600,931875,89.1,1265175,1098075,227,1058250,216900
10-02-2025 10:06,23505.25,413775,930750,90.05,1257300,1101075,226.2,1058625,221025
10-02-2025 10:06,23507.5,414225,927900,90.75,1266750,1099350,224.75,1056450,223125
10-02-2025 10:06,23510,412725,928275,90.2,1271625,1110075,225.25,1056150,225600
10-02-2025 10:06,23510,412575,929775,91.35,1274775,1110075,224.3,1056600,224025
10-02-2025 10:06,23508.55,410175,932925,89.35,1275000,1126725,227.65,1055400,225300
10-02-2025 10:06,23507.85,414150,929475,89.55,1255275,1133400,229.15,1058550,221250
10-02-2025 10:07,23502.1,416175,928875,90.4,1266975,1131000,229,1055250,211950
10-02-2025 10:07,23498,410850,934575,87.45,1276425,1141275,233.7,1059975,207750
10-02-2025 10:07,23492.3,403425,936075,86.1,1260900,1142250,235.9,1062675,195975
10-02-2025 10:07,23491.1,401775,935775,85.5,1251525,1137300,237.15,1066125,189375
10-02-2025 10:07,23489.8,403650,934950,83.2,1246875,1135500,240.5,1061325,185850
10-02-2025 10:07,23485,402675,936750,82.4,1235850,1135200,239.65,1061325,184050
10-02-2025 10:08,23483.2,403050,933375,81.1,1224450,1137225,242.45,1068375,190425
10-02-2025 10:08,23488.15,401475,929775,83.7,1232850,1137600,236.15,1065975,192225
10-02-2025 10:08,23488.15,402525,939225,82.45,1240800,1156725,240.25,1062375,194400
10-02-2025 10:08,23485,402075,939525,81.4,1241025,1156800,242.15,1063950,191700
10-02-2025 10:08,23483.2,404775,936300,80.7,1238325,1166175,242.75,1065750,186900
10-02-2025 10:08,23478,399900,942675,80.3,1238325,1153200,247,1066575,189525
10-02-2025 10:09,23460.95,368100,941850,76.95,1153575,1179825,256.5,1067475,164100
10-02-2025 10:09,23464.4,366525,938025,78.4,1105500,1196175,257.3,1067400,129975
10-02-2025 10:09,23460.15,368475,947325,76.85,1115625,1179600,257.6,1069950,131700
10-02-2025 10:09,23457,368550,946125,75.8,1132200,1191675,258.65,1068150,130725
10-02-2025 10:09,23460.65,366600,940950,76,1145925,1214325,260.75,1069200,132150
10-02-2025 10:09,23460,371850,952275,74.3,1143525,1197375,262.2,1078575,130950
10-02-2025 10:10,23454.9,357225,959550,75.5,1113225,1180350,263.4,1077825,114225
10-02-2025 10:10,23456.25,368325,949500,73.95,1128000,1173600,267,1067850,120450
10-02-2025 10:10,23452,318525,947775,74.95,1159350,1175250,268.2,1062000,116550
10-02-2025 10:10,23446.35,362250,943575,75.55,1161450,1172775,271.65,1063575,108825
10-02-2025 10:10,23448,355200,951450,74.5,1153200,1269525,271.35,1062375,109725
10-02-2025 10:10,23444,349875,950400,75.4,1160100,1283325,276.85,1062000,102675
10-02-2025 10:11,23437.95,339375,943200,74.5,1172550,1262175,279.2,1062075,88950
10-02-2025 10:11,23440,345900,935700,74.8,1169700,1210275,276.4,1061400,99450
10-02-2025 10:11,23443.25,348525,951750,75.55,1179450,1168725,275.1,1051725,102150
10-02-2025 10:11,23448,350400,945450,76.6,1191000,1176225,271.85,1052400,107625
10-02-2025 10:11,23452,352725,940650,76.65,1203600,1171650,270.2,1048875,117825
10-02-2025 10:11,23445,349425,955350,75.6,1196625,1181325,274.95,1046625,115200
10-02-2025 10:12,23447.3,347700,955275,75.5,1191900,1278900,274,1051800,112200
10-02-2025 10:12,23446.5,351975,952500,74.9,1188600,1275525,276.1,1049775,110475
10-02-2025 10:12,23443.4,346350,953100,72.55,1185525,1213125,280.8,1056525,111825
10-02-2025 10:12,23439.4,345000,956175,71.45,1148250,1213875,280.85,1056375,107700
10-02-2025 10:12,23437.1,336750,956250,71.85,1148100,1221900,280.4,1031700,108375
10-02-2025 10:12,23437,352650,957225,71.3,1160775,1205550,281.35,1024875,111075
10-02-2025 10:13,23436.6,344250,953775,70.3,1164675,1218075,284.35,1034175,110625
10-02-2025 10:13,23436.3,352275,953550,70.6,1126650,1216875,283.35,1040775,110400
10-02-2025 10:13,23431,353400,956625,70.7,1126200,1214775,287.15,1043025,105525
10-02-2025 10:13,23430.05,355425,947025,71.45,1141350,1214475,282.75,1039950,108000
10-02-2025 10:13,23434,352200,952200,71.2,1155075,1231350,283.8,1038525,106350
10-02-2025 10:13,23435,352950,953775,71.1,1157625,1235850,283.2,1037100,108000
10-02-2025 10:14,23440,360000,928200,71.95,1161225,1234050,277.2,1037700,109200
10-02-2025 10:14,23442,365700,944400,72.75,1182450,1220100,278.1,1017600,119925
10-02-2025 10:14,23444.55,369600,947250,72.8,1201875,1215825,277.2,1016250,120525
10-02-2025 10:14,23444.25,368850,948450,73,1234200,1221600,278.4,1016475,125100
10-02-2025 10:14,23443.25,370350,952725,72.35,1251375,1232550,279.25,1018650,126675
10-02-2025 10:14,23437.1,374625,947775,72.8,1248075,1239975,277.05,1021200,127800
10-02-2025 10:15,23439.85,370800,949650,71.8,1236000,1249050,279.75,1022850,129225
10-02-2025 10:15,23432.95,367725,956925,71.85,1235775,1256550,286.7,1023450,128400
10-02-2025 10:15,23430,370200,955650,71.5,1231650,1246050,287.6,1025250,121950
10-02-2025 10:15,23430,369750,957600,71.7,1267800,1253100,288.4,1027275,126300
10-02-2025 10:15,23434,379275,949500,72.1,1285125,1258500,286.05,1020075,130050
10-02-2025 10:15,23431.9,392250,956100,71.95,1285050,1256850,287,1022175,132075
10-02-2025 10:16,23433.5,374100,950550,72.15,1293675,1260450,288.75,1023450,133500
10-02-2025 10:16,23431.9,378375,962925,72.2,1295700,1264500,288.95,1026375,134700
10-02-2025 10:16,23431,376725,947175,72.45,1305450,1250850,288.2,1022700,135075
10-02-2025 10:16,23430,380250,957900,73.4,1316175,1256625,286.85,1021425,135300
10-02-2025 10:16,23435,378975,960750,73.1,1320450,1257375,286,1021725,137475
10-02-2025 10:16,23435,379650,960750,73.1,1285200,1270275,285.4,1017450,136575
10-02-2025 10:17,23433.35,386925,954525,73.5,1274475,1263075,283.65,1017150,137400
10-02-2025 10:17,23442.6,391350,950175,74.1,1280100,1260975,279.6,1014750,135900
10-02-2025 10:17,23442.45,389175,954225,74.5,1284525,1247775,280.8,1016925,138600
10-02-2025 10:17,23441.1,386625,956775,75.45,1291500,1245525,278.25,1015875,140775
10-02-2025 10:17,23448.95,392100,955575,76,1287375,1242225,273.95,1009050,143025
10-02-2025 10:17,23445,399600,955800,75.95,1292475,1240875,275.75,1010475,142425
10-02-2025 10:18,23442,387075,955350,75.2,1278225,1257750,279.4,1015575,136200
10-02-2025 10:18,23445,394425,952875,75.5,1284825,1262625,276.35,1014300,139875
10-02-2025 10:18,23445,389175,963600,74.8,1281900,1264650,278.3,1020525,143250
10-02-2025 10:18,23448,399600,958800,75.2,1266150,1266000,273.2,1025250,145425
10-02-2025 10:18,23447.95,391800,960975,73.95,1274775,1274400,275.8,1021275,143175
10-02-2025 10:18,23446.85,389925,961050,73.25,1273875,1287225,277,1020900,141225
10-02-2025 10:19,23443.35,390300,964575,72.55,1265175,1297500,279.05,1024425,143100
10-02-2025 10:19,23440,388875,968925,72.6,1261275,1304250,281.25,1023600,137775
10-02-2025 10:19,23440,390450,962850,73.5,1269900,1299825,276.5,1021200,138600
10-02-2025 10:19,23442,400200,968925,73.45,1278900,1300650,277.65,1025775,140625
10-02-2025 10:19,23448,398400,963225,74.3,1288050,1298775,275,1024200,142500
10-02-2025 10:19,23449.7,397800,957975,74.2,1292625,1299825,272.35,1019400,141525
10-02-2025 10:20,23450,400050,959250,74.85,1293900,1308750,271.8,1017825,143025
10-02-2025 10:20,23449.9,401475,969750,74.6,1296375,1304175,272.65,1028925,143025
10-02-2025 10:20,23452.5,398475,962175,75.4,1298100,1297200,270,1015575,145800
10-02-2025 10:20,23453.5,397950,961725,75.75,1297875,1290150,270,1014000,147900
10-02-2025 10:20,23455.45,398400,963900,75.75,1304625,1295025,269.6,1015050,147300
10-02-2025 10:20,23450,397350,962025,75.95,1316475,1289700,269.8,1013925,148950
10-02-2025 10:21,23454.9,398025,959550,75.9,1321575,1292700,268.75,1014300,145275
10-02-2025 10:21,23448.45,396900,969825,74.8,1308675,1315200,272.75,1015500,144300
10-02-2025 10:21,23452.4,399750,963300,75.9,1305300,1318125,268.45,1021125,140850
10-02-2025 10:21,23453.2,400125,965175,75.6,1310175,1311225,270.85,1028550,148275
10-02-2025 10:21,23455,402375,962625,76,1317900,1317375,268.75,1027875,146550
10-02-2025 10:21,23450,402525,965100,75.75,1323150,1317450,270.05,1030725,147000
10-02-2025 10:22,23452,404400,969075,75.25,1316625,1327350,272.2,1033875,145950
10-02-2025 10:22,23450,406275,967500,75.15,1311225,1333350,272.05,1033800,149100
10-02-2025 10:22,23451,409200,971100,75.35,1307475,1330350,271.05,1032150,148425
10-02-2025 10:22,23451,405975,970875,74.1,1307550,1342725,274,1031775,150300
10-02-2025 10:22,23452.45,407250,971625,75.3,1309725,1340250,273,1035150,134325
10-02-2025 10:22,23451,404550,975450,75.65,1320525,1335900,270.2,1034250,138900
10-02-2025 10:23,23455,411450,974175,77.85,1325850,1315125,263,1027950,139425
10-02-2025 10:23,23457.95,400425,974925,77.4,1320450,1318050,265.35,1018875,137175
10-02-2025 10:23,23457.9,408375,978525,77,1314750,1314900,266.15,1024125,137175
10-02-2025 10:23,23457.7,413475,979875,76.75,1312050,1314975,267,1028625,138450
10-02-2025 10:23,23459,409800,971625,77.3,1308750,1318425,265,1029825,143625
10-02-2025 10:23,23460,412125,969525,77.45,1318650,1316325,264.4,1022175,142050
10-02-2025 10:24,23460,414450,975675,77,1305150,1296000,265.9,1019625,142800
10-02-2025 10:24,23456.55,410625,978450,76.15,1304100,1312725,267.4,1024950,141750
10-02-2025 10:24,23455.65,409125,976800,75.6,1292775,1317450,270.25,1027125,131775
10-02-2025 10:24,23455,413925,977025,76.4,1298925,1323225,267.85,1025325,134625
10-02-2025 10:24,23455.4,411000,976050,75.45,1300500,1319625,270.65,1027275,135000
10-02-2025 10:24,23450,409200,978675,74.4,1298175,1327425,273.5,1027725,132825
10-02-2025 10:25,23451.4,416100,976875,75.6,1283475,1319700,273.2,1026450,136800
10-02-2025 10:25,23452.7,411975,978450,75.55,1283475,1326750,272.5,1027275,136650
10-02-2025 10:25,23450.8,411525,973800,76.4,1298175,1322625,270.3,1028400,138750
10-02-2025 10:25,23452.85,411450,976575,76,1299825,1331475,271.85,1029900,137400
10-02-2025 10:25,23450.6,411825,977100,76.2,1295550,1336425,271.35,1030575,136725
10-02-2025 10:25,23455,418950,972225,76.2,1305750,1325475,270,1023075,139725
10-02-2025 10:26,23455.3,412125,977325,76.1,1289850,1337025,270.4,1025325,139725
10-02-2025 10:26,23453.9,413700,977100,75.8,1274475,1344525,271.9,1025775,141000
10-02-2025 10:26,23453.25,415725,977700,76,1275600,1346625,272.25,1025925,140400
10-02-2025 10:26,23450,413175,980925,75.3,1273500,1350450,273.1,1025700,140100
10-02-2025 10:26,23452.4,413700,980925,75.75,1271775,1351875,272,1024200,141525
10-02-2025 10:26,23451.95,415725,982500,76.25,1281975,1355175,271.9,1024500,141825
10-02-2025 10:27,23451.35,412500,984825,75.85,1278900,1359075,272.3,1024125,140625
10-02-2025 10:27,23453,412500,983925,76.1,1281150,1364250,272.1,1023750,140475
10-02-2025 10:27,23450.7,410175,987375,75,1279425,1371225,274.35,1025025,139425
10-02-2025 10:27,23445.05,412950,984750,74.5,1276950,1379550,275.1,1025625,141375
10-02-2025 10:27,23445,412575,982500,74.7,1266375,1375200,273.8,1026750,136500
10-02-2025 10:27,23445,415950,980250,74.95,1275225,1368600,275.55,1025550,140400
10-02-2025 10:28,23445.8,414075,981600,74.15,1253700,1375575,276.75,1025325,136575
10-02-2025 10:28,23447.05,406725,994650,73.8,1254000,1377600,276.5,1023450,135450
10-02-2025 10:28,23446.1,406800,993150,73.95,1243575,1380825,277,1022550,134100
10-02-2025 10:28,23453,412350,980250,77.1,1248825,1368375,267.4,1017750,137550
10-02-2025 10:28,23453.95,412425,976725,77.45,1251750,1329225,266,1013400,139425
10-02-2025 10:28,23458,415125,976200,78.05,1252425,1305450,263.35,1012425,135525
10-02-2025 10:29,23458.9,410250,982350,77.6,1263300,1316175,265.25,1014525,137025
10-02-2025 10:29,23455.9,411900,980925,76.25,1259775,1316325,267.3,1016325,136875
10-02-2025 10:29,23457.25,416025,988350,76.65,1254225,1322550,267.85,1014750,139275
10-02-2025 10:29,23454.55,411600,984300,77.5,1268250,1325250,267.3,1016775,138600
10-02-2025 10:29,23457.75,412800,986850,77,1270125,1322025,267.7,1016325,138675
10-02-2025 10:29,23451,411825,995625,76.15,1267200,1333125,269.9,1022100,140850
10-02-2025 10:30,23454.1,418050,994125,77.5,1288725,1341525,265.6,1025175,147375
10-02-2025 10:30,23454.9,411450,996750,76.3,1278600,1336125,268.2,1025400,145200
10-02-2025 10:30,23451,411150,996750,75.7,1282350,1339800,270.1,1022325,146175
10-02-2025 10:30,23450,411600,995100,76.2,1274400,1338600,268.95,1022700,142650
10-02-2025 10:30,23450,410475,1001025,75.65,1281675,1331925,270.85,1023675,141525
10-02-2025 10:30,23450,407775,1005675,75.35,1289325,1342425,270.05,1027875,141975
10-02-2025 10:31,23448.2,406350,1004175,75.7,1286025,1348050,270,1026675,142050
10-02-2025 10:31,23446.05,408225,1005900,74.55,1293825,1346100,274.3,1027875,141900
10-02-2025 10:31,23444,407850,1006725,75,1285575,1348500,273.35,1029450,138900
10-02-2025 10:31,23448.8,408600,1007925,76.35,1303950,1339350,271.3,1028175,141300
10-02-2025 10:31,23446.55,408450,1008375,77.25,1313700,1340625,271.65,1026225,143775
10-02-2025 10:31,23451.5,407475,1005225,77.1,1320075,1344225,268.65,1024275,143625
10-02-2025 10:32,23451,408825,1014450,76.05,1315350,1343325,271.85,1026075,147600
10-02-2025 10:32,23450.1,408525,1016025,76.7,1304550,1341675,270.95,1025850,147075
10-02-2025 10:32,23453.05,410250,1010850,76.75,1313025,1338750,270.5,1024050,148800
10-02-2025 10:32,23450,409875,1011150,76.3,1309125,1342725,270.15,1023525,150300
10-02-2025 10:32,23447.95,411450,1010025,76.65,1301925,1343700,270.35,1024800,147375
10-02-2025 10:32,23450.75,415500,1006650,77.2,1304850,1343325,267.25,1022475,146925
10-02-2025 10:33,23455,413400,1008600,76.2,1303125,1338675,268.5,1021125,142050
10-02-2025 10:33,23451.45,416025,1010850,76.5,1304700,1345125,268.25,1024050,143325
10-02-2025 10:33,23448,411375,1012575,74.4,1298025,1347975,274.95,1023675,145275
10-02-2025 10:33,23445,411825,1011675,74.55,1281450,1352775,276.55,1024800,135225
10-02-2025 10:33,23444,411075,1010700,74.65,1274250,1350600,278,1035300,137100
10-02-2025 10:33,23444.3,413700,1017225,75.3,1279200,1345650,276.25,1034325,141900
10-02-2025 10:34,23442,407550,1016025,74.4,1280250,1351050,277.8,1029825,138525
10-02-2025 10:34,23440.1,407700,1014450,74.1,1272675,1367325,279.55,1034175,139500
10-02-2025 10:34,23444,413100,1009200,74.7,1284600,1373700,275.8,1029075,135300
10-02-2025 10:34,23440.8,414000,1016475,75.05,1293450,1362000,277.5,1024425,135825
10-02-2025 10:34,23440,415875,1016475,74.7,1293225,1371750,279,1026600,135150
10-02-2025 10:34,0,0,0,74.8,1295775,1364625,279.2,1024125,129375
10-02-2025 10:35,0,0,0,0,0,0,0,0,0
10-02-2025 10:35,0,0,0,0,0,0,0,0,0
10-02-2025 10:35,0,0,0,0,0,0,0,0,0
10-02-2025 10:35,0,0,0,0,0,0,0,0,0
10-02-2025 10:35,0,0,0,0,0,0,0,0,0
10-02-2025 10:35,0,0,0,0,0,0,0,0,0
10-02-2025 10:36,0,0,0,0,0,0,0,0,0
10-02-2025 10:36,0,0,0,0,0,0,0,0,0
10-02-2025 10:36,0,0,0,0,0,0,0,0,0
10-02-2025 10:36,0,0,0,0,0,0,0,0,0
10-02-2025 10:36,0,0,0,0,0,0,0,0,0
10-02-2025 10:36,0,0,0,0,0,0,0,0,0
10-02-2025 10:37,0,0,0,0,0,0,0,0,0
10-02-2025 10:37,0,0,0,0,0,0,0,0,0
10-02-2025 10:37,0,0,0,0,0,0,0,0,0
10-02-2025 10:37,0,0,0,0,0,0,0,0,0
10-02-2025 10:37,0,0,0,0,0,0,0,0,0
10-02-2025 10:37,0,0,0,0,0,0,0,0,0
10-02-2025 10:38,0,0,0,0,0,0,267.95,1016700,124950
10-02-2025 10:38,0,0,0,78,1315275,1328550,267.9,1020675,124725
10-02-2025 10:38,23453.3,418650,1001250,77.85,1308675,1329000,268.45,1022175,125550
10-02-2025 10:38,23458.7,421425,1004550,77.85,1317825,1332150,266.95,1022475,127275
10-02-2025 10:38,23461.6,419850,996000,79.5,1311150,1327275,262.7,1026225,126225
10-02-2025 10:38,23462,419850,1006425,79.2,1315875,1325700,263.5,1018950,126825
10-02-2025 10:39,23463,420975,1006125,80.1,1317600,1315725,258.9,1018725,130800
10-02-2025 10:39,23467,417975,1011225,80.2,1320000,1291800,259.45,1007175,124800
10-02-2025 10:39,23464,420825,1014150,79.45,1325775,1301625,258.85,1005525,118425
10-02-2025 10:39,23471.8,418650,1013775,79.65,1319775,1304550,258.1,1007625,121875
10-02-2025 10:39,23465.05,418200,1013775,79.15,1315950,1312125,257.4,1004550,123600
10-02-2025 10:39,23465.7,422025,1011225,78.9,1320750,1313475,258.7,1005825,124650
10-02-2025 10:40,23466,420525,1010025,79,1321575,1322700,258.55,1007400,126075
10-02-2025 10:40,23469,419550,1012800,78.6,1317825,1340550,258.2,1006650,128025
10-02-2025 10:40,23466,423750,1015125,79,1316400,1334325,259.4,1009125,126750
10-02-2025 10:40,23469,424575,1014525,80,1333125,1330125,256.8,1009800,128925
10-02-2025 10:40,23473.9,424575,1011150,80.3,1340325,1309425,254.7,1004025,131250
10-02-2025 10:40,23465,416850,1020225,79.35,1328625,1331625,257.4,1005525,128325
10-02-2025 10:41,23470,422775,1017300,79.05,1331175,1337250,256,1005975,129375
10-02-2025 10:41,23470.85,423300,1018500,78.65,1328550,1333350,256.15,1011225,130575
10-02-2025 10:41,23468.25,424275,1019400,78.7,1326150,1333950,257.1,1011450,128775
10-02-2025 10:41,23466.95,419625,1023375,78.8,1320300,1332450,255,1011675,130950
10-02-2025 10:41,23467.85,420300,1011600,79.25,1327950,1329600,252.55,1012800,148050
10-02-2025 10:41,23469.85,419700,1010625,79.2,1334850,1328475,252.55,1013175,131925
10-02-2025 10:42,23470.25,420600,1011075,79.75,1323675,1331625,250.8,1012275,130050
10-02-2025 10:42,23470.25,422325,1009425,78.85,1323375,1334550,252.8,1000875,136875
10-02-2025 10:42,23470.25,417525,1011450,78.75,1319550,1339950,253.95,1007550,136800
10-02-2025 10:42,23470,420225,1008375,78.75,1320825,1344600,253.1,1010175,135300
10-02-2025 10:42,23470,416100,1012725,78,1314375,1366650,255,1015200,134775
10-02-2025 10:42,23468,426225,1020225,77.45,1305300,1367250,256,1017375,138750
10-02-2025 10:43,23455,416925,1023600,73.7,1288275,1353825,262.7,1019325,129225
10-02-2025 10:43,23458.1,424125,1011975,76,1256550,1372350,260.65,1020975,127275
10-02-2025 10:43,23455,418125,1024200,74.4,1252275,1360950,263.7,1021200,125475
10-02-2025 10:43,23453.05,413700,1023450,74.15,1254975,1361925,264,1022625,124500
10-02-2025 10:43,23453.25,414825,1025475,75.85,1270800,1364700,264.5,1029750,125025
10-02-2025 10:43,23455.25,411825,1026075,75.95,1273500,1353750,265.65,1033425,124500
10-02-2025 10:44,23455.25,417825,1017075,76.4,1278975,1351725,262.5,1026225,124800
10-02-2025 10:44,23465.2,420825,1017075,78.95,1291500,1344675,254.45,1024275,133125
10-02-2025 10:44,23465.9,417225,1008000,79.5,1290300,1319850,255,1004400,130500
10-02-2025 10:44,23468.95,419700,1015275,78.8,1281300,1340400,256.95,1003200,130800
10-02-2025 10:44,23466.3,421725,1019175,79.25,1285950,1340700,253.85,1002600,135825
10-02-2025 10:44,23467,423825,1018875,77.85,1289175,1334700,254.6,999150,138225
10-02-2025 10:45,23465.25,412500,1021650,77.25,1287675,1348425,257.6,1004925,137175
10-02-2025 10:45,23460,421200,1026225,76.2,1298925,1349325,261.4,1005525,130425
10-02-2025 10:45,23462,421575,1021125,77.4,1312575,1344675,258.9,1005450,131625
10-02-2025 10:45,23455.25,418050,1023525,75.05,1309800,1347675,264.5,1007025,132825
10-02-2025 10:45,23455.3,425100,1022775,75.7,1317900,1350600,261.5,1009950,132675
10-02-2025 10:45,23454.8,423450,1024125,75.7,1322850,1360575,263.1,1011450,135450
10-02-2025 10:46,23452.15,420900,1026075,75.2,1319775,1360425,264.75,1010175,133875
10-02-2025 10:46,23454.2,425325,1023150,75.65,1294725,1357275,263.1,1005450,135675
10-02-2025 10:46,23460,428025,1018650,76.7,1298700,1354500,259.45,1004250,138600
10-02-2025 10:46,23456.2,425100,1021500,76.15,1306800,1365075,260.85,1004775,139425
10-02-2025 10:46,23458,424725,1019175,77.2,1316250,1358025,259.5,1004100,141900
10-02-2025 10:46,23463.35,425775,1021125,76.25,1318800,1358925,261.95,1004850,141900
10-02-2025 10:47,23458.7,424125,1024425,74.85,1316700,1363500,263.65,1004925,142500
10-02-2025 10:47,23455.4,420750,1029750,74,1292475,1362600,265.55,1007550,140025
10-02-2025 10:47,23455.05,425700,1019100,74.65,1292625,1374000,264.15,1004325,135450
10-02-2025 10:47,23445,418650,1028175,70.9,1293900,1375875,273.9,1006575,132525
10-02-2025 10:47,23432.05,408225,1030350,68.15,1204575,1371075,280.5,1004550,114900
10-02-2025 10:47,23432.05,400875,1010475,68,1139475,1375575,281.4,1002600,114375
10-02-2025 10:48,23442.3,418425,1015650,70.65,1156650,1380150,273.85,1002150,115725
10-02-2025 10:48,23438.3,420075,1020750,70.9,1193625,1368975,273.25,997575,118800
10-02-2025 10:48,23440,401250,1020300,70.7,1195425,1394175,275.2,999600,116775
10-02-2025 10:48,23437,400575,1016175,70.8,1205100,1398000,273.8,1000650,116550
10-02-2025 10:48,23437.7,402525,1024800,70.65,1220325,1404675,274.3,1002300,120375
10-02-2025 10:48,23442.65,407925,1021800,71.2,1217700,1407000,274.7,1002825,122775
10-02-2025 10:49,23444.1,407625,1024875,71,1215000,1402950,271.8,1001700,123075
10-02-2025 10:49,23442.05,406725,1023675,69.6,1222650,1416750,275.95,1002075,122025
10-02-2025 10:49,23440,406425,1024425,69.85,1202100,1421625,275.4,1002900,117225
10-02-2025 10:49,23440,408525,1023600,69.1,1215600,1434150,277.2,1001625,120000
10-02-2025 10:49,23438,407400,1025700,69.15,1205550,1442925,277.8,998925,116025
10-02-2025 10:49,23435.85,415725,1023750,69.2,1220400,1446075,277.05,1001775,117675
10-02-2025 10:50,23442.1,418575,1026525,69.2,1224600,1444650,276.1,1002000,118950
10-02-2025 10:50,23436.7,416850,1024575,69.5,1237575,1447275,276.9,1003725,119100
10-02-2025 10:50,23441,419550,1025250,70,1246725,1441125,275.6,1001775,121125
10-02-2025 10:50,23439.85,422700,1029300,69.6,1248075,1452450,277.9,1005750,120375
10-02-2025 10:50,23436.4,419625,1025475,69.3,1247400,1452075,278.6,1006875,118875
10-02-2025 10:50,23444,423375,1023900,70.35,1261425,1450725,277.35,1004925,122550
10-02-2025 10:51,23437.35,421875,1026750,69.25,1262250,1444875,276.1,999900,117675
10-02-2025 10:51,23437.25,427800,1025250,68.95,1233450,1449000,276.4,1002075,118125
10-02-2025 10:51,23446.7,431625,1028325,70.75,1240425,1451775,271.45,998400,124125
10-02-2025 10:51,23440.55,429375,1027575,70.35,1245525,1433850,271.65,999675,122625
10-02-2025 10:51,23439.3,432675,1029750,70,1248750,1442400,271.2,1000125,122175
10-02-2025 10:51,23448.9,433425,1029150,70.45,1251300,1430100,269.65,1001100,123450
10-02-2025 10:52,23452.4,433425,1022100,72.8,1259175,1425225,262.85,999150,122925
10-02-2025 10:52,23454.3,431100,1023375,72.65,1266375,1387050,261.8,988050,123750
10-02-2025 10:52,23454,428400,1022400,72.55,1261650,1403100,262.55,994275,126000
10-02-2025 10:52,23450.65,424650,1024050,72.6,1259325,1412925,262.7,996300,131325
10-02-2025 10:52,23460,434100,1025100,72.95,1264500,1418325,261,995325,136275
10-02-2025 10:52,23457.7,434250,1028925,72.65,1263675,1419300,261.85,998700,137325
10-02-2025 10:53,23458.4,436125,1027200,73.5,1269450,1419300,258.7,997050,133950
10-02-2025 10:53,23458.4,430200,1027500,72.6,1272000,1425225,261.45,995325,135600
10-02-2025 10:53,23457,430650,1027875,72.45,1271550,1427700,260,995475,136875
10-02-2025 10:53,23457.9,425325,1028325,72.5,1269525,1439250,262.35,996975,133950
10-02-2025 10:53,23451.4,425475,1029750,71.9,1261650,1442550,264,997650,132600
10-02-2025 10:53,23452,427950,1030575,72.25,1255200,1436025,262.75,999075,132300
10-02-2025 10:54,23456,428475,1027875,72.85,1264425,1432275,261.05,999150,131700
10-02-2025 10:54,23457.95,430125,1028700,72.4,1269600,1432950,261.4,999150,133350
10-02-2025 10:54,23458,429300,1026525,73.8,1274025,1431825,257,999450,135225
10-02-2025 10:54,23460,430650,1024800,74.1,1272150,1409925,256,996750,133125
10-02-2025 10:54,23460,429750,1021275,74.65,1278675,1404150,255.1,995175,135600
10-02-2025 10:54,23463.9,428250,1021350,74.45,1276800,1408575,255.45,995550,133500
10-02-2025 10:55,23463.95,428250,1020525,74.6,1260075,1419675,256.5,999450,133200
10-02-2025 10:55,23467,430200,1018575,76.2,1259250,1415175,253.2,997650,131775
10-02-2025 10:55,23463.95,431625,1019025,76,1267800,1370400,253.3,994575,134025
10-02-2025 10:55,23463.95,428175,1019700,74.9,1262175,1381425,256.8,997200,133800
10-02-2025 10:55,23462.55,427575,1023375,73.8,1254450,1391700,259.15,997200,133800
10-02-2025 10:55,23453.05,431475,1028100,73.1,1255275,1396275,260.5,998325,133350
10-02-2025 10:56,0,0,0,73.5,1256325,1404900,259.55,998100,135150
10-02-2025 10:56,23459,433050,1028175,73.7,1265625,1400850,259.55,997275,135675
10-02-2025 10:56,23460,431850,1024500,74.5,1265100,1396650,258.3,998325,137625
10-02-2025 10:56,23460,428775,1025775,74.15,1270275,1397175,259.6,998250,137475
10-02-2025 10:56,23462,430950,1022400,74.85,1271775,1397625,257.5,997650,136650
10-02-2025 10:56,23463.85,432675,1023225,74.6,1277700,1404375,258.7,998925,137775
10-02-2025 10:57,23459.85,432975,1022625,75.15,1281750,1404825,257,998625,138000
10-02-2025 10:57,23460.3,428400,1024650,74.85,1275825,1409400,257.2,998175,139125
10-02-2025 10:57,23460.35,429075,1021800,74.85,1278975,1408950,257.6,998250,138675
10-02-2025 10:57,23463.95,432150,1022025,75.9,1277475,1405425,254,998025,141525
10-02-2025 10:57,23463.05,431325,1021800,76,1276875,1396275,253.55,993900,137850
10-02-2025 10:57,23464.25,431400,1020450,76,1276725,1398825,254.6,995700,135600
10-02-2025 10:58,23464.35,430575,1020150,76.6,1286925,1395525,253.2,997200,139050
10-02-2025 10:58,23465.05,430650,1020450,76.1,1279050,1393350,254.9,995775,141750
10-02-2025 10:58,23467,432300,1020750,76.35,1270650,1404300,253.95,997950,138225
10-02-2025 10:58,23467,430875,1019700,75.95,1279575,1406850,254,996750,141075
10-02-2025 10:58,23465,435375,1020600,76.25,1278300,1403475,253.4,997950,145350
10-02-2025 10:58,23465.5,432075,1020975,76.4,1283850,1406175,251.85,997950,143100
10-02-2025 10:59,23469,430575,1020450,76.1,1281525,1409100,252.6,999450,144075
10-02-2025 10:59,23468,433350,1021275,76.3,1283625,1394100,252.75,993075,145500
10-02-2025 10:59,23465.7,432900,1021800,76.45,1276650,1401075,251,996750,144600
10-02-2025 10:59,23465.7,430800,1018275,76.25,1275000,1409925,252.55,998475,142725
10-02-2025 10:59,23465.5,431250,1019550,76.05,1275075,1408500,252.25,998325,144900
10-02-2025 10:59,23465.7,432900,1021200,75.2,1285500,1416600,253.55,997950,145725
10-02-2025 11:00,23467.55,434775,1020075,76.25,1284225,1413675,251.25,998550,145425
10-02-2025 11:00,23468.9,430950,1019700,76.4,1287600,1414350,251.45,998850,145500
10-02-2025 11:00,23462.15,432225,1022400,74.7,1280700,1422375,256.4,1002000,143025
10-02-2025 11:00,23465.6,432975,1019025,75.25,1277250,1415550,254.75,995850,144900
10-02-2025 11:00,23464,431625,1024650,74.7,1279650,1418550,256.65,998550,142275
10-02-2025 11:00,23464,433950,1022025,75.5,1287075,1416675,255.7,998700,143475
10-02-2025 11:01,23464,435750,1022025,75.95,1291575,1409400,253.1,997800,144825
10-02-2025 11:01,23464,428475,1023300,75.25,1285650,1412250,254.75,999225,145125
10-02-2025 11:01,23463.25,428700,1031625,74.9,1281975,1420350,256.8,998700,148200
10-02-2025 11:01,23463.25,430875,1034325,74.95,1292550,1420350,256.45,1001850,149325
10-02-2025 11:01,23459.85,431475,1030425,75.4,1296150,1420125,255,999150,149850
10-02-2025 11:01,23460.9,430800,1026000,74.8,1288050,1416900,257.1,1001700,151425
10-02-2025 11:02,23465,450150,1035150,75,1283025,1419600,255.1,1002150,148650
10-02-2025 11:02,23465,448800,1034325,74.7,1286250,1427775,257.05,1004925,149100
10-02-2025 11:02,23465.95,427275,1038450,74.55,1284750,1433625,256.15,1004925,148500
10-02-2025 11:02,23461.3,428550,1028025,74.65,1284300,1430175,255.1,1008000,149175
10-02-2025 11:02,23461.3,424500,1031925,74.25,1286025,1435050,257,1008750,147975
10-02-2025 11:02,23458.4,422475,1034100,72.55,1275075,1439100,260.35,1006275,147675
10-02-2025 11:03,23452,425250,1030800,71.95,1264425,1434300,262.2,1006650,136500
10-02-2025 11:03,23457.4,430875,1030725,73.75,1268025,1447875,259.5,1005600,141000
10-02-2025 11:03,23459.25,435600,1024800,75.35,1285800,1421175,256.3,995625,143625
10-02-2025 11:03,23461.65,432600,1026825,75.95,1289025,1433625,254.05,999750,144750
10-02-2025 11:03,23465,432450,1025325,76.15,1288575,1415250,253.2,999675,145275
10-02-2025 11:03,23465,433275,1025250,76.4,1286625,1412325,253.4,996525,145275
10-02-2025 11:04,23468.9,434775,1024950,77.95,1293225,1415700,249.7,996900,146250
10-02-2025 11:04,23471,432900,1023225,78.2,1295250,1388925,248.8,990750,146475
10-02-2025 11:04,23471.05,431250,1024650,78,1289325,1387200,250.2,993675,143250
10-02-2025 11:04,23472,421125,1026075,78.4,1302075,1393575,251.35,996000,144675
10-02-2025 11:04,23472.6,435450,1024500,77.35,1304850,1403250,251.55,995025,146700
10-02-2025 11:04,23469.95,430425,1026150,76.7,1293750,1411050,253,996825,146475
10-02-2025 11:05,23470,432525,1025100,77,1291050,1407525,251.3,996375,146025
10-02-2025 11:05,23470,430950,1028325,76.15,1286475,1412175,253.3,997950,142800
10-02-2025 11:05,23470,435375,1026600,76.6,1287525,1413975,251.6,998475,144675
10-02-2025 11:05,23467.05,428025,1029450,74.8,1287225,1420575,254,999600,143775
10-02-2025 11:05,23467.05,428550,1032000,74.8,1288125,1414425,255.05,1000500,143775
10-02-2025 11:05,23464.35,423075,1033275,73.7,1280550,1421100,256.5,999000,143700
10-02-2025 11:06,23463.6,431700,1032600,75.2,1289925,1422300,252.95,1000725,144300
10-02-2025 11:06,23464.35,430050,1032825,74.7,1291200,1425825,253.55,997725,143550
10-02-2025 11:06,23466.85,434100,1030350,76.6,1301025,1408800,250.15,996450,145650
10-02-2025 11:06,23466.85,431025,1032300,76,1301700,1417200,254.15,996150,146325
10-02-2025 11:06,23467,429675,1032675,75.2,1290825,1422750,254.15,996075,141900
10-02-2025 11:06,23465.05,429450,1035075,74.2,1291500,1431225,256.3,1001100,146100
10-02-2025 11:07,23460.65,436650,1035375,74.85,1294350,1436025,255.6,1000425,144900
10-02-2025 11:07,23464,432000,1034325,74.75,1296975,1425675,255.2,999150,147900
10-02-2025 11:07,23465.85,430875,1033350,75.1,1307325,1420050,254.15,999825,147750
10-02-2025 11:07,0,0,0,75.05,1310400,1431000,255.6,1000650,146700
10-02-2025 11:07,23462.05,432225,1033800,75.45,1309800,1428600,254.85,1001325,146400
10-02-2025 11:07,23465,432900,1033950,75.55,1307775,1423875,255,1001325,146100
10-02-2025 11:08,23462.75,434550,1033800,76,1311750,1431450,252.8,1002675,147525
10-02-2025 11:08,23467.5,436500,1032450,76,1314750,1424100,254.65,1002825,147900
10-02-2025 11:08,23466.4,432675,1035225,76.1,1315425,1423650,255.45,1004250,145800
10-02-2025 11:08,23466.25,431400,1034625,75.85,1311225,1428375,255.45,1003875,140025
10-02-2025 11:08,23465.9,433575,1032750,77.2,1308750,1430025,253.8,1005675,140475
10-02-2025 11:08,23468,437850,1031850,77.95,1306425,1404525,252,1002900,139125
10-02-2025 11:09,23469.2,435900,1034925,77.7,1310100,1411725,252.5,1002225,138300
10-02-2025 11:09,23467,430425,1035900,76.5,1305750,1415625,255,1002900,138900
10-02-2025 11:09,23469.7,435000,1034925,77.6,1300125,1415100,254.05,1002075,137250
10-02-2025 11:09,23466,433050,1036425,77.5,1289850,1392000,254.25,992550,129225
10-02-2025 11:09,23467,433200,1036725,77.45,1299075,1398000,254.05,991950,129300
10-02-2025 11:09,23461,431100,1038225,77.4,1301100,1396575,256,991350,129300
10-02-2025 11:10,23465.4,430350,1036575,76.65,1283025,1405350,257.65,993675,127800
10-02-2025 11:10,23455,426225,1037700,74.85,1285425,1404300,263.5,995775,125925
10-02-2025 11:10,23461.7,431025,1038600,74.45,1271925,1403925,262.9,996150,122550
10-02-2025 11:10,23464.7,432900,1038600,75.5,1282425,1404525,261.2,991125,124875
10-02-2025 11:10,23460,430350,1039650,76.85,1293675,1395600,260.75,990825,122925
10-02-2025 11:10,23462.8,432675,1040250,76.5,1288950,1394325,261,993750,126525
10-02-2025 11:11,23458.8,429825,1041600,75.9,1297500,1400025,264.05,992925,124050
10-02-2025 11:11,23455,431400,1042350,75.45,1288275,1400550,266.7,995850,124500
10-02-2025 11:11,23457.6,436050,1041525,75.6,1296525,1408500,265.3,993300,120900
10-02-2025 11:11,23452.6,434325,1042350,75.25,1288575,1412400,265.65,994725,121650
10-02-2025 11:11,23452.3,433725,1040250,75.3,1291200,1409625,264,995775,123450
10-02-2025 11:11,23458.4,438075,1039875,76.9,1298475,1407675,260.55,994050,140250
10-02-2025 11:12,23468.75,441900,1036500,78.3,1305000,1393350,257.45,989325,130800
10-02-2025 11:12,23469.05,436725,1040250,78.45,1301700,1380075,256.65,986175,126750
10-02-2025 11:12,23465.45,435600,1038600,76.9,1302375,1382475,259.2,988875,129000
10-02-2025 11:12,23467.8,434850,1035750,77.4,1299525,1391925,257,990450,129525
10-02-2025 11:12,23469.8,438975,1037250,77.4,1305450,1391775,256.1,990450,130350
10-02-2025 11:12,23466.15,435675,1037325,76.95,1307025,1396125,258.25,987600,129900
10-02-2025 11:13,23470,437100,1038975,77.7,1315275,1400100,254,990450,127875
10-02-2025 11:13,23468.8,435450,1038075,76.7,1314450,1396425,256,988350,128775
10-02-2025 11:13,23465.9,432975,1036950,76.15,1304850,1397100,256.7,988725,130050
10-02-2025 11:13,23462.85,430725,1039875,74.65,1298625,1407450,261.75,989850,127650
10-02-2025 11:13,23462,438975,1038450,75.75,1302225,1405725,260.05,989250,130350
10-02-2025 11:13,23460,432750,1040925,75.8,1307100,1404525,259.55,990375,129300
10-02-2025 11:14,23463.25,439950,1038075,76.95,1311525,1407225,256.1,990900,131400
10-02-2025 11:14,23465,438300,1040175,76.55,1310025,1401225,256.8,991575,131925
10-02-2025 11:14,23468.45,437625,1038750,77.2,1319250,1403850,254.55,993600,131550
10-02-2025 11:14,23469.95,436875,1037775,77.3,1321800,1394325,255,992700,134400
10-02-2025 11:14,23468.7,441825,1035975,78.85,1315500,1392975,252,989325,132150
10-02-2025 11:14,23474.95,433800,1038450,79.2,1317900,1377300,251.25,985275,134250
10-02-2025 11:15,23470.85,436650,1042275,79,1309800,1375275,251.25,985650,134625
10-02-2025 11:15,23471.7,442650,1037175,77.7,1297800,1362375,254.35,989250,134100
10-02-2025 11:15,23468.7,433275,1044150,76.8,1298175,1367700,255.6,989625,134400
10-02-2025 11:15,23462.5,435600,1045425,76.9,1306950,1368825,255.55,992550,136275
10-02-2025 11:15,23465,433500,1038750,76.25,1301475,1370700,257.65,993150,136200
10-02-2025 11:15,23465,433350,1039950,76,1308000,1374750,258.6,996000,135075
10-02-2025 11:16,23465,435825,1036050,76.95,1316700,1371225,257.4,993375,134475
10-02-2025 11:16,23462.7,435900,1036725,77.3,1319625,1362000,255.6,995400,134625
10-02-2025 11:16,23463.75,435225,1039425,76.3,1316475,1367925,257.65,987675,135900
10-02-2025 11:16,23462.35,433200,1035900,75.55,1305675,1371525,259.95,987825,135450
10-02-2025 11:16,23461.75,434775,1041300,76.6,1316325,1370700,257.3,985650,135375
10-02-2025 11:16,23465,438975,1038000,77.1,1322025,1374300,256.65,983400,136050
10-02-2025 11:17,23465,436875,1037550,77.4,1346700,1398150,255.5,994275,147375
10-02-2025 11:17,23467.55,437025,1039575,76.95,1342050,1409025,257.1,996000,147750
10-02-2025 11:17,23466.75,435450,1040550,76.9,1340550,1413525,256.35,997950,149400
10-02-2025 11:17,23467.15,434475,1038300,76.7,1341450,1418025,256.45,999000,151125
10-02-2025 11:17,0,0,0,76.7,1348800,1415025,256.9,998025,149475
10-02-2025 11:17,23465.55,440475,1038825,76.5,1347900,1421175,257,999525,148950
10-02-2025 11:18,23465.25,436275,1041150,75.85,1341600,1426200,259.5,1001400,149100
10-02-2025 11:18,23465,439425,1038225,76.3,1345425,1414425,258,998400,150975
10-02-2025 11:18,23460,438900,1043850,75.25,1349625,1423500,260.35,997875,150150
10-02-2025 11:18,23460,440400,1040325,75.3,1334475,1428900,259.75,997200,150600
10-02-2025 11:18,0,0,0,74.65,1349250,1432800,261.55,997425,151800
10-02-2025 11:18,23453,437025,1039950,74.2,1326600,1434675,262.9,997650,146700
10-02-2025 11:19,23455.45,435300,1043175,73.1,1318050,1435875,266.7,997875,144000
10-02-2025 11:19,23455,440925,1040175,73.75,1322625,1426725,264.65,995475,146475
10-02-2025 11:19,23459.95,440175,1043625,74.8,1328700,1425150,262.7,997275,147750
10-02-2025 11:19,23455,443775,1047750,74.75,1328625,1431000,262.65,997425,148425
10-02-2025 11:19,23460,446250,1045950,74.8,1330800,1438950,263,997650,151350
10-02-2025 11:19,23455,447675,1045650,74.85,1329825,1433850,260.55,996825,147150
10-02-2025 11:20,23460,446925,1044675,74.75,1327575,1433175,261.85,996675,148125
10-02-2025 11:20,23459.6,442875,1045125,74.7,1332075,1427625,261.95,996900,148050
10-02-2025 11:20,23454.7,443475,1043475,74.6,1332525,1432650,261.95,1000725,149250
10-02-2025 11:20,23455,446175,1047975,74.5,1331475,1443000,263.05,1003800,147075
10-02-2025 11:20,23459.95,447675,1042800,74.7,1335675,1438050,260.95,1004850,145200
10-02-2025 11:20,23461.6,451425,1041525,75.55,1340925,1435275,258.85,1002450,146025
10-02-2025 11:21,23463.35,443925,1047375,75.95,1338975,1417125,257.35,997875,145425
10-02-2025 11:21,23463.35,445050,1049925,76,1335525,1426350,259,999825,149850
10-02-2025 11:21,23463.35,441300,1049325,76,1335000,1438200,257.9,997950,148800
10-02-2025 11:21,23463.95,441300,1046400,75.85,1335150,1435200,258.25,1001175,149925
10-02-2025 11:21,23464,439050,1047525,76.05,1338675,1434300,256.35,999675,149775
10-02-2025 11:21,23460.75,443100,1047375,76.5,1340700,1427250,255.7,997500,151800
10-02-2025 11:22,23462.2,445350,1047600,76.35,1339950,1430100,255.3,995325,153375
10-02-2025 11:22,23468,443625,1047150,76.4,1339200,1435200,255.25,1000725,150675
10-02-2025 11:22,23466.9,441900,1050375,76.3,1345425,1430850,256.2,998625,151125
10-02-2025 11:22,23462.05,441375,1050975,76.3,1339875,1438350,256.2,996825,150675
10-02-2025 11:22,0,0,0,75.4,1338000,1443675,258.3,997350,151275
10-02-2025 11:22,23461.85,438600,1054500,74.7,1337250,1443150,260,998175,151800
10-02-2025 11:23,23460,439800,1053825,74,1343400,1443375,262.65,997500,148500
10-02-2025 11:23,23455.55,440850,1056975,74,1337025,1443150,263.35,999075,149775
10-02-2025 11:23,0,0,0,73.65,1333425,1451400,265.15,1001175,147075
10-02-2025 11:23,23450,440325,1056600,72.4,1321275,1448775,269.05,998625,133950
10-02-2025 11:23,23453.5,446625,1046550,74.25,1320000,1441725,265.55,993600,136725
10-02-2025 11:23,23455,446550,1049100,74.4,1320000,1447050,264.7,997125,138375
10-02-2025 11:24,23454.25,438075,1053375,74.45,1334925,1447875,264.1,994650,138300
10-02-2025 11:24,23454.25,440175,1045575,74.6,1337400,1454850,262.65,996225,139350
10-02-2025 11:24,23456.5,438075,1047675,73.65,1337700,1460475,265.35,995625,138975
10-02-2025 11:24,23456,442425,1045500,73.85,1334550,1465275,263.55,997050,140175
10-02-2025 11:24,23456.3,439200,1045875,73,1334175,1473600,265.35,997275,141675
10-02-2025 11:24,23456.1,444900,1048950,73,1331625,1473150,264.75,995925,139275
10-02-2025 11:25,23448.75,445650,1047750,71.85,1330050,1474050,267.9,996525,138375
10-02-2025 11:25,23450.05,445275,1046850,72.6,1330575,1465950,265.75,998250,140175
10-02-2025 11:25,23454.9,443625,1048275,72.35,1334625,1467150,266,992925,141000
10-02-2025 11:25,23454.45,442350,1050450,72.65,1329600,1471425,265.3,993750,136575
10-02-2025 11:25,23454.05,440475,1050600,72.35,1334025,1483800,268.05,996225,138000
10-02-2025 11:25,23452,439950,1047225,71.35,1334850,1476750,267,993375,135375
10-02-2025 11:26,23442.3,444075,1050075,70.5,1306050,1476375,272.35,1000050,133875
10-02-2025 11:26,23445.3,442125,1047525,70,1271700,1463700,273.35,998175,127125
10-02-2025 11:26,23445.05,441825,1046400,69.45,1273275,1468500,274.6,1000500,126150
10-02-2025 11:26,23444,441300,1043925,69.6,1280250,1470675,274.75,1003125,129450
10-02-2025 11:26,23439,442200,1041450,69.5,1280775,1473300,276,1005525,126375
10-02-2025 11:26,23441.75,442575,1043775,69.15,1277775,1473225,277.25,1007925,125550
10-02-2025 11:27,23436.7,445050,1043625,69.85,1285425,1469250,275.3,1004475,126000
10-02-2025 11:27,23443.15,444525,1039050,71.2,1289550,1468500,270.35,1003875,141225
10-02-2025 11:27,23448.9,450600,1032825,72.15,1299000,1449450,265.55,992850,142725
10-02-2025 11:27,23455.95,454575,1041600,72.2,1299900,1462875,266,996375,142275
10-02-2025 11:27,23458.5,438750,1035225,73,1311000,1466850,263.55,997200,148725
10-02-2025 11:27,23451.6,450000,1039275,72.45,1317450,1475025,264.25,994800,146250
10-02-2025 11:28,23452.25,450150,1039725,71.35,1300425,1479300,266.65,995850,144375
10-02-2025 11:28,23453,448875,1040775,71,1296000,1511550,267,998325,149325
10-02-2025 11:28,23453.85,456675,1042500,72.1,1302975,1509075,264.85,998700,147900
10-02-2025 11:28,0,0,0,72.15,1314450,1516575,264.4,999000,148875
10-02-2025 11:28,23458.95,453600,1037925,71.9,1312800,1504725,262.7,995100,151275
10-02-2025 11:28,23453.45,453825,1039800,72,1320450,1499025,262.6,992400,148500
10-02-2025 11:29,23456.9,453150,1041450,71.55,1316175,1506600,263.4,998250,146400
10-02-2025 11:29,23452,455475,1043550,72.05,1315875,1511550,263.35,1001100,149925
10-02-2025 11:29,23456,455250,1040775,71.15,1311600,1519125,264.9,1000650,148875
10-02-2025 11:29,23450,450900,1041300,70.3,1304700,1521600,266.4,1002450,148725
10-02-2025 11:29,23451.1,453600,1042500,69.45,1287600,1526475,268.6,1000350,146550
10-02-2025 11:29,23452.05,448200,1041450,69.9,1292625,1526850,267.1,1002600,146175
10-02-2025 11:30,23450,445575,1042875,69.75,1294425,1531500,269.15,1000800,147825
10-02-2025 11:30,23451.85,452700,1042425,70.2,1306350,1537575,267.4,1003950,146250
10-02-2025 11:30,23451.5,445575,1042950,69.85,1305675,1530150,269.65,1003875,145875
10-02-2025 11:30,23451.5,447825,1042425,69.5,1305225,1530900,269.85,1005150,146025
10-02-2025 11:30,23447.05,451200,1041150,70.6,1312500,1533375,266.2,1003425,143625
10-02-2025 11:30,23450,446925,1043025,69.95,1308750,1538550,268.8,1005975,144825
10-02-2025 11:31,23450,447825,1042800,69.85,1306950,1533975,268.85,1004550,145125
10-02-2025 11:31,0,0,0,69.65,1310625,1543950,269.85,1007025,144675
10-02-2025 11:31,23447.05,442725,1041750,69.6,1315200,1545900,269.3,1006500,143625
10-02-2025 11:31,23450.05,447375,1041075,69.85,1314375,1543425,268.4,1005375,144750
10-02-2025 11:31,23456.4,450000,1042950,71.7,1323600,1531800,263.4,1004400,146850
10-02-2025 11:31,23457.65,446775,1041450,71.75,1322325,1528950,264.15,1001625,148350
10-02-2025 11:32,23456.9,451050,1046700,71.6,1323300,1522800,262.8,997800,145800
10-02-2025 11:32,23455,447450,1043475,72,1324425,1535025,262.75,998475,147900
10-02-2025 11:32,23454.85,450300,1055175,71.7,1327875,1543575,264,998475,149175
10-02-2025 11:32,23453.85,448875,1043175,71.4,1328025,1543950,263.2,1000125,147975
10-02-2025 11:32,23455,446325,1048650,71.05,1339125,1545600,265.2,999225,147375
10-02-2025 11:32,23452,446100,1044600,70.9,1333200,1547475,265.1,999300,146475
10-02-2025 11:33,23455,447150,1043850,71.4,1337475,1550850,263,999225,147600
10-02-2025 11:33,23455.05,448500,1047825,70.9,1344450,1550700,265.25,1001250,145500
10-02-2025 11:33,23456,449025,1046100,71.8,1344825,1548375,261.95,998625,149550
10-02-2025 11:33,23452.55,449325,1045500,71.95,1338825,1532550,262.7,996600,146550
10-02-2025 11:33,23459.15,446025,1046550,72.1,1344600,1531500,262.7,997875,147900
10-02-2025 11:33,23452.45,451950,1046475,72.4,1345125,1533225,261.1,999525,147825
10-02-2025 11:34,23458.8,453450,1041600,72.65,1355325,1533675,258.4,995475,149400
10-02-2025 11:34,23458.8,452100,1042650,73.55,1358475,1521975,257.3,994950,150900
10-02-2025 11:34,23458.4,449550,1045200,73.4,1354800,1517250,257.45,993525,149700
10-02-2025 11:34,23460,449475,1044600,73.15,1333650,1518225,258.2,995175,151800
10-02-2025 11:34,23460,448425,1043775,73.45,1335225,1525500,255.9,1001325,149925
10-02-2025 11:34,23465,450300,1042425,74.6,1343475,1517325,255.05,995850,148725
10-02-2025 11:35,23465.9,451350,1058325,74.5,1346925,1522575,255.65,997800,150075
10-02-2025 11:35,23463,446175,1053375,73.9,1346775,1529325,257.15,998475,151425
10-02-2025 11:35,23462.45,451275,1051500,72.8,1334475,1538250,258.6,996750,149250
10-02-2025 11:35,23462.7,452850,1049850,73.7,1325625,1538850,258,996000,148875
10-02-2025 11:35,23462.7,453825,1052175,73.75,1339275,1531800,258.75,994125,149475
10-02-2025 11:35,23461.45,451350,1042800,73.85,1339575,1544775,258.55,995625,148800
10-02-2025 11:36,23464.6,456975,1052925,74.45,1345425,1531425,256.9,994950,152400
10-02-2025 11:36,23464.6,452400,1044450,74.5,1341300,1504275,257.35,993825,154725
10-02-2025 11:36,23465.6,460425,1045350,74.4,1346250,1499175,255.1,996450,153675
10-02-2025 11:36,23465,457425,1046925,74,1336950,1500975,256.65,998700,154575
10-02-2025 11:36,23466,455400,1047375,73.9,1333500,1503150,256.2,997950,154275
10-02-2025 11:36,23465,457650,1046475,73.9,1338750,1501875,255.85,999225,156225
10-02-2025 11:37,23462.05,456150,1041525,74,1335825,1506075,256.3,999975,154875
10-02-2025 11:37,23464.95,459375,1044225,73.75,1335450,1507350,256.15,1000875,156150
10-02-2025 11:37,23465,452850,1044600,74.2,1339500,1497600,255.75,996150,156675
10-02-2025 11:37,23466.4,454575,1047075,74.6,1343025,1503750,255,997200,156375
10-02-2025 11:37,23462.5,457425,1046625,74.1,1343700,1512900,256.05,1000500,155400
10-02-2025 11:37,23466.8,462300,1048725,74.25,1349850,1503450,254.75,998700,160650
10-02-2025 11:38,23466.8,455700,1047300,73.55,1341300,1510200,255.6,999225,155475
10-02-2025 11:38,23465,456975,1046025,73.7,1341450,1509600,255.75,999900,154425
10-02-2025 11:38,23462,455025,1047900,73.9,1336125,1507125,255,999525,156150
10-02-2025 11:38,23466.95,457875,1044150,74.55,1351950,1503075,252.55,996900,158850
10-02-2025 11:38,23467,454575,1046925,74.25,1345425,1508475,254.3,997575,156750
10-02-2025 11:38,23467,455475,1045575,74.2,1347525,1512300,254.55,997950,158625
10-02-2025 11:39,23465.1,457275,1052550,74.55,1347900,1506675,253,995925,161325
10-02-2025 11:39,23465.65,449175,1045650,73.35,1345500,1503750,255.05,996375,160275
10-02-2025 11:39,23465.1,451275,1048575,74,1321500,1490550,255.15,989100,147900
10-02-2025 11:39,23462,451800,1048200,72.7,1319400,1496925,255.9,987750,153375
10-02-2025 11:39,23466,454500,1048800,73.15,1309575,1497825,255.7,989850,146550
10-02-2025 11:39,23466,455100,1049100,72.5,1311150,1497750,256.95,991275,148800
10-02-2025 11:40,23464.2,451575,1054650,72.15,1309500,1500375,256.85,988950,146100
10-02-2025 11:40,23465,459375,1046400,73,1317900,1494675,254,989325,147300
10-02-2025 11:40,0,0,0,73.15,1326675,1488525,255,987825,148275
10-02-2025 11:40,23465,455775,1045575,73.75,1321650,1488150,254,985800,147225
10-02-2025 11:40,23465,452700,1046025,73.15,1328175,1484025,254.45,988950,147600
10-02-2025 11:40,23459,455625,1051950,72,1333725,1491675,257,989475,148425
10-02-2025 11:41,23460.65,452700,1049700,71.05,1308450,1500000,258.85,987975,142500
10-02-2025 11:41,23459.8,451650,1052475,71.3,1317600,1500900,259.5,987900,143925
10-02-2025 11:41,23455,453600,1052850,70.85,1317525,1513650,259.85,988500,143550
10-02-2025 11:41,23455.6,455175,1052025,71.55,1317675,1506600,257.8,988200,146400
10-02-2025 11:41,23452.25,454200,1058925,71.2,1320600,1511475,259.05,988950,145650
10-02-2025 11:41,23450,448950,1060500,70.2,1312875,1512675,262.3,988425,146325
10-02-2025 11:42,23452,450075,1056150,70.75,1294200,1518075,260,987000,138750
10-02-2025 11:42,23455,451800,1049400,70.9,1304625,1518375,260.55,985500,138675
10-02-2025 11:42,23452.3,450525,1047450,71.15,1307250,1514025,260.25,989100,138750
10-02-2025 11:42,23455,448500,1051350,71.1,1307475,1514775,260.95,993525,142125
10-02-2025 11:42,23452,450150,1053225,70.55,1305975,1523325,259.65,989175,142200
10-02-2025 11:42,0,0,0,70.95,1299975,1524075,260.7,988275,141750
10-02-2025 11:43,23455.95,452550,1044600,72.1,1299150,1509600,256.2,984300,145575
10-02-2025 11:43,23455.8,451950,1051125,71.6,1301475,1512900,257.55,986700,147375
10-02-2025 11:43,23463.25,453375,1048125,71.95,1309050,1514850,256.55,989100,146850
10-02-2025 11:43,23463.25,452925,1048875,71.55,1316925,1523250,257.9,988500,145875
10-02-2025 11:43,23460,453900,1047450,71.8,1316775,1524225,256.4,988050,146325
10-02-2025 11:43,23460,455175,1047225,73.15,1335150,1521225,253.85,987150,146025
10-02-2025 11:44,23462.5,454275,1043625,73.25,1327950,1498575,251.7,985125,148950
10-02-2025 11:44,23465,454875,1044600,73.3,1325550,1500975,253,985575,146925
10-02-2025 11:44,23467.1,457575,1044825,74.6,1328625,1500450,247.25,984225,152850
10-02-2025 11:44,23471.35,451650,1044075,74.95,1323900,1479075,246.9,967575,150675
10-02-2025 11:44,23465.65,447750,1053300,72.35,1318050,1480725,254.4,962625,144900
10-02-2025 11:44,23454.25,447450,1054725,70.55,1290000,1491225,258.25,975975,142125
10-02-2025 11:45,23465,454200,1053375,72.9,1288950,1481325,254.1,965325,149250
10-02-2025 11:45,23466.9,437325,1054950,73,1289325,1487700,254.5,965700,150525
10-02-2025 11:45,23460.05,450900,1056525,72.95,1291875,1490100,255.25,969225,147375
10-02-2025 11:45,23460.95,453300,1049925,73.65,1299450,1488825,253.05,968700,148425
10-02-2025 11:45,23465.1,451575,1050450,73.9,1303575,1484925,252.65,968400,150225
10-02-2025 11:45,23465.35,457200,1056075,73.15,1303500,1496550,253.2,971550,150675
10-02-2025 11:46,0,0,0,73.9,1303725,1498725,253.55,971775,153525
10-02-2025 11:46,23465,450075,1050675,72.95,1300350,1501275,256,973500,152325
10-02-2025 11:46,23463.05,451950,1056375,71.75,1289925,1508325,258,969075,151425
10-02-2025 11:46,23456.6,454425,1055475,72.15,1293900,1511775,257.55,969075,151125
10-02-2025 11:46,23462.35,456525,1055175,71.8,1302075,1511625,258.3,969300,153225
10-02-2025 11:46,23458,452025,1051275,71.85,1304250,1512000,257,972150,153000
10-02-2025 11:47,23462.4,453225,1055325,71.7,1308750,1519050,257.3,971250,155625
10-02-2025 11:47,23464.5,451125,1061025,72.1,1311075,1518375,256.3,970500,153750
10-02-2025 11:47,0,0,0,72.1,1312350,1519350,257.3,970800,155100
10-02-2025 11:47,0,0,0,72.15,1318500,1516275,256.45,969600,156075
10-02-2025 11:47,0,0,0,72.45,1322850,1513125,255.05,969750,156600
10-02-2025 11:47,23462.55,449850,1060725,71.7,1321875,1525575,255,972525,156075
10-02-2025 11:48,23460.35,454800,1055550,72.4,1315800,1524600,255.15,969975,156675
10-02-2025 11:48,23460.35,457125,1054950,72.25,1320075,1522200,254.2,970950,157275
10-02-2025 11:48,0,0,0,71.65,1319025,1527975,256.55,973425,158775
10-02-2025 11:48,23455.8,456450,1057950,70.5,1314525,1529250,257,973500,156900
10-02-2025 11:48,23455.3,454875,1053000,70.1,1291650,1534950,258,972525,156825
10-02-2025 11:48,23459.4,457575,1053750,70.8,1289625,1534425,257.05,970950,155175
10-02-2025 11:49,23458.75,458325,1054875,70.9,1284225,1536525,256.6,970500,157275
10-02-2025 11:49,0,0,0,70.65,1295775,1539900,256.7,971625,157725
10-02-2025 11:49,0,0,0,69.8,1291425,1546725,259.75,975900,154425
10-02-2025 11:49,23451.1,455475,1055025,69,1279275,1549650,259.7,974250,153000
10-02-2025 11:49,23451.05,454425,1053675,69,1268325,1547325,260.35,973950,148275
10-02-2025 11:49,23451,451950,1054275,68.65,1272675,1544100,261.55,975075,148125
10-02-2025 11:50,23450.45,456600,1053600,69.05,1277250,1553625,261.35,974625,150600
10-02-2025 11:50,23450,456225,1056150,68.9,1287900,1544100,261.75,974325,152400
10-02-2025 11:50,23450,453975,1055850,68.45,1289700,1548675,263.3,975675,151425
10-02-2025 11:50,23448.75,458775,1053750,68.95,1298325,1547175,262.1,975825,152400
10-02-2025 11:50,23448.05,456900,1053600,69.25,1300725,1542075,262.75,976650,150750
10-02-2025 11:50,23454,454950,1052250,69.65,1306350,1534725,260.65,976275,154425
10-02-2025 11:51,23456,458100,1059075,70.15,1310325,1534575,259.05,974550,154725
10-02-2025 11:51,23451.7,456225,1053000,70.25,1307475,1529250,259.65,994425,159300
10-02-2025 11:51,23455.05,452925,1058850,69.05,1309425,1556025,262.95,977775,157875
10-02-2025 11:51,23450.6,452325,1053900,68.85,1301100,1550025,263.1,979050,155250
10-02-2025 11:51,23447.4,455625,1057725,68.6,1299900,1550400,264.1,977475,156750
10-02-2025 11:51,23446.95,454275,1056375,69.15,1299675,1547100,264,978600,182625
10-02-2025 11:52,23449,453450,1057275,68.7,1297125,1552725,264.4,980100,180675
10-02-2025 11:52,23452.05,450825,1051200,68.45,1306800,1560525,264.5,977925,182025
10-02-2025 11:52,23449.55,456150,1055100,68.05,1290750,1544925,262.9,976575,155175
10-02-2025 11:52,23447.35,453000,1055625,67.8,1238400,1545450,262.45,976725,147825
10-02-2025 11:52,23447.3,456750,1053675,68.2,1241250,1543275,261,976200,163575
10-02-2025 11:52,23448,457200,1056900,67.8,1246200,1548000,263.6,974625,153525
10-02-2025 11:53,23441.8,454125,1057200,66.1,1234575,1569150,266.25,977775,148725
10-02-2025 11:53,23445.85,458325,1057275,67.8,1235025,1563075,262.75,975975,146550
10-02-2025 11:53,23445.3,454500,1061925,67.5,1246575,1551150,263.75,975750,146625
10-02-2025 11:53,23451.05,458325,1057050,68.6,1242375,1558875,260.35,975375,147525
10-02-2025 11:53,23454.2,458100,1047825,69.25,1253925,1546875,257,970875,149700
10-02-2025 11:53,23458.85,455850,1039950,70.15,1260900,1539375,255.1,970500,147825
10-02-2025 11:54,23454.95,458700,1051200,69.5,1264200,1537425,257.85,972525,149475
10-02-2025 11:54,23456.8,458025,1054275,68.15,1260750,1550100,260,974100,148575
10-02-2025 11:54,23450,454650,1058100,67,1226625,1567950,263,973650,148650
10-02-2025 11:54,23442.25,456225,1059000,67.6,1237500,1564950,261.65,977175,151050
10-02-2025 11:54,23455.55,457425,1058250,67.95,1247325,1549275,260.55,970875,150600
10-02-2025 11:54,23451,445200,1059225,66.95,1243800,1553475,261.3,971550,150075
10-02-2025 11:55,23450.3,459825,1059975,66.25,1247250,1572450,263.9,973650,150300
10-02-2025 11:55,23443,443325,1058325,66.25,1235325,1567950,265.1,971325,151725
10-02-2025 11:55,23450.95,457125,1059975,66.15,1248300,1566900,265.05,972075,153150
10-02-2025 11:55,23452.15,455175,1058850,66.7,1255800,1569825,263.55,972600,151500
10-02-2025 11:55,23445.2,458925,1061625,66.75,1264875,1559250,262.85,974175,153900
10-02-2025 11:55,23448,452625,1059675,66.6,1266300,1555200,264.15,975525,154725
10-02-2025 11:56,23445.5,451575,1060125,65.9,1263075,1561350,267.1,975675,153225
10-02-2025 11:56,23441,450825,1061475,65.6,1251675,1581600,267.6,981000,148725
10-02-2025 11:56,23447,464100,1059975,65.55,1197000,1588200,266.95,981975,149925
10-02-2025 11:56,23445.95,464175,1059375,65.7,1205550,1587075,266.1,973500,149475
10-02-2025 11:56,23450.35,458250,1059075,66.7,1218150,1562775,265,972825,152850
10-02-2025 11:56,23441.4,451125,1057125,65.6,1212450,1577775,267.85,976275,151875
10-02-2025 11:57,23436,453150,1058775,63.75,1200675,1587525,273.55,982650,150375
10-02-2025 11:57,23435.35,454425,1059450,64.1,1162950,1579950,272.2,977400,144225
10-02-2025 11:57,23435,450975,1057950,64.25,1159725,1587825,273.25,981525,144825
10-02-2025 11:57,23435.75,443400,1057725,63.95,1160325,1597200,273.4,983175,143100
10-02-2025 11:57,23435,442500,1058025,63.2,1157775,1605675,275,980625,137850
10-02-2025 11:57,23434.2,436350,1057500,62.65,1150050,1603125,277,980700,138150
10-02-2025 11:58,23435,439050,1055400,62.8,1152900,1594650,277.4,979875,133725
10-02-2025 11:58,23434,439950,1056600,62.95,1158525,1587075,277.55,978750,132900
10-02-2025 11:58,23434,441525,1058400,63,1163925,1588500,277.95,976950,133950
10-02-2025 11:58,23431.1,439950,1055100,62.9,1161225,1587150,279.05,978900,132900
10-02-2025 11:58,23432,437475,1058850,62.3,1161075,1587525,277.55,976875,128475
10-02-2025 11:58,23430.2,440100,1056825,62.05,1162050,1589850,277.25,972300,128325
10-02-2025 11:59,23431,438525,1057725,62.35,1152225,1587300,276.3,972525,125625
10-02-2025 11:59,23432.95,436725,1057800,61.9,1155975,1590075,279,978750,124200
10-02-2025 11:59,23431,439800,1056900,61.95,1163625,1586025,278,981150,125175
10-02-2025 11:59,23428.9,437700,1057050,61.1,1161075,1592700,284,983625,121575
10-02-2025 11:59,23427.4,431550,1059300,62.7,1163850,1578375,278.4,983775,120975
10-02-2025 11:59,23418.3,430125,1060275,61.15,1163775,1591725,288.45,983625,117975
10-02-2025 12:00,23419.15,420600,1058700,61.55,1149000,1615575,283.2,979650,106650
10-02-2025 12:00,23421.05,426900,1052400,62.4,1185225,1571550,280.95,982725,111975
10-02-2025 12:00,23423.35,416475,1057800,63.15,1176600,1565700,280.65,978075,110325
10-02-2025 12:00,23425.45,415725,1061700,61.7,1172550,1590975,286.95,984000,107175
10-02-2025 12:00,23419.75,420300,1060350,61.95,1172550,1591575,284.35,986250,106050
10-02-2025 12:00,23419,417225,1062375,60.7,1180350,1590525,289.9,979350,106650
10-02-2025 12:01,23410,408525,1056450,59.9,1142925,1574475,294.9,979275,91050
10-02-2025 12:01,23410,408675,1061250,59.8,1114725,1580250,293.75,983925,88875
10-02-2025 12:01,23411,405975,1059525,59.65,1118400,1578600,297.55,981600,92175
10-02-2025 12:01,23414,402150,1057725,60.15,1128075,1580175,294.3,981825,93300
10-02-2025 12:01,23406.55,404325,1061700,59.3,1134225,1566525,298,980700,94575
10-02-2025 12:01,23405.1,398475,1062750,59.8,1132425,1565400,299.6,979050,92025
10-02-2025 12:02,23406,400800,1058025,60.2,1143975,1554225,298.85,982650,82350
10-02-2025 12:02,23408.75,397800,1061550,59.85,1142625,1583175,300.15,984525,84375
10-02-2025 12:02,23405.55,398625,1053225,59.3,1145475,1591800,298.15,982275,82050
10-02-2025 12:02,23409.95,398400,1061625,58.3,1129725,1593750,295.85,977400,83700
10-02-2025 12:02,23410,403200,1061550,58.85,1121925,1581675,296,973800,86025
10-02-2025 12:02,23405.15,396075,1062525,58.65,1141050,1576050,297.5,974625,90300
10-02-2025 12:03,23405.15,393300,1064025,59.1,1150050,1581375,295.9,974925,90975
10-02-2025 12:03,23406.4,394050,1058100,59.55,1173750,1565325,294.55,970350,93900
10-02-2025 12:03,23417.45,394275,1054575,59.9,1179075,1562775,291.25,970650,95700
10-02-2025 12:03,23415.85,393375,1057725,59.85,1182600,1548225,292.4,966225,96525
10-02-2025 12:03,23412,395025,1057725,60.45,1188600,1546575,290,967050,101175
10-02-2025 12:03,23415.7,395475,1054275,59.85,1188450,1545000,290.95,972075,121275
10-02-2025 12:04,23414,394125,1059450,58.85,1178550,1569825,294.95,970725,119175
10-02-2025 12:04,23411.1,397275,1058925,58.9,1167750,1563825,293.1,969300,99150
10-02-2025 12:04,23417.45,402825,1054800,59.4,1176750,1557675,288.15,968625,105075
10-02-2025 12:04,23417.75,399075,1059750,59.5,1175250,1559100,288.55,969375,104700
10-02-2025 12:04,23412,394875,1057650,58.9,1187550,1577550,291.6,971550,105525
10-02-2025 12:04,23416.25,399825,1059600,59.1,1179375,1576200,292.2,970500,107100
10-02-2025 12:05,23413.05,403650,1056300,59.5,1191975,1567125,288,971850,107625
10-02-2025 12:05,23419,403050,1053750,60.1,1201125,1551300,287.8,966600,106875
10-02-2025 12:05,23419,398175,1055100,60.05,1196625,1558950,288.8,971100,103950
10-02-2025 12:05,23418,401850,1056750,59.75,1200075,1552800,288.55,971550,105375
10-02-2025 12:05,23420,407250,1052850,60.15,1202325,1552425,285.25,970500,106350
10-02-2025 12:05,23420.85,400425,1058175,59.3,1193400,1558950,288.8,970350,104625
10-02-2025 12:06,23417.75,401775,1056825,59.55,1190775,1568100,287.25,971625,107925
10-02-2025 12:06,23417.75,402600,1062750,59.3,1188600,1557600,289.15,973650,106875
10-02-2025 12:06,23415.4,397425,1067325,58.9,1187025,1566525,290.8,974775,105525
10-02-2025 12:06,23415,399375,1072275,59.55,1179900,1561950,289.05,973200,103725
10-02-2025 12:06,23415,400050,1077900,59.45,1185600,1563675,289.45,976200,105525
10-02-2025 12:06,23415,407550,1082625,59.75,1191750,1564125,286,976425,107775
10-02-2025 12:07,23415,407625,1090125,59.3,1191675,1556025,287.15,973800,106125
10-02-2025 12:07,23415,401925,1094775,58.8,1202325,1562700,288.8,973575,107625
10-02-2025 12:07,23415,402000,1095300,58.7,1185150,1574100,288.1,973575,106950
10-02-2025 12:07,23413.6,404400,1092375,59.25,1201275,1567950,286.5,974250,108225
10-02-2025 12:07,23416.95,406575,1095825,58.8,1197225,1566750,288.75,974100,110250
10-02-2025 12:07,23415,408525,1097325,59.15,1198650,1566900,288,974475,110100
10-02-2025 12:08,23416.95,407175,1095375,59,1197075,1567800,288.7,976800,108675
10-02-2025 12:08,23413.1,406275,1094625,58.9,1201200,1564725,289.2,974850,109575
10-02-2025 12:08,23414.65,406800,1095225,58.5,1202025,1563450,290,977775,110175
10-02-2025 12:08,23414,408300,1095000,58.75,1192650,1568100,289.25,978525,109050
10-02-2025 12:08,23413,411825,1093050,58.85,1192575,1561050,288.05,975600,108750
10-02-2025 12:08,23411.8,410625,1098600,58.1,1191375,1576275,289.3,978675,107850
10-02-2025 12:09,23412,409350,1097550,57.6,1181475,1585275,290.05,978600,109500
10-02-2025 12:09,23415.05,411075,1094925,57.6,1172400,1580925,290,978225,107025
10-02-2025 12:09,23411.1,409650,1096125,57.8,1175400,1574550,289.95,978900,107775
10-02-2025 12:09,23413.4,412500,1096125,58.2,1193400,1569450,289,977100,108600
10-02-2025 12:09,23414,411225,1094100,58.7,1204575,1563675,286.35,975000,110775
10-02-2025 12:09,23411.6,411900,1097400,58.6,1209825,1563825,288.3,979125,110850
10-02-2025 12:10,23411.05,412275,1098150,58.65,1197525,1571100,286.85,977100,112350
10-02-2025 12:10,23412.65,412350,1099875,59.1,1220250,1570950,287.1,975675,112350
10-02-2025 12:10,23417.5,413475,1099650,59.4,1214025,1558125,284.4,973275,111450
10-02-2025 12:10,23422,412350,1103175,59.45,1206225,1540575,284,969000,111450
10-02-2025 12:10,23423.1,413325,1104150,59.65,1203750,1540575,281.9,969900,112050
10-02-2025 12:10,23423.85,411975,1108500,59.45,1207425,1547100,284.4,970425,113700
10-02-2025 12:11,23423.7,414825,1111575,59.7,1208625,1556625,284.1,972600,119400
10-02-2025 12:11,23419.55,414450,1108125,60.25,1216500,1544550,281.05,971475,115050
10-02-2025 12:11,23423.9,413925,1111275,60,1221450,1547700,281.15,969150,114150
10-02-2025 12:11,23423.45,414600,1111500,59.7,1211250,1559250,283,969075,111675
10-02-2025 12:11,23423.45,411825,1110225,59.5,1245075,1562700,283.3,971100,115125
10-02-2025 12:11,23418.45,412575,1111275,59.25,1251825,1565175,286,973800,112950
10-02-2025 12:12,23418.35,410475,1111725,58.7,1249950,1565775,288.95,977850,111975
10-02-2025 12:12,23416,410250,1107900,59.15,1241625,1562550,287,978150,113550
10-02-2025 12:12,23416,413250,1111050,59.05,1244850,1564425,286.95,976125,111975
10-02-2025 12:12,23415.85,411525,1108725,59.15,1254225,1563525,287.45,975975,114000
10-02-2025 12:12,23415.05,411525,1109700,59.15,1263975,1566075,287.5,975225,113625
10-02-2025 12:12,23418.55,411000,1109475,59.6,1265775,1560600,286.3,975675,114975
10-02-2025 12:13,23415.05,411150,1112400,59.15,1237050,1560375,288.2,978675,114300
10-02-2025 12:13,23416,409425,1112925,58.45,1222500,1571100,290,981600,112875
10-02-2025 12:13,23415,408450,1110450,58.8,1225875,1569975,289.45,981525,112575
10-02-2025 12:13,23416.65,408750,1113225,58.3,1234125,1570575,289.95,982275,111825
10-02-2025 12:13,23412.65,408525,1112250,57.8,1234350,1576650,293.05,985425,112575
10-02-2025 12:13,23411,405675,1117125,57.35,1201125,1574250,293.95,983400,112350
10-02-2025 12:14,23411.8,404700,1112475,58.05,1207950,1580475,292.75,980550,112050
10-02-2025 12:14,23412,405225,1111650,58.85,1218075,1577325,290.2,972600,113175
10-02-2025 12:14,23415.9,410775,1107375,60.2,1220400,1573875,285.75,972975,113925
10-02-2025 12:14,23420.55,410775,1107450,60.95,1226925,1547100,282.4,970125,113175
10-02-2025 12:14,23420,411150,1109025,60.25,1186800,1547400,285,970425,115425
10-02-2025 12:14,23420,412875,1106625,60.65,1195950,1545075,284.05,969375,116400
10-02-2025 12:15,23420.55,412950,1107150,60.55,1193250,1544700,282.5,969750,116775
10-02-2025 12:15,23422,414000,1105725,61.05,1205475,1543950,280.65,969075,117225
10-02-2025 12:15,23422,414300,1108425,60.65,1208550,1555350,282.95,973125,114675
10-02-2025 12:15,23426.25,413175,1105725,60.75,1212375,1553625,282.6,973425,113775
10-02-2025 12:15,23425,412050,1105425,60.6,1215900,1558125,282.35,973350,114225
10-02-2025 12:15,23419,409875,1110375,59.65,1214400,1566375,284.85,974100,116175
10-02-2025 12:16,23419.95,412875,1110900,59.75,1193625,1567350,286.9,975375,114300
10-02-2025 12:16,23417.5,416700,1116900,59.9,1230525,1561050,285.45,978225,116175
10-02-2025 12:16,23424.1,413850,1114800,60.65,1227375,1554525,283.5,975600,114300
10-02-2025 12:16,23425,413775,1117950,61.15,1234425,1556325,281.5,974850,116925
10-02-2025 12:16,23426.1,411675,1113900,61.35,1238025,1546050,280.95,973875,117450
10-02-2025 12:16,23425.05,412725,1118325,61.55,1236825,1546950,279.35,975450,118650
10-02-2025 12:17,23424.4,412350,1118250,61.35,1248375,1545375,279.65,969000,116850
10-02-2025 12:17,23426,412725,1119075,61.45,1235025,1546875,278.7,971400,117975
10-02-2025 12:17,23426.9,414900,1119975,61.6,1243800,1548600,279.65,969975,118875
10-02-2025 12:17,23427,414225,1123500,61.35,1239825,1552125,280.2,971100,117675
10-02-2025 12:17,23427.05,413400,1127325,61,1236600,1562850,281.5,972375,117675
10-02-2025 12:17,23425.5,411825,1130550,61,1228275,1562175,283,974925,117975
10-02-2025 12:18,23424,410925,1132650,60.35,1227450,1581300,285.2,972900,119175
10-02-2025 12:18,23417,411000,1137825,60.25,1221075,1570800,286.9,974400,114900
10-02-2025 12:18,23419.35,407100,1134375,59.8,1181250,1566675,289,974625,116550
10-02-2025 12:18,23417.15,411225,1133475,60.85,1190025,1565775,284.3,975225,118200
10-02-2025 12:18,23419.3,410925,1135800,60.75,1196025,1561950,285.6,972975,119250
10-02-2025 12:18,23418.85,408375,1134300,60.15,1191525,1568475,286,977400,119850
10-02-2025 12:19,23419.4,408825,1136100,60.1,1188000,1574100,288.95,973050,120675
10-02-2025 12:19,23415,409875,1136325,60.15,1189650,1575225,289.05,975300,118425
10-02-2025 12:19,23415.05,409650,1135500,60.3,1189950,1575450,287.25,974775,119625
10-02-2025 12:19,23415.25,409650,1148925,59.5,1190625,1575000,290.9,976650,118950
10-02-2025 12:19,23411,407775,1144575,59.35,1181025,1579275,293,975900,114900
10-02-2025 12:19,23410.9,400350,1141500,58.9,1174950,1579200,295.5,974850,105150
10-02-2025 12:20,23408.4,401400,1140225,59.05,1173825,1578300,295.5,975975,97875
10-02-2025 12:20,23411.8,405300,1136850,59.85,1208850,1595475,290.25,976350,113100
10-02-2025 12:20,23421.3,411900,1134675,61.3,1209675,1593525,281.3,975900,114900
10-02-2025 12:20,23424,403800,1137600,61.25,1209750,1580175,281.75,975075,115575
10-02-2025 12:20,23422.7,403500,1139100,61,1209000,1585425,284,978075,117300
10-02-2025 12:20,23422.9,404100,1144575,61.1,1208025,1591725,282.6,980400,117600
10-02-2025 12:21,23425,402900,1140975,61.3,1217325,1584600,281.2,980625,119400
10-02-2025 12:21,23426,405300,1140975,61.45,1215525,1588350,280.35,978825,119325
10-02-2025 12:21,23427,403125,1140150,61.9,1214250,1587225,278.6,976050,119925
10-02-2025 12:21,23429,402900,1136850,62.25,1224675,1578075,278.2,976725,121350
10-02-2025 12:21,23428,403575,1141725,61.9,1226025,1572450,279.45,979575,118200
10-02-2025 12:21,23427.9,404850,1141500,61.75,1218225,1575825,279.8,978900,117375
10-02-2025 12:22,23428,405075,1138575,62.05,1223550,1576275,278.6,979125,119925
10-02-2025 12:22,23429,407325,1139025,61.95,1218075,1581750,280.25,982950,118500
10-02-2025 12:22,23428,407100,1139175,61.95,1221975,1580475,279.05,982650,120825
10-02-2025 12:22,23428.9,405075,1140300,61.4,1225725,1586175,280,980850,118425
10-02-2025 12:22,23429.9,409275,1141200,61.7,1231125,1587375,278.85,984075,121200
10-02-2025 12:22,23429.4,406575,1141275,61.55,1241850,1588050,279,983400,118875
10-02-2025 12:23,23430,407025,1141200,61.65,1245975,1589850,280,984600,118350
10-02-2025 12:23,23429,406650,1143150,61.4,1247325,1593825,279.75,982425,117675
10-02-2025 12:23,23431.4,406725,1142850,62.1,1249425,1588650,277.45,979425,118725
10-02-2025 12:23,23430.95,406875,1138125,61.9,1250475,1581750,277.75,977775,117075
10-02-2025 12:23,23431.1,407250,1138575,61.9,1242750,1585875,277.75,977100,115575
10-02-2025 12:23,23431.55,406950,1137075,61.4,1244700,1588800,278.35,977400,117450
10-02-2025 12:24,23426,406500,1140450,61.35,1248750,1589700,279,976500,117075
10-02-2025 12:24,23429.95,410400,1137975,61.1,1240800,1592400,279.05,979275,115200
10-02-2025 12:24,23430,410250,1136250,61.4,1239300,1594950,278,977625,117150
10-02-2025 12:24,23425.8,411975,1135575,61.45,1247100,1593525,277.85,977625,116925
10-02-2025 12:24,23427.05,415725,1138350,61.55,1249275,1599300,276.8,976650,119625
10-02-2025 12:24,0,0,0,61.45,1248675,1598400,280.55,978600,119100
10-02-2025 12:25,23425.5,412500,1140300,60.55,1243425,1606950,281.15,982650,117150
10-02-2025 12:25,23425,411525,1140375,60.6,1237800,1604850,282.75,980250,116775
10-02-2025 12:25,23430.95,416700,1136100,61.65,1246200,1604175,278.7,978150,122775
10-02-2025 12:25,23430,414375,1138950,61.9,1246350,1586325,277.9,978225,118350
10-02-2025 12:25,23429,413700,1142850,61.3,1245000,1589250,279.8,979125,117900
10-02-2025 12:25,23428.75,411225,1144650,61.2,1245450,1593975,280.8,983100,120750
10-02-2025 12:26,23426.25,412650,1145100,61.5,1247625,1595550,280.6,982125,120075
10-02-2025 12:26,0,0,0,61.35,1254075,1590900,282,980550,121425
10-02-2025 12:26,0,0,0,61.4,1253850,1595625,281,982500,120975
10-02-2025 12:26,23425.15,409950,1144275,60.9,1249350,1598100,282.75,981150,118725
10-02-2025 12:26,23425,410175,1140450,61.35,1264650,1596525,280.5,979875,120975
10-02-2025 12:26,23425,410775,1141650,61.7,1267875,1593150,278.25,981300,122175
10-02-2025 12:27,23427.7,410550,1143450,61.5,1249125,1598325,280.8,983400,119550
10-02-2025 12:27,23425,410550,1143375,61.95,1249725,1597950,278.15,977025,120600
10-02-2025 12:27,23430,412800,1143600,62.25,1251825,1584825,277.4,982425,121725
10-02-2025 12:27,23430,414225,1143825,62.1,1252275,1584375,278.9,980775,118800
10-02-2025 12:27,23431.75,412575,1138350,62.9,1257000,1579875,274.8,978975,123675
10-02-2025 12:27,23434,414150,1146525,62.35,1255125,1583400,277.05,978825,121575
10-02-2025 12:28,0,0,0,63.85,1259400,1581225,272.65,979650,123750
10-02-2025 12:28,23439.95,413400,1137300,64.1,1260525,1565175,272.45,977250,124575
10-02-2025 12:28,23438.1,413100,1141875,63,1262175,1576425,273.8,979725,122700
10-02-2025 12:28,23438.55,411900,1140375,63.55,1254900,1578450,273.7,978600,122475
10-02-2025 12:28,23439.95,413175,1139025,63.6,1265550,1578300,272.7,978300,122925
10-02-2025 12:28,23440,413100,1142700,63.35,1264725,1583700,271.7,978225,121725
10-02-2025 12:29,23434.05,411525,1142025,63.2,1253925,1590525,270.8,980325,123750
10-02-2025 12:29,23436,411975,1143375,62.9,1264050,1603650,274,982275,121125
10-02-2025 12:29,23432.75,410400,1141275,63.25,1249725,1596075,271.9,981300,123450
10-02-2025 12:29,23440.5,409500,1145475,63.45,1253250,1591875,270.45,976950,125775
10-02-2025 12:29,23434.8,408825,1149450,63.35,1249125,1596525,270.6,977775,125625
10-02-2025 12:29,23436.65,408525,1148625,62,1249425,1607925,274.4,982575,125775
10-02-2025 12:30,23436.5,409950,1153875,62.7,1230225,1624125,273.35,983100,127875
10-02-2025 12:30,23433.4,406575,1155300,61.45,1223400,1621125,275.85,986325,125250
10-02-2025 12:30,23438.65,409125,1146150,62.3,1221900,1614225,271.35,986025,127800
10-02-2025 12:30,23439.1,410925,1153725,63.25,1229025,1611900,269.5,983250,128925
10-02-2025 12:30,23441.55,409575,1151625,63.2,1228200,1602525,270.3,979425,128775
10-02-2025 12:30,23439.95,407775,1155675,62.5,1226025,1613550,269.95,981150,127425
10-02-2025 12:31,23441.9,409200,1152450,63,1223025,1616550,270,980550,130275
10-02-2025 12:31,23437,409125,1154400,62.1,1227225,1620225,272.55,983025,127800
10-02-2025 12:31,23437.55,407850,1148850,61.65,1217175,1619400,272.4,984225,126750
10-02-2025 12:31,23432.4,411975,1147650,61.75,1216125,1623450,272,984000,129375
10-02-2025 12:31,23436,411825,1151625,61.1,1205100,1626600,272.9,982725,134325
10-02-2025 12:31,23436,407775,1153050,61.45,1206975,1625550,273.25,981375,134925
10-02-2025 12:32,23436.65,408375,1151100,61.25,1204875,1625550,272.1,983775,136725
10-02-2025 12:32,23434.9,411450,1156575,60.6,1204575,1633875,274.3,982650,134475
10-02-2025 12:32,23438,413175,1146450,61.7,1217850,1632750,269.85,978525,126000
10-02-2025 12:32,23437.95,414450,1146600,61.45,1221150,1614975,270.05,978225,127200
10-02-2025 12:32,23436.15,406800,1154025,61.15,1214925,1622550,270.6,979800,129000
10-02-2025 12:32,23428,409200,1155600,60.05,1203450,1627800,275,980325,125925
10-02-2025 12:33,23428.3,411525,1151850,60.5,1188675,1631925,274.3,980250,130425
10-02-2025 12:33,23429,410700,1154325,59.7,1194375,1635525,274.85,982125,125325
10-02-2025 12:33,23438.85,417375,1129275,60.95,1206900,1630725,270.4,978075,124950
10-02-2025 12:33,23429.6,410100,1156500,60.2,1209150,1630500,272.95,980100,126975
10-02-2025 12:33,23434.25,409950,1154100,59.55,1192425,1635225,274.35,980475,125100
10-02-2025 12:33,23425.15,412875,1153650,59.2,1190775,1640400,276.25,981825,123600
10-02-2025 12:34,23431.8,411975,1153875,59,1187025,1637625,276.85,979650,123000
10-02-2025 12:34,23425.5,414975,1155150,58.9,1185225,1638525,275.6,979725,123075
10-02-2025 12:34,23430.95,413850,1157250,58.55,1193925,1631625,277.75,979575,124800
10-02-2025 12:34,23426,411300,1152225,57.95,1187250,1631475,278.45,979425,124500
10-02-2025 12:34,23425.1,411825,1158600,57.75,1173300,1633800,277.45,980700,123825
10-02-2025 12:34,23425.3,411525,1161600,57.85,1180725,1637175,277.35,982800,123900
10-02-2025 12:35,23429.9,414000,1161150,58.3,1182825,1633875,277.45,980550,122550
10-02-2025 12:35,23429.9,409950,1157475,58.25,1185750,1627800,279,982125,120450
10-02-2025 12:35,23428.3,412425,1156125,58.4,1192425,1630350,278.45,981000,122400
10-02-2025 12:35,23427.5,413025,1158450,58.5,1193250,1628550,279.4,981450,121200
10-02-2025 12:35,23424.05,412575,1163250,58.5,1201500,1623375,279,981600,122250
10-02-2025 12:35,23424,411375,1160325,58.55,1200675,1626600,279.15,986400,123300
10-02-2025 12:36,23424,411150,1162200,58.75,1195500,1629000,282.2,986325,123600
10-02-2025 12:36,23424,412800,1160700,58.95,1198575,1616175,280.5,980625,122625
10-02-2025 12:36,23425.6,412875,1150950,59.85,1199925,1619250,277.2,981150,127050
10-02-2025 12:36,23425.55,412350,1163625,58.7,1193325,1633275,281.5,982875,126375
10-02-2025 12:36,23423.45,411375,1165350,58.6,1189050,1632225,283.85,982500,125250
10-02-2025 12:36,23418.1,410625,1165200,58.5,1191150,1635450,286.2,983400,118200
10-02-2025 12:37,23420.35,412725,1161225,58.55,1197825,1632525,285.9,980400,114150
10-02-2025 12:37,23415.05,408300,1159050,58.05,1194075,1633875,285.25,982050,115500
10-02-2025 12:37,23420,410775,1159725,58.2,1193550,1626300,285.65,983250,116100
10-02-2025 12:37,23415.75,411975,1164300,58.2,1198050,1627275,284.8,980850,118125
10-02-2025 12:37,0,0,0,58.5,1212450,1622400,284.05,980400,124275
10-02-2025 12:37,23422,411225,1165350,58.4,1218975,1623900,283.8,977625,122100
10-02-2025 12:38,23419.75,410250,1170525,58.2,1223400,1622025,284.85,986850,124725
10-02-2025 12:38,23413.25,406275,1171200,56.95,1192950,1631325,290,996525,120150
10-02-2025 12:38,23412.05,411225,1155300,57.45,1182600,1624275,287.7,980400,116325
10-02-2025 12:38,23412.05,409800,1156950,57.85,1191600,1621275,286.25,983475,117525
10-02-2025 12:38,23422,412275,1150350,59.75,1207800,1613550,279.3,982200,120525
10-02-2025 12:38,23423,412650,1143825,60.25,1206150,1602900,277,976725,118425
10-02-2025 12:39,23429.75,414750,1152000,59.75,1200300,1605375,277.8,976125,117975
10-02-2025 12:39,23429.7,415575,1161525,59.75,1196175,1607100,277.05,979125,119550
10-02-2025 12:39,23426.05,416175,1150875,60.2,1200375,1606950,274.6,976125,120450
10-02-2025 12:39,23425.7,416700,1148175,60.3,1196925,1610775,275.4,978225,120750
10-02-2025 12:39,23426,419325,1148175,60.3,1195725,1604475,275.7,975450,120000
10-02-2025 12:39,23429.8,423675,1148025,60.25,1196175,1607025,275.65,975975,119475
10-02-2025 12:40,23426.2,423525,1151025,60.6,1209525,1610850,273.9,977625,116400
10-02-2025 12:40,23430.1,424125,1151550,60.25,1206150,1607550,274.2,976500,114225
10-02-2025 12:40,23429.1,425475,1151400,60.8,1217475,1607175,273.95,975450,115050
10-02-2025 12:40,23429,426825,1153800,61,1206450,1581225,273.7,969225,106800
10-02-2025 12:40,23435.8,421800,1151775,60.85,1194450,1584450,274.05,970500,107550
10-02-2025 12:40,23435.35,420000,1149225,60.8,1195650,1585425,274.55,972000,107250
10-02-2025 12:41,23434.65,421350,1150950,61,1198950,1584225,274.2,973800,110250
10-02-2025 12:41,23431,421575,1149750,60.6,1201800,1585950,275.25,973725,109050
10-02-2025 12:41,23430,423825,1150800,60.9,1182825,1582875,274.7,972675,109500
10-02-2025 12:41,23434.65,426825,1149150,60.9,1179600,1586100,275.4,971550,111450
10-02-2025 12:41,23430,420525,1150950,60.6,1181250,1589400,275.8,973575,111225
10-02-2025 12:41,23433.65,417300,1151625,59.7,1174425,1590750,277.5,973875,111900
10-02-2025 12:42,23426.8,418125,1153200,59.5,1168650,1595475,280,973950,110325
10-02-2025 12:42,23428.05,420150,1150800,59.05,1174725,1600500,281.15,973875,108900
10-02-2025 12:42,23427,421350,1151400,59.2,1173075,1602675,279,969600,113025
10-02-2025 12:42,23425,400500,1152225,58.8,1171725,1597275,282,972225,111975
10-02-2025 12:42,23424,420225,1152075,58.25,1162350,1593150,283.25,973425,111375
10-02-2025 12:42,23423,415800,1151850,58,1167450,1594125,283.35,975675,114000
10-02-2025 12:43,23425,419325,1149300,58.45,1178475,1593525,282.8,974325,113925
10-02-2025 12:43,23426.9,415875,1148400,58.65,1184325,1595625,281.55,975375,113850
10-02-2025 12:43,23428.7,424950,1149300,59.05,1189125,1593075,279.55,972825,114900
10-02-2025 12:43,23425.25,425175,1145775,59.7,1193475,1590900,276.25,970650,117075
10-02-2025 12:43,23426.25,421875,1147125,60,1197675,1589475,276,969900,119100
10-02-2025 12:43,23427.5,422400,1149375,60.15,1196250,1589775,274.65,970350,120900
10-02-2025 12:44,23431.8,423750,1148100,60.5,1198725,1588725,273.4,969375,118200
10-02-2025 12:44,23434,426675,1147275,61.4,1206675,1583400,270.15,968775,116550
10-02-2025 12:44,23431.45,423900,1144950,61.35,1199175,1576875,271.7,966450,118275
10-02-2025 12:44,23432.55,427200,1144200,61.6,1196700,1582800,270.7,969000,119775
10-02-2025 12:44,23435,423900,1145175,61.35,1191375,1579725,271.85,970275,117750
10-02-2025 12:44,23434.35,423900,1142100,61.7,1193700,1581600,271.3,971100,119325
10-02-2025 12:45,23436.8,422250,1144125,61.5,1194450,1588725,272.15,974250,120975
10-02-2025 12:45,23437,424050,1147200,61.35,1193250,1586100,272.35,972600,122175
10-02-2025 12:45,23439,427875,1143675,62,1199850,1582800,270,971250,120750
10-02-2025 12:45,23439.9,420300,1143975,62.15,1196850,1584525,270.25,972300,119550
10-02-2025 12:45,23440,424050,1144800,61.8,1193325,1590000,270.65,973350,118950
10-02-2025 12:45,23439,424725,1144350,62.1,1192875,1588500,270,972075,120600
10-02-2025 12:46,23436.8,422475,1150350,61.15,1193775,1589925,272.55,974625,118650
10-02-2025 12:46,23434.25,420675,1150350,60.3,1185225,1609950,274.2,972750,118200
10-02-2025 12:46,23434.6,423075,1149675,60.6,1186275,1611300,273.55,973200,117900
10-02-2025 12:46,23433.6,421125,1149525,60.6,1186275,1608225,274,972450,117750
10-02-2025 12:46,23434.6,420375,1149375,59.95,1199775,1628400,273,979050,126525
10-02-2025 12:46,23432,421950,1147800,60.25,1193850,1630275,272.7,984225,125625
10-02-2025 12:47,23431,422325,1149300,60.25,1199100,1629150,273.25,981150,128850
10-02-2025 12:47,23434,419925,1150050,60,1197225,1628625,272.8,981525,129450
10-02-2025 12:47,23432,421125,1150500,60.3,1197600,1632150,272.6,980850,127950
10-02-2025 12:47,0,0,0,59.95,1201800,1632900,273.3,980250,125700
10-02-2025 12:47,0,0,0,60.25,1203075,1632375,272.5,981675,126225
10-02-2025 12:47,23432.65,429150,1150725,61.05,1209675,1635150,270.5,980400,130500
10-02-2025 12:48,23438,430200,1147050,61.3,1212750,1619250,268.55,977625,131400
10-02-2025 12:48,23438,428475,1148250,60.95,1210875,1627650,270.1,976725,132000
10-02-2025 12:48,0,0,0,61.5,1212150,1628775,267.5,977400,128325
10-02-2025 12:48,23439,428175,1145250,61.95,1216800,1624200,266.4,976875,131925
10-02-2025 12:48,23439,423600,1145400,61.65,1210575,1617225,266.15,977325,130350
10-02-2025 12:48,0,0,0,61.3,1211025,1616850,267.7,977475,131025
10-02-2025 12:49,23439,428775,1144125,61.9,1222050,1616100,266.1,978300,127875
10-02-2025 12:49,23439,429900,1143750,61.5,1220100,1617525,267.45,979500,128400
10-02-2025 12:49,23439,434175,1143000,61.75,1227675,1619700,267.3,979275,125550
10-02-2025 12:49,23439,429900,1143375,61.6,1235325,1623000,266.9,978300,127125
10-02-2025 12:49,23439,429675,1144125,62.05,1238775,1619775,266.1,976650,126150
10-02-2025 12:49,23435,425925,1144650,61.35,1236000,1626000,268.1,977025,128025
10-02-2025 12:50,23439,429000,1144950,61.5,1232025,1634250,266.65,976575,129450
10-02-2025 12:50,23439.95,431025,1145175,61.6,1234875,1630650,266.4,980400,129375
10-02-2025 12:50,0,0,0,61.5,1226550,1632900,265.4,978300,126450
10-02-2025 12:50,23439,430875,1144800,61.5,1224975,1629750,265.2,978825,127050
10-02-2025 12:50,23440,432000,1145250,61.7,1227825,1625700,265.8,974925,128550
10-02-2025 12:50,23439.95,429675,1144575,60.5,1225500,1635150,269.05,977475,128325
10-02-2025 12:51,23439.95,434775,1145925,60.6,1213650,1638750,268.95,976500,124275
10-02-2025 12:51,23437.35,425175,1155375,59.9,1205850,1634250,270.95,975975,126675
10-02-2025 12:51,23432.6,428175,1156650,60.05,1206375,1634700,271,978900,127950
10-02-2025 12:51,23435.65,424725,1159275,59.75,1204275,1632300,271.65,977775,127725
10-02-2025 12:51,23436.25,422250,1160925,59.35,1203075,1641000,273.15,980100,126000
10-02-2025 12:51,23431,423750,1166175,58.55,1203450,1638450,275.35,979650,125100
10-02-2025 12:52,23430,423075,1167900,58.4,1195725,1633275,275.4,980625,124650
10-02-2025 12:52,23426.2,420225,1168275,58.35,1189500,1631775,276.3,981000,123450
10-02-2025 12:52,23425.4,424875,1166925,58.45,1186200,1638975,275.75,982725,123975
10-02-2025 12:52,23427.1,427125,1164075,59.4,1200750,1627725,272.9,980025,123825
10-02-2025 12:52,23424.4,424725,1165500,58.85,1197825,1637625,275.85,980475,123150
10-02-2025 12:52,23425.3,423150,1166550,58.95,1197225,1639875,274.55,981600,123975
10-02-2025 12:53,23424.7,423975,1170000,59.05,1208100,1632075,274.45,983175,124275
10-02-2025 12:53,0,0,0,58.8,1207800,1638225,275.9,982650,123975
10-02-2025 12:53,23423.5,429525,1168725,58.75,1218825,1641225,276.65,982425,123825
10-02-2025 12:53,23429.3,429825,1164750,58.85,1211700,1647000,276.95,981750,122775
10-02-2025 12:53,23423,424125,1165725,58.3,1204575,1656600,279,981900,121350
10-02-2025 12:53,23428.3,430200,1161450,58.95,1220475,1656300,276.15,980175,124425
10-02-2025 12:54,23426.9,427125,1161450,59.7,1227825,1644600,274.4,980250,125325
10-02-2025 12:54,23428,427950,1164750,59,1236150,1646850,276.9,980550,124575
10-02-2025 12:54,23425,435825,1161975,59.2,1240575,1651575,277,977250,124950
10-02-2025 12:54,0,0,0,58.95,1231275,1655925,277.15,977025,123300
10-02-2025 12:54,23428,434025,1160775,59.25,1233000,1654575,276.45,977850,123750
10-02-2025 12:54,23429,433725,1162425,59.25,1239225,1643475,275.5,977400,123675
10-02-2025 12:55,0,0,0,59.1,1233150,1648800,276.7,979425,123150
10-02-2025 12:55,23427.75,438525,1164975,58.45,1235025,1653750,279.5,983925,122775
10-02-2025 12:55,23427.75,432450,1161375,59,1234350,1650825,277.05,980775,120600
10-02-2025 12:55,23425,430950,1162500,58.9,1240500,1644675,277.45,978825,120675
10-02-2025 12:55,23429.8,435300,1165350,59.15,1248450,1642350,276.65,978750,122925
10-02-2025 12:55,23428,434475,1163775,59.3,1245525,1640475,276.5,977850,121125
10-02-2025 12:56,23430,431925,1166025,59.25,1249875,1634850,275.9,976500,122700
10-02-2025 12:56,23425,428700,1167000,58.2,1233300,1646625,280.45,978600,120975
10-02-2025 12:56,23425.3,427200,1165650,58.4,1214925,1644525,280.05,978375,117900
10-02-2025 12:56,23427.55,427125,1164825,58.5,1221150,1646325,279.85,976125,118800
10-02-2025 12:56,23426.6,426225,1166175,58.1,1225200,1650225,280.65,977550,120750
10-02-2025 12:56,23423.75,427950,1165425,57.95,1219125,1662300,281.7,978375,121800
10-02-2025 12:57,23423,429075,1166100,57.6,1211175,1672200,282.6,977700,121875
10-02-2025 12:57,23420.5,427650,1164900,57.05,1215975,1672125,285,978375,120750
10-02-2025 12:57,23419.35,438600,1165125,57.85,1196100,1672950,285,977025,119025
10-02-2025 12:57,23419.5,439275,1163175,57.85,1201275,1669050,283.2,976275,119700
10-02-2025 12:57,23416.55,433350,1165650,58.05,1213500,1664700,283.9,975375,121200
10-02-2025 12:57,23416.2,438975,1165425,57.75,1209300,1669275,284.9,976650,120300
10-02-2025 12:58,23416.6,439275,1163775,57.9,1224675,1663725,283.95,973875,121500
10-02-2025 12:58,23416.45,437625,1164150,57.8,1220025,1662750,286,977550,120675
10-02-2025 12:58,23418.45,437775,1166550,58,1218300,1664475,285.65,977625,120525
10-02-2025 12:58,23418.45,438825,1166400,58,1223025,1656375,285.65,975675,122400
10-02-2025 12:58,23418.2,443250,1163625,57.9,1227750,1657950,285.6,974850,121725
10-02-2025 12:58,23421,440625,1163100,58.7,1238850,1656975,283.45,970125,124875
10-02-2025 12:59,23424.7,442875,1166025,58.65,1240800,1650150,283.55,973500,126525
10-02-2025 12:59,23424.35,443475,1164525,58.8,1240950,1655325,282.15,972375,126975
10-02-2025 12:59,23419.65,444525,1165200,58.55,1243725,1655700,282.3,972825,125250
10-02-2025 12:59,0,0,0,58.65,1242300,1659750,282.05,973950,125700
10-02-2025 12:59,23423,441525,1166025,58.65,1240200,1674225,283.35,974925,125175
10-02-2025 12:59,0,0,0,58.35,1227075,1674225,283.05,971775,123150
10-02-2025 13:00,23424,439050,1163175,58.65,1235325,1672050,282,972450,124800
10-02-2025 13:00,23421,439275,1165950,58.15,1230750,1682250,284,972600,124950
10-02-2025 13:00,23423.95,440625,1162050,58.55,1228125,1681275,281.85,971100,120750
10-02-2025 13:00,23423.2,439050,1164000,57.9,1224450,1682550,282.85,970650,121650
10-02-2025 13:00,23423.7,435225,1162800,58,1220925,1682625,284.15,971175,120900
10-02-2025 13:00,23421,435900,1161225,57.55,1219725,1676700,286.5,972000,120975
10-02-2025 13:01,23421.75,437325,1161525,57.75,1223400,1746825,285.05,972750,120075
10-02-2025 13:01,23421.85,437850,1162725,57.5,1219425,1679775,285.2,973350,120600
10-02-2025 13:01,23422.75,437625,1161975,57.5,1214325,1680525,285,971550,121200
10-02-2025 13:01,23420,302700,1161975,57.5,1217475,1680075,285.5,975075,120900
10-02-2025 13:01,23419,443625,1161600,57,1214100,1692075,287.25,972300,119100
10-02-2025 13:01,23416.05,443775,1162650,57.2,1208400,1741575,284.85,972450,121875
10-02-2025 13:02,23419.95,446100,1162350,57.25,1211250,1680150,283.3,973500,122775
10-02-2025 13:02,23422,447600,1163325,57.5,1218075,1681350,283.9,972750,122475
10-02-2025 13:02,23420,448125,1164225,58.05,1223700,1673625,283.85,971850,123000
10-02-2025 13:02,23423.9,450600,1165200,57.45,1228200,1726950,284.05,972225,123675
10-02-2025 13:02,23423.9,448500,1162500,57.65,1221675,1684725,283.5,972525,122775
10-02-2025 13:02,23425.5,455100,1164900,58.05,1224525,1667325,282.1,972150,123375
10-02-2025 13:03,23422,447825,1163100,57.8,1221000,1663125,282.7,971775,120525
10-02-2025 13:03,23422,449850,1161675,57.45,1226250,1666650,283.75,973950,119550
10-02-2025 13:03,23424.35,452250,1161675,57.9,1234650,1657200,281.3,971625,120525
10-02-2025 13:03,23425.8,448575,1162125,57.95,1240275,1653825,281.35,970800,120450
10-02-2025 13:03,23424.35,446250,1161975,58,1239075,1651875,282.9,971925,120900
10-02-2025 13:03,23421,450450,1165500,57.65,1238325,1653525,284.3,973725,121350
10-02-2025 13:04,23421,447300,1165050,57.4,1236075,1671750,285.2,974400,118575
10-02-2025 13:04,23421,452175,1164825,57.55,1237650,1674450,284,975075,116550
10-02-2025 13:04,23420.95,450600,1165650,57.35,1243275,1682775,285.1,974625,116775
10-02-2025 13:04,23420.95,446100,1165200,56.55,1243200,1688850,285.5,972075,117525
10-02-2025 13:04,23421,447300,1165125,56.95,1223850,1690425,285,972750,116175
10-02-2025 13:04,23421,448650,1165350,56.85,1230075,1687425,286,973125,116925
10-02-2025 13:05,23416,447150,1163925,56.45,1227975,1758150,286.35,980175,116100
10-02-2025 13:05,23416,447150,1167525,56.45,1230900,1730850,286,972900,118275
10-02-2025 13:05,23415,446850,1168875,56.95,1243500,1669050,285.5,972225,116250
10-02-2025 13:05,23416,447825,1166925,56.35,1246875,1748475,287.25,976050,116175
10-02-2025 13:05,23418.15,447525,1165275,56.7,1239150,1748100,287,975525,117225
10-02-2025 13:05,23418.15,447075,1164000,56.8,1243800,1671150,287.15,975450,116475
10-02-2025 13:06,23416,446475,1164000,56.3,1233600,1775775,286.6,974025,114825
10-02-2025 13:06,23418.15,450675,1164150,55.9,1217175,1732350,286.6,974025,114450
10-02-2025 13:06,23421.45,450225,1162875,56.3,1226775,1733475,283.6,972825,122175
10-02-2025 13:06,23421.85,452850,1164300,56.7,1227525,1674975,282.5,971025,120000
10-02-2025 13:06,23422.25,453600,1164525,56.35,1226775,1679850,283.5,972300,119475
10-02-2025 13:06,23422.9,453450,1164825,57.3,1230900,1678650,280.05,971475,118800
10-02-2025 13:07,23425,455250,1167000,57.1,1231800,1656300,281.8,975525,121200
10-02-2025 13:07,23425,449325,1164225,57.35,1236300,1659375,281.8,972075,120600
10-02-2025 13:07,23425,449700,1163850,57.25,1236600,1666275,281.9,971850,114975
10-02-2025 13:07,23425,452475,1164450,57,1232250,1671000,282.1,972300,115950
10-02-2025 13:07,23425,449475,1162950,57,1233900,1671675,281.85,973500,117000
10-02-2025 13:07,23425,450675,1163700,57.5,1240200,1677525,282.25,971775,118125
10-02-2025 13:08,23427,452475,1164225,57.45,1234725,1671300,280.5,972450,115800
10-02-2025 13:08,23427,449100,1164900,57.65,1236825,1659075,280.2,977925,115575
10-02-2025 13:08,23427,449475,1165350,57.4,1234350,1639950,281.35,974775,118950
10-02-2025 13:08,23417.2,447975,1168800,56.9,1223850,1751775,282.55,976200,116250
10-02-2025 13:08,23426.95,449625,1163775,57,1228500,1754100,280.5,974850,115500
10-02-2025 13:08,23426.25,449250,1164900,57.15,1232325,1708950,280.15,984225,118425
10-02-2025 13:09,23422.4,450825,1161450,57.6,1237650,1660275,279.05,972675,117675
10-02-2025 13:09,23426.15,450900,1162050,57.8,1240500,1653525,280.4,971850,118050
10-02-2025 13:09,23423.25,445500,1172700,56.9,1234800,1660200,283,981450,117375
10-02-2025 13:09,23422.25,446775,1170450,56.9,1231275,1670775,285.35,983475,115725
10-02-2025 13:09,23422.25,445650,1169475,56.75,1234950,1664475,285.9,983550,115500
10-02-2025 13:09,23422.85,445500,1165575,57,1237500,1664700,285.2,972975,125550
10-02-2025 13:10,23423,445500,1172175,57.35,1242900,1659225,284,972600,126600
10-02-2025 13:10,23423,445875,1173300,57.15,1241250,1662975,285.2,974325,127575
10-02-2025 13:10,23417.85,446925,1166775,57.45,1248600,1660200,284,973725,128250
10-02-2025 13:10,23418.25,448275,1169700,57.5,1247475,1655775,283.95,972825,128700
10-02-2025 13:10,23422.6,447450,1172775,57.45,1244025,1654575,284.2,974925,128400
10-02-2025 13:10,23422.6,447225,1174725,57.35,1242000,1655100,285.65,975375,128250
10-02-2025 13:11,23422.6,448350,1167750,57.6,1243125,1659075,284.35,976650,125400
10-02-2025 13:11,23416,446850,1170450,57.6,1244550,1653750,284.65,974775,117300
10-02-2025 13:11,23424,446625,1167675,57.65,1246425,1649850,284.9,975525,118275
10-02-2025 13:11,23423.1,446100,1171500,57.55,1246650,1652325,285.7,976500,118050
10-02-2025 13:11,23420,444825,1167675,57.9,1246725,1652550,285,975675,118275
10-02-2025 13:11,0,0,0,58.15,1255125,1646625,284.4,974700,116475
10-02-2025 13:12,23421.95,444225,1166175,58.15,1253625,1634475,284.5,974850,117525
10-02-2025 13:12,23421.95,444900,1170300,57.95,1252575,1640850,284.15,975225,116925
10-02-2025 13:12,0,0,0,57.95,1244025,1653975,284.55,973425,118350
10-02-2025 13:12,23424.25,445950,1168425,58.15,1245150,1651725,284.05,971925,119700
10-02-2025 13:12,23425.1,445350,1169400,57.9,1245000,1651875,283.5,973725,118875
10-02-2025 13:12,23425.1,446475,1170600,57.8,1246650,1654350,282.15,972600,119550
10-02-2025 13:13,23425.1,446850,1167675,57.5,1240200,1653675,283,972600,118650
10-02-2025 13:13,23425.1,445500,1175400,57.2,1237050,1656075,283.7,974775,116850
10-02-2025 13:13,23425.1,447450,1170300,57.3,1238550,1655100,283.2,977325,118200
10-02-2025 13:13,23421.95,447000,1171275,57.3,1238925,1659150,284,982050,117600
10-02-2025 13:13,23420.9,446925,1179150,56.9,1241325,1663350,285.4,982800,117000
10-02-2025 13:13,23420,446475,1170600,57.5,1238925,1662300,283.45,981975,118800
10-02-2025 13:14,23420.9,446400,1172775,57.35,1243650,1658400,283.7,983475,118725
10-02-2025 13:14,23419,445800,1173000,57,1243575,1654050,285.5,983925,116700
10-02-2025 13:14,23418.65,446775,1170225,57.65,1241550,1655700,284,983775,118725
10-02-2025 13:14,23418,446925,1171650,57.6,1240950,1655700,284.5,981600,118875
10-02-2025 13:14,23422.75,444600,1174275,57.3,1247850,1648050,285,981150,117750
10-02-2025 13:14,23422.7,444900,1176750,57.25,1238325,1660725,283.1,980625,118275
10-02-2025 13:15,23422.7,444075,1172250,56.9,1235775,1666800,284.75,980700,117750
10-02-2025 13:15,23418,443625,1174050,56.5,1236450,1663800,286.5,982350,118650
10-02-2025 13:15,23418,443925,1168725,56.8,1234500,1656750,285.8,981450,118275
10-02-2025 13:15,23420,445200,1170900,57.2,1240200,1646625,284.3,979350,115200
10-02-2025 13:15,23418,446400,1172550,57.15,1240200,1650300,284.45,979200,117150
10-02-2025 13:15,23418.15,446025,1171425,57.25,1243350,1647375,283.9,980475,118650
10-02-2025 13:16,23421,447900,1174800,57.4,1246725,1645350,284.05,980025,119400
10-02-2025 13:16,23421,444900,1167825,56.8,1245000,1699125,285.15,980400,117825
10-02-2025 13:16,23420,445425,1170525,57,1245450,1701825,283.6,981525,119700
10-02-2025 13:16,23420,444900,1167900,57,1248300,1680900,284,982575,120375
10-02-2025 13:16,23416,447375,1168650,56.9,1251225,1672200,284.9,983475,120375
10-02-2025 13:16,23420.5,443700,1172025,56.25,1248150,1693575,287,982950,120075
10-02-2025 13:17,23408,443550,1176300,54,1240050,1696275,294.15,982875,121875
10-02-2025 13:17,23407.55,437775,1170600,55.05,1177275,1688550,291.65,981075,111975
10-02-2025 13:17,23409.05,444450,1166250,55.15,1170525,1681500,289.3,980400,112950
10-02-2025 13:17,23410,443850,1173750,55,1172025,1647825,292.5,983475,114600
10-02-2025 13:17,23406.6,435900,1176750,54.75,1175025,1647450,294.1,982350,113550
10-02-2025 13:17,23410,436950,1179450,55.4,1188900,1644525,292.7,982275,111600
10-02-2025 13:18,23413.9,441000,1173000,55.7,1197675,1636200,292.15,983025,116175
10-02-2025 13:18,23412.75,441075,1176375,55.55,1203300,1731675,290.8,982875,118875
10-02-2025 13:18,23412.75,439350,1175775,54.8,1193775,1821225,293.6,983550,121800
10-02-2025 13:18,23413,440175,1183125,54.85,1203750,1783125,293,981900,120300
10-02-2025 13:18,23414.95,441300,1177050,55,1205625,1760175,292.45,972975,120450
10-02-2025 13:18,23411,441075,1182900,54.25,1211325,1736475,294.25,975900,119925
10-02-2025 13:19,23406.6,439050,1173525,54.4,1195350,1656300,293.15,974850,119475
10-02-2025 13:19,23410.6,436575,1174275,53.95,1196400,1643475,296.1,973875,118350
10-02-2025 13:19,23410.95,437625,1171950,54,1200825,1645875,293.45,974625,115875
10-02-2025 13:19,23411,437100,1173075,54.25,1203225,1645575,293.45,973275,116775
10-02-2025 13:19,23411.95,438975,1175850,54,1209525,1637850,292.85,974025,118950
10-02-2025 13:19,23412.55,439425,1174950,54.2,1209150,1641975,292.25,973800,118800
10-02-2025 13:20,23412,447900,1173450,54.55,1215900,1641225,291.05,973950,120900
10-02-2025 13:20,23412,439800,1174200,54.4,1218000,1642350,290.85,981975,118950
10-02-2025 13:20,23412.6,439725,1182450,54.3,1215300,1653675,292.1,983625,118125
10-02-2025 13:20,23409,440700,1168950,54.75,1224000,1648950,289.7,982950,123375
10-02-2025 13:20,23408.25,444525,1178625,54.6,1227375,1636725,291.25,971100,119475
10-02-2025 13:20,23412.6,446100,1172700,55.15,1233525,1631925,289.1,969675,120075
10-02-2025 13:21,23417.3,447600,1183575,54.9,1239150,1637850,289,969450,120450
10-02-2025 13:21,23411.8,447975,1181625,54.85,1236000,1667550,286.1,969600,130050
10-02-2025 13:21,23419.9,447450,1169475,55.05,1241100,1665825,286.25,966525,131025
10-02-2025 13:21,23412.6,445125,1173975,55.5,1248825,1638750,285.9,967950,128850
10-02-2025 13:21,23420.8,446700,1174575,55.6,1248600,1634250,285.5,973650,129525
10-02-2025 13:21,23420.95,448725,1177575,55.85,1251150,1636050,284.1,973275,129825
10-02-2025 13:22,23424.5,450600,1171800,56.05,1251300,1629750,282.5,971550,130725
10-02-2025 13:22,23424,447525,1185225,56.1,1250025,1636875,282,972150,128175
10-02-2025 13:22,23424.05,446925,1174575,56.35,1255725,1637025,281.1,972075,126000
10-02-2025 13:22,23424.85,445200,1175775,56.1,1252650,1636275,282.35,974400,126900
10-02-2025 13:22,23420,444525,1185825,55.8,1248075,1643250,283.8,977775,130950
10-02-2025 13:22,23422.35,443550,1188975,55.4,1237725,1646025,284.3,979650,132300
10-02-2025 13:23,23421,442875,1182825,55.4,1238850,1646925,285.55,979425,128550
10-02-2025 13:23,23421.05,445950,1179975,55.55,1242675,1648050,285.5,978450,128475
10-02-2025 13:23,23416.25,445350,1183200,55.3,1245075,1645650,283.65,979650,130125
10-02-2025 13:23,23422.4,447300,1177425,55.55,1245750,1645725,283.6,977100,133125
10-02-2025 13:23,23422.4,444750,1185750,55.35,1249875,1648125,283.4,990375,133800
10-02-2025 13:23,23414.05,442950,1189275,54.8,1239075,1650900,286.5,991350,130800
10-02-2025 13:24,23417.4,441675,1184250,54.3,1220175,1650600,287.45,989925,125475
10-02-2025 13:24,23413.9,441450,1187925,53.45,1222350,1647000,287.8,978300,125625
10-02-2025 13:24,23410.25,442500,1187175,53.3,1199400,1650075,290.6,978750,125850
10-02-2025 13:24,23405.25,440700,1179300,52.5,1203900,1648800,293.3,975300,125475
10-02-2025 13:24,23401.3,434850,1181475,51.65,1166775,1640400,299.2,971550,115950
10-02-2025 13:24,23401.1,430500,1178775,52,1178625,1641075,297,968775,117075
10-02-2025 13:25,23403.85,427875,1178850,52.65,1187025,1639275,294.3,967125,106950
10-02-2025 13:25,23402.1,432150,1172025,53.35,1204200,1632750,292.7,969750,110175
10-02-2025 13:25,23410.8,437025,1181700,53.4,1224600,1637325,292.6,969750,112575
10-02-2025 13:25,23405.6,436575,1183575,53.4,1219575,1641075,291.55,969075,115500
10-02-2025 13:25,23412,438675,1175250,53.95,1223250,1638375,289.45,968850,114600
10-02-2025 13:25,23410,437325,1180425,54,1224150,1641375,288.25,967050,113250
10-02-2025 13:26,23417.05,439950,1176375,54.5,1221000,1642275,287.85,967500,113175
10-02-2025 13:26,23415.9,436575,1175325,54.55,1222950,1644675,286.8,968700,111000
10-02-2025 13:26,23416.9,437100,1176675,55.15,1224225,1645575,282.6,969375,107700
10-02-2025 13:26,23415.15,436800,1178550,55.3,1226850,1625025,283.95,965325,106800
10-02-2025 13:26,23420,436575,1181325,55.05,1225200,1639650,284.35,974775,107100
10-02-2025 13:26,23420,435825,1181250,54.95,1228425,1636725,283.9,973650,120900
10-02-2025 13:27,23415.15,439350,1184025,55.1,1234275,1643175,285.4,970050,111825
10-02-2025 13:27,23420.05,435750,1180950,54.8,1232850,1640850,285.35,988725,112125
10-02-2025 13:27,23420.15,441825,1183125,55.3,1243050,1638075,284.75,987900,115425
10-02-2025 13:27,23420,443325,1176600,55.95,1250100,1627875,281,965250,114525
10-02-2025 13:27,23424,444825,1174500,56.45,1252350,1625100,279.3,964575,113850
10-02-2025 13:27,23421.45,439350,1175175,56.35,1240500,1624125,278.8,964875,112800
10-02-2025 13:28,23425,442500,1169775,57.15,1246950,1618575,276.25,970425,115425
10-02-2025 13:28,23426.5,440550,1172625,57.4,1245975,1608525,276.25,972525,116100
10-02-2025 13:28,23429.9,445575,1169700,57.7,1252050,1603800,274.5,972750,114750
10-02-2025 13:28,23431.4,439425,1173300,57.3,1246575,1620525,276.3,964575,115125
10-02-2025 13:28,23426.5,439350,1179975,56.8,1233825,1617525,277.5,965325,113400
10-02-2025 13:28,23426,439800,1176225,56.25,1220175,1618875,278.2,967125,126675
10-02-2025 13:29,23423.7,443025,1176675,56.8,1221300,1616625,278,966750,125550
10-02-2025 13:29,23428.8,439275,1175100,57.2,1231500,1613925,276.1,966375,130800
10-02-2025 13:29,23427.9,442500,1176000,57.3,1241175,1611975,275.35,966075,131550
10-02-2025 13:29,23432,441450,1177125,57.95,1242750,1612575,274,966975,132900
10-02-2025 13:29,23431.95,441225,1177950,58,1240800,1614600,274.75,968700,131550
10-02-2025 13:29,23425.6,439725,1183650,57.8,1239900,1615350,276.3,968775,134100
10-02-2025 13:30,23430.5,441600,1182075,57.25,1234575,1619175,277.25,969450,132600
10-02-2025 13:30,23425.6,440025,1198425,56.8,1230150,1626300,278.9,969075,130800
10-02-2025 13:30,23425.6,443025,1192425,57.65,1237725,1629975,278.05,970500,124125
10-02-2025 13:30,23428.25,441600,1185825,57.55,1243050,1628400,278.45,967725,117600
10-02-2025 13:30,23428.6,443625,1176000,57.15,1241850,1631775,278.75,970050,118275
10-02-2025 13:30,23423.05,445275,1185000,57.45,1249050,1619625,278.9,969000,117600
10-02-2025 13:31,23426.6,442350,1187400,56.8,1239525,1623450,280.5,973500,116700
10-02-2025 13:31,23422,441450,1184925,56.5,1232250,1629450,282.15,973725,116025
10-02-2025 13:31,23424.9,433950,1181850,56,1240875,1624950,282.9,972750,115350
10-02-2025 13:31,23424.85,444450,1176975,57.15,1239300,1623000,280.5,973200,114075
10-02-2025 13:31,23423.8,442275,1181925,56,1238100,1627950,283,970425,113550
10-02-2025 13:31,23422,438975,1179300,55.95,1234650,1627200,284.35,972600,112950
10-02-2025 13:32,23422.95,439950,1184025,56.3,1235850,1628025,283.55,970200,116025
10-02-2025 13:32,23420,440550,1182075,56,1240200,1625550,285,970650,114300
10-02-2025 13:32,23417.3,440775,1176975,55.75,1235550,1633425,285.4,971100,114075
10-02-2025 13:32,23415,447600,1182900,55.55,1240350,1637475,285.75,970725,112350
10-02-2025 13:32,23418.8,439500,1182000,54.85,1233600,1640175,288,971025,111750
10-02-2025 13:32,23415.05,440775,1180650,54.5,1218375,1645125,288.4,969675,105675
10-02-2025 13:33,23417.15,437400,1178100,54.75,1221075,1646700,288.6,968925,105450
10-02-2025 13:33,23415.05,439650,1180875,54.65,1227675,1639125,289,970500,108000
10-02-2025 13:33,23415.85,441450,1182825,54.55,1223475,1639350,288.45,971250,106275
10-02-2025 13:33,23417.95,444150,1179600,54.95,1231350,1643475,286.9,971175,109575
10-02-2025 13:33,23415.8,439575,1180575,54,1231275,1640250,289.25,973050,109275
10-02-2025 13:33,23410.9,438225,1181625,53.15,1207500,1647375,292.85,972375,108900
10-02-2025 13:34,23400,430125,1191375,51.45,1202250,1650975,300.7,975000,104250
10-02-2025 13:34,23400.9,422100,1185300,51.1,1168350,1655025,302.15,974475,97725
10-02-2025 13:34,23394.05,412725,1188975,51.1,1144650,1650525,302.95,976725,89175
10-02-2025 13:34,23398,410925,1182150,51.45,1143225,1640475,300.2,966975,93000
10-02-2025 13:34,23397.4,410775,1192425,50.45,1147650,1655100,305.85,969075,90150
10-02-2025 13:34,23397.75,409125,1187175,50.6,1157475,1663350,304.1,970800,92625
10-02-2025 13:35,23400,409950,1186500,51.3,1160925,1656450,301,968625,90975
10-02-2025 13:35,23397,407775,1188750,51.25,1169025,1643700,301.7,969150,93450
10-02-2025 13:35,23397.55,414675,1188450,52,1177950,1645425,299.15,969750,95400
10-02-2025 13:35,23405,414750,1185600,52.05,1187175,1645725,298.45,967275,89550
10-02-2025 13:35,23403.9,414825,1188075,52.2,1188525,1647300,299.35,969450,90450
10-02-2025 13:35,23400,411900,1186050,52.2,1198800,1646100,298.8,969375,92175
10-02-2025 13:36,23400.1,413475,1189950,52.3,1199400,1644900,296.7,969975,95700
10-02-2025 13:36,23400,414150,1184850,51.95,1197150,1646700,299.5,971175,94350
10-02-2025 13:36,23404.9,414150,1184250,51.75,1195500,1658250,299.75,969675,93300
10-02-2025 13:36,23405,414975,1188525,51.9,1196100,1658250,297.05,968700,95025
10-02-2025 13:36,23404.95,413100,1184475,51.9,1193475,1658400,297.1,969450,94425
10-02-2025 13:36,23404.35,414000,1176300,51.35,1192200,1661925,300,970350,94200
10-02-2025 13:37,23404,417675,1177575,51.8,1188450,1667100,297.65,972525,95325
10-02-2025 13:37,23408.9,417975,1176675,52.3,1191675,1649250,294.3,967500,97050
10-02-2025 13:37,23409.05,419250,1171050,52.4,1198350,1654725,293.3,967800,97050
10-02-2025 13:37,23410,418125,1177725,52.55,1197000,1651875,293,968250,98250
10-02-2025 13:37,23413.5,417825,1175100,52.95,1204575,1644675,291.45,967725,99825
10-02-2025 13:37,23413.15,416625,1174800,52.65,1204500,1650450,292.85,966750,99675
10-02-2025 13:38,23414.8,417075,1178175,53.05,1211325,1655475,291.05,966000,102000
10-02-2025 13:38,23413.9,416850,1182825,52.85,1204425,1652400,291.65,967725,98775
10-02-2025 13:38,23413.5,416475,1181475,52.8,1203525,1653000,291.9,968025,102975
10-02-2025 13:38,23412.7,416025,1176525,52.7,1206975,1654950,292.65,968400,99975
10-02-2025 13:38,23409.85,416700,1183725,52.8,1207275,1661400,292.95,969900,100200
10-02-2025 13:38,23412.25,416400,1185450,52.65,1218525,1664850,292.4,972975,102975
10-02-2025 13:39,23411,414975,1180950,52.5,1219575,1662900,292.6,973725,102375
10-02-2025 13:39,23411.7,415800,1180350,52.8,1221150,1669650,292,974025,103200
10-02-2025 13:39,23412.4,417900,1178850,52.85,1226475,1658325,290.55,975450,100350
10-02-2025 13:39,23414.85,418350,1180350,52.95,1231875,1655625,289.6,972900,101025
10-02-2025 13:39,23414.55,418875,1179675,52.65,1223175,1657275,290.4,973575,98400
10-02-2025 13:39,23413.75,417975,1188900,52.55,1224750,1672575,290.7,975300,99000
10-02-2025 13:40,23413.85,417975,1184550,52.55,1217475,1674000,290.7,974625,98475
10-02-2025 13:40,23413.8,418200,1182000,52.5,1217100,1674525,290.9,974925,103275
10-02-2025 13:40,23411.3,418050,1182150,52.35,1217625,1670925,292.7,978750,101625
10-02-2025 13:40,23411.15,418500,1186650,52.35,1207200,1672275,290.7,979200,102300
10-02-2025 13:40,23405,416625,1189200,52.15,1206825,1668825,292.05,975450,105300
10-02-2025 13:40,23409.55,416625,1192425,52,1205925,1671000,293.35,977250,102150
10-02-2025 13:41,23412,419175,1183050,52.7,1215075,1668000,290.75,976650,101700
10-02-2025 13:41,23415,420600,1176525,53.4,1215675,1657350,287,973650,104775
10-02-2025 13:41,23415,420975,1189125,53,1215000,1653075,288.4,972750,105375
10-02-2025 13:41,23412.5,420150,1191375,52.65,1207200,1657950,289.45,973950,103650
10-02-2025 13:41,23414.15,419775,1185600,52.6,1206750,1658925,288,975375,104775
10-02-2025 13:41,23415.5,431025,1185525,53.3,1213500,1661325,287.35,971400,105000
10-02-2025 13:42,23416.55,426075,1182825,53.25,1217625,1660350,286.05,971850,105000
10-02-2025 13:42,23418.35,425250,1189575,53.45,1217100,1659450,286.2,971175,108450
10-02-2025 13:42,23418.75,424200,1183425,53.6,1216350,1646175,285.95,970575,105975
10-02-2025 13:42,23417.4,423675,1190475,53.15,1217700,1650900,287.3,973800,104925
10-02-2025 13:42,23411,426225,1189425,52.6,1223625,1653825,290.2,973650,106050
10-02-2025 13:42,23412,421050,1180725,52.6,1215600,1658025,293,973800,105750
10-02-2025 13:43,23412,421875,1182000,52.95,1218900,1656900,289.95,971700,105900
10-02-2025 13:43,23411,421875,1188300,52.9,1229475,1657650,290.4,972300,105750
10-02-2025 13:43,23415.55,423750,1177200,53,1231200,1653300,289.35,971775,104550
10-02-2025 13:43,23414.95,424350,1179000,53.45,1231875,1655925,286.8,971775,107850
10-02-2025 13:43,23414.95,424350,1180350,53.35,1233825,1657425,286.65,972075,109500
10-02-2025 13:43,23420,425325,1175700,54.15,1238700,1652625,283.65,971175,111825
10-02-2025 13:44,23420,423525,1177650,54.2,1236525,1650675,284.25,971625,107700
10-02-2025 13:44,23419.95,427125,1176075,54.75,1238550,1645500,282,971400,108900
10-02-2025 13:44,23421,429225,1170225,55.45,1246800,1638450,279.6,966000,109650
10-02-2025 13:44,23421.75,427125,1174650,55.6,1239975,1638300,281.85,967875,111525
10-02-2025 13:44,23421.75,430200,1170150,55.6,1239600,1627350,281.75,967950,109575
10-02-2025 13:44,23422,426900,1172550,55.55,1241100,1640025,282.95,969600,109425
10-02-2025 13:45,23423.7,425325,1172325,55.7,1252575,1641600,283.05,970275,109950
10-02-2025 13:45,23422,424350,1176375,55.15,1241175,1651125,285.2,971475,110475
10-02-2025 13:45,23424.9,428175,1173750,56.5,1247100,1643250,280,967950,113700
10-02-2025 13:45,23429,429000,1172250,56.7,1251150,1625175,280.75,964500,114525
10-02-2025 13:45,23426.9,425925,1174350,56.75,1248600,1624875,280.7,966825,116250
10-02-2025 13:45,23425,424800,1175400,56.3,1250850,1633500,281.8,967650,115800
10-02-2025 13:46,23423.7,426075,1177350,56.75,1254450,1634550,281.6,967950,114900
10-02-2025 13:46,23422,426225,1181850,56.2,1259250,1633575,282.8,967875,114900
10-02-2025 13:46,23421.5,425550,1182600,55.6,1252350,1645950,285,969525,117300
10-02-2025 13:46,23416.05,427125,1183500,55.65,1255275,1644750,285.75,971025,112500
10-02-2025 13:46,23418.5,429750,1176000,55.95,1262325,1638600,284.7,970575,112125
10-02-2025 13:46,23421.95,429150,1188900,55.65,1262175,1645725,286.3,973125,112575
10-02-2025 13:47,23416.15,428175,1188600,55.95,1269525,1648125,285.85,970950,114000
10-02-2025 13:47,23422.85,429750,1182450,56.15,1278825,1640925,284.8,970200,113250
10-02-2025 13:47,23419.3,431550,1176450,57.1,1291875,1638300,282.2,969450,115725
10-02-2025 13:47,23422.2,430050,1180425,57.6,1289025,1626675,281.7,968850,114150
10-02-2025 13:47,23426,430200,1177350,57.35,1281975,1628700,282.5,968700,115125
10-02-2025 13:47,0,0,0,57.8,1284000,1625625,281.1,969900,114750
10-02-2025 13:48,23426.1,431850,1187700,58,1284000,1612050,281.15,968625,114075
10-02-2025 13:48,23428.3,428400,1178625,58.35,1276500,1621425,278.4,967575,111675
10-02-2025 13:48,23428.25,430125,1172550,58.45,1282650,1609950,280.25,970875,114375
10-02-2025 13:48,23429.3,428250,1181250,58.5,1294050,1604925,279,970725,116025
10-02-2025 13:48,23426,427275,1174050,58.4,1291050,1613175,280.35,972750,117675
10-02-2025 13:48,23429.4,426825,1177650,59,1290750,1605975,279.3,972225,116700
10-02-2025 13:49,23432,427875,1178625,59.35,1289925,1592775,278.1,968025,117075
10-02-2025 13:49,23437.95,426825,1171200,60.45,1300575,1586175,275.65,967875,115800
10-02-2025 13:49,23436.3,426825,1182375,59.95,1299000,1579725,277,963750,114525
10-02-2025 13:49,23433.05,426375,1169775,59.25,1294500,1588950,278.8,965625,114375
10-02-2025 13:49,23430.85,429150,1172550,58.2,1284900,1605525,280.95,968925,114000
10-02-2025 13:49,23425,427950,1171725,57.55,1273650,1605225,282.5,968100,113250
10-02-2025 13:50,23434.15,433275,1171875,59.25,1290300,1589625,277.15,965475,116250
10-02-2025 13:50,23434.15,432075,1166550,60.05,1302150,1582650,277.45,963675,115800
10-02-2025 13:50,23431,429975,1171875,59.15,1295925,1587150,279.15,964725,117300
10-02-2025 13:50,23431,427875,1170150,59.4,1297350,1588950,278.85,965175,117225
10-02-2025 13:50,23430,431250,1169550,59.95,1300275,1599375,277.35,965625,120075
10-02-2025 13:50,23433,430500,1170525,59.6,1308525,1604925,279.35,968100,117225
10-02-2025 13:51,23435,429750,1169925,59.85,1311600,1604400,277,965775,123300
10-02-2025 13:51,23435,429825,1168875,61.35,1311975,1602750,274.8,963975,121350
10-02-2025 13:51,23437.9,430275,1168275,63.1,1315425,1585275,273.85,961500,115950
10-02-2025 13:51,23440,431475,1164150,65.35,1335375,1557450,272.05,959175,112500
10-02-2025 13:51,23455,436800,1147575,69.9,1332375,1504500,267.4,956250,115950
10-02-2025 13:51,23459.8,434100,1138350,71.4,1319475,1421250,264.25,951000,109950
10-02-2025 13:52,23449.95,416775,1141200,66.4,1295325,1439100,268.8,950850,107550
10-02-2025 13:52,23453.15,432375,1146900,67.7,1264950,1460925,268.15,949800,106275
10-02-2025 13:52,23452,431325,1152450,67.85,1278525,1461975,267.4,940800,107400
10-02-2025 13:52,23454.3,433125,1146075,68.55,1289400,1464225,265,941700,115800
10-02-2025 13:52,23450,428625,1149900,67,1290000,1471875,269.25,948225,116100
10-02-2025 13:52,23451.75,429375,1146750,67.35,1270125,1482450,269,952125,114150
10-02-2025 13:53,23450.3,430200,1152825,67.65,1260525,1477575,267.05,950475,111600
10-02-2025 13:53,23450.35,430575,1144500,66.45,1268475,1477575,268.2,950550,104325
10-02-2025 13:53,23448.95,431475,1146075,66.85,1269900,1481625,266.7,950625,105300
10-02-2025 13:53,23450.5,432225,1153875,66.1,1268550,1482675,267.6,952650,106650
10-02-2025 13:53,23445.1,428625,1154850,63.95,1260450,1493100,270,954000,109425
10-02-2025 13:53,23440,422700,1151175,63.95,1229475,1491225,271,955650,110400
10-02-2025 13:54,23440.5,431100,1148475,65,1226550,1495425,270.15,953550,112275
10-02-2025 13:54,23445.05,426825,1148100,64.15,1231050,1503450,271.7,955050,113775
10-02-2025 13:54,23444.5,429300,1152075,65.3,1241475,1503300,269.95,954975,113325
10-02-2025 13:54,23445,428850,1149000,65.05,1246725,1505550,270.75,957075,113475
10-02-2025 13:54,23445,429375,1146675,64.9,1258800,1507875,269.75,957825,116550
10-02-2025 13:54,23445,428250,1148475,64.5,1256700,1513200,270.6,959550,115725
10-02-2025 13:55,23440,431250,1150575,63.75,1264650,1511325,271.8,960075,117300
10-02-2025 13:55,23441.35,429150,1150875,63.4,1264200,1528350,273.6,962250,115800
10-02-2025 13:55,23440,429600,1151775,63.25,1272075,1518150,273.3,958800,112275
10-02-2025 13:55,23440,428550,1160325,62.9,1270875,1530000,273.6,958200,113475
10-02-2025 13:55,23438.95,428475,1159725,62,1249800,1534350,276.45,959550,113250
10-02-2025 13:55,23435,427800,1163025,61.7,1250850,1532025,277.85,959925,109425
10-02-2025 13:56,23435.5,429000,1156125,61.65,1223850,1536300,275.6,959325,109950
10-02-2025 13:56,23436.75,431175,1152225,62.65,1236150,1529700,274.15,957150,114450
10-02-2025 13:56,23440.05,432600,1152375,63.35,1237650,1525125,271.85,957225,113325
10-02-2025 13:56,23441.25,433350,1151400,64.25,1249650,1521675,269.35,950925,114375
10-02-2025 13:56,23442.85,431100,1155150,63.6,1251000,1525050,273.3,951750,114825
10-02-2025 13:56,23443.85,433725,1152075,64.45,1252125,1527000,271.1,954825,114450
10-02-2025 13:57,23443.85,433650,1152525,65.1,1258125,1516725,272.2,952650,113550
10-02-2025 13:57,23442.3,431700,1155525,64.95,1257225,1520025,272.6,954975,116625
10-02-2025 13:57,23440.05,431175,1153875,63.8,1253775,1529250,274.65,955575,112500
10-02-2025 13:57,23438.35,432600,1153650,63.45,1255650,1535850,274.7,955725,117075
10-02-2025 13:57,23443.05,438525,1154400,63.8,1260600,1535925,274.55,956175,115650
10-02-2025 13:57,23438.05,436500,1155300,63.8,1267125,1539900,273.4,955275,117600
10-02-2025 13:58,23441.25,437625,1153950,64,1272750,1543275,272.95,957975,119250
10-02-2025 13:58,23443,440925,1153725,63.95,1281150,1540725,272.25,955950,118950
10-02-2025 13:58,23441.55,437475,1153875,64.5,1281825,1542375,271.7,956775,120075
10-02-2025 13:58,23441.55,435675,1154025,64.1,1281900,1548150,273.05,959625,119250
10-02-2025 13:58,23441.55,436575,1155150,63.4,1276725,1553550,273.9,958875,117975
10-02-2025 13:58,23439.3,436200,1154625,62.7,1265925,1554150,274.7,960225,119325
10-02-2025 13:59,23430.35,435300,1160025,61.35,1262400,1559550,277.35,957825,117075
10-02-2025 13:59,23435.95,439425,1158525,61.95,1251000,1553250,276.55,958425,116100
10-02-2025 13:59,23435.95,439350,1158000,62.35,1258575,1551600,275.05,960375,115650
10-02-2025 13:59,23439.95,440700,1157025,62.9,1273425,1548825,275,958500,115500
10-02-2025 13:59,23440,440325,1157100,63.3,1287375,1557150,272.5,954600,117975
10-02-2025 13:59,23439.25,444225,1155450,64.1,1282200,1559025,272.35,955200,117225
10-02-2025 14:00,23441,439425,1156875,63.3,1277100,1551675,274.2,966000,117675
10-02-2025 14:00,23440,439200,1156725,62,1271550,1562850,273,966825,117825
10-02-2025 14:00,23442.6,444075,1153800,63.2,1273500,1561125,274.25,956325,118725
10-02-2025 14:00,23441.9,444750,1155300,63.35,1271700,1563450,272,956925,116475
10-02-2025 14:00,23441.9,443850,1152600,63.25,1276950,1561425,273.4,958425,117375
10-02-2025 14:00,23440.9,443625,1153575,63.5,1274100,1555200,275,959475,117675
10-02-2025 14:01,23438,442125,1155525,63,1274700,1559400,274.7,958875,116100
10-02-2025 14:01,23438.05,440400,1153125,62.85,1282050,1563075,273.6,961650,117300
10-02-2025 14:01,23438.1,440925,1152975,62.4,1281825,1564425,275.3,962925,117150
10-02-2025 14:01,23438,439800,1152675,62.05,1262325,1569600,275.3,963225,115950
10-02-2025 14:01,23438.95,440775,1155000,62.05,1265025,1570350,275.25,963900,115875
10-02-2025 14:01,23436.65,441150,1154250,61.8,1263525,1570800,276,963900,117525
10-02-2025 14:02,23436.65,441075,1156275,61.85,1264050,1569150,275.5,963300,115125
10-02-2025 14:02,23435.95,440925,1156275,60.4,1264650,1574100,278,962475,115500
10-02-2025 14:02,23435.95,439650,1156800,61.25,1263000,1571475,276.7,963975,113250
10-02-2025 14:02,23435,441900,1156125,61.15,1264650,1568100,277.4,965100,114450
10-02-2025 14:02,23437.15,439350,1155600,61.2,1287825,1562625,276.7,962925,114975
10-02-2025 14:02,23435,437325,1156275,61.35,1293075,1558350,276.35,962775,115725
10-02-2025 14:03,23432,434925,1155375,60.2,1286625,1568700,278.7,959775,112350
10-02-2025 14:03,23436.2,439650,1152600,61.25,1263225,1559400,275.8,959400,109875
10-02-2025 14:03,23432.1,438075,1153275,61.05,1269300,1557150,276,961800,109575
10-02-2025 14:03,23432.25,436500,1154400,60.5,1281825,1566225,276.05,965250,110400
10-02-2025 14:03,23434.95,437625,1154025,60.6,1284000,1568400,277.25,963900,105600
10-02-2025 14:03,23432.25,438900,1157850,60.1,1277625,1574625,278.95,966675,106950
10-02-2025 14:04,23425.05,438750,1160925,58.35,1268100,1574700,280.95,969750,107400
10-02-2025 14:04,23425.15,437100,1158225,58.3,1240950,1575975,281.15,968625,104925
10-02-2025 14:04,23420.2,431625,1160100,57.65,1244175,1570425,283.35,971025,104025
10-02-2025 14:04,23424.25,440025,1161300,58,1243425,1575450,284.3,975075,101850
10-02-2025 14:04,23427.7,438525,1158225,58.5,1264800,1564275,282.75,973125,102225
10-02-2025 14:04,23424.6,438825,1163025,58.25,1260975,1579350,283.2,971400,103725
10-02-2025 14:05,23422.2,437325,1165125,57.45,1250475,1593450,285.15,972525,101475
10-02-2025 14:05,23420,440100,1163550,57.3,1237275,1594050,285.95,972150,97200
10-02-2025 14:05,23418.95,438300,1157850,57.95,1245600,1589100,283,960150,98475
10-02-2025 14:05,23427.05,438375,1156125,58.8,1255875,1580700,281.05,958200,100575
10-02-2025 14:05,23421.35,436800,1160550,58.55,1252500,1571775,281.95,954825,101025
10-02-2025 14:05,23422.2,436200,1165425,58.2,1240875,1574775,281.8,956550,99825
10-02-2025 14:06,23422.5,436050,1155225,58.75,1249350,1576050,280.5,954750,105075
10-02-2025 14:06,23427.45,434625,1154850,59.05,1249125,1569900,278.9,951975,103500
10-02-2025 14:06,23429.85,434400,1154025,59.25,1268175,1572150,277.55,950475,102300
10-02-2025 14:06,23431.85,434250,1153125,59.7,1270500,1570050,277.5,948225,103200
10-02-2025 14:06,23429.85,433425,1161750,58.8,1266450,1596900,281,951375,102825
10-02-2025 14:06,23420.95,429900,1166925,56.85,1242675,1600500,285.3,950550,103425
10-02-2025 14:07,23422.25,434175,1160550,57.3,1240425,1602300,284.65,954450,97725
10-02-2025 14:07,23422.1,438000,1156875,58,1262700,1598325,282.6,950550,100800
10-02-2025 14:07,23421.8,435975,1157100,58.35,1273575,1596150,279.4,950925,101025
10-02-2025 14:07,23424.75,436800,1161825,58.05,1274475,1600050,281.9,948975,101550
10-02-2025 14:07,23420.3,434775,1163775,57.2,1263900,1606275,283.45,948525,102675
10-02-2025 14:07,23420,430275,1164300,56.05,1250925,1607550,285.95,949725,102900
10-02-2025 14:08,23420,433500,1162500,56.45,1233075,1606725,285.15,949875,100125
10-02-2025 14:08,23423.05,433725,1159125,56.65,1243425,1599750,284.15,950850,99075
10-02-2025 14:08,23423.55,433800,1165125,56.65,1232475,1603725,283.8,951975,98700
10-02-2025 14:08,23424.25,433350,1167150,56.1,1233225,1605450,285.1,953775,97950
10-02-2025 14:08,0,0,0,55.7,1232025,1609500,286.5,953475,96525
10-02-2025 14:08,23419.4,430650,1168050,55.95,1231725,1618200,287.6,954450,96375
10-02-2025 14:09,23419.95,434325,1160400,56.4,1217700,1590000,285.5,952800,98925
10-02-2025 14:09,23415.4,432525,1160475,56.45,1224450,1592100,286.35,954000,96300
10-02-2025 14:09,23416.9,433425,1169400,56.95,1227675,1594425,285.1,957000,95700
10-02-2025 14:09,23422.95,434850,1160400,57.05,1232925,1593075,284.7,951825,97800
10-02-2025 14:09,23418.75,435525,1163700,57.15,1241925,1591800,284,952125,97875
10-02-2025 14:09,23418.75,434400,1163175,56.25,1233300,1597725,287.1,954600,97200
10-02-2025 14:10,23422.95,438675,1156875,57.1,1240050,1595400,284.15,955050,98025
10-02-2025 14:10,23419.6,438375,1161975,56.1,1242375,1601550,286.45,954375,98700
10-02-2025 14:10,23418.85,436875,1158375,57,1251000,1587600,285.3,953100,98550
10-02-2025 14:10,23418.85,436425,1158675,57.3,1253100,1592400,284,954375,100275
10-02-2025 14:10,0,0,0,57,1255125,1596300,284,952650,101925
10-02-2025 14:10,23425.7,436800,1158375,57.8,1259550,1600725,281.8,952125,102900
10-02-2025 14:11,23427.95,434625,1155750,58.05,1262250,1586625,281.15,949725,103875
10-02-2025 14:11,23425.15,436950,1162875,57.5,1261050,1599450,283.4,951900,103125
10-02-2025 14:11,23420,432975,1161525,57,1260150,1604775,284.4,952875,102600
10-02-2025 14:11,23419,431175,1160025,56.6,1250325,1611525,286,954300,100950
10-02-2025 14:11,23423.25,437175,1159950,56.6,1257300,1618050,285.05,953700,99075
10-02-2025 14:11,23420.8,432525,1161000,56.2,1253025,1618650,288.4,953850,100800
10-02-2025 14:12,23420.5,433650,1161450,56.25,1258650,1617675,287,953475,96300
10-02-2025 14:12,23420.5,434550,1160025,56.3,1258875,1622025,287.15,953850,94425
10-02-2025 14:12,23420.5,432075,1160625,56.55,1261350,1624125,286.05,954675,95625
10-02-2025 14:12,23419.6,430050,1162050,55.95,1263225,1630350,289,952875,96600
10-02-2025 14:12,23419.6,433875,1158825,56.5,1281825,1623900,286.6,954600,96750
10-02-2025 14:12,23417,434025,1163850,54.9,1278000,1632825,291.5,954375,96450
10-02-2025 14:13,23414,429375,1160475,54.65,1245225,1643025,292.35,956100,95775
10-02-2025 14:13,23414,421950,1155150,55.4,1246800,1637700,291.35,957150,93450
10-02-2025 14:13,23417.7,426825,1156875,55.7,1244100,1646025,289.05,955275,97125
10-02-2025 14:13,23417.7,419925,1158600,55.6,1244700,1647450,290.15,953700,97575
10-02-2025 14:13,23417,430125,1157325,55.55,1251525,1648500,290.4,953850,100350
10-02-2025 14:13,23410,428775,1158600,55,1240275,1655925,292,956250,98475
10-02-2025 14:14,23410,432225,1156950,54.65,1241325,1661100,292.65,956325,95250
10-02-2025 14:14,23410,427275,1159500,54.1,1242900,1671600,293.95,954525,94950
10-02-2025 14:14,23410.05,426225,1160850,54.55,1217400,1666200,294.55,954525,91950
10-02-2025 14:14,23410.15,426825,1158000,54.25,1229625,1656375,295.9,953550,90750
10-02-2025 14:14,23407.3,432675,1156950,54.6,1236825,1650375,294.9,950250,91650
10-02-2025 14:14,23409.4,429075,1157325,54.8,1242450,1651800,295,950100,89025
10-02-2025 14:15,23412.75,431625,1155975,54.85,1243050,1647375,294.05,951825,92250
10-02-2025 14:15,23409.95,436350,1155750,55.75,1239525,1638750,291.2,951075,94650
10-02-2025 14:15,23413.7,432300,1157700,54.8,1231800,1650000,294,951600,94575
10-02-2025 14:15,23412.85,432600,1159725,54.9,1230825,1665150,294,952575,94425
10-02-2025 14:15,23412.25,427575,1159575,54.35,1235400,1666875,294.15,952425,97125
10-02-2025 14:15,23411,430950,1157925,54.85,1236675,1674450,294.3,953175,96450
10-02-2025 14:16,23412.85,432150,1155300,55.45,1256700,1660800,290.55,951750,97725
10-02-2025 14:16,23413,432225,1154775,55.35,1256550,1665150,290.1,950700,99825
10-02-2025 14:16,23413,430500,1157550,54.95,1250175,1672950,292.15,954825,97500
10-02-2025 14:16,23415.65,431175,1159500,55.15,1253100,1665300,290.8,952125,99000
10-02-2025 14:16,23412.75,433950,1156575,55.45,1254675,1666425,289.8,953775,100275
10-02-2025 14:16,23416,433575,1154100,55.6,1262025,1659150,288,952200,98700
10-02-2025 14:17,23416.55,434100,1154625,55.45,1260825,1663575,290,953550,98250
10-02-2025 14:17,23414.8,432075,1156875,55,1248975,1682625,292.05,954000,97725
10-02-2025 14:17,23411.65,433425,1156275,55.3,1259250,1668975,290.2,954900,98550
10-02-2025 14:17,0,0,0,55,1252125,1680450,291.35,961350,99000
10-02-2025 14:17,23413.8,436125,1155450,55.1,1250775,1673175,290.25,952200,98100
10-02-2025 14:17,23412.2,434175,1158600,54.75,1251900,1683975,292.75,952950,97725
10-02-2025 14:18,23409,433875,1157250,54.5,1239825,1682700,293.95,960225,98925
10-02-2025 14:18,23409.75,434475,1156125,54.85,1249650,1681500,292.5,958650,100125
10-02-2025 14:18,23409.95,435975,1156425,54.7,1250250,1677675,292.5,952725,96750
10-02-2025 14:18,23409,435375,1156575,55.15,1254525,1675350,291.85,951750,98925
10-02-2025 14:18,23412,438675,1155600,55.45,1266600,1669950,290,950175,100125
10-02-2025 14:18,23413.9,437550,1157700,55.25,1256700,1670625,290,962025,99600
10-02-2025 14:19,23413.45,437325,1155150,56.05,1262625,1667625,286.3,950250,100200
10-02-2025 14:19,23417,436500,1159275,55.95,1249125,1661250,288.35,949725,102150
10-02-2025 14:19,23415,434925,1158075,55.9,1239375,1663575,288.55,951150,100500
10-02-2025 14:19,23417.5,434400,1159800,55.45,1240575,1671675,290.35,954450,100050
10-02-2025 14:19,23416.4,431775,1161750,55.5,1242225,1676850,291.35,950025,99750
10-02-2025 14:19,23414.6,430350,1162350,54.9,1239450,1682400,292.85,949125,108675
10-02-2025 14:20,23409.2,431625,1159950,55.3,1234275,1681800,291.85,949200,108300
10-02-2025 14:20,23410.05,439425,1158525,55.4,1244925,1661850,290.7,954600,107175
10-02-2025 14:20,23411,435375,1162425,55.05,1238250,1670850,291.3,955950,97725
10-02-2025 14:20,23414.3,434175,1160550,55.3,1245225,1670925,290.8,956925,98925
10-02-2025 14:20,23408.5,432975,1160100,55.15,1250775,1668075,290.65,956250,98925
10-02-2025 14:20,23408.1,432825,1161975,55.4,1268025,1664100,291,948825,101700
10-02-2025 14:21,23412.7,434100,1161525,55,1249725,1674375,292,949725,98700
10-02-2025 14:21,23407,432300,1159200,54.35,1252050,1677450,294,951600,96075
10-02-2025 14:21,23403.8,429000,1160850,53.7,1239975,1673925,297.4,952275,90975
10-02-2025 14:21,23404,436200,1155525,54,1226775,1677525,295.25,951675,94950
10-02-2025 14:21,23408.35,431325,1157400,54.1,1249800,1686000,296.45,948900,95250
10-02-2025 14:21,23405,427275,1159500,53.65,1265100,1691100,297.5,949725,94950
10-02-2025 14:22,23405,426300,1157700,53.8,1258725,1692975,297.85,876000,98400
10-02-2025 14:22,23403,425775,1160625,53.05,1256475,1696125,299.9,875700,96150
10-02-2025 14:22,23402,427425,1160100,53.65,1244175,1698225,297.55,876975,90075
10-02-2025 14:22,23404.8,428400,1156125,53.9,1258800,1694775,294.1,877650,90075
10-02-2025 14:22,23405,432525,1162575,53.65,1252125,1694100,294.75,873600,91425
10-02-2025 14:22,23405,424275,1159875,53.25,1252800,1697025,298,875850,91425
10-02-2025 14:23,23404.5,422175,1164075,52.75,1232400,1713975,299.4,878025,89850
10-02-2025 14:23,23404.5,422700,1161600,52.8,1263225,1709250,299.1,877050,89775
10-02-2025 14:23,23404.5,423075,1157850,52.95,1270650,1704750,299.05,878400,89850
10-02-2025 14:23,23401,423375,1162875,52.65,1262775,1715100,299.5,879450,87825
10-02-2025 14:23,23398.15,418725,1167225,52.05,1267575,1717425,303.95,880950,87000
10-02-2025 14:23,23393.35,413475,1160250,52.1,1256925,1708350,302.75,880950,82575
10-02-2025 14:24,23395.35,415275,1162050,52.7,1268100,1705050,299.8,879525,84750
10-02-2025 14:24,23402.95,414225,1158900,53.25,1282950,1704525,299,877650,84600
10-02-2025 14:24,23401.1,416625,1161300,53.15,1289025,1704450,299,877500,87750
10-02-2025 14:24,23403,416100,1162200,53.8,1282350,1730175,297,879600,89700
10-02-2025 14:24,23403,415575,1160550,53.75,1293825,1709625,294.25,876075,92325
10-02-2025 14:24,23408,419175,1164300,53.85,1289175,1701000,294.05,873675,96900
10-02-2025 14:25,23405,418125,1161450,54.4,1286925,1698975,292.8,874725,93675
10-02-2025 14:25,23405.5,416775,1157400,54.7,1303500,1696425,293.05,872100,93375
10-02-2025 14:25,23409.85,418350,1162125,54.25,1296000,1716675,294.8,871350,92400
10-02-2025 14:25,23405,418275,1160025,54.45,1286175,1725075,294.2,872925,92100
10-02-2025 14:25,23406.3,424125,1158975,54.9,1279725,1711275,292.3,873750,91725
10-02-2025 14:25,23406.5,419700,1155525,54.7,1286100,1702950,293.7,874350,90525
10-02-2025 14:26,23405.2,419925,1155975,54.9,1278300,1703250,294.35,873525,91650
10-02-2025 14:26,23404.9,420150,1160625,54.85,1275900,1707225,294.25,874275,91425
10-02-2025 14:26,23408.95,421275,1155150,55.2,1279725,1710000,293.2,873750,91800
10-02-2025 14:26,23409,419700,1153200,54.85,1275750,1721400,294.45,873300,90975
10-02-2025 14:26,23409.85,422700,1153500,54.95,1275750,1723125,293.3,874650,91200
10-02-2025 14:26,23409.85,420675,1150875,55.1,1283025,1700325,292.4,872550,93300
10-02-2025 14:27,23409.85,423750,1150350,55.1,1289700,1699725,291.65,876750,96975
10-02-2025 14:27,23414.45,422025,1145175,56.1,1278675,1698675,288.55,871350,98625
10-02-2025 14:27,23415,421275,1149600,55.85,1276500,1694175,290,871275,97275
10-02-2025 14:27,23414.45,419625,1155150,56.25,1288575,1716300,289.6,870600,97125
10-02-2025 14:27,23412,421875,1146750,56.2,1291050,1694025,289.9,870225,95700
10-02-2025 14:27,23410.25,420525,1146300,55.85,1287000,1700850,290.3,869625,94275
10-02-2025 14:28,23411.15,423675,1148175,55.6,1280775,1723650,290.8,870750,92400
10-02-2025 14:28,23411.15,428100,1146750,55.85,1290150,1702425,290.7,871050,95100
10-02-2025 14:28,23411.65,428850,1146375,55.65,1285125,1717050,292.1,871575,94050
10-02-2025 14:28,23411.7,430200,1146750,55.7,1281600,1724250,290,871125,94125
10-02-2025 14:28,23412,427950,1147275,55.4,1287975,1719150,290.5,873375,94650
10-02-2025 14:28,23412,427950,1146450,55.75,1276125,1734150,288.65,873225,95400
10-02-2025 14:29,23412.9,429075,1146075,56.4,1291275,1707375,287.3,871425,95400
10-02-2025 14:29,23414,430575,1145850,56.05,1289100,1712400,287.8,870075,94950
10-02-2025 14:29,23415,432075,1145775,56.3,1290825,1708650,286.7,869475,94575
10-02-2025 14:29,23415,430500,1145400,56.35,1295325,1709475,286.35,870975,96075
10-02-2025 14:29,23416.8,431325,1145325,56.5,1302075,1701000,283.95,868950,97800
10-02-2025 14:29,23420,430950,1146150,56.8,1310100,1692600,282.9,868425,94650
10-02-2025 14:30,23422.7,433200,1150050,56.9,1308075,1690125,284.9,869175,93825
10-02-2025 14:30,23422.7,432450,1146750,57.85,1319175,1690800,280.55,870825,95775
10-02-2025 14:30,23424.6,435075,1141350,58.7,1321350,1677450,278.1,869475,92850
10-02-2025 14:30,23428.9,434100,1142100,59.35,1311000,1686375,276.85,866025,93000
10-02-2025 14:30,23429.9,435825,1143300,58.55,1318875,1673925,279.55,865575,93450
10-02-2025 14:30,23429,432675,1140900,58.9,1300725,1677600,277.7,871575,93750
10-02-2025 14:31,23431.95,435975,1139775,60.25,1305075,1669650,273.2,866475,94650
10-02-2025 14:31,23433.95,433200,1139775,59.65,1299825,1659075,274.75,868050,94350
10-02-2025 14:31,23436.55,434550,1140375,59.2,1297575,1659600,275.65,869625,95325
10-02-2025 14:31,23432.1,431700,1144650,58.35,1288575,1679550,278.2,871650,94725
10-02-2025 14:31,23434.7,431700,1138800,58.95,1279425,1673775,276.75,871725,95250
10-02-2025 14:31,23435.95,433950,1139775,59.25,1292850,1669425,275.95,871425,95550
10-02-2025 14:32,23435.9,435450,1139550,59.5,1291125,1665450,275.2,871275,93450
10-02-2025 14:32,23435.75,434700,1139850,59,1281900,1688700,276.3,871650,95250
10-02-2025 14:32,23434.15,439800,1141275,59.1,1269225,1693200,276.7,872625,101550
10-02-2025 14:32,23431.1,436125,1140675,59.45,1279125,1684500,275,872700,102525
10-02-2025 14:32,23431,434175,1141425,58.8,1276350,1694175,276.85,872775,102225
10-02-2025 14:32,23429,436275,1146150,58.45,1261875,1708125,277.15,875475,99525
10-02-2025 14:33,23433,437100,1144650,58.9,1270575,1701450,277.15,875325,101700
10-02-2025 14:33,23433,436500,1146825,58.8,1273275,1699725,277.2,876375,105075
10-02-2025 14:33,23433.05,432900,1144800,59.25,1269825,1710750,276,878100,101850
10-02-2025 14:33,23433.25,435150,1142100,60.2,1283475,1697550,272.65,875025,103275
10-02-2025 14:33,23439,437700,1141350,61.2,1284150,1662900,269,870225,101100
10-02-2025 14:33,23437,434475,1141125,59.4,1275300,1686375,273,869475,101400
10-02-2025 14:34,23438.6,434775,1143300,59.55,1255500,1691025,273.65,872325,102825
10-02-2025 14:34,23436.3,434025,1143225,58.85,1267650,1707900,275.05,875025,101175
10-02-2025 14:34,23436.2,434550,1143375,59.45,1276575,1705950,273.85,873300,99300
10-02-2025 14:34,23431.1,435375,1145400,59,1284675,1698975,275.5,873900,98850
10-02-2025 14:34,23431.1,435075,1143225,59.4,1295775,1699050,274.3,875475,99600
10-02-2025 14:34,23431,431475,1143000,58.85,1292775,1709925,275.25,874725,100575
10-02-2025 14:35,23433,434025,1142325,59.9,1293300,1705350,272.45,874275,103200
10-02-2025 14:35,23433.9,436800,1142550,60.2,1297800,1693950,271.85,872625,102600
10-02-2025 14:35,23434.8,435150,1142775,60.15,1275300,1695075,272,870975,101400
10-02-2025 14:35,23441,438825,1140600,61.7,1281825,1692225,267.6,868950,102900
10-02-2025 14:35,23442,435000,1139025,60.85,1287525,1675050,269.2,872700,100950
10-02-2025 14:35,23441.7,434025,1144125,60.85,1266150,1679100,270.5,874875,100050
10-02-2025 14:36,23439.3,433575,1145400,59.9,1264425,1687425,272.2,873075,97725
10-02-2025 14:36,23431.2,435150,1150650,59.45,1262550,1693125,273.8,877875,97875
10-02-2025 14:36,23437.9,436050,1144950,60.65,1265850,1698750,271.25,873300,100800
10-02-2025 14:36,23435,436725,1148850,60.15,1265625,1701600,271.5,874650,101325
10-02-2025 14:36,23439,435300,1147575,59.5,1257525,1713900,272.1,878400,99750
10-02-2025 14:36,23440,434325,1142775,60.25,1254600,1718700,272.85,878775,101925
10-02-2025 14:37,23435,437775,1148400,60.6,1258875,1715550,270.9,878025,100725
10-02-2025 14:37,23436,438525,1143300,60.55,1279500,1710225,270,878325,99075
10-02-2025 14:37,23439.9,436650,1143075,60.9,1280925,1708875,269.8,872400,97800
10-02-2025 14:37,23441.2,440625,1140900,62.15,1283475,1704975,267.25,872175,98700
10-02-2025 14:37,23442,437400,1141950,62.05,1270500,1696125,267.85,873375,97875
10-02-2025 14:37,23441,438975,1142025,61.7,1267950,1688400,265.1,871875,100275
10-02-2025 14:38,23446,444300,1140375,63,1292175,1687800,264,866550,96225
10-02-2025 14:38,23446.85,440175,1139400,62.9,1291575,1663950,264.55,868425,97050
10-02-2025 14:38,23442.5,443100,1140375,62.6,1288050,1671225,265,868875,94950
10-02-2025 14:38,23446.85,445050,1140975,62.5,1293000,1678650,265.7,872325,96600
10-02-2025 14:38,23446,445125,1139625,63,1309275,1671600,262.85,869850,96300
10-02-2025 14:38,23446.7,437850,1137150,63.05,1311825,1669350,262.85,866400,99300
10-02-2025 14:39,23447.55,437550,1137525,62.9,1304175,1670025,263.8,866850,99300
10-02-2025 14:39,23449.8,438225,1137075,62.4,1293600,1676325,264.45,867750,98550
10-02-2025 14:39,23449,438225,1137375,62.5,1298175,1683225,262.55,868950,101625
10-02-2025 14:39,23449.95,439275,1138500,63,1317900,1669200,261.75,869325,100275
10-02-2025 14:39,23449.05,440025,1138050,63.5,1320300,1669650,262,867150,102075
10-02-2025 14:39,23450,438825,1137600,62.95,1309800,1671075,262.15,866550,99750
10-02-2025 14:40,23450,436800,1138800,63.2,1300275,1668225,261.6,865125,101550
10-02-2025 14:40,23455.8,440100,1124625,66.85,1322175,1669500,253.85,863250,101550
10-02-2025 14:40,23460,437175,1131150,65.85,1323825,1590300,256.25,864300,98025
10-02-2025 14:40,23460,440625,1130175,66.55,1298850,1604850,252.95,864675,104775
10-02-2025 14:40,23465.4,442500,1128450,70.2,1319550,1577850,249.9,853875,117150
10-02-2025 14:40,23466.95,446100,1116900,70.65,1308975,1522575,248.95,852375,115350
10-02-2025 14:41,23463.5,435225,1115700,67.2,1309800,1519800,254.05,858000,116700
10-02-2025 14:41,23459.9,439650,1126950,66.55,1273200,1562250,255.4,862275,118050
10-02-2025 14:41,23455,437475,1122750,65.9,1275975,1571625,256.75,864750,119250
10-02-2025 14:41,23456.7,442200,1121100,67.2,1287225,1572600,254.6,864975,121500
10-02-2025 14:41,23456.55,438150,1122375,66.5,1295775,1570950,254.45,865425,125250
10-02-2025 14:41,23457.9,446400,1122300,67.3,1287600,1585950,247.25,864450,125025
10-02-2025 14:42,23467.1,446175,1124400,67.6,1302375,1571175,252,863700,124275
10-02-2025 14:42,23459.95,442725,1124325,66.25,1313925,1590450,254.05,866475,125625
10-02-2025 14:42,23459,447450,1125900,66.35,1324125,1587150,254.2,868425,126825
10-02-2025 14:42,23459.8,444750,1129125,64.8,1336800,1588875,256.6,872025,125475
10-02-2025 14:42,23453,437550,1131225,64.2,1308525,1589775,257.4,871350,124425
10-02-2025 14:42,23456,440550,1131225,64.7,1321875,1588425,255.85,871875,126750
10-02-2025 14:43,23460,441825,1128975,66.05,1306275,1579575,254.3,867225,127800
10-02-2025 14:43,23460,438300,1130400,64.85,1296600,1578900,256.05,868650,118725
10-02-2025 14:43,23459.95,442800,1130100,64.9,1323450,1582275,255.6,869400,119325
10-02-2025 14:43,23456.95,441150,1131675,65.8,1321800,1591425,254.3,870525,118425
10-02-2025 14:43,23459.95,442125,1129425,65.35,1323225,1595175,255.3,870525,109800
10-02-2025 14:43,23456.3,445125,1131450,66.15,1334325,1597575,254.2,869925,118050
10-02-2025 14:44,23455.05,441300,1132125,66,1339575,1586625,255.25,871875,122250
10-02-2025 14:44,23455.05,438975,1133400,65.65,1323600,1600050,255.3,872700,119625
10-02-2025 14:44,23451.65,439650,1134375,65.15,1335975,1597275,256.7,873525,119475
10-02-2025 14:44,23458.35,441975,1134150,65.2,1320000,1594725,256.8,872100,118500
10-02-2025 14:44,23454.65,439950,1134000,64.55,1327650,1598550,258.1,872700,121050
10-02-2025 14:44,23458.75,444000,1133400,65.55,1323375,1608525,255.55,875250,118275
10-02-2025 14:45,23459.95,443700,1132425,66.45,1323525,1596075,255,873900,119025
10-02-2025 14:45,23458.85,444900,1134225,66.95,1335300,1590075,255,874050,122175
10-02-2025 14:45,23460,447750,1136625,66.65,1338300,1573125,255.9,869025,122625
10-02-2025 14:45,23458,447825,1132950,67.65,1331925,1581150,255,869550,121875
10-02-2025 14:45,23455.2,445500,1136775,66.65,1329975,1613400,256,869100,122400
10-02-2025 14:45,23454,436950,1136175,64.95,1318800,1613325,259.3,867600,122025
10-02-2025 14:46,23453.25,442575,1137450,64.55,1308675,1608600,259.7,868350,116550
10-02-2025 14:46,23448.15,444825,1138650,64.5,1298700,1622775,260.55,868200,116925
10-02-2025 14:46,23450,447375,1136025,65.45,1303200,1605075,259.35,865950,105825
10-02-2025 14:46,23447.05,444675,1138050,64.05,1306125,1623975,262,869850,106725
10-02-2025 14:46,23448,446400,1136925,64.65,1297575,1619700,261.15,870150,109350
10-02-2025 14:46,23447.2,440700,1138275,63.75,1286250,1629225,262.05,870750,108675
10-02-2025 14:47,23447.2,443850,1134600,63,1285350,1630050,262.1,870150,111825
10-02-2025 14:47,23443.9,442950,1134600,63.15,1275225,1632225,263.4,871950,107850
10-02-2025 14:47,23446.3,443400,1130625,65,1289775,1599525,261.05,867450,109575
10-02-2025 14:47,23455,445650,1127250,66.8,1307550,1577925,257,866925,113475
10-02-2025 14:47,23454.1,444375,1129800,66.85,1289400,1576200,256.8,865725,113250
10-02-2025 14:47,23459,447600,1132350,67.75,1289850,1573575,254.6,863100,111675
10-02-2025 14:48,23456.5,452250,1135800,67.35,1289700,1590375,255.5,864300,112350
10-02-2025 14:48,23453.1,449775,1134000,66.2,1289325,1597875,256.85,867675,112800
10-02-2025 14:48,23456.9,450300,1131300,66.95,1284375,1589925,255.5,869175,112875
10-02-2025 14:48,23459,448575,1130850,68.3,1295850,1585800,251.95,866175,115050
10-02-2025 14:48,23462.45,449100,1130100,69.45,1303200,1599675,249,864000,112650
10-02-2025 14:48,23465.95,448050,1131225,68.1,1303500,1577175,251.75,860475,109275
10-02-2025 14:49,23460,446325,1138500,66.85,1284450,1583475,253.6,865200,110850
10-02-2025 14:49,23458,446250,1142325,66.45,1281300,1585350,255,867525,110025
10-02-2025 14:49,23460,445500,1130400,66.75,1294725,1580550,254.3,866700,111900
10-02-2025 14:49,23455.05,449550,1131000,66.8,1300200,1578000,253.95,869475,112875
10-02-2025 14:49,23457.85,451050,1130025,67.15,1319700,1578300,254.2,869400,112050
10-02-2025 14:49,23457,450600,1128075,66.95,1326150,1589175,254.15,869100,111900
10-02-2025 14:50,23456,451350,1125675,67.4,1333200,1595550,253.65,867300,110475
10-02-2025 14:50,23461,453975,1125225,68.15,1318875,1596450,252.35,867525,108375
10-02-2025 14:50,23464,452925,1125150,68.6,1319250,1595250,251.5,867825,110025
10-02-2025 14:50,23460.7,451125,1122450,67.95,1333725,1584225,252.85,865275,111600
10-02-2025 14:50,23460,450075,1124700,67.5,1309200,1605075,253.55,866175,108375
10-02-2025 14:50,23462.95,449550,1124700,67.9,1310400,1594050,253.85,867000,107925
10-02-2025 14:51,23462.9,446250,1123050,66.75,1311150,1601400,254.85,869250,106950
10-02-2025 14:51,23462,446850,1125600,66.75,1290075,1605000,254.2,869925,108600
10-02-2025 14:51,23457.15,447750,1122225,67.45,1289850,1601775,253.75,869850,108375
10-02-2025 14:51,23461.15,453450,1122600,68.9,1304250,1589475,251.05,870300,109350
10-02-2025 14:51,23460,446175,1122300,68.2,1298775,1607325,251.45,865200,106200
10-02-2025 14:51,23460,446850,1124700,67.55,1290675,1612200,253.65,866100,108975
10-02-2025 14:52,23461.95,440550,1127475,66.6,1301475,1629600,255,870075,106875
10-02-2025 14:52,23456.6,446625,1135050,65.75,1275975,1628400,258.3,872025,102750
10-02-2025 14:52,23455.15,445050,1124400,66.4,1274625,1609725,255.95,870825,105225
10-02-2025 14:52,23460,447450,1126425,67,1286775,1623150,255.85,869850,104250
10-02-2025 14:52,23460,445500,1125300,67.4,1287750,1612800,252.25,870675,104250
10-02-2025 14:52,23461,452100,1125675,67.65,1285425,1607625,253,870225,106125
10-02-2025 14:53,23461.1,451875,1122900,68.2,1273200,1612500,251.45,870225,108300
10-02-2025 14:53,23456.8,438300,1126125,67.25,1254975,1640850,253.1,871500,105825
10-02-2025 14:53,23456.95,447525,1128225,67.8,1266225,1635525,252.6,870375,105900
10-02-2025 14:53,23458.7,450675,1124925,68,1277925,1614675,250,871575,105900
10-02-2025 14:53,23463,449700,1124775,67.5,1281375,1618950,251.55,867975,105450
10-02-2025 14:53,23458.3,441150,1126725,67.9,1275600,1624200,251.9,868950,106350
10-02-2025 14:54,23463.5,441600,1124925,67.9,1271400,1625250,250.5,868500,105300
10-02-2025 14:54,23460,441975,1125750,67.75,1271475,1619025,250.8,868200,105975
10-02-2025 14:54,23464.75,444450,1123200,68.4,1281825,1622325,247.35,868575,107100
10-02-2025 14:54,23462.05,444750,1122075,67.95,1276125,1645950,249.9,866475,106650
10-02-2025 14:54,23463.3,448050,1124100,68.2,1285725,1652175,248.5,868500,104250
10-02-2025 14:54,23461,447525,1122525,68.2,1279275,1631250,249.55,868275,106575
10-02-2025 14:55,23462.4,452025,1121550,67.6,1280400,1621050,249.85,870525,108900
10-02-2025 14:55,23462,451875,1123425,67.35,1268550,1635300,250.2,872625,109050
10-02-2025 14:55,23464,452325,1119150,68.4,1282350,1629675,247.15,870300,104775
10-02-2025 14:55,23462,448275,1123125,67.3,1267875,1628175,249.7,869625,104625
10-02-2025 14:55,23462,455625,1124925,68.15,1266300,1634100,248.1,868725,107250
10-02-2025 14:55,23461.5,449700,1125300,67.2,1264875,1635150,249.9,867375,110925
10-02-2025 14:56,23461.5,451950,1127550,66.6,1260150,1626000,250.8,870525,114300
10-02-2025 14:56,23456.4,446250,1132350,65.85,1254375,1616250,251.4,871200,105525
10-02-2025 14:56,23456,443550,1129425,65.9,1247550,1641750,251.55,872475,103575
10-02-2025 14:56,23460.15,446025,1128225,67.45,1276425,1635600,248.75,871125,105975
10-02-2025 14:56,23464.65,445425,1125075,68.7,1283175,1626600,246.15,869475,107700
10-02-2025 14:56,23472.6,444750,1114425,70.6,1281825,1569300,238.8,860175,107250
10-02-2025 14:57,23473.1,442575,1117725,68.35,1263150,1515375,245,856275,104325
10-02-2025 14:57,23467.05,441225,1116600,68.2,1249200,1525500,246.3,864900,104700
10-02-2025 14:57,23471.25,453000,1117950,69.55,1269450,1520775,243.65,862350,106800
10-02-2025 14:57,23474,453750,1109625,69.9,1289325,1518225,242,857700,108750
10-02-2025 14:57,23472.05,448125,1118250,69.8,1282950,1512900,242.9,867375,107175
10-02-2025 14:57,23470,451800,1121925,69.3,1285125,1529775,244,867075,107325
10-02-2025 14:58,23471.2,459450,1121850,70.15,1285950,1533300,241.5,865650,118350
10-02-2025 14:58,23469.5,451050,1120500,68.9,1291575,1549725,243.9,863325,121050
10-02-2025 14:58,23470,449625,1118100,69.45,1285950,1546800,242.25,860625,119925
10-02-2025 14:58,23473,454800,1116225,70,1305450,1530000,241.1,858075,119700
10-02-2025 14:58,23471,449625,1117800,68.65,1280025,1541550,244.45,859500,118425
10-02-2025 14:58,23469.1,449400,1121400,68.8,1262700,1554975,243.5,860850,115350
10-02-2025 14:59,23469.05,451875,1118250,69,1281525,1543950,243.75,861825,111225
10-02-2025 14:59,23470,450675,1117725,69.1,1290675,1551375,243.6,864000,112125
10-02-2025 14:59,23469,450225,1119600,69,1289400,1557225,243,862350,117075
10-02-2025 14:59,23470.05,453000,1119750,69.9,1297500,1542900,242.45,861300,123525
10-02-2025 14:59,23470.2,450525,1118700,69.65,1292250,1539375,243.25,862650,122250
10-02-2025 14:59,23475,458850,1117500,70.25,1276200,1533300,240.7,862275,124500
10-02-2025 15:00,23474,459225,1095750,71.6,1279500,1506300,239.3,854550,126975
10-02-2025 15:00,23480,458850,1099725,70.5,1297800,1472850,238.55,855075,128325
10-02-2025 15:00,23472.05,451500,1102350,69.3,1303950,1479975,241.2,860175,130800
10-02-2025 15:00,23465.9,449700,1112775,67.1,1263600,1464000,246,860850,127125
10-02-2025 15:00,23461.1,448575,1112775,66.4,1226625,1468200,248.7,863925,106500
10-02-2025 15:00,23467,448500,1116150,67.5,1250250,1462350,245.45,862875,110100
10-02-2025 15:01,23456.3,447975,1123275,65.6,1304175,1473600,250,865500,110325
10-02-2025 15:01,23454.1,440850,1123800,64.5,1199925,1478475,251.4,862650,101400
10-02-2025 15:01,23458,447375,1119375,65.7,1215825,1473675,249.95,862950,108900
10-02-2025 15:01,23465.05,447675,1110300,66.45,1231650,1471950,246.15,861750,109500
10-02-2025 15:01,23467.05,450300,1113000,68,1449675,1469925,243.5,861375,111450
10-02-2025 15:01,23467.9,451275,1109175,67.9,1468050,1476600,242.1,859050,109500
10-02-2025 15:02,23463.45,448500,1117650,66.5,1456425,1484250,244.75,858375,107025
10-02-2025 15:02,23464.7,447900,1114875,67,1242300,1494375,244.95,858525,107250
10-02-2025 15:02,23460.1,454200,1115100,65.35,1237650,1494975,247.2,863250,107325
10-02-2025 15:02,23459,451950,1117800,64.95,1241325,1501650,248.25,864375,110925
10-02-2025 15:02,23455.25,452325,1118775,64.05,1237125,1507125,250.75,865500,112200
10-02-2025 15:02,23459.15,457875,1114575,65.7,1247775,1500825,248,867075,116850
10-02-2025 15:03,23460.5,457350,1116750,66,1258875,1494675,248,864900,113475
10-02-2025 15:03,23462.3,454950,1115850,66.9,1262775,1497900,245.65,862875,115500
10-02-2025 15:03,23462,453150,1116750,65.9,1260825,1515525,248,864525,115275
10-02-2025 15:03,23463.05,461100,1115700,66.95,1252950,1505025,245.7,864375,114000
10-02-2025 15:03,23468,452700,1112400,67.75,1266150,1508475,243.55,862575,119175
10-02-2025 15:03,23464.55,453000,1112925,66.1,1269300,1510875,245.25,862650,114000
10-02-2025 15:04,23465.1,454725,1112175,66.8,1247775,1519275,243.95,857400,117750
10-02-2025 15:04,23462.7,450675,1115475,65.85,1245150,1525350,245.9,862200,115050
10-02-2025 15:04,23462.15,452100,1113825,65.3,1250250,1532475,247,865275,117600
10-02-2025 15:04,23460,448800,1113525,64.9,1256025,1525125,247,864225,117450
10-02-2025 15:04,23460.1,456375,1114950,65.25,1253250,1526175,246.4,866775,117375
10-02-2025 15:04,23460,446775,1110600,65.4,1261200,1523550,247,867525,116475
10-02-2025 15:05,23458.45,449400,1104750,65.65,1271325,1516800,248.1,868050,118725
10-02-2025 15:05,23457.5,442575,1105800,65.2,1263450,1525500,249.65,866775,114075
10-02-2025 15:05,23458,447825,1106250,64.55,1246875,1525050,247.45,866400,111825
10-02-2025 15:05,23459.05,449775,1102500,64.85,1248900,1530375,247.8,864300,120150
10-02-2025 15:05,23458.8,444000,1102050,65.05,1257375,1535475,248.05,865950,114225
10-02-2025 15:05,23457.95,448575,1103100,64.85,1258875,1531575,248.75,863325,114900
10-02-2025 15:06,23461.4,441975,1106400,64.7,1251825,1547550,249.5,863700,117000
10-02-2025 15:06,23455.05,446475,1101825,64,1256925,1548375,250.45,865875,112500
10-02-2025 15:06,23456.35,445500,1103325,64.55,1239600,1542600,250,863625,112500
10-02-2025 15:06,23453.5,439800,1101900,62.9,1241250,1540425,250,863175,112650
10-02-2025 15:06,23450,443550,1106475,62.2,1219350,1543275,252.8,864975,111450
10-02-2025 15:06,23447.55,439800,1106175,62.15,1226400,1534950,256.35,863550,109950
10-02-2025 15:07,23449.15,443250,1101750,61.8,1230150,1535775,254.8,867750,105750
10-02-2025 15:07,23446,425400,1106250,60.35,1226325,1520325,257.35,864750,103350
10-02-2025 15:07,23446.3,444525,1104300,61.3,1204575,1514550,257.15,867000,100575
10-02-2025 15:07,23453,449775,1102200,62.65,1208850,1511325,253,863475,103125
10-02-2025 15:07,23450,443250,1101225,62.65,1219350,1517925,253.15,860100,104700
10-02-2025 15:07,23449.25,449775,1104150,62.1,1216575,1523025,255.8,863775,103950
10-02-2025 15:08,23447.55,439650,1103550,62.7,1235550,1516650,255.1,863100,104325
10-02-2025 15:08,23449.5,449775,1103850,62.9,1231875,1526100,254.6,862725,105375
10-02-2025 15:08,23447.45,446250,1102275,62.65,1232850,1521975,255.3,859125,110475
10-02-2025 15:08,23450,445125,1101450,63,1234275,1535100,254.65,861975,112725
10-02-2025 15:08,23449.65,445650,1101300,63.3,1238550,1525050,252.85,860250,113550
10-02-2025 15:08,23450.4,452025,1100475,63.4,1237575,1516200,252.5,860925,113775
10-02-2025 15:09,23450.8,450675,1100700,63.3,1242375,1520100,254.15,860925,108900
10-02-2025 15:09,23450.25,447525,1100850,63.55,1242375,1532550,254.6,861825,108300
10-02-2025 15:09,23450.5,447600,1099950,64.15,1236450,1512750,254.2,861225,111150
10-02-2025 15:09,23452.6,446700,1099575,64.95,1268550,1493250,254.1,860925,115200
10-02-2025 15:09,23454.2,449025,1099200,65.25,1247850,1500975,254.2,861525,110850
10-02-2025 15:09,23455.85,443175,1096275,65.9,1264425,1481100,251.8,862875,113025
10-02-2025 15:10,23453.05,437700,1092900,65.4,1258800,1481100,253.6,859875,110775
10-02-2025 15:10,23457.05,443025,1092825,66.45,1290825,1482675,250.8,859200,112050
10-02-2025 15:10,23464,444900,1089600,67.7,1311225,1480425,245.7,854625,112875
10-02-2025 15:10,23461,442725,1089300,66.75,1303650,1494225,248.9,857550,110700
10-02-2025 15:10,23461.9,443400,1088625,67,1297575,1494675,247.45,859125,110700
10-02-2025 15:10,23456.9,443100,1089300,65.2,1294125,1511325,250.95,859800,109125
10-02-2025 15:11,23462.45,434700,1091700,66,1205850,1508625,249.65,861900,107775
10-02-2025 15:11,23460,444675,1088400,66.2,1226475,1489200,249.05,861450,109200
10-02-2025 15:11,23457,437325,1094925,65,1205775,1507050,250.8,861375,126075
10-02-2025 15:11,23456.9,443250,1090800,65.7,1280775,1511625,251.35,862200,127275
10-02-2025 15:11,23457.8,441750,1093425,65.25,1254825,1526925,250.55,863025,126300
10-02-2025 15:11,23459.9,437250,1090575,65.15,1320450,1515975,250.8,860400,127050
10-02-2025 15:12,23454.35,435600,1094625,64.9,1321950,1517775,252.4,862575,127350
10-02-2025 15:12,23454.2,444600,1093275,64.25,1206900,1528200,252.75,862425,116175
10-02-2025 15:12,23459.7,440025,1091775,64.65,1209150,1521225,252,860250,121200
10-02-2025 15:12,23455,441750,1092375,64.5,1202325,1520475,252.25,858000,110100
10-02-2025 15:12,23455,449550,1097025,64.25,1192275,1526550,252,860175,110400
10-02-2025 15:12,23454,444900,1094100,64,1200000,1535775,252.8,858675,110700
10-02-2025 15:13,23454,441675,1094850,64.3,1210200,1535250,252.75,858225,108825
10-02-2025 15:13,23453.05,444900,1093800,64.8,1202925,1532475,252.35,858900,107175
10-02-2025 15:13,23456.85,449700,1092975,65,1210425,1532100,252.25,856725,109875
10-02-2025 15:13,23459.45,443250,1093800,64.7,1212300,1520625,252.9,855525,109125
10-02-2025 15:13,23453,436650,1095000,63.7,1202100,1532775,254.15,856650,108150
10-02-2025 15:13,23459.85,446175,1093275,65,1216275,1532325,250.95,856950,107925
10-02-2025 15:14,23455.5,435375,1091025,64.8,1223850,1517850,251.8,857325,107325
10-02-2025 15:14,23457.9,436950,1082025,65.65,1218600,1520400,248.25,856350,108825
10-02-2025 15:14,23454.3,435000,1084500,65.4,1219500,1507725,251.75,856575,108450
10-02-2025 15:14,23459.95,428700,1083075,64.6,1216425,1513200,252,858375,105900
10-02-2025 15:14,23460,431325,1083300,65.45,1215750,1515300,250.3,857400,108300
10-02-2025 15:14,23459.45,428175,1086750,65.1,1215675,1516800,252.4,857475,104775
10-02-2025 15:15,23457.85,431775,1078425,67.25,1209375,1489575,250.8,855825,105000
10-02-2025 15:15,23458.5,432150,1083225,66.55,1206375,1483950,251.6,857400,102375
10-02-2025 15:15,23455.85,428550,1083675,66.3,1202700,1490700,251.65,858300,102375
10-02-2025 15:15,23461.1,426300,1083900,66.55,1281075,1489275,251.2,858825,104325
10-02-2025 15:15,23459.95,426225,1090575,66.05,1216425,1496925,251.7,859800,102900
10-02-2025 15:15,23455.95,432525,1089975,66.95,1378200,1493550,250.55,861975,102900
10-02-2025 15:16,23456,433650,1091625,66.25,1392225,1490400,251.95,862575,101925
10-02-2025 15:16,23451.1,431850,1096425,65.15,1212525,1495500,254.1,864825,99975
10-02-2025 15:16,23450.65,426750,1100475,65.25,1209225,1486950,253.8,864450,102075
10-02-2025 15:16,23450.15,426075,1102800,64.75,1209600,1487550,254.55,865350,100275
10-02-2025 15:16,23454.2,431475,1101825,65.5,1222875,1508175,252.85,864375,98625
10-02-2025 15:16,23455,434100,1097025,65.4,1228350,1482225,252.65,865275,99525
10-02-2025 15:17,23454.2,432375,1095525,65.75,1225725,1476075,254.15,866100,99300
10-02-2025 15:17,23456,428475,1095450,65.55,1222500,1480275,253.35,863925,93375
10-02-2025 15:17,23455.6,428925,1096650,65.2,1215150,1489650,254.4,864375,103125
10-02-2025 15:17,23453.65,433050,1096800,65.8,1222350,1482975,253.35,864000,101625
10-02-2025 15:17,23454.05,426825,1096875,65.15,1218600,1487625,253.8,863925,107175
10-02-2025 15:17,23451.75,428625,1097925,64.7,1214700,1492575,254.1,862350,104100
10-02-2025 15:18,23451.55,431925,1098000,65,1212600,1493400,254.5,861300,105150
10-02-2025 15:18,23454.4,426150,1098600,65.2,1218300,1488975,253.75,860100,104625
10-02-2025 15:18,23454.4,429150,1098825,65.2,1213125,1495200,253.55,861000,103800
10-02-2025 15:18,23454,430350,1098450,64.8,1220475,1495425,253.2,859650,105375
10-02-2025 15:18,23453.7,429225,1099050,65.4,1229550,1493100,251.1,860175,106650
10-02-2025 15:18,23453.95,425925,1097775,65.6,1223550,1494675,251.65,859650,104850
10-02-2025 15:19,23454,427050,1097775,65.75,1233975,1486650,251.9,859650,102675
10-02-2025 15:19,23453.75,426825,1097325,65.7,1229550,1483575,252.9,859800,104025
10-02-2025 15:19,23452.25,426525,1096050,65.25,1223700,1490025,252.45,858300,107325
10-02-2025 15:19,23454.95,428250,1096800,65.5,1260600,1489050,251.25,857850,112050
10-02-2025 15:19,23452.55,426750,1096200,64.95,1231875,1487475,251.85,856875,113250
10-02-2025 15:19,23455.95,428025,1094925,65.85,1225275,1483350,250.9,857025,113775
10-02-2025 15:20,23454.1,424875,1094175,65.4,1225575,1454625,251.95,856125,112350
10-02-2025 15:20,23455,424275,1093350,65.85,1218975,1446975,252.25,857175,102750
10-02-2025 15:20,23455.75,425025,1092900,65.6,1222350,1444650,252.4,856275,102600
10-02-2025 15:20,23452,423150,1093575,64.8,1219125,1457100,252.65,854925,103050
10-02-2025 15:20,23455.5,428625,1094025,65.2,1205100,1463025,251.9,853800,105750
10-02-2025 15:20,23454.8,429450,1092375,65.55,1216875,1472175,250.45,855525,103500
10-02-2025 15:21,23455.3,428175,1091850,65.9,1233000,1454550,249.85,853950,104925
10-02-2025 15:21,23458,427650,1089900,65.75,1234875,1447350,250,850050,108375
10-02-2025 15:21,23457.65,424950,1090950,65.95,1233900,1452825,250.25,849225,105975
10-02-2025 15:21,23457.7,425400,1090950,66.15,1249575,1440975,249.7,850275,103500
10-02-2025 15:21,23458.2,427800,1091025,66,1242075,1440600,249.45,848475,103275
10-02-2025 15:21,23458.95,427575,1087875,65.95,1235700,1447950,249.45,848325,105300
10-02-2025 15:22,23455.05,427950,1088850,65,1234875,1441800,251,848100,104100
10-02-2025 15:22,23455,425850,1087650,65.45,1174575,1443375,250.95,847125,102225
10-02-2025 15:22,23456.9,440325,1087050,65.55,1180875,1444275,250.85,846975,106875
10-02-2025 15:22,23458,445425,1086675,65.6,1181100,1446450,250.8,848175,105450
10-02-2025 15:22,23455.45,451275,1086750,65.8,1326600,1446075,250.7,847875,102150
10-02-2025 15:22,23458,448425,1086150,65.7,1302375,1454700,250.85,847725,102900
10-02-2025 15:23,23458,447675,1086450,65.6,1191600,1447950,251.05,849450,103350
10-02-2025 15:23,23458,448275,1085925,65.7,1175550,1449525,251.5,849075,103050
10-02-2025 15:23,23459,441300,1084875,66.15,1262850,1414575,251.9,847800,102525
10-02-2025 15:23,23458.65,439200,1084275,66.1,1257300,1419375,251.5,846300,101250
10-02-2025 15:23,23458.6,440475,1083675,66,1269000,1422225,250.85,845700,102000
10-02-2025 15:23,23458,441975,1083525,66,1266825,1416675,250.55,845325,101775
10-02-2025 15:24,23458.95,439950,1083750,66.95,1288050,1411800,251.4,847050,107850
10-02-2025 15:24,23458,437025,1081125,66.65,1277775,1377750,251.75,845625,104325
10-02-2025 15:24,23457.55,436950,1080975,66.45,1269075,1381800,252.1,847125,96975
10-02-2025 15:24,23456.8,437625,1082325,66.7,1258275,1378275,252,839700,89475
10-02-2025 15:24,23459,437250,1082775,66.95,1191750,1353225,251.35,844200,91800
10-02-2025 15:24,23460,436725,1080900,67.65,1195725,1347750,251.3,845250,92250
10-02-2025 15:25,23462,437625,1077375,68.5,1307475,1329675,250.6,843450,90825
10-02-2025 15:25,23459.8,435375,1071675,68.5,1287900,1268850,249.6,837300,90600
10-02-2025 15:25,23463.4,433800,1066875,68.7,1272675,1279875,247.2,834600,90450
10-02-2025 15:25,23464.4,433650,1063950,69.3,1249800,1261350,247.45,834600,90675
10-02-2025 15:25,23462.15,431325,1065675,69.15,1239150,1248075,248.1,835575,89625
10-02-2025 15:25,23464,430500,1064700,69.1,1226850,1257975,247.85,835575,90750
10-02-2025 15:26,23464.65,427275,1063425,68.25,1216050,1280550,248.75,839400,90375
10-02-2025 15:26,23463.5,420975,1059900,68.3,1195950,1286850,248.8,836850,89850
10-02-2025 15:26,23463,423675,1060950,67.4,1195275,1297200,250.8,838200,88650
10-02-2025 15:26,23463,422625,1073175,67.6,1118850,1286100,251.05,839925,86250
10-02-2025 15:26,23464,421275,1073325,67.45,1148400,1271100,251.85,837900,85800
10-02-2025 15:26,23463.1,419325,1069425,67.55,1123650,1289475,251.35,836625,86775
10-02-2025 15:27,23462.8,420000,1069725,67.75,1143975,1294800,250.85,837225,88725
10-02-2025 15:27,23462.8,419400,1069350,68,1226100,1288500,250.4,835425,89625
10-02-2025 15:27,23462.8,419175,1069050,67.7,1220775,1285800,250.3,834600,89400
10-02-2025 15:27,23462.35,416925,1068150,67.9,1218000,1292400,250.9,838275,87075
10-02-2025 15:27,23462.8,415050,1068225,67.65,1212750,1289775,250.75,838350,90975
10-02-2025 15:27,23460,406425,1063875,67.95,1213200,1281375,250.95,838650,89850
10-02-2025 15:28,23462.75,401400,1057800,67.8,1204275,1268625,250.55,836025,87300
10-02-2025 15:28,23462,400425,1056225,67.6,1174650,1264950,250.65,834975,87375
10-02-2025 15:28,23459.15,396375,1054200,66.4,1102650,1275150,251.15,834075,82650
10-02-2025 15:28,23458.15,392400,1054275,65.75,1095675,1274925,252.9,833700,75300
10-02-2025 15:28,23458,394200,1050675,66.85,1292550,1262325,253.35,832425,78675
10-02-2025 15:28,23457.9,390675,1050075,67.2,1294350,1252275,254.4,831000,78825
10-02-2025 15:29,23458,385800,1050675,66.7,1268775,1222500,254.25,830850,72675
10-02-2025 15:29,23456.2,385650,1043100,66.65,1250175,1197375,254.1,830025,64950
10-02-2025 15:29,23456,376800,1035600,65.8,1087725,1189800,254.2,830625,64800
10-02-2025 15:29,23457.75,363300,1024275,65.6,320475,1179675,254,86775,61500
10-02-2025 15:29,23457,357525,1019325,65.2,302400,1154550,254.1,82275,60975
10-02-2025 15:29,23457.75,346725,1002900,64.4,256050,1147275,252.15,76350,54525
