last_traded_time,ltp,tot_buy_qty,tot_sell_qty,ltp,tot_buy_qty,tot_sell_qty,ltp,tot_buy_qty,tot_sell_qty
13-02-2025 09:24,23075,217050,481200,84.75,37544475,720525,89.2,46167750,472350
13-02-2025 09:24,23080,228225,471450,92.05,37663950,701400,77.4,46160400,563625
13-02-2025 09:25,23075,234450,475950,87.55,37728375,704325,91.45,46053000,559575
13-02-2025 09:25,23074.9,251925,475350,90.1,37851375,695475,95.55,46157175,495750
13-02-2025 09:25,23077.4,255225,468900,91.9,38171850,715875,88.9,46136025,480075
13-02-2025 09:25,23082.15,262800,474075,89.25,38198100,743550,91.6,46033275,528825
13-02-2025 09:25,23080.75,253275,474150,88,38305800,780600,87.25,46043850,590175
13-02-2025 09:25,23088.2,270225,470925,88.85,38286675,792825,82.3,45995250,649800
13-02-2025 09:26,23092.9,271125,469875,92.3,38423400,780900,77.2,45939075,698025
13-02-2025 09:26,23080,265800,476325,88.25,38415300,839625,84.05,45880350,700650
13-02-2025 09:26,23084.75,279750,471450,91,38488275,846375,83.3,45911250,770850
13-02-2025 09:26,23081,277650,470325,92.2,38491050,864450,83.6,46000200,785100
13-02-2025 09:26,23090,282075,459150,94.9,38210325,865350,80.6,46025775,852450
13-02-2025 09:26,23098.8,285075,455025,99.3,38218800,783525,77.45,45935400,869700
13-02-2025 09:27,23106,287850,457350,101.55,38227275,765750,70.05,45881025,912450
13-02-2025 09:27,23097.15,284625,466725,97.1,39060900,772725,77,45844875,940350
13-02-2025 09:27,23109,283650,461850,97.85,39285000,789450,73.55,45886350,981150
13-02-2025 09:27,23107.05,286200,463875,103.9,39300600,800325,68.65,45925200,996750
13-02-2025 09:27,23119.4,290925,453975,110.5,39200475,770175,64.3,45833550,1013400
13-02-2025 09:27,23108.3,290400,460200,106.15,39184425,748200,70.25,45864525,1017975
13-02-2025 09:28,23118.6,282825,462675,108.25,39108825,783150,69.45,45919200,1058625
13-02-2025 09:28,23110.6,280800,471600,105.1,39110925,806475,72.25,46024350,1057125
13-02-2025 09:28,23108.9,282600,465975,102.45,39125325,827025,76.25,46054950,1067025
13-02-2025 09:28,23092.95,282825,475425,95.4,39097725,859050,81.55,46098900,1023825
13-02-2025 09:28,23102,290700,468525,99.95,39037425,865800,77.25,46098975,1036275
13-02-2025 09:28,23095.6,279225,470250,95.45,39047025,910425,80.4,46114725,1053975
13-02-2025 09:29,23090.7,289425,470475,90.2,39028425,951300,83.2,46121250,1073400
13-02-2025 09:29,23093.1,288000,475950,95.5,38987175,945375,80.2,46144200,1072125
13-02-2025 09:29,23104.45,290400,476550,98.25,39050100,922425,77,46106625,1124400
13-02-2025 09:29,23108.05,289950,465075,104.4,39073500,891375,70.3,46025700,1181550
13-02-2025 09:29,23100.25,302925,480975,99.45,39083175,888900,74.1,46000350,1197675
13-02-2025 09:29,23102,291600,478350,96.5,39104700,917775,75.15,46075650,1213725
13-02-2025 09:30,23115,303150,470700,104.9,39136125,923175,65.5,46062675,1273650
13-02-2025 09:30,23117.85,301425,478125,102.35,39160650,908400,67,45978300,1297950
13-02-2025 09:30,23118,309150,472950,103.8,39191025,923175,62.1,46007850,1353675
13-02-2025 09:30,23128.2,302550,461175,110.1,39219375,923100,63.4,45940125,1361925
13-02-2025 09:30,23122.2,290400,472725,106.8,39219300,836100,62.85,45941625,1367550
13-02-2025 09:30,23123.6,304350,464775,108.65,39206175,867975,59.5,46018200,1404075
13-02-2025 09:31,23125.2,301125,461925,109.9,39226350,868500,58.4,45961200,1434825
13-02-2025 09:31,23136.95,301425,471075,110.9,39283575,867375,57.3,46019550,1461000
13-02-2025 09:31,23133.1,307650,472050,110.6,39286575,802650,56.4,46051800,1455975
13-02-2025 09:31,23126,301425,470550,104.55,39201000,844650,59.2,46094700,1436025
13-02-2025 09:31,23130.8,309300,462225,110.6,39218400,840225,57.15,46093350,1453575
13-02-2025 09:31,23136.1,306675,467925,114.7,39259950,860325,55.25,46115025,1482300
13-02-2025 09:32,23148.65,309000,463725,120.35,39266775,805125,50.35,46101375,1511100
13-02-2025 09:32,23154,312525,461625,121.15,39279300,705675,48.35,45906375,1507275
13-02-2025 09:32,23148.5,309000,468150,122.85,39270075,737250,47.95,45924825,1510950
13-02-2025 09:32,23153.9,311025,466425,125.05,39257250,756375,47.95,45979125,1519725
13-02-2025 09:32,23153.1,307875,462150,125.35,39277800,763800,46.2,45989550,1521750
13-02-2025 09:32,23163.8,310275,460800,138.85,39267000,754950,42.75,45916275,1536975
13-02-2025 09:33,23169.4,309150,463350,143.1,39263175,493125,42.3,45820425,1539225
13-02-2025 09:33,23173,306600,471300,143.2,39227475,500925,42.5,45902475,1544850
13-02-2025 09:33,23173,315900,462000,146.1,39202650,516600,42.75,45941250,1528350
13-02-2025 09:33,23166.1,308475,479175,139.05,39184200,545100,44.3,46031325,1528725
13-02-2025 09:33,23165.85,306600,488850,136.8,39127575,577875,45.9,46083300,1500375
13-02-2025 09:33,23161.45,306225,489075,136.75,39109950,597675,46.8,46065675,1555200
13-02-2025 09:34,23169.9,315450,483600,140.65,39112200,614100,45.15,46046775,1524975
13-02-2025 09:34,23170,313575,478500,142.45,39138900,603225,43.95,46027425,1551075
13-02-2025 09:34,23170.45,318000,483825,148.15,39123300,569625,42.2,46107300,1569000
13-02-2025 09:34,23175,313050,479625,147.05,39152550,465750,41.9,46107900,1588800
13-02-2025 09:34,23182,324450,474450,150.1,39189000,491475,41.1,46199025,1593600
13-02-2025 09:34,23182.95,321075,482100,150.7,39141750,461850,39.75,46154925,1620750
13-02-2025 09:35,23180.1,323400,480300,154.15,39130950,488400,39.7,46173300,1629300
13-02-2025 09:35,23175.8,320250,485100,147,39138675,518250,42.1,46264950,1611000
13-02-2025 09:35,23170.4,305025,487125,145.75,39055050,544275,45.15,46385175,1547550
13-02-2025 09:35,23174.5,316575,490725,148.65,39056475,553425,43.85,46396725,1569375
13-02-2025 09:35,23175,322725,492300,152,39072975,560400,43.95,46405500,1606800
13-02-2025 09:35,23171.85,319050,494250,149.3,39089025,565650,43.3,46373775,1667850
13-02-2025 09:36,23175,327375,488100,150.1,39091575,574125,43.7,46371450,1684950
13-02-2025 09:36,23177.55,327900,487200,150.1,39084600,587850,44.55,46415100,1675200
13-02-2025 09:36,23174,326550,494925,150.2,39081900,595350,43.9,46435125,1676175
13-02-2025 09:36,23177.9,324900,493575,148.95,39080550,616050,42.85,46413300,1671600
13-02-2025 09:36,23170.55,325125,504900,145.5,39084825,633150,43.45,46445700,1669800
13-02-2025 09:36,23171.15,327975,489225,148.15,39057600,631950,42.6,46446225,1701600
13-02-2025 09:37,23180.05,333900,488325,153.6,39090300,610500,38.5,46419150,1734525
13-02-2025 09:37,23197.8,332550,484350,159.25,39136050,541800,35.95,46230075,1727850
13-02-2025 09:37,23183.9,324825,493350,151,39128925,421800,38.4,46170300,1704825
13-02-2025 09:37,23170.65,314925,496950,144.65,39043650,451650,40.9,46257225,1680975
13-02-2025 09:37,23177,315300,492450,141.95,38967450,481200,40.95,46283250,1668375
13-02-2025 09:37,23176.7,324450,485550,142.35,38987775,500700,40.3,46288875,1713675
13-02-2025 09:38,23169,309825,498300,139,38985450,528000,40,46388625,1719300
13-02-2025 09:38,23177.4,321150,492525,146.25,38969925,528375,38.2,46371300,1760550
13-02-2025 09:38,23184.15,321825,489675,149.1,38982600,519900,37.7,46346400,1772775
13-02-2025 09:38,23176.8,317925,493800,147,38980275,547950,38.75,46386450,1787775
13-02-2025 09:38,23183.8,323100,484425,150.5,38996400,549075,38.55,46443975,1783800
13-02-2025 09:38,23184.7,327825,488550,150.55,39006075,530175,37.75,46449825,1813725
13-02-2025 09:39,23186.15,332550,500175,153.75,39027150,536025,36.25,46419075,1842675
13-02-2025 09:39,23186.75,328725,493575,151.45,39020100,544350,38.15,46447350,1826700
13-02-2025 09:39,23176.4,320775,501450,146.55,39006375,572475,39.05,46464300,1846425
13-02-2025 09:39,23182.35,330075,500025,151.55,39017925,573525,36.95,46469850,1853250
13-02-2025 09:39,23181,324225,502650,150.5,39036075,590025,36.7,46478550,1869525
13-02-2025 09:39,23180,330975,502125,150.95,39038175,597000,36.7,46544625,1868025
13-02-2025 09:40,23185,334800,506550,151.25,39029550,602850,34.45,46568475,1891725
13-02-2025 09:40,23194.65,334650,496050,156.5,39017625,582000,33.3,46400250,1943625
13-02-2025 09:40,23190,334725,508050,153.15,39031725,564150,34.2,46381650,1935225
13-02-2025 09:40,23188.85,338925,498975,155.55,39035175,581475,33.7,46423350,1943325
13-02-2025 09:40,23195,340725,502725,156.85,39052125,578400,33,46446750,1967775
13-02-2025 09:40,23197,344250,495750,159.85,39067500,580275,32,46397100,1972875
13-02-2025 09:41,23194.1,336300,496950,153,39066900,559200,34.2,46412475,1976400
13-02-2025 09:41,23194,333075,496875,155.9,39035325,571500,33.45,46479450,1971525
13-02-2025 09:41,23192.45,336225,496050,156.75,39047475,595350,33.1,46529925,1969800
13-02-2025 09:41,23192.4,335625,493950,157.25,39056775,600300,33.55,46560075,1982400
13-02-2025 09:41,23195,332550,499800,158.25,39055650,609300,33.25,46600875,1990650
13-02-2025 09:41,23191.8,334350,497325,155.8,39058500,620250,33.9,46596825,1989825
13-02-2025 09:42,23194,336075,499875,155.3,39039075,617325,33.15,46610400,1997625
13-02-2025 09:42,23191,332775,502800,156.2,39038475,630075,33.55,46621800,2012400
13-02-2025 09:42,23190.05,329850,508125,153.45,39036525,636300,33.7,46629300,1999200
13-02-2025 09:42,23194.8,335100,498450,158.05,39035625,632025,31.85,46610475,2026725
13-02-2025 09:42,23206.25,342225,489750,165.45,39084150,609000,29.3,48065775,2039700
13-02-2025 09:42,23205,335775,494850,163,39101775,504300,28.4,47948625,2047725
13-02-2025 09:43,23205,319200,492300,164.15,39094725,521175,28.15,48007125,2061600
13-02-2025 09:43,23206.5,328350,492750,161.95,39076275,532875,28.6,48069750,2062050
13-02-2025 09:43,23205.45,334800,491550,166.1,39092100,537225,27.7,48103875,2082750
13-02-2025 09:43,23208.1,336000,492000,162.55,39096450,541350,28.4,48176700,2092200
13-02-2025 09:43,23208,328425,496725,162.8,39088050,551850,27.8,48227925,2075625
13-02-2025 09:43,23205,334800,496575,161.5,39087525,563775,29.5,48201300,2059350
13-02-2025 09:44,23204,336750,495675,160.9,39072825,569175,30.2,48179775,2053200
13-02-2025 09:44,23201,334350,500475,161.5,39059850,575850,31.2,48184125,2032950
13-02-2025 09:44,23196.2,334350,507450,157.45,39052650,588975,32.5,48207225,2025675
13-02-2025 09:44,23196.25,338925,505425,159.2,39045075,590475,33.65,48203475,2040750
13-02-2025 09:44,23198,340800,503625,161.45,39061350,595200,32.25,48161250,2103900
13-02-2025 09:44,23200.05,335250,506325,158.2,39063750,608550,32.3,48156675,2127225
13-02-2025 09:45,23204.3,338400,503025,160.4,39069525,609975,30.4,48149625,2094000
13-02-2025 09:45,23202.65,344250,508200,159,39087450,607875,33.15,48201375,2088150
13-02-2025 09:45,23206.2,340050,511800,162.1,39083625,609375,31.2,48231225,2088825
13-02-2025 09:45,23205.4,337875,507675,162.6,39088125,611925,31.9,48234225,2103450
13-02-2025 09:45,23202.05,335925,514650,160.7,39080400,622575,32.25,48264300,2113650
13-02-2025 09:45,23202.45,338550,510675,160.65,39075525,620700,33.5,48273525,2127900
13-02-2025 09:46,23204.45,334950,517875,161.2,39074250,619875,32.75,48301275,2113425
13-02-2025 09:46,23214,345000,505275,167.9,39070425,593625,28.85,48285600,2148675
13-02-2025 09:46,23206.9,339750,513375,166.8,39065550,496800,28.7,48212025,2157750
13-02-2025 09:46,23216.55,344700,513900,169.55,39063525,500025,27.85,48218175,2161575
13-02-2025 09:46,23219.85,340875,511275,173.85,39064050,485700,26.25,48231525,2151000
13-02-2025 09:46,23219.3,344250,511275,174.3,39061500,426825,26.6,48209550,2151825
13-02-2025 09:47,23218.4,339150,512700,170.95,39055425,448875,27.15,48247575,2184075
13-02-2025 09:47,23210.1,340050,517425,167.25,39028650,472125,27.95,48299850,2199600
13-02-2025 09:47,23210.05,341400,524850,168.25,39026250,482775,28.7,48375525,2194650
13-02-2025 09:47,23210.2,343425,512775,169.9,39030900,490500,27.85,48369825,2233425
13-02-2025 09:47,23212.95,338850,522150,166,39040125,494850,29,48399600,2230425
13-02-2025 09:47,23208.65,340725,526575,163.55,39041250,498825,29.05,48409050,2205750
13-02-2025 09:48,23210,342300,521175,165.6,39008175,500025,28.7,48415575,2227200
13-02-2025 09:48,23210,341550,627975,167.9,39013875,503175,28.8,48451425,2250150
13-02-2025 09:48,23210,340425,631350,167.05,39011475,513525,28.85,48479625,2273625
13-02-2025 09:48,23212.4,340575,630900,167.45,39016425,517875,27.85,48474000,2297625
13-02-2025 09:48,23214,340500,634950,166.65,39017100,524325,28.5,48470850,2304675
13-02-2025 09:48,23205.45,342300,636075,161.7,39007500,516450,29.3,48474750,2309025
13-02-2025 09:49,23203,337800,631950,163.8,38992125,512400,28.45,48454950,2293425
13-02-2025 09:49,23214.25,343950,630750,168.45,39014850,524625,27.3,48416250,2331300
13-02-2025 09:49,23216.95,345150,607200,171.5,39034425,484800,25.95,48326325,2354100
13-02-2025 09:49,23208.9,342750,626925,169.95,39027075,485700,26.95,48214200,2349300
13-02-2025 09:49,23212,335175,630150,167.85,39023025,498450,27.65,48296850,2338350
13-02-2025 09:49,23214,340050,632925,169.8,39024000,498900,26.7,48302400,2366100
13-02-2025 09:50,23213.95,341400,632775,169.45,39023475,509925,26.6,48251175,2373600
13-02-2025 09:50,23210,340650,633825,168.25,39017025,516300,27.05,48279375,2384475
13-02-2025 09:50,23212,346650,630825,168,39016575,520425,27.5,48307950,2391825
13-02-2025 09:50,23210,350100,625125,166.6,39018225,519825,28,48337050,2394375
13-02-2025 09:50,23210,343500,629475,168.75,39016425,521175,26.85,48386400,2413875
13-02-2025 09:50,23212.25,343050,637575,167.15,39020025,510675,27.4,48398100,2435250
13-02-2025 09:51,23210,346725,637050,167.85,39014400,517800,26.9,48417150,2461500
13-02-2025 09:51,23214.4,348525,623625,171.5,39005100,514575,26,48414975,2507325
13-02-2025 09:51,23217.25,350325,616200,173.4,39015375,483375,24.5,48352200,2504700
13-02-2025 09:51,23218.5,347400,614250,174.75,39021000,474300,24.05,48179175,2491275
13-02-2025 09:51,23217.85,347325,617775,171.8,39017325,473250,25.35,48243525,2456250
13-02-2025 09:51,23212.5,351000,627300,169.2,39000150,479100,26.1,48284100,2467800
13-02-2025 09:52,23215,351375,618600,172.75,39019050,477750,24.8,48279150,2519625
13-02-2025 09:52,23216,352725,619575,173.65,39025875,482325,24.85,48250200,2543850
13-02-2025 09:52,23217.25,352500,613950,175.65,39029625,471975,23.85,48219525,2571525
13-02-2025 09:52,23218,352500,613800,176.9,39030975,465300,23.75,48312750,2569500
13-02-2025 09:52,23221,352125,607800,176.7,39033525,445875,23.65,48289125,2583450
13-02-2025 09:52,23219.85,353850,605100,177.7,39024525,439050,22.4,48280725,2607450
13-02-2025 09:53,23227.8,358125,591525,185.55,39039600,435825,21.5,48168825,2608950
13-02-2025 09:53,23231.95,361425,571875,190.25,39029700,323925,21.75,48113025,2599200
13-02-2025 09:53,23232.95,361425,534450,190.75,39012675,281475,21.95,48125100,2584350
13-02-2025 09:53,23236,361500,534450,192.05,39022650,287250,22.65,48169200,2588325
13-02-2025 09:53,23240.1,362025,496800,198.85,39008850,220875,22.35,48165225,2564025
13-02-2025 09:53,23241.85,359625,493875,194.05,39020625,239025,21.4,48201750,2572875
13-02-2025 09:54,23238.6,361575,490500,196.85,39019275,238125,20.2,48177900,2629050
13-02-2025 09:54,23243.05,363525,491100,196.2,39025425,236025,20,47970000,2629125
13-02-2025 09:54,23242,357375,499425,194.05,39021225,251850,20.35,47926200,2610150
13-02-2025 09:54,23242.5,367725,496125,200,39011175,248850,18.9,47925825,2562900
13-02-2025 09:54,23248,369975,484575,202.25,39016350,248850,18.2,47875125,2577825
13-02-2025 09:54,23250,365850,482100,201.9,39029700,264600,18.3,47888475,2590575
13-02-2025 09:55,23250.85,369375,476700,206.5,39023175,267300,18,47860200,2586600
13-02-2025 09:55,23252.25,367800,482100,203.4,39032775,253725,18.8,47919900,2566350
13-02-2025 09:55,23240.1,369150,489825,197.3,39026100,269775,19.05,47947875,2530575
13-02-2025 09:55,23240,365400,499425,197.1,39000000,281250,19.5,47973900,2519325
13-02-2025 09:55,23240.8,375450,498900,200.5,39009450,293475,19.6,48007200,2513025
13-02-2025 09:55,23245,370950,496425,200.55,39008850,289050,19.55,48007500,2555925
13-02-2025 09:56,23245,372225,492300,199.85,39014175,290100,19.6,48051900,2567475
13-02-2025 09:56,23243.9,377250,491175,203.2,39011025,290475,19.15,48072375,2581650
13-02-2025 09:56,23245,377700,491100,204.4,39010650,283575,19.25,48038550,2587425
13-02-2025 09:56,23244.7,380400,492150,204.4,39018075,274875,19.3,48098475,2602950
13-02-2025 09:56,23248.45,374625,493875,202.45,39016575,271500,20.1,48130575,2606100
13-02-2025 09:56,23239,372075,504150,197.05,38994750,287850,20.55,48155250,2542125
13-02-2025 09:57,23240,371100,504150,200.25,38986950,287175,21,48170700,2536575
13-02-2025 09:57,23236.05,364350,504300,196,38992800,303225,21.4,48173250,2536725
13-02-2025 09:57,23229,362550,513300,191.35,38953725,305775,22.05,48175275,2507550
13-02-2025 09:57,23230.05,369525,509475,193.4,38932575,303750,22.55,48166275,2565450
13-02-2025 09:57,23236.05,378675,508800,198.45,38929575,314325,20.65,48149550,2645625
13-02-2025 09:57,23241.85,382650,501975,204.5,38935950,311475,18.9,48104925,2653650
13-02-2025 09:58,23252,381000,492150,215.95,38937375,275100,18.1,48036075,2640975
13-02-2025 09:58,23256.75,379275,491400,210.45,38940975,173025,19,48096150,2634600
13-02-2025 09:58,23254.15,377100,501750,210.05,38928675,186825,19.55,48186150,2622675
13-02-2025 09:58,23244,378225,507525,199.8,38933700,197475,21.35,48229275,2642475
13-02-2025 09:58,23240,372300,508575,199.95,38876550,218250,21.25,48245850,2638575
13-02-2025 09:58,23237,369750,506700,196.65,38878875,233175,21.95,48284925,2659650
13-02-2025 09:59,23241.95,377475,504375,201.7,38872725,230775,20.7,48276150,2688525
13-02-2025 09:59,23244.1,382350,487575,207.15,38876775,229950,19.65,48263325,2731425
13-02-2025 09:59,23246.25,381675,493725,208.55,38873325,235650,19.3,48274425,2736975
13-02-2025 09:59,23248,383550,491850,207.55,38881725,233100,19.2,48264375,2740200
13-02-2025 09:59,23249.15,374475,502125,204.8,38883600,243375,19.65,48329100,2759550
13-02-2025 09:59,23244.8,377850,503250,207,38888325,246900,19.1,48330000,2772975
13-02-2025 10:00,23242.3,377400,503625,203.05,38893350,249375,19.75,48349725,2784225
13-02-2025 10:00,23245,381525,497850,206.1,38889600,252300,19.35,48382200,2772750
13-02-2025 10:00,23245,381975,504075,206.3,38881425,258375,19.9,48416850,2761950
13-02-2025 10:00,23246.9,386400,498000,209.85,38891100,258300,19.25,48413250,2659275
13-02-2025 10:00,23247.6,385650,499425,209.15,38893725,238575,19,48395925,2659875
13-02-2025 10:00,23250,382050,503550,207.05,38890950,241575,19.8,48408600,2647950
13-02-2025 10:01,23252,386775,498975,208.85,38898825,239175,18.95,48389100,2664300
13-02-2025 10:01,23253.95,384750,500625,207.5,38900400,238275,19.15,48360075,2691225
13-02-2025 10:01,23248.05,382125,508575,205.75,38895225,242550,19.7,48400500,2710125
13-02-2025 10:01,23243,375525,513150,201.15,38884125,242925,20.7,48400425,2717700
13-02-2025 10:01,23242,380025,514425,202.7,38884950,243300,20.75,48375450,2665950
13-02-2025 10:01,23241.25,376650,512400,203.85,38881800,245475,20.75,48399825,2669175
13-02-2025 10:02,23240.05,380025,514500,201.6,38859300,250650,21,48410550,2697225
13-02-2025 10:02,23248.55,388200,510600,211,38913600,256275,19.05,48392700,2754375
13-02-2025 10:02,23255.1,389175,493350,216.7,38915250,219900,18.1,48240450,2754450
13-02-2025 10:02,23262,383100,490800,218.7,38911200,204450,18,48172575,2749200
13-02-2025 10:02,23262.8,383925,492375,215.65,38911125,210225,18.1,48220950,2781150
13-02-2025 10:02,23263.7,384150,499500,217,38901825,217500,18.35,48268425,2785500
13-02-2025 10:03,23260,383775,502950,216.1,38911050,217950,18.2,48324225,2786625
13-02-2025 10:03,23255.25,381675,503550,213.15,38905800,227775,18.55,48376500,2816175
13-02-2025 10:03,23253.3,378450,501375,213.35,38799825,231075,18,48419025,2813550
13-02-2025 10:03,23260,383775,499275,218.95,38814450,230325,16.95,48333225,2840175
13-02-2025 10:03,23260,383400,498900,216.8,38809050,210150,17.9,48268800,2835825
13-02-2025 10:03,23253.4,378375,506025,214.55,38808975,224925,17.95,48342375,2826750
13-02-2025 10:04,23250.3,370800,513075,210.55,38808825,231375,18.55,48351750,2835675
13-02-2025 10:04,23253.8,386100,505650,214.7,38614125,235800,18.05,48381375,2871450
13-02-2025 10:04,23255.25,386250,505950,215.2,38621475,235425,17.5,48377025,2900175
13-02-2025 10:04,23255.25,383625,503475,212.85,38562300,241725,17.8,48405375,2908200
13-02-2025 10:04,23253.35,385200,502275,215.05,38554800,246900,17.5,48420000,2941425
13-02-2025 10:04,23254.8,385725,502500,216.1,38506425,247125,17.15,48430875,2942925
13-02-2025 10:05,23259.6,386775,502950,217.7,38320350,249300,17,48415800,2955900
13-02-2025 10:05,23258.75,387150,499650,220,38304750,247875,16.45,48411075,2943375
13-02-2025 10:05,23260.55,388650,505650,218.65,38300775,232275,16.95,48393900,2926425
13-02-2025 10:05,23255,391350,510075,214.85,38292450,230925,17.45,48429750,2911725
13-02-2025 10:05,23255,389250,511650,217.35,38285475,238800,16.85,48430500,2921850
13-02-2025 10:05,23258.65,386100,517200,213.25,38288625,244275,17.7,48479100,2919675
13-02-2025 10:06,23256,388125,522675,216.7,38275575,249225,17.05,48496350,2886075
13-02-2025 10:06,23260,385125,506475,213.5,38290875,243825,17.6,48450000,2901150
13-02-2025 10:06,23253.65,387900,508200,213.3,38292150,252975,17.85,48526875,2865450
13-02-2025 10:06,23251.9,387975,507750,212.95,38266650,259650,17.65,48559200,2862150
13-02-2025 10:06,23254.85,382125,520050,208.6,38219400,260925,18.4,48582450,2857950
13-02-2025 10:06,23255,387675,516525,213.3,38174625,259725,18.1,48545850,2846475
13-02-2025 10:07,23250,381900,519750,211.85,38169150,261675,18.7,48564750,2860800
13-02-2025 10:07,23252.2,388275,513600,214.4,38185425,261225,18.05,48541575,2875950
13-02-2025 10:07,23253.65,380925,522900,211.75,38187600,265200,18.9,48603375,2882550
13-02-2025 10:07,23259.5,385425,514800,213.85,38193900,266550,18.15,48591750,2920500
13-02-2025 10:07,23253.05,387225,522000,213.35,38201400,271350,18.05,48603525,2933325
13-02-2025 10:07,23254.2,390825,521850,214.95,38205975,266775,17.55,48602925,2966325
13-02-2025 10:08,23254.2,390750,521850,213.9,38200050,273975,17.45,48610950,2964375
13-02-2025 10:08,23253.85,381525,527850,209.85,38187600,278625,18.1,48629250,2938725
13-02-2025 10:08,23250.15,386700,523725,210.2,38166825,279375,18.2,48633600,2930175
13-02-2025 10:08,23250.75,386850,527250,213.5,38163750,280425,18.3,48660750,2912700
13-02-2025 10:08,23251.05,387525,524850,212.15,38164275,281325,18.3,48678075,2921175
13-02-2025 10:08,23251.7,380700,526275,209.6,38170725,285450,18.7,48679950,2926875
13-02-2025 10:09,23254.55,385650,522300,211.7,38155275,280950,18.25,48635775,2949825
13-02-2025 10:09,23250.05,383550,524400,210.95,38159325,293025,18.3,48714975,2941125
13-02-2025 10:09,23247.2,387000,523800,210,38161950,293850,18.45,48698775,2941125
13-02-2025 10:09,23241,383550,527625,201.85,38139675,296025,19.55,48738600,2935800
13-02-2025 10:09,23239.15,383400,531600,201.3,38023125,299250,20.5,48714675,2844675
13-02-2025 10:09,23235.5,379875,514500,202.6,38023275,294225,20.9,48716475,2775450
13-02-2025 10:10,23246.45,391425,521850,203.75,38025375,289500,21.25,48713550,2753475
13-02-2025 10:10,23243,393225,521550,202,38032650,288375,20.65,48675300,2624775
13-02-2025 10:10,23243.1,396225,520725,205.95,38038875,294150,20.8,48747675,2706825
13-02-2025 10:10,23245.15,393075,517800,208.55,38051700,287850,19.7,48727950,2763450
13-02-2025 10:10,23243.5,390675,526425,203.2,38063175,292050,20.9,48745350,2754900
13-02-2025 10:10,23240.75,395625,521100,204.75,38072775,292950,20.55,48770100,2790450
13-02-2025 10:11,23240.9,391950,524550,205.35,38078100,292650,20.8,48817650,2790375
13-02-2025 10:11,23240,390675,530100,203.5,38077800,300300,21.3,48836175,2763225
13-02-2025 10:11,23240,396150,528900,204.15,38086425,299625,21.4,48847500,2801550
13-02-2025 10:11,23240.3,395925,526950,205.1,38083350,294675,21.3,48840450,2837475
13-02-2025 10:11,23241.5,397050,527475,206.15,38079600,305100,20.9,48843525,2863800
13-02-2025 10:11,23251,398325,522000,212.9,38085075,305550,19.55,48828150,2910525
13-02-2025 10:12,23256,398400,520875,214.95,38089275,287100,19.05,48750525,2913750
13-02-2025 10:12,23251.3,403275,519975,214.3,38114625,270375,19.55,48737625,2892000
13-02-2025 10:12,23251.45,407250,521700,213.9,38122575,269550,18.95,48759075,2870100
13-02-2025 10:12,23251.4,396075,525900,212.65,38120625,275100,19.65,48803400,2840400
13-02-2025 10:12,23245.05,397425,529350,207.6,38124450,277950,20.45,48848850,2838225
13-02-2025 10:12,23240,388425,535125,203.4,38109750,279900,20.8,48853050,2811975
13-02-2025 10:13,23238,389325,534150,202.2,38105250,282975,21.5,48862575,2781825
13-02-2025 10:13,23237.95,391800,531675,204.9,38098200,287625,21,48863925,2752050
13-02-2025 10:13,23238.2,394800,533400,202.65,38049525,289575,21.2,48834450,2740350
13-02-2025 10:13,23233.8,398175,534900,200.8,38061675,297975,22.25,48887400,2773725
13-02-2025 10:13,23233.95,389775,531075,197,38067450,304350,22.3,48891750,2809800
13-02-2025 10:13,23233.95,375600,533025,191.95,38073225,309750,23.7,48936450,2825775
13-02-2025 10:14,23229.05,376500,532575,197.25,38072400,309225,23,48930225,2766300
13-02-2025 10:14,23233.1,378750,529800,197.3,38074050,309600,22.9,48905550,2787450
13-02-2025 10:14,23235,395025,533700,200.95,38082300,309975,21.6,48921375,2815650
13-02-2025 10:14,23240,398250,527925,201.4,38088150,306900,21.45,48878175,2819250
13-02-2025 10:14,23242,396750,522075,203.25,38089125,308625,20,48825300,2807400
13-02-2025 10:14,23243.9,401925,525975,201.05,38093400,312900,20.45,48762825,2803725
13-02-2025 10:15,23249.95,405450,515625,207.3,38093025,311175,18.8,48759900,2811900
13-02-2025 10:15,23252,404925,522525,211.15,38143050,284175,18.55,48623550,2809575
13-02-2025 10:15,23249.2,403425,629400,204.5,38139300,287400,19.3,48627000,2807700
13-02-2025 10:15,23249.1,407550,625350,207.45,38144925,292575,18.9,48658125,2801175
13-02-2025 10:15,23251,412650,624750,212.45,38156025,295350,17,48648075,2833500
13-02-2025 10:15,23255,408600,623550,210,38162175,289350,17.8,48538125,2833425
13-02-2025 10:16,23252.5,409800,627600,210.85,38151150,295800,17.95,48648000,2838825
13-02-2025 10:16,23250.1,406575,627300,208.45,38136825,302700,18.2,48675825,2854650
13-02-2025 10:16,23250.95,412200,629175,211.25,38131725,302925,18.15,48715800,2878500
13-02-2025 10:16,23259,410625,623025,216.9,38134125,296700,16.35,48681450,2898375
13-02-2025 10:16,23254.65,409500,621825,215.5,38133825,261225,17,48581850,2886075
13-02-2025 10:16,23255.05,409725,626250,214.05,38138175,266025,17.3,48643725,2903550
13-02-2025 10:17,23260,409350,724350,215.45,38151375,269100,16.4,48618300,2952225
13-02-2025 10:17,23258,409050,726600,215.55,38150175,265725,16.6,48645975,2964225
13-02-2025 10:17,23260,411450,726750,215.9,38135250,264225,16.45,48658500,2959050
13-02-2025 10:17,23260,403725,724425,212.35,38131125,267750,16.05,48640950,2964450
13-02-2025 10:17,23258,411675,726975,213.45,38124375,270075,15.65,48560625,2979225
13-02-2025 10:17,23255,398475,730875,210.3,38019750,277125,15.6,48579225,2976675
13-02-2025 10:18,23257.4,402450,732975,212.8,38014650,276300,15.95,48585450,2940375
13-02-2025 10:18,23254.3,398025,741000,207.2,38019375,279525,16.75,48652575,2963550
13-02-2025 10:18,23250,398700,737850,206.1,38012100,285225,17.15,48659850,2916000
13-02-2025 10:18,23249.7,405000,739650,209.35,38009325,286275,16.75,48653775,2991675
13-02-2025 10:18,23251.85,389325,741150,206.4,38011350,291000,17.2,48683925,2967075
13-02-2025 10:18,23243.15,397500,744375,205.9,38009775,294000,17.1,48694275,2957775
13-02-2025 10:19,23252.4,408525,741825,211.5,38025375,294000,16.1,48652800,3015375
13-02-2025 10:19,23249.05,399300,737775,206.7,38024025,292650,16.7,48720675,3014100
13-02-2025 10:19,23247.75,399600,740850,206,38029500,296475,17.35,48768750,3007125
13-02-2025 10:19,23250,399675,740700,207.05,38025825,297000,17.05,48780075,2994150
13-02-2025 10:19,23246.05,398925,740100,205.1,38024325,298575,17.9,48814575,2987850
13-02-2025 10:19,23244,401175,741825,204.2,38021925,301125,17.4,48758550,2964675
13-02-2025 10:20,23241.2,402450,744675,202,38020500,301500,17.75,48754650,2997000
13-02-2025 10:20,23241.1,396225,741375,201.85,38019750,310800,18.4,48786675,2963400
13-02-2025 10:20,23236.55,397575,744525,202.4,38010000,308400,19.5,48783600,2914050
13-02-2025 10:20,23236,402450,738300,199.15,37959375,317250,20.3,48779250,2798625
13-02-2025 10:20,23235,407250,738975,200.3,37964100,321000,19.75,48801900,2892150
13-02-2025 10:20,23235.3,403500,733425,197.9,37960500,322050,19.9,48800025,2904525
13-02-2025 10:21,23238,401850,736725,198.4,37971600,324675,18.9,48784125,2945550
13-02-2025 10:21,23235,398250,740400,195.1,37970025,325725,19.85,48811650,2903400
13-02-2025 10:21,23234.35,403800,740925,198,37964100,319425,19.6,48852600,2904075
13-02-2025 10:21,23235.9,395475,742800,195,37968975,319650,20.35,48849900,2909100
13-02-2025 10:21,23231.2,399750,740025,192.7,37968375,324300,19.85,48838050,2932950
13-02-2025 10:21,23224,390375,745125,183.7,37944900,325125,21.45,48852825,2923500
13-02-2025 10:22,23220.05,391875,743850,186.1,37888200,320175,21.6,48862125,2772975
13-02-2025 10:22,23221.65,397725,740475,186.15,37895925,325500,22.4,48878775,2774175
13-02-2025 10:22,23219.75,394125,739350,184.75,37898325,335475,21.8,48903150,2771925
13-02-2025 10:22,23219.7,397800,741075,184.25,37900575,340500,22.35,48883125,2785725
13-02-2025 10:22,23221.85,409800,736050,188.35,37914900,339675,21.3,48881475,2840700
13-02-2025 10:22,23232.95,409725,730950,190.05,37946625,339150,20.05,48884400,2879100
13-02-2025 10:23,23236.7,411600,726000,201,37959750,328425,18,48741450,2893500
13-02-2025 10:23,23253.85,411825,729225,206.65,37940100,302925,16.55,48581775,2923575
13-02-2025 10:23,23244.85,399450,741150,196.55,37925025,284325,18.75,48656400,2883825
13-02-2025 10:23,23240.9,407925,731100,201.7,37915425,290550,18.2,48697950,2902875
13-02-2025 10:23,23241,409350,741375,200.3,37915425,299775,18.95,48756450,2896500
13-02-2025 10:23,23236.65,409500,738525,198.35,37934550,304800,19.8,48794100,2904225
13-02-2025 10:24,23239.2,405750,743100,195.65,37933350,308325,20,48810225,2908500
13-02-2025 10:24,23230.8,399900,744300,188.15,37795050,310425,21.75,48833850,2894850
13-02-2025 10:24,23225.75,408300,743775,188.4,37780875,315750,21.45,48837375,2900325
13-02-2025 10:24,23224,393375,778425,187.15,37785900,318525,21.4,48844575,2916450
13-02-2025 10:24,23223.6,406050,782625,184.75,37777425,317850,21.75,48880350,2890950
13-02-2025 10:24,23223.95,413025,768150,187,37797600,319950,20.95,48876750,2934750
13-02-2025 10:25,23224,413475,772275,187.5,37829250,323775,21.6,48854475,2956050
13-02-2025 10:25,23221,409575,769650,185.2,37830675,341250,22,48881850,2991000
13-02-2025 10:25,23220,409725,768900,181.35,37790325,334200,21.5,48877275,2951925
13-02-2025 10:25,23222.15,411525,767025,185.55,37782600,334350,21.4,48896025,2959050
13-02-2025 10:25,23228.35,420750,766350,192,37792050,326400,19.05,48837150,3005925
13-02-2025 10:25,23235.55,409125,738750,190.95,37789125,319350,19.9,48782625,3018600
13-02-2025 10:26,23225,411675,748275,184.7,37783800,328275,21.55,48852450,3023850
13-02-2025 10:26,23228.6,416175,733650,186.35,37782825,330675,20.55,48873600,3043500
13-02-2025 10:26,23225,417000,743475,183.15,37789500,338325,21.45,48915225,3075375
13-02-2025 10:26,23221,406650,744525,181,37778925,336675,21.9,48926400,3026475
13-02-2025 10:26,23221.65,417000,743025,183,37775700,336600,21.35,48921825,3042000
13-02-2025 10:26,23217.75,413550,747225,182.35,37783875,334800,21.95,48923850,3055125
13-02-2025 10:27,23220,413250,743100,180.9,37779975,357825,21.7,48907350,3056925
13-02-2025 10:27,23224,421875,739950,186.7,37796625,341475,21,48914025,3111300
13-02-2025 10:27,23224,419325,743025,186.5,37800975,334950,21.25,48911025,3128625
13-02-2025 10:27,23228.1,421950,740325,188.25,37807950,331275,19.5,48907575,3151200
13-02-2025 10:27,23230.2,420450,735225,187.85,37808175,332250,19.25,48881475,3154425
13-02-2025 10:27,23221.2,420750,743175,179,37809525,348900,21.7,48967200,3177975
13-02-2025 10:28,23220,408975,740775,177,37793325,348000,21.6,48954375,3066900
13-02-2025 10:28,23218,410475,744825,177,37792500,353325,20.75,48978075,3025425
13-02-2025 10:28,23217.95,413175,747375,177.5,37789575,354375,20.75,48991125,3054900
13-02-2025 10:28,23215.75,411525,743325,177.15,37768350,356850,20.8,48930600,3084900
13-02-2025 10:28,23211.25,410475,743100,173.2,37767600,368775,21.6,48997050,3082350
13-02-2025 10:28,23208,402450,740850,171.05,37752525,357900,23.35,49017900,3035325
13-02-2025 10:29,23204.4,417225,737100,170.85,37716375,360825,23.4,49035150,2628900
13-02-2025 10:29,23208.5,419025,739200,175.05,37734000,359400,21.55,49042350,2691975
13-02-2025 10:29,23220,420075,738600,181.55,37749600,355350,19.55,48928575,2785950
13-02-2025 10:29,23217.2,419625,734775,182,37753650,353025,19.7,48831075,2792325
13-02-2025 10:29,23217.15,417300,737400,181.4,37758075,363450,20.15,48913950,2833650
13-02-2025 10:29,23216.4,411825,735225,180.7,37758150,366225,21.85,48977175,2861700
13-02-2025 10:30,23215.45,418125,742950,181.6,37760100,372150,21.55,48982800,2851875
13-02-2025 10:30,23212.2,413625,737475,176,37764000,375000,22.1,48958125,2890650
13-02-2025 10:30,23211.1,415425,744525,176,37758450,374850,21.45,48963750,2932125
13-02-2025 10:30,23211.4,419625,747375,176.05,37758075,369750,21.4,49016475,2913000
13-02-2025 10:30,23219.6,423750,734475,180.6,37767450,366825,20.55,48991725,2918400
13-02-2025 10:30,23222,423000,730425,185.15,37766475,364350,19.6,48960300,2946375
13-02-2025 10:31,23227.25,425775,724800,191.6,37778550,343350,17.65,48817350,2953575
13-02-2025 10:31,23231.15,416925,734700,189.85,37778775,330150,17.9,48648450,2945850
13-02-2025 10:31,23230,430125,734550,191.1,37772100,339150,18.8,48685050,2955600
13-02-2025 10:31,23224.25,424500,741900,189.15,37773825,354900,19.05,48747150,2987100
13-02-2025 10:31,23223.8,424350,743775,188.65,37767750,363300,19.1,48756525,3015675
13-02-2025 10:31,23226.85,425325,738075,190.9,37776150,356100,17.75,48733725,3086100
13-02-2025 10:32,23230,427575,737925,191.8,37818825,353175,17.55,48726600,3083100
13-02-2025 10:32,23226.85,427725,739575,191.15,37817850,348375,17.65,48744150,3068850
13-02-2025 10:32,23225.5,423600,737475,187.5,37812000,355500,18.4,48798600,3060975
13-02-2025 10:32,23221.45,420825,744750,184.75,37802700,358050,19.2,48829800,3020325
13-02-2025 10:32,23223.25,434100,737175,188.05,37772700,354975,18.5,48819825,3033525
13-02-2025 10:32,23227.05,426975,741150,189.75,37782525,357300,18.35,48820125,3069600
13-02-2025 10:33,23232,422175,739425,191,37786875,354075,17.85,48811650,3111750
13-02-2025 10:33,23235.9,425850,733425,197.35,37786650,352125,15.85,48812475,3118050
13-02-2025 10:33,23242,429900,730575,200.45,37785300,318300,14.9,48556425,3111075
13-02-2025 10:33,23242,426600,729975,202.35,37786800,302775,15.1,48432150,3080625
13-02-2025 10:33,23243.35,425775,726450,204.05,37801125,295125,14.95,48429600,3102375
13-02-2025 10:33,23244.65,426150,737025,202.25,37806750,297300,14.85,48485700,3093300
13-02-2025 10:34,23247.45,419925,739800,200.85,37792050,312000,15.3,48542775,3056850
13-02-2025 10:34,23246.45,426825,743100,203.1,37783650,316050,15,48603825,3088500
13-02-2025 10:34,23240.4,422550,740550,200.1,37778475,325275,15.25,48590775,3096450
13-02-2025 10:34,23240,422775,739275,200.15,37777575,313275,15.4,48639825,3101175
13-02-2025 10:34,23242,422775,746325,199.15,37764600,317325,14.85,48680850,3104475
13-02-2025 10:34,23240,424800,738900,199.6,37769850,319125,15.05,48608475,3098025
13-02-2025 10:35,23242,430725,736275,201.45,37774125,319050,14.15,48603000,3166500
13-02-2025 10:35,23244.05,428700,733800,203.4,37775400,317250,13.8,48487800,3183225
13-02-2025 10:35,23248.45,427275,733800,204.1,37778625,319575,13.35,48436500,3177750
13-02-2025 10:35,23244,424350,734475,203.2,37782525,316725,13.85,48458250,3124875
13-02-2025 10:35,23241.65,426300,737325,200.75,37778025,323025,13.75,48523050,3128250
13-02-2025 10:35,23247.15,421125,746925,198.75,37767675,324900,14.15,48530850,3146700
13-02-2025 10:36,23245.95,424425,744375,198.65,37770525,327375,13.9,48552450,3188475
13-02-2025 10:36,23238.65,421425,746100,198.85,37771200,332400,14.05,48603225,3212175
13-02-2025 10:36,23244,423900,743250,198.8,37776600,335100,14.45,48605625,3208125
13-02-2025 10:36,23240.95,426450,744525,199.45,37777200,337650,14.4,48632700,3206325
13-02-2025 10:36,23244,422175,744300,199.2,37778175,342300,14.35,48645900,3198675
13-02-2025 10:36,23243.25,431325,743250,202.8,37784700,343050,13.65,48636600,3241275
13-02-2025 10:37,23248,428325,739425,204.6,37784625,331200,12.5,48583575,3267075
13-02-2025 10:37,23248.75,429600,735900,204.65,37797525,317100,12.5,48494250,3280350
13-02-2025 10:37,23255,426750,735075,205.9,37791450,305025,12.45,48481725,3226125
13-02-2025 10:37,23255.9,424800,737100,206.4,37790850,302325,11.95,48475200,3227100
13-02-2025 10:37,23252.2,426750,733725,209.35,37788825,302700,11.8,48393075,3236025
13-02-2025 10:37,23256.7,426750,734400,210.5,37784625,295650,11.75,48419325,3253800
13-02-2025 10:38,23260,430725,727875,214.4,37783725,276825,11.35,48380925,3257700
13-02-2025 10:38,23265,425775,730350,218.4,37783875,259500,11.4,48392100,3225150
13-02-2025 10:38,23270,426525,715425,224.65,37791675,227325,10.9,48358800,3270975
13-02-2025 10:38,23272,426375,716550,221.25,37788900,189075,10.9,48251025,3242850
13-02-2025 10:38,23271.45,428700,719475,224.15,37763700,195000,11.35,48345525,3226125
13-02-2025 10:38,23274,425175,716175,223.75,37767600,207150,11.5,48360450,3213450
13-02-2025 10:39,23271.8,428175,729375,221.3,37767600,206475,11.7,48356850,3198150
13-02-2025 10:39,23270,424275,726225,222.65,37755300,219375,11.1,48408075,3268350
13-02-2025 10:39,23269.9,426825,718650,224.85,37788300,215325,10.8,48375675,3290025
13-02-2025 10:39,23269.9,426000,721725,224.55,37778325,218100,11,48431625,3270675
13-02-2025 10:39,23269.25,424800,721725,224.65,37555350,215175,11.05,48419775,3243000
13-02-2025 10:39,23270,425250,722475,224.65,37549950,215250,11.1,48233700,3227325
13-02-2025 10:40,23269,423675,723750,222.65,37550325,222075,11.45,48265125,3237600
13-02-2025 10:40,23269,416925,734175,221.15,37544550,228975,11.6,48352950,3204375
13-02-2025 10:40,23266,421200,733425,218.05,37526325,224100,11.5,48390900,3231225
13-02-2025 10:40,23269,420450,731475,223.3,37521225,224775,11.3,48383850,3247275
13-02-2025 10:40,23269.05,421500,731025,223.25,37529325,228825,10.75,48356325,3307200
13-02-2025 10:40,23271,426600,725025,228.35,37543200,210450,10.45,48250125,3330825
13-02-2025 10:41,23275.5,426825,725625,230.95,37538100,207825,10.05,48239700,3348525
13-02-2025 10:41,23270.6,424875,728100,223.25,37536525,199650,10.45,48316275,3315300
13-02-2025 10:41,23272,426225,726225,223.05,37524975,204975,10.55,48326250,3312150
13-02-2025 10:41,23270,424725,727200,224.7,37529100,208500,10.75,48362700,3261975
13-02-2025 10:41,23272,426300,727575,225.45,37528950,206850,10.6,48385050,3318675
13-02-2025 10:41,23272.95,421725,727650,222.25,37526475,210900,10.55,48375675,3297825
13-02-2025 10:42,23272,421725,732000,221.4,37524750,212400,10.6,48409800,3288300
13-02-2025 10:42,23270,419775,736575,221.15,37515000,214875,10.8,48453600,3295575
13-02-2025 10:42,23270,420150,735000,223.35,37511475,215925,10.6,48466425,3313125
13-02-2025 10:42,23265.5,420225,734850,224.5,37512750,219375,10.35,48470100,3300600
13-02-2025 10:42,23266.05,424200,733425,222.2,37517025,217350,10.4,48492675,3339750
13-02-2025 10:42,23268,423750,733500,223.05,37517775,219750,10.55,48520800,3340350
13-02-2025 10:43,23265.25,426675,735075,223.15,37509075,220875,10.65,48526800,3357750
13-02-2025 10:43,23268,425700,736200,222.35,37506600,222300,10.4,48537150,3360675
13-02-2025 10:43,23269.9,427800,735450,223.4,37503375,225450,10.25,48473400,3426975
13-02-2025 10:43,23269.85,422775,734925,221.9,37501650,223725,10.15,48277350,3393750
13-02-2025 10:43,23269.8,425925,736800,222,37497075,223725,10.35,48312075,3391575
13-02-2025 10:43,23269.85,425625,734175,221.15,37499625,224100,10.5,48376875,3385875
13-02-2025 10:44,23265.2,427575,738825,221.45,37501800,224175,10.75,48421125,3327750
13-02-2025 10:44,23265.2,423375,742950,217.55,37500225,231000,10.8,48454575,3350775
13-02-2025 10:44,23265.35,426300,742575,221.8,37497525,229950,11,48437850,3371850
13-02-2025 10:44,23265.2,422700,745350,217.25,37497750,228300,11.2,48481875,3302475
13-02-2025 10:44,23260,422550,752775,216.85,37491300,228750,11.2,48586125,3287325
13-02-2025 10:44,23263,420900,749175,214,37481775,227025,11.35,48603150,3314925
13-02-2025 10:45,23265,427050,749400,216.45,37488675,224925,11.05,48634050,3394575
13-02-2025 10:45,23268,427050,745650,220.6,37486875,223500,10.9,48544425,3463050
13-02-2025 10:45,23267.85,428850,743625,219.1,37490325,223125,11,48584100,3432600
13-02-2025 10:45,23265.35,431325,742425,221.5,37492350,224475,11,48556425,3462000
13-02-2025 10:45,23269,432600,739125,222.2,37499775,223650,10.9,48558750,3505725
13-02-2025 10:45,23268,424575,743475,217.1,37496025,237450,10.95,48621150,3393150
13-02-2025 10:46,23263,416700,748800,214.75,37488975,238575,11.15,48648825,3400800
13-02-2025 10:46,23263.1,420600,746625,219.05,37492500,236700,11.05,48615450,3378825
13-02-2025 10:46,23263.1,420225,748500,217.85,37493700,246375,11.3,48634125,3433950
13-02-2025 10:46,23263,420150,747900,214.25,37492950,250650,11.15,48667350,3393150
13-02-2025 10:46,23260.65,421650,750450,213.2,37492200,247275,11.5,48651450,3409650
13-02-2025 10:46,23256,422850,756225,209.4,37472625,255225,11.6,48628875,3368025
13-02-2025 10:47,23255.95,419775,752100,207.25,37455300,255900,11.7,48682275,3359250
13-02-2025 10:47,23253.5,414375,749475,204.5,37452375,250875,12.05,48691725,3346125
13-02-2025 10:47,23250.3,418350,751575,206,37442025,248550,11.9,48639150,3264225
13-02-2025 10:47,23252.8,423900,747000,207.45,37445625,244350,11.75,48658725,3316275
13-02-2025 10:47,23257.35,422925,751500,206.75,37446900,251325,11.85,48719325,3317925
13-02-2025 10:47,23255.5,412575,753375,204.5,37444800,257100,11.95,48719250,3317250
13-02-2025 10:48,23258,430800,751650,210.5,37463475,247125,11.3,48702900,3384750
13-02-2025 10:48,23259.55,427650,746400,212.4,37461600,245700,11.15,48542925,3407475
13-02-2025 10:48,23257.1,424875,744225,209.75,37460100,249300,11.5,48584400,3352275
13-02-2025 10:48,23255,424200,750450,205.75,37458825,250200,11.85,48617625,3366600
13-02-2025 10:48,23255.05,428325,749250,208.1,37460475,250125,11.7,48626175,3390675
13-02-2025 10:48,23254.9,422325,750675,207.6,37467450,255750,11.75,48621750,3410925
13-02-2025 10:49,23258.9,427275,747675,210.65,37484850,257250,11.4,48617475,3449250
13-02-2025 10:49,23258.9,424200,749625,209.7,37474800,256575,11.8,48658950,3493350
13-02-2025 10:49,23260,424425,747675,209.6,37475775,258525,11.3,48649800,3531300
13-02-2025 10:49,23258.55,424800,749100,210,37472850,262725,11.75,48672225,3474300
13-02-2025 10:49,23257.2,425400,749925,208,37477650,267075,11.6,48658200,3469200
13-02-2025 10:49,23255.45,425250,752325,207,37396725,269250,11.4,48630975,3477150
13-02-2025 10:50,23255.05,428175,754275,207.2,37412550,268050,11.75,48669300,3499575
13-02-2025 10:50,23257.3,421500,756750,207.6,37399350,266775,11.9,48657075,3517125
13-02-2025 10:50,23255.9,421125,755175,207.4,37388025,267450,11.95,48698850,3485850
13-02-2025 10:50,23255.9,418575,759525,202,37387725,275025,12.15,48648375,3482325
13-02-2025 10:50,23257.35,421500,763500,205.15,37385100,266325,11.85,48637500,3490650
13-02-2025 10:50,23253,419250,761025,201.05,37389150,275775,12.25,48662550,3456900
13-02-2025 10:51,23250.1,421200,766650,204.1,37391250,275850,11.95,48650775,3471975
13-02-2025 10:51,23247.35,420150,769050,202.8,37399425,278475,12.15,48641325,3461775
13-02-2025 10:51,23247.35,420450,760500,202.45,37385400,277875,12.2,48645000,3399150
13-02-2025 10:51,23254.25,424875,760875,206.35,37400550,281025,11.7,48623475,3441750
13-02-2025 10:51,23258.3,423675,760350,206.2,37397775,282450,11.25,48580200,3476175
13-02-2025 10:51,23260,424050,754425,210.6,37393050,290025,10.95,48561525,3532575
13-02-2025 10:52,23262.95,425700,750975,215.15,37393650,281775,9.8,48437025,3534000
13-02-2025 10:52,23258.3,422175,759825,211.5,37392975,279300,10.4,48408300,3504900
13-02-2025 10:52,23260,424200,752175,212.9,37384875,286575,10.65,48471750,3500550
13-02-2025 10:52,23260,425550,754650,211.35,37382475,287550,10.45,48511500,3450750
13-02-2025 10:52,23260,424500,757050,208.9,37386450,299925,10.8,48549225,3481650
13-02-2025 10:52,23260,426075,758475,209,37386075,301350,10.95,48556800,3459300
13-02-2025 10:53,23255,421050,763650,205,37385175,308400,11.3,48592800,3446400
13-02-2025 10:53,23252.9,426225,763650,206.05,37380000,310050,11.1,48605850,3457725
13-02-2025 10:53,23252.05,427275,759300,203.6,37381500,313875,11.35,48595125,3473325
13-02-2025 10:53,23254.9,423075,757125,205.8,37384875,314550,11,48606675,3481500
13-02-2025 10:53,23254.3,422400,761250,206.4,37389150,315900,11,48562950,3500400
13-02-2025 10:53,23258,425775,758325,208.75,37393500,317400,10.5,48599625,3530100
13-02-2025 10:54,23260,426300,751200,212.8,37394325,313950,9.85,48644400,3581175
13-02-2025 10:54,23259.15,425775,752775,209.65,37391100,306600,10.5,48964725,3546150
13-02-2025 10:54,23260,419400,752625,211.7,37394475,305100,10.35,48986775,3544275
13-02-2025 10:54,23258.65,416925,756900,210.25,37393125,312225,10.5,49031175,3548250
13-02-2025 10:54,23259.95,420150,754350,209.3,37393875,309825,10.5,49031925,3568725
13-02-2025 10:54,23260,420225,753150,210,37388775,307875,10.2,49020900,3612225
13-02-2025 10:55,23255.65,422775,753975,209.95,37387575,308175,10.05,48985125,3620925
13-02-2025 10:55,23255.45,422775,756975,205.45,37380825,300975,10.4,49082700,3598425
13-02-2025 10:55,23255.45,425925,756075,207.75,37378125,304950,10.2,49182225,3627450
13-02-2025 10:55,23255.1,425550,754200,207,37382025,302625,10.15,49076475,3675375
13-02-2025 10:55,23254,424950,754725,203.8,37378575,306750,10.15,49076325,3653325
13-02-2025 10:55,23255,424950,757050,202.7,37376025,313575,10.4,49098600,3613725
13-02-2025 10:56,23252.2,425475,752625,201.4,37387125,308775,11,49140225,3533850
13-02-2025 10:56,23252.25,425925,754800,203.8,37387950,308250,10.85,49120050,3553125
13-02-2025 10:56,23252.25,420525,758100,201.75,37388400,311400,11.1,49137750,3503775
13-02-2025 10:56,23252,425775,751725,203.4,37391925,310350,10.75,49140150,3547875
13-02-2025 10:56,23247.55,424200,757275,200,37387650,322500,10.9,49153350,3544500
13-02-2025 10:56,23250,429150,758850,197.7,37364550,318450,10.75,49175025,3646125
13-02-2025 10:57,23245.3,427425,757875,198.05,37358775,316575,10.85,49191375,3517425
13-02-2025 10:57,23248,423300,757725,194.2,37359000,319050,11.15,49185075,3524100
13-02-2025 10:57,23245,423750,754875,191.05,37362750,322800,11.65,49222200,3523650
13-02-2025 10:57,23242.05,429525,755100,193.15,37363050,322200,11.8,49208700,3489675
13-02-2025 10:57,23242.5,429150,751800,194.1,37369950,315675,11.55,49165425,3544125
13-02-2025 10:57,23245,430800,758100,192.05,37373400,330525,11.55,49164525,3556050
13-02-2025 10:58,23242.3,430575,750975,194,37358625,329550,11.15,49145550,3579825
13-02-2025 10:58,23245,431025,756825,192.3,37367850,332400,11.55,49220025,3579450
13-02-2025 10:58,23245,431250,752325,194.65,37380900,334050,11.1,49219050,3591450
13-02-2025 10:58,23247.8,434700,756375,198.05,37384875,327975,10.4,49067850,3676800
13-02-2025 10:58,23248.15,432825,758925,196.95,37384725,333750,11.2,49130475,3615000
13-02-2025 10:58,23245.05,430200,756825,194.7,37381575,335325,11.1,49168275,3541875
13-02-2025 10:59,23245.7,433125,755625,196.55,37386675,340650,10.75,49204650,3625950
13-02-2025 10:59,23249.65,433500,752700,196.45,37387050,341700,10.6,49189650,3627450
13-02-2025 10:59,23245.8,426000,758250,194.8,37384275,340875,10.45,49249650,3642600
13-02-2025 10:59,23245,422925,753975,191.75,37389375,344700,10.95,49273725,3651600
13-02-2025 10:59,23245.05,427425,757875,192.75,37391550,343500,10.75,49292325,3613650
13-02-2025 10:59,23246,425250,758475,188.5,37390500,346650,11.3,49328175,3598575
13-02-2025 11:00,23248.5,436575,752250,196.8,37388850,340425,9.35,49138275,3682575
13-02-2025 11:00,23251.45,440025,754350,198.65,37396275,333600,9.1,48962475,3641775
13-02-2025 11:00,23254.85,438225,753900,199,37405500,333675,9.05,48910350,3672300
13-02-2025 11:00,23250.05,429225,762300,195.25,37404750,345975,9.8,49012800,3587325
13-02-2025 11:00,23254.3,437625,756375,198.9,37400850,345150,9.3,49038075,3681300
13-02-2025 11:00,23260,434550,752475,204.05,37412550,328725,8.1,48918600,3793875
13-02-2025 11:01,23261.8,432075,749625,207.4,37416975,313725,7.85,48721425,3753225
13-02-2025 11:01,23267.55,439875,747825,210.95,37411500,304950,7.9,48738825,3822675
13-02-2025 11:01,23268,440175,747600,209.75,37425075,283725,7.85,48737325,3796500
13-02-2025 11:01,23264.8,434025,748575,208.55,37407300,280725,7.95,48786600,3753750
13-02-2025 11:01,23264,427800,752025,206.2,37403175,288600,8,48883425,3766275
13-02-2025 11:01,23261.15,428175,755550,201.75,37401525,292875,8.2,48940275,3710925
13-02-2025 11:02,23252.45,427050,755775,198.15,37390050,290850,8.45,48994800,3681450
13-02-2025 11:02,23252.45,420600,758175,195.6,37384650,292725,8.6,49029450,3660225
13-02-2025 11:02,23247.05,419100,759825,190.6,37386825,303300,9.55,49106475,3589200
13-02-2025 11:02,23249,426450,756450,193.35,37369125,297750,9.05,49090425,3574275
13-02-2025 11:02,23245,417600,758325,189.5,37376025,312600,9.85,49019550,3659250
13-02-2025 11:02,23242.55,422475,755475,190.25,37395525,305100,9.75,48993675,3562500
13-02-2025 11:03,23245.7,429300,752475,191.9,37395975,305025,9.45,48917625,3664950
13-02-2025 11:03,23245.5,428175,753075,190.65,37383300,309450,9.55,48942450,3613650
13-02-2025 11:03,23244.05,429150,757050,187.25,37385325,315450,9.6,49018425,3716925
13-02-2025 11:03,23232.05,423600,762075,180.8,37369800,320400,10.2,49068750,3620850
13-02-2025 11:03,23240,424425,755325,183.85,37341975,314625,9.9,48949050,3644400
13-02-2025 11:03,23245,438900,756000,191.1,37361175,312225,9.15,48941100,3744600
13-02-2025 11:04,23242.2,433125,752850,188.4,37369575,319500,9.35,48957900,3815625
13-02-2025 11:04,23243.95,429900,759375,184,37371600,324150,10.1,49029150,3726225
13-02-2025 11:04,23241.55,431325,756150,188.15,37378425,326700,9.4,48970725,3837375
13-02-2025 11:04,23241.55,434925,759150,187.6,37382025,329775,9.45,48964500,3826350
13-02-2025 11:04,23245,431625,756825,187,37383675,334050,9.4,48993375,3893250
13-02-2025 11:04,23244.95,426225,755400,187.5,37384875,332250,9.45,49018425,3916350
13-02-2025 11:05,23242,431325,754200,186.2,37392150,330450,9.35,49035300,3885825
13-02-2025 11:05,23241.6,431250,754500,184.35,37395975,332400,9.3,48965700,3879075
13-02-2025 11:05,23241.65,417225,757200,184.5,37383225,339450,9.65,49068525,3794925
13-02-2025 11:05,23239.4,416400,757875,180.6,37386600,341325,10.45,49119900,3819900
13-02-2025 11:05,23235.7,423150,754125,183.1,37376025,336300,10.1,49051125,3800850
13-02-2025 11:05,23236.1,421800,758625,182.2,37377900,347325,10.2,49160250,3752550
13-02-2025 11:06,23236.4,424575,755250,183.95,37378875,338175,10.15,49092300,3800550
13-02-2025 11:06,23240,421800,754725,184.4,37395675,335250,10.2,49092750,3785025
13-02-2025 11:06,23240,398700,753150,183.3,37399800,337275,10.3,49082025,3852900
13-02-2025 11:06,23240.05,423075,755175,186.3,37404000,337200,9.5,49029675,3874275
13-02-2025 11:06,23244.4,420900,754800,185.1,37405725,342675,9.9,49172925,3822225
13-02-2025 11:06,23240.05,422400,756675,182.05,37408125,342600,10.5,49176375,3857325
13-02-2025 11:07,23239.55,423225,757875,184.15,37401225,346200,9.95,49165275,3798000
13-02-2025 11:07,23240.05,420075,756900,184.5,37406925,345825,10.05,49174350,3827175
13-02-2025 11:07,23240.7,421500,753150,186.6,37415325,345000,9.7,49129725,3902550
13-02-2025 11:07,23245,426750,751200,187.95,37421100,347850,9.35,49123350,3921075
13-02-2025 11:07,23247.45,428025,747900,191.15,37417125,332025,8.85,49071900,3994350
13-02-2025 11:07,23249.3,427500,748500,192.5,37417950,327600,8.6,48976725,3988650
13-02-2025 11:08,23249.25,422925,749850,188.5,37409700,333375,9.15,49064850,4002600
13-02-2025 11:08,23247.75,426150,749250,192.1,37401375,333675,8.75,49019850,3910800
13-02-2025 11:08,23244.75,423825,754425,189.2,37399050,339750,9.1,49087125,3901425
13-02-2025 11:08,23242.6,415500,756000,182,37401525,340050,9.8,49111200,3827400
13-02-2025 11:08,23240.05,420975,756000,180.7,37394325,341175,9.95,49214775,3720000
13-02-2025 11:08,23230.25,425625,756750,179.5,37391925,350325,10.15,49198200,3782250
13-02-2025 11:09,23233.75,395325,761400,171.4,37378950,343050,11.85,49241775,3605400
13-02-2025 11:09,23232.75,418275,751725,176,37363950,345150,10.15,49085625,3466500
13-02-2025 11:09,23230,413775,755175,174.95,37380525,345150,11.45,49149750,3412575
13-02-2025 11:09,23230,416625,756750,173.75,37374750,346500,11.9,49213275,3418950
13-02-2025 11:09,23231.15,418650,750450,175.2,37386450,344325,11.35,49089375,3477525
13-02-2025 11:09,23230.75,420600,749775,176.15,37393725,336300,11,49076100,3586200
13-02-2025 11:10,23234.45,418275,751800,174.95,37389675,339825,11.4,49129800,3620250
13-02-2025 11:10,23231.35,422475,747675,177.45,37387950,345600,11.1,49166400,3669675
13-02-2025 11:10,23235,420375,747900,176.85,37393575,339975,11.15,49128075,3688650
13-02-2025 11:10,23233.5,415500,751500,174.15,37396425,348525,11.85,49240275,3695250
13-02-2025 11:10,23230.05,412425,756225,172.65,37394175,354600,11.75,49235775,3683025
13-02-2025 11:10,23230.05,402225,752925,170.8,37398750,355350,11.95,49234125,3676875
13-02-2025 11:11,23226.95,409425,753600,174.5,37401225,358050,11.4,49198950,3722625
13-02-2025 11:11,23231.95,412650,760575,171.85,37405350,357525,11.8,49285650,3602250
13-02-2025 11:11,23225.9,416175,754125,172.65,37417050,358200,12.1,49290300,3572775
13-02-2025 11:11,23227.8,419175,755850,174.8,37421250,354000,11.8,49277775,3552150
13-02-2025 11:11,23233.05,422325,760875,173.55,37425450,359100,11.95,49229400,3591525
13-02-2025 11:11,23233.9,423300,756000,174.05,37431600,362100,11.9,49247550,3628725
13-02-2025 11:12,23233.05,421875,749175,177.35,37439700,359850,10.8,49150500,3698325
13-02-2025 11:12,23234,421200,750600,176.85,37434975,353550,11.2,49161975,3641025
13-02-2025 11:12,23238.4,423600,750750,177.35,37423650,351600,10.85,49104150,3722925
13-02-2025 11:12,23236.25,419025,754650,175.65,37424850,347775,11.4,49198500,3727500
13-02-2025 11:12,23233,423825,755850,177,37425300,351300,11.15,49178625,3751650
13-02-2025 11:12,23235.85,422925,750450,177.95,37426500,349125,10.95,49133775,3756450
13-02-2025 11:13,23235.45,425550,754200,176.55,37426350,348525,11.1,49176750,3687450
13-02-2025 11:13,23232.05,422250,754125,176.75,37425750,348900,11.15,49175850,3722400
13-02-2025 11:13,23239,423975,752475,178.95,37433175,349350,10.9,49125450,3756750
13-02-2025 11:13,23237.45,427050,749850,182,37442925,336300,10,49092225,3751725
13-02-2025 11:13,23242,427725,756975,182.65,37438275,334800,9.9,49070925,3739725
13-02-2025 11:13,23245.65,427125,752475,187.65,37444650,332700,9.6,49039950,3738750
13-02-2025 11:14,23247.9,426000,752550,187.85,37448400,326550,9.5,49049175,3716550
13-02-2025 11:14,23248.7,426225,753600,190.95,37445550,340200,9.5,49022175,3700125
13-02-2025 11:14,23246,420750,762900,185.75,37444275,320850,10.2,49160625,3634725
13-02-2025 11:14,23243.8,424350,763425,187.6,37437450,326175,9.65,49229775,3722850
13-02-2025 11:14,23249.15,423375,761025,187.65,37442325,331350,9.5,49101600,3763725
13-02-2025 11:14,23250,425550,755775,191.35,37446900,331125,9,49104750,3858375
13-02-2025 11:15,23252,426375,754650,193.45,37452375,317475,8.75,49043100,3787725
13-02-2025 11:15,23252.6,419550,758850,189.95,37483650,322800,8.95,49086825,3846750
13-02-2025 11:15,23252.55,420750,760275,191.45,37485375,325350,8.75,49080000,3819525
13-02-2025 11:15,23254,424275,755625,192.8,37487250,330300,8.4,49069950,3811575
13-02-2025 11:15,23254,423900,755325,194.55,37487100,325425,8.1,48965250,3817500
13-02-2025 11:15,23255,425325,754650,192.65,37491300,312525,8.5,49043550,3743700
13-02-2025 11:16,23254.45,420675,754575,196.7,37487850,310125,7.7,48966900,3800550
13-02-2025 11:16,23260.85,420675,764100,197.6,37487400,303750,7.55,48905400,3787725
13-02-2025 11:16,23255.1,418050,763125,195.1,37473075,301425,8.25,49099950,3703575
13-02-2025 11:16,23252.65,415950,760650,192.4,37457550,309975,8.3,49225875,3682425
13-02-2025 11:16,23250,414900,772950,189.9,37455075,314850,8.65,49256100,3651600
13-02-2025 11:16,23246.1,410175,773175,187.2,37443225,317850,8.9,49260375,3595350
13-02-2025 11:17,23253.95,421425,757125,192.45,37440825,312900,8.35,49182675,3816150
13-02-2025 11:17,23254,423525,761025,196.4,37435500,308475,8,49200075,3846075
13-02-2025 11:17,23258.35,423600,746250,199.25,37441800,298350,7.65,48964800,3913800
13-02-2025 11:17,23259.65,422625,764850,197.9,37444875,285975,7.9,49039875,3750675
13-02-2025 11:17,23258.35,421200,761775,197.05,37450050,293400,7.75,49093875,3849600
13-02-2025 11:17,23254.7,421275,762675,197.65,37446300,295725,7.75,48995925,3868575
13-02-2025 11:18,23254.7,415125,760050,198,37446825,292575,7.7,49005825,3912225
13-02-2025 11:18,23258,422925,763500,200.1,37451550,293925,7.1,48927750,3968550
13-02-2025 11:18,23256.45,417975,755025,200.45,37450500,292050,6.9,48923400,3956775
13-02-2025 11:18,23254.05,418575,758325,198.15,37449750,292800,7.25,48903300,3870225
13-02-2025 11:18,23251.55,416250,761025,197.4,37448100,295425,7.4,49003350,3803100
13-02-2025 11:18,23254.1,418350,759975,198.6,37447500,299100,7.2,48953175,3884025
13-02-2025 11:19,23255,417675,755700,200,37451550,298425,7,48965625,3944925
13-02-2025 11:19,23259.65,415725,756075,200.85,37449825,300975,7.1,49139475,3914250
13-02-2025 11:19,23259.65,417600,757350,201.8,37456425,298575,7.2,49150875,3916575
13-02-2025 11:19,23260,420450,759525,205,37456200,300825,7.1,49144425,3889350
13-02-2025 11:19,23263.5,423450,755400,205.75,37459275,277500,7.05,49137450,3885000
13-02-2025 11:19,23256.5,415575,764850,200.6,37457325,280950,7.4,49191975,3862350
13-02-2025 11:20,23256.6,417900,760200,201.2,37455075,286275,7.25,49256925,3879300
13-02-2025 11:20,23257.05,417600,755925,202.6,37451550,287475,7.35,49231275,3891225
13-02-2025 11:20,23257.05,419025,760725,202,37454025,300375,7.35,49308075,3852975
13-02-2025 11:20,23257.05,417600,759600,199.2,37452075,305550,7.5,49325175,3876825
13-02-2025 11:20,23255.1,418875,763575,198,37446675,307200,7.6,49336650,3926775
13-02-2025 11:20,23259.55,417300,763575,198.95,37447425,310875,7.35,49335375,3934125
13-02-2025 11:21,23260.6,416775,763800,199.9,37472475,308850,7.65,49349325,3946575
13-02-2025 11:21,23261.7,419100,763500,199.1,37471950,307875,7.6,49365225,3892725
13-02-2025 11:21,23259.35,413025,769350,197,37469100,308100,7.35,49376250,3953925
13-02-2025 11:21,23253.35,417525,768300,197.6,37465050,310800,7.6,49360650,3966450
13-02-2025 11:21,23252.1,412200,769350,196.6,37459875,313125,7.5,49371225,3891900
13-02-2025 11:21,23255,415950,767100,199.55,37459125,314250,7.5,49379250,3914400
13-02-2025 11:22,23254.1,421125,765525,200.15,37462275,307050,7.65,49377675,3975900
13-02-2025 11:22,23251.55,415725,769125,199.95,37451850,309000,7.45,49391925,3907200
13-02-2025 11:22,23254.55,417600,764475,200,37445100,308775,7.3,49301025,3974850
13-02-2025 11:22,23254.55,418425,761625,200.55,37445175,308250,7.35,49360500,3941625
13-02-2025 11:22,0,0,0,202.6,37469850,310125,7.2,49352250,3988875
13-02-2025 11:22,23257.1,416850,761175,201.05,37476825,310725,7.35,49477050,4062825
13-02-2025 11:23,23259.75,418125,762300,202.2,37481550,310275,6.95,49442550,4081275
13-02-2025 11:23,23257.05,418500,763125,200.6,37481325,314400,6.9,49194525,4094625
13-02-2025 11:23,0,0,0,201.65,37482450,312825,6.9,49201425,4139700
13-02-2025 11:23,23257.05,417225,764175,200.45,37482900,314850,6.95,49195050,4134900
13-02-2025 11:23,23257,416100,764850,198.55,37479750,319725,7.05,49183575,4070775
13-02-2025 11:23,23257.2,419625,764775,202,37482675,320325,6.8,49231350,4058400
13-02-2025 11:24,23258.6,419100,761100,204.05,37484025,306525,6.55,49111500,4116750
13-02-2025 11:24,23259.85,418575,760950,202.65,37480725,305475,6.7,49168875,4070325
13-02-2025 11:24,23258.6,425250,762675,202.55,37481850,304650,6.6,49206525,4095675
13-02-2025 11:24,23261,421350,761175,204.75,37486050,305625,6.45,49123575,4149600
13-02-2025 11:24,23261,419175,759675,201.85,37484700,303825,6.65,49161150,4093575
13-02-2025 11:24,23262,420450,761025,203.45,37482075,303300,6.5,49098450,4086300
13-02-2025 11:25,23257.05,417225,762600,202.5,37481250,305325,6.55,49170600,4052775
13-02-2025 11:25,23257,422100,763725,201.35,37483125,307050,6.65,49215600,4000800
13-02-2025 11:25,23260,413325,761325,200.4,37482525,318300,6.8,49223400,4083675
13-02-2025 11:25,23257,418425,765525,198.65,37464525,327975,6.95,49257750,3974625
13-02-2025 11:25,23255,415275,767625,199.15,37457100,331650,6.85,49291125,4016175
13-02-2025 11:25,23258,417300,763125,197.95,37446975,347175,6.9,49268700,3962550
13-02-2025 11:26,23259,422700,699525,202.3,37455225,345000,6.65,49237800,4017675
13-02-2025 11:26,23258.05,421050,759750,203.65,37455225,334875,6.45,49116150,4091925
13-02-2025 11:26,23262,420900,759375,204.1,37452225,337350,6.55,49225725,4128300
13-02-2025 11:26,23267,423375,760800,208.5,37443525,322575,6.15,49107150,4084275
13-02-2025 11:26,23269,419625,756900,210.5,37444725,298200,6.1,49064925,4079700
13-02-2025 11:26,23268.95,416325,755400,210.1,37448175,284925,6.05,49022400,4092750
13-02-2025 11:27,23268.85,416025,761550,206.25,37443750,291600,5.9,49100700,4083975
13-02-2025 11:27,23265,415950,762675,205.9,37445250,294975,6.05,49107075,4089675
13-02-2025 11:27,23265.2,416925,760650,206.5,37443900,300825,5.95,49182825,4083900
13-02-2025 11:27,23268,419025,760575,207.5,37444425,303300,5.85,49124175,4113750
13-02-2025 11:27,23269,415725,755400,207.6,37442175,307875,5.8,49114875,4092450
13-02-2025 11:27,23269,417600,754725,208.65,37451100,308475,5.85,49120650,4135950
13-02-2025 11:28,23268,420750,755100,209.6,37452975,315225,6.15,49213650,4164000
13-02-2025 11:28,23267.1,418650,754200,211,37454100,306900,6.05,49250625,3957975
13-02-2025 11:28,23269,419025,754950,212,37458000,300825,5.85,49161375,4004475
13-02-2025 11:28,23269,414825,755625,211.05,37464750,299625,5.9,49140225,4044225
13-02-2025 11:28,23264.85,414900,756075,209.95,37468800,305250,5.8,49149975,4052625
13-02-2025 11:28,23269.9,420525,756300,211.95,37470975,303750,5.7,49122900,4104075
13-02-2025 11:29,23271.95,416775,752475,214,37472250,304500,5.55,49153275,4063275
13-02-2025 11:29,23273.5,420825,754650,212.9,37473975,308850,5.7,49111200,4020900
13-02-2025 11:29,23273.9,419700,753675,214,37472625,308025,5.75,49161000,3918075
13-02-2025 11:29,23273.85,418050,756975,211.2,37462725,307800,5.75,49218000,3904500
13-02-2025 11:29,23270,416850,757125,210.5,37449900,310800,5.95,49289775,3905025
13-02-2025 11:29,23271,416400,752775,211.55,37451100,313575,5.95,49281825,3845250
13-02-2025 11:30,23270,414525,757425,211,37447425,312825,6,49307775,3807150
13-02-2025 11:30,23270,414825,758100,210.6,37450425,310800,6.25,49315350,3773175
13-02-2025 11:30,23278.9,417825,757500,216.25,37448925,312600,6.15,49326150,3794775
13-02-2025 11:30,23276,416400,754425,218.05,37454175,262800,5.95,49269450,3892275
13-02-2025 11:30,23279.55,417525,745125,224,37455000,263550,6.2,49267275,3928350
13-02-2025 11:30,23280,414075,745725,221.2,37456125,247725,5.85,49320000,3921675
13-02-2025 11:31,23278,416325,743775,217.95,37457625,254325,5.95,49310625,3912525
13-02-2025 11:31,23282.55,421650,746325,220,37460775,258300,5.7,49198050,3970275
13-02-2025 11:31,23278.55,418350,740850,219.7,37460700,262425,5.8,49186350,3970125
13-02-2025 11:31,23278.55,421800,743850,219.65,37460325,261450,5.7,49271700,3937875
13-02-2025 11:31,23280,421650,749025,218,37461600,260325,5.5,49200525,3997575
13-02-2025 11:31,23278.55,420375,751875,219.3,37449600,265650,5.5,49154250,4005375
13-02-2025 11:32,23278.55,420825,746250,218.4,37449300,264450,5.45,49152975,3969375
13-02-2025 11:32,23276,417525,747000,219.05,37455225,264900,5.65,49201500,3953625
13-02-2025 11:32,23276.05,418575,746325,219.25,37454625,269325,5.65,49241475,3927075
13-02-2025 11:32,23279.8,416775,750825,216.2,37455225,269850,5.65,49280250,3925500
13-02-2025 11:32,23276,416025,749400,216.3,37449225,267525,5.6,49276425,3906975
13-02-2025 11:32,23279.9,419775,748050,215.85,37445025,268575,5.75,49323525,3881925
13-02-2025 11:33,23277.55,418125,759225,213.5,37432950,270975,5.8,49321650,3868800
13-02-2025 11:33,23276.45,413325,756750,212.75,37417950,273150,5.95,49355925,3868350
13-02-2025 11:33,23273.5,408450,754800,211.8,37411575,274350,6.1,49383450,3876300
13-02-2025 11:33,23270,402525,758025,209.15,37406100,279375,6.05,49351125,3850575
13-02-2025 11:33,23270.1,407625,759975,211.95,37403700,278550,6,49338450,3888450
13-02-2025 11:33,23268.05,407400,761175,212.05,37407600,279825,6,49280625,3906975
13-02-2025 11:34,23270.1,409125,755700,213.55,37414350,275850,5.95,49327125,3934050
13-02-2025 11:34,23274,402975,749250,215.95,37418475,270600,6.1,49368225,3973125
13-02-2025 11:34,23276.85,399825,755175,215.75,37421025,275025,5.95,49253475,3986625
13-02-2025 11:34,23276.9,397050,756900,215.35,37420050,275925,5.9,49353300,3938175
13-02-2025 11:34,23275,396675,752550,215.35,37450200,275925,6,49270275,3962400
13-02-2025 11:34,23276.9,397125,750750,216.9,37448550,276825,6,49302225,3973650
13-02-2025 11:35,23279,395025,751125,217,37450425,276375,5.95,49347975,3988350
13-02-2025 11:35,23274.3,398100,756975,217.35,37443900,278400,5.85,49253250,4076550
13-02-2025 11:35,23275.65,399150,747600,218.35,37447875,280650,5.7,49208400,4051500
13-02-2025 11:35,23279.95,401475,750300,216.85,37447500,282450,5.75,49328025,4050150
13-02-2025 11:35,23279.95,402825,748575,216.55,37444275,282150,5.75,49296000,4083675
13-02-2025 11:35,23279.95,402525,747150,217.4,37443900,282150,5.75,49364925,4020825
13-02-2025 11:36,23280,398475,746925,216.8,37441575,283650,5.85,49464900,3998100
13-02-2025 11:36,23280,399375,747300,218.4,37445550,284400,5.85,49489650,3985650
13-02-2025 11:36,23273.85,400350,748500,218,37447575,280350,6,49555875,3996225
13-02-2025 11:36,23275.5,399750,747675,217.75,37449225,284100,6.15,49614525,3844950
13-02-2025 11:36,23273.2,398625,751350,215.1,37443975,289575,6.2,49628925,3888975
13-02-2025 11:36,23277.05,394575,750600,214.1,37438950,296100,6,49551525,3881475
13-02-2025 11:37,23275,396000,745650,216.05,37442625,297675,6.05,49388625,3939750
13-02-2025 11:37,23275,399150,745875,216,37446525,306975,6.1,49433625,3958125
13-02-2025 11:37,23275,399825,749175,216.7,37444650,314025,6.2,49518075,3861000
13-02-2025 11:37,23273.55,400050,744975,216.95,37445325,314700,6.2,49443150,3894225
13-02-2025 11:37,23277.05,401775,746700,217.65,37445625,318450,6.15,49480275,3885150
13-02-2025 11:37,23279.45,399750,746025,218.5,37447425,314850,6.25,49507650,3892875
13-02-2025 11:38,23280,399975,742575,221.2,37452375,300975,6.3,49543725,3827700
13-02-2025 11:38,23280,402150,745200,220,37452450,293850,6.15,49363500,3856800
13-02-2025 11:38,23275.95,399300,746025,220.55,37452300,293250,6.1,49343325,3965250
13-02-2025 11:38,23275.95,400350,750075,217.8,37451250,298725,6.3,49400325,3851925
13-02-2025 11:38,23276,390900,750975,216.45,37440900,302250,6.25,49438650,3867975
13-02-2025 11:38,23275,391950,750300,214.5,37437600,301800,6.45,49533825,3841875
13-02-2025 11:39,23266.75,390000,752700,212,37443750,301575,7,49558125,3831975
13-02-2025 11:39,23266.7,388875,758025,208.55,37426275,301650,6.8,49530075,3784650
13-02-2025 11:39,23267,396525,750375,214,37406550,298425,6.95,49585575,3810375
13-02-2025 11:39,23267,394875,751425,212.9,37408275,303150,7,49555200,3770775
13-02-2025 11:39,23268.4,398625,744150,216.05,37408125,298725,6.4,49510050,3881550
13-02-2025 11:39,23266.95,398475,745575,214.5,37410900,297600,6.55,49492350,3877875
13-02-2025 11:40,23267.25,400200,747300,213.1,37415850,302025,6.7,49443600,3914400
13-02-2025 11:40,23273,399000,743400,214.45,37416525,300075,6.55,49420200,3911550
13-02-2025 11:40,23272.9,400350,747375,214,37417350,298500,6.3,49386225,3952650
13-02-2025 11:40,23267.55,396375,752250,211.9,37417425,301650,6.3,49306650,3956100
13-02-2025 11:40,23272,406425,742575,215.15,37414050,303225,6.35,49398300,3948825
13-02-2025 11:40,23274,403800,742050,218.2,37442100,300075,6.3,49330725,3963300
13-02-2025 11:41,23271.35,403950,748650,217.15,37443825,293400,6.4,49402350,4017000
13-02-2025 11:41,23274,404775,748200,215.5,37445175,289500,6.5,49472625,3879225
13-02-2025 11:41,23268,399000,751950,214.75,37441425,292950,6.6,49429950,3933825
13-02-2025 11:41,23270,401100,750675,215.1,37441350,293025,6.55,49435125,3923025
13-02-2025 11:41,23270,398550,750825,212.6,37441950,299025,6.6,49478700,3914400
13-02-2025 11:41,23266.05,399000,751425,213.4,37442625,296100,6.75,49466925,3961125
13-02-2025 11:42,23266.1,397500,751800,213.9,37443600,298050,6.8,49487325,3962850
13-02-2025 11:42,23262.8,396075,753450,212.6,37444125,296025,6.9,49523475,3927075
13-02-2025 11:42,23265.25,401325,756900,211.9,37441350,288375,6.9,49487175,3949200
13-02-2025 11:42,23266.1,405975,759525,214.5,37440675,290325,6.7,49491675,4070625
13-02-2025 11:42,23266.6,408375,757350,215.4,37442850,291375,6.5,49517625,4089900
13-02-2025 11:42,23273.3,407100,755250,217.9,37448475,291975,6.9,49499775,4084575
13-02-2025 11:43,23278.05,400350,752100,221.35,37442550,290925,6.9,49552050,3900900
13-02-2025 11:43,23281.85,409800,745800,226.25,37446450,263700,6.2,49353525,3966675
13-02-2025 11:43,23277.75,406800,748875,226.5,37448925,242400,6.25,49251000,3979650
13-02-2025 11:43,23280.05,407625,757050,222.3,37446675,237450,6.45,49367100,3864075
13-02-2025 11:43,23276.9,404625,751200,223.7,37417500,243000,6.4,49380150,3963075
13-02-2025 11:43,23277.25,408600,747750,224.2,37418925,241650,6.3,49367625,3870450
13-02-2025 11:44,23277.4,407700,748950,225.05,37418100,247650,6.55,49284075,3939225
13-02-2025 11:44,23284,412425,746175,232.85,37432875,248100,6.3,49316400,3956400
13-02-2025 11:44,23288.85,412800,742425,232.95,37427175,226650,6.25,49232700,3889500
13-02-2025 11:44,23295.15,411225,724050,242.65,37420350,222375,6.35,49276800,3882450
13-02-2025 11:44,23290.75,410175,731625,240.85,37416000,194475,6.2,49274625,3884550
13-02-2025 11:44,23292.2,414750,717300,240.95,37420350,205875,6.1,49295175,3879000
13-02-2025 11:45,23295,412350,722475,240.3,37416675,209100,6.3,49266750,3897675
13-02-2025 11:45,23293.95,416025,729375,236.05,37410375,211950,6.35,49306650,3824025
13-02-2025 11:45,23291,405150,733575,234.35,37397250,218550,6.4,49388700,3850050
13-02-2025 11:45,23289,405825,732300,232.8,37311000,219075,6.15,49333650,3954225
13-02-2025 11:45,23285.1,402975,735900,230.6,37306725,220950,6.25,49339050,3896925
13-02-2025 11:45,23287,408450,738075,232.7,37300800,220050,6.25,49398525,3811950
13-02-2025 11:46,23291,414150,724725,237.6,37306275,218175,6,49318350,3957450
13-02-2025 11:46,23296.85,411675,726150,241.2,37307850,213750,5.75,49218600,3959925
13-02-2025 11:46,23297,419850,720525,243.35,37312350,208050,5.7,49252200,3944400
13-02-2025 11:46,23305.5,424875,705075,247.6,37307250,206850,5.7,49181550,3944850
13-02-2025 11:46,23300.35,420075,708600,241.9,37302225,170925,5.7,49125225,3931350
13-02-2025 11:46,23290.15,410100,713250,237.9,37292625,174225,5.8,49203600,3897675
13-02-2025 11:47,23292.1,399375,713100,234,37289100,180600,5.95,49257000,3824250
13-02-2025 11:47,23292,405450,706875,236.2,37292625,184575,5.9,49275900,3822075
13-02-2025 11:47,23292.05,403500,706650,238.5,37299300,193800,6.3,49378800,3828225
13-02-2025 11:47,23292.2,407025,705675,240.65,37300350,194775,6.05,49372650,3796425
13-02-2025 11:47,23292.2,408600,711750,241.8,37300275,198225,6.1,49319100,3840375
13-02-2025 11:47,23295,410400,711375,238,37301025,203400,6.2,49338075,3752700
13-02-2025 11:48,23294,403350,715800,239.8,37292625,204975,6,49311375,3827100
13-02-2025 11:48,23292.1,406125,701475,240.8,37294575,203400,6,49310700,3811350
13-02-2025 11:48,23293.7,407625,704550,240,37291275,205500,6.05,49348500,3802725
13-02-2025 11:48,23290,408225,710925,237.45,37290375,207975,6,49375875,3802800
13-02-2025 11:48,23291.75,414225,710250,239.9,37289400,205800,5.9,49343775,3860100
13-02-2025 11:48,23295.95,411975,710925,238.95,37288500,207000,6,49397250,3824475
13-02-2025 11:49,23293.7,411825,715125,237.85,37291650,207525,6.15,49448475,3804375
13-02-2025 11:49,23290,413925,713700,237.2,37296600,208275,6.2,49427925,3798600
13-02-2025 11:49,23293.9,412575,711300,238.15,37297875,208125,6.15,49419525,3781500
13-02-2025 11:49,23290.45,413700,711000,239,37299225,209625,6.15,49405875,3788775
13-02-2025 11:49,23290.6,414525,718650,239.45,37299750,207150,6.2,49429875,3781575
13-02-2025 11:49,23292.8,412350,706875,239.6,37299225,208350,6.1,49437975,3803400
13-02-2025 11:50,23292.5,414075,716475,237.95,37300650,205500,6.1,49371450,3819000
13-02-2025 11:50,23290,410550,709125,235.25,37297800,210075,6.3,49477275,3799350
13-02-2025 11:50,23286.4,412800,711225,236.85,37288125,210975,6.2,49490850,3719400
13-02-2025 11:50,23294.4,416250,709950,242.3,37294950,212100,5.9,49464900,3819225
13-02-2025 11:50,23292.45,414600,710475,242.55,37294425,203700,5.9,49342500,3825075
13-02-2025 11:50,23305,419925,705525,248.55,37294425,203700,5.6,49311525,3893175
13-02-2025 11:51,23301.95,410925,717600,244.05,37294050,196350,5.6,49311375,3831000
13-02-2025 11:51,23304.6,420075,722475,247.55,37293000,195825,5.6,49328925,3928350
13-02-2025 11:51,23304,415650,725625,245.7,37292025,206025,5.65,49356900,3884025
13-02-2025 11:51,23297.8,415425,726750,245.85,37293000,207825,5.6,49348875,3966600
13-02-2025 11:51,23299.55,428775,719250,248.4,37296675,209550,5.5,49316625,4027725
13-02-2025 11:51,23304,424650,719550,253.15,37296975,200925,5.25,49249650,4057650
13-02-2025 11:52,23305.85,423225,718800,248.55,37302900,183375,5.45,49356450,3988500
13-02-2025 11:52,23304.75,417075,714975,246.9,37304025,185625,5.45,49344375,3963675
13-02-2025 11:52,23301.05,415725,721050,246.55,37299150,190800,5.3,49416825,4058625
13-02-2025 11:52,23305,415500,717375,245.5,37297350,191025,5.35,49411500,4040700
13-02-2025 11:52,23304,416775,723675,245.25,37292400,196575,5.1,49340250,4103250
13-02-2025 11:52,23301.2,414900,726000,243.4,37289025,198600,5.25,49447200,4038750
13-02-2025 11:53,23303.9,416700,728400,245,37280925,199275,5.05,49415325,4056750
13-02-2025 11:53,23300.15,415950,729300,243.35,37280025,201975,5.1,49211100,4000125
13-02-2025 11:53,23299.05,414600,730350,241.95,37271850,204150,5.2,49241775,3954750
13-02-2025 11:53,23295.7,415500,732675,240.15,37270950,201000,5.35,49320750,3878250
13-02-2025 11:53,23295,415800,732225,238.1,37263975,205575,5.45,49361025,3858450
13-02-2025 11:53,23299,422025,730950,241.9,37266075,204525,5.35,49379625,3898500
13-02-2025 11:54,23298.6,419850,735900,239.65,37265850,205350,5.35,49285575,3937725
13-02-2025 11:54,23299,423075,730950,240.95,37270800,205725,5.25,49221000,3981075
13-02-2025 11:54,23294.8,427725,731625,238,37267725,209100,5.35,49339725,3956400
13-02-2025 11:54,23295.05,423075,737100,235.95,37260000,209325,5.5,49406025,3897750
13-02-2025 11:54,23290.05,423300,740475,235.2,37252950,209925,5.5,49504950,3869550
13-02-2025 11:54,23295.7,433050,728025,242.25,37251900,208725,5.1,49397700,4047150
13-02-2025 11:55,23297.1,436575,730425,241.55,37253550,204375,5.25,49368450,4039350
13-02-2025 11:55,23299.5,422700,735825,238,37251075,211800,5.3,49488750,3982650
13-02-2025 11:55,23297.4,425175,734400,240,36652275,209625,5.35,49404000,4061475
13-02-2025 11:55,23298.45,424725,737700,238.75,36649875,213750,5.45,49521075,3979575
13-02-2025 11:55,23292.95,428925,739050,238.7,36651525,215700,5.45,49519350,3954375
13-02-2025 11:55,23294,431925,731475,240.55,36655650,215100,5.4,49475100,3983625
13-02-2025 11:56,23294.15,427350,733725,240.45,36650175,215400,5.35,49419900,4048200
13-02-2025 11:56,23292,429750,737700,238.95,36654300,216000,5.45,49434300,4043100
13-02-2025 11:56,23292.45,430575,738750,239,36647550,217950,5.45,49490700,4000050
13-02-2025 11:56,23294,426900,738975,237.9,36646725,217650,5.45,49628100,3998925
13-02-2025 11:56,23292.6,427800,743625,236.55,36644625,219525,5.45,49572750,4008600
13-02-2025 11:56,23299,431175,742725,241.9,36649500,212625,5.3,49408575,4122450
13-02-2025 11:57,23299.5,435825,727575,241.95,36655050,212325,5.3,49462200,4114500
13-02-2025 11:57,23292.8,436800,730350,239.95,36652950,213675,5.35,49565025,4105650
13-02-2025 11:57,23293.6,429600,732750,239.5,36655875,214050,5.3,49515900,4041900
13-02-2025 11:57,23292.8,428400,737775,238.8,36657525,213075,5.45,49508850,3989475
13-02-2025 11:57,23294.2,431550,737100,240.9,36661650,213450,5.35,49542825,4039725
13-02-2025 11:57,23294.3,428325,738075,239.75,36665625,209850,5.3,49469475,4034850
13-02-2025 11:58,23297.55,429300,739125,239.25,36653025,217200,5.65,49574400,4031550
13-02-2025 11:58,23297.95,424800,750075,236.55,36650325,220350,5.6,49553775,3925500
13-02-2025 11:58,23294.1,426750,739200,238.45,36653325,222375,5.6,49522350,3901125
13-02-2025 11:58,23292.3,430800,742500,235.75,36655125,222900,5.7,49631475,3871050
13-02-2025 11:58,23291.9,428025,740175,239,36653700,223575,5.7,49565025,3906600
13-02-2025 11:58,23292.55,432000,741825,240.4,36657450,220500,5.6,49642875,3935250
13-02-2025 11:59,23297.05,432750,740100,241.55,36658350,220350,5.65,49607700,3852975
13-02-2025 11:59,23299,429525,729675,244.45,36656850,212625,5.5,49491225,3974325
13-02-2025 11:59,23298.25,427200,731100,242.15,36656550,209100,5.55,49457250,3960600
13-02-2025 11:59,23291.9,430575,735975,239.4,36654600,209850,5.7,49569450,3915750
13-02-2025 11:59,23291,431700,738000,239.55,36654300,212700,5.6,49472475,3947100
13-02-2025 11:59,23296.95,431850,731625,238.4,36653550,214875,5.55,49487250,3973125
13-02-2025 12:00,23290,429150,737100,237.1,36652050,214500,5.65,49552350,3973500
13-02-2025 12:00,23290.35,429975,734175,237.3,36653850,214350,5.6,49480725,3925875
13-02-2025 12:00,23293.45,430050,736875,236.45,36657375,216450,5.75,49502175,3913050
13-02-2025 12:00,23290,428100,734700,236,36656475,217350,5.65,49515600,3959700
13-02-2025 12:00,23295,432525,739500,239.4,36654225,219075,5.7,49491150,3912225
13-02-2025 12:00,23296,430950,731775,242.15,36491625,217275,5.35,49454850,4044750
13-02-2025 12:01,23298.45,430425,736350,239.55,36476475,216825,5.45,49505100,4016475
13-02-2025 12:01,23298,430575,734475,241.4,36476550,215925,5.35,49550550,4007850
13-02-2025 12:01,23298.8,429225,736350,239.15,36473475,222750,5.5,49483875,4036275
13-02-2025 12:01,23297.55,429075,737550,237.45,36468000,222375,5.6,49521675,3996600
13-02-2025 12:01,23290.9,431175,737325,234.5,36461700,219975,5.75,49505850,3934575
13-02-2025 12:01,23293.7,435375,736050,236.9,36464625,219375,5.6,49566150,3972075
13-02-2025 12:02,23293,433275,751050,234.75,36465450,221100,5.65,49537650,4010850
13-02-2025 12:02,23295,428175,753000,237.35,36460275,218925,5.65,49539600,4058625
13-02-2025 12:02,23297,437100,753225,240.2,36466725,216750,5.5,49480275,4087350
13-02-2025 12:02,23297,432525,733875,241.1,36464475,217800,5.4,49436100,4083450
13-02-2025 12:02,23295.7,432225,734175,241.75,36465300,216450,5.35,49549800,4116450
13-02-2025 12:02,23296,430350,734550,240.25,36465975,213600,5.4,49342650,4138725
13-02-2025 12:03,23298.35,434250,733650,242.5,36468000,213375,5,49441725,4230000
13-02-2025 12:03,23298.45,430725,733950,242.6,36469050,207000,4.95,49297125,4196100
13-02-2025 12:03,23300,432675,735675,240.9,36467850,212100,5.1,49385550,4254600
13-02-2025 12:03,23298.65,431925,735825,242.3,36466950,209025,5,49357275,4251750
13-02-2025 12:03,23299,432300,734625,239.75,36465375,211275,4.95,49330575,4223850
13-02-2025 12:03,23298.45,433950,732450,243.2,36461625,209475,4.75,49266075,4304775
13-02-2025 12:04,23298.5,432525,732000,240.25,36461625,210975,4.8,49323900,4388775
13-02-2025 12:04,23296.7,432000,733275,239,36459600,213150,4.8,49455675,4235850
13-02-2025 12:04,23295,429150,733650,238.5,36459300,214275,4.8,49450575,4286250
13-02-2025 12:04,23294.9,432225,734700,239.6,36460125,213150,4.8,49471050,4212450
13-02-2025 12:04,23298,432375,734025,238.2,36464400,214275,4.8,49409325,4272300
13-02-2025 12:04,23293.8,432375,734550,237.55,36465000,215175,4.9,49592100,4202100
13-02-2025 12:05,23293,427200,738900,233.1,36465975,215325,5.05,49671525,4221000
13-02-2025 12:05,23290.05,424800,739575,230.55,36444900,217125,5.15,49742100,4024950
13-02-2025 12:05,23287,419700,749550,228.5,36430575,222525,5.25,49636875,3958950
13-02-2025 12:05,23285.65,425325,766200,229.5,36426150,218775,5.35,49773450,3991275
13-02-2025 12:05,23287,424050,769050,226.35,36426450,217875,5.45,49779375,3871125
13-02-2025 12:05,23284.65,421950,768150,226.9,36423300,217350,5.6,49730700,3877950
13-02-2025 12:06,23281.5,421725,772350,225.2,36423000,217200,5.55,49704600,3889800
13-02-2025 12:06,23289.95,428925,766200,231.2,36428475,214800,5.25,49560075,4020975
13-02-2025 12:06,23292.65,427200,753600,236.05,36429675,209475,4.9,49288950,4125450
13-02-2025 12:06,23287,428925,748200,229.85,36431625,218400,5.1,49442025,4074900
13-02-2025 12:06,23293,429225,743325,231.85,36437475,219675,4.85,49309950,4170375
13-02-2025 12:06,23294,435900,743100,233.5,36439275,225525,4.75,49287225,4207500
13-02-2025 12:07,23291,434100,741375,233.15,36443550,230550,4.75,49426275,4210875
13-02-2025 12:07,23291,432375,743925,231.85,36440700,234075,4.8,49545525,4265475
13-02-2025 12:07,23294,437625,738900,234.2,36433350,234750,4.55,49571925,4304100
13-02-2025 12:07,23296,435600,738150,233.45,36447600,230925,4.45,49270650,4403025
13-02-2025 12:07,23291.55,435300,743625,228.95,36449700,239625,4.85,49479900,4348350
13-02-2025 12:07,23290,437175,744300,229.25,36431250,240225,4.8,49560900,4185375
13-02-2025 12:08,23287,434775,742650,226.55,36429600,241125,4.85,49570725,4187475
13-02-2025 12:08,23286,429825,745125,223.7,36427725,243150,4.9,49568850,4199925
13-02-2025 12:08,23283.85,432600,742575,225.6,36426825,242325,4.9,49605825,4124325
13-02-2025 12:08,23286,431250,743025,225,36430875,243300,4.95,49652925,4095075
13-02-2025 12:08,23284.2,428550,740625,226.85,36430575,241800,4.95,49661475,4130475
13-02-2025 12:08,23286,431700,738825,227,36433425,239250,4.85,49697775,4070925
13-02-2025 12:09,23288,431325,735675,229.75,36436425,238200,4.85,49662225,4146900
13-02-2025 12:09,23287.95,431400,736875,226.5,36433425,240600,5.15,49857975,4022175
13-02-2025 12:09,23288,432375,736950,227,36433500,238650,5.05,49810725,4121325
13-02-2025 12:09,23281.55,423825,756525,221.35,36432375,242400,5.4,49886175,4034625
13-02-2025 12:09,23282.6,423150,758775,220,36426225,240525,5.6,49848150,3956250
13-02-2025 12:09,23282.05,419700,760050,220.45,36423225,238125,5.5,49759875,3895725
13-02-2025 12:10,23281.55,422700,757050,222.55,36422325,238800,5.3,49544100,3947250
13-02-2025 12:10,23282.8,420825,759825,219.85,36425400,244575,5.5,49621650,3914250
13-02-2025 12:10,23278.7,425100,762000,219.8,36427125,245400,5.5,49713375,3923025
13-02-2025 12:10,23281.55,426750,755175,222.1,36429600,246900,5.55,49579575,3959250
13-02-2025 12:10,23283,424650,728475,223.6,36429975,243075,5.5,49657050,4009725
13-02-2025 12:10,23284.7,423825,726600,226.35,36434925,239250,5.35,49512525,4017225
13-02-2025 12:11,23280.55,423525,732075,221,36430950,250050,5.55,49679775,3865125
13-02-2025 12:11,23280.35,424800,731850,220.35,36432600,251325,5.5,49601475,3938550
13-02-2025 12:11,23278.2,423750,730575,220.25,36431025,247500,5.5,49695225,3942900
13-02-2025 12:11,23280,422325,730875,219.75,36432750,249000,5.5,49585650,3944250
13-02-2025 12:11,23279.95,427200,729975,221.35,36437175,251625,5.4,49472475,4009650
13-02-2025 12:11,23280.55,424800,727275,218,36439050,253050,5.65,49448550,4004025
13-02-2025 12:12,23280.05,418275,731550,218.9,36435525,256650,5.55,49607475,3982050
13-02-2025 12:12,23277,416100,731025,214.15,36433500,260400,5.7,49626825,3938250
13-02-2025 12:12,23277,417975,732000,214.5,36425250,255525,5.75,49720500,3904950
13-02-2025 12:12,23272.7,417450,730425,215.95,36428850,253575,5.85,49653750,3884700
13-02-2025 12:12,23272,412200,730350,213.6,36429900,256575,5.9,49733550,3835500
13-02-2025 12:12,23272.05,418125,729300,211.3,36431250,252450,6.3,49758975,3835650
13-02-2025 12:13,23266.4,418650,730800,209.65,36421650,253200,6.75,49943550,3814425
13-02-2025 12:13,23266.9,415725,728025,211.05,36413475,246375,6.65,49830600,3746625
13-02-2025 12:13,23267,415725,731250,207.9,36424800,237150,7.8,49792050,3757800
13-02-2025 12:13,23265.4,416475,728250,210.6,36437025,236400,6.75,49434975,3702450
13-02-2025 12:13,23269,416775,730125,210.2,36438825,243375,7,49527450,3647925
13-02-2025 12:13,23265.35,410625,730275,207,36433200,254250,7.4,49548675,3703425
13-02-2025 12:14,23265,406200,732675,208,36429450,249375,7.1,49550850,3703575
13-02-2025 12:14,23262,411300,733050,207.65,36430500,246075,7.15,49519275,3678375
13-02-2025 12:14,23264.2,414450,730050,210.8,36436275,239100,6.65,49361700,3794325
13-02-2025 12:14,23265.2,413475,729825,210.45,36433800,238350,6.75,49440900,3782175
13-02-2025 12:14,23269,414975,729450,214.6,36434475,234075,6.25,49287375,3841725
13-02-2025 12:14,23270.4,417375,726525,214.3,36432750,241725,6.4,49276800,3867525
13-02-2025 12:15,23270.4,410475,729525,211.85,36432300,251475,6.95,49440750,3802875
13-02-2025 12:15,23269.85,412950,732450,210.7,36438300,252525,6.9,49448925,3728100
13-02-2025 12:15,23267.95,414000,729300,212.35,36439875,253725,6.85,49486800,3749850
13-02-2025 12:15,23265.05,422175,727875,211.9,36450300,252150,7,49410525,3777300
13-02-2025 12:15,23270,424650,731025,212.75,36446850,251325,6.8,49403025,3797400
13-02-2025 12:15,23268.65,422250,726525,216,36451650,245775,6.3,49287450,3830475
13-02-2025 12:16,23275,427650,726750,216.95,36458250,241950,5.75,49193850,3877350
13-02-2025 12:16,23278,426225,727275,217.6,36455025,248100,5.75,49303350,3891675
13-02-2025 12:16,23272.8,425100,727800,215.95,36464475,248175,6.1,49372725,3904875
13-02-2025 12:16,23276.4,424050,732600,214.15,36461025,260100,6.4,49438425,3855225
13-02-2025 12:16,23270.05,421425,731925,213,36451725,259125,6.3,49438425,3834750
13-02-2025 12:16,23270,425175,732525,211,36452250,260625,6.4,49428075,3818850
13-02-2025 12:17,23267.7,422550,733125,212,36440250,265500,6.35,49503375,3843675
13-02-2025 12:17,23268.55,427425,730725,213.7,36442050,264975,6.2,49443300,3934425
13-02-2025 12:17,23268.75,423600,731625,211.8,36442350,270000,6.35,49396200,3888975
13-02-2025 12:17,23272,426075,727200,216.25,36445650,268350,5.95,49328625,3939375
13-02-2025 12:17,23274.85,425475,726900,216,36446325,261225,5.85,49288950,3971700
13-02-2025 12:17,23276,425700,728325,218.9,36444975,248850,5.45,49318875,3986625
13-02-2025 12:18,23277,426000,723525,219.8,36446700,246450,5.25,49265325,4006875
13-02-2025 12:18,23277.05,422250,727725,218.05,36448425,244650,5.4,49369800,3932925
13-02-2025 12:18,23275,425250,730275,217.05,36447975,244275,5.55,49397625,3881025
13-02-2025 12:18,23278.2,427425,729750,218.4,36450375,243975,5.3,49358400,3994650
13-02-2025 12:18,23279.05,424125,724950,220.9,36456000,243600,4.95,49251975,4101900
13-02-2025 12:18,23281,427125,730650,222.6,36456300,238200,4.9,49182300,4078950
13-02-2025 12:19,23278.65,429675,730350,222.8,36455775,240525,5.1,49224750,4057200
13-02-2025 12:19,23282.1,427275,724650,223.05,36456300,239925,5,49335150,4042350
13-02-2025 12:19,23286.95,430875,724050,227,36458925,232050,4.75,49234800,4147125
13-02-2025 12:19,23288,426525,726450,227.55,36463200,228150,4.65,49158825,4192875
13-02-2025 12:19,23285.75,427350,732825,223.55,36460575,237450,4.8,49422975,4176825
13-02-2025 12:19,23280.55,433200,731250,224.4,36457200,236475,4.9,49536450,4083450
13-02-2025 12:20,23280,432675,736125,222.45,36453150,239400,4.85,49584150,4105650
13-02-2025 12:20,0,0,0,220.05,36450600,242100,4.9,49511475,4153725
13-02-2025 12:20,23279.85,430200,733350,220.9,36447300,242250,5.05,49708725,4064100
13-02-2025 12:20,23280,427200,734700,218.9,36445875,242775,5.05,49815975,3933525
13-02-2025 12:20,23274.95,421575,737100,215.4,36444975,244725,5.45,49837575,3926325
13-02-2025 12:20,23276.15,422025,734850,215.35,36443325,246675,5.3,49855275,3954000
13-02-2025 12:21,23274,429675,739050,211.4,36445425,245325,5.6,49645425,3985650
13-02-2025 12:21,23266,435000,740175,205.65,36437775,248850,5.95,49643325,3872325
13-02-2025 12:21,23261.1,418800,736575,205,36417975,252375,6.45,49646775,3840675
13-02-2025 12:21,23262.05,429375,731775,206.8,36434025,246900,6.25,49457175,3942900
13-02-2025 12:21,23263.5,427725,729975,208.3,36443400,249975,6.2,49526400,3823950
13-02-2025 12:21,23264,427125,730125,206.35,36448500,258150,6.45,49512375,3869025
13-02-2025 12:22,23268,430875,729825,210.65,36451800,260325,5.85,49535100,3931350
13-02-2025 12:22,23266.55,431325,733200,210.2,36455625,258900,5.95,49470525,3954225
13-02-2025 12:22,23270,431175,733575,207,36451875,261450,6.05,49515675,3910950
13-02-2025 12:22,23269.05,430950,733200,206.9,36450975,260025,6.1,49519875,3893025
13-02-2025 12:22,23266.5,426375,733125,207,36451950,262875,6.25,49588950,3869700
13-02-2025 12:22,23269.9,426225,733725,208.7,36455775,263775,6.1,49578525,3829650
13-02-2025 12:23,23268.8,430950,728775,212.45,36455625,264150,5.65,49498800,3932025
13-02-2025 12:23,23267.95,428475,737400,209.35,36457125,261675,5.95,49455000,4011900
13-02-2025 12:23,23270,427050,732000,211.1,36456675,268350,5.75,49561275,3962325
13-02-2025 12:23,23265.55,429900,738150,209.55,36455025,271200,5.85,49584300,3926325
13-02-2025 12:23,23266.9,432375,731850,211,36454425,271650,5.7,49537500,4006200
13-02-2025 12:23,23269.85,430200,731400,209.15,36456225,271800,5.95,49569000,4034100
13-02-2025 12:24,23265.1,423450,733050,209.15,36459000,271800,5.95,49510275,3954375
13-02-2025 12:24,23266,421950,733575,208.5,36460275,274800,5.9,49538850,3942675
13-02-2025 12:24,23266.55,426450,733575,209.25,36453150,271500,5.8,49500825,3981825
13-02-2025 12:24,23266.55,426300,727200,211.1,36456225,265500,5.65,49383525,4046850
13-02-2025 12:24,23268,431700,731400,209.85,36456750,260850,5.9,49553625,3974775
13-02-2025 12:24,23269,436275,728775,210.35,36455250,260700,5.9,49586250,3945825
13-02-2025 12:25,23269.1,430650,728925,209.65,36459675,260325,6,49557975,4004625
13-02-2025 12:25,23267.05,435975,729750,210.45,36460875,260400,5.85,49567725,3962175
13-02-2025 12:25,23269.9,438450,729225,211.6,36460950,257625,5.85,49527225,4001700
13-02-2025 12:25,23275.05,437700,726600,214,36461550,252075,5.45,49442700,4121700
13-02-2025 12:25,23270.7,431475,731250,213.05,36461025,249750,5.55,49347075,4165950
13-02-2025 12:25,23270.7,434925,728250,213,36459225,251700,5.5,49405425,4074900
13-02-2025 12:26,23280,438750,726225,217.95,36459000,245775,5.1,49221150,4148175
13-02-2025 12:26,23277.95,436200,730275,217.2,36470700,234375,5.3,49369050,4175625
13-02-2025 12:26,23275,436650,730050,217.95,36474450,235725,5.05,49400850,4156050
13-02-2025 12:26,23275,429525,730050,214.9,36471825,247350,5.25,49413675,4139550
13-02-2025 12:26,23271,429750,732225,213.35,36469125,244950,5.45,49538475,4090275
13-02-2025 12:26,23268,419925,729750,209.95,36466575,246300,5.65,49542300,4098450
13-02-2025 12:27,23271,433050,733350,210,36461250,245775,5.5,49547325,4111275
13-02-2025 12:27,23269.55,431775,732150,210.9,36462150,246300,5.6,49518975,4101300
13-02-2025 12:27,23269.5,432525,727875,212.15,36466350,245400,5.55,49432575,4122450
13-02-2025 12:27,23275.65,432825,728025,213.7,36468675,245850,5.4,49348875,4136100
13-02-2025 12:27,23274,430200,731700,213.4,36471075,249375,5.35,49359300,4179750
13-02-2025 12:27,23274,430425,728325,211.8,36471075,253425,5.45,49510950,4131300
13-02-2025 12:28,23274.15,428775,734850,210.05,36468675,252375,5.6,49520775,4107975
13-02-2025 12:28,23273.4,438450,732825,212.7,36472275,257250,5.3,49515450,4210050
13-02-2025 12:28,0,0,0,213.15,36478125,257550,5.45,49500150,4186725
13-02-2025 12:28,23270.5,440625,728925,214.4,36478425,249900,5.1,49425750,4285950
13-02-2025 12:28,23272.85,440250,725250,216.9,36477000,254700,4.9,49383300,4266600
13-02-2025 12:28,23275.05,441375,728400,216,36476700,255075,5.15,49446000,4276575
13-02-2025 12:29,23273.4,440775,729375,217.95,36482625,254475,4.95,49445700,4284000
13-02-2025 12:29,23280.4,440025,730800,217,36481875,250500,5.1,49395525,4235925
13-02-2025 12:29,23273.95,436800,733350,214.95,36481875,253200,5.15,49435725,4234350
13-02-2025 12:29,23278.4,441075,732825,215.85,36478650,272550,4.95,49412025,4277100
13-02-2025 12:29,0,0,0,213.05,36482175,255375,4.95,49349025,4320525
13-02-2025 12:29,23274,429075,735300,214.15,36472800,251325,5,49421250,4252875
13-02-2025 12:30,23269.5,438525,734700,210.9,36470025,253200,5.4,49553100,4188375
13-02-2025 12:30,23271.7,439350,735675,212.7,36466650,253575,5.2,49451775,4154400
13-02-2025 12:30,23271.7,435825,735000,210.6,36472500,257850,5.25,49375950,4172250
13-02-2025 12:30,23270,429975,737250,210,36469575,263925,5.3,49418850,4203300
13-02-2025 12:30,23270.8,439350,735450,213.95,36470100,262275,4.85,49453350,4257375
13-02-2025 12:30,23273.95,439725,730050,215.7,36470100,268200,4.8,49277625,4261950
13-02-2025 12:31,23274.2,438150,728400,217.35,36472275,262500,4.2,49201950,4285875
13-02-2025 12:31,23277.9,438600,726075,217.95,36474975,260625,4.35,49280550,4329075
13-02-2025 12:31,23278,440625,726525,218.6,36474975,255150,4.15,49142175,4405800
13-02-2025 12:31,23284.4,441525,728025,220.35,36475350,246450,4.25,49139100,4380975
13-02-2025 12:31,23285.7,443325,727050,223.6,36481575,243075,4.05,49160250,4410975
13-02-2025 12:31,23282.15,436275,728775,221.6,36471450,245175,4.1,49111650,4450575
13-02-2025 12:32,23282.15,434025,731550,221.85,36467400,246300,4.2,49265175,4150500
13-02-2025 12:32,23280,433875,732600,218.4,36467100,253350,4.2,49363275,4208925
13-02-2025 12:32,23282.15,440925,734400,217.85,36462600,250275,4.25,49361025,4266225
13-02-2025 12:32,23280.2,436800,734250,215.9,36467400,252675,4.2,49279050,4263825
13-02-2025 12:32,23273.25,432225,734550,217.55,36466800,256050,4.35,49411350,4285875
13-02-2025 12:32,23282.1,440700,736125,216.7,36480000,254775,4.5,49460550,4186650
13-02-2025 12:33,23278.15,438300,731550,219.45,36492000,249150,4.25,49447200,4338075
13-02-2025 12:33,0,0,0,218,36490575,252750,4.2,49264800,4410375
13-02-2025 12:33,23280,437475,735300,217.55,36515400,257250,4.25,49388175,4309425
13-02-2025 12:33,23275.25,435225,733875,217.05,36496725,259725,4.2,49269375,4443000
13-02-2025 12:33,23280.8,436650,729750,217.9,36498000,257100,4.15,49340025,4434900
13-02-2025 12:33,23280,439350,731700,219.45,36495900,258750,4.05,49294200,4476525
13-02-2025 12:34,23282.1,439650,728250,221.7,36496425,252900,3.75,49263450,4521000
13-02-2025 12:34,23280,436875,732600,219.9,36498450,253800,3.8,49237125,4464750
13-02-2025 12:34,23278.05,437925,734850,219.35,36498675,259200,3.7,49238775,4454625
13-02-2025 12:34,23278.55,440625,731925,218,36496125,261525,3.9,49370250,4423275
13-02-2025 12:34,23283.4,438675,729000,220.15,36495525,261825,3.65,49360875,4489725
13-02-2025 12:34,23284,437775,730425,220.6,36495300,257850,3.65,49205475,4504950
13-02-2025 12:35,23283.95,441600,733725,220.45,36500100,265650,3.6,49298850,4475475
13-02-2025 12:35,23283.2,436650,736275,217.55,36499125,263625,3.7,49121175,4473750
13-02-2025 12:35,23282.95,433725,732825,217,36495525,265875,3.65,49308600,4325025
13-02-2025 12:35,23279.8,429900,736125,213.85,36496650,263100,3.9,49455375,4292550
13-02-2025 12:35,23276.7,423975,743325,210.6,36485475,269850,4,49636050,4191825
13-02-2025 12:35,23277.6,426975,736350,210,36484650,269775,3.9,49710450,4302675
13-02-2025 12:36,23270,425475,741000,207.35,36474900,269625,4.1,49652925,4299450
13-02-2025 12:36,23270,426975,743250,207.3,36471675,269025,4.1,49587975,4255650
13-02-2025 12:36,23269,421350,740250,203.8,36468150,269475,4.45,49677675,4096575
13-02-2025 12:36,23268.5,422475,744450,203.45,36458850,267150,4.45,49664850,3987450
13-02-2025 12:36,23265,422625,739200,203.55,36459375,268800,4.55,49539750,4006425
13-02-2025 12:36,23269.4,429000,735825,203.5,36462900,271425,4.45,49489125,4068675
13-02-2025 12:37,23269.95,443400,733800,207.4,36473325,264150,4.15,49400175,4160325
13-02-2025 12:37,23270,440700,733350,208.45,36478950,251400,3.85,49286100,4255725
13-02-2025 12:37,23272,436650,737850,207.3,36479925,254925,3.85,49282125,4257675
13-02-2025 12:37,23273,435975,740550,209.15,36484650,252375,3.75,49304625,4332375
13-02-2025 12:37,0,0,0,207.05,36488850,254475,3.95,49640175,4197525
13-02-2025 12:37,23268.25,435300,744900,204.65,36485850,252900,4.15,49726500,4139250
13-02-2025 12:38,23268,438825,740025,208,36485175,255000,3.85,49669350,4315800
13-02-2025 12:38,23273,433575,740625,207.8,36484650,252000,4.05,49669200,4402275
13-02-2025 12:38,23267.3,437850,740400,208.25,36484950,253200,3.8,49640700,4256175
13-02-2025 12:38,23271.8,434700,741750,207.6,36480075,254925,3.9,49524600,4189875
13-02-2025 12:38,23270,432525,741975,207.6,36479175,251475,3.8,49461825,4220175
13-02-2025 12:38,23270,431775,740775,208.3,36481125,252450,3.7,49401900,4320975
13-02-2025 12:39,23266.6,434850,742125,206.8,36478500,253575,3.85,49507725,4253925
13-02-2025 12:39,23266.15,434550,742725,207,36451950,256350,3.9,49540800,4215675
13-02-2025 12:39,23266.6,435600,739725,208.4,36451125,257925,3.75,49477500,4240950
13-02-2025 12:39,23271.8,431850,741000,207.15,36452625,256125,3.85,49385475,4286175
13-02-2025 12:39,23271.65,431625,741150,207,36448425,259575,3.75,49425675,4186200
13-02-2025 12:39,23267.35,434025,743175,206.6,36446100,258750,3.85,49417800,4234425
13-02-2025 12:40,23266,435150,739425,206.25,36446325,262500,3.85,49589475,4236225
13-02-2025 12:40,23269.5,433200,738825,207.7,36447000,257625,3.8,49473750,4259025
13-02-2025 12:40,23269.45,429375,737400,207.15,36449550,257250,3.8,49496925,4315950
13-02-2025 12:40,23269,432075,740100,206.95,36449475,256800,3.9,49520625,4326300
13-02-2025 12:40,0,0,0,205.5,36448275,261525,3.95,49578900,4212150
13-02-2025 12:40,23268.8,427125,741075,203,36444225,263775,4.2,49698900,4184025
13-02-2025 12:41,23266,423975,745200,202.45,36436800,266025,4.3,49786950,4103175
13-02-2025 12:41,23260,420150,746250,200.4,36436350,262575,4.9,49810950,4144425
13-02-2025 12:41,23257.15,432600,742650,200.55,36426450,263250,4.65,49738050,3992775
13-02-2025 12:41,23260.7,429675,742500,198.75,36424875,263775,4.65,49663500,4063575
13-02-2025 12:41,23259,423075,744450,195.75,36427200,265275,4.9,49685775,4028775
13-02-2025 12:41,23258.05,424800,745800,194.5,36422250,263925,5.25,49600800,3985125
13-02-2025 12:42,23254,429450,749700,194,36397650,274125,5.25,49475925,3896775
13-02-2025 12:42,23259.45,434175,739650,196.45,36408375,277950,4.85,49408575,3982425
13-02-2025 12:42,23259,435825,736650,198.75,36420675,285750,4.75,49399200,3955650
13-02-2025 12:42,23257.35,441675,736725,199,36420000,286275,4.75,49411125,4049850
13-02-2025 12:42,23259.5,438675,737100,199.2,36423075,287025,4.85,49466775,3984225
13-02-2025 12:42,23260,439950,737850,200.25,36420600,286800,4.65,49393650,4032225
13-02-2025 12:43,23262,439650,736725,200.95,36428325,284700,4.55,49446000,4060650
13-02-2025 12:43,23259.8,441525,738900,200.8,36431475,290775,4.9,49541250,4063575
13-02-2025 12:43,23262,442950,736875,200.4,36430200,289125,4.8,49569900,4022100
13-02-2025 12:43,23261.7,443775,738450,202.35,36438900,285900,4.5,49578375,4165500
13-02-2025 12:43,23267,442875,737550,203.55,36442350,286050,4.45,49366425,4248300
13-02-2025 12:43,23267,445350,736050,204.75,36434775,279825,4.1,49283250,4281000
13-02-2025 12:44,23269.9,451050,734775,208.2,36436275,269400,3.95,49244025,4290375
13-02-2025 12:44,23271,449325,734175,207.85,36438525,260625,4,49288200,4239000
13-02-2025 12:44,23271,446550,734550,208.1,36435975,261000,3.85,49255350,4264275
13-02-2025 12:44,23270.3,440850,734400,206.7,36442575,267225,4,49333200,4275375
13-02-2025 12:44,23270,442425,735600,205.2,36440400,272400,4,49372425,4244250
13-02-2025 12:44,23270.95,441075,735600,206.25,36336825,271200,3.85,49398225,4272450
13-02-2025 12:45,23270.25,437475,736350,206,36338700,274500,3.95,49454400,4265775
13-02-2025 12:45,23264.75,443700,744075,204.4,36331800,279450,4,49598775,4269000
13-02-2025 12:45,23272.1,440475,735825,206.5,36335550,277275,3.8,49474500,4305825
13-02-2025 12:45,23267.95,443100,738150,207.5,36345000,266625,3.6,49227075,4348725
13-02-2025 12:45,23270,443175,734475,207.1,36341100,270900,3.65,49335825,4251450
13-02-2025 12:45,0,0,0,206.15,36341775,272475,3.65,49390425,4321650
13-02-2025 12:46,23269.35,443325,733800,208.25,36344625,271950,3.55,49275375,4321650
13-02-2025 12:46,23272,442200,731925,208.95,36346200,263700,3.35,49170225,4404225
13-02-2025 12:46,23275,444675,732075,210.5,36346275,259050,3.4,49137975,4334250
13-02-2025 12:46,23277,443100,730425,210.7,36343650,252075,3.3,49094850,4427400
13-02-2025 12:46,23278.75,439800,731700,211.1,36347850,253875,3.35,49151625,4371750
13-02-2025 12:46,23275,441225,735750,210.55,36347175,256800,3.4,49293525,4259700
13-02-2025 12:47,23275,436650,735975,209.75,36352800,261150,3.45,49328400,4234650
13-02-2025 12:47,23275,440775,733425,210.35,36354900,258000,3.35,49273800,4367625
13-02-2025 12:47,23277,446175,731775,211.8,36351375,255975,3.25,49145325,4423875
13-02-2025 12:47,23275.8,445275,731250,210.45,36354225,260550,3.25,49071450,4454850
13-02-2025 12:47,23275,439125,731775,208.65,36350850,267225,3.4,49420425,4324950
13-02-2025 12:47,23275,439875,732525,209.55,36344100,268200,3.35,49307850,4197750
13-02-2025 12:48,23275,443475,731775,210,36343875,264300,3.35,49458150,4207500
13-02-2025 12:48,23275,441000,732825,209.55,36345075,262050,3.35,49255500,4381800
13-02-2025 12:48,23275,442125,732825,209.85,36341550,262500,3.35,49272000,4391325
13-02-2025 12:48,23275,440925,732900,209.5,36342150,262650,3.3,49337400,4383000
13-02-2025 12:48,23274.9,442050,731325,210.3,36344250,263925,3.3,49304625,4424775
13-02-2025 12:48,23273.95,441600,732300,208.7,36343425,262725,3.3,49343850,4421850
13-02-2025 12:49,23274.65,444750,732600,210.55,36341775,262575,3.3,49374075,4454100
13-02-2025 12:49,0,0,0,212.5,36346650,258600,3.3,49309875,4538250
13-02-2025 12:49,23279,439500,730575,210.85,36343500,260700,3.3,49406475,4431075
13-02-2025 12:49,23274.95,438225,733950,207.55,36339150,267000,3.35,49406475,4361175
13-02-2025 12:49,23274,440700,733275,208.25,36338700,267150,3.3,49342050,4381050
13-02-2025 12:49,0,0,0,206,36335400,267375,3.5,49488450,4319250
13-02-2025 12:50,23272,435525,735375,205.1,36327975,267300,3.5,49431975,4231800
13-02-2025 12:50,23270.55,433725,736200,202.2,36321300,269625,3.5,49558500,4169550
13-02-2025 12:50,23267.9,432300,740850,200.35,36321825,270375,3.6,49643400,4122150
13-02-2025 12:50,23266,431850,734850,199.55,36314550,269625,3.7,49697475,4122225
13-02-2025 12:50,23265,436350,737325,200.9,36316050,268425,3.7,49658100,4162425
13-02-2025 12:50,23266.2,445125,733350,202.8,36322575,271050,3.45,49421025,4287000
13-02-2025 12:51,23266.35,438450,733500,203.9,36327375,271575,3.5,49348125,4215975
13-02-2025 12:51,23269.5,441675,733425,206.6,36329775,269700,3.25,49410300,4332300
13-02-2025 12:51,23269.5,439725,735075,205.15,36329550,264975,3.45,49258275,4336200
13-02-2025 12:51,23267.25,439200,739650,203.1,36329775,277425,3.6,49439325,4202550
13-02-2025 12:51,23270.1,432000,739950,202.8,36330750,273300,3.55,49467150,4196550
13-02-2025 12:51,23264,430725,739650,199.15,36330300,274275,3.8,49501350,4300200
13-02-2025 12:52,23263,434475,740400,201.4,36331350,273825,3.6,49586475,4357050
13-02-2025 12:52,0,0,0,200.85,36332475,273825,3.8,49507500,4350000
13-02-2025 12:52,23264,439275,735075,202.9,36332325,270525,3.6,49611750,4371600
13-02-2025 12:52,23264.6,442950,734850,202.65,36329475,279375,3.75,49489650,4371000
13-02-2025 12:52,23268.15,441000,734475,203.15,36332025,274800,3.65,49441275,4337850
13-02-2025 12:52,23265,442050,736650,203.25,36335250,274050,3.65,49400100,4413225
13-02-2025 12:53,0,0,0,203,36336000,281475,3.65,49632075,4353975
13-02-2025 12:53,23264.1,436575,735900,202,36339900,283650,3.65,49540350,4362300
13-02-2025 12:53,23266.45,430050,733200,201.9,36341100,283275,3.7,49411275,4313625
13-02-2025 12:53,23265.05,439200,735525,200.85,36340575,287625,3.65,49584675,4285950
13-02-2025 12:53,23268.1,437325,731550,204.65,36338325,285975,3.65,49400550,4356825
13-02-2025 12:53,23266.5,435300,731325,204.35,36341850,278700,3.65,49374000,4383525
13-02-2025 12:54,23266.5,432600,730950,203.65,36345900,279300,3.6,49413450,4360800
13-02-2025 12:54,23266.15,435600,731100,204.6,36347025,275700,3.6,49403700,4358775
13-02-2025 12:54,23263.55,431550,731625,203.85,36342975,276300,3.65,49472325,4319700
13-02-2025 12:54,23263.45,427800,735525,201.6,36344775,279075,3.65,49476375,4329375
13-02-2025 12:54,23265,431700,731850,203,36344475,283950,3.6,49509600,4335750
13-02-2025 12:54,23267.45,435450,730725,204.15,36345750,273000,3.5,49315575,4456875
13-02-2025 12:55,23267,429525,732900,203.5,36345600,275325,3.6,49500600,4333200
13-02-2025 12:55,23267,429150,732300,204,36344625,273000,3.6,49605225,4319700
13-02-2025 12:55,23264.5,435075,733800,202.35,36345150,277050,3.65,49503300,4322325
13-02-2025 12:55,23264,435150,735450,204.2,36347175,281250,3.55,49596900,4315050
13-02-2025 12:55,23266.95,431325,735375,203.15,36347100,282150,3.7,49668225,4296825
13-02-2025 12:55,23267.05,435000,733725,206.5,36350850,277575,3.5,49556700,4420125
13-02-2025 12:56,23265.1,439500,737700,204.15,36351525,276375,3.65,49459125,4394250
13-02-2025 12:56,23264.6,438825,737550,204,36352650,273600,3.65,49508625,4216950
13-02-2025 12:56,23266,439575,735075,204.35,36354750,275700,3.6,49414725,4300575
13-02-2025 12:56,0,0,0,204.45,36352650,274500,3.65,49473975,4300875
13-02-2025 12:56,0,0,0,203.85,36353550,274200,3.65,49407000,4317000
13-02-2025 12:56,23266.35,438525,734925,206.05,36352125,272175,3.55,49475775,4372950
13-02-2025 12:57,23266.2,437400,733800,206.45,36350850,270600,3.5,49332375,4383450
13-02-2025 12:57,23268,437775,735375,203.3,36351225,277950,3.65,49558125,4413375
13-02-2025 12:57,0,0,0,204.3,36352425,278175,3.55,49517025,4398150
13-02-2025 12:57,23266.95,433275,737475,203.25,36355950,279600,3.6,49500000,4362300
13-02-2025 12:57,23265,433875,737100,203.2,36352575,276825,3.6,49500675,4359750
13-02-2025 12:57,23265,441150,736650,201.45,36353925,279075,3.65,49550175,4324500
13-02-2025 12:58,23264.5,434325,737400,202,36349800,279375,3.6,49521525,4273725
13-02-2025 12:58,23264,441825,737325,204.3,36356325,276375,3.45,49439100,4452975
13-02-2025 12:58,23264,439350,736050,204.1,36358275,278625,3.45,49293375,4418475
13-02-2025 12:58,23266.9,434325,737100,201.95,36354900,285000,3.55,49458750,4397550
13-02-2025 12:58,23264.55,436725,737250,202.85,36351600,284100,3.5,49437975,4359300
13-02-2025 12:58,23264.55,434250,737550,201.5,36346125,289125,3.55,49443675,4303950
13-02-2025 12:59,23265.95,438150,738000,203,36350625,291225,3.45,49529775,4361625
13-02-2025 12:59,23265.95,432600,736575,202.3,36350625,288300,3.5,49364325,4338750
13-02-2025 12:59,23266.95,433800,736350,203.05,36342075,291075,3.5,49376625,4436475
13-02-2025 12:59,23266,440625,736650,204.65,36341700,288075,3.35,49276275,4494300
13-02-2025 12:59,23267.05,441525,734925,206.05,36350325,280500,3,49051500,4576650
13-02-2025 12:59,23270.65,443475,734550,210,36350475,280125,2.9,48801450,4593525
13-02-2025 13:00,23270.35,441150,734850,207.15,36350100,267975,2.75,48757875,4518975
13-02-2025 13:00,23270.3,438975,735975,208.9,36351150,269100,2.75,48903375,4476375
13-02-2025 13:00,23271.65,440250,733875,209.45,36348150,271275,2.85,49005000,4444200
13-02-2025 13:00,23273.2,439425,731175,209.6,36349800,265950,2.8,48932775,4450875
13-02-2025 13:00,23277.25,442125,729750,212.35,36355725,257475,2.65,48863175,4542525
13-02-2025 13:00,23275.35,441075,730650,210.35,36352125,257175,2.7,48785550,4554975
13-02-2025 13:01,23276.95,442275,729825,213.3,36348450,257325,2.55,48764175,4642500
13-02-2025 13:01,23277,439650,730200,211.95,36357150,253050,2.6,48729750,4574400
13-02-2025 13:01,23277.2,441750,729900,212,36355275,256200,2.55,48840975,4485300
13-02-2025 13:01,23275.05,438825,729450,211.55,36352875,258300,2.6,48946725,4500675
13-02-2025 13:01,23277.5,440175,731175,210.35,36356325,258000,2.65,48944625,4443900
13-02-2025 13:01,23274,435750,731325,208.95,36350700,261075,2.6,49006500,4357350
13-02-2025 13:02,23270.5,437925,738375,206.7,36346200,261375,2.85,48898875,4402800
13-02-2025 13:02,23268,437325,740175,202.6,36345375,261000,3,48631575,4263600
13-02-2025 13:02,0,0,0,202.5,36336000,260550,3,48707475,4185225
13-02-2025 13:02,0,0,0,203.05,36343350,258150,3.05,48685725,4109550
13-02-2025 13:02,23263.9,438375,735450,202.95,36344025,258000,2.9,48629325,4237575
13-02-2025 13:02,23262.15,434850,739725,200.15,36344625,262500,3.05,48573300,4230525
13-02-2025 13:03,23262.05,428175,736650,198.55,36336675,262050,3.15,48692625,4174200
13-02-2025 13:03,23260,436500,736500,197.55,36324225,264675,3.15,48658200,4197000
13-02-2025 13:03,23259.4,439800,735000,198.5,36328050,263700,3.1,48489825,4290450
13-02-2025 13:03,23260.2,439650,735825,199,36328575,264450,3.15,48555225,4259400
13-02-2025 13:03,23262.3,441975,734475,201.35,36331800,259200,3,48482700,4408800
13-02-2025 13:03,23264.15,443250,734850,202.7,36337050,266250,2.8,48342300,4417725
13-02-2025 13:04,23264.6,442800,738225,202.3,36340950,267075,2.75,48266700,4473450
13-02-2025 13:04,23266.5,444975,737325,204.35,35956050,263550,2.7,48262950,4525200
13-02-2025 13:04,23265.05,442950,735975,203.3,35957625,267900,2.7,48308100,4480725
13-02-2025 13:04,23264.6,443475,736350,201.25,35960100,269250,2.8,48339225,4482750
13-02-2025 13:04,23265.95,443100,737775,203.65,35953200,273375,2.6,48433425,4536825
13-02-2025 13:04,23265,440700,740025,201.3,35954775,271350,2.7,48418275,4564050
13-02-2025 13:05,23265,443700,740025,200.9,35953050,274050,2.75,48566775,4394325
13-02-2025 13:05,23263.95,448950,742800,199.7,35952525,276150,2.9,48714525,4375875
13-02-2025 13:05,23262.55,440100,743175,200.1,35950800,276450,2.85,48584700,4466850
13-02-2025 13:05,23262,441300,742725,199.2,35946375,279900,2.95,48672375,4407825
13-02-2025 13:05,23262,438750,743400,198.15,35950575,283950,3.05,48765600,4306350
13-02-2025 13:05,23262,442650,742275,198.85,35953425,287625,3,48764025,4374300
13-02-2025 13:06,23259,443325,738450,197.55,35950950,285000,3.05,48792900,4334250
13-02-2025 13:06,23261.95,446250,737550,198.9,35950200,281175,3,48766275,4397175
13-02-2025 13:06,23261.95,444600,738000,199.65,35953875,278100,3,48762225,4357575
13-02-2025 13:06,23261.2,450225,737175,200.8,35949600,277125,2.9,48785625,4447650
13-02-2025 13:06,0,0,0,199.55,35948700,277875,3.05,48729600,4399950
13-02-2025 13:06,23262.8,445725,737250,200.75,35948625,281025,3.05,48716700,4254750
13-02-2025 13:07,23263.7,452700,736875,202.95,35955075,274875,2.85,48557925,4371075
13-02-2025 13:07,23264.55,441075,737175,202.75,35953350,280575,2.85,48509400,4335975
13-02-2025 13:07,23264.55,443175,736800,201.75,35952825,285975,2.85,48524175,4378575
13-02-2025 13:07,23264.9,439800,735975,201.3,35954025,285675,2.8,48497400,4451550
13-02-2025 13:07,23264.05,438900,737025,200.05,35948475,291900,2.95,48662175,4443225
13-02-2025 13:07,23262.9,444450,737775,199.2,35950875,290850,2.85,48640575,4388475
13-02-2025 13:08,23262,443775,738375,200.4,35950050,291675,2.9,48597300,4375725
13-02-2025 13:08,23262,436575,735750,199.45,35952075,293025,2.85,48574875,4459350
13-02-2025 13:08,23263.25,442500,736050,199.85,35958375,292425,2.85,48669225,4477800
13-02-2025 13:08,23263.25,447675,734100,200.3,35956350,288900,2.75,48565875,4493700
13-02-2025 13:08,23263.15,443100,735525,199.2,35958225,288150,2.75,48473325,4541925
13-02-2025 13:08,23261.75,439950,736050,199.2,35953200,292125,2.85,48567675,4549200
13-02-2025 13:09,23261.45,444000,735675,198.85,35956050,291300,2.8,48537225,4458000
13-02-2025 13:09,23261.45,442500,736275,198.65,35957250,291300,2.85,48585900,4472325
13-02-2025 13:09,23261.35,448950,736575,200.35,35953800,290025,2.85,48638925,4405650
13-02-2025 13:09,23262.5,449550,735075,199,35945025,291525,2.85,48594600,4501575
13-02-2025 13:09,23261.25,440700,734775,197.85,35949150,289050,2.95,48669825,4371975
13-02-2025 13:09,23261.3,443250,734775,198.15,35951475,288975,2.95,48772650,4352250
13-02-2025 13:10,23256.6,439425,738750,195,35947500,289425,3.1,48869850,4337025
13-02-2025 13:10,23258.45,442575,735975,196.3,35943525,287025,3.15,48831825,4236375
13-02-2025 13:10,23260.1,442275,735675,198.45,35946075,286050,3.05,48598500,4331175
13-02-2025 13:10,23261.3,436875,735225,198,35948100,292950,3.15,48731850,4274700
13-02-2025 13:10,23260.05,435675,735975,196.85,35945325,301350,3.2,48732450,4291575
13-02-2025 13:10,23258,434850,737175,193.55,35947500,304425,3.2,48743025,4294500
13-02-2025 13:11,23258.8,437100,734700,197.5,35943375,302700,3.1,48772950,4325325
13-02-2025 13:11,23259.75,438000,734475,197,35947500,294300,3.15,48632175,4369875
13-02-2025 13:11,23259,437100,735075,196.45,35952525,295800,3.25,48670575,4222125
13-02-2025 13:11,23259,440475,734700,196.35,35948625,301275,3.2,48697725,4297050
13-02-2025 13:11,23256.6,438300,735525,195.3,35949000,304125,3.2,48679275,4293525
13-02-2025 13:11,23256.05,437550,735225,194.15,35946000,299850,3.1,48689925,4333350
13-02-2025 13:12,23255.45,438075,734325,194,35942850,297975,3.2,48688650,4306425
13-02-2025 13:12,23255.05,439575,735900,194.15,35950500,296550,3.15,48656325,4307550
13-02-2025 13:12,23255,435600,738150,194.45,35950725,297675,3.2,48780075,4298625
13-02-2025 13:12,23257.95,437925,734250,196,35943975,293175,3.2,48726900,4271250
13-02-2025 13:12,23258,436125,734700,196.45,35944350,287550,3.1,48639900,4297425
13-02-2025 13:12,23256.15,436200,736050,195.4,35944425,287025,3.2,48586425,4351500
13-02-2025 13:13,23254.7,432825,735600,191.7,35935350,287100,3.6,48945975,4204725
13-02-2025 13:13,23251.4,426825,739650,189.6,35927925,287175,3.85,49025400,4109250
13-02-2025 13:13,23252.6,431625,734400,192.6,35904075,282450,3.55,48623250,4146975
13-02-2025 13:13,23255,431400,730200,192.05,35902650,286800,3.65,48623025,4159650
13-02-2025 13:13,23252.6,421875,730800,187.95,35899050,294600,4,48790950,4063875
13-02-2025 13:13,23251.05,426000,732600,187,35900625,295650,3.85,48710400,4134750
13-02-2025 13:14,23250.95,425925,733800,185.85,35905200,294450,3.85,48676125,4079100
13-02-2025 13:14,23248,425625,734025,184,35904900,291750,4.1,48742125,4088325
13-02-2025 13:14,23245.15,418425,735825,183.75,35901150,291075,4.4,48873075,3998325
13-02-2025 13:14,23242.2,401400,737250,178.3,35900325,290550,5.7,48720525,3975000
13-02-2025 13:14,23232,415575,736125,169.5,35851425,295650,7.45,48455100,2951175
13-02-2025 13:14,23230.8,404625,731175,167.8,35854575,295125,7.6,48435300,3014250
13-02-2025 13:15,23221,391050,735675,163.15,35849775,295725,9.2,48424500,2950125
13-02-2025 13:15,23224.4,386175,734175,160.75,35849175,299700,9.4,48357075,2788050
13-02-2025 13:15,23232.6,401775,732000,172.2,35891400,283875,6.2,48374700,2860800
13-02-2025 13:15,23232,391050,742950,166.75,35868975,276825,7.5,48351000,2803200
13-02-2025 13:15,23233.95,396825,730275,169.55,35875950,301575,6.85,48378300,2850900
13-02-2025 13:15,23238.95,403650,739800,172.4,35908425,304425,5.85,48339900,2957475
13-02-2025 13:16,23241.85,404025,744300,173.6,35923875,294750,5.45,48241500,2992950
13-02-2025 13:16,23241,405150,750375,173.05,35918250,296475,5.7,48351450,2974275
13-02-2025 13:16,23245,408375,737475,176.25,35925150,291750,4.7,48286350,3068775
13-02-2025 13:16,23243.15,401550,744900,173.05,35924925,290550,5.25,48434025,3045825
13-02-2025 13:16,23239.3,396300,747825,170,35922750,297300,5.45,48478875,2997300
13-02-2025 13:16,23237.05,398100,747825,168.85,35906550,303975,5.4,48462750,3102000
13-02-2025 13:17,23230.05,396075,751275,166.6,35903175,311925,5.8,48519675,3048975
13-02-2025 13:17,23230,396150,753225,167,35905875,307200,5.8,48553800,3087675
13-02-2025 13:17,23230,397200,750300,167.45,35913750,327375,5.6,48432600,3292125
13-02-2025 13:17,23232.4,401850,750300,166.55,35910300,338700,5.55,48517575,3223650
13-02-2025 13:17,23238.05,396825,750300,166.65,35913075,313875,5.65,48473325,3239475
13-02-2025 13:17,23237.95,402375,751275,168.65,35925825,314475,5.8,48541050,3233400
13-02-2025 13:18,23243.6,406800,746850,171.85,35944425,298875,5,48416250,3496350
13-02-2025 13:18,23243.7,402300,745275,172.85,35938800,299100,5.05,48499950,3457275
13-02-2025 13:18,23242.45,397725,751575,170.75,35934525,302175,5.45,48705525,3382725
13-02-2025 13:18,23242,401400,749100,170.05,35943375,302475,5.4,48750975,3389625
13-02-2025 13:18,23232.6,401175,752025,168.3,35938350,308100,5.8,48815925,3340500
13-02-2025 13:18,23238.6,399000,752775,170.35,35944800,308025,5.55,48806925,3325425
13-02-2025 13:19,23238.6,400425,752925,169.6,35942700,306750,5.75,48752700,3346125
13-02-2025 13:19,23237.4,402225,753075,171.85,35941200,309375,5.35,48792450,3379725
13-02-2025 13:19,23241.95,402300,748575,172.3,35947200,310500,5.05,48580950,3465975
13-02-2025 13:19,23241.95,405675,752025,171.1,35946150,309825,5.05,48567000,3440400
13-02-2025 13:19,23240.95,410025,755100,171.45,35945175,327150,4.9,48783450,3487725
13-02-2025 13:19,23243,411450,751050,173.4,35945775,309675,4.6,48437475,3545025
13-02-2025 13:20,23242.8,409650,751050,174.35,35954775,301125,4.35,48435675,3597375
13-02-2025 13:20,23243.3,405300,750675,174.9,35958825,299700,4.3,48517350,3537225
13-02-2025 13:20,23247,410475,749325,177,35965425,292950,4,48409275,3599100
13-02-2025 13:20,23247,407250,747375,178.55,35965650,291900,4,48535200,3582825
13-02-2025 13:20,23252,411825,746100,183,35967375,288525,3.75,48422025,3625125
13-02-2025 13:20,23253.45,410400,739275,180.65,35972850,282675,3.85,48595875,3676125
13-02-2025 13:21,23253.45,407925,738825,181,35976075,288525,3.8,48558750,3597600
13-02-2025 13:21,23252,405825,741225,178.9,35976300,295725,3.8,48609375,3754650
13-02-2025 13:21,23247.05,404700,743325,178.1,35959050,297825,4,48795000,3621075
13-02-2025 13:21,23246.45,404100,744525,175.2,35953125,299700,4.15,48887475,3582225
13-02-2025 13:21,23243.05,402300,744600,175.4,35951475,304800,4.25,48924150,3510975
13-02-2025 13:21,23243,404325,747750,174.85,35954400,309525,4.4,48948075,3477000
13-02-2025 13:22,23243,407550,744375,176.2,35961375,308850,4.35,48794475,3513600
13-02-2025 13:22,23246.45,408600,740325,179.85,35964750,308700,3.95,48541200,3697875
13-02-2025 13:22,23248.95,406200,744675,178.6,35970975,308625,4.15,48674775,3703050
13-02-2025 13:22,23249.2,411750,744825,178.8,35968575,309825,3.95,48692400,3684300
13-02-2025 13:22,23248.85,406725,746100,177.9,35972250,309900,4.05,48757650,3573075
13-02-2025 13:22,23249,409800,743025,180.1,35975025,309000,3.7,48576225,3738450
13-02-2025 13:23,23246.7,408900,741825,181.65,35976675,310350,3.4,48505425,3764850
13-02-2025 13:23,23249,414225,741750,182.15,35978775,307725,3.35,48483000,3816450
13-02-2025 13:23,23247.3,415275,747825,176.75,35976075,312525,4,48924600,3754275
13-02-2025 13:23,23240,402825,747225,174.75,35970600,326250,3.9,48877500,3649575
13-02-2025 13:23,23240,408225,744675,174.8,35959350,316050,3.9,48821025,3672900
13-02-2025 13:23,23241.85,406725,744525,172.25,35954775,331125,4.2,48906600,3598200
13-02-2025 13:24,23238.5,409875,746100,170.2,35944125,324900,4.4,49007775,3608400
13-02-2025 13:24,23234,396600,746250,163.8,35943075,327375,4.9,49131000,3567900
13-02-2025 13:24,23231.4,406575,744150,166,35925225,332850,5.05,48958950,3466800
13-02-2025 13:24,23234.1,403425,744900,163.2,35932500,312450,5.25,48884925,3492675
13-02-2025 13:24,23230,404925,746250,162.7,35940000,315000,5.05,48886950,3542175
13-02-2025 13:24,23232.75,405450,745575,162.65,35943600,315225,5.15,48826275,3463200
13-02-2025 13:25,23234.95,411750,746400,163.55,35940525,321150,4.6,48794775,3646950
13-02-2025 13:25,23234.8,410625,743625,164,35946825,334950,4.85,48804150,3707100
13-02-2025 13:25,23234.95,410100,743250,164.35,35954925,345300,4.85,48794475,3718500
13-02-2025 13:25,23234.4,412275,743175,163.7,35961600,335025,5.1,48776100,3716850
13-02-2025 13:25,23234.95,411000,745200,164.65,35965425,341850,4.9,48839625,3625125
13-02-2025 13:25,23234.7,412575,743700,162.75,35967225,333675,5.2,48844050,3605400
13-02-2025 13:26,23230.75,413700,744075,163.05,35970750,331800,5.05,48856650,3679200
13-02-2025 13:26,23231.6,404100,745650,162.45,35958375,330600,5.05,48866325,3598125
13-02-2025 13:26,23228,403350,749400,158.85,35956875,329025,5.7,48801525,3555300
13-02-2025 13:26,23220.65,389775,747600,153.6,35924850,333675,7,48926925,3252000
13-02-2025 13:26,23217.15,402900,744150,153.45,35905875,326475,7.5,48542400,3298200
13-02-2025 13:26,23213.5,385575,747600,151,35896200,336450,7.95,48600675,3249150
13-02-2025 13:27,23216.85,395250,745275,151.7,35884950,347925,7.8,48379725,2929200
13-02-2025 13:27,23221.4,401025,743100,156.95,35922150,328725,6.25,48315600,2996400
13-02-2025 13:27,23227.6,396900,740100,158.75,35912700,318000,5.7,48257850,3050175
13-02-2025 13:27,23224.95,402525,745050,156.95,35899350,318750,6.15,48449925,3083175
13-02-2025 13:27,23224.95,398325,745725,157.5,35904750,326400,6.35,48588825,2990550
13-02-2025 13:27,23226.95,412200,744750,159.55,35914275,328275,6.1,48580125,3153300
13-02-2025 13:28,23221,405225,749700,154.95,35915175,331575,7.5,48644100,3026625
13-02-2025 13:28,23225.85,412950,745500,155.35,35913825,332925,6.75,48508575,3186300
13-02-2025 13:28,23225.7,406725,748050,157.6,35917425,348675,6.85,48544800,3181725
13-02-2025 13:28,23222.05,400650,747450,153.4,35919300,342750,7.25,48544275,3134475
13-02-2025 13:28,23222.8,405525,748650,157.4,35926800,337050,6.9,48479925,3159300
13-02-2025 13:28,23223.9,408450,748650,156.3,35932050,336300,6.65,48422325,3214125
13-02-2025 13:29,23225.55,405825,747525,158.15,35926950,338025,6.35,48480225,3236100
13-02-2025 13:29,23222,403650,748875,156.8,35925375,344700,6.35,48501150,3295875
13-02-2025 13:29,23222.65,402750,748875,155,35930175,347475,6.6,48604200,3229350
13-02-2025 13:29,23222,404250,748575,154.55,35929425,349050,6.8,48728100,3129450
13-02-2025 13:29,23224.2,404625,749325,154.95,35933925,346800,6.7,48601875,3161250
13-02-2025 13:29,23220.8,407700,747825,155.1,35937000,348000,6.05,48585300,3158250
13-02-2025 13:30,23219.6,406725,750075,154.6,35935875,343500,6.5,48471450,3190575
13-02-2025 13:30,23220.7,410550,752850,155.25,35930325,346800,6.85,48523500,3058650
13-02-2025 13:30,23219,405675,751500,153.55,35932950,355725,7.1,48560400,3098925
13-02-2025 13:30,23220,412500,751725,155.75,35940300,355200,6.65,48484125,3157050
13-02-2025 13:30,23218.15,406350,750150,156,35945550,344850,7,48578700,3168075
13-02-2025 13:30,23222.7,409950,746850,157.1,35951175,344625,6.8,48603300,3161550
13-02-2025 13:31,23224.9,410325,747300,158.3,35953950,337875,6.15,48479925,3200625
13-02-2025 13:31,23225,414525,747600,156.55,35959500,330975,6.55,48536700,3192225
13-02-2025 13:31,23224,416550,746400,156,35949075,333150,6.9,48616275,3220500
13-02-2025 13:31,23224,417225,746700,156.9,35954850,333750,6.85,48579525,3189375
13-02-2025 13:31,23225.8,406650,749850,155.4,35953425,333150,6.7,48586650,3200700
13-02-2025 13:31,23225.65,405675,747375,155.15,35943150,338100,6.4,48460125,3251325
13-02-2025 13:32,23222,402075,749775,151.45,35945925,336525,6.8,48471225,3237300
13-02-2025 13:32,23221,399450,747375,150,35933700,341400,6.75,48577200,3246075
13-02-2025 13:32,23218,396675,751350,147.2,35933250,347400,7.3,48644025,3174600
13-02-2025 13:32,23216,400050,748125,148.1,35933475,335400,7,48702375,3254475
13-02-2025 13:32,23210.3,402825,752325,142.7,35933325,339600,8.5,48797700,3157650
13-02-2025 13:32,23200.05,375300,745575,137.95,35908725,348450,10,48739425,3030975
13-02-2025 13:33,23195,378150,747075,134,35887500,360000,9.9,48567225,2617275
13-02-2025 13:33,23205.5,387075,750000,137.45,35904225,332325,8.55,48376650,2723325
13-02-2025 13:33,23200.1,389850,748650,138.1,35906100,328350,9.15,48521775,2751825
13-02-2025 13:33,23204.95,384825,746100,137.2,35910450,334200,9.5,48605325,2753775
13-02-2025 13:33,23200.4,396075,748350,133.75,35917950,341700,10.2,48616050,2873100
13-02-2025 13:33,23195.8,379500,747375,131.8,35921850,336450,11.25,48632250,2738925
13-02-2025 13:34,23192.9,389475,748350,131.35,35924700,347325,10.95,48569550,2654175
13-02-2025 13:34,23192.25,375750,753600,128.85,35937375,348375,12.4,48603000,2710275
13-02-2025 13:34,23190,387825,753225,128.65,35947050,351825,12.35,48631800,2689500
13-02-2025 13:34,23191.35,389175,746475,132.4,35963400,350850,10.9,48594150,2763150
13-02-2025 13:34,23182.85,383550,751425,121.85,35969775,348000,14.65,48628275,2751075
13-02-2025 13:34,23186.1,379125,751875,123.1,35930025,340725,14.75,48659625,2437125
13-02-2025 13:35,23183.9,374325,752700,122.15,35922375,353325,14.95,48645600,2365800
13-02-2025 13:35,23177.45,366975,752175,116.1,35933625,362100,19.5,48682425,2190975
13-02-2025 13:35,23172,344100,752550,112.5,35939550,361800,19.8,48709275,1927050
13-02-2025 13:35,23172.45,340425,740700,114.75,35935125,353775,19.75,48739275,1905525
13-02-2025 13:35,23174.35,358950,748725,113.35,35957100,353850,20.1,48667725,1895475
13-02-2025 13:35,23167.45,339525,753375,104.2,35961675,389475,22.75,48691800,1905975
13-02-2025 13:36,23160,329550,755175,101.75,35916225,383700,21.75,48698250,1805025
13-02-2025 13:36,23157.85,333150,752625,99.75,35925000,390075,24.85,48651375,1860975
13-02-2025 13:36,23155.2,331050,747825,101.65,35928375,395700,22.75,48746550,1730025
13-02-2025 13:36,23160.95,342450,742500,106.75,36001725,397575,20.05,48752850,1810350
13-02-2025 13:36,23171.65,346650,729750,110.5,36047025,367800,17.35,48417075,1860000
13-02-2025 13:36,23162.95,332250,753150,108.75,36043950,379950,18.7,48463275,1837500
13-02-2025 13:37,23160.1,341700,752250,107.85,36036525,403875,18.8,48579000,1960575
13-02-2025 13:37,23163.6,342150,755100,110.3,36069525,405150,17.9,48534525,2022375
13-02-2025 13:37,23166,341250,757050,108.6,36082875,416325,18.7,48556050,2059500
13-02-2025 13:37,23165,344175,752700,106.05,36092550,444300,20.1,48670050,2079600
13-02-2025 13:37,23164,332550,749400,103.15,36075150,443475,20.7,48692175,2012100
13-02-2025 13:37,23169.95,346125,743550,107.9,36091800,443400,17.9,48633300,2134725
13-02-2025 13:38,23167.05,345825,754350,107.35,36090750,446550,18.4,48590100,2133525
13-02-2025 13:38,23169.55,349275,753450,108.95,36109650,423300,18.15,48646200,2200650
13-02-2025 13:38,23169.15,347250,757650,108.15,36126075,430575,18.9,48720600,2229975
13-02-2025 13:38,23163.95,343125,755250,107.9,36133650,452025,18.35,48733425,2249700
13-02-2025 13:38,23167,354750,752400,103.05,36133575,465450,18.7,48698700,2297325
13-02-2025 13:38,23165,357900,749475,106.95,36138150,463125,17.55,48660900,2282850
13-02-2025 13:39,23167,360375,751725,104.8,36153750,463950,18.3,48744150,2352600
13-02-2025 13:39,23165,357675,742950,107.9,36143700,457725,17.35,48762450,2264850
13-02-2025 13:39,23164.15,352125,764625,103.6,36153150,464025,18.65,48805050,2279100
13-02-2025 13:39,23155,339825,767250,98.85,36138375,468375,20.1,48890025,2308500
13-02-2025 13:39,23155,348600,767325,99.8,36101925,467100,20.15,48885300,2181525
13-02-2025 13:39,23155,351375,771375,99.7,36128175,455550,20.45,48785400,2280000
13-02-2025 13:40,23162.2,348225,770475,101.1,36137100,481950,19.7,48849750,2331600
13-02-2025 13:40,23161.7,342975,767475,99.3,36161250,474075,19.7,48874725,2420250
13-02-2025 13:40,23157.5,352200,765225,99.8,36172125,479925,19.65,48849150,2398050
13-02-2025 13:40,23163.95,353400,761475,102.9,36201300,461400,17.95,48826575,2429625
13-02-2025 13:40,23160.9,353175,771900,99,36213975,456450,20.3,48692475,2444250
13-02-2025 13:40,23150.1,332325,765000,93.45,36137250,465900,21.85,48680700,2220975
13-02-2025 13:41,23142,303675,770025,85.65,36057375,467775,23.25,48671100,1987200
13-02-2025 13:41,23142.25,330975,771300,85.35,36022950,480225,23.75,48730650,1950825
13-02-2025 13:41,23137.5,329475,765225,82.95,36071100,498075,24.8,48844350,2001300
13-02-2025 13:41,23142,310125,765600,82.95,36049950,510750,24,48860925,1974900
13-02-2025 13:41,23140.2,316200,764475,84.15,36070950,513375,23.9,48801675,2045475
13-02-2025 13:41,23140.05,316425,763950,83.7,36102300,497475,24.6,48906000,2039925
13-02-2025 13:42,23141.95,315600,766125,79.65,36120075,523950,26.6,48991650,2041875
13-02-2025 13:42,23146.55,328350,765750,84.4,36180075,536850,24.15,49047825,2021775
13-02-2025 13:42,23145,323550,762975,83.35,36212550,530925,25,48809025,2057850
13-02-2025 13:42,23146.15,326700,759750,83.25,36222375,541425,24.95,48875925,2216550
13-02-2025 13:42,23152.15,330150,761775,88.35,36261375,554850,22.4,48914700,2266875
13-02-2025 13:42,23156.7,331350,753750,88.85,36282375,508500,20.95,48662850,2344875
13-02-2025 13:43,23155,329025,753000,89.25,36285375,490200,20.9,48476325,2340300
13-02-2025 13:43,23155.15,329550,763650,87.6,36287625,510975,23.3,48627975,2288100
13-02-2025 13:43,23152,334425,764700,90.65,36311625,534375,22.45,48671175,2327175
13-02-2025 13:43,23155.8,336225,764475,89.75,36319875,556500,22.25,48724575,2429475
13-02-2025 13:43,23165,342375,760200,97.75,36370950,543600,16.4,48704175,2534925
13-02-2025 13:43,23172,338550,760425,101.8,36370275,437625,14.95,48139650,2556900
13-02-2025 13:44,23166.2,330825,763350,93.05,36349500,490875,18.35,48211650,2490975
13-02-2025 13:44,23163.65,331425,766575,96.35,36336225,510000,17.85,48330450,2440725
13-02-2025 13:44,23168.25,339375,770775,97.8,36359850,509550,17.35,48316575,2564250
13-02-2025 13:44,23165.95,340875,770850,96.85,36372900,512025,17.95,48375750,2602050
13-02-2025 13:44,23169.85,345450,760500,100.35,36397200,524250,17.05,48435000,2577075
13-02-2025 13:44,23165.75,338175,767100,99.3,36516375,538800,16.35,48474975,2600700
13-02-2025 13:45,23164.95,338175,767325,97,36515100,550650,17.9,48511350,2596350
13-02-2025 13:45,23157.8,330825,774150,94.65,36496800,555750,19.7,48569625,2494950
13-02-2025 13:45,23163.85,330750,772500,97.2,36483300,565575,18.7,48639825,2490000
13-02-2025 13:45,23162.9,334050,770775,97.65,36501975,546600,18.85,48614025,2530950
13-02-2025 13:45,23160.4,344550,768675,98.3,36509775,561525,19.35,48668325,2541225
13-02-2025 13:45,23156.7,341325,766350,97.7,36529950,579525,18.4,48622800,2612250
13-02-2025 13:46,23160.2,347100,768450,97.4,36518025,589050,18.15,48635700,2627700
13-02-2025 13:46,23164.3,342000,766950,97.25,36510000,584925,18.2,48644925,2645625
13-02-2025 13:46,23162.8,338250,765900,96.7,36490950,586200,17.05,48709125,2684100
13-02-2025 13:46,23160,342150,768225,97.6,36488400,591450,16.55,48694425,2737500
13-02-2025 13:46,23162.9,341250,770775,95.3,36481575,589875,16.7,48631575,2741325
13-02-2025 13:46,23158,343275,772125,94,36472350,602700,17,48672975,2693775
13-02-2025 13:47,23159.55,345675,767025,98.05,36503550,606600,16,48658875,2743275
13-02-2025 13:47,23162.95,345525,766800,96.8,36511350,587850,16.35,48600750,2726250
13-02-2025 13:47,23159.95,340500,773400,92.8,36501825,590175,17.5,48740775,2666250
13-02-2025 13:47,23156.2,339075,770625,94.1,36493800,593250,18.3,48787500,2613600
13-02-2025 13:47,23148.75,333450,774150,86.55,36489150,614175,22.6,48841050,2576700
13-02-2025 13:47,23149.35,332625,770400,87.65,36415125,603975,22.05,48777600,2381850
13-02-2025 13:48,23144.95,329925,777825,84.95,36394650,607200,22.05,48751800,2396025
13-02-2025 13:48,23141.6,332775,772350,86.45,36423000,608475,22.3,48735975,2441400
13-02-2025 13:48,23142.8,329400,771825,89.2,36467025,606600,20.15,48732225,2570400
13-02-2025 13:48,23148.8,330225,780525,88.05,36478200,612375,21.3,48696825,2522775
13-02-2025 13:48,23149.95,335625,770925,91.2,36525900,614325,19.25,48711150,2597100
13-02-2025 13:48,23149.9,341250,769500,91.4,36545325,610125,19.3,48626625,2662050
13-02-2025 13:49,23148.85,341100,778125,85.25,36592350,619350,21.3,48736650,2704800
13-02-2025 13:49,23138.35,318075,777300,80.25,36538725,624075,25.85,48882075,2542125
13-02-2025 13:49,23142.95,328800,757275,84.9,36522750,628800,22.7,48915525,2265900
13-02-2025 13:49,23141.45,326400,769275,82.5,36536400,627750,23.5,48942750,2328900
13-02-2025 13:49,23139.95,326850,768525,81.35,36563400,647775,24.2,49043025,2362125
13-02-2025 13:49,23139.95,329175,767700,85.35,36604725,648675,22.05,49034775,2410950
13-02-2025 13:50,23135,327000,771600,79.95,36596325,650850,24.9,49009650,2393550
13-02-2025 13:50,23128,326475,770175,73.6,36487650,655500,29.75,49049925,2326800
13-02-2025 13:50,23124.85,314850,766575,75.8,36389775,677325,26.55,49072275,1680825
13-02-2025 13:50,23134.25,316500,764550,85.15,36471900,636075,23.35,48920100,1795200
13-02-2025 13:50,23143.5,320850,752475,87.9,36517125,591750,20.85,48779400,1867575
13-02-2025 13:50,23148.35,313425,770550,88.1,36524250,593400,21,48814050,1858275
13-02-2025 13:51,23160,319575,761700,97.3,36535425,589275,16.2,48847425,1975875
13-02-2025 13:51,23155.8,312525,773400,92.15,36532575,526650,17.3,48616725,1974075
13-02-2025 13:51,23155,318825,767025,94,36523500,568800,17,48672525,2038650
13-02-2025 13:51,23152.15,308550,778050,88.4,36510825,598500,17.55,48817200,2057850
13-02-2025 13:51,23152,315900,779325,87.55,36475725,612525,18.85,48931050,2093175
13-02-2025 13:51,23150,318750,781050,91.55,36500625,624975,17.4,48975225,2123250
13-02-2025 13:52,23159.45,323850,768825,93.55,36538875,622575,16.65,48931125,2186325
13-02-2025 13:52,23158.55,323550,770700,95.35,36549375,602775,16.05,48821475,2240250
13-02-2025 13:52,23160,323400,771075,97.4,36554925,621825,15.35,48744075,2252850
13-02-2025 13:52,23158.7,322800,776100,95.4,36591975,614100,16.05,48875325,2225925
13-02-2025 13:52,23160.2,322350,779550,94.3,36607200,627150,17.05,48852450,2179500
13-02-2025 13:52,23160.45,321000,784425,95.45,36628800,629850,16.8,48887400,2259900
13-02-2025 13:53,23159.85,321675,780375,94.1,36627900,624975,16.5,48830775,2329050
13-02-2025 13:53,23159,321675,779100,93.7,36619500,632325,16.45,48823725,2364375
13-02-2025 13:53,23155,321900,778425,91.25,36616800,645150,17.75,48886425,2346600
13-02-2025 13:53,23152,318450,781050,89.8,36594150,647700,18.3,48953100,2281125
13-02-2025 13:53,23148,315825,787050,87.4,36595875,648300,18.75,48972825,2286000
13-02-2025 13:53,23146.9,318900,788475,83.25,36589800,648300,20.55,48909600,2267625
13-02-2025 13:54,23139.5,317025,786150,80.25,36537000,657000,23,48941250,2139150
13-02-2025 13:54,23135.15,320400,780600,80.35,36537825,659925,21.35,48944850,2186250
13-02-2025 13:54,23140.4,331350,841575,82.9,36575025,669150,19.55,48873825,2260725
13-02-2025 13:54,23141.9,326700,851700,80.7,36586125,675750,20.6,48846750,2277675
13-02-2025 13:54,23140.8,323475,855150,80.9,36618825,691875,20.9,48883875,2332875
13-02-2025 13:54,23143.8,323850,844575,83.3,36673050,695475,19.8,48891150,2398050
13-02-2025 13:55,23141,323925,851625,81.8,36702150,700425,19.7,48861300,2451225
13-02-2025 13:55,23148.95,327825,849150,84.65,36717075,697200,18.55,48864150,2432475
13-02-2025 13:55,23147.25,328575,849825,83.35,36765375,717075,20.05,48846225,2396175
13-02-2025 13:55,23140,327675,851025,83.4,36751200,731325,20.95,48936525,2362200
13-02-2025 13:55,23146.95,331950,852000,84.8,36750675,721275,20.3,48957150,2399325
13-02-2025 13:55,23146,330375,852075,84.75,36759150,719025,20.5,48972000,2399250
13-02-2025 13:56,23145.95,328725,847275,83.9,36781050,726000,20.35,48943575,2418450
13-02-2025 13:56,23146.95,336600,847350,84.4,36781500,721500,19.55,48982950,2418525
13-02-2025 13:56,23149,334050,849075,86.95,36792675,718575,18.95,48932250,2442975
13-02-2025 13:56,23155,338850,844950,91.7,36807975,695250,16.5,48792225,2466450
13-02-2025 13:56,23159.5,337350,850725,91.4,36814050,670950,17,48699975,2454600
13-02-2025 13:56,23160.95,331500,850200,94.6,36795600,650100,15.85,48731700,2476950
13-02-2025 13:57,23165,330225,843300,101.45,36815475,639150,13.6,48676125,2514675
13-02-2025 13:57,23169.9,328200,839100,102.35,36818175,553275,13.25,48409650,2498850
13-02-2025 13:57,23171.85,330525,832350,99.2,36786075,563325,12.8,48362025,2484225
13-02-2025 13:57,23169.15,330225,834675,101.4,36768900,587475,12.35,48362850,2451825
13-02-2025 13:57,23174,329550,832125,103.1,36796950,584175,11.75,48357975,2459475
13-02-2025 13:57,23169.4,326025,844800,98.6,36778050,584925,12.4,48436800,2451600
13-02-2025 13:58,23161,322575,849075,92.5,36698700,602850,13.8,48440025,2400525
13-02-2025 13:58,23161.3,326400,848325,94.65,36657900,608550,13.7,48474600,2360925
13-02-2025 13:58,23164.05,328575,842400,96.85,36699975,607500,13.8,48492000,2446575
13-02-2025 13:58,23164,326475,847725,95.6,36712050,626475,14.4,48528375,2419950
13-02-2025 13:58,23160.8,326700,840675,98.55,36733800,626325,13.55,48512550,2457675
13-02-2025 13:58,23165.65,332850,836625,101.55,36747375,618375,12.7,48512550,2515500
13-02-2025 13:59,23167.95,332700,835125,101.6,36747975,618075,12.4,48431025,2523975
13-02-2025 13:59,23167.95,325350,841950,100.8,36751725,614325,11.6,48404250,2575500
13-02-2025 13:59,23162.55,328200,842550,97.25,36732525,624975,12.7,48410025,2555400
13-02-2025 13:59,23163.05,325125,837750,96.15,36725550,639900,12.9,48445800,2545350
13-02-2025 13:59,23161,324450,842850,94,36703350,657150,14.2,48527700,2572275
13-02-2025 13:59,23158.35,323100,836700,90,36684675,662850,15.1,48531900,2434050
13-02-2025 14:00,23154.75,320025,839775,90.6,36675600,672750,14.95,48545475,2416425
13-02-2025 14:00,23159.15,321450,843225,91.2,36696450,668475,14.45,48503400,2493975
13-02-2025 14:00,23160.05,330150,835200,96.6,36715950,677025,12.6,48450225,2592150
13-02-2025 14:00,23165.5,330000,833850,100,36724800,650100,11.5,48225525,2609700
13-02-2025 14:00,23163.05,329025,838800,96.45,36721350,658275,12.3,48160425,2539650
13-02-2025 14:00,23164.9,330000,840750,99.8,36705675,671175,11.3,48223725,2498625
13-02-2025 14:01,23169.65,328425,837975,101.4,36735450,686700,10,48229875,2575425
13-02-2025 14:01,23167.05,328500,834525,100.8,36750900,660900,9.95,48133575,2568900
13-02-2025 14:01,23173.75,330450,832200,101.8,36744675,668400,9.4,48157425,2533200
13-02-2025 14:01,23173,327300,831675,101.15,36758400,665550,8.85,48129600,2584875
13-02-2025 14:01,23172,327375,836550,102.85,36741525,634050,8.65,48135225,2527425
13-02-2025 14:01,23169.75,326700,840825,100.55,36736650,650400,8.9,48131325,2573475
13-02-2025 14:02,23173,330450,837000,101.35,36739950,664200,8.65,48147525,2595375
13-02-2025 14:02,23173,325650,839325,102.5,36741750,671325,8.6,48289575,2585175
13-02-2025 14:02,23171.15,326100,835500,103.5,36738000,669375,8.1,48197100,2689950
13-02-2025 14:02,23171.05,326550,835125,103.75,36742200,666900,7.75,48150600,2632425
13-02-2025 14:02,23174.95,324150,838125,102.55,36743175,637350,8,48156900,2640000
13-02-2025 14:02,23172.95,321150,840375,97.3,36726000,638100,9.25,48346200,2476575
13-02-2025 14:03,23165.1,324975,853800,97.15,36683850,647925,8.6,48417675,2547300
13-02-2025 14:03,23165.7,322425,851175,93.75,36650175,655125,9.4,48453225,2614575
13-02-2025 14:03,23167.95,322200,853125,96.4,36657525,652725,9.1,48562200,2629725
13-02-2025 14:03,23166.45,328275,840975,99.95,36680400,645450,8.05,48459900,2716875
13-02-2025 14:03,23167.4,328200,853575,101.5,36732375,645825,8.1,48426900,2717250
13-02-2025 14:03,23172.95,329025,843525,102.95,36747750,649275,7,48305700,2705550
13-02-2025 14:04,23174.2,328575,844650,104.55,36748350,629550,6.95,48251775,2679900
13-02-2025 14:04,23175,329025,843375,103.55,36753675,611100,6.85,48318600,2667825
13-02-2025 14:04,23178,330000,841350,106.2,36759375,614400,6.3,48154275,2719350
13-02-2025 14:04,23177.8,330825,843150,108.4,36762900,567375,6.6,48193650,2619975
13-02-2025 14:04,23179.95,324900,841950,104.65,36772050,580275,6.95,48189375,2670450
13-02-2025 14:04,23177,323400,849750,104.95,36766200,595350,7,48246600,2578125
13-02-2025 14:05,23176.4,324075,851475,104.6,36768525,600225,7,48200775,2615250
13-02-2025 14:05,23175,326325,850650,104.4,36762150,599475,7.05,48188475,2657325
13-02-2025 14:05,23174.6,324375,856275,106.35,36753150,605775,6.75,48257475,2676975
13-02-2025 14:05,23174.6,327300,854550,108.6,36761250,574125,6.75,48144225,2686425
13-02-2025 14:05,23172.2,329550,855300,106.55,36761400,559125,7.1,48219975,2655675
13-02-2025 14:05,0,0,0,103.6,36764025,565725,7.5,48198675,2698800
13-02-2025 14:06,23171.25,331200,859800,104,36735450,576225,8.5,48296475,2553450
13-02-2025 14:06,23167.4,325275,859875,103.55,36741600,572400,8.5,48301800,2581500
13-02-2025 14:06,23169.95,326250,860100,103.2,36752775,590475,8.4,48270825,2626800
13-02-2025 14:06,23172.25,327900,859950,105.15,36760725,648750,8.25,48319575,2668125
13-02-2025 14:06,23166.6,326100,862200,105.25,36754050,623475,7.95,48180525,2620275
13-02-2025 14:06,23163,325050,864975,98.85,36741975,597075,9.2,48306525,2629800
13-02-2025 14:07,23157.25,317475,864600,94.8,36674925,596475,10.05,48383475,2470125
13-02-2025 14:07,23148,298800,868800,83.35,36640125,596475,12.45,48347625,2374200
13-02-2025 14:07,23140.8,313125,863925,79.8,36561450,588675,14,48321900,2362575
13-02-2025 14:07,23142.4,316425,859425,79,36503025,595200,13.9,48348375,2250000
13-02-2025 14:07,23140,319050,869925,78.25,36552150,590250,14.25,48354075,2264775
13-02-2025 14:07,23139.25,324075,861000,79.7,36600300,595650,13.8,48359400,2330625
13-02-2025 14:08,23136,309825,858225,73.4,36596475,613125,17.3,48421575,2260875
13-02-2025 14:08,23133.25,314550,862650,75.85,36579150,605250,17,48422700,2003700
13-02-2025 14:08,23137.75,322200,862050,73.2,36618000,616650,17.05,48359025,2117100
13-02-2025 14:08,23137,316200,854250,75.95,36625200,623550,15.35,48364725,2190375
13-02-2025 14:08,23134.5,324225,859200,74.45,36651225,639825,15.7,48567750,2266350
13-02-2025 14:08,23136.15,312300,864525,72.25,36663300,648975,16.95,48573300,2352675
13-02-2025 14:09,23129.55,311400,862800,70.35,36655050,655725,16.75,48610575,2299050
13-02-2025 14:09,23128,317175,862275,69.25,36623475,650625,18.5,48681750,2310525
13-02-2025 14:09,23124.1,310350,856875,66.7,36628950,649425,20.1,48691200,2143500
13-02-2025 14:09,23126.2,315675,860100,66.7,36652425,646950,19.55,48558225,2052300
13-02-2025 14:09,23124.4,303225,870450,63.9,36656100,678900,22.15,48710550,2105325
13-02-2025 14:09,23125,314775,860475,65.3,36671250,687075,21.6,48790425,2122800
13-02-2025 14:10,23113.5,302925,862350,61.15,36674850,743625,24.55,48859125,2093775
13-02-2025 14:10,23109.05,303750,865500,60.8,36637350,713775,24.85,48872100,1872525
13-02-2025 14:10,23115,310050,855975,65,36705900,699375,22.7,48784800,1991625
13-02-2025 14:10,23118.05,307425,851625,66.95,36746400,702150,20.45,48774225,2058375
13-02-2025 14:10,23118.2,307650,852825,67.45,36821775,694050,20.9,48674775,2081925
13-02-2025 14:10,23124.05,313200,850875,71.05,36866625,674625,17.65,48538425,2198475
13-02-2025 14:11,23130,319800,849750,70.95,36998175,667950,17.5,48461775,2233725
13-02-2025 14:11,23131.35,320025,851325,73.6,37110150,654525,16.1,48348600,2280150
13-02-2025 14:11,23128,319575,857775,71,37105050,676875,17.9,48566100,2208225
13-02-2025 14:11,23125,312825,858675,67.85,37097775,701550,19.85,48684375,2226525
13-02-2025 14:11,23127.9,317175,861300,73.65,37075500,714750,17.4,48687750,2310450
13-02-2025 14:11,23131.45,324675,852375,74.7,37147500,699225,18.25,48602850,2363850
13-02-2025 14:12,23130.65,315750,857250,72.1,37140075,708450,18.6,48710175,2380650
13-02-2025 14:12,23131.95,320625,856575,74,37167975,711975,17.95,48708525,2437050
13-02-2025 14:12,23129,321300,858750,75,37200450,724275,16.8,48748500,2502825
13-02-2025 14:12,23129.85,322725,855225,75.9,37203450,716625,16.15,48641175,2513325
13-02-2025 14:12,23134.05,319200,855525,73.75,37218675,726075,16.7,48732450,2479050
13-02-2025 14:12,23130,318825,859950,71.95,37207125,738225,17.85,48733950,2452950
13-02-2025 14:13,23134.05,323100,856500,73.8,37210575,740700,17.85,48791100,2537700
13-02-2025 14:13,23134.85,314775,858375,74.55,37220925,737400,17.1,48845475,2530200
13-02-2025 14:13,23133.6,320550,858825,71.4,37232850,737850,18.6,48840975,2568825
13-02-2025 14:13,23126.65,312525,862875,69.4,37218375,753750,18.35,48925800,2504700
13-02-2025 14:13,23129,314325,859200,69.5,37182675,760800,18.6,48947025,2505000
13-02-2025 14:13,23124.1,315675,860250,70.25,37243950,778725,18,48940125,2552475
13-02-2025 14:14,23128.9,316500,854925,72.45,37274325,763500,16.2,48899925,2584575
13-02-2025 14:14,23130.25,326325,857625,74.65,37285575,770925,14.7,48772125,2569650
13-02-2025 14:14,23133.5,326175,852225,76.9,37300125,756525,13.6,48502350,2613675
13-02-2025 14:14,23138.35,320400,857025,77,37315650,706950,13.6,48482850,2643300
13-02-2025 14:14,23144.4,322950,852750,78.85,37326825,695250,12.6,48484650,2610900
13-02-2025 14:14,23140.65,325800,855075,78.35,37326900,675150,11.6,48476250,2611200
13-02-2025 14:15,23138,323550,864150,75.25,37315350,662775,12.5,48372825,2591175
13-02-2025 14:15,23137.35,315375,868275,74.25,37254075,692100,13.7,48532275,2494575
13-02-2025 14:15,23135.75,319725,864525,76.8,37290825,703725,12.5,48516300,2679300
13-02-2025 14:15,23135,315750,866250,76.2,37308975,720525,13.4,48630225,2606550
13-02-2025 14:15,23137,318825,866250,75.25,37319700,736500,13,48619200,2654325
13-02-2025 14:15,23128.65,317925,868200,70.75,37312500,757350,14.35,48629550,2628675
13-02-2025 14:16,23130,311775,866400,69.65,37190850,748950,15.55,48687075,2558925
13-02-2025 14:16,23130,316725,864600,70.7,37206450,733575,16,48661500,2524425
13-02-2025 14:16,23130.05,316350,867375,70.2,37254900,748875,15.4,48582525,2656950
13-02-2025 14:16,23131.9,320175,869775,70.3,37262550,760800,15.15,48550500,2695275
13-02-2025 14:16,23131.95,316875,864975,71.1,37279125,770700,14.85,48561375,2689500
13-02-2025 14:16,23125,319200,867525,71.5,37295925,779100,15.3,48614925,2684400
13-02-2025 14:17,23127.25,319950,867225,72.3,37308675,781425,14.85,48600900,2710350
13-02-2025 14:17,23130,321000,860700,72.05,37303275,768975,14.65,48501975,2754900
13-02-2025 14:17,23133.9,321000,855450,73,37307325,791025,13.2,48478950,2814600
13-02-2025 14:17,23135.1,326325,856725,72.85,37318125,797025,13.15,48434550,2751225
13-02-2025 14:17,23135.1,326325,857175,73.2,37343550,792975,13.5,48497400,2776650
13-02-2025 14:17,23131.5,322575,857850,72.6,37307625,774525,13.3,48590850,2742000
13-02-2025 14:18,23134,324075,858375,73.4,37303950,821775,12.1,48597975,2770950
13-02-2025 14:18,23140,326475,851325,78.9,37321050,767925,10.35,48380400,2834925
13-02-2025 14:18,23145,320550,850050,82.55,37351650,699525,9.55,48258675,2781075
13-02-2025 14:18,23147,324375,848550,83.15,37343475,652725,8.8,48109800,2749575
13-02-2025 14:18,23147,322500,846900,84.5,37337925,639450,8.15,48128700,2767350
13-02-2025 14:18,23151,326250,847125,89.5,37330650,644700,7.4,48241650,2733450
13-02-2025 14:19,23150,324600,782700,86.6,37365525,605550,7.75,48176550,2726700
13-02-2025 14:19,23150,324975,782250,87.75,37325400,634950,7.65,48340125,2716650
13-02-2025 14:19,23147,323850,880950,83.45,37328700,670875,7.6,48428250,2829675
13-02-2025 14:19,23145.85,320250,893100,78.2,37288200,698250,8.95,48455700,2697075
13-02-2025 14:19,23140,314175,895575,75.95,37217475,706275,8.9,48501000,2645175
13-02-2025 14:19,23134.25,308550,895050,67.5,37198800,729075,10.95,48569550,2643975
13-02-2025 14:20,23125,303525,893400,62.45,37023450,744600,13.25,48579375,2527800
13-02-2025 14:20,23131.65,322200,890100,67,37092675,730800,10.6,48546600,2638125
13-02-2025 14:20,23133.55,321150,888450,69.25,37191675,727575,10.1,48409425,2790975
13-02-2025 14:20,23136.6,323400,885000,69.95,37247700,754950,9.1,48359025,2856675
13-02-2025 14:20,23145,326175,885150,73.35,37265250,744450,7.95,48300150,2910075
13-02-2025 14:20,23143.2,327375,885750,75.75,37275600,732900,7.6,48350625,2932650
13-02-2025 14:21,23140,319575,890025,70.45,37267875,765375,8.65,48639900,2995425
13-02-2025 14:21,23135.05,319500,891525,66.75,37230000,790200,8.95,48703350,2948025
13-02-2025 14:21,23133.55,320625,891300,63.85,37227375,803325,9.7,48750075,2990250
13-02-2025 14:21,23135,323025,892875,64.8,37244100,811350,9.75,48796575,3059625
13-02-2025 14:21,23132,323625,887700,66.05,37359750,826200,9.5,48782100,3030150
13-02-2025 14:21,23131.3,324900,893625,64.95,37377600,852825,9.95,48920775,3052200
13-02-2025 14:22,23131.6,311100,895425,60.85,37368975,866250,11,48963900,2988750
13-02-2025 14:22,23131.55,325125,891525,61.4,37258575,870000,10.5,48883650,2976750
13-02-2025 14:22,23131,327300,895650,61.15,37308900,875625,10.6,48839775,3031125
13-02-2025 14:22,23133.4,331650,894000,63.7,37339275,908400,10.05,48861975,3066750
13-02-2025 14:22,23133.45,332325,893025,61.55,37527225,910500,10.2,48884325,3159675
13-02-2025 14:22,23132.95,329175,893700,62.35,37520550,920925,9.5,48900000,3087750
13-02-2025 14:23,23133.55,336300,893175,64.15,37552800,921525,8.2,48877875,3165825
13-02-2025 14:23,23135,327375,894150,63.3,37597800,929925,8.3,48683850,3210150
13-02-2025 14:23,23135,331800,892950,65.85,37580700,930450,8.25,48808575,3168075
13-02-2025 14:23,23134.65,321900,892350,63,37599525,917325,9.1,48800550,3273450
13-02-2025 14:23,23134.65,332325,891000,63.85,37595400,913650,9.1,48731475,3263250
13-02-2025 14:23,23132,326550,890025,62.75,37576650,931875,8.85,48768525,3270075
13-02-2025 14:24,23133.95,328800,890550,64.55,37572975,932475,8.3,48828300,3264525
13-02-2025 14:24,23134.95,329625,889275,65.35,37581300,929475,7.95,48733725,3360075
13-02-2025 14:24,23132.15,334425,889275,65.8,37579800,918975,7.8,48631350,3348525
13-02-2025 14:24,23133.05,327750,892575,63.4,37579050,941400,8.1,48631275,3410100
13-02-2025 14:24,23137.3,329625,887850,65.3,37572150,944625,6.95,48682500,3448050
13-02-2025 14:24,23136.2,324900,892050,63.05,37584525,949200,7.55,48471450,3438525
13-02-2025 14:25,23129.95,323850,892500,59.85,37565100,988800,8.3,48560175,3396600
13-02-2025 14:25,23130,326250,893325,59.9,37498575,971100,8.05,48604500,3460125
13-02-2025 14:25,23128.1,326025,892125,60.5,37527600,980175,8,48655875,3482700
13-02-2025 14:25,23130.05,322275,894450,58.25,37564125,1010550,8.8,48767250,3513375
13-02-2025 14:25,23129.75,323025,892950,59.9,37562700,1014900,9.15,48803925,3495825
13-02-2025 14:25,23129.45,325950,889650,60.8,37592100,1026000,8.75,48816825,3504975
13-02-2025 14:26,23129.35,322650,889275,59.6,37611000,1051350,9.35,48944400,3502800
13-02-2025 14:26,23131,325950,953325,60.45,37616775,1043925,9.85,48998400,3460875
13-02-2025 14:26,23132.55,326550,890775,61.7,37622175,1047675,9.25,49045800,3416475
13-02-2025 14:26,23134.75,330075,891975,63.1,37654650,1017150,8.8,48872775,3515100
13-02-2025 14:26,23134.15,329250,891900,62.5,37663650,976950,8.7,48841725,3523725
13-02-2025 14:26,23135.65,328500,893550,63.35,37659075,976950,8.2,48787125,3585300
13-02-2025 14:27,23135.65,330300,892350,63.8,37629900,960600,7.8,48721125,3545475
13-02-2025 14:27,23135.65,333450,889575,65.9,37631775,940575,6.85,48706950,3548850
13-02-2025 14:27,23138.05,338025,888300,68.35,37651575,896775,6.35,48480300,3582975
13-02-2025 14:27,23137.8,331500,892200,64.75,37630275,842175,6.9,48694725,3523200
13-02-2025 14:27,23133,333900,890400,64.85,37580025,863100,6.6,48796050,3517275
13-02-2025 14:27,23136.8,333525,893175,66.3,37619025,874800,6.2,48897075,3667950
13-02-2025 14:28,23139.75,331500,891975,65.8,37623150,872625,5.9,48662325,3656100
13-02-2025 14:28,23137,334275,888300,67.3,37641750,878250,5.3,48527250,3655575
13-02-2025 14:28,23142.85,337200,887175,68.1,37645350,891225,5,48462675,3689775
13-02-2025 14:28,23138.05,335400,891375,69.45,37647450,859650,4.95,48390525,3591975
13-02-2025 14:28,23140,335775,895350,68.55,37651425,848325,5.2,48551100,3606525
13-02-2025 14:28,23143.4,337275,889500,71.7,37633425,851325,4.65,48612225,3638700
13-02-2025 14:29,23145.45,338325,892350,72.8,37669200,806025,4.25,48357375,3793200
13-02-2025 14:29,23142.1,334425,889500,72,37646175,824025,4.35,48509025,3801375
13-02-2025 14:29,23143.4,333825,892425,71.35,37628925,846000,4.5,48868350,3743100
13-02-2025 14:29,23137.8,328725,895500,68.8,37606875,859125,4.9,48941175,3637050
13-02-2025 14:29,23140.45,328875,891975,66.55,37562175,897375,5.1,49013925,3618225
13-02-2025 14:29,23137.7,329100,898350,65.5,37531950,909225,5.05,48826275,3502200
13-02-2025 14:30,23130.95,320850,893925,56.95,37513725,940725,6.65,48887100,3528675
13-02-2025 14:30,23124.95,322725,895650,55.65,37377450,943350,8.1,48998175,3410475
13-02-2025 14:30,23123,321750,887700,56.7,37380150,948825,7.55,49077300,3258825
13-02-2025 14:30,23115.35,318000,898875,53.25,37377000,980850,9.35,49109025,3290025
13-02-2025 14:30,23106.8,312900,895500,50.6,37324500,984075,14.15,49206075,3134550
13-02-2025 14:30,23108,290625,888525,48.05,37201275,976050,14.8,49059375,2452950
13-02-2025 14:31,23105,305925,894525,49.15,37339125,989250,12.9,49165350,2621775
13-02-2025 14:31,23109.75,313875,893550,47.5,37403025,998325,14.1,49041450,2678175
13-02-2025 14:31,23108.3,311250,891525,49.8,37541175,1025550,12.4,49191075,2872725
13-02-2025 14:31,23107.65,307650,891825,47,37633500,1005450,13.75,49083075,2882475
13-02-2025 14:31,23107.7,309000,894000,46.55,37659750,1033800,13.55,49061850,2838300
13-02-2025 14:31,23105.1,310425,888300,46.8,37752300,1055775,12.2,49128450,3036975
13-02-2025 14:32,23111.55,314325,882675,49.55,37836300,1044300,9.5,49049400,3060525
13-02-2025 14:32,23125.75,318450,879075,52.9,37911825,997200,8.05,48465975,3089625
13-02-2025 14:32,23120,319800,893400,51.8,37939275,926100,7.85,48541425,3154425
13-02-2025 14:32,23118.25,307650,892875,46.05,37882125,999000,9.9,48903675,3054975
13-02-2025 14:32,23116.15,317025,894900,49.75,37944675,1016475,9.1,49134450,3241875
13-02-2025 14:32,23116.15,313050,897525,47.65,38022225,1040025,9.75,49245450,3293325
13-02-2025 14:33,23115,314100,896925,47.45,38098575,1065000,10,49268175,3377775
13-02-2025 14:33,23114.75,310425,895050,47.7,38137650,1091625,10.7,49482900,3277500
13-02-2025 14:33,23110,306675,894675,47.1,38086050,1113750,12.3,49515600,3189000
13-02-2025 14:33,23110,312750,889050,47,38077725,1149000,11.5,49456125,3302925
13-02-2025 14:33,23111,314850,891000,47.55,38126325,1145100,10.75,49434675,3374475
13-02-2025 14:33,23113.55,312150,888825,47,38129850,1165650,11.5,49564650,3278850
13-02-2025 14:34,23105,312225,894375,43.55,38136825,1173375,13.75,49584150,3320925
13-02-2025 14:34,23111.4,306075,894600,44.75,38017275,1174950,12.55,49639050,3078150
13-02-2025 14:34,23104.25,312525,889725,45.35,38106300,1153650,12.35,49556475,3160425
13-02-2025 14:34,23104.6,316650,892800,44.7,38108550,1164375,12.85,49671075,3133125
13-02-2025 14:34,23108,312900,892950,44.5,38166075,1176525,12,49639875,3213525
13-02-2025 14:34,23110.4,309600,893325,44.3,38195025,1202400,12.45,49697250,3265425
13-02-2025 14:35,23106,307575,895575,43.2,38244150,1224300,13.45,49893600,3262500
13-02-2025 14:35,23097,298200,894825,38.1,38226300,1218975,17.75,50027625,3201000
13-02-2025 14:35,23096.15,294075,896625,35.65,37919475,1264725,19.55,49929375,2382750
13-02-2025 14:35,23093.8,289275,892650,36.85,37868700,1260075,17.2,49956975,2423850
13-02-2025 14:35,23095.85,297150,894075,36.75,37953675,1282275,17.75,50063850,2495400
13-02-2025 14:35,23090.1,286725,896175,32.05,37914225,1321200,23.4,50116350,2371425
13-02-2025 14:36,23093.8,283050,891375,35.8,39635550,1352700,19.45,50174850,2004300
13-02-2025 14:36,23094.7,291750,888750,35.8,39792525,1263825,17.3,49683900,2205375
13-02-2025 14:36,23098,296325,895200,33.9,39939525,1315200,18.2,49533825,2291325
13-02-2025 14:36,23094,286725,897750,33.45,39987225,1417425,18.8,49450950,2398050
13-02-2025 14:36,23096.5,286200,900525,32.55,39994350,1454700,19.2,49631700,2464350
13-02-2025 14:36,23094.6,289950,895875,30.7,40107750,1471650,21.05,49639575,2548050
13-02-2025 14:37,23096.2,292875,901575,33.45,40106775,1437750,18.25,49660050,2526450
13-02-2025 14:37,23096.9,292950,897975,32.3,40234200,1416075,19.35,49528425,2583525
13-02-2025 14:37,23093,291225,895500,32.65,40278450,1462425,18.65,49562925,2629500
13-02-2025 14:37,23093.3,290850,894525,32.65,40337775,1462050,19.85,49628475,2652525
13-02-2025 14:37,23094.95,297900,894150,33.2,40401750,1451775,18.6,49634025,2657175
13-02-2025 14:37,23098,297975,892350,33.5,40417200,1463475,17.35,49687425,2769150
13-02-2025 14:38,23099.9,305775,890175,35.85,40440450,1461450,14.55,49633050,2816325
13-02-2025 14:38,23103.6,296850,886050,34.85,40464225,1407150,14.6,49117275,2802075
13-02-2025 14:38,23097.55,298500,896700,31.85,40417500,1453425,16.6,49169325,2770425
13-02-2025 14:38,23102.05,298125,897450,32.85,40319175,1481700,16.45,49264725,2790750
13-02-2025 14:38,23100.45,300000,896550,34.25,40427250,1468800,14.85,49260300,2986425
13-02-2025 14:38,23103.9,298125,895800,34.8,40495125,1435125,14.5,49149150,3015000
13-02-2025 14:39,23100.4,294300,897900,32,40496250,1498575,16.55,49296975,3022875
13-02-2025 14:39,23102.1,297675,899175,32.75,40492425,1509975,16.1,49332000,3030825
13-02-2025 14:39,23105,300225,891225,35,40586325,1499700,13.55,49295850,3150675
13-02-2025 14:39,23105,298800,895875,33.25,40574250,1437900,15.15,49233300,3171975
13-02-2025 14:39,23105,301050,898125,36,40584075,1471950,12.75,49331775,3253800
13-02-2025 14:39,23105,302475,895800,34.7,40577325,1445850,13.85,49435575,3242700
13-02-2025 14:40,23102.05,297225,900825,31.2,40557975,1482300,15.75,49596900,3209400
13-02-2025 14:40,23099.55,294900,900750,30.05,40482450,1521975,16.9,49639500,3140325
13-02-2025 14:40,23095,294600,901500,29.9,40325775,1553025,16.95,49734450,2971650
13-02-2025 14:40,23095,308400,903225,28.5,40374000,1567275,19.75,49701600,2865600
13-02-2025 14:40,23092.6,305550,900600,29.9,40499475,1560375,17.95,49588800,2930100
13-02-2025 14:40,23096,304875,903075,31.7,40629600,1597800,16.4,49615575,3047925
13-02-2025 14:41,23102,314175,896100,34.15,40737525,1524525,13.9,49529625,3108000
13-02-2025 14:41,23110,314475,887025,37.85,40740000,1468350,11.05,49214850,3115650
13-02-2025 14:41,23113.65,316200,880725,45.3,40735275,1191375,8.55,48800025,3144675
13-02-2025 14:41,23111.7,316275,893475,44.2,40671600,1124175,8.85,48462825,3146700
13-02-2025 14:41,23116.4,314550,897450,44.45,40569375,1172775,8.8,48759900,3197775
13-02-2025 14:41,23112.5,315150,896175,41.1,40499625,1203825,9.5,48913350,3139575
13-02-2025 14:42,23105.35,307275,904425,37.1,40381425,1256625,10.6,49167825,3111450
13-02-2025 14:42,23100,299700,900900,30.4,40239600,1294875,13.8,49276650,3030300
13-02-2025 14:42,23097.5,311325,898350,31.3,40106700,1352025,13.85,49405350,2962350
13-02-2025 14:42,23104.45,317700,902025,33.7,40344450,1335825,11.65,49233300,3040875
13-02-2025 14:42,23109.9,321000,895425,35.25,40520550,1302450,10.1,48937050,3180900
13-02-2025 14:42,23110,319350,893100,39.85,40611975,1237875,8.55,48745125,3290025
13-02-2025 14:43,23114.55,309975,892650,38.75,40611900,1296900,9,48865050,3369225
13-02-2025 14:43,23107.55,317700,896400,40.6,40645500,1310475,9.4,49258575,3497175
13-02-2025 14:43,23110,314325,904125,37.55,40645275,1385700,10.05,49369125,3499725
13-02-2025 14:43,23103.85,313425,907800,32.45,40623975,1463400,12.05,49500225,3598875
13-02-2025 14:43,23102.5,306975,911325,31.95,40585500,1481175,10.4,49573875,3526050
13-02-2025 14:43,23101.8,304125,912525,30.45,40586625,1500450,12.3,49712325,3531075
13-02-2025 14:44,23101.95,310800,905100,32.8,40692225,1524375,10.45,49680300,3656475
13-02-2025 14:44,23101,310650,906600,32.75,40723575,1577250,11.05,49709175,3701925
13-02-2025 14:44,23102,313725,904875,32.3,40842300,1557000,10.15,49697025,3863625
13-02-2025 14:44,23104.45,315450,901725,34.2,40883850,1566600,9.65,49741125,3887925
13-02-2025 14:44,23107.4,313650,897825,34.75,40915350,1543050,8.85,49695300,3975900
13-02-2025 14:44,23105,308775,906000,33.15,40876050,1592400,9.75,49954650,3949800
13-02-2025 14:45,23100,309075,912000,31.3,40827600,1644975,10.45,49993425,3920025
13-02-2025 14:45,23100,311925,908475,31.65,40750575,1695900,10.65,50083650,3868950
13-02-2025 14:45,23105,313950,902625,33.2,40831650,1645350,9.5,49948050,3829050
13-02-2025 14:45,23105,312150,902850,33.2,40845075,1669800,9.55,50051850,3943500
13-02-2025 14:45,23106,311700,904725,33,40891875,1709400,9.85,50209050,3927225
13-02-2025 14:45,23104.9,306300,907125,30.95,40901925,1731975,10.6,50420550,3939375
13-02-2025 14:46,23105,312675,905775,34,40944825,1720425,9,50370225,3908925
13-02-2025 14:46,23110,314400,894900,38.45,41040000,1586550,7.45,50167050,4035300
13-02-2025 14:46,23114,315225,903300,38.2,41039850,1515975,7.6,49729950,4044450
13-02-2025 14:46,23109,306975,910200,35.05,40988325,1478250,8.5,49962225,3974775
13-02-2025 14:46,23110,308325,909975,33.25,40949325,1510800,9,50023350,4194375
13-02-2025 14:46,23106.1,307125,908250,34,40901400,1548450,8.75,50044800,4163925
13-02-2025 14:47,23108.95,311475,901125,38.5,41007225,1537425,6.55,50088675,4325475
13-02-2025 14:47,23108,315975,901200,38.85,40974300,1527075,6.65,49834725,4344600
13-02-2025 14:47,23109.85,312450,901125,38.2,40969800,1557300,6.85,50083800,4346925
13-02-2025 14:47,23109.8,314400,897225,36.1,40972650,1560525,7.15,50240925,4418400
13-02-2025 14:47,23108,313875,907125,33.3,40903800,1600800,7.9,50516400,4250175
13-02-2025 14:47,23104.8,316425,903825,34.9,40920900,1609950,7.25,50558700,4390875
13-02-2025 14:48,23107.9,311325,909450,32.55,40921200,1667925,7.7,50612775,4349850
13-02-2025 14:48,23105.9,313800,906975,30.35,40936200,1698900,8.05,50633325,4408500
13-02-2025 14:48,23104.8,311550,908250,30.85,40963425,1716675,8.35,50781450,4304550
13-02-2025 14:48,23103.8,312225,910500,29.2,40945725,1736475,8.95,50564250,4336650
13-02-2025 14:48,23105.85,311400,908625,33.1,40728075,1738500,6.85,50422125,4435500
13-02-2025 14:48,23109.15,317250,903150,36.6,40752525,1680150,5.5,50114850,4521600
13-02-2025 14:49,23109,319950,900825,41.6,40733400,1604775,4.55,49451250,4450650
13-02-2025 14:49,23113.35,319650,904050,38.75,40661025,1545750,5.35,49274925,4449375
13-02-2025 14:49,23114,316350,904500,39.5,40578750,1587675,5.3,49425000,4732950
13-02-2025 14:49,23119,316575,902700,45.7,40630125,1600575,4.65,49551150,4825275
13-02-2025 14:49,23124.75,322650,904875,47.1,40691025,1225800,4.25,49529325,4926525
13-02-2025 14:49,23124,315525,900300,48.95,40651050,1221300,4,48975675,5041950
13-02-2025 14:50,23120.05,318450,899925,48.8,40609950,1225350,4.35,48947625,5043225
13-02-2025 14:50,23133.55,325575,872775,63.15,40622925,1191900,5.25,49001550,5083125
13-02-2025 14:50,23134.65,313875,874200,59.1,40605150,867375,4.75,49105650,4758000
13-02-2025 14:50,23133.9,311100,893850,57.75,40384725,901875,4.45,48768750,4919925
13-02-2025 14:50,23128.05,316200,899325,53.4,40223325,979725,4.7,48802350,4885500
13-02-2025 14:50,23120,313050,893625,47,40125825,1016025,5.25,49021425,4577550
13-02-2025 14:51,23115,305025,906150,44.75,39991725,1048800,5.5,49035975,4356300
13-02-2025 14:51,23110.8,305400,910200,39.55,40007400,1123500,6.2,49152375,4303575
13-02-2025 14:51,23110.8,310050,899400,40.45,40009800,1121175,5.6,49062375,4328625
13-02-2025 14:51,23110.9,311700,900300,38.15,40130025,1169175,5.95,49141650,4419600
13-02-2025 14:51,23111,312600,901500,39.6,40201650,1165350,5.25,49027275,4593225
13-02-2025 14:51,23111.15,319200,896250,42.05,40296450,1117500,4.55,48547500,4646025
13-02-2025 14:52,23111.2,313650,905850,40.65,40274925,1189500,4.85,48386175,4662300
13-02-2025 14:52,23111.2,313425,904200,38.8,40297650,1250925,5.35,48742950,4709775
13-02-2025 14:52,23113.45,315375,900075,39.5,40358400,1275150,5.2,48860025,4797375
13-02-2025 14:52,23111,315900,905850,37.9,40366200,1305075,5.2,48867300,4790175
13-02-2025 14:52,23110,314400,905100,38.75,40364775,1318050,4.55,48712425,4842300
13-02-2025 14:52,23110,314925,911925,37.7,40431150,1316700,4.4,48786150,4934100
13-02-2025 14:53,23115,316350,908325,43.25,40580700,1316100,3.35,48691275,5003175
13-02-2025 14:53,23115,316650,903900,41.95,40577400,1273275,3.15,48320850,4953375
13-02-2025 14:53,23116,320550,900225,42.25,40582800,1280550,3.15,48178800,4962825
13-02-2025 14:53,23110,315900,906600,40.5,40538850,1345875,3.35,48270900,5031675
13-02-2025 14:53,23118.75,334500,911925,42.9,40470525,1322700,2.85,48078825,5209350
13-02-2025 14:53,23118.8,316875,903675,44.45,40518150,1252500,2.65,47779800,5354325
13-02-2025 14:54,23124,319800,891825,52.9,40550025,1244475,2.1,47679525,5573250
13-02-2025 14:54,23127,318225,898575,50.95,40552950,1065525,2.15,47874000,5477625
13-02-2025 14:54,23128.45,322650,901875,52.05,40458075,1094250,2.15,47728875,5506050
13-02-2025 14:54,23123.75,321975,904125,53.5,40404900,1110450,2.25,47715525,5470575
13-02-2025 14:54,23126.7,325875,897750,60.85,40418700,1068825,2.25,47907450,5358375
13-02-2025 14:54,23130,328425,897300,63.4,40387800,898575,2.05,47878425,5549850
13-02-2025 14:55,23130,319575,905325,57.05,40313025,931650,2,47593575,5611350
13-02-2025 14:55,23130,320250,905475,54.45,40018500,954225,1.7,47087025,5890725
13-02-2025 14:55,23127.9,315375,916650,56.5,39917625,944175,1.6,47080275,5881500
13-02-2025 14:55,23123.7,314700,919275,53,39911400,977850,1.8,47491875,5673900
13-02-2025 14:55,23120.35,319200,918525,54.75,39920700,1009800,1.8,47756850,5362575
13-02-2025 14:55,23124,325650,920175,53.95,39957525,1003950,1.9,47614200,5547300
13-02-2025 14:56,23125,316275,915225,54.6,39466650,1029600,1.9,47677275,5393025
13-02-2025 14:56,23125.15,317850,916800,55,39465900,1025700,1.9,47726625,5545275
13-02-2025 14:56,23123,318825,919725,54.2,39280725,1051650,1.75,47756325,5423025
13-02-2025 14:56,23123,322050,912375,58.15,39263925,1057275,1.65,47525400,5589825
13-02-2025 14:56,23124.9,319875,909000,58.95,39280200,1060950,1.6,47361375,5698350
13-02-2025 14:56,23124.9,328575,910575,58.15,39280800,1029150,1.4,47230725,5959500
13-02-2025 14:57,23125,326700,908400,59,39252525,1054650,1.25,46818075,6122400
13-02-2025 14:57,23124.95,325200,914475,55.35,39251850,1041225,1.45,47851650,6025725
13-02-2025 14:57,23123.3,318450,915000,54.45,39153150,1051350,1.35,47933475,5836125
13-02-2025 14:57,23121.1,324675,912900,57.45,39138825,1062300,1.35,48760125,5847300
13-02-2025 14:57,23123.3,323700,913425,56.7,39149700,1082700,1.55,49094775,5700750
13-02-2025 14:57,23124.65,322050,914550,53.25,39149850,1101075,1.75,49887375,5508825
13-02-2025 14:58,23120,322425,930525,51.3,39116775,1097250,1.75,50252925,5451750
13-02-2025 14:58,23118.5,324600,932100,51.45,38970600,1109325,1.8,50194875,5401650
13-02-2025 14:58,23120,322725,935925,50.85,38982225,1105275,1.95,50242125,5310300
13-02-2025 14:58,23118.5,319950,938550,50.65,38941200,1113900,1.95,50298075,4957125
13-02-2025 14:58,23118.8,323250,939225,49.2,39035625,1111950,2.05,50129625,5170875
13-02-2025 14:58,23117,322125,935250,47.15,39010350,1113975,2.2,50307450,5131350
13-02-2025 14:59,23125,323850,923625,54.75,38989200,1091625,1.35,49943100,5830950
13-02-2025 14:59,23125,325350,912225,56,38906250,1036800,1.15,49382550,6082650
13-02-2025 14:59,23126.3,325950,908325,58.95,38894850,1011075,1.2,49565025,6021225
13-02-2025 14:59,23126.95,321900,907800,57.55,38874000,945600,1.1,49739250,6050700
13-02-2025 14:59,23125,327900,906750,58.7,38857350,982725,1.1,49320375,6277425
13-02-2025 14:59,23129.95,330675,907800,56.45,38851200,1006875,1,49272975,6114900
13-02-2025 15:00,23135,335475,889050,67.35,38848125,999300,0.85,48973275,6626625
13-02-2025 15:00,23137,322125,899400,56.5,38852550,778500,0.75,47923050,7753800
13-02-2025 15:00,23133,329625,896025,59.65,38743200,786150,0.7,47867700,6706575
13-02-2025 15:00,23124,309000,901500,53.25,38731125,842925,0.75,49404375,6627975
13-02-2025 15:00,23120,313200,912600,47.4,38585100,875100,0.85,49498575,6230850
13-02-2025 15:00,23112.05,321075,914325,45.4,38611875,891900,1.1,50882625,5925825
13-02-2025 15:01,23111.85,318525,911625,41,38534475,920325,1.35,51041250,5175525
13-02-2025 15:01,23108,314250,912075,35.75,38516775,912225,2.65,51317625,4865400
13-02-2025 15:01,23106,317550,918750,34.55,38453250,958200,2.15,51248400,4302375
13-02-2025 15:01,23105.05,312375,911400,28.15,38339400,999900,2.85,51560925,4357575
13-02-2025 15:01,23103.9,315900,902250,28.75,38292225,1009275,2.2,51743850,4151625
13-02-2025 15:01,23105,314925,909450,23.35,38361975,1162725,3.55,51815025,4211550
13-02-2025 15:02,23104.45,325125,910275,31.05,38592900,1162650,1.4,51206250,4380450
13-02-2025 15:02,23108.25,327075,905550,32.9,38811825,1036350,1.2,49494000,4651125
13-02-2025 15:02,23109.35,327300,899025,33.6,38873925,1092000,1.1,49697100,4826025
13-02-2025 15:02,23109.4,326850,903975,32.3,38955000,1182825,1.15,49107450,4964775
13-02-2025 15:02,23113.9,324675,902250,32.5,39033975,1266525,1.15,49718325,5039400
13-02-2025 15:02,23109.65,325425,899700,34.15,39154725,1235175,1.05,49771350,5245350
13-02-2025 15:03,23114.05,335550,897375,37.05,39238125,1195950,0.9,49336650,5865825
13-02-2025 15:03,23111.75,335550,900375,35.95,39232350,1235700,0.8,48895650,5974350
13-02-2025 15:03,23109.35,329100,902475,32.7,39198450,1319025,0.95,49388325,5646150
13-02-2025 15:03,23106,321600,903825,31.15,39114900,1321950,1.1,50357400,5296725
13-02-2025 15:03,23111,327375,900450,32.2,39191400,1393125,1.05,50520375,5532150
13-02-2025 15:03,23106.75,324450,900225,32.6,39272550,1386225,1.15,50598375,5519175
13-02-2025 15:04,23106.35,329475,899025,33.15,39312000,1376175,1.05,50594550,5943675
13-02-2025 15:04,23108.75,329850,900825,32.65,39357900,1408275,0.8,50224650,6371250
13-02-2025 15:04,23107.95,327450,900375,30.95,39228750,1441275,0.9,49876350,6364500
13-02-2025 15:04,23107.95,327825,905850,27.35,39266250,1461525,1.25,50235225,6241275
13-02-2025 15:04,23105.05,323550,906225,28.2,39030000,1503750,1.15,50793675,5404425
13-02-2025 15:04,23109.85,326850,900600,27.05,39165150,1529400,1.05,50429850,5790525
13-02-2025 15:05,23110,330075,899625,30.45,39359250,1478250,0.9,49804200,6167925
13-02-2025 15:05,23108.9,327000,899475,32.3,39355200,1537425,0.9,50682675,5726850
13-02-2025 15:05,23111.85,330750,898050,31.25,39138825,1481175,0.95,50402400,6120600
13-02-2025 15:05,23112.95,331950,898350,34.1,39107400,1511850,0.8,50670900,6346575
13-02-2025 15:05,23114.35,329250,901200,34.75,39026025,1502625,0.85,50603775,6182175
13-02-2025 15:05,23110.05,323325,899700,32.2,38990775,1484775,0.85,50809050,6292425
13-02-2025 15:06,23113.5,329850,901875,35,38989275,1495650,0.75,50736150,6856725
13-02-2025 15:06,23113.1,326850,898200,33,39011325,1433325,0.7,49919700,7097925
13-02-2025 15:06,23110.25,325725,902250,30.85,38925825,1498800,0.65,49332375,6961200
13-02-2025 15:06,23110.55,317850,901125,29.3,38826600,1503750,0.7,49569900,6957225
13-02-2025 15:06,23108,322725,905400,27.55,38789175,1514625,0.8,50073975,6735750
13-02-2025 15:06,23109.85,315825,906300,26.35,38754975,1576050,0.95,50966925,6481800
13-02-2025 15:07,23107.05,318000,904200,29.15,38949750,1554600,0.85,50867100,6589125
13-02-2025 15:07,23110,316500,903675,28.7,39072450,1539675,0.95,50829375,6260175
13-02-2025 15:07,23110,320325,903450,29.1,39077175,1584900,0.95,51209175,5985675
13-02-2025 15:07,23110,320775,905250,26.05,39056700,1674825,1.15,51794850,5668950
13-02-2025 15:07,23107.05,316650,905925,26.8,39041400,1700925,0.85,51398250,6487350
13-02-2025 15:07,23109.75,317475,908625,24.7,39134250,1725075,1.15,51442200,6355200
13-02-2025 15:08,23106.05,315450,907425,25.35,38869350,1710525,1,51368400,6164850
13-02-2025 15:08,23108.95,315750,905475,25,39011325,1680075,1.05,51211125,6325875
13-02-2025 15:08,23106.15,320700,904500,26.65,39089775,1682025,0.95,51365250,6402450
13-02-2025 15:08,23109.95,319275,904350,26.7,39075825,1702200,0.95,51113700,6602175
13-02-2025 15:08,23106.2,323850,903825,25.4,39095325,1738500,1,51286200,6745875
13-02-2025 15:08,23105.05,317625,904875,25.05,39013800,1752225,1.05,51753900,6388425
13-02-2025 15:09,23106.4,326775,903300,25.7,38996850,1754550,0.95,51913050,6253350
13-02-2025 15:09,23107,323475,909000,27.7,39128100,1731750,0.7,50903025,7002300
13-02-2025 15:09,23107.2,320550,906150,28.2,39049350,1723800,0.6,49457475,7351050
13-02-2025 15:09,23112.55,324000,902400,30.5,39018825,1638825,0.45,48626625,7521225
13-02-2025 15:09,23111.35,323100,902175,29.7,38809275,1515150,0.4,47109300,7825350
13-02-2025 15:09,23117,327975,897975,37.95,38624925,1420950,0.4,47231775,8367900
13-02-2025 15:10,23118.9,323475,897900,38,38311725,1103700,0.3,48964350,8384025
13-02-2025 15:10,23119.8,317925,899925,39.95,38054025,1073100,0.35,48511950,8283225
13-02-2025 15:10,23124,317025,898575,40.4,37966575,1035000,0.3,49278675,7749150
13-02-2025 15:10,23115.15,312975,906225,35,37869375,1065600,0.35,50028750,7698825
13-02-2025 15:10,23112.65,315300,910500,33.65,37557525,1128825,0.35,51408075,7099125
13-02-2025 15:10,23112.9,320325,908325,33.65,37452675,1160475,0.35,51589125,7186725
13-02-2025 15:11,23113.25,316425,904800,34.05,37549425,1187775,0.3,51428550,8085225
13-02-2025 15:11,23114.2,319575,902400,33.1,37546275,1229775,0.35,50696100,8237175
13-02-2025 15:11,23113.9,315525,904275,32.25,37476750,1253325,0.35,51298875,8103375
13-02-2025 15:11,23111,313575,906675,30.2,37435350,1257675,0.4,51787875,7151400
13-02-2025 15:11,23110,312450,908850,29.6,37427850,1256175,0.4,52045875,7121325
13-02-2025 15:11,23108.6,314400,908400,30.2,37351800,1289100,0.35,51801975,7132125
13-02-2025 15:12,23108.6,315675,907725,31.5,37485825,1280100,0.35,51781950,7083225
13-02-2025 15:12,23108.85,314775,906525,30.6,37574025,1346925,0.35,52011300,7007250
13-02-2025 15:12,23110,313800,905700,30.65,37762950,1387800,0.4,52240350,6754875
13-02-2025 15:12,23108,314250,906525,29.05,37735425,1394400,0.35,51552000,7576950
13-02-2025 15:12,23106.35,312600,905025,28.6,36518250,1485825,0.35,51791250,6983100
13-02-2025 15:12,23105.65,311700,907725,27.9,36388575,1504875,0.4,51854175,7176975
13-02-2025 15:13,23112,319425,902775,31,36317025,1492875,0.3,51616425,8059425
13-02-2025 15:13,23112.65,317100,901500,31.1,36288750,1361850,0.25,49858050,8534925
13-02-2025 15:13,23113.45,318375,898950,33.15,36240825,1326750,0.2,49378725,9482775
13-02-2025 15:13,23113.2,318900,900000,32.35,36220500,1284825,0.2,47545575,9947775
13-02-2025 15:13,23112.05,316875,900975,31.5,36123825,1320975,0.2,47342625,9923400
13-02-2025 15:13,23110.1,318825,902625,31.1,35984175,1345950,0.2,46961325,9843450
13-02-2025 15:14,23110,318000,902475,30.4,35813325,1382250,0.25,46706100,9549375
13-02-2025 15:14,23110.15,317700,903225,29.65,35740800,1366125,0.15,46296750,10738500
13-02-2025 15:14,23110.3,318375,899325,31.4,35824125,1378650,0.15,42269475,10815675
13-02-2025 15:14,23112.25,319725,902100,32.4,35690700,1371600,0.2,39019425,10886475
13-02-2025 15:14,23114,319275,901875,31.85,35629125,1371450,0.15,38064000,10695675
13-02-2025 15:14,23111,318000,902250,31,35587875,1418250,0.2,36607500,10872600
13-02-2025 15:15,23110.35,319725,902775,32.7,35483625,1394550,0.15,36163050,10943850
13-02-2025 15:15,23110.55,316875,897225,33,35286450,1306125,0.15,35731200,10305375
13-02-2025 15:15,23111.65,319800,892650,33.5,35255850,1260975,0.2,35830125,10287525
13-02-2025 15:15,23114.1,317250,891375,34.55,35030850,1256175,0.15,35973075,10157550
13-02-2025 15:15,23113.6,315375,891900,35.1,34714800,1176675,0.15,36011775,10305750
13-02-2025 15:15,23113.25,319725,892275,35.4,34456350,1189200,0.1,35277825,12318525
13-02-2025 15:16,23115,318525,891450,37.35,34512600,1115475,0.1,32490525,12307200
13-02-2025 15:16,23115,314925,894300,35.45,34436400,1178475,0.1,32161875,12473250
13-02-2025 15:16,23113.05,318900,897750,34.05,34044300,1244175,0.15,31689900,12973650
13-02-2025 15:16,23112.05,317775,898725,33.05,33956850,1271100,0.15,28209600,12827850
13-02-2025 15:16,23112,312450,900975,32.25,33859050,1286025,0.15,26047875,12869700
13-02-2025 15:16,23115,304125,893175,33.25,33293700,1291875,0.15,25906725,12595875
13-02-2025 15:17,23110.95,305400,895500,33.2,33145875,1261725,0.15,25838925,12481275
13-02-2025 15:17,23110.35,308175,897600,32.3,33138150,1310400,0.15,26635950,12414225
13-02-2025 15:17,23110.35,306900,897600,33.35,33055350,1286925,0.15,27091875,13039350
13-02-2025 15:17,23110.05,307800,894975,32.65,33164700,1297725,0.15,27012600,13026000
13-02-2025 15:17,23110,309825,896925,32.45,33089550,1309725,0.15,25637475,12734400
13-02-2025 15:17,23112,309600,895725,31.6,32890500,1316025,0.1,24520875,12649950
13-02-2025 15:18,23111.8,311100,895350,32.5,32895375,1292775,0.15,24495825,12645900
13-02-2025 15:18,23114.35,302775,893400,31.05,32751825,1341075,0.15,23732925,12456375
13-02-2025 15:18,23110.5,308850,893100,32.75,32850975,1295475,0.1,21763275,12090225
13-02-2025 15:18,23110.25,307500,891150,32.5,32869650,1262250,0.15,21768900,11166675
13-02-2025 15:18,23111.05,313125,888750,31.75,32734350,1303800,0.1,21667275,11247825
13-02-2025 15:18,23111,309225,886650,31.3,32215275,1337475,0.15,21505125,11386875
13-02-2025 15:19,23110.1,308025,885975,31.65,32050800,1344075,0.15,21055125,11304900
13-02-2025 15:19,23113.45,305925,886050,31.7,32128275,1273950,0.15,21558300,11159400
13-02-2025 15:19,23110,307725,886125,31.9,31716225,1260300,0.15,21242475,11137200
13-02-2025 15:19,23110,307500,887025,32.05,31667775,1238775,0.15,21148950,11308575
13-02-2025 15:19,23111.5,306225,885675,32.45,31177200,1223400,0.15,21557175,11323200
13-02-2025 15:19,23112,303450,884025,32.3,31124775,1255575,0.15,21517500,11418225
13-02-2025 15:20,23111.5,306450,882825,34.1,31085325,1185675,0.15,21282375,11107425
13-02-2025 15:20,23117.95,303450,881475,33.95,30932025,1018800,0.15,20747625,10792650
13-02-2025 15:20,23114,303375,883500,32.55,30841125,1118625,0.1,20426550,10716075
13-02-2025 15:20,23111.1,299175,885300,32.55,30364350,1126650,0.15,20800125,10547475
13-02-2025 15:20,23117,300300,886425,32.75,30328875,1110600,0.15,21090900,9477900
13-02-2025 15:20,23111,299100,889350,32.65,30258000,1173150,0.15,20637750,9850650
13-02-2025 15:21,23111.5,298725,888075,33.2,30169200,1149450,0.1,20607150,12374250
13-02-2025 15:21,23111.7,298800,890325,33.05,30168750,1153800,0.05,18351225,12626775
13-02-2025 15:21,23114,297975,890550,33.15,29586675,1178700,0.05,18213675,12802350
13-02-2025 15:21,23114,297900,886875,32.95,29642400,1171575,0.05,17956275,12780525
13-02-2025 15:21,23111,297675,886800,33.4,29580150,1180800,0.1,17800350,12782925
13-02-2025 15:21,23115,297075,885900,33.2,29193675,1182600,0.1,17590500,12799575
13-02-2025 15:22,23113,296700,890325,33.6,29196150,1183200,0.05,16856325,12919575
13-02-2025 15:22,23112,292800,887850,33.35,29058900,1163700,0.05,16006650,13297200
13-02-2025 15:22,23110,292425,889275,32.6,29020725,1191675,0.05,17732325,13902675
13-02-2025 15:22,23109,292350,886275,31.85,28622400,1176900,0.05,17654025,13973925
13-02-2025 15:22,23106,290325,885075,31.1,28510575,1224300,0.1,17616900,14426250
13-02-2025 15:22,23102,291075,883350,31.7,28207725,1229475,0.05,17573100,14071350
13-02-2025 15:23,23105,292200,880800,31.95,27680775,1195350,0.1,17501025,14080875
13-02-2025 15:23,23101.95,291450,879150,31.25,27706425,1267725,0.1,17471625,14206800
13-02-2025 15:23,23102.05,290775,878100,31.55,27748950,1228500,0.05,17396325,14130750
13-02-2025 15:23,23100.2,291000,878625,31.15,27743400,1299525,0.1,17340225,14027025
13-02-2025 15:23,23101.65,287325,881925,30.65,27516300,1275225,0.05,17225025,13882200
13-02-2025 15:23,23100,286875,879600,31,27520125,1274625,0.05,17364900,13824600
13-02-2025 15:24,23100.05,286200,884475,31.4,27477150,1282275,0.05,17090475,13857300
13-02-2025 15:24,23100,286275,886950,30.35,27375675,1377000,0.1,16983000,13682775
13-02-2025 15:24,23097.1,284325,880725,30.25,26928675,1372800,0.05,15332700,13758300
13-02-2025 15:24,23096.9,283725,878250,30.65,26590425,1285725,0.1,15283050,13976550
13-02-2025 15:24,23095.9,284250,878925,30.4,26004750,1299600,0.05,14855625,13733850
13-02-2025 15:24,23095,283200,879600,30.5,26018325,1216200,0.05,14732175,13662225
13-02-2025 15:25,23097,286800,875475,30.95,26050275,1228200,0.05,14346825,13297725
13-02-2025 15:25,23096.1,286350,872625,31.15,26190300,1150500,0.05,13795200,10759500
13-02-2025 15:25,23100,283275,870525,31.5,26103750,1167900,0.05,13553475,10801200
13-02-2025 15:25,23099.95,283275,870525,31.2,25541175,1236075,0.1,13189725,10532925
13-02-2025 15:25,23096.45,285375,869400,31.4,25555275,1215600,0.05,12895200,10553250
13-02-2025 15:25,23098.95,288900,869100,30.95,24894825,1170525,0.1,12563850,10536825
13-02-2025 15:26,23098.95,288225,864750,30.85,24594600,1191975,0.1,12588975,10580250
13-02-2025 15:26,23097.6,266775,866550,31,24696075,1155825,0.05,12171675,10613400
13-02-2025 15:26,23101,265425,866475,30.9,24657450,1119675,0.1,12044850,10508250
13-02-2025 15:26,23099.85,262200,865050,30.85,24590925,1148175,0.05,11874000,10462425
13-02-2025 15:26,23095,258600,866475,30.8,24617925,1170675,0.05,11751375,10280025
13-02-2025 15:26,23093,256650,867750,30.85,24661875,1102275,0.1,11542125,10247250
13-02-2025 15:27,23093,256575,865125,31,24769425,1058025,0.05,11463675,10138200
13-02-2025 15:27,23092.7,256500,862875,31.1,24822450,1013625,0.1,11391075,9306750
13-02-2025 15:27,23091.75,258075,864225,31.15,25007175,1090200,0.05,11040975,9282675
13-02-2025 15:27,23093,259575,865350,31,24960825,1137675,0.05,10797675,9305550
13-02-2025 15:27,23092.5,258975,861600,31.25,24397425,1113450,0.05,10337625,9320250
13-02-2025 15:27,23092.55,260775,860475,31.25,24425775,1069575,0.1,9851025,9340425
13-02-2025 15:28,23092.9,252675,858075,31.2,24592650,1154625,0.1,9689775,8560575
13-02-2025 15:28,23092,251175,857775,31.2,24674925,1223475,0.1,9454500,8523450
13-02-2025 15:28,23090.1,249675,857550,31.2,24292050,1186650,0.05,9259200,8531100
13-02-2025 15:28,23091.9,246375,857925,31.15,23900475,1146750,0.05,8724225,8544975
13-02-2025 15:28,23090.2,248475,857850,31.15,24091425,1152075,0.05,8315325,8399475
13-02-2025 15:28,23094.5,250425,858675,31.2,24035775,1027500,0.05,8193975,8387475
13-02-2025 15:29,23090.4,249225,851775,31.3,24051675,950550,0.05,7858350,8377950
13-02-2025 15:29,23091,238650,848325,31.3,24192300,876825,0.05,6313575,8526825
13-02-2025 15:29,23092.8,235800,840450,31.4,24236175,835875,0.05,3016275,6970125
13-02-2025 15:29,23094.65,225975,832200,31.35,12309150,901200,0.05,1948350,5064975
13-02-2025 15:29,23097.7,217050,825900,31.3,11933175,882375,0.05,1167900,4878225
13-02-2025 15:29,23094.65,208050,816900,31.4,9999825,772275,0.05,924900,4681800
