last_traded_time,ltp,tot_buy_qty,tot_sell_qty,ltp,tot_buy_qty,tot_sell_qty,ltp,tot_buy_qty,tot_sell_qty
17-02-2025 09:17,22856.65,223275,336900,129.8,1809300,170475,218.35,2493450,145125
17-02-2025 09:17,22852.5,223350,347325,129.9,1806225,165675,219.35,2405250,144075
17-02-2025 09:17,22859,222375,344850,131.9,1792650,164325,212.45,2399625,150075
17-02-2025 09:18,22850.05,218775,346875,127.85,1790700,182100,216.45,2409675,149475
17-02-2025 09:18,22860,227625,351075,130.6,1780275,180225,212.4,2413425,151050
17-02-2025 09:18,22852.15,232500,357900,130.35,1785525,179925,215.65,2411475,154650
17-02-2025 09:18,22859.8,237000,358500,133,1798575,184200,211.8,2430750,157125
17-02-2025 09:18,22862,234900,360000,133.45,1870875,177000,211.2,2424150,162075
17-02-2025 09:18,22863.95,232725,364350,132.9,1864275,182325,207.9,2423475,154575
17-02-2025 09:19,22876.1,238350,362100,136.7,1877400,187050,200.5,2421450,158550
17-02-2025 09:19,22882.55,240450,365700,135.95,1877250,167775,197.45,2413650,156750
17-02-2025 09:19,22888.75,241650,363150,141.4,1878525,171000,198.15,2385900,156600
17-02-2025 09:19,22882.2,239325,366900,141.5,1883025,174900,198.4,2379000,162825
17-02-2025 09:19,22891.75,248400,367125,143.85,1895700,177225,197.45,2380050,161475
17-02-2025 09:19,22888,255075,474075,144,1899825,173325,197.5,2379225,164250
17-02-2025 09:20,22891.5,257775,475125,146.9,480975,181275,197.6,1061475,161775
17-02-2025 09:20,22897.6,277725,481725,151.15,499200,168975,193.9,1065225,155700
17-02-2025 09:20,22898.05,272475,482475,151.95,510375,161325,193.85,1063875,158625
17-02-2025 09:20,22918,277500,470400,160.05,520575,159675,185,1035075,160200
17-02-2025 09:20,22928.3,277650,461475,168.2,518250,141975,180.5,1006200,171075
17-02-2025 09:20,22938.85,283800,460125,177.3,518400,137625,175.05,1011675,157425
17-02-2025 09:21,22948,285525,471600,177,517800,145275,171.8,1010625,160725
17-02-2025 09:21,22928,270225,479925,168.8,499425,178875,179.15,1034925,159300
17-02-2025 09:21,22937.7,278775,480675,176.6,488925,191775,174.95,1053000,175125
17-02-2025 09:21,22953.6,293250,462000,183.75,517125,180750,170.1,1053975,176100
17-02-2025 09:21,22954.1,293400,461550,187.7,527550,170025,169.3,1044375,182250
17-02-2025 09:21,22951.2,294150,476550,184.8,542400,181800,170.05,1053450,180300
17-02-2025 09:22,22951.05,289875,476475,180.6,523125,192375,172.3,1073775,176700
17-02-2025 09:22,22952.75,284325,465525,186.5,510075,193500,167.85,1086825,185625
17-02-2025 09:22,22953.15,279225,481425,181.5,511350,223875,171.75,1106550,189000
17-02-2025 09:22,22932,277725,497475,172.3,511875,238725,179.25,1122000,196500
17-02-2025 09:22,22934.9,264375,505650,172.15,462150,241500,180.65,1142400,177225
17-02-2025 09:22,22922.65,267750,506100,165.6,458025,241575,182.45,1140975,185925
17-02-2025 09:23,22941.8,279075,492900,176.25,449475,240000,172.6,1135275,218025
17-02-2025 09:23,22940.4,283050,502200,175.8,466350,244650,175.5,1135950,212625
17-02-2025 09:23,22930.15,283575,509850,171.3,478875,271050,177.45,1147425,222150
17-02-2025 09:23,22925,270900,512550,166,472500,283575,183,1170075,219525
17-02-2025 09:23,22928,280200,512100,170.2,463350,284175,180,1173675,222225
17-02-2025 09:23,22931.75,283050,509250,171,476550,292125,178.45,1174500,233475
17-02-2025 09:24,22927.7,279975,510825,166.3,492750,297600,181.75,1161450,248250
17-02-2025 09:24,22923.2,293175,516150,163.4,482625,318600,181.6,1162125,244950
17-02-2025 09:24,22917,279600,514650,161.4,486600,326400,183,1167975,252750
17-02-2025 09:24,22916,281775,514650,159.5,488025,333150,182.6,1174050,269775
17-02-2025 09:24,22921,291525,518250,161.15,475425,328125,180.5,1169400,267825
17-02-2025 09:24,22933.4,296850,511875,169,486000,329400,172.3,1164750,275550
17-02-2025 09:25,22938,290550,402075,168.45,489525,321675,167.35,1136925,272400
17-02-2025 09:25,22944.05,290775,406125,174.25,512775,303825,164.55,1103175,274500
17-02-2025 09:25,22958,297450,405750,179.45,529050,300375,161.85,1083975,276150
17-02-2025 09:25,22955.05,300150,380550,179.4,534525,275100,159.3,1073775,272175
17-02-2025 09:25,22956.75,296400,378300,180.75,523050,303525,161.5,1114350,267750
17-02-2025 09:25,22954.65,306150,381150,177.85,536775,328575,164.95,1142475,267450
17-02-2025 09:26,22940,290250,395175,169.1,509850,332550,171.6,1139925,255300
17-02-2025 09:26,22936.9,297450,488775,173.15,510300,341775,171.25,1162275,268575
17-02-2025 09:26,22935.1,294825,495675,171.3,517575,356400,172.75,1164450,271800
17-02-2025 09:26,22929.15,300975,492225,167.3,522750,357150,174.5,1160025,278550
17-02-2025 09:26,22939.4,300900,484650,170.35,508125,361275,169.65,1151325,277125
17-02-2025 09:26,22935.9,299700,495900,171.4,514950,367575,168.35,1138500,286800
17-02-2025 09:27,22925.25,294375,503550,166,513825,381225,174.35,1145550,287250
17-02-2025 09:27,22922,286950,502050,162.3,497550,383400,178.1,1151400,276600
17-02-2025 09:27,22912.75,288300,505050,159.2,485250,395850,181.05,1155750,268425
17-02-2025 09:27,22917.6,289125,502950,160.45,478500,401775,180.05,1167300,268050
17-02-2025 09:27,22930.15,298725,499725,166.55,491475,383400,174.25,1145475,277725
17-02-2025 09:27,22924.2,300975,493125,165.3,502125,374775,174.85,1132725,292275
17-02-2025 09:28,22923,292575,500850,163.75,507375,388800,177.5,1146375,293400
17-02-2025 09:28,22927.15,302625,494550,166.75,516675,394725,174.65,1146975,297375
17-02-2025 09:28,22931.95,302850,499350,167.9,523950,398475,172.5,1146450,305025
17-02-2025 09:28,22925.25,305625,503175,162.9,525075,399750,178.65,1148925,307500
17-02-2025 09:28,22920.1,301050,504225,162.9,516150,409650,179.15,1154100,308100
17-02-2025 09:28,22926,299250,504525,166.7,535725,412725,176.95,1156875,302250
17-02-2025 09:29,22927.8,305325,501000,165.05,540900,406950,177.45,1146750,306525
17-02-2025 09:29,22921.45,299325,505875,164.05,541650,406575,178.25,1156875,307425
17-02-2025 09:29,22927.3,305625,497475,166.7,549450,407100,176.2,1154850,310650
17-02-2025 09:29,22925,309900,499875,165.85,553500,411900,176.1,1152225,311700
17-02-2025 09:29,22931.05,314250,493425,170.35,558525,410325,171.85,1152825,310875
17-02-2025 09:29,22927.05,309450,501075,164.95,564525,393375,176.45,1135575,313125
17-02-2025 09:30,22926.6,301800,506325,165.15,548400,400200,175.8,1137150,306825
17-02-2025 09:30,22929.25,306900,493275,165.85,558150,408975,171.9,1138650,312000
17-02-2025 09:30,22935,311625,494250,166.9,567075,406950,169.5,1132875,318000
17-02-2025 09:30,22928.85,311025,498450,161.85,567000,415650,173.8,1131675,316200
17-02-2025 09:30,22930.4,303675,493725,166,550800,419850,169.95,1134750,321075
17-02-2025 09:30,22925,308475,507075,162.05,552825,430200,175.25,1143375,321525
17-02-2025 09:31,22915.45,307125,511875,157.5,544125,436725,179.1,1155000,314775
17-02-2025 09:31,22911.5,308925,509175,155.95,518100,439725,181,1161450,297675
17-02-2025 09:31,22905.2,298725,512475,153.85,512775,442350,182.55,1174875,301650
17-02-2025 09:31,22906.65,293025,510525,153.45,498150,439050,183.65,1172700,303225
17-02-2025 09:31,22910.65,307575,509100,156.8,512850,435300,180.15,1168500,305550
17-02-2025 09:31,22910,310425,505875,156.15,519900,428700,181.4,1142850,315600
17-02-2025 09:32,22911.95,312150,511725,159.65,526275,434100,178,1146375,327525
17-02-2025 09:32,22909.1,304725,507975,158.15,527475,445500,181.1,1161300,318600
17-02-2025 09:32,22907.75,302625,510525,155,521025,467850,184.2,1160325,318375
17-02-2025 09:32,22901.45,305625,513900,155,520725,472800,184,1163775,324225
17-02-2025 09:32,22896.7,306675,510975,150.15,515175,474375,189.2,1180950,312675
17-02-2025 09:32,22877.7,290550,518175,143.3,480975,476625,199.5,1185450,275550
17-02-2025 09:33,22872.25,298050,516075,142.75,471525,488100,202.1,1190325,222600
17-02-2025 09:33,22876.7,298950,505800,145.7,475800,462300,200,1186350,214725
17-02-2025 09:33,22872,294675,517125,143.55,478725,452850,203.9,1173900,210975
17-02-2025 09:33,22874.55,292425,517500,143.25,493425,460350,204.05,1177050,211950
17-02-2025 09:33,22875.55,296475,513600,141.7,495375,465675,204.15,1178025,220275
17-02-2025 09:33,22874.85,302625,511875,141.4,494025,462450,203.3,1162350,222300
17-02-2025 09:34,22875,305400,521100,142.75,504450,461550,202.2,1165575,224550
17-02-2025 09:34,22879.25,305850,525900,143.4,522450,457950,199.75,1158375,240300
17-02-2025 09:34,22885,313950,513225,146.3,530625,453300,195.1,1144950,240450
17-02-2025 09:34,22900,320850,520725,152.8,535950,437175,187.2,1132275,242250
17-02-2025 09:34,22906.3,325650,510150,155,545100,422325,184.85,1119675,244350
17-02-2025 09:34,22902.7,312750,520275,152.35,546525,433650,188.6,1121700,248550
17-02-2025 09:35,22898.8,306600,517125,150,541425,455550,191.15,1130475,242625
17-02-2025 09:35,22895.35,313875,519300,151.8,551775,451950,190.55,1134750,246000
17-02-2025 09:35,22901.75,313575,520500,151.15,550500,451950,190.8,1146750,253950
17-02-2025 09:35,22888,313725,519825,145.6,556050,466725,196.4,1148700,257925
17-02-2025 09:35,22890,314025,519450,147.45,536475,471900,195.25,1153800,252750
17-02-2025 09:35,22891,314400,520575,148.95,549150,475575,193.8,1155375,261750
17-02-2025 09:36,22880.55,306150,523575,144.75,545700,474975,198.9,1173075,261375
17-02-2025 09:36,22881.05,310500,525000,145.7,543150,484650,200,1182075,256350
17-02-2025 09:36,22883.4,314550,527775,146.45,570300,483225,200.15,1170225,261825
17-02-2025 09:36,22900,322875,499350,155,578775,478800,187.45,1155375,274425
17-02-2025 09:36,22908,320850,509700,157.3,581625,464175,182.35,1143075,278025
17-02-2025 09:36,22899,310950,522975,154.75,565725,446775,186.2,1110450,283425
17-02-2025 09:37,22895.45,324825,520350,149,539775,460725,191.4,1128225,278025
17-02-2025 09:37,22890.1,314550,521850,148.9,541725,469875,191.95,1178400,288450
17-02-2025 09:37,22891.1,319050,522900,148.4,549900,470700,192.7,1135050,294600
17-02-2025 09:37,22893.25,314925,523350,148.2,570075,473850,192.3,1138275,301125
17-02-2025 09:37,22893.35,316200,522675,147,570450,480075,193.2,1142475,305625
17-02-2025 09:37,22890,316575,526275,146.9,573450,479325,193.4,1142400,305025
17-02-2025 09:38,22890.85,318600,523425,147.85,573450,483525,190.35,1146150,311550
17-02-2025 09:38,22897.1,322350,518925,149.15,583500,480075,187.55,1137000,317100
17-02-2025 09:38,22900.7,323100,520725,149.4,585225,480225,187.85,1139025,321225
17-02-2025 09:38,22902,319200,527700,151.5,591300,483600,185.85,1139325,321825
17-02-2025 09:38,22896.65,314700,531000,148.3,598800,495600,189.3,1141950,318525
17-02-2025 09:38,22883,294975,531225,144.65,593100,504300,193.95,1145325,312900
17-02-2025 09:39,22875.65,314175,533175,139.95,567675,503850,200.1,1144050,294675
17-02-2025 09:39,22871.75,314775,533475,138.35,544350,504450,203.15,1152675,279000
17-02-2025 09:39,22868.4,317775,527400,138.35,545175,517575,204,1156650,276150
17-02-2025 09:39,22865.95,330150,525975,138.9,562425,516675,206.25,1154850,257100
17-02-2025 09:39,22867.95,330450,530100,139.1,570450,519450,205,1151700,263775
17-02-2025 09:39,22867.65,332850,528225,140.2,571350,528075,203.5,1149300,262875
17-02-2025 09:40,22868.4,335175,535875,139.2,565350,535575,206.3,1158225,253425
17-02-2025 09:40,22877.8,343725,527700,142,571050,523200,203,1144575,234675
17-02-2025 09:40,22874.4,336075,531825,141,576975,527925,204,1147800,245100
17-02-2025 09:40,22868.5,350400,534150,138.4,578100,542775,207.05,1155525,245325
17-02-2025 09:40,22870,345150,532350,139.1,579150,545700,204.65,1161900,253875
17-02-2025 09:40,22869.1,344025,532350,138.35,584625,544875,205.7,1145850,257625
17-02-2025 09:41,22874.85,349125,531075,140.7,589725,549600,202,1150500,258900
17-02-2025 09:41,22884.15,345075,530175,144.4,599475,545025,196.3,1141125,262650
17-02-2025 09:41,22876.35,340125,533850,141.05,603825,537975,200.7,1129350,266625
17-02-2025 09:41,22870,352200,535800,139.5,604200,548100,202.65,1133925,273600
17-02-2025 09:41,22866,348450,541500,137.7,606600,542325,204.8,1141950,272850
17-02-2025 09:41,22861,338925,544050,134.2,605325,546150,209.9,1146150,272700
17-02-2025 09:42,22852.3,330150,538200,131.55,556650,544650,212.8,1154475,246000
17-02-2025 09:42,22860.7,341325,540900,135.2,554400,544125,206.8,1144800,241275
17-02-2025 09:42,22852.25,333450,544950,132.9,560250,550875,213.25,1151025,239550
17-02-2025 09:42,22852.35,339225,538650,133,571275,557400,213.45,1154175,242925
17-02-2025 09:42,22855,341325,536175,134.2,577875,549750,211.4,1152150,237150
17-02-2025 09:42,22868.95,336300,453900,138.85,588750,544425,205.15,1148400,250275
17-02-2025 09:43,22865.2,336000,540075,139.55,575925,546300,205.65,1145775,254550
17-02-2025 09:43,22857.6,333750,540975,134.55,567300,558600,212.6,1150350,257250
17-02-2025 09:43,22851,332100,548250,131.15,566400,568950,218.1,1155975,261300
17-02-2025 09:43,22850.8,324450,555000,131.7,550425,572400,215.75,1162425,237900
17-02-2025 09:43,22853,337800,554175,132.05,540150,584100,215.1,1157400,244725
17-02-2025 09:43,22858.75,343125,553725,134.25,554175,587250,213.75,1159050,250050
17-02-2025 09:44,22855.65,339300,552300,133.4,558975,573600,213.2,1154550,245250
17-02-2025 09:44,22857.1,345525,546375,134.4,570225,574950,211.75,1155900,251775
17-02-2025 09:44,22861.95,336675,555900,134.05,562275,582375,210.35,1152450,255900
17-02-2025 09:44,22864.3,333450,552975,135.1,568950,583950,207.95,1145100,262500
17-02-2025 09:44,22867.05,329700,559950,135.9,573375,588900,207.1,1139700,267075
17-02-2025 09:44,22862.15,336900,581850,134.5,570750,591150,211.3,1137450,263250
17-02-2025 09:45,22862.5,332700,584475,135,571500,588150,206.7,1144125,269100
17-02-2025 09:45,22868.2,335700,582150,134.3,577800,592275,208.35,1146150,267675
17-02-2025 09:45,22869.15,336825,592950,134.95,580050,595575,206.5,1145325,272550
17-02-2025 09:45,22865,331575,602175,134.8,577425,596100,207.15,1140825,273150
17-02-2025 09:45,22866.25,338925,597000,136.6,577275,596775,204.95,1140825,272850
17-02-2025 09:45,22870,340950,589350,137.9,585975,591750,203.25,1141125,276525
17-02-2025 09:46,22871.3,342000,583950,136.5,584025,587475,205.45,1138275,276075
17-02-2025 09:46,22863.35,324675,590775,133,573750,608475,210.35,1144500,271125
17-02-2025 09:46,22861.85,324375,596175,134.05,572850,616125,209.45,1146000,259425
17-02-2025 09:46,22860.85,318225,598200,132.75,574575,623400,212.5,1149375,258375
17-02-2025 09:46,22867.4,331275,600525,137,578850,624075,205.55,1148925,265125
17-02-2025 09:46,22868,336075,591975,134.4,584475,609075,207.5,1144125,266550
17-02-2025 09:47,22873,339600,590400,138.8,591000,605625,203.85,1142700,275100
17-02-2025 09:47,22876.65,339000,591300,139,596925,609000,201.05,1141125,279300
17-02-2025 09:47,22875.15,339675,597375,138.15,598350,602850,201,1136025,278775
17-02-2025 09:47,22877.8,333150,595875,137.7,587325,592650,202.35,1115925,266325
17-02-2025 09:47,22875.45,333975,603075,138,587700,590700,202.9,1121400,267525
17-02-2025 09:47,22881.05,337125,600975,141.3,587100,586350,198.15,1120725,272850
17-02-2025 09:48,22895,341100,582375,145.05,589425,567600,190.75,1107975,275175
17-02-2025 09:48,22884.15,338325,595350,141.4,580425,551550,197,1089900,264225
17-02-2025 09:48,22885,334425,598725,140.9,569550,558000,198.05,1088925,263625
17-02-2025 09:48,22877.25,333150,605100,139,567075,566025,198.85,1098300,261300
17-02-2025 09:48,22880,337350,606675,137.2,568425,568950,200.05,1101825,265125
17-02-2025 09:48,22872.7,337050,609600,133.65,564075,574275,205,1112625,264225
17-02-2025 09:49,22868.4,325050,615600,131.9,533325,572325,207.2,1112775,254400
17-02-2025 09:49,22873.55,335100,613500,133.9,532725,562050,205.35,1114950,260325
17-02-2025 09:49,22869.6,339075,614400,134.7,543000,588225,205.75,1115100,268950
17-02-2025 09:49,22876.8,342675,604275,137.95,553875,590100,199.7,1113150,276600
17-02-2025 09:49,22884.2,348900,601725,141.4,555900,595050,195.05,1106100,284175
17-02-2025 09:49,22879,341775,613350,137.1,551100,585525,201.4,1102575,283500
17-02-2025 09:50,22879.5,342075,608925,136.5,530250,581100,200,1108950,286875
17-02-2025 09:50,22878,337800,606675,136.65,552000,604800,197.65,1113300,286875
17-02-2025 09:50,22877.35,345450,606600,136.9,552225,608025,198.35,1117950,286425
17-02-2025 09:50,22871.1,343575,612900,134,563550,609075,201.55,1121850,288300
17-02-2025 09:50,22871,334725,615375,133.25,557775,607650,205,1126350,279975
17-02-2025 09:50,22867.9,339300,608700,133,555825,611100,205.65,1126500,279225
17-02-2025 09:51,22871.35,344100,612525,133.55,562725,619125,204.9,1124625,278700
17-02-2025 09:51,22877,346500,597600,138.15,568800,616200,198.4,1120800,281175
17-02-2025 09:51,22876,348900,605325,138.55,575250,619125,198.65,1119975,283875
17-02-2025 09:51,22883,349575,598200,138.3,579825,616125,199,1119225,289875
17-02-2025 09:51,22872.75,342075,611625,134.85,575475,626250,202.5,1122150,285075
17-02-2025 09:51,22878.55,351825,606075,138.6,578775,623775,197.25,1122600,291825
17-02-2025 09:52,22873.65,346050,609225,136.05,579225,622425,201.4,1122075,291375
17-02-2025 09:52,22881.7,352275,614025,134.9,581025,631425,201.9,1128825,293325
17-02-2025 09:52,22881.1,351000,604875,136.5,593250,630750,199.95,1128525,298875
17-02-2025 09:52,22882.9,352500,603600,136.6,591750,634725,198.1,1130250,302700
17-02-2025 09:52,22877.45,358350,609225,135.1,596175,635100,199.6,1133250,305700
17-02-2025 09:52,22870.1,347700,606900,133.2,593925,636900,203.1,1134075,308550
17-02-2025 09:53,22875.6,355050,613050,136.05,580725,638250,201,1129950,304050
17-02-2025 09:53,22875.4,349500,610200,135.55,588375,642000,200.85,1133400,303000
17-02-2025 09:53,22866.95,356175,612525,132.1,590175,642450,204.65,1137825,302475
17-02-2025 09:53,22864.25,348225,604950,131.1,583350,646950,208.4,1139025,285450
17-02-2025 09:53,22855.15,346575,614925,129.5,563175,646275,210.95,1141950,281925
17-02-2025 09:53,22853.2,338175,611400,129,515850,640050,211.2,1153875,260850
17-02-2025 09:54,22851.1,330075,615150,125.85,516300,657525,215.15,1146150,260250
17-02-2025 09:54,22851.45,342900,605400,125.9,510150,658575,214.6,1146150,257100
17-02-2025 09:54,22845,333225,614850,124.5,501375,650850,218,1143075,257850
17-02-2025 09:54,22845.45,329550,607275,122,491625,659475,220,1147800,252750
17-02-2025 09:54,22844.1,332700,611625,123.5,492150,652950,217.95,1147875,236925
17-02-2025 09:54,22838.95,333300,608250,120.75,492450,649200,221.45,1142700,240975
17-02-2025 09:55,22848.8,333375,601725,125.75,496275,649425,215,1139550,239700
17-02-2025 09:55,22840,337050,615375,122.55,502275,656850,220.8,1140450,242700
17-02-2025 09:55,22838.2,336675,613950,122.45,505050,657225,219.7,1156575,238350
17-02-2025 09:55,22840,333375,611475,123.2,508050,656925,219.5,1150275,245925
17-02-2025 09:55,22835.5,335550,613575,121.5,513600,665175,220.4,1147725,255375
17-02-2025 09:55,22845.25,339975,609450,122.55,512775,667500,218,1143600,266775
17-02-2025 09:56,22840.05,334875,616050,122,515625,663150,220.1,1145700,268125
17-02-2025 09:56,22840.1,336000,611400,120.9,517725,663825,222.85,1154400,264225
17-02-2025 09:56,22836.9,322200,619500,118.35,499425,669300,226.7,1160100,249225
17-02-2025 09:56,22836.2,328725,615375,122.25,478500,669450,222.2,1160100,215775
17-02-2025 09:56,22838.05,333075,604200,122.8,485550,653025,222.35,1155150,223050
17-02-2025 09:56,22836.4,342150,608925,124.65,494850,659625,218.5,1177050,231300
17-02-2025 09:57,22838,340575,612975,122.7,494025,671250,221.35,1170825,238950
17-02-2025 09:57,22840,337500,612525,122.5,495675,677250,222.15,1174875,249675
17-02-2025 09:57,22852,347325,613725,125.35,505575,676875,214.55,1173525,255900
17-02-2025 09:57,22864.05,346575,610950,132.05,519300,647400,205.7,1142775,257625
17-02-2025 09:57,22856.1,338325,623700,127.9,516675,631350,214.1,1118925,249975
17-02-2025 09:57,22857,337125,608850,129.5,509250,639750,212.8,1142850,252975
17-02-2025 09:58,22858.15,340650,617175,130.5,518100,649500,209.7,1152300,252825
17-02-2025 09:58,22860,345000,621075,129.45,518550,644250,210.85,1152300,258675
17-02-2025 09:58,22862.15,343425,627975,128.85,509550,650775,210.55,1158300,261675
17-02-2025 09:58,22861,345000,627675,128.8,517950,650475,210,1159050,265350
17-02-2025 09:58,22858.25,342225,634125,127.05,517950,657300,211.2,1164675,265425
17-02-2025 09:58,22854.5,340425,633975,125.8,522000,657300,212.85,1170075,263700
17-02-2025 09:59,22863.4,341325,629700,129.7,515400,658275,209.3,1172400,263625
17-02-2025 09:59,22861.6,345000,630600,129.9,505350,651450,210.35,1166325,258150
17-02-2025 09:59,22859.6,337125,634950,129.1,509550,654375,211.55,1167825,258675
17-02-2025 09:59,22863.85,344925,635025,130.25,512325,655350,209.75,1170300,262200
17-02-2025 09:59,22868,346725,626100,130.45,515850,655500,207.45,1166850,263550
17-02-2025 09:59,22863.05,349425,632700,131.15,518625,646425,205,1159500,261525
17-02-2025 10:00,22864.8,336450,641475,129.9,521025,651600,206.1,1158075,265350
17-02-2025 10:00,22852.2,338400,639075,126.55,524400,660975,212,1163850,262425
17-02-2025 10:00,22854,343125,639600,128.3,521025,660375,210.8,1167300,256875
17-02-2025 10:00,22850,347025,642300,128,521625,664575,210.55,1168500,258675
17-02-2025 10:00,22849.9,338250,636075,124.95,513000,675225,215.9,1176675,247725
17-02-2025 10:00,22853.15,350100,639450,126.45,516975,676275,213.65,1181550,255375
17-02-2025 10:01,22852.2,346200,635100,129.05,519675,674250,211.4,1177650,259500
17-02-2025 10:01,22851.8,349425,634425,128.1,517800,679950,212.15,1170900,259800
17-02-2025 10:01,22852.55,349050,632625,128,524250,680550,212.45,1121100,262500
17-02-2025 10:01,22853,345075,633900,129.5,527775,677625,210.65,1117200,262575
17-02-2025 10:01,22856.05,349725,634425,129.6,528600,672225,209.15,1116525,264450
17-02-2025 10:01,22858.6,351975,635025,133.25,527325,676125,205.85,1115400,268575
17-02-2025 10:02,22860.9,354600,631575,132.9,530700,654375,206.4,1103250,269925
17-02-2025 10:02,22864,348825,637875,132.6,527925,662925,205.75,1103925,272850
17-02-2025 10:02,22865.7,346200,630375,130.45,525150,668250,208.55,1102350,285300
17-02-2025 10:02,22859.35,345675,635100,128.6,525000,674700,210.65,1111725,283350
17-02-2025 10:02,22851.05,343200,634875,128.4,518250,679500,211.85,1112100,268050
17-02-2025 10:02,22855.4,347175,634125,129.5,522150,680325,210.5,1113900,269025
17-02-2025 10:03,22850,343650,636225,127.2,520950,685125,214.15,1115325,267675
17-02-2025 10:03,22845,345375,632250,125.7,525300,679650,215.15,1114275,272550
17-02-2025 10:03,22845.75,348000,633900,124.5,517800,697200,215.9,1113750,264600
17-02-2025 10:03,22841.6,347100,632775,124.2,507675,694050,217.45,1110975,261525
17-02-2025 10:03,22840.85,345000,633900,125.05,515250,693675,217.05,1110600,269175
17-02-2025 10:03,22847.4,354375,625425,125.65,519150,691125,216.4,1107525,271950
17-02-2025 10:04,22847.05,348450,632250,127.45,522225,693375,213.95,1114200,276975
17-02-2025 10:04,22850.15,351750,614925,127.9,529275,691350,212.5,1104825,276150
17-02-2025 10:04,22845.65,353625,629850,127.4,530025,698100,213.15,1103475,278550
17-02-2025 10:04,22850,347850,625350,127.5,537450,695775,212.75,1106325,271725
17-02-2025 10:04,22853.05,350325,629775,129.95,541800,694500,209.45,1104000,285675
17-02-2025 10:04,22845.15,348000,632925,127.4,536100,708375,214.1,1105875,284700
17-02-2025 10:05,22849.1,349050,633900,127.15,536250,709050,213.85,1107525,283275
17-02-2025 10:05,22843.85,350550,637500,126.45,531975,718050,215.3,1110150,281475
17-02-2025 10:05,22850,350550,631350,128.55,546525,715350,212.5,1109850,287475
17-02-2025 10:05,22850,351075,637725,127.75,546600,704025,213.25,1110675,287100
17-02-2025 10:05,22850.3,348900,635100,128,544125,697425,212.5,1113450,291525
17-02-2025 10:05,22848.3,351150,631875,129.4,546975,696150,211.15,1116075,288450
17-02-2025 10:06,22847.25,347325,632700,127.5,544575,702525,213.35,1119150,289425
17-02-2025 10:06,22859.25,354375,622050,132.95,556650,701475,205.85,1114950,293925
17-02-2025 10:06,22848.65,351975,630000,128.65,568350,669075,212.25,1098150,287250
17-02-2025 10:06,22860,351900,629700,132.25,558300,648525,208.75,1101075,291675
17-02-2025 10:06,22858.75,359100,633825,131.7,568275,649500,208.2,1099875,291900
17-02-2025 10:06,22858.9,356550,623625,130.95,567150,656400,209.7,1104600,294300
17-02-2025 10:07,22857.85,359625,630300,132.45,563775,662475,207,1107075,294300
17-02-2025 10:07,22859.6,359025,635100,130.9,566175,663000,209.25,1107450,294300
17-02-2025 10:07,22856.8,363150,636300,131.65,566475,668550,207.6,1110900,297675
17-02-2025 10:07,22856.9,369375,632475,131.2,572625,672000,207.75,1108500,299700
17-02-2025 10:07,22851.25,365475,638250,128.7,567450,677475,211,1112850,295875
17-02-2025 10:07,22859.85,366375,638025,131.2,577650,678675,208.15,1110975,314925
17-02-2025 10:08,22859.65,370800,632100,133.1,582075,672000,206.4,1112775,311850
17-02-2025 10:08,22860,372975,639825,133.55,580725,675975,204.05,1112250,309375
17-02-2025 10:08,22868,377175,628875,133.6,585225,672450,203,1104075,304500
17-02-2025 10:08,22868,367200,620400,135,590250,661575,201.05,1094475,299775
17-02-2025 10:08,22874.7,368700,626250,134.35,593700,656400,198.45,1079850,294675
17-02-2025 10:08,22877.2,377925,618600,137.1,595200,650775,194.85,1072350,293325
17-02-2025 10:09,22877.25,367725,622350,135,599475,642600,197.45,1073025,283650
17-02-2025 10:09,22867.15,370350,631800,135,590250,651375,198.75,1071375,283350
17-02-2025 10:09,22879.25,384675,628050,136.9,583500,653325,195.25,1075125,290625
17-02-2025 10:09,22881.95,382125,627600,139.6,595050,657975,191.2,1075350,297825
17-02-2025 10:09,22884,383700,620850,138.1,593250,615750,193.4,1075050,302475
17-02-2025 10:09,22878.7,375675,633675,136.35,585450,620325,196.9,1077750,300825
17-02-2025 10:10,22870.55,370050,633300,134.15,581475,625725,199.65,1090275,295725
17-02-2025 10:10,22868.65,371325,635250,134.8,570825,625950,200,1092525,295500
17-02-2025 10:10,22865.05,369525,637425,133.35,576975,629700,201.9,1098900,294675
17-02-2025 10:10,22875,378750,633075,137.85,590025,626850,196.65,1098150,308400
17-02-2025 10:10,22877.95,374475,636750,137.4,590775,624300,196.75,1091700,312450
17-02-2025 10:10,22885,376500,627075,140,596475,621525,193.3,1093950,314925
17-02-2025 10:11,22879.55,372675,626100,137.05,597300,634425,196.45,1102800,313425
17-02-2025 10:11,22878.05,376050,633300,138.25,599850,630675,195.85,1108425,313200
17-02-2025 10:11,22870,373575,634650,135.85,597000,638100,199,1110825,313575
17-02-2025 10:11,22865.05,370125,637200,130.05,585300,654900,205.5,1113450,302325
17-02-2025 10:11,22853.35,375600,640350,128.25,544050,650625,208.4,1111950,269925
17-02-2025 10:11,22848.55,369375,644100,124.4,534450,646650,211.45,1107675,266925
17-02-2025 10:12,22845.7,381825,638925,125.8,534075,646575,211.6,1108725,259800
17-02-2025 10:12,22848.3,385800,635700,126,539400,647625,210.35,1110750,266700
17-02-2025 10:12,22851.35,391275,633750,126.95,550125,650925,208.7,1099350,281925
17-02-2025 10:12,22855.1,388500,636675,126,557025,654150,209.5,1098225,287700
17-02-2025 10:12,22855.8,397875,635625,127,562800,647625,207.35,1095450,288375
17-02-2025 10:12,22864.3,389475,620700,128.75,565725,653625,203.95,1099275,290100
17-02-2025 10:13,22867.65,396300,637500,130.2,569175,656550,202.25,1100700,294375
17-02-2025 10:13,22860,380550,635475,129.3,569625,657600,203,1090875,289425
17-02-2025 10:13,22871.85,392775,629550,131.55,568950,664050,199.6,1095900,283950
17-02-2025 10:13,22865.9,394425,638250,128.3,564900,675075,204,1098675,280500
17-02-2025 10:13,22855,380775,639825,126.35,559800,683850,207.8,1098225,278175
17-02-2025 10:13,22857.05,385800,637050,126,551250,684675,208.05,1098750,277500
17-02-2025 10:14,22853.5,387525,642075,125.25,551550,685950,209.55,1103100,276300
17-02-2025 10:14,22850,384000,642750,124.65,546450,684975,209.85,1103625,273375
17-02-2025 10:14,22855,379050,642150,125,552150,682575,210,1104600,273450
17-02-2025 10:14,22851.5,385275,645675,123.85,563700,687975,211.55,1109850,275325
17-02-2025 10:14,22857.3,385875,643725,127.55,570975,689850,206.15,1105350,279375
17-02-2025 10:14,22854.05,393300,641775,125.5,570300,685350,209.15,1114200,281400
17-02-2025 10:15,22854,390600,643500,126.15,562875,692175,208.55,1115100,280125
17-02-2025 10:15,22860.8,390375,641775,127.85,580275,688800,206.25,1114050,283200
17-02-2025 10:15,22854,388500,645375,126.15,582300,694200,209.3,1124025,282975
17-02-2025 10:15,22854.25,380025,646575,126.2,579000,697800,210,1127250,289125
17-02-2025 10:15,22851.85,384900,646800,126,587775,703050,209.85,1127700,289125
17-02-2025 10:15,22851.85,394425,645300,127.3,589050,703800,209.5,1128825,281175
17-02-2025 10:16,22858.05,389700,643125,128.05,590550,705450,207.9,1127700,282750
17-02-2025 10:16,22853,386850,645600,127.5,591525,703950,208.05,1123950,283950
17-02-2025 10:16,22857,395400,645825,128.9,593175,717600,206.05,1123800,282600
17-02-2025 10:16,22852,385650,645825,127,597825,722100,209.1,1124925,283050
17-02-2025 10:16,22852,389625,640875,127.2,591525,723525,209.35,1123950,286650
17-02-2025 10:16,22859.4,401400,644100,128.7,597675,725175,206.6,1124850,290025
17-02-2025 10:17,22861.7,389700,636075,131.5,600900,705225,202.7,1116675,290625
17-02-2025 10:17,22868.7,392625,643500,132.7,600450,698550,200.25,1113450,290625
17-02-2025 10:17,22868,392400,639975,132.3,605250,687525,202.15,1109175,291000
17-02-2025 10:17,22867.65,391650,645825,133.55,607425,685575,199,1107600,295275
17-02-2025 10:17,22872.65,391950,638325,134.35,604275,690525,198.45,1105725,298425
17-02-2025 10:17,22866.55,386625,642900,132.8,606600,672975,201.05,1107525,303750
17-02-2025 10:18,22867.8,387300,643875,132.05,593775,664800,202.4,1106850,305025
17-02-2025 10:18,22867.8,384225,642375,132.15,601575,662550,201.35,1108800,307200
17-02-2025 10:18,22863.6,390000,643350,132.05,592575,668025,201.55,1112550,306300
17-02-2025 10:18,22863.75,384675,642225,129.55,590775,677400,205.1,1116600,307800
17-02-2025 10:18,22861.5,394650,646575,129.35,580950,678975,204.7,1125750,311250
17-02-2025 10:18,22864.15,391200,638100,130.15,587775,682575,204,1111950,312825
17-02-2025 10:19,22868.85,395175,640575,132.9,596250,681375,200.05,1114275,315225
17-02-2025 10:19,22870,388575,643275,133.25,600750,676575,200,1111875,318675
17-02-2025 10:19,22872.95,391125,643425,133.5,600150,669450,199.25,1105500,322950
17-02-2025 10:19,22875.25,392550,639000,135.9,599175,671775,196.95,1105050,320175
17-02-2025 10:19,22878.05,390225,639300,137.2,602475,666825,195.25,1102800,321675
17-02-2025 10:19,22875.55,387825,641700,136.3,602775,669825,197.45,1101300,318900
17-02-2025 10:20,22875.25,391725,642000,137.7,603300,674550,195.9,1101750,323100
17-02-2025 10:20,22871.9,382050,645150,133.6,602175,676950,199.5,1111575,324525
17-02-2025 10:20,22881.45,388425,638400,138.5,599625,676275,194.7,1109325,322650
17-02-2025 10:20,22882.1,388950,631425,137.7,600600,657750,193.25,1098675,322800
17-02-2025 10:20,22885,393075,634125,140,603450,656775,191.45,1107675,323775
17-02-2025 10:20,22913.4,392775,618825,154.9,612225,645375,175.65,1098825,323175
17-02-2025 10:21,22906.3,384600,614700,152.55,609375,502200,180,1050600,324225
17-02-2025 10:21,22906.4,388275,622575,153.7,611550,500250,180.1,1051050,317475
17-02-2025 10:21,22912.35,395700,616050,156.6,608025,505275,177.55,1052550,315375
17-02-2025 10:21,22919.5,392625,609075,157.2,619650,513525,175,1049925,317100
17-02-2025 10:21,22912.6,371100,614025,155.35,601125,490575,177.5,1043700,310950
17-02-2025 10:21,22914.75,395025,615225,156.75,610200,503100,176.1,1054500,320700
17-02-2025 10:22,22915.7,395250,612450,156.45,615525,507450,175,1055175,325425
17-02-2025 10:22,22913,386325,617250,154.05,612450,528300,174.95,1070775,326400
17-02-2025 10:22,22910,386925,622950,152,600300,530700,177.5,1087425,326550
17-02-2025 10:22,22915.5,392475,619725,154.5,595650,532050,175.7,1086825,328500
17-02-2025 10:22,22918,391875,612150,154.25,601950,528075,174.85,1081950,333600
17-02-2025 10:22,22917.3,397875,616200,155.75,636075,534000,172.9,1083225,339375
17-02-2025 10:23,22914.95,394275,614400,154.3,628350,536850,174.85,1085025,329175
17-02-2025 10:23,22912.95,392850,616350,154,596550,551925,175.05,1090500,329625
17-02-2025 10:23,22911.25,394650,617100,154.8,597900,552150,175,1099050,330075
17-02-2025 10:23,22917.3,394650,615600,157.3,597300,542475,172.2,1107150,334275
17-02-2025 10:23,22919.1,393675,615900,158.1,601050,545850,172.05,1095375,340500
17-02-2025 10:23,22922.85,405375,614175,158,612150,545775,171.55,1098825,340575
17-02-2025 10:24,22921.1,397275,623175,154.55,605325,529800,173.5,1095825,341025
17-02-2025 10:24,22913,373800,631875,152.7,584625,544050,176.6,1113825,341550
17-02-2025 10:24,22911,393375,634800,150,581325,552300,177.75,1129125,335175
17-02-2025 10:24,22906.15,391050,632550,148.95,554475,544875,179.25,1131300,331125
17-02-2025 10:24,22909.45,398325,629700,148.1,555675,542700,179.7,1131375,337650
17-02-2025 10:24,22895.35,384675,636375,143.95,555600,548025,184.45,1130625,336075
17-02-2025 10:25,22896.8,389775,637725,141.8,539325,556050,184.8,1132200,332100
17-02-2025 10:25,22892.75,389475,640950,144,549375,557700,183.45,1135050,361575
17-02-2025 10:25,22893.5,392700,638925,143.35,559350,556725,185.9,1141575,365625
17-02-2025 10:25,22877.8,371850,645150,134.7,553950,564000,193.1,1147725,349650
17-02-2025 10:25,22871.9,384975,648675,130.9,502125,567075,197.4,1142025,309600
17-02-2025 10:25,22870.25,379425,632625,130.45,492075,564750,199.6,1146525,295500
17-02-2025 10:26,22877.7,391350,643875,133.45,509175,561675,197.2,1136625,286650
17-02-2025 10:26,22877.2,390525,634050,134.15,533175,569400,195.9,1124025,303450
17-02-2025 10:26,22871.5,383250,639675,133.15,534075,575475,196.45,1110300,305625
17-02-2025 10:26,22877.6,387600,633300,134.9,543375,579300,193.2,1111425,308700
17-02-2025 10:26,22876.95,377100,633750,135,556650,589050,193.35,1105500,313425
17-02-2025 10:26,22886.25,387825,630600,138.95,558825,590550,187.6,1112100,321825
17-02-2025 10:27,22888.4,385050,636975,136.25,560625,580950,190.1,1103550,321375
17-02-2025 10:27,22890,387750,630750,139.4,571875,580950,185.15,1103775,324225
17-02-2025 10:27,22898.55,388725,632700,141.3,573975,573525,183.05,1096425,326400
17-02-2025 10:27,22890.05,386625,636675,140.6,572400,579600,184.2,1103925,324525
17-02-2025 10:27,22890.85,378450,638775,139.8,567150,620100,183.6,1108650,322800
17-02-2025 10:27,22893.45,390450,633150,142.5,572550,620325,179.65,1108275,335025
17-02-2025 10:28,22903.3,396075,627600,146,584625,612300,176.3,1091700,392400
17-02-2025 10:28,22907.1,390825,624900,146.65,592275,600600,176.75,1087875,388800
17-02-2025 10:28,22901.75,392025,637950,143.85,592575,608775,180.9,1093050,336750
17-02-2025 10:28,22900,388275,639750,146.5,578325,614100,178.15,1094700,336300
17-02-2025 10:28,22906.5,389475,620850,148.85,586125,610725,175.4,1099350,340425
17-02-2025 10:28,22909,386025,630225,149.85,588525,612900,173.35,1097775,341850
17-02-2025 10:29,22905,385275,638625,146.3,590700,611100,178.1,1102875,336300
17-02-2025 10:29,22906.55,385950,642825,147.5,593325,613650,177.85,1109325,339600
17-02-2025 10:29,22907.1,387300,640200,147.85,600225,611925,176.85,1115550,342975
17-02-2025 10:29,22911,391500,627900,151.05,615375,615225,174.3,1116375,351225
17-02-2025 10:29,22919.2,384675,629175,153.8,638850,596925,171.9,1110225,345150
17-02-2025 10:29,22921.25,393000,614025,156.8,636675,576750,167.8,1081425,338925
17-02-2025 10:30,22920,392250,616650,153.05,605850,579675,170.75,1076625,342150
17-02-2025 10:30,22913,383775,630375,152.1,584475,597225,173.5,1095675,340125
17-02-2025 10:30,22921.1,391275,629775,156.8,596025,599025,171.1,1097550,340725
17-02-2025 10:30,22926.3,393825,627375,157.45,604200,596400,172,1102350,342900
17-02-2025 10:30,22922.85,391275,626700,158,600975,599625,169.5,1105350,342750
17-02-2025 10:30,22924.9,393375,625275,158.45,607125,608100,169.15,1109400,343875
17-02-2025 10:31,22922,384075,627675,157.8,614775,615825,168.95,1117575,346275
17-02-2025 10:31,22923,394200,630375,155.1,621150,613350,170.55,1121625,351000
17-02-2025 10:31,22922.1,385200,626925,158,604800,621600,168,1116750,350025
17-02-2025 10:31,22924.9,387525,628500,158.2,617850,632325,167.6,1117800,365175
17-02-2025 10:31,22928.2,389850,626625,156.75,618450,630000,168.75,1111800,365925
17-02-2025 10:31,22925,381225,627975,155.5,597675,586950,170.25,1108875,361875
17-02-2025 10:32,22923.9,386325,630375,157.1,604650,590925,169.15,1111875,364875
17-02-2025 10:32,22920.3,380025,633225,152.75,606000,592725,175,1119150,363075
17-02-2025 10:32,22913.95,387000,627450,152.55,593550,595725,173.55,1117500,354225
17-02-2025 10:32,22910.1,387375,636000,150.65,575775,600525,176.95,1119225,356250
17-02-2025 10:32,22913,389325,627225,149.1,575250,620850,174.55,1124100,358350
17-02-2025 10:32,22904.85,375750,633150,144.9,579900,626775,180.05,1129725,359325
17-02-2025 10:33,22903.65,381600,628275,143.3,564525,630000,180.6,1131225,332775
17-02-2025 10:33,22903.45,388200,633075,145.75,560400,628200,179.25,1127850,336450
17-02-2025 10:33,22908.85,382650,618600,148.05,573900,622800,176.4,1119075,343875
17-02-2025 10:33,22912.95,388875,622950,152.4,588975,618075,172.4,1109850,349800
17-02-2025 10:33,22912,394500,627975,151.95,578625,621300,173.1,1112775,348675
17-02-2025 10:33,22912,388350,608400,151.75,574275,629850,172.35,1115925,353700
17-02-2025 10:34,22918,386175,625500,153.5,592725,644775,170.85,1117725,353250
17-02-2025 10:34,22921,389925,616575,154.95,601425,632025,170,1111875,355200
17-02-2025 10:34,22908.9,387600,630675,148.9,605775,627600,174.05,1115700,350550
17-02-2025 10:34,22912.9,389700,629400,148.45,565950,627000,175.55,1118700,352425
17-02-2025 10:34,22909.9,377850,633300,146.45,568275,643650,176.55,1131750,354225
17-02-2025 10:34,22914.3,384600,638625,148.1,589575,649875,175.6,1130625,357225
17-02-2025 10:35,22912.25,386475,637875,147.85,592875,654675,175.6,1132200,358725
17-02-2025 10:35,22914.9,392100,632025,150.05,594150,655050,173.1,1128225,361800
17-02-2025 10:35,22913.05,395250,633150,150.5,604425,655725,173.15,1132200,363750
17-02-2025 10:35,22918,394350,633825,153.1,606600,657450,171.8,1132650,364575
17-02-2025 10:35,22929.85,393525,629100,156.65,629925,650325,168.15,1135125,367500
17-02-2025 10:35,22935.1,391200,623250,162.2,612600,630075,164.5,1123350,364875
17-02-2025 10:36,22944.6,398550,625350,165.55,619950,551175,160.8,1103700,365250
17-02-2025 10:36,22950.3,398325,619050,171.95,659700,505275,154.55,1061250,364200
17-02-2025 10:36,22962.6,401700,589725,181.4,620250,461100,148.85,1029075,361875
17-02-2025 10:36,22963.15,401550,556050,178.05,613650,412725,149.3,1038825,375150
17-02-2025 10:36,22967.1,405825,527850,179.95,629175,427050,146.8,1044975,405375
17-02-2025 10:36,22972.85,396375,515100,180.95,620250,427950,147.2,1047750,398475
17-02-2025 10:37,22967.6,402375,477075,182.05,633600,399900,147.7,1048725,377850
17-02-2025 10:37,22973.35,400800,494175,183.9,648900,440175,148.1,1062225,385800
17-02-2025 10:37,22978.45,398850,486825,190.8,657525,428775,144.2,1073325,404700
17-02-2025 10:37,22982.7,395100,480900,193.3,671850,367725,145.7,1079250,397275
17-02-2025 10:37,22983.4,399450,475875,192.75,673650,352500,141.65,1114575,411600
17-02-2025 10:37,22987.95,398775,465075,195.5,640425,356775,141.65,1119300,410250
17-02-2025 10:38,22990.15,396525,473325,196.65,650550,354600,142,1124025,405075
17-02-2025 10:38,22972.8,383925,484875,187.5,622950,324825,146.55,1162950,396450
17-02-2025 10:38,22979.25,393075,490875,188.35,586500,341100,146.95,1167150,405600
17-02-2025 10:38,22972.85,398775,492525,188.85,593025,345450,146.35,1197525,411375
17-02-2025 10:38,22974.95,396900,494475,185.15,606225,362175,147.7,1217625,413325
17-02-2025 10:38,22968.4,383850,494775,180.95,589350,378000,149.15,1226775,419475
17-02-2025 10:39,22969.35,388050,490275,184.4,583050,374250,147.25,1226700,440325
17-02-2025 10:39,22960,393675,496725,178.25,585300,409725,151.15,1239450,440325
17-02-2025 10:39,22960.05,385200,491250,179.15,565500,412950,150.6,1249425,425025
17-02-2025 10:39,22960.65,388725,492375,175.85,566325,421650,152,1243950,435000
17-02-2025 10:39,22959.6,390600,499800,176,575100,433950,151.4,1255050,445725
17-02-2025 10:39,22963.05,398250,485625,180,580500,433950,150.65,1250475,456000
17-02-2025 10:40,22973.8,387675,491475,186.8,588750,426075,146.1,1238250,454500
17-02-2025 10:40,22971.2,404925,492300,185.55,617250,423900,147.8,1225500,456300
17-02-2025 10:40,22963.9,395700,496875,180.75,600450,443625,150.8,1236225,456075
17-02-2025 10:40,22976,406200,501000,188.55,601500,449625,145.65,1236675,467700
17-02-2025 10:40,22977.15,403725,492675,188.25,616500,424050,146.1,1219200,468900
17-02-2025 10:40,22979.5,408150,492225,190.25,624300,409650,145.8,1212000,475725
17-02-2025 10:41,22980.4,406050,494325,191.45,620475,432075,143.75,1214550,488325
17-02-2025 10:41,22967.9,396600,499500,183.6,617325,446550,149.2,1218525,478950
17-02-2025 10:41,22969.65,397725,496575,185.15,593025,453225,149.2,1232550,469350
17-02-2025 10:41,22967.35,397125,499800,181.95,594150,457200,151.3,1241175,472875
17-02-2025 10:41,22963.6,401700,499425,182.45,593775,466500,150.95,1251300,470775
17-02-2025 10:41,22967.1,400800,498525,180.9,599250,466125,151.9,1256250,463575
17-02-2025 10:42,22973.2,399825,491475,184.45,603150,468225,149.7,1253325,469950
17-02-2025 10:42,22968.7,400425,497550,184.7,610650,471525,149,1249125,482475
17-02-2025 10:42,22971.9,398925,498975,183.9,615750,476325,148.95,1249725,482400
17-02-2025 10:42,22974.55,392625,497250,184.2,623175,477075,147.2,1258050,488475
17-02-2025 10:42,22977.35,395325,496575,188.25,638850,475800,145.3,1264650,495825
17-02-2025 10:42,22976.05,394200,495150,187.85,642075,473700,145.5,1254225,495150
17-02-2025 10:43,22976.3,393150,499350,186.9,646725,480750,147.3,1269075,495750
17-02-2025 10:43,22978.1,392850,501000,189.7,655650,483225,144.7,1271400,500100
17-02-2025 10:43,22977,395550,496125,188.5,660675,472275,145.25,1255575,502500
17-02-2025 10:43,22980.6,390150,503850,189.75,655650,470025,143.7,1254225,508200
17-02-2025 10:43,22989,399525,501150,194.6,659550,472050,140.95,1251225,508125
17-02-2025 10:43,22991.4,390300,500550,195.5,662025,449700,141.5,1279800,504600
17-02-2025 10:44,22991,396075,495150,195,647025,448800,142.3,1278225,511350
17-02-2025 10:44,22991.65,394125,500250,195.4,645900,465825,141.35,1262100,515175
17-02-2025 10:44,22991.05,387150,507450,195.1,647400,477450,142.55,1282125,514200
17-02-2025 10:44,22988.75,392025,524475,194.6,655050,467025,142.55,1290000,517425
17-02-2025 10:44,22992,396525,522075,196.65,661575,474000,140.65,1293450,521625
17-02-2025 10:44,23005.4,394125,530400,204.4,671175,471750,135.55,1290675,517200
17-02-2025 10:45,23020,390150,510600,208.1,687900,389100,134.35,1196325,513750
17-02-2025 10:45,23010.15,385800,507675,203.5,679500,372000,138.4,1201350,521475
17-02-2025 10:45,22998.65,383400,512325,205,657450,388725,136.4,1216125,526650
17-02-2025 10:45,22999.4,381975,519375,199.15,634050,404475,139.95,1248600,517125
17-02-2025 10:45,22992.65,389100,519150,200.35,633975,408450,140.65,1273200,528075
17-02-2025 10:45,22995,391425,531600,199.95,635325,418350,140.5,1290075,534825
17-02-2025 10:46,22992.1,385575,545175,196.2,638700,427425,142.2,1279950,543075
17-02-2025 10:46,22984.4,387975,551475,194.4,623175,434775,143.3,1311675,528000
17-02-2025 10:46,22983.85,394950,569400,195.25,628875,436725,142,1312125,543750
17-02-2025 10:46,22989.9,387225,561450,196.05,632175,439650,141.85,1303650,561600
17-02-2025 10:46,22986.05,392550,572175,194.15,631800,447525,142.8,1308375,560850
17-02-2025 10:46,22980,392325,583725,191.25,623250,454275,144.35,1321725,553275
17-02-2025 10:47,22990.65,405975,582000,197,600225,449250,141.25,1313550,528525
17-02-2025 10:47,22993.55,414600,584850,199.9,608100,456225,139.1,1284900,546975
17-02-2025 10:47,22996.95,416475,585525,201.7,615825,451200,138,1271325,544425
17-02-2025 10:47,22995.05,382200,589275,200.15,623700,452850,139.2,1260525,551775
17-02-2025 10:47,22999.5,394050,580575,199.95,616725,464250,139.6,1280025,549075
17-02-2025 10:47,22992.65,386700,591225,195.95,623400,475875,142.6,1293300,545775
17-02-2025 10:48,22994.55,387675,585525,196.15,608625,485475,140.3,1306500,556800
17-02-2025 10:48,22991,385800,596550,195.8,604575,491025,141,1306275,563325
17-02-2025 10:48,22992.4,385200,594075,194.4,613875,495675,142.4,1315575,568125
17-02-2025 10:48,22990.8,390675,594750,196.4,622800,493950,140.3,1317375,573000
17-02-2025 10:48,22994.15,389775,592650,195,627225,501150,140.85,1323675,577875
17-02-2025 10:48,22997.15,390375,593025,197.55,627300,505125,139.3,1317375,581700
17-02-2025 10:49,22992.35,393225,598275,196.2,636600,507675,140.55,1305450,585375
17-02-2025 10:49,22990,383100,600075,194.85,628425,515100,142.1,1317825,579075
17-02-2025 10:49,22986.2,386625,599250,193.75,612975,515325,143.2,1330575,576300
17-02-2025 10:49,22992.35,391125,596775,195.6,618375,514725,141.25,1332300,581025
17-02-2025 10:49,22990.15,390825,599775,196.1,619950,512400,141.75,1337175,586800
17-02-2025 10:49,22989.65,390600,605400,197.55,619575,514125,140.6,1337850,589050
17-02-2025 10:50,22994.1,393375,601350,197.65,628425,513225,140.8,1334325,592800
17-02-2025 10:50,22983,387150,603000,193.1,626400,518775,142.9,1341000,596400
17-02-2025 10:50,22988.9,390900,601575,197.15,614175,520275,140.45,1340475,598350
17-02-2025 10:50,22992.7,394650,597300,199.75,622200,517350,139.6,1333200,602400
17-02-2025 10:50,22995,399000,601050,200.55,624450,492975,139,1339050,611625
17-02-2025 10:50,23006.5,400650,597600,204.8,636975,488175,136.55,1330875,620850
17-02-2025 10:51,22998.05,394275,602025,201,636600,471075,139.9,1306500,618225
17-02-2025 10:51,22995.5,389775,610425,196.85,621675,483375,142.15,1319475,614250
17-02-2025 10:51,22992,389700,611625,195.8,621825,492150,142.75,1333950,615900
17-02-2025 10:51,22990.2,389175,613275,193.75,612225,497700,142.95,1339200,605925
17-02-2025 10:51,22989.35,392625,605850,196.65,614475,496350,141.7,1318275,582825
17-02-2025 10:51,22988,391050,608175,191.95,614175,507450,145.4,1327050,600225
17-02-2025 10:52,22984.75,391500,611325,194.55,614325,519075,143.3,1328400,603900
17-02-2025 10:52,22989.3,399150,607200,196.25,619950,523800,142.35,1335225,612900
17-02-2025 10:52,22997.1,402825,603675,198.9,624975,527475,140,1331775,618975
17-02-2025 10:52,23001.45,396975,593775,206.35,630375,480825,135.15,1309425,624825
17-02-2025 10:52,23000.9,396300,593700,205.65,630600,458475,137.15,1292925,615375
17-02-2025 10:52,23008.35,393600,587175,207.8,642675,454050,136.5,1302300,619800
17-02-2025 10:53,23003.45,395325,606075,206.4,643350,451275,136.9,1307850,622200
17-02-2025 10:53,23003.95,395250,606525,205.8,635775,462825,136.45,1316325,626550
17-02-2025 10:53,23002.55,397950,606150,205.05,644625,472200,136.2,1307100,629925
17-02-2025 10:53,23002.7,389700,610650,201.4,645150,483150,138.7,1328400,633975
17-02-2025 10:53,23005.15,400875,612600,202.7,700950,489300,136.05,1328100,630600
17-02-2025 10:53,22995.8,419175,609600,199.8,706950,488850,140.35,1326150,630525
17-02-2025 10:54,22998.5,398100,613125,203.45,714975,491700,137.2,1332750,628200
17-02-2025 10:54,23001.35,400575,612750,201.5,721350,496575,138.45,1331625,639600
17-02-2025 10:54,22998.05,393750,616500,200.95,718650,509325,139.2,1351125,642600
17-02-2025 10:54,22995,389625,617625,199.1,771075,512850,140.3,1349175,653325
17-02-2025 10:54,22993,392325,615975,197.85,867900,515775,141,1347750,655350
17-02-2025 10:54,22996.35,399075,619350,201.25,880575,521550,138.25,1343100,651375
17-02-2025 10:55,22996.45,399975,613875,200.1,890025,510375,139.6,1347450,657675
17-02-2025 10:55,23004.9,400800,613575,201.5,888075,515700,138.25,1351800,662325
17-02-2025 10:55,22997.85,399600,612225,201.05,893250,514200,138.65,1343025,664950
17-02-2025 10:55,23001.55,398325,612975,201.45,899850,515175,139,1349850,665475
17-02-2025 10:55,22996,392325,621150,197.9,895950,517725,141.25,1352325,663225
17-02-2025 10:55,22994,388425,619350,195.55,881550,522375,143,1363425,655125
17-02-2025 10:56,22995,393750,616650,199.4,873900,525000,140.55,1360125,651825
17-02-2025 10:56,22991,401400,620100,195.5,871725,521100,143.35,1382400,653475
17-02-2025 10:56,22987.55,394050,612300,193.15,860250,525150,143.05,1391700,641100
17-02-2025 10:56,22988.4,395775,621900,192.3,859725,517800,144.25,1380375,652725
17-02-2025 10:56,22987.35,393450,620475,193.9,858825,520050,143.2,1376025,645450
17-02-2025 10:56,22985.35,397650,625725,195.6,841950,515625,141.45,1365450,634650
17-02-2025 10:57,22987.35,397350,619575,191.35,852150,514125,145,1363575,647400
17-02-2025 10:57,22987.4,393300,621000,194.65,850575,507825,142.15,1371975,637425
17-02-2025 10:57,22981.25,390975,623475,188.3,827700,515100,147.3,1399725,634875
17-02-2025 10:57,22969.1,382725,625125,185.75,824325,512475,149.9,1420725,606600
17-02-2025 10:57,22977,393750,621750,189.75,805425,508575,148,1392525,562050
17-02-2025 10:57,22975.05,392850,623175,185.1,822300,514650,150.25,1375425,572250
17-02-2025 10:58,22972.05,391500,622125,183.5,635025,515475,152.5,1402350,566400
17-02-2025 10:58,22960.9,381900,623475,181.9,591000,517350,154.25,1427700,554625
17-02-2025 10:58,22965,385950,619800,182.35,586500,513975,152.85,1429500,563100
17-02-2025 10:58,22963.7,390150,615450,181.5,581850,514275,153.8,1431975,564900
17-02-2025 10:58,22961.95,392100,618225,179.3,560925,511275,155.55,1421025,552975
17-02-2025 10:58,22963.1,393750,620025,176.5,572025,512850,156.1,1420350,537375
17-02-2025 10:59,22956.3,379875,621375,174.25,561375,510225,158.95,1416600,510300
17-02-2025 10:59,22950,380475,632550,170,546450,521175,161.7,1399275,506025
17-02-2025 10:59,22957,393300,632700,175.6,540300,518775,158,1411425,489375
17-02-2025 10:59,22958.1,391650,626100,176.45,549825,499800,156.5,1381200,507600
17-02-2025 10:59,22965,392850,625875,179.4,554475,501750,154.5,1371450,519750
17-02-2025 10:59,22965.05,394350,624675,180.95,560550,491175,152,1338975,532500
17-02-2025 11:00,22960.55,396825,620175,178.25,567525,488325,155.25,1346850,540750
17-02-2025 11:00,22968.2,392775,591600,181.65,566250,495900,151.85,1356750,556500
17-02-2025 11:00,22976,402900,612375,184.75,579075,485700,149.2,1352625,563475
17-02-2025 11:00,22968.95,396375,622275,183,578325,487200,150.95,1329075,561750
17-02-2025 11:00,22970,397125,624075,182.65,591150,496275,152.25,1346100,570375
17-02-2025 11:00,22974.8,403500,617700,184.2,602175,499875,150.15,1348200,582075
17-02-2025 11:01,22974,397125,619950,184.4,605175,495900,150.15,1346400,584025
17-02-2025 11:01,22976,396150,616350,187.5,610575,488325,148.3,1346625,585375
17-02-2025 11:01,22978.15,394725,614850,187.6,610950,488550,148.65,1344600,586725
17-02-2025 11:01,22974.35,389850,625800,183.85,612075,496575,151.6,1349850,585675
17-02-2025 11:01,22975.35,393300,629850,185.55,597525,502500,150.7,1361100,578325
17-02-2025 11:01,22967.1,392550,626775,184.3,597300,509100,151.55,1364475,574050
17-02-2025 11:02,22966.25,387300,629400,183.6,600675,515175,153.05,1371900,581550
17-02-2025 11:02,22970.6,398850,621225,187.3,599325,512625,150.15,1373400,589650
17-02-2025 11:02,22974.1,409125,621975,186.35,602325,502650,151.5,1358475,594450
17-02-2025 11:02,22972.8,399825,625500,184.7,602625,504675,152.5,1363950,594675
17-02-2025 11:02,22971.3,396075,628725,184.65,598050,510975,152.65,1369800,592800
17-02-2025 11:02,22966.4,396225,627225,182.55,599025,514725,153.5,1372800,592575
17-02-2025 11:03,22962,400200,634350,180.65,601950,516000,154.8,1376100,594300
17-02-2025 11:03,22955.55,393150,633825,179.15,581250,521700,157.55,1377000,578625
17-02-2025 11:03,22953.3,396600,634875,175.95,569400,519675,158.95,1390350,568875
17-02-2025 11:03,22953.05,400050,633675,178,574200,518175,157,1386150,570150
17-02-2025 11:03,22953.3,400650,625125,175.15,575550,519975,159.6,1380525,562575
17-02-2025 11:03,22947.9,388500,628800,171,574500,520275,163.3,1407525,556650
17-02-2025 11:04,22952.75,398025,623400,175.9,555675,516150,158.6,1397850,542850
17-02-2025 11:04,22956.85,402300,623025,176,571125,515325,158.6,1387425,554175
17-02-2025 11:04,22946.2,403200,629100,174.3,568875,528450,160.7,1394400,551325
17-02-2025 11:04,22947.65,399525,631425,171.5,568875,530100,162.35,1392375,550800
17-02-2025 11:04,22946.55,403350,630000,171.55,575325,529425,161.35,1396575,550200
17-02-2025 11:04,22945,403425,632700,171.45,571350,533550,161.45,1402575,553350
17-02-2025 11:05,22943.35,397575,632400,168.4,569025,548625,163.1,1397025,550425
17-02-2025 11:05,22940.05,391800,628350,167.85,574350,548475,164.5,1396650,539925
17-02-2025 11:05,22939.6,379950,630375,166.1,563850,552450,166.3,1408800,534075
17-02-2025 11:05,22938,394050,632025,166.35,548400,547650,166.6,1389300,470250
17-02-2025 11:05,22931.5,381000,634500,160.65,545925,561525,168.85,1395450,475950
17-02-2025 11:05,22928,381825,631500,156.15,524475,555975,172.9,1388925,473775
17-02-2025 11:06,22930,390450,630150,161.9,520875,563850,169.9,1402275,479175
17-02-2025 11:06,22934.4,390000,628875,162.9,535425,523125,166.8,1373850,490575
17-02-2025 11:06,22936.05,396300,629400,163.25,541875,530625,163.3,1359450,495150
17-02-2025 11:06,22938,404400,617550,167.6,552525,522900,162,1331250,507450
17-02-2025 11:06,22944.7,412500,624675,166.9,563175,525450,163.45,1325550,518325
17-02-2025 11:06,22944,398850,626025,168.7,559050,536025,161.05,1326975,512400
17-02-2025 11:07,22949.1,399300,624900,168.5,567000,528450,159.5,1332075,523350
17-02-2025 11:07,22949.35,395325,626475,168.75,575925,529875,159.15,1312575,527175
17-02-2025 11:07,22944.6,392475,627975,164.95,573075,537075,163.7,1321050,529350
17-02-2025 11:07,22941.1,393150,626475,166.25,572025,543900,162.7,1333350,546300
17-02-2025 11:07,22938.6,395400,632700,163.25,574050,552600,165.3,1335000,551400
17-02-2025 11:07,22936.1,393750,630075,162.1,559275,556500,165.9,1335750,534675
17-02-2025 11:08,22939.25,392625,635100,164,555300,553350,163.85,1338825,529050
17-02-2025 11:08,22943.05,398850,629250,166,551625,558525,163.05,1333950,539775
17-02-2025 11:08,22935.15,392100,637275,160,548550,564825,168.05,1343175,536775
17-02-2025 11:08,22935,392775,636375,161.15,552525,571425,166.45,1345425,536175
17-02-2025 11:08,22931.55,395850,632175,158.7,555600,574800,168.45,1354425,537825
17-02-2025 11:08,22925.3,383625,628725,156.55,546375,581625,171.25,1359300,530100
17-02-2025 11:09,22927.85,392625,634800,156.7,543900,575625,172,1402575,517500
17-02-2025 11:09,22926,392625,632775,156.2,548625,574950,173.05,1361400,519975
17-02-2025 11:09,22925.9,396525,635850,157.1,556950,569400,171,1356225,525900
17-02-2025 11:09,22928.45,396600,633225,157.45,560850,575550,170.95,1349775,525225
17-02-2025 11:09,22926.8,398175,625800,157.7,565500,573600,170.45,1351125,530025
17-02-2025 11:09,22925.3,398400,636600,155.25,567150,576600,173.3,1349925,529200
17-02-2025 11:10,22926.9,393075,630375,156.05,553350,580125,171.75,1349100,520950
17-02-2025 11:10,22924,396900,637650,157.15,558000,575025,171.1,1343700,533700
17-02-2025 11:10,22924.95,393825,639825,154.15,558150,588225,171.2,1342950,534675
17-02-2025 11:10,22925.55,395775,638925,153.75,558975,592800,171,1348425,540675
17-02-2025 11:10,22924.1,394575,644325,153.6,554550,596175,171.25,1343325,544650
17-02-2025 11:10,22920,395175,638175,153.55,568200,592650,171,1341150,545700
17-02-2025 11:11,22925.75,405600,635700,156.95,582000,590625,167,1329450,551625
17-02-2025 11:11,22926.75,407325,625200,157.8,594675,576000,166.1,1316100,566475
17-02-2025 11:11,22925.3,392250,630600,154.2,593175,576525,171.05,1331100,554175
17-02-2025 11:11,22929.05,400425,639000,156.15,584325,583875,168.6,1333950,544200
17-02-2025 11:11,22932.2,404625,623250,157.1,588225,585675,167.7,1331025,552225
17-02-2025 11:11,22926.15,402375,633375,154.75,592275,590250,170.3,1329225,554025
17-02-2025 11:12,22915.5,390000,638850,149,585825,601800,177.2,1334775,533550
17-02-2025 11:12,22894,350400,634200,139.4,528225,599700,187.9,1353750,458625
17-02-2025 11:12,22891,372150,639525,139.55,496800,600225,188.35,1343700,356775
17-02-2025 11:12,22893.25,368625,634350,142.45,506550,590775,192.5,1314975,359025
17-02-2025 11:12,22887.5,372075,636225,141.3,511800,590025,191.8,1295850,352950
17-02-2025 11:12,22891,378375,629925,141.3,513900,593925,191.45,1278225,364050
17-02-2025 11:13,22892.4,374700,630525,140.5,540450,597225,191.85,1268925,374175
17-02-2025 11:13,22888.2,374700,634500,138.85,539250,609075,193.45,1271175,380325
17-02-2025 11:13,22880.4,376125,632475,134.5,537900,613275,197.75,1276725,378150
17-02-2025 11:13,22884.3,381825,628200,138.25,530025,602175,193.25,1274175,368850
17-02-2025 11:13,22888.4,382875,629325,138.15,538350,600375,193.2,1269075,371550
17-02-2025 11:13,22887.35,383475,636075,140.8,555300,604800,190.8,1272600,376725
17-02-2025 11:14,22896.2,385650,636075,142.3,564525,594975,184.7,1263600,383850
17-02-2025 11:14,22900.1,385875,631800,142.15,568050,590100,184.7,1239600,384150
17-02-2025 11:14,22898,391050,651225,143.3,570225,606000,184.35,1243875,383700
17-02-2025 11:14,22896.2,390075,642750,141.15,567000,608700,188.25,1246200,384300
17-02-2025 11:14,22895,391125,644175,141.35,558300,616125,188.2,1248750,388950
17-02-2025 11:14,22890.05,382725,648675,137.8,549000,620325,192.65,1256025,382275
17-02-2025 11:15,22883.4,384750,646575,139.05,547350,613350,191.55,1257750,387075
17-02-2025 11:15,22887.2,391275,652800,137.75,555975,618225,192.8,1251825,390150
17-02-2025 11:15,22881.2,384450,653175,137.35,549600,617400,192.9,1258200,387300
17-02-2025 11:15,22885,389175,653775,137.7,556050,621000,192.85,1264650,393300
17-02-2025 11:15,22889.75,400050,643575,142.15,571275,616875,187.55,1256850,398175
17-02-2025 11:15,22890.35,391575,651825,141.75,578775,616800,189.2,1246500,404400
17-02-2025 11:16,22895.05,394200,651225,142.8,591750,619650,187.05,1250850,408375
17-02-2025 11:16,22893.8,386025,651600,141,600375,622800,190.5,1255275,413925
17-02-2025 11:16,22895,390375,646200,142.8,601425,622425,188.15,1256025,409950
17-02-2025 11:16,22894.25,393525,653325,142.8,607575,628125,188.9,1252650,412350
17-02-2025 11:16,22889.2,394650,644475,138.55,607350,630075,192.4,1254075,412125
17-02-2025 11:16,22887.6,390000,646500,139.35,597075,634125,191.85,1255875,402300
17-02-2025 11:17,22888.6,397500,644325,140.7,593925,634125,189.8,1260450,403575
17-02-2025 11:17,22889.85,396825,648075,139.95,600150,635250,191.2,1254975,434775
17-02-2025 11:17,22893.75,392925,644700,140.9,605400,637725,189.65,1263375,406125
17-02-2025 11:17,22893.75,392175,648675,139.75,615075,643275,191.4,1265100,409875
17-02-2025 11:17,22888.85,390150,647475,138.45,610650,635775,192.4,1268925,408300
17-02-2025 11:17,22890.4,395025,647850,138.85,604950,638700,192,1273875,403575
17-02-2025 11:18,22886.95,397575,644850,139.45,601500,640650,190.5,1273575,394875
17-02-2025 11:18,22895,399450,645375,141.9,611100,640050,188.25,1271850,398250
17-02-2025 11:18,22895.35,402000,644100,142.45,618300,623175,187.85,1251075,400800
17-02-2025 11:18,22896.2,403275,638025,141.6,617550,625875,189.15,1252050,399975
17-02-2025 11:18,22899,402525,641700,141.75,615900,625125,189.2,1256250,396300
17-02-2025 11:18,0,0,0,142.05,627900,627675,187.2,1259025,402150
17-02-2025 11:19,22895.65,398775,655200,140.5,629625,640275,189.7,1261650,400875
17-02-2025 11:19,22886.45,399450,668700,137.5,620025,641025,193.05,1264500,406125
17-02-2025 11:19,22889.7,403125,664500,140.35,611175,642975,189.4,1264425,394125
17-02-2025 11:19,22892.25,402600,666375,140.4,625350,647925,189.6,1261650,395550
17-02-2025 11:19,22892.25,399375,668025,138.85,625125,649500,191.3,1263600,397725
17-02-2025 11:19,22886.15,398625,673725,136.7,626325,653625,194.7,1268625,396450
17-02-2025 11:20,22882,394800,670725,135.8,579675,648600,197.65,1264950,375150
17-02-2025 11:20,22882,395400,673425,135.8,585975,669750,196.85,1262325,373800
17-02-2025 11:20,22886,389400,671925,137.75,590250,672600,193.5,1262625,368475
17-02-2025 11:20,22887.85,396825,667275,140.7,600975,645750,189.15,1258275,335250
17-02-2025 11:20,22890.3,398850,667950,140.9,604650,644700,191.05,1248975,337875
17-02-2025 11:20,22893.6,393450,665550,142.85,610800,642450,187.8,1246275,342375
17-02-2025 11:21,22892.35,389850,670725,141.25,606975,633900,190,1245450,346950
17-02-2025 11:21,22894.85,388725,671550,141.5,599550,637875,190.55,1248075,347775
17-02-2025 11:21,22899.65,391800,667800,143.6,605175,643425,187.35,1251150,355125
17-02-2025 11:21,22900.25,395925,670425,145.35,615150,633750,185.05,1242150,356325
17-02-2025 11:21,22901.75,395775,662700,143.45,615750,633525,185.25,1237425,353175
17-02-2025 11:21,22903,396075,658275,144.3,615300,640200,184.2,1240650,351975
17-02-2025 11:22,22895,392925,663450,141.45,618975,650325,189.55,1245450,355125
17-02-2025 11:22,22890.75,391875,664800,139.3,596925,656625,191.05,1252350,343275
17-02-2025 11:22,22899.95,396525,664875,141.85,602100,662175,187.3,1249500,347475
17-02-2025 11:22,22897.3,397050,662775,142.9,613050,666150,186.25,1249500,348600
17-02-2025 11:22,22895.15,396825,669975,140,616875,685500,189.05,1251450,351300
17-02-2025 11:22,22894.75,394650,668775,139.7,602400,687675,189.95,1256775,348000
17-02-2025 11:23,22890,394275,665475,137.65,600300,692850,191.4,1262100,350775
17-02-2025 11:23,22889.05,394200,669750,140.45,597975,688125,187.1,1258050,352575
17-02-2025 11:23,22899.55,400125,656100,141.1,602775,678600,186.75,1245750,351150
17-02-2025 11:23,22900,396000,666750,142,616050,682725,185.7,1247475,356175
17-02-2025 11:23,22902,400950,662850,143,621600,677625,183.6,1251150,358350
17-02-2025 11:23,22904,400050,663375,143.75,627075,677175,182.45,1241475,360375
17-02-2025 11:24,22905,400200,665550,144.1,619950,678900,181.7,1234800,360000
17-02-2025 11:24,22910,398925,664725,146.3,628350,679725,177.35,1233975,365325
17-02-2025 11:24,22910,395775,664800,143.05,639150,651825,181.85,1207800,362550
17-02-2025 11:24,22913,402900,664275,146.55,619500,644700,177.75,1197450,364500
17-02-2025 11:24,22913,398850,662625,146.4,622125,659625,177.95,1209300,372300
17-02-2025 11:24,22917.1,402300,665400,147.95,636975,656775,175,1202700,371700
17-02-2025 11:25,22915.25,401550,661875,149.3,644625,631275,177.15,1194600,372825
17-02-2025 11:25,22915,396300,667200,148.3,648150,638100,177.2,1201425,377700
17-02-2025 11:25,22910.05,400875,671250,146.7,632850,640725,178.7,1207650,377925
17-02-2025 11:25,22911.2,399225,669300,147.7,635550,643425,177.35,1209900,370875
17-02-2025 11:25,22915,399375,667275,148.65,639225,646575,175.05,1212750,374625
17-02-2025 11:25,22916,397725,660300,152,643800,611925,171.35,1203375,395850
17-02-2025 11:26,22919.3,397275,668925,149.5,650550,617625,174.55,1201350,395925
17-02-2025 11:26,22910,395175,672300,145.8,633675,635775,178.5,1218600,376500
17-02-2025 11:26,22909.55,397575,671850,146.4,622950,635625,177.95,1240575,373425
17-02-2025 11:26,0,0,0,146.55,617100,645525,178,1237050,373650
17-02-2025 11:26,22915,400425,669375,146.4,618300,634950,178.25,1233900,376875
17-02-2025 11:26,22916.65,406050,662100,149.7,625350,634425,174.6,1230225,385350
17-02-2025 11:27,22917,403575,663000,150,624150,628500,173.5,1228275,382125
17-02-2025 11:27,22922.2,404925,664650,152,626850,629475,171.35,1228125,385950
17-02-2025 11:27,22924.05,403650,661425,152.25,629550,628950,171.5,1229325,383100
17-02-2025 11:27,22920,403500,675975,149.6,619575,630675,174.6,1229100,379800
17-02-2025 11:27,22918.35,399375,670950,150.2,610200,638250,173.75,1235850,379200
17-02-2025 11:27,22917.15,408750,673350,151.4,616275,638625,172.05,1229250,379950
17-02-2025 11:28,22924.1,410025,667950,153.7,624225,639825,169.4,1226475,384150
17-02-2025 11:28,22919.95,401250,672225,150.65,619800,643425,173.3,1225725,380925
17-02-2025 11:28,22920,406125,676350,150.55,615150,650475,173.55,1235550,381900
17-02-2025 11:28,0,0,0,150.6,628425,651525,172.75,1230975,383550
17-02-2025 11:28,22916,401100,678825,148.15,626325,655575,174.15,1233825,381075
17-02-2025 11:28,22916.15,399225,680400,147.25,610800,654900,175.35,1232925,385650
17-02-2025 11:29,22915.2,401775,682950,148.9,607875,654000,173.8,1221675,377550
17-02-2025 11:29,22906.2,399000,685350,144.35,600225,659400,179.15,1223475,371625
17-02-2025 11:29,22908.05,401100,687675,144.75,589200,660150,179,1222650,371175
17-02-2025 11:29,22910,403200,682575,146.6,594975,654000,176.95,1225800,370500
17-02-2025 11:29,22915,407025,682500,149,595500,659475,174.15,1228200,375075
17-02-2025 11:29,22916.55,402225,687450,147.25,598125,653850,176,1216200,379125
17-02-2025 11:30,22914.6,409875,687900,148.8,600675,659400,173.85,1219875,378750
17-02-2025 11:30,22911.5,401700,685425,146.45,599250,666150,175.4,1222650,385275
17-02-2025 11:30,22914,407025,686400,147.6,615450,672000,173.05,1228875,394200
17-02-2025 11:30,22925,407250,676650,151.8,627750,666450,169.15,1229775,396300
17-02-2025 11:30,22922,407625,681750,150.25,620925,652800,171.1,1210275,394650
17-02-2025 11:30,22925,408900,678900,153.2,623475,658050,167.8,1212675,397725
17-02-2025 11:31,22928.75,408225,668175,155.55,637050,633225,166.9,1215375,399900
17-02-2025 11:31,22928.75,385125,672450,153.3,635475,624450,169.2,1215375,396675
17-02-2025 11:31,22929.1,407250,673275,153.95,635550,624525,168.65,1219575,391725
17-02-2025 11:31,22922,402525,680175,150.95,635475,629325,171.9,1223850,392625
17-02-2025 11:31,22920.05,406500,680400,149.95,621000,632925,173.35,1226325,390525
17-02-2025 11:31,22922,407100,677025,152.2,611625,634425,170.65,1225650,388350
17-02-2025 11:32,22924.5,406725,670275,153.65,619200,635775,169.1,1226325,393450
17-02-2025 11:32,22922.2,407700,674025,151.35,613950,640650,171.4,1231275,392700
17-02-2025 11:32,22922.6,404550,675675,150.95,611325,643500,171.6,1233075,390900
17-02-2025 11:32,22915,396600,682050,147.3,607800,656625,175.25,1243725,390825
17-02-2025 11:32,22912.65,400875,677700,146.9,598575,677250,175.9,1247850,383325
17-02-2025 11:32,22912.95,401625,678825,148.5,609600,664050,174.55,1253400,387525
17-02-2025 11:33,22910.75,404475,685725,147.7,615675,657600,175.65,1242225,392775
17-02-2025 11:33,22915.75,403425,683925,148.3,621375,657450,174.3,1242900,400650
17-02-2025 11:33,22920,405600,680400,148.55,627300,659625,174.55,1244100,406650
17-02-2025 11:33,22923,409725,665025,152.45,634425,657225,169.5,1243500,410550
17-02-2025 11:33,22925.75,410025,672975,154.2,626925,654150,167.3,1232100,408075
17-02-2025 11:33,22926.2,406050,679950,153.65,632475,651000,169.1,1238325,412500
17-02-2025 11:34,22929,403725,677625,153.5,627150,647400,169.15,1241250,409725
17-02-2025 11:34,22930,408450,671475,156.5,633150,639150,164.9,1241850,412200
17-02-2025 11:34,22929.65,405825,677250,154.35,631350,670575,167.05,1232550,412575
17-02-2025 11:34,22925.5,397725,675225,151.55,622950,667950,170.2,1242000,399225
17-02-2025 11:34,22921,402300,679125,149.6,621675,676425,172.5,1249500,401850
17-02-2025 11:34,22922.95,410475,681225,151.65,619650,679350,169.8,1248150,402600
17-02-2025 11:35,22921.2,408450,678075,151.55,622050,695850,169.2,1247250,404475
17-02-2025 11:35,22926.95,403800,676725,151.6,625425,699675,169.55,1250625,405300
17-02-2025 11:35,22922,404325,680850,149.6,625650,702675,170.5,1252875,403350
17-02-2025 11:35,22922,405075,683025,149.85,630075,700500,170.45,1260450,410625
17-02-2025 11:35,22925,407925,680475,150.95,636825,695475,168.05,1260150,413100
17-02-2025 11:35,22924.05,407175,681300,151.65,635025,670725,168.25,1256325,413775
17-02-2025 11:36,22920.95,407250,681150,149,638925,670050,170.35,1245900,410175
17-02-2025 11:36,22915,399000,683625,146.85,621075,673800,172.3,1250025,406725
17-02-2025 11:36,22915.25,401475,683100,144.95,606975,679425,174.05,1251825,403650
17-02-2025 11:36,22918.15,402750,683550,146.2,608625,678225,172.95,1242075,412350
17-02-2025 11:36,22913,401475,688050,144.1,609600,684975,174.75,1247325,412050
17-02-2025 11:36,22905.1,400050,685350,140.1,591225,687150,179,1250100,401325
17-02-2025 11:37,22902.4,403500,679650,142.1,567300,682950,179.2,1255725,365850
17-02-2025 11:37,22902.4,398400,679875,142.05,577500,679800,182.2,1257375,369150
17-02-2025 11:37,22903,402675,682875,142.6,585300,676350,182.2,1260900,377925
17-02-2025 11:37,22903,402150,680025,143.95,599025,683250,180.8,1255575,388275
17-02-2025 11:37,22900,395325,684450,141.6,600525,686700,182.2,1257825,399075
17-02-2025 11:37,22903,400575,683625,142.35,608925,692625,180.4,1256925,403050
17-02-2025 11:38,22910.4,406950,677925,147,617325,684975,174.25,1245675,408450
17-02-2025 11:38,22912.65,409425,675150,148.55,620700,677025,173.3,1235175,410700
17-02-2025 11:38,22914,410850,680550,147.25,625350,678450,175.7,1238925,410250
17-02-2025 11:38,22913,404325,682500,146.85,623175,690900,176,1240275,401850
17-02-2025 11:38,22911,409350,675900,147.85,620250,692025,174.85,1240500,404775
17-02-2025 11:38,22912.9,410550,683925,146,620025,684525,176.45,1241100,406125
17-02-2025 11:39,22909.95,408825,680775,146.5,619200,694275,174.9,1243500,407325
17-02-2025 11:39,22909.7,408975,684600,145.8,618450,695025,176.8,1245525,409650
17-02-2025 11:39,22909.4,404100,686400,144.5,615150,703500,178.05,1249575,403650
17-02-2025 11:39,22910,403050,683400,145.7,617700,699525,176.8,1248975,405000
17-02-2025 11:39,22915.05,404250,683625,146,627375,693000,176.8,1254525,407925
17-02-2025 11:39,22905,403650,688275,143,624750,697500,179.8,1257975,410775
17-02-2025 11:40,22905.25,404175,688275,145.2,627975,697950,177.1,1255500,408750
17-02-2025 11:40,22905.95,406875,684600,145.8,631500,697275,177.5,1256475,411975
17-02-2025 11:40,22910,407325,681675,146.4,636525,694350,177,1256475,415800
17-02-2025 11:40,22910,405300,682125,147.2,637725,689700,176.4,1261200,416625
17-02-2025 11:40,22915,410475,679950,148.45,643650,691725,174.75,1264200,417075
17-02-2025 11:40,22920,412275,677850,151.7,640575,688875,170.75,1260000,419250
17-02-2025 11:41,22926.5,411750,672525,156.45,637725,662550,167.05,1235625,418275
17-02-2025 11:41,22920.1,409350,682650,153,625275,647325,171.25,1237875,426075
17-02-2025 11:41,22928.9,413925,661350,157.55,617775,652800,165.9,1242000,421875
17-02-2025 11:41,22929,411900,674775,155.25,625350,650100,167.6,1239750,427275
17-02-2025 11:41,22930,410775,675675,155.35,625950,654300,167.75,1244625,426600
17-02-2025 11:41,22927.05,405975,680250,154.25,623475,659025,169.1,1255800,425250
17-02-2025 11:42,22920.55,404175,682950,150.9,616350,665175,172,1260600,420600
17-02-2025 11:42,22915.05,404475,684375,150.6,611100,671175,172.1,1265025,417225
17-02-2025 11:42,22920,409350,678450,152.25,617775,669450,170.85,1263300,423300
17-02-2025 11:42,22922,408675,673875,154.15,620850,667650,168.75,1264575,428475
17-02-2025 11:42,22929.35,407025,680400,154.75,628425,661950,168.5,1258725,430200
17-02-2025 11:42,22930,408825,677850,156.05,638850,662925,167.1,1255650,432225
17-02-2025 11:43,22934.65,408600,679050,157.45,638025,670350,166,1255650,429300
17-02-2025 11:43,22932.1,406800,674400,156.2,644175,624975,168.4,1221525,427500
17-02-2025 11:43,22935.05,409350,676050,158.45,653550,625725,164.95,1226700,432900
17-02-2025 11:43,22931.7,401925,680475,156.45,662850,631725,167.25,1232700,434850
17-02-2025 11:43,22930,406725,687375,154.4,654975,642000,166.5,1238025,436050
17-02-2025 11:43,22930,405525,678150,156.65,654900,628575,165.45,1244325,441825
17-02-2025 11:44,22926,404325,691575,153.8,654300,629925,168.15,1246425,445350
17-02-2025 11:44,0,0,0,154.4,652875,630750,167.7,1241100,444975
17-02-2025 11:44,22930,407175,687525,154.35,647700,637350,167.3,1245150,440025
17-02-2025 11:44,22936.5,408600,677625,159.5,661050,629775,163.05,1236225,442950
17-02-2025 11:44,22938.95,407400,678300,159.7,655050,624000,161.75,1237125,444225
17-02-2025 11:44,22943.6,408375,673350,164.1,664350,599025,160.1,1215750,442950
17-02-2025 11:45,22942,404700,678375,161.8,667275,588525,162.6,1221300,445200
17-02-2025 11:45,22945,412350,668850,164.2,668100,596100,159.6,1220700,443850
17-02-2025 11:45,22948,410325,669075,164.75,676950,575925,159.05,1217175,442500
17-02-2025 11:45,22950,419925,667950,167.55,689325,578700,156.75,1219050,443400
17-02-2025 11:45,22953,410550,664725,166.7,679200,574200,156.95,1223400,442575
17-02-2025 11:45,22947,405900,669150,166.4,682500,590025,157.95,1232175,446100
17-02-2025 11:46,22947,409800,667725,165.05,693375,599100,158.4,1255800,447825
17-02-2025 11:46,22953.05,409950,666525,167.4,707625,598800,154.7,1254750,450450
17-02-2025 11:46,22948.25,411225,670275,166.95,712650,594000,155.75,1239600,453975
17-02-2025 11:46,22950.15,417150,670200,167.2,716700,605175,155,1239750,453900
17-02-2025 11:46,22950.75,412275,670350,167.5,720975,598650,154.3,1244400,460650
17-02-2025 11:46,22954,414150,675825,166.25,724650,607575,156,1233975,460500
17-02-2025 11:47,22948.2,411600,677100,164.9,723600,632025,157,1242450,457425
17-02-2025 11:47,22941.8,410025,679425,162.75,688800,637950,159,1250925,449850
17-02-2025 11:47,22936.95,409650,683475,160.3,677550,639750,160.6,1259775,448650
17-02-2025 11:47,22939.95,411000,602100,160.6,664275,642075,160.95,1265625,444150
17-02-2025 11:47,22940,413700,681225,162.85,652650,635925,159,1256250,451200
17-02-2025 11:47,22937,410625,677325,160.65,661650,640425,160,1262625,461625
17-02-2025 11:48,22940,409350,681900,159.55,656175,656625,160.75,1285875,462375
17-02-2025 11:48,22944,411525,679875,161.1,660075,656025,159,1282275,465450
17-02-2025 11:48,22939,410325,678525,159.75,673050,655725,160.65,1284900,463725
17-02-2025 11:48,22938.85,407625,684450,158.65,661275,661125,161.45,1283775,461700
17-02-2025 11:48,22941.7,415350,681375,163.55,671325,657600,157.7,1281300,477600
17-02-2025 11:48,22947.3,416925,674925,164.25,672825,637200,157.05,1255725,476475
17-02-2025 11:49,22945,418875,675225,163.35,668925,625050,158.5,1253550,478725
17-02-2025 11:49,22947.95,420075,670950,166.05,671850,632625,156.55,1268325,483075
17-02-2025 11:49,22949.85,410775,682200,168.15,678675,640800,155.2,1307175,484125
17-02-2025 11:49,22948,415950,678750,165.5,690825,629625,158,1304250,486375
17-02-2025 11:49,22945.7,418800,686100,166.7,684975,626850,158,1319325,490200
17-02-2025 11:49,22940,418500,683250,166,694275,684075,157.9,1328400,493350
17-02-2025 11:50,22938,408225,686025,162.95,690675,695250,160,1332300,489825
17-02-2025 11:50,22937,398250,689925,158.5,661500,698700,164.85,1335600,462450
17-02-2025 11:50,22935.3,408525,690600,156.5,653850,695400,167,1334100,461625
17-02-2025 11:50,22930.35,412725,689325,158,636600,697950,164.9,1330575,438150
17-02-2025 11:50,22927.45,412575,687675,155.2,626925,653700,167.05,1324950,439875
17-02-2025 11:50,22920,403500,688275,152.6,627900,652125,168.5,1323375,431775
17-02-2025 11:51,22930,417600,681225,155.4,633600,651225,165.8,1316325,435825
17-02-2025 11:51,22930,413025,685125,155.65,625800,647325,164.75,1312425,442350
17-02-2025 11:51,22930,411000,680025,154,656625,657225,166.6,1320300,445950
17-02-2025 11:51,22930,419400,680325,156.05,662175,661125,164.35,1318575,445425
17-02-2025 11:51,22934.95,416700,676275,157.85,649875,656175,161.65,1313475,456225
17-02-2025 11:51,0,0,0,158.65,653025,658125,161.4,1309350,457500
17-02-2025 11:52,22933.6,407175,680175,156,655050,670725,163.75,1311075,457875
17-02-2025 11:52,22932.95,407250,683250,156.75,647175,678675,163.1,1310925,453750
17-02-2025 11:52,22933,413550,680250,156.85,652275,680850,162.55,1308750,461250
17-02-2025 11:52,0,0,0,156.15,656550,684075,163.8,1313175,462075
17-02-2025 11:52,22931.7,389925,662175,154.55,650400,686325,165.2,1320000,456825
17-02-2025 11:52,22932.5,415500,679875,156.3,645900,687825,163.2,1318725,455850
17-02-2025 11:53,22933.95,414750,679050,158.8,650250,677775,161.2,1315350,455700
17-02-2025 11:53,22935.05,412950,680250,158.7,651675,677550,161.25,1316550,457425
17-02-2025 11:53,22938.6,415200,686175,158.1,650475,686925,161.1,1314975,461250
17-02-2025 11:53,22940,414375,675975,160.5,655350,685125,158.45,1317375,465525
17-02-2025 11:53,22941.55,420675,679425,162.4,658500,677925,157.15,1310400,470925
17-02-2025 11:53,22939.2,401850,683400,157.5,657675,669525,162,1316850,468825
17-02-2025 11:54,22935.1,416400,678750,156.1,641100,675825,163.35,1315500,464475
17-02-2025 11:54,22938,414375,687225,158,642150,687150,162.15,1320450,464100
17-02-2025 11:54,22940,417675,682875,159.3,645975,683475,160.65,1323150,470700
17-02-2025 11:54,22939.4,416400,684450,158.8,646125,694500,161.55,1326075,470925
17-02-2025 11:54,22937.65,419400,689400,156.55,646500,696825,162.95,1333875,466050
17-02-2025 11:54,22938.75,415800,691875,157.95,644775,697500,161.7,1326975,464550
17-02-2025 11:55,22940,417225,687375,156.3,642825,699675,162.35,1332450,462300
17-02-2025 11:55,22939.1,417450,678975,158.05,640350,685500,161.5,1324950,464175
17-02-2025 11:55,22942,421125,685350,159.8,645825,681675,159.75,1330650,469200
17-02-2025 11:55,0,0,0,160.5,647550,685425,158.45,1328025,471825
17-02-2025 11:55,22944.1,421800,683475,160.6,648600,678450,158.8,1328700,471075
17-02-2025 11:55,22940,419175,681675,160.65,648375,683250,158.85,1336275,474150
17-02-2025 11:56,22944,425325,679125,160.7,649200,689025,158.05,1334175,471450
17-02-2025 11:56,22945,425550,675975,162.4,655800,673350,156.95,1327950,474000
17-02-2025 11:56,22937.6,416775,686850,159.05,651450,673800,160.25,1337100,472050
17-02-2025 11:56,22937,418200,689550,159.25,641775,684375,159.35,1342575,471525
17-02-2025 11:56,0,0,0,157.4,642675,683400,160.9,1341825,474300
17-02-2025 11:56,22936,413775,690075,155.25,641325,687750,163.1,1349850,471750
17-02-2025 11:57,22938.9,417750,691200,155.6,638400,687675,162.9,1348050,471750
17-02-2025 11:57,22942,421425,692850,158.4,647475,689175,159.35,1348500,475875
17-02-2025 11:57,22934.25,417000,685275,158.65,649200,686400,159.2,1347000,477150
17-02-2025 11:57,22941.1,419025,688275,159.15,650625,687600,158.9,1344375,476025
17-02-2025 11:57,22941.1,421425,686400,157.95,649500,705600,159.45,1347150,470550
17-02-2025 11:57,22944,419625,687750,159.7,656025,700275,157.9,1351125,485100
17-02-2025 11:58,22950,422100,650400,165.55,658125,684450,153.45,1337850,489525
17-02-2025 11:58,22944.55,422100,685125,160.75,658650,667500,158.15,1318125,486450
17-02-2025 11:58,22952.05,424275,681600,163.6,666750,672600,156.1,1320525,483600
17-02-2025 11:58,22949.5,422250,684750,162.55,673200,674775,156.45,1325400,485175
17-02-2025 11:58,22952.4,424725,681075,167.5,677250,675675,152.9,1322400,489900
17-02-2025 11:58,22952.3,424800,676800,167.1,684525,663075,153.3,1320075,492600
17-02-2025 11:59,22951.65,421650,680175,166.25,681075,664650,154.2,1329450,493875
17-02-2025 11:59,22948.6,421575,684450,164.5,670650,667200,155.25,1336725,490950
17-02-2025 11:59,22948.5,420450,684000,164.7,670800,677325,155,1340700,494175
17-02-2025 11:59,22950,419400,686550,164.4,678600,679725,155.3,1344900,497475
17-02-2025 11:59,22950,417225,689400,163,680400,680700,156.9,1352400,499125
17-02-2025 11:59,22950,419550,683175,165.6,687300,684600,154,1354425,501000
17-02-2025 12:00,22955.85,418725,682650,169.3,691650,684375,150.55,1350300,506325
17-02-2025 12:00,22969.05,423825,649050,175.8,697800,636450,144.9,1288050,510900
17-02-2025 12:00,22974.1,419925,649275,179.2,694950,550425,146.15,1271100,508950
17-02-2025 12:00,22974,424050,655425,181.05,698550,530850,146.55,1285050,506925
17-02-2025 12:00,22972.15,421500,666825,179.3,693975,524100,148.2,1299825,511950
17-02-2025 12:00,22971.4,418575,667875,176.7,691125,529575,148.2,1317225,508725
17-02-2025 12:01,22966.4,417600,667575,174.7,680850,538125,150,1349025,507000
17-02-2025 12:01,22955.2,422025,675525,169.35,660525,559125,154.15,1343175,500250
17-02-2025 12:01,22955.2,423375,677775,166.7,654900,575175,156.2,1348800,495975
17-02-2025 12:01,22956.1,417600,679125,167.6,625575,576600,155.4,1341675,480075
17-02-2025 12:01,22950.15,422700,679800,167.7,657900,584700,155.35,1332900,495075
17-02-2025 12:01,22951.2,418800,680400,165.25,661575,591525,157.15,1334025,493650
17-02-2025 12:02,22951,427425,675450,168.7,647850,594525,154.05,1335375,495150
17-02-2025 12:02,22950,419100,679200,166.3,661350,601350,155.7,1335300,498300
17-02-2025 12:02,22950,414000,679350,166.1,666150,603300,156.3,1339050,507225
17-02-2025 12:02,22945.5,412425,682425,160,661800,612975,159.6,1348200,504375
17-02-2025 12:02,22937.05,411225,686550,157.45,615225,612525,162.6,1360725,480300
17-02-2025 12:02,22934,412950,687525,158.8,610125,612525,162.95,1366500,469650
17-02-2025 12:03,22936.45,418650,692025,159.05,633900,603600,165.6,1363050,472875
17-02-2025 12:03,22936.35,419100,690825,157.7,634275,601500,164.85,1366500,465825
17-02-2025 12:03,22936,416250,693000,158.3,645450,613650,163.3,1362150,472125
17-02-2025 12:03,22939,420975,693225,160.4,659625,599250,160,1369275,484800
17-02-2025 12:03,22940.2,423000,685350,159.15,658350,605400,161.9,1349025,486375
17-02-2025 12:03,22943.6,421050,696375,161.95,680175,607800,159.65,1348350,493725
17-02-2025 12:04,22945,422250,690525,160.35,685650,609225,160.2,1351050,496125
17-02-2025 12:04,22943.35,421950,692925,162.95,694725,604275,157,1346325,504000
17-02-2025 12:04,22945,425925,688500,161.5,692850,611775,158.65,1343475,502125
17-02-2025 12:04,22942,417600,690975,160.15,689925,620850,159.6,1346850,502050
17-02-2025 12:04,22937.55,416850,687750,158.75,678375,627750,161.75,1355550,499275
17-02-2025 12:04,22940,423075,684600,159.65,687150,625875,159.85,1358700,503475
17-02-2025 12:05,22943.25,424125,693000,161.35,705900,626250,159.35,1360650,504900
17-02-2025 12:05,0,0,0,161.1,714750,631950,159.8,1363950,506025
17-02-2025 12:05,22942.25,418500,692100,158.25,711450,632175,162.5,1367325,510000
17-02-2025 12:05,22945.55,422925,685050,161.45,703950,629325,159.25,1369050,514275
17-02-2025 12:05,22941.65,424425,682125,163.85,705600,627975,156.5,1366425,522375
17-02-2025 12:05,22949.45,429375,688800,164.7,711225,611775,156,1356075,526650
17-02-2025 12:06,22949.7,421350,671700,163.4,716175,598200,156,1355325,527025
17-02-2025 12:06,22952.05,418125,674925,166.65,695925,599100,153.95,1346175,530775
17-02-2025 12:06,22951.1,419700,671100,166.1,699525,606975,154.85,1355100,532800
17-02-2025 12:06,22954,421500,675375,166.95,697125,613725,153.95,1360950,536325
17-02-2025 12:06,22949.7,416100,682800,162,697875,624675,158,1367475,531975
17-02-2025 12:06,22943.65,420300,677025,160.25,680400,629550,159.2,1374225,531375
17-02-2025 12:07,22935,407550,682275,155.75,665475,632775,164,1379175,519750
17-02-2025 12:07,22931.15,411525,681300,157,633300,629700,164.95,1376550,493425
17-02-2025 12:07,22931.7,416025,683700,156.25,628200,624750,165.5,1379775,474525
17-02-2025 12:07,22930,422400,680925,156.95,635250,624300,164.8,1368150,466350
17-02-2025 12:07,22930,417000,678075,156.5,655800,631650,164.9,1381800,469875
17-02-2025 12:07,22932.25,412200,685500,154.6,657975,642000,166.95,1386000,469500
17-02-2025 12:08,22916,398475,684225,148.3,629100,654375,173.1,1387725,463200
17-02-2025 12:08,22921.55,415875,674400,152.75,594225,653175,168.75,1389075,432150
17-02-2025 12:08,22924,416850,681075,153.3,605325,643875,167.4,1377150,449775
17-02-2025 12:08,22920.45,419250,685425,151.4,613575,648600,169.7,1378875,452475
17-02-2025 12:08,22920,415950,684900,150.85,617175,650325,169.6,1389075,452775
17-02-2025 12:08,22923.95,416850,678900,150.85,622050,651150,170.35,1383900,455175
17-02-2025 12:09,22927,415950,684300,153.4,632400,654375,166.6,1380975,463575
17-02-2025 12:09,22928.9,414150,644625,154.65,636300,645600,166.1,1374375,469425
17-02-2025 12:09,22926.6,412200,685125,153,635700,648000,169.45,1373175,466350
17-02-2025 12:09,22926.05,413550,680550,154.05,632625,649500,168.15,1375275,476625
17-02-2025 12:09,22927,418200,681450,155.75,637725,659250,164.75,1379850,484575
17-02-2025 12:09,22933,418650,682275,156.3,636000,658500,164.45,1367025,482400
17-02-2025 12:10,22928.8,416850,677100,155.25,633675,662175,165.95,1365750,484575
17-02-2025 12:10,22926.55,417975,673125,156.65,626700,666150,163.95,1370850,484725
17-02-2025 12:10,22926.1,413925,678450,155.35,630750,676725,165.45,1366125,483750
17-02-2025 12:10,22926.4,418725,678975,154.85,638175,679650,165.8,1366200,484500
17-02-2025 12:10,22926.4,419550,678900,155.6,641775,680625,165.25,1367175,482925
17-02-2025 12:10,22925,410250,681300,154.9,634500,685275,165.8,1372200,480975
17-02-2025 12:11,22925,415800,685650,153.05,632400,686100,166.45,1371300,487425
17-02-2025 12:11,22925,417675,679200,155.4,643275,688050,165.65,1372050,489675
17-02-2025 12:11,22930,416850,678750,156.85,645150,685350,163.6,1370325,489225
17-02-2025 12:11,22928.95,420600,684600,155,647850,678375,165.85,1367625,494325
17-02-2025 12:11,22927,412725,678525,154.75,650550,682725,166,1372425,491025
17-02-2025 12:11,22927,413325,679725,155,644775,682350,165.15,1375725,491850
17-02-2025 12:12,22926.5,411900,679050,153.4,650100,687300,166.65,1380900,490950
17-02-2025 12:12,22921,412425,685275,150.6,644775,694425,170.1,1387725,481050
17-02-2025 12:12,22921.2,411525,685575,152,645975,676350,168.8,1385025,470700
17-02-2025 12:12,22922,414150,685875,152.85,650250,675225,168.15,1385250,476775
17-02-2025 12:12,22920,413250,681975,150.75,651825,678075,170.45,1385925,478050
17-02-2025 12:12,22925.1,418425,678375,152.05,647700,680325,168.85,1386600,476025
17-02-2025 12:13,22925,416475,681900,154,656325,676050,166.6,1385400,478350
17-02-2025 12:13,22925,415875,677175,154,650250,674700,165.05,1383300,477525
17-02-2025 12:13,22923,412800,679950,151.85,644925,678750,168,1386450,478650
17-02-2025 12:13,22922,412650,681975,150,644250,680625,170.1,1387050,477525
17-02-2025 12:13,22915,410550,692325,146.95,639450,694650,172.45,1392225,473775
17-02-2025 12:13,22912.2,410250,685275,147.75,623100,696150,172,1395075,456000
17-02-2025 12:14,22915,410925,683475,147.8,618375,698625,172.2,1398150,450300
17-02-2025 12:14,22911,411900,682650,147.4,614175,696675,173.15,1383975,449175
17-02-2025 12:14,22909.15,414750,685275,145.75,625725,698325,174.15,1381650,454200
17-02-2025 12:14,22916,416775,675750,148.65,622500,695700,171.2,1383600,444075
17-02-2025 12:14,22912,414825,683550,146.9,623100,695775,173.4,1349700,447750
17-02-2025 12:14,22906.15,413100,682725,145.6,625950,699375,175.35,1331100,445875
17-02-2025 12:15,22912,415575,672450,147.5,619800,705525,173.3,1336125,444675
17-02-2025 12:15,22913.5,408600,677400,147.1,624375,707100,174.4,1328175,442500
17-02-2025 12:15,22911,412125,666375,148.1,635700,704925,172.9,1331400,444825
17-02-2025 12:15,22911.6,412350,682500,147.05,630825,706650,174.35,1336350,448500
17-02-2025 12:15,22908,405525,684600,145,630450,712275,177.15,1337475,447375
17-02-2025 12:15,22910.75,407775,684300,146.9,635550,712050,175.55,1336950,443175
17-02-2025 12:16,22908,407850,684675,145.2,639225,712725,177.7,1339350,445500
17-02-2025 12:16,22910.1,412425,678975,148.55,647025,712575,173.8,1343325,446625
17-02-2025 12:16,22909,413400,683250,147.5,648975,710100,174.25,1336500,452250
17-02-2025 12:16,22916.65,415500,677925,148.45,644625,711075,171.5,1336125,455625
17-02-2025 12:16,22912,409425,683700,147.8,645825,707325,173.55,1319250,459000
17-02-2025 12:16,22910,410100,681825,146.6,645375,713025,174.25,1321575,464550
17-02-2025 12:17,22914.4,410250,683700,147.55,645375,717450,174.3,1324575,463950
17-02-2025 12:17,22911,410925,680700,147.65,647625,713775,173.9,1326450,468600
17-02-2025 12:17,22912.6,411075,684150,148,653325,714525,174.25,1327050,469950
17-02-2025 12:17,0,0,0,146.3,649125,729825,175.4,1338225,471975
17-02-2025 12:17,22911,409350,680400,147.05,650100,730650,175.45,1337850,467175
17-02-2025 12:17,22908,405450,680925,144.3,649725,732750,177.1,1340700,468900
17-02-2025 12:18,22906.1,406200,681450,145.15,623250,733875,175.45,1339650,454575
17-02-2025 12:18,22908.15,410250,678750,146.95,627675,726375,173.8,1333050,438675
17-02-2025 12:18,22906,413625,681975,145.65,631650,731025,175.5,1329300,441450
17-02-2025 12:18,22907.25,410475,678150,145.7,634275,739200,176.75,1330800,445650
17-02-2025 12:18,22908,412575,673575,145.55,635625,742875,176,1332900,448875
17-02-2025 12:18,22906,412125,676650,145.5,639225,745650,176.6,1337025,451575
17-02-2025 12:19,22904.9,402975,676950,144.15,638400,749100,178.4,1339800,456000
17-02-2025 12:19,22901.35,404775,678075,142.35,635250,754425,179.5,1346025,442725
17-02-2025 12:19,22899.75,403650,679425,141.55,636000,756075,182.25,1353150,434250
17-02-2025 12:19,22893.15,409050,678300,140.6,628650,752925,182.7,1352175,414675
17-02-2025 12:19,22893,407175,678975,141.15,629925,745200,184.4,1342125,405825
17-02-2025 12:19,22899.3,409125,679725,142.35,613425,739200,180.3,1333275,409425
17-02-2025 12:20,22894.2,410175,677400,140.9,618450,737400,181.6,1327425,416175
17-02-2025 12:20,22894.45,412050,680250,140.05,622200,734850,182.9,1332075,417975
17-02-2025 12:20,22897.4,415350,679275,141.1,619650,733500,181.15,1331475,422475
17-02-2025 12:20,22893,410850,681825,140,620625,729150,183.3,1322175,423150
17-02-2025 12:20,22888.9,386175,682425,137.95,611850,735525,186.6,1329675,413400
17-02-2025 12:20,22890.9,400125,678375,138.4,606375,731325,186.45,1325475,391800
17-02-2025 12:21,22886.2,396750,679950,136.85,610125,727650,188.6,1324125,387975
17-02-2025 12:21,22885,402450,683025,138.25,607650,727125,187.75,1321425,367500
17-02-2025 12:21,22888.2,403500,686775,137.2,610950,729750,189,1318725,372375
17-02-2025 12:21,22887,399000,679950,136.85,609225,734700,188.8,1320750,368100
17-02-2025 12:21,22890,402900,678075,138.4,617250,735450,186.45,1316925,376275
17-02-2025 12:21,22895,404775,675150,139.5,621450,734400,183.8,1315500,382650
17-02-2025 12:22,22894.35,399075,679800,140.45,626250,725625,184.8,1300875,386100
17-02-2025 12:22,22894.3,404850,678225,139.95,625350,734775,185.95,1304250,391950
17-02-2025 12:22,22892,403500,681825,138.3,631275,738750,186.9,1296750,384075
17-02-2025 12:22,22888,399825,684750,137.3,637050,738600,189.25,1301475,386175
17-02-2025 12:22,22887.55,404325,681300,137.45,635850,736500,190,1302075,386400
17-02-2025 12:22,22882,398925,682050,136.25,634575,737250,194.25,1305450,372300
17-02-2025 12:23,22887.3,403425,681675,137,622800,741900,191.2,1299600,359250
17-02-2025 12:23,22893.45,410100,681600,138.6,620475,733650,187.5,1285350,363000
17-02-2025 12:23,22889,409425,680550,138.8,635775,737400,186.7,1282650,371025
17-02-2025 12:23,22894.8,412125,681825,139,645150,752325,186.75,1281675,377700
17-02-2025 12:23,22891.35,407925,683625,138.95,649875,753300,187.55,1279650,378675
17-02-2025 12:23,22891.9,409425,682500,139.75,650175,752925,185.1,1278825,380100
17-02-2025 12:24,22898.9,410250,681225,140.25,651825,735525,184,1274625,378225
17-02-2025 12:24,22893,405825,682875,138.85,669000,739500,186.7,1277550,379725
17-02-2025 12:24,22898,408825,684000,140.4,667425,738150,184.35,1274700,384900
17-02-2025 12:24,22900,413475,679125,141.15,672900,740250,182.85,1276800,388875
17-02-2025 12:24,22901.95,411000,678975,140.75,677775,727275,182.6,1271025,392400
17-02-2025 12:24,22904.25,407700,679425,142.1,677400,732600,181.45,1260600,390375
17-02-2025 12:25,22904.85,412950,680700,142.9,687600,740175,181.05,1258650,393375
17-02-2025 12:25,22902.35,415350,684675,141.4,697050,737475,182.7,1251150,396825
17-02-2025 12:25,22899.3,406950,682950,140.9,697275,749100,183.65,1256550,395400
17-02-2025 12:25,22903,411225,682425,142.65,701025,748875,181.2,1257150,394575
17-02-2025 12:25,22900,410400,682725,141.4,702375,750675,180.9,1260075,401325
17-02-2025 12:25,22904.75,413700,678225,143.65,704100,747600,179.3,1264800,401850
17-02-2025 12:26,22905,414375,677325,144,711825,732900,177.1,1250925,402825
17-02-2025 12:26,22909.55,411375,684825,143.05,716925,739125,179.95,1255650,399300
17-02-2025 12:26,22908.05,413625,686025,141.9,690675,740400,179.6,1259100,390600
17-02-2025 12:26,22905,412650,682350,142.6,697725,748425,180.05,1256400,392175
17-02-2025 12:26,22905.05,410100,681300,143.75,699825,750525,177.75,1254525,399000
17-02-2025 12:26,22906.65,415275,681150,144.05,705000,748125,176.95,1258050,400725
17-02-2025 12:27,22908.85,408675,684000,142.8,704400,750525,178.65,1256025,402525
17-02-2025 12:27,22907.95,414600,689550,143.4,710625,750525,177.2,1258200,400125
17-02-2025 12:27,22909.6,412575,683025,143.75,707175,759825,176.8,1260600,400725
17-02-2025 12:27,22909,407625,686850,143.1,704175,766350,178.1,1265475,397950
17-02-2025 12:27,22901.9,407475,689250,142.55,701175,773700,178,1271175,397575
17-02-2025 12:27,22901.9,408150,691650,140.25,694725,783900,181.65,1278675,395025
17-02-2025 12:28,22897.45,408525,687375,139.75,660525,786150,182.35,1281750,389175
17-02-2025 12:28,22901.5,414000,687825,141.9,669750,781650,179.15,1267725,394125
17-02-2025 12:28,22902,411675,690075,140.85,669000,784050,181,1267500,391200
17-02-2025 12:28,22902,414300,685275,142.8,667650,781875,178.8,1264275,399300
17-02-2025 12:28,22908,410475,688800,143.25,667575,782700,177.4,1262175,401250
17-02-2025 12:28,22905,414225,687975,143.8,671475,777750,176.45,1262100,400500
17-02-2025 12:29,22898.8,409950,685350,141.05,669600,788550,180.7,1263900,393900
17-02-2025 12:29,22901,411300,688350,142.05,672750,791550,178.5,1266075,398475
17-02-2025 12:29,22905,410625,692100,142.35,676200,790725,178.75,1268550,397500
17-02-2025 12:29,0,0,0,141.55,675975,795150,180.6,1266375,397050
17-02-2025 12:29,22907.65,413400,687600,142.2,680625,794550,179.8,1266750,399825
17-02-2025 12:29,22900.9,419100,689025,142.2,684375,788925,178.95,1269525,401475
17-02-2025 12:30,22902.7,441900,692850,141.65,680550,790275,179.65,1272150,399975
17-02-2025 12:30,22901.05,441075,688500,141.9,687525,784425,179,1272225,400125
17-02-2025 12:30,22900.25,453150,689475,141,679200,790650,180.8,1283700,399075
17-02-2025 12:30,22905.2,465075,683925,141.1,682725,790425,179.8,1275975,402000
17-02-2025 12:30,22902.3,470325,686775,141.6,686925,787125,180.45,1280475,404400
17-02-2025 12:30,22905.05,466650,689325,141.8,690075,789075,179.9,1275900,406500
17-02-2025 12:31,22907.35,472650,682500,147.15,696150,776625,174.25,1267125,406950
17-02-2025 12:31,22915.1,470100,687000,145.85,696000,713700,174.9,1252875,407025
17-02-2025 12:31,22899.4,465600,690000,140,690600,715125,183,1263075,399825
17-02-2025 12:31,22901.55,466950,696900,140.35,658200,718650,182.85,1260900,386250
17-02-2025 12:31,22908.4,469350,666075,143.35,680025,719850,178.2,1261950,381375
17-02-2025 12:31,22907.3,468375,691125,142,685050,728775,179.5,1263975,383625
17-02-2025 12:32,22907.3,474525,679875,146.2,695475,725025,174.25,1261500,387525
17-02-2025 12:32,22918.95,474075,691950,146.75,695100,717675,173.55,1260600,391725
17-02-2025 12:32,22913.3,461700,688200,146.05,690075,727725,174.65,1264875,394425
17-02-2025 12:32,22908.1,464475,696525,144.5,681375,737100,176.1,1262850,387750
17-02-2025 12:32,22917.05,468450,689175,146.75,674025,736350,173.25,1263675,387975
17-02-2025 12:32,22915.45,466275,692400,146.4,679200,739875,174,1279725,385650
17-02-2025 12:33,22918.2,468525,694575,146.1,683100,744000,174.15,1282050,389250
17-02-2025 12:33,22914.5,463725,691650,145.25,679875,743025,174.25,1286325,386925
17-02-2025 12:33,22907.05,466950,693075,144.5,677325,752325,176.4,1288950,389925
17-02-2025 12:33,22906.05,463350,691500,143.1,674700,754350,177.9,1293675,388425
17-02-2025 12:33,22904.8,461325,691200,141.5,670875,755250,181.15,1293825,385125
17-02-2025 12:33,22904.75,465600,695400,142.2,669225,757875,180.15,1293300,388350
17-02-2025 12:34,22900.2,470700,693075,143.7,670875,761700,178,1287600,393300
17-02-2025 12:34,22906.65,468375,693375,142.15,669900,761550,178.9,1278900,394275
17-02-2025 12:34,22900.2,462750,691800,140.4,668625,763275,180.35,1285575,393975
17-02-2025 12:34,22905.8,467700,690450,141.5,660450,763275,178.95,1282350,394725
17-02-2025 12:34,22904.2,468675,688725,142.85,668850,760275,174.95,1273950,397800
17-02-2025 12:34,22909.1,466350,686250,142.75,671025,763575,174.65,1275375,400950
17-02-2025 12:35,22906,463125,692475,141.9,664125,762525,176.25,1276575,405825
17-02-2025 12:35,22906,461400,687600,140.1,661500,770925,177.35,1284300,411000
17-02-2025 12:35,22905.55,465300,696750,140.1,663825,775725,178,1284525,413850
17-02-2025 12:35,22905.55,465300,697800,141.05,668700,776700,176.8,1281375,418125
17-02-2025 12:35,22897.45,460650,696825,138.4,666600,780750,180.6,1284675,414975
17-02-2025 12:35,22898.65,460575,696300,137.4,648675,780975,182.95,1282200,410925
17-02-2025 12:36,22895,461025,696075,138.1,641325,782925,181.75,1281900,395925
17-02-2025 12:36,22895,462000,692100,138.4,645375,780750,182.55,1277100,392550
17-02-2025 12:36,22892.85,460875,691875,135.95,658200,782250,185.7,1276275,393150
17-02-2025 12:36,22895,456975,693450,136.65,654525,781275,184.15,1284975,379800
17-02-2025 12:36,22895.95,462900,693225,136.15,656025,777900,185.4,1275825,383325
17-02-2025 12:36,22900.65,464175,693900,137.6,662775,777825,182.5,1278075,385425
17-02-2025 12:37,22900.65,468075,691350,140.3,673500,774000,178.55,1268550,396225
17-02-2025 12:37,22900.3,464400,687675,139.8,674625,768150,180.15,1258275,397950
17-02-2025 12:37,22900,461175,691275,139.4,674775,774075,181.45,1263000,402900
17-02-2025 12:37,22899.1,461475,694200,138.6,672150,781575,182.1,1268100,403425
17-02-2025 12:37,22895,462225,697050,136.85,674625,788775,184.55,1270050,405300
17-02-2025 12:37,22890.2,459225,693075,134.55,667725,793500,187.45,1271475,395475
17-02-2025 12:38,22888.4,458550,693900,135.7,627000,795075,184.7,1269600,382575
17-02-2025 12:38,22897,464850,689775,135.05,641475,788550,186.55,1265475,380700
17-02-2025 12:38,22895,466275,692625,135.95,659700,796650,184.3,1267650,384825
17-02-2025 12:38,22893.5,463425,689550,137.15,659925,799575,182.65,1268775,393525
17-02-2025 12:38,22897.95,463575,691950,136.9,666150,798900,182.8,1271400,398700
17-02-2025 12:38,22898,462825,692175,137.25,672225,797325,182.55,1272225,402675
17-02-2025 12:39,22900.5,467550,691350,136.1,663600,800175,183.3,1270875,404400
17-02-2025 12:39,22900.5,459900,691875,137.3,662175,798525,183.25,1270725,401925
17-02-2025 12:39,22891,455325,690825,135.2,651750,803175,184.55,1276500,401625
17-02-2025 12:39,22896.55,461400,691200,136.85,652800,804000,182.6,1281525,398700
17-02-2025 12:39,22899,466200,696375,138.6,657750,797925,180.2,1273350,403350
17-02-2025 12:39,22900,462675,694200,137.15,657150,792750,182.35,1269000,402900
17-02-2025 12:40,22901.65,462450,693450,138,662475,794250,181.8,1277700,405825
17-02-2025 12:40,22900.65,463725,694575,138,665850,798375,179.65,1279950,405000
17-02-2025 12:40,22900.4,466200,694275,139.65,662625,792900,177.65,1268025,409275
17-02-2025 12:40,22901,463200,692100,139.1,665325,783900,179.25,1266750,411000
17-02-2025 12:40,22904.9,464550,690600,139.5,663900,784650,178.5,1263525,411000
17-02-2025 12:40,22900.8,465300,689475,139.95,663000,784125,176.8,1264950,409275
17-02-2025 12:41,22906.2,469275,690600,141.75,669000,781800,174.85,1259625,409425
17-02-2025 12:41,22909.95,468525,694350,142.2,673650,776700,175.6,1252350,408600
17-02-2025 12:41,22913.9,465975,689175,143.9,665550,778275,173.5,1251750,414225
17-02-2025 12:41,22908.45,467550,687375,142.8,665400,760500,172.8,1251150,412575
17-02-2025 12:41,22914.4,467850,690075,145.8,667650,758475,168.9,1251675,416325
17-02-2025 12:41,22924.3,472350,684900,149.05,674925,738825,166.6,1213875,413775
17-02-2025 12:42,22922.6,465300,686250,147.05,662400,694500,169.2,1197900,402450
17-02-2025 12:42,22910.35,460200,696375,143.8,654750,711075,172.6,1202250,409200
17-02-2025 12:42,22918.95,465825,698625,146.2,660225,720000,169.85,1210575,412650
17-02-2025 12:42,22919,466800,691800,146.8,670725,723975,169.2,1208925,418200
17-02-2025 12:42,22918.6,465075,696975,145.2,670725,733950,170.7,1215075,417225
17-02-2025 12:42,22918.6,461925,698325,143.8,670950,737475,171.85,1226400,419400
17-02-2025 12:43,22911.45,463875,699900,143.1,665775,742125,172.9,1227900,411300
17-02-2025 12:43,22908.25,459750,697800,141.45,658425,745950,173.8,1226700,409200
17-02-2025 12:43,22904.25,460650,703125,142.3,650025,749850,173.4,1230300,409050
17-02-2025 12:43,22909.15,461850,692400,143.4,655650,745050,172.9,1230000,421500
17-02-2025 12:43,22913.1,466050,699150,144.2,663525,746775,171.4,1227075,421500
17-02-2025 12:43,22919,464625,694200,148.05,665775,747150,167.55,1224450,418350
17-02-2025 12:44,22924,463725,688500,148.05,667800,732000,169.8,1214175,418350
17-02-2025 12:44,22920.4,468150,697275,147.8,668850,737250,169.45,1227525,413700
17-02-2025 12:44,22920.35,465150,692475,149.1,675675,756600,168.05,1229175,419400
17-02-2025 12:44,22917.9,464625,697875,148.15,676575,755625,168.8,1224375,420075
17-02-2025 12:44,22921.9,467400,702975,147,683850,751050,168.1,1220025,419250
17-02-2025 12:44,22919.5,468000,701250,146.15,673575,754650,169.95,1229700,415425
17-02-2025 12:45,22923.95,467925,696075,148.4,674325,762375,167.9,1235025,426525
17-02-2025 12:45,22922.4,465900,699000,149,685500,754500,167.2,1234050,427725
17-02-2025 12:45,0,0,0,148.4,689775,754125,168.15,1235625,430650
17-02-2025 12:45,22925,465525,694725,150.25,688050,758625,166,1236675,434400
17-02-2025 12:45,22932.3,471225,690150,155.55,692850,725025,160.2,1235625,434325
17-02-2025 12:45,22931.3,466575,693375,151,674325,687600,164.35,1205775,427275
17-02-2025 12:46,22934.5,468975,687150,154.95,688650,693000,161.25,1210200,435150
17-02-2025 12:46,22931.65,459075,689325,154,698550,698175,161.25,1228950,435975
17-02-2025 12:46,22935,470100,682950,156.1,696825,700650,158.85,1233150,435000
17-02-2025 12:46,22939,470025,681075,158.25,712200,678600,157.55,1225050,434850
17-02-2025 12:46,22943.95,471075,683100,160.3,721275,656250,157.05,1210800,435150
17-02-2025 12:46,22946.65,469575,674400,164.9,719925,616050,155.05,1208025,439575
17-02-2025 12:47,22953.2,470625,663900,166.4,719850,597900,153.4,1202700,437550
17-02-2025 12:47,22953.2,467325,673575,170.15,699000,597450,151.2,1212000,433125
17-02-2025 12:47,22952.95,479175,678975,167,691200,582600,152.9,1228425,432675
17-02-2025 12:47,22940.3,456900,681150,161.95,681825,604125,156,1240950,430425
17-02-2025 12:47,22946,465075,676350,164.1,658275,609600,154.9,1254975,435150
17-02-2025 12:47,22942.4,468075,688725,159.7,674250,616725,158.4,1258125,437100
17-02-2025 12:48,22944.9,474975,689550,161.8,656925,618825,157.35,1264650,440250
17-02-2025 12:48,22939.15,464850,701025,158.4,654075,626625,159.25,1272450,443850
17-02-2025 12:48,22931.4,465450,700950,157.6,643125,671175,159.55,1277400,442350
17-02-2025 12:48,22936.25,468900,685050,157.1,639525,690975,159.75,1279800,442800
17-02-2025 12:48,22932.3,467325,688500,154,642675,699975,162,1285725,445575
17-02-2025 12:48,22927.95,471750,688725,153.25,631275,700575,163,1288125,428625
17-02-2025 12:49,22921.4,471375,692100,151.2,622125,702225,165.25,1291875,427950
17-02-2025 12:49,22923,468975,689025,150.9,618900,709200,164.95,1290525,405450
17-02-2025 12:49,22927.4,467400,690000,150,617925,708900,166.85,1283475,412125
17-02-2025 12:49,22922.45,469875,695700,150.15,626250,713475,166.5,1285500,420450
17-02-2025 12:49,22923,477375,684525,150.8,636525,716550,166,1279050,427950
17-02-2025 12:49,22923,474750,690825,151.3,640050,719550,164.4,1279800,431550
17-02-2025 12:50,22931,479250,688875,153.05,646575,717675,162,1275750,438600
17-02-2025 12:50,22935,476100,687450,155.35,657075,705825,161.3,1259775,439950
17-02-2025 12:50,22933.95,468000,689175,155.15,662925,704175,160.8,1265175,445200
17-02-2025 12:50,22935,476850,689625,156.4,661725,707400,159.65,1270875,443850
17-02-2025 12:50,22935,477375,690450,157.3,664350,712875,159,1278075,449700
17-02-2025 12:50,22940,476175,688950,158.65,667500,711075,158.55,1275375,451800
17-02-2025 12:51,22940.35,475650,690300,158.45,664425,708900,158.25,1271175,455475
17-02-2025 12:51,22938.9,472650,692700,159.7,663675,681675,156.95,1275300,457800
17-02-2025 12:51,22940,474600,686250,156.25,669150,679800,160,1278300,458775
17-02-2025 12:51,22940,475050,683625,159.3,681450,679725,157.5,1281150,464775
17-02-2025 12:51,22940,476250,687975,158.1,685050,670125,158.3,1280550,463125
17-02-2025 12:51,22943,476550,685650,160.55,691500,665025,156.45,1281750,467700
17-02-2025 12:52,22940,476700,688275,160,690450,654525,157.05,1284900,470550
17-02-2025 12:52,22946.7,477075,685800,162.5,695550,651525,154.75,1279950,476625
17-02-2025 12:52,22945.1,456075,689850,160.15,703500,645675,157,1262850,475725
17-02-2025 12:52,22943.75,472650,696225,159.75,686175,651600,156.65,1271400,477900
17-02-2025 12:52,22938.85,472800,701100,156.05,685425,660225,159.9,1277400,479550
17-02-2025 12:52,22938.05,474300,697275,156,672450,662400,160,1282125,474900
17-02-2025 12:53,22935.5,475425,695025,156.55,676425,664650,158.85,1286025,475425
17-02-2025 12:53,0,0,0,155.35,676575,669900,160,1301775,477975
17-02-2025 12:53,22939.95,472500,692775,156.6,676575,669450,158.45,1299000,478650
17-02-2025 12:53,22940,480975,691350,159.6,652650,668775,155.8,1294425,478950
17-02-2025 12:53,22940,478650,692100,159.65,654375,662775,155.4,1286175,481275
17-02-2025 12:53,22940,477675,696375,158.6,658500,667575,157.1,1286850,477600
17-02-2025 12:54,22935.9,479775,698175,157.4,654900,671925,158.5,1290000,479100
17-02-2025 12:54,22935,477450,700650,157.05,650100,679725,158.5,1295250,480750
17-02-2025 12:54,0,0,0,155.4,652200,687225,159.3,1296075,480750
17-02-2025 12:54,22934.8,477825,698175,156.9,640875,682950,159,1298550,473550
17-02-2025 12:54,22934.8,479325,703125,156.75,642300,685650,158.95,1296975,477600
17-02-2025 12:54,22931.9,475725,704250,154.5,641325,691575,161.4,1301325,476550
17-02-2025 12:55,22933,481350,703200,157.35,646200,691275,159.05,1300650,462450
17-02-2025 12:55,22938.1,481800,692100,159.15,657825,683700,156.85,1297200,471300
17-02-2025 12:55,22939,484050,695625,159,658950,680550,157.95,1296300,474225
17-02-2025 12:55,22938,474600,692475,160,666000,684525,157.5,1298475,475425
17-02-2025 12:55,22935.75,476325,701250,156.2,668250,678825,160.8,1300950,471600
17-02-2025 12:55,22931,475500,725775,157,658275,685275,159.95,1303275,464325
17-02-2025 12:56,22935,480450,729075,157.35,665850,687450,159.45,1302225,465825
17-02-2025 12:56,22937.1,479325,725400,158.75,668250,683475,157.9,1299525,469125
17-02-2025 12:56,22936.25,473700,727800,156.5,672675,694350,159.7,1300875,470025
17-02-2025 12:56,22936.9,479175,727050,159.35,672900,698100,157.5,1299825,470775
17-02-2025 12:56,22942.1,478575,726450,160.6,680550,690300,156.25,1297650,471825
17-02-2025 12:56,22944.55,479400,728775,160,684825,683475,156.9,1302075,472800
17-02-2025 12:57,22940.85,472125,723825,158.95,677925,683175,158.35,1301775,467850
17-02-2025 12:57,22938.95,470550,723450,157.4,675000,687975,159.3,1303950,469500
17-02-2025 12:57,22935,470550,730350,155.7,674775,699525,161,1308750,468750
17-02-2025 12:57,22936.35,477375,731550,156.95,664800,699975,159.85,1309200,466200
17-02-2025 12:57,22935.95,471000,726450,156.75,678375,705450,160.6,1306350,470550
17-02-2025 12:57,22938.35,478800,730200,157.35,682275,705975,159.95,1311825,473475
17-02-2025 12:58,22937,476325,728925,157.8,685575,707175,159.45,1313700,476325
17-02-2025 12:58,22938.95,476475,727800,158.6,688050,710100,158.25,1315050,478125
17-02-2025 12:58,22940.9,479400,721800,160,692400,703125,157.65,1310775,479925
17-02-2025 12:58,22944,479550,721500,162,697950,690675,155.8,1302000,480900
17-02-2025 12:58,22944.9,474000,726750,159.9,703725,675150,158.15,1305150,481200
17-02-2025 12:58,22943.9,480900,726375,161.8,691050,677550,157.25,1312200,477900
17-02-2025 12:59,22944,483150,724800,163.4,696300,678750,155.75,1315575,481050
17-02-2025 12:59,22944,485475,723750,162.9,697875,680100,156.6,1321500,481200
17-02-2025 12:59,22945,489600,725700,162.05,698250,684150,156.8,1329525,481050
17-02-2025 12:59,22947,483150,719100,164.3,695775,683175,156.3,1329525,481500
17-02-2025 12:59,22948,482475,712875,166.05,708525,656025,154.5,1313700,488025
17-02-2025 12:59,22947.55,482100,719100,165.75,711975,642075,154,1308375,486375
17-02-2025 13:00,22949.3,482775,721425,163.25,714600,642900,156,1306950,486150
17-02-2025 13:00,22950.35,481425,721200,164.45,694800,646425,154.2,1312350,489675
17-02-2025 13:00,22944.5,478725,724275,161.55,699450,661950,157.4,1320900,501000
17-02-2025 13:00,22944.6,478050,721125,162.55,678600,668175,156.7,1329075,488400
17-02-2025 13:00,22945.85,479850,720225,163.5,686550,667650,155.2,1328775,492075
17-02-2025 13:00,22946.25,481350,721200,165.1,695100,668625,154.3,1328700,493425
17-02-2025 13:01,22963.05,484275,707250,173.3,703275,667875,148.4,1321950,496575
17-02-2025 13:01,22969,481050,704025,178.2,717000,577125,147.45,1239150,493275
17-02-2025 13:01,22966,476850,692700,173.85,710625,535200,148.95,1267275,494400
17-02-2025 13:01,22969.6,472125,676200,176.55,695775,550800,148.4,1265775,497925
17-02-2025 13:01,22965.2,473850,678150,173.55,700650,571200,149.95,1287600,497925
17-02-2025 13:01,22959.3,466725,677775,169.05,684600,589050,153.55,1324425,505725
17-02-2025 13:02,22949.2,473250,684450,163.95,651525,588300,157.9,1322175,488025
17-02-2025 13:02,22937.5,475425,685575,160.9,637125,588675,160.55,1327200,472500
17-02-2025 13:02,22945.7,479250,685725,163,638325,583950,158.1,1327950,471750
17-02-2025 13:02,22948.25,484125,673125,166.05,667200,577275,156.3,1317975,486075
17-02-2025 13:02,22947,478275,679950,165.6,681900,578175,155.85,1295025,489075
17-02-2025 13:02,22948.8,482025,687975,163.15,689700,591225,156.7,1305675,490125
17-02-2025 13:03,22950,476025,717075,165,684750,596400,155.1,1307100,500625
17-02-2025 13:03,22949.4,484350,710775,166.9,685425,588450,153.05,1303200,502950
17-02-2025 13:03,22959,489000,716475,168.75,692475,578175,151.4,1307325,508050
17-02-2025 13:03,22956.95,485700,713250,170.3,697650,591075,152.25,1315725,509250
17-02-2025 13:03,22953.55,484050,719550,167.2,688425,597300,154.05,1320300,512700
17-02-2025 13:03,22950.05,483075,717750,165.1,679950,610875,155.25,1337325,508800
17-02-2025 13:04,22950.2,475425,718875,165.25,675450,617925,155.35,1354650,509175
17-02-2025 13:04,22948.2,481650,715200,163.95,675300,624375,156.9,1357725,513150
17-02-2025 13:04,22947.65,482325,723150,162.95,680700,627375,157.65,1355175,523950
17-02-2025 13:04,22944,477375,723525,164.45,680175,631200,156.55,1358700,516525
17-02-2025 13:04,22945.65,484275,718200,162.5,684300,636525,157.5,1358475,519225
17-02-2025 13:04,22943.65,479775,722925,160.85,686100,639375,158.1,1358175,520350
17-02-2025 13:05,22945,475650,720975,162.2,683475,640500,158,1366725,516750
17-02-2025 13:05,22948.5,480075,714975,164.4,689250,633450,156.9,1352775,520425
17-02-2025 13:05,22944.85,482700,717075,161.5,689625,640050,158.7,1354725,524175
17-02-2025 13:05,22943,480375,722250,161,683325,646425,158.95,1363125,520275
17-02-2025 13:05,22939.25,472350,722475,158.85,664200,648825,160,1361400,516300
17-02-2025 13:05,22943,501075,713325,162.5,663600,646650,158.15,1361550,507975
17-02-2025 13:06,22940.75,499350,721575,162.65,669600,643875,158.65,1353225,514875
17-02-2025 13:06,22942,502950,715500,164.4,672375,655125,158.1,1357500,517875
17-02-2025 13:06,22943.35,508650,714975,161.9,673500,652350,158.8,1357200,525225
17-02-2025 13:06,22943.9,500625,714375,162.3,672675,652575,158.8,1359300,528825
17-02-2025 13:06,22939.15,496200,720225,159.25,665250,658125,159.7,1366500,522675
17-02-2025 13:06,22936.9,494475,720075,158.2,663225,660000,161.05,1379175,522525
17-02-2025 13:07,22932.9,492900,715350,157.85,654525,663375,161.2,1381350,512400
17-02-2025 13:07,22934.3,480825,721200,159.05,661575,659700,160.75,1374825,519975
17-02-2025 13:07,22932.9,471525,719250,156.8,659550,662700,161.95,1366725,522525
17-02-2025 13:07,22932.25,478050,717000,156.85,653250,670575,161.1,1370025,518025
17-02-2025 13:07,22933.9,478200,718200,154.75,648900,677925,162.45,1371150,517800
17-02-2025 13:07,22933.75,481800,717675,157.85,648375,676425,160.1,1373325,513150
17-02-2025 13:08,22932.85,474975,720225,156.1,643575,671100,162.1,1361100,510000
17-02-2025 13:08,22935,484125,710325,157.8,658125,666975,160.6,1349700,513675
17-02-2025 13:08,22936.65,486000,716100,157.95,662250,660825,160.85,1342275,520575
17-02-2025 13:08,22937.45,481725,715950,159.15,657825,661725,159.65,1334625,518475
17-02-2025 13:08,22936.3,484275,716625,159,660525,661425,159.6,1337025,523950
17-02-2025 13:08,22937.45,483075,709875,160.55,666450,658275,158.45,1338975,528150
17-02-2025 13:09,22939.3,484200,718275,158.1,671175,662400,160.55,1341150,531000
17-02-2025 13:09,0,0,0,159.4,676800,661800,159.5,1342275,535275
17-02-2025 13:09,22937.15,478575,717600,156.9,678075,668100,161.25,1347750,533025
17-02-2025 13:09,22934.8,485925,722625,157.6,669225,664050,161,1352550,526350
17-02-2025 13:09,22935,483450,721125,157.8,671550,661800,160.15,1346025,524250
17-02-2025 13:09,22933.4,486225,723150,156.55,676425,654375,161,1343400,531225
17-02-2025 13:10,22936.4,485325,717750,156.75,672600,660675,160.85,1347450,531825
17-02-2025 13:10,22932.05,483225,721800,156.2,686175,667050,161.1,1344825,536100
17-02-2025 13:10,22929.5,478350,716475,154.8,683250,672000,162.1,1347000,531600
17-02-2025 13:10,22932.1,485625,722550,156.7,658875,668925,160,1354725,531000
17-02-2025 13:10,22929.5,481200,705150,156.35,659475,667575,161.05,1345500,534300
17-02-2025 13:10,22929.25,482100,719250,153.4,659025,676125,162.7,1347675,540900
17-02-2025 13:11,22930.5,480975,720075,153.25,653700,676800,162.7,1349025,537075
17-02-2025 13:11,22930.5,477900,723075,153.65,657075,675225,161.95,1353825,530325
17-02-2025 13:11,22930,479850,721050,153.5,659550,675525,162,1351425,533325
17-02-2025 13:11,0,0,0,154.05,665625,675000,161.85,1348350,536025
17-02-2025 13:11,22929.15,478725,720975,152.65,665475,681750,162.5,1356000,534525
17-02-2025 13:11,22929.15,482700,718350,152.9,665475,679575,162.4,1351875,530175
17-02-2025 13:12,22931.7,483150,715050,156.4,676650,672375,159.5,1346100,537525
17-02-2025 13:12,22944,489375,713325,159.6,672825,659700,156,1328850,543600
17-02-2025 13:12,22937.25,479700,716625,157.1,672075,638325,158.95,1292775,544050
17-02-2025 13:12,22935,483150,719550,156.5,661500,647925,159.85,1303500,544275
17-02-2025 13:12,22933.25,487725,719775,155.8,671100,652575,160.45,1309275,546300
17-02-2025 13:12,22931,481275,723000,152.8,669525,656700,162.25,1312200,547875
17-02-2025 13:13,22929.6,481650,721050,151.5,657300,658950,163.45,1317300,529425
17-02-2025 13:13,22921,480825,722100,148.15,637500,658800,166.8,1320300,518850
17-02-2025 13:13,22920,476475,720150,148.25,627450,666450,167.15,1325700,483000
17-02-2025 13:13,22917.7,480525,720525,149.2,633150,663000,166.55,1320750,489075
17-02-2025 13:13,22923,484800,718425,149.8,639450,669600,165.45,1322850,498300
17-02-2025 13:13,22921,484725,720225,148.5,645900,670575,166.7,1317225,503025
17-02-2025 13:14,22922.75,486750,711825,150.35,643575,672825,165.15,1322175,505425
17-02-2025 13:14,22922.95,483750,716925,149,648675,672750,165.85,1321725,510450
17-02-2025 13:14,22917.85,484575,717600,148.7,650025,676050,166.1,1328025,509925
17-02-2025 13:14,22921.45,489675,718650,147.8,655425,675825,166.65,1325025,513225
17-02-2025 13:14,22915.6,483975,716850,147.5,650700,678000,166.6,1324500,511050
17-02-2025 13:14,22921.7,490650,713625,146.9,647850,680625,166.45,1324275,509175
17-02-2025 13:15,22916.7,484500,717675,147.75,655350,681600,165.55,1317825,509925
17-02-2025 13:15,22920.1,481050,720000,147.1,650400,687075,165.5,1320900,511500
17-02-2025 13:15,22924.95,487425,716100,148.5,652200,679875,165.4,1317000,513150
17-02-2025 13:15,22924.9,484725,712275,150.95,658875,677400,162.35,1314675,515700
17-02-2025 13:15,22924.55,481350,721200,148,658275,678150,166,1313400,510975
17-02-2025 13:15,22921.75,486450,717075,150.35,666300,675675,163.45,1311525,513000
17-02-2025 13:16,22927.7,487500,718275,152.85,673200,677850,159.75,1314300,521700
17-02-2025 13:16,22926.6,487875,713925,149.4,670200,680550,164.2,1308900,522525
17-02-2025 13:16,22929.9,490125,714000,151.9,675825,674550,162.05,1308600,524550
17-02-2025 13:16,22921.75,480825,718800,148.55,664125,677625,164.45,1312875,519150
17-02-2025 13:16,22916.35,479100,720600,146.4,653175,678525,167.35,1319625,510825
17-02-2025 13:16,22920,479850,720450,146.5,646350,676950,167.5,1322550,496725
17-02-2025 13:17,22915.9,484425,719625,146.75,645975,676875,166.2,1324500,496725
17-02-2025 13:17,22920.5,480225,714525,147.5,640575,677475,166.5,1326450,492675
17-02-2025 13:17,22919.5,480750,719925,146.85,641100,683850,167.55,1326900,493650
17-02-2025 13:17,22922.55,481350,720450,148.5,649875,684675,165.05,1331475,498375
17-02-2025 13:17,22922.6,482325,719475,148,649950,686400,164.85,1315350,497100
17-02-2025 13:17,22922.15,482025,725025,148.1,652800,682275,165.65,1318125,503775
17-02-2025 13:18,22925,484725,724425,149.35,661425,691350,164,1323450,506325
17-02-2025 13:18,22925,485025,724050,150.2,657225,689775,163.3,1322250,508200
17-02-2025 13:18,22925.1,485850,722850,150.45,656025,688725,163.85,1323600,507075
17-02-2025 13:18,22925.05,483675,726375,149.85,653175,692475,165.05,1324200,508200
17-02-2025 13:18,22922,485250,726600,149.7,655500,694425,164.85,1322400,511725
17-02-2025 13:18,0,0,0,149.35,651525,697500,166,1327725,511350
17-02-2025 13:19,22923.75,484050,724500,149.65,655875,696150,164.7,1327275,509175
17-02-2025 13:19,22922,482775,724650,148.4,653925,691950,166.2,1324950,510975
17-02-2025 13:19,22919.55,481125,724950,146.6,653475,695400,167.55,1326450,509100
17-02-2025 13:19,0,0,0,147,653625,697950,167.4,1332450,504150
17-02-2025 13:19,22916.2,479400,727500,144.65,661125,701475,170.1,1336425,501150
17-02-2025 13:19,22921.6,480900,726225,145.9,648375,704175,168.25,1336500,469950
17-02-2025 13:20,22921.6,482175,728250,148,660975,694875,166.4,1326675,472200
17-02-2025 13:20,22919.55,480000,727500,146.5,663450,701850,167.45,1327425,471750
17-02-2025 13:20,0,0,0,145.7,663975,706425,169.15,1335675,477075
17-02-2025 13:20,22921.55,485475,724200,147.9,665775,705000,166.85,1334625,477675
17-02-2025 13:20,22916.05,480000,730875,146.2,656925,705525,168.65,1337925,483375
17-02-2025 13:20,0,0,0,145.6,660675,710700,168.8,1339950,488100
17-02-2025 13:21,22916.2,480525,725400,147.6,659700,713775,168.35,1343550,482550
17-02-2025 13:21,22918.3,483600,725850,147.8,662550,717825,165.95,1339650,487275
17-02-2025 13:21,22923.65,486900,724125,148.75,661800,724650,166.7,1335075,486150
17-02-2025 13:21,0,0,0,147.5,660825,721575,165.95,1334025,489825
17-02-2025 13:21,22923.8,482700,722475,148.05,664650,726075,166.75,1334250,490425
17-02-2025 13:21,0,0,0,148.4,666750,722400,165.85,1335450,491550
17-02-2025 13:22,22925,488550,721725,149.7,665925,723225,164.5,1333200,493800
17-02-2025 13:22,22921.15,485925,726600,149.35,670050,716325,165.3,1326750,495450
17-02-2025 13:22,22925,487500,719550,149.7,674775,714600,164.7,1323300,498450
17-02-2025 13:22,22929.85,487125,720675,151.55,668175,714450,162.3,1323525,499800
17-02-2025 13:22,22930,483075,720975,151.45,665550,706875,163.2,1317075,500625
17-02-2025 13:22,22926.7,485850,720450,151.9,667125,696150,162.4,1319325,502275
17-02-2025 13:23,22934.4,490425,719400,153.55,668175,670425,161.05,1313175,504675
17-02-2025 13:23,22941,487275,720000,156.15,671325,683175,157.75,1306650,497025
17-02-2025 13:23,22945.35,485850,723075,159.55,680925,657300,156.25,1291125,503550
17-02-2025 13:23,22945,489075,722250,159.9,679800,647325,155.85,1287375,503550
17-02-2025 13:23,22943.95,485400,725400,158.05,690075,652275,157.5,1291950,502650
17-02-2025 13:23,22944.35,485475,725400,159.7,678825,663600,155.8,1291500,506025
17-02-2025 13:24,22947.8,484575,722025,161,686400,663750,154.05,1294650,515325
17-02-2025 13:24,22945.55,485100,721125,160.35,685050,649650,153.75,1296000,505725
17-02-2025 13:24,22947.85,484875,720525,161.25,724575,652650,152.85,1296525,507375
17-02-2025 13:24,22950,488025,722025,162,735225,654075,151.65,1299375,509100
17-02-2025 13:24,22948,488925,726450,162.85,732900,643050,151.3,1302375,509775
17-02-2025 13:24,22950,488250,723675,161.3,707175,651975,152.85,1312875,509025
17-02-2025 13:25,22945,481650,725175,160.1,690750,657675,155,1326300,504225
17-02-2025 13:25,22950,487275,725025,162.5,686325,654150,152.45,1319625,508050
17-02-2025 13:25,22945.85,487125,725775,159.65,688575,640875,155.75,1321875,509250
17-02-2025 13:25,22949,487350,725775,162.25,684450,648000,153.45,1328550,511125
17-02-2025 13:25,22947.5,488100,725325,161.65,696225,650400,153.85,1324950,514575
17-02-2025 13:25,22949.55,484575,726000,161.5,694800,671475,154.55,1333500,514200
17-02-2025 13:26,22948.3,485850,727425,161.25,699300,673050,154.5,1336650,513225
17-02-2025 13:26,22948.85,490875,729375,161,697275,673725,154.8,1337325,516375
17-02-2025 13:26,22940.05,483225,726150,157.6,691200,680025,157.15,1338975,511125
17-02-2025 13:26,22938.9,484200,725250,157.05,660450,682800,157.95,1342725,506100
17-02-2025 13:26,22937.75,486600,727875,158.25,684975,677475,156.65,1340700,506475
17-02-2025 13:26,22939.75,485700,728550,156.8,685650,687600,158.4,1343700,508950
17-02-2025 13:27,22943.3,492300,724200,156.5,661275,690150,157.35,1347075,505575
17-02-2025 13:27,22937.35,487425,722850,158.15,654225,684750,156.55,1343175,508500
17-02-2025 13:27,22943.55,491475,727425,159.2,661950,686850,155.25,1345725,509550
17-02-2025 13:27,22940,488700,722100,159.2,663000,682125,155.45,1344600,509925
17-02-2025 13:27,22949,494025,720825,160.85,670800,682875,153.5,1347600,514875
17-02-2025 13:27,22947.5,483075,724050,162.8,671100,675975,155.1,1336200,516075
17-02-2025 13:28,22947.5,491100,723300,162.9,680100,659550,154.75,1334775,515025
17-02-2025 13:28,22951,493875,721650,165.9,682125,648525,150.45,1339875,519525
17-02-2025 13:28,22950,486375,720675,162.4,676275,660675,153.9,1322175,520275
17-02-2025 13:28,22950.05,490950,725475,163.25,673575,666375,152.95,1329075,526800
17-02-2025 13:28,22950.55,493050,716550,165.1,673875,661650,150.8,1331925,532050
17-02-2025 13:28,22950,492975,721725,164.3,674400,662025,151.3,1330725,531075
17-02-2025 13:29,22949,484950,721350,161.2,665325,676575,154.15,1335000,526275
17-02-2025 13:29,22946.65,491100,725775,161.65,664725,692700,152.8,1332975,529575
17-02-2025 13:29,22949,485850,724500,161.15,661050,698625,153.4,1342875,532425
17-02-2025 13:29,22946.7,488775,723675,162.65,668400,731400,152.35,1344600,542400
17-02-2025 13:29,22946.65,483600,726525,160.1,666900,731775,154.15,1344975,541125
17-02-2025 13:29,22946.85,483750,723750,160.45,652275,732525,153.9,1348725,542325
17-02-2025 13:30,22944.8,476325,693750,158.15,654825,736575,154.3,1349625,543075
17-02-2025 13:30,22939.75,484125,695700,157.7,649500,740475,154.65,1350300,549600
17-02-2025 13:30,22942.05,483975,693300,158.2,653775,737925,153.8,1353150,542550
17-02-2025 13:30,22944.8,484275,686625,160.45,661275,737625,153.1,1357575,543075
17-02-2025 13:30,22947.2,486225,692700,159.75,669600,739725,153.4,1359525,539925
17-02-2025 13:30,22947.2,480750,690225,161.6,682350,734775,152.1,1351875,543975
17-02-2025 13:31,22948.9,487800,689700,163.7,682650,735150,151,1346775,543375
17-02-2025 13:31,22947.75,480375,693375,161.8,680925,732825,152.65,1349025,544125
17-02-2025 13:31,22945.4,480225,695700,156.3,669000,736350,156.9,1353000,540525
17-02-2025 13:31,22939.1,483300,695175,159.6,660825,735075,154.75,1354125,528975
17-02-2025 13:31,22944.25,485025,695025,158.5,663525,750225,155.4,1364625,531225
17-02-2025 13:31,22940,487050,695625,158.5,678000,739650,155.7,1367700,534000
17-02-2025 13:32,22940,483600,693825,158.25,670200,709200,155.5,1369950,529875
17-02-2025 13:32,22937,486375,695100,157.9,672300,710625,156.5,1372650,529275
17-02-2025 13:32,22939.1,487200,689850,157.55,677775,714450,156.2,1371300,533925
17-02-2025 13:32,0,0,0,159.05,680775,711525,154.2,1366200,541350
17-02-2025 13:32,22943.8,488925,686550,159.25,683250,717300,154.2,1364850,546750
17-02-2025 13:32,22944,485025,685800,161,689700,716025,152.8,1359225,545250
17-02-2025 13:33,22947.5,488250,690450,161.45,690225,715275,153.45,1357350,546075
17-02-2025 13:33,22948,486600,683775,163.65,693675,697575,151.6,1354725,545850
17-02-2025 13:33,22949.3,486225,690450,164,692550,675975,151.65,1354650,542700
17-02-2025 13:33,0,0,0,163.9,684000,681900,151.35,1355625,541950
17-02-2025 13:33,22955,488175,684675,167.5,689025,685425,148.9,1355700,545850
17-02-2025 13:33,22971,486450,680775,179.1,705225,642300,142.15,1316250,553575
17-02-2025 13:34,22980.15,474750,643275,182.35,705450,552075,139.95,1240425,572400
17-02-2025 13:34,22980,484050,654225,187.55,695325,487725,140,1208325,554700
17-02-2025 13:34,22979.6,483150,649125,184.1,694125,463650,140.8,1225350,546825
17-02-2025 13:34,22983.15,485025,634800,187.75,695400,461175,141,1230075,560250
17-02-2025 13:34,22980,480600,636525,186.7,692775,474000,140.85,1257750,564975
17-02-2025 13:34,22995.4,488925,640800,190.9,694275,471675,137.1,1262175,575775
17-02-2025 13:35,22995,484350,619650,195.35,707250,420225,135.5,1247925,583575
17-02-2025 13:35,22990,477375,628575,192.55,695925,433575,138.25,1257825,582225
17-02-2025 13:35,22998.8,481350,630150,195.05,718800,442725,135.35,1268550,609450
17-02-2025 13:35,23004.6,483225,622050,199.5,712575,447675,133.4,1270125,600825
17-02-2025 13:35,22991.75,482175,631275,194.9,716400,405000,135.9,1270575,601200
17-02-2025 13:35,22989.25,484350,632850,190.5,723900,416400,137.1,1284150,607425
17-02-2025 13:36,22985.65,475650,632775,188.75,669675,430275,139.6,1301475,600675
17-02-2025 13:36,22984.4,485775,634725,189.6,677700,485025,139.1,1313850,588525
17-02-2025 13:36,22985,487875,631575,188.85,688050,438900,139.25,1309200,599775
17-02-2025 13:36,22984.35,479550,639525,189.05,700350,448275,139.1,1325475,588900
17-02-2025 13:36,22982,481650,641250,187.85,699225,457725,140.1,1327575,591450
17-02-2025 13:36,22980,484575,639975,186.25,675975,467925,141.2,1321800,604875
17-02-2025 13:37,22980.05,486375,639150,186.6,679275,468450,139.85,1338375,619425
17-02-2025 13:37,22980,480000,637875,185,683400,473025,140.75,1353075,628425
17-02-2025 13:37,22976.05,482250,635400,183.35,676875,473775,141.9,1354275,623400
17-02-2025 13:37,22976,484350,637200,183.95,674850,470325,140.85,1358625,621150
17-02-2025 13:37,22980.55,486975,640200,185.25,685050,470175,140.75,1351200,632700
17-02-2025 13:37,22983.95,490575,635850,190.4,705300,473850,137.65,1340400,640350
17-02-2025 13:38,22989,487950,629025,190.85,711375,450450,137,1327350,645450
17-02-2025 13:38,22994.55,491625,625650,197.35,706875,441675,134.3,1308225,647400
17-02-2025 13:38,22998.8,494400,621225,198.6,711900,439500,133.85,1302150,651000
17-02-2025 13:38,23000.1,481575,619875,197.9,709500,432000,134.5,1303500,650700
17-02-2025 13:38,23004.35,491175,622200,199.8,707475,439050,132.75,1298325,655950
17-02-2025 13:38,23003.15,488100,626625,199.1,702075,454425,132.35,1309425,651675
17-02-2025 13:39,22996.15,495075,624450,198.35,688950,461700,133.15,1317225,649125
17-02-2025 13:39,23000.5,495075,626250,201.55,682050,461775,131.2,1329825,649725
17-02-2025 13:39,23017,488475,621900,208.85,683250,458700,126.55,1310325,656925
17-02-2025 13:39,23014.25,488400,621750,206,689475,374550,130.45,1240275,654825
17-02-2025 13:39,23006.3,484950,621075,202.6,676350,401400,130.7,1248375,664425
17-02-2025 13:39,23003.3,482700,627600,200,665175,405075,131.65,1300650,663825
17-02-2025 13:40,23003.75,488100,625875,198.55,654825,417300,132.8,1299900,658650
17-02-2025 13:40,23006.8,487725,619575,201.45,669000,423825,129.8,1273200,670500
17-02-2025 13:40,23008.9,494025,621750,202.85,671400,427800,128.5,1258875,674700
17-02-2025 13:40,23012,497100,616350,203.8,686025,425175,128.2,1264950,676050
17-02-2025 13:40,23008,489300,624375,202.8,695925,420150,128.75,1281300,672150
17-02-2025 13:40,23007,486300,624150,202.75,690975,422925,128.8,1280325,667950
17-02-2025 13:41,23012,492300,624300,203.75,699975,428025,127.9,1292025,670050
17-02-2025 13:41,23013,493650,623400,204.7,702675,429300,127.6,1291425,670200
17-02-2025 13:41,23037.15,505050,623400,210.55,710325,434625,124,1296600,671250
17-02-2025 13:41,23040,523650,583800,222.95,730800,359025,119.55,1232775,668700
17-02-2025 13:41,23033.95,507000,590175,218.1,723900,303300,121.8,1138275,665175
17-02-2025 13:41,23035.8,517800,594750,221.85,707850,317475,121.55,1161900,659700
17-02-2025 13:42,23039.1,517200,593100,224.2,705225,311850,119.7,1146450,656700
17-02-2025 13:42,23033.5,510825,599250,219.25,697575,323550,122.3,1158225,651525
17-02-2025 13:42,23038,516900,600300,222.4,687375,323325,119.95,1159575,657075
17-02-2025 13:42,23038,511275,601650,222.4,702075,331650,119.05,1153650,662175
17-02-2025 13:42,23041,518325,600375,224,706800,331950,118.55,1159575,674550
17-02-2025 13:42,23040,511650,604050,223.9,706350,339675,118.5,1163325,673725
17-02-2025 13:43,23040,508650,600975,222.45,702600,330975,119.5,1171125,676500
17-02-2025 13:43,23041.1,512325,597375,224.75,702450,338925,118.8,1177125,681225
17-02-2025 13:43,23038.45,509100,606150,221.85,705450,333300,119.6,1187325,684750
17-02-2025 13:43,23040.65,517275,603000,223.55,696225,338625,118.35,1193100,691650
17-02-2025 13:43,23042.9,517125,604500,224.7,698175,340350,117.7,1189500,696525
17-02-2025 13:43,23042.95,510525,603975,227.7,692775,337875,117.65,1195050,694725
17-02-2025 13:44,23042,514575,600375,225.45,693225,330600,117.35,1211175,689850
17-02-2025 13:44,23048.85,516000,601650,229,690300,336300,115.35,1208100,695475
17-02-2025 13:44,23044.6,506100,597675,223.55,692025,321375,117.9,1190250,690750
17-02-2025 13:44,23036,484800,601575,216.6,671250,333750,120.55,1205625,677700
17-02-2025 13:44,23031,494925,602775,215.55,642375,339075,121.4,1217400,662400
17-02-2025 13:44,23030,500475,604050,216.15,634425,339450,122.35,1223625,671325
17-02-2025 13:45,23028.1,504525,601500,213.45,629625,342300,122.1,1231500,659250
17-02-2025 13:45,23040,513300,602400,220.6,652875,339825,118,1215300,682800
17-02-2025 13:45,23030.15,495000,607950,215.65,656625,339300,121.8,1205775,688650
17-02-2025 13:45,23025,499650,614025,212.4,639525,340950,123.3,1217475,679200
17-02-2025 13:45,23025,497850,615825,210.8,642750,345900,123.85,1246050,679050
17-02-2025 13:45,23015.1,491775,613950,206,626700,353775,126.6,1274475,681825
17-02-2025 13:46,23015.1,494550,617850,208.3,616500,358950,126.05,1282050,673950
17-02-2025 13:46,23011.15,499875,615750,206.35,625350,352500,127.45,1286175,682725
17-02-2025 13:46,22997.9,460350,615450,195.1,618525,356625,133.3,1289775,668175
17-02-2025 13:46,23005.55,489300,608700,202.05,584775,350175,128.35,1273200,661800
17-02-2025 13:46,23009,497175,613125,202.5,589875,345225,129,1255125,685650
17-02-2025 13:46,23006,496725,617475,199.65,601875,356325,130.85,1277025,690975
17-02-2025 13:47,23008,492375,616275,201.8,596250,359625,128.9,1278750,696225
17-02-2025 13:47,23016.7,499275,608700,205.75,609525,355950,126.35,1268025,714000
17-02-2025 13:47,23014.4,498375,614025,205,608400,368025,127,1255275,718950
17-02-2025 13:47,23011,492900,617100,204,618600,371325,128,1259550,725475
17-02-2025 13:47,23012.35,498525,613950,202.55,617550,388425,128.95,1275300,734325
17-02-2025 13:47,23011.9,498300,616125,203,613950,392475,128.25,1280100,732000
17-02-2025 13:48,23016.6,503250,610275,203.3,625950,387825,127.6,1268475,741600
17-02-2025 13:48,23013.7,496725,618150,204.25,624075,391800,127.5,1280175,748875
17-02-2025 13:48,23014,497550,614925,203.8,623700,394500,127.5,1270425,751575
17-02-2025 13:48,23011.05,495900,617025,203.7,628650,397575,127.35,1271850,762900
17-02-2025 13:48,23012,493650,617850,200,623250,405075,128.9,1289025,755850
17-02-2025 13:48,23012.5,496275,619125,204.15,617775,405000,126.2,1289775,756450
17-02-2025 13:49,23012.6,504225,620250,204,619875,405825,126.65,1280925,756000
17-02-2025 13:49,23015,462450,618675,203.3,625950,402375,126.6,1278900,768975
17-02-2025 13:49,23019,499725,621600,204.1,633300,406125,126.25,1282725,764100
17-02-2025 13:49,23016.7,497850,620775,205.4,639225,406275,125.45,1273800,767175
17-02-2025 13:49,23016.65,499500,623925,204.85,641475,408000,126.6,1285725,773400
17-02-2025 13:49,23020.35,506775,615150,207.1,642525,407625,124.55,1287300,780075
17-02-2025 13:50,23024.95,499200,613350,209.25,651600,389850,123.55,1260375,786225
17-02-2025 13:50,23018.15,501975,618075,207.55,646125,401700,125,1270950,780300
17-02-2025 13:50,23024,497775,615225,209,650700,402600,123.8,1275375,783450
17-02-2025 13:50,23023.9,496575,619200,209.3,654975,393075,123.5,1275450,785700
17-02-2025 13:50,23022.15,495600,623475,206.15,649950,400575,125.4,1277400,782325
17-02-2025 13:50,23028.8,502575,619200,211.4,657300,398475,122,1272900,808425
17-02-2025 13:51,23029.2,502050,609000,210.25,659700,382500,121.8,1264275,809400
17-02-2025 13:51,23020.35,493875,619200,205.7,644100,394125,125.3,1276725,783225
17-02-2025 13:51,23015.6,485400,620700,205.85,627000,400875,124.4,1282575,772875
17-02-2025 13:51,23017.6,495150,617175,204.7,621375,401700,124.65,1294875,773700
17-02-2025 13:51,23016.25,491400,620250,203.9,627300,406725,124.8,1300575,777675
17-02-2025 13:51,23015,497850,620475,203.25,626325,413250,125.5,1302675,783900
17-02-2025 13:52,23005.45,492075,623475,196.8,620850,419850,128.8,1323525,775350
17-02-2025 13:52,23004.4,485100,628275,193.9,589275,429375,130.85,1321650,754800
17-02-2025 13:52,23011,491775,629775,197,592725,432900,129.55,1323000,748500
17-02-2025 13:52,23009.4,489975,617925,201.4,608400,418500,126.75,1326675,756600
17-02-2025 13:52,23008.8,485625,628650,198.65,609225,423750,128.75,1343325,749250
17-02-2025 13:52,23010.9,493650,626625,200.85,614400,428025,127.7,1344000,760875
17-02-2025 13:53,23009,489750,633075,199.3,626550,424950,127.7,1342050,762525
17-02-2025 13:53,23007.25,493050,633000,200,623850,429450,127.75,1349025,766350
17-02-2025 13:53,23008.1,497325,634575,201.4,621525,429375,127.35,1357050,769950
17-02-2025 13:53,23008.45,493950,637125,200.55,624825,434625,128.8,1358550,777225
17-02-2025 13:53,23001,483975,641250,196.1,616200,436875,130.95,1372425,776850
17-02-2025 13:53,23004.9,495975,629625,200.95,606075,440325,127.3,1379775,760500
17-02-2025 13:54,23007.55,497925,640575,200.65,613425,431925,127.75,1359900,772350
17-02-2025 13:54,23014.6,494925,632025,202.75,621750,435675,126.2,1360650,784725
17-02-2025 13:54,23006.55,496425,637050,200.55,624750,430200,127.7,1360800,786525
17-02-2025 13:54,23008.6,494100,636075,198.25,616500,431175,128.9,1368750,787275
17-02-2025 13:54,23005.7,495075,638400,197.2,618225,434850,128.65,1368525,791700
17-02-2025 13:54,23006.9,493650,634800,198.25,619650,433050,128.4,1362225,792375
17-02-2025 13:55,23005.8,488250,633375,198.45,625350,434250,128.5,1364925,795525
17-02-2025 13:55,23005.7,490500,636525,197.95,623025,436425,128.4,1368600,792225
17-02-2025 13:55,23004.35,487725,635700,196.6,621675,442200,129.15,1376325,789450
17-02-2025 13:55,23004,493200,633825,196.5,612525,445200,129.65,1376700,788550
17-02-2025 13:55,23000,477000,636450,192.3,611025,448050,131,1369800,777075
17-02-2025 13:55,22993.9,486225,636975,188.4,604725,444600,134.5,1376925,766800
17-02-2025 13:56,22987.9,486525,635100,184.8,582300,445200,136.75,1384200,729975
17-02-2025 13:56,22980.25,478200,634200,180.7,574800,442425,139.75,1376625,696900
17-02-2025 13:56,22980.1,487950,636675,179.15,555900,436725,141.15,1378950,661650
17-02-2025 13:56,22977,488175,639600,182.35,560250,438975,139.45,1389600,661500
17-02-2025 13:56,22978.95,481650,635625,179.65,564975,440250,141.15,1394625,679500
17-02-2025 13:56,22979,487050,635025,181.45,569475,437700,138.15,1395450,697350
17-02-2025 13:57,22980,487200,636375,179.4,578175,435300,139.4,1340850,702000
17-02-2025 13:57,22972,487950,638550,174.15,580050,435075,142.6,1360575,709800
17-02-2025 13:57,22973.5,492225,635250,178.5,574425,437025,141.25,1368000,692025
17-02-2025 13:57,22977,501750,632625,179.5,583575,433575,139.55,1372200,702450
17-02-2025 13:57,22979.95,497775,638475,179.9,594300,423750,139.05,1354575,724125
17-02-2025 13:57,22981,494625,636975,180.7,608775,430575,136.25,1360350,737700
17-02-2025 13:58,22979.6,504375,640350,179.25,614925,442425,139.3,1343100,751950
17-02-2025 13:58,22981.55,494775,637275,179.85,610350,448575,138.15,1358550,754725
17-02-2025 13:58,22980.8,494100,637125,179.15,612450,451050,139,1365225,758700
17-02-2025 13:58,22981.8,496500,641100,182,622275,453600,137,1360050,762975
17-02-2025 13:58,22977,497325,638850,176.8,630000,446100,140.75,1335900,764850
17-02-2025 13:58,22976.3,499500,639975,180.25,611100,446100,137.5,1342050,742725
17-02-2025 13:59,22979.2,503850,639600,180.15,620325,454275,137.5,1352175,749625
17-02-2025 13:59,22983.8,505050,640950,181.2,652050,455700,136.9,1343775,751650
17-02-2025 13:59,22984.95,501750,649875,181.75,650325,469875,136,1341450,760800
17-02-2025 13:59,22983.6,499350,647550,180,652800,478200,137.35,1329225,774450
17-02-2025 13:59,22982.1,497850,650025,179.55,652950,477900,137.1,1327950,779925
17-02-2025 13:59,22983.25,498900,640950,182.5,655725,487950,135.2,1324950,787125
17-02-2025 14:00,22991.3,508050,638175,183.8,658950,472125,133.75,1315050,785100
17-02-2025 14:00,22994.9,509025,640275,186,670200,451950,131.55,1295025,786375
17-02-2025 14:00,22990,502425,640425,184.35,662400,468825,134.25,1296450,778950
17-02-2025 14:00,22986.5,504375,641925,182.4,653175,478800,135.25,1306650,771300
17-02-2025 14:00,22993.95,508575,638025,186.75,656775,477900,133.65,1305600,792600
17-02-2025 14:00,22994,501825,640350,187.9,660975,474975,133.2,1309275,795000
17-02-2025 14:01,22996,506850,641100,189.65,663975,455850,130.9,1311525,800925
17-02-2025 14:01,22996.3,510525,639075,187.5,663450,443850,132.3,1320525,787650
17-02-2025 14:01,22998,502800,638925,189,665775,452775,132.3,1325925,787725
17-02-2025 14:01,22999,509400,636975,190.8,664050,461325,130.95,1339200,789525
17-02-2025 14:01,23009.3,512175,638325,194.95,675300,440850,127.45,1294575,784425
17-02-2025 14:01,23004.95,515925,638550,193.55,674100,433125,128.8,1275150,782475
17-02-2025 14:02,23005.15,511950,636675,196,668625,435975,127.25,1287675,788550
17-02-2025 14:02,23009.7,504825,639000,195,666300,434100,128.15,1294950,788625
17-02-2025 14:02,23009.9,512025,638925,197.25,649875,440925,125.55,1301100,790875
17-02-2025 14:02,23018,513300,636450,201.3,660375,440400,123.25,1293225,789000
17-02-2025 14:02,23015.65,502200,634875,199.25,675975,416250,125.1,1257000,792975
17-02-2025 14:02,23009.95,506175,640875,196.2,666450,428475,127,1272600,786000
17-02-2025 14:03,23010,507375,638250,193.95,628575,436125,128.2,1316475,782925
17-02-2025 14:03,23006.1,495600,639000,192.3,626850,445050,128.2,1321275,788850
17-02-2025 14:03,23007,508425,640875,193.4,632325,454425,128.5,1320975,791475
17-02-2025 14:03,23006.1,504300,637725,192.6,636300,472800,128.8,1318425,795075
17-02-2025 14:03,23001.1,499200,639075,188.2,629925,471000,131.2,1327125,782325
17-02-2025 14:03,22988.3,494175,641100,181.45,590250,469425,135.75,1334175,772575
17-02-2025 14:04,22978.05,505800,645225,179.5,561075,465600,138.65,1329075,733500
17-02-2025 14:04,22977.1,495975,638475,176.7,551775,481125,139.8,1330275,716475
17-02-2025 14:04,22955.35,467325,649875,167.2,551550,482025,147.1,1325700,687525
17-02-2025 14:04,22960.7,492225,635325,167.25,527475,470325,146.95,1352625,621975
17-02-2025 14:04,22961.25,496200,630300,170.8,549600,465900,145.8,1345950,608550
17-02-2025 14:04,22969.2,496275,643425,171.4,563700,473700,145.9,1338375,625425
17-02-2025 14:05,22968,501150,642975,172.95,586650,467325,144.15,1311900,645600
17-02-2025 14:05,22972.2,501900,646500,172.4,590700,472200,142.8,1308000,645375
17-02-2025 14:05,22967.35,508125,648000,173.4,585525,479925,142.35,1321350,649200
17-02-2025 14:05,22975,508650,639600,175.95,596925,478725,141,1327950,655275
17-02-2025 14:05,22977.55,510225,650100,177.2,613350,474600,140.2,1314150,668625
17-02-2025 14:05,22985,507150,645375,181.35,614475,479550,137.1,1284225,663375
17-02-2025 14:06,22979,504975,642675,177.55,612675,480825,139.8,1297575,665850
17-02-2025 14:06,22975,503775,649200,176.6,603900,489000,141.3,1307700,664650
17-02-2025 14:06,22976.3,504675,648375,176.85,609150,493800,141.05,1306575,671025
17-02-2025 14:06,22979.15,512775,653550,179.5,613050,490650,138.9,1303500,681000
17-02-2025 14:06,22972.9,499650,653400,175.6,611400,492525,142,1305750,687900
17-02-2025 14:06,22974.4,504675,656250,175.45,601350,492225,142.05,1315500,689175
17-02-2025 14:07,22967,509250,652575,173.55,595725,496575,142.95,1330950,686475
17-02-2025 14:07,22973.05,513075,654000,176.95,595725,494025,140.55,1324350,694350
17-02-2025 14:07,22973.3,504300,650475,174.6,593400,499800,141.3,1321350,702450
17-02-2025 14:07,22971,509850,653775,175,602475,499125,141.35,1329075,718125
17-02-2025 14:07,22968.9,511650,646350,172.5,601575,503475,143.2,1338450,715950
17-02-2025 14:07,22970.2,512625,647475,177.05,606000,501150,140,1335750,719325
17-02-2025 14:08,22973.5,503625,650625,174,610125,508875,142,1322850,726150
17-02-2025 14:08,22970.4,510600,646200,176.15,623925,508950,140.1,1329375,735150
17-02-2025 14:08,22974,508200,649650,175.45,627525,511650,141.1,1332375,732900
17-02-2025 14:08,22971.75,510525,651300,174.65,627075,517425,141.8,1334775,734400
17-02-2025 14:08,22970.7,507075,648675,173.25,624975,520125,142.55,1332825,739425
17-02-2025 14:08,22971.75,512925,654975,176,622425,518550,140.2,1338150,733575
17-02-2025 14:09,22972.05,514350,652950,173.1,621750,512775,142.3,1328175,739050
17-02-2025 14:09,22970.75,508650,649425,172.95,615675,516525,142.45,1329150,744450
17-02-2025 14:09,22970.15,500325,646425,173.85,618225,518325,141.3,1327200,750975
17-02-2025 14:09,22972.4,512700,655575,175.5,617700,513375,139.6,1323450,742950
17-02-2025 14:09,22972.4,505950,653175,174.75,620625,513975,140.8,1324350,747525
17-02-2025 14:09,22970.65,509175,657300,173.25,625125,522225,140.9,1334925,746025
17-02-2025 14:10,22973.95,510900,654750,175.1,630150,519300,140.25,1332225,751500
17-02-2025 14:10,22974,508575,656400,173.9,631650,521475,141.45,1330350,748500
17-02-2025 14:10,22970,508125,652575,172.55,629775,526500,141.7,1338225,747825
17-02-2025 14:10,22972,514950,655425,172.65,624300,527475,141.25,1336575,739575
17-02-2025 14:10,22975,509925,650850,175.95,632625,525525,138.6,1326600,739425
17-02-2025 14:10,22974.9,508575,653700,175.85,640650,517425,140.65,1318800,751875
17-02-2025 14:11,22979.95,509100,656925,176.7,638325,513150,139.1,1327050,755100
17-02-2025 14:11,22985,520350,645600,179.1,657525,502950,136.4,1311675,757500
17-02-2025 14:11,22988.95,512700,651825,182.05,652650,491100,133.7,1289850,763800
17-02-2025 14:11,22983.15,504450,657450,180.4,650250,493500,136.3,1283025,752700
17-02-2025 14:11,22983,511200,648375,180.15,641925,502800,136.65,1295025,753375
17-02-2025 14:11,22985.65,513075,649125,182,647325,508200,134.9,1287225,751950
17-02-2025 14:12,22988.85,518325,651375,183.75,645450,506775,133.2,1301175,746250
17-02-2025 14:12,22988,506175,647100,183.2,656025,505275,134.2,1308300,760500
17-02-2025 14:12,22981.7,506475,645600,179.7,654450,522675,137.2,1324500,754425
17-02-2025 14:12,22981,506550,648225,177.35,636525,527925,138.85,1352925,743475
17-02-2025 14:12,22976.1,503400,647475,174.75,623400,534075,140,1330275,733425
17-02-2025 14:12,22970,502050,648750,172.8,611775,536700,142.05,1343625,722550
17-02-2025 14:13,22973,504600,651300,173.45,608700,534300,141.75,1339725,715050
17-02-2025 14:13,22971.2,509100,658050,174.7,612075,528000,141.6,1340475,705150
17-02-2025 14:13,22973,508950,645825,174.75,620100,534150,140,1345050,749550
17-02-2025 14:13,22967.8,507000,650250,172.5,616950,542025,142.05,1343475,748125
17-02-2025 14:13,22969.6,502575,650775,170.25,619425,551925,143.45,1337100,750750
17-02-2025 14:13,22967.5,504225,649650,171,610125,552450,142.65,1337250,744900
17-02-2025 14:14,22968.85,506625,645825,171.15,608625,556800,143.7,1340625,755475
17-02-2025 14:14,22966.8,503175,648450,169.5,612900,566100,143.55,1344825,757950
17-02-2025 14:14,22968.85,506625,643200,171.15,620475,566100,142.6,1344900,763650
17-02-2025 14:14,22966,502950,650625,170.1,628125,566775,143.65,1348800,802500
17-02-2025 14:14,22970,507825,642675,172.4,634650,568875,141.75,1348275,814575
17-02-2025 14:14,22969.25,506025,644550,172.35,637800,566025,141.8,1345275,790725
17-02-2025 14:15,22974.65,504975,643800,173.95,645525,556125,139.3,1336950,801225
17-02-2025 14:15,22980.35,507225,642000,177.3,648525,543150,137.85,1320900,795975
17-02-2025 14:15,22974,505650,647850,173.65,644250,543975,141.9,1322925,792525
17-02-2025 14:15,22974,500325,647700,174.55,639900,547425,141.3,1333050,800100
17-02-2025 14:15,22978.5,506700,645300,177,653025,543825,138.55,1327950,807750
17-02-2025 14:15,22979.2,507975,646575,176.2,648300,545850,139.65,1335300,813825
17-02-2025 14:16,0,0,0,177.05,648600,545400,139.85,1338600,816450
17-02-2025 14:16,22978.55,513000,640650,177.85,657225,546675,137.4,1329450,815625
17-02-2025 14:16,22982,510825,645750,177.95,663300,551175,137.05,1326300,820275
17-02-2025 14:16,22984,508800,646200,178.4,666975,548175,137.1,1329600,815550
17-02-2025 14:16,22985.05,507900,637350,181.15,669525,512700,134.45,1327650,820350
17-02-2025 14:16,22986.05,510300,641550,181.5,665775,497700,133.95,1318350,822375
17-02-2025 14:17,22995.75,514950,640350,185.8,664725,491925,131.15,1315050,813525
17-02-2025 14:17,22990.55,510525,647925,185.8,663600,466725,132.55,1292925,808575
17-02-2025 14:17,22990.6,509400,651300,184.65,658500,474225,135.2,1303500,809925
17-02-2025 14:17,22985,505725,649050,180,652200,487950,137.15,1320075,802800
17-02-2025 14:17,22982.6,505875,648450,177.35,638475,499800,138.45,1320150,817875
17-02-2025 14:17,22989.2,505500,643875,180.75,640875,495450,136.1,1322850,833550
17-02-2025 14:18,22989.1,497475,635025,181.95,649575,493275,135.35,1322325,837750
17-02-2025 14:18,22990.6,498225,639000,183.55,651150,503700,134.05,1323375,839925
17-02-2025 14:18,22986.9,515400,639900,183.1,651750,505875,134.55,1330200,838875
17-02-2025 14:18,22989.25,517800,631875,183.5,651150,505875,133.3,1337100,842625
17-02-2025 14:18,22990.6,514650,633975,184.05,659700,512850,134.05,1335375,848925
17-02-2025 14:18,22991.9,513600,640200,186.3,659025,515925,132.7,1330875,848700
17-02-2025 14:19,22998.05,518175,634725,190.9,664800,488700,130,1317150,853050
17-02-2025 14:19,22996.55,520125,638400,187.05,672075,463050,132.8,1273650,852225
17-02-2025 14:19,22997.05,520275,633750,190.8,665925,467700,130.55,1280400,863400
17-02-2025 14:19,23005,520800,630525,191.25,678825,471150,129.15,1273200,870300
17-02-2025 14:19,23007.5,518025,627675,194.3,687225,470550,127.6,1274850,870225
17-02-2025 14:19,23008,519225,628425,194.2,682875,464550,127.05,1278900,867675
17-02-2025 14:20,23006.95,514875,632700,192.6,685650,448275,128.9,1284525,863850
17-02-2025 14:20,23001.55,513675,631650,191.1,678600,459975,130,1305675,857250
17-02-2025 14:20,22995.3,515025,639150,186.2,669975,466650,132.5,1310100,853875
17-02-2025 14:20,22995,512925,636600,187.6,640950,465975,131.2,1314975,845400
17-02-2025 14:20,22996.55,513600,626475,186.8,639750,465900,131.55,1306875,848850
17-02-2025 14:20,22994.1,512850,637725,184.1,635400,477225,133.45,1314375,854325
17-02-2025 14:21,22990.6,514725,633450,184.6,652125,474450,133.35,1311150,858150
17-02-2025 14:21,22986.6,510675,633375,181.2,649875,480675,134.75,1316775,859800
17-02-2025 14:21,22983.45,509325,637350,178.5,637050,482850,136.35,1321800,858300
17-02-2025 14:21,22980,513300,638475,179.7,615525,483450,136.2,1327725,814800
17-02-2025 14:21,22987.95,511875,633000,182.6,625575,477900,134.1,1321500,837150
17-02-2025 14:21,22985.95,511275,635550,181.75,634200,484200,135,1319700,838875
17-02-2025 14:22,22986.9,514200,640650,181.85,644100,486375,135,1316475,846150
17-02-2025 14:22,22982.15,511800,638550,182.2,641325,490725,134.6,1323600,847800
17-02-2025 14:22,22990.2,515550,630300,185.75,648000,498825,132.3,1326225,848475
17-02-2025 14:22,22992.95,515550,636450,186.2,647325,498600,131.25,1318200,852075
17-02-2025 14:22,22994.45,510600,634500,186.5,644400,486000,131.6,1319925,848625
17-02-2025 14:22,22994.95,519225,640125,188.05,636825,490650,130.4,1321350,848550
17-02-2025 14:23,22995,514650,638325,186.5,636750,485250,132.5,1319475,847275
17-02-2025 14:23,22995.4,517725,633600,188.55,636075,489450,129.95,1324275,829500
17-02-2025 14:23,22995.95,514125,635400,188,643725,483450,130.5,1312425,829275
17-02-2025 14:23,22998.8,515325,637050,188.2,647775,490575,130.5,1316550,827700
17-02-2025 14:23,23004.6,515625,639225,191.7,649350,485850,128.7,1311150,834825
17-02-2025 14:23,23004.6,506700,590400,192.45,664500,478125,128.8,1312950,835800
17-02-2025 14:24,22999,513300,636075,190.6,660975,484425,129.6,1321950,834225
17-02-2025 14:24,22998.1,508200,639900,186.65,652725,491700,132.2,1326525,831900
17-02-2025 14:24,22996.05,510675,642675,187.15,633150,495225,131.8,1330500,827400
17-02-2025 14:24,22993.2,506475,642300,184.85,631350,505050,133.65,1335675,825750
17-02-2025 14:24,22994.2,511350,637650,187.2,631950,504450,131.7,1337250,827100
17-02-2025 14:24,22990.95,506850,638625,185.8,633900,508800,132.75,1336875,828225
17-02-2025 14:25,22990,506700,641550,186.55,636975,512325,132,1329975,833175
17-02-2025 14:25,22990,514350,688800,185.5,632550,514800,132.45,1330125,826500
17-02-2025 14:25,22990,519300,689625,187.05,640275,515775,131.6,1330350,831225
17-02-2025 14:25,22995.8,515850,658575,186.65,644550,514425,131.3,1334775,833325
17-02-2025 14:25,22993,517275,636600,188.1,638625,511575,130.2,1328100,830925
17-02-2025 14:25,23000,524400,630300,193,646950,506850,127.7,1315200,828150
17-02-2025 14:26,22995,524100,638400,187.2,652275,504075,132.05,1323375,824625
17-02-2025 14:26,22994.9,520500,643200,187.85,640725,512400,132.25,1327575,813750
17-02-2025 14:26,22994.8,510900,637725,187.6,637125,519900,132,1327125,814425
17-02-2025 14:26,22990,513825,637650,185.85,637950,522150,132,1326075,822300
17-02-2025 14:26,22992.5,521025,635325,185.6,637725,528150,132.45,1331400,826050
17-02-2025 14:26,0,0,0,185.85,634275,526800,131.4,1331625,827175
17-02-2025 14:27,22994.9,511200,633450,185.25,632625,532275,132.3,1327425,825225
17-02-2025 14:27,22992.5,510000,638025,185.35,631350,533100,131.65,1334400,827850
17-02-2025 14:27,22998,512475,633075,187.5,633675,535425,129.95,1339275,829425
17-02-2025 14:27,22996.4,519525,633225,188.15,639600,518850,129.8,1328250,834600
17-02-2025 14:27,23000.25,516000,634050,188.85,639675,522525,129.7,1336650,831750
17-02-2025 14:27,22998.8,509325,633375,186.9,636075,527475,129.45,1332675,836400
17-02-2025 14:28,22995,513750,638475,185.1,634425,539700,130.2,1332600,838125
17-02-2025 14:28,22997.1,518025,633150,188.3,629700,532425,127,1328475,837300
17-02-2025 14:28,22998.8,519300,631050,189.55,635025,532800,125.95,1307700,834300
17-02-2025 14:28,23005.25,520725,630975,191.5,637575,526500,125.3,1303125,836400
17-02-2025 14:28,23009.1,523200,629550,195.85,638700,510450,123.7,1272600,837825
17-02-2025 14:28,23010,522750,632025,193.15,638025,465075,125.7,1277250,837525
17-02-2025 14:29,23005,514200,634200,191.4,629775,475275,126.85,1286175,841950
17-02-2025 14:29,23004,522525,632025,191.5,638925,482400,126.5,1295925,843150
17-02-2025 14:29,23003.95,514425,634050,189.3,645075,490800,128.25,1311675,842625
17-02-2025 14:29,23000,520800,633075,189.6,632475,501600,128,1302600,837825
17-02-2025 14:29,23000.9,523800,629775,190.45,638475,508650,127.1,1309650,842775
17-02-2025 14:29,23000.75,520950,637500,188.5,639975,512925,127.45,1309200,844500
17-02-2025 14:30,22996.85,516225,638175,185.2,619350,526725,129.6,1310550,836850
17-02-2025 14:30,22993.1,516150,633525,182,611100,523125,132.15,1316100,828600
17-02-2025 14:30,22986,510900,630450,181.35,598800,522600,133.1,1312125,805575
17-02-2025 14:30,22988.5,520425,629850,182.75,607125,522150,132.25,1312500,793950
17-02-2025 14:30,22991,515925,635550,181.7,615450,527925,133.6,1313775,796500
17-02-2025 14:30,22992.9,521250,636975,183.2,615450,531525,132.05,1311150,797400
17-02-2025 14:31,22989.5,509250,630150,181.85,609975,533475,133.4,1312800,806775
17-02-2025 14:31,22987.05,508800,632100,182.1,607050,541800,132.9,1316850,801000
17-02-2025 14:31,22986.1,511275,633150,179.2,613200,538725,135.2,1323150,804450
17-02-2025 14:31,22984.9,514725,635775,178.4,586125,542025,134.35,1327125,761775
17-02-2025 14:31,22985,515850,635850,179.15,601950,542325,134.55,1326300,773400
17-02-2025 14:31,22988.6,514950,640950,179.65,609675,540000,133.2,1320825,783000
17-02-2025 14:32,22986.75,514950,632850,180.4,611925,542400,132.65,1329900,794775
17-02-2025 14:32,22987.3,519525,637950,182.5,621600,543075,131.4,1328400,800850
17-02-2025 14:32,22995.6,517350,635850,182.5,623100,542775,131,1315950,800850
17-02-2025 14:32,22998.75,525075,634200,186.65,626700,530325,128.95,1295775,802950
17-02-2025 14:32,22998,517275,635400,185.7,627525,526875,129.4,1301550,809550
17-02-2025 14:32,22999.15,519075,642600,186,619650,526350,129.5,1304175,811800
17-02-2025 14:33,22990,511200,636675,183.25,618000,532650,130.55,1314300,813525
17-02-2025 14:33,22993.8,520425,637875,184.25,615825,537600,129.95,1312275,808050
17-02-2025 14:33,22991.85,516825,640950,184,618225,540600,130,1330125,810450
17-02-2025 14:33,22993,515850,644175,182.5,621825,546075,131.45,1333800,809025
17-02-2025 14:33,22986.75,514425,642300,178.85,621000,548700,134.75,1339650,799500
17-02-2025 14:33,22985.1,514575,639750,179.5,619725,546750,134,1341075,783825
17-02-2025 14:34,22985.5,513900,636300,179.5,619950,544650,133.8,1344375,787575
17-02-2025 14:34,22990,517200,638925,180.55,637275,539775,133.45,1348800,803550
17-02-2025 14:34,22987.7,516600,638700,180.65,642150,535050,135,1346775,806400
17-02-2025 14:34,22987.95,517350,646350,180.75,644100,537000,133.5,1348500,803625
17-02-2025 14:34,22987.75,514950,639375,179.7,656175,537675,135,1346550,805050
17-02-2025 14:34,22985.3,515025,640425,181,641100,537375,133.75,1348500,804300
17-02-2025 14:35,22980.85,516900,640575,176.8,643125,537975,137.6,1348875,805275
17-02-2025 14:35,22980,511725,635175,177.5,624750,538950,136.95,1352025,763050
17-02-2025 14:35,22975.25,510675,642525,174.85,621900,535050,139,1356600,762750
17-02-2025 14:35,22987,519900,642075,179,624600,538950,135.4,1358175,768450
17-02-2025 14:35,22990.35,521550,639525,180.7,633975,533925,133.55,1331775,779400
17-02-2025 14:35,22983.8,511650,644175,177.55,633600,537975,136.5,1341225,786600
17-02-2025 14:36,22983,520050,640650,179.85,626550,540075,134.35,1357725,791625
17-02-2025 14:36,22985,517350,643275,180.3,634800,540300,134.3,1346175,798750
17-02-2025 14:36,22984,514350,643800,177.4,626400,548700,136,1349325,796500
17-02-2025 14:36,22981.6,520350,643200,177.55,624150,548400,136.15,1349475,797325
17-02-2025 14:36,22974.75,508875,644475,171.8,622875,553125,140.95,1359150,792375
17-02-2025 14:36,22976.9,515325,645150,173.55,598125,548850,139.1,1359675,755925
17-02-2025 14:37,22972.05,514350,643950,172,606825,549375,140,1356450,762750
17-02-2025 14:37,22970.2,512250,639375,170.1,600750,552825,140.9,1356900,757425
17-02-2025 14:37,22979.45,514650,641175,173.55,582825,545325,138.1,1355775,765600
17-02-2025 14:37,22977.95,521700,638325,175.6,594825,540150,136.5,1344000,775575
17-02-2025 14:37,22980,520725,630825,174.8,597375,547650,137,1343400,777450
17-02-2025 14:37,22980,526125,637200,176.65,607425,558525,135.65,1350825,781950
17-02-2025 14:38,22981.3,525600,640875,175.55,613350,554550,136.75,1351500,783150
17-02-2025 14:38,22985,528000,638175,177.4,632100,551325,134.95,1348125,792900
17-02-2025 14:38,22979.7,522300,638625,177,636300,547275,135.95,1342125,797925
17-02-2025 14:38,22979.7,523275,639825,178.2,631125,554400,134.7,1341450,798300
17-02-2025 14:38,22985,519975,639675,178.1,634500,559500,134.9,1349850,801600
17-02-2025 14:38,22983.55,524850,640500,178.25,638925,562800,134.35,1354575,804375
17-02-2025 14:39,22984.25,522150,637875,178.95,633150,568125,134.4,1359900,800400
17-02-2025 14:39,22989,529425,637425,182.55,631500,553050,131.2,1344900,838950
17-02-2025 14:39,22992.85,527175,639750,183.05,633075,538050,131.3,1314600,839025
17-02-2025 14:39,22997,532275,636000,185.4,632175,529200,129.45,1315200,841275
17-02-2025 14:39,22992.1,527625,638175,182.4,630450,523275,131.9,1303125,837675
17-02-2025 14:39,22989.1,515550,637500,180,628575,535575,133.8,1322025,840525
17-02-2025 14:40,22994.15,522075,642525,181.45,616125,542850,132.8,1325325,843000
17-02-2025 14:40,22994.25,523350,640125,184.15,628050,541950,130.6,1323150,851475
17-02-2025 14:40,22992.6,525525,642900,182.55,627375,552300,132.3,1328400,853950
17-02-2025 14:40,0,0,0,182.95,629925,554925,131.85,1329600,854850
17-02-2025 14:40,22992.55,520050,641850,182.35,630825,564000,131.9,1337775,856800
17-02-2025 14:40,22990.9,521850,643275,181.65,630000,564825,132.65,1337550,851325
17-02-2025 14:41,22988.25,516525,642750,183,618750,573675,132,1339650,845325
17-02-2025 14:41,22992.55,526575,641100,183.1,617625,555975,131.5,1336500,850650
17-02-2025 14:41,22993.6,526800,638325,184.6,623850,551925,129.95,1335225,858675
17-02-2025 14:41,22998.05,523275,634500,186.6,626550,537150,129.05,1319625,860625
17-02-2025 14:41,23002.9,530475,637200,188.85,626100,527550,128,1315650,865425
17-02-2025 14:41,23002.2,526800,634950,190.9,634050,511650,126.4,1310700,864600
17-02-2025 14:42,23006.1,525075,635325,189.2,634875,498150,127.15,1294200,863025
17-02-2025 14:42,23005,521475,635850,189.1,632400,511425,127.4,1308450,862425
17-02-2025 14:42,22996.6,516975,638625,186.6,630825,519225,129.6,1320825,861225
17-02-2025 14:42,23000,524400,632400,188.05,610500,527025,128.15,1330275,858375
17-02-2025 14:42,23001.65,529725,643200,187.3,624750,523125,129.5,1334250,862275
17-02-2025 14:42,22999,520725,639000,186.4,630975,537000,130.35,1345200,872400
17-02-2025 14:43,22999.65,523125,639900,186,634350,538125,130.2,1349325,873975
17-02-2025 14:43,22999.8,524700,639825,189.15,634500,537975,127.95,1351425,882675
17-02-2025 14:43,22999.75,522450,638850,187.85,641700,537150,128.85,1352475,889800
17-02-2025 14:43,23005,526425,638250,191.15,655950,539850,126.4,1351275,886350
17-02-2025 14:43,23008,527100,636675,193.65,663150,508500,125.5,1337625,884625
17-02-2025 14:43,23000.05,519075,636600,189.45,661575,488400,129.55,1341900,844500
17-02-2025 14:44,23004.1,524325,636075,190.9,655125,491175,127.75,1345800,854550
17-02-2025 14:44,23005,521550,637125,190.8,654675,496500,127.65,1353450,858525
17-02-2025 14:44,23001,519900,635775,190.6,659025,499950,127.8,1347375,863850
17-02-2025 14:44,23002.8,519600,636300,188,654375,508275,129.25,1352700,860250
17-02-2025 14:44,23001.95,521175,641175,188.3,651150,514425,129.35,1356600,858900
17-02-2025 14:44,23000,515550,639225,188.7,650025,522825,129.75,1362600,859500
17-02-2025 14:45,22998,518775,639750,188.05,625200,523650,129.25,1368450,852750
17-02-2025 14:45,22992.15,522225,641175,183.65,624825,527775,132,1353450,842700
17-02-2025 14:45,22995.65,523800,637425,187.55,617850,531225,129.4,1356525,852825
17-02-2025 14:45,22999.85,525225,638925,188.4,627150,530250,128.5,1356000,862275
17-02-2025 14:45,22998.7,524175,639075,188.7,629250,536400,128.5,1357050,868575
17-02-2025 14:45,23001.15,525975,638100,188.8,632100,545925,128.3,1357275,889950
17-02-2025 14:46,23000,523425,634875,189.1,635475,517050,128.6,1344375,864525
17-02-2025 14:46,23004.05,523425,637125,191.7,638100,518250,126.65,1340700,868275
17-02-2025 14:46,23003.3,519525,640350,188.55,641100,521100,129,1345950,866175
17-02-2025 14:46,23000,518775,643350,187.8,628800,524025,129.3,1349400,860550
17-02-2025 14:46,22998.75,519600,637950,186.5,630750,541500,130.2,1352475,862950
17-02-2025 14:46,22998.7,514650,639450,186.8,632400,542025,130.15,1355175,864300
17-02-2025 14:47,22999.95,517950,641850,185.5,633675,545100,130.05,1361700,866550
17-02-2025 14:47,22999.4,520950,644025,186.15,627750,552375,129.4,1358700,865200
17-02-2025 14:47,22999.45,519075,644325,187,631425,554250,129.3,1349400,867300
17-02-2025 14:47,23000,519375,641550,188.85,638700,555600,128.15,1349175,872700
17-02-2025 14:47,23006,521550,636825,189.2,639300,553500,127.65,1346250,871200
17-02-2025 14:47,23005,518700,637800,189.55,642300,545475,127.2,1346775,875700
17-02-2025 14:48,23003.85,519975,637500,189.75,639975,540300,127,1341450,879150
17-02-2025 14:48,23003.85,515625,640125,188.75,639150,545475,127.9,1350825,874575
17-02-2025 14:48,23001.35,518925,637950,190.75,638475,550200,126.45,1349850,873900
17-02-2025 14:48,23005,519825,643425,191.5,647475,540975,125.7,1341300,873000
17-02-2025 14:48,23005,518550,641850,189.65,645000,542550,126.95,1338750,867675
17-02-2025 14:48,23004.9,516225,641850,188,642300,547575,128.1,1346925,870450
17-02-2025 14:49,22998,515400,641400,185.6,634875,547950,129.15,1349700,863625
17-02-2025 14:49,22998.3,513150,642375,185,622500,548850,129.6,1349625,863850
17-02-2025 14:49,23003.5,520875,639975,190.95,621150,549150,125.8,1347900,869775
17-02-2025 14:49,23005.55,517275,641550,189.95,624825,529725,126.4,1332525,873525
17-02-2025 14:49,23006.9,515400,643350,190.35,629550,534450,126.2,1338975,879750
17-02-2025 14:49,23007,516375,648000,191,632700,533775,125.55,1337700,867450
17-02-2025 14:50,23001.05,513825,648750,188.95,634425,533850,127.15,1345350,874275
17-02-2025 14:50,23005,522525,650550,188.8,641550,539100,127.4,1342275,873825
17-02-2025 14:50,23000.75,514725,646575,186.55,639825,544500,128.55,1352250,873375
17-02-2025 14:50,22996.55,512175,647025,184,632100,546825,130,1355025,869775
17-02-2025 14:50,22988,509400,645150,180.1,600075,551925,132.2,1356225,826275
17-02-2025 14:50,22991.8,516900,645300,183,588000,547350,130.25,1349550,822750
17-02-2025 14:51,22997.25,522075,638100,185.8,598350,545175,129,1336425,837750
17-02-2025 14:51,22995.55,521100,644025,185.6,605400,560025,129.2,1342425,843900
17-02-2025 14:51,22995,516450,645600,185.1,610950,570975,129.35,1340325,850275
17-02-2025 14:51,22991,511950,647775,181.1,601800,575850,131.65,1346100,841275
17-02-2025 14:51,22987.95,511425,647700,179.95,596250,577275,132.3,1349775,841800
17-02-2025 14:51,22990.2,518100,642675,182.4,595500,571425,130.3,1356450,841350
17-02-2025 14:52,22997,517350,649050,185,598650,566250,128.2,1340250,849675
17-02-2025 14:52,22999.9,516150,640875,184.25,608325,566025,129,1334400,852825
17-02-2025 14:52,22997.05,517350,647625,187,611700,566325,126.4,1339650,860400
17-02-2025 14:52,22999,518100,647400,187.65,618375,567600,126.8,1338825,859350
17-02-2025 14:52,22998.45,515175,643950,186,617925,573750,128,1344825,860775
17-02-2025 14:52,22990,516525,646050,182.6,613425,579675,129.95,1344525,858225
17-02-2025 14:53,22990.2,516375,649125,182.2,601800,580725,129.4,1345200,842475
17-02-2025 14:53,22992.65,515325,650250,181.35,615825,583575,130.75,1350900,847800
17-02-2025 14:53,22992.95,516750,647250,182.05,624375,582300,130.2,1349325,853575
17-02-2025 14:53,22995.1,517425,651075,182,625650,582600,129.95,1347000,858000
17-02-2025 14:53,22987.75,520050,653100,179.35,623550,582300,131.4,1343925,855825
17-02-2025 14:53,22987.75,513225,648600,180,609525,583500,131.5,1346175,855600
17-02-2025 14:54,22985,510975,649200,175.85,594675,584400,132.85,1345125,848325
17-02-2025 14:54,22988.25,517875,651075,181.15,589650,587550,128.55,1349175,836100
17-02-2025 14:54,22988.15,512025,656775,178.8,593175,580875,131.45,1340175,834375
17-02-2025 14:54,22985.15,515100,654000,180,596400,588150,130.4,1339725,803100
17-02-2025 14:54,22990.45,514425,651600,179.25,609300,587100,130.9,1334850,813300
17-02-2025 14:54,22995,522450,654600,180.95,609525,590175,130,1337025,812025
17-02-2025 14:55,22992.4,517500,654000,181.7,615300,579825,129.7,1332150,815475
17-02-2025 14:55,22990.1,519375,651150,182.2,618450,582825,128.8,1339425,823800
17-02-2025 14:55,22990,509100,654000,179.5,623325,589800,131,1339875,825750
17-02-2025 14:55,22988.35,517125,653025,181.3,612225,592200,129.35,1340325,834300
17-02-2025 14:55,22991.95,518775,651675,182.35,618750,593400,129,1340325,842475
17-02-2025 14:55,22995,515625,651600,182.4,620175,598200,128.95,1335975,843375
17-02-2025 14:56,22994.55,518025,648000,185.7,633900,595200,127.5,1333350,841500
17-02-2025 14:56,22996.65,514200,647400,185.55,635250,562650,127.75,1309500,836175
17-02-2025 14:56,22996.6,517350,646800,186,632400,566250,127.2,1320000,833100
17-02-2025 14:56,22998.95,515325,647175,185.5,632325,564600,127.8,1320150,833325
17-02-2025 14:56,22991.7,516600,646200,186.3,632550,565575,127.55,1319700,837975
17-02-2025 14:56,22999,524100,645900,187.1,624525,572400,126.2,1321950,835425
17-02-2025 14:57,22997.1,522450,642075,186.45,629625,551850,127.3,1313700,836625
17-02-2025 14:57,23004.85,522225,645225,189.9,628875,560250,124.1,1316475,845400
17-02-2025 14:57,23002.6,523350,644325,188.6,626775,523875,125,1251525,842400
17-02-2025 14:57,23006.25,525075,638325,193.45,631575,521625,122.2,1255800,845850
17-02-2025 14:57,23014.15,522075,636750,194.4,636375,483225,121.6,1245900,838050
17-02-2025 14:57,23016,519150,636450,197.95,629700,464850,119.2,1217625,833100
17-02-2025 14:58,23016,511875,634500,196.7,630600,457950,118.5,1201875,835200
17-02-2025 14:58,23027.9,521175,623325,204.45,641400,450525,114.25,1196175,842475
17-02-2025 14:58,23031,518625,617925,204.9,645075,404925,114.9,1164900,828375
17-02-2025 14:58,23035,519600,624450,206.85,647400,420375,113,1173675,824625
17-02-2025 14:58,23027.4,517350,623175,205.9,640350,411375,114.9,1178700,816375
17-02-2025 14:58,23027.5,511050,630300,202.05,639750,425475,116.55,1191150,810000
17-02-2025 14:59,23017.55,513900,631050,200,625875,439350,118.3,1225125,807000
17-02-2025 14:59,23010.3,517425,639750,194.5,610575,445875,120.6,1245225,805275
17-02-2025 14:59,23012.8,512025,637725,194.05,584250,458325,121.75,1253250,785100
17-02-2025 14:59,23015,516375,633375,196.95,595275,452925,119.5,1248225,798450
17-02-2025 14:59,23017.5,515775,634425,196.8,595500,454575,120.1,1244850,804150
17-02-2025 14:59,23019.2,513600,637275,196.3,601575,458325,120.9,1247400,809400
17-02-2025 15:00,23026.05,516675,623250,204.65,617175,452175,115.35,1246650,814425
17-02-2025 15:00,23019.1,515925,630975,200.55,608850,430950,117.7,1197375,810150
17-02-2025 15:00,23022.2,513600,637500,199.6,613950,438900,118.25,1218225,817500
17-02-2025 15:00,23029.9,519525,636300,206.9,616875,439650,114.25,1223325,819525
17-02-2025 15:00,23026.05,514200,634275,204.25,624975,421425,115.3,1214700,825525
17-02-2025 15:00,23029.9,518700,636000,206.35,636375,436050,114.05,1241475,831825
17-02-2025 15:01,23028.35,512100,638475,206.6,636150,441150,112.9,1250625,823800
17-02-2025 15:01,23033.8,517800,629175,206.2,628125,422475,113.6,1241250,822825
17-02-2025 15:01,23027.65,520950,630000,206.2,636825,397650,112.65,1241325,831975
17-02-2025 15:01,23025.65,510225,632475,202.25,617025,409575,114.35,1254675,815700
17-02-2025 15:01,23018,526875,640200,198.7,610050,416400,116.5,1264650,818775
17-02-2025 15:01,23017,520050,639900,198.65,587325,418875,117,1276350,808725
17-02-2025 15:02,23022,515625,638250,202.45,598875,419100,114.25,1277550,822825
17-02-2025 15:02,23016,513900,640800,198.35,600075,419775,117,1285275,823350
17-02-2025 15:02,23016,518175,644325,196.8,582600,417375,117.5,1299900,819300
17-02-2025 15:02,23022.75,520725,640725,200.05,589575,419250,115.05,1287450,824700
17-02-2025 15:02,23020,507975,643950,198.7,595350,425625,116.55,1285500,825675
17-02-2025 15:02,23022.4,508125,642825,198.7,597975,431100,116.85,1290750,827400
17-02-2025 15:03,23020.1,523950,639825,201.1,598950,435150,114.9,1291950,829875
17-02-2025 15:03,23025.4,523425,646350,204.4,603525,431175,112.3,1275300,835050
17-02-2025 15:03,23025.1,525375,644100,204.2,604275,430650,113.25,1256850,835725
17-02-2025 15:03,23026.95,525300,644700,203.15,604500,461550,113.2,1262925,835800
17-02-2025 15:03,23029.85,521700,635850,205.05,604725,464925,111.55,1271400,836550
17-02-2025 15:03,23024,517800,642000,201.15,601950,435150,113.9,1268025,837375
17-02-2025 15:04,23026.2,520725,646875,201.8,598800,438075,113.8,1274550,841050
17-02-2025 15:04,23028,523350,642450,202.8,603300,440025,112.7,1262700,851550
17-02-2025 15:04,23028,523350,644325,202.05,595875,443250,113,1249200,855525
17-02-2025 15:04,23025,526050,646200,201.1,597825,453150,114.1,1257825,851925
17-02-2025 15:04,23025.05,521550,645225,198.3,594675,459675,115.7,1264650,834300
17-02-2025 15:04,23025.65,514650,644550,199.1,586950,463125,114.75,1263750,829425
17-02-2025 15:05,23024,517350,648900,198.8,593850,456375,115.25,1252350,831300
17-02-2025 15:05,23020,516975,646200,199.7,592350,463500,114.85,1256250,835275
17-02-2025 15:05,23020,510375,649275,196.85,598725,473100,116.85,1261275,838500
17-02-2025 15:05,23019.3,507075,645375,196.15,585675,478950,117.3,1265250,824100
17-02-2025 15:05,23022.4,511875,649050,198.9,578475,479775,116.25,1269450,845175
17-02-2025 15:05,23021.1,513900,646125,199.3,586575,483600,116.1,1259925,855750
17-02-2025 15:06,23018.45,515400,643425,197.9,592500,482250,116.75,1256850,858675
17-02-2025 15:06,23013.25,513900,647325,197.15,586875,490125,117.25,1254375,845775
17-02-2025 15:06,23011,512325,647925,193.45,583200,494925,118.45,1251075,833775
17-02-2025 15:06,23017.25,511425,644850,195.15,567000,497925,117.95,1260075,815850
17-02-2025 15:06,23013.5,511875,643650,195.85,573825,489225,118.3,1258125,821025
17-02-2025 15:06,23012.25,511950,645900,194.35,568500,492525,118.65,1262175,823725
17-02-2025 15:07,23014.6,512850,640800,196.4,587100,481725,117.1,1251525,826275
17-02-2025 15:07,23015.65,510075,642975,194.8,588150,482925,118.5,1246125,833475
17-02-2025 15:07,23017.4,511650,642600,196.5,591300,480450,117,1249950,840825
17-02-2025 15:07,23019,508050,647025,196.55,601800,482250,116.7,1255725,840525
17-02-2025 15:07,23020,513825,640125,198,602250,479250,116,1244775,846000
17-02-2025 15:07,23020,514275,637800,199,603525,478350,115.7,1234725,847200
17-02-2025 15:08,23019,508950,637275,197.55,603375,473625,116.3,1234650,841125
17-02-2025 15:08,23016.8,507975,643425,196.2,600975,481575,117.2,1236975,843450
17-02-2025 15:08,23015.1,511425,639450,196.7,590250,482475,117,1238700,835875
17-02-2025 15:08,23015.65,512025,635025,197.05,584850,484575,116.7,1236900,849975
17-02-2025 15:08,23019.1,512700,630900,199.35,591150,480375,114.65,1234800,862425
17-02-2025 15:08,23022,513900,630450,201.15,590925,470700,113.9,1229100,864225
17-02-2025 15:09,23019.4,513750,632175,200.55,594225,458100,114.05,1225275,860700
17-02-2025 15:09,23021.8,511200,632025,199.55,584775,457350,114.9,1222425,853125
17-02-2025 15:09,23019.45,514500,628950,199.8,583125,458250,114.05,1233750,857325
17-02-2025 15:09,23022.25,520725,628650,202.85,594000,459600,113.05,1249800,855375
17-02-2025 15:09,23024.15,518400,629850,204.6,605925,439425,112.8,1219575,870900
17-02-2025 15:09,23027,522150,627150,205,613350,431925,112.55,1225800,881700
17-02-2025 15:10,23027.75,514650,627900,202.7,609975,411975,114.15,1217700,877725
17-02-2025 15:10,23023.25,515850,625875,202.65,598650,422925,114,1210500,858975
17-02-2025 15:10,23021.85,509550,628875,202.4,600075,428025,115,1217925,859200
17-02-2025 15:10,23028.95,520575,624750,205.05,601950,429150,113.2,1217175,862725
17-02-2025 15:10,23029,519975,622950,205.65,604575,419400,112.95,1209075,857250
17-02-2025 15:10,23031,518250,619500,207.6,604875,417600,111.95,1205625,863250
17-02-2025 15:11,23031.8,515250,618975,205.6,601650,403575,113.1,1214250,863625
17-02-2025 15:11,23026,518775,618450,204.2,594975,426975,114.3,1216425,867525
17-02-2025 15:11,23030,519150,618450,205.35,597000,435450,113.5,1218300,863250
17-02-2025 15:11,23028.95,515400,618750,204.4,595425,418575,113.6,1210575,861375
17-02-2025 15:11,23030,513450,618600,204.05,592800,423900,113.5,1212300,860175
17-02-2025 15:11,23027.1,509625,623925,201.45,589875,426600,114.4,1216650,862350
17-02-2025 15:12,23028,512325,622425,202.6,581400,425550,113.65,1218975,861225
17-02-2025 15:12,23028,514950,622425,204.15,577875,432825,113.3,1211250,864225
17-02-2025 15:12,23025,510000,622275,201.5,573975,440325,114.8,1217400,862425
17-02-2025 15:12,23024,512325,624375,201.35,570450,434025,114.5,1216650,864000
17-02-2025 15:12,23024,513600,622425,202.4,573450,426375,113.45,1212450,873750
17-02-2025 15:12,23023.1,510150,623700,201.85,578775,429750,113.45,1209750,870075
17-02-2025 15:13,23028,512925,621075,202.95,582000,429300,112.75,1213725,873975
17-02-2025 15:13,23023.05,510300,621675,201.15,579750,434025,113.5,1216725,872775
17-02-2025 15:13,23024,508950,622950,201.9,581400,436500,113.55,1210425,870225
17-02-2025 15:13,23024.35,512025,620400,203,586425,434100,112.9,1202700,865200
17-02-2025 15:13,23024.65,511575,621825,204.3,586650,429525,112.55,1203750,868425
17-02-2025 15:13,23029.9,512175,617775,206.7,588525,428400,111.3,1200450,872700
17-02-2025 15:14,23029.9,512850,611175,207.35,582450,386025,109.25,1188375,900600
17-02-2025 15:14,23034,513225,610800,207.35,579075,387525,108.9,1152075,895650
17-02-2025 15:14,23034,511425,611700,205.95,580575,390900,110,1161300,885525
17-02-2025 15:14,23035.4,512700,604800,208.1,577425,393300,108.35,1163475,861075
17-02-2025 15:14,23036.5,514125,602700,208.3,577050,374325,108.3,1167075,862800
17-02-2025 15:14,23039,511950,600375,210.7,576675,368625,109,1161675,847950
17-02-2025 15:15,23036.95,509700,600300,206.85,567450,342150,111.05,1170000,821100
17-02-2025 15:15,23034.75,509025,605775,206,559725,350025,112.1,1184850,790350
17-02-2025 15:15,23030.35,507075,608625,204.05,546600,356850,112.85,1181850,776325
17-02-2025 15:15,23032.5,505500,605475,204.65,543375,355350,112.35,1183575,781500
17-02-2025 15:15,23028.35,504825,607425,203.8,539325,363000,112.5,1184625,783450
17-02-2025 15:15,23031.8,499350,599475,205.5,542925,363000,112,1180575,798525
17-02-2025 15:16,23029.05,500700,600525,202.6,546900,357825,113.65,1187700,797325
17-02-2025 15:16,23025.1,500025,601650,201.25,550350,364875,114.25,1195275,779400
17-02-2025 15:16,23022.85,497700,601800,201.9,538500,355875,113.1,1198575,761100
17-02-2025 15:16,23024.85,499050,602550,200.35,544800,359175,114.25,1192425,761925
17-02-2025 15:16,23023.05,495450,599625,198.6,528000,364275,115.05,1198800,762975
17-02-2025 15:16,23019.45,494700,596625,200.05,527025,364875,114.2,1196700,752175
17-02-2025 15:17,23023,497100,596025,200.75,531975,348225,114.2,1196250,759975
17-02-2025 15:17,23022.45,500100,596250,201.8,541725,346950,114.05,1189575,764925
17-02-2025 15:17,23020.7,493350,597450,199.15,536400,352275,115,1193475,758100
17-02-2025 15:17,23020.5,500325,596700,200.85,541350,349500,114,1191525,753525
17-02-2025 15:17,23020.05,501600,594000,200.1,538875,353175,114.65,1191825,762675
17-02-2025 15:17,23020.95,495450,596100,200.25,541425,352725,114.55,1193550,762150
17-02-2025 15:18,23020,492750,593850,199.55,540825,351900,114.95,1199325,764850
17-02-2025 15:18,23018,492225,596400,197.7,533175,353175,115.95,1200675,751200
17-02-2025 15:18,23017,495225,594300,197.4,537825,348225,116,1188150,734625
17-02-2025 15:18,23016.15,491475,595425,198.5,540225,346650,115.5,1185675,728100
17-02-2025 15:18,23017,498225,593775,199,538950,345750,115.75,1174950,735600
17-02-2025 15:18,23015.7,498450,594075,197.65,539100,345525,116.35,1178625,730500
17-02-2025 15:19,23015.55,495225,594825,198.85,540750,340350,115.5,1167000,725100
17-02-2025 15:19,23015.4,494850,592200,198.7,537900,338925,115.6,1162800,727125
17-02-2025 15:19,23016.7,495525,590775,199.45,540375,340200,115,1168950,735600
17-02-2025 15:19,23020.9,499425,589575,201.85,535125,332175,113.65,1155000,739200
17-02-2025 15:19,23020.05,496800,585750,202.1,530025,325275,114.05,1151250,736650
17-02-2025 15:19,23023,491850,584850,199.8,530775,319275,115.55,1152375,737025
17-02-2025 15:20,23019.75,494925,583275,201.3,523875,316125,114.9,1150425,760875
17-02-2025 15:20,23020.35,493275,581925,201,525525,317925,114.6,1144500,788100
17-02-2025 15:20,23020.25,491550,582750,201.5,522975,317175,114.4,1143900,790650
17-02-2025 15:20,23020.4,493050,582300,201.65,524025,318525,113.8,1150200,779100
17-02-2025 15:20,23022.75,495375,581475,201.95,520200,323100,112.6,1140750,738150
17-02-2025 15:20,23022.1,494925,580500,202.65,523050,321075,112.8,1144200,729525
17-02-2025 15:21,23024,495300,580650,203.2,524700,318000,113.1,1151325,728550
17-02-2025 15:21,23024,492975,579600,202.7,521700,320400,112.9,1154250,724875
17-02-2025 15:21,23024.45,495675,577650,204,522600,320175,111.3,1149450,728250
17-02-2025 15:21,23025,495675,575250,202.9,521250,315825,112.45,1153200,719550
17-02-2025 15:21,23025.05,495000,571875,203.15,519900,310275,112.2,1154625,719550
17-02-2025 15:21,23026.95,500400,563475,204.75,521250,312300,110.6,1156425,712500
17-02-2025 15:22,23026.8,502350,563475,204.95,519675,294450,109.8,1151325,715425
17-02-2025 15:22,23027.95,495300,561225,204.75,514650,293475,110.95,1139025,709950
17-02-2025 15:22,23028,495000,562425,205.2,513675,333900,111.45,1169850,702375
17-02-2025 15:22,23028.5,498225,561225,205.4,516975,328800,110.5,1168350,710700
17-02-2025 15:22,23029.3,496125,559575,204.55,516975,330975,111.05,1171575,709425
17-02-2025 15:22,23030,496500,558600,205.15,511575,331875,110.65,1173225,709800
17-02-2025 15:23,23031,494175,555375,205.95,515700,327600,110.2,1169700,708525
17-02-2025 15:23,23027.9,494475,554550,204.5,513600,320400,110.65,1158900,710100
17-02-2025 15:23,23026.75,492600,554550,204.55,509775,316575,110.8,1152375,705150
17-02-2025 15:23,23028.95,490875,553350,204.6,511950,320700,110.8,1153425,706650
17-02-2025 15:23,23030.75,490125,553050,204,510825,319350,110.9,1145625,704250
17-02-2025 15:23,23029,490650,555375,203.4,504150,319800,111.2,1147575,687675
17-02-2025 15:24,23025,489675,554025,201.05,503100,322350,112.9,1155450,683850
17-02-2025 15:24,23024,487650,558375,200.3,502125,323475,114,1170075,658350
17-02-2025 15:24,23024,486075,561375,200.15,504075,314700,114.15,1158750,659550
17-02-2025 15:24,23026.5,487350,560925,200.45,495675,302850,114,1148925,648750
17-02-2025 15:24,23023.35,487425,559200,201.65,495675,287250,113,1144425,645750
17-02-2025 15:24,23028.05,487950,557325,203.7,499725,284700,113.8,1123125,642000
17-02-2025 15:25,23027.85,486225,553350,204.55,511050,274275,113.25,1121625,642675
17-02-2025 15:25,23029,486300,552525,203.8,510675,277800,112.3,1123200,645000
17-02-2025 15:25,23025.25,485400,553500,203.1,503250,284775,112.9,1128975,644700
17-02-2025 15:25,23027.65,485475,552150,203.65,503625,281775,113.1,1129050,646950
17-02-2025 15:25,23027,485925,550275,203.35,501000,277500,112.7,1122900,648600
17-02-2025 15:25,23027,485175,548175,204,489150,279900,112.6,1118775,646950
17-02-2025 15:26,23028.85,481875,548475,204.5,485100,278775,109.7,1112475,650775
17-02-2025 15:26,23029.25,483675,548250,205.8,488100,274650,110.1,1088625,651900
17-02-2025 15:26,23030,483150,546975,205.8,490950,258000,109.55,1095450,644325
17-02-2025 15:26,23030.05,480000,539475,205.6,488625,255525,110.7,1097400,642000
17-02-2025 15:26,23030.25,479775,538050,206.45,483300,252225,110.15,1095900,635025
17-02-2025 15:26,23030.25,478050,534975,206.8,486900,248625,110.85,1098525,631800
17-02-2025 15:27,23030.7,478725,531750,206.9,484725,235725,110.6,1097700,624150
17-02-2025 15:27,23030.75,480900,527850,206.5,484350,240075,110.95,1101675,610500
17-02-2025 15:27,23030.65,480300,525975,206.75,486525,238050,110.65,1097250,609975
17-02-2025 15:27,23031.4,480150,522825,206,481125,238950,109.95,1098975,611100
17-02-2025 15:27,23035,480825,516525,206.95,481350,239175,109.25,1090650,629325
17-02-2025 15:27,23035.05,478650,506550,208.4,481275,230175,107.5,1074600,628350
17-02-2025 15:28,23036,478350,508950,206.55,477750,213300,108.8,1073625,620925
17-02-2025 15:28,23037.3,474525,518550,207,478275,213525,109.1,1074375,603750
17-02-2025 15:28,23038.6,474600,516525,207.4,478125,212250,109,1074900,602400
17-02-2025 15:28,23035,473700,516000,206.9,478875,214125,109.15,1076175,616650
17-02-2025 15:28,23035,471150,512250,207.15,477600,214875,108.1,1073775,613575
17-02-2025 15:28,23035,465975,508200,208,470475,207525,108.7,1072650,596775
17-02-2025 15:29,23040,461925,505500,207.65,475050,200100,107.15,1068600,584925
17-02-2025 15:29,23040,455175,494700,208.2,468675,177225,107.55,1059075,574725
17-02-2025 15:29,23040,443175,487800,209,458400,174075,107.6,1057575,572175
17-02-2025 15:29,23043,439275,486000,208.45,200325,164250,106.35,172950,559725
17-02-2025 15:29,23043.95,437100,482475,211,192525,154500,106.15,159525,522825
17-02-2025 15:29,23043.4,437775,466650,208.3,181800,141675,105.85,155625,501375
