last_traded_time,ltp,tot_buy_qty,tot_sell_qty,ltp,tot_buy_qty,tot_sell_qty,ltp,tot_buy_qty,tot_sell_qty
20-02-2025 09:16,22903.9,234450,227400,29.65,56237850,864825,163.8,24733800,206175
20-02-2025 09:16,22902.9,239850,229800,28.75,56872725,891150,163.45,25088400,206400
20-02-2025 09:17,22899,230625,229725,27.1,56926650,926625,164.2,25354425,212025
20-02-2025 09:17,22902,245100,233100,27.8,57039525,939225,162.8,25528125,215700
20-02-2025 09:17,22900,242325,237225,27.5,57277800,946950,163.7,26837475,216000
20-02-2025 09:17,22905.25,243150,234525,29.9,57388875,951150,162,27344775,219600
20-02-2025 09:17,22909.5,245850,231675,31.05,57401925,952875,158.8,27697050,227550
20-02-2025 09:17,22910.4,251175,223425,31,57505500,974100,158.05,27868125,226725
20-02-2025 09:18,22910,248025,230250,32.4,57725925,987075,157.6,27919575,242400
20-02-2025 09:18,22908.1,249225,239175,31.55,57824850,1042275,160.6,27948525,246975
20-02-2025 09:18,22905.45,251325,240150,31.25,58069725,1099875,162.25,27960450,246150
20-02-2025 09:18,22906.5,253350,239775,30.35,58211100,1151250,160.5,28311075,262575
20-02-2025 09:18,22907,256350,242175,31.3,58352850,1151400,159.2,28500375,269325
20-02-2025 09:18,22909.85,258825,242850,30.9,58483725,1173225,159.1,28497225,284175
20-02-2025 09:19,22904.6,256275,249675,28.75,58497900,1237725,161.8,28504350,282825
20-02-2025 09:19,22904.3,257025,249450,29.05,58543575,1255950,160.25,28400850,283950
20-02-2025 09:19,22901.1,255450,248100,28.4,58662375,1256925,163.75,28559025,280200
20-02-2025 09:19,22903.2,261675,251775,28.6,58758825,1271850,163.1,28698900,290025
20-02-2025 09:19,22904.25,262425,252150,28.85,59056200,1275750,162.4,28763400,287325
20-02-2025 09:19,22907.75,259650,251925,29.55,59121300,1287975,161.4,29282475,297000
20-02-2025 09:20,22906.9,261000,256875,27.45,56344500,1315725,159.35,27596625,302250
20-02-2025 09:20,22897.5,259200,260700,26.55,56232525,1338450,163.2,27620475,299775
20-02-2025 09:20,22902.75,268500,260025,26.35,56162550,1352550,163.05,27663975,290100
20-02-2025 09:20,22899.6,288375,260400,26.5,56354325,1378425,161.4,27683475,289575
20-02-2025 09:20,22907,286350,264900,27.4,56430675,1344750,158.6,27672075,309975
20-02-2025 09:20,22901,284175,258825,26.35,56534850,1392000,159.8,27754200,309450
20-02-2025 09:21,22904.35,286650,264900,25.6,56740050,1409175,160.3,27807450,314325
20-02-2025 09:21,22901.55,283425,260775,25.55,56720025,1425975,162.65,27879075,325575
20-02-2025 09:21,22900.2,291600,272550,25.25,56710650,1454400,164.3,27888675,311550
20-02-2025 09:21,22896,280800,272175,25.1,56756175,1459650,165.65,27895350,310350
20-02-2025 09:21,22893.1,290850,275325,25.8,56828250,1445400,168.55,27896775,282600
20-02-2025 09:21,22894,284550,275850,23.85,56853975,1483500,169.8,27896700,270150
20-02-2025 09:22,22894.4,286500,269850,24.75,56781675,1488525,162.75,27900000,240525
20-02-2025 09:22,22901.35,296325,274725,24.35,56820825,1450125,160.2,27855525,253950
20-02-2025 09:22,22905,295500,265050,25.25,56876550,1462500,155.4,27825450,256500
20-02-2025 09:22,22907,298500,264900,27.35,56919075,1465650,153.05,27836925,274500
20-02-2025 09:22,22908,301500,257325,27.75,56923800,1475475,152.25,27787050,276975
20-02-2025 09:22,22911.45,295950,272925,27.45,56963025,1502700,154,27790875,279525
20-02-2025 09:23,22910.15,294225,275025,27.65,56934000,1530300,155.6,27822300,291900
20-02-2025 09:23,22910,297150,275400,28.55,56974125,1549500,154.6,27851625,300075
20-02-2025 09:23,22911.3,304950,269775,28.3,57064800,1560000,155.7,27863625,303525
20-02-2025 09:23,22911.35,307650,274725,28.65,57056475,1579650,153.75,27860325,312000
20-02-2025 09:23,22908.95,306150,270450,27.95,57078075,1584525,153.65,27859200,318075
20-02-2025 09:23,22912.65,312375,274800,26.85,57074025,1649250,153.65,27862950,317550
20-02-2025 09:24,22904.8,303150,277125,24.55,57002400,1687725,159.5,27897000,313725
20-02-2025 09:24,22902,304425,277125,23.65,56840025,1708350,160.1,27900000,280800
20-02-2025 09:24,22899.2,299475,272400,24.1,56889825,1688700,164.4,27896025,293850
20-02-2025 09:24,22896,302325,275025,24.55,56952675,1736550,163.3,27889950,300975
20-02-2025 09:24,22898,309300,273225,23.8,56976000,1784475,164.8,27895500,313350
20-02-2025 09:24,22896.9,306825,274800,23.05,56972025,1837125,164.6,27895650,295950
20-02-2025 09:25,22896,296550,274800,22.85,56959050,1848375,166.25,27905850,287100
20-02-2025 09:25,22896,300375,277200,23.05,57029025,1854900,164.95,27891225,292050
20-02-2025 09:25,22896,298125,283275,22.8,57033600,1879875,163.1,27934050,297000
20-02-2025 09:25,22897,300300,282300,23.4,57059100,1857900,162.15,27889125,309075
20-02-2025 09:25,22901,297075,287775,24.15,57123675,1872000,161,27886500,320700
20-02-2025 09:25,22900,301725,284400,25.15,57188325,1860975,164.65,27886650,317025
20-02-2025 09:26,22899.5,297525,283950,24.45,57227700,1866750,164.95,27894900,310800
20-02-2025 09:26,22895.55,306150,283875,24.25,57308100,1912875,163.6,27905700,324975
20-02-2025 09:26,22900.85,311100,284025,24.35,57324825,1950525,159.55,27910125,331875
20-02-2025 09:26,22902,309600,287625,23.05,57336900,1992300,161.75,27898350,332700
20-02-2025 09:26,22900.2,305850,285150,23.6,57338250,1962975,160.1,27870075,322800
20-02-2025 09:26,22901.55,309375,286800,23.9,57376050,1978125,158.45,27856350,322650
20-02-2025 09:27,22901.1,309300,290625,23.6,57412575,1976625,158.35,27850725,327900
20-02-2025 09:27,22903.3,304950,286425,22.8,57321675,2030850,159.2,27840675,328200
20-02-2025 09:27,22901,307350,286575,23,57322800,2047800,158.6,27857025,324825
20-02-2025 09:27,22904.9,307200,295575,23.7,57359475,2032725,158.6,27862725,327150
20-02-2025 09:27,22908.2,309975,278175,25.6,57356100,2020425,151.45,27864000,334350
20-02-2025 09:27,22913.95,308250,284100,27.25,57334125,1921350,147,27797700,320850
20-02-2025 09:28,22918,315600,281250,26.75,57330300,1897575,148,27793125,332175
20-02-2025 09:28,22917,312825,284700,26.5,57311250,1966050,147.8,27824925,329550
20-02-2025 09:28,22915.55,316875,289875,25.5,57317325,2018175,148.5,27836400,335325
20-02-2025 09:28,22909.35,307050,293850,23.35,57242175,2063700,154.45,27857775,331650
20-02-2025 09:28,22901.9,310425,294600,22.2,57152175,2093250,158.8,27865575,309600
20-02-2025 09:28,22900,314025,298200,21.85,57202800,2078850,162.7,27863250,307050
20-02-2025 09:29,22895,299100,292500,20.25,57182700,2163675,169.3,27867600,296625
20-02-2025 09:29,22879.9,294450,289350,19.6,57040725,2171850,173.9,27875550,235200
20-02-2025 09:29,22888.7,291225,284250,19.85,57025725,2142225,168.7,27869400,225900
20-02-2025 09:29,22885.95,299475,297525,20.45,57164025,2111175,172.8,27875775,225450
20-02-2025 09:29,22887.15,306000,298875,21.05,57289050,2105625,173.65,27857850,245925
20-02-2025 09:29,22885.6,301350,285075,20.1,57363000,2189850,173.55,27857550,264900
20-02-2025 09:30,22888.25,300525,292575,21.25,57340200,2184525,171.45,27865500,279525
20-02-2025 09:30,22893.85,305700,298800,21.5,57412725,2199150,168,27862350,295125
20-02-2025 09:30,22890,302550,303150,20.6,57449250,2224275,171.2,27880875,299250
20-02-2025 09:30,22889.4,301200,296100,20.9,57441675,2280750,170.7,27881250,307725
20-02-2025 09:30,22890,306675,302850,20.7,57506775,2312400,167.8,27879450,320475
20-02-2025 09:30,22890.7,305325,304425,20.1,57499875,2377275,165.9,27883500,321225
20-02-2025 09:31,22899,308400,296925,21.8,57463725,2340900,157,27860250,320925
20-02-2025 09:31,22899.4,316725,304950,21.85,57485625,2333325,159.3,27825375,314850
20-02-2025 09:31,22897,312900,305175,20.35,57504750,2403450,160,27848100,317925
20-02-2025 09:31,22898.9,312600,294525,21.25,57469950,2447475,157.25,27863925,327975
20-02-2025 09:31,22898.85,316425,301050,21.25,57503100,2392125,154.45,27852375,333150
20-02-2025 09:31,22900,315525,304575,20.2,57532875,2430750,157.65,27854775,325875
20-02-2025 09:32,22896.05,312225,304950,19.35,57482925,2513700,160.5,27873900,314700
20-02-2025 09:32,22897.3,318525,305925,19.5,57542625,2498850,159,27876600,332850
20-02-2025 09:32,22896.45,305250,309225,19.15,57551925,2557200,160.7,27886950,342900
20-02-2025 09:32,22904.8,315150,289125,21,57731325,2527200,152,27885675,348150
20-02-2025 09:32,22905.65,315525,301200,21.35,57783600,2429850,153.8,27874350,345600
20-02-2025 09:32,22902,301500,303975,21,57793950,2481975,154.45,27887850,350850
20-02-2025 09:33,22901.6,312525,303750,21.35,57736200,2499900,153.6,27895275,347100
20-02-2025 09:33,22904.9,308100,304875,20.9,57738975,2456475,155.4,27911250,349050
20-02-2025 09:33,22905.7,313500,306975,21,57730125,2474925,155.25,27912000,356925
20-02-2025 09:33,22904.5,312075,309375,20.75,57714750,2510025,157.35,27915225,351825
20-02-2025 09:33,22906.7,312750,307950,21.5,57806100,2486850,154.15,28026150,363075
20-02-2025 09:33,22906.5,315675,305550,21.5,57834450,2507175,156,28023075,365475
20-02-2025 09:34,22901.6,314700,312750,20.75,57800625,2519100,157.3,28028100,352050
20-02-2025 09:34,22902.55,317250,304875,20.2,57687900,2513250,153.3,28025550,348225
20-02-2025 09:34,22908,318075,311100,20.45,57672750,2531175,150.9,28031925,363075
20-02-2025 09:34,22915,321750,302175,21.75,57701925,2496300,146.3,28010025,356775
20-02-2025 09:34,22908.6,318075,305925,20.4,57740325,2432100,151.05,27968850,350325
20-02-2025 09:34,22910.45,310125,304650,20.2,57751875,2478750,151.8,27998475,345675
20-02-2025 09:35,22911.25,316125,308700,20.4,57785400,2473425,148.5,27988650,371100
20-02-2025 09:35,22915,312975,298500,22.55,57919350,2422125,144.25,27975075,385200
20-02-2025 09:35,22915,316500,300825,23.05,57919950,2327550,145.05,27939600,388200
20-02-2025 09:35,22919.5,315600,303150,24.05,57928875,2336325,145,27909075,389400
20-02-2025 09:35,22915.55,312450,305175,23.5,57912825,2407425,147.35,27932175,385200
20-02-2025 09:35,22914.15,309750,306000,22.6,57944325,2481975,148.1,27974775,374775
20-02-2025 09:36,22913.65,320100,290625,24.3,58036500,2474700,144.05,28049100,394650
20-02-2025 09:36,22920,316350,304575,25.75,58038450,2432775,144.85,28270875,398025
20-02-2025 09:36,22919.15,308550,305550,25.7,58031775,2259750,144.45,28273050,392475
20-02-2025 09:36,22921.75,316800,303375,25.55,57976125,1914225,143,28326375,401850
20-02-2025 09:36,22926.75,319575,300900,27,58056450,1957650,139.45,28341450,426150
20-02-2025 09:36,22926.75,324075,284625,27.7,58100325,1998675,138.4,28352100,427125
20-02-2025 09:37,22930,324675,297375,27.05,58121250,2011875,135.65,28329450,431850
20-02-2025 09:37,22930,321300,305475,27.65,58143225,2045625,134.1,28344225,440700
20-02-2025 09:37,22931.55,332175,297675,27.6,58127250,2082225,134.15,28349925,432225
20-02-2025 09:37,22931.35,323925,304125,27.3,58127400,2115450,133,28354275,457950
20-02-2025 09:37,22930,324150,300825,27.45,58158000,2177175,133.15,28366575,457950
20-02-2025 09:37,22928,324450,312900,26.05,58116750,2206350,133.45,28370850,445425
20-02-2025 09:38,22931.4,320100,312000,26.6,58101075,2257275,131.55,28374675,485775
20-02-2025 09:38,22930.2,322275,312675,26.2,58108800,2267775,131.9,28373925,487500
20-02-2025 09:38,22930.95,322200,318675,27.7,58137900,2279100,129.15,28366575,492450
20-02-2025 09:38,22932.8,320625,313350,29.3,58174800,2196675,126.45,28351350,508875
20-02-2025 09:38,22934,325350,321225,28.15,58137150,2223750,129.4,28364400,505575
20-02-2025 09:38,22927.25,322200,321300,27.75,58124475,2297100,132.25,28454325,504825
20-02-2025 09:39,22921.4,309450,330975,26.75,58089450,2340375,132.75,28494600,498600
20-02-2025 09:39,22923.05,317475,330675,26.75,58091850,2381850,133.4,28505700,515850
20-02-2025 09:39,22929.35,325575,322800,27.6,58207725,2370000,130.2,28510350,527100
20-02-2025 09:39,22935.9,328350,323025,29.6,58230450,2307600,124.85,28454550,524775
20-02-2025 09:39,22935.6,325875,300975,29.05,58225125,2210625,124.45,28422600,528975
20-02-2025 09:39,22935.05,326175,321225,28.25,58253100,2310750,125,28452525,537150
20-02-2025 09:40,22936.05,325800,318450,29.7,58281375,2289375,123.55,28454175,540750
20-02-2025 09:40,22936.05,330600,319950,28.85,58328925,2294850,124.45,28461600,538650
20-02-2025 09:40,22933.9,327600,321675,27.3,58340100,2313675,128.4,28469550,528600
20-02-2025 09:40,22934,328125,321825,27.75,58272075,2351550,127.95,28486950,507450
20-02-2025 09:40,22934,330975,327825,28.15,58274925,2390850,124.35,28497525,525750
20-02-2025 09:40,22932.2,326775,313650,28.05,58344600,2342325,122.45,28480125,538950
20-02-2025 09:41,22937.2,330000,319275,27.35,58310625,2372625,122.15,28428150,535500
20-02-2025 09:41,22939,331425,321450,28.25,58382700,2373975,119.8,28431225,547950
20-02-2025 09:41,22936.25,327900,324975,26.8,58382700,2428050,123.5,28448175,538500
20-02-2025 09:41,22934.05,326700,332100,26.35,58221300,2486025,123.8,28468125,540225
20-02-2025 09:41,22934.4,329400,329850,27.3,58267725,2470800,122,28455150,548325
20-02-2025 09:41,22932.05,320700,334575,25.9,58258050,2488575,124.9,28528725,556725
20-02-2025 09:42,22925.6,321900,335475,25.6,58127700,2533425,125,28553925,537000
20-02-2025 09:42,22924.1,318150,329850,23.55,58203375,2572050,130.3,28569450,539550
20-02-2025 09:42,22920.15,316800,337575,24.7,58010400,2573025,128.85,28574100,500100
20-02-2025 09:42,22922.2,320775,332700,24.75,58104975,2522850,128.8,28578675,519150
20-02-2025 09:42,22924.85,325275,333300,24.3,58226775,2515575,129.9,28668450,526650
20-02-2025 09:42,22924.9,316350,337125,22.7,58206225,2610375,132.15,28686000,525225
20-02-2025 09:43,22922.5,324900,338400,23.45,58191600,2591625,128.9,28686525,576225
20-02-2025 09:43,22919.05,316200,336975,21.65,58198050,2602350,133.35,28695975,567150
20-02-2025 09:43,22918,320850,336825,20.8,58120275,2615925,135.55,28739475,572850
20-02-2025 09:43,22915,311175,339375,21.3,58102650,2610450,135.45,28743075,545775
20-02-2025 09:43,22916.05,319650,339975,21.75,58214550,2558250,137.25,28742775,571800
20-02-2025 09:43,22918,322500,332175,21.95,58285050,2559525,136.1,28763550,576975
20-02-2025 09:44,22920,323400,333375,23.05,58331925,2586075,132.5,28835025,604875
20-02-2025 09:44,22924.85,325350,332400,23.7,58381125,2559300,130.05,28765575,613425
20-02-2025 09:44,22925,325500,334200,23.4,58375050,2583825,130.65,28719450,617325
20-02-2025 09:44,22919.7,324750,332100,23.65,58392675,2594400,132.5,28714275,623250
20-02-2025 09:44,22921,327675,338550,23.25,58367325,2687025,133.35,28729950,624150
20-02-2025 09:44,22920,326775,333825,22.2,58488150,2732100,134.8,28734300,599925
20-02-2025 09:45,22918.1,323325,335550,21.1,58397925,2771625,137.2,28735875,572550
20-02-2025 09:45,22906.6,305400,338175,18.65,58289775,2804550,149,28742175,540525
20-02-2025 09:45,22905,313950,336900,18.75,57972750,2841975,148.95,28739625,415350
20-02-2025 09:45,22904.8,310425,335925,17.7,57940800,2871675,154.75,28746300,408225
20-02-2025 09:45,22898.55,303750,341400,17.4,57834450,2884575,155.85,28758900,330450
20-02-2025 09:45,22890.1,304875,344400,16,57846900,2869425,162.1,28769325,330075
20-02-2025 09:46,22887.4,294675,339075,15.6,57673275,2860950,164.55,28776675,271950
20-02-2025 09:46,22887.75,291975,334200,15.8,57749100,2905725,166.35,28755525,258900
20-02-2025 09:46,22887.2,302775,340200,15.6,57807750,2861325,166.4,28744275,289275
20-02-2025 09:46,22879.8,278775,345900,15.85,57830625,2865450,173.3,28742400,285000
20-02-2025 09:46,22861.9,271200,344475,16.4,57905625,2819775,184.55,28805100,214200
20-02-2025 09:46,22868.85,262275,344850,16.25,57870600,2838075,187.5,28804800,126525
20-02-2025 09:47,22864.85,270825,341550,14.4,57769125,2940075,190.95,28792200,152325
20-02-2025 09:47,22861.55,263100,348225,14.35,57683025,2943450,193.6,28790850,180150
20-02-2025 09:47,22858,261900,352275,14.05,57682425,2951625,192.15,28789950,176625
20-02-2025 09:47,22858.4,271800,356025,14,57680400,2955750,191.15,28793625,191175
20-02-2025 09:47,22859.95,274875,358350,14.3,57832050,2912700,186.9,28771725,195150
20-02-2025 09:47,22863.55,279300,348000,14.7,57918900,2902350,181.9,28737225,212700
20-02-2025 09:48,22870,284550,353550,14.85,57992625,2914500,180.6,28714425,219900
20-02-2025 09:48,22872,286875,351600,15.15,57958575,3031350,179.9,28720575,206775
20-02-2025 09:48,22875,275775,353250,15.3,58079250,3087750,176.4,28743600,215625
20-02-2025 09:48,22885,274950,352575,15.7,58111950,2993925,166.95,28737225,218175
20-02-2025 09:48,22882.45,274725,348450,15.3,58081875,2991150,171.55,28710600,215625
20-02-2025 09:48,22878.95,278100,359700,14.75,58061625,3053700,174.4,28729200,213225
20-02-2025 09:49,22866.55,261150,361950,13.9,57939750,3141975,187.4,28653825,210675
20-02-2025 09:49,22864,267825,358725,13.75,57862875,3187425,189.7,28524825,186525
20-02-2025 09:49,22862.75,274125,361500,14,57896400,3163350,186.2,28448250,207675
20-02-2025 09:49,22865.05,274650,358950,14.1,58012050,3169425,185.45,28448475,226725
20-02-2025 09:49,22867.1,270900,359250,13.6,58058250,3173175,187.75,28453725,231675
20-02-2025 09:49,22861.55,278400,363900,13.7,58050750,3191025,187.75,28456725,257550
20-02-2025 09:50,22865,271575,362175,13.6,58055550,3236100,186.4,28434375,246375
20-02-2025 09:50,22869,288375,359850,13.9,58128225,3235950,184.5,28385325,261225
20-02-2025 09:50,22863.75,278400,360075,14,58156575,3243300,182.95,28316550,267525
20-02-2025 09:50,22869,282975,360000,13.95,58154250,3256500,184.4,28282200,270750
20-02-2025 09:50,22866.45,284175,360075,14.2,58216950,3239850,182.05,28226250,270150
20-02-2025 09:50,22873,289500,357975,14.45,58238550,3206775,179.6,28178625,276300
20-02-2025 09:51,22875,292200,360825,14.45,58336350,3199275,178,28142850,283500
20-02-2025 09:51,22873,279675,363675,14.1,58254975,3210075,182.75,28168275,275850
20-02-2025 09:51,22877,289875,363975,14.3,58193250,3244950,178.4,28170975,280800
20-02-2025 09:51,22872.85,293325,363225,14.5,58302975,3220125,177.7,28164450,285975
20-02-2025 09:51,22874,293025,367425,14.6,58271850,3252900,181.6,28140975,283500
20-02-2025 09:51,22871.9,290550,369900,14.2,58282575,3252300,182.35,28142625,275100
20-02-2025 09:52,22867.9,289275,374925,14.25,58156950,3285075,185.1,28156575,258825
20-02-2025 09:52,22874,295950,356100,14.85,58228125,3252525,177.25,28162950,277500
20-02-2025 09:52,22882.95,293400,363450,15.25,58313550,3176925,172.35,28151625,273150
20-02-2025 09:52,22877.8,294075,366525,15.25,58290975,3137625,169.45,28105200,271200
20-02-2025 09:52,22883.65,296475,367875,15.2,58240575,3144600,171.4,28115850,274050
20-02-2025 09:52,22883.05,302400,353850,15.65,58263975,3155100,166.3,28116825,283875
20-02-2025 09:53,22885,302100,358575,15.95,58272225,3156525,163.65,28095375,289350
20-02-2025 09:53,22893.4,306600,353625,16.65,58234575,3129825,159.3,28089225,287100
20-02-2025 09:53,22894.5,310350,341775,16.65,58214925,3186525,158.55,28082100,284475
20-02-2025 09:53,22894.3,315600,355050,16.4,58198725,3258225,159.95,28097475,286800
20-02-2025 09:53,22900.05,314325,347025,18.25,58231275,3273600,150.15,28100625,298200
20-02-2025 09:53,22904.25,307500,357525,17.9,58179375,3086175,148.65,28021275,294150
20-02-2025 09:54,22905,312375,342375,18,58137825,3026100,145,28017450,315375
20-02-2025 09:54,22895,302625,358425,16.65,58093125,3066825,149.65,28034700,302850
20-02-2025 09:54,22897.45,308100,351000,16.1,58045125,3082350,150.05,28058625,298500
20-02-2025 09:54,22895.5,299925,362250,15.3,58061250,3143925,154,28063500,316725
20-02-2025 09:54,22898.25,312300,360375,16.1,58065750,3106500,150.05,28078950,311775
20-02-2025 09:54,22901,308250,357600,17.5,58143075,3071100,142.75,28056825,322875
20-02-2025 09:55,22908.6,317625,346500,18.9,58181700,3041550,136.75,28027725,331650
20-02-2025 09:55,22907.7,315750,354225,18.7,58188000,3014625,139.05,28046325,334575
20-02-2025 09:55,22906.75,314850,355875,18.1,58187100,3104475,141.55,28066875,325050
20-02-2025 09:55,22910.15,309225,353400,18.3,58268175,3136725,140.55,28068750,345225
20-02-2025 09:55,22904.1,316500,359475,18.05,58231725,3187650,140.35,28079925,351975
20-02-2025 09:55,22901,316425,363600,16.15,58190325,3217650,147.55,28108800,342750
20-02-2025 09:56,22902.55,314925,358500,17.3,58205850,3159000,141.75,28118250,343125
20-02-2025 09:56,22904.95,314775,362550,18,58325325,3127575,139.3,28107750,352500
20-02-2025 09:56,22904.6,318225,396675,18.7,58331625,3143325,139.05,28086000,353100
20-02-2025 09:56,22910.65,322275,396375,18.25,58307025,3199725,139.45,28109625,363750
20-02-2025 09:56,22908,320250,397575,17.9,58301625,3224925,141.55,28116975,372975
20-02-2025 09:56,22906.65,314925,394800,18.4,58279275,3232650,139,28131075,375225
20-02-2025 09:57,22909.75,315600,392025,18.25,58300350,3213825,140.4,28142400,375000
20-02-2025 09:57,22907.45,315975,400650,17.75,58270725,3277200,141.65,28179450,376350
20-02-2025 09:57,22908.35,315150,401475,17.8,58266225,3299700,140.8,28188675,369750
20-02-2025 09:57,22905,318750,405525,17.7,58250775,3296925,142.3,28196775,376725
20-02-2025 09:57,22904.95,315750,402900,17.55,58253700,3316650,143.1,28226400,378150
20-02-2025 09:57,22905.45,317175,398925,18.2,58262625,3311400,141.75,28224075,378375
20-02-2025 09:58,22905.1,315900,406050,17.35,58269300,3294150,143.25,28214475,386250
20-02-2025 09:58,22900.05,317025,405300,16.15,58208175,3339300,145.4,28212375,374400
20-02-2025 09:58,22889.5,316275,409275,15.7,58183275,3332250,150.65,28220400,360375
20-02-2025 09:58,22897,312675,405975,15.85,58130700,3353250,150.85,28210875,365100
20-02-2025 09:58,22898.4,318825,402975,16,58216275,3317700,148.9,28197150,375975
20-02-2025 09:58,22898.55,316500,409575,16.15,58213950,3300600,147.6,28188375,390075
20-02-2025 09:59,22901.8,320475,408075,16.7,58266750,3330675,145.85,28188450,396525
20-02-2025 09:59,22904,320100,396600,17.15,58507350,3281175,140.6,28190775,411900
20-02-2025 09:59,22909.9,322200,394125,18.5,58516275,3259050,137.6,28166700,393525
20-02-2025 09:59,22908.7,319275,393075,19.15,58540275,3249075,134,28159425,394575
20-02-2025 09:59,22922.55,320850,383925,22.05,58532100,3179625,122.7,28144500,394500
20-02-2025 09:59,22919,312300,390375,21.7,58429800,2880150,127.35,28082100,385800
20-02-2025 10:00,22918.2,321075,389775,19.75,58483725,2958900,130.6,28120725,403350
20-02-2025 10:00,22913,311850,389850,19.55,58436100,3002175,133.3,28169850,399300
20-02-2025 10:00,22915,318000,401475,19.1,58540200,3026250,134.1,28169925,412050
20-02-2025 10:00,22910.1,318750,400950,18.5,58527075,3050625,135.25,28191375,404475
20-02-2025 10:00,22907.8,322875,402375,18.75,58461150,3086025,135.1,28199850,400275
20-02-2025 10:00,22915,324150,399675,18.8,58487625,3077475,135,28177200,399600
20-02-2025 10:01,22918.55,323625,395550,19.55,58556850,3072375,130.95,28176525,415575
20-02-2025 10:01,22911.4,316575,401100,18.95,58560975,3233400,133.45,28200000,419100
20-02-2025 10:01,22915,318975,402075,18.6,58632300,3211350,132.95,28204500,430125
20-02-2025 10:01,22912,310875,406800,18,58582350,3278250,134.2,28212000,438000
20-02-2025 10:01,22917,323400,402600,18.75,58616475,3198150,131.3,28211100,440625
20-02-2025 10:01,22917.6,324300,396375,19.25,58631550,3160050,129.65,28211550,435750
20-02-2025 10:02,22917,327825,399600,19.35,58632750,3191550,127.7,28182675,436500
20-02-2025 10:02,22915,328500,400500,18.65,58644300,3235800,129.5,28193250,435150
20-02-2025 10:02,22915,327000,402000,18.4,58667625,3262350,131.15,28217325,445275
20-02-2025 10:02,22915,323850,404700,18.6,58670325,3289800,130.5,28228650,447750
20-02-2025 10:02,22914,325500,406575,18.1,58637775,3285825,132,28240275,451350
20-02-2025 10:02,22916.5,328800,405150,19.95,58683375,3258900,128.3,28235175,462300
20-02-2025 10:03,22916.9,328875,400650,18.95,58682550,3216300,128.65,28224300,464850
20-02-2025 10:03,22916.85,324525,409350,18.25,58692150,3255525,130.95,28240350,468075
20-02-2025 10:03,22913,325950,415275,18.6,58704450,3283500,130.2,28249950,469200
20-02-2025 10:03,22912,325650,410475,17.9,58670625,3275625,132.75,28258050,468600
20-02-2025 10:03,22911.5,326025,404100,18.6,58681200,3312075,131.55,28269675,466650
20-02-2025 10:03,22913,326100,408675,18.55,58704750,3262950,132.3,28271025,472725
20-02-2025 10:04,22915,331125,412275,18.8,58715250,3196575,131.75,28263000,475725
20-02-2025 10:04,22913.35,333300,413400,17.95,58701375,3219150,132.85,28267950,478200
20-02-2025 10:04,22910.1,330225,412275,17.95,58656075,3230475,133.8,28278075,463725
20-02-2025 10:04,22910.25,330225,407400,18.3,58736925,3218850,131.5,28271025,468375
20-02-2025 10:04,22914.4,335025,410925,18.3,58746300,3208125,131.95,28267950,475350
20-02-2025 10:04,22914.4,337050,416775,17.85,58707000,3213600,132.15,28263375,483150
20-02-2025 10:05,22910,329550,412200,17.1,58622625,3240825,135.45,28264875,475500
20-02-2025 10:05,22904.15,320475,415200,16.05,58532400,3254475,139.2,28263300,458100
20-02-2025 10:05,22900.2,326100,412350,15.7,58484250,3248250,143.8,28258725,422175
20-02-2025 10:05,22907.45,331125,411300,17.55,58590225,3222600,135.45,28246500,424575
20-02-2025 10:05,22915.3,339150,408975,18.4,58592250,3196875,129.9,28232550,438375
20-02-2025 10:05,22920.95,335550,406350,18.35,58574250,3170625,128.5,28222425,445650
20-02-2025 10:06,22905.8,319575,413475,16.05,58534425,3219900,140.9,28207950,437850
20-02-2025 10:06,22903.2,322350,418050,16.15,58518450,3246825,141.15,28206600,428175
20-02-2025 10:06,22904.05,326400,419925,15.95,58548075,3272100,142.5,28220850,445200
20-02-2025 10:06,22903.95,325200,417600,16.5,58599225,3258000,140.2,28221000,461025
20-02-2025 10:06,22902.15,320400,420825,15.45,58552800,3315825,142.5,28221300,457575
20-02-2025 10:06,22903.1,326400,418575,15.55,58387125,3329475,142.35,28243200,453375
20-02-2025 10:07,22907.3,329025,420000,16.2,58382475,3311700,139.25,28245000,444225
20-02-2025 10:07,22910.8,327225,423075,16.85,58471050,3314175,134.8,28227975,450600
20-02-2025 10:07,22910.8,329775,425400,16.3,58424775,3364725,138.65,28229625,446100
20-02-2025 10:07,22900.5,323550,424650,15.35,58366425,3434100,142,28243725,448575
20-02-2025 10:07,22903.85,323175,425025,15.65,58341375,3444450,142.15,28246950,452925
20-02-2025 10:07,22901.4,326400,420450,15.2,58325250,3492300,145.8,28260075,454500
20-02-2025 10:08,22900.65,323700,422400,15,58273725,3502500,145.2,28259100,464100
20-02-2025 10:08,22900,326550,414075,14.9,58338750,3479550,145.95,28261125,468675
20-02-2025 10:08,22903.1,327600,425400,15.7,58374150,3493725,141.15,28255200,447150
20-02-2025 10:08,22906.5,329625,424350,15.65,58429875,3435825,140.8,28250100,448800
20-02-2025 10:08,22903.95,327375,426000,15.9,58500150,3470175,139.85,28256325,462075
20-02-2025 10:08,22905,330750,424800,15.85,58536525,3485400,141.6,28257150,455475
20-02-2025 10:09,22905.9,329925,421725,16,58474875,3525525,139.1,28259325,467775
20-02-2025 10:09,22911.3,332925,417000,16.95,58509000,3468375,132.35,28250325,470700
20-02-2025 10:09,22915,333750,418575,17.1,58480725,3536625,133.2,28223775,475200
20-02-2025 10:09,22914.35,331125,420225,17.6,58543125,3476850,131.7,28225050,465375
20-02-2025 10:09,22917,332325,413625,18.25,58577475,3472425,126.95,28241025,478800
20-02-2025 10:09,22918.85,334125,418200,18.05,58537200,3453750,127.35,28103400,480975
20-02-2025 10:10,22922,332475,418875,18.95,58532325,3364650,124.1,28095150,488850
20-02-2025 10:10,22921.5,329625,417600,17.8,58537725,3394275,127.15,28122150,481800
20-02-2025 10:10,22916.5,333300,421350,17.75,58467300,3410625,127.8,28149450,486675
20-02-2025 10:10,22917.7,334425,425250,17.25,58388100,3438300,129.1,28163700,492675
20-02-2025 10:10,22917.95,335550,419775,17.7,58436925,3453000,128.1,28160925,513900
20-02-2025 10:10,22919.75,334500,418125,18.65,58509750,3462900,124.65,28159500,534000
20-02-2025 10:11,22920,333750,420150,18.1,58509075,3460275,126.75,28141350,532950
20-02-2025 10:11,22917.15,326100,421050,17.9,58459875,3475050,127.9,28152750,538875
20-02-2025 10:11,22918,335250,421875,18.3,58498500,3476100,127.85,28158675,537900
20-02-2025 10:11,22916.1,334050,431025,17.2,58521975,3492750,129.9,28166250,535350
20-02-2025 10:11,22909.1,329850,431325,15.7,58377675,3522300,137.65,28181700,473850
20-02-2025 10:11,22908,344850,424875,15.95,58380000,3519900,135.9,28172700,469650
20-02-2025 10:12,22918.65,379500,423300,16.75,58500525,3490800,130.95,28172325,478275
20-02-2025 10:12,22919,390600,413325,16.95,58552275,3464250,130.45,28166550,483675
20-02-2025 10:12,22919.95,408375,414825,17.95,58598400,3447225,129,28172175,489525
20-02-2025 10:12,22916.55,418800,427950,17.6,58625025,3431700,129.4,28164675,490050
20-02-2025 10:12,22917,447075,426750,18.5,58564875,3466950,127.9,28183950,494025
20-02-2025 10:12,22915.75,445875,426600,18.55,58608225,3467850,128.6,28192725,500400
20-02-2025 10:13,22915,442200,425025,18.6,58630200,3451050,131.2,28207050,504150
20-02-2025 10:13,22916.45,444900,423675,17.85,58609275,3508650,131.65,28207875,483150
20-02-2025 10:13,22914,442950,425175,17.5,58592625,3516675,133.6,28204275,478500
20-02-2025 10:13,22910.05,442800,425775,17.2,58603050,3538875,133.45,28198425,482175
20-02-2025 10:13,22910.25,442200,418500,17.4,58601625,3545175,133,28208400,477225
20-02-2025 10:13,22907.05,444300,426450,16.85,58572975,3623100,135.3,28223175,476700
20-02-2025 10:14,22909.6,443550,425700,17,58567200,3626025,135.25,28229625,462750
20-02-2025 10:14,22911.8,441000,427050,16.75,58632600,3624900,136.4,28216725,468075
20-02-2025 10:14,22909.3,443250,427650,17.25,58614675,3625950,133.6,28218825,474750
20-02-2025 10:14,22910,444225,426375,16.8,58592100,3632775,132.85,28219050,475350
20-02-2025 10:14,22914,446175,426075,17.2,58619625,3590625,132.9,28209600,477150
20-02-2025 10:14,22913.75,444675,427650,17.25,58676925,3584325,131.65,28215000,480225
20-02-2025 10:15,22913.95,445125,425325,16.6,58643925,3610725,131.55,28207350,472950
20-02-2025 10:15,22914.85,450000,418275,17.95,58690050,3628500,128.9,28208400,504975
20-02-2025 10:15,22919,450075,410775,17.45,58704825,3548850,130,28199175,505950
20-02-2025 10:15,22915.05,448725,426300,17.3,58687425,3563700,129.55,28213725,507150
20-02-2025 10:15,22916.6,445200,426000,17.15,58705425,3607275,130,28227750,519750
20-02-2025 10:15,22910.25,444600,432000,15.9,58678350,3658125,134.05,28236600,516225
20-02-2025 10:16,22909.25,438375,428100,16.05,58541550,3667875,133.9,28238625,488100
20-02-2025 10:16,22906.15,439050,430050,15.5,58532175,3678150,137.05,28230600,481200
20-02-2025 10:16,22912,443175,428850,16.55,58557000,3679650,132.6,28230000,480525
20-02-2025 10:16,22915.05,446325,418275,16.85,58678650,3603675,129.3,28216725,489975
20-02-2025 10:16,22919.2,447075,425475,17.15,58689075,3599100,128.55,28224450,496350
20-02-2025 10:16,22914,440250,428400,16.25,58629675,3669525,130.85,28227675,499275
20-02-2025 10:17,22919,449250,435150,16.7,58589175,3615825,129.05,28230600,503850
20-02-2025 10:17,22918.05,442950,426750,16.8,58621050,3599100,128.6,28227900,501975
20-02-2025 10:17,22915.5,448800,425925,17.2,58666275,3584850,126.75,28208250,509250
20-02-2025 10:17,22919,445650,426525,17.15,58689900,3583425,128.1,28236000,511950
20-02-2025 10:17,22915.05,446475,426825,16.95,58702425,3617025,128.3,28249125,519675
20-02-2025 10:17,22919,450750,429075,17.7,58727625,3613725,125.95,28243125,537600
20-02-2025 10:18,22919,451425,427275,18,58735575,3599400,124.5,28238550,542100
20-02-2025 10:18,22935,446850,419625,25,58793250,3516750,114.8,28210350,538875
20-02-2025 10:18,22927.15,447750,411075,19.8,58711425,2935725,120.25,28069125,525675
20-02-2025 10:18,22926.35,443550,414300,19.45,58759275,2989950,122,28100850,529125
20-02-2025 10:18,22917.3,449250,419775,18.15,58830525,3054300,124.95,28132350,552825
20-02-2025 10:18,22921.45,450900,419175,18.95,58637475,3066300,121.65,28151175,554250
20-02-2025 10:19,22923.45,450075,414525,19.6,58708875,3058350,122.1,28135350,570675
20-02-2025 10:19,22927.55,451350,411975,20.1,58771725,3048450,121.55,28139325,598200
20-02-2025 10:19,22928.45,449325,418350,19.7,58740375,3130950,122.05,28158525,597150
20-02-2025 10:19,22926.65,451050,422775,19.6,58755600,3146625,123.95,28168200,595800
20-02-2025 10:19,22926.7,456225,415725,20.15,58800000,3210450,121.4,28174725,612375
20-02-2025 10:19,22926.7,454425,415350,20,58826550,3208050,121.4,28206600,619800
20-02-2025 10:20,22926,453975,418425,19.55,58823025,3209025,122.55,28313775,623625
20-02-2025 10:20,22928,452850,418125,20,58854450,3184950,121.6,28400325,620325
20-02-2025 10:20,22927,453750,423000,20.4,58802175,3232500,120.65,28437375,624825
20-02-2025 10:20,22928,456750,422625,20.5,58838025,3206475,121.3,28442400,633825
20-02-2025 10:20,22930,452325,420525,20.75,58827225,3228225,119.45,28448550,642075
20-02-2025 10:20,22930,458250,419325,21.65,58830675,3219600,116.6,28439100,641175
20-02-2025 10:21,22932.7,459150,414075,21.9,58839975,3186150,116,28421475,643650
20-02-2025 10:21,22931.2,454950,416550,21.3,58846800,3211500,117.9,28408575,643875
20-02-2025 10:21,22928.35,451050,423450,20.8,58844025,3255675,119.5,28422150,629550
20-02-2025 10:21,22928.45,454800,421500,20.05,58786575,3299100,119.5,28426800,625950
20-02-2025 10:21,22928.55,456225,418275,20.65,58755600,3278325,118.1,28432575,631125
20-02-2025 10:21,22930.55,456900,417975,21.45,58628100,3283200,116.25,28432350,635250
20-02-2025 10:22,22932.5,458325,417450,20.7,58547775,3272325,116.8,28432125,635700
20-02-2025 10:22,22930.15,459225,419925,20.4,58536975,3331200,116,28420125,633750
20-02-2025 10:22,22934.95,461850,416325,20.9,58544925,3324975,114.65,28410750,641850
20-02-2025 10:22,22940.3,462900,402150,22.35,58553100,3310125,110.35,28400850,642675
20-02-2025 10:22,22944.85,460875,407850,26.3,58528200,3184125,110.7,28345200,644925
20-02-2025 10:22,22942.15,450450,409200,25.6,58486200,2874600,109.9,28352400,645225
20-02-2025 10:23,22945,460800,409425,26,58473375,2874975,106.15,28359450,650925
20-02-2025 10:23,22947,461025,406725,26.1,58408050,2924700,105.5,28373700,653325
20-02-2025 10:23,22948,461100,407400,26.6,58405500,2953650,106.6,28377825,654000
20-02-2025 10:23,22940,458475,419250,23.9,58400175,2930925,109.8,28407975,650925
20-02-2025 10:23,22932.05,445125,420600,21.95,58296825,2949075,114.15,28425825,640125
20-02-2025 10:23,22934.9,451425,410700,21.85,58188675,2992725,115.15,28422675,626175
20-02-2025 10:24,22928.1,451350,417600,21.35,58166100,3021750,118.8,28441350,611025
20-02-2025 10:24,22925,452700,419625,19.8,58165800,3026850,123.95,28444125,612075
20-02-2025 10:24,22920.6,442800,423375,18.15,58058850,3036525,129.35,28455675,557550
20-02-2025 10:24,22921.45,456750,412350,19.95,58102350,2984325,124.25,28435125,537000
20-02-2025 10:24,22925.25,458325,415875,19.9,58195350,3014925,120.3,28408125,547200
20-02-2025 10:24,22928.95,455625,418425,20.05,58228950,3069825,121.6,28411725,553725
20-02-2025 10:25,22930,459825,417300,21.35,58286775,3048525,120.35,28398675,567975
20-02-2025 10:25,22929,459450,419325,21.85,58333050,3097950,117.95,28403100,582075
20-02-2025 10:25,22933,458175,416025,21.3,58362975,3045975,118.65,28425300,591300
20-02-2025 10:25,22931.05,462150,419925,21.45,58379175,3118500,118.35,28437375,592800
20-02-2025 10:25,22925,450750,417375,19,58315575,3221100,126.5,28440900,575550
20-02-2025 10:25,22924.2,457350,418350,19.2,58218600,3217650,124.6,28437975,559425
20-02-2025 10:26,22932.55,457350,410850,20.15,58293900,3197625,119.3,28424475,575250
20-02-2025 10:26,22925.05,460575,425925,18.3,58302600,3255450,125.7,28428075,591975
20-02-2025 10:26,22924.1,456825,423150,18.55,58205625,3285600,126,28444125,574800
20-02-2025 10:26,22920.25,454050,421650,17.55,58227150,3297750,128.35,28460025,567075
20-02-2025 10:26,22921.05,456075,425625,16.85,58205850,3316800,129.55,28461825,555750
20-02-2025 10:26,22918.4,459900,422325,16.9,58152900,3369225,126.75,28457850,564075
20-02-2025 10:27,22916.65,460050,422550,16.6,58206300,3349425,128.75,28459425,574950
20-02-2025 10:27,22917,458550,424050,16,58231050,3364725,130,28466775,579675
20-02-2025 10:27,22916.05,456825,423825,15.95,58132650,3367575,130.2,28476750,568425
20-02-2025 10:27,22916,457875,420375,16,58180050,3341100,129.3,28478550,575625
20-02-2025 10:27,22916,458100,422775,16.2,58155825,3348075,127.9,28476600,584250
20-02-2025 10:27,22916,461175,420300,16.2,58253925,3384600,128.2,28474350,583725
20-02-2025 10:28,22916,461025,420600,15.85,58242900,3385575,130,28482525,575775
20-02-2025 10:28,22924.95,465450,418575,17,58340325,3387675,124.1,28477125,570300
20-02-2025 10:28,22924.95,464100,420375,16.75,58415925,3378825,123.45,28451775,570750
20-02-2025 10:28,22921.25,464850,417225,16.6,58419450,3419700,123.3,28448850,578025
20-02-2025 10:28,22920,452625,423600,16.25,58462875,3420300,128.55,28472250,572175
20-02-2025 10:28,22920.05,460950,424425,16.3,58385625,3458775,127.7,28477200,561300
20-02-2025 10:29,22917.05,460875,424875,15.9,58400625,3459000,129.5,28479000,558975
20-02-2025 10:29,22918.5,462075,421875,15.85,58414650,3477675,129.7,28485750,556725
20-02-2025 10:29,22920,463350,422550,16,58455000,3489900,127.4,28480800,555900
20-02-2025 10:29,22920,461325,424050,15.6,58411950,3504375,128.45,28488150,568800
20-02-2025 10:29,22921.65,461550,424500,15.75,58419300,3499275,128.6,28489800,568350
20-02-2025 10:29,22918.55,461175,426600,15.2,58417500,3564225,128.3,28496850,569400
20-02-2025 10:30,22915.05,457725,425850,14.55,58290900,3580200,131.8,28506000,554400
20-02-2025 10:30,22915.05,457650,428550,14.75,58208175,3525525,131.45,28507725,539775
20-02-2025 10:30,22917.15,462150,424575,15,58353825,3528450,130.05,28507275,528225
20-02-2025 10:30,22918,461175,423600,14.9,58372950,3551850,129.65,28502625,537300
20-02-2025 10:30,22917.35,462075,421725,15.25,58476900,3552000,127,28494600,544800
20-02-2025 10:30,22925,464025,417375,15.95,58499100,3579525,123.9,28480050,539250
20-02-2025 10:31,22927,462150,423300,16.35,58500225,3515175,124.15,28463325,542175
20-02-2025 10:31,22927,463650,422925,16.45,58457475,3565050,122.7,28470375,545025
20-02-2025 10:31,22927,463950,424500,16.45,58444875,3551325,121.65,28472325,549225
20-02-2025 10:31,22924.65,456450,425850,15.65,58411875,3612000,125.95,28476225,537975
20-02-2025 10:31,22918.9,461400,429750,14.8,58426725,3661650,130.8,28492350,537600
20-02-2025 10:31,22913,451725,428250,13.95,58290900,3688650,133,28489950,520125
20-02-2025 10:32,22915.2,456750,428850,14.15,58264200,3670725,130.2,28489800,505575
20-02-2025 10:32,22915.2,457275,415275,14.05,58249125,3666450,129.95,28474875,519150
20-02-2025 10:32,22919,460800,422550,14.65,58192200,3639600,126,28471425,529050
20-02-2025 10:32,22922.2,461850,413925,15.5,58293300,3593700,121.15,28453275,538050
20-02-2025 10:32,22926,463125,427800,15.3,58293675,3620475,121.05,28470900,530400
20-02-2025 10:32,22926.15,457800,432300,15.45,58306200,3619950,122.5,28475175,540600
20-02-2025 10:33,22926,464025,423900,15.9,58244325,3598950,118.65,28480500,550725
20-02-2025 10:33,22926.85,459900,424650,15.6,58235400,3639450,120.9,28449075,545625
20-02-2025 10:33,22926.1,461250,429225,15.2,58214550,3727575,121.9,28468350,540000
20-02-2025 10:33,22927.15,463200,430500,14.7,58187100,3782400,122,28474575,552150
20-02-2025 10:33,22929.55,461925,429450,15.6,58252800,3786225,117.85,28475625,560925
20-02-2025 10:33,22931.4,460575,427200,15.7,58295100,3750750,117.6,28404750,558150
20-02-2025 10:34,22932,464850,430050,15.9,58361850,3694725,117.5,28222875,569775
20-02-2025 10:34,22932,461250,427500,16.9,58405800,3660975,115.05,28239450,576750
20-02-2025 10:34,22935.05,465300,426150,17.3,58357125,3557625,115.3,28217925,580050
20-02-2025 10:34,22930.05,460950,431850,16.95,58285800,3635475,116.4,28221300,577425
20-02-2025 10:34,22935,460950,431325,17.05,58289625,3679500,115.15,28236300,579600
20-02-2025 10:34,22930.05,461100,431925,16.15,58187400,3736650,116.95,28245525,586575
20-02-2025 10:35,22934.25,465000,425175,16.95,58215825,3729075,115,28243575,587025
20-02-2025 10:35,22936,465975,420825,17.4,58254675,3692550,114.3,28252650,594150
20-02-2025 10:35,22935.8,465975,426825,17.35,58252725,3680925,115,28257075,600075
20-02-2025 10:35,22933.4,466350,430950,17.35,58287900,3685875,115.1,28270050,594075
20-02-2025 10:35,22934,465750,427350,17.3,58263225,3724125,115.7,28280025,597300
20-02-2025 10:35,22934.1,467100,428400,17.7,58333950,3646800,114.2,28273725,600525
20-02-2025 10:36,22936.3,466950,426225,17.45,58316850,3683025,114.55,28279050,602250
20-02-2025 10:36,22939.45,467100,424800,18.2,58304550,3701475,113.15,28284150,593175
20-02-2025 10:36,22940,466875,424050,18.8,58342200,3677925,112.55,28294275,592050
20-02-2025 10:36,22939.2,466725,426075,19.9,58343775,3570525,112.15,28287000,591675
20-02-2025 10:36,22943,466950,422850,19.6,58245825,3536175,109.7,28247925,605400
20-02-2025 10:36,22944.05,468600,425850,21.4,58261275,3563475,106,28263225,607950
20-02-2025 10:37,22944.8,459900,423000,20.05,58321425,3505950,109,28239675,610500
20-02-2025 10:37,22939.95,456525,431175,18.35,58261050,3746475,111.7,28267275,597600
20-02-2025 10:37,22939.05,466050,429900,18.9,58288575,3736800,111.4,28275825,599175
20-02-2025 10:37,22940,466425,429300,19.55,58331925,3724800,109.55,28294650,609375
20-02-2025 10:37,22941.35,467100,424950,19.4,58313700,3629100,110,28301250,616350
20-02-2025 10:37,22942,469725,428175,19.4,58331775,3614100,109.25,28307850,626625
20-02-2025 10:38,22941.5,468300,429000,18.9,58354275,3634575,110.25,28326150,629475
20-02-2025 10:38,22941.65,467025,425925,18.7,58358325,3718275,111,28336500,627900
20-02-2025 10:38,22943.3,469575,426750,20.15,58428450,3671025,109.45,28334250,626850
20-02-2025 10:38,22940,469800,429675,18.95,58428750,3686325,111.6,28346550,628425
20-02-2025 10:38,22941.6,466950,430350,19.05,58345800,3710250,110.25,28362225,620175
20-02-2025 10:38,22935,463875,432600,17.6,58338150,3726600,113.5,28361025,620400
20-02-2025 10:39,22933.35,464250,435375,17.5,58298025,3734025,113.2,28362225,608700
20-02-2025 10:39,22933.35,464850,433500,17.8,58296600,3760725,114.5,28361175,606450
20-02-2025 10:39,22934.3,466050,431625,16.9,58275450,3798675,115.75,28375275,617400
20-02-2025 10:39,22934.95,464775,433350,17,58327125,3805425,116,28379775,617175
20-02-2025 10:39,22931.75,466425,428400,17.15,58306800,3823500,115.35,28383450,616575
20-02-2025 10:39,22931,466575,433050,16.95,58351125,3805050,117.6,28378800,620850
20-02-2025 10:40,22930.6,461475,433350,16.2,58242000,3841500,119.5,28384950,596850
20-02-2025 10:40,22925.1,461925,436125,15.35,58207725,3863325,122.6,28382775,589200
20-02-2025 10:40,22926.9,463275,434925,15.25,58152525,3847350,123.3,28390725,572250
20-02-2025 10:40,22926.25,462750,440175,15.35,58271175,3845925,123,28366875,580650
20-02-2025 10:40,22922.5,462075,433575,15.1,58204425,3873825,123.85,28360800,584175
20-02-2025 10:40,22927,463725,432300,15.95,58179450,3833475,119.65,28356825,581250
20-02-2025 10:41,22929.1,466200,433050,16.3,58247700,3816900,118.8,28313175,599250
20-02-2025 10:41,22932.8,468000,424350,16.35,58301700,3830325,117.6,28304400,601200
20-02-2025 10:41,22934,467100,424275,16.65,58405950,3833550,114.8,28307100,602325
20-02-2025 10:41,22930.85,468975,424575,15.85,58392900,3949425,119.65,28284375,605475
20-02-2025 10:41,22927,465600,433050,15.65,58320000,3935475,121.1,28294500,607575
20-02-2025 10:41,22924.3,464175,430875,14.7,58274550,3955200,125.25,28306875,597375
20-02-2025 10:42,22925.35,462825,433725,14.8,58161450,3937350,126.85,28304175,576825
20-02-2025 10:42,22925,464925,430200,15.15,58170825,3925875,124.15,28298100,575250
20-02-2025 10:42,22927.45,466050,430200,15.7,58260000,3839925,120.8,28289100,584775
20-02-2025 10:42,22929,466125,426825,15.9,58251675,3910650,118.85,28298175,589425
20-02-2025 10:42,22932.4,467550,431325,16.1,58302450,3901875,119,28296975,594525
20-02-2025 10:42,22933.35,466950,429675,16.25,58320000,3825525,117,28297425,596250
20-02-2025 10:43,22932.05,466050,435000,15.75,58274550,3877275,119.85,28309200,593400
20-02-2025 10:43,22929.9,466575,435600,15.35,58285800,3916875,122.45,28309575,597750
20-02-2025 10:43,22924.15,462525,434175,14,58223850,3996525,126.9,28322325,593925
20-02-2025 10:43,22922.8,459375,432675,13.9,58006800,3999300,126.9,28324575,564300
20-02-2025 10:43,22923.95,464550,434400,14.05,58039875,4052400,125.85,28316250,570000
20-02-2025 10:43,22924,464175,428700,14.1,58114350,4022475,125.05,28316025,577800
20-02-2025 10:44,22917.4,462525,436200,13.25,58114875,4075950,129.15,28323150,579825
20-02-2025 10:44,22918.95,464100,433425,13.4,58068225,4060125,127.95,28323000,548775
20-02-2025 10:44,22921.9,465225,437475,13.4,58109850,4101150,128.7,28321050,558900
20-02-2025 10:44,22921.9,461250,434400,13.35,58113900,4136175,127.95,28324875,559575
20-02-2025 10:44,22922.05,464100,431175,13.5,58135875,4136625,125.9,28326675,563475
20-02-2025 10:44,22926.3,464625,435975,14.05,58231875,4087050,123.95,28312200,570750
20-02-2025 10:45,22926.3,464850,432750,14.2,58193925,4067700,123.5,28305450,572625
20-02-2025 10:45,22922,465375,437400,13.65,58205775,4089900,124.8,28314900,570675
20-02-2025 10:45,22923.95,466125,436650,13.2,58214850,4094325,126.5,28317525,577350
20-02-2025 10:45,22919.15,462675,438600,12.8,58126875,4124925,128,28323075,569175
20-02-2025 10:45,22919.15,460050,442350,12.95,58056450,4126875,129.5,28323975,559350
20-02-2025 10:45,22918,460950,436800,13,58081125,4128750,128.2,28330950,554700
20-02-2025 10:46,22919,464025,440550,13.3,58073850,4107450,127,28332675,549825
20-02-2025 10:46,22922,465450,438825,13.1,58116000,4094925,129.15,28304475,566475
20-02-2025 10:46,22922,464550,430275,13.45,58183725,4091175,125.45,28312125,574350
20-02-2025 10:46,22922,465300,437925,13.4,58200150,4101825,125.6,28308225,579900
20-02-2025 10:46,22922,465000,428850,13.8,58239900,4105350,122.85,28313400,578325
20-02-2025 10:46,22923.95,465750,432975,13.85,58266975,4060200,122.5,28287450,577200
20-02-2025 10:47,22925,465150,432600,14.1,58265700,4070475,120.6,28288950,588225
20-02-2025 10:47,22928.95,464700,433500,14.2,58332900,4085025,120.75,28287750,592950
20-02-2025 10:47,22927.85,465600,437325,14.2,58289475,4089600,121,28299750,591525
20-02-2025 10:47,22925.65,466275,434775,13.95,58283175,4146150,123.5,28319550,590475
20-02-2025 10:47,22925.2,463650,432975,13.45,58206450,4202100,125.25,28320825,590250
20-02-2025 10:47,22924.95,465600,435600,14.05,58280250,4179150,122,28325100,596025
20-02-2025 10:48,22928.2,466500,429150,14.15,58237050,4113600,121.05,28320675,600750
20-02-2025 10:48,22929.25,466425,430425,14.35,58247175,4128600,120.25,28327500,603825
20-02-2025 10:48,22928.3,466050,427500,14.55,58262550,4089225,118.2,28319625,599325
20-02-2025 10:48,22928.3,464475,430800,14.3,58245525,4100850,119.05,28320975,597450
20-02-2025 10:48,22929.95,464400,426975,14.5,58265850,4147575,118.75,28325100,599100
20-02-2025 10:48,22930,465450,430575,14.45,58228500,4116825,119.4,28327950,602025
20-02-2025 10:49,22929.4,463725,430575,14.55,58245900,4134600,119.05,28336575,601650
20-02-2025 10:49,22925.85,463725,431775,14.3,58216575,4175775,119.85,28338000,599250
20-02-2025 10:49,0,0,0,14.1,58152375,4218825,121.15,28337625,601125
20-02-2025 10:49,22924.7,463350,433800,13.55,58145025,4209825,122.55,28340325,602550
20-02-2025 10:49,22926.8,464925,434700,13.35,58071525,4228500,123.55,28345725,596925
20-02-2025 10:49,22927.1,466275,435075,14.35,58215075,4156200,120.3,28342725,598950
20-02-2025 10:50,22927.1,464775,427650,14.15,58220025,4136100,118.85,28343100,611250
20-02-2025 10:50,22928,465150,432600,14.2,58233750,4103475,120.3,28342725,617775
20-02-2025 10:50,22928.35,465525,433500,14.05,58191300,4139625,119.25,28350600,618900
20-02-2025 10:50,22927.05,464250,437175,13.7,58140825,4254525,121.95,28362975,612750
20-02-2025 10:50,22927,465525,434175,13.7,58205925,4199850,122.4,28360575,624675
20-02-2025 10:50,22927,466725,434550,13.9,58230225,4221000,120.75,28357425,632250
20-02-2025 10:51,22923.55,464625,436725,12.75,58157925,4248600,124.75,28364550,618225
20-02-2025 10:51,22922.05,464400,439050,12.5,58050825,4253250,126,28366950,607875
20-02-2025 10:51,22920.25,464625,439725,12.65,58173525,4253100,124.55,28356150,600075
20-02-2025 10:51,22922.9,463650,438000,12.35,58140000,4232850,124.8,28350675,598500
20-02-2025 10:51,22919.9,461550,436050,12.05,58161000,4239000,126.1,28358325,609600
20-02-2025 10:51,22918,461100,436800,11.55,57979950,4211850,129.05,28357425,594075
20-02-2025 10:52,22920,463350,437700,11.75,58013100,4191450,128.5,28361175,586800
20-02-2025 10:52,22920.25,464475,436800,12.35,58131600,4136550,125.3,28342425,597300
20-02-2025 10:52,22918.05,465600,437100,12.1,58180275,4134150,127.45,28355325,595650
20-02-2025 10:52,22920,465750,435525,12.15,58132275,4171650,127.25,28352025,601875
20-02-2025 10:52,22920.35,465600,431775,12.6,58232400,4099050,125.6,28348425,606225
20-02-2025 10:52,22916.05,463575,435825,12.45,58196100,4125750,128.85,28336650,606900
20-02-2025 10:53,22916.05,459675,435750,12.2,58156950,4149225,131.9,28343250,581700
20-02-2025 10:53,22914.55,462225,433050,12,58143600,4167450,134,28355925,558750
20-02-2025 10:53,22914.8,462825,435750,11.6,58060800,4195650,133.1,28359075,520050
20-02-2025 10:53,22913.4,462900,435675,11.7,58096050,4192500,131.25,28358850,528000
20-02-2025 10:53,22918.65,465075,434625,12.55,58149075,4106925,127.7,28335375,540000
20-02-2025 10:53,22919,465600,433425,12.25,58141125,4131975,127.95,28333425,545775
20-02-2025 10:54,22920,465075,430725,12.75,58229550,4102575,125.8,28334625,550350
20-02-2025 10:54,22922.6,465825,438300,12.85,58259925,4059375,124.9,28324725,552900
20-02-2025 10:54,22919.45,464025,438225,12.95,58241250,4054125,125.55,28321200,552975
20-02-2025 10:54,22919.85,466275,433800,12.75,58204125,4137525,126.45,28326825,552675
20-02-2025 10:54,22919.75,465375,435375,12.8,58176600,4133625,126.1,28328625,558900
20-02-2025 10:54,22913.5,464775,439500,12.15,58179525,4227675,129.6,28338750,556575
20-02-2025 10:55,22913.1,465300,435600,11.7,58054200,4282575,131.2,28341975,534750
20-02-2025 10:55,22914.9,463725,435150,12,58088925,4260825,130.6,28347150,533925
20-02-2025 10:55,22916,475575,433875,11.95,58148400,4234275,129.85,28344525,542325
20-02-2025 10:55,22918.1,480225,431775,12.25,58188225,4241925,128.1,28341525,553800
20-02-2025 10:55,22916.45,489900,434625,12.3,58245375,4184775,127.8,28340475,556050
20-02-2025 10:55,22921,513450,429750,12.85,58284975,4182900,123.95,28337400,564075
20-02-2025 10:56,22917.9,547200,435450,13.1,58276950,4130325,123.55,28322100,566025
20-02-2025 10:56,22917.75,582075,435450,12.1,58243200,4269300,128.6,28334475,554550
20-02-2025 10:56,22917,600375,425775,12.4,58212450,4256850,126.15,28341000,552675
20-02-2025 10:56,22915.5,623325,438450,11.9,58194750,4293000,130.2,28355925,547725
20-02-2025 10:56,22912.55,638475,433875,11.25,58101675,4356450,132.8,28355775,540600
20-02-2025 10:56,22912.05,653100,432300,11.5,58119825,4344150,129.55,28344825,515700
20-02-2025 10:57,22915.1,656325,435525,11.5,58131600,4316175,127.5,28336725,512025
20-02-2025 10:57,22916,658275,433050,12,58121325,4240800,124.4,28211175,520500
20-02-2025 10:57,22923.1,659400,426825,12.45,58152450,4205100,122.1,28202475,522600
20-02-2025 10:57,22922.3,657750,434700,12.1,58139400,4225200,124,28184700,525675
20-02-2025 10:57,22920.65,656100,434250,12.1,58086225,4222875,124.05,28096350,526650
20-02-2025 10:57,22918.95,655050,435150,11.7,58028625,4268925,125.4,28107150,530700
20-02-2025 10:58,22915.35,651900,436500,11.1,58019325,4365150,129.5,28123950,531450
20-02-2025 10:58,22914.45,656550,435300,11.2,58027200,4406250,126.55,28120950,533625
20-02-2025 10:58,22915.15,656250,436275,11.15,58032675,4383975,129.45,28117725,530925
20-02-2025 10:58,22915.15,655275,434700,10.9,57986550,4402425,129.3,28113975,530400
20-02-2025 10:58,22914.15,657525,437100,10.95,57983775,4413975,129.3,28124850,529350
20-02-2025 10:58,22916.25,657900,437325,11,58059000,4347075,129.35,28115100,531600
20-02-2025 10:59,22910.25,657825,432000,11.15,58058025,4364850,127.55,28123200,535725
20-02-2025 10:59,22912.2,659325,434400,11.2,58079775,4331550,126.2,28119300,539325
20-02-2025 10:59,22922.15,663300,430500,11.65,58154100,4315200,123.6,28117950,539925
20-02-2025 10:59,22921.7,662550,434550,11.55,58135500,4301550,123,28105725,539925
20-02-2025 10:59,22922,661200,429300,11.75,58163325,4315650,121.95,28109700,546600
20-02-2025 10:59,22925,663975,431625,12.05,58159350,4228650,121.1,28095375,550275
20-02-2025 11:00,22929.15,665250,429450,13.3,58183425,4163550,115.45,28053675,563025
20-02-2025 11:00,22930.05,658350,427950,13.85,58195875,4078125,112.5,28011825,561975
20-02-2025 11:00,22933.85,661200,435075,14.05,58151925,4099350,111.75,27978525,566175
20-02-2025 11:00,22932.3,659625,435750,13.3,57994200,4142625,114.7,27992550,562200
20-02-2025 11:00,22930,663975,432075,14.15,58061625,4093725,113.7,28019775,576900
20-02-2025 11:00,22930,664425,432675,13.7,58132950,4087425,113.2,28029225,594675
20-02-2025 11:01,22930.65,662325,428550,14.25,58067550,4199625,112.9,28043775,593025
20-02-2025 11:01,22934.25,661050,435150,14.1,58104525,4164600,112.65,28057125,602550
20-02-2025 11:01,22934,663075,433725,14.2,58087050,4138275,110.7,28069875,604650
20-02-2025 11:01,22932.55,662775,436350,14.45,58094100,4146600,111.1,28066275,622275
20-02-2025 11:01,22932.55,661125,428775,14.6,58171500,4113300,111,28057275,628200
20-02-2025 11:01,22932,661575,436725,14.55,58141200,4137150,111.1,28072500,632475
20-02-2025 11:02,22932,654075,436725,13.85,58086825,4148100,113.65,28090950,626700
20-02-2025 11:02,22930,662700,436650,14.1,58133475,4135575,113.45,28081500,626025
20-02-2025 11:02,22930,660300,431700,14.4,58156575,4129800,111.85,28069875,633000
20-02-2025 11:02,22931.05,662100,431400,14.75,58166400,4116975,109.5,28071525,659325
20-02-2025 11:02,22933.95,661350,430050,15.4,58212450,4096650,109.55,28047375,664875
20-02-2025 11:02,22934.1,660600,437850,15.1,58162200,4073175,109.75,28056975,647475
20-02-2025 11:03,22934.9,662475,436125,15.1,58137825,4016400,110.15,28045200,645675
20-02-2025 11:03,22931.15,662250,433500,15.1,58133475,4062525,109.5,28045275,661275
20-02-2025 11:03,22934.75,661425,429225,15.25,58163625,4083675,109.55,28054050,660375
20-02-2025 11:03,22930,662700,433050,15.25,58201275,4035150,110,28066800,669075
20-02-2025 11:03,22935,660600,432225,15,58200675,4158825,110.8,28079325,667575
20-02-2025 11:03,0,0,0,15.35,58222050,4059975,110,28070850,674925
20-02-2025 11:04,22939,666525,430575,17.65,58252575,3904275,105.6,28062525,685575
20-02-2025 11:04,22937.05,661275,433800,17,58187175,3922125,107.35,28012950,680025
20-02-2025 11:04,22939.9,662400,434400,16.9,58143675,4034025,104,28020225,681600
20-02-2025 11:04,22938.6,663150,431025,16.65,58191450,3946125,104.4,28041375,688200
20-02-2025 11:04,22938,660900,434325,16.85,58193400,3988800,105.45,28098975,679050
20-02-2025 11:04,22940.35,662250,432225,17.4,58285050,3930150,104.6,28100700,682425
20-02-2025 11:05,22938.05,661275,432675,17.4,58320825,3921225,104.5,28100475,691950
20-02-2025 11:05,22940,661500,432075,16.95,58234875,4027350,106,28125000,696150
20-02-2025 11:05,22939,663000,427725,16.65,58234650,4072200,106.25,28130400,693225
20-02-2025 11:05,22942.4,661650,429375,17.3,58348800,3956775,105.35,28133250,711600
20-02-2025 11:05,22939.2,661200,430800,17.15,58362750,3980850,104.2,28120200,725850
20-02-2025 11:05,22938,660000,431925,16.05,58285200,4036200,107.2,28120800,717525
20-02-2025 11:06,22933.25,661500,433200,15.5,58187625,4068825,108.95,28136250,695550
20-02-2025 11:06,22934.9,662175,430950,15.35,58221450,4020975,108.35,28138200,682350
20-02-2025 11:06,22936,664875,431550,15.45,58186050,4018125,109.5,28142325,695400
20-02-2025 11:06,22936.75,664650,432900,16.2,58323000,3977400,108,28134675,710325
20-02-2025 11:06,22936,665100,429675,16.8,58460025,3951975,106.95,28133400,720150
20-02-2025 11:06,22937.95,665550,432150,16.85,58468800,4024275,106.5,28137825,721125
20-02-2025 11:07,22939.2,666375,430800,16.9,58446750,3949875,106.65,28130475,730875
20-02-2025 11:07,22939.85,662775,431925,16.8,58521975,3984525,107.3,28121700,736125
20-02-2025 11:07,22938,663600,434100,16.85,58409250,3966750,106.55,28122675,754200
20-02-2025 11:07,22937.9,661650,434700,16.2,58386225,4014000,108.4,28136625,754575
20-02-2025 11:07,22934,659025,437475,15.7,58358025,4062225,110.25,28141725,733050
20-02-2025 11:07,22937.95,664425,432675,15.8,58316250,4071975,109.35,28146900,717150
20-02-2025 11:08,22936.25,665325,426375,16.55,58341000,4029750,107.3,28143975,726600
20-02-2025 11:08,22936.25,665475,432750,16.9,58416975,3982575,106.55,28150725,727350
20-02-2025 11:08,22938,665700,431925,17.15,58410225,3956325,106.85,28149675,724875
20-02-2025 11:08,22940,664575,430200,17.05,58412625,3913875,106.45,28148925,729600
20-02-2025 11:08,22941.1,666225,427275,18.1,58470825,3868875,105.1,28143000,731850
20-02-2025 11:08,22941,664350,429300,16.9,58398300,3577650,107.4,28035750,735075
20-02-2025 11:09,22944,664650,425625,18,58406250,3557925,104.2,28038375,743850
20-02-2025 11:09,22944,664050,426525,18.45,58537875,3545475,103.05,28046850,752775
20-02-2025 11:09,22941.55,664500,433125,17.25,58541925,3654375,104.65,28067925,762450
20-02-2025 11:09,22943.35,664350,427050,17.6,58497825,3586425,105.45,28078425,754350
20-02-2025 11:09,22943.4,665400,425775,18.4,58551150,3621525,104.05,28089375,744900
20-02-2025 11:09,22945,665775,427425,19.05,58564725,3591450,103.4,28088250,751275
20-02-2025 11:10,22944.15,662100,431100,18.8,58548000,3625875,103.65,28097700,752175
20-02-2025 11:10,22945,668025,432600,18.55,58531200,3656925,103.25,28101900,753375
20-02-2025 11:10,22945,667275,432750,18.7,58525425,3584400,104.05,28102425,752175
20-02-2025 11:10,22945.3,667950,432000,19.2,58583025,3531750,102.3,28106700,765600
20-02-2025 11:10,22943.8,662850,433950,18.1,58525125,3655200,105.85,28089600,768975
20-02-2025 11:10,22941.95,663375,432300,18.15,58487850,3677925,104.8,28098525,750900
20-02-2025 11:11,22941.5,660600,434325,17.35,58480050,3715875,105.6,28105800,753075
20-02-2025 11:11,22938.85,660600,433200,16.1,58417050,3699675,108.05,28125675,751875
20-02-2025 11:11,22939.1,660225,432750,16.4,58422975,3721125,106.15,28122750,746400
20-02-2025 11:11,22938.85,663225,435675,16.7,58453575,3724500,107.25,28126725,755475
20-02-2025 11:11,22940.15,662025,435750,18.5,58534575,3665700,103.8,28129050,765525
20-02-2025 11:11,22940.95,662850,438225,17.55,58565025,3651525,106.6,28096275,765150
20-02-2025 11:12,22942.2,660675,438825,17.95,58546800,3665700,105.85,28103325,770775
20-02-2025 11:12,22940.55,661200,440100,18,58558725,3673200,105.6,28123200,780675
20-02-2025 11:12,22941.5,660225,439575,18.1,58566825,3691125,105.4,28134300,784500
20-02-2025 11:12,22940.95,661200,440175,18,58568250,3707175,105.75,28138875,777750
20-02-2025 11:12,22940,659925,439950,17.65,58533675,3735750,106.7,28134225,775125
20-02-2025 11:12,22940.8,663300,436125,18.1,58587000,3763350,105.5,28140225,781350
20-02-2025 11:13,22941.8,662250,441525,17.8,58606500,3757950,105.75,28134600,798000
20-02-2025 11:13,22941.45,661650,443100,18.2,58611600,3708150,105.75,28138125,797775
20-02-2025 11:13,22943,662475,437325,19.05,58647525,3676425,105.5,28135425,795375
20-02-2025 11:13,22943,657975,438600,20.4,58718700,3596850,105.45,28132875,798975
20-02-2025 11:13,22942.9,659475,441825,19.95,58547475,3456450,105,28115925,797550
20-02-2025 11:13,22943.75,661650,441300,19.95,58630425,3439875,105.45,28126350,803925
20-02-2025 11:14,22944,660825,443100,19.7,58611300,3407475,106.2,28124025,797625
20-02-2025 11:14,22943.35,660900,442800,19.35,58649400,3501375,106.1,28119525,802350
20-02-2025 11:14,22945,661350,440550,20.6,58656375,3471525,104.05,28120800,803475
20-02-2025 11:14,22945,660750,442050,21.35,58709475,3447225,103.2,28100325,810675
20-02-2025 11:14,22947.65,665025,440175,22.95,58697250,3397575,101.85,28096350,817200
20-02-2025 11:14,22946,660900,439500,20.65,58591050,3232350,102.95,28048950,809925
20-02-2025 11:15,22945.55,662025,438525,18.9,58541175,3315150,103.15,28068900,817575
20-02-2025 11:15,22944,661125,441150,19.1,58593600,3357300,106.1,28086150,809700
20-02-2025 11:15,22947.6,661575,440700,19.7,58631025,3424500,102.6,28091775,790950
20-02-2025 11:15,22947.45,661800,437625,20.95,58715775,3420000,100.45,28073775,795825
20-02-2025 11:15,22946.6,657225,442650,19.55,58703625,3411750,102.6,28088550,805275
20-02-2025 11:15,22944.85,661200,442125,18.8,58674150,3441000,104.5,28098225,795075
20-02-2025 11:16,22943.3,659325,441525,17.95,58536225,3471525,105.8,28107825,780150
20-02-2025 11:16,22942.65,658125,443250,17.6,58458525,3475200,105.3,28101225,782325
20-02-2025 11:16,22942.7,659625,443625,17.5,58465125,3497475,106.6,28128000,791250
20-02-2025 11:16,22942.15,659700,443925,18,58548300,3483450,105.85,28130925,796125
20-02-2025 11:16,22942,660075,444900,18.25,58629375,3478950,105,28122600,803850
20-02-2025 11:16,22943.55,661800,436725,19.1,58685250,3456150,103.1,28113900,822975
20-02-2025 11:17,22945,661575,440250,19.9,58672950,3470850,102.45,28106925,828225
20-02-2025 11:17,22948,661650,444000,20.8,58688025,3419850,100.4,28107225,834750
20-02-2025 11:17,22948.6,662250,445575,19.65,58667100,3511650,101.25,28086825,834750
20-02-2025 11:17,22948.6,661500,441225,21.35,58621200,3450075,98.7,28055775,840000
20-02-2025 11:17,22947,664650,445500,20.05,58620300,3462675,101.5,28072800,850500
20-02-2025 11:17,22945,652425,448350,18.1,58476675,3533925,105.5,28091175,824025
20-02-2025 11:18,22941.05,660975,449475,19.55,58510725,3556350,102.4,28083825,828900
20-02-2025 11:18,22944.9,663000,443775,19.55,58593600,3461625,101.05,28080300,835275
20-02-2025 11:18,22945.35,661200,447900,19.8,58617000,3464250,100.15,28093725,835425
20-02-2025 11:18,22949.55,662850,451200,19.85,58644300,3480525,100,28097775,838725
20-02-2025 11:18,22948.65,662325,452025,20.1,58673250,3475950,99.75,28109850,843450
20-02-2025 11:18,22950,662550,453075,19.8,58653075,3502950,99.05,28118475,835200
20-02-2025 11:19,22949.95,660300,456525,20.5,58669725,3488025,99.1,28114275,840750
20-02-2025 11:19,22948,659925,454875,19.45,58700700,3476925,102,28127100,843975
20-02-2025 11:19,22949.85,662100,456750,19.85,58658250,3504975,101.5,28129950,857100
20-02-2025 11:19,22945.65,661575,458475,20,58705275,3527400,101,28157475,859425
20-02-2025 11:19,22949.95,663075,453825,20.75,58742400,3498375,99.35,28156725,867150
20-02-2025 11:19,22946.8,663600,453825,21.6,58771275,3427425,99.15,28147875,867075
20-02-2025 11:20,22945.85,662325,455400,20.9,58743600,3444675,99,28154700,864150
20-02-2025 11:20,22947.95,663675,458175,20.8,58733775,3419250,100.2,28143600,874050
20-02-2025 11:20,22948,660825,454800,20.6,58726500,3418650,99.55,28147275,874575
20-02-2025 11:20,22948.95,662700,456975,20.25,58758450,3465300,100.25,28153650,878250
20-02-2025 11:20,22945.05,657600,461925,19.6,58809675,3473700,101.5,28167900,871050
20-02-2025 11:20,22941.5,662775,462825,18.7,58599000,3543900,102.85,28174200,855000
20-02-2025 11:21,22941.5,662925,460125,19.9,58624275,3516150,101.45,28172850,859275
20-02-2025 11:21,22942.35,662850,462075,18.95,58622100,3558525,102.2,28172100,863475
20-02-2025 11:21,22941.95,660600,461475,18.5,58596450,3558750,103.25,28174650,861600
20-02-2025 11:21,22941.85,659550,463050,18.2,58532325,3624675,103.75,28182150,853800
20-02-2025 11:21,22938.4,660450,459150,17.55,58484025,3660000,104.7,28170375,850950
20-02-2025 11:21,22938.35,661650,462450,17.6,58500075,3663675,104.45,28154175,828300
20-02-2025 11:22,22938.8,659100,462000,17.05,58533300,3766725,104.3,28150950,829575
20-02-2025 11:22,22942,661725,458625,18.5,58593000,3735825,101.6,28144425,842100
20-02-2025 11:22,22944.25,662325,463350,17.95,58573725,3628350,102.4,28129050,846525
20-02-2025 11:22,22944.9,662775,458400,18.2,58569075,3634500,100.9,28123050,857850
20-02-2025 11:22,22939.05,658725,463725,16.2,58491075,3699075,104.8,28131225,843450
20-02-2025 11:22,22935.05,658275,461475,16.35,58401825,3716250,105.5,28145550,813675
20-02-2025 11:23,22937.05,658575,462225,15.45,58341900,3719250,107.2,28152525,806925
20-02-2025 11:23,22935.1,660600,463350,16,58374075,3669000,106.85,28150575,768900
20-02-2025 11:23,22936.8,658725,463050,15.5,58348275,3680025,107.2,28158900,775575
20-02-2025 11:23,22936.8,661050,458475,15.85,58355100,3691650,106.1,28157400,780825
20-02-2025 11:23,22936.7,660450,460650,15.9,58338375,3715800,106.5,28188675,779550
20-02-2025 11:23,22937,661650,461100,16,58438350,3705450,106.75,28183950,792975
20-02-2025 11:24,22933.1,659025,463875,14.75,58417275,3779475,109.35,28187025,793725
20-02-2025 11:24,22931.1,658200,462225,15.15,58268775,3767325,109.5,28196475,736125
20-02-2025 11:24,22933.65,660450,465975,14.85,58305225,3763500,109.6,28181400,730200
20-02-2025 11:24,22934,662625,458850,15.1,58308375,3783825,109.15,28180275,728775
20-02-2025 11:24,22935,663450,459975,15.4,58363125,3783450,107.95,28175175,743325
20-02-2025 11:24,22937.3,663825,460425,15.65,58403925,3770175,106.45,28173075,764400
20-02-2025 11:25,22939.55,663600,453675,16.25,58391325,3774525,106.4,28163250,766050
20-02-2025 11:25,22939.7,663300,453225,16.3,58404300,3746325,103.75,28163850,772050
20-02-2025 11:25,22931.65,657525,461850,14.95,58388850,3794325,109.5,28164375,771075
20-02-2025 11:25,22931.5,659400,459975,14.1,58240950,3806925,111.3,28168050,731850
20-02-2025 11:25,22926.6,656475,460200,13.9,58206075,3807300,112.65,28170225,702600
20-02-2025 11:25,22926.45,655650,459750,13.55,58166850,3831450,113.25,28172775,710325
20-02-2025 11:26,22926.05,656100,461025,13.75,58170525,3837000,112.85,28174800,725025
20-02-2025 11:26,22930,657450,457125,13.85,58201725,3839400,111.65,28180200,729825
20-02-2025 11:26,22930,661275,458325,14.1,58268400,3819150,111.25,28173975,738300
20-02-2025 11:26,22926.3,660000,460725,13.75,58373325,3845175,111.6,28160700,749775
20-02-2025 11:26,22928.55,663075,462150,14.3,58290675,3796875,110.15,28165950,754800
20-02-2025 11:26,22932.8,665400,459975,14.55,58298400,3810900,109.7,28170750,757950
20-02-2025 11:27,22934.2,665400,459300,14.45,58361175,3783525,110.9,28160325,759525
20-02-2025 11:27,22931.55,666000,449925,15.2,58323225,3798150,107.6,28157400,775125
20-02-2025 11:27,22934.95,664575,451950,14.8,58336200,3792525,108.2,28157550,778425
20-02-2025 11:27,0,0,0,15.15,58379625,3821025,107.1,28155900,785625
20-02-2025 11:27,22935.15,665550,453675,15.8,58419300,3766575,105.4,28159500,781125
20-02-2025 11:27,22936.35,667800,452025,15.85,58423275,3752175,104.95,28146225,790050
20-02-2025 11:28,22943,670050,451200,16.8,58430400,3766950,101.05,28120875,784500
20-02-2025 11:28,22945.6,669375,452325,16.65,58419900,3756075,102.2,28100925,793800
20-02-2025 11:28,22943.1,664650,455175,16.15,58379925,3770475,103.45,28086150,764400
20-02-2025 11:28,22936,665850,459150,14.55,58339200,3852900,107.6,28120500,752700
20-02-2025 11:28,22938.25,666000,459000,14.85,58270575,3856875,107.05,28120125,762525
20-02-2025 11:28,22937.05,663675,455325,14.25,58235625,3885000,108.45,28121100,760575
20-02-2025 11:29,22940.8,664500,460650,15.15,58386525,3889950,105.35,28120950,761850
20-02-2025 11:29,0,0,0,15.05,58458000,3862875,105.6,28117650,763800
20-02-2025 11:29,22939.3,663225,458550,14.95,58435200,3892875,105.8,28125375,768375
20-02-2025 11:29,22939.35,662850,457500,14.75,58444875,3901425,106,28163625,768750
20-02-2025 11:29,22942.85,668250,454725,15.2,58492425,3885375,103.45,28162650,779850
20-02-2025 11:29,22940,666975,453000,15.6,58534125,3863700,102.75,28154175,779850
20-02-2025 11:30,22942.05,665475,452325,16.15,58541325,3846750,101.35,28151850,772950
20-02-2025 11:30,22940.65,665175,455475,15.75,58532025,3858000,103.35,28142550,777825
20-02-2025 11:30,0,0,0,15.95,58510125,3863850,102.95,28154625,775725
20-02-2025 11:30,22941.9,665850,454275,16.1,58523250,3879825,101.9,28162200,783450
20-02-2025 11:30,22945,665100,452625,16,58545000,3888525,102.05,28171575,792075
20-02-2025 11:30,22944.8,665400,455100,15.85,58512525,3897000,102,28177725,796275
20-02-2025 11:31,22941.95,664650,455475,16.05,58523550,3898875,101.6,28165725,793200
20-02-2025 11:31,0,0,0,15.85,58465350,3922725,101.3,28139475,795750
20-02-2025 11:31,22940.75,664200,450225,15.4,58442850,3952050,101.6,28149900,809100
20-02-2025 11:31,22940.7,664575,456300,15.05,58353300,3985650,103.1,28181550,801300
20-02-2025 11:31,22942,666075,456375,15.65,58386450,3993525,101.25,28187400,806775
20-02-2025 11:31,22942.9,661650,452250,15.25,58451250,3933825,103.15,28192950,811800
20-02-2025 11:32,22939.05,663225,458025,15.1,58377075,4003200,104.05,28201725,803700
20-02-2025 11:32,22938.15,662175,458175,14.6,58355400,4013850,104,28211100,792225
20-02-2025 11:32,22938.05,661575,456825,14.2,58373325,4018800,105,28218975,794400
20-02-2025 11:32,22940.25,661125,456825,13.95,58338750,4032750,105.7,28215600,783000
20-02-2025 11:32,22937.25,663375,457200,13.85,58377375,4002900,105.2,28222350,798375
20-02-2025 11:32,22940,661650,457575,13.95,58445850,4001400,105.4,28217400,803100
20-02-2025 11:33,22937.85,663450,455850,13.8,58505250,4033275,105.85,28216650,811050
20-02-2025 11:33,22938.55,664425,456900,14.05,58478475,4044150,105.25,28222425,815100
20-02-2025 11:33,0,0,0,14.15,58530525,4035975,105.1,28221675,815025
20-02-2025 11:33,22944.15,664125,454800,14.6,58574400,4005150,103.35,28218975,817275
20-02-2025 11:33,22941.5,662625,454875,14.85,58556025,3997200,102.5,28203750,827025
20-02-2025 11:33,22945,662775,469950,15.15,58618500,3977625,100.85,28221525,828975
20-02-2025 11:34,22944.75,664875,471225,15.5,58593000,3957750,101.1,28210650,832875
20-02-2025 11:34,22947.9,664875,464175,15.6,58563675,4035900,99.9,28207575,831300
20-02-2025 11:34,22948.1,664500,457200,15.8,58581000,4015950,100,28253475,837375
20-02-2025 11:34,22948.05,664125,455400,15.8,58571625,3990225,100.15,28258950,845775
20-02-2025 11:34,22942.95,663675,458325,15.25,58557750,4021050,101.8,28274625,840975
20-02-2025 11:34,22941,661275,460650,13.7,58482225,4104825,105,28282125,824025
20-02-2025 11:35,22941.45,662700,459525,13.65,58392825,4130250,104.5,28281825,783975
20-02-2025 11:35,22936.25,660900,459225,12.9,58372875,4127925,107.6,28292250,784800
20-02-2025 11:35,22931.55,659925,459375,11.9,58253775,4099800,111.1,28296825,758850
20-02-2025 11:35,22935.25,660675,461925,12.15,58183500,4107375,109.7,28295850,702150
20-02-2025 11:35,22935.35,659850,459075,12.2,58138125,4163700,109.9,28291125,724275
20-02-2025 11:35,22933,662100,460650,11.9,58226175,4117800,109.95,28292700,742125
20-02-2025 11:36,22932,659925,460350,11.7,58160850,4134450,110.1,28268025,738075
20-02-2025 11:36,22933.25,659850,460125,11.4,58211550,4179225,111.9,28270725,738825
20-02-2025 11:36,22933.2,659925,463200,11.7,58276500,4136175,111.1,28273500,721200
20-02-2025 11:36,22931.55,663675,459525,11.65,58275600,4168575,111.8,28267650,722850
20-02-2025 11:36,22932.85,663000,460500,11.9,58283400,4203825,112.25,28267950,717750
20-02-2025 11:36,22936.05,666900,457350,12.55,58371300,4142100,109.1,28263075,721200
20-02-2025 11:37,22934.1,666675,457050,12.55,58447275,4094325,108.05,28278825,719775
20-02-2025 11:37,22935.4,666900,459000,12.75,58427475,4081050,107.2,28273275,731850
20-02-2025 11:37,22935.05,664725,458550,12.55,58439550,4092225,107,28281600,739575
20-02-2025 11:37,22939.55,666825,459225,12.75,58452675,4084650,106.85,28290375,752550
20-02-2025 11:37,22933.7,666600,459075,12.25,58458600,4176000,109.3,28302975,748050
20-02-2025 11:37,22932,665625,459900,11.85,58349625,4237200,111.2,28309200,728325
20-02-2025 11:38,22932.65,665550,477525,11.95,58395000,4233375,111.1,28301475,729525
20-02-2025 11:38,22931.65,666975,478050,11.85,58395375,4217700,110.95,28265100,732075
20-02-2025 11:38,22937.45,667725,477600,12.2,58464225,4190775,109.3,28257825,746700
20-02-2025 11:38,22933.35,666225,477450,12.15,58497525,4198950,109.6,28264575,755250
20-02-2025 11:38,22935,666975,478800,11.85,58520700,4213200,110.7,28278000,762825
20-02-2025 11:38,22936.75,666150,475950,12.25,58494450,4243125,109,28282950,763125
20-02-2025 11:39,22936.65,666600,471450,12.55,58524600,4168650,107.65,28267800,757350
20-02-2025 11:39,22934.05,663150,460050,11.85,58534350,4196700,109.5,28282950,761625
20-02-2025 11:39,22936.65,664950,454800,12.25,58493625,4193625,108.35,28286550,771225
20-02-2025 11:39,22934.4,665550,454125,12.4,58525425,4191375,107.95,28276275,770100
20-02-2025 11:39,22931.8,664950,460875,11.85,58543425,4271400,109.35,28289325,765150
20-02-2025 11:39,22932.4,666000,457350,11.75,58475850,4265400,109.65,28290825,759900
20-02-2025 11:40,22932.5,664875,457500,11.7,58474575,4248525,110.2,28293000,763425
20-02-2025 11:40,22933,666000,457500,12,58492650,4245900,108.3,28294725,767025
20-02-2025 11:40,22933.3,665250,459900,11.9,58482825,4254375,108.5,28273875,766425
20-02-2025 11:40,22933.75,664725,458925,11.6,58319100,4284000,110.1,28278600,765075
20-02-2025 11:40,22935.3,665100,458775,11.35,58331550,4289025,109.85,28282875,760950
20-02-2025 11:40,22938,666000,456750,12.05,58300125,4289325,107,28280625,775200
20-02-2025 11:41,22939.5,666375,456000,12.35,58352325,4216500,106.15,28244850,773100
20-02-2025 11:41,22936.6,667200,456075,12.6,58379550,4179675,105.95,28244850,777525
20-02-2025 11:41,22940,666075,456525,13.15,58382250,4168275,103.95,28247025,773175
20-02-2025 11:41,22936.75,665475,461850,12.45,58326225,4174950,106.15,28261275,766650
20-02-2025 11:41,22935.15,665700,459300,12,58336725,4203150,108.65,28261425,775425
20-02-2025 11:41,22931.9,663075,459000,11.1,58225275,4262700,112.1,28261500,765675
20-02-2025 11:42,22936.75,665025,461625,11.75,58166700,4256250,109.05,28257975,741825
20-02-2025 11:42,22937.55,665850,453000,11.35,58123500,4281225,108.5,28253925,749775
20-02-2025 11:42,22935.85,665775,464925,11.65,58166175,4294425,107,28257000,757650
20-02-2025 11:42,22939.75,667125,458175,12.25,58241400,4273500,105,28253625,762375
20-02-2025 11:42,22939.2,665550,464025,11.95,58262700,4265925,106.95,28260525,764625
20-02-2025 11:42,22939.2,665025,459375,12.1,58254225,4274850,106.3,28266075,771225
20-02-2025 11:43,22936.1,667575,462300,11.75,58276575,4314675,108.2,28290000,775650
20-02-2025 11:43,22935.55,664350,462150,11.9,58262025,4318725,107.55,28303950,770250
20-02-2025 11:43,22934.8,667050,458850,12.25,58298700,4316100,106,28293600,780450
20-02-2025 11:43,22939.65,665850,458550,12.05,58326750,4304475,106.75,28296600,783225
20-02-2025 11:43,22936.05,666450,458850,12.15,58295250,4294875,106.5,28287075,788025
20-02-2025 11:43,22936.45,667275,457800,12.05,58292175,4306950,106.9,28286100,786825
20-02-2025 11:44,22936.65,668250,457875,12.05,58297725,4307325,106.4,28280175,790350
20-02-2025 11:44,22933.45,666750,462750,11.7,58305675,4321275,108,28281525,791925
20-02-2025 11:44,22933.8,666375,462975,11.2,58217700,4358400,108.4,28282125,772800
20-02-2025 11:44,22936,667950,461475,11.25,58163175,4364325,108.15,28288950,772650
20-02-2025 11:44,22938.55,667575,461700,11.35,58167375,4361925,107.55,28280100,778500
20-02-2025 11:44,22938.5,660300,446775,11.6,58199400,4377750,105.5,28278600,774900
20-02-2025 11:45,22938.45,661050,455175,11.5,58215375,4382175,106.2,28275825,778200
20-02-2025 11:45,22936.75,660750,451425,11.95,58223850,4383675,105.15,28272075,777225
20-02-2025 11:45,22936.15,659175,455100,11.75,58217625,4332900,106.35,28271175,779925
20-02-2025 11:45,22935.4,658500,458325,11.45,58227900,4336500,107.75,28275600,774375
20-02-2025 11:45,22935.25,658500,456525,11,58166100,4418325,108.05,28282275,771225
20-02-2025 11:45,22932,658500,458250,10.35,58067175,4419600,111.15,28286250,765675
20-02-2025 11:46,22933.3,660000,452400,10.25,58016475,4428150,110.4,28284975,758850
20-02-2025 11:46,22930.5,658950,456300,9.9,57822900,4392375,112.35,28276425,754650
20-02-2025 11:46,22932.55,657075,455925,9.9,57828150,4359375,111.85,28274250,756150
20-02-2025 11:46,22927.85,656325,456375,9.75,57869250,4368225,116.35,28280925,738675
20-02-2025 11:46,22925.4,652350,460125,9.4,57808500,4420650,117.1,28266600,681675
20-02-2025 11:46,22925,653175,455700,9.15,57752025,4447950,114.75,28226325,694500
20-02-2025 11:47,22926.95,652275,455175,9.45,57809925,4408650,113.9,28216725,709800
20-02-2025 11:47,22925.05,654225,455400,9.6,57898350,4437150,114,28229175,723000
20-02-2025 11:47,22925,654825,456000,9.5,57962700,4440600,114.8,28229250,723450
20-02-2025 11:47,22924.1,652275,457950,9,57976650,4513500,117.85,28246875,708825
20-02-2025 11:47,0,0,0,0,0,0,0,0,0
20-02-2025 11:47,0,0,0,0,0,0,0,0,0
20-02-2025 11:48,0,0,0,0,0,0,0,0,0
20-02-2025 11:48,22915,648900,442350,8.8,57756900,4366125,122.85,28162875,553275
20-02-2025 11:48,22916.6,651225,454650,8.9,57847350,4400175,122.1,28162500,565650
20-02-2025 11:48,22920.05,650325,452775,9,57876225,4343175,121.35,28153950,566325
20-02-2025 11:48,22923.65,648075,453075,9,57932925,4349700,121.65,28144500,576075
20-02-2025 11:48,22924.1,649425,459525,8.9,57997350,4374750,120.1,28137225,573300
20-02-2025 11:49,22920.15,653325,456375,9,58006950,4420650,119.8,28136025,567600
20-02-2025 11:49,22925,651975,451200,8.85,58030800,4434750,120.4,28151625,572325
20-02-2025 11:49,22925.25,651600,451425,8.9,58014150,4455450,119.7,28155825,577125
20-02-2025 11:49,22924,653850,450600,8.8,57982575,4507725,119.25,28170675,577200
20-02-2025 11:49,22924.95,654525,451950,8.85,58023975,4488075,117.55,28171200,579900
20-02-2025 11:49,22922.95,656100,447975,8.95,58066950,4473225,116.85,28155300,587100
20-02-2025 11:50,22924.95,654900,452100,9,58059750,4411350,118.6,28153200,595200
20-02-2025 11:50,22924.95,656100,455025,8.9,58058400,4469325,117.5,28159425,593100
20-02-2025 11:50,22925,656025,449025,9,58068975,4469325,116.1,28155075,602550
20-02-2025 11:50,22922,653400,454050,8.8,58062975,4451550,117.6,28143900,608775
20-02-2025 11:50,22922.95,654750,450150,8.6,58007025,4412775,117.75,28145325,607050
20-02-2025 11:50,22924.35,655275,450675,8.7,57989550,4490775,115.35,28141800,618300
20-02-2025 11:51,22927,657225,452250,8.55,57979350,4406775,116.05,28142025,617250
20-02-2025 11:51,22928.9,655500,456225,8.4,57901950,4429050,116,28134900,608550
20-02-2025 11:51,22925,655875,453300,8.35,57959625,4396800,116.15,28134000,610200
20-02-2025 11:51,22927.2,654450,452475,8.15,57947700,4490025,119,28149675,611400
20-02-2025 11:51,22921,653850,455475,8.1,57719250,4458075,120.55,28158075,600675
20-02-2025 11:51,22923.55,655125,453675,7.85,57703875,4387425,121.2,28146900,590775
20-02-2025 11:52,22922.55,654225,452550,8,57725175,4395750,120.25,28144200,618150
20-02-2025 11:52,22921,656250,453000,8,57787725,4334925,118.95,28134750,632100
20-02-2025 11:52,22920.7,653025,458100,7.9,57753675,4373625,120,28128225,627750
20-02-2025 11:52,22923.3,653475,456225,7.85,57771900,4407450,119.6,28124925,633525
20-02-2025 11:52,22923.1,654225,455100,7.65,57734475,4425450,120.35,28127475,638025
20-02-2025 11:52,22923.65,654375,450825,7.85,57764625,4451700,119.3,28128900,640800
20-02-2025 11:53,22923.3,653325,452475,7.85,57808800,4377375,118.5,28130775,638925
20-02-2025 11:53,22925.3,654375,452550,8.1,57909600,4341450,116.45,28125675,648225
20-02-2025 11:53,22924.6,654750,452400,8.2,57936975,4308825,116.85,28100775,646350
20-02-2025 11:53,22924.4,654900,453150,8.05,57916650,4365675,117.55,28105350,652950
20-02-2025 11:53,22921,656250,452550,7.95,57905325,4416750,117.8,28120725,649500
20-02-2025 11:53,22921,655500,452325,7.65,57845250,4461525,120,28125975,649425
20-02-2025 11:54,22924.05,655050,452250,7.75,57818775,4445175,119,28116900,651300
20-02-2025 11:54,22920.65,657150,452175,7.9,57859875,4464525,117.85,28113750,664200
20-02-2025 11:54,22924.75,655575,451875,7.75,57865425,4432350,118.45,28114125,663225
20-02-2025 11:54,22928,657000,446550,8.1,57956250,4444350,113.85,28114125,669525
20-02-2025 11:54,22925.05,658275,447825,8.25,58006575,4357800,112,28073850,664950
20-02-2025 11:54,22926.6,658950,447450,8.4,58065900,4308675,111.7,28053075,664650
20-02-2025 11:55,22928.1,658875,449100,8.05,58091850,4398600,114.6,28064925,668925
20-02-2025 11:55,22924.15,655275,453900,8.05,57933300,4500525,115.8,28076475,649200
20-02-2025 11:55,22928.95,658350,446925,8.15,58053750,4482075,114.2,28105575,664950
20-02-2025 11:55,22925.05,656475,450150,8.15,58101150,4484775,114.95,28110000,670200
20-02-2025 11:55,22921.95,654300,453375,8.05,58071300,4555800,115.75,28117950,668850
20-02-2025 11:55,22924.25,654675,455250,7.8,57973275,4529325,118.35,28126050,669750
20-02-2025 11:56,22920,653775,453750,8,57920100,4497600,117.9,28137225,654150
20-02-2025 11:56,22926.45,655800,455325,7.95,57936225,4461225,118.35,28126650,664575
20-02-2025 11:56,22925,654975,451875,7.9,57908325,4462950,118.55,28125675,674025
20-02-2025 11:56,22920.05,654150,453150,7.95,57911550,4471350,117.6,28156575,685425
20-02-2025 11:56,22925,655125,448125,7.9,57925875,4427625,117.2,28160175,694125
20-02-2025 11:56,22928.2,656400,447150,8.1,57960675,4430100,116.2,28143075,699225
20-02-2025 11:57,22927,656550,446550,8.25,57982200,4413075,115.3,28141800,700800
20-02-2025 11:57,22929.9,658125,448050,8.3,58005225,4351950,113,28134975,698400
20-02-2025 11:57,22926.95,657525,446475,8.5,58016925,4354950,111.7,28126950,701625
20-02-2025 11:57,22928.05,656550,453825,8.55,58027050,4363650,112.15,28097025,706125
20-02-2025 11:57,22926.15,655050,450525,8.65,57994575,4377075,112.1,28108200,698250
20-02-2025 11:57,22928.35,656775,447675,9.05,58041750,4299300,109.8,28104975,705450
20-02-2025 11:58,22929.4,657975,450525,8.8,58045050,4286775,110.8,28084500,709125
20-02-2025 11:58,22930.3,656625,449400,8.9,58061550,4316925,110.65,28089525,711825
20-02-2025 11:58,22928.45,659325,457125,8.6,58006575,4367100,110.95,28097175,713700
20-02-2025 11:58,22928.9,663750,459750,8.65,57987075,4401750,110.95,28105950,716550
20-02-2025 11:58,22929.5,665100,459525,8.65,58018500,4408950,110.65,28111500,723900
20-02-2025 11:58,22928.05,666225,463125,8.3,57990150,4412175,112.1,28113900,725475
20-02-2025 11:59,22925.05,666600,464850,8.15,57941175,4432800,112.4,28125600,716100
20-02-2025 11:59,22926.15,666150,461625,8.5,57957900,4413450,111.35,28123500,721725
20-02-2025 11:59,22925.5,666375,462600,8.35,57993300,4411800,111.85,28133025,728025
20-02-2025 11:59,22925.5,666675,459075,8.25,57968175,4419750,112.05,28134300,722400
20-02-2025 11:59,22927,667425,459975,8.5,58039425,4358850,110.6,28128675,732825
20-02-2025 11:59,22928.35,670725,458175,8.8,58072800,4371375,109.35,28119525,741225
20-02-2025 12:00,22928.55,669300,456900,8.9,58071375,4333425,109.15,28099275,748575
20-02-2025 12:00,22928.05,668850,461175,8.95,58089075,4317900,109.2,28092825,748875
20-02-2025 12:00,22933,668700,462525,8.95,58121550,4329750,108.75,28104825,750075
20-02-2025 12:00,22934.85,667275,461250,8.95,58119375,4335900,108.3,28108950,760950
20-02-2025 12:00,22928,669075,460650,9.05,58124025,4373175,107.75,28109925,766350
20-02-2025 12:00,22930.55,667800,455625,9.1,58133025,4329900,107.1,28104225,763875
20-02-2025 12:01,22930.95,667500,459000,9,58156125,4341150,107.95,28114275,760500
20-02-2025 12:01,22936,668175,457725,9.1,58100550,4306800,106.9,28107000,756825
20-02-2025 12:01,22934.3,668925,461175,9.3,58167225,4306050,107.2,28087575,756900
20-02-2025 12:01,22934.05,666300,461925,8.55,58129800,4368075,109.8,28098525,754950
20-02-2025 12:01,22930.15,666900,465525,8.35,57985425,4395300,110.3,28145700,741000
20-02-2025 12:01,22930.1,667275,467175,8.5,57993525,4378200,110.05,28134525,750600
20-02-2025 12:02,22933.1,668100,465300,8.2,57983025,4410450,110.8,28111950,785025
20-02-2025 12:02,22930,666900,461475,7.95,57925350,4451625,111.15,28124400,787650
20-02-2025 12:02,22929.55,667575,465900,7.85,57880500,4452525,111.8,28131375,772725
20-02-2025 12:02,22927.05,665625,466650,7.7,57809475,4454775,113,28130700,758400
20-02-2025 12:02,22930.95,667275,463800,7.85,57894675,4447725,111.4,28129050,759225
20-02-2025 12:02,22930.4,668625,458250,8.45,58012050,4405275,108.15,28098675,801375
20-02-2025 12:03,22929.95,669750,463425,8.45,58042275,4388775,106.85,28071900,801750
20-02-2025 12:03,22930.7,670050,463350,8.5,58017525,4432125,108.15,28098900,806625
20-02-2025 12:03,22928.95,668700,459300,8.35,57984150,4500825,107.35,28107075,807450
20-02-2025 12:03,22930.05,666750,462150,8,57989025,4542375,110,28111650,813900
20-02-2025 12:03,22930.1,666900,466200,8,57900600,4560525,112.15,28120725,800625
20-02-2025 12:03,22926.65,668475,467850,7.9,57938850,4572225,111.15,28135500,800025
20-02-2025 12:04,22925.3,667575,468825,7.65,57906525,4600800,111.9,28119675,795675
20-02-2025 12:04,22933.15,670650,461175,8,57984075,4608975,109.2,28126575,802950
20-02-2025 12:04,22928.4,671100,463425,8.1,58049625,4528125,108.7,28113900,784050
20-02-2025 12:04,22930,670875,462675,8.05,58050900,4559175,107.95,28118175,793200
20-02-2025 12:04,22930.85,671625,457650,8.15,58059150,4547475,107.3,28148325,794175
20-02-2025 12:04,22934.95,671400,457050,8.55,58164300,4536450,104.8,28112025,797550
20-02-2025 12:05,22933.35,672000,462300,8.5,58203600,4529550,105.6,28063200,796500
20-02-2025 12:05,22935,672000,462450,8.5,58209525,4573275,105.9,28072575,806475
20-02-2025 12:05,22934.45,672525,460275,8.75,58232775,4531275,104.5,28078500,819075
20-02-2025 12:05,22934.45,672525,464550,8.5,58251600,4587600,105.85,28083975,854175
20-02-2025 12:05,22934.6,673350,464700,8.75,58195125,4596450,104,28098000,849300
20-02-2025 12:05,22940,671700,463275,8.9,58220025,4526100,103,28089525,850125
20-02-2025 12:06,22933.15,672525,465075,8.55,58176975,4579575,106.25,28101000,850875
20-02-2025 12:06,22933.75,671925,465300,8.2,58072575,4703175,106.7,28116150,837900
20-02-2025 12:06,22933.55,673500,467100,8.2,58130400,4658550,106.95,28113675,878250
20-02-2025 12:06,22933.85,674700,466050,8.85,58255575,4606650,104.3,28109700,885525
20-02-2025 12:06,22938.35,671325,468975,8.65,58215600,4579500,104.05,28104000,890700
20-02-2025 12:06,22934.15,671850,466725,8.7,58270575,4541550,103.65,28114950,894150
20-02-2025 12:07,22933.35,671400,464025,8.75,58278375,4577775,104.25,28122975,889200
20-02-2025 12:07,22935.95,668850,467775,8.55,58269750,4595625,105,28130400,886725
20-02-2025 12:07,22936.85,668775,466125,8.3,58222350,4659675,106.35,28140675,888750
20-02-2025 12:07,22930.8,665775,472950,7.9,58181400,4684275,108,28153725,882675
20-02-2025 12:07,22930.9,667500,464625,8.2,58172775,4676250,106.95,28152675,869400
20-02-2025 12:07,22931.05,668550,465000,8.1,58163100,4700025,107.2,28151775,874425
20-02-2025 12:08,22934.9,667350,468750,7.65,58122375,4763625,108.3,28148850,866100
20-02-2025 12:08,22930,664800,467700,7.55,57985500,4782075,108.5,28139925,864975
20-02-2025 12:08,22930.25,664800,466500,7.3,57941325,4831050,109.3,28142100,858375
20-02-2025 12:08,22934.65,665325,468600,7.4,57951150,4815150,108,28134300,859650
20-02-2025 12:08,22930,665475,473775,7.15,57994650,4741200,110,28134900,864000
20-02-2025 12:08,22928.55,662850,470700,6.8,57874800,4806150,111.25,28137750,858750
20-02-2025 12:09,22934.25,663675,470250,7.05,57831675,4806675,109.5,28140225,857100
20-02-2025 12:09,22933.65,665925,472575,6.9,57828375,4749300,109.65,28126500,863700
20-02-2025 12:09,22929.4,662475,471600,6.8,57801375,4792800,110.45,28133175,863775
20-02-2025 12:09,22931.4,663000,467775,6.75,57806250,4770000,110.3,28132350,866700
20-02-2025 12:09,22927.05,662625,469275,6.75,57848175,4762650,111.1,28137525,872475
20-02-2025 12:09,22927.15,663525,466125,6.95,57860175,4749225,109.7,28133700,859425
20-02-2025 12:10,22927.05,663675,470025,6.7,57864075,4765725,111.45,28135125,862425
20-02-2025 12:10,22925,662550,471225,6.6,57799575,4774200,113.55,28140600,835875
20-02-2025 12:10,22925.05,662100,468450,6.55,57839325,4759200,115,28146375,838950
20-02-2025 12:10,22923.25,661875,465975,6.7,57868350,4752300,112,28137825,838200
20-02-2025 12:10,22925.5,666150,467550,6.95,57975150,4683525,110.1,28127625,848175
20-02-2025 12:10,22929.5,667650,470925,6.95,57947850,4689975,109.4,28115850,846900
20-02-2025 12:11,22927.5,666750,467250,6.9,57978300,4650300,108.85,28117425,861750
20-02-2025 12:11,22925.25,666450,471000,6.75,57980700,4692675,110.6,28123275,853425
20-02-2025 12:11,22924.9,666075,471075,6.7,57934275,4732350,111.4,28129275,855075
20-02-2025 12:11,22926.3,666225,471300,6.75,57971925,4720650,109.7,28127325,864750
20-02-2025 12:11,22933.65,666225,464325,7.3,58109700,4658550,107.2,28120725,869325
20-02-2025 12:11,22927.3,666900,468300,7.1,58120725,4623600,108.65,28128675,861075
20-02-2025 12:12,22929.15,664950,468975,7.3,58113900,4634700,107.5,28132650,871425
20-02-2025 12:12,22928.9,663300,472050,7.1,58155825,4650450,110.4,28158075,873225
20-02-2025 12:12,22926.6,664875,465900,7.25,58072950,4665000,109.2,28165500,868875
20-02-2025 12:12,22924.65,663300,470625,7.3,58054050,4639950,111,28177725,865050
20-02-2025 12:12,22929.65,664125,466950,7.25,58113675,4626525,111.9,28184775,860100
20-02-2025 12:12,22923.5,663900,467250,7.7,58221600,4623450,112.45,28185900,850050
20-02-2025 12:13,22923.15,663525,470700,7.55,58238250,4605000,113.35,28178325,850800
20-02-2025 12:13,22931.35,664725,469350,7.75,58192725,4585725,112.1,28185525,861075
20-02-2025 12:13,22926.95,662775,472800,7.45,58184775,4609725,113.85,28192800,878475
20-02-2025 12:13,22929.7,661875,469950,7.25,58138650,4662375,113.85,28199325,892650
20-02-2025 12:13,22928.9,663375,472125,7.2,58145325,4622025,113.85,28200300,905100
20-02-2025 12:13,22922.85,662250,472425,7.2,58091175,4648950,114.45,28197750,897075
20-02-2025 12:14,22923.1,663900,472650,7.1,58088400,4675950,113.5,28200450,881025
20-02-2025 12:14,22928,663825,468600,7.05,58051350,4641000,114.8,28187475,882225
20-02-2025 12:14,22923.9,663975,473025,7,58053975,4635750,113.95,28184250,882750
20-02-2025 12:14,22924.95,664350,468375,7,58042200,4657425,112.7,28185075,890175
20-02-2025 12:14,22928.95,663750,473400,6.85,58031175,4708050,113.8,28184700,890625
20-02-2025 12:14,22921,663000,470925,6.45,58024050,4704300,115.2,28192275,888225
20-02-2025 12:15,22922,662700,472725,6.6,57933975,4732425,115,28187625,826800
20-02-2025 12:15,22922,662025,469950,6.5,58003575,4658025,114.3,28195050,831675
20-02-2025 12:15,22925.6,662550,469050,6.35,57968175,4719000,113.75,28191300,844350
20-02-2025 12:15,22927.75,665175,474675,6.45,58055850,4679250,113.6,28180575,854250
20-02-2025 12:15,22925.35,667500,471450,6.6,58088475,4699050,110.5,28187100,865425
20-02-2025 12:15,22929.85,666525,464325,7,58096875,4627875,109.85,28152600,864000
20-02-2025 12:16,22926.2,666450,468300,6.85,58115850,4552200,111.05,28152150,858825
20-02-2025 12:16,22925.25,665400,471900,6.6,58018500,4598400,114,28171500,854625
20-02-2025 12:16,22925.05,665550,472950,6.6,57970650,4594350,114.1,28168575,843375
20-02-2025 12:16,22926.75,665400,471375,6.4,58001550,4605150,115.3,28173825,842475
20-02-2025 12:16,22922.05,665550,472725,6.45,58004775,4631925,114.4,28176975,841650
20-02-2025 12:16,22922,663225,469650,6.25,58046325,4638450,115.4,28181775,838725
20-02-2025 12:17,22927.15,663825,471750,6.25,57983700,4646925,115.05,28188150,832575
20-02-2025 12:17,22927.95,664575,472050,6.25,58022025,4619325,114,28188600,835050
20-02-2025 12:17,22926.35,665700,473025,6.35,58047750,4597800,113.1,28171725,852450
20-02-2025 12:17,22923.3,664200,469500,6.3,58048200,4601700,113.35,28148100,855150
20-02-2025 12:17,22925.25,665250,466950,6.35,58096575,4590600,112.2,28150275,854550
20-02-2025 12:17,22929,668250,463050,6.8,58228350,4586925,110.4,28145925,868500
20-02-2025 12:18,22929.8,667200,469050,6.75,58188375,4528875,111.35,28113525,853950
20-02-2025 12:18,22927.4,666750,465675,6.65,58205100,4574400,111,28122900,859725
20-02-2025 12:18,22926.4,666675,463125,6.6,58127625,4575675,111.5,28121700,870600
20-02-2025 12:18,0,0,0,6.65,58154175,4598175,110.5,28128450,873000
20-02-2025 12:18,22929.05,669075,467850,6.7,58193325,4534125,110.05,28126800,878775
20-02-2025 12:18,22931.55,666525,467550,6.75,58210275,4547400,110.6,28139550,867825
20-02-2025 12:19,22930,667875,470025,6.9,58264050,4554975,109.2,28142025,872175
20-02-2025 12:19,22930,666525,469500,6.65,58266900,4526850,110.9,28143675,870300
20-02-2025 12:19,22926.4,664950,471675,6.35,58089375,4607775,112.9,28159875,859725
20-02-2025 12:19,22930,670425,466500,6.6,58134075,4596600,109.4,28155600,867300
20-02-2025 12:19,22930,671475,463125,6.5,58142775,4538250,108.4,28140750,873150
20-02-2025 12:19,22933.85,673275,461400,6.9,58181250,4541550,107.25,28134825,872250
20-02-2025 12:20,22930,671925,461625,7.05,58234875,4469625,106.45,28126725,867525
20-02-2025 12:20,22930.05,670725,465000,7.05,58231275,4448025,107.05,28125375,867750
20-02-2025 12:20,22935,671100,466500,7.15,58255500,4456650,107.35,28140300,831150
20-02-2025 12:20,22936,671700,469125,7.1,58209975,4439475,106.6,28142475,835725
20-02-2025 12:20,22933,670200,466725,7.1,58159725,4474275,106.8,28150500,832800
20-02-2025 12:20,22935,670575,468825,7.2,58188300,4443150,106.35,28146225,837750
20-02-2025 12:21,22935.6,669450,468975,7,58192350,4447800,107.2,28137525,844575
20-02-2025 12:21,22935.45,668475,468150,6.85,58085625,4510275,107.9,28140150,836400
20-02-2025 12:21,22931.55,669300,468900,6.6,58104675,4528350,108,28141275,836550
20-02-2025 12:21,22933.25,668775,468900,6.4,57484950,4589475,109.9,28140225,832800
20-02-2025 12:21,22930.3,668625,468225,6.55,57457725,4617675,109.55,28142400,835875
20-02-2025 12:21,22935,672225,468075,6.75,57521325,4552575,107.2,28135350,849675
20-02-2025 12:22,0,0,0,6.9,57581550,4516425,105.75,28121100,864600
20-02-2025 12:22,22934,670725,469575,6.4,57557400,4565100,108,28122975,863175
20-02-2025 12:22,22933,667275,464700,6.15,57410475,4667250,108.3,27953400,852225
20-02-2025 12:22,22929,666825,468900,6.15,57292800,4640100,109.35,27800250,845250
20-02-2025 12:22,22932.35,669000,470775,6,57169125,4611975,109.2,27797475,851025
20-02-2025 12:22,22926.3,670950,470100,6,57255975,4618950,109.25,27799500,851700
20-02-2025 12:23,22932.2,674625,466275,6.15,57283350,4635375,107.95,27800625,858900
20-02-2025 12:23,22932.6,671700,469650,6.1,57298650,4603800,107.8,27794700,858000
20-02-2025 12:23,22933.75,671925,468750,6.2,57367275,4587525,108.05,27786000,860925
20-02-2025 12:23,22934.1,671175,466650,6.2,57436200,4566300,108,27781200,856650
20-02-2025 12:23,22931.6,671325,472275,6.3,57460125,4569675,108,27787425,854325
20-02-2025 12:23,22929.1,672075,470325,6.25,57492000,4569075,108.65,27796875,852975
20-02-2025 12:24,22932.05,670500,472275,6.4,57539925,4597125,108.95,27802200,859800
20-02-2025 12:24,22933,672450,466500,6.4,57526500,4559400,108.4,27794475,874650
20-02-2025 12:24,22934,671100,467100,6.3,57507675,4620000,108.15,27795375,864375
20-02-2025 12:24,22934,673125,463275,6.35,57524700,4629000,107.1,27794400,886725
20-02-2025 12:24,22932,672675,463800,6.25,57542175,4608975,107.1,27789450,886275
20-02-2025 12:24,22934.95,671625,462450,6.45,57617775,4647225,106.05,27788325,883950
20-02-2025 12:25,22931.15,670950,463875,6.55,57639300,4590675,106.25,27780525,884925
20-02-2025 12:25,22934,668700,468300,6.65,57678525,4548975,108.8,27784125,888975
20-02-2025 12:25,22931.15,669450,462075,6.65,57666525,4524975,108.15,27789450,872850
20-02-2025 12:25,22929.85,671475,462900,6.85,57676050,4521750,106.85,27796500,880500
20-02-2025 12:25,22932.15,670800,462375,7.1,57697500,4443600,105.4,27790575,900450
20-02-2025 12:25,22931.75,671475,462075,7.25,57655125,4422975,104.85,27754950,895800
20-02-2025 12:26,22935.15,671250,461475,7.35,57693750,4374675,104.35,27749775,894150
20-02-2025 12:26,22936,668475,460575,7.35,57679875,4408800,103.8,27749325,895950
20-02-2025 12:26,22934,667800,463125,7.1,57673875,4489800,105.35,27771375,901200
20-02-2025 12:26,22935.85,668250,467850,6.9,57564075,4543425,106.75,27787425,893550
20-02-2025 12:26,22931,667500,465300,6.6,57445725,4623075,108.85,27789300,882975
20-02-2025 12:26,22926.65,667350,467100,6.25,57425850,4624200,110.35,27789000,863775
20-02-2025 12:27,22932.6,668625,465900,6.4,57414075,4663125,108.4,27792750,855750
20-02-2025 12:27,22928.45,669975,465225,6.5,57476325,4548150,109.4,27770100,855300
20-02-2025 12:27,22935.4,671925,468600,6.55,57473925,4549800,106.15,27763425,842550
20-02-2025 12:27,0,0,0,6.8,57525825,4501050,106.65,27763800,849075
20-02-2025 12:27,22936.1,669525,466500,6.8,57550500,4532550,107.3,27770475,852075
20-02-2025 12:27,22935.9,669975,464250,7,57573375,4536825,105.9,27776850,901200
20-02-2025 12:28,22932.5,670050,467100,7.05,57591225,4489050,106,27787200,907125
20-02-2025 12:28,22935,669750,467850,6.8,57606000,4515675,106.4,27793350,906450
20-02-2025 12:28,22937.65,671625,466350,6.85,57557700,4544400,105.6,27793650,904650
20-02-2025 12:28,22935.15,669750,468825,6.45,57538350,4613025,108.55,27788550,898350
20-02-2025 12:28,22935.05,669450,468150,6.35,57472125,4671300,109.3,27788250,888075
20-02-2025 12:28,22935.3,671025,467100,6.4,57447750,4645800,108.1,27783825,886050
20-02-2025 12:29,0,0,0,6.6,57493200,4653600,107.55,27783900,890775
20-02-2025 12:29,22931.3,670500,471225,6.55,57561075,4595400,107.55,27788025,895500
20-02-2025 12:29,22934.2,669000,471300,6.2,57499125,4675350,109.3,27794625,889725
20-02-2025 12:29,0,0,0,6.35,57460950,4682250,108.35,27792600,890025
20-02-2025 12:29,22932,669525,467700,6.15,57456900,4649100,108.55,27783150,895950
20-02-2025 12:29,22930,667875,470025,6.05,57386925,4710900,109.8,27791175,886350
20-02-2025 12:30,22930,668025,470175,5.9,57271200,4717200,110.5,27798075,829050
20-02-2025 12:30,22926,670350,467925,5.8,57242925,4740450,111.45,27796575,813150
20-02-2025 12:30,22925.6,673275,464850,5.7,57247125,4786875,111.4,27788475,791700
20-02-2025 12:30,22925.25,670875,466875,5.7,57283425,4772175,111.25,27783675,789300
20-02-2025 12:30,22931.25,670425,468675,5.65,57256950,4781850,112.5,27792825,792975
20-02-2025 12:30,22924.05,669375,468750,5.65,57227025,4773000,111.9,27799275,790725
20-02-2025 12:31,22930.15,669150,469650,5.6,57225675,4777350,112.75,27796350,787500
20-02-2025 12:31,22931.3,669675,468675,5.6,57299925,4802775,111.8,27797175,790125
20-02-2025 12:31,22931.1,671100,467250,5.65,57360975,4768500,111.75,27784950,793875
20-02-2025 12:31,22931.25,671475,464625,5.65,57396900,4785225,111,27775350,795450
20-02-2025 12:31,22931.85,669900,464100,5.75,57436200,4778550,109.65,27765375,799425
20-02-2025 12:31,22926.35,669900,465375,5.7,57446025,4803150,109.55,27774000,802125
20-02-2025 12:32,22927,667650,466125,5.75,57468825,4837950,109.95,27772500,801525
20-02-2025 12:32,22931.15,666975,467400,5.55,57479925,4866750,111.25,27780600,799050
20-02-2025 12:32,22925.95,666375,467550,5.6,57358650,4865700,110,27782250,794025
20-02-2025 12:32,22930.25,668100,468450,5.6,57402000,4827675,111.2,27765000,794250
20-02-2025 12:32,22924.3,665775,466950,5.6,57407700,4882725,112.1,27772800,784350
20-02-2025 12:32,22930.3,666300,468075,5.65,57417300,4872675,111.7,27775875,783975
20-02-2025 12:33,22929.55,664725,466500,5.6,57431025,4855350,112.65,27775650,783225
20-02-2025 12:33,22930.35,664425,471525,5.55,57426225,4890825,112.4,27777675,781050
20-02-2025 12:33,22931,665250,467625,5.6,57397050,4870350,111.05,27776100,800325
20-02-2025 12:33,22931.8,665475,465225,5.65,57415800,4848975,110.7,27765375,810375
20-02-2025 12:33,22933.8,666300,463875,5.8,57499575,4826925,109.45,27767775,818475
20-02-2025 12:33,22934.95,667575,466050,5.95,57546525,4718250,108.1,27753150,823725
20-02-2025 12:34,22928.95,668400,463200,6.05,57601950,4690950,108.55,27752325,818250
20-02-2025 12:34,22927.55,668025,465900,5.9,57536850,4708425,109.8,27763800,812250
20-02-2025 12:34,22935,667725,462525,5.95,57518850,4685250,108.7,27773325,813000
20-02-2025 12:34,22933.55,669300,465975,5.9,57482175,4722000,109.65,27790275,815700
20-02-2025 12:34,22927,667125,465000,5.9,57455325,4731225,109.7,27797625,814500
20-02-2025 12:34,22933,666675,463725,5.95,57459075,4723500,108.3,27795900,818325
20-02-2025 12:35,22929.1,667425,464775,5.9,57470850,4747725,107.4,27784275,824475
20-02-2025 12:35,22934.65,667575,464025,5.95,57467100,4721925,108.35,27788625,820200
20-02-2025 12:35,22930,668475,463800,6,57494325,4746075,107.1,27789750,820425
20-02-2025 12:35,22928.95,666675,463800,5.9,57491175,4716225,108.5,27784875,822300
20-02-2025 12:35,22933.65,667875,460950,6.05,57477600,4723575,106.8,27790200,827625
20-02-2025 12:35,22931.4,666450,460650,6.15,57507150,4718700,106.85,27770850,827625
20-02-2025 12:36,22931.7,665325,460650,6.25,57532500,4651500,106.6,27759525,829650
20-02-2025 12:36,22930.25,665325,462525,6.1,57487650,4714125,107.7,27780150,822825
20-02-2025 12:36,22929.1,664725,463425,6.05,57467025,4737975,107.8,27790425,823650
20-02-2025 12:36,22930.6,666825,462825,6.2,57542775,4727325,105.65,27779100,836475
20-02-2025 12:36,22930.8,666375,460350,6.25,57515325,4688850,106.55,27786075,834600
20-02-2025 12:36,22927.05,666225,468000,5.7,57412425,4839450,109.1,27802725,828000
20-02-2025 12:37,22927,667050,467175,5.65,57344625,4857750,109.25,27808275,822600
20-02-2025 12:37,22926.3,666450,465600,5.75,57360225,4858425,108.2,27802800,826800
20-02-2025 12:37,22930,668325,465675,5.9,57418575,4849275,106.65,27796350,840900
20-02-2025 12:37,22934,668925,459975,5.95,57461475,4801425,106.15,27796350,850125
20-02-2025 12:37,22928.7,668850,465450,5.9,57461550,4888575,106.6,27801675,843825
20-02-2025 12:37,22930.15,671025,465300,6.05,57436800,4866600,105.4,27808875,852525
20-02-2025 12:38,22935.75,674775,465675,5.85,57449850,4902900,106.85,27810675,849225
20-02-2025 12:38,22935.2,674700,464250,5.9,57434625,4862400,106,27812100,847950
20-02-2025 12:38,22936,674550,464925,6.05,57464775,4851225,105.7,27812175,849300
20-02-2025 12:38,22937,674100,462525,6.2,57511350,4830825,104.65,27812475,851175
20-02-2025 12:38,22936.25,674625,463125,6.25,57528900,4799925,104.5,27761325,849450
20-02-2025 12:38,22936.4,674550,463500,6.4,57574875,4740075,104.5,27755475,846900
20-02-2025 12:39,22935,675900,461700,6.45,57557700,4718025,103.65,27750300,844950
20-02-2025 12:39,22935.2,675075,464100,6.15,57548175,4776600,105,27753525,841125
20-02-2025 12:39,22938,674175,463275,6.5,57577350,4795050,102.45,27760050,854700
20-02-2025 12:39,22940,678075,459825,6.75,57652425,4691775,101.25,27725475,846150
20-02-2025 12:39,22940,680100,459300,6.95,57695400,4663350,100.3,27731100,847875
20-02-2025 12:39,22943.95,675900,457350,8,57696375,4559700,96.55,27706950,851775
20-02-2025 12:40,22943.65,676500,459150,8,57658275,4422075,96.7,27617775,851850
20-02-2025 12:40,22940.05,673650,462000,7.55,57505575,4473450,98.4,27643875,854925
20-02-2025 12:40,22946,675975,462825,7.4,57480225,4598400,97.6,27645375,862725
20-02-2025 12:40,22940.1,674775,463200,7.55,57526500,4649025,98.4,27682125,864525
20-02-2025 12:40,22942,675375,461475,7.6,57515325,4579650,98.3,27694650,864225
20-02-2025 12:40,22944.85,675225,462225,7.65,57523650,4560375,98.45,27708000,867900
20-02-2025 12:41,22945.4,676875,461850,7.45,57506400,4661850,98.45,27718650,874050
20-02-2025 12:41,22940.15,676275,460875,7.4,57422025,4725375,98.4,27738375,881775
20-02-2025 12:41,22945.25,677400,463125,7.15,57487950,4758000,99.6,27747825,892350
20-02-2025 12:41,22944.6,675675,463050,7.05,57377175,4776000,99.45,27759150,877950
20-02-2025 12:41,22945,676800,461700,7.45,57462000,4742025,99.2,27749700,901425
20-02-2025 12:41,22940.15,674925,462300,7.5,57476625,4701600,99.3,27758850,904650
20-02-2025 12:42,22945,675525,464025,7.55,57508200,4662900,98.95,27758700,922200
20-02-2025 12:42,22945,675300,458175,7.4,57450900,4733625,99.3,27765375,921975
20-02-2025 12:42,22944.75,674475,465150,6.95,57354975,4825800,100.95,27774900,922725
20-02-2025 12:42,22941,674400,467250,6.6,57261450,4858350,102,27789000,890175
20-02-2025 12:42,22943,674400,462300,6.8,57335775,4865250,101.7,27784200,903450
20-02-2025 12:42,22942.5,674400,461850,6.95,57387000,4791750,100.8,27782025,912300
20-02-2025 12:43,22941,674925,464250,6.75,57435000,4763700,101.2,27791325,922875
20-02-2025 12:43,22940.15,673500,464025,6.35,57338550,4843875,102.75,27810150,909225
20-02-2025 12:43,22940.15,673950,460200,6.35,57366525,4822800,102.05,27809850,902625
20-02-2025 12:43,22939,675375,467925,6.1,57363825,4963050,103.2,27809700,907800
20-02-2025 12:43,22939,675075,463200,6.25,57371175,4934625,103,27816375,879975
20-02-2025 12:43,22935,675000,463350,6.4,57416850,4905750,102.55,27817950,880050
20-02-2025 12:44,22933.45,672375,466800,5.9,57451575,4973175,104.65,27831225,872850
20-02-2025 12:44,22932.45,675525,462600,5.75,57279300,4968300,104.5,27828900,842100
20-02-2025 12:44,22932.8,678000,461625,5.8,57357450,4992900,103.75,27813975,850125
20-02-2025 12:44,22932.35,675525,461625,5.9,57419550,4947375,103.4,27808425,865125
20-02-2025 12:44,22939.8,677100,460500,6.15,57496275,4912875,102.55,27817350,864450
20-02-2025 12:44,22939.7,675225,461475,6.05,57478875,4929975,103.25,27816525,865950
20-02-2025 12:45,22940.2,675975,461850,6.15,57504525,4918650,103.05,27817125,867975
20-02-2025 12:45,22932.7,673875,465300,5.85,57469125,5018250,103.4,27822000,867900
20-02-2025 12:45,22939.3,675900,463950,5.7,57334275,5073900,104.55,27834750,863400
20-02-2025 12:45,22939.3,676425,460575,5.7,57404400,5073750,104.7,27828900,852300
20-02-2025 12:45,22935,677325,459225,5.75,57439875,5042850,103.4,27827475,860700
20-02-2025 12:45,22935.15,677625,461025,5.85,57453975,5008650,102.9,27813300,866850
20-02-2025 12:46,22935.35,677325,460200,5.9,57392400,4984650,102.5,27809100,875100
20-02-2025 12:46,0,0,0,5.9,57423825,5037150,103.7,27809100,873000
20-02-2025 12:46,22934.7,678225,461775,5.75,57348300,5111775,103.55,27816675,870900
20-02-2025 12:46,0,0,0,5.9,57452925,5085225,102.25,27810075,886200
20-02-2025 12:46,22935.5,677400,460800,5.85,57521400,5068275,102.85,27808500,890625
20-02-2025 12:46,22940,678675,459300,6.05,57575025,5034000,101.95,27809175,900225
20-02-2025 12:47,22940,680025,458175,5.95,57563250,5019600,101.95,27870675,901575
20-02-2025 12:47,22935.65,676575,457800,6,57649275,4999350,102.2,27880200,899250
20-02-2025 12:47,22940,676800,459825,6,57644475,5041875,101.75,27877650,898725
20-02-2025 12:47,22935.7,676200,462375,5.8,57667950,5096250,103.1,27868125,902100
20-02-2025 12:47,0,0,0,5.95,57588225,5158125,102.8,27868425,891600
20-02-2025 12:47,22939.45,675075,462075,5.5,57530700,5212200,105.2,27879000,885075
20-02-2025 12:48,22935.65,674175,461325,5.25,57353775,5253750,106,27884400,868575
20-02-2025 12:48,22933.65,673050,461700,5.1,57318525,5262450,107.45,27896550,841200
20-02-2025 12:48,22936,674475,461175,5.15,57256500,5306550,106.95,27893100,825975
20-02-2025 12:48,22936.7,673575,459150,5.05,57259875,5311800,107.55,27884175,855900
20-02-2025 12:48,22932.15,675225,459600,5.2,57090450,5284050,106.05,27888825,871275
20-02-2025 12:48,22939.9,676425,458400,5.45,57301650,5178300,104,27871575,877800
20-02-2025 12:49,22936,676650,460500,5.5,57369600,5206650,103.7,27847650,885600
20-02-2025 12:49,22932,674550,462600,5.3,57268800,5289825,105.9,27856275,884100
20-02-2025 12:49,22937.85,675450,463050,5.3,57128850,5352825,104.75,27860775,869175
20-02-2025 12:49,22937.85,676350,459075,5.3,57262425,5205300,105.8,27873675,868125
20-02-2025 12:49,22935.8,676050,460725,5.25,57307575,5253675,106.6,27876375,864825
20-02-2025 12:49,22937.25,673725,460725,5.25,57363600,5306925,106.4,27880125,873075
20-02-2025 12:50,22935,673800,462075,5.25,57387675,5299275,106,27882150,864000
20-02-2025 12:50,22932.05,673950,462150,5.3,57375000,5290800,105.35,27877275,881550
20-02-2025 12:50,22932.15,673875,462225,5.25,57402975,5234700,104.3,27870225,891075
20-02-2025 12:50,22936,673875,461625,5.25,57607275,5253450,104.6,27871425,898725
20-02-2025 12:50,22931.2,676050,461850,5.25,57507075,5247975,105.25,27883200,899775
20-02-2025 12:50,22931,672975,460275,5.1,57426225,5401650,106.25,27885225,889350
20-02-2025 12:51,22936,673425,459525,5.15,57441375,5376150,105,27891525,886425
20-02-2025 12:51,22931.9,674325,460350,5.35,57670800,5263800,104.15,27884025,899550
20-02-2025 12:51,22938.5,675675,460275,5.3,57711075,5162775,104,27877500,906150
20-02-2025 12:51,22932,676350,459825,5.4,57670800,5172225,104.15,27880650,905025
20-02-2025 12:51,22931.1,675750,461700,5.3,57580725,5316900,104.25,27886950,903225
20-02-2025 12:51,22932.8,676950,456675,5.45,57805875,5144325,103.6,27881925,903075
20-02-2025 12:52,22939.9,677775,456525,5.7,57914400,5073750,102.4,27880725,906450
20-02-2025 12:52,22935,678150,458475,5.65,57797175,5067450,102.65,27861825,905775
20-02-2025 12:52,22940.55,677475,457050,5.7,57702975,4997550,102.7,27870600,906300
20-02-2025 12:52,22940,678750,459600,5.8,57722175,4996125,101.3,27876600,911625
20-02-2025 12:52,0,0,0,5.7,57749475,5053950,102.55,27868275,903075
20-02-2025 12:52,22940,678825,460050,5.75,57781125,4983150,102,27869775,898200
20-02-2025 12:53,0,0,0,5.95,57750525,4952700,101.7,27874125,902850
20-02-2025 12:53,22941,677400,458475,6.05,57822450,4924050,100.8,27877950,903225
20-02-2025 12:53,22937.85,676125,456750,6.2,57811725,4905825,99.4,27872700,900450
20-02-2025 12:53,22941,678525,455925,6.4,57765450,4844100,99.25,27820950,895500
20-02-2025 12:53,22940.05,677325,455475,6.6,57781800,4839525,99,27828150,900075
20-02-2025 12:53,22942.8,679725,454275,6.65,57838650,4821000,99.45,27835200,893925
20-02-2025 12:54,22942.4,676575,460500,6.2,57712725,4956675,101.25,27861525,896250
20-02-2025 12:54,22943.1,676275,458625,5.9,57519150,5074800,101.05,27875100,891375
20-02-2025 12:54,22937.25,676650,458325,6.15,57509850,5052375,100.65,27882750,899925
20-02-2025 12:54,22939.1,676650,454575,6.25,57599625,4938750,99.9,27881475,913125
20-02-2025 12:54,22943.9,676200,455775,6.35,57682725,4853400,100.45,27899850,922425
20-02-2025 12:54,22940.1,676200,456900,6.3,57709275,4953675,100.8,27908850,906075
20-02-2025 12:55,22944.55,674925,455850,6.25,57712425,5013675,101.15,27914850,908475
20-02-2025 12:55,22940.3,676200,455850,6.1,57619200,5099700,101.3,27922575,909825
20-02-2025 12:55,0,0,0,6.15,57657600,5041125,100.95,27920625,916800
20-02-2025 12:55,22940.35,670725,452700,6.4,57700725,4982325,100,27920550,918225
20-02-2025 12:55,22944.8,671175,452625,6.45,57822450,4959000,100.8,27913275,919500
20-02-2025 12:55,22944,671100,452550,6.65,57751800,5007075,100,27916425,923325
20-02-2025 12:56,22944,670575,457725,6.15,57776325,5080650,102,27918225,920175
20-02-2025 12:56,22944.65,666825,454500,6.2,57589575,5034000,102.2,27991275,895650
20-02-2025 12:56,22944.95,667425,452475,6.25,57714375,4941375,100.75,27989400,919050
20-02-2025 12:56,22943.4,666075,456450,5.9,57528150,5021625,102.05,27987675,903525
20-02-2025 12:56,22937,665925,457725,5.75,57486825,5065500,102.8,28000650,901875
20-02-2025 12:56,22934.75,665625,456375,5.5,57379275,5176800,103.65,28000725,888825
20-02-2025 12:57,22933.75,665925,456225,5.25,57346575,5207250,104.05,27987750,879225
20-02-2025 12:57,22935,666900,458700,5.15,57334050,5211750,104.45,27993150,877950
20-02-2025 12:57,22939.45,669525,457575,5.2,57401175,5160150,102.95,27992100,883425
20-02-2025 12:57,22938.65,669525,456075,5.05,57359625,5232075,103.4,28001475,883575
20-02-2025 12:57,22938.65,669300,455775,5.05,57386100,5206950,103,28002525,889050
20-02-2025 12:57,22938,669000,459750,5.1,57473625,5095350,103.05,27993825,886725
20-02-2025 12:58,0,0,0,4.95,57360300,5229525,104.8,27999825,881025
20-02-2025 12:58,22932.25,672225,459600,5,57434550,5250000,104.6,28003275,879375
20-02-2025 12:58,22937,667800,458175,5,57338325,5217675,104.25,27998025,876900
20-02-2025 12:58,22933.15,671025,458175,5.05,57482850,5193975,104.6,27992325,871275
20-02-2025 12:58,22934.75,675825,457200,5.4,57632700,5078625,102.8,27984150,891450
20-02-2025 12:58,22938,672975,458100,5.2,57604200,5165925,104.35,28002150,890700
20-02-2025 12:59,22938,675225,459600,5.4,57662850,5083650,102.95,28003275,891675
20-02-2025 12:59,22933.95,672675,455850,5.35,57636075,5155725,103.65,28001850,892875
20-02-2025 12:59,22934.1,673725,456900,5.35,57640725,5172975,103.85,27995100,901425
20-02-2025 12:59,22934.55,672675,455475,5.4,57642825,5061525,103.05,27992775,903525
20-02-2025 12:59,22934.15,670200,457425,5.2,57619500,5154225,104.3,27991650,905325
20-02-2025 12:59,22932.1,669750,460425,4.95,57423375,5246100,105.35,28002150,875550
20-02-2025 13:00,22933.5,673500,460500,5.2,57502575,5265300,104.5,27996000,855900
20-02-2025 13:00,22935,669750,461175,5,57482700,5245725,105.7,27993150,861525
20-02-2025 13:00,22937.15,667650,461775,4.95,57368100,5258475,106.8,27991875,823725
20-02-2025 13:00,22935.55,668700,464100,4.7,57358425,5278350,107.7,27984225,812700
20-02-2025 13:00,22931,668100,461100,4.8,57396375,5253375,107.6,27978150,802200
20-02-2025 13:00,22931.6,669525,460725,4.65,57438300,5288250,109.25,27984450,804975
20-02-2025 13:01,22930.8,667950,460575,4.7,57375225,5309100,108.5,27982050,801525
20-02-2025 13:01,22930,667500,461625,4.55,57339225,5373375,110.35,27993450,800625
20-02-2025 13:01,22923,667650,464175,4.45,57314550,5361600,115.1,27994425,752025
20-02-2025 13:01,22912,648150,458850,5.65,57595875,5409600,126.05,27987525,640125
20-02-2025 13:01,22905.6,647550,459750,4.55,57577050,4941450,130,27992025,452925
20-02-2025 13:01,22914,649950,463275,4.8,57456375,5056800,129.3,27986175,464925
20-02-2025 13:02,22910,654300,459525,4.4,57407400,5245575,127.6,27986250,504975
20-02-2025 13:02,22915,647400,462525,4.35,57393525,5240700,128,27933600,518100
20-02-2025 13:02,22914.55,649050,462675,4.1,57410025,5323200,125.1,27926250,529800
20-02-2025 13:02,22915.75,651900,463725,4,57172125,5483175,125.45,27934050,526575
20-02-2025 13:02,22910.45,650625,458025,4,57597300,5412525,125.6,27946200,525750
20-02-2025 13:02,22914.5,647175,461700,4.15,57497850,5357400,127.8,28047750,533850
20-02-2025 13:03,22908.7,649350,459975,4.2,57743175,5267700,127,28047450,524475
20-02-2025 13:03,22909.35,650250,463200,4.1,57431400,5513175,125.2,28046475,524700
20-02-2025 13:03,22916.35,650700,463050,4.05,57384150,5433375,123.65,28041750,532275
20-02-2025 13:03,22915,653925,460125,4.15,57615300,5505150,122.6,28032225,550725
20-02-2025 13:03,22917,652125,460575,4.25,57762225,5224500,120.9,28035300,550575
20-02-2025 13:03,22915.15,652950,466125,4.3,57848400,5188050,119.5,28012125,560475
20-02-2025 13:04,22913.9,651675,467850,4.3,57879525,5168175,121.1,28016550,560700
20-02-2025 13:04,22913.4,651900,467850,4.2,57987075,5240100,120.9,28025700,554400
20-02-2025 13:04,22916,651600,467100,4.2,57598950,5483250,121,28034775,545100
20-02-2025 13:04,22913.85,652275,466500,4.1,57690300,5423775,122.05,28039800,553275
20-02-2025 13:04,22914,651225,467250,4.05,57492075,5440425,124.85,28049775,549975
20-02-2025 13:04,22912,649650,467250,4.2,57642975,5470425,122.25,28050975,545775
20-02-2025 13:05,22912.05,649725,467400,4.35,58030575,5168175,121.75,28048050,559950
20-02-2025 13:05,22912.5,651975,465525,4.3,57943425,5211375,122,28026975,565050
20-02-2025 13:05,22911.85,651600,464775,4.4,58114125,5161650,121.5,28026375,565500
20-02-2025 13:05,22918,656175,464775,4.3,58021125,5294550,121.35,28015125,580500
20-02-2025 13:05,22917.9,655800,464475,4.35,58013175,5251275,121.55,28020600,587925
20-02-2025 13:05,22914,653700,466050,4.45,58020825,5150550,122,28045950,575250
20-02-2025 13:06,22912,651975,466800,4.35,57998550,5177325,124.3,28060725,544200
20-02-2025 13:06,22916.7,654000,470325,4.2,57876750,5402550,125.7,28075200,534375
20-02-2025 13:06,22915,656250,469725,4.2,57652950,5425200,125.85,28052625,530100
20-02-2025 13:06,22911.65,657525,469650,4.15,57617700,5486850,124,28039050,551700
20-02-2025 13:06,22915,658350,464325,4.1,57503475,5467275,122.35,28021125,566925
20-02-2025 13:06,22915.5,657975,463575,4.25,57729000,5366025,118.6,28016475,566925
20-02-2025 13:07,22920,660075,460275,4.3,58054275,5145075,116.1,27962100,565500
20-02-2025 13:07,22920,661125,460575,4.35,58084050,5094225,115.65,27943875,581625
20-02-2025 13:07,22918.3,663075,460725,4.45,58064250,5129175,116.6,27980925,560850
20-02-2025 13:07,22922,661500,457875,4.5,58297800,5051775,114.3,27997650,578925
20-02-2025 13:07,22918.6,657750,463125,4.3,58085100,5249700,115.5,28005825,576525
20-02-2025 13:07,22921.85,660150,461175,4.3,57720825,5285625,114.15,28006650,579975
20-02-2025 13:08,22920.55,662775,458775,4.25,57651600,5381850,114,28013175,577800
20-02-2025 13:08,22924.95,660225,460425,4.1,57574725,5424900,115.65,28022175,561300
20-02-2025 13:08,22925,659775,463275,4.1,57749550,5483925,114.7,28035825,567075
20-02-2025 13:08,22922,659625,462375,4.05,57483450,5513100,115.15,28034250,567150
20-02-2025 13:08,22922,660600,461025,4.15,57498075,5448225,115.35,28033275,569850
20-02-2025 13:08,22922,659925,460950,4.1,57592125,5386275,114.85,28037925,571725
20-02-2025 13:09,22920,656250,461625,4.05,57545475,5515425,116,28044675,576000
20-02-2025 13:09,22919.05,656400,457500,4.2,57871950,5415075,115.05,28041450,581400
20-02-2025 13:09,22922,662400,458250,4.2,57938625,5319375,115.9,28052550,592350
20-02-2025 13:09,22920,659025,459450,4.25,57953100,5327175,115.95,28055325,585525
20-02-2025 13:09,22918.5,662700,464175,4.25,57804900,5255325,115.35,28059450,585975
20-02-2025 13:09,22920.7,663525,458325,4.25,58006050,5154000,114.55,28063125,586125
20-02-2025 13:10,22919.75,660750,460125,4.2,57786000,5440650,114.7,28062600,590175
20-02-2025 13:10,22924,658500,461100,4.1,57638700,5526675,115.6,28068825,587850
20-02-2025 13:10,22924.05,656925,461550,4.05,57420150,5576475,116.5,28068075,578475
20-02-2025 13:10,22918.6,659100,462750,4.1,57444375,5557050,115.5,28063875,587175
20-02-2025 13:10,22920.35,657825,460725,4,57416400,5542950,116.55,28047525,583050
20-02-2025 13:10,22917.85,659700,460575,3.85,57338175,5579400,116.4,28050150,580200
20-02-2025 13:11,22916,656775,462675,3.65,57174150,5695875,117.8,28056825,574800
20-02-2025 13:11,22920.9,652275,465825,3.6,57201675,5730150,119.35,28055100,562425
20-02-2025 13:11,22920,653100,463650,3.6,57304350,5690475,120.75,28054575,556425
20-02-2025 13:11,22917.15,656175,462300,3.55,57238800,5680725,117.85,28035300,587775
20-02-2025 13:11,22915.55,655275,463425,3.6,57330975,5667975,117.7,28028325,595650
20-02-2025 13:11,22918.6,654675,466650,3.65,57443625,5746950,117.35,28024275,604350
20-02-2025 13:12,22921.4,656400,463650,3.75,57643950,5649975,117.05,28009575,604050
20-02-2025 13:12,22917.4,654000,464250,3.75,57586275,5384550,116.3,28004100,591750
20-02-2025 13:12,22921.75,656175,462300,3.85,57752925,5347650,114.15,28008900,600150
20-02-2025 13:12,22919.3,655575,460425,3.75,57773925,5332125,114.1,27984600,602325
20-02-2025 13:12,22924.25,656025,461175,3.65,57530850,5635425,114.7,28005600,602475
20-02-2025 13:12,22920.35,657150,460800,3.65,57428250,5663700,114.65,28005825,604725
20-02-2025 13:13,22921,652725,462750,3.6,57379800,5637900,113.95,28005675,615375
20-02-2025 13:13,22921.7,651000,465150,3.55,57358425,5694300,116.15,28017600,614475
20-02-2025 13:13,22917.1,652500,465900,3.55,57246675,5754375,116.1,28027950,605550
20-02-2025 13:13,22915.95,655350,464100,3.65,57476550,5715750,115.6,28029750,624525
20-02-2025 13:13,22916.25,654450,463275,3.65,57517725,5625150,114.75,28026150,628125
20-02-2025 13:13,22916.9,655425,462375,3.6,57514425,5555775,114.2,28023075,640500
20-02-2025 13:14,22918.5,658875,460875,3.7,57556575,5667750,112.75,28020375,641025
20-02-2025 13:14,22917.65,655650,463725,3.65,57589275,5595450,114.1,28020450,634650
20-02-2025 13:14,22917.45,653550,463350,3.65,57664650,5566875,113.4,28025100,627600
20-02-2025 13:14,22916.15,656925,465600,3.65,57748650,5612175,115.2,28036275,626850
20-02-2025 13:14,22915.6,658875,465675,3.6,57683100,5651400,115.6,28030425,620475
20-02-2025 13:14,22921.4,657000,465975,3.6,57404550,5528925,115.65,28027500,636450
20-02-2025 13:15,22915.1,653175,465975,3.75,57616875,5542350,116.25,28020825,636375
20-02-2025 13:15,22919.4,654000,466800,3.65,57625650,5331525,117.3,28033800,612225
20-02-2025 13:15,22916,658500,467775,3.9,57837450,5103600,118.2,28037925,599250
20-02-2025 13:15,22916,652050,469200,3.75,57684675,5274900,118,28037250,610275
20-02-2025 13:15,22916,654900,465150,3.75,57631875,5313450,116.25,28038450,626250
20-02-2025 13:15,22916,655350,462750,3.75,57591525,5348400,116.05,28005225,633225
20-02-2025 13:16,22915.75,654525,464475,3.75,57753375,5305950,115.3,28003875,623625
20-02-2025 13:16,22915.1,655425,463050,3.8,57679350,5328000,114.7,27999450,618300
20-02-2025 13:16,22915,653400,463650,3.75,57739800,5290425,115.7,28008450,617700
20-02-2025 13:16,22915.5,653925,463125,3.9,58047600,5230425,115.35,28006950,624600
20-02-2025 13:16,22916.25,657675,463050,3.95,58066350,5142225,114.35,28008000,632775
20-02-2025 13:16,22915.9,659250,464700,3.9,57901125,5324550,114.55,27998925,630000
20-02-2025 13:17,22916.7,661050,463275,4,58002225,5185050,112.1,27989100,635475
20-02-2025 13:17,22923,663675,460875,4,58087800,5001525,110.75,27959700,639525
20-02-2025 13:17,22925,664500,460650,4.2,58241325,5037300,109.85,27917475,653250
20-02-2025 13:17,22920.85,663000,461700,4.2,58195950,4840875,109.75,27945525,659100
20-02-2025 13:17,22925.65,659475,461025,4.05,58107300,5007225,109.8,27959250,660150
20-02-2025 13:17,22922.9,664275,460725,4.2,58191975,5021775,107.45,27962025,667350
20-02-2025 13:18,22922.9,661125,460350,3.95,58267725,5077725,109.1,27928950,660375
20-02-2025 13:18,22925.65,658725,463125,3.8,57753150,5304525,110.2,27945750,647175
20-02-2025 13:18,22921.15,660975,462975,3.9,57674175,5358225,110,27955425,650925
20-02-2025 13:18,22921.1,661050,461775,3.75,57694950,5350500,109.85,27961275,654075
20-02-2025 13:18,22926.75,660150,462975,3.7,57340800,5528400,110.75,27973800,658350
20-02-2025 13:18,22919.05,657375,462975,3.65,57385125,5536275,111.6,27984975,660675
20-02-2025 13:19,22919,659625,463875,3.6,57615150,5534850,111.65,27984225,656700
20-02-2025 13:19,22919,659625,465225,3.5,57718050,5469675,112.25,27967125,664425
20-02-2025 13:19,22919,654225,463950,3.6,57452475,5530575,111.6,27968100,665175
20-02-2025 13:19,22920.35,658200,462375,3.6,57484950,5499225,109.4,27954375,685500
20-02-2025 13:19,22920.8,655125,460800,3.55,57601650,5536350,109.8,27949275,686325
20-02-2025 13:19,22924.8,661275,460350,3.75,57893700,5409075,108.7,27950025,682050
20-02-2025 13:20,22926,660525,459900,3.7,57941475,5332650,108.5,27953475,679500
20-02-2025 13:20,0,0,0,3.8,58024125,5185350,108.9,27958725,678825
20-02-2025 13:20,22926.7,661950,460275,3.7,58058475,5256375,109.85,27958350,685950
20-02-2025 13:20,22926.75,655800,460425,3.8,57996675,5403300,109.1,27964800,685275
20-02-2025 13:20,22926.75,657300,460350,3.8,57940650,5250675,109.15,27969225,687825
20-02-2025 13:20,22926.75,657525,460500,3.8,57974325,5249400,108.55,27973275,695550
20-02-2025 13:21,22925,658575,461025,3.7,57934950,5336100,109.3,27985200,688725
20-02-2025 13:21,22922.05,653025,462750,3.6,57985950,5376675,110.15,27996825,685650
20-02-2025 13:21,22920.5,652875,465150,3.55,57375225,5607975,110.6,28005150,674025
20-02-2025 13:21,22920.2,652125,466650,3.55,57548025,5571825,111.45,28003725,675075
20-02-2025 13:21,22924,656850,469950,3.6,57766275,5465025,111.9,28017600,679725
20-02-2025 13:21,22924,657075,468900,3.6,57572550,5461275,111.75,28016475,675675
20-02-2025 13:22,22925,657750,468375,3.65,57638400,5478375,111,28019100,685875
20-02-2025 13:22,22925,655950,468900,3.5,57699000,5559525,112.05,28017825,689250
20-02-2025 13:22,22920.7,661575,468450,3.5,57492450,5564175,111.35,28015200,680250
20-02-2025 13:22,22924.9,659325,467625,3.55,57584250,5563425,110.45,28010775,685875
20-02-2025 13:22,22924.9,655725,467775,3.6,57605100,5446650,111.45,28008300,685500
20-02-2025 13:22,22921,658125,467325,3.6,57661950,5415825,110.85,27998175,675900
20-02-2025 13:23,22920.85,656925,469800,3.55,57679500,5578500,112.45,27999750,674925
20-02-2025 13:23,22922.6,658875,472275,3.2,57713475,5739750,114.75,28004250,647775
20-02-2025 13:23,22919.95,661050,470475,3,57722325,5817225,114.2,28006275,632550
20-02-2025 13:23,22919.5,656250,471975,3,57688200,5784750,115.2,28007175,634050
20-02-2025 13:23,22916.3,661650,471300,3.05,57995550,5617575,114.75,27997200,616950
20-02-2025 13:23,22915.35,663150,473475,3.3,58273575,5763675,116.55,28001250,615600
20-02-2025 13:24,22915.3,662475,473100,3.35,58358325,5167350,115.5,27995625,619050
20-02-2025 13:24,22916,662550,473850,3.5,58415400,5117100,116.15,27992100,625725
20-02-2025 13:24,22916,652350,468600,3.5,58480800,5025150,115.7,27999825,631575
20-02-2025 13:24,22916.15,660825,468150,3.3,58376700,5326275,114.4,27997350,650625
20-02-2025 13:24,22920.05,661350,467475,3.25,58364550,5315625,112.25,27983625,666750
20-02-2025 13:24,22924,658725,465150,3.3,58305000,5310375,111.15,27972750,663600
20-02-2025 13:25,22917.4,658125,468450,3.15,58352775,5440575,112.2,27960900,662625
20-02-2025 13:25,0,0,0,3.1,58118250,5490750,112.7,27979650,631725
20-02-2025 13:25,22920,658275,468000,3.15,58217475,5410425,111.3,27982050,632625
20-02-2025 13:25,22918.7,662550,467175,3.15,58246125,5289375,111.05,27977625,637425
20-02-2025 13:25,22924,660675,467850,3.1,58192875,5452575,111.8,27978300,639075
20-02-2025 13:25,22922.55,655800,469350,3.1,58120425,5411700,112.35,28006950,633450
20-02-2025 13:26,22918,661875,468450,3.05,58107675,5569950,112.1,28006050,639075
20-02-2025 13:26,22917.4,656775,468975,2.95,57975150,5624025,112.95,28017075,642225
20-02-2025 13:26,22923.15,662325,467850,2.9,57924975,5623500,112.7,28020300,643425
20-02-2025 13:26,22917.8,656925,467700,2.9,57925650,5614875,113,28015725,647325
20-02-2025 13:26,22922.5,656325,468750,2.85,57924000,5614425,114,28021500,645750
20-02-2025 13:26,22918.1,662700,469275,2.9,57960975,5626500,114.05,28021875,636525
20-02-2025 13:27,22918.05,663450,466575,2.95,58177875,5539575,112.6,28020300,648900
20-02-2025 13:27,22917.2,654375,469050,2.85,58167975,5539350,113.05,28014525,642075
20-02-2025 13:27,22922,657675,468750,2.85,58049850,5582475,113.1,28020450,645375
20-02-2025 13:27,22922,664125,468600,2.9,58026225,5568675,113.5,28020825,643800
20-02-2025 13:27,22917,660450,470025,2.9,58010550,5588700,114.9,28030350,639300
20-02-2025 13:27,22915.35,653850,470250,2.85,58028700,5578950,115.5,28030950,639450
20-02-2025 13:28,22915.1,657150,469950,2.85,57937425,5641275,115.4,28024500,628800
20-02-2025 13:28,22918.8,657075,469575,2.8,58030800,5538975,117.4,28020600,632475
20-02-2025 13:28,22915,657675,470700,3.2,58377900,4880925,116.8,28006650,608700
20-02-2025 13:28,22920,661050,469875,3.1,58252125,4971675,115.6,28005450,615225
20-02-2025 13:28,22918,650400,469425,3.1,58286625,5112450,115.8,27993675,633750
20-02-2025 13:28,22915.65,654675,468975,3.05,58122450,5237850,114.8,27992775,634200
20-02-2025 13:29,0,0,0,3,57963150,5142525,114.25,27998550,634050
20-02-2025 13:29,22916.65,654750,467025,3.15,58252275,5137575,113.55,27991275,636000
20-02-2025 13:29,22915.9,657825,469575,3.1,58195350,5069325,113.9,28008975,624975
20-02-2025 13:29,22916,658050,467475,3.1,58340775,5005875,112.9,27999600,625875
20-02-2025 13:29,22922.2,659025,467475,3.1,58291800,5002350,112.75,28002525,630075
20-02-2025 13:29,22917.05,660450,468450,3.1,58286400,5059500,114,28005975,627150
20-02-2025 13:30,22917.55,660150,466650,3.15,58342275,5056425,111.85,28000350,622050
20-02-2025 13:30,22919.25,660000,466650,3.3,58342950,4884075,110.65,27985725,626850
20-02-2025 13:30,22924.9,659400,465450,3.4,58405875,4757100,110.9,27982200,626925
20-02-2025 13:30,22924,656100,469275,3.35,58408500,4756800,111.9,28012575,626850
20-02-2025 13:30,22923,659850,466725,3.3,58325175,4868925,111.55,28015125,631350
20-02-2025 13:30,22925,659925,465525,3.3,58199325,4876200,110.5,28007475,638325
20-02-2025 13:31,22920.7,659925,465450,3.3,58247475,4802775,111,27998775,642225
20-02-2025 13:31,22924.9,661050,465375,3.35,58226025,4787775,110,28001325,644925
20-02-2025 13:31,22920.55,657075,465300,3.35,58302975,4804350,110.75,27997050,645600
20-02-2025 13:31,22920.95,656850,465075,3.4,58276275,4786350,110.85,27998625,650025
20-02-2025 13:31,22920.95,654075,465150,3.35,58271250,4751100,110.9,28003500,655950
20-02-2025 13:31,22926.05,657825,466500,3.2,58183275,4926750,110.8,28007550,645300
20-02-2025 13:32,22927.5,662925,465975,3.35,58236600,4931475,108.8,27997950,657900
20-02-2025 13:32,22921.8,659400,464700,3.25,58100925,4848000,109.75,27996525,653550
20-02-2025 13:32,22927.95,658425,463725,3.35,58120125,4942125,109.35,28001850,653475
20-02-2025 13:32,22923,658050,463575,3.3,58146825,4842675,108.5,27995475,654525
20-02-2025 13:32,22926,661125,462300,3.35,58317075,4857750,108.7,27981600,655875
20-02-2025 13:32,22924.45,662325,461250,3.4,58412550,4737225,106.8,27983550,669450
20-02-2025 13:33,22925.55,662625,460575,3.55,58554675,4646625,106.15,27957900,669525
20-02-2025 13:33,22925.55,661800,461325,3.35,58670025,4839225,107.85,27958650,665775
20-02-2025 13:33,22927.65,658350,466725,3.35,58391475,4888200,107.95,27978525,649875
20-02-2025 13:33,0,0,0,3.25,58371225,4901850,108.75,28004025,656850
20-02-2025 13:33,0,0,0,3.1,58178550,4942200,108.65,28004625,656025
20-02-2025 13:33,22928.45,660600,466350,3.1,57996375,5011950,108.35,28010175,659025
20-02-2025 13:34,22923.05,654900,464025,3.2,58164375,4916250,108,28010925,671625
20-02-2025 13:34,22923,656175,463950,3.2,58230900,4748175,107.8,28008225,676200
20-02-2025 13:34,22923,656025,463350,3.2,58248750,4746900,108.3,28011900,678225
20-02-2025 13:34,22923.15,659325,463200,3.25,58289325,4736250,107.4,28014075,691575
20-02-2025 13:34,22927,664050,462450,3.3,58358475,4761375,106.5,27989700,702225
20-02-2025 13:34,22928.5,659925,462675,3.4,58477800,4697325,106.95,27998100,705675
20-02-2025 13:35,22925,660150,463650,3.25,58463100,4854375,108.35,28016175,687375
20-02-2025 13:35,22925,655950,464400,3.25,58240875,4871475,108.6,28023150,674700
20-02-2025 13:35,22925,663000,463575,3.3,58482600,4843950,107.3,28015950,678600
20-02-2025 13:35,22923.65,656625,463425,3.25,58919250,4831350,108.3,28039425,673200
20-02-2025 13:35,22928,658575,464775,3.4,59089500,4835925,106.5,28034850,681750
20-02-2025 13:35,22928,656850,463275,3.45,59157675,4723425,106.25,28017675,690525
20-02-2025 13:36,22929,656325,463200,3.75,59324925,4710300,104.3,27997200,695475
20-02-2025 13:36,22929.9,657300,461925,3.85,59383725,4572450,103.75,27958350,684075
20-02-2025 13:36,22929.95,655575,461025,3.85,59398650,4656975,104.45,27970875,679575
20-02-2025 13:36,22929.75,656475,460950,3.6,59329650,4773525,104.7,27986100,690375
20-02-2025 13:36,22930,655125,461175,3.65,59154300,4850175,105.5,27987000,668475
20-02-2025 13:36,22929.75,655575,460800,3.45,59046075,4878075,105.95,28003275,665625
20-02-2025 13:37,22930,657150,460275,3.65,59143500,4863525,104.3,28001925,678375
20-02-2025 13:37,22930,655050,460575,3.45,59200500,4939200,106.1,27999075,682350
20-02-2025 13:37,22932,656550,459375,3.35,58764750,4958175,105.45,28001175,677700
20-02-2025 13:37,22929.75,655275,459600,3.35,59001600,4749675,105.4,28005900,681375
20-02-2025 13:37,22931.7,656475,461100,3.35,58955700,4854750,105.75,28012575,689925
20-02-2025 13:37,22930.65,654000,459825,3.25,58867425,4971900,106.8,28025925,683025
20-02-2025 13:38,22929.25,654300,459525,3.1,58665000,5014725,106.55,28031550,681450
20-02-2025 13:38,22929.3,655650,459750,3.25,58809150,4952475,106,28022550,687000
20-02-2025 13:38,22929.25,655875,460350,3.25,58943400,4874475,106,28017600,700725
20-02-2025 13:38,0,0,0,3.05,58811550,5080350,107,28022775,687300
20-02-2025 13:38,22928.25,655500,460200,3,58687725,5104050,107,28019775,690225
20-02-2025 13:38,22928.25,655050,462300,2.9,58462125,5135925,107.65,28032225,686400
20-02-2025 13:39,22930,655725,460125,3.1,58817100,5111700,105.95,28029225,683025
20-02-2025 13:39,22930,654225,461025,3.15,58948050,4924575,106.25,28006500,683925
20-02-2025 13:39,22926.15,654975,460050,3.05,58793025,5016225,106.15,28013775,689100
20-02-2025 13:39,22926.1,654675,461850,3,58815075,4973325,106.5,28023075,686325
20-02-2025 13:39,22927,655350,462750,2.95,58725975,5085525,107.55,28032450,679200
20-02-2025 13:39,22927,655050,460575,2.9,58624875,5103300,107.65,28033500,679275
20-02-2025 13:40,22926.3,655200,459900,2.85,58523475,5171775,107.6,28038675,677400
20-02-2025 13:40,22930,656925,461100,2.85,58655475,4974075,106.95,28034625,663525
20-02-2025 13:40,0,0,0,2.95,58839975,4932150,106.8,28022850,673875
20-02-2025 13:40,22930,656775,460050,3.1,58954575,4842300,106.3,28023450,677700
20-02-2025 13:40,22930.4,657525,458625,3.3,59102325,4781700,104.35,27997200,687750
20-02-2025 13:40,22930.4,657750,457350,3.35,58990875,4800225,103.6,27976875,695700
20-02-2025 13:41,22932.6,657450,457500,3.5,59054625,4684275,101.9,27966750,700800
20-02-2025 13:41,22930.25,658125,457500,3.55,59101200,4734750,103.2,27974325,694125
20-02-2025 13:41,22933,657225,457725,3.55,59088975,4710525,103.6,27993075,699600
20-02-2025 13:41,22933,656925,457350,3.55,59037300,4760550,102.9,27997950,703425
20-02-2025 13:41,22934.5,657075,457125,3.65,59182575,4715775,102.2,27996300,704400
20-02-2025 13:41,22933.75,657600,456900,3.75,59182575,4719450,102.45,28003425,703650
20-02-2025 13:42,22935.65,657300,456150,3.85,59177025,4728900,102.05,28007850,707250
20-02-2025 13:42,22935.65,657600,457575,3.8,59016225,4713150,102.65,28010700,705750
20-02-2025 13:42,22935.7,660075,460125,4.45,59043000,4677150,100.6,28009725,710550
20-02-2025 13:42,22939.65,661500,458025,4.95,59204250,4157850,97.85,27925125,717900
20-02-2025 13:42,22940,662025,458400,4.65,58792800,4274775,97.4,27895800,704850
20-02-2025 13:42,22939,662100,459675,4.75,58831800,4317300,97.3,27956025,712350
20-02-2025 13:43,22938.05,660150,458400,4.2,58864125,4422450,99.7,27959550,701025
20-02-2025 13:43,22933.7,658050,462300,4.3,58608975,4426800,99.15,27966075,700800
20-02-2025 13:43,22933.45,659400,459150,4.25,58779525,4454100,99.4,27985650,703125
20-02-2025 13:43,22933.7,661275,459525,4.45,58863300,4357200,98.7,27984150,757500
20-02-2025 13:43,22938,661800,457125,4.6,58947750,4359675,99.1,27986625,753600
20-02-2025 13:43,22938.5,656025,457350,4.5,58861500,4381050,99.5,27997275,759975
20-02-2025 13:44,22935.05,661275,456375,4.5,58947525,4411350,99.2,28013475,772350
20-02-2025 13:44,22939.45,658875,457575,4.25,58877550,4523100,100.45,28039050,738975
20-02-2025 13:44,22934.1,656925,459450,4.3,58801575,4460550,100.15,28034775,723975
20-02-2025 13:44,22939,658950,458025,4.5,59209725,4508100,99.3,28050075,741750
20-02-2025 13:44,22935.25,660450,457350,4.6,59399625,4417950,99.5,28042275,749700
20-02-2025 13:44,22940,659325,456750,5,59600250,4488900,98.1,28048125,758850
20-02-2025 13:45,22936.65,660450,456750,4.95,59533500,4332975,98.45,28033575,759825
20-02-2025 13:45,22939,659625,458250,4.25,59272725,4808100,100.2,28043925,755325
20-02-2025 13:45,0,0,0,4.35,59234475,4913025,99.85,28049325,745500
20-02-2025 13:45,22939,657300,456375,4.25,59278500,4835475,100.3,28070100,743250
20-02-2025 13:45,22939,657150,456300,4.1,59051250,4824825,101,28081650,736950
20-02-2025 13:45,22935.6,656175,456600,4.3,59426100,4769175,100.65,28080450,746850
20-02-2025 13:46,22935.6,656400,456900,4.3,59286525,4860975,100.2,28079250,750075
20-02-2025 13:46,22935.6,654075,457125,3.85,59259300,5041050,101.75,28087350,754200
20-02-2025 13:46,22935.45,655350,459450,3.75,58898475,5148300,101.85,28085775,737025
20-02-2025 13:46,22939,656625,459750,3.95,59214375,5000925,100.9,28076100,734775
20-02-2025 13:46,22933.95,654075,458850,4.1,59546400,4824825,100.75,28071975,741975
20-02-2025 13:46,22933.65,653925,461100,4.1,59405475,4931850,101.4,28078875,745575
20-02-2025 13:47,22939,657600,459450,4.35,59770200,4846800,100.2,28079475,760575
20-02-2025 13:47,22938,656925,458550,4.2,59789625,4890150,100.75,28056900,756225
20-02-2025 13:47,22935.15,654525,458475,4.25,59412150,4926075,100.2,28070325,755400
20-02-2025 13:47,22939,655425,458925,4.35,59555775,4834425,99.65,28068900,765900
20-02-2025 13:47,22936.3,655200,459075,4.35,59581425,4722600,99.3,28063575,770550
20-02-2025 13:47,22937.4,656625,459150,4.4,59604450,4708650,99.3,28062900,773175
20-02-2025 13:48,22937.4,655350,459900,4.15,59666025,4869150,101.7,28069725,777900
20-02-2025 13:48,22936.45,655425,459600,3.95,59033550,5135325,102.1,28075575,750750
20-02-2025 13:48,22936.4,655050,459450,4,59256375,5122650,101.85,28068750,742425
20-02-2025 13:48,22935.05,654975,458250,3.9,58951500,5235600,102.35,28074750,740775
20-02-2025 13:48,22935,654450,459900,3.9,58894800,5211750,101.9,28070625,746100
20-02-2025 13:48,22933,656700,461775,3.85,59107050,5192700,101.8,28071975,754800
20-02-2025 13:49,22933.35,658500,460650,4.25,59334675,5188725,99.75,28072950,760875
20-02-2025 13:49,22951,661125,458175,9,59668050,4862250,90,28042875,777150
20-02-2025 13:49,22953.9,661575,438300,6.85,59150475,3511650,88.35,27815100,750525
20-02-2025 13:49,22950,660225,444750,6.6,59045025,3535200,89,27802125,753375
20-02-2025 13:49,22953.5,660750,442350,7.35,59096625,3696225,88.55,27844500,750375
20-02-2025 13:49,22954,659175,445875,6.8,58988550,3973575,89.1,27859425,752025
20-02-2025 13:50,22950.95,661950,449475,6.7,59066625,3937200,88.65,27850950,778425
20-02-2025 13:50,22948.95,656325,448725,5.5,58837500,4080975,92,27888750,749325
20-02-2025 13:50,22951.4,660600,448500,6.1,58901400,3927450,91.5,27891825,747600
20-02-2025 13:50,22946.55,660300,447375,5.95,58845750,3988425,91.4,27900600,760950
20-02-2025 13:50,22949.65,657750,449475,5.45,58761975,4080375,92.5,27924900,750075
20-02-2025 13:50,22947,657450,450900,5.3,58835175,3997350,92.5,27929550,747075
20-02-2025 13:51,22942.3,657300,449700,5.15,58795875,4019100,92.85,27939525,742425
20-02-2025 13:51,22946,660825,448425,5.35,58798575,3942225,91.7,27942450,758025
20-02-2025 13:51,22944.7,660900,443850,5.45,58926525,3931800,90.3,27920700,785250
20-02-2025 13:51,22949.85,659850,446100,5.9,58921650,3970125,89.2,27914850,783900
20-02-2025 13:51,22950,661275,445200,6.3,59013375,3855900,88.3,27916800,786000
20-02-2025 13:51,22951,662250,446775,6.45,58994625,3843300,88.2,27941175,781425
20-02-2025 13:52,22950.7,662700,446175,6.95,59050800,3825600,86.6,27902400,795525
20-02-2025 13:52,22951.95,664050,444900,7.15,59002200,3797700,85.3,27904425,788625
20-02-2025 13:52,22954.75,668625,447750,7.15,59023950,3744000,84,27876150,791025
20-02-2025 13:52,22957.95,666150,449625,6.7,58937025,3824400,85.7,27900900,778200
20-02-2025 13:52,22958.6,667800,451350,7,58937325,3906600,84.4,27924075,801750
20-02-2025 13:52,22958.6,668475,449175,6.85,58999275,3994125,84.7,27912600,801375
20-02-2025 13:53,22959.2,668325,446250,6.8,59018775,3996225,84.8,27923700,810300
20-02-2025 13:53,22955,667575,445875,6.25,59034675,4087050,84.45,27942600,788175
20-02-2025 13:53,22958.2,665625,449400,6.25,58917825,4060050,85.05,27972225,789975
20-02-2025 13:53,22953.3,666600,449700,6.5,58942800,4065300,84.8,27975300,809175
20-02-2025 13:53,22952.95,664950,452100,5.7,58908525,4134975,88.1,28001100,762750
20-02-2025 13:53,22956.05,667500,450300,6.5,59042025,4115700,85.55,28001625,796875
20-02-2025 13:54,22953.45,668250,450675,6.65,59075550,4151625,85.25,27997950,802575
20-02-2025 13:54,22955,668325,448950,6.8,59129400,4145625,85.1,27987525,804225
20-02-2025 13:54,22960,669000,449175,6.9,59125950,4121400,84.7,27992625,805575
20-02-2025 13:54,22959.45,668025,447900,6.85,59092125,4135575,85.25,27991800,797850
20-02-2025 13:54,22955,665850,452775,5.9,58971000,4244025,88.05,28056975,769800
20-02-2025 13:54,22957.95,667950,452025,6.1,58971300,4248450,87.4,28059750,780600
20-02-2025 13:55,22952.05,668250,455175,6.4,59005125,4257825,87.1,28058400,782400
20-02-2025 13:55,22950,668100,457800,6,58879500,4252725,88.15,28049925,826050
20-02-2025 13:55,22950.05,664950,456825,5.85,58699200,4287975,89.1,28065900,803475
20-02-2025 13:55,22950.05,662625,458175,5.55,58652925,4331550,89.9,28086000,802875
20-02-2025 13:55,22953,664650,456450,5.75,58688475,4312725,89.55,28081950,809625
20-02-2025 13:55,22950,662700,458475,5.45,58616625,4368825,92.1,28079775,796350
20-02-2025 13:56,22945,661125,463350,4.65,58590300,4377075,94.3,28093425,777450
20-02-2025 13:56,0,0,0,4.45,58726275,4404300,95.2,28113825,719700
20-02-2025 13:56,22943,661650,457800,4.7,58889550,4394025,94.5,28115025,718275
20-02-2025 13:56,22947,661500,459750,4.75,58968150,4457925,93.85,28089000,725700
20-02-2025 13:56,22944.95,664875,462975,4.3,58977450,4637700,95.95,28089525,735525
20-02-2025 13:56,22942.1,656475,458475,3.95,58741575,4618875,99.1,28104675,682875
20-02-2025 13:57,22941.5,659925,461250,4.05,58886475,4657725,98.4,28111725,671325
20-02-2025 13:57,22939,657900,463050,4,58821675,4631775,99.2,28098300,667575
20-02-2025 13:57,22940,661425,459975,4,58888275,4506300,99.35,28092375,665400
20-02-2025 13:57,22942.15,663300,462150,4.15,58850100,4507650,98.45,28086975,674100
20-02-2025 13:57,22940,663150,460725,4.15,58805550,4521975,97.5,28056225,699825
20-02-2025 13:57,22939.55,665775,460050,4.25,58962225,4430850,97.3,28045050,695925
20-02-2025 13:58,22940.3,668100,459750,4.3,59015925,4497450,97.65,28062000,702450
20-02-2025 13:58,22944,670650,458400,4.5,58997175,4381350,95.85,28061100,702975
20-02-2025 13:58,22944,668550,460950,4.5,58949100,4489800,96.7,28037475,726525
20-02-2025 13:58,22947.75,669750,457725,4.4,58930575,4519275,96.45,28023900,714600
20-02-2025 13:58,22943.3,670500,458775,4.25,58694175,4636950,94.9,28028550,732825
20-02-2025 13:58,22947,667275,465750,3.95,58677975,4698075,96.15,28043700,734775
20-02-2025 13:59,22942.55,669300,458850,4.25,58835475,4522050,95,28041450,725250
20-02-2025 13:59,22947,670650,459225,4.15,58846950,4545000,95.7,28047375,724425
20-02-2025 13:59,22947,671700,461850,4.35,58990725,4551825,94.2,28049325,737400
20-02-2025 13:59,22947,669375,466050,4.1,58903950,4525125,95.75,28053900,740100
20-02-2025 13:59,22945,670575,462825,4.35,59028750,4522725,94.45,28021500,741075
20-02-2025 13:59,22945.9,671475,463275,4.35,58909425,4551225,94.6,28020075,739200
20-02-2025 14:00,22950.55,672675,462525,4.25,58936950,4562700,94.2,28011300,744225
20-02-2025 14:00,22947,670500,465975,4.2,58914675,4601250,94.7,28027125,738375
20-02-2025 14:00,22945.2,663075,467850,3.5,58753875,4758225,98.65,28051950,732975
20-02-2025 14:00,22937.5,663075,465300,3.1,58483350,4708500,101.2,28056750,687825
20-02-2025 14:00,22939.35,665175,467100,3.2,58550775,4683450,99.6,28041075,666675
20-02-2025 14:00,22943.45,665400,466950,3.15,58630875,4659225,99.6,28022625,676875
20-02-2025 14:01,22938.1,667275,467400,3.25,58604475,4720050,99.6,28042500,680325
20-02-2025 14:01,22938.65,665550,469800,3.1,58630575,4713450,99.15,28035075,694425
20-02-2025 14:01,22937.8,665100,467925,3,58497525,4732950,100.7,28051275,704700
20-02-2025 14:01,22936.25,662325,471975,2.95,58457550,4766550,100.95,28048500,688800
20-02-2025 14:01,22941.9,663750,468300,3.1,58607175,4703550,100.45,28046400,674625
20-02-2025 14:01,22939.2,668025,466500,3.3,58683375,4589175,98.55,28043475,685800
20-02-2025 14:02,22939.65,671250,466575,3.45,58767150,4433850,97.9,28014900,695775
20-02-2025 14:02,22944.9,669600,468075,3.3,58550775,4545525,97.35,28016100,706050
20-02-2025 14:02,22940.9,670575,466650,3.5,58771350,4479600,97.55,28025625,713175
20-02-2025 14:02,22941.05,667800,464850,3.6,58738350,4519200,96.2,28031325,720450
20-02-2025 14:02,22941.2,668775,467475,3.45,58775250,4599900,96.5,28042125,719175
20-02-2025 14:02,22939.6,667500,469575,3.3,58748250,4641900,98.15,28054575,720750
20-02-2025 14:03,22938.25,664500,470775,3.1,58520400,4702350,99,28063125,709575
20-02-2025 14:03,22942.45,664500,471975,3.15,58562325,4705950,99.6,28061625,698325
20-02-2025 14:03,22945,668250,467625,3.3,58704750,4634100,98.15,28055100,711825
20-02-2025 14:03,22945.95,670425,474150,3.3,58721025,4649475,97.75,28042500,725925
20-02-2025 14:03,22945.95,669525,472200,3.3,58674150,4732800,97.8,28041825,725625
20-02-2025 14:03,22939.25,667125,474000,3.15,58586850,4791450,98.2,28060050,734175
20-02-2025 14:04,22941.55,673875,473775,3.4,58735350,4781550,95.75,28058175,744825
20-02-2025 14:04,22947.25,670350,473025,3.35,58715250,4696575,96.15,28033650,737175
20-02-2025 14:04,22947.9,671550,473025,3.45,58732800,4688100,96.2,28050675,751650
20-02-2025 14:04,22947.8,673200,473700,3.2,58772925,4758525,96.8,28047675,760875
20-02-2025 14:04,22948.45,667800,474525,3.35,58718850,4684350,96.2,28053525,759750
20-02-2025 14:04,22946.9,665025,474225,3.25,58705650,4663125,96.9,28054050,757200
20-02-2025 14:05,22942.25,668850,473775,3.25,58650525,4709250,97.25,28059000,745950
20-02-2025 14:05,22941.65,673050,474225,3.4,58790550,4712100,96.65,28065375,752700
20-02-2025 14:05,22945,671100,474675,3.4,58626825,4708350,96.65,28072800,754050
20-02-2025 14:05,22943.95,668925,469725,3.35,58661250,4732125,97.1,28072950,762375
20-02-2025 14:05,22942.75,663750,468900,3.15,58490550,4897575,97.7,28087650,749775
20-02-2025 14:05,22943.95,671475,465525,3.4,58767375,4872075,97.1,28086600,765150
20-02-2025 14:06,22945.95,670275,464250,3.5,58836375,4678050,96.1,28065600,778500
20-02-2025 14:06,22943.85,665175,468900,3.4,58770900,4728375,98.6,28077975,772125
20-02-2025 14:06,22941.05,671100,471075,3.2,58602150,4858650,99,28083900,729375
20-02-2025 14:06,22941.05,664500,472275,3.25,58569225,4861800,98.4,28069875,727500
20-02-2025 14:06,22940,668775,469500,3.15,58469700,4902900,99.05,28081275,721050
20-02-2025 14:06,22943.8,668775,471300,3.3,58514700,4808400,98.4,28081950,704850
20-02-2025 14:07,22944,664950,467700,3.1,58607025,4872225,98.65,28070700,710025
20-02-2025 14:07,22943,665850,471600,3.05,58513650,4997700,99.4,28067250,708450
20-02-2025 14:07,22940,663375,474450,2.65,58332900,5153700,101.4,28071675,696000
20-02-2025 14:07,22935.9,663450,468600,2.6,58123125,5185575,101.75,28071075,663750
20-02-2025 14:07,22937.45,663225,473325,2.6,58133325,5228325,102.25,28068600,654300
20-02-2025 14:07,22937.45,659775,472875,2.5,58142325,5251050,102.95,28054275,655275
20-02-2025 14:08,22935,659025,473025,2.45,58022250,5327625,107.45,28056450,624450
20-02-2025 14:08,22931.15,659625,473550,2.2,57988050,5355225,107.15,28059450,580800
20-02-2025 14:08,22936,664650,466575,2.2,58026300,5415900,105.2,28046325,596475
20-02-2025 14:08,22930.5,663675,470700,2.1,58054350,5387850,104.4,28015425,612600
20-02-2025 14:08,22935.25,664950,471000,2.05,57878700,5337675,104,28009800,624675
20-02-2025 14:08,22935.6,664800,469875,2.15,58000500,5382825,103.45,28029075,623625
20-02-2025 14:09,22931.3,666825,467625,2.15,58109100,5105925,103.35,28011225,631575
20-02-2025 14:09,22930.55,667875,467025,2.05,58054875,5273775,102.95,28023600,630600
20-02-2025 14:09,22935,665850,469800,2,57741900,5304000,103.5,28023975,640875
20-02-2025 14:09,22933.6,667125,466575,2,57753225,5304600,102.7,28016175,639000
20-02-2025 14:09,22935,668325,466800,2,57754725,5382600,102.6,28012125,641325
20-02-2025 14:09,22935.6,665100,466125,2.05,57762150,5344950,102,27978300,650625
20-02-2025 14:10,22935,663150,464775,2.25,58064250,5126625,101.75,27960075,655800
20-02-2025 14:10,22935,662325,467400,2.1,58228725,5102775,103.6,27962775,655875
20-02-2025 14:10,22937.5,662475,465825,2.25,58116225,5132325,101.9,27957450,656925
20-02-2025 14:10,22936.35,663300,465675,2.15,58123050,5006550,102.65,27970275,662925
20-02-2025 14:10,22938.15,664125,466350,2.15,58076475,5148075,102,27974025,658875
20-02-2025 14:10,22938.95,665400,467850,2.2,58120950,5075175,101,27966525,666900
20-02-2025 14:11,0,0,0,2.35,58308225,5088150,99.65,27945450,657525
20-02-2025 14:11,22939,664575,465525,2.35,58423200,4962150,99.7,27947625,658875
20-02-2025 14:11,22939,664425,467400,2.45,58462650,4943475,98.85,27940125,662325
20-02-2025 14:11,22939,665175,470400,2.3,58402500,5036925,98.55,27930600,663450
20-02-2025 14:11,22940,666300,466500,2.4,58348725,5033400,98.25,27949800,674850
20-02-2025 14:11,22940,666450,464775,2.6,58577025,4920450,98.2,27961725,677625
20-02-2025 14:12,22940.35,667200,468225,2.5,58485150,4935375,98.75,27958800,684000
20-02-2025 14:12,22940.05,663900,465525,2.25,58057875,5165700,100.45,27980550,668475
20-02-2025 14:12,22939.3,662250,472275,2.15,57944100,5260350,101.75,27995625,662175
20-02-2025 14:12,22938.1,663000,469650,2.05,57853275,5350425,103.25,28002900,643725
20-02-2025 14:12,22935,661725,468450,1.85,57613275,5419275,104.45,27997575,624525
20-02-2025 14:12,22936.65,660975,473325,1.8,57646650,5592975,106.2,28001475,623100
20-02-2025 14:13,22931.05,662025,467475,1.85,57750300,5564775,105.35,28004100,609675
20-02-2025 14:13,22936,668850,466725,1.85,57777300,5492925,104.15,27988050,626625
20-02-2025 14:13,22935,663900,468975,1.8,57676350,5409225,104.7,28003200,627975
20-02-2025 14:13,22934,665250,467550,1.85,57394500,5321100,104,28006350,631500
20-02-2025 14:13,22934,662175,473325,1.8,57303150,5448975,104.9,28003650,630900
20-02-2025 14:13,22934,661725,472425,1.7,56911575,5625225,106.3,27992025,624075
20-02-2025 14:14,22934,661950,474075,1.7,56698875,5733600,105,27995025,604875
20-02-2025 14:14,22934.9,662700,470625,1.8,57043425,5398125,105.55,27991800,615375
20-02-2025 14:14,22934,663450,470175,1.8,57064500,5328525,105.65,27994200,636450
20-02-2025 14:14,22934.9,664650,469800,1.75,57150675,5292000,103.85,27989925,638250
20-02-2025 14:14,22932.5,666075,468675,1.75,57217425,5318925,102.95,27964575,637950
20-02-2025 14:14,22934.9,672300,470700,1.85,57392850,5302200,102.25,27962325,636825
20-02-2025 14:15,22934.9,662700,472350,1.85,57441000,5227725,104.45,27984300,628125
20-02-2025 14:15,22933.45,665850,473175,1.85,57398625,5219175,104.35,28004550,622275
20-02-2025 14:15,22935,672675,469425,1.9,57604350,5140350,102.9,27996525,636375
20-02-2025 14:15,22935,667725,468450,1.95,57635175,5118975,102.6,27978525,639375
20-02-2025 14:15,22935.05,667800,467475,1.95,57608400,5024925,102.4,28005450,644700
20-02-2025 14:15,22936,662700,471600,1.95,57548025,5138400,103.45,28014375,630975
20-02-2025 14:16,22933,662850,471750,1.85,57595275,5261175,104.75,28023225,631350
20-02-2025 14:16,22937.35,663525,470475,1.95,57365175,5279475,104.8,28019175,624225
20-02-2025 14:16,22932,662550,471825,1.95,57391050,5267475,104.4,28003350,628950
20-02-2025 14:16,22932,669225,469725,1.9,57456825,5173575,104.2,28003050,630600
20-02-2025 14:16,22934.05,672000,470325,1.95,57485625,5193075,103.5,28002675,638700
20-02-2025 14:16,22939.3,665025,470700,1.95,57472125,5182650,102.75,28008825,636150
20-02-2025 14:17,22936,666000,471750,2,57445200,5201400,102.1,28004550,642825
20-02-2025 14:17,22936,664725,475125,1.85,57402300,5337450,104.1,28026225,634875
20-02-2025 14:17,22936,664350,472350,1.85,57255000,5403225,104.8,28027875,628650
20-02-2025 14:17,22931.85,666825,470775,1.85,57303000,5467350,104.15,28022025,615450
20-02-2025 14:17,22936.2,672900,474075,1.8,57353475,5480700,105.6,28019025,615450
20-02-2025 14:17,22937.8,668550,472500,1.85,57275775,5512950,104.5,28017300,607800
20-02-2025 14:18,22930.75,664050,474300,1.75,57363450,5476275,106,28016550,615075
20-02-2025 14:18,22935.65,672300,473100,1.65,56993775,5619900,105.25,28027425,613425
20-02-2025 14:18,22931.35,667275,475950,1.65,56796525,5671650,104.75,28002000,612075
20-02-2025 14:18,22937.05,668175,469650,1.65,56850750,5675175,103.9,27995550,635025
20-02-2025 14:18,22932.1,667050,474150,1.65,56790600,5794125,103.35,27992400,619350
20-02-2025 14:18,22936,664275,469200,1.75,56879550,5716725,103.65,27997425,618375
20-02-2025 14:19,22932.45,665850,469800,1.75,56937525,5627850,102.5,27989400,625800
20-02-2025 14:19,22940,670650,467325,1.85,57137250,5579250,101.05,27969375,637650
20-02-2025 14:19,22940,670500,467625,2,57187950,5268975,99.55,27954300,642900
20-02-2025 14:19,22941.9,673500,473925,2.1,57431475,5065200,99.3,27946875,639300
20-02-2025 14:19,22940.05,667875,472350,2.05,57217725,5053650,100.45,27959700,639600
20-02-2025 14:19,22941.65,667275,471825,2.1,57130950,5061825,99.8,27979350,640650
20-02-2025 14:20,22942.15,668775,471525,2.15,57166875,5018175,99.7,27998475,635250
20-02-2025 14:20,22940.1,670725,466650,2.2,57399975,4976775,99.05,27994200,641625
20-02-2025 14:20,22940,670800,467775,2.2,57322350,5023050,99.5,28012800,633300
20-02-2025 14:20,22940,670050,469800,2.15,57238125,5051550,100.25,28027800,632625
20-02-2025 14:20,22942.15,666150,471150,2.15,57253800,5045400,99,28029525,642225
20-02-2025 14:20,22938.7,664875,468900,2.15,57201600,5187300,99.5,28026600,645450
20-02-2025 14:21,22937.35,667200,468075,2.15,57220875,5126550,99.55,28027425,640425
20-02-2025 14:21,22942.35,665550,471600,2.15,57252525,5112900,99.8,28027950,642075
20-02-2025 14:21,22935.55,663150,471750,2.1,57269925,5140200,100.2,28029450,635325
20-02-2025 14:21,22936.8,665175,470775,1.95,57064875,5384775,99.75,28032000,650925
20-02-2025 14:21,22942.1,666975,469650,2.1,57292725,5113800,99.55,28020600,656775
20-02-2025 14:21,22941.25,662400,471450,2,56950275,5334825,100.25,28028100,648225
20-02-2025 14:22,22942,664575,470550,2,57086550,5295075,99.75,28036725,663300
20-02-2025 14:22,22936.65,666675,470400,2,57163425,5270250,99.9,28034250,663000
20-02-2025 14:22,22941.35,664800,468900,2,57084225,5254650,100,28034550,653100
20-02-2025 14:22,22935,662925,471750,1.8,57044850,5417400,102.15,28039350,641175
20-02-2025 14:22,22939.85,664200,470325,1.7,56775975,5560575,102.3,28033125,610425
20-02-2025 14:22,22934.05,663300,468225,1.65,56671500,5496450,102.25,28020750,630075
20-02-2025 14:23,22936.65,667650,468150,1.55,56593875,5632275,101.45,28005000,641850
20-02-2025 14:23,22940.3,665625,468975,1.55,56503350,5627325,101.75,27998700,644175
20-02-2025 14:23,22936.65,664050,469050,1.5,56518575,5753475,102.75,28007250,633075
20-02-2025 14:23,22941.3,666825,468000,1.65,56696775,5743125,100.85,28000125,636975
20-02-2025 14:23,22938,666075,468450,1.75,56837700,5384400,101.25,27991800,630225
20-02-2025 14:23,22941.3,666150,469425,1.75,56950425,5314650,100.75,27998325,634875
20-02-2025 14:24,22938.85,666075,467475,1.75,57034500,5251725,100.55,27996150,630300
20-02-2025 14:24,22939.2,665175,470325,1.7,56696925,5505675,100.65,27989475,624075
20-02-2025 14:24,22942,666525,464325,1.7,56742225,5396700,100.15,27989550,641325
20-02-2025 14:24,22939.6,667350,467925,1.75,56879400,5332575,99.6,27980925,647025
20-02-2025 14:24,22938,664950,465075,1.8,57035700,5448450,99.5,27976425,644400
20-02-2025 14:24,22941,665550,466125,2,57086175,5305050,98.6,27975675,639375
20-02-2025 14:25,22940,668175,467550,1.95,57071250,5192700,99.25,27951450,637125
20-02-2025 14:25,22941,665025,466875,1.95,57027375,5272650,99,27963600,634125
20-02-2025 14:25,22942,665625,464925,2.1,57160275,5091825,97.85,27951450,634425
20-02-2025 14:25,22942.85,666450,465975,2,57007200,5224425,98.8,27941700,634125
20-02-2025 14:25,22942.25,666900,465675,1.95,56881650,5286150,99.1,27971550,636900
20-02-2025 14:25,22942,666825,466200,1.85,56878125,5348775,100,27967200,637650
20-02-2025 14:26,22941.9,667275,466875,1.85,56781900,5386950,100.8,27849375,628200
20-02-2025 14:26,22942.3,670650,466425,1.85,56614350,5456175,99.4,27845925,641325
20-02-2025 14:26,22942.35,671325,466425,1.85,56795100,5394075,99.05,27858600,658725
20-02-2025 14:26,22942.6,669975,466425,1.85,56815575,5421600,98.35,27854025,661725
20-02-2025 14:26,22944.85,670500,466800,1.95,56949075,5291625,98.3,27844575,667275
20-02-2025 14:26,22944.25,670125,465750,1.95,56898450,5292000,98.3,27853275,663750
20-02-2025 14:27,22946.4,670950,466125,1.95,56923050,5328300,97.8,27855750,669075
20-02-2025 14:27,22942.75,670650,466125,1.85,56857650,5390475,98.6,27859425,672750
20-02-2025 14:27,22942.35,669600,467475,1.95,56745000,5479275,98.2,27858225,665400
20-02-2025 14:27,22946.3,670650,466725,1.95,56898450,5399250,97.6,27838275,678225
20-02-2025 14:27,22942.45,669450,468450,1.85,56726475,5517375,99,27837975,666975
20-02-2025 14:27,22944.6,669825,468300,1.85,56684700,5476275,98.8,27839025,658800
20-02-2025 14:28,22938.5,669525,468150,1.75,56753175,5662275,99.55,27860550,657600
20-02-2025 14:28,22940,669450,469275,1.85,56544900,5626050,99.15,27862650,635775
20-02-2025 14:28,22938.6,668175,468600,1.6,56549175,5894475,99.55,27865575,649875
20-02-2025 14:28,22943.6,669300,471225,1.5,56464200,6026025,99.35,27867450,651300
20-02-2025 14:28,22941.8,670425,468975,1.6,56489100,5996550,98.15,27860475,659250
20-02-2025 14:28,22944.9,670800,468075,1.7,56678850,5752350,98,27854925,667350
20-02-2025 14:29,0,0,0,1.65,56742900,5685450,97.75,27874200,661050
20-02-2025 14:29,22945,671175,466950,1.75,56745975,5711250,97.5,27879675,665775
20-02-2025 14:29,22945.2,671625,467700,1.75,56876025,5668125,98,27874575,665850
20-02-2025 14:29,22946.65,671250,468000,1.75,56777700,5735400,97.2,27881325,673050
20-02-2025 14:29,22945.1,672075,469125,1.7,56848425,5799825,97.6,27872175,673800
20-02-2025 14:29,22943.55,670650,469275,1.6,56555400,5981175,99.75,27877800,656025
20-02-2025 14:30,22944,669600,466125,1.7,56638425,5837400,98.4,27866550,659475
20-02-2025 14:30,22942.5,669975,468075,1.55,56693550,5974575,100,27854025,665400
20-02-2025 14:30,22941.9,665475,468525,1.45,56377800,6099225,101.45,27855675,615675
20-02-2025 14:30,22938.1,665700,468975,1.35,56197875,6413100,102.5,27863025,611100
20-02-2025 14:30,22939.2,664950,468675,1.25,55916325,6559425,102.75,27867675,593325
20-02-2025 14:30,22935,665700,471450,1.25,56927850,6507525,101.45,27869100,587250
20-02-2025 14:31,22939.7,666750,471150,1.1,56956575,6895725,103.35,27861450,582525
20-02-2025 14:31,22937.2,666825,469200,1.2,56928675,6874575,102.75,27857625,581400
20-02-2025 14:31,22937.35,670425,468375,1.25,57384825,6084525,101.65,27850725,588825
20-02-2025 14:31,22939.5,669450,469200,1.2,57378375,6321375,101.95,27848550,592500
20-02-2025 14:31,22939.6,668400,470175,1.2,57387750,6324300,102,27837825,596400
20-02-2025 14:31,22937.8,667800,471300,1.1,57345375,6539400,103.85,27349950,595050
20-02-2025 14:32,22935.5,668700,468975,1.1,57058725,6546675,103,27344475,573525
20-02-2025 14:32,22935.65,668700,469350,1.05,57152700,6476550,103.35,27354300,580350
20-02-2025 14:32,22939,668325,469650,1.1,57065550,6409050,102.45,27356025,591075
20-02-2025 14:32,22939,669825,470025,1.1,57284400,6345600,102,27351450,596325
20-02-2025 14:32,22938,668925,468375,1.05,57227325,6558900,101.7,27341925,597300
20-02-2025 14:32,22939.8,668025,469050,0.95,56723025,6664275,102.75,27331350,597075
20-02-2025 14:33,22940.75,669225,466725,1.05,57174600,6562650,101.6,27329025,599175
20-02-2025 14:33,22940.7,670125,470100,1.05,57564525,6187125,101.1,27321150,601575
20-02-2025 14:33,22942.2,668700,471750,1.15,57717450,5972850,100.9,27325950,596400
20-02-2025 14:33,22939.15,668700,471525,1.15,58151175,5670075,101,27331875,607125
20-02-2025 14:33,22942,667575,471150,1.15,58432725,5767575,99.6,27334125,607125
20-02-2025 14:33,22939.7,668475,468075,1.25,58749600,5444850,99,27297075,600975
20-02-2025 14:34,22939.7,667200,471000,1.25,58665975,5454675,100.05,27308625,599475
20-02-2025 14:34,22940,666750,469050,1.15,58592250,5730375,100.35,27318450,604650
20-02-2025 14:34,22938.85,668100,474825,1.05,58346925,6292500,101.25,27319800,599100
20-02-2025 14:34,22937.95,667425,474075,1,57618300,6359550,101.3,27326100,602400
20-02-2025 14:34,22940,666375,472500,1,57521550,6271650,101.15,27316050,601800
20-02-2025 14:34,22936.55,666300,470700,1,57399375,6253650,101.6,27321450,604200
20-02-2025 14:35,22936.7,666075,470550,1,57590700,6220500,102,27320100,592275
20-02-2025 14:35,22936.85,665475,471000,0.95,57687600,6493875,102.65,27315000,592050
20-02-2025 14:35,22937.25,668475,470250,1,57583275,6521325,100.65,27307875,611025
20-02-2025 14:35,22941.8,669825,470625,1,57718725,6081900,100.55,27250200,613125
20-02-2025 14:35,22942.15,669450,468975,1.05,57949050,6070650,99.7,27263625,617550
20-02-2025 14:35,22943.4,670050,470625,1.05,58195425,5717175,99,27256275,611625
20-02-2025 14:36,22939.35,668700,471750,1.05,58336800,5674950,99.05,27285750,608250
20-02-2025 14:36,22939.2,666375,471375,1.05,58276125,5728050,100.15,27295125,606900
20-02-2025 14:36,22942.05,666675,473175,1,58146225,6121875,100.35,27306675,602175
20-02-2025 14:36,22941.3,668925,472650,1.1,58021575,6039000,99.55,27314025,619650
20-02-2025 14:36,22939.25,667800,468975,1.1,58086000,5710350,99.2,27300375,624375
20-02-2025 14:36,22942.15,665925,470025,1,58164150,6093450,100.1,27306450,624900
20-02-2025 14:37,22941.5,665400,473850,1.05,57645750,6010425,100.4,27296100,610575
20-02-2025 14:37,22941.5,665100,469875,1,57907200,5981625,101.15,27286875,601725
20-02-2025 14:37,22941,666450,468450,1.05,58039500,5979300,99.45,27282675,610875
20-02-2025 14:37,22941,668700,467400,1.05,58199175,5718375,99,27278250,617325
20-02-2025 14:37,22939,667350,469800,1.15,58107375,5704125,99.45,27273000,612000
20-02-2025 14:37,22940,664350,470325,1.15,58612125,5664000,100,27276825,608100
20-02-2025 14:38,22940,665550,464625,1.2,59009175,5473650,99,27278700,615150
20-02-2025 14:38,22938.4,665775,464100,1.15,58882650,5635200,99.25,27273825,616500
20-02-2025 14:38,22939,665775,462750,1.25,59439975,5561175,98.9,27273300,608475
20-02-2025 14:38,22939.85,665250,462075,1.3,59686800,5428125,98.65,27291900,617175
20-02-2025 14:38,22942,666450,459975,1.5,60024300,5304075,97,27302025,620250
20-02-2025 14:38,22944,665700,458475,1.6,59993475,5059800,96.15,27215325,617250
20-02-2025 14:39,22944.65,667050,461775,1.6,59715825,5002800,95.45,27212700,626475
20-02-2025 14:39,22948.7,669675,457650,1.85,59670600,4922025,93.1,27195675,651150
20-02-2025 14:39,22948.7,668775,459675,1.6,59452200,5168025,94,27160350,627750
20-02-2025 14:39,22948,669300,462150,1.7,59368800,5203875,94.35,27192750,621150
20-02-2025 14:39,22946.4,665775,462825,1.55,59270250,5207100,95.85,27208200,619200
20-02-2025 14:39,22942,663600,462975,1.35,59010225,5631900,95.9,27226200,629925
20-02-2025 14:40,22942,666450,460425,1.35,59368425,5470275,95.95,27229650,662925
20-02-2025 14:40,22944.4,666300,459225,1.25,59165475,5593200,96.25,27241800,672600
20-02-2025 14:40,22945,665775,458925,1.45,59354025,5541600,95.1,27233250,684600
20-02-2025 14:40,22945,663825,460575,1.4,59161425,5515500,95.8,27241875,689025
20-02-2025 14:40,22946.95,664200,459000,1.45,59417175,5522850,94.85,27241050,705525
20-02-2025 14:40,22947,664125,461400,1.5,59443500,5327400,94.85,27245175,674700
20-02-2025 14:41,22943.05,664275,462000,1.45,59678100,5424750,95.2,27238425,688950
20-02-2025 14:41,22945.2,663375,464025,1.45,59116575,5604375,95.6,27253575,667275
20-02-2025 14:41,22941.55,663375,466425,1.4,59531325,5372550,96.9,27276075,663225
20-02-2025 14:41,22942.05,661425,466200,1.35,59330325,5671425,96.35,27286200,673350
20-02-2025 14:41,22942.05,663525,460800,1.5,59487750,5760075,95.75,27274950,691050
20-02-2025 14:41,22946.75,663150,459600,1.5,59511150,5308575,95.4,27265875,693450
20-02-2025 14:42,22945,663825,464550,1.45,59489925,5807175,94.65,27254625,694725
20-02-2025 14:42,22944,664050,458025,1.65,59802225,5389200,93.95,27236925,688575
20-02-2025 14:42,22943.1,663825,462825,1.55,59979825,5108700,94.3,27243900,693300
20-02-2025 14:42,22947,663825,461175,1.65,59499300,5185200,94.3,27265350,691725
20-02-2025 14:42,22942,663900,462525,1.55,59529375,5184375,95.6,27266400,679425
20-02-2025 14:42,22947,664350,459375,1.6,59447025,5223450,94.7,27233400,650775
20-02-2025 14:43,22946,665250,459675,1.5,59535750,5144250,94.9,27228975,657150
20-02-2025 14:43,22940.9,666900,464100,1.45,59415075,5360700,94,27239775,667875
20-02-2025 14:43,22942.3,666600,458475,1.45,59280375,5306325,94.2,27221550,672075
20-02-2025 14:43,22942,666150,460725,1.25,59257350,5613450,95.85,27235875,674100
20-02-2025 14:43,22946.95,667125,462300,1.35,58699125,5831700,95.05,27238200,652200
20-02-2025 14:43,22945,666900,458625,1.35,58792425,5546850,94.8,27231600,664650
20-02-2025 14:44,22941.65,664800,458325,1.25,58833675,5566200,95.35,27234000,664125
20-02-2025 14:44,22947,664950,459600,1.2,58712850,5763450,96,27236625,666525
20-02-2025 14:44,22947,664500,459600,1.2,58553925,5780100,95.75,27240000,655800
20-02-2025 14:44,22947.35,665400,458100,1.35,58686225,5721900,94.95,27227550,678075
20-02-2025 14:44,22942.05,665475,460350,1.25,58858200,5534700,95.35,27229575,679725
20-02-2025 14:44,22942.65,665850,459675,1.4,58838550,5574450,94.5,27232200,679200
20-02-2025 14:45,22942.8,666000,458175,1.35,58887150,5467425,94.6,27243225,689025
20-02-2025 14:45,22941.4,666000,458625,1.3,58856025,5603625,95.7,27243675,693750
20-02-2025 14:45,22947,666225,458250,1.3,58714200,5617500,94.75,27247800,700950
20-02-2025 14:45,22947,664875,457425,1.25,58704675,5612475,94.55,27245700,699525
20-02-2025 14:45,22947,665400,457650,1.25,58660725,5620950,94.8,27240600,716925
20-02-2025 14:45,22947.9,665925,458250,1.2,58618800,5861550,94.8,27229575,701775
20-02-2025 14:46,22948,666975,456825,1.4,58804725,5806050,93.35,27234450,712425
20-02-2025 14:46,22948.7,667650,457875,1.9,59420775,5417550,90.8,27199575,711525
20-02-2025 14:46,22951,666600,454500,1.85,59014725,4149525,89.35,27086700,687825
20-02-2025 14:46,22945.2,668100,454200,1.6,58963875,4312800,90.85,27133125,682125
20-02-2025 14:46,22950.45,667500,456975,1.55,59008125,4529400,90.95,27147900,679725
20-02-2025 14:46,22950.05,670275,455475,1.6,59048100,4488825,90.2,27169950,696450
20-02-2025 14:47,22951.1,668475,453975,1.8,59259225,4319325,89,27142725,711450
20-02-2025 14:47,22950.65,666225,455700,1.65,59246925,4419450,90.3,27176025,695850
20-02-2025 14:47,22950,668175,453975,1.85,59215500,4417725,89,27200025,709950
20-02-2025 14:47,22951.15,669375,457050,1.75,59405850,4279050,89.95,27198225,706125
20-02-2025 14:47,22951.95,666225,456075,1.8,59207100,4354950,88.6,27208725,710175
20-02-2025 14:47,22947.15,666600,454275,1.85,59223150,4467600,87.85,27206700,720600
20-02-2025 14:48,22948.2,667200,455550,1.55,59087625,4502025,89.85,27221325,709725
20-02-2025 14:48,22950.9,667050,454875,1.35,58609800,4675050,90.3,27245175,688950
20-02-2025 14:48,22951,667800,455550,1.35,58743525,4670775,89.8,27245400,711975
20-02-2025 14:48,22949.75,667425,453900,1.55,58797600,4727550,88.3,27240075,727950
20-02-2025 14:48,22948.45,666300,456975,1.5,58939425,4727550,90,27269025,738750
20-02-2025 14:48,22951,667125,456900,1.55,59087250,4703475,89.5,27272475,732450
20-02-2025 14:49,22951,666675,453525,1.6,59318850,4563900,89.1,27247800,731400
20-02-2025 14:49,22950.4,667200,455025,1.75,59308050,4574925,87.1,27244575,728175
20-02-2025 14:49,22953.65,669900,452625,2.85,59329500,4379400,81.35,27214500,731025
20-02-2025 14:49,22953,667575,454050,2,59269950,4211700,85.1,27145425,712425
20-02-2025 14:49,22950.95,668100,452700,1.9,58983900,4307850,85.05,27155025,696150
20-02-2025 14:49,22952.75,664800,454050,1.65,58121400,4475550,87.5,27192075,667950
20-02-2025 14:50,22948,668025,458550,1.65,58111425,4460250,88.9,27188925,663525
20-02-2025 14:50,22944,665550,456600,1.3,57920475,4767525,91.8,27235575,649575
20-02-2025 14:50,22945,663525,455625,1.2,57697350,4833000,92.2,27235875,612150
20-02-2025 14:50,22940.65,664800,457650,1,57517125,5088675,94.45,27224100,617100
20-02-2025 14:50,22945.9,666750,459525,1.05,56905050,5282550,93.3,27211950,641475
20-02-2025 14:50,22948.5,665850,458100,1,56967375,5324325,93.1,27211350,666300
20-02-2025 14:51,22948.5,668025,459150,1,57059025,5114550,92.7,27212250,658125
20-02-2025 14:51,22943.3,665925,456900,0.9,56797200,5627100,94,27212775,669825
20-02-2025 14:51,22945,664350,456525,0.8,55950300,6216375,94.15,27219825,655425
20-02-2025 14:51,22942.85,665700,457950,0.8,56039025,6168300,94.3,27198375,637800
20-02-2025 14:51,22946,666150,456750,0.7,55865250,6484875,94.45,27225375,629175
20-02-2025 14:51,22942.15,663300,459225,0.65,55570425,6532725,96.75,27237600,619800
20-02-2025 14:52,22941.3,665475,460425,0.7,55403700,6855900,96,27238950,589575
20-02-2025 14:52,22941.5,665325,462075,0.6,55456425,6729450,96.1,27238200,610350
20-02-2025 14:52,22942.45,667500,458550,0.65,55935525,6671700,95.05,27227775,624000
20-02-2025 14:52,22943,668775,458025,0.65,56496225,6024900,95.35,27186900,637050
20-02-2025 14:52,22942.05,666000,460275,0.65,56458200,6506775,96.65,27187200,620025
20-02-2025 14:52,22942.15,665475,458700,0.65,56599575,6555225,95.95,27189525,620775
20-02-2025 14:53,22942.4,664875,458250,0.65,56646525,6769200,96.2,27187950,637875
20-02-2025 14:53,22938,663900,459375,0.55,56213400,7045125,97.45,27185850,624225
20-02-2025 14:53,22938,663225,459900,0.55,55954200,6981450,97.8,27214650,621300
20-02-2025 14:53,22938,665625,460650,0.5,55845600,7135875,97.7,27235725,628350
20-02-2025 14:53,22940,664575,460275,0.6,56556675,6980325,98.65,27228375,608700
20-02-2025 14:53,22937.15,659775,464025,0.6,56592975,6633675,100.45,27215175,599325
20-02-2025 14:54,22937.85,661500,462150,0.55,56880450,6555675,98.45,27007650,574275
20-02-2025 14:54,22938.25,661800,458325,0.55,56356650,6546075,98.8,26976675,579975
20-02-2025 14:54,22939.9,659400,458850,0.55,56309925,6503700,99,26981550,580425
20-02-2025 14:54,22944.25,663525,458325,0.6,56816325,6469500,97.65,26980650,593250
20-02-2025 14:54,22941,662400,456225,0.55,56500275,6785100,98.4,26656425,601125
20-02-2025 14:54,22937.4,661575,455550,0.5,55906275,7140525,97.5,26649300,604800
20-02-2025 14:55,22943.75,662925,454200,0.45,55722150,7000875,97.65,26641125,602775
20-02-2025 14:55,22938.4,662250,456375,0.45,55343475,6931500,98.7,26635350,596025
20-02-2025 14:55,22938.55,662700,458775,0.5,55224825,6956550,98.15,26637750,579000
20-02-2025 14:55,22937.9,662400,455325,0.45,55050900,6950625,98.4,26637750,581850
20-02-2025 14:55,22937.8,663000,457650,0.5,55118400,6950625,98.2,26634600,570600
20-02-2025 14:55,22937.9,663525,459075,0.5,55447050,6396225,96.95,26630625,573450
20-02-2025 14:56,22940,663675,459825,0.5,55901475,6248250,96.85,26579625,583275
20-02-2025 14:56,22940,663375,458175,0.55,55897800,5835000,95.6,26586225,584475
20-02-2025 14:56,22941.8,664275,459300,0.5,55832100,6426900,96.7,26555850,590250
20-02-2025 14:56,22942,661800,460050,0.45,55597650,6437100,97.2,26573100,588750
20-02-2025 14:56,22943,662400,459075,0.45,55641225,6402675,97.35,26578050,589800
20-02-2025 14:56,22942.9,667425,459750,0.5,55042350,6502200,95.6,26428875,606300
20-02-2025 14:57,22943,665925,460125,0.5,55336800,6497475,94.6,26354700,625800
20-02-2025 14:57,22941.35,667125,460125,0.5,55763250,5891625,93.75,25974150,622125
20-02-2025 14:57,22944.15,666675,459150,0.55,56058300,6210675,93.3,25885650,626625
20-02-2025 14:57,22944.15,665325,459000,0.5,55920450,6201825,93.1,25894050,619875
20-02-2025 14:57,22940.9,665775,461775,0.45,55844475,6714675,94.5,25821450,606825
20-02-2025 14:57,22943.4,664800,463050,0.55,56344200,6566100,94.5,25797450,630375
20-02-2025 14:58,22947.75,665100,460350,0.55,56279625,6189150,94,25797975,636750
20-02-2025 14:58,22943.9,666450,462600,0.55,56273475,6029400,94.05,25801875,632550
20-02-2025 14:58,22946.7,665925,461700,0.5,56145300,6429225,95.3,25810725,628050
20-02-2025 14:58,22944,665475,459450,0.5,55713750,6011475,94.85,25638825,624375
20-02-2025 14:58,22942,664575,460500,0.5,55697475,5832225,94,25662000,634425
20-02-2025 14:58,22943.6,667500,459675,0.45,55273050,6452550,93.55,25450350,638625
20-02-2025 14:59,22946,666225,458550,0.5,55308600,6434625,93.4,25319100,634350
20-02-2025 14:59,22943.7,665400,458700,0.45,55295700,6441750,94.4,25327950,638100
20-02-2025 14:59,22943.75,665250,460050,0.45,55211925,6930225,95.1,25340550,631200
20-02-2025 14:59,22947.5,665100,458025,0.4,54213375,7004775,93.95,25164375,641175
20-02-2025 14:59,22948,666000,456450,0.4,54087225,7055775,92.7,24727800,643050
20-02-2025 14:59,22943.9,666525,455325,0.45,53953875,6921975,91.85,24715575,654000
20-02-2025 15:00,22949,670800,452700,0.45,54567225,6521100,88.95,24677325,658875
20-02-2025 15:00,22949.95,670275,446325,0.45,54240675,6141975,86.4,24647175,633525
20-02-2025 15:00,22952,669900,450150,0.4,54252300,6482475,89.6,24642975,631575
20-02-2025 15:00,22948.7,666525,451650,0.4,53442600,6821475,89.05,24654450,617775
20-02-2025 15:00,22948.1,670500,448950,0.4,53269500,6905475,88,24670500,644025
20-02-2025 15:00,22945,665700,451800,0.35,53503425,6801225,90.8,24698400,641550
20-02-2025 15:01,22943.95,666375,454200,0.3,53148675,7963275,92.6,24711750,603300
20-02-2025 15:01,22945,664725,451575,0.3,53336475,8344275,94.15,24725625,611625
20-02-2025 15:01,22941.35,662100,452775,0.3,52441575,8549700,94.1,24730425,588375
20-02-2025 15:01,22944,667125,450975,0.3,52736550,8579700,92.5,24703650,617850
20-02-2025 15:01,22943.8,669825,449100,0.3,52634550,8510400,90.4,24676725,634725
20-02-2025 15:01,22944.25,668550,450525,0.25,52347450,8320650,86.55,24667500,662250
20-02-2025 15:02,22947.55,669750,446550,0.25,52173975,8213550,86.25,24641100,648975
20-02-2025 15:02,22950,668775,446925,0.2,51527025,9334575,88.1,24595575,630300
20-02-2025 15:02,22946.8,666000,447675,0.2,49936800,9643125,88.55,24575025,631425
20-02-2025 15:02,22946.8,668775,447825,0.2,49941450,9692775,89.5,24608475,641025
20-02-2025 15:02,22946.05,665025,449025,0.2,49832775,9597000,88.7,24614850,632850
20-02-2025 15:02,22948,663225,446325,0.2,49591650,9543825,88.65,24605625,644475
20-02-2025 15:03,22945,663525,445875,0.25,49368300,9640125,88.4,24598350,652350
20-02-2025 15:03,22948.1,663150,445725,0.25,49220325,9604725,89.55,23972250,654075
20-02-2025 15:03,22947.45,664650,446775,0.25,49175400,9603675,90.25,23712225,650400
20-02-2025 15:03,22941.15,663150,449550,0.2,48600600,10426275,92.25,23715375,643875
20-02-2025 15:03,22941.65,665625,449325,0.15,45206550,10371075,92.4,23714700,618150
20-02-2025 15:03,22941.6,664575,453300,0.15,44965125,10349175,91.5,23336175,637575
20-02-2025 15:04,22942.9,664125,453900,0.15,45054450,9928650,89.85,23308125,659400
20-02-2025 15:04,22948.1,668925,451050,0.2,45101100,9809250,89.2,23277075,667725
20-02-2025 15:04,22944.25,664650,452250,0.15,45142500,9794850,90,23282775,681525
20-02-2025 15:04,22943.75,663375,453375,0.15,45078375,9912975,89.9,23309475,672225
20-02-2025 15:04,22944.1,664725,453600,0.2,45076950,9792600,90.05,23311050,682575
20-02-2025 15:04,22944.25,666300,448050,0.2,45046350,9776175,90,23329575,671775
20-02-2025 15:05,22944.25,664950,448425,0.15,44950575,9016725,90.25,23315025,662175
20-02-2025 15:05,22945,665400,446475,0.15,44805825,8978925,89.15,23304450,677250
20-02-2025 15:05,22947,664125,446925,0.2,44698050,8977875,89.3,23293650,668100
20-02-2025 15:05,22949,664575,448725,0.15,44733375,8999400,91.2,23297925,675750
20-02-2025 15:05,22945.5,663900,450000,0.2,44733675,9001275,92.45,23299500,634050
20-02-2025 15:05,22944.25,662325,449250,0.15,44679000,9017550,90.95,23299275,633600
20-02-2025 15:06,22944.45,662400,449925,0.2,44547675,8991750,90.5,22970325,643500
20-02-2025 15:06,22944.45,664125,451050,0.15,44394525,8946525,90.75,22670325,647400
20-02-2025 15:06,22944.8,664575,450675,0.15,44304675,8910675,91.3,22665450,651000
20-02-2025 15:06,22944.8,663750,449775,0.15,44196225,8885475,90.9,22586925,659100
20-02-2025 15:06,22945.5,664275,450675,0.15,43924575,8911875,90.9,22582725,659625
20-02-2025 15:06,22944.85,664125,451875,0.2,43944975,8930100,90.6,22584525,659775
20-02-2025 15:07,22945.5,664425,450600,0.15,43974150,8842425,91,22528350,673350
20-02-2025 15:07,22943.9,662625,452100,0.2,43858575,8899350,90.6,22520700,661725
20-02-2025 15:07,22945.5,664050,451575,0.2,43864200,8829600,89,22513275,674025
20-02-2025 15:07,22945.05,664575,449925,0.2,43830075,8620425,89.1,22468575,682050
20-02-2025 15:07,22945.55,664425,450375,0.2,43820775,8583150,90.4,22495125,680100
20-02-2025 15:07,22942.05,662625,449175,0.15,43891725,8426100,89.55,22515375,708075
20-02-2025 15:08,22945.55,665175,448200,0.2,43846125,8275725,88.45,22504200,705750
20-02-2025 15:08,22945.1,665175,447075,0.15,43657650,8222925,88.55,22485075,711900
20-02-2025 15:08,22942.65,666075,446400,0.15,43549125,8201250,87.95,22467675,730950
20-02-2025 15:08,22948,664800,446475,0.15,43503975,8112300,87.95,22478325,730800
20-02-2025 15:08,22943.25,662775,444675,0.15,43382400,8055450,88.05,22488225,723450
20-02-2025 15:08,22945.05,664425,444600,0.2,43343250,8028900,86.9,22500075,722475
20-02-2025 15:09,22945.05,666150,443700,0.2,43311825,8074200,87,22461300,724200
20-02-2025 15:09,22945.55,666450,442575,0.15,42891525,8177925,87.05,22476525,723300
20-02-2025 15:09,22945.05,665400,442125,0.2,42894150,8190300,87.35,22494600,711150
20-02-2025 15:09,22945.4,662250,441600,0.15,42877125,8165850,87.4,22486650,707775
20-02-2025 15:09,22949,662025,442650,0.2,42776250,8223000,88.45,22504425,678825
20-02-2025 15:09,22945.6,662625,441150,0.2,42717900,8258475,86.1,22516950,680025
20-02-2025 15:10,22946,661800,441000,0.2,42240675,8241675,86.55,22475100,668025
20-02-2025 15:10,22946.5,662700,440025,0.15,42206100,8248950,86.15,22471425,680400
20-02-2025 15:10,22944.15,662250,440775,0.15,42184800,8173125,86.7,22475775,677400
20-02-2025 15:10,22942.45,660000,441225,0.2,42041400,8136675,87.8,22455900,675150
20-02-2025 15:10,22941.55,660225,442125,0.15,42052200,8802150,87.5,22471800,671175
20-02-2025 15:10,22947.45,661425,441000,0.15,41889975,8811150,87.75,22487100,665325
20-02-2025 15:11,22941.6,658800,440775,0.1,36054900,10988850,87.75,22479450,664350
20-02-2025 15:11,22947.6,658575,439200,0.15,35391600,10977825,87.6,22240050,649800
20-02-2025 15:11,22942.35,658050,440550,0.1,34900725,10928550,88.5,22243425,654900
20-02-2025 15:11,22941.2,655800,441000,0.15,34877775,10898175,89.05,21351675,625425
20-02-2025 15:11,22941.2,655575,440850,0.1,34826250,10893450,89.35,21354675,612975
20-02-2025 15:11,22941,654900,440475,0.1,34795425,10611750,90,21035100,607575
20-02-2025 15:12,22944.3,654150,439650,0.1,34519800,10670025,91,20978250,578025
20-02-2025 15:12,22939.2,653850,438300,0.1,33903450,10654875,90.3,21002175,569325
20-02-2025 15:12,22940,656550,437325,0.15,33513450,10554600,90.3,20989275,575550
20-02-2025 15:12,22938.6,656100,437925,0.15,33442875,10488375,89.4,20807100,591450
20-02-2025 15:12,22939.2,656175,437325,0.1,33387600,10504875,89,20564700,597600
20-02-2025 15:12,22939.25,658200,436800,0.1,33031725,10503075,89.15,20557500,596250
20-02-2025 15:13,22940.25,657900,436275,0.1,32854050,10431600,87.85,20540550,615375
20-02-2025 15:13,22943.1,657150,435750,0.15,32660325,10558275,87.85,20516775,611850
20-02-2025 15:13,22941.1,660375,434550,0.1,32594400,10606350,87.3,20516700,620100
20-02-2025 15:13,22942.55,659925,435000,0.15,32550900,10609275,86.6,20523675,635550
20-02-2025 15:13,22943.2,657075,434025,0.1,32402400,10589100,85.75,20294775,634275
20-02-2025 15:13,22943.95,659025,434325,0.15,31894050,10661025,85.4,20319000,641925
20-02-2025 15:14,22944.35,656550,434100,0.1,31884075,10632225,85.2,20270550,632775
20-02-2025 15:14,22943.55,655575,434100,0.15,31831950,10754925,85.45,20281050,620700
20-02-2025 15:14,22943.3,656850,433350,0.15,31772700,10796850,85.7,20302275,639375
20-02-2025 15:14,22946,656625,432600,0.1,31622775,10797975,85.75,20303625,641100
20-02-2025 15:14,22947,656925,432825,0.1,31501725,10798500,85.75,20307750,621675
20-02-2025 15:14,22943,655275,434250,0.15,31377375,10944975,85.6,20323650,632325
20-02-2025 15:15,22943.35,657150,433425,0.1,31222800,10945800,85.05,20280000,644775
20-02-2025 15:15,22942.6,656550,433200,0.15,31057425,10893525,85.6,20189925,648075
20-02-2025 15:15,22946.15,656850,432600,0.15,31028925,10875225,86.45,20200275,635025
20-02-2025 15:15,22941.5,651825,431700,0.1,30959325,10890150,86.4,20196975,616800
20-02-2025 15:15,22945,652425,431625,0.1,30744975,11157750,86.2,20195775,635175
20-02-2025 15:15,22941.05,652500,432225,0.1,30531900,11156550,85.95,20163525,627300
20-02-2025 15:16,22941.05,653700,432525,0.1,30067725,11138775,85.75,20079000,638625
20-02-2025 15:16,22946.9,653250,434025,0.15,30039975,11106600,85,20074425,640350
20-02-2025 15:16,22945,654150,431625,0.1,29839650,11385075,85.7,20063550,650850
20-02-2025 15:16,22941,649275,428175,0.1,29693850,11343600,85.05,19623375,646125
20-02-2025 15:16,22941.05,650775,427575,0.1,28936650,11327475,85.6,19478925,640725
20-02-2025 15:16,22945,650400,428475,0.15,28675125,11178900,85.5,19479225,628125
20-02-2025 15:17,22942,649275,428250,0.15,27070200,11364000,85.8,18304575,631425
20-02-2025 15:17,22946.9,646725,427125,0.1,26631525,11366775,84.3,18227400,621675
20-02-2025 15:17,22946.95,648600,427275,0.1,24534000,11159775,85.3,18224475,624600
20-02-2025 15:17,22941.7,648225,427050,0.05,22485975,13966050,85.5,18218550,623850
20-02-2025 15:17,22941.8,648675,424950,0.05,16013850,14306775,86.15,18043275,609000
20-02-2025 15:17,22941.6,647925,424350,0.05,15625875,14369325,85.3,18002700,595800
20-02-2025 15:18,22941.65,648825,423825,0.05,15550050,14338050,85.75,17984550,597900
20-02-2025 15:18,22942.2,648825,423750,0.05,15361200,14552850,85.6,17928150,597450
20-02-2025 15:18,22942.65,648300,424050,0.05,14968650,13887825,85.15,17927325,603300
20-02-2025 15:18,22946.8,646425,424425,0.05,14907900,13890225,85.35,17916000,593475
20-02-2025 15:18,22946.7,645600,424500,0.05,14872125,13013400,85.6,17919225,591675
20-02-2025 15:18,22945,643425,424725,0.1,14812725,13035675,85.15,17456325,584025
20-02-2025 15:19,22943.05,643275,423825,0.05,14716725,13094700,85.05,17419500,592800
20-02-2025 15:19,22947,642975,423750,0.05,14449875,13128825,84.6,17412900,585225
20-02-2025 15:19,22944.1,643200,422850,0.05,14429700,13161000,84.85,17425200,583350
20-02-2025 15:19,22947.25,642375,421125,0.05,14173200,13163250,84.3,17222025,585675
20-02-2025 15:19,22944.8,643275,420750,0.05,14039475,13225200,84.2,17199225,586500
20-02-2025 15:19,22946.95,642750,420825,0.1,13972950,13297050,83.85,17191200,588900
20-02-2025 15:20,22943,642075,420600,0.05,16191750,13414200,84.15,17183550,580350
20-02-2025 15:20,22942.6,644625,419925,0.1,16072125,13317075,84.35,17180025,547125
20-02-2025 15:20,22942.5,644250,419400,0.1,16045275,13414650,84.65,16954575,545100
20-02-2025 15:20,22940.55,641250,423225,0.1,16043775,13385700,85.15,16940175,542325
20-02-2025 15:20,22938.15,638700,424350,0.05,16010550,13416375,85.9,16937700,494550
20-02-2025 15:20,22942.7,636900,423000,0.05,15923550,13367550,85.75,16952100,481050
20-02-2025 15:21,22938.85,641025,421950,0.05,15766350,13543125,86.05,16956075,469800
20-02-2025 15:21,22937.5,635475,422475,0.05,15693975,13632975,86.5,16903425,457725
20-02-2025 15:21,22939.25,635100,422175,0.05,15628950,13647750,86.3,16915200,431700
20-02-2025 15:21,22937.25,638025,422475,0.05,15617400,13627200,87,16832550,433125
20-02-2025 15:21,22937.4,636075,420075,0.05,14066325,13597575,86.95,16804425,415425
20-02-2025 15:21,22940,638850,422475,0.05,13499400,13536075,86.9,16326900,433350
20-02-2025 15:22,22935.85,634650,421725,0.05,13042425,13510575,87,16330275,433050
20-02-2025 15:22,22940,634500,423375,0.1,12876600,13537275,87.25,16328175,406725
20-02-2025 15:22,22935.7,633000,423300,0.05,12115875,13766400,86.9,16317675,427050
20-02-2025 15:22,22936.15,633075,423225,0.05,11960700,13762950,86.2,16240875,433425
20-02-2025 15:22,22940,633000,423375,0.05,11840325,13774200,86.85,16239150,423300
20-02-2025 15:22,22938,633075,420975,0.05,11489775,13785675,86.05,15558000,417375
20-02-2025 15:23,22936.1,633150,420000,0.05,11462400,13586100,86.1,15480450,413325
20-02-2025 15:23,22940,633300,419925,0.05,11423775,13434600,85.95,15484050,411225
20-02-2025 15:23,22940,635175,417675,0.05,11420850,13641750,85.85,15469800,414525
20-02-2025 15:23,22940,636600,417675,0.05,11340225,13660200,85.4,15399750,413475
20-02-2025 15:23,22940,637575,417225,0.1,11326650,13627125,85.75,15397500,408675
20-02-2025 15:23,22942,636900,415800,0.05,10972500,13712700,85.85,15098475,405750
20-02-2025 15:24,22940,638175,415575,0.05,10952475,13935975,85.9,15108375,407025
20-02-2025 15:24,22940.55,638325,414900,0.05,10906425,13851750,85.95,15118350,395325
20-02-2025 15:24,22941.5,639150,414075,0.05,10729800,13901775,85.55,14946450,382875
20-02-2025 15:24,22941.2,637950,414675,0.05,10380975,13922100,85.6,14937375,380175
20-02-2025 15:24,22940.6,633225,414450,0.05,10158450,13989375,85.7,14932725,396525
20-02-2025 15:24,22941.3,631650,415350,0.05,9987975,13990650,85.2,14928975,401475
20-02-2025 15:25,22941.35,630525,415875,0.05,9575100,13955550,85.8,14916075,394725
20-02-2025 15:25,22939.65,628050,416325,0.05,9273750,13901700,85.5,14871900,372975
20-02-2025 15:25,22941,626850,415575,0.1,9139125,13801650,85.65,14872125,368775
20-02-2025 15:25,22940.9,626775,413325,0.05,8362350,12118050,85.6,14866725,377925
20-02-2025 15:25,22940.35,627375,413325,0.05,8308950,12231075,85.5,14871000,378075
20-02-2025 15:25,22942.8,626550,412725,0.1,8278425,12113100,85.8,14873025,376350
20-02-2025 15:26,22940.25,623700,409725,0.05,8120325,12717300,85.8,14866650,378900
20-02-2025 15:26,22944,622875,412275,0.05,7602300,12693075,85.85,14862075,371250
20-02-2025 15:26,22943,619950,409500,0.05,7365975,12106575,85.8,14855025,362100
20-02-2025 15:26,22939.5,619500,406950,0.05,7172400,12089025,85.85,14839500,351675
20-02-2025 15:26,22940.3,618300,407250,0.05,5617125,12051900,86.2,14840775,340875
20-02-2025 15:26,22940,618300,407625,0.1,5135100,12067425,85.95,14834700,320550
20-02-2025 15:27,22939,617475,406725,0.1,5082375,12030450,86.25,14828250,320025
20-02-2025 15:27,22940,614925,404625,0.1,4975050,11926125,86.2,14536650,307875
20-02-2025 15:27,22940.05,620100,404700,0.1,4744650,11879400,86.3,14534100,300675
20-02-2025 15:27,22940,619575,403200,0.05,4727625,11833800,86.4,14330475,291300
20-02-2025 15:27,22941,621000,403125,0.05,4560525,11791050,86.6,14327925,276825
20-02-2025 15:27,22939.9,617100,402675,0.05,4489050,11758425,86.2,14020050,280875
20-02-2025 15:28,22939,616425,399750,0.05,4256625,11067075,86.35,13948800,293250
20-02-2025 15:28,22937.7,613725,400500,0.05,4034250,10854600,86.5,13942500,284700
20-02-2025 15:28,22937.7,612600,398475,0.05,3888975,10794600,86.3,13941225,279450
20-02-2025 15:28,22936.1,612150,399150,0.05,3447750,10242450,86.6,13932675,272400
20-02-2025 15:28,22936.1,611550,399750,0.05,3278850,10204575,86.35,13932075,249825
20-02-2025 15:28,22940,608025,397950,0.05,3138600,10167375,86.6,13924950,242325
20-02-2025 15:29,22936.1,608775,395325,0.05,28725,5866800,86.35,13922775,227700
20-02-2025 15:29,22937,607125,391575,0.05,0,5724675,86.4,13910850,211875
20-02-2025 15:29,22936.05,601050,388200,0.05,0,5771700,86.65,13584075,197025
20-02-2025 15:29,22935.9,599775,387075,0.05,0,5712150,86.6,4904100,185475
20-02-2025 15:29,22936.1,597150,385050,0.05,0,5714550,86.6,4920975,161700
20-02-2025 15:29,22934.9,590625,383100,0.05,0,5719950,86.5,4902750,149700
