last_traded_time,ltp,tot_buy_qty,tot_sell_qty,ltp,tot_buy_qty,tot_sell_qty,ltp,tot_buy_qty,tot_sell_qty
24-03-2025 09:16,23505,238500,118350,129.4,5554200,318450,120.4,1521600,235650
24-03-2025 09:16,23515,260925,125475,129.25,5549475,385125,117.8,1505175,241350
24-03-2025 09:16,23505,261150,133875,127.1,5487675,446475,121.5,1549425,241200
24-03-2025 09:16,23503.25,254175,142725,126.7,5468550,528900,120.3,1578450,261825
24-03-2025 09:16,23513.1,262575,128850,132,5436525,553950,116.1,1565925,280425
24-03-2025 09:17,23513.4,270150,130350,132.2,5452950,492750,116.1,1594050,290850
24-03-2025 09:17,23505,274875,133950,125.75,5468700,557325,120.3,1626675,289500
24-03-2025 09:17,23509.95,280950,137025,130.55,5458275,576900,117.25,1646775,304500
24-03-2025 09:17,23507.85,281925,143850,128.1,5490525,597000,119.45,1681200,311475
24-03-2025 09:17,23505,286050,147600,126.85,5419650,649275,120.1,1701825,318300
24-03-2025 09:17,23502.25,281475,142050,126,5434200,664050,120.3,1713975,339150
24-03-2025 09:18,23501.55,284925,147825,124.75,5390925,694050,120.1,1715550,372900
24-03-2025 09:18,23501,282450,147525,123.95,5378625,730875,121,1733100,367875
24-03-2025 09:18,23502.15,285075,148050,125.4,5406375,698775,120.7,1737600,389250
24-03-2025 09:18,23505.1,285000,142725,127.75,5453250,700950,119.75,1751850,399375
24-03-2025 09:18,23510,285075,138225,130.95,5490375,693975,118.4,1702200,417675
24-03-2025 09:18,23510.5,287625,137625,128.95,5882625,633600,118.6,2155650,429675
24-03-2025 09:19,23508.5,286500,140925,128.8,5832900,672825,117.9,2162925,430800
24-03-2025 09:19,23513.95,289725,136200,130.35,5879925,681975,115.2,2160450,457275
24-03-2025 09:19,23520,292800,141000,133.5,5914650,689625,112.65,2092725,474900
24-03-2025 09:19,23522.05,293850,144825,135.85,5958150,557100,110.4,2092500,483075
24-03-2025 09:19,23526.5,294450,142725,137.75,5998800,575925,110.3,2077275,480525
24-03-2025 09:19,23522.55,296625,143325,136.3,6045225,573300,110.95,2065425,489600
24-03-2025 09:20,23517.95,298425,149550,134.4,5457150,625800,111.1,2060550,487875
24-03-2025 09:20,23518.1,297750,158925,135.05,2038275,639600,111.8,1240425,496575
24-03-2025 09:20,23524,296625,159075,133.65,2072175,651450,112.95,1270725,498825
24-03-2025 09:20,23516.45,298125,162375,129.95,2084700,686250,116.4,1309125,505050
24-03-2025 09:20,23520,298350,166575,128.7,1975425,733725,116.35,1328025,498750
24-03-2025 09:20,23515.75,301875,162600,132,2021775,735075,113.35,1317450,536250
24-03-2025 09:21,23511,297900,162900,129.5,2049225,761025,117.15,1334700,544650
24-03-2025 09:21,23505.55,295575,162150,125.85,2015025,788850,121.65,1368450,498300
24-03-2025 09:21,23499.55,292200,172275,127.5,2005800,795750,124.25,1399950,459525
24-03-2025 09:21,23498.2,292950,176100,123.85,2039475,834675,125.85,1392975,458925
24-03-2025 09:21,23498.15,294600,176925,123.95,1948575,840975,126,1399350,402450
24-03-2025 09:21,23499,301800,163425,124.4,1971450,800100,124.7,1373550,416475
24-03-2025 09:22,23498.15,299700,166725,123.15,1998900,830475,127,1351800,451800
24-03-2025 09:22,23499.55,303075,165750,125.45,2047425,842850,126.05,1366050,485475
24-03-2025 09:22,23498.05,305925,160725,125.6,2094375,851100,125.3,1371525,508050
24-03-2025 09:22,23504.95,307350,166125,129.1,2156250,856200,124.55,1358850,526050
24-03-2025 09:22,23506.5,306450,158475,130.8,2173050,819000,121.25,1349700,541125
24-03-2025 09:22,23512.5,313725,157875,133.05,2190675,828375,117.9,1339050,540975
24-03-2025 09:23,23512.05,313725,159675,131.75,2214750,818925,119.7,1311225,544800
24-03-2025 09:23,23515.1,312450,160125,134.6,2194050,847050,119,1335825,545400
24-03-2025 09:23,23510.8,309375,165600,134.2,2200950,794625,120.3,1332975,551775
24-03-2025 09:23,23511.6,309525,164100,132.6,2188575,893100,122.55,1349325,557400
24-03-2025 09:23,23504.7,310425,164400,130.35,2140650,938175,123.4,1378500,548250
24-03-2025 09:23,23510,315525,161850,133.05,2123325,956250,120,1365750,581925
24-03-2025 09:24,23510,315450,166800,133.15,2144400,981675,120,1351200,595650
24-03-2025 09:24,23515,318600,167025,133.35,2170650,1005600,117.15,1354050,603600
24-03-2025 09:24,23519.5,322275,166350,134.95,2178600,1008000,117.3,1333575,610800
24-03-2025 09:24,23515.75,322575,166425,135.05,2215275,945600,115.45,1346925,618000
24-03-2025 09:24,23522.05,334275,163500,136.65,2213850,916800,114.05,1355400,627600
24-03-2025 09:24,23520.95,329250,164325,136.1,2237025,860400,114.3,1334550,624075
24-03-2025 09:25,23510,325275,170775,131.7,2190000,921825,118.45,1365825,614925
24-03-2025 09:25,23513.2,326925,183000,132.3,2146650,927150,117.8,1388475,627075
24-03-2025 09:25,23506.6,330675,182925,131.95,2197350,960150,118.2,1392600,632175
24-03-2025 09:25,23504.9,318075,189975,129.2,2189925,979200,119.75,1418400,616425
24-03-2025 09:25,23502.4,321300,189075,127.7,2078175,980400,122.05,1444200,619275
24-03-2025 09:25,23505.75,326550,182250,129.85,2131275,987825,121.3,1455375,622650
24-03-2025 09:26,23500.05,320925,184875,127.75,2131125,988050,123.9,1470300,628425
24-03-2025 09:26,23508.9,325575,181725,130.45,2157000,999900,120.4,1472400,607650
24-03-2025 09:26,23513.25,323775,185250,131.45,2209650,1010475,120.95,1410075,621075
24-03-2025 09:26,23506.3,324675,189300,130.75,2220825,1041450,120.9,1432350,632550
24-03-2025 09:26,23504.95,321075,190575,126.85,2215200,1077525,124.55,1458000,633225
24-03-2025 09:26,23503.55,323625,192675,127.2,2216175,1089075,125.1,1465350,615750
24-03-2025 09:27,23502.2,320700,193650,130,2211750,1092525,123.8,1464975,614250
24-03-2025 09:27,23501,324450,192675,127.55,2241525,1119675,125.95,1488750,632775
24-03-2025 09:27,23495,317025,185025,125.6,2249850,1149600,128.7,1504050,636225
24-03-2025 09:27,23495.8,321600,182325,127,2113125,1139550,127.1,1494750,532200
24-03-2025 09:27,23501,324675,176550,128.2,2147400,1143075,125.55,1476525,550275
24-03-2025 09:27,23500,318375,177975,127.75,2166375,1168350,124.85,1446375,560175
24-03-2025 09:28,23500,326025,182475,126.9,2167575,1195425,127.35,1491225,565500
24-03-2025 09:28,23495.05,314325,180300,125.9,2187825,1198125,129.25,1495275,570825
24-03-2025 09:28,23503.35,327750,180900,128.45,2199675,1199325,125.35,1490100,602250
24-03-2025 09:28,23512.15,332775,176325,131.95,2216775,1169775,122.35,1457250,627375
24-03-2025 09:28,23513,333000,179175,132.95,2252325,1129725,120.4,1425600,629400
24-03-2025 09:28,23509.5,324825,180225,131.05,2249700,1143675,121.7,1419300,630150
24-03-2025 09:29,23507.65,319650,181125,128.45,2221575,1193475,123.9,1443825,637200
24-03-2025 09:29,23505.75,327675,182775,128.55,2207475,1202925,124.85,1469400,631350
24-03-2025 09:29,23503.15,323850,181425,127.95,2213850,1218825,125.25,1492800,626100
24-03-2025 09:29,23500,323400,183600,126.35,2205000,1223925,127.1,1505475,632550
24-03-2025 09:29,23498,322875,183750,126.8,2209725,1239750,127.5,1525425,640425
24-03-2025 09:29,23500,328650,184575,126.65,2232150,1247550,127.85,1535700,649800
24-03-2025 09:30,23483.55,328950,187425,120.1,2211150,1273500,136.6,1565175,640425
24-03-2025 09:30,23475.55,308850,187125,119,1918350,1263975,138.8,1572600,451275
24-03-2025 09:30,23475,312675,191475,117.5,1867050,1272600,140.6,1528875,440625
24-03-2025 09:30,23467,320400,192675,114.05,1862025,1290225,145.3,1550025,418650
24-03-2025 09:30,23475,332100,184125,117.5,1908150,1267200,138.9,1563975,472500
24-03-2025 09:30,23472.65,339525,185250,116.9,1963125,1285800,142.35,1485375,488700
24-03-2025 09:31,23470.35,325575,187275,115.6,1953075,1313775,143.65,1501500,453525
24-03-2025 09:31,23479.6,336975,189075,117.9,1989600,1322175,139.85,1503000,488475
24-03-2025 09:31,23470.35,342150,192450,116.25,2019825,1334250,141.05,1459275,527175
24-03-2025 09:31,23471.65,331350,187950,114.05,2001600,1365825,145.75,1499250,504900
24-03-2025 09:31,23477.95,321600,191925,116.45,2038350,1372500,143.55,1514700,507300
24-03-2025 09:31,23470,329400,195975,115.9,2075625,1384800,145.8,1523700,543750
24-03-2025 09:32,23472,333300,199350,116.45,2099250,1395450,142.75,1535100,537675
24-03-2025 09:32,23480,337425,195375,118,2152725,1396575,140.7,1504050,561600
24-03-2025 09:32,23481.65,342525,196425,119.2,2179725,1348575,138.75,1460025,563175
24-03-2025 09:32,23480,335550,204750,119.7,2200125,1368225,138.75,1444200,565650
24-03-2025 09:32,23484.95,345525,200100,122.7,2217525,1377225,134.35,1441425,575775
24-03-2025 09:32,23494.95,346275,193725,125.3,2239425,1328550,131.25,1392000,576600
24-03-2025 09:33,23484.95,344550,205575,120.2,2253750,1315800,136.75,1380900,564600
24-03-2025 09:33,23486.7,344625,201975,120.75,2127000,1362375,137.15,1410750,555825
24-03-2025 09:33,23484.1,344925,206775,119.25,2142300,1397400,138,1418850,573075
24-03-2025 09:33,23477.05,341625,208725,119,2118525,1399725,140.4,1435050,581700
24-03-2025 09:33,23472.55,338250,211875,117.65,2130975,1420875,142.85,1463700,586200
24-03-2025 09:33,23470,335100,210975,115.85,2112450,1444575,146.4,1475775,570000
24-03-2025 09:34,23466,332850,212625,113.25,2103750,1445925,149.9,1495425,531975
24-03-2025 09:34,23463.1,342075,205875,115.4,2040450,1443675,149.05,1509750,431625
24-03-2025 09:34,23461.1,342750,211425,111.5,2045700,1464525,151.75,1511025,437700
24-03-2025 09:34,23463.45,331350,193350,113.3,1930800,1472250,149.45,1537725,472350
24-03-2025 09:34,23462.9,335025,209925,112.05,1969125,1453575,152.25,1474950,481425
24-03-2025 09:34,23457.5,337725,209325,110.8,2018775,1464600,154.8,1483350,505800
24-03-2025 09:35,23461,341400,210375,114.6,2031300,1468050,148.95,1494900,470025
24-03-2025 09:35,23463.75,344850,211425,116.1,2065725,1468800,148.15,1467075,508575
24-03-2025 09:35,23471.8,348975,214200,117.4,2094375,1455375,145.25,1443075,507300
24-03-2025 09:35,23467.1,342675,213000,115.25,2095350,1463850,150,1421025,505575
24-03-2025 09:35,23466.2,356850,212925,116.5,2092950,1482675,148,1432650,509700
24-03-2025 09:35,23472.15,353475,207750,119.2,2155575,1490550,143.65,1414425,538575
24-03-2025 09:36,23472.65,353175,212850,117.05,2166600,1511775,146.45,1418400,542175
24-03-2025 09:36,23466.7,355125,216750,116.5,2133150,1532400,148.95,1442550,532425
24-03-2025 09:36,23465.3,359700,212100,116,2132400,1550925,149.95,1455375,538875
24-03-2025 09:36,23465,355350,212400,117.45,2129700,1555875,149.8,1492425,534150
24-03-2025 09:36,23470,357150,212550,116.1,2134350,1547325,150,1468575,547725
24-03-2025 09:36,23474.95,361725,208050,117.8,2154075,1537575,145.55,1465200,568800
24-03-2025 09:37,23470.3,362025,207975,116.75,2160600,1517175,145.95,1422750,572550
24-03-2025 09:37,23468.4,361950,208950,117.35,2151150,1557525,146.05,1435800,574275
24-03-2025 09:37,23469.35,363150,213600,115.45,2166525,1577775,148.4,1450425,584400
24-03-2025 09:37,23468,360975,211950,114.2,2145900,1588800,149.7,1467975,572100
24-03-2025 09:37,23465.65,359475,213375,116,2125050,1605975,147.25,1469475,580650
24-03-2025 09:37,23476,360150,216150,117.8,2148300,1617450,145.15,1462350,586275
24-03-2025 09:38,23477,357825,214650,119.5,2160525,1607625,142.4,1452450,589575
24-03-2025 09:38,23468.95,358875,215475,117.3,2150475,1592100,145.55,1454550,597150
24-03-2025 09:38,23465.35,356925,213750,116.45,2164050,1602375,147.95,1478100,594750
24-03-2025 09:38,23465.1,358725,218100,115.15,2165325,1599975,150.25,1500000,594150
24-03-2025 09:38,23465.35,358425,216450,116.1,2168850,1603050,148.8,1498650,574275
24-03-2025 09:38,23468,359250,214425,116.7,2196900,1618950,146.85,1478025,599550
24-03-2025 09:39,23465,348300,216300,115.5,2191725,1622775,150.25,1500525,597375
24-03-2025 09:39,23457.55,351000,218100,113.35,2169150,1631025,154.8,1512450,576675
24-03-2025 09:39,23455,342750,221400,111.45,2106750,1640025,156.3,1535625,512850
24-03-2025 09:39,23450,335850,213900,109.45,2108775,1657725,158.65,1566600,511575
24-03-2025 09:39,23451.55,336375,202650,111,2022075,1646100,156.7,1557000,429000
24-03-2025 09:39,23450,340275,228000,108.5,2033925,1656000,161.3,1545675,460350
24-03-2025 09:40,23452.25,345825,218175,109.15,2001750,1667400,159.95,1555050,452325
24-03-2025 09:40,23445.6,344400,219900,106.95,2010225,1687350,162.25,1551675,452325
24-03-2025 09:40,23444.15,346875,220875,107.1,1998075,1694325,161,1564725,452475
24-03-2025 09:40,23452.85,362700,216600,110.8,2052450,1685250,155.55,1544250,485625
24-03-2025 09:40,23456,360075,222300,111.4,2080725,1672875,153.95,1467450,495750
24-03-2025 09:40,23458.4,366150,222075,109.95,2099700,1672950,156.55,1455450,496200
24-03-2025 09:41,23464,361875,222075,114.15,2088000,1669725,151.4,1461450,500400
24-03-2025 09:41,23468.8,367125,219750,114.65,2129325,1654950,149.5,1428900,504525
24-03-2025 09:41,23463.35,363450,220725,113.3,2137650,1660650,152.6,1419600,503700
24-03-2025 09:41,23469,364575,207300,117.7,2148225,1682700,147.5,1425150,518475
24-03-2025 09:41,23480,365475,214125,120.3,2232000,1606725,143.4,1373475,524550
24-03-2025 09:41,23481.3,361500,210225,123.4,2212050,1529025,138.85,1365375,517950
24-03-2025 09:42,23486,361350,217050,124.4,2235525,1477725,139.8,1322100,523050
24-03-2025 09:42,23486,367875,217050,124,2227500,1435350,136.5,1319025,521325
24-03-2025 09:42,23486.5,370425,217050,124.9,2251725,1458600,136.35,1312725,516000
24-03-2025 09:42,23493,361800,218175,126,2257800,1425675,133.45,1324950,517800
24-03-2025 09:42,23503.4,369525,211275,130.4,2294250,1359600,127.9,1310100,507900
24-03-2025 09:42,23498.75,353625,210675,129.45,2286975,1224525,131.85,1283025,496800
24-03-2025 09:43,23495,358275,204675,128.05,2237850,1256550,132,1299600,486975
24-03-2025 09:43,23495.35,350700,217725,128.85,2255325,1296600,132.35,1310850,497625
24-03-2025 09:43,23495.35,358500,232500,125.9,2270475,1301775,135.85,1327800,503325
24-03-2025 09:43,23492.7,356250,230175,128.65,2213025,1348800,133.3,1345575,497475
24-03-2025 09:43,23491.55,361800,228675,128.25,2238225,1373925,133.6,1356300,534225
24-03-2025 09:43,23489,353175,230250,126,2254950,1420200,135.9,1376700,540825
24-03-2025 09:44,23495,356400,225600,128.3,2291175,1432575,134.85,1380000,552825
24-03-2025 09:44,23491.7,354600,227850,128.05,2303100,1461525,135.4,1385625,563550
24-03-2025 09:44,23489.05,355425,234075,125.45,2287575,1479225,137.75,1405875,553950
24-03-2025 09:44,23482.9,355500,234750,124,2270775,1505100,139.65,1411650,543525
24-03-2025 09:44,23485,345300,235275,123.2,2185650,1526175,140.1,1425900,530100
24-03-2025 09:44,23488.5,252600,234300,124.85,2192250,1525800,137.6,1423275,559800
24-03-2025 09:45,23489.9,256875,225675,126.55,2220075,1539600,137.45,1396650,570975
24-03-2025 09:45,23494.95,260850,234975,127.5,2258925,1531725,136.5,1390200,578325
24-03-2025 09:45,23494.2,259500,226050,128.6,2274825,1537125,136.7,1396125,573225
24-03-2025 09:45,23499.85,257550,233175,130,2290725,1551750,135.4,1405500,582075
24-03-2025 09:45,23499.05,257775,231900,128.9,2314650,1469100,135.35,1407225,593925
24-03-2025 09:45,23495,247650,231300,128.2,2305575,1504725,136.25,1422225,585675
24-03-2025 09:46,23482,254325,236400,125.1,2293575,1563450,141.15,1452000,586875
24-03-2025 09:46,23483.6,254775,229275,125.5,2194650,1559775,141.05,1469025,535950
24-03-2025 09:46,23485,255525,228300,126.85,2208225,1584450,139.75,1447200,551400
24-03-2025 09:46,23494.9,259275,226650,129.05,2233350,1591125,135.55,1442250,575850
24-03-2025 09:46,23495.2,263250,228075,130.65,2264550,1524900,133.45,1417725,584550
24-03-2025 09:46,23498.85,261525,232650,130.8,2274300,1522125,134.25,1419150,585375
24-03-2025 09:47,23498.2,258750,235650,128.75,2275050,1558425,136.6,1426650,592650
24-03-2025 09:47,23490,266325,238350,128.2,2272725,1585050,137.2,1447050,592275
24-03-2025 09:47,23490.05,260925,235650,127.15,2257275,1622550,138.6,1460850,590250
24-03-2025 09:47,23489,263550,243600,127.6,2274075,1649850,138.8,1471350,596475
24-03-2025 09:47,23492.45,269325,236625,129.65,2301300,1637700,136.4,1467450,598500
24-03-2025 09:47,23495,269100,233700,130.5,2315550,1599750,135,1476000,606825
24-03-2025 09:48,23493,267000,243375,130,2328675,1577850,134.8,1465875,608400
24-03-2025 09:48,23495.75,266400,236400,131.95,2337075,1594575,131.15,1464975,607200
24-03-2025 09:48,23508,266100,225975,134.9,2390100,1528800,126.9,1438500,622275
24-03-2025 09:48,23505.2,273675,224700,134.95,2393775,1249200,127.5,1391775,616050
24-03-2025 09:48,23511.55,268125,230700,135.3,2379975,1272150,127.05,1394100,624150
24-03-2025 09:48,23515,273600,235500,137,2372175,1311375,124.35,1404075,628050
24-03-2025 09:49,23511,266625,231450,134.5,2398200,1307250,126.45,1367250,623850
24-03-2025 09:49,23508.05,268950,227625,134.5,2351400,1345275,126.5,1390725,625800
24-03-2025 09:49,23515,275250,233475,138.15,2372100,1362675,122.3,1391175,643950
24-03-2025 09:49,23517.95,276300,224400,137.9,2381175,1280250,122.3,1388925,650775
24-03-2025 09:49,23514,265125,231075,134.7,2385000,1287750,125,1419300,652725
24-03-2025 09:49,23512.05,268425,227100,134.75,2339775,1312500,125.2,1427625,648300
24-03-2025 09:50,23510.65,268500,231450,134.9,2336250,1329675,124.65,1443375,676950
24-03-2025 09:50,23511,265650,230925,134.85,2344575,1354725,124.65,1466175,667725
24-03-2025 09:50,23511.25,270975,232875,135.75,2364600,1360125,123.65,1457700,688800
24-03-2025 09:50,23531,276825,222450,146.25,2418525,1370250,115.2,1401900,697275
24-03-2025 09:50,23538,278025,182100,149.35,2461275,864675,115.4,1221000,694575
24-03-2025 09:50,23530.1,271200,195075,146.15,2441325,724125,116.5,1282350,687450
24-03-2025 09:51,23539.5,270150,202800,150.55,2363475,729600,114.75,1281300,700950
24-03-2025 09:51,23533.85,273150,182475,148.4,2362425,750675,114.35,1272000,710475
24-03-2025 09:51,23530.85,269100,183150,145.2,2296125,791100,116.35,1320075,710625
24-03-2025 09:51,23528,267750,182475,140.9,2252475,828150,119.95,1363275,702150
24-03-2025 09:51,23522.35,264000,180300,140.65,2238525,875475,120.25,1385250,693450
24-03-2025 09:51,23525.2,274200,185250,143,2221125,891600,118.9,1387125,718200
24-03-2025 09:52,23522.2,265950,187275,139,2229525,924900,122,1399500,723525
24-03-2025 09:52,23516.45,270300,188850,139.05,2196750,943875,122.3,1425300,709950
24-03-2025 09:52,23520,269925,191550,140.55,2208225,942600,122.55,1425300,755025
24-03-2025 09:52,23516.8,271200,192150,140.8,2224425,945000,122.1,1423650,760800
24-03-2025 09:52,23515.3,272925,192825,140.2,2235000,962625,122.9,1419300,759750
24-03-2025 09:52,23525,276150,182700,144.5,2254575,960750,119.8,1412400,739575
24-03-2025 09:53,23520.65,271725,183750,141.65,2268375,964950,122.9,1410675,745950
24-03-2025 09:53,23520,269775,193425,141.9,2269950,985725,123.25,1420950,737175
24-03-2025 09:53,23522,276225,194625,143.2,2280825,993450,121.55,1426425,743325
24-03-2025 09:53,23525,264225,199950,142.15,2297775,1002225,122.6,1415775,767475
24-03-2025 09:53,23515,271725,204300,140.05,2281800,1042425,123.85,1435800,754725
24-03-2025 09:53,23520.2,271125,203550,140.85,2234775,1054650,123.4,1440150,754950
24-03-2025 09:54,23520.15,273600,203775,142.9,2236200,1071450,122.25,1445400,767100
24-03-2025 09:54,23526,278775,204075,144,2268225,1070775,120.95,1423800,782325
24-03-2025 09:54,23529.5,279450,206175,144.75,2294775,1054875,120.2,1413900,792600
24-03-2025 09:54,23521,275400,205575,143.05,2296200,1066200,122.4,1416000,806100
24-03-2025 09:54,23520,272100,207300,141.2,2288550,1095225,123,1449000,791625
24-03-2025 09:54,23517,273900,209175,142,2274825,1104225,122.2,1458000,789975
24-03-2025 09:55,23521.55,283425,204450,143.6,2287650,1110000,121.15,1450650,807150
24-03-2025 09:55,23521.5,278475,203400,144.15,2303625,1127925,120.55,1433250,809100
24-03-2025 09:55,23523.35,279375,203100,144.85,2314950,1130775,118.65,1431450,816525
24-03-2025 09:55,23525.25,280425,203700,145.4,2321625,1097925,118.15,1410675,823350
24-03-2025 09:55,23529,282375,200175,145.7,2343000,1106475,117.3,1413225,841350
24-03-2025 09:55,23530.55,286575,200925,147.95,2356050,1103850,115.25,1418250,843675
24-03-2025 09:56,23530.55,278925,202275,147.5,2352450,1091550,115.35,1395450,837000
24-03-2025 09:56,23530.1,278325,200775,149.65,2392200,1091700,113.9,1407675,845400
24-03-2025 09:56,23540,282825,197400,152.8,2405775,1061850,111.85,1408875,848175
24-03-2025 09:56,23546,282000,189075,154.65,2410800,865425,110.05,1340325,851625
24-03-2025 09:56,23544.75,280650,194250,152.4,2382975,819300,110.9,1282050,850575
24-03-2025 09:56,23544.75,280275,190350,154.45,2363775,830925,109.55,1288725,867450
24-03-2025 09:57,23545,281250,190800,155.25,2395500,839700,108.65,1286550,864825
24-03-2025 09:57,23543.25,277725,196650,152.85,2391975,856800,109.35,1282275,858900
24-03-2025 09:57,23546,281550,191250,153.9,2362575,885300,108,1293000,869175
24-03-2025 09:57,23547.9,289350,192900,155.45,2378400,905850,106.45,1298475,880500
24-03-2025 09:57,23547.9,276525,192750,153.3,2377200,899475,107.95,1326225,883725
24-03-2025 09:57,23549.95,281475,192525,157.6,2372025,910800,105.95,1335225,905625
24-03-2025 09:58,23555.65,282525,189000,157.8,2392050,869025,105,1309275,894750
24-03-2025 09:58,23557,290475,189150,162.3,2411625,833550,103.7,1278975,915900
24-03-2025 09:58,23562.85,287325,177225,164.75,2422200,689100,102.15,1300350,919950
24-03-2025 09:58,23562,299325,175050,164.15,2435925,624600,102.3,1298550,931275
24-03-2025 09:58,23561.1,282750,180075,162.75,2380425,673500,102.95,1336200,896175
24-03-2025 09:58,23560,294000,183300,164.1,2366400,688125,102.65,1352175,907425
24-03-2025 09:59,23564,296850,182475,164.25,2404875,686475,102.8,1361100,923850
24-03-2025 09:59,23563,294900,178350,164.25,2413650,716925,102.5,1367175,928500
24-03-2025 09:59,23563.6,299025,179850,163.3,2421750,715950,103.3,1385400,931725
24-03-2025 09:59,23564,298875,177975,164.9,2400300,704100,102.15,1398225,937650
24-03-2025 09:59,23565.05,298875,177825,166.45,2417025,694725,100.8,1392750,950700
24-03-2025 09:59,23565.4,297225,184800,164.05,2392350,703425,102,1286625,949125
24-03-2025 10:00,23565.7,317700,180000,164.35,2389125,710925,101.6,1296375,967800
24-03-2025 10:00,23560,306900,190200,163.6,2386575,753150,101.9,1329525,952050
24-03-2025 10:00,23560,297375,196050,164.1,2360325,751125,101.8,1328100,953475
24-03-2025 10:00,23560,296400,202650,164.15,2348850,771450,102.05,1360125,955950
24-03-2025 10:00,23557.4,294525,205650,161.1,2341650,804825,103.75,1376625,988050
24-03-2025 10:00,23555.65,291825,203625,162,2309850,818325,103.1,1383975,991800
24-03-2025 10:01,23565.75,302775,194625,167.65,2343900,817575,100.05,1354050,1011075
24-03-2025 10:01,23562.95,301800,200550,164.9,2335500,789225,102.4,1325025,1019775
24-03-2025 10:01,23558.25,305550,202575,164.25,2350350,818100,102.8,1349400,1032675
24-03-2025 10:01,23562.7,307350,200400,167.1,2381100,813450,100.65,1347000,1065450
24-03-2025 10:01,23570,309975,201000,170.1,2379375,804750,99.25,1354800,1076325
24-03-2025 10:01,23569.7,304725,197325,167.9,2397300,662400,101.4,1288575,1083225
24-03-2025 10:02,23566.1,303150,207150,166.75,2390175,695550,101.55,1326600,1077675
24-03-2025 10:02,23568,306075,197250,168.9,2383800,747900,100,1335075,1071525
24-03-2025 10:02,23568.8,311925,205800,168,2397075,719400,101.1,1347675,1094325
24-03-2025 10:02,23565,306675,189150,167.95,2376300,771750,100.5,1358550,1092525
24-03-2025 10:02,23565.9,311400,195825,169.45,2368875,780075,99.9,1348425,1080750
24-03-2025 10:02,23572.45,312975,192150,172.3,2389575,786600,98.15,1363200,1103700
24-03-2025 10:03,23577.8,312225,185625,175.6,2422650,731475,96.85,1301700,1107600
24-03-2025 10:03,23580,315975,179400,178.9,2441850,566775,95.75,1293375,1123425
24-03-2025 10:03,23578,315225,179475,176,2428125,559650,96.95,1313625,1115700
24-03-2025 10:03,23577.3,310500,183825,176.65,2390775,585525,96.95,1342200,1107600
24-03-2025 10:03,23578,307500,184575,176.2,2373225,605325,97.45,1372875,1120350
24-03-2025 10:03,23576.2,312825,189600,174.65,2366550,641775,98.1,1414500,1122525
24-03-2025 10:04,23574.55,317925,186150,175.85,2326875,645750,97.75,1395075,1125825
24-03-2025 10:04,23574,314100,188025,174.25,2312400,662925,98.4,1418025,1113825
24-03-2025 10:04,23572.1,317550,194325,173.8,2302350,671325,98.85,1422225,1128600
24-03-2025 10:04,23575.05,317925,188325,174.85,2302875,676650,98.5,1424100,1132500
24-03-2025 10:04,23572.7,311400,190875,172.5,2301375,699300,99.6,1428900,1121925
24-03-2025 10:04,23570.15,319875,189225,171.5,2288775,705300,99.8,1437525,1126125
24-03-2025 10:05,23572.75,317850,190125,174.45,2262825,710025,99.55,1433550,1126275
24-03-2025 10:05,23573.85,312900,193125,170.25,2260950,736275,100.65,1439850,1120725
24-03-2025 10:05,23570,306825,194700,169.55,2242425,742050,101,1449300,1148400
24-03-2025 10:05,23565.45,316050,194175,169.4,2239425,738975,102,1463775,1164525
24-03-2025 10:05,23566.1,311100,195525,170,2241975,735375,101.05,1463850,1152300
24-03-2025 10:05,23569.95,318975,192300,173,2261775,737850,99.55,1421325,1197975
24-03-2025 10:06,23569.95,314325,196800,168.9,2261175,744450,102.8,1430625,1198575
24-03-2025 10:06,23567.65,312900,195000,171.7,2232750,750150,100.65,1435350,1186275
24-03-2025 10:06,23569.65,317475,198600,171.45,2229825,760725,101.15,1423950,1192950
24-03-2025 10:06,23572.1,317775,197175,170.85,2240700,767775,101.25,1433550,1222050
24-03-2025 10:06,23567,309000,197475,170,2241300,782550,102.5,1453725,1210425
24-03-2025 10:06,23565.5,313950,200250,170,2247225,797175,102.65,1444725,1179225
24-03-2025 10:07,23565.65,319350,198600,171.4,2259150,789825,101.75,1464000,1195575
24-03-2025 10:07,23567.2,319500,201225,172.9,2271900,799575,101.25,1480875,1211550
24-03-2025 10:07,23566,322350,200100,170.5,2271375,776550,102.75,1488075,1213200
24-03-2025 10:07,23564.9,319500,200400,170.15,2259000,779100,102.85,1485825,1196625
24-03-2025 10:07,23567.95,317175,197925,170,2269125,789750,103.2,1484325,1205850
24-03-2025 10:07,23565.9,319800,204975,167.85,2257950,793725,104.25,1517175,1209525
24-03-2025 10:08,23560.95,317175,209775,168,2227800,804225,103.8,1525125,1177425
24-03-2025 10:08,23562.5,322500,204675,168.5,2225250,813675,103.9,1521300,1195275
24-03-2025 10:08,23564.75,321825,201975,170.4,2220300,816675,102.45,1495875,1179150
24-03-2025 10:08,23564.75,319725,203025,169.4,2239875,808050,103.55,1501875,1142025
24-03-2025 10:08,23564.35,319575,199350,170.45,2229825,818625,102.6,1498050,1144125
24-03-2025 10:08,23567.4,320850,199425,173.9,2251425,812475,101.1,1483575,1161825
24-03-2025 10:09,23570,328050,197550,173.95,2263275,773850,100.9,1470600,1156725
24-03-2025 10:09,23569.85,313800,198225,171,2258550,785550,102.9,1485450,1147875
24-03-2025 10:09,23565,318900,199350,168,2254050,790575,104.7,1496625,1141275
24-03-2025 10:09,23560,317925,201150,167.35,2226825,805350,104.25,1508925,1122375
24-03-2025 10:09,23560,322950,197175,168.4,2193750,809700,104.05,1485675,1137450
24-03-2025 10:09,23561.15,322800,197100,168.05,2189325,817350,103.95,1501125,1158375
24-03-2025 10:10,23563,328425,197475,166.45,2196525,825675,105,1506600,1161600
24-03-2025 10:10,23562,318975,200625,167.9,2169675,835950,104.05,1513275,1171050
24-03-2025 10:10,23561.5,326025,196875,169.2,2180925,840225,103.1,1500075,1177275
24-03-2025 10:10,23563.85,323325,200025,168.5,2184900,842775,103.95,1504425,1187925
24-03-2025 10:10,23559.6,323325,200700,168,2185050,845925,104.3,1526100,1191975
24-03-2025 10:10,23566.9,325725,197925,171.6,2183400,843450,101.9,1514400,1242525
24-03-2025 10:11,23567.95,327000,197700,170.9,2185875,842100,102.3,1503750,1239675
24-03-2025 10:11,23569.05,326550,196050,173,2190750,846075,100.7,1500825,1239450
24-03-2025 10:11,23562,318675,199350,168.7,2200800,838200,104,1504200,1240950
24-03-2025 10:11,23565.1,325275,195225,170.3,2175675,846900,102.9,1507875,1236000
24-03-2025 10:11,23565.7,321525,202350,166.55,2177175,864150,105.15,1519200,1242150
24-03-2025 10:11,23558,318525,202500,167,2177850,873900,105.25,1525800,1207125
24-03-2025 10:12,23561,319800,201150,166.7,2172225,878550,104.75,1539375,1200600
24-03-2025 10:12,23558.8,321900,200475,166,2165250,877800,104.95,1540575,1213500
24-03-2025 10:12,23557,321150,199275,164.85,2166300,882000,104.85,1556850,1214025
24-03-2025 10:12,23556,308475,199800,163.6,2140425,886050,105.85,1568700,1211100
24-03-2025 10:12,23557.15,315375,198675,166.15,2144175,890475,105.1,1574025,1207950
24-03-2025 10:12,23560.05,319425,201450,167.95,2150700,890175,105,1557450,1209825
24-03-2025 10:13,23560.25,316575,210300,166.4,2175825,874050,105.05,1545900,1210275
24-03-2025 10:13,23562,321750,207375,166.6,2180250,869025,104.9,1563750,1214025
24-03-2025 10:13,23563,316650,204900,168.55,2198025,867450,105.1,1548675,1243800
24-03-2025 10:13,23565.1,319350,209025,172.4,2212725,878550,102.2,1548300,1269300
24-03-2025 10:13,23563.1,312300,207000,167.1,2206350,843000,104.85,1501875,1262550
24-03-2025 10:13,23562,319275,212250,168,2195850,858750,105,1531725,1262700
24-03-2025 10:14,23562,321675,213450,168.35,2205675,875325,104.4,1529025,1272375
24-03-2025 10:14,23562,321375,213675,168.85,2219850,880875,104.3,1532550,1283175
24-03-2025 10:14,23562,317625,212475,167.75,2216775,894225,104.95,1550700,1283175
24-03-2025 10:14,23560.75,322200,211200,168.15,2211675,899175,104.5,1564275,1285875
24-03-2025 10:14,23562.75,324825,207300,169.4,2222925,895950,104.05,1538175,1295325
24-03-2025 10:14,23564.4,322425,210375,170.3,2229975,888900,103,1544400,1305825
24-03-2025 10:15,23564.4,321075,209625,170.55,2232150,900600,103.15,1538925,1309125
24-03-2025 10:15,23568,326475,206400,172.5,2240625,892650,102.1,1536525,1317600
24-03-2025 10:15,23563.9,322500,211725,168.7,2236800,858375,104.75,1552950,1319550
24-03-2025 10:15,23561.95,317025,209925,167.1,2197875,865950,105.95,1557525,1255875
24-03-2025 10:15,23561.4,318375,212250,168.2,2210100,866550,105.4,1564350,1243350
24-03-2025 10:15,23562,324450,210600,170.05,2229675,865350,104.75,1550700,1263750
24-03-2025 10:16,23565,324075,214500,170.75,2237175,863850,104.4,1546050,1280925
24-03-2025 10:16,23564.55,329325,212250,171.7,2237100,863250,103,1557750,1288875
24-03-2025 10:16,23566.45,328350,205275,170.5,2253900,861075,103.5,1543875,1308525
24-03-2025 10:16,23565,326175,217050,169.9,2235600,879075,104.7,1569000,1308150
24-03-2025 10:16,23558.8,321525,211125,169,2222625,885150,104.9,1573200,1290000
24-03-2025 10:16,23560.4,322950,214350,169.3,2220750,892575,105,1567125,1278075
24-03-2025 10:17,23562.3,323250,209700,169.85,2225100,893925,104.6,1557675,1280100
24-03-2025 10:17,23563.25,323850,212625,169.9,2233725,895425,104.45,1572900,1295100
24-03-2025 10:17,23562,326550,211725,170.35,2231400,895200,104.75,1568175,1294500
24-03-2025 10:17,23565,321975,208425,169.1,2233500,895425,104.85,1577175,1284075
24-03-2025 10:17,23564.95,318225,211125,169,2239050,903075,104.7,1567275,1296450
24-03-2025 10:17,23569.85,325275,207825,172.1,2249100,902775,102.5,1568550,1299675
24-03-2025 10:18,23573.25,322800,204375,176.15,2261400,872850,99.75,1535475,1326900
24-03-2025 10:18,23573.9,322425,209250,175.4,2258325,757125,99.35,1378950,1325025
24-03-2025 10:18,23563.8,307950,215025,170.25,2241225,778650,103.45,1432350,1320900
24-03-2025 10:18,23569,324750,211050,172.6,2235075,786975,102,1428300,1345050
24-03-2025 10:18,23569.95,322575,209700,174.1,2267100,803100,101.05,1434975,1357950
24-03-2025 10:18,23570,323850,213825,172.55,2271450,819000,102.05,1454550,1367475
24-03-2025 10:19,23574.9,326400,204825,175.6,2283525,816225,99.5,1448925,1383975
24-03-2025 10:19,23579.95,327000,205650,177,2289600,789450,98.9,1426500,1388175
24-03-2025 10:19,23575.95,326625,205650,178.55,2294100,668175,99.15,1385550,1390350
24-03-2025 10:19,23574.35,327825,205125,177.55,2291775,684675,100,1436325,1388775
24-03-2025 10:19,23575.2,327225,207825,178.5,2283675,711975,99.7,1432800,1441650
24-03-2025 10:19,23578.55,326475,203250,181.05,2283750,722325,98.3,1432125,1460250
24-03-2025 10:20,23580,331725,204450,181.6,2301525,672825,99.25,1416825,1468050
24-03-2025 10:20,23579.25,327450,205350,180.45,2274225,675600,98,1427625,1499400
24-03-2025 10:20,23575.25,328875,207825,178.05,2246250,688575,98.95,1436550,1503000
24-03-2025 10:20,23572.85,330150,209700,177.65,2216100,698175,100,1473225,1481850
24-03-2025 10:20,23570.2,326325,211275,174.65,2205675,703875,101.6,1502475,1437600
24-03-2025 10:20,23567.5,322200,212625,174.25,2173425,715875,102.45,1505250,1453275
24-03-2025 10:21,23569.05,324525,203925,175.5,2166525,719475,102.65,1521375,1428000
24-03-2025 10:21,23572.3,331650,207450,177.7,2185725,722550,101.9,1510425,1435950
24-03-2025 10:21,23573.6,332700,209250,178,2194950,731625,101.9,1507800,1450800
24-03-2025 10:21,23576.65,327075,210675,176.7,2182950,741450,102.45,1511700,1493625
24-03-2025 10:21,23572.7,324900,213300,176.8,2185575,747675,102.1,1528725,1500225
24-03-2025 10:21,23574,328200,210525,177.6,2191875,754125,101.35,1500525,1497150
24-03-2025 10:22,23570.05,319575,212550,175.2,2185500,764700,102.8,1524150,1481700
24-03-2025 10:22,23571.7,332100,207300,176.3,2175750,771825,102.05,1518375,1483200
24-03-2025 10:22,23572.7,329400,207525,177.15,2182875,766575,101.7,1514400,1493700
24-03-2025 10:22,23571.65,327900,209325,176.8,2187750,775875,101.8,1524450,1510350
24-03-2025 10:22,23571.65,326325,209700,176.25,2189325,781050,102.3,1525275,1502775
24-03-2025 10:22,23566.9,324375,210975,173,2186475,822300,104,1548000,1497825
24-03-2025 10:23,23565,321000,213000,170.5,2142675,825450,105.6,1548375,1428675
24-03-2025 10:23,23563.05,326475,215100,170.3,2119425,796275,105.5,1537650,1395600
24-03-2025 10:23,23563.8,328050,213900,171.95,2126700,800850,104.7,1531200,1404600
24-03-2025 10:23,23562.1,330450,215850,170.35,2133450,805500,105.75,1548600,1429500
24-03-2025 10:23,23565,328875,212700,173.6,2133375,812550,103.8,1544850,1417275
24-03-2025 10:23,23564.65,333150,210525,172.55,2142375,801750,104.5,1524975,1427775
24-03-2025 10:24,23564.55,332625,214650,170.75,2147325,811650,105.5,1543275,1432425
24-03-2025 10:24,23562.35,333675,220650,171,2095950,820200,105.4,1562400,1371900
24-03-2025 10:24,23562.3,325950,196125,169.7,2103375,815325,106.2,1556400,1371750
24-03-2025 10:24,23562.35,329100,216750,169.6,2112675,816900,106.4,1551600,1392675
24-03-2025 10:24,23564,331950,213900,171.9,2114925,818700,104.85,1557375,1411125
24-03-2025 10:24,23563,319050,214500,171.3,2119875,831600,105.3,1551300,1416975
24-03-2025 10:25,23564,321375,208275,170.1,2117625,839550,106.4,1562025,1415625
24-03-2025 10:25,23564,331875,211650,172,2127375,838200,105.25,1567425,1432200
24-03-2025 10:25,23565.35,331950,210750,173.7,2129850,835950,104.1,1557975,1441275
24-03-2025 10:25,23564,330075,212400,172.45,2134575,838350,105.6,1540050,1447800
24-03-2025 10:25,23567.95,334125,205425,173.85,2141100,846000,104.5,1547325,1457925
24-03-2025 10:25,23570,340575,208950,174.5,2146500,844200,104.2,1532775,1462650
24-03-2025 10:26,23571.6,335700,209400,174.25,2154000,815550,104.35,1532475,1467975
24-03-2025 10:26,23569.95,332475,213375,175.2,2154900,827625,103.9,1544175,1463700
24-03-2025 10:26,23565.3,324900,211200,173.3,2156325,838950,105.05,1536300,1460775
24-03-2025 10:26,23569.95,336150,208800,174.4,2153625,845850,103.7,1533300,1471125
24-03-2025 10:26,23573.95,334500,207750,176.6,2166675,842775,102.6,1527525,1477275
24-03-2025 10:26,23574.7,337125,208125,177.6,2167950,807750,102,1500150,1494825
24-03-2025 10:27,23575,332775,207900,177.15,2156325,794250,102.05,1519125,1499175
24-03-2025 10:27,23578.95,336900,203325,179.3,2141475,796875,100.95,1522425,1493700
24-03-2025 10:27,23580.8,334800,199875,181.75,2147400,775500,99.7,1505475,1505250
24-03-2025 10:27,23583,339375,209775,181.3,2148150,671925,100.2,1472775,1491975
24-03-2025 10:27,23582,332250,216075,181.65,2139075,690825,101.15,1483275,1488000
24-03-2025 10:27,23580,326475,217950,180.45,2138775,700875,101.55,1496250,1499400
24-03-2025 10:28,23575.95,326550,219225,177,2122350,724950,103.35,1513575,1510275
24-03-2025 10:28,23575,327900,218325,179,2100675,728025,102.15,1518600,1488450
24-03-2025 10:28,23579.65,329775,215325,178.8,2110875,732225,102.35,1507575,1514475
24-03-2025 10:28,23579.95,330750,215625,178.65,2120475,758775,102.5,1511025,1527225
24-03-2025 10:28,23582.95,332700,215550,183.7,2148525,755475,99.65,1513050,1535325
24-03-2025 10:28,23581.1,331725,213075,183.6,2162175,694350,100.35,1467300,1541550
24-03-2025 10:29,23582,332400,214275,180.9,2161275,704850,101.15,1485225,1534725
24-03-2025 10:29,23582.75,330600,214650,181.5,2147025,712275,101.45,1501875,1525800
24-03-2025 10:29,23575.45,328125,215775,180.55,2141850,727050,101.4,1505250,1537500
24-03-2025 10:29,23579.9,332700,214350,182,2132325,733425,100.8,1509450,1542150
24-03-2025 10:29,23579.1,330150,218400,180.75,2145675,726525,101.15,1495800,1541475
24-03-2025 10:29,23576,327450,219750,178,2139075,737625,102.8,1521000,1532700
24-03-2025 10:30,23579.7,336450,220350,180.4,2108700,740025,101.8,1511175,1520100
24-03-2025 10:30,23578,334425,224400,180.4,2130000,742050,101.7,1502325,1524450
24-03-2025 10:30,23578,339900,224400,180.65,2135550,748650,101.45,1528125,1525275
24-03-2025 10:30,23577.65,338775,222975,181.8,2144325,743925,100.75,1541550,1542000
24-03-2025 10:30,23578,338325,219825,181.75,2136450,762300,100.65,1545000,1537425
24-03-2025 10:30,23578,340875,220200,181.5,2132700,769200,100.95,1538925,1535775
24-03-2025 10:31,23580.3,341700,219375,182.35,2131200,767325,100.45,1535025,1544925
24-03-2025 10:31,23584.3,338925,219225,182.6,2136375,757575,101,1536075,1546875
24-03-2025 10:31,23585,335325,219375,183.1,2135850,742425,101.4,1520325,1536975
24-03-2025 10:31,23581.5,328500,221550,182.9,2134350,741825,101.8,1529100,1537425
24-03-2025 10:31,23583.2,331875,219225,182.4,2124900,761625,101.8,1531200,1534650
24-03-2025 10:31,23580,323625,222075,180.7,2124450,773550,102.45,1561650,1536675
24-03-2025 10:32,23580,328050,214650,182.3,2099025,768225,101.65,1558500,1540950
24-03-2025 10:32,23578.75,320700,221625,178.8,2097300,784125,103.9,1558950,1539000
24-03-2025 10:32,23581.5,330000,224475,180.4,2075775,791475,102.9,1568100,1509825
24-03-2025 10:32,23581,328425,224700,180,2091900,788475,104,1565475,1515450
24-03-2025 10:32,23578.15,327375,222150,181,2104425,789600,103,1566450,1513575
24-03-2025 10:32,23580,332625,221250,181.15,2120850,796575,103,1558200,1526250
24-03-2025 10:33,23580,332250,223875,180.4,2122125,774825,103.6,1547025,1522875
24-03-2025 10:33,23580,333075,217800,181.9,2130075,776100,102.5,1547850,1531500
24-03-2025 10:33,23586,337125,221250,187.85,2135100,765150,100.5,1536525,1549425
24-03-2025 10:33,23587,335250,213375,187.1,2142150,617700,100.5,1476825,1547850
24-03-2025 10:33,23587.95,332700,222000,186.5,2137050,629475,101.15,1492800,1542300
24-03-2025 10:33,23583.1,327000,223500,184.2,2134200,649950,102.95,1506900,1536225
24-03-2025 10:34,23582.2,327600,220650,182.4,2136750,661650,104.05,1479750,1547775
24-03-2025 10:34,23582.75,330000,224325,183.9,2136225,663825,103.35,1474425,1544700
24-03-2025 10:34,23581,331650,219375,183.35,2138625,666975,103.75,1485525,1536750
24-03-2025 10:34,23580,329550,231375,184,2133225,676950,104.15,1491150,1519725
24-03-2025 10:34,23578,326100,234300,182.8,2132400,679125,104.8,1488825,1515825
24-03-2025 10:34,23574.95,324450,233700,178.4,2120250,690825,107.05,1505400,1462800
24-03-2025 10:35,23570,330825,234375,179.4,2069550,692025,106.65,1560525,1419900
24-03-2025 10:35,23573.15,335325,224625,182,2067600,687675,105.85,1556625,1440675
24-03-2025 10:35,23576.1,330900,221625,181.8,2083350,694950,105.3,1555875,1454175
24-03-2025 10:35,23579,327825,229200,181,2083125,704025,106,1564875,1464000
24-03-2025 10:35,23576.1,329325,226125,182.4,2079525,715725,106,1576275,1449075
24-03-2025 10:35,23579,328500,224025,183.5,2092800,720600,105.25,1584975,1452375
24-03-2025 10:36,23580.95,325425,221925,186.5,2097675,709350,104.45,1581375,1470075
24-03-2025 10:36,23585.55,337125,218625,191.1,2111775,662325,103.6,1566375,1481175
24-03-2025 10:36,23591.9,320025,216825,192.7,2114250,559050,102.7,1556925,1486500
24-03-2025 10:36,23593,330000,213600,192.6,2119725,562350,102.25,1575975,1476975
24-03-2025 10:36,23593.1,327000,214275,191.5,2124000,576375,102.75,1593600,1479225
24-03-2025 10:36,23589,325875,216000,188.95,2121900,590700,103.7,1613400,1468800
24-03-2025 10:37,23589.4,327150,214125,194.1,2102475,591150,102.55,1620375,1469850
24-03-2025 10:37,23588,329250,219750,190.25,2104050,573900,104.9,1596825,1465875
24-03-2025 10:37,23584.1,327525,220125,190.8,2089650,561000,103.95,1592325,1460175
24-03-2025 10:37,23583.35,327975,216900,190.3,2075100,574275,104,1599450,1479075
24-03-2025 10:37,23586.2,329250,218925,189.2,2068275,589500,104.4,1603500,1474500
24-03-2025 10:37,23588.75,333375,212250,194.2,2062125,587775,102.4,1605975,1452075
24-03-2025 10:38,23591.6,334050,210900,194.75,2071800,572850,101.35,1573725,1467150
24-03-2025 10:38,23591.6,331875,213450,192.6,2086200,553200,102.25,1586850,1469250
24-03-2025 10:38,23592.1,334275,212175,194.4,2076525,565575,101.6,1590975,1450500
24-03-2025 10:38,23594,330675,213375,193.55,2083575,588375,101.45,1578375,1435575
24-03-2025 10:38,23592.65,331875,212925,193.35,2076300,591975,101.7,1573650,1425375
24-03-2025 10:38,23593,331275,216750,193.15,2072925,596700,101.65,1584600,1416825
24-03-2025 10:39,23590.55,329925,220050,190.5,2068575,614700,103.15,1602675,1404750
24-03-2025 10:39,23590,333900,215700,192.3,2049975,611250,102.5,1599525,1401150
24-03-2025 10:39,23591.15,331050,221850,190.6,2053350,617175,102.6,1607100,1403925
24-03-2025 10:39,23585.15,329850,223050,187.95,2053350,626400,103.5,1626825,1396950
24-03-2025 10:39,23585,332400,224025,187.7,2021550,627525,104.3,1625400,1398450
24-03-2025 10:39,23584,337875,220875,189.65,2018700,629400,103.95,1625025,1386900
24-03-2025 10:40,23588.95,339150,217050,191,2026950,630600,103.05,1610325,1404675
24-03-2025 10:40,23586.55,343275,219225,191.3,2034300,635700,103.05,1611900,1412550
24-03-2025 10:40,23585,336600,222375,190.15,2031075,648150,103.45,1628775,1404675
24-03-2025 10:40,23589.9,340875,220050,191.45,2035200,648450,102.9,1634625,1400175
24-03-2025 10:40,23590,344775,219975,192.55,2040150,654600,102,1631625,1409100
24-03-2025 10:40,23590,339075,224700,191.1,2044950,658200,102.8,1632825,1418625
24-03-2025 10:41,23595.45,351150,211125,197.1,2047800,660000,99.9,1632900,1418400
24-03-2025 10:41,23606.15,347175,208950,200.55,2060025,538650,97.75,1465950,1414875
24-03-2025 10:41,23599.05,344850,197625,199.15,2054025,412500,98.5,1455000,1405125
24-03-2025 10:41,23599.2,354900,199650,198.7,2051175,411600,99.55,1487550,1423350
24-03-2025 10:41,23600,350475,202350,197.7,2041800,426825,99.5,1514850,1430175
24-03-2025 10:41,23599.4,349875,204000,195.4,2042775,440775,100.55,1527375,1443525
24-03-2025 10:42,23595.9,349050,205425,194.8,2029200,442725,101.2,1524900,1444875
24-03-2025 10:42,23594.1,352200,202350,195.5,2037525,456525,101.1,1533600,1436400
24-03-2025 10:42,23595,357675,203775,195.6,2041350,459525,100.8,1512675,1442925
24-03-2025 10:42,23593.65,352425,207150,195.55,2036775,466875,100.6,1535625,1450575
24-03-2025 10:42,23594.9,360600,202500,196.1,2042850,471300,100.6,1538025,1453575
24-03-2025 10:42,23596.05,362325,200550,198.2,2050050,472275,100,1539300,1461825
24-03-2025 10:43,23597.1,354075,199275,197.45,2050575,466200,100.25,1531350,1469325
24-03-2025 10:43,23597.1,356775,206100,195.4,2044350,478200,101.4,1551375,1453875
24-03-2025 10:43,23596.1,354075,205350,195.15,2046600,491100,101.7,1567350,1434825
24-03-2025 10:43,23596.5,355350,204975,196.05,2049450,494550,101.15,1562700,1450500
24-03-2025 10:43,23597,351375,208800,195.75,2051850,497400,101.5,1574850,1448250
24-03-2025 10:43,23592.5,354525,209625,194.3,2055225,502050,102.25,1587900,1449750
24-03-2025 10:44,23592.55,357675,206700,195.75,2039925,500625,102,1584075,1423800
24-03-2025 10:44,23596,357600,202575,197.55,2043225,510600,100.5,1577700,1434375
24-03-2025 10:44,23598.1,360900,201150,198.25,2053725,504300,100.7,1554825,1436400
24-03-2025 10:44,23598.1,360375,205125,199.1,2051400,499950,100.65,1555800,1440450
24-03-2025 10:44,23595.7,360225,203850,198.4,2042025,485550,100.2,1560525,1442925
24-03-2025 10:44,23595.65,358575,209550,195.25,2042925,501900,101.8,1582500,1446300
24-03-2025 10:45,23598.95,358200,208050,195.9,2020800,512325,102,1588950,1437975
24-03-2025 10:45,23593.85,362625,210450,198.05,1998600,506625,101.15,1585425,1426200
24-03-2025 10:45,23593.75,360675,209775,195.75,2001450,518175,102.15,1608075,1424100
24-03-2025 10:45,23593.5,358725,211575,195.5,1997025,551550,102.15,1616550,1417050
24-03-2025 10:45,23593,358875,216450,193.25,1981275,548100,102.95,1609050,1419225
24-03-2025 10:45,23591.65,356550,217575,191.1,1957500,554250,103.6,1605600,1387275
24-03-2025 10:46,23590.1,356550,211725,193.9,1954800,550500,102.8,1601325,1401450
24-03-2025 10:46,23593.4,361875,206325,195.55,1960350,547800,102.3,1584375,1411125
24-03-2025 10:46,23594.1,359100,206475,195.1,1967325,561750,102.05,1580700,1420875
24-03-2025 10:46,23595,363975,206550,197.45,1971900,531300,100.85,1583175,1405800
24-03-2025 10:46,23593.7,364650,205800,196.4,1975200,530925,101.45,1565325,1401825
24-03-2025 10:46,23596,365625,209625,198.55,1971075,572175,100.4,1572000,1403325
24-03-2025 10:47,23595.3,366450,207825,198.1,1977900,572850,100.15,1562475,1410675
24-03-2025 10:47,23600,366150,205500,200.7,1989075,573300,99.35,1547100,1409775
24-03-2025 10:47,23597.85,364275,208800,200.85,1982700,489225,99.85,1536600,1408575
24-03-2025 10:47,23601,365925,209025,199.8,1976925,496575,100.25,1568625,1413225
24-03-2025 10:47,23601,368400,207075,202.15,1975950,497850,99,1575225,1440825
24-03-2025 10:47,23601.05,362400,204525,203.45,1978875,482025,98.7,1548900,1441650
24-03-2025 10:48,23601.05,367425,205650,203,1987725,482850,99.3,1550025,1440600
24-03-2025 10:48,23602.65,360300,206325,203.55,1990350,477450,98.9,1550700,1440825
24-03-2025 10:48,23603,366525,209850,200.8,1985550,463575,99.9,1574775,1433400
24-03-2025 10:48,23601.5,361500,208875,200.1,1965675,470325,100.5,1580325,1412625
24-03-2025 10:48,23600,364500,207825,201.2,1974975,472500,99.95,1581375,1413600
24-03-2025 10:48,23600,361200,208350,201.25,2014875,483300,99.85,1572225,1415475
24-03-2025 10:49,23601.15,364725,211425,197.5,2009475,498225,101.15,1583250,1419825
24-03-2025 10:49,23599.9,370575,210825,200.6,1966950,495375,99.85,1567050,1420425
24-03-2025 10:49,23600,369525,209550,202.8,1983000,495675,99,1561425,1417800
24-03-2025 10:49,23601.2,374175,209175,201.75,1983375,486750,99.5,1539525,1423650
24-03-2025 10:49,23602.05,367500,209025,202.25,1977900,489375,99,1547100,1430625
24-03-2025 10:49,23605,372000,203850,205.7,1977975,523350,97.9,1552500,1441125
24-03-2025 10:50,23607.9,375150,207375,203.55,1988925,493875,98.45,1518075,1441275
24-03-2025 10:50,23602,363000,211425,201.45,1981425,505875,99.05,1533525,1436700
24-03-2025 10:50,23601.65,369525,208350,203.9,1969050,511125,98,1551225,1436775
24-03-2025 10:50,23603.65,372975,207375,204.3,1969800,505875,98.15,1543800,1448325
24-03-2025 10:50,23607.65,371475,205125,208.45,1978950,502275,96.3,1538850,1464975
24-03-2025 10:50,23612.95,372675,202050,209.6,1982475,472125,95.85,1446150,1461450
24-03-2025 10:51,23610,366825,199350,206.15,1975050,444450,97.3,1476150,1443225
24-03-2025 10:51,23610.4,370500,201000,208.2,1971300,455100,96.55,1477800,1449825
24-03-2025 10:51,23610,370425,199275,209,1979625,459375,96.15,1484175,1460925
24-03-2025 10:51,23610.05,366525,199125,207.95,1978875,468750,96.75,1496175,1456800
24-03-2025 10:51,23612,363225,200175,208.9,1975800,474600,96.1,1504875,1453575
24-03-2025 10:51,23613.15,364200,197175,211.85,1978500,471225,95,1496175,1461300
24-03-2025 10:52,23617,370650,192375,214.1,1972275,443700,93.75,1380675,1466850
24-03-2025 10:52,23622.95,370875,188325,215.55,1974975,416250,93.1,1382625,1467750
24-03-2025 10:52,23620,357525,184800,214.15,1963500,409425,93.6,1399350,1459650
24-03-2025 10:52,23618,346050,188250,213.45,1946925,422175,94.6,1422900,1445550
24-03-2025 10:52,23615,342300,193575,211.25,1992000,431700,95.5,1429575,1446975
24-03-2025 10:52,23612.75,331650,187575,211.6,1938375,443625,95.35,1447575,1424400
24-03-2025 10:53,23619.95,339825,188475,214.75,1955400,439350,94.3,1450050,1461375
24-03-2025 10:53,23617.05,336300,191325,213.85,1955850,425400,95.35,1450575,1464000
24-03-2025 10:53,23615.6,329175,194550,213.1,1955550,451500,95.4,1453275,1458900
24-03-2025 10:53,23619.95,335400,188100,214.3,1962825,453225,94.95,1447800,1464150
24-03-2025 10:53,23619.9,333300,189825,213.4,1960500,433200,95.45,1458450,1477425
24-03-2025 10:53,23616.4,330675,190650,214.1,1956825,429300,95.2,1482150,1474350
24-03-2025 10:54,23616.4,331050,190350,214.5,1957425,431025,95.25,1482525,1480200
24-03-2025 10:54,23616,335250,195450,212.75,1954800,440625,95.95,1503000,1472700
24-03-2025 10:54,23616,343875,192075,214.6,1957875,440700,95.6,1500075,1476900
24-03-2025 10:54,23615.9,339000,191625,214.5,1958700,444750,95.55,1491375,1480725
24-03-2025 10:54,23616,332550,194100,213,1962300,445275,96.3,1517400,1478625
24-03-2025 10:54,23615,333225,193050,213.75,1956150,446625,95.65,1511250,1479600
24-03-2025 10:55,23618.95,336225,191250,214.75,1960125,447900,95.15,1507050,1490475
24-03-2025 10:55,23619.9,341475,196575,215.1,1962300,443625,95.55,1513425,1496025
24-03-2025 10:55,23620,334950,193125,215.7,1962225,444825,95.2,1508100,1490400
24-03-2025 10:55,23617,334800,198375,213.7,1971675,450300,96.3,1518750,1488225
24-03-2025 10:55,23615.25,340275,200325,214.6,1940325,450075,95.75,1522575,1478250
24-03-2025 10:55,23619.65,342150,192675,218.6,1939500,446775,95.3,1509225,1484925
24-03-2025 10:56,23623,348375,186750,221.05,1964475,406350,94.35,1496025,1495950
24-03-2025 10:56,23625,439050,183375,220.8,1980900,366825,94.7,1483800,1499925
24-03-2025 10:56,23623.1,435000,182850,220.5,1967850,357450,94.8,1491525,1495500
24-03-2025 10:56,23624.35,442425,182100,219.75,1934775,366450,95.75,1500675,1487775
24-03-2025 10:56,23620.2,446775,181650,220.4,1925925,369150,95.1,1502625,1491150
24-03-2025 10:56,23620,441150,183300,217.75,1915725,382950,96,1511025,1492950
24-03-2025 10:57,23624,448800,180375,219.45,1914000,377100,95.7,1504500,1491825
24-03-2025 10:57,23625,450900,185850,221.55,1917900,383550,95.05,1502700,1496250
24-03-2025 10:57,23626.95,448275,183675,224.45,1921800,373425,94.9,1492200,1508400
24-03-2025 10:57,23624.2,445875,179625,223.45,1924575,334875,95.5,1494450,1502775
24-03-2025 10:57,23628,444600,180225,224.85,1928775,336075,95.75,1496025,1487775
24-03-2025 10:57,23629,450000,175875,225.5,1939425,327300,95.35,1498875,1485300
24-03-2025 10:58,23633.2,454650,177750,230.7,1944825,318975,93.2,1491525,1570500
24-03-2025 10:58,23636.9,454350,172650,234.1,1941975,283200,93.2,1440225,1593750
24-03-2025 10:58,23638.9,450225,171675,230.35,1947450,264150,95,1459200,1557375
24-03-2025 10:58,23635,441300,181200,230.8,1902300,267525,95.25,1460925,1476975
24-03-2025 10:58,23636.5,455400,181950,230.7,1889625,280050,95.8,1468200,1484100
24-03-2025 10:58,23634.8,455325,182775,231,1893150,282825,96.8,1470600,1469400
24-03-2025 10:59,23637.95,459600,182100,235.5,1908150,277050,95.55,1463400,1465275
24-03-2025 10:59,23639.9,456300,176400,236.85,1916175,255450,95.35,1457400,1479600
24-03-2025 10:59,23639.55,456975,177675,237.95,1922925,258600,95.5,1464375,1485600
24-03-2025 10:59,23642,452325,174525,240.75,1930875,258150,94.75,1462800,1501875
24-03-2025 10:59,23648.7,460200,173400,245.35,1934550,237900,94.15,1453350,1501575
24-03-2025 10:59,23654,453675,168600,249.1,1921875,214875,94.15,1441725,1504275
24-03-2025 11:00,23654,457275,165975,250,1907325,209175,93.95,1450800,1499025
24-03-2025 11:00,23640,439200,171075,239.8,1899750,193275,95.7,1501200,1477500
24-03-2025 11:00,23637.95,447750,174150,234.35,1843050,207375,96.75,1515225,1435800
24-03-2025 11:00,23642.4,450225,174075,239.15,1831650,211125,96,1521975,1425750
24-03-2025 11:00,23638.6,456450,172200,238.1,1830225,212700,96.15,1507050,1433100
24-03-2025 11:00,23642.65,453675,172125,239.25,1830750,220725,95.6,1499550,1573875
24-03-2025 11:01,23643.95,443700,174825,234.5,1840575,233025,95.4,1506450,1581450
24-03-2025 11:01,23641.8,449175,175950,236.35,1810350,238650,95.2,1504125,1452975
24-03-2025 11:01,23637.05,455775,176550,235.1,1817550,240375,94.9,1500975,1459575
24-03-2025 11:01,23635.8,436350,180675,231.6,1812000,245550,96,1525350,1466700
24-03-2025 11:01,23637,449025,175500,234.1,1808850,249450,95.8,1527975,1473525
24-03-2025 11:01,23641,453075,179100,237.95,1816650,246450,94.3,1522125,1501200
24-03-2025 11:02,23645,454875,178800,236.5,1816125,246600,94.8,1472700,1496250
24-03-2025 11:02,23637.25,456450,179025,235.2,1815600,267300,95,1457400,1502850
24-03-2025 11:02,23642.4,468900,180000,235.8,1816425,267150,94.9,1459200,1506150
24-03-2025 11:02,23640,453450,185700,234.65,1816425,275475,95.15,1469625,1504350
24-03-2025 11:02,23635.9,453600,177300,234.1,1813575,280950,94.65,1460400,1523625
24-03-2025 11:02,23638,456900,178200,233.15,1815825,280275,94.7,1465200,1527900
24-03-2025 11:03,23635,455400,181500,233.75,1817700,280500,95,1467000,1521525
24-03-2025 11:03,23641.25,450150,177225,236.55,1817400,282000,93,1460025,1524225
24-03-2025 11:03,23638.35,447825,178125,236.4,1816050,280350,93.35,1431750,1528800
24-03-2025 11:03,23648,448725,164475,240.3,1825200,285450,90.2,1438275,1529325
24-03-2025 11:03,23651.75,448350,174900,243,1826700,262350,88,1293375,1524600
24-03-2025 11:03,23658.95,455700,171975,245.3,1836150,252000,86.2,1266975,1532925
24-03-2025 11:04,23664,460575,168675,252.15,1829325,238875,83.7,1234800,1537725
24-03-2025 11:04,23668.95,467025,156675,250,1833675,219375,83.85,1183050,1538250
24-03-2025 11:04,23666.1,452550,166425,248.1,1817850,237975,85.6,1241700,1487475
24-03-2025 11:04,23663.5,445725,165600,248.5,1811550,246450,86.8,1250925,1437600
24-03-2025 11:04,23658.35,456075,167325,246.8,1809825,249675,87.2,1270650,1411725
24-03-2025 11:04,23655,457125,168075,246.7,1803450,258900,87.7,1298325,1412625
24-03-2025 11:05,23653.5,454350,172425,244.2,1799550,262950,87.9,1321950,1402950
24-03-2025 11:05,23655.75,454200,170400,246.2,1786650,264750,87.85,1294725,1428750
24-03-2025 11:05,23655.05,454425,170775,243.85,1790400,268725,88.65,1310625,1421025
24-03-2025 11:05,23652.3,450600,173550,244.2,1785150,271125,88.65,1315350,1406175
24-03-2025 11:05,23650,430125,159675,243,1786125,272625,89.15,1313925,1397325
24-03-2025 11:05,23645.5,439050,162675,239,1766775,275700,90.25,1317675,1382250
24-03-2025 11:06,23646,448950,167625,236.25,1769025,269250,89.2,1307250,1402875
24-03-2025 11:06,23645.35,450825,166875,237.9,1764600,266775,89,1286850,1421400
24-03-2025 11:06,23645.65,440775,170850,232.3,1764075,267450,90.65,1301250,1422825
24-03-2025 11:06,23645,362100,173400,231.65,1742625,278325,90.05,1300050,1405200
24-03-2025 11:06,23645.3,355875,164775,236.6,1741050,280500,89.05,1321200,1442550
24-03-2025 11:06,23644.05,356025,168675,236,1743000,277800,89.7,1305900,1476150
24-03-2025 11:07,23648.05,357600,156300,239,1750575,281850,87.8,1311900,1482300
24-03-2025 11:07,23648.55,357075,168675,238.4,1756050,278475,87.45,1279575,1535175
24-03-2025 11:07,23648.55,360300,164700,238,1757625,284775,88,1288575,1511550
24-03-2025 11:07,23647.8,359175,172425,233.75,1751700,295500,89.1,1307025,1480425
24-03-2025 11:07,23647.1,363600,175200,234.8,1749525,299250,89.05,1316325,1470225
24-03-2025 11:07,23646.55,360675,171525,232.15,1744050,298650,89.45,1320675,1468425
24-03-2025 11:08,23645.8,361125,174000,234.3,1740075,301275,88.9,1326075,1475475
24-03-2025 11:08,23647.2,362325,175350,233.5,1747575,302925,89.2,1314825,1493475
24-03-2025 11:08,23643.2,364800,174150,234.6,1748025,304575,89.45,1322925,1490025
24-03-2025 11:08,23644.7,366750,175650,234.15,1752675,308625,89.2,1336050,1491075
24-03-2025 11:08,23645.2,371775,175125,235.15,1759425,305250,88.2,1331550,1501800
24-03-2025 11:08,23645.75,374775,173550,235.8,1759050,303075,87.2,1310625,1517400
24-03-2025 11:09,23646.6,374700,173250,235,1755750,302775,87.45,1281375,1517325
24-03-2025 11:09,23648.85,378600,172575,238.3,1755750,305475,85.7,1279350,1532100
24-03-2025 11:09,23652.9,380400,177975,236,1757250,293925,86.55,1256175,1532175
24-03-2025 11:09,23645,368100,189675,233.75,1773300,300975,86.8,1274925,1520100
24-03-2025 11:09,23640,362550,180000,228.8,1753200,303675,88.1,1293750,1518750
24-03-2025 11:09,23638.1,362250,174375,227.35,1720275,300375,88.05,1297200,1508175
24-03-2025 11:10,23639,362175,175200,227.35,1718850,312150,88.4,1312275,1514775
24-03-2025 11:10,23639.05,362025,174600,227.75,1724550,298725,88.85,1321950,1517550
24-03-2025 11:10,23639.2,359925,176625,227.5,1721025,296400,88.2,1307550,1527000
24-03-2025 11:10,23639.55,361650,177825,226.15,1724325,304350,89,1317225,1517850
24-03-2025 11:10,23632.05,360000,180600,223.35,1727025,296625,90,1328925,1518225
24-03-2025 11:10,23630.15,360000,181575,221.65,1717350,299025,90.45,1346700,1491600
24-03-2025 11:11,23626,355200,182100,218.6,1711800,302400,91.6,1365600,1483575
24-03-2025 11:11,23621.95,353325,183000,216.1,1702800,299400,91.8,1359150,1446675
24-03-2025 11:11,23626.1,364125,179175,218.75,1699650,302925,91.3,1362750,1446525
24-03-2025 11:11,23627.5,370275,180975,219.6,1718175,298275,90.9,1348200,1458750
24-03-2025 11:11,23626.05,367500,180150,220.45,1722975,301275,91.8,1363500,1458300
24-03-2025 11:11,23629,372450,184050,222.05,1732275,308025,92.05,1385100,1461375
24-03-2025 11:12,23625,362625,175950,219.4,1739625,309750,93.4,1412400,1434900
24-03-2025 11:12,23624.55,375450,181500,220.9,1729350,309600,92.85,1421475,1423275
24-03-2025 11:12,23630.9,371925,185175,221.45,1733850,306300,93,1396350,1420425
24-03-2025 11:12,23630,367725,181875,221.2,1740675,313875,92.85,1405500,1423875
24-03-2025 11:12,23625.9,364500,179925,222.8,1742100,316725,92.35,1405050,1427100
24-03-2025 11:12,23627.15,368475,184800,223.05,1748625,319425,92,1403625,1439550
24-03-2025 11:13,23632.6,371850,183675,222.75,1751850,327525,92.45,1384500,1443150
24-03-2025 11:13,23632.2,371400,189825,220.05,1753200,339825,93.9,1394550,1436850
24-03-2025 11:13,23631.4,375750,181200,223.05,1746450,342525,93.1,1394625,1424850
24-03-2025 11:13,23638.05,373350,184950,227.5,1750425,340275,91.05,1392375,1436475
24-03-2025 11:13,23637.95,370500,177600,229.45,1754700,323400,90.05,1365075,1443825
24-03-2025 11:13,23639,373650,179400,229.85,1757550,321825,90.2,1338525,1451400
24-03-2025 11:14,23638.85,372675,182850,227.65,1762875,317325,90.9,1345200,1452225
24-03-2025 11:14,23636.1,373875,184875,228.45,1754250,325200,90.85,1352700,1443825
24-03-2025 11:14,23637.75,373725,180000,230.1,1762650,326625,89.75,1351725,1466475
24-03-2025 11:14,23642,370425,181725,229.8,1766850,321525,88.75,1344300,1470900
24-03-2025 11:14,23641.4,371550,183150,231.9,1767975,328275,88,1334400,1489125
24-03-2025 11:14,23641.9,372075,189675,227.3,1762950,331650,89.1,1350525,1478850
24-03-2025 11:15,23636.05,367350,185100,223.45,1752525,336225,91.5,1371600,1476300
24-03-2025 11:15,23634.65,367275,175350,227.2,1740825,337725,89.7,1361925,1480350
24-03-2025 11:15,23639.85,368475,186000,229,1743525,339000,89.35,1355250,1485150
24-03-2025 11:15,23636.5,370425,186750,227.8,1746450,334200,89.6,1354125,1487625
24-03-2025 11:15,23636,365850,187800,227.35,1745775,338550,89.7,1348800,1487100
24-03-2025 11:15,23634.6,363675,190425,226.15,1747950,348000,90.6,1357800,1483875
24-03-2025 11:16,23632.6,365550,190875,224.75,1743600,347400,91.25,1359600,1483500
24-03-2025 11:16,23631.4,359250,190950,221.95,1749150,348075,91.9,1368525,1482450
24-03-2025 11:16,23625.6,360450,193050,219.3,1740000,349350,92.8,1380900,1466175
24-03-2025 11:16,23630,363600,186750,221.2,1731900,346275,92.35,1369875,1477575
24-03-2025 11:16,23632.25,365250,187050,219.45,1735275,350475,93.2,1382925,1492575
24-03-2025 11:16,23626.5,367275,183750,221.1,1739775,359700,92.2,1382550,1498425
24-03-2025 11:17,23624,372450,189225,219.45,1740300,356475,92.95,1392675,1496850
24-03-2025 11:17,23623.8,365250,198750,218.8,1733625,360825,92.25,1393800,1477200
24-03-2025 11:17,23624.95,371475,198300,218.75,1737900,365775,92.55,1378275,1469700
24-03-2025 11:17,23624.95,373350,197400,216.8,1741275,364650,93.1,1375950,1475400
24-03-2025 11:17,23624.6,369525,197025,217.3,1734075,368625,93.25,1386750,1473075
24-03-2025 11:17,23626.1,370200,194025,220.8,1742025,367800,92,1383600,1497750
24-03-2025 11:18,23627.25,373050,195150,217.8,1748400,368250,93.3,1396950,1505250
24-03-2025 11:18,23621.2,362625,197175,216.45,1747050,369150,93.75,1408500,1504800
24-03-2025 11:18,23628,366525,192675,217.5,1743750,371550,92.9,1415475,1511175
24-03-2025 11:18,23622.1,362175,200925,216.95,1748550,370425,92.4,1400625,1530375
24-03-2025 11:18,23625.1,380850,197100,219.25,1752300,369900,91.7,1399725,1539075
24-03-2025 11:18,23627.2,385500,192150,221,1755975,368475,91,1383900,1550925
24-03-2025 11:19,23628.8,381675,194325,221.7,1761150,363675,91,1364475,1558125
24-03-2025 11:19,23628.8,376950,195075,221,1763925,368925,90.75,1359300,1563075
24-03-2025 11:19,23628,374925,200175,220.25,1765350,373500,91.5,1376325,1556400
24-03-2025 11:19,23625.5,383325,194550,219.95,1764150,377775,91.55,1384275,1562925
24-03-2025 11:19,23625.85,382125,195075,218.7,1764600,378825,91.8,1391100,1555875
24-03-2025 11:19,23627,384900,198525,219.75,1756275,378750,91.4,1398225,1565325
24-03-2025 11:20,23631.6,382725,191250,221.7,1760025,376725,90.6,1387200,1567275
24-03-2025 11:20,23635,382500,192525,223.1,1765050,365400,89.7,1360050,1584825
24-03-2025 11:20,23635,380175,185325,224.9,1768725,365550,88.75,1350375,1590600
24-03-2025 11:20,23633,375000,194775,220.9,1764675,373725,90.5,1362600,1594350
24-03-2025 11:20,23631.85,380700,191700,220.65,1756575,370275,90.7,1383525,1568475
24-03-2025 11:20,23630,379050,194625,222.05,1755525,376650,90.05,1396500,1590675
24-03-2025 11:21,23632.2,384075,192000,224.85,1761825,381300,89.3,1384650,1602675
24-03-2025 11:21,23633.65,384150,191775,226.05,1765500,378225,88.6,1369575,1602975
24-03-2025 11:21,23633.65,371700,192075,223.75,1763625,374700,89.55,1378200,1588425
24-03-2025 11:21,23635.85,382800,190725,225.55,1762050,378750,88.75,1379925,1590900
24-03-2025 11:21,23635,382800,190650,225.8,1767300,378600,88.75,1376325,1587525
24-03-2025 11:21,23638.7,376500,199725,224.1,1763025,377550,89.5,1369725,1584450
24-03-2025 11:22,23630,376650,206100,219.75,1757550,434850,91.85,1375350,1564725
24-03-2025 11:22,23629.9,374925,197025,221.55,1738200,437475,90.6,1367925,1542300
24-03-2025 11:22,23631.9,382275,193125,222.75,1740225,394800,90.1,1362825,1556100
24-03-2025 11:22,23635,380475,193875,224.65,1745175,394500,89.1,1358100,1563450
24-03-2025 11:22,23637.45,374400,192000,225.15,1750725,394125,89.15,1413450,1571250
24-03-2025 11:22,23640.75,374625,193050,226.6,1754550,399000,88.25,1412850,1580625
24-03-2025 11:23,23642.9,373650,204975,227.4,1785150,389175,88.3,1361325,1563525
24-03-2025 11:23,23637.5,373350,201525,225.65,1757850,399375,89.15,1366200,1559550
24-03-2025 11:23,23642.9,373800,199125,227,1760925,397575,87.4,1362450,1573050
24-03-2025 11:23,23641,375975,200775,225.85,1763475,386925,88.3,1346025,1569600
24-03-2025 11:23,23640,370275,194550,227.05,1754025,386550,87.75,1360200,1567875
24-03-2025 11:23,23635.6,376275,201525,226.3,1757550,390225,88.7,1387275,1562700
24-03-2025 11:24,23631.6,373275,197625,223.1,1748700,393300,90.4,1427175,1552275
24-03-2025 11:24,23631,376050,197400,223.2,1745400,391875,90.15,1434300,1537500
24-03-2025 11:24,23631.1,373725,205575,222.55,1743600,397500,90.45,1400625,1557825
24-03-2025 11:24,23635.35,378450,201300,224.85,1746825,396225,89.5,1380750,1566150
24-03-2025 11:24,23639.45,381525,209250,225.3,1753050,398025,89.3,1355250,1567125
24-03-2025 11:24,23636.1,382050,196500,226.6,1758750,389775,88.5,1353000,1576125
24-03-2025 11:25,23639.45,381750,195525,228.55,1762575,387600,87.65,1359975,1583775
24-03-2025 11:25,23638,380550,195750,228.25,1761150,374700,88.05,1359600,1578975
24-03-2025 11:25,23638,381600,202800,226.35,1759275,375900,88.9,1377825,1587150
24-03-2025 11:25,23634.95,376425,208500,224,1750650,382275,90.4,1402725,1610100
24-03-2025 11:25,23635.55,379275,203175,227.5,1748250,381750,89.5,1404750,1619325
24-03-2025 11:25,23638,381900,198300,227.9,1754400,380025,88.7,1410600,1630875
24-03-2025 11:26,23641.1,381150,197475,230,1757850,377250,88.45,1407825,1640475
24-03-2025 11:26,23638.1,376575,202125,228.5,1759875,366600,88.7,1413675,1634100
24-03-2025 11:26,23640,380100,201075,228.1,1758900,367725,88.05,1420050,1622400
24-03-2025 11:26,23644.05,382425,198300,229.95,1769475,364950,87.65,1388925,1634550
24-03-2025 11:26,23641.45,375600,209775,227,1766250,366825,89,1395225,1625175
24-03-2025 11:26,23635,377475,214875,225.1,1761675,371700,89.65,1406175,1591275
24-03-2025 11:27,23637.6,380625,203325,227.45,1756425,375150,88.6,1396950,1600350
24-03-2025 11:27,23639.1,382200,204375,228.75,1761675,375525,88,1377900,1606650
24-03-2025 11:27,23641.1,381975,205350,228.8,1758525,373875,88.35,1388325,1608525
24-03-2025 11:27,23641.1,374625,208425,227.8,1754250,383250,88.4,1399650,1600275
24-03-2025 11:27,23641.1,376200,213975,228.25,1755375,387000,88.55,1400100,1578900
24-03-2025 11:27,23639.55,374475,215775,225.1,1751400,387975,89.75,1413750,1572975
24-03-2025 11:28,23636,373875,210900,224,1752075,387225,90.2,1419150,1570575
24-03-2025 11:28,23635.1,376575,209700,225.85,1748325,386025,89.5,1413225,1558800
24-03-2025 11:28,23637.2,378450,215175,227.8,1751250,385425,89.15,1398525,1562550
24-03-2025 11:28,23641,377625,213675,228.2,1752225,386400,88.5,1404150,1568175
24-03-2025 11:28,23643,378225,203475,230.15,1754025,369825,87.8,1390125,1570500
24-03-2025 11:28,23649.95,383250,203250,235.35,1758450,365775,84.9,1400700,1585800
24-03-2025 11:29,23648.8,385125,213525,232.95,1759275,332100,86.2,1333875,1578825
24-03-2025 11:29,23649.65,378825,208275,232.6,1762200,340125,86.1,1354500,1577775
24-03-2025 11:29,23649,378600,216900,231.9,1761750,348300,86.05,1354650,1586175
24-03-2025 11:29,23648.95,371850,212475,231.4,1758075,354900,86.3,1369350,1585725
24-03-2025 11:29,23646.1,373125,213375,230.2,1758900,363825,86.7,1370700,1580850
24-03-2025 11:29,23647.6,375225,215700,230.55,1740150,360150,86.65,1377825,1582800
24-03-2025 11:30,23645.25,374925,218625,229.05,1742925,366600,86.55,1385100,1600875
24-03-2025 11:30,23645,375675,215925,230.8,1736325,369525,86.2,1388850,1590600
24-03-2025 11:30,23645,375000,213525,230.1,1739250,372675,86.95,1383075,1593150
24-03-2025 11:30,23645,375525,217500,230.4,1747125,376500,87.25,1386825,1594050
24-03-2025 11:30,23645,375375,207975,230.05,1751025,381450,87.05,1383000,1589250
24-03-2025 11:30,23647.6,378600,214275,230.5,1758000,378975,87.1,1378125,1593000
24-03-2025 11:31,23647,377250,209925,232.5,1758225,376575,86.75,1377975,1595100
24-03-2025 11:31,0,0,0,231.6,1755975,381000,86.95,1383450,1598925
24-03-2025 11:31,23645,376125,220650,229.25,1753725,388875,87.7,1391325,1591650
24-03-2025 11:31,23645.55,365925,213450,231.35,1752150,390975,86.75,1394325,1584450
24-03-2025 11:31,23648.25,377700,206550,235.05,1760475,384150,85.45,1383825,1595550
24-03-2025 11:31,23649.9,375675,205875,233.4,1758075,360150,86.1,1374600,1591425
24-03-2025 11:32,23650.95,376575,213975,233.2,1759500,365700,86.2,1384800,1584300
24-03-2025 11:32,23650.05,378300,214425,233,1756500,369225,86.7,1397700,1581000
24-03-2025 11:32,23650.05,380025,211125,234.4,1757250,368550,86.8,1398450,1583250
24-03-2025 11:32,23650.05,380175,211575,236.05,1767675,356550,86.05,1385175,1587825
24-03-2025 11:32,23651.1,380025,208425,237.75,1773075,349200,85.1,1380600,1601850
24-03-2025 11:32,23650.5,376500,209700,235.3,1760100,346125,85.5,1366200,1604700
24-03-2025 11:33,23647.6,375000,217125,234,1759650,348225,85.9,1376925,1597200
24-03-2025 11:33,23652.95,379350,213900,235.5,1757550,354825,85.4,1394550,1600800
24-03-2025 11:33,23647.6,376725,211800,234.3,1761825,353100,85.95,1366050,1615500
24-03-2025 11:33,23642.95,368550,215925,231.8,1756275,365475,86.9,1388775,1584750
24-03-2025 11:33,23645,373800,215175,230.4,1750050,366600,87.1,1393725,1580400
24-03-2025 11:33,23646.8,375000,212325,229.75,1730325,368025,87.2,1396275,1572075
24-03-2025 11:34,23641.1,373500,218550,227.15,1728150,369975,88.25,1407900,1567500
24-03-2025 11:34,23645.6,375075,210825,230.3,1729050,370950,86.7,1406475,1578450
24-03-2025 11:34,23643.65,376725,216675,232,1733025,373575,85.9,1381800,1584075
24-03-2025 11:34,23642,376800,215775,229.2,1731525,373275,87.7,1378575,1571925
24-03-2025 11:34,23641.1,382500,215250,230.2,1730025,378150,87.15,1389000,1574325
24-03-2025 11:34,23638.6,398325,210975,227.75,1727400,382125,87.75,1395675,1585575
24-03-2025 11:35,23638.6,404700,213075,228.6,1727700,381900,87.5,1405950,1588950
24-03-2025 11:35,23638.45,404100,210975,228.3,1726350,386700,87.8,1429575,1583100
24-03-2025 11:35,23638.4,404325,215850,226.25,1722600,388050,88.2,1424325,1579425
24-03-2025 11:35,23636,402000,215325,224.45,1718400,387525,88.75,1435425,1580250
24-03-2025 11:35,23634.6,402075,209925,225,1717950,385200,88.6,1435725,1567425
24-03-2025 11:35,23640,403725,206175,228.75,1717575,386100,87.25,1424925,1588425
24-03-2025 11:36,23640,405225,206925,230.3,1719075,385050,86.35,1405425,1644150
24-03-2025 11:36,23645,408000,212025,229.1,1721100,379050,86.75,1390050,1643400
24-03-2025 11:36,23636.2,397425,214500,226.4,1722300,386250,88.4,1402875,1638000
24-03-2025 11:36,23635.2,398625,210975,222.25,1716300,384375,90.05,1404900,1582425
24-03-2025 11:36,23632.15,401775,211425,223.3,1707225,388950,88.85,1409100,1556250
24-03-2025 11:36,23631.6,400950,215550,223.6,1711725,393000,89.5,1392900,1565925
24-03-2025 11:37,23632.25,399975,206700,222.7,1710600,394950,89.65,1394475,1567650
24-03-2025 11:37,23631.5,400800,202350,222.95,1711275,400425,89,1399275,1572150
24-03-2025 11:37,23634,400725,205875,223.4,1715775,399150,89.1,1392600,1579725
24-03-2025 11:37,23630.95,400800,211425,220.85,1715850,401775,89.6,1403700,1581525
24-03-2025 11:37,23630,400125,211275,218.2,1708200,402300,90.65,1416525,1582350
24-03-2025 11:37,23625.3,399075,209475,216.75,1689975,402375,90.6,1429725,1570875
24-03-2025 11:38,23627.65,402525,210225,219.35,1686675,398400,89.95,1413675,1590525
24-03-2025 11:38,23623.35,399525,218325,213.45,1682100,405000,91.25,1437150,1593300
24-03-2025 11:38,23620,393300,215700,210.4,1669800,404850,91.8,1448925,1574550
24-03-2025 11:38,23616,392700,214575,209.8,1658025,401775,91.1,1462275,1566225
24-03-2025 11:38,23620.7,397425,215175,207.55,1662825,386775,91.9,1468875,1554975
24-03-2025 11:38,23617,399450,216975,210.8,1669950,384900,91,1468575,1528050
24-03-2025 11:39,23614.1,396900,222150,207.7,1673400,388950,92.4,1484325,1534200
24-03-2025 11:39,23615.2,400050,212775,209.4,1673775,381150,91.45,1479975,1555875
24-03-2025 11:39,23612.35,399900,216150,204.8,1677975,387300,93.9,1486350,1571025
24-03-2025 11:39,23608,391050,215400,202.65,1662675,388125,94.35,1497750,1515300
24-03-2025 11:39,23609.9,397725,215550,205.75,1672725,386175,93.35,1505925,1531650
24-03-2025 11:39,23613,398100,217200,206,1679175,388350,92.55,1531200,1540125
24-03-2025 11:40,23614,399075,216675,207,1682400,393300,93.1,1497525,1554450
24-03-2025 11:40,23617,398925,219000,209.6,1685550,395325,92.75,1496100,1565475
24-03-2025 11:40,23617.95,398250,218625,210,1693950,392025,93.05,1488450,1566600
24-03-2025 11:40,23617.95,401850,220425,209.8,1702200,388800,93.6,1498050,1564275
24-03-2025 11:40,23618,404775,220050,210.6,1699725,398325,94,1501650,1572675
24-03-2025 11:40,23616,399825,223950,208.05,1700025,404700,96.2,1538550,1538925
24-03-2025 11:41,23615.15,403575,220350,206.95,1690425,405075,96,1538775,1469325
24-03-2025 11:41,23609.6,395625,222600,206.4,1685025,407850,96.45,1548975,1422750
24-03-2025 11:41,23616.1,407400,215400,211.05,1684125,406275,93.85,1521750,1443375
24-03-2025 11:41,23612.1,397875,226875,206.2,1684650,406275,95.35,1488225,1437225
24-03-2025 11:41,23612,399300,223875,204.35,1684875,410250,96.05,1491375,1423875
24-03-2025 11:41,23610,400350,224700,205.45,1683075,414000,94.65,1492650,1432950
24-03-2025 11:42,23609,395025,225075,203.25,1682325,415125,95.2,1481250,1449750
24-03-2025 11:42,23604.1,395775,220650,200,1676175,418125,96.35,1500750,1440225
24-03-2025 11:42,23605.85,393300,220275,203,1659600,413475,95.2,1495500,1455000
24-03-2025 11:42,23601.2,393750,227775,194.15,1654500,420075,97.6,1518900,1466850
24-03-2025 11:42,23600,393375,217050,194.8,1646175,424350,97.2,1526100,1398225
24-03-2025 11:42,23604.1,398850,221475,200.45,1666125,422175,95.5,1509900,1440975
24-03-2025 11:43,23601.5,394650,217950,198.8,1667625,422550,95.45,1482375,1444950
24-03-2025 11:43,23599,388575,225300,196.8,1668225,434475,96.7,1446450,1446900
24-03-2025 11:43,23595.1,384150,222150,194.55,1669875,431925,97.9,1457850,1445625
24-03-2025 11:43,23592,384675,222675,191.2,1676250,433125,99.55,1447425,1439550
24-03-2025 11:43,23593.4,383400,223650,189.65,1650525,440925,99.2,1433625,1330125
24-03-2025 11:43,23588.6,380925,222825,186.75,1661250,442425,99.9,1421550,1347675
24-03-2025 11:44,23588.85,386325,217125,190.45,1669950,443250,98.7,1424025,1359225
24-03-2025 11:44,23594,385800,215850,190.9,1679775,432300,98.55,1424925,1372050
24-03-2025 11:44,23594,380550,214950,191.55,1690350,431250,98.1,1436625,1386750
24-03-2025 11:44,23600.35,390150,217125,195,1691100,433725,96.05,1424850,1413225
24-03-2025 11:44,23602.55,390225,217725,195.9,1694550,428100,95.65,1392825,1429875
24-03-2025 11:44,23603.85,392325,220800,197.45,1692150,430275,94.9,1378950,1433925
24-03-2025 11:45,23605,382500,218325,199.6,1693875,419550,94,1363725,1453500
24-03-2025 11:45,23612.05,389625,213525,203.7,1697775,410850,91.5,1347525,1464975
24-03-2025 11:45,23612.05,392925,215775,203.3,1699875,409200,91.4,1325700,1466025
24-03-2025 11:45,23610,390675,213525,200.9,1687200,418350,93.4,1332225,1452600
24-03-2025 11:45,23615,386025,210225,204.65,1694025,417300,92.1,1340400,1456275
24-03-2025 11:45,23615,387600,210600,206,1706550,414225,92.1,1353150,1461450
24-03-2025 11:46,23618.45,391050,217875,206.25,1707900,416550,91.8,1365150,1465425
24-03-2025 11:46,23619.9,388275,209775,208.85,1697250,419550,89.8,1358325,1466850
24-03-2025 11:46,23620,391275,214125,207.5,1698975,414375,91.05,1313025,1478100
24-03-2025 11:46,23620,391800,215550,210.6,1698525,423075,88.8,1330200,1497375
24-03-2025 11:46,23620.1,391275,208725,211.05,1711200,420300,88.55,1310250,1517175
24-03-2025 11:46,23624.05,393300,202950,213.4,1717650,419025,87.3,1310625,1518900
24-03-2025 11:47,23624.8,403275,207975,213.8,1718175,415050,87.3,1314900,1505925
24-03-2025 11:47,23626,405675,208725,212.85,1765275,420225,88,1320150,1496925
24-03-2025 11:47,23626,391200,219600,212.85,1709850,429450,88.2,1328550,1492950
24-03-2025 11:47,23625,394125,205125,213.8,1753350,427125,87.5,1332750,1493100
24-03-2025 11:47,23629,391650,211950,213.75,1766850,425250,88.65,1324125,1496850
24-03-2025 11:47,23629,392250,213750,215.25,1763625,424800,87.8,1327650,1500825
24-03-2025 11:48,23625,392250,214875,211.85,1720275,415200,89.45,1335525,1481625
24-03-2025 11:48,23624.05,387525,213150,210.35,1699725,420300,89.75,1345950,1468275
24-03-2025 11:48,23624.05,390075,216975,210,1687950,423975,90,1355475,1470600
24-03-2025 11:48,23624.95,390525,212400,212,1691100,425475,89.5,1338450,1469475
24-03-2025 11:48,23625,392775,212550,213.9,1697400,420675,88.75,1337925,1481550
24-03-2025 11:48,23627,395325,215775,216.5,1699950,418125,87.4,1332000,1490475
24-03-2025 11:49,23625.95,388725,217575,212.4,1696575,414675,89.35,1325625,1481175
24-03-2025 11:49,23620.85,391425,215775,210.9,1686600,423825,90.1,1353900,1478700
24-03-2025 11:49,23626,394500,217875,211.95,1687275,423750,88.85,1350525,1471800
24-03-2025 11:49,0,0,0,212.95,1692075,427125,88.9,1344975,1489200
24-03-2025 11:49,23625.65,388950,213150,211.7,1694475,430275,89.5,1348425,1489875
24-03-2025 11:49,23621,389775,218775,211,1693050,433125,89.55,1345200,1486200
24-03-2025 11:50,23625,393150,216525,210.65,1690650,436500,90.05,1344450,1489275
24-03-2025 11:50,23619.05,388425,218025,210.05,1694625,440775,90.2,1342275,1483350
24-03-2025 11:50,23620,393600,213000,210.85,1667625,440625,90,1349325,1476600
24-03-2025 11:50,23620.1,391500,218400,211.2,1669725,443250,89.65,1330125,1486350
24-03-2025 11:50,23624,390900,205425,210.6,1672350,442875,90,1328325,1495950
24-03-2025 11:50,23617.9,392100,219150,209.55,1663275,450975,90.45,1337700,1481400
24-03-2025 11:51,23617,388650,219825,206.85,1660425,453750,91.3,1342350,1483050
24-03-2025 11:51,23616.7,389700,220425,208,1660200,456525,90.5,1359300,1483200
24-03-2025 11:51,23619.25,392475,218175,209.75,1666425,454875,89.9,1328775,1508175
24-03-2025 11:51,23621.9,395475,215550,211.5,1671750,449025,88.95,1325100,1509750
24-03-2025 11:51,23625,389625,216675,212.2,1675725,450000,88.6,1326000,1511100
24-03-2025 11:51,23625,388275,220650,212.1,1677450,453075,88.55,1325625,1514025
24-03-2025 11:52,23622.4,391200,219975,212.05,1676625,449625,88.9,1326825,1513275
24-03-2025 11:52,23625,393075,216750,212.05,1678125,453525,88.7,1337700,1510050
24-03-2025 11:52,23621.35,394125,220500,210.45,1680525,461250,89.25,1341300,1510275
24-03-2025 11:52,23622.3,387075,222000,208.6,1671975,466275,90.45,1346775,1500000
24-03-2025 11:52,23617.95,386775,222675,206,1668750,472050,91.5,1363050,1474575
24-03-2025 11:52,23616.2,390075,201825,205.95,1665825,472650,91.7,1367775,1483125
24-03-2025 11:53,23616,390750,222975,207.1,1667625,472050,91.4,1356600,1489425
24-03-2025 11:53,23616.2,391125,219000,208.75,1674000,475950,91.15,1356525,1498200
24-03-2025 11:53,23618,387975,224325,207.05,1680225,479100,91.75,1352700,1498125
24-03-2025 11:53,23616,386100,221775,205.65,1679700,482475,92.4,1360800,1492725
24-03-2025 11:53,23611,386400,222900,204.9,1674300,486600,93,1364775,1485225
24-03-2025 11:53,23613.95,388875,221250,207.1,1670475,481500,91.65,1362225,1485075
24-03-2025 11:54,23619.15,389400,207225,208.3,1681275,479400,91.35,1343550,1502700
24-03-2025 11:54,23619.1,390900,221025,210.35,1681800,471900,90.15,1332075,1516050
24-03-2025 11:54,23619.1,394500,213150,211.5,1683375,468825,89.5,1336050,1530750
24-03-2025 11:54,23622.8,397875,219450,211.35,1682025,462225,89.45,1336275,1532775
24-03-2025 11:54,23624,393000,215700,212,1682100,465225,89.05,1341000,1535025
24-03-2025 11:54,23622,393750,221550,212.25,1683450,463050,88.5,1331550,1542150
24-03-2025 11:55,23623.2,387000,225000,210.25,1676475,465300,90.6,1349775,1530525
24-03-2025 11:55,23618.25,380775,225450,208,1674600,469050,92.4,1361325,1513800
24-03-2025 11:55,23622,392700,223275,209.7,1682625,474225,91,1357200,1518975
24-03-2025 11:55,23618.65,390225,223575,210.65,1689375,474975,90.55,1354425,1532400
24-03-2025 11:55,23615.9,388575,224400,210.05,1693800,476775,90.95,1350450,1538325
24-03-2025 11:55,23624.6,387675,219225,211.45,1696725,475500,90.1,1355400,1539450
24-03-2025 11:56,23620.4,385500,223950,208.65,1694475,479400,91.5,1359000,1532100
24-03-2025 11:56,23623.5,390975,224175,210.25,1694625,480000,90.75,1368600,1522650
24-03-2025 11:56,23620.1,392175,224100,211.45,1698825,480975,89.95,1348050,1525275
24-03-2025 11:56,0,0,0,210.8,1700475,467325,90.6,1375950,1530075
24-03-2025 11:56,23620.95,391575,218625,212.8,1700025,469500,89.05,1385325,1540500
24-03-2025 11:56,23629.1,392850,216075,217.6,1700175,462225,87.2,1365450,1551375
24-03-2025 11:57,23625.9,390750,220725,214.9,1697250,440475,88.5,1309725,1546950
24-03-2025 11:57,23626,393900,223425,214.8,1694775,440025,88.25,1314600,1564800
24-03-2025 11:57,23628.35,394350,222075,215,1695000,447225,88.25,1322025,1557750
24-03-2025 11:57,0,0,0,213.05,1695375,451725,89.1,1336275,1548225
24-03-2025 11:57,23628.7,394425,222675,213.9,1694325,454425,88.9,1334775,1548000
24-03-2025 11:57,23629,394050,215700,216.45,1700850,455325,87.65,1335450,1562250
24-03-2025 11:58,23634.8,393675,222750,218,1712475,449925,86.35,1313400,1565850
24-03-2025 11:58,23633,393225,217650,217.35,1712550,441000,86.1,1303125,1572825
24-03-2025 11:58,23631.05,389100,219225,215.7,1703850,444225,87,1312425,1555575
24-03-2025 11:58,23626.8,391200,211800,215.95,1701825,450225,87.05,1326225,1556625
24-03-2025 11:58,23630.05,390525,217500,216.05,1702875,454125,87.25,1326750,1572600
24-03-2025 11:58,23632,392250,217725,216.65,1699950,458250,86.9,1338150,1574775
24-03-2025 11:59,23630.05,387900,215550,216.2,1699125,461700,87.55,1351575,1573950
24-03-2025 11:59,23632.8,391650,215550,216.05,1695300,463125,86.9,1345575,1570050
24-03-2025 11:59,23633,393150,214050,217.55,1698000,469875,86.1,1344150,1574925
24-03-2025 11:59,0,0,0,218.4,1704375,453150,85.5,1323675,1584975
24-03-2025 11:59,23632,391950,210675,218.5,1701675,456825,85.4,1328250,1585500
24-03-2025 11:59,23638.3,393825,210225,219.4,1707225,457650,83.9,1270950,1586625
24-03-2025 12:00,23638,394800,214350,219.15,1705350,445650,84.3,1253025,1568925
24-03-2025 12:00,23639,391950,210750,219.8,1704750,460875,83.95,1267650,1546500
24-03-2025 12:00,23637.2,391275,214875,218.35,1707600,460575,84.6,1258650,1557450
24-03-2025 12:00,23636,392850,215850,217.2,1703025,470175,84.95,1279125,1544925
24-03-2025 12:00,23632,388200,221100,217.25,1695525,474075,85,1296000,1555125
24-03-2025 12:00,23638,394425,211125,220.15,1702950,473550,83.75,1295700,1581975
24-03-2025 12:01,23633.1,392775,219075,218.35,1708575,468825,84.4,1278900,1578600
24-03-2025 12:01,23638,393900,210900,219.15,1707225,474825,83.45,1279800,1587450
24-03-2025 12:01,23638,392625,214875,219,1703925,482100,83.7,1262175,1575675
24-03-2025 12:01,23637.25,395100,203400,222,1704900,484800,81.55,1263600,1600500
24-03-2025 12:01,23640,394050,208200,221.85,1710975,459075,81.6,1253775,1603125
24-03-2025 12:01,23640,391875,213450,221,1710975,462000,81.9,1268100,1589250
24-03-2025 12:02,23638,390750,215025,219.4,1705050,465150,82.65,1278975,1578225
24-03-2025 12:02,23638.5,392325,207375,220.3,1707600,466800,82.25,1285650,1572675
24-03-2025 12:02,23641.6,391350,211800,220,1709175,470550,82.35,1282350,1584225
24-03-2025 12:02,23636.3,381600,213075,217.25,1704900,469875,83.5,1314675,1570275
24-03-2025 12:02,23633.1,389175,216975,216.7,1685550,472125,84.3,1316550,1550625
24-03-2025 12:02,23631,385950,215850,214.15,1689525,473850,84.65,1319925,1554150
24-03-2025 12:03,23626,387525,215850,213,1683300,475875,85.75,1328625,1555275
24-03-2025 12:03,23631,387900,213150,213.8,1685250,476850,85.75,1328775,1528050
24-03-2025 12:03,23627.05,389100,216750,213.3,1688625,479850,86,1316100,1536825
24-03-2025 12:03,23628.2,385875,208650,213.7,1691400,482400,85.95,1322625,1540125
24-03-2025 12:03,23626.4,382350,212475,211.65,1689375,486975,86.8,1329675,1535025
24-03-2025 12:03,23623.4,383400,210825,211.95,1681050,490425,86.6,1334700,1522875
24-03-2025 12:04,23623.65,386100,206475,213.5,1679400,494850,85.85,1334775,1518300
24-03-2025 12:04,23628.2,389400,209325,214.25,1684125,489375,86.3,1332225,1524525
24-03-2025 12:04,23631,388725,205350,215.95,1685250,485475,85.25,1318125,1537050
24-03-2025 12:04,23635.1,390375,206100,216.3,1690425,483975,85.1,1314975,1552125
24-03-2025 12:04,23628,387750,212550,214,1686525,485625,85.5,1316925,1536075
24-03-2025 12:04,23628,385125,213450,213,1683300,487275,86.8,1330875,1518900
24-03-2025 12:05,23630,384825,215400,212.45,1687575,493125,86.7,1341525,1512600
24-03-2025 12:05,23622,383475,216225,208.6,1690725,496050,88.4,1350975,1505100
24-03-2025 12:05,23620.3,381450,207300,209.25,1671000,496950,88.75,1366200,1483575
24-03-2025 12:05,23621.15,385350,208800,211.25,1675500,497925,88,1349850,1513350
24-03-2025 12:05,23621.65,383025,213825,210.65,1680375,498000,87.85,1338975,1526475
24-03-2025 12:05,23621.45,379875,212550,209.8,1683675,505350,88.35,1351575,1528800
24-03-2025 12:06,23625,382950,214650,211.55,1681875,504150,86.85,1348500,1534050
24-03-2025 12:06,0,0,0,210,1685325,513600,87.7,1342650,1543650
24-03-2025 12:06,23621.15,381900,210450,209.2,1683600,509625,88.3,1354425,1542675
24-03-2025 12:06,23621.15,379800,212475,210.55,1688250,512175,87.5,1356600,1545525
24-03-2025 12:06,23620.1,376425,213900,207,1687800,513750,88.75,1372950,1540725
24-03-2025 12:06,23627.1,388500,205350,212.6,1689525,511875,86.4,1367475,1555200
24-03-2025 12:07,23624.25,388275,209025,213.35,1690575,501225,86.35,1345650,1559475
24-03-2025 12:07,23627.05,392100,212250,213.3,1696050,504675,85.9,1350225,1564725
24-03-2025 12:07,23628.1,395325,208425,214.25,1701675,498525,85.4,1338225,1578300
24-03-2025 12:07,23631,385950,203775,216.1,1699125,493050,84.95,1324650,1569225
24-03-2025 12:07,23631,386550,210675,216.1,1701000,488625,84.5,1327425,1571850
24-03-2025 12:07,23632.5,394125,205500,216.65,1701900,491025,84.4,1341750,1582200
24-03-2025 12:08,23630,384525,212100,212.8,1695075,493575,86.25,1341075,1569375
24-03-2025 12:08,23634.2,392250,209325,213.3,1697625,498525,86.2,1344375,1573500
24-03-2025 12:08,23631.2,388575,208950,217.05,1709925,496950,84.4,1339200,1587900
24-03-2025 12:08,23635.25,381825,206625,218.5,1710900,486675,83.5,1324800,1590225
24-03-2025 12:08,23630.6,393600,210600,217.4,1713600,495900,83.45,1337325,1589700
24-03-2025 12:08,23634,388425,207300,214.8,1711350,496725,84.05,1340700,1591650
24-03-2025 12:09,23630,391950,214950,214.6,1705875,501675,84.85,1340550,1576050
24-03-2025 12:09,23634.45,385350,214875,214.7,1705500,502500,85.05,1345425,1579275
24-03-2025 12:09,23630,386700,206400,216.8,1710975,498000,84.45,1336800,1578900
24-03-2025 12:09,23630.5,390075,208950,217.2,1714200,500700,83.65,1334325,1593150
24-03-2025 12:09,23630.2,383775,212850,214.95,1712850,504225,84.75,1348875,1591200
24-03-2025 12:09,23630,385500,214650,215.1,1707375,504975,84.45,1350075,1616175
24-03-2025 12:10,23634.95,387375,205800,218.95,1712550,503550,82.65,1342125,1626150
24-03-2025 12:10,23631.3,392100,208200,217.05,1716450,492150,83.45,1321275,1626000
24-03-2025 12:10,23631.3,388575,211650,216.55,1717350,495825,83.65,1319700,1605150
24-03-2025 12:10,23635.5,393075,210300,216,1716300,499200,83.55,1332825,1608750
24-03-2025 12:10,0,0,0,218,1719150,499950,82.45,1325550,1633125
24-03-2025 12:10,23632.95,391425,207375,217.8,1720800,495300,83,1314825,1633725
24-03-2025 12:11,23632.05,385575,210675,216.15,1717800,499200,83.4,1327500,1625925
24-03-2025 12:11,23630.6,391200,211050,215,1715775,501000,83,1335450,1606875
24-03-2025 12:11,23635,390075,204975,216.7,1717350,504000,82.8,1323675,1612725
24-03-2025 12:11,23639.35,390450,211200,218.4,1723125,497925,81.7,1305750,1626000
24-03-2025 12:11,23643.55,389400,201000,222.85,1722375,491100,78.6,1292775,1626600
24-03-2025 12:11,23645,386025,207300,221.5,1724250,457950,79.65,1212975,1628625
24-03-2025 12:12,23645,390525,205425,223,1732050,460650,79.05,1211325,1633725
24-03-2025 12:12,23645,384450,204600,222.6,1734450,458475,79.15,1214250,1646400
24-03-2025 12:12,23636.5,383775,214050,221.85,1735800,468375,79.35,1234425,1644225
24-03-2025 12:12,23642.95,384075,203775,220.9,1732350,469875,79.6,1242300,1641075
24-03-2025 12:12,23642.95,386475,202125,223,1736100,469425,79.55,1256325,1617675
24-03-2025 12:12,23643.9,386025,206475,222.05,1734600,471900,79.65,1266975,1629600
24-03-2025 12:13,23643,388575,206250,222.3,1737075,474150,79.5,1261425,1641525
24-03-2025 12:13,23642.6,384600,201825,224.55,1741200,473700,78.05,1273125,1646400
24-03-2025 12:13,23645,390075,198900,225,1744275,468975,77.8,1242900,1641975
24-03-2025 12:13,23649,383775,200700,224,1743075,450525,78.05,1224900,1653450
24-03-2025 12:13,23644.6,387525,203700,223.55,1739550,453075,78.05,1223700,1656675
24-03-2025 12:13,23642.65,381975,213450,223.2,1731150,456225,78.7,1238625,1650225
24-03-2025 12:14,23642.6,383775,213825,223,1727100,463275,79,1252275,1638150
24-03-2025 12:14,23646.05,381000,211125,222,1727175,467175,79.3,1261350,1635450
24-03-2025 12:14,23640.65,382275,209400,221.1,1725900,468375,79.65,1270125,1619850
24-03-2025 12:14,23643.6,385650,202950,223.9,1732425,467700,78.25,1277325,1643100
24-03-2025 12:14,23642.5,380700,205725,223.7,1735125,468975,78.6,1266825,1642875
24-03-2025 12:14,23646.5,387825,207600,223.1,1738350,466950,78.85,1265325,1638525
24-03-2025 12:15,23643.9,383100,204825,223.25,1734450,471900,78.45,1276725,1634175
24-03-2025 12:15,23640.45,381975,214125,221.85,1733550,474900,79.5,1275300,1632000
24-03-2025 12:15,23645,385800,209850,222,1726725,474450,79.3,1289550,1612800
24-03-2025 12:15,23645,385200,210300,223.5,1734000,473325,78.95,1283400,1634250
24-03-2025 12:15,0,0,0,222.4,1729950,474000,79.75,1289175,1625325
24-03-2025 12:15,23645,382950,211725,221.1,1725375,475275,79.8,1299300,1625250
24-03-2025 12:16,23643.1,387600,208425,220.8,1724625,479925,80.05,1305225,1625175
24-03-2025 12:16,23643.2,384975,213525,223.1,1728000,479400,79.55,1303200,1636050
24-03-2025 12:16,23643,386925,209400,223.45,1731075,476625,79.1,1298775,1636575
24-03-2025 12:16,23645.1,385425,205425,225,1735425,471525,78.6,1297125,1637850
24-03-2025 12:16,23648,382875,202350,225.6,1771650,464475,78.6,1293600,1640775
24-03-2025 12:16,23646.05,382650,202575,225.5,1772625,457950,78.8,1292100,1633275
24-03-2025 12:17,23644.8,384675,202200,225.05,1772250,458175,78.2,1302675,1639800
24-03-2025 12:17,23649.9,384225,201450,226.8,1736325,457200,77.7,1274925,1644225
24-03-2025 12:17,23650,390150,202275,227.75,1738725,435900,77.6,1248150,1633575
24-03-2025 12:17,23656.1,392100,201150,232.85,1742250,410925,75.7,1250400,1643100
24-03-2025 12:17,23658,383325,204075,230.75,1745025,394650,76.7,1246200,1637400
24-03-2025 12:17,23654,383850,204075,230.65,1738500,398250,76.75,1260075,1626450
24-03-2025 12:18,23655.1,383850,199575,229.45,1738125,401850,77.25,1264575,1623450
24-03-2025 12:18,23655,385875,198900,233.95,1734525,408825,75.85,1269750,1642800
24-03-2025 12:18,23658.1,385500,199575,232.6,1738725,396450,76.1,1257600,1630125
24-03-2025 12:18,23659.35,390075,195825,235.85,1736025,398250,74.3,1258875,1645125
24-03-2025 12:18,23659.25,393450,198900,234.15,1738350,371250,74.9,1184175,1647975
24-03-2025 12:18,23665.15,387075,200400,236.55,1736700,376950,74.85,1203525,1643475
24-03-2025 12:19,23660.1,388125,198225,235.6,1742100,367725,74.6,1199475,1639425
24-03-2025 12:19,23660,384525,201675,233.5,1730400,377025,74.8,1210500,1640175
24-03-2025 12:19,23653.8,385950,201675,230.7,1722225,384525,76,1226550,1652325
24-03-2025 12:19,23661.25,384150,198675,232.1,1716900,385200,75.45,1231275,1646850
24-03-2025 12:19,23660,383925,198300,232.2,1720575,387525,75.75,1242075,1645800
24-03-2025 12:19,23660,388500,197700,233.3,1723575,391200,75.55,1247175,1636800
24-03-2025 12:20,23660.05,387150,194850,235.95,1724100,387600,74.95,1230600,1655700
24-03-2025 12:20,23659.5,388275,197100,235.5,1725900,384300,74.7,1227825,1654275
24-03-2025 12:20,23665,383250,200175,235.4,1726725,384150,74.8,1237575,1650300
24-03-2025 12:20,23663.15,383925,200475,233.4,1724625,387150,75.2,1249200,1652550
24-03-2025 12:20,23660.1,383325,204525,230.9,1716225,392625,75.6,1263750,1627575
24-03-2025 12:20,23655.1,383250,204825,231.25,1711125,392625,75.75,1265700,1632750
24-03-2025 12:21,23655.7,385200,204750,232.55,1710000,397725,75.85,1275225,1625775
24-03-2025 12:21,23660.1,385425,203775,232.6,1711950,395175,75.9,1277250,1623000
24-03-2025 12:21,23655.25,383400,199950,231.25,1707450,396750,76,1282275,1622250
24-03-2025 12:21,23655.6,389175,197175,231.5,1703700,399300,75.75,1292400,1630800
24-03-2025 12:21,23653.8,382050,200700,230.55,1701600,406500,76.05,1289700,1622925
24-03-2025 12:21,23650,387900,204675,229.45,1697850,407550,75.9,1295775,1628100
24-03-2025 12:22,23650.7,386925,201300,229.05,1699050,409875,76.1,1289100,1628475
24-03-2025 12:22,23655,387150,203400,228.65,1697925,412350,76.4,1291500,1626750
24-03-2025 12:22,23648.25,387075,207900,226,1687500,417900,76.65,1296675,1623225
24-03-2025 12:22,23648.05,383025,208800,227.15,1691025,416025,76.4,1296225,1617600
24-03-2025 12:22,23655,390150,207225,230,1697100,414900,75.85,1287150,1668900
24-03-2025 12:22,23658.05,389175,203925,229.45,1698375,409050,76,1275600,1655550
24-03-2025 12:23,23658.05,386625,207675,231,1702800,410100,75.75,1274100,1665600
24-03-2025 12:23,23655,385350,205125,230.2,1705950,411000,75.85,1275225,1648725
24-03-2025 12:23,23651.85,388050,208875,230.3,1701600,416025,75.85,1292850,1641525
24-03-2025 12:23,23655,383400,208050,228.9,1703175,418425,76.3,1290225,1653225
24-03-2025 12:23,23651.2,388200,204300,229.25,1699950,420375,76.1,1296900,1635150
24-03-2025 12:23,23650.85,386700,204000,229.2,1707375,422550,76.3,1305450,1645350
24-03-2025 12:24,23650.85,382500,202575,228,1698225,426300,76.8,1310700,1639650
24-03-2025 12:24,23650.45,388725,205425,229.1,1701075,427500,76.4,1312050,1652325
24-03-2025 12:24,23655,390600,203100,230.25,1701450,425850,75.65,1288725,1671075
24-03-2025 12:24,23660,391275,196950,231.85,1705575,420525,75.05,1283475,1681500
24-03-2025 12:24,23654.55,384150,203025,230.7,1703550,416100,75.8,1261200,1673100
24-03-2025 12:24,23656.1,387375,204900,232,1703250,418125,75.2,1272225,1683450
24-03-2025 12:25,23655.35,388425,202050,232.8,1704750,414375,74.6,1250850,1693350
24-03-2025 12:25,23652.6,384825,205275,229.05,1702350,420225,75.95,1277850,1681500
24-03-2025 12:25,23656.9,388725,204750,230.95,1701600,423450,75.5,1273350,1674600
24-03-2025 12:25,23655.85,386475,203850,229.35,1701225,428625,76,1287150,1673775
24-03-2025 12:25,23654.75,393300,202650,231.25,1706250,426375,75.05,1273875,1676400
24-03-2025 12:25,23655.85,395100,200475,232.95,1709100,426900,74.55,1256550,1688550
24-03-2025 12:26,23659.8,394125,201675,236.1,1711725,414300,73.45,1248750,1687950
24-03-2025 12:26,23660,391200,205050,236,1707450,388425,73.2,1199175,1693800
24-03-2025 12:26,23664.8,395475,203550,236.2,1711950,395100,72.95,1198575,1691400
24-03-2025 12:26,23665,392550,200400,236.85,1713975,399225,72.35,1200600,1712625
24-03-2025 12:26,23660,398625,203175,232.95,1718925,399675,73.7,1187775,1700550
24-03-2025 12:26,23660.1,390750,202800,234.55,1711500,404550,73,1196625,1669050
24-03-2025 12:27,23660.1,387525,202275,233.75,1714425,408525,73.3,1206825,1678200
24-03-2025 12:27,23658.5,393525,205650,232.05,1716450,410925,73.9,1219500,1656825
24-03-2025 12:27,23657,389550,205350,231.85,1710600,413025,73.75,1222275,1642425
24-03-2025 12:27,23657.35,395625,207825,233.7,1708500,412950,73.65,1209525,1649100
24-03-2025 12:27,23659.05,397200,210075,235.85,1712025,412200,73.25,1217400,1664250
24-03-2025 12:27,23659.25,394350,201225,235.55,1709775,411450,73.15,1209525,1668600
24-03-2025 12:28,23665,398325,202725,237.1,1716000,409575,72.4,1210725,1675800
24-03-2025 12:28,23664.6,395175,198825,237.1,1718100,406275,72.5,1208400,1665675
24-03-2025 12:28,23661.1,391500,202875,235.3,1714125,406950,72.95,1222425,1661475
24-03-2025 12:28,23664.7,389250,205275,235.7,1714275,411225,72.95,1236450,1656750
24-03-2025 12:28,23660.05,390075,202950,236.15,1715325,412200,73.15,1238775,1652625
24-03-2025 12:28,23664.3,392250,204000,234.85,1715100,411375,73.35,1245675,1652025
24-03-2025 12:29,23664,393600,204975,234.8,1715625,407700,73.4,1229175,1668825
24-03-2025 12:29,23661.1,396975,204975,236,1716825,406575,72.45,1221825,1672575
24-03-2025 12:29,23665,393675,203400,236.9,1716675,405000,72,1221525,1671600
24-03-2025 12:29,23664.95,395475,204375,236.2,1717200,388575,72.3,1230450,1672275
24-03-2025 12:29,23665,397500,204000,235.4,1720350,393075,72.15,1229250,1674600
24-03-2025 12:29,23664.95,393975,205125,235.5,1710975,395250,72.35,1243200,1663050
24-03-2025 12:30,23662.4,398925,199800,235.4,1713825,386100,72.15,1225725,1685925
24-03-2025 12:30,23668.7,396600,206175,236.55,1717425,385575,71.3,1233525,1687350
24-03-2025 12:30,23669,396225,200325,237.25,1721175,389700,71.15,1222650,1699950
24-03-2025 12:30,23667.55,393450,204225,235,1724250,391950,72.05,1229250,1677150
24-03-2025 12:30,23663,393750,205125,235.1,1717350,398175,71.25,1231500,1682775
24-03-2025 12:30,23665,393150,207150,235.5,1720200,406125,71.35,1225650,1684950
24-03-2025 12:31,23662.15,393600,206775,234.3,1719225,408900,71.8,1220100,1686450
24-03-2025 12:31,23660.15,386250,211575,232.4,1718625,414525,72.35,1239150,1674150
24-03-2025 12:31,23660,388425,211650,230.55,1705050,411375,72.75,1249875,1646925
24-03-2025 12:31,23658.2,388575,207225,228.2,1704750,414225,73.5,1258200,1639800
24-03-2025 12:31,23655.55,395400,207000,232,1690050,413775,72.2,1253400,1669350
24-03-2025 12:31,23657.1,390450,208275,231.05,1692825,409800,73.1,1245600,1666200
24-03-2025 12:32,23656.95,393525,207075,232.2,1690650,414825,73.25,1248825,1639950
24-03-2025 12:32,23655.9,390825,209325,231.65,1692525,417450,73.45,1245525,1648950
24-03-2025 12:32,23655.9,389850,210750,229.95,1688400,423525,73.65,1288800,1650300
24-03-2025 12:32,23658,393450,207450,231.75,1686750,420450,73.05,1284975,1661400
24-03-2025 12:32,23656.1,390375,207675,230.8,1688925,420075,73.6,1262400,1667925
24-03-2025 12:32,23656,388575,207975,229,1689375,421800,74.1,1267800,1659675
24-03-2025 12:33,23656,395775,204300,230.15,1687275,422250,73.4,1261050,1674075
24-03-2025 12:33,23655.45,394725,206175,230.65,1689300,422700,72.8,1253925,1684200
24-03-2025 12:33,23653.1,391275,212475,227.75,1693800,424425,73.7,1283325,1684125
24-03-2025 12:33,23654.5,386400,209775,225,1677000,424950,74.9,1287150,1647150
24-03-2025 12:33,23651.6,388875,210675,227.05,1664775,424500,74.55,1304475,1618350
24-03-2025 12:33,23650.7,389325,209175,226.7,1668900,425925,74.75,1306725,1625475
24-03-2025 12:34,23652,393000,215100,227.75,1673700,429450,74.65,1304850,1635825
24-03-2025 12:34,23650.6,390450,209175,227.4,1675500,428100,74.7,1306275,1634775
24-03-2025 12:34,23650.4,391050,212025,226.15,1675425,430875,75,1303350,1624800
24-03-2025 12:34,23650,388950,210750,222.65,1664550,438300,76.15,1314750,1616025
24-03-2025 12:34,23646.6,396525,209025,223.1,1662900,434625,76.4,1312125,1607550
24-03-2025 12:34,23646,393675,211950,223.4,1666575,435225,76.35,1349850,1598250
24-03-2025 12:35,23646.95,399450,209175,222.85,1672725,435375,76.2,1343850,1615725
24-03-2025 12:35,23645.55,399300,206775,224,1672200,437550,75.75,1333575,1617000
24-03-2025 12:35,23642.85,393450,208200,224,1674825,438375,76.1,1313325,1627875
24-03-2025 12:35,23649,401625,206625,225.1,1678425,442050,75.65,1317075,1629750
24-03-2025 12:35,23649.1,394050,208800,225.7,1677750,435975,75.7,1302225,1635150
24-03-2025 12:35,23647.05,398475,209625,224.8,1674375,437475,76.35,1330350,1614900
24-03-2025 12:36,23649.75,403500,205950,226,1676175,433275,75.7,1326825,1619400
24-03-2025 12:36,23647.6,399900,211800,225.55,1685025,435825,76.35,1318050,1625925
24-03-2025 12:36,23650,398400,206025,225.45,1681725,437025,76.45,1291350,1611900
24-03-2025 12:36,23649.5,400425,207825,227.4,1681800,437100,75.7,1282125,1616025
24-03-2025 12:36,23650.6,404250,210075,228.7,1681200,430800,75.3,1262025,1634100
24-03-2025 12:36,23654.1,402075,208650,229,1675350,425175,75,1258800,1650000
24-03-2025 12:37,23654.05,404625,207000,230.65,1683225,421575,74.55,1262400,1655175
24-03-2025 12:37,23654,401400,207675,231.35,1677150,421725,73.9,1268400,1652475
24-03-2025 12:37,23652.1,406350,209625,228.05,1679625,425475,75.15,1258500,1670400
24-03-2025 12:37,23653,403125,210600,227.75,1672275,429450,75.15,1309200,1636125
24-03-2025 12:37,23657.1,405075,208275,230.65,1675800,434625,74.2,1296000,1645200
24-03-2025 12:37,23654.05,403125,210075,230.95,1696500,433125,73.7,1284450,1629825
24-03-2025 12:38,23660.55,403200,213750,229.9,1694850,429300,73.7,1282350,1630200
24-03-2025 12:38,23657.05,395325,213225,228.95,1690350,437400,74.95,1274625,1628625
24-03-2025 12:38,23652.1,395025,211950,228.1,1684350,439575,75.4,1308150,1605900
24-03-2025 12:38,23652.1,399225,207375,229.25,1681275,442800,74.5,1299000,1615875
24-03-2025 12:38,23652.1,400650,210450,227.1,1671750,450825,75.15,1301850,1619100
24-03-2025 12:38,23652.1,402150,206175,228.2,1671825,450375,74.55,1308900,1627950
24-03-2025 12:39,23653,402150,210450,227.55,1676550,451875,74.55,1305225,1633725
24-03-2025 12:39,23650.35,393750,212925,225.7,1671450,457275,75.55,1323075,1621800
24-03-2025 12:39,23646.95,395625,211800,224.55,1694400,457950,76.1,1339725,1610475
24-03-2025 12:39,23646,396075,212625,223.05,1704525,463275,76.9,1340325,1598775
24-03-2025 12:39,23646,393525,211725,223.9,1702050,462675,76.35,1340850,1595325
24-03-2025 12:39,23643.1,396600,208575,221.05,1738500,461700,77.65,1344525,1591350
24-03-2025 12:40,23640,393525,214875,217.15,1751325,459225,78.65,1338975,1584150
24-03-2025 12:40,23640,398250,211425,219.5,1729725,457800,77.5,1334475,1570200
24-03-2025 12:40,23637.7,394875,213975,217.5,1730775,452250,78.7,1317750,1570800
24-03-2025 12:40,23642,396525,210000,220.5,1742175,445800,77.5,1316850,1595325
24-03-2025 12:40,23646,403275,210525,221.3,1791000,444675,77,1296000,1609200
24-03-2025 12:40,23643.15,396300,211725,220.5,1792650,442500,77.6,1283925,1616325
24-03-2025 12:41,23641.6,397125,214050,221.75,1687125,445650,77.2,1277250,1603125
24-03-2025 12:41,23646.2,407700,208275,224.7,1699425,443925,76.3,1263300,1620525
24-03-2025 12:41,23646.65,402075,207075,225.5,1703325,442575,75.95,1266075,1628550
24-03-2025 12:41,23646.1,399975,208200,224.35,1699275,447075,76.35,1292550,1629825
24-03-2025 12:41,23646,398625,209625,223.85,1700475,459825,76.9,1293000,1628550
24-03-2025 12:41,23648,401550,208200,223.05,1704075,452550,76.45,1284225,1631475
24-03-2025 12:42,23650,407700,205800,227,1708275,450675,75.05,1278000,1641975
24-03-2025 12:42,23651.15,405375,209625,226.25,1708500,444900,75.55,1273800,1638375
24-03-2025 12:42,23647.45,402375,210600,225.45,1707600,450675,76,1281150,1628250
24-03-2025 12:42,23650,401700,211500,225.5,1704375,451425,76.3,1292175,1629075
24-03-2025 12:42,23651.95,407700,206775,227.55,1708425,443625,75.3,1270950,1643400
24-03-2025 12:42,23651.55,403425,206925,229.95,1707900,438600,74.8,1266975,1641375
24-03-2025 12:43,23651,399225,210750,227.7,1707900,433950,75.45,1271475,1654125
24-03-2025 12:43,23652.1,409425,209175,227.45,1703775,441150,75.65,1282425,1641750
24-03-2025 12:43,23650,402000,210225,226.4,1708275,444375,76.05,1286250,1650600
24-03-2025 12:43,23651,406725,206100,228.1,1711650,445500,75.1,1286100,1648200
24-03-2025 12:43,23649.95,403350,209925,226.7,1714875,449250,75.55,1290150,1651725
24-03-2025 12:43,23649.55,402525,209850,226.2,1712400,449850,75.8,1297950,1647900
24-03-2025 12:44,23650.75,406200,210675,227.2,1712925,449925,75.4,1308075,1650825
24-03-2025 12:44,23652.9,407100,211575,228.25,1716450,447000,74.7,1273050,1671900
24-03-2025 12:44,23650.95,404700,204075,229.05,1716450,446775,74.65,1277550,1660125
24-03-2025 12:44,23651.1,404850,208875,229,1718850,441375,74.95,1271400,1677075
24-03-2025 12:44,23651.75,404550,209175,228.75,1718475,444525,74.8,1269900,1678500
24-03-2025 12:44,23652.15,410250,208875,228,1718550,449475,74.15,1272450,1694400
24-03-2025 12:45,23652.1,402675,209775,227.8,1721550,452250,74.55,1272300,1681650
24-03-2025 12:45,23650.55,406650,209850,228,1719075,453900,74.05,1290900,1679100
24-03-2025 12:45,23653.3,407400,207600,228.65,1725150,450825,74,1275975,1688250
24-03-2025 12:45,23653.1,404550,210150,229.05,1720350,445725,74,1271775,1677150
24-03-2025 12:45,23653.1,409125,209625,229,1724400,449475,74.1,1283700,1682175
24-03-2025 12:45,23652.45,407625,209850,229.2,1726950,452625,74.1,1280550,1693200
24-03-2025 12:46,23652.4,407025,209625,227.4,1722525,458700,74.95,1297725,1678725
24-03-2025 12:46,23647.9,398925,211425,223.5,1710675,459750,77.25,1307550,1656300
24-03-2025 12:46,23646,399750,211800,224.45,1701000,453075,76.95,1284075,1644075
24-03-2025 12:46,23646.8,393825,216525,222.8,1702275,456375,77.5,1295925,1640700
24-03-2025 12:46,23641,401850,216600,221,1698150,452700,78.95,1301625,1623750
24-03-2025 12:46,23646.9,405300,207975,224.95,1699200,452400,76.8,1293075,1650600
24-03-2025 12:47,23645.45,401175,209400,225.6,1709550,449175,76.5,1272825,1650600
24-03-2025 12:47,23648.1,406050,210525,224.3,1713525,460125,76.85,1271325,1663875
24-03-2025 12:47,23646.1,405000,211650,224.1,1707975,467025,77.25,1275750,1649550
24-03-2025 12:47,23646.1,406800,211125,224.45,1708200,466950,77.1,1271925,1658850
24-03-2025 12:47,23645,404775,213075,223.65,1707000,466650,76.55,1275300,1664475
24-03-2025 12:47,23645,405375,213000,222.15,1706625,469575,77.6,1284600,1663575
24-03-2025 12:48,23648,401325,212100,222.9,1711125,470550,77,1281450,1654800
24-03-2025 12:48,23645.15,405600,208650,223.9,1713150,469875,76.9,1282050,1665075
24-03-2025 12:48,23649.85,408150,208725,226.95,1715475,468900,75,1270575,1691625
24-03-2025 12:48,23652.9,409200,207150,228,1720200,463350,74.6,1260450,1692825
24-03-2025 12:48,23654,408525,206700,227.5,1721175,461850,74.8,1265325,1693200
24-03-2025 12:48,23652.9,408000,210375,229.5,1713825,471450,74,1268025,1691175
24-03-2025 12:49,23655,410550,207825,229,1716000,454800,74.3,1248825,1696650
24-03-2025 12:49,23656.6,409200,213450,233,1716300,438975,72.6,1245000,1700925
24-03-2025 12:49,23657.9,408225,208500,232.3,1715250,417525,73,1224525,1699650
24-03-2025 12:49,23664.8,408150,208425,233.9,1716600,417600,71.9,1239225,1700925
24-03-2025 12:49,23660.1,407025,211800,232.4,1713375,403500,72.5,1237875,1694700
24-03-2025 12:49,23659.55,405300,209625,234,1714200,407475,72,1249725,1705200
24-03-2025 12:50,23660,403725,212325,230.45,1708050,411900,72.8,1264800,1695375
24-03-2025 12:50,23657.9,404625,211125,231.05,1698750,417750,73.15,1276425,1682325
24-03-2025 12:50,23657.9,401400,216075,229.8,1703700,420675,73.55,1302075,1695600
24-03-2025 12:50,23654.9,404475,214500,228.95,1698750,421950,73.95,1301775,1685625
24-03-2025 12:50,23655.1,407400,215175,230.9,1700175,422625,73.3,1308450,1709025
24-03-2025 12:50,23655.2,406125,211200,230.7,1701900,421650,73.55,1290150,1706700
24-03-2025 12:51,23654.8,405150,214950,230.15,1696275,420225,74.2,1296975,1700325
24-03-2025 12:51,23654.75,403950,218850,229.55,1697250,425325,74.5,1296450,1696200
24-03-2025 12:51,23649.85,404250,216450,224.55,1698825,429975,76.45,1310925,1686750
24-03-2025 12:51,23647.95,400575,217575,225.7,1684575,430725,76.35,1318275,1658250
24-03-2025 12:51,23648.1,401025,218625,226.65,1686600,426450,75.8,1285500,1668975
24-03-2025 12:51,23649.85,405075,216750,227.5,1692375,432750,75.45,1279500,1682925
24-03-2025 12:52,23649,400725,220800,226.2,1698225,434550,75.9,1295325,1684050
24-03-2025 12:52,23648,402450,221250,224.75,1698450,436875,75.8,1304700,1674825
24-03-2025 12:52,23648.35,403350,218700,226.5,1696575,436200,75.85,1305975,1684125
24-03-2025 12:52,23648,399900,219150,225,1699950,441525,76.55,1303200,1688550
24-03-2025 12:52,23647.9,402375,220125,227.3,1700775,440700,75.85,1303050,1694175
24-03-2025 12:52,23648.05,409800,216000,226,1698600,441450,76.2,1296750,1681575
24-03-2025 12:53,23647.5,407925,215850,226.6,1701600,441000,76.1,1307625,1690275
24-03-2025 12:53,23647.3,408075,212625,226.2,1700475,439950,76.1,1304550,1684950
24-03-2025 12:53,23648.1,410025,216225,226.15,1702200,437925,76,1292325,1690950
24-03-2025 12:53,23648.3,407550,218775,225,1704075,443250,76.2,1299375,1686300
24-03-2025 12:53,23648.3,409500,214425,224.85,1702650,440325,76.2,1302075,1691925
24-03-2025 12:53,23648.45,411150,213075,226.1,1701075,437175,75.4,1293300,1694925
24-03-2025 12:54,23650.05,410250,215925,226,1705950,443250,75.8,1310250,1692225
24-03-2025 12:54,23648.2,404625,216225,226.6,1703100,442800,75.85,1312950,1684575
24-03-2025 12:54,23652,414375,211500,229.8,1711500,441075,74.4,1316175,1708275
24-03-2025 12:54,23653.55,416100,214200,230.6,1714650,425025,73.95,1287225,1713600
24-03-2025 12:54,23653.55,412875,214425,230,1710075,424875,73.9,1292625,1713600
24-03-2025 12:54,23654.65,415575,213150,230,1715475,421125,73.95,1287300,1726350
24-03-2025 12:55,23657.9,411525,212475,230.9,1716525,422325,73.6,1299600,1719825
24-03-2025 12:55,23654.6,412200,216525,230.4,1716225,429225,73.85,1316325,1716900
24-03-2025 12:55,23656.45,417450,214125,231.35,1714125,420225,73.5,1297875,1716675
24-03-2025 12:55,23655.55,411525,215550,229.9,1713000,420900,73.85,1288950,1724100
24-03-2025 12:55,23656.55,418875,213750,233,1719750,420900,72.5,1284750,1745400
24-03-2025 12:55,23656.55,415350,216975,230,1717425,437325,73.3,1284450,1742250
24-03-2025 12:56,23654.6,408000,217050,227.7,1712700,441300,74.5,1293150,1718025
24-03-2025 12:56,23653,407400,216525,228.35,1708200,442425,74.35,1308525,1701600
24-03-2025 12:56,23650.5,411225,217725,227,1706400,446025,74.8,1317675,1696125
24-03-2025 12:56,23649.95,409875,216600,226.4,1703550,450225,75.15,1309650,1686750
24-03-2025 12:56,23648.6,406650,219300,222.9,1698375,456150,76.85,1336875,1683150
24-03-2025 12:56,23642.6,401700,219300,220.7,1687350,452925,78.15,1332225,1658700
24-03-2025 12:57,23642.1,401550,215325,220,1670250,452025,78.95,1332450,1647900
24-03-2025 12:57,23632,397275,217125,213.1,1667550,451650,81.1,1346175,1628925
24-03-2025 12:57,23630.3,393525,223050,210.15,1647900,451125,81.95,1344600,1597725
24-03-2025 12:57,23631.9,396750,218400,213.25,1635750,451425,81.1,1338675,1591800
24-03-2025 12:57,23634,394650,220725,215.3,1644300,445425,80.9,1324800,1603800
24-03-2025 12:57,23631.9,395550,219750,214.55,1648425,450225,81.5,1328925,1611975
24-03-2025 12:58,23630.1,398625,220350,211.55,1644000,457125,82.9,1343025,1600275
24-03-2025 12:58,23628,392775,218175,212,1650825,462000,82.85,1347900,1599675
24-03-2025 12:58,23625.9,397350,221175,210.15,1649400,465975,83.35,1345200,1590600
24-03-2025 12:58,23631,402450,219075,213.15,1654050,463200,82,1342575,1594725
24-03-2025 12:58,23632.1,401250,218550,213.3,1657650,467175,81.7,1330725,1602975
24-03-2025 12:58,23633.15,405375,218775,215.85,1666425,458925,80.4,1321500,1622250
24-03-2025 12:59,23635,404175,222900,216.75,1668150,464400,80.15,1311150,1635825
24-03-2025 12:59,23635,401100,219525,216.55,1669425,474075,80.2,1323600,1638000
24-03-2025 12:59,23635.75,405900,221475,217.5,1669200,478575,79.95,1308150,1641750
24-03-2025 12:59,23636,403200,218850,217.8,1667400,479325,79.8,1321050,1637325
24-03-2025 12:59,23635,405450,222000,215.6,1669350,484950,81.2,1320375,1644825
24-03-2025 12:59,23635,400050,222225,214,1661250,487350,82.2,1333875,1618575
24-03-2025 13:00,23635,400575,221175,214.6,1659075,484650,82,1319250,1608000
24-03-2025 13:00,23635,405150,217425,217.3,1661025,479700,80.8,1316700,1641900
24-03-2025 13:00,23633.05,400200,218250,216.05,1664925,483225,81.6,1331400,1621575
24-03-2025 13:00,23634.6,405300,217425,217.8,1667550,483075,80.6,1326900,1650525
24-03-2025 13:00,23635.15,410700,218550,217,1675425,481950,80.45,1320075,1640625
24-03-2025 13:00,23635.15,409950,217500,217.8,1669575,482625,80.2,1323300,1655325
24-03-2025 13:01,23635.8,406875,217800,218.4,1672725,498975,79.55,1332075,1659075
24-03-2025 13:01,23636.55,408000,219225,218.4,1678350,506175,79.25,1319700,1671075
24-03-2025 13:01,23635.55,409200,219075,217.25,1680300,506400,80,1313925,1671975
24-03-2025 13:01,23635,403725,218250,216.95,1674225,506775,80.95,1312575,1661700
24-03-2025 13:01,23635,403575,222150,213.35,1670700,514275,82.6,1317750,1635900
24-03-2025 13:01,23631,386025,215775,211.65,1666350,490275,84.35,1318275,1628475
24-03-2025 13:02,23627,401025,222975,209.1,1662825,491100,85,1328775,1614150
24-03-2025 13:02,23628.05,405525,218775,211.7,1658475,489600,83.75,1320000,1598325
24-03-2025 13:02,23630,407625,220800,212.5,1660800,483600,83.1,1310625,1614375
24-03-2025 13:02,23635,409125,215250,217.65,1672725,484350,80.3,1306500,1635975
24-03-2025 13:02,23635,403950,216675,217,1670700,479325,80.45,1271100,1648875
24-03-2025 13:02,23637,401250,218175,215.6,1669425,485400,81.15,1278150,1650150
24-03-2025 13:03,23634.95,402675,218325,216.35,1666350,484650,80.55,1282350,1652925
24-03-2025 13:03,23632.6,407025,222075,216.35,1667400,487275,80.7,1292550,1656300
24-03-2025 13:03,23635.15,407925,216900,218,1670325,488775,79.85,1284075,1654275
24-03-2025 13:03,23638.55,407850,216600,219.15,1674300,490575,78.1,1261650,1671075
24-03-2025 13:03,23638.35,402300,216975,219.75,1674675,484200,78.05,1253850,1676625
24-03-2025 13:03,23640.85,413025,217275,220.7,1672200,485025,77.35,1251075,1660350
24-03-2025 13:04,23642.05,410550,224100,221.9,1675200,478950,76.95,1245975,1658025
24-03-2025 13:04,23646.75,411450,215925,224.5,1680675,471000,75.2,1261275,1656300
24-03-2025 13:04,23647,408000,212850,225,1676850,465150,75,1220925,1656975
24-03-2025 13:04,23645.2,401925,213525,222,1675575,474150,76.75,1321425,1652700
24-03-2025 13:04,23643.05,407025,212925,223,1669125,482025,76.3,1298400,1636425
24-03-2025 13:04,23643.6,406125,217275,222,1673925,480750,77.25,1280850,1646775
24-03-2025 13:05,23645,402750,213975,223,1673475,481200,76.8,1275900,1645575
24-03-2025 13:05,23644.95,404775,213300,223.75,1677075,473025,76.4,1262325,1665900
24-03-2025 13:05,23644.2,402000,214650,222.1,1674075,481350,76.7,1295175,1661850
24-03-2025 13:05,23644.5,399825,214800,222.2,1676700,481875,76.9,1301550,1662300
24-03-2025 13:05,23643.1,403425,212925,222,1679250,479775,77.2,1305825,1666500
24-03-2025 13:05,23641.5,398625,214875,220.8,1678875,479325,77.45,1326150,1660050
24-03-2025 13:06,23647.8,409125,214125,220.8,1683600,481050,77.15,1318875,1687875
24-03-2025 13:06,23643.55,403425,215025,222.8,1680000,480600,76.45,1322775,1676400
24-03-2025 13:06,23645,399600,216450,222.7,1681425,475875,76.35,1306275,1674375
24-03-2025 13:06,23649.1,406050,213825,222.7,1684275,476475,75.6,1303650,1679400
24-03-2025 13:06,23647,404400,214800,222.65,1685475,472800,75.9,1297725,1685700
24-03-2025 13:06,0,0,0,222.3,1683000,476700,75.7,1312875,1676175
24-03-2025 13:07,23646.5,402300,212325,223,1680300,477525,75.9,1307100,1676925
24-03-2025 13:07,23646.3,407475,213000,223,1686825,477300,75.2,1305375,1691775
24-03-2025 13:07,23650,405150,211275,224.4,1687275,479100,74.55,1288725,1688625
24-03-2025 13:07,23650,405300,212175,224.7,1685175,466575,74.5,1282425,1693350
24-03-2025 13:07,23648.95,403725,212700,224.7,1683225,464850,74.5,1254225,1698225
24-03-2025 13:07,23651.2,404475,211650,225.8,1685550,467625,73.3,1258500,1703850
24-03-2025 13:08,23651.15,402900,213900,225.5,1696650,458775,73.6,1245600,1707225
24-03-2025 13:08,23649.55,403425,213225,224.4,1687350,461250,74.3,1258650,1678650
24-03-2025 13:08,23649.1,401475,216000,223.4,1680750,462000,75.1,1281750,1674675
24-03-2025 13:08,23649.1,400050,211200,224.8,1682625,466200,75,1294050,1673400
24-03-2025 13:08,23650.6,403650,215100,225.2,1682100,468450,74.85,1299675,1690275
24-03-2025 13:08,23650.95,401175,213525,225.55,1683975,464400,74.85,1274025,1691175
24-03-2025 13:09,23650,405900,210750,226.55,1685475,466350,74,1273575,1691550
24-03-2025 13:09,23652.9,404700,214725,225.5,1686600,460800,74.3,1281075,1698825
24-03-2025 13:09,23650.25,403200,213300,226.9,1684350,463275,74.1,1287225,1705200
24-03-2025 13:09,23650.25,400350,213600,227.15,1687050,465675,74.1,1307175,1719150
24-03-2025 13:09,23655,406800,208875,228.75,1687800,455925,73,1278450,1725975
24-03-2025 13:09,23653.6,400800,209625,229,1683975,449625,73.1,1279200,1724925
24-03-2025 13:10,23656.15,404925,209250,229.35,1682700,447075,72.75,1285575,1725525
24-03-2025 13:10,23655,400800,209925,230,1685325,429525,73.1,1275525,1722375
24-03-2025 13:10,23657,401775,209850,230.65,1721325,426750,72.7,1271475,1735575
24-03-2025 13:10,23655,401850,212700,228.6,1711950,428925,73.25,1273575,1739250
24-03-2025 13:10,23652.1,400350,211425,227.5,1702050,434475,73.45,1312650,1723275
24-03-2025 13:10,23652.9,401925,215100,227.4,1680000,439650,73.7,1336875,1713075
24-03-2025 13:11,23654.95,407700,210225,229.6,1682175,440550,73.15,1338825,1719000
24-03-2025 13:11,23652.95,405750,212400,228.35,1685100,440925,73.7,1329450,1723800
24-03-2025 13:11,23656,404625,212550,229.15,1697400,440325,73.35,1330500,1745625
24-03-2025 13:11,23655,403500,214725,230.25,1693950,449775,72.7,1333275,1734375
24-03-2025 13:11,23656.5,404700,212250,231.1,1686975,431475,72.55,1315950,1738125
24-03-2025 13:11,23659.35,405825,210525,232.65,1688475,429900,72.1,1307550,1811175
24-03-2025 13:12,23659,404925,212775,232,1690800,413925,71.6,1290000,1760775
24-03-2025 13:12,23659.25,405450,216450,233.15,1682925,418275,71,1283775,1752525
24-03-2025 13:12,23657,400500,215475,229.15,1684725,420375,73.15,1262850,1749900
24-03-2025 13:12,23654,404100,214500,229,1669050,423225,72.95,1269825,1713750
24-03-2025 13:12,23654.95,404925,210975,230.25,1673475,415500,72.4,1270275,1731450
24-03-2025 13:12,23656.45,407250,212550,231.6,1675350,425400,72.15,1272150,1748850
24-03-2025 13:13,23660,406350,212100,232.45,1679925,426450,71.75,1260150,1754250
24-03-2025 13:13,23662,409725,209775,234.4,1681350,427425,71,1249575,1742025
24-03-2025 13:13,23660,403875,217125,232.15,1683300,426000,71.55,1260825,1736850
24-03-2025 13:13,23659.1,407625,212700,233,1681050,432900,71.35,1274250,1731300
24-03-2025 13:13,23663,406800,209025,235.1,1679175,439350,69.6,1268400,1742025
24-03-2025 13:13,23662.5,404850,209100,235.05,1681425,407325,69.8,1194000,1742925
24-03-2025 13:14,23660,400050,211125,231.45,1677525,415725,71,1263525,1736175
24-03-2025 13:14,23661.4,407700,212850,234.5,1681050,417000,70.2,1241850,1745775
24-03-2025 13:14,23661.2,401550,209100,232.25,1679700,423750,71.3,1266600,1751775
24-03-2025 13:14,23659.85,405900,213300,230.65,1676175,432600,72,1291050,1726125
24-03-2025 13:14,23663.75,406800,210525,233.75,1675350,435300,70.55,1264275,1728300
24-03-2025 13:14,23665,406125,207675,234.35,1682550,434250,70.7,1217250,1738050
24-03-2025 13:15,23665,406500,211800,234.2,1693200,436500,70.45,1222950,1737150
24-03-2025 13:15,23662.25,409800,209850,235,1688100,430425,69.8,1232925,1747350
24-03-2025 13:15,23661.5,404625,211725,234.05,1691775,426825,70.65,1222425,1764150
24-03-2025 13:15,23661.5,404475,213000,232.85,1688625,425025,70.95,1257450,1754700
24-03-2025 13:15,23664.1,407175,208950,235,1686075,416025,69.8,1225950,1767300
24-03-2025 13:15,23666.1,406125,205650,237.65,1690575,411000,68.65,1204350,1763325
24-03-2025 13:16,23665,404025,204600,236.7,1695525,384525,68.65,1189875,1759575
24-03-2025 13:16,23670,407625,204450,238.1,1698300,388050,68.3,1194975,1760250
24-03-2025 13:16,23667.35,406500,202725,238.7,1702650,379500,67.65,1154925,1785900
24-03-2025 13:16,23671.15,403950,198750,239.1,1709925,384600,68,1174425,1774125
24-03-2025 13:16,23672.65,406425,196425,238.3,1713000,376050,68.5,1200300,1776000
24-03-2025 13:16,23671.5,402075,197850,240,1719150,359550,68.1,1181400,1783875
24-03-2025 13:17,23668.55,407175,198225,238.7,1719525,361575,68.2,1182525,1771875
24-03-2025 13:17,23668.6,403050,200025,238.5,1711575,373800,68.1,1181175,1761450
24-03-2025 13:17,23668,404625,199200,239.25,1710600,375750,68.5,1190100,1761525
24-03-2025 13:17,23665.3,402525,202875,236.5,1706325,376350,69.35,1222875,1740525
24-03-2025 13:17,23665.65,404250,198600,238.35,1691550,376425,69.55,1236675,1732200
24-03-2025 13:17,23666.35,406050,198675,238.5,1697250,376800,69.25,1221450,1741350
24-03-2025 13:18,23664.95,400350,203325,236.6,1694775,385050,70,1221225,1740450
24-03-2025 13:18,23663.75,405750,201300,237.15,1695600,383925,70.1,1231200,1726725
24-03-2025 13:18,23665.85,407925,199725,238.1,1696725,381000,69.35,1217325,1739250
24-03-2025 13:18,23668,409050,202500,237.3,1698000,382650,69.75,1206600,1738425
24-03-2025 13:18,23669.5,404250,201300,237.25,1697250,388200,69.95,1227525,1733325
24-03-2025 13:18,23665,403575,200550,237.15,1696350,382875,69.85,1221450,1739400
24-03-2025 13:19,23661,401100,206100,233.95,1694475,385800,70.8,1237800,1736325
24-03-2025 13:19,23657.95,405750,205500,232.4,1681350,386400,71.25,1247625,1708575
24-03-2025 13:19,23657.5,402000,206625,229.6,1676700,388200,73.3,1290000,1711575
24-03-2025 13:19,23654.5,403725,206400,230.75,1669050,388350,72.75,1247775,1670475
24-03-2025 13:19,23654.2,403425,208350,230.4,1669125,390900,72.8,1288950,1669050
24-03-2025 13:19,23655.15,408075,208500,230.35,1669350,397050,72.6,1293525,1672050
24-03-2025 13:20,23659.5,412350,201975,233,1680225,394125,72,1282575,1691175
24-03-2025 13:20,23658.45,405075,204675,234.5,1677075,382500,71.75,1231275,1705200
24-03-2025 13:20,23658.9,405375,205650,234.25,1675425,385725,72.05,1250625,1695300
24-03-2025 13:20,23656.6,404250,205350,231.5,1675200,391950,73.2,1261200,1684125
24-03-2025 13:20,23658.1,407700,202350,233.35,1675200,390450,72.7,1256550,1668525
24-03-2025 13:20,23660.45,413325,200550,234.55,1681950,388125,71.7,1239825,1724775
24-03-2025 13:21,23660.65,408525,199650,233.7,1679400,380700,72.2,1235025,1722975
24-03-2025 13:21,23658.5,406950,204900,233.85,1678650,389775,72.1,1252350,1708950
24-03-2025 13:21,23656.9,405450,205275,232.9,1678575,394200,72.45,1263000,1704825
24-03-2025 13:21,23659.5,408150,203925,233.75,1677825,392175,72,1263600,1721175
24-03-2025 13:21,23662.4,410550,202800,236.7,1683075,392100,71.15,1247100,1742925
24-03-2025 13:21,23657,401850,203700,233.25,1679025,392775,72.15,1259475,1712700
24-03-2025 13:22,23657.2,411150,201900,232.85,1677375,396450,72.4,1259700,1693650
24-03-2025 13:22,23657.2,404700,202725,232.9,1675650,398250,72.45,1264950,1690875
24-03-2025 13:22,23655.05,404775,205950,231.45,1676400,398025,73.15,1264275,1690500
24-03-2025 13:22,23658.35,413325,202650,233.05,1675800,397950,71.9,1243875,1725675
24-03-2025 13:22,23658.8,408600,202050,233.3,1678950,391200,72,1252950,1740225
24-03-2025 13:22,23658.8,413625,204825,234.5,1676700,395100,71.65,1254450,1717575
24-03-2025 13:23,23658,407625,206625,233.55,1678950,398550,72,1256925,1724700
24-03-2025 13:23,23658.3,410100,206775,232.8,1681050,398175,72.15,1276350,1706775
24-03-2025 13:23,23660,405525,205500,231.75,1681350,396750,72.8,1264275,1736925
24-03-2025 13:23,23657.25,411450,202650,233,1679175,397050,72.35,1280325,1745625
24-03-2025 13:23,23657.6,407250,201525,232.85,1680600,392400,72.2,1253550,1710600
24-03-2025 13:23,23657.35,410175,203925,233.5,1678275,393525,72.3,1259550,1707525
24-03-2025 13:24,23656.7,405300,207975,231.5,1678650,392475,72.95,1265100,1716675
24-03-2025 13:24,23657,410025,205425,232.15,1679175,393300,72.2,1268025,1708875
24-03-2025 13:24,23658,403275,205200,229.45,1677900,393825,73.25,1270575,1698225
24-03-2025 13:24,23653.45,402900,204975,229.3,1670025,393000,73.25,1277325,1684800
24-03-2025 13:24,23656.6,409425,204150,229.65,1670475,391125,73.3,1273275,1689900
24-03-2025 13:24,23656.6,410700,204750,231.2,1680750,390525,72.75,1278450,1694250
24-03-2025 13:25,23660.4,406725,202650,235.4,1692450,389925,71.1,1256325,1715250
24-03-2025 13:25,23658.65,403800,204600,234.75,1693500,382350,71.45,1239375,1718325
24-03-2025 13:25,23658.75,404025,205950,234,1693425,386550,71.85,1255875,1696500
24-03-2025 13:25,23660.35,412275,200175,235.7,1701900,382650,71.05,1253400,1702950
24-03-2025 13:25,23662.7,409200,203850,235.75,1698600,383700,71.05,1267125,1691475
24-03-2025 13:25,23662.25,405675,200775,235.95,1700100,385575,71.1,1252800,1697250
24-03-2025 13:26,23661.65,403650,205500,234.3,1698375,392475,71.5,1274400,1695975
24-03-2025 13:26,23661,404250,203250,233.8,1697700,392475,71.7,1278975,1685400
24-03-2025 13:26,23669.9,409650,201825,238,1703250,392175,70.35,1277625,1736025
24-03-2025 13:26,23667.5,402450,203025,238.6,1704075,373350,70,1208550,1721400
24-03-2025 13:26,23667.5,405000,202650,238.05,1708575,379050,69.9,1209825,1727025
24-03-2025 13:26,23666,409125,200625,239.95,1713225,380700,69.25,1210800,1741875
24-03-2025 13:27,23665,400875,204750,236.5,1712325,372225,70.6,1228125,1726200
24-03-2025 13:27,23663.95,402750,204675,234.95,1702725,375825,71.3,1237050,1736550
24-03-2025 13:27,23664,397050,205650,235,1697925,377925,71.45,1234575,1709400
24-03-2025 13:27,23661.05,410700,207975,234.15,1699200,386400,71.85,1243275,1723275
24-03-2025 13:27,23663.75,410625,199875,237.35,1704000,386025,70.25,1242675,1736025
24-03-2025 13:27,23665,406650,203700,237.3,1703625,385575,70.45,1228350,1731750
24-03-2025 13:28,23665,407250,206175,237.2,1702125,387525,70.25,1246275,1727775
24-03-2025 13:28,23665,411525,204825,236.45,1700625,384825,70.7,1243725,1729950
24-03-2025 13:28,23665,404475,205200,236.7,1703025,389400,70.2,1233075,1741125
24-03-2025 13:28,23663.05,409425,204825,237.25,1699575,390450,70.35,1251000,1737975
24-03-2025 13:28,23668,409425,202350,237.4,1700250,388800,69.95,1248300,1750125
24-03-2025 13:28,23663.05,402225,206025,235.5,1697325,388575,70.55,1234650,1745625
24-03-2025 13:29,23664.3,408825,202050,235.85,1696350,388500,70.25,1239825,1731600
24-03-2025 13:29,23665.85,412275,201825,238.5,1707900,385950,69.45,1216650,1742475
24-03-2025 13:29,23665.3,404250,205350,237.75,1707825,379500,70,1235025,1760175
24-03-2025 13:29,23668.95,403800,206325,237,1704750,386175,70.15,1240125,1737675
24-03-2025 13:29,23666.4,412200,206175,238,1705950,388350,69.7,1251075,1742025
24-03-2025 13:29,23666.5,404325,207675,236.1,1704975,384075,70.4,1241475,1740750
24-03-2025 13:30,23666.5,409950,204450,236.6,1699575,386775,70,1249200,1736325
24-03-2025 13:30,23665,398850,208200,234.55,1697925,387900,71.15,1259250,1725825
24-03-2025 13:30,23663.75,405300,205500,236.55,1696200,385050,70.35,1261275,1718625
24-03-2025 13:30,23665,406275,204825,236.4,1695600,390450,70.45,1246275,1714500
24-03-2025 13:30,23663,402375,204600,236.35,1697775,390750,70.7,1245000,1715025
24-03-2025 13:30,23665,408150,206100,234.9,1696950,390525,71.3,1250025,1706700
24-03-2025 13:31,23662,410250,202500,235.45,1697925,388950,71.15,1246950,1723725
24-03-2025 13:31,23662.7,406875,203925,236.45,1697325,387225,70.65,1245825,1749975
24-03-2025 13:31,23661.55,400275,205875,236.25,1696575,391500,71.15,1255800,1734000
24-03-2025 13:31,23663.2,408300,204525,237,1696875,394800,70.45,1259100,1723350
24-03-2025 13:31,23665.1,413550,202200,237.9,1697550,388050,70.35,1243575,1727250
24-03-2025 13:31,23667,413400,201600,239.45,1701825,381000,69.7,1248750,1749225
24-03-2025 13:32,23665.15,411750,203400,238.05,1698900,376500,70,1245225,1729050
24-03-2025 13:32,23665.7,413850,202425,238.4,1698300,374775,69.7,1243650,1738650
24-03-2025 13:32,23664.95,411900,205050,238.55,1698975,377175,70,1250625,1736700
24-03-2025 13:32,23666.7,412875,200625,239.35,1701150,375300,69.4,1234200,1757775
24-03-2025 13:32,23667.7,410850,204750,238.95,1697700,363525,69.6,1223550,1734300
24-03-2025 13:32,23666.2,399525,204900,237.6,1699725,366675,70.2,1239150,1737525
24-03-2025 13:33,23666,408375,202275,238,1695750,368850,70,1241400,1733625
24-03-2025 13:33,23667.55,409425,198525,239.1,1699650,363225,69.5,1230750,1752750
24-03-2025 13:33,23665,404025,204825,239.45,1702350,363000,69.6,1234650,1757775
24-03-2025 13:33,23663,394200,201675,236.35,1695375,368250,70.5,1247250,1737450
24-03-2025 13:33,23662.3,406875,204450,236.8,1691100,372675,70.45,1252875,1724400
24-03-2025 13:33,23664.05,407925,200850,237.25,1691325,370275,70.4,1253775,1724175
24-03-2025 13:34,23664.05,405300,201525,234,1695150,375900,71.25,1266975,1730325
24-03-2025 13:34,23661.6,398625,203625,231.75,1682925,375150,72.1,1267950,1692600
24-03-2025 13:34,23657.9,404625,205500,230.65,1681725,373275,72.9,1272975,1684800
24-03-2025 13:34,23657.9,403050,201000,232.35,1684575,371775,72.4,1278600,1691025
24-03-2025 13:34,23660.7,403875,202350,235.25,1692000,368550,71.15,1249875,1704900
24-03-2025 13:34,23663.2,397575,204000,235.9,1694475,369825,71.3,1246650,1706175
24-03-2025 13:35,23663.1,409725,198225,236.85,1697700,374475,70.65,1250025,1709550
24-03-2025 13:35,23665.05,414450,196275,238.75,1702050,370575,69.7,1241550,1721775
24-03-2025 13:35,23664.15,405150,200475,238.5,1702725,363225,70,1253100,1715100
24-03-2025 13:35,23665,411675,198750,238.9,1701750,368325,70.1,1260675,1714050
24-03-2025 13:35,23664.5,404175,199275,238,1699725,369900,69.95,1263000,1710375
24-03-2025 13:35,23663.1,409950,199275,237,1701600,370650,70.25,1274550,1712700
24-03-2025 13:36,23668.8,412350,200400,237.25,1699425,370425,70,1264575,1706025
24-03-2025 13:36,23664.6,410700,200475,237.8,1700325,366525,69.9,1275000,1709850
24-03-2025 13:36,23663.05,412875,200700,236.1,1699125,368700,70.15,1268850,1708800
24-03-2025 13:36,23664.4,414675,199425,238.65,1699200,372825,68.8,1271550,1728000
24-03-2025 13:36,23663.9,406425,200550,236.5,1698225,364500,69.7,1253625,1735200
24-03-2025 13:36,23661.3,407100,202800,233.5,1696725,372975,70.85,1305450,1709400
24-03-2025 13:37,23660,411750,203700,233.5,1694175,374025,70.9,1287600,1703850
24-03-2025 13:37,23656.95,402675,202050,231.85,1689675,374700,71.4,1283100,1693275
24-03-2025 13:37,23656.75,411150,200400,231.1,1687575,378750,71.6,1303875,1711500
24-03-2025 13:37,23654.45,410550,204150,229.35,1686075,377175,72.45,1315950,1690650
24-03-2025 13:37,23656.75,413250,200625,232.2,1678275,376425,71.75,1312050,1709250
24-03-2025 13:37,23657.45,413250,199500,232,1679925,372975,71.7,1301025,1725000
24-03-2025 13:38,23656.1,412650,202725,231.35,1682100,378750,72.05,1320000,1712400
24-03-2025 13:38,23657.85,416775,201525,232.95,1683750,377475,71.25,1309125,1727625
24-03-2025 13:38,23658.05,411150,205275,231.55,1686375,378150,71.8,1325475,1723800
24-03-2025 13:38,23658.9,413400,205050,232.35,1683675,383100,71.95,1327275,1696200
24-03-2025 13:38,23656.95,399225,204675,231.6,1683600,385050,71.7,1328400,1690275
24-03-2025 13:38,23656.9,413700,204825,231.35,1684650,388125,71.8,1319700,1698600
24-03-2025 13:39,23660,415200,204975,231.3,1688850,390150,71.9,1317975,1679700
24-03-2025 13:39,23660.9,412950,204450,234.6,1689975,389400,70.75,1321050,1705125
24-03-2025 13:39,23662.85,417675,200325,236.6,1695075,382950,70.05,1290900,1720650
24-03-2025 13:39,23669.15,419625,200550,240.9,1698975,374325,67.85,1266525,1724100
24-03-2025 13:39,23666.25,410700,204075,238.5,1702650,346950,68.85,1230525,1719900
24-03-2025 13:39,23665.9,415725,202350,238.35,1698225,345750,68.9,1251150,1708125
24-03-2025 13:40,23669.1,417225,201525,240,1699875,345900,68.2,1246875,1735200
24-03-2025 13:40,23667.85,411450,203025,239.4,1701375,357075,68.6,1256400,1730100
24-03-2025 13:40,23673,416475,201450,241,1707000,353400,67.7,1267950,1737075
24-03-2025 13:40,23670.9,415950,199875,241.75,1707900,336975,68,1278150,1739850
24-03-2025 13:40,23670.4,414075,206250,239.85,1705875,342600,69,1303275,1735725
24-03-2025 13:40,23667.85,404250,204750,238.4,1697025,349650,69.2,1313175,1718625
24-03-2025 13:41,23665,415050,207975,237.2,1695300,353175,69.5,1329675,1710750
24-03-2025 13:41,23666.4,414600,204450,239.15,1698975,355200,68.9,1322400,1729575
24-03-2025 13:41,23668.9,418350,204525,239.65,1699350,352350,68.75,1315575,1754550
24-03-2025 13:41,23668.05,413925,203250,240,1702275,354675,68.75,1315125,1759950
24-03-2025 13:41,23667.2,409125,205275,238.75,1698450,356775,69.25,1315125,1742625
24-03-2025 13:41,23670,415350,205200,239.05,1706250,357525,69.15,1327800,1744500
24-03-2025 13:42,23667.3,416250,205800,240.45,1704750,359775,68.9,1333575,1738650
24-03-2025 13:42,23667.35,418050,203175,239.85,1705350,357900,69,1344375,1740075
24-03-2025 13:42,23667.5,411000,207825,236.95,1704675,362700,70.45,1375500,1734900
24-03-2025 13:42,23664.05,416775,208500,237.2,1701375,363450,70.3,1381575,1712325
24-03-2025 13:42,23664.4,406425,206100,238.25,1700175,364425,70,1368750,1717425
24-03-2025 13:42,23664.55,412800,205350,238.2,1700325,363525,70.25,1334475,1720425
24-03-2025 13:43,23663,417075,211950,236.85,1701900,367500,71.1,1363125,1720500
24-03-2025 13:43,23665.9,416775,205650,239,1700400,367500,69.9,1353900,1719450
24-03-2025 13:43,23667.5,408150,207825,238.3,1700475,363450,70.3,1324200,1712775
24-03-2025 13:43,23666.5,413550,210825,237.3,1700400,365625,70.75,1335675,1697925
24-03-2025 13:43,23661.35,410025,214125,236.65,1701300,370200,71.25,1350825,1681575
24-03-2025 13:43,23661.3,400725,211350,234.25,1693650,372900,72.6,1360650,1680150
24-03-2025 13:44,23659.9,403050,216075,231,1687650,376425,73.3,1370325,1676625
24-03-2025 13:44,23659.9,405825,209625,232,1690725,371100,73.2,1363650,1658175
24-03-2025 13:44,23656.05,405150,216150,231,1690575,373650,73.6,1375875,1638450
24-03-2025 13:44,23655,401250,214425,230.9,1676250,374100,73.9,1357050,1632450
24-03-2025 13:44,23655,415350,213150,231.5,1679400,372300,73.35,1353150,1631850
24-03-2025 13:44,23654.05,408000,215175,231.5,1680450,375600,73.8,1363350,1642500
24-03-2025 13:45,23652.6,408075,216225,227.65,1677750,382500,75.1,1373400,1622625
24-03-2025 13:45,23650,403200,213750,228.2,1666350,379350,74.8,1370625,1591275
24-03-2025 13:45,23647.7,408600,215175,226.1,1662900,379200,76.25,1375650,1599150
24-03-2025 13:45,23644,402975,212325,223.5,1656600,383550,76.95,1386825,1586775
24-03-2025 13:45,23644.95,408750,213750,225,1653150,383400,76.55,1385775,1588350
24-03-2025 13:45,23644.05,395625,212550,221.8,1653300,385200,77.55,1397625,1576950
24-03-2025 13:46,23643.7,399825,214275,220.25,1654050,388650,77.5,1381275,1584675
24-03-2025 13:46,23639,405900,215325,218.75,1645650,390825,78.4,1395300,1564950
24-03-2025 13:46,23638.95,405975,211950,218.55,1655850,389850,78.6,1389600,1593675
24-03-2025 13:46,23636.9,399225,211425,218,1658625,387150,78.15,1388250,1585650
24-03-2025 13:46,23637.15,393900,213825,215.25,1658025,388650,79.85,1403400,1566675
24-03-2025 13:46,23633.45,401325,214200,215.4,1638375,386100,79.1,1406850,1539525
24-03-2025 13:47,23636.35,411450,210975,217.95,1644600,376425,78.65,1376475,1549050
24-03-2025 13:47,23635.55,405000,211650,217.45,1647300,385050,79.5,1395075,1547700
24-03-2025 13:47,23637.15,402300,211575,218.45,1652700,384975,79,1398900,1562250
24-03-2025 13:47,23640.85,409725,212250,218.4,1652700,387675,78.75,1367475,1576950
24-03-2025 13:47,23640,407550,210225,220.7,1661625,387300,78.05,1370475,1586850
24-03-2025 13:47,23646.2,404175,211725,222,1664850,389325,77.2,1376025,1626375
24-03-2025 13:48,23641.65,397725,210000,219.4,1666200,393525,78.55,1371000,1654650
24-03-2025 13:48,23640,400875,210675,220.8,1663350,398550,77.95,1383825,1671750
24-03-2025 13:48,23640,406200,210375,221.3,1666950,399975,77.7,1371900,1695900
24-03-2025 13:48,23645.05,401175,213450,220.65,1667250,402450,78.05,1385400,1682175
24-03-2025 13:48,23644.9,408000,210750,222,1670100,402750,77.35,1385775,1687125
24-03-2025 13:48,23640.55,402600,212925,222.05,1673775,402525,76.9,1381125,1703325
24-03-2025 13:49,23640,399525,212250,220.35,1675350,408375,77.9,1389525,1697025
24-03-2025 13:49,23641.2,412275,210075,220.85,1672500,410100,78.1,1399650,1687275
24-03-2025 13:49,23644.9,412950,209850,224.4,1680000,409575,75.5,1404975,1713225
24-03-2025 13:49,23645.4,414075,209625,224.75,1687650,403875,75.55,1370400,1713000
24-03-2025 13:49,23642,401475,210375,222.25,1683150,414225,76.65,1430175,1712550
24-03-2025 13:49,23645.85,403500,208950,221.45,1678200,416100,77.2,1436475,1703400
24-03-2025 13:50,23644.3,402975,210525,220.7,1680450,418200,77.8,1434600,1708500
24-03-2025 13:50,23643.85,401250,207450,222.65,1679475,416625,76.3,1415400,1739325
24-03-2025 13:50,23646,402750,209925,222.3,1683375,421500,76.9,1418550,1730850
24-03-2025 13:50,23645.15,402450,206400,223.7,1688475,423450,76.05,1421850,1727400
24-03-2025 13:50,23649.5,403275,207750,223.5,1688775,424350,76.05,1403250,1740825
24-03-2025 13:50,23649.5,399375,206775,221.95,1689975,423225,76.7,1422150,1751850
24-03-2025 13:51,23648.35,401100,207750,222.95,1685850,426300,75.9,1429275,1740000
24-03-2025 13:51,23647.05,400350,209250,224.7,1690875,430575,74.9,1385400,1753500
24-03-2025 13:51,23650,404475,207900,226.2,1691250,426525,73.9,1351350,1758975
24-03-2025 13:51,23651.25,404850,208650,225.7,1697925,418575,74.2,1346100,1756800
24-03-2025 13:51,23653.4,405225,206850,227.7,1697775,420150,72.75,1336650,1760025
24-03-2025 13:51,23655.9,404400,212550,229,1699350,418500,71.35,1317300,1762725
24-03-2025 13:52,23655.35,406425,207975,229.35,1696125,403200,71.55,1310775,1769625
24-03-2025 13:52,23660,413925,205500,231.6,1695825,405825,70.25,1310775,1775700
24-03-2025 13:52,23659,413625,209925,232,1696725,395925,70.3,1316625,1760850
24-03-2025 13:52,23657.4,403125,207975,231,1695225,399600,70.6,1333575,1760400
24-03-2025 13:52,23659.05,402825,208575,231.5,1692600,401025,70.85,1335150,1758825
24-03-2025 13:52,23661.35,409875,210825,234.7,1692975,400500,68.85,1334475,1770300
24-03-2025 13:53,23662.55,409725,205425,233,1696725,401025,69.5,1329525,1773600
24-03-2025 13:53,23663,399750,212250,231,1692825,408300,70.9,1356525,1748100
24-03-2025 13:53,23662.55,401025,211425,231.85,1692675,412275,70.8,1357125,1743375
24-03-2025 13:53,23659.15,401100,209925,231.8,1693650,409800,70.75,1368900,1750800
24-03-2025 13:53,23660,403875,208200,232.6,1695375,409125,70,1368525,1766925
24-03-2025 13:53,23663,405150,208425,234.1,1698225,407625,69.35,1363200,1775475
24-03-2025 13:54,23663,401100,211725,232,1697325,399975,70.35,1368225,1772025
24-03-2025 13:54,23660.25,400425,211800,231.7,1693875,400650,70.45,1380375,1763850
24-03-2025 13:54,23663.35,403650,215025,232,1691250,403050,70.7,1385925,1762800
24-03-2025 13:54,23662.4,402900,208950,232.35,1694700,403650,70.55,1388850,1763850
24-03-2025 13:54,23661,403125,213225,233,1699350,402225,70.5,1389450,1769325
24-03-2025 13:54,23661.3,403200,213000,233,1702425,403425,70.4,1386675,1768200
24-03-2025 13:55,23660.65,403200,212775,232.45,1702950,404925,70.6,1392150,1775775
24-03-2025 13:55,23663,406575,208275,235.2,1699350,405450,69.35,1392525,1800450
24-03-2025 13:55,23665,414450,209850,235.4,1701600,396900,69.7,1412775,1796850
24-03-2025 13:55,23668.9,415200,206925,235.95,1704675,395775,69.1,1412400,1782600
24-03-2025 13:55,23666,406875,213225,234.35,1699275,395475,70.3,1410375,1776075
24-03-2025 13:55,23661.5,405225,212250,234,1697700,402225,70.1,1419900,1770600
24-03-2025 13:56,23661.1,406725,214050,233.55,1696725,410250,70.15,1421325,1783800
24-03-2025 13:56,23660.15,406650,210750,232.25,1694325,410250,70.6,1426650,1772025
24-03-2025 13:56,23661.6,406350,210525,234.45,1697475,409875,70.35,1432800,1769925
24-03-2025 13:56,23661,407100,210525,234,1699200,413325,70.25,1435050,1781475
24-03-2025 13:56,23662.1,412350,210450,235.45,1696275,414975,69.65,1435200,1776825
24-03-2025 13:56,23665,408675,210675,235,1698900,410100,69.55,1443450,1777350
24-03-2025 13:57,23661.7,405525,208500,235,1697925,410400,69.85,1446225,1770525
24-03-2025 13:57,23662.25,404925,211875,234.25,1695225,413850,69.95,1454475,1775850
24-03-2025 13:57,23665.8,409875,209475,236.6,1695900,411450,68.9,1454475,1776900
24-03-2025 13:57,23664.2,406725,209100,237.25,1697925,402825,68.65,1441800,1780350
24-03-2025 13:57,23665.2,410025,209550,237,1697175,405150,68.8,1446450,1783200
24-03-2025 13:57,23668.2,414075,210525,237.6,1700550,406350,68,1449900,1790250
24-03-2025 13:58,23670,409200,209025,237.75,1700250,400800,67.9,1396500,1789725
24-03-2025 13:58,23668.45,413250,206550,238.8,1699725,399075,67.2,1387050,1803450
24-03-2025 13:58,23670.6,412575,206100,239.55,1698300,393975,66.8,1372575,1806150
24-03-2025 13:58,23669.65,408975,203775,239.05,1694625,392100,66.9,1357425,1806600
24-03-2025 13:58,23672,407175,204150,239.55,1693050,361050,66.8,1357125,1816350
24-03-2025 13:58,23672.8,417000,203775,242,1696500,362025,65.75,1362450,1813650
24-03-2025 13:59,23674.45,416175,201525,241.55,1694475,338775,65.7,1340700,1815825
24-03-2025 13:59,23688.45,414600,181425,250,1697325,302475,62.5,1277100,1893975
24-03-2025 13:59,23689,411600,180600,250.35,1695375,255000,62.9,1229475,1892100
24-03-2025 13:59,23685.5,407025,188025,250.25,1693650,255300,62.65,1232325,1879350
24-03-2025 13:59,23688.75,407850,184275,250,1689675,251175,62.85,1258725,1857975
24-03-2025 13:59,23688.55,411150,182625,251.6,1673925,251175,62.55,1242975,1815525
24-03-2025 14:00,23685.5,405675,186600,249.05,1667775,253875,63.3,1243650,1785975
24-03-2025 14:00,23692,416475,183825,255,1673250,259875,61.4,1243425,1811475
24-03-2025 14:00,23692,405000,183225,252.35,1673925,249150,62.5,1246050,1806675
24-03-2025 14:00,23688.05,385050,182925,253.25,1673700,246225,62.45,1257300,1807500
24-03-2025 14:00,23689,385800,183225,253.6,1671825,248325,61.85,1267800,1806375
24-03-2025 14:00,23690.85,384075,179475,255,1676475,249450,61.4,1261200,1822425
24-03-2025 14:01,23690.2,385800,182925,255.75,1674225,242775,61.6,1247700,1818900
24-03-2025 14:01,23688.05,382725,183000,250.9,1674600,246150,62.85,1268925,1811850
24-03-2025 14:01,23687,378150,189300,251,1667100,247650,62.8,1285425,1800600
24-03-2025 14:01,23685,377625,187125,251,1664850,247950,62.65,1296450,1798050
24-03-2025 14:01,23686.45,380775,184725,253,1668900,251100,62.65,1300650,1800150
24-03-2025 14:01,23687.35,380925,187050,252,1670850,249675,63.05,1300350,1791450
24-03-2025 14:02,23682.2,379875,191775,249.25,1668825,259275,63.8,1308375,1791225
24-03-2025 14:02,23683,380025,190200,248.8,1654725,260250,63.95,1316925,1782075
24-03-2025 14:02,23680.8,379950,192600,247.6,1651950,265800,64,1321650,1780950
24-03-2025 14:02,23682.05,384375,190725,249.6,1647000,266850,63.3,1323150,1785975
24-03-2025 14:02,23687,386175,188925,250.75,1652175,266775,63.2,1320975,1798050
24-03-2025 14:02,23685.4,386400,192150,249.65,1656375,264825,63.6,1315200,1805925
24-03-2025 14:03,23683,378450,189150,249.65,1653450,270225,63.55,1327950,1802400
24-03-2025 14:03,23685.4,390075,189600,250.85,1656225,272625,63.4,1336275,1807875
24-03-2025 14:03,23684.6,387900,188400,251.3,1661550,273450,63.1,1339500,1821900
24-03-2025 14:03,23684.8,398400,191175,250.85,1662075,272700,63.35,1340700,1833975
24-03-2025 14:03,23684.45,387300,193125,249.6,1658025,275400,63.55,1352700,1817175
24-03-2025 14:03,23684.2,392325,191700,249.5,1659000,276450,63.35,1341225,1820700
24-03-2025 14:04,23684.6,394575,191550,249.9,1659975,277950,63.25,1341975,1823925
24-03-2025 14:04,23686.6,398400,192300,252.7,1661475,276300,62.45,1345125,1897500
24-03-2025 14:04,23685.05,391200,189525,251.05,1664475,271650,62.85,1343025,1932000
24-03-2025 14:04,23685,389250,190575,250.65,1663350,274950,63,1349775,1920000
24-03-2025 14:04,23682,387075,193500,248.45,1662000,278100,63.4,1368600,1825800
24-03-2025 14:04,23685.1,385650,193875,248.25,1650525,279225,63.5,1365900,1815600
24-03-2025 14:05,23681.35,390300,192000,248.6,1651050,279525,63.75,1372875,1823625
24-03-2025 14:05,23681.3,388950,195075,249.45,1651350,282300,63.15,1383450,1800675
24-03-2025 14:05,23682.25,390525,191700,249.75,1652850,285000,63.6,1359750,1804875
24-03-2025 14:05,23683.35,388500,191400,251,1654125,283875,63.45,1366725,1806375
24-03-2025 14:05,23683,395850,192150,249.5,1655550,282450,63.5,1360725,1820325
24-03-2025 14:05,23684.75,391950,192450,250.4,1654875,282750,63.35,1362825,1833375
24-03-2025 14:06,23683.25,393450,192375,249.8,1654950,285975,63.1,1362225,1827075
24-03-2025 14:06,23684.25,397125,192000,250.8,1656825,285150,62.9,1347975,1831425
24-03-2025 14:06,23685,398475,193275,250.5,1657050,288975,63.1,1362150,1833525
24-03-2025 14:06,23683.9,397125,192300,250.4,1652775,290400,62.85,1361850,1833225
24-03-2025 14:06,23683.35,396450,192150,250.25,1650450,287550,62.9,1363125,1831275
24-03-2025 14:06,23685.1,396075,191925,251.4,1650675,293700,62.65,1363275,1838475
24-03-2025 14:07,23686.05,402225,190875,252.05,1654950,301500,62.4,1351125,1836225
24-03-2025 14:07,23685.1,400650,190575,251.35,1650825,295800,62.85,1349250,1833825
24-03-2025 14:07,23684.1,392100,192750,250.05,1644300,299850,63.4,1352025,1819800
24-03-2025 14:07,23685.85,393375,189900,252.15,1652550,300675,62.7,1355475,1813725
24-03-2025 14:07,23685,396675,192300,251.5,1658550,290175,62.9,1361400,1822050
24-03-2025 14:07,23683.55,397725,194025,250.95,1653000,290100,63.15,1370100,1812750
24-03-2025 14:08,23683,395475,195825,249.15,1644525,288075,63.55,1381575,1817550
24-03-2025 14:08,23683.4,394500,196425,249.85,1642500,289500,63.15,1385400,1821825
24-03-2025 14:08,23683.3,395850,191325,249.65,1642350,288000,63.35,1374300,1821150
24-03-2025 14:08,23682.5,392700,191400,247.1,1642350,293250,64,1382550,1823475
24-03-2025 14:08,23679.05,384375,191025,246.95,1628925,299175,64.2,1393050,1803750
24-03-2025 14:08,23678.85,387825,193350,246.55,1626825,303075,64.2,1389675,1793550
24-03-2025 14:09,23683.5,388725,193650,248.3,1632375,300750,63.95,1376250,1803975
24-03-2025 14:09,23681,390225,190350,247.4,1633950,298275,64.05,1377750,1806675
24-03-2025 14:09,23683.85,393825,190725,248.7,1633200,303900,63.9,1382850,1815225
24-03-2025 14:09,23684,395400,191175,249.75,1633125,301725,63.75,1390500,1820475
24-03-2025 14:09,23684.95,391425,191025,250,1634325,305775,63.7,1383675,1830900
24-03-2025 14:09,23684,385200,191250,250.45,1637400,303225,63.5,1392000,1833075
24-03-2025 14:10,23684.3,394875,189000,249.55,1636950,302400,63.45,1388775,1820850
24-03-2025 14:10,23682.85,385950,188250,249.2,1637100,303900,63.3,1390050,1830675
24-03-2025 14:10,23681.7,393150,188475,248.55,1637400,302325,63.7,1391325,1848525
24-03-2025 14:10,23681.25,396450,188925,248.6,1636275,300975,63.8,1393125,1827300
24-03-2025 14:10,23682.05,397650,189750,249.6,1639125,298350,63.5,1384650,1828125
24-03-2025 14:10,23683.7,397875,189225,250.45,1638075,298875,62.95,1378725,1827300
24-03-2025 14:11,23692,396600,182175,255.45,1644000,293550,60.7,1353225,1846875
24-03-2025 14:11,23699.3,401250,173475,259,1643850,258975,58.6,1302750,1872750
24-03-2025 14:11,23699.9,402675,168225,259.8,1640625,231900,59.35,1278450,1901250
24-03-2025 14:11,23700,398175,168825,259.85,1640925,228975,59.5,1286925,1833075
24-03-2025 14:11,23700,391350,168300,260.1,1642350,233925,59.95,1304775,1821600
24-03-2025 14:11,23697.65,393675,181350,259.8,1640400,236850,59.7,1314375,1827900
24-03-2025 14:12,23699.3,396075,167175,261.35,1645650,235425,59.1,1286700,1837500
24-03-2025 14:12,23700,394125,167475,260.7,1653300,230850,58.65,1282200,1845675
24-03-2025 14:12,23700,394500,170775,258.3,1650150,233025,59.3,1295025,1842750
24-03-2025 14:12,23698.65,398550,170175,259,1637625,232875,58.85,1298400,1857300
24-03-2025 14:12,23697.35,394200,170175,258.8,1637550,231675,59.3,1307325,1854525
24-03-2025 14:12,23699.65,400875,167175,262.2,1648125,230850,58.25,1306125,1841775
24-03-2025 14:13,23704.1,392850,166275,261.45,1645275,225150,58.4,1302975,1840500
24-03-2025 14:13,23702.2,402675,163050,264,1651125,228900,57.25,1299150,1836825
24-03-2025 14:13,23703.15,405150,161925,263.95,1646550,229050,57.3,1263900,1826925
24-03-2025 14:13,23706,403200,162000,263.25,1648725,216225,57.5,1260750,1816650
24-03-2025 14:13,23709.45,412425,158925,265.15,1643850,218325,56.25,1259025,1832175
24-03-2025 14:13,23709.45,405600,159675,266.95,1643775,211350,55.7,1245300,1837425
24-03-2025 14:14,23712.05,408525,164400,267.4,1648425,216525,55.55,1253100,1835400
24-03-2025 14:14,23714,407100,157425,268.95,1648500,217500,55.05,1252500,1837425
24-03-2025 14:14,23715.4,431325,157575,269.4,1655175,206625,54.85,1236075,1852275
24-03-2025 14:14,23713,418500,160125,268.55,1655400,209700,55.45,1267050,1842225
24-03-2025 14:14,23710,402675,159000,267,1649475,213000,55.6,1294200,1794675
24-03-2025 14:14,23709,402675,162675,267,1638750,215625,55.9,1297800,1778400
24-03-2025 14:15,23710.45,400650,161625,267.85,1635975,217425,55.8,1305075,1793850
24-03-2025 14:15,23711.8,411450,163200,271.25,1645875,219450,55.2,1303800,1812075
24-03-2025 14:15,23711.45,402225,165000,270.45,1642050,202350,55.35,1293225,1809600
24-03-2025 14:15,23709.85,402900,165450,269.15,1637175,201900,55.85,1298250,1808025
24-03-2025 14:15,23709.85,402900,164700,269.85,1636875,204525,55.85,1310175,1797375
24-03-2025 14:15,23708.05,406575,166800,267.25,1634400,204450,56.3,1320225,1796400
24-03-2025 14:16,23706.15,404775,166725,266,1629900,209475,56.45,1324950,1791150
24-03-2025 14:16,23708.3,407175,169950,265.2,1621275,210525,56.65,1392825,1786425
24-03-2025 14:16,23707.75,402600,169725,264.4,1616025,211650,56.7,1399575,1791375
24-03-2025 14:16,23709,404400,169800,267,1620525,213900,56.25,1402350,1773225
24-03-2025 14:16,23706.3,402900,178350,266.45,1623300,210600,56.5,1394175,1773525
24-03-2025 14:16,23706.8,403950,182550,265.25,1619775,212475,56.7,1403325,1775175
24-03-2025 14:17,23704.95,400650,183525,264.85,1617675,215625,56.7,1404900,1774050
24-03-2025 14:17,23709,410700,182400,265,1617525,213450,56.6,1398450,1769175
24-03-2025 14:17,23707,402825,183000,264.35,1619175,216300,57.05,1415250,1776450
24-03-2025 14:17,23706.6,407175,184800,263.75,1621650,217500,57.5,1420425,1756800
24-03-2025 14:17,23706.6,400575,185325,264,1615875,221925,57,1418700,1758300
24-03-2025 14:17,23706.6,408000,182925,263.9,1617900,221850,57.25,1400625,1758750
24-03-2025 14:18,23705,407025,184650,263.95,1617375,224625,57.2,1404600,1763250
24-03-2025 14:18,23707,408675,184200,265.1,1620600,224475,56.9,1409175,1767225
24-03-2025 14:18,23704.6,406125,183900,266,1622250,222300,56.7,1406700,1773750
24-03-2025 14:18,23705.55,410700,184050,265.9,1621575,224250,57.05,1399125,1767150
24-03-2025 14:18,23705.35,401850,186825,265.45,1620900,224625,56.8,1395825,1766025
24-03-2025 14:18,23710,406200,186000,266.55,1621125,224625,56.6,1401375,1777650
24-03-2025 14:19,23706.35,405150,183150,266.8,1625025,223875,56.5,1396725,1783650
24-03-2025 14:19,23705.4,410625,185025,265.15,1624500,229425,56.65,1412550,1778025
24-03-2025 14:19,23705.6,403650,185775,265.55,1622400,231975,56.55,1438500,1774500
24-03-2025 14:19,23712,407100,181800,266.35,1621125,232425,56.45,1428900,1780650
24-03-2025 14:19,23710,410175,183675,265.15,1628100,230100,56.55,1436925,1787025
24-03-2025 14:19,23710,410700,183225,265.2,1625700,230175,56.45,1426575,1791825
24-03-2025 14:20,23706,407100,189075,265.2,1620600,231825,56.75,1433775,1773675
24-03-2025 14:20,23710.85,407550,187650,264.9,1607925,231150,57.1,1458300,1764000
24-03-2025 14:20,23705.9,406875,186525,265.45,1607700,231300,56.9,1438650,1753725
24-03-2025 14:20,23706.65,410550,184650,266.3,1610925,230700,56.55,1433850,1763550
24-03-2025 14:20,23705.05,406425,186150,265.3,1611225,221550,56.85,1440900,1766550
24-03-2025 14:20,23706.05,414000,185475,266,1611825,221475,56.85,1440675,1762575
24-03-2025 14:21,23705.15,407700,186375,266.25,1619025,230475,57,1461150,1751475
24-03-2025 14:21,23709,409500,187125,265.15,1628925,229875,57.1,1467300,1762200
24-03-2025 14:21,23705.35,414375,185025,265.85,1629600,231300,57,1468350,1762950
24-03-2025 14:21,23710,417075,187650,267,1622625,230625,56.85,1462350,1792650
24-03-2025 14:21,23710.75,417750,183000,270.4,1627275,225000,55.65,1447950,1815375
24-03-2025 14:21,23712,410775,183750,270.4,1629225,211650,56.1,1355325,1810200
24-03-2025 14:22,23712,412425,181350,270.25,1629300,215700,55.85,1351800,1809825
24-03-2025 14:22,23710.8,412275,181350,271.15,1630050,216225,55.95,1351350,1811625
24-03-2025 14:22,23710.75,407325,182325,267.65,1629750,221325,56.8,1379250,1815075
24-03-2025 14:22,23706,411750,188625,265.7,1616175,223125,57.1,1387875,1775400
24-03-2025 14:22,23707.15,415200,180225,268,1610775,223650,56.7,1377600,1781475
24-03-2025 14:22,23707,414375,186975,267.65,1615500,222675,57,1377075,1785450
24-03-2025 14:23,23707.35,411975,182700,268.7,1618275,217500,57.1,1393125,1778850
24-03-2025 14:23,23707.3,412275,185100,268.95,1619700,219750,57.15,1396275,1787250
24-03-2025 14:23,23711.2,417225,179925,270.95,1631625,214800,56.3,1373700,1801125
24-03-2025 14:23,23716,415050,184650,273.5,1633350,210900,55.9,1357950,1792050
24-03-2025 14:23,23713,411075,179625,273.35,1632075,204825,56.1,1382250,1781850
24-03-2025 14:23,23713.1,414150,183750,270.15,1632450,211050,56.5,1380750,1776975
24-03-2025 14:24,23712.75,414375,181275,272.1,1635450,215250,55.8,1372950,1780050
24-03-2025 14:24,23713.25,411900,180000,272.8,1632825,222600,55.95,1382025,1774650
24-03-2025 14:24,23717,414675,178200,275.8,1632900,217950,55.6,1371825,1787025
24-03-2025 14:24,23718.65,415050,176400,277.2,1635750,197100,54,1365525,1788750
24-03-2025 14:24,23719.25,413100,176700,277.95,1633800,189375,54.2,1305225,1777275
24-03-2025 14:24,23720.6,415575,177450,275.1,1630575,193050,54.3,1333950,1766025
24-03-2025 14:25,23718,411900,176550,276,1619175,195675,54.75,1338300,1732350
24-03-2025 14:25,23727.5,416325,175200,278.25,1617750,193875,54.05,1333650,1736325
24-03-2025 14:25,23723.55,415275,175575,277,1618125,183000,55,1335225,1726875
24-03-2025 14:25,23724.35,406050,172350,277.25,1620900,188100,55.2,1341000,1717800
24-03-2025 14:25,23718.7,409200,173100,276.5,1623225,194400,55.5,1354275,1716750
24-03-2025 14:25,23720,415350,176625,278.55,1624200,191175,55.6,1362600,1718700
24-03-2025 14:26,23726,407025,176550,278.1,1628100,187050,55.7,1363125,1728675
24-03-2025 14:26,23722.2,412050,172200,280.05,1632450,187800,55.05,1361850,1731375
24-03-2025 14:26,23721,408525,176250,279.5,1633575,180075,55.5,1366500,1736175
24-03-2025 14:26,23723.15,409125,168525,282.1,1635675,177225,55.25,1358700,1785675
24-03-2025 14:26,23725,411975,168975,283.8,1635375,172050,54.7,1347825,1773600
24-03-2025 14:26,23724.5,408225,170100,282,1631775,178425,55.1,1364700,1771575
24-03-2025 14:27,23724,405975,174000,282.65,1631025,180900,54.85,1376025,1727775
24-03-2025 14:27,23724,406875,174825,280.85,1624950,183825,55.35,1382625,1718025
24-03-2025 14:27,23724,404925,177750,279.35,1624575,188550,55.45,1402500,1707525
24-03-2025 14:27,23724.3,404925,176100,280.85,1619550,191100,55.3,1382100,1726800
24-03-2025 14:27,23726,405225,177600,281,1614675,192150,55.55,1389825,1729950
24-03-2025 14:27,23725,402525,176025,280.8,1616325,189225,55.6,1395300,1728375
24-03-2025 14:28,23724.3,407250,174375,283,1617600,191625,55.5,1392450,1747800
24-03-2025 14:28,23723,401775,174975,281.25,1614675,190275,55.65,1400175,1719900
24-03-2025 14:28,23721.25,402000,176400,280.35,1613325,189900,56.2,1412025,1703325
24-03-2025 14:28,23720,404550,176775,277.7,1607550,192225,56.8,1421925,1701225
24-03-2025 14:28,23720,396150,178125,277.65,1601625,194400,56.8,1439850,1691175
24-03-2025 14:28,23716.7,405150,181350,277.35,1607475,193800,57.15,1441875,1695675
24-03-2025 14:29,23716,399825,177000,276.5,1605750,196500,57.3,1444800,1683900
24-03-2025 14:29,23715,402000,180450,273.6,1598400,200475,57.75,1447575,1687050
24-03-2025 14:29,23710,407550,180375,270.25,1584225,207600,58.2,1441200,1676700
24-03-2025 14:29,23711,400050,179925,270.5,1574850,208950,58.8,1434900,1653375
24-03-2025 14:29,23710.55,398400,180600,272.3,1580850,204900,58.15,1425150,1672125
24-03-2025 14:29,23714,402000,179250,270.85,1581900,209325,58.3,1420050,1669275
24-03-2025 14:30,23707.55,390450,180975,270.1,1579725,212925,58.7,1437900,1657575
24-03-2025 14:30,23707.5,390075,181500,271.4,1582725,208275,58.55,1468950,1655775
24-03-2025 14:30,23714.95,394200,179850,271.55,1584525,206400,58.7,1456800,1662225
24-03-2025 14:30,23712.5,387675,180000,269.7,1584975,211125,59.15,1481850,1661100
24-03-2025 14:30,23706.55,387750,180000,269.15,1579275,215325,59.25,1481400,1653600
24-03-2025 14:30,23710,392775,176250,270.8,1582500,214050,58.75,1464225,1655100
24-03-2025 14:31,23706.65,383850,180300,270.2,1581900,212850,59.05,1418250,1658175
24-03-2025 14:31,23707,393900,181350,269,1582950,212025,59.25,1414950,1666425
24-03-2025 14:31,23710,382425,183300,267.2,1580025,214125,59.55,1416900,1656225
24-03-2025 14:31,23706,383400,180525,265.15,1574625,215325,60.4,1417425,1654725
24-03-2025 14:31,23708.45,388575,183825,268,1564500,212925,59.6,1416075,1657125
24-03-2025 14:31,23709.4,395175,179550,266.85,1568250,214050,59.5,1403775,1678875
24-03-2025 14:32,23709.4,389850,177075,268.45,1571775,213900,58.85,1406250,1681500
24-03-2025 14:32,23708.55,396975,181950,270.7,1582725,214725,58.45,1405725,1708425
24-03-2025 14:32,23706.1,395100,186600,269.05,1582650,215250,58.8,1389900,1700250
24-03-2025 14:32,23707.1,399075,187650,269.45,1586025,213150,58.85,1397025,1700025
24-03-2025 14:32,23713.45,400650,187275,271.2,1590075,215250,58.25,1401750,1702350
24-03-2025 14:32,23709.15,400575,184725,272,1590150,215400,58.1,1384200,1705950
24-03-2025 14:33,23712.9,398550,191025,269.35,1589925,216225,59.3,1398825,1709700
24-03-2025 14:33,23710,398700,188550,269.65,1587825,215400,59.25,1387950,1699425
24-03-2025 14:33,23711,396375,190425,269.7,1581825,216375,59.1,1396275,1701075
24-03-2025 14:33,23709.6,394200,191325,268.75,1581675,216975,59,1407375,1717950
24-03-2025 14:33,23711.8,394425,192825,268.15,1582125,218325,59,1411425,1721850
24-03-2025 14:33,23705.95,396150,191175,268.8,1580100,217950,58.95,1425300,1715550
24-03-2025 14:34,23710,403350,189300,270.95,1583850,217575,57.95,1407750,1724400
24-03-2025 14:34,23710.05,402900,188400,270.85,1582800,214650,58.35,1406625,1719225
24-03-2025 14:34,23711,399075,191550,270.2,1580175,217275,58.8,1422150,1717575
24-03-2025 14:34,23705,391125,193500,266.1,1577775,222300,59.55,1429575,1708725
24-03-2025 14:34,23701.85,392250,193425,264.15,1569750,222525,59.9,1419375,1713450
24-03-2025 14:34,23701,392100,193800,263.85,1561800,220050,60,1426875,1706400
24-03-2025 14:35,23700,386625,192600,263.45,1561125,211950,60.3,1429950,1718850
24-03-2025 14:35,23700.05,401100,194025,264.05,1562850,210375,60,1435875,1721250
24-03-2025 14:35,23700.3,394725,194025,264.2,1564650,214650,60.05,1436325,1719375
24-03-2025 14:35,23705,394500,191325,265.3,1570725,212400,59.65,1447500,1711200
24-03-2025 14:35,23701.25,394125,190350,265.5,1578375,210375,59.85,1420500,1725375
24-03-2025 14:35,23703.7,397050,191925,267.45,1581000,214425,59.3,1427625,1721550
24-03-2025 14:36,23703.85,394650,192750,265.35,1580850,213600,59.6,1408050,1725750
24-03-2025 14:36,23703,396975,190500,266.2,1578150,211950,59.4,1398450,1735650
24-03-2025 14:36,23702.8,393300,191250,265.7,1577625,216600,59.15,1395300,1750575
24-03-2025 14:36,23704,391875,190950,266.75,1581900,217575,58.95,1392825,1736700
24-03-2025 14:36,23706,394425,191775,266.95,1582950,216975,59.15,1409025,1725900
24-03-2025 14:36,23707.3,400275,191175,269.5,1584300,215925,58.3,1411800,1743075
24-03-2025 14:37,23705.25,388800,200550,267.25,1582125,217425,58.85,1402950,1732350
24-03-2025 14:37,23704.95,384000,194925,266.3,1579500,217950,59.25,1404300,1721250
24-03-2025 14:37,23705,393450,194100,268,1580175,217425,58.85,1409100,1727025
24-03-2025 14:37,23709,394800,196125,267.45,1581600,216750,59.3,1405275,1749600
24-03-2025 14:37,23705.2,393750,195075,268.15,1582800,217425,58.8,1417575,1754625
24-03-2025 14:37,23705.35,391500,191925,267.95,1580175,219000,58.65,1405350,1748550
24-03-2025 14:38,23707.8,387600,191925,268.5,1578225,223725,58.85,1415850,1752750
24-03-2025 14:38,23705,389100,194475,267.25,1576650,224925,59.25,1437000,1742700
24-03-2025 14:38,23705,390600,191400,267.45,1576500,225225,59.2,1427100,1744425
24-03-2025 14:38,23710.9,396150,194250,270.95,1581750,224025,57.15,1428150,1865100
24-03-2025 14:38,23711.15,391200,192000,270.35,1584600,219600,57.4,1378575,1875525
24-03-2025 14:38,23716.05,395850,190575,275.95,1581975,220125,55.6,1378575,1857300
24-03-2025 14:39,23719.65,391725,191775,276.05,1584525,206400,55.1,1344000,1766100
24-03-2025 14:39,23716.25,387375,188025,275.7,1555875,212325,55.5,1342875,1738800
24-03-2025 14:39,23714.3,394350,196050,274.7,1558425,215850,56.8,1353750,1731600
24-03-2025 14:39,23716,396675,192900,275.8,1560900,216675,56.25,1362675,1734825
24-03-2025 14:39,23713.55,393975,194400,274.5,1558875,215025,57.2,1368750,1732500
24-03-2025 14:39,23713.6,397500,193800,274.9,1555425,218250,56.7,1364325,1800750
24-03-2025 14:40,23715.15,398325,194550,275.1,1557375,216900,56.35,1369875,1795200
24-03-2025 14:40,23715.05,400425,192150,275.45,1558950,223125,56.35,1363950,1804050
24-03-2025 14:40,23714.2,394950,195075,275.1,1559175,223275,56.8,1389150,1781175
24-03-2025 14:40,23711.45,396150,199350,273,1553100,220425,57.3,1382325,1735350
24-03-2025 14:40,23709,397275,198525,270.35,1550775,224250,57.9,1389675,1723650
24-03-2025 14:40,23705.4,398325,197100,267.75,1539450,226275,58.65,1389300,1702050
24-03-2025 14:41,23704.1,385800,203550,266,1537875,224025,59.1,1379025,1705275
24-03-2025 14:41,23705.95,397950,195375,268.45,1537275,218100,58.8,1383525,1710900
24-03-2025 14:41,23706.05,398475,194625,269.35,1540875,221325,58.75,1382475,1709475
24-03-2025 14:41,23702.9,397575,202500,265,1540575,221625,59.8,1403025,1707675
24-03-2025 14:41,23703,394050,201600,264.4,1534725,225750,59.95,1406775,1707975
24-03-2025 14:41,23702.1,382725,198975,263.85,1531425,227625,60.05,1402275,1650675
24-03-2025 14:42,23701.9,385875,196425,264.9,1533600,224700,59.6,1393650,1660800
24-03-2025 14:42,23703.6,396900,194250,266.7,1538250,221625,58.95,1376025,1679400
24-03-2025 14:42,23703.3,390375,196725,266.4,1538850,223200,59.4,1389450,1683450
24-03-2025 14:42,23704.1,396600,194175,267.45,1542300,227400,59.05,1396050,1676250
24-03-2025 14:42,23711,398475,198975,267,1545225,231975,59.15,1382475,1694175
24-03-2025 14:42,23704.9,394200,197625,267.4,1545750,232575,59.05,1391400,1702650
24-03-2025 14:43,23707.5,399675,194175,269.6,1545300,225525,57.8,1378425,1733025
24-03-2025 14:43,23709.45,399375,199575,270.75,1545975,224100,57.6,1368225,1720500
24-03-2025 14:43,23710,396450,198600,269.25,1545375,225000,57.85,1373550,1710075
24-03-2025 14:43,23707,395625,200025,268.85,1540050,230400,58.1,1375425,1698450
24-03-2025 14:43,23706.65,397650,199950,268.8,1539675,230625,58,1377150,1713450
24-03-2025 14:43,23707.2,395625,198525,268.15,1540425,227700,58.05,1378425,1728450
24-03-2025 14:44,23707.85,398250,196425,269.8,1540125,228300,57.8,1384125,1727325
24-03-2025 14:44,23707.45,405900,196650,268.95,1542900,229950,57.75,1383900,1724625
24-03-2025 14:44,23707.6,393750,197250,268,1542600,251625,58.25,1396200,1720725
24-03-2025 14:44,23707.55,394050,197325,267.4,1540725,254100,58.1,1524450,1718850
24-03-2025 14:44,23705.05,392325,202575,266.65,1540425,251850,58.5,1534650,1712700
24-03-2025 14:44,23703.35,393525,195975,265,1540950,255525,59.25,1402800,1719675
24-03-2025 14:45,23704.75,391800,194775,266.1,1535625,253725,58.75,1416675,1722825
24-03-2025 14:45,23704.7,396150,196650,265.2,1536450,254400,59.15,1416450,1725750
24-03-2025 14:45,23701,391650,196725,264.7,1535850,253725,59.6,1438200,1703250
24-03-2025 14:45,23701.25,399675,196950,264.55,1534725,254400,59.4,1424625,1719300
24-03-2025 14:45,23700.05,382050,198450,262.15,1529625,256650,60.1,1434975,1694700
24-03-2025 14:45,23698.05,379500,197250,262.05,1529175,256875,59.9,1428075,1689675
24-03-2025 14:46,23699.05,388800,195075,262.7,1530750,253575,59.75,1425900,1685175
24-03-2025 14:46,23699.75,395250,194850,263.35,1534575,254100,59.6,1426950,1692375
24-03-2025 14:46,23703.9,393000,195825,264.6,1536375,253350,59.3,1427775,1695675
24-03-2025 14:46,23703,393000,195675,264.75,1536825,254475,58.85,1438425,1699050
24-03-2025 14:46,23701.85,385425,194400,264.45,1539900,252375,59.1,1425750,1713525
24-03-2025 14:46,23702,389700,198675,263.9,1538625,253125,59.3,1434600,1705725
24-03-2025 14:47,23705,390375,195375,265.1,1538475,256950,58.75,1433400,1721850
24-03-2025 14:47,23704.55,393075,194475,266.65,1540575,251625,58.55,1415250,1729800
24-03-2025 14:47,23704,393900,198075,266.85,1537200,240300,58.2,1427025,1723950
24-03-2025 14:47,23704.55,393075,198450,264.3,1531275,237525,58.9,1410150,1707000
24-03-2025 14:47,23704.55,391575,195375,265.65,1525725,238500,58.8,1395225,1705350
24-03-2025 14:47,23703.9,390450,196650,265.3,1526625,238650,58.7,1398825,1711575
24-03-2025 14:48,23705,389850,196425,266,1526850,241275,58.5,1385025,1717800
24-03-2025 14:48,23703.9,391575,197400,266.25,1530450,241650,58.5,1394175,1717725
24-03-2025 14:48,23704.9,388275,197025,265.25,1531725,243975,58.75,1411800,1712175
24-03-2025 14:48,23704,386775,195900,266,1532475,243075,58.6,1397775,1706775
24-03-2025 14:48,23702.9,390225,197325,264.95,1531950,242550,59.1,1405425,1701525
24-03-2025 14:48,23704.95,393900,195975,266.5,1529025,243075,58.15,1403175,1704450
24-03-2025 14:49,23704.8,391200,195000,266.45,1531050,240300,58,1377675,1707450
24-03-2025 14:49,23707.75,392475,197325,269.6,1530375,238125,57,1383675,1708500
24-03-2025 14:49,23709.5,391050,197400,268.8,1531725,230475,57.3,1367550,1709550
24-03-2025 14:49,23709.65,389700,198300,269.1,1541475,241725,57.2,1397175,1729050
24-03-2025 14:49,23706.55,389550,197850,267.55,1541625,245025,57.45,1411125,1730100
24-03-2025 14:49,23707.15,393450,197700,267.85,1542075,243225,57.35,1418175,1745700
24-03-2025 14:50,23706.05,391050,197550,267.3,1543575,244425,57.45,1434375,1735050
24-03-2025 14:50,23706,391200,198225,266.65,1542750,246825,57.95,1450650,1733700
24-03-2025 14:50,23706.05,383550,197700,267,1542450,248700,57.75,1451250,1729875
24-03-2025 14:50,23707,385050,194475,265.8,1544325,252450,58.25,1442175,1740975
24-03-2025 14:50,23709.8,385575,195450,266.4,1545300,251850,57.85,1432575,1742100
24-03-2025 14:50,23707,384750,196350,266.65,1544475,255825,58.25,1440150,1750050
24-03-2025 14:51,23708.95,385350,193875,268.15,1543200,255525,57.1,1443000,1743075
24-03-2025 14:51,23707.35,384825,199875,268.4,1543725,255675,57.75,1419750,1727400
24-03-2025 14:51,23708,387375,196875,268.3,1545375,255075,57.5,1413825,1738425
24-03-2025 14:51,23707,386550,201375,267.45,1549575,251550,58.05,1410075,1744875
24-03-2025 14:51,23708.55,385650,200475,267.6,1545450,246075,58.25,1419000,1713000
24-03-2025 14:51,23706.6,391350,199050,268,1545150,245400,58,1419750,1718175
24-03-2025 14:52,23707.85,396900,197850,268.55,1545150,247275,57.55,1418925,1725375
24-03-2025 14:52,23707.15,388950,200850,269,1545450,247950,57.8,1424175,1719075
24-03-2025 14:52,23706.55,389550,200700,267.9,1546875,249975,57.95,1416075,1717500
24-03-2025 14:52,23709,386250,199725,266.1,1544250,252075,58.45,1420425,1723200
24-03-2025 14:52,23708.95,393300,199350,268,1541175,253650,57.8,1413675,1725150
24-03-2025 14:52,23708.4,394650,198000,268.1,1542000,253200,57.65,1400850,1739625
24-03-2025 14:53,23708.4,391050,199650,268.55,1541100,251325,57.65,1415625,1732800
24-03-2025 14:53,23710.1,393000,198300,270.35,1543650,250650,56.75,1402125,1739625
24-03-2025 14:53,23713.55,396975,198375,272.5,1548375,235425,55.9,1390125,1744350
24-03-2025 14:53,23710.55,395850,200550,271.7,1539150,228750,56.55,1383525,1737300
24-03-2025 14:53,23709.5,396825,200400,270.8,1541175,232650,56.7,1404225,1729350
24-03-2025 14:53,23710,392025,199125,270.4,1539825,234525,56.9,1387950,1754175
24-03-2025 14:54,23708.45,391800,197550,270.35,1543950,237525,56.7,1400925,1770825
24-03-2025 14:54,23712.65,390675,199500,270,1543350,240900,57.2,1416975,1765725
24-03-2025 14:54,23712.65,397200,198750,273.3,1543275,239625,56,1403025,1757625
24-03-2025 14:54,23714.9,394575,197100,272.5,1546575,230100,56.2,1383675,1766100
24-03-2025 14:54,23712.3,394425,198825,272.7,1541550,230475,56.05,1391475,1752075
24-03-2025 14:54,23714.95,394950,195975,274.7,1542075,229425,55.2,1384950,1765125
24-03-2025 14:55,23715.2,393375,197100,273.7,1544400,220050,55.75,1368075,1751775
24-03-2025 14:55,23714,388050,195075,273.25,1542525,220800,55.8,1362900,1769100
24-03-2025 14:55,23714.05,390750,198375,269.7,1540725,223425,56.75,1384800,1751250
24-03-2025 14:55,23715,391800,197625,270.9,1530975,226050,56.7,1365225,1764000
24-03-2025 14:55,23712,395175,197475,270.55,1532625,231150,56.45,1380150,1742025
24-03-2025 14:55,23713.95,385350,199950,269.05,1530300,232875,57.25,1391550,1730400
24-03-2025 14:56,23708.9,383325,199875,267,1526925,238575,57.6,1395300,1732575
24-03-2025 14:56,23707.9,383550,197700,266.5,1527900,237600,57.9,1400625,1734225
24-03-2025 14:56,23706.9,382350,194925,267,1531350,234975,58.15,1409325,1698300
24-03-2025 14:56,23706.4,384225,195675,267,1530375,234225,57.95,1407000,1702500
24-03-2025 14:56,23706.55,384675,183000,268.35,1533150,235725,57.85,1394550,1720125
24-03-2025 14:56,23706.4,387525,185175,266.4,1537425,237525,58.45,1386900,1729875
24-03-2025 14:57,23705.9,380925,185475,263.45,1534575,245775,59.4,1405575,1696275
24-03-2025 14:57,23700,379125,186900,259.55,1500825,247350,59.85,1404000,1666275
24-03-2025 14:57,23700.5,384525,186075,262,1497450,249150,59.5,1389675,1623375
24-03-2025 14:57,23704.6,385800,186825,262.5,1501125,246225,59.6,1374975,1638825
24-03-2025 14:57,23701.4,390975,188475,261.6,1500225,251100,59.6,1370250,1637025
24-03-2025 14:57,23700,402075,188625,260.1,1498650,254100,60.3,1385475,1616250
24-03-2025 14:58,23700,402750,185925,262.45,1506000,255525,59.8,1380300,1621200
24-03-2025 14:58,23700,400575,186450,262.25,1504425,256800,59.85,1386975,1611375
24-03-2025 14:58,23700,404325,186450,262.95,1507275,257250,59.7,1386675,1627725
24-03-2025 14:58,23700,404625,186750,263.1,1510800,258150,59.6,1380750,1623675
24-03-2025 14:58,23700,403875,187125,262.65,1509300,259125,59.75,1398900,1630800
24-03-2025 14:58,23700.8,405825,184800,263.25,1509525,258600,59.45,1399200,1645050
24-03-2025 14:59,23700.1,396825,186600,262.65,1507725,257925,59.9,1394775,1630800
24-03-2025 14:59,23704.3,404025,185475,263.05,1509450,257925,59.3,1397475,1650825
24-03-2025 14:59,23701,399750,190800,262.15,1507425,262200,59.45,1390725,1641375
24-03-2025 14:59,23704,399900,187500,263.1,1503225,257325,59.5,1387200,1638600
24-03-2025 14:59,23704.95,399450,188550,262.55,1503750,257325,59.55,1391700,1642500
24-03-2025 14:59,23702,401775,189150,262.8,1502550,258300,59.45,1383450,1638450
24-03-2025 15:00,23701,393525,190950,256.4,1500300,260475,60.7,1400850,1657425
24-03-2025 15:00,23692.3,391575,193275,252.2,1486425,262200,62.15,1407225,1599675
24-03-2025 15:00,23685.1,383700,193650,245.45,1481100,259500,63.95,1406700,1555875
24-03-2025 15:00,23681.3,385800,194400,248.95,1465125,259650,63.3,1402875,1538025
24-03-2025 15:00,23684.15,394050,190350,250.65,1471125,252300,63.3,1385100,1542150
24-03-2025 15:00,23686.55,386775,187050,244.5,1474200,253200,65.05,1394325,1556925
24-03-2025 15:01,23678.05,366825,194025,242,1465275,251025,65.65,1395000,1502550
24-03-2025 15:01,23673.2,384675,194775,242.95,1474500,250350,65.35,1396500,1503450
24-03-2025 15:01,23674.35,380850,194400,244.1,1478700,250650,65.15,1377600,1500900
24-03-2025 15:01,23680.4,383925,190125,248.3,1475775,249900,63.25,1379325,1506675
24-03-2025 15:01,23678.35,382575,187800,248.45,1481550,246600,63.5,1340925,1527000
24-03-2025 15:01,23672.3,376200,187125,240.6,1480875,254175,67.45,1377525,1522200
24-03-2025 15:02,23667.3,367950,183900,239.65,1469550,256125,67.75,1383525,1453950
24-03-2025 15:02,23668.6,373350,188325,239.9,1462050,241050,67.9,1389225,1453275
24-03-2025 15:02,23667,356100,185100,238.35,1465200,245250,69.05,1404900,1456800
24-03-2025 15:02,23670.05,369450,184875,238.6,1475625,247200,68.05,1416600,1466400
24-03-2025 15:02,23667.7,371175,186975,239.85,1484925,239325,67.75,1389450,1507800
24-03-2025 15:02,23667.4,376725,183750,238.8,1484325,241575,68.3,1386225,1509825
24-03-2025 15:03,23670,377925,178275,237.95,1487175,251850,68.1,1390725,1510575
24-03-2025 15:03,23672,384675,188625,239.8,1489200,248100,67.65,1394175,1512975
24-03-2025 15:03,23673.2,383700,188775,243.4,1493625,250425,66.15,1386450,1523925
24-03-2025 15:03,23678,386175,184125,246.2,1494225,243975,64.8,1361325,1531875
24-03-2025 15:03,23675.25,387000,186900,244.8,1493325,245325,65.75,1358400,1533975
24-03-2025 15:03,23673,384075,188100,243,1491300,252300,66.7,1374750,1512675
24-03-2025 15:04,23673.35,387900,189525,243.65,1494450,254700,66.95,1397025,1518375
24-03-2025 15:04,23675,388125,189675,243.6,1497150,258975,67.2,1416150,1539675
24-03-2025 15:04,23673.35,389025,188025,241.8,1498650,259875,67.7,1408200,1535775
24-03-2025 15:04,23671.3,386625,188400,242.4,1494975,253275,67.35,1413525,1535775
24-03-2025 15:04,23672.1,386400,187500,242.75,1496175,250950,67.6,1424400,1535625
24-03-2025 15:04,23673.95,385575,188625,240.15,1496175,255975,68.3,1442025,1536825
24-03-2025 15:05,23670,378750,191025,239.85,1487025,257175,68.95,1442775,1494150
24-03-2025 15:05,23670.95,383400,187500,241.4,1487850,253425,68.25,1424100,1427925
24-03-2025 15:05,23669.05,378375,189900,241.4,1488000,253350,67.9,1433775,1431750
24-03-2025 15:05,23673.65,387825,190575,243,1490625,255600,67.3,1428225,1464750
24-03-2025 15:05,23672.6,390825,191100,243.45,1490775,253500,67.15,1437000,1470150
24-03-2025 15:05,23677.1,389700,188325,247.25,1487625,250575,65.6,1412850,1475250
24-03-2025 15:06,23679.95,389400,187275,246.45,1488000,251475,65.8,1392450,1481175
24-03-2025 15:06,23680.1,392325,189075,248.15,1491150,255450,65.3,1404150,1470000
24-03-2025 15:06,23675.05,388125,196125,245.7,1491525,253125,66.5,1386450,1463325
24-03-2025 15:06,23678.05,390075,197175,244.95,1489425,256800,67.1,1395450,1469925
24-03-2025 15:06,23675.75,391275,188625,246.95,1492800,256350,66,1400550,1483050
24-03-2025 15:06,23680.95,394725,189225,250,1494825,251625,64.85,1367250,1493400
24-03-2025 15:07,23682.2,393450,188400,250.25,1497600,242250,64.35,1365675,1494150
24-03-2025 15:07,23679.85,391800,190350,248.6,1494975,245550,65.15,1371300,1479750
24-03-2025 15:07,23679,392700,190350,247.8,1500825,248400,65.8,1386825,1474575
24-03-2025 15:07,23677.45,393975,189900,247.4,1500450,255675,66.3,1392975,1474950
24-03-2025 15:07,23682.95,400500,189750,251.7,1500750,255225,64.55,1386525,1499250
24-03-2025 15:07,23681.1,398250,190275,250.05,1500750,248025,65.5,1388550,1483275
24-03-2025 15:08,23685.05,396600,188700,251,1504050,251475,64.75,1397325,1505175
24-03-2025 15:08,23690,395625,186825,255.05,1508100,250125,63.5,1383075,1502925
24-03-2025 15:08,23687.3,393300,188475,253.6,1507200,228675,64.1,1365450,1493100
24-03-2025 15:08,23688.95,392250,186300,253,1502025,233925,64.65,1388625,1489350
24-03-2025 15:08,23685,388350,187800,252.55,1500525,235200,65,1384725,1491900
24-03-2025 15:08,23683.15,391275,188550,252.7,1501725,237450,65.4,1397625,1486200
24-03-2025 15:09,23689.8,393975,186600,253.6,1500900,241650,65.25,1406775,1486500
24-03-2025 15:09,23687,395100,186900,254.6,1500450,240525,65.3,1393800,1492875
24-03-2025 15:09,23681.4,390900,188250,251.3,1497675,244050,66.7,1407675,1479450
24-03-2025 15:09,23680.8,389925,190875,250.5,1495650,249675,66.4,1419525,1463925
24-03-2025 15:09,23684,393750,186975,251.3,1493250,248925,66.15,1395750,1467000
24-03-2025 15:09,23686.9,399300,184650,255.35,1495800,247275,64.6,1402650,1496400
24-03-2025 15:10,23687.7,398250,190050,250.75,1492050,244950,65.5,1415100,1479225
24-03-2025 15:10,23685.05,397725,189975,251.5,1495350,246000,65.4,1418775,1491525
24-03-2025 15:10,23681.25,394950,193800,250.05,1495200,245550,66,1430550,1482600
24-03-2025 15:10,23686.25,393975,186900,252,1493925,244125,65.1,1419225,1492425
24-03-2025 15:10,23680,393600,191925,248.8,1496175,250650,66.55,1432125,1492050
24-03-2025 15:10,23680,394500,189975,249.75,1492050,252900,66.35,1427400,1493100
24-03-2025 15:11,23680,396450,188850,249.75,1494825,255375,66.45,1434600,1492275
24-03-2025 15:11,23682.3,396825,188175,249.9,1498125,255825,66.2,1440525,1495575
24-03-2025 15:11,23681.9,403875,187800,250.6,1500900,256425,65.7,1424625,1509525
24-03-2025 15:11,23681,398175,190350,249.65,1493025,244725,66.3,1442475,1491075
24-03-2025 15:11,23680.15,399300,190425,249.75,1491675,249825,66.15,1453800,1486500
24-03-2025 15:11,23682,396975,188700,250.8,1493925,257025,66,1441125,1487925
24-03-2025 15:12,23685,397275,187800,250.4,1493100,257925,66.05,1451325,1477950
24-03-2025 15:12,23686,403350,187125,253.4,1495200,256725,64.15,1426575,1504800
24-03-2025 15:12,23685.1,395925,187875,251.8,1495425,245400,64.65,1407975,1514025
24-03-2025 15:12,23686,399525,189525,250.5,1492575,250350,64.95,1407075,1501575
24-03-2025 15:12,23686.05,397200,186900,252,1491750,258975,64.65,1419075,1502850
24-03-2025 15:12,23686.4,401475,190425,253.8,1495425,254250,63.4,1403625,1517625
24-03-2025 15:13,23690,405600,193350,254.9,1497375,254400,62.6,1383750,1517700
24-03-2025 15:13,23691.95,402450,195600,255.25,1498650,243975,62.7,1372350,1524825
24-03-2025 15:13,23687.95,401550,198900,254.4,1495050,246975,63.5,1390725,1502475
24-03-2025 15:13,23692.35,398175,198525,254.2,1494150,249000,63.6,1390725,1504350
24-03-2025 15:13,23690,399975,196800,254.7,1495200,248325,63.3,1388400,1511475
24-03-2025 15:13,23687.8,398775,200625,252.25,1499550,257100,64.55,1401225,1504500
24-03-2025 15:14,23690.85,396450,197475,253.2,1497225,259725,64.35,1407150,1474800
24-03-2025 15:14,23687,398550,196350,253.2,1498800,252075,64.35,1397250,1497000
24-03-2025 15:14,23686,396075,198450,252.75,1500300,251925,64.85,1394475,1478025
24-03-2025 15:14,23686,394200,200175,252.85,1497075,255750,64.9,1410000,1474575
24-03-2025 15:14,23685,394575,198375,252.05,1495275,258300,65,1392975,1470975
24-03-2025 15:14,23686.85,394425,198975,250.75,1494450,263325,65.6,1415925,1461600
24-03-2025 15:15,23685.9,395775,195825,253.65,1489575,258750,64.5,1385850,1454025
24-03-2025 15:15,23693,403050,193725,255.3,1489950,255000,63.45,1372275,1478775
24-03-2025 15:15,23693.6,398025,196125,256.5,1490250,250875,62.7,1373325,1498275
24-03-2025 15:15,23696,400500,195000,259,1491825,241200,62.8,1370175,1498200
24-03-2025 15:15,23698.5,401625,194850,260.35,1493625,234825,61.8,1377525,1509300
24-03-2025 15:15,23698,401625,192600,263.1,1498575,216975,60.8,1359900,1524825
24-03-2025 15:16,23696.5,396225,192225,260.8,1495800,219600,62.6,1357425,1495575
24-03-2025 15:16,23694.2,384525,193575,260.7,1498425,223425,62.9,1372875,1480425
24-03-2025 15:16,23694.9,386325,192075,261.6,1500675,222525,62.6,1383000,1487475
24-03-2025 15:16,23698.95,393450,193500,262.6,1498575,222000,61.85,1372350,1505025
24-03-2025 15:16,23699.4,395475,192225,264.6,1499925,220575,60.65,1359975,1513125
24-03-2025 15:16,23700.3,395775,182925,264.4,1500825,212550,60.85,1354650,1512825
24-03-2025 15:17,23696.3,387375,185700,261.8,1498350,223950,61.75,1381950,1480950
24-03-2025 15:17,23699.95,390000,185700,262.9,1493325,219225,62,1378875,1471275
24-03-2025 15:17,23698.8,385500,185475,262.65,1491975,220050,61.85,1375725,1475025
24-03-2025 15:17,23695.7,384450,186750,261.15,1486650,227250,62.3,1380750,1462350
24-03-2025 15:17,23695.85,384600,183900,261.6,1486500,227925,62.15,1379700,1465650
24-03-2025 15:17,23698.2,387300,182400,263.25,1486950,227400,62,1377150,1486875
24-03-2025 15:18,23698,388800,184050,262.9,1484550,232950,61.9,1390575,1483800
24-03-2025 15:18,23702.85,389850,183075,263.75,1487325,230325,61.3,1382400,1494675
24-03-2025 15:18,23698.7,391275,184425,262.75,1488375,226950,61.95,1382325,1491375
24-03-2025 15:18,23698.25,394800,182625,263.1,1488975,227700,61.45,1378950,1502400
24-03-2025 15:18,23698.2,396225,181275,263.2,1489050,228525,61.6,1379700,1485375
24-03-2025 15:18,23698,399900,179925,262.7,1490625,229650,62,1407975,1479750
24-03-2025 15:19,23698,400950,179325,264,1489725,228750,61.55,1415175,1488450
24-03-2025 15:19,23703,403875,180150,263.3,1490775,221100,61.6,1377750,1498050
24-03-2025 15:19,23698,400800,178200,262.9,1488525,221775,61.4,1384500,1478175
24-03-2025 15:19,23700,398850,179400,262.8,1488225,224700,61.95,1406025,1471125
24-03-2025 15:19,23698,395850,179100,263,1488675,227850,61.8,1410675,1480650
24-03-2025 15:19,23698,394725,178350,262.5,1487025,228750,61.7,1401375,1485375
24-03-2025 15:20,23696.7,394650,178875,262,1487400,226200,61.6,1399200,1476750
24-03-2025 15:20,23697.35,392325,181725,263.6,1476825,222975,61.35,1392000,1466850
24-03-2025 15:20,23700,395325,177975,263.65,1477650,220950,61.1,1379550,1477875
24-03-2025 15:20,23699.85,394875,176475,263.9,1477425,220875,60.65,1367475,1482750
24-03-2025 15:20,23699.1,395475,177450,263.7,1475325,217425,60.7,1359825,1484100
24-03-2025 15:20,23698.2,394200,175425,263.2,1475250,216600,61.45,1363725,1478775
24-03-2025 15:21,23700.75,393000,175500,263.4,1474725,218925,60.85,1375125,1465350
24-03-2025 15:21,23700.05,394200,176625,263.15,1472550,216675,61.3,1374225,1460625
24-03-2025 15:21,23698.65,392100,175425,263.65,1474050,216600,61.2,1383525,1453350
24-03-2025 15:21,23698.5,390150,173250,263.25,1473600,217125,61.45,1376325,1465650
24-03-2025 15:21,23699.75,393750,174000,264.5,1477050,217875,60.7,1377450,1481100
24-03-2025 15:21,23702.55,395925,173625,265.6,1479750,209475,59.9,1369125,1479525
24-03-2025 15:22,23705.9,397650,174750,268.15,1477575,190050,59.55,1352025,1498200
24-03-2025 15:22,23705,397275,174150,268.05,1477500,189150,59.85,1339425,1497375
24-03-2025 15:22,23704,399600,173625,268.3,1474050,190575,59.8,1340100,1482225
24-03-2025 15:22,23706.95,399600,173775,269.2,1473525,191700,58.5,1338975,1510425
24-03-2025 15:22,23707.8,401700,174300,270.2,1474350,188775,58.1,1331100,1513575
24-03-2025 15:22,23708.15,400050,174750,270.35,1473300,163125,58.5,1332375,1494825
24-03-2025 15:23,23707.5,400425,172500,270.9,1472925,164325,58.8,1327125,1482675
24-03-2025 15:23,23706.7,399000,173175,269.3,1467600,167325,58.5,1321725,1480650
24-03-2025 15:23,23707.7,393900,172800,270.2,1466550,166050,58.1,1320675,1490250
24-03-2025 15:23,23708.05,393450,174600,270.4,1467900,160575,58.1,1321875,1488525
24-03-2025 15:23,23708.05,392025,173250,269.85,1467375,163125,58.05,1321050,1491000
24-03-2025 15:23,23708.3,395175,173775,270.6,1466775,163575,58.4,1323900,1478850
24-03-2025 15:24,23710,394800,172950,270.85,1466400,161925,58.2,1326525,1472700
24-03-2025 15:24,23711.35,393450,171600,271.4,1467600,160575,57.25,1320000,1487775
24-03-2025 15:24,23711.8,396075,171750,272.7,1466925,155100,56.8,1307625,1481550
24-03-2025 15:24,23713.85,391500,174900,271.45,1466775,155175,57.55,1301250,1457550
24-03-2025 15:24,23712.5,390525,174600,271.3,1456125,153525,58.25,1303875,1414350
24-03-2025 15:24,23712,390975,174000,272.25,1458675,153600,58.15,1315950,1413675
24-03-2025 15:25,23711.95,391275,173325,272.4,1460100,149175,58.2,1302000,1390875
24-03-2025 15:25,23714.4,393675,172575,272,1460250,148125,57.9,1303500,1355475
24-03-2025 15:25,23712.8,392325,171000,271.9,1452000,152400,58.4,1304325,1346625
24-03-2025 15:25,23713.2,395625,171000,271.15,1451175,152175,57.95,1315275,1359825
24-03-2025 15:25,23710,394425,172575,271,1445325,154050,58.15,1326900,1353975
24-03-2025 15:25,23712.75,391800,172800,271.1,1438125,157650,57.7,1328850,1340325
24-03-2025 15:26,23710.8,422775,170550,271.6,1436625,155100,58.05,1307700,1339350
24-03-2025 15:26,23712.6,424050,170475,271.25,1436625,156225,58.5,1293900,1326975
24-03-2025 15:26,23712.25,424050,170850,271.8,1434825,155325,58.15,1302225,1326450
24-03-2025 15:26,23713,421125,168900,271.4,1435725,151950,57.75,1295250,1320750
24-03-2025 15:26,23712.8,421050,169350,271.55,1432725,146475,57.65,1284075,1332750
24-03-2025 15:26,23712.5,420900,169500,271.4,1433325,145725,57.8,1281600,1327800
24-03-2025 15:27,23712.5,416625,168825,270.65,1430775,144900,57.6,1280850,1335375
24-03-2025 15:27,23713.4,409650,167550,271.85,1434450,140250,57,1288125,1331625
24-03-2025 15:27,23713.45,411150,167775,271.85,1435950,141975,56.8,1281975,1343550
24-03-2025 15:27,23714.6,413025,167625,272,1429875,130350,56.6,1279800,1344450
24-03-2025 15:27,23714,413925,166950,272.45,1430325,122100,56.85,1282425,1344075
24-03-2025 15:27,23715.6,415875,166650,272.25,1430925,121950,56.5,1277775,1335225
24-03-2025 15:28,23716.1,414975,168525,272,1429575,136275,57.3,1287750,1314600
24-03-2025 15:28,23716,390525,166950,272.1,1428225,137625,57.75,1252575,1255725
24-03-2025 15:28,23716.3,386775,167475,273,1424100,135675,57.45,1114425,1258725
24-03-2025 15:28,23717.2,383775,166875,272.5,1423575,131700,57.05,1057050,1272525
24-03-2025 15:28,23718.5,375825,166425,274,1423275,126750,57.15,1053450,1270350
24-03-2025 15:28,23719.8,378375,167175,273.85,1422075,116400,57.3,1051050,1249950
24-03-2025 15:29,23719,370050,162675,273.6,1416525,109575,56.7,1039725,1245525
24-03-2025 15:29,23719.25,361725,160875,273.3,1417275,106200,56.8,1031100,1232700
24-03-2025 15:29,23720.3,358950,159975,274,1418250,96825,57.6,1033725,1187775
24-03-2025 15:29,23720.5,336525,159375,274.9,351000,79800,58.4,266175,1149450
24-03-2025 15:29,23720.05,334575,153225,275.45,341400,72075,57.6,271800,1093575
24-03-2025 15:29,23720,321000,150300,274.7,336450,68325,56.25,248250,1084425
