last_traded_time,ltp,tot_buy_qty,tot_sell_qty,last_traded_time,ltp,tot_buy_qty,tot_sell_qty,last_traded_time,ltp,tot_buy_qty,tot_sell_qty
12-05-2025 09:16,24605.5,682950,221250,12-05-2025 09:16,287.75,519525,87675,12-05-2025 09:16,57.1,2983875,243675
12-05-2025 09:16,24600.2,657225,262725,12-05-2025 09:16,290.65,501000,109350,12-05-2025 09:16,58.8,3012525,226350
12-05-2025 09:16,24601.8,658350,259350,12-05-2025 09:16,290.4,483300,111825,12-05-2025 09:16,56.4,3026550,324000
12-05-2025 09:16,24608.8,687375,281175,12-05-2025 09:16,298.2,476925,123450,12-05-2025 09:16,57.5,3046725,348900
12-05-2025 09:16,24608.9,688500,309300,12-05-2025 09:16,296.6,481500,118500,12-05-2025 09:16,58.05,3066825,243750
12-05-2025 09:16,24608,692250,336450,12-05-2025 09:16,297.95,465450,130500,12-05-2025 09:16,55.8,3089025,287775
12-05-2025 09:17,24615.7,683250,327450,12-05-2025 09:17,305.65,452775,131625,12-05-2025 09:17,56,3085950,285450
12-05-2025 09:17,24619.7,679425,279150,12-05-2025 09:17,307.1,452850,105225,12-05-2025 09:17,55.4,3057150,246450
12-05-2025 09:17,24620.1,667950,291150,12-05-2025 09:17,301.8,408000,109050,12-05-2025 09:17,56.35,3065625,261150
12-05-2025 09:17,24622.5,665175,296100,12-05-2025 09:17,305.75,367350,115575,12-05-2025 09:17,55.9,3087975,258375
12-05-2025 09:17,24622.9,669900,319800,12-05-2025 09:17,303.45,372000,120975,12-05-2025 09:17,58.3,3084975,262500
12-05-2025 09:17,24622.7,676650,327150,12-05-2025 09:17,306.45,378300,129225,12-05-2025 09:17,57.25,3108000,221325
12-05-2025 09:18,24624.5,667725,329775,12-05-2025 09:18,305.35,380250,132150,12-05-2025 09:18,55.85,3100425,228225
12-05-2025 09:18,24626.4,682650,331200,12-05-2025 09:18,311.55,389850,135000,12-05-2025 09:18,57,3107700,228450
12-05-2025 09:18,24628.7,687600,326850,12-05-2025 09:18,309.65,400950,124575,12-05-2025 09:18,57.85,3138600,234825
12-05-2025 09:18,24626.9,684075,359100,12-05-2025 09:18,308.7,394725,128175,12-05-2025 09:18,57.5,3140475,258750
12-05-2025 09:18,24626,689625,372150,12-05-2025 09:18,310.7,392850,127725,12-05-2025 09:18,55.9,3129300,267225
12-05-2025 09:18,24627,693825,379500,12-05-2025 09:18,309.4,395175,132675,12-05-2025 09:18,55.8,3140400,259950
12-05-2025 09:19,24628,682650,381450,12-05-2025 09:19,311.25,386325,141150,12-05-2025 09:19,57.1,3161025,258675
12-05-2025 09:19,24626.6,693525,379500,12-05-2025 09:19,312.95,386400,130575,12-05-2025 09:19,58.15,3168600,265800
12-05-2025 09:19,24620.1,688350,379200,12-05-2025 09:19,304.2,381675,138000,12-05-2025 09:19,58,3177825,273000
12-05-2025 09:19,24626.1,692850,372900,12-05-2025 09:19,310.4,385350,141375,12-05-2025 09:19,57.7,3175350,303300
12-05-2025 09:19,24630,702675,380250,12-05-2025 09:19,313.85,377400,135000,12-05-2025 09:19,57.35,3165900,295200
12-05-2025 09:19,24631,692175,372375,12-05-2025 09:19,318,369600,125325,12-05-2025 09:19,57.9,3164550,299625
12-05-2025 09:20,24649,686250,311325,12-05-2025 09:20,331.2,379875,118200,12-05-2025 09:20,56.15,3166500,280275
12-05-2025 09:20,24654.5,686550,297375,12-05-2025 09:20,334.85,378975,99075,12-05-2025 09:20,56.4,3168900,288075
12-05-2025 09:20,24661.6,691275,294675,12-05-2025 09:20,343.65,373125,88950,12-05-2025 09:20,58.3,3169875,280575
12-05-2025 09:20,24651.7,693450,307125,12-05-2025 09:20,332.3,368475,101625,12-05-2025 09:20,59.65,3167775,258675
12-05-2025 09:20,24648.6,681600,311175,12-05-2025 09:20,329.85,368400,108300,12-05-2025 09:20,60,3167175,267975
12-05-2025 09:20,24655,685950,319125,12-05-2025 09:20,339,364125,105225,12-05-2025 09:20,58,3171825,299250
12-05-2025 09:21,24659.8,689550,319725,12-05-2025 09:21,336.5,360450,100275,12-05-2025 09:21,57.5,3176175,302925
12-05-2025 09:21,24655.1,677550,321450,12-05-2025 09:21,337.7,363600,106125,12-05-2025 09:21,58.7,3182925,302175
12-05-2025 09:21,24649.3,672900,326175,12-05-2025 09:21,335.15,367800,101400,12-05-2025 09:21,59,3187800,306075
12-05-2025 09:21,24650,669000,329475,12-05-2025 09:21,333.4,364500,105975,12-05-2025 09:21,58,3191325,311925
12-05-2025 09:21,24647.3,669000,345975,12-05-2025 09:21,334,369000,108675,12-05-2025 09:21,58.3,3193125,319800
12-05-2025 09:21,24648.6,677550,370275,12-05-2025 09:21,333.6,366750,116325,12-05-2025 09:21,59.8,3210150,312150
12-05-2025 09:22,24646,675375,375300,12-05-2025 09:22,329.85,375000,113700,12-05-2025 09:22,60.85,3215775,320250
12-05-2025 09:22,24645.7,676350,372600,12-05-2025 09:22,335.45,367125,115950,12-05-2025 09:22,59.35,3219750,329775
12-05-2025 09:22,24646,673800,372750,12-05-2025 09:22,336.55,367425,113775,12-05-2025 09:22,60.05,3217725,356325
12-05-2025 09:22,24648.9,672075,365775,12-05-2025 09:22,338,362625,111825,12-05-2025 09:22,60.35,3221400,324675
12-05-2025 09:22,24659,685950,358200,12-05-2025 09:22,346.85,358350,107625,12-05-2025 09:22,59.9,3216750,329850
12-05-2025 09:22,24655.6,684975,337200,12-05-2025 09:22,341.05,358200,100500,12-05-2025 09:22,64.1,3218550,329850
12-05-2025 09:23,24653,659025,338775,12-05-2025 09:23,339.75,352425,94050,12-05-2025 09:23,62.45,3222675,305100
12-05-2025 09:23,24650.1,662250,344175,12-05-2025 09:23,340.7,349950,98850,12-05-2025 09:23,62.25,3231150,323175
12-05-2025 09:23,24658.5,681150,345075,12-05-2025 09:23,343.75,356925,96525,12-05-2025 09:23,61.75,3229725,339300
12-05-2025 09:23,24635.1,671250,350025,12-05-2025 09:23,326.55,355050,98475,12-05-2025 09:23,64.4,3247800,331650
12-05-2025 09:23,24637.7,648675,350550,12-05-2025 09:23,324.65,343200,97050,12-05-2025 09:23,63.45,3234600,350475
12-05-2025 09:23,24646,666975,350925,12-05-2025 09:23,333.8,338475,101100,12-05-2025 09:23,60.45,3228975,406125
12-05-2025 09:24,24648.7,662100,359175,12-05-2025 09:24,332.45,343950,100875,12-05-2025 09:24,60.4,3204825,373800
12-05-2025 09:24,24642.6,671175,364200,12-05-2025 09:24,329.5,337275,101100,12-05-2025 09:24,59.75,3204225,377400
12-05-2025 09:24,24649.2,678450,361275,12-05-2025 09:24,335.7,342225,101550,12-05-2025 09:24,57.95,3203700,393600
12-05-2025 09:24,24651,684675,356700,12-05-2025 09:24,338,344700,106050,12-05-2025 09:24,57.75,3187875,398925
12-05-2025 09:24,24650,674775,363375,12-05-2025 09:24,333.75,340725,114225,12-05-2025 09:24,59.5,3195375,384450
12-05-2025 09:24,24650,678750,364575,12-05-2025 09:24,331.75,341325,112200,12-05-2025 09:24,58.75,3195600,405225
12-05-2025 09:25,24650,676725,363975,12-05-2025 09:25,334.25,342000,111525,12-05-2025 09:25,58.1,3197700,392100
12-05-2025 09:25,24645.8,689025,373425,12-05-2025 09:25,332.05,346050,118950,12-05-2025 09:25,57.7,3204975,394200
12-05-2025 09:25,24653,688725,372525,12-05-2025 09:25,334.6,346125,119775,12-05-2025 09:25,56.15,3195675,405900
12-05-2025 09:25,24658,694800,367800,12-05-2025 09:25,341,348975,117750,12-05-2025 09:25,54.15,3181800,420600
12-05-2025 09:25,24662.9,691950,349950,12-05-2025 09:25,338.3,348975,115200,12-05-2025 09:25,54.65,3150450,424125
12-05-2025 09:25,24659.2,689325,344400,12-05-2025 09:25,337.75,350025,114150,12-05-2025 09:25,53.95,3168825,423075
12-05-2025 09:26,24657.5,693075,350475,12-05-2025 09:26,336.95,343800,119400,12-05-2025 09:26,53.8,3160125,434775
12-05-2025 09:26,24655.2,699675,347775,12-05-2025 09:26,334.6,348375,120675,12-05-2025 09:26,54.3,3165300,448500
12-05-2025 09:26,24659.9,718650,351900,12-05-2025 09:26,339.15,346725,121575,12-05-2025 09:26,52.75,3173100,444825
12-05-2025 09:26,24663.7,731625,349650,12-05-2025 09:26,339.25,345825,115275,12-05-2025 09:26,53,3177300,466050
12-05-2025 09:26,24654.7,729525,355800,12-05-2025 09:26,328.45,344250,118650,12-05-2025 09:26,54.5,3164100,439875
12-05-2025 09:26,24655.2,732450,357300,12-05-2025 09:26,330.85,340950,117450,12-05-2025 09:26,53.15,3163950,443250
12-05-2025 09:27,24650.1,713775,359400,12-05-2025 09:27,325.8,345900,123525,12-05-2025 09:27,54.35,3171300,442050
12-05-2025 09:27,24658.2,707025,361650,12-05-2025 09:27,336.55,344625,124125,12-05-2025 09:27,51.95,3177300,445875
12-05-2025 09:27,24664.7,709050,351225,12-05-2025 09:27,339.25,340500,121125,12-05-2025 09:27,51.1,3172350,508050
12-05-2025 09:27,24658.3,700350,360150,12-05-2025 09:27,337.6,338775,121800,12-05-2025 09:27,51.1,3177075,465075
12-05-2025 09:27,24660,701550,363225,12-05-2025 09:27,338,345825,117075,12-05-2025 09:27,51.45,3185100,458100
12-05-2025 09:27,24656.6,702075,354300,12-05-2025 09:27,331.95,345975,120375,12-05-2025 09:27,52.5,3210000,453525
12-05-2025 09:28,24658.1,698775,360900,12-05-2025 09:28,334.95,341400,117225,12-05-2025 09:28,52.75,3221175,461250
12-05-2025 09:28,24645.8,687150,362325,12-05-2025 09:28,327.2,341475,122775,12-05-2025 09:28,53.15,3224700,462450
12-05-2025 09:28,24647.8,692325,365175,12-05-2025 09:28,328.3,337200,121575,12-05-2025 09:28,53.2,3200025,485100
12-05-2025 09:28,24657.8,699150,350400,12-05-2025 09:28,336.25,336525,126450,12-05-2025 09:28,51.35,3201150,507975
12-05-2025 09:28,24653.8,694575,357600,12-05-2025 09:28,332.15,337200,127500,12-05-2025 09:28,51.75,3227400,498525
12-05-2025 09:28,24656,705750,359475,12-05-2025 09:28,335.25,326475,138900,12-05-2025 09:28,50.65,3216975,505650
12-05-2025 09:29,24657,699825,364350,12-05-2025 09:29,335.55,323775,140025,12-05-2025 09:29,51.15,3217650,503175
12-05-2025 09:29,24657.8,714225,368175,12-05-2025 09:29,333.85,323550,145050,12-05-2025 09:29,51.45,3220800,509175
12-05-2025 09:29,24656.3,705600,368250,12-05-2025 09:29,333.75,324750,143325,12-05-2025 09:29,51.6,3223425,514800
12-05-2025 09:29,24661.1,712050,362175,12-05-2025 09:29,338.55,325950,143325,12-05-2025 09:29,51.15,3222000,511125
12-05-2025 09:29,24665.8,712050,352950,12-05-2025 09:29,342.05,324375,130425,12-05-2025 09:29,50.6,3215400,533475
12-05-2025 09:29,24666.1,708375,357600,12-05-2025 09:29,342,323325,115125,12-05-2025 09:29,51,3173250,521250
12-05-2025 09:30,24664.6,715500,350475,12-05-2025 09:30,341.35,330750,114150,12-05-2025 09:30,51.9,3164325,510600
12-05-2025 09:30,24664.1,702075,344625,12-05-2025 09:30,336.85,329025,119175,12-05-2025 09:30,52.5,3175875,511275
12-05-2025 09:30,24668.5,706575,345525,12-05-2025 09:30,345.25,326325,111975,12-05-2025 09:30,50.1,3174150,525450
12-05-2025 09:30,24672.5,709800,350325,12-05-2025 09:30,343.5,327450,113175,12-05-2025 09:30,49.7,3177225,527850
12-05-2025 09:30,24673.1,709650,347550,12-05-2025 09:30,342.55,323325,116625,12-05-2025 09:30,49.8,3177300,524625
12-05-2025 09:30,24658.6,702150,359850,12-05-2025 09:30,331.85,328500,128775,12-05-2025 09:30,52.5,3195000,522900
12-05-2025 09:31,24659.1,705600,356325,12-05-2025 09:31,332.6,325500,132300,12-05-2025 09:31,52.15,3204450,527775
12-05-2025 09:31,24659.1,705975,360300,12-05-2025 09:31,333.7,318375,131100,12-05-2025 09:31,51.45,3207750,549600
12-05-2025 09:31,24664.7,716475,355650,12-05-2025 09:31,339,321450,135150,12-05-2025 09:31,50.3,3188175,559350
12-05-2025 09:31,24667.1,718800,362925,12-05-2025 09:31,340,319050,131025,12-05-2025 09:31,49.9,3179475,567525
12-05-2025 09:31,24674.5,718125,353625,12-05-2025 09:31,348.8,320850,121875,12-05-2025 09:31,48.95,3175275,574200
12-05-2025 09:31,24674.5,710475,337575,12-05-2025 09:31,343.4,321975,124125,12-05-2025 09:31,49.75,3157125,569775
12-05-2025 09:32,24674.1,706425,337650,12-05-2025 09:32,348.85,318825,126375,12-05-2025 09:32,50.75,3161700,556575
12-05-2025 09:32,24677,709050,337350,12-05-2025 09:32,344,319875,102975,12-05-2025 09:32,51.2,3163725,543825
12-05-2025 09:32,24673.7,700200,342075,12-05-2025 09:32,345,320025,109200,12-05-2025 09:32,51.45,3175425,557100
12-05-2025 09:32,24670,706275,344325,12-05-2025 09:32,342,316425,135525,12-05-2025 09:32,51.1,3173700,557925
12-05-2025 09:32,24675.4,705450,341400,12-05-2025 09:32,347.65,317925,130875,12-05-2025 09:32,49.7,3170400,570225
12-05-2025 09:32,24685.6,709800,336450,12-05-2025 09:32,358.3,321150,125475,12-05-2025 09:32,48.45,3163425,566175
12-05-2025 09:33,24692.6,706950,316950,12-05-2025 09:33,361.8,332775,94050,12-05-2025 09:33,47.8,3148200,567675
12-05-2025 09:33,24690,709350,327825,12-05-2025 09:33,360.75,321300,95475,12-05-2025 09:33,48.4,3166275,565650
12-05-2025 09:33,24690,717900,329100,12-05-2025 09:33,362.95,319575,88950,12-05-2025 09:33,47.85,3180450,566925
12-05-2025 09:33,24695,721875,326100,12-05-2025 09:33,361.15,316950,91200,12-05-2025 09:33,48.8,3164400,577950
12-05-2025 09:33,24694.9,724800,329925,12-05-2025 09:33,361.6,320625,120600,12-05-2025 09:33,48.65,3164850,570225
12-05-2025 09:33,24689.7,720225,341850,12-05-2025 09:33,360.35,322500,124125,12-05-2025 09:33,49.05,3169875,570225
12-05-2025 09:34,24689.4,713325,345300,12-05-2025 09:34,358.2,323025,127500,12-05-2025 09:34,49.5,3175425,570675
12-05-2025 09:34,24690,719475,341775,12-05-2025 09:34,367.7,320925,119700,12-05-2025 09:34,48.2,3172500,585000
12-05-2025 09:34,24695,724500,332850,12-05-2025 09:34,366.75,320100,116550,12-05-2025 09:34,48.1,3159600,590400
12-05-2025 09:34,24693.8,729750,329475,12-05-2025 09:34,366.6,315975,112725,12-05-2025 09:34,48.35,3184050,589050
12-05-2025 09:34,24695,732675,331875,12-05-2025 09:34,368.2,315750,113625,12-05-2025 09:34,48.45,3204000,590250
12-05-2025 09:34,24700,731850,333075,12-05-2025 09:34,374.35,321150,117375,12-05-2025 09:34,48.75,3198975,583500
12-05-2025 09:35,24709.5,727425,302625,12-05-2025 09:35,376.75,316650,98175,12-05-2025 09:35,48.85,3260025,577725
12-05-2025 09:35,24712.7,723975,303825,12-05-2025 09:35,379.7,317625,96975,12-05-2025 09:35,48.8,3261975,576450
12-05-2025 09:35,24711.9,731175,306075,12-05-2025 09:35,378.55,311850,97575,12-05-2025 09:35,49,3196725,577500
12-05-2025 09:35,24712.7,732825,308325,12-05-2025 09:35,379.7,318450,97200,12-05-2025 09:35,49.15,3195150,571350
12-05-2025 09:35,24709.7,732750,311625,12-05-2025 09:35,376.75,312675,102000,12-05-2025 09:35,49.15,3196275,577050
12-05-2025 09:35,24703.5,720075,312825,12-05-2025 09:35,372.55,305325,103125,12-05-2025 09:35,49.05,3201375,573975
12-05-2025 09:36,24707.3,725325,306975,12-05-2025 09:36,371.35,306600,103950,12-05-2025 09:36,49.15,3203025,562050
12-05-2025 09:36,24700,754275,309750,12-05-2025 09:36,371.4,303450,115650,12-05-2025 09:36,49,3207225,576075
12-05-2025 09:36,24695,782775,315675,12-05-2025 09:36,365.7,303975,120975,12-05-2025 09:36,49.5,3209100,565350
12-05-2025 09:36,24695.4,783150,312825,12-05-2025 09:36,368.95,302475,114975,12-05-2025 09:36,49.05,3214650,571725
12-05-2025 09:36,24700,795375,312600,12-05-2025 09:36,370.55,296250,96375,12-05-2025 09:36,49,3204600,587850
12-05-2025 09:36,24700.7,803025,314925,12-05-2025 09:36,372.15,297300,98025,12-05-2025 09:36,49.3,3210750,588750
12-05-2025 09:37,24702,798150,317175,12-05-2025 09:37,373.35,295350,91875,12-05-2025 09:37,49.1,3217575,591675
12-05-2025 09:37,24704.9,798300,315900,12-05-2025 09:37,375.2,300150,92775,12-05-2025 09:37,48.55,3213975,593325
12-05-2025 09:37,24700.1,798750,318750,12-05-2025 09:37,373,299850,94125,12-05-2025 09:37,48.95,3218700,600000
12-05-2025 09:37,24705,801525,318750,12-05-2025 09:37,372.9,305550,94125,12-05-2025 09:37,48.6,3224175,626400
12-05-2025 09:37,24701,792000,321600,12-05-2025 09:37,370.5,303000,96525,12-05-2025 09:37,48.75,3224625,624000
12-05-2025 09:37,24698.2,777825,322575,12-05-2025 09:37,366.9,301950,97500,12-05-2025 09:37,50.1,3224775,614775
12-05-2025 09:38,24701.6,782625,328050,12-05-2025 09:38,371.5,288675,87675,12-05-2025 09:38,49.55,3200025,579750
12-05-2025 09:38,24697.3,778050,323325,12-05-2025 09:38,371.4,291075,87525,12-05-2025 09:38,49.9,3209025,584250
12-05-2025 09:38,24696.2,775800,327225,12-05-2025 09:38,369.4,299850,96150,12-05-2025 09:38,49.85,3232200,612975
12-05-2025 09:38,24693.1,768900,332925,12-05-2025 09:38,359.25,296025,93900,12-05-2025 09:38,51.3,3232275,608325
12-05-2025 09:38,24692,767775,331800,12-05-2025 09:38,361.95,299775,94425,12-05-2025 09:38,50.5,3232050,584325
12-05-2025 09:38,24692,767625,332850,12-05-2025 09:38,365.25,302550,93900,12-05-2025 09:38,50.05,3225000,592425
12-05-2025 09:39,24694.2,765375,329250,12-05-2025 09:39,364.35,300675,90375,12-05-2025 09:39,51.75,3215025,587025
12-05-2025 09:39,24693.8,764700,332175,12-05-2025 09:39,364.6,298350,92325,12-05-2025 09:39,52.05,3235425,567300
12-05-2025 09:39,24690,764700,337350,12-05-2025 09:39,366.15,298875,94275,12-05-2025 09:39,51.4,3242400,546000
12-05-2025 09:39,24695.3,759975,336975,12-05-2025 09:39,365.4,301875,94350,12-05-2025 09:39,51.3,3247200,556350
12-05-2025 09:39,24695,758025,331800,12-05-2025 09:39,364.45,300750,91725,12-05-2025 09:39,51,3247950,563700
12-05-2025 09:39,24695.1,756450,334425,12-05-2025 09:39,364,300975,97050,12-05-2025 09:39,51,3249600,565350
12-05-2025 09:40,24699.9,750000,332025,12-05-2025 09:40,371,307275,90450,12-05-2025 09:40,50.4,3244575,569850
12-05-2025 09:40,24702.7,752475,323925,12-05-2025 09:40,371.3,304500,85275,12-05-2025 09:40,51.7,3239775,569325
12-05-2025 09:40,24700.7,752550,328350,12-05-2025 09:40,374.5,308925,85800,12-05-2025 09:40,51.2,3244275,563175
12-05-2025 09:40,24700,745725,334350,12-05-2025 09:40,371.7,305475,85125,12-05-2025 09:40,52.4,3245250,562050
12-05-2025 09:40,24704.4,751950,339225,12-05-2025 09:40,373.65,306600,84975,12-05-2025 09:40,52.3,3246675,532800
12-05-2025 09:40,24700,754800,326400,12-05-2025 09:40,374.3,306975,87750,12-05-2025 09:40,51.9,3248100,554400
12-05-2025 09:41,24699.2,739200,327600,12-05-2025 09:41,369.75,305100,85275,12-05-2025 09:41,52.15,3244500,556725
12-05-2025 09:41,24690.3,738375,330825,12-05-2025 09:41,366.05,302025,87825,12-05-2025 09:41,52.3,3249750,561225
12-05-2025 09:41,24693.2,740925,331425,12-05-2025 09:41,368.25,306450,88875,12-05-2025 09:41,52,3251175,562875
12-05-2025 09:41,24692.6,739050,330975,12-05-2025 09:41,366.85,303225,86250,12-05-2025 09:41,52.2,3247650,567000
12-05-2025 09:41,24692,734550,333450,12-05-2025 09:41,367.9,306225,86775,12-05-2025 09:41,53,3261450,561000
12-05-2025 09:41,24695,672450,334650,12-05-2025 09:41,369,304275,85200,12-05-2025 09:41,53.05,3267975,556050
12-05-2025 09:42,24691.9,668700,332850,12-05-2025 09:42,367.6,303975,87225,12-05-2025 09:42,53.15,3266100,548400
12-05-2025 09:42,24692.1,671475,334575,12-05-2025 09:42,369.55,307200,88050,12-05-2025 09:42,53.2,3263775,558075
12-05-2025 09:42,24693.3,675000,334800,12-05-2025 09:42,369.05,307950,85725,12-05-2025 09:42,52.6,3263625,569325
12-05-2025 09:42,24684.8,659400,337275,12-05-2025 09:42,355.9,301500,85425,12-05-2025 09:42,54.8,3269175,562425
12-05-2025 09:42,24685,670725,336675,12-05-2025 09:42,360.85,299400,87375,12-05-2025 09:42,54.15,3266475,551775
12-05-2025 09:42,24682.6,671925,341025,12-05-2025 09:42,360.85,294750,90900,12-05-2025 09:42,53.7,3257475,558525
12-05-2025 09:43,24690.6,711300,332625,12-05-2025 09:43,363.3,303075,84825,12-05-2025 09:43,52.8,3256050,566175
12-05-2025 09:43,24691.5,721275,337050,12-05-2025 09:43,364.5,300750,86100,12-05-2025 09:43,52.95,3256725,567225
12-05-2025 09:43,24687.6,721800,338775,12-05-2025 09:43,361.45,301950,84900,12-05-2025 09:43,54.15,3274650,564675
12-05-2025 09:43,24684.5,716250,357225,12-05-2025 09:43,360.4,302550,87525,12-05-2025 09:43,54.1,3272475,567450
12-05-2025 09:43,24681.3,711975,361050,12-05-2025 09:43,359,294300,87750,12-05-2025 09:43,54.55,3277275,560475
12-05-2025 09:43,24675,691275,353775,12-05-2025 09:43,352.3,293025,90525,12-05-2025 09:43,57.1,3280875,548475
12-05-2025 09:44,24677.4,694050,351150,12-05-2025 09:44,355.35,296400,89850,12-05-2025 09:44,56.05,3272175,519750
12-05-2025 09:44,24672.8,699450,344850,12-05-2025 09:44,354.75,298500,91950,12-05-2025 09:44,56.75,3266700,519975
12-05-2025 09:44,24667.5,695325,349500,12-05-2025 09:44,346.85,291600,91875,12-05-2025 09:44,57.75,3264600,527100
12-05-2025 09:44,24677.9,708150,350175,12-05-2025 09:44,357.4,297450,91650,12-05-2025 09:44,55.75,3258600,513750
12-05-2025 09:44,24675,703575,349575,12-05-2025 09:44,354.55,292425,86025,12-05-2025 09:44,57,3237825,533325
12-05-2025 09:44,24677,712575,348075,12-05-2025 09:44,355.65,297225,88125,12-05-2025 09:44,55.65,3242325,543600
12-05-2025 09:45,24684.9,717375,347175,12-05-2025 09:45,362.3,295350,86850,12-05-2025 09:45,54.4,3229875,557100
12-05-2025 09:45,24685.1,715275,345450,12-05-2025 09:45,363.95,297075,86775,12-05-2025 09:45,54.15,3238725,554625
12-05-2025 09:45,24685.1,709350,352800,12-05-2025 09:45,363.65,295500,87450,12-05-2025 09:45,54,3238575,555675
12-05-2025 09:45,24685,714600,351450,12-05-2025 09:45,361,297000,88350,12-05-2025 09:45,55,3216525,554550
12-05-2025 09:45,24688,715800,350925,12-05-2025 09:45,364,293775,89475,12-05-2025 09:45,54.15,3223500,556275
12-05-2025 09:45,24690.2,712650,351750,12-05-2025 09:45,365.6,292650,90900,12-05-2025 09:45,52.7,3222450,558225
12-05-2025 09:46,24686.6,711300,350475,12-05-2025 09:46,364.35,292725,89175,12-05-2025 09:46,53.4,3223950,555975
12-05-2025 09:46,24691.5,709500,347550,12-05-2025 09:46,366.05,295050,86775,12-05-2025 09:46,51.95,3213600,553950
12-05-2025 09:46,24691,712050,350475,12-05-2025 09:46,364.75,298050,91050,12-05-2025 09:46,52.1,3204525,552900
12-05-2025 09:46,24689.8,709950,355125,12-05-2025 09:46,366.3,291225,91575,12-05-2025 09:46,51.85,3210300,553350
12-05-2025 09:46,24691,715425,350850,12-05-2025 09:46,367,292650,87375,12-05-2025 09:46,51.95,3213600,553200
12-05-2025 09:46,24687.5,714300,352650,12-05-2025 09:46,362.6,293475,90900,12-05-2025 09:46,52.5,3226575,553275
12-05-2025 09:47,24684,707700,359250,12-05-2025 09:47,357.3,292725,93750,12-05-2025 09:47,53.5,3239625,553650
12-05-2025 09:47,24688,713175,355350,12-05-2025 09:47,360.75,291450,91200,12-05-2025 09:47,52.05,3235200,555225
12-05-2025 09:47,24689,711075,351525,12-05-2025 09:47,360.55,293100,92325,12-05-2025 09:47,51.3,3232950,563925
12-05-2025 09:47,24690,713625,359625,12-05-2025 09:47,362.45,300600,89925,12-05-2025 09:47,50.65,3183150,572550
12-05-2025 09:47,24693,718725,354000,12-05-2025 09:47,364.95,298200,93675,12-05-2025 09:47,50.35,3192450,578775
12-05-2025 09:47,24689.8,714900,360675,12-05-2025 09:47,362.35,297900,90675,12-05-2025 09:47,51.1,3197325,578700
12-05-2025 09:48,24692.1,721650,358200,12-05-2025 09:48,364.15,298650,95850,12-05-2025 09:48,50.1,3185175,593700
12-05-2025 09:48,24694.8,715050,355800,12-05-2025 09:48,362.15,297375,91875,12-05-2025 09:48,50.1,3179625,594525
12-05-2025 09:48,24693.9,722400,360000,12-05-2025 09:48,363.6,298575,94500,12-05-2025 09:48,49.6,3184350,599175
12-05-2025 09:48,24690.9,715350,359400,12-05-2025 09:48,361,299400,93450,12-05-2025 09:48,50.1,3187050,597975
12-05-2025 09:48,24689.2,714900,361425,12-05-2025 09:48,359.9,296700,92625,12-05-2025 09:48,49.8,3196275,599100
12-05-2025 09:48,24689.2,722175,362175,12-05-2025 09:48,361.1,300450,93900,12-05-2025 09:48,49.8,3202575,598725
12-05-2025 09:49,24691.8,716625,362400,12-05-2025 09:49,358.3,296475,93975,12-05-2025 09:49,50.6,3217275,600075
12-05-2025 09:49,24690,722100,359250,12-05-2025 09:49,361.55,300075,92100,12-05-2025 09:49,50.15,3217800,600825
12-05-2025 09:49,24694,725250,362325,12-05-2025 09:49,367,299325,93300,12-05-2025 09:49,49.25,3213375,603375
12-05-2025 09:49,24691,730575,355650,12-05-2025 09:49,365.1,299175,92100,12-05-2025 09:49,49.55,3193725,604650
12-05-2025 09:49,24694,723375,358425,12-05-2025 09:49,364.75,297300,92025,12-05-2025 09:49,49.65,3190500,605925
12-05-2025 09:49,24696,724950,357300,12-05-2025 09:49,368,301200,87375,12-05-2025 09:49,49.35,3185625,616200
12-05-2025 09:50,24698.9,723750,354975,12-05-2025 09:50,366.05,304125,92550,12-05-2025 09:50,50.45,3190200,615825
12-05-2025 09:50,24700,725025,357600,12-05-2025 09:50,368.05,298800,92175,12-05-2025 09:50,50,3191025,612225
12-05-2025 09:50,24698.1,723150,355800,12-05-2025 09:50,364.8,297450,93750,12-05-2025 09:50,50.4,3193275,623775
12-05-2025 09:50,24697.4,715950,355125,12-05-2025 09:50,364.4,300000,92025,12-05-2025 09:50,49.95,3192600,632625
12-05-2025 09:50,24697.4,719775,355950,12-05-2025 09:50,364.95,300450,92250,12-05-2025 09:50,50.5,3195975,633975
12-05-2025 09:50,24699.9,718575,352125,12-05-2025 09:50,369.95,304425,93975,12-05-2025 09:50,49.3,3197400,637200
12-05-2025 09:51,24701,716775,350775,12-05-2025 09:51,368.15,299550,91500,12-05-2025 09:51,49.95,3188775,635850
12-05-2025 09:51,24704,718200,351225,12-05-2025 09:51,370.15,298125,92025,12-05-2025 09:51,49.6,3195525,632475
12-05-2025 09:51,24702.5,755925,350850,12-05-2025 09:51,375,297825,90975,12-05-2025 09:51,49.65,3213750,639900
12-05-2025 09:51,24706.1,768225,351000,12-05-2025 09:51,378.8,305175,81750,12-05-2025 09:51,49.45,3196800,640425
12-05-2025 09:51,24710.8,768525,340500,12-05-2025 09:51,381.75,305100,80400,12-05-2025 09:51,49.4,3165300,639825
12-05-2025 09:51,24730.3,786000,342600,12-05-2025 09:51,400.7,316200,78075,12-05-2025 09:51,47.9,3154275,646275
12-05-2025 09:52,24739.6,777300,298125,12-05-2025 09:52,407.25,343125,65250,12-05-2025 09:52,46.8,3103050,639900
12-05-2025 09:52,24738.9,770625,306825,12-05-2025 09:52,400.95,350250,62175,12-05-2025 09:52,47.4,3120000,647400
12-05-2025 09:52,24737.9,770400,305625,12-05-2025 09:52,400,299175,67425,12-05-2025 09:52,47.15,3121725,644625
12-05-2025 09:52,24735,772800,313950,12-05-2025 09:52,401.2,304725,62550,12-05-2025 09:52,46.65,3136500,670575
12-05-2025 09:52,24733.9,776025,313350,12-05-2025 09:52,398.2,302100,65400,12-05-2025 09:52,46.9,3137700,668100
12-05-2025 09:52,24737.5,772725,316425,12-05-2025 09:52,401.35,305850,63600,12-05-2025 09:52,46.75,3141000,643050
12-05-2025 09:53,24738.6,777750,320700,12-05-2025 09:53,406.95,318525,63900,12-05-2025 09:53,46.75,3141900,643500
12-05-2025 09:53,24737.3,768150,331575,12-05-2025 09:53,400.85,314850,72225,12-05-2025 09:53,48.55,3136875,630450
12-05-2025 09:53,24737.9,769950,331950,12-05-2025 09:53,399.9,303075,69000,12-05-2025 09:53,48.7,3142050,621375
12-05-2025 09:53,24735.1,766650,330825,12-05-2025 09:53,400.7,307950,71100,12-05-2025 09:53,48.05,3135375,619050
12-05-2025 09:53,24737.5,771600,328575,12-05-2025 09:53,404.15,311475,67650,12-05-2025 09:53,48.5,3130200,630000
12-05-2025 09:53,24747,779625,323475,12-05-2025 09:53,414.7,310650,69450,12-05-2025 09:53,49,3139350,618150
12-05-2025 09:54,24752.7,776400,312900,12-05-2025 09:54,423.65,306900,64950,12-05-2025 09:54,48.55,3129900,615225
12-05-2025 09:54,24758,774300,294300,12-05-2025 09:54,420.8,303225,64650,12-05-2025 09:54,48.85,3148350,622200
12-05-2025 09:54,24758.3,773175,291375,12-05-2025 09:54,421.3,308250,62850,12-05-2025 09:54,48.3,3153525,620100
12-05-2025 09:54,24760,770925,297075,12-05-2025 09:54,426.3,307800,64500,12-05-2025 09:54,47.85,3151425,634875
12-05-2025 09:54,24764.1,776550,289125,12-05-2025 09:54,427.2,306000,63525,12-05-2025 09:54,48,3154875,636675
12-05-2025 09:54,24769.1,777450,297450,12-05-2025 09:54,434.9,308775,61200,12-05-2025 09:54,48.05,3156900,628500
12-05-2025 09:55,24764.5,773925,298800,12-05-2025 09:55,428.5,306450,60825,12-05-2025 09:55,48.1,3149775,629400
12-05-2025 09:55,24764.6,774075,304200,12-05-2025 09:55,430.45,307125,67350,12-05-2025 09:55,47.8,3177150,627675
12-05-2025 09:55,24764.9,776250,307800,12-05-2025 09:55,431.85,310350,65850,12-05-2025 09:55,47.55,3147375,644025
12-05-2025 09:55,24765,777075,306375,12-05-2025 09:55,428.75,304050,58125,12-05-2025 09:55,47.85,3151125,645225
12-05-2025 09:55,24762.6,775425,313050,12-05-2025 09:55,428.55,302850,67200,12-05-2025 09:55,48.25,3163050,642825
12-05-2025 09:55,24768,779100,309000,12-05-2025 09:55,432.1,303300,63375,12-05-2025 09:55,47.65,3159525,643950
12-05-2025 09:56,24769.9,780600,301575,12-05-2025 09:56,435,302325,64650,12-05-2025 09:56,48.5,3163200,631800
12-05-2025 09:56,24777.7,777525,303975,12-05-2025 09:56,443,306375,63450,12-05-2025 09:56,47.9,3158550,627450
12-05-2025 09:56,24778.8,780975,297975,12-05-2025 09:56,444.5,306975,61800,12-05-2025 09:56,48.15,3157875,635550
12-05-2025 09:56,24780,747675,308250,12-05-2025 09:56,443.9,305250,64425,12-05-2025 09:56,48.6,3168300,625725
12-05-2025 09:56,24780.4,756000,309525,12-05-2025 09:56,451.4,309975,62850,12-05-2025 09:56,48.5,3162750,620025
12-05-2025 09:56,24783.4,749550,307275,12-05-2025 09:56,454.5,296925,47550,12-05-2025 09:56,48.5,3154050,623325
12-05-2025 09:57,24782.8,745575,315750,12-05-2025 09:57,446.3,302175,73950,12-05-2025 09:57,48.4,3138300,623925
12-05-2025 09:57,24785,757125,315450,12-05-2025 09:57,451,299325,64575,12-05-2025 09:57,48.4,3133275,618375
12-05-2025 09:57,24784.1,750975,312300,12-05-2025 09:57,453.6,297600,57075,12-05-2025 09:57,47.9,3134100,640050
12-05-2025 09:57,24788.7,753375,310875,12-05-2025 09:57,455.25,299625,51525,12-05-2025 09:57,47.8,3131175,645000
12-05-2025 09:57,24787,747750,314625,12-05-2025 09:57,454,295275,52575,12-05-2025 09:57,48.55,3135225,644025
12-05-2025 09:57,24790,746550,314400,12-05-2025 09:57,461.85,297375,47475,12-05-2025 09:57,48.6,3133650,638625
12-05-2025 09:58,24792,748200,304725,12-05-2025 09:58,462,292275,55125,12-05-2025 09:58,48.7,3136725,635100
12-05-2025 09:58,24798.8,747900,291300,12-05-2025 09:58,467.5,294750,53625,12-05-2025 09:58,49.05,3115650,633300
12-05-2025 09:58,24808,745275,291450,12-05-2025 09:58,476.55,294450,47025,12-05-2025 09:58,49.55,3111450,615075
12-05-2025 09:58,24808.7,746700,280725,12-05-2025 09:58,475.8,294750,47175,12-05-2025 09:58,49.75,3113100,608700
12-05-2025 09:58,24803.8,734550,278775,12-05-2025 09:58,477.55,295200,49050,12-05-2025 09:58,49.4,3117450,619425
12-05-2025 09:58,24804.5,741975,281850,12-05-2025 09:58,477.1,289725,47100,12-05-2025 09:58,48.35,3117300,626250
12-05-2025 09:59,24806,742725,285525,12-05-2025 09:59,478.9,293250,49275,12-05-2025 09:59,48.45,3113175,641025
12-05-2025 09:59,24813.6,747525,285825,12-05-2025 09:59,486.65,297600,47400,12-05-2025 09:59,48.45,3114075,634800
12-05-2025 09:59,24825,745950,282525,12-05-2025 09:59,494.5,295725,46650,12-05-2025 09:59,48.5,3114900,629550
12-05-2025 09:59,24817.9,736650,281925,12-05-2025 09:59,483.75,296325,49875,12-05-2025 09:59,48.3,3106350,628950
12-05-2025 09:59,24819,744675,287400,12-05-2025 09:59,486.25,294750,46950,12-05-2025 09:59,48.55,3102900,636975
12-05-2025 09:59,24816.3,742125,291675,12-05-2025 09:59,488,289875,45450,12-05-2025 09:59,48.55,3115800,639600
12-05-2025 10:00,24821.6,740100,286350,12-05-2025 10:00,490.35,295050,48225,12-05-2025 10:00,48.75,3110175,642150
12-05-2025 10:00,24820,731400,293625,12-05-2025 10:00,481.9,288150,49200,12-05-2025 10:00,49.25,3124050,643575
12-05-2025 10:00,24806.6,734550,302325,12-05-2025 10:00,480.2,289575,49050,12-05-2025 10:00,48.85,3123000,628275
12-05-2025 10:00,24807.8,737475,307725,12-05-2025 10:00,471.05,286200,51675,12-05-2025 10:00,48.35,3108900,633675
12-05-2025 10:00,24795.4,720300,306075,12-05-2025 10:00,464.6,280575,51975,12-05-2025 10:00,47.3,3123600,632250
12-05-2025 10:00,24800,712650,308700,12-05-2025 10:00,467.25,280950,51450,12-05-2025 10:00,46.6,3117375,641925
12-05-2025 10:01,24799,715125,314625,12-05-2025 10:01,463.6,279675,53400,12-05-2025 10:01,46.65,3093750,644100
12-05-2025 10:01,24793.4,708825,314475,12-05-2025 10:01,455.8,279675,52350,12-05-2025 10:01,46.1,3104025,636600
12-05-2025 10:01,24798,752175,318525,12-05-2025 10:01,462.75,277275,49950,12-05-2025 10:01,46.45,3108600,640650
12-05-2025 10:01,24798,767700,316050,12-05-2025 10:01,465.9,273900,54975,12-05-2025 10:01,46.9,3094200,648450
12-05-2025 10:01,24795.6,769125,314625,12-05-2025 10:01,459.6,273225,55575,12-05-2025 10:01,47.3,3114675,646500
12-05-2025 10:01,24795.6,760950,314550,12-05-2025 10:01,461.3,273600,55425,12-05-2025 10:01,47.2,3119775,641475
12-05-2025 10:02,24798.7,767250,318225,12-05-2025 10:02,460.1,279975,57750,12-05-2025 10:02,47.55,3115275,644775
12-05-2025 10:02,24795,766800,320550,12-05-2025 10:02,461.5,276750,51150,12-05-2025 10:02,47.5,3117075,646800
12-05-2025 10:02,24800,763050,318375,12-05-2025 10:02,462.5,281400,53025,12-05-2025 10:02,47.55,3112500,649125
12-05-2025 10:02,24800,753750,321375,12-05-2025 10:02,464.85,279900,54450,12-05-2025 10:02,47.7,3126750,647325
12-05-2025 10:02,24805,750300,322500,12-05-2025 10:02,470.05,279600,56925,12-05-2025 10:02,49,3127650,661125
12-05-2025 10:02,24804,751800,323025,12-05-2025 10:02,471.35,277350,51900,12-05-2025 10:02,48.1,3113475,638400
12-05-2025 10:03,24796.6,735450,328725,12-05-2025 10:03,468,278550,51375,12-05-2025 10:03,49.25,3115575,639750
12-05-2025 10:03,24800,736425,331200,12-05-2025 10:03,465.35,278625,56175,12-05-2025 10:03,49.3,3121725,643200
12-05-2025 10:03,24798.3,738000,331650,12-05-2025 10:03,460.8,276525,52650,12-05-2025 10:03,49.55,3122100,635250
12-05-2025 10:03,24793.7,743100,332550,12-05-2025 10:03,462.2,280500,54450,12-05-2025 10:03,49.05,3115500,646500
12-05-2025 10:03,24791.5,737400,333000,12-05-2025 10:03,461.95,272625,54450,12-05-2025 10:03,49,3112725,654075
12-05-2025 10:03,24796.4,741150,336375,12-05-2025 10:03,461.75,275325,51600,12-05-2025 10:03,49.3,3128925,660075
12-05-2025 10:04,24791.9,737100,335025,12-05-2025 10:04,457.15,274725,54750,12-05-2025 10:04,48.95,3134100,653250
12-05-2025 10:04,24785.6,732450,339000,12-05-2025 10:04,452,271875,57750,12-05-2025 10:04,49.1,3141975,653475
12-05-2025 10:04,24785,727875,338250,12-05-2025 10:04,450.85,276900,67200,12-05-2025 10:04,49.15,3153450,654450
12-05-2025 10:04,24783.7,736500,336900,12-05-2025 10:04,452.7,271425,57225,12-05-2025 10:04,49.15,3129525,655125
12-05-2025 10:04,24786.8,747300,331725,12-05-2025 10:04,456.65,273000,59625,12-05-2025 10:04,48.9,3143100,664575
12-05-2025 10:04,24787.5,753225,336750,12-05-2025 10:04,458,270300,58275,12-05-2025 10:04,48.65,3142950,667425
12-05-2025 10:05,24791.8,754800,338325,12-05-2025 10:05,455,271500,54750,12-05-2025 10:05,49.15,3142425,665775
12-05-2025 10:05,24783,743625,342675,12-05-2025 10:05,449.05,277500,63675,12-05-2025 10:05,50.1,3143250,655950
12-05-2025 10:05,24790.6,745575,340500,12-05-2025 10:05,453.45,269325,59325,12-05-2025 10:05,49.95,3144150,657300
12-05-2025 10:05,24784.4,746775,345750,12-05-2025 10:05,454.2,268350,60825,12-05-2025 10:05,49.75,3140175,658725
12-05-2025 10:05,24784.3,752700,340125,12-05-2025 10:05,455,277725,69750,12-05-2025 10:05,50.2,3148425,658950
12-05-2025 10:05,24785,750075,340800,12-05-2025 10:05,450.9,269400,55725,12-05-2025 10:05,50.25,3141150,655800
12-05-2025 10:06,24789.2,759075,341250,12-05-2025 10:06,458.5,276450,66675,12-05-2025 10:06,50.15,3144375,662175
12-05-2025 10:06,24794,750825,337950,12-05-2025 10:06,458.4,268875,58725,12-05-2025 10:06,50.35,3139500,662550
12-05-2025 10:06,24790.3,753675,339900,12-05-2025 10:06,459.6,277275,63075,12-05-2025 10:06,49.9,3127050,659475
12-05-2025 10:06,24790.6,753000,343125,12-05-2025 10:06,456.4,277200,62550,12-05-2025 10:06,50.75,3143400,660225
12-05-2025 10:06,24796,754125,337875,12-05-2025 10:06,462.25,277125,57975,12-05-2025 10:06,49.6,3141675,664875
12-05-2025 10:06,24798,752100,339450,12-05-2025 10:06,466,275400,59325,12-05-2025 10:06,49.55,3131925,668475
12-05-2025 10:07,24791,761925,335700,12-05-2025 10:07,459.75,275850,58875,12-05-2025 10:07,49.9,3139575,677325
12-05-2025 10:07,24790,762450,341775,12-05-2025 10:07,453.8,271950,61200,12-05-2025 10:07,49.85,3135225,671100
12-05-2025 10:07,24787.2,765600,342675,12-05-2025 10:07,457.65,279075,55050,12-05-2025 10:07,49.55,3134175,670800
12-05-2025 10:07,24786,751950,345525,12-05-2025 10:07,451,272175,60450,12-05-2025 10:07,50.25,3137925,670125
12-05-2025 10:07,24789.1,752025,344100,12-05-2025 10:07,451.85,272175,58050,12-05-2025 10:07,50.1,3145125,669600
12-05-2025 10:07,24789.9,753300,347475,12-05-2025 10:07,455.7,272625,61875,12-05-2025 10:07,49.85,3142800,671625
12-05-2025 10:08,24788.9,754950,342825,12-05-2025 10:08,455.75,274725,70275,12-05-2025 10:08,50,3138975,672225
12-05-2025 10:08,24788,752250,348825,12-05-2025 10:08,453,272700,61950,12-05-2025 10:08,50.15,3141675,667650
12-05-2025 10:08,24782.9,752550,346650,12-05-2025 10:08,446.8,280950,67425,12-05-2025 10:08,50,3141300,668625
12-05-2025 10:08,24784.7,750825,354900,12-05-2025 10:08,447.75,280575,70500,12-05-2025 10:08,49.25,3119925,679275
12-05-2025 10:08,24780.2,753150,350025,12-05-2025 10:08,445.15,278325,68775,12-05-2025 10:08,49.2,3109575,688200
12-05-2025 10:08,24780.3,750225,350700,12-05-2025 10:08,445.1,278850,66825,12-05-2025 10:08,48.7,3109125,695925
12-05-2025 10:09,24782.5,748275,353775,12-05-2025 10:09,443.35,277650,69900,12-05-2025 10:09,49.25,3108750,694950
12-05-2025 10:09,24780.2,751725,353550,12-05-2025 10:09,445.6,282825,71325,12-05-2025 10:09,49.5,3115575,687900
12-05-2025 10:09,24775.1,754800,353325,12-05-2025 10:09,443.7,283575,71850,12-05-2025 10:09,50.15,3124650,678525
12-05-2025 10:09,24779.9,749925,351975,12-05-2025 10:09,445,277425,68925,12-05-2025 10:09,49.6,3125850,705825
12-05-2025 10:09,24780,749175,349050,12-05-2025 10:09,445.2,278775,72675,12-05-2025 10:09,49.5,3118950,688875
12-05-2025 10:09,24777.3,748800,351150,12-05-2025 10:09,441.2,280200,75825,12-05-2025 10:09,49.65,3126150,683925
12-05-2025 10:10,24778.7,752550,350400,12-05-2025 10:10,442.25,281700,69750,12-05-2025 10:10,49.45,3122175,687450
12-05-2025 10:10,24778.1,748200,349425,12-05-2025 10:10,443.85,279000,67350,12-05-2025 10:10,49.6,3125625,686550
12-05-2025 10:10,24782.1,759000,350400,12-05-2025 10:10,448.5,286875,69900,12-05-2025 10:10,48.3,3126150,702300
12-05-2025 10:10,24784.1,751650,349800,12-05-2025 10:10,444.95,282675,66525,12-05-2025 10:10,49,3119850,691275
12-05-2025 10:10,24784,757875,349875,12-05-2025 10:10,445.4,281775,69300,12-05-2025 10:10,49.15,3131700,684675
12-05-2025 10:10,24778.6,752025,354525,12-05-2025 10:10,443.8,280725,72375,12-05-2025 10:10,50.05,3131925,678225
12-05-2025 10:11,24771.2,750375,354075,12-05-2025 10:11,438.75,280200,69600,12-05-2025 10:11,50.25,3155550,671775
12-05-2025 10:11,24773.4,755325,351600,12-05-2025 10:11,440.2,278925,71400,12-05-2025 10:11,50.35,3145125,675900
12-05-2025 10:11,24773,751650,353775,12-05-2025 10:11,435.65,276225,72000,12-05-2025 10:11,51.05,3150750,672525
12-05-2025 10:11,24775,755025,351225,12-05-2025 10:11,444.05,277725,71400,12-05-2025 10:11,50.3,3164325,650025
12-05-2025 10:11,24780,763275,350850,12-05-2025 10:11,445.5,280050,73950,12-05-2025 10:11,50.45,3164025,655950
12-05-2025 10:11,24774.9,768900,349275,12-05-2025 10:11,444,277950,75075,12-05-2025 10:11,50.7,3169575,656025
12-05-2025 10:12,24779.5,768900,348525,12-05-2025 10:12,441.85,279900,70050,12-05-2025 10:12,50.6,3171375,658950
12-05-2025 10:12,24774.9,764850,349200,12-05-2025 10:12,439.35,280275,81675,12-05-2025 10:12,51.2,3183150,638775
12-05-2025 10:12,24770,764850,347700,12-05-2025 10:12,438.4,280575,73725,12-05-2025 10:12,51.4,3187350,642300
12-05-2025 10:12,24773.7,767850,346125,12-05-2025 10:12,437.6,280650,71400,12-05-2025 10:12,51.55,3170775,645750
12-05-2025 10:12,24770,764850,351750,12-05-2025 10:12,437.3,282825,76425,12-05-2025 10:12,51.9,3172650,638475
12-05-2025 10:12,24770,762975,350025,12-05-2025 10:12,436.4,281475,71925,12-05-2025 10:12,52.5,3168450,621300
12-05-2025 10:13,24760.6,750000,349650,12-05-2025 10:13,433.25,281475,80325,12-05-2025 10:13,54.95,3173325,616425
12-05-2025 10:13,24757.6,735225,348375,12-05-2025 10:13,429.65,280200,79650,12-05-2025 10:13,54.35,3164100,571350
12-05-2025 10:13,24760.4,747750,347325,12-05-2025 10:13,433.45,278100,77400,12-05-2025 10:13,54,3164625,597750
12-05-2025 10:13,24765,747675,348525,12-05-2025 10:13,430.35,278325,77025,12-05-2025 10:13,55.05,3165525,609900
12-05-2025 10:13,24761.3,748575,349500,12-05-2025 10:13,433.8,276150,79275,12-05-2025 10:13,55.55,3174225,574800
12-05-2025 10:13,24761,746775,347175,12-05-2025 10:13,434.4,277725,73275,12-05-2025 10:13,55.75,3173550,570750
12-05-2025 10:14,24761.4,747000,346575,12-05-2025 10:14,432,277800,76500,12-05-2025 10:14,55.55,3176250,567825
12-05-2025 10:14,24765.2,753075,345750,12-05-2025 10:14,436.05,281700,78900,12-05-2025 10:14,54.8,3176550,575700
12-05-2025 10:14,24768.5,755100,349275,12-05-2025 10:14,434.2,278175,79425,12-05-2025 10:14,54.95,3174300,587475
12-05-2025 10:14,24766,757500,349800,12-05-2025 10:14,436.5,277950,74400,12-05-2025 10:14,54.6,3167025,584325
12-05-2025 10:14,24775,759300,346350,12-05-2025 10:14,442.4,279825,77400,12-05-2025 10:14,53.05,3169350,592725
12-05-2025 10:14,24775,766950,351150,12-05-2025 10:14,444.9,279975,72450,12-05-2025 10:14,52.7,3154650,588000
12-05-2025 10:15,24788.1,761700,342825,12-05-2025 10:15,453,280050,70875,12-05-2025 10:15,51.45,3142125,588450
12-05-2025 10:15,24788.7,760950,350550,12-05-2025 10:15,452.35,281100,75525,12-05-2025 10:15,52.55,3140475,587325
12-05-2025 10:15,24790.3,763125,350775,12-05-2025 10:15,452.1,277575,72375,12-05-2025 10:15,53.4,3153000,575700
12-05-2025 10:15,24785.2,760725,352575,12-05-2025 10:15,451.4,280125,73875,12-05-2025 10:15,54.6,3154950,578250
12-05-2025 10:15,24787.8,760950,353100,12-05-2025 10:15,451.5,279450,72525,12-05-2025 10:15,54.2,3153450,583125
12-05-2025 10:15,24788.9,760875,356550,12-05-2025 10:15,453.05,278625,72375,12-05-2025 10:15,54.55,3154725,585000
12-05-2025 10:16,24789.6,762225,354975,12-05-2025 10:16,452.75,279225,71175,12-05-2025 10:16,54,3158850,586050
12-05-2025 10:16,24788.2,761700,357225,12-05-2025 10:16,451,281850,72000,12-05-2025 10:16,54.15,3154275,593550
12-05-2025 10:16,24788.7,760875,355650,12-05-2025 10:16,451.25,278550,72525,12-05-2025 10:16,53.85,3159375,592500
12-05-2025 10:16,24789,760800,355500,12-05-2025 10:16,451.75,279075,71175,12-05-2025 10:16,54.2,3162675,593700
12-05-2025 10:16,24786,759300,355500,12-05-2025 10:16,451.8,277350,71550,12-05-2025 10:16,54.05,3162450,592800
12-05-2025 10:16,24788.2,761100,357000,12-05-2025 10:16,455.1,278025,74325,12-05-2025 10:16,53.35,3159150,596850
12-05-2025 10:17,24795,761400,351900,12-05-2025 10:17,460.85,269175,59100,12-05-2025 10:17,52.05,3161850,598200
12-05-2025 10:17,24799,763050,350775,12-05-2025 10:17,465,273750,60075,12-05-2025 10:17,51.5,3157650,605325
12-05-2025 10:17,24804.5,760350,346275,12-05-2025 10:17,465.15,274875,55950,12-05-2025 10:17,52.1,3156975,593250
12-05-2025 10:17,24798,762975,346350,12-05-2025 10:17,463.25,276825,62400,12-05-2025 10:17,52,3159000,598275
12-05-2025 10:17,24798,762600,350250,12-05-2025 10:17,461,270675,60000,12-05-2025 10:17,52.3,3159450,593475
12-05-2025 10:17,24789.4,760650,349500,12-05-2025 10:17,456.9,272550,61800,12-05-2025 10:17,52.85,3164025,592875
12-05-2025 10:18,24785,759000,348675,12-05-2025 10:18,452.75,279150,71625,12-05-2025 10:18,53.05,3167700,593625
12-05-2025 10:18,24792,756525,344925,12-05-2025 10:18,455.15,279600,72300,12-05-2025 10:18,53.55,3176625,592050
12-05-2025 10:18,24790,756375,345825,12-05-2025 10:18,458,278400,72600,12-05-2025 10:18,53.25,3177075,606375
12-05-2025 10:18,24790,758325,348150,12-05-2025 10:18,458.95,271650,60300,12-05-2025 10:18,53.25,3175425,612600
12-05-2025 10:18,24792.5,762300,348150,12-05-2025 10:18,461,273975,61200,12-05-2025 10:18,52.95,3173550,600300
12-05-2025 10:18,24790,754650,354000,12-05-2025 10:18,451.8,280125,76050,12-05-2025 10:18,54.2,3183000,592350
12-05-2025 10:19,24779.9,754500,352275,12-05-2025 10:19,450.55,280950,71250,12-05-2025 10:19,54.85,3197100,582000
12-05-2025 10:19,24777.3,764400,351225,12-05-2025 10:19,449.35,287625,74625,12-05-2025 10:19,55.5,3215100,579150
12-05-2025 10:19,24778,761325,349950,12-05-2025 10:19,448.6,281850,77775,12-05-2025 10:19,55,3221475,577800
12-05-2025 10:19,24781.4,759675,349425,12-05-2025 10:19,453.65,279675,77550,12-05-2025 10:19,54.7,3224325,576000
12-05-2025 10:19,24789.6,762525,348000,12-05-2025 10:19,453.35,279375,71250,12-05-2025 10:19,54.3,3225450,584625
12-05-2025 10:19,24788.3,761175,350400,12-05-2025 10:19,456.05,278925,74100,12-05-2025 10:19,54,3254550,589275
12-05-2025 10:20,24798.5,767700,347700,12-05-2025 10:20,462.3,273075,59175,12-05-2025 10:20,53.6,3259350,596325
12-05-2025 10:20,24791.3,762975,348150,12-05-2025 10:20,461.85,280050,61200,12-05-2025 10:20,54.6,3271575,584475
12-05-2025 10:20,24795,768675,349350,12-05-2025 10:20,462.65,268500,64125,12-05-2025 10:20,54.55,3282450,591075
12-05-2025 10:20,24792.5,765900,345300,12-05-2025 10:20,463.65,271275,64200,12-05-2025 10:20,54.6,3297675,592575
12-05-2025 10:20,24793.9,757275,344775,12-05-2025 10:20,465,271050,60825,12-05-2025 10:20,53.9,3303300,592425
12-05-2025 10:20,24799.8,756300,347100,12-05-2025 10:20,465.9,273675,65025,12-05-2025 10:20,54.1,3311625,592650
12-05-2025 10:21,24793.8,759750,348075,12-05-2025 10:21,464.2,272850,63825,12-05-2025 10:21,54.95,3322050,592425
12-05-2025 10:21,24798.1,759150,351075,12-05-2025 10:21,464.2,270525,63450,12-05-2025 10:21,54.9,3321375,578400
12-05-2025 10:21,24800,762300,352875,12-05-2025 10:21,470.3,275400,62850,12-05-2025 10:21,54.45,3323850,585000
12-05-2025 10:21,24813.2,773775,344925,12-05-2025 10:21,479.05,275325,54675,12-05-2025 10:21,54,3316200,579975
12-05-2025 10:21,24808,792375,345075,12-05-2025 10:21,477.4,273675,53475,12-05-2025 10:21,54.2,3311775,582975
12-05-2025 10:21,24805,816525,346875,12-05-2025 10:21,476,275025,55275,12-05-2025 10:21,54,3286275,584775
12-05-2025 10:22,24808,814425,348525,12-05-2025 10:22,479.5,275475,56475,12-05-2025 10:22,53.25,3276375,586275
12-05-2025 10:22,24806,813225,348600,12-05-2025 10:22,474.05,273300,52725,12-05-2025 10:22,53.8,3273375,583425
12-05-2025 10:22,24804,828600,351750,12-05-2025 10:22,474.65,273450,58575,12-05-2025 10:22,53.6,3275550,582450
12-05-2025 10:22,24802.8,829275,353775,12-05-2025 10:22,474.4,275100,63075,12-05-2025 10:22,53.95,3278325,584625
12-05-2025 10:22,24800.6,826650,354750,12-05-2025 10:22,472,274125,55425,12-05-2025 10:22,53.9,3283350,579225
12-05-2025 10:22,24808.9,834300,350100,12-05-2025 10:22,476.15,275100,57225,12-05-2025 10:22,53.9,3283875,579975
12-05-2025 10:23,24809.1,830550,355725,12-05-2025 10:23,475.2,274650,55950,12-05-2025 10:23,54,3285300,581850
12-05-2025 10:23,24804.3,831675,359475,12-05-2025 10:23,476.35,273375,54750,12-05-2025 10:23,52.7,3284400,579150
12-05-2025 10:23,24805.7,835050,355125,12-05-2025 10:23,476.2,276525,54375,12-05-2025 10:23,52.35,3277275,585375
12-05-2025 10:23,24808,833025,354600,12-05-2025 10:23,478.5,276450,55125,12-05-2025 10:23,52.5,3279525,583275
12-05-2025 10:23,24810,834525,352425,12-05-2025 10:23,479.05,275175,54300,12-05-2025 10:23,52.65,3281100,578625
12-05-2025 10:23,24813.5,831825,351600,12-05-2025 10:23,476.5,275400,56400,12-05-2025 10:23,52.75,3276375,581100
12-05-2025 10:24,24808.8,833100,353475,12-05-2025 10:24,478.1,274500,53550,12-05-2025 10:24,52.75,3281325,580875
12-05-2025 10:24,24810.2,838575,351675,12-05-2025 10:24,480,273525,52350,12-05-2025 10:24,51.9,3284625,579900
12-05-2025 10:24,24815,839100,351600,12-05-2025 10:24,480.15,274200,51900,12-05-2025 10:24,51.85,3277425,580275
12-05-2025 10:24,24815,838500,351825,12-05-2025 10:24,479.05,273975,51525,12-05-2025 10:24,51.65,3279375,581625
12-05-2025 10:24,24812,840525,353175,12-05-2025 10:24,480.55,276150,52200,12-05-2025 10:24,51.15,3284025,582375
12-05-2025 10:24,24813,837975,354525,12-05-2025 10:24,477.75,273750,52875,12-05-2025 10:24,51.6,3290100,583500
12-05-2025 10:25,24812,832050,357150,12-05-2025 10:25,476.2,274050,50775,12-05-2025 10:25,51.7,3293775,581625
12-05-2025 10:25,24813,832350,354075,12-05-2025 10:25,478.25,274350,52500,12-05-2025 10:25,51.7,3285075,583575
12-05-2025 10:25,24815,830400,352500,12-05-2025 10:25,479.55,275550,51150,12-05-2025 10:25,51.2,3290325,603150
12-05-2025 10:25,24813.2,828675,355200,12-05-2025 10:25,477.3,275250,51375,12-05-2025 10:25,51.2,3286350,598875
12-05-2025 10:25,24815,830175,355425,12-05-2025 10:25,482,276300,51525,12-05-2025 10:25,50.7,3283650,595575
12-05-2025 10:25,24819.3,834675,350775,12-05-2025 10:25,485.45,275850,50100,12-05-2025 10:25,50.35,3282150,591000
12-05-2025 10:26,24821.9,827850,349950,12-05-2025 10:26,481.65,275925,49425,12-05-2025 10:26,50.8,3264450,592350
12-05-2025 10:26,24820,831750,353175,12-05-2025 10:26,481,275925,51300,12-05-2025 10:26,50.8,3267975,592950
12-05-2025 10:26,24820,830175,353325,12-05-2025 10:26,480.25,277050,53100,12-05-2025 10:26,51,3269925,591525
12-05-2025 10:26,24819.5,831975,353400,12-05-2025 10:26,478.8,276825,49575,12-05-2025 10:26,51.2,3273150,596175
12-05-2025 10:26,24810.5,827025,357450,12-05-2025 10:26,477.25,275625,51225,12-05-2025 10:26,51.6,3272700,593475
12-05-2025 10:26,24812.1,829275,355200,12-05-2025 10:26,478.75,275925,50475,12-05-2025 10:26,51.15,3268950,601800
12-05-2025 10:27,24814,828600,352725,12-05-2025 10:27,476.65,275175,50100,12-05-2025 10:27,51.55,3273450,601275
12-05-2025 10:27,24810.2,826575,355125,12-05-2025 10:27,477.75,274425,50625,12-05-2025 10:27,51.75,3277725,597000
12-05-2025 10:27,24810,829125,353175,12-05-2025 10:27,478.05,274200,49950,12-05-2025 10:27,51.95,3281700,605250
12-05-2025 10:27,24812.5,830625,352875,12-05-2025 10:27,479.45,274875,50175,12-05-2025 10:27,51.85,3269475,608175
12-05-2025 10:27,24809.8,829725,353625,12-05-2025 10:27,475.9,276975,50475,12-05-2025 10:27,52.1,3275625,604275
12-05-2025 10:27,24801,830100,356250,12-05-2025 10:27,470.75,277050,49875,12-05-2025 10:27,52.25,3281625,600300
12-05-2025 10:28,24803.9,834225,352650,12-05-2025 10:28,471.5,277500,52425,12-05-2025 10:28,51.9,3270825,601200
12-05-2025 10:28,24800.6,828225,352950,12-05-2025 10:28,463.65,276975,56325,12-05-2025 10:28,52.2,3263175,599100
12-05-2025 10:28,24802.2,820425,350400,12-05-2025 10:28,470.65,271350,55500,12-05-2025 10:28,51.55,3265725,600975
12-05-2025 10:28,24804.4,825000,348450,12-05-2025 10:28,471.25,271950,52650,12-05-2025 10:28,51.05,3260325,601575
12-05-2025 10:28,24804,823875,347775,12-05-2025 10:28,469.05,271875,59100,12-05-2025 10:28,51.6,3259725,601950
12-05-2025 10:28,24805,822975,348300,12-05-2025 10:28,468.4,272625,55275,12-05-2025 10:28,51.2,3266550,601500
12-05-2025 10:29,24805,822900,350250,12-05-2025 10:29,469.45,272100,52950,12-05-2025 10:29,51.3,3272550,597450
12-05-2025 10:29,24802.9,819450,353325,12-05-2025 10:29,464.5,272175,55125,12-05-2025 10:29,52.1,3273675,597300
12-05-2025 10:29,24800.5,816075,352950,12-05-2025 10:29,462,271350,53925,12-05-2025 10:29,52.35,3275775,596400
12-05-2025 10:29,24800.2,813075,354525,12-05-2025 10:29,465.15,271875,55950,12-05-2025 10:29,52.05,3270375,597825
12-05-2025 10:29,24795,811275,354300,12-05-2025 10:29,461.35,271500,57000,12-05-2025 10:29,51.7,3276750,598500
12-05-2025 10:29,24790,810675,352350,12-05-2025 10:29,459.5,264600,53775,12-05-2025 10:29,51.75,3273000,595500
12-05-2025 10:30,24794.6,813150,351225,12-05-2025 10:30,467,266625,54825,12-05-2025 10:30,50.9,3268275,606300
12-05-2025 10:30,24803,819000,346275,12-05-2025 10:30,470.15,271200,54600,12-05-2025 10:30,50.8,3272700,602775
12-05-2025 10:30,24802.9,822000,349950,12-05-2025 10:30,470.15,267075,54450,12-05-2025 10:30,50.65,3273525,601950
12-05-2025 10:30,24802,817500,356025,12-05-2025 10:30,468.8,266475,55725,12-05-2025 10:30,50.85,3263475,605400
12-05-2025 10:30,24801.7,818325,356100,12-05-2025 10:30,467.4,267750,55875,12-05-2025 10:30,50.95,3276825,607800
12-05-2025 10:30,24800,812025,360900,12-05-2025 10:30,468.3,266400,57075,12-05-2025 10:30,51,3287925,607200
12-05-2025 10:31,24801,814350,356325,12-05-2025 10:31,465.8,266100,54900,12-05-2025 10:31,51.05,3283950,619425
12-05-2025 10:31,24800.1,817125,357750,12-05-2025 10:31,468.7,266850,55125,12-05-2025 10:31,50.9,3288075,611400
12-05-2025 10:31,24799.7,824100,354900,12-05-2025 10:31,467.1,268275,55350,12-05-2025 10:31,51.05,3280725,615300
12-05-2025 10:31,24801.9,819825,354225,12-05-2025 10:31,470.95,268875,54900,12-05-2025 10:31,50.75,3281625,615300
12-05-2025 10:31,24802.7,818550,353325,12-05-2025 10:31,469.9,270450,54600,12-05-2025 10:31,50.8,3288375,619875
12-05-2025 10:31,24802.8,823125,352950,12-05-2025 10:31,470.05,268500,55200,12-05-2025 10:31,50.75,3293550,618450
12-05-2025 10:32,24805.2,818850,352650,12-05-2025 10:32,472,272400,55050,12-05-2025 10:32,50.7,3276600,617775
12-05-2025 10:32,24798,812100,353400,12-05-2025 10:32,465,267975,54600,12-05-2025 10:32,50.95,3278400,613425
12-05-2025 10:32,24795,816375,353325,12-05-2025 10:32,465,268050,56100,12-05-2025 10:32,50.7,3281175,617175
12-05-2025 10:32,24797.5,817875,351675,12-05-2025 10:32,465.45,271500,54450,12-05-2025 10:32,50.8,3279450,618525
12-05-2025 10:32,24800,812325,353400,12-05-2025 10:32,463.4,266925,55125,12-05-2025 10:32,50.6,3282150,618600
12-05-2025 10:32,24794.7,816900,357375,12-05-2025 10:32,465.35,271650,55425,12-05-2025 10:32,50.75,3280650,614775
12-05-2025 10:33,24797.6,822300,355125,12-05-2025 10:33,463,270375,56025,12-05-2025 10:33,51,3282525,613950
12-05-2025 10:33,24795,823650,355800,12-05-2025 10:33,462.3,268950,57225,12-05-2025 10:33,50.9,3281325,611400
12-05-2025 10:33,24795.3,815700,355800,12-05-2025 10:33,459.55,268350,58125,12-05-2025 10:33,51,3277875,609900
12-05-2025 10:33,24794.9,820725,355350,12-05-2025 10:33,463.25,266700,54975,12-05-2025 10:33,51.1,3279900,611625
12-05-2025 10:33,24794.8,823500,357825,12-05-2025 10:33,459.95,268575,58875,12-05-2025 10:33,51.5,3280125,611400
12-05-2025 10:33,24796.1,821925,359925,12-05-2025 10:33,463.05,268950,58800,12-05-2025 10:33,51,3278250,617625
12-05-2025 10:34,24796.5,817875,358575,12-05-2025 10:34,460.8,266850,56550,12-05-2025 10:34,51.1,3281400,620400
12-05-2025 10:34,24795.9,818550,358725,12-05-2025 10:34,458.85,266100,57075,12-05-2025 10:34,51.25,3255075,620775
12-05-2025 10:34,24790.1,820650,364125,12-05-2025 10:34,457.95,265650,57375,12-05-2025 10:34,51.95,3194550,616875
12-05-2025 10:34,24791.3,817725,362400,12-05-2025 10:34,457.6,267600,60375,12-05-2025 10:34,52,3154050,612450
12-05-2025 10:34,24786.1,819300,364050,12-05-2025 10:34,456.75,264000,56700,12-05-2025 10:34,52.25,3150300,605550
12-05-2025 10:34,24782.1,819225,364200,12-05-2025 10:34,450.5,274650,67950,12-05-2025 10:34,52.55,3148575,601800
12-05-2025 10:35,24783.1,821325,363150,12-05-2025 10:35,459.4,273375,67425,12-05-2025 10:35,52.2,3146550,599700
12-05-2025 10:35,24795,826500,360750,12-05-2025 10:35,461.95,265275,55200,12-05-2025 10:35,51.35,3137700,603525
12-05-2025 10:35,24794.8,816600,362250,12-05-2025 10:35,460.45,264825,61575,12-05-2025 10:35,51.2,3145125,601500
12-05-2025 10:35,24793.5,826350,360900,12-05-2025 10:35,461.95,265200,57825,12-05-2025 10:35,50.95,3141225,605250
12-05-2025 10:35,24797.2,828525,360600,12-05-2025 10:35,464.8,270075,60675,12-05-2025 10:35,51.25,3138525,608325
12-05-2025 10:35,24799.1,827625,362250,12-05-2025 10:35,464.3,264900,57300,12-05-2025 10:35,51.3,3147300,613875
12-05-2025 10:36,24793.8,829200,360300,12-05-2025 10:36,462.1,266250,57525,12-05-2025 10:36,51.2,3147675,614325
12-05-2025 10:36,24790,822375,366150,12-05-2025 10:36,459,266175,59025,12-05-2025 10:36,51.9,3149025,612900
12-05-2025 10:36,24788,819675,362700,12-05-2025 10:36,459.8,265425,57000,12-05-2025 10:36,51.8,3152100,606450
12-05-2025 10:36,24788.6,818700,363300,12-05-2025 10:36,457,265050,56775,12-05-2025 10:36,51.9,3157875,606225
12-05-2025 10:36,24786.7,821550,363675,12-05-2025 10:36,457.9,264825,57375,12-05-2025 10:36,52.1,3163050,605700
12-05-2025 10:36,24786.2,822750,364950,12-05-2025 10:36,457.25,266325,57375,12-05-2025 10:36,51.9,3142575,607800
12-05-2025 10:37,24787.8,825600,364875,12-05-2025 10:37,457.25,265950,57300,12-05-2025 10:37,52.25,3138975,604575
12-05-2025 10:37,24785,821625,365400,12-05-2025 10:37,456,275100,72450,12-05-2025 10:37,52.5,3150225,599250
12-05-2025 10:37,24785,828600,366375,12-05-2025 10:37,453.6,267825,57150,12-05-2025 10:37,53.2,3152775,604650
12-05-2025 10:37,24782,823350,369150,12-05-2025 10:37,452.45,274725,67125,12-05-2025 10:37,53.15,3155325,603225
12-05-2025 10:37,24785.5,823725,371250,12-05-2025 10:37,450.05,273975,68550,12-05-2025 10:37,53.45,3145500,608175
12-05-2025 10:37,24780.1,822150,375225,12-05-2025 10:37,450.8,275625,69900,12-05-2025 10:37,53.25,3143475,601950
12-05-2025 10:38,24778.2,826125,372900,12-05-2025 10:38,448.75,271275,71625,12-05-2025 10:38,53.35,3144150,608100
12-05-2025 10:38,24780,823875,374550,12-05-2025 10:38,448.9,270975,71850,12-05-2025 10:38,53.3,3145575,608400
12-05-2025 10:38,24785,822150,368775,12-05-2025 10:38,453.95,272100,70950,12-05-2025 10:38,52.7,3147150,612750
12-05-2025 10:38,24782,830025,369375,12-05-2025 10:38,452.4,272025,70125,12-05-2025 10:38,52.65,3146475,608775
12-05-2025 10:38,24782.1,829875,370350,12-05-2025 10:38,452.95,272250,70575,12-05-2025 10:38,53.1,3154350,613950
12-05-2025 10:38,24782.7,826800,369000,12-05-2025 10:38,452.95,272175,70275,12-05-2025 10:38,53,3157275,621225
12-05-2025 10:39,24782.8,828375,369675,12-05-2025 10:39,451,273300,74100,12-05-2025 10:39,53.25,3153525,620775
12-05-2025 10:39,24783.2,827025,371850,12-05-2025 10:39,450.2,275325,78975,12-05-2025 10:39,53.6,3161625,615150
12-05-2025 10:39,24779.8,827400,373425,12-05-2025 10:39,451.1,270750,75225,12-05-2025 10:39,53.55,3162900,609675
12-05-2025 10:39,24780,827550,372975,12-05-2025 10:39,447.75,268275,74925,12-05-2025 10:39,54.05,3159000,607650
12-05-2025 10:39,24779.8,827325,372150,12-05-2025 10:39,445.6,271875,80250,12-05-2025 10:39,53.45,3159675,608100
12-05-2025 10:39,24779.8,828300,371100,12-05-2025 10:39,449.1,270000,78150,12-05-2025 10:39,52.8,3154125,629025
12-05-2025 10:40,24782.8,830325,369750,12-05-2025 10:40,449.25,270525,74775,12-05-2025 10:40,52.75,3152700,627525
12-05-2025 10:40,24782.2,833850,370950,12-05-2025 10:40,451.45,270825,74925,12-05-2025 10:40,52.7,3149700,627075
12-05-2025 10:40,24787.4,831375,369675,12-05-2025 10:40,451.25,270450,74850,12-05-2025 10:40,53.85,3148500,619875
12-05-2025 10:40,24779.3,828150,368625,12-05-2025 10:40,449.4,269025,75675,12-05-2025 10:40,54.2,3152400,601575
12-05-2025 10:40,24785.9,832950,367950,12-05-2025 10:40,452.05,270075,75600,12-05-2025 10:40,53.65,3157575,604875
12-05-2025 10:40,24786.4,835800,367650,12-05-2025 10:40,452,270900,75975,12-05-2025 10:40,53.95,3157425,603225
12-05-2025 10:41,24782.3,829125,369525,12-05-2025 10:41,451.25,272025,77850,12-05-2025 10:41,54.35,3159675,601125
12-05-2025 10:41,24785,825675,368325,12-05-2025 10:41,0,0,0,12-05-2025 10:41,55,3170925,587625
12-05-2025 10:41,24785,832200,370650,12-05-2025 10:41,453.05,271650,74025,12-05-2025 10:41,54.2,3161475,589125
12-05-2025 10:41,24787.9,835125,367050,12-05-2025 10:41,454.1,259575,62475,12-05-2025 10:41,54,3154650,588375
12-05-2025 10:41,24785.2,828750,375525,12-05-2025 10:41,452.5,269850,76200,12-05-2025 10:41,53.8,3156000,585975
12-05-2025 10:41,24787.4,827925,371625,12-05-2025 10:41,450,272550,73500,12-05-2025 10:41,54,3154800,591075
12-05-2025 10:42,24783,827025,374025,12-05-2025 10:42,447.5,268950,74250,12-05-2025 10:42,54.4,3153900,592275
12-05-2025 10:42,24778.8,823725,375000,12-05-2025 10:42,442.75,272100,77925,12-05-2025 10:42,55,3158100,582075
12-05-2025 10:42,24777.5,822375,373875,12-05-2025 10:42,440.85,268875,77325,12-05-2025 10:42,55.3,3156750,577575
12-05-2025 10:42,24773,818325,375225,12-05-2025 10:42,440.95,275700,76125,12-05-2025 10:42,55.55,3162000,579675
12-05-2025 10:42,24775,825900,373125,12-05-2025 10:42,444.35,270600,74400,12-05-2025 10:42,55.15,3160875,582075
12-05-2025 10:42,24780,819375,374025,12-05-2025 10:42,446.5,271575,77175,12-05-2025 10:42,54.9,3160950,585675
12-05-2025 10:43,24779.8,819750,372450,12-05-2025 10:43,444,273525,77700,12-05-2025 10:43,55.25,3169125,584850
12-05-2025 10:43,24780,822900,372300,12-05-2025 10:43,448.2,273750,75900,12-05-2025 10:43,54.7,3166125,593625
12-05-2025 10:43,24786,824025,369750,12-05-2025 10:43,451.55,275325,75600,12-05-2025 10:43,54.1,3160350,601500
12-05-2025 10:43,24792.4,826500,368550,12-05-2025 10:43,455.15,276300,73950,12-05-2025 10:43,52.15,3146775,596550
12-05-2025 10:43,24795,835875,365100,12-05-2025 10:43,464.4,267525,62325,12-05-2025 10:43,50.6,3131625,595725
12-05-2025 10:43,24790.2,836700,367350,12-05-2025 10:43,461.95,267825,66225,12-05-2025 10:43,52,3126525,598800
12-05-2025 10:44,24797.3,836400,370200,12-05-2025 10:44,461.95,265800,59175,12-05-2025 10:44,51.65,3136425,594675
12-05-2025 10:44,24796.7,833625,371850,12-05-2025 10:44,459.55,267975,59775,12-05-2025 10:44,52.15,3146625,595050
12-05-2025 10:44,24797,832725,371400,12-05-2025 10:44,459.45,265725,60450,12-05-2025 10:44,52.6,3150600,588675
12-05-2025 10:44,24797,830250,375525,12-05-2025 10:44,457.45,266325,60600,12-05-2025 10:44,52.3,3156600,591150
12-05-2025 10:44,24796.4,829875,373200,12-05-2025 10:44,460,273225,60450,12-05-2025 10:44,52.5,3164625,594000
12-05-2025 10:44,24800,834375,371400,12-05-2025 10:44,461.95,269775,59550,12-05-2025 10:44,52,3154875,597150
12-05-2025 10:45,24798,833250,374100,12-05-2025 10:45,459.55,268950,60975,12-05-2025 10:45,52.3,3158100,594600
12-05-2025 10:45,24793,830400,375825,12-05-2025 10:45,455.6,269025,60975,12-05-2025 10:45,53.4,3158175,596250
12-05-2025 10:45,24792.1,828750,376125,12-05-2025 10:45,452.8,267975,60450,12-05-2025 10:45,53.5,3155700,593625
12-05-2025 10:45,24788,825825,378225,12-05-2025 10:45,450,282300,71625,12-05-2025 10:45,54.15,3169650,597825
12-05-2025 10:45,24788.5,824250,375450,12-05-2025 10:45,451.7,282375,71250,12-05-2025 10:45,54,3175125,594375
12-05-2025 10:45,24788.9,815925,376050,12-05-2025 10:45,450.85,282525,74025,12-05-2025 10:45,54.1,3167850,598575
12-05-2025 10:46,24789,814575,376050,12-05-2025 10:46,449.6,288000,74400,12-05-2025 10:46,54.35,3169425,594375
12-05-2025 10:46,24790,816525,374250,12-05-2025 10:46,0,0,0,12-05-2025 10:46,54.45,3172875,599625
12-05-2025 10:46,24781,816000,373050,12-05-2025 10:46,447.75,277425,74025,12-05-2025 10:46,54.65,3180600,587850
12-05-2025 10:46,24780.1,817425,372975,12-05-2025 10:46,448.85,277875,75075,12-05-2025 10:46,54.95,3165000,588600
12-05-2025 10:46,24774.2,814725,373650,12-05-2025 10:46,442.8,277350,78150,12-05-2025 10:46,55.5,3174975,587625
12-05-2025 10:46,24779.9,808950,373350,12-05-2025 10:46,443.45,276750,78825,12-05-2025 10:46,55.15,3185625,566325
12-05-2025 10:47,24780.6,814575,372000,12-05-2025 10:47,442.55,284550,74700,12-05-2025 10:47,55.4,3174225,568350
12-05-2025 10:47,24775,815175,373200,12-05-2025 10:47,442.5,277950,75975,12-05-2025 10:47,55,3168600,572850
12-05-2025 10:47,24776,817200,372375,12-05-2025 10:47,0,0,0,12-05-2025 10:47,54.95,3168900,579525
12-05-2025 10:47,24776,817200,372525,12-05-2025 10:47,438.05,277575,74400,12-05-2025 10:47,55.3,3159975,571425
12-05-2025 10:47,24776.8,817800,373425,12-05-2025 10:47,442.5,277650,75825,12-05-2025 10:47,54.75,3162375,575100
12-05-2025 10:47,24776.8,819300,374400,12-05-2025 10:47,438.05,277125,76350,12-05-2025 10:47,55.3,3166050,571350
12-05-2025 10:48,24773,818775,375975,12-05-2025 10:48,438.05,274425,78225,12-05-2025 10:48,55.25,3171300,563250
12-05-2025 10:48,24771,817425,374025,12-05-2025 10:48,438.25,274050,77775,12-05-2025 10:48,55.05,3173400,562200
12-05-2025 10:48,24772.4,817650,368475,12-05-2025 10:48,438.2,274050,78150,12-05-2025 10:48,55,3165750,571050
12-05-2025 10:48,24772.4,819600,368475,12-05-2025 10:48,437.05,273750,78075,12-05-2025 10:48,54.95,3160350,571425
12-05-2025 10:48,24772.4,819150,366900,12-05-2025 10:48,438.1,274950,75825,12-05-2025 10:48,54.8,3159825,571125
12-05-2025 10:48,24773,818325,369675,12-05-2025 10:48,442.2,275400,75600,12-05-2025 10:48,54.6,3156075,583650
12-05-2025 10:49,24780,823500,368325,12-05-2025 10:49,443.8,276525,74475,12-05-2025 10:49,53.7,3157575,583950
12-05-2025 10:49,24780,820350,367725,12-05-2025 10:49,442.4,276675,75225,12-05-2025 10:49,54.15,3163800,575625
12-05-2025 10:49,24775,820275,369600,12-05-2025 10:49,443.8,275550,75375,12-05-2025 10:49,53.95,3164475,574275
12-05-2025 10:49,24781.1,823800,368475,12-05-2025 10:49,448,279075,74325,12-05-2025 10:49,53.45,3156525,578025
12-05-2025 10:49,24781.5,823800,367350,12-05-2025 10:49,447.35,279900,74475,12-05-2025 10:49,53.3,3153750,579150
12-05-2025 10:49,24780.4,822900,368250,12-05-2025 10:49,447.6,281250,74175,12-05-2025 10:49,53,3159600,580275
12-05-2025 10:50,24787.9,823275,369975,12-05-2025 10:50,449.8,276675,74250,12-05-2025 10:50,52.75,3155775,585750
12-05-2025 10:50,24782,821025,374625,12-05-2025 10:50,448.65,276750,72975,12-05-2025 10:50,53.35,3161625,576825
12-05-2025 10:50,24782.2,821850,375450,12-05-2025 10:50,445.2,277650,77175,12-05-2025 10:50,53.75,3160875,578700
12-05-2025 10:50,24782.5,820575,375750,12-05-2025 10:50,446.2,276825,72600,12-05-2025 10:50,53.55,3160125,578925
12-05-2025 10:50,24783.2,822225,377925,12-05-2025 10:50,449.85,280650,73875,12-05-2025 10:50,53.05,3159600,579675
12-05-2025 10:50,24785,822300,376200,12-05-2025 10:50,450.8,279150,72150,12-05-2025 10:50,53.1,3152025,590625
12-05-2025 10:51,24789,820725,373950,12-05-2025 10:51,453,280500,73425,12-05-2025 10:51,52.5,3149475,586200
12-05-2025 10:51,24790,823575,376125,12-05-2025 10:51,446.45,275850,72825,12-05-2025 10:51,53.8,3151275,588300
12-05-2025 10:51,24786,821025,379425,12-05-2025 10:51,445,277275,72975,12-05-2025 10:51,53.6,3152400,583950
12-05-2025 10:51,24783.8,825075,380250,12-05-2025 10:51,445,270375,72900,12-05-2025 10:51,53.75,3153000,588675
12-05-2025 10:51,24778.1,823050,379350,12-05-2025 10:51,444.5,275475,77400,12-05-2025 10:51,53.8,3162525,583575
12-05-2025 10:51,24775,822450,379200,12-05-2025 10:51,442.35,276600,75675,12-05-2025 10:51,54.65,3166275,583575
12-05-2025 10:52,24774.3,825450,378000,12-05-2025 10:52,442.95,274650,73650,12-05-2025 10:52,54.35,3159825,575325
12-05-2025 10:52,24774.4,825750,377325,12-05-2025 10:52,441,275025,73350,12-05-2025 10:52,54.25,3159150,585000
12-05-2025 10:52,24773.9,828600,380550,12-05-2025 10:52,439.25,279450,76875,12-05-2025 10:52,54.7,3161850,570150
12-05-2025 10:52,24770.8,831150,377325,12-05-2025 10:52,438.2,274950,76950,12-05-2025 10:52,54.5,3162675,579750
12-05-2025 10:52,24770,829875,378825,12-05-2025 10:52,438.75,275025,76650,12-05-2025 10:52,54.7,3159525,578700
12-05-2025 10:52,24775.4,834825,377700,12-05-2025 10:52,443.75,280650,75900,12-05-2025 10:52,53.55,3154650,590175
12-05-2025 10:53,24780,833625,374700,12-05-2025 10:53,445.3,276525,74700,12-05-2025 10:53,53.1,3153825,593775
12-05-2025 10:53,24784.6,831975,376275,12-05-2025 10:53,0,0,0,12-05-2025 10:53,53.25,3166425,595350
12-05-2025 10:53,24781,831000,376200,12-05-2025 10:53,446.5,273300,75825,12-05-2025 10:53,53.25,3164925,600450
12-05-2025 10:53,24780,831675,379650,12-05-2025 10:53,442.55,272775,77550,12-05-2025 10:53,53.95,3168000,588450
12-05-2025 10:53,24773.3,830325,381900,12-05-2025 10:53,445.35,273975,75375,12-05-2025 10:53,54.2,3160200,584025
12-05-2025 10:53,24779.8,840975,380025,12-05-2025 10:53,445.05,272325,75600,12-05-2025 10:53,53.65,3163725,585450
12-05-2025 10:54,24780.9,830175,378000,12-05-2025 10:54,448,273975,75150,12-05-2025 10:54,53.35,3156900,593250
12-05-2025 10:54,24782.7,831600,377325,12-05-2025 10:54,449.25,279150,72900,12-05-2025 10:54,52.8,3154800,589350
12-05-2025 10:54,24784.7,829575,377175,12-05-2025 10:54,450.2,274050,72900,12-05-2025 10:54,53.2,3150750,589725
12-05-2025 10:54,24781.9,830550,382200,12-05-2025 10:54,448.1,274425,75375,12-05-2025 10:54,53.2,3152700,587850
12-05-2025 10:54,24782.5,828750,378525,12-05-2025 10:54,447.15,276075,81375,12-05-2025 10:54,53.55,3160500,590475
12-05-2025 10:54,24778.6,830175,379050,12-05-2025 10:54,446.6,274575,74625,12-05-2025 10:54,53.55,3163350,590325
12-05-2025 10:55,24778.5,831150,378075,12-05-2025 10:55,445.4,281550,74325,12-05-2025 10:55,53.7,3162075,590475
12-05-2025 10:55,24778.9,830850,378975,12-05-2025 10:55,444.7,274125,75750,12-05-2025 10:55,54.3,3176250,590550
12-05-2025 10:55,24778.3,839025,379050,12-05-2025 10:55,444.45,269025,74475,12-05-2025 10:55,54.3,3176175,588600
12-05-2025 10:55,24778.8,834150,380625,12-05-2025 10:55,443.4,268800,75750,12-05-2025 10:55,54.2,3177600,585150
12-05-2025 10:55,24780.2,840450,381975,12-05-2025 10:55,446,271650,75000,12-05-2025 10:55,53.6,3171450,590250
12-05-2025 10:55,24780.2,841275,377250,12-05-2025 10:55,447,269475,74325,12-05-2025 10:55,53.5,3168075,586800
12-05-2025 10:56,24784.2,834900,377700,12-05-2025 10:56,447.4,270825,74100,12-05-2025 10:56,54.35,3164700,591300
12-05-2025 10:56,24778.9,837000,380775,12-05-2025 10:56,446,269325,78075,12-05-2025 10:56,54.6,3174150,582525
12-05-2025 10:56,24782.6,835275,381225,12-05-2025 10:56,448,269250,75600,12-05-2025 10:56,54.65,3172500,583725
12-05-2025 10:56,24786.1,841875,379500,12-05-2025 10:56,452.65,269475,74175,12-05-2025 10:56,53.5,3158775,594600
12-05-2025 10:56,24786.1,836250,378600,12-05-2025 10:56,449.15,270300,75450,12-05-2025 10:56,53.85,3168450,592500
12-05-2025 10:56,24787,833850,381000,12-05-2025 10:56,453.1,274275,74250,12-05-2025 10:56,53.75,3174675,587700
12-05-2025 10:57,24789.1,837150,377700,12-05-2025 10:57,452.45,273300,78450,12-05-2025 10:57,54,3167625,590775
12-05-2025 10:57,24785,837150,378375,12-05-2025 10:57,452.45,268425,80100,12-05-2025 10:57,54,3173850,586350
12-05-2025 10:57,24786.1,833475,380100,12-05-2025 10:57,449.65,268650,73500,12-05-2025 10:57,54.55,3173925,584550
12-05-2025 10:57,24780,833475,382575,12-05-2025 10:57,447.8,268200,73500,12-05-2025 10:57,54.45,3177450,585825
12-05-2025 10:57,24777,829500,382125,12-05-2025 10:57,442,269775,75375,12-05-2025 10:57,55.45,3178725,586500
12-05-2025 10:57,24775,829050,382950,12-05-2025 10:57,440,270000,75975,12-05-2025 10:57,55.25,3176100,558600
12-05-2025 10:58,24780.2,830625,381825,12-05-2025 10:58,444.05,267900,76350,12-05-2025 10:58,55.2,3177600,562275
12-05-2025 10:58,24777.2,830250,380700,12-05-2025 10:58,443.15,268575,78450,12-05-2025 10:58,55.3,3177600,564900
12-05-2025 10:58,24780.4,830850,381750,12-05-2025 10:58,432.3,268875,76425,12-05-2025 10:58,55.3,3177075,562200
12-05-2025 10:58,24760.7,818100,380850,12-05-2025 10:58,434.4,264900,78900,12-05-2025 10:58,60.15,3175050,478650
12-05-2025 10:58,24766.5,819150,375075,12-05-2025 10:58,433.15,264750,76125,12-05-2025 10:58,59.65,3171225,413400
12-05-2025 10:58,24765.7,825375,380250,12-05-2025 10:58,435.1,265050,78750,12-05-2025 10:58,59.5,3167400,421125
12-05-2025 10:59,24774.2,827550,378825,12-05-2025 10:59,442.4,268200,75825,12-05-2025 10:59,57.8,3161400,429900
12-05-2025 10:59,24770,829350,381375,12-05-2025 10:59,440.65,265950,78675,12-05-2025 10:59,59.1,3167625,431475
12-05-2025 10:59,24772,832200,382425,12-05-2025 10:59,438.15,265875,76650,12-05-2025 10:59,59.6,3183300,432825
12-05-2025 10:59,24770,833250,378825,12-05-2025 10:59,440.9,268050,75300,12-05-2025 10:59,57.75,3179250,431400
12-05-2025 10:59,24772.3,834075,378900,12-05-2025 10:59,442.85,268275,75825,12-05-2025 10:59,57.6,3176925,436350
12-05-2025 10:59,24776.6,830925,370875,12-05-2025 10:59,443.85,267225,74100,12-05-2025 10:59,56.7,3222525,436350
12-05-2025 11:00,24778.6,822975,375525,12-05-2025 11:00,442.85,268575,76050,12-05-2025 11:00,57.45,3231825,440250
12-05-2025 11:00,24775.6,821625,373950,12-05-2025 11:00,441.9,271425,76350,12-05-2025 11:00,57.8,3233100,438750
12-05-2025 11:00,24774.9,828375,374850,12-05-2025 11:00,443.7,274350,77175,12-05-2025 11:00,57.5,3219975,437625
12-05-2025 11:00,24776.1,828900,371700,12-05-2025 11:00,445.8,267675,75900,12-05-2025 11:00,56.3,3224550,450450
12-05-2025 11:00,24775,828075,375975,12-05-2025 11:00,440,268800,75375,12-05-2025 11:00,58.05,3214500,442650
12-05-2025 11:00,24775.6,825825,378375,12-05-2025 11:00,440.75,265800,76200,12-05-2025 11:00,57.55,3216750,439500
12-05-2025 11:01,24775.9,827925,377175,12-05-2025 11:01,440.7,266700,76050,12-05-2025 11:01,57.55,3219450,442575
12-05-2025 11:01,24770.2,827250,377025,12-05-2025 11:01,439.7,265875,82500,12-05-2025 11:01,57.6,3224850,449025
12-05-2025 11:01,24782.7,830850,375000,12-05-2025 11:01,445.25,268125,76050,12-05-2025 11:01,56.7,3229200,447150
12-05-2025 11:01,24780,827775,374625,12-05-2025 11:01,449,266550,79875,12-05-2025 11:01,56.95,3225075,447900
12-05-2025 11:01,24783.8,828300,373875,12-05-2025 11:01,449.05,266325,75825,12-05-2025 11:01,56.3,3216525,449175
12-05-2025 11:01,24783.4,831000,373650,12-05-2025 11:01,446,266400,75750,12-05-2025 11:01,56.7,3217500,451425
12-05-2025 11:02,24778.8,833700,373200,12-05-2025 11:02,0,0,0,12-05-2025 11:02,56.7,3219675,447150
12-05-2025 11:02,24782.2,827625,372675,12-05-2025 11:02,448.1,266625,75900,12-05-2025 11:02,56.3,3219375,455625
12-05-2025 11:02,24783,828975,372375,12-05-2025 11:02,449.65,268725,75225,12-05-2025 11:02,56.25,3217875,454800
12-05-2025 11:02,24782.1,828450,375675,12-05-2025 11:02,446.65,264300,76050,12-05-2025 11:02,56.55,3214500,455400
12-05-2025 11:02,24781.9,828975,374100,12-05-2025 11:02,444.6,264300,81375,12-05-2025 11:02,57.3,3220950,449325
12-05-2025 11:02,24780,830925,375525,12-05-2025 11:02,450,267525,79650,12-05-2025 11:02,56.2,3221175,447225
12-05-2025 11:03,24776.1,832500,373575,12-05-2025 11:03,447.85,266250,70050,12-05-2025 11:03,56.75,3222375,451650
12-05-2025 11:03,24775.1,828750,374775,12-05-2025 11:03,447.85,264750,73125,12-05-2025 11:03,56.9,3223950,451275
12-05-2025 11:03,24772.6,830400,374925,12-05-2025 11:03,446.8,264600,72525,12-05-2025 11:03,57.1,3227625,445725
12-05-2025 11:03,24780,830850,372825,12-05-2025 11:03,446.8,262725,70575,12-05-2025 11:03,56.55,3230925,453075
12-05-2025 11:03,24780,831075,372225,12-05-2025 11:03,446.65,264450,70425,12-05-2025 11:03,56.95,3230100,452700
12-05-2025 11:03,24780.8,831975,373125,12-05-2025 11:03,445,263700,70875,12-05-2025 11:03,56.85,3246075,452775
12-05-2025 11:04,24776.7,830100,375600,12-05-2025 11:04,442,262275,70650,12-05-2025 11:04,57.25,3235575,452250
12-05-2025 11:04,24773,829650,375000,12-05-2025 11:04,441,261750,73350,12-05-2025 11:04,57.9,3245550,447225
12-05-2025 11:04,24774.3,831150,374775,12-05-2025 11:04,0,0,0,12-05-2025 11:04,57.55,3242850,452250
12-05-2025 11:04,24774,829200,376575,12-05-2025 11:04,441.35,261225,73125,12-05-2025 11:04,57.65,3241500,451125
12-05-2025 11:04,24772,830550,375900,12-05-2025 11:04,438.05,257775,79275,12-05-2025 11:04,58.1,3242775,457875
12-05-2025 11:04,24775,831900,372975,12-05-2025 11:04,442,260400,78675,12-05-2025 11:04,57.35,3240375,454950
12-05-2025 11:05,24778.6,827625,373500,12-05-2025 11:05,443,264225,74325,12-05-2025 11:05,56.95,3212325,453900
12-05-2025 11:05,24779,831600,374175,12-05-2025 11:05,444.4,260625,74700,12-05-2025 11:05,57.3,3216675,457050
12-05-2025 11:05,24778.2,826650,374325,12-05-2025 11:05,443,261225,76725,12-05-2025 11:05,57.4,3224925,459900
12-05-2025 11:05,24779,829800,373725,12-05-2025 11:05,446,261975,75825,12-05-2025 11:05,56.8,3224775,455850
12-05-2025 11:05,24779,829950,370575,12-05-2025 11:05,447,264375,76275,12-05-2025 11:05,56.45,3220650,460950
12-05-2025 11:05,24785,832125,368250,12-05-2025 11:05,452.9,261075,77550,12-05-2025 11:05,55.25,3217425,462900
12-05-2025 11:06,24795,831975,366450,12-05-2025 11:06,458.35,263925,69000,12-05-2025 11:06,54.6,3198900,468750
12-05-2025 11:06,24797.7,820800,360150,12-05-2025 11:06,459.5,256875,57075,12-05-2025 11:06,54.35,3187725,467025
12-05-2025 11:06,24793.7,824625,363525,12-05-2025 11:06,459.4,259050,56775,12-05-2025 11:06,54.5,3183075,467625
12-05-2025 11:06,24795.6,827100,363975,12-05-2025 11:06,458.4,263925,56025,12-05-2025 11:06,54.35,3182025,471675
12-05-2025 11:06,24790,828075,365850,12-05-2025 11:06,456.55,263625,67200,12-05-2025 11:06,55.15,3184575,472725
12-05-2025 11:06,24792.3,828675,368775,12-05-2025 11:06,452.9,264000,65850,12-05-2025 11:06,55.3,3182400,469350
12-05-2025 11:07,24788.2,826425,368700,12-05-2025 11:07,454.8,267000,70125,12-05-2025 11:07,55.5,3187875,463950
12-05-2025 11:07,24785.9,824325,368700,12-05-2025 11:07,453.85,265800,67650,12-05-2025 11:07,55.5,3200175,469200
12-05-2025 11:07,24785.9,824775,367275,12-05-2025 11:07,455,266175,67875,12-05-2025 11:07,55.8,3194775,469350
12-05-2025 11:07,24793.3,829950,370725,12-05-2025 11:07,455.25,265800,66675,12-05-2025 11:07,55,3186750,473625
12-05-2025 11:07,24791.5,829500,369225,12-05-2025 11:07,455,263775,67800,12-05-2025 11:07,55.15,3183450,467250
12-05-2025 11:07,24790,830925,375825,12-05-2025 11:07,457.85,264525,66975,12-05-2025 11:07,55,3191850,480450
12-05-2025 11:08,24794.2,830775,375225,12-05-2025 11:08,460,259275,56325,12-05-2025 11:08,54.75,3195450,482325
12-05-2025 11:08,24796.8,831900,373425,12-05-2025 11:08,460.25,261075,56100,12-05-2025 11:08,54.6,3193650,484725
12-05-2025 11:08,24798,831900,366150,12-05-2025 11:08,461.15,264525,56175,12-05-2025 11:08,54.25,3190050,483450
12-05-2025 11:08,24796.9,832200,366300,12-05-2025 11:08,462,266625,59250,12-05-2025 11:08,54.25,3183000,484650
12-05-2025 11:08,24798,831675,367425,12-05-2025 11:08,464,269700,58950,12-05-2025 11:08,54.65,3183900,480675
12-05-2025 11:08,24799.1,819825,364950,12-05-2025 11:08,462.65,265500,56625,12-05-2025 11:08,54.65,3183450,482775
12-05-2025 11:09,24797,820950,366225,12-05-2025 11:09,464.25,264750,56850,12-05-2025 11:09,54.7,3193125,477075
12-05-2025 11:09,24801.1,825375,366450,12-05-2025 11:09,471,267750,56625,12-05-2025 11:09,54.8,3194850,476325
12-05-2025 11:09,24805.7,822675,362250,12-05-2025 11:09,470.45,265575,56700,12-05-2025 11:09,54.85,3192900,471375
12-05-2025 11:09,24806,823725,370200,12-05-2025 11:09,469,265575,54300,12-05-2025 11:09,54.75,3189075,479700
12-05-2025 11:09,24805.1,820875,368250,12-05-2025 11:09,467.6,265275,54825,12-05-2025 11:09,55.2,3214200,477000
12-05-2025 11:09,24804.3,820125,368025,12-05-2025 11:09,468,266325,57150,12-05-2025 11:09,55.25,3221475,475950
12-05-2025 11:10,24804.6,822600,362325,12-05-2025 11:10,471.4,268650,56850,12-05-2025 11:10,54.85,3204375,488025
12-05-2025 11:10,24807,822525,360525,12-05-2025 11:10,474.85,266775,55275,12-05-2025 11:10,54.45,3186075,478575
12-05-2025 11:10,24810,821325,365325,12-05-2025 11:10,474.25,267900,57375,12-05-2025 11:10,55,3199650,484350
12-05-2025 11:10,24805.5,821625,364050,12-05-2025 11:10,472.05,265800,57150,12-05-2025 11:10,55,3201450,484800
12-05-2025 11:10,24805,821625,366900,12-05-2025 11:10,472.35,264375,53925,12-05-2025 11:10,55.2,3202500,484425
12-05-2025 11:10,24807.6,821175,364800,12-05-2025 11:10,471.1,263325,57075,12-05-2025 11:10,54.9,3206025,479925
12-05-2025 11:11,24802.1,822300,365400,12-05-2025 11:11,470.25,263475,58275,12-05-2025 11:11,54.65,3200250,480225
12-05-2025 11:11,24805.1,820650,365250,12-05-2025 11:11,470.2,264600,59325,12-05-2025 11:11,54.5,3203325,480900
12-05-2025 11:11,24803.5,820050,368625,12-05-2025 11:11,469.4,264000,58275,12-05-2025 11:11,54.6,3204300,482025
12-05-2025 11:11,24803.3,820125,365025,12-05-2025 11:11,471,265575,56400,12-05-2025 11:11,54.35,3202350,484050
12-05-2025 11:11,24803.3,819225,363600,12-05-2025 11:11,473.25,267075,56925,12-05-2025 11:11,54.35,3202650,485025
12-05-2025 11:11,24810,820650,357900,12-05-2025 11:11,476.95,270525,59025,12-05-2025 11:11,54.7,3197550,484425
12-05-2025 11:12,24807.3,821100,363375,12-05-2025 11:12,476.2,270000,58125,12-05-2025 11:12,54.65,3195375,482850
12-05-2025 11:12,24809,820500,362700,12-05-2025 11:12,474.85,269700,61725,12-05-2025 11:12,54.75,3196500,482850
12-05-2025 11:12,24807.4,819750,364575,12-05-2025 11:12,475.35,267000,59100,12-05-2025 11:12,54.95,3200775,485325
12-05-2025 11:12,24809,820350,363825,12-05-2025 11:12,475.25,267000,62475,12-05-2025 11:12,55.1,3202275,481875
12-05-2025 11:12,24806.7,820425,367575,12-05-2025 11:12,471.65,264750,58950,12-05-2025 11:12,55.85,3195150,467850
12-05-2025 11:12,24806.3,817800,368925,12-05-2025 11:12,472.55,267450,56925,12-05-2025 11:12,56.2,3200475,466575
12-05-2025 11:13,24807.1,820200,363225,12-05-2025 11:13,476.8,265725,56850,12-05-2025 11:13,55.65,3198075,468300
12-05-2025 11:13,24810.9,821325,361125,12-05-2025 11:13,479,271350,54975,12-05-2025 11:13,55.8,3201225,465075
12-05-2025 11:13,24810.9,821325,361425,12-05-2025 11:13,478.05,271725,54375,12-05-2025 11:13,56.05,3207750,467025
12-05-2025 11:13,24810.2,819375,363375,12-05-2025 11:13,476.95,267525,53625,12-05-2025 11:13,55.95,3212550,468000
12-05-2025 11:13,24808.1,819900,366375,12-05-2025 11:13,475.3,266475,52050,12-05-2025 11:13,56,3215850,472650
12-05-2025 11:13,24809,820200,367050,12-05-2025 11:13,475.7,268800,54300,12-05-2025 11:13,55.65,3213300,474450
12-05-2025 11:14,24809,819225,366150,12-05-2025 11:14,475,265275,54000,12-05-2025 11:14,56.05,3210375,475350
12-05-2025 11:14,24808.9,817125,368325,12-05-2025 11:14,472.25,268650,54150,12-05-2025 11:14,56.2,3216450,470100
12-05-2025 11:14,24805,822600,370575,12-05-2025 11:14,471.5,267300,55200,12-05-2025 11:14,56.05,3210225,468075
12-05-2025 11:14,24802,820275,368775,12-05-2025 11:14,469.95,259650,52800,12-05-2025 11:14,56.4,3205575,468300
12-05-2025 11:14,24802,819600,368025,12-05-2025 11:14,471.2,264900,55275,12-05-2025 11:14,56.35,3196650,463275
12-05-2025 11:14,24800,815775,370350,12-05-2025 11:14,472,264900,54750,12-05-2025 11:14,56.5,3200025,462525
12-05-2025 11:15,24806.9,819375,366900,12-05-2025 11:15,472.6,264450,54375,12-05-2025 11:15,56,3196875,455625
12-05-2025 11:15,24805,819000,368325,12-05-2025 11:15,471.85,264525,57825,12-05-2025 11:15,56.4,3206175,457575
12-05-2025 11:15,24804.9,818925,368250,12-05-2025 11:15,470.7,268050,54000,12-05-2025 11:15,56.1,3205575,458325
12-05-2025 11:15,24800.4,820350,368325,12-05-2025 11:15,471.15,271050,58500,12-05-2025 11:15,56.4,3204600,460125
12-05-2025 11:15,24801.7,819225,369375,12-05-2025 11:15,471.8,269475,54075,12-05-2025 11:15,56.3,3200850,463950
12-05-2025 11:15,24805,820200,369375,12-05-2025 11:15,473,267150,54300,12-05-2025 11:15,56.15,3202350,464100
12-05-2025 11:16,24801.1,819075,370500,12-05-2025 11:16,474.9,270075,57750,12-05-2025 11:16,56.35,3199575,461325
12-05-2025 11:16,24802,818100,371250,12-05-2025 11:16,469.1,267900,53925,12-05-2025 11:16,56.55,3196650,452550
12-05-2025 11:16,24801,821025,371250,12-05-2025 11:16,470.05,269625,54225,12-05-2025 11:16,56.45,3200475,456975
12-05-2025 11:16,24800,819750,369675,12-05-2025 11:16,468,269250,53700,12-05-2025 11:16,56.25,3200775,465300
12-05-2025 11:16,24801,819075,362625,12-05-2025 11:16,469,268275,54525,12-05-2025 11:16,56.2,3202875,466875
12-05-2025 11:16,24800,819450,368550,12-05-2025 11:16,468.6,267900,53850,12-05-2025 11:16,56.2,3200250,467475
12-05-2025 11:17,24800,822300,370950,12-05-2025 11:17,468.85,270150,56100,12-05-2025 11:17,55.5,3194100,469950
12-05-2025 11:17,24800,818100,371775,12-05-2025 11:17,467.9,268200,57225,12-05-2025 11:17,55.95,3201900,470700
12-05-2025 11:17,24800,816000,371100,12-05-2025 11:17,464.55,269475,57225,12-05-2025 11:17,56.1,3206775,471600
12-05-2025 11:17,24795.6,820125,370800,12-05-2025 11:17,465,270450,55650,12-05-2025 11:17,55.55,3208500,474825
12-05-2025 11:17,24797,818775,369825,12-05-2025 11:17,467,270750,54000,12-05-2025 11:17,55.75,3205125,475050
12-05-2025 11:17,24796,820875,371250,12-05-2025 11:17,462.25,268950,58500,12-05-2025 11:17,55.65,3215475,479100
12-05-2025 11:18,24795.6,818925,372300,12-05-2025 11:18,462,267375,53925,12-05-2025 11:18,56.05,3214950,478050
12-05-2025 11:18,24797.3,819150,372825,12-05-2025 11:18,461.8,259050,52125,12-05-2025 11:18,56.2,3216375,466425
12-05-2025 11:18,24792.2,821100,373950,12-05-2025 11:18,462.75,266250,56250,12-05-2025 11:18,56,3213600,463050
12-05-2025 11:18,24793.8,822750,371775,12-05-2025 11:18,464,267450,56925,12-05-2025 11:18,56.15,3214350,468450
12-05-2025 11:18,24792.4,823125,373050,12-05-2025 11:18,464.7,265200,53175,12-05-2025 11:18,55.9,3206625,471075
12-05-2025 11:18,24794.5,822225,376950,12-05-2025 11:18,460,264150,57000,12-05-2025 11:18,56.3,3210675,467850
12-05-2025 11:19,24793.6,817800,377775,12-05-2025 11:19,461.3,264300,56325,12-05-2025 11:19,56.45,3212925,468675
12-05-2025 11:19,24793.6,817200,376875,12-05-2025 11:19,459.45,264750,57225,12-05-2025 11:19,56.75,3214425,463875
12-05-2025 11:19,24794,816675,378600,12-05-2025 11:19,459.45,264000,56325,12-05-2025 11:19,56.85,3215400,467100
12-05-2025 11:19,24790,817500,378675,12-05-2025 11:19,462,264525,58725,12-05-2025 11:19,56.85,3215025,465300
12-05-2025 11:19,24793.6,823425,377925,12-05-2025 11:19,464.2,264300,55500,12-05-2025 11:19,56.35,3213525,470850
12-05-2025 11:19,24795,819225,376875,12-05-2025 11:19,464.2,267675,55275,12-05-2025 11:19,56.7,3204600,468075
12-05-2025 11:20,24799.8,821850,373200,12-05-2025 11:20,466.45,266550,55350,12-05-2025 11:20,55.8,3194475,470325
12-05-2025 11:20,24799.8,823950,371475,12-05-2025 11:20,467,270075,54975,12-05-2025 11:20,55.75,3189450,474375
12-05-2025 11:20,24799,822975,372375,12-05-2025 11:20,467.6,265125,54000,12-05-2025 11:20,55.7,3189300,475575
12-05-2025 11:20,24799,822450,372525,12-05-2025 11:20,467.4,267900,55575,12-05-2025 11:20,56,3191400,471150
12-05-2025 11:20,24799.7,830250,375525,12-05-2025 11:20,467.4,265350,55575,12-05-2025 11:20,56.35,3197475,463725
12-05-2025 11:20,24799.7,826725,371250,12-05-2025 11:20,467.9,266175,55050,12-05-2025 11:20,55.85,3195300,468750
12-05-2025 11:21,24804.2,827175,371475,12-05-2025 11:21,471.05,270825,54300,12-05-2025 11:21,55.75,3191775,468000
12-05-2025 11:21,24800.7,827250,371100,12-05-2025 11:21,470.4,266850,52725,12-05-2025 11:21,55.95,3194625,463875
12-05-2025 11:21,24805,828975,370050,12-05-2025 11:21,474.8,272025,54450,12-05-2025 11:21,55.8,3196050,464625
12-05-2025 11:21,24808.6,825900,367950,12-05-2025 11:21,475,268425,53475,12-05-2025 11:21,55.5,3197700,468825
12-05-2025 11:21,24809.9,825675,365775,12-05-2025 11:21,476.4,272025,57075,12-05-2025 11:21,55.55,3196125,464400
12-05-2025 11:21,24809.9,825600,365700,12-05-2025 11:21,478.1,272625,51525,12-05-2025 11:21,55.4,3190950,468150
12-05-2025 11:22,24807.7,824100,365700,12-05-2025 11:22,476.9,271500,51975,12-05-2025 11:22,55,3194325,470100
12-05-2025 11:22,24806.6,825225,365700,12-05-2025 11:22,0,0,0,12-05-2025 11:22,55.1,3192825,470925
12-05-2025 11:22,24809.7,823725,368400,12-05-2025 11:22,475.05,273750,54300,12-05-2025 11:22,55.2,3192000,469425
12-05-2025 11:22,24810,828375,366225,12-05-2025 11:22,479.5,271650,51975,12-05-2025 11:22,54.85,3192000,471825
12-05-2025 11:22,24809.7,822900,366300,12-05-2025 11:22,478.8,270300,55725,12-05-2025 11:22,55.05,3185625,471000
12-05-2025 11:22,24809.8,826200,365850,12-05-2025 11:22,477.1,271425,53325,12-05-2025 11:22,55.45,3187725,468075
12-05-2025 11:23,24804.9,827250,365700,12-05-2025 11:23,476.25,268275,52725,12-05-2025 11:23,55.05,3193425,469500
12-05-2025 11:23,24809.8,826650,365550,12-05-2025 11:23,476.95,268050,53025,12-05-2025 11:23,55.15,3193350,468450
12-05-2025 11:23,24809.9,824850,366375,12-05-2025 11:23,478.1,269250,54000,12-05-2025 11:23,55,3195300,469350
12-05-2025 11:23,24808.2,826125,364875,12-05-2025 11:23,478.2,268275,53325,12-05-2025 11:23,55.25,3193050,469125
12-05-2025 11:23,24808.2,824475,364575,12-05-2025 11:23,477.3,268650,53325,12-05-2025 11:23,55.2,3192825,461925
12-05-2025 11:23,24814.8,829875,363300,12-05-2025 11:23,483.85,272550,52875,12-05-2025 11:23,54.9,3191550,466500
12-05-2025 11:24,24814.8,829425,358875,12-05-2025 11:24,484,273150,52350,12-05-2025 11:24,55.85,3186450,467100
12-05-2025 11:24,24815,813825,365850,12-05-2025 11:24,479,268350,57975,12-05-2025 11:24,57,3189600,463350
12-05-2025 11:24,24810.1,830475,363900,12-05-2025 11:24,480,270825,54225,12-05-2025 11:24,56,3180750,446475
12-05-2025 11:24,24816,836175,361350,12-05-2025 11:24,488.5,271200,51675,12-05-2025 11:24,56.2,3185250,449475
12-05-2025 11:24,24824.8,833550,356550,12-05-2025 11:24,491.35,270000,45000,12-05-2025 11:24,56.4,3180450,448275
12-05-2025 11:24,24820,832050,352950,12-05-2025 11:24,490.5,271650,48450,12-05-2025 11:24,56.45,3185175,448050
12-05-2025 11:25,24825.7,833250,350775,12-05-2025 11:25,491.8,270075,43950,12-05-2025 11:25,56.15,3183975,454050
12-05-2025 11:25,24820,824475,352875,12-05-2025 11:25,491,270825,45375,12-05-2025 11:25,55.85,3193950,454800
12-05-2025 11:25,24848.5,850425,351300,12-05-2025 11:25,508.5,270000,44775,12-05-2025 11:25,55.9,3207525,457125
12-05-2025 11:25,24841.5,833775,307650,12-05-2025 11:25,507.35,273600,50925,12-05-2025 11:25,56.2,3204000,444600
12-05-2025 11:25,24840,839400,312750,12-05-2025 11:25,506.3,269400,44250,12-05-2025 11:25,56.3,3222075,445950
12-05-2025 11:25,24838,841275,312150,12-05-2025 11:25,510.1,271275,44775,12-05-2025 11:25,55.6,3228150,453975
12-05-2025 11:26,24843,841050,316725,12-05-2025 11:26,506.65,272400,42600,12-05-2025 11:26,54.85,3225375,456000
12-05-2025 11:26,24840,837525,318975,12-05-2025 11:26,505.35,277350,44850,12-05-2025 11:26,54.95,3233475,457200
12-05-2025 11:26,24845,837600,317775,12-05-2025 11:26,508.25,272100,42975,12-05-2025 11:26,54.05,3235050,455025
12-05-2025 11:26,24846,835800,318150,12-05-2025 11:26,510.3,272850,42600,12-05-2025 11:26,53.85,3220875,454575
12-05-2025 11:26,24845,834150,317925,12-05-2025 11:26,513,273450,43050,12-05-2025 11:26,53.8,3216450,449100
12-05-2025 11:26,24849,832350,316425,12-05-2025 11:26,508,278400,42225,12-05-2025 11:26,53.05,3161400,455325
12-05-2025 11:27,24841.5,829275,319725,12-05-2025 11:27,505.25,272625,41925,12-05-2025 11:27,53.3,3167550,460050
12-05-2025 11:27,24841,825900,320325,12-05-2025 11:27,504.6,276750,43275,12-05-2025 11:27,53.35,3170550,482625
12-05-2025 11:27,24839,826725,324675,12-05-2025 11:27,504.4,278250,44025,12-05-2025 11:27,53.35,3180225,492450
12-05-2025 11:27,24838.5,827025,324000,12-05-2025 11:27,501.95,281025,42825,12-05-2025 11:27,53.45,3181800,509025
12-05-2025 11:27,24838.8,829800,322275,12-05-2025 11:27,506.55,274650,42450,12-05-2025 11:27,53.2,3181050,513375
12-05-2025 11:27,24840,829200,323475,12-05-2025 11:27,508.55,275100,42525,12-05-2025 11:27,53.1,3179100,514800
12-05-2025 11:28,24839.3,826425,324225,12-05-2025 11:28,504.8,274275,43875,12-05-2025 11:28,53.4,3177900,518850
12-05-2025 11:28,24840.2,826350,325200,12-05-2025 11:28,504.6,275100,45450,12-05-2025 11:28,53,3172200,518025
12-05-2025 11:28,24843,826275,325800,12-05-2025 11:28,506.25,274575,50100,12-05-2025 11:28,52.9,3172125,522525
12-05-2025 11:28,24839,828000,328875,12-05-2025 11:28,502,281250,47850,12-05-2025 11:28,53.35,3178950,522450
12-05-2025 11:28,24835,816675,336975,12-05-2025 11:28,498.3,273450,46350,12-05-2025 11:28,53.3,3179100,515325
12-05-2025 11:28,24832,827325,337275,12-05-2025 11:28,499.8,276225,44775,12-05-2025 11:28,53.35,3191475,518325
12-05-2025 11:29,24835.2,826275,336675,12-05-2025 11:29,502.8,277800,45750,12-05-2025 11:29,53,3192525,520125
12-05-2025 11:29,24835.6,824925,335925,12-05-2025 11:29,503,268500,47175,12-05-2025 11:29,53.15,3189225,525300
12-05-2025 11:29,24838,826875,337650,12-05-2025 11:29,500,270075,50850,12-05-2025 11:29,53.2,3191775,519000
12-05-2025 11:29,24838.2,825150,346200,12-05-2025 11:29,499,268650,49875,12-05-2025 11:29,53.45,3197025,522600
12-05-2025 11:29,24835,825000,346275,12-05-2025 11:29,498.35,273150,49650,12-05-2025 11:29,53.35,3198225,521325
12-05-2025 11:29,24835,826800,345000,12-05-2025 11:29,499.95,270225,48150,12-05-2025 11:29,53.55,3198225,522675
12-05-2025 11:30,24832.1,823425,344700,12-05-2025 11:30,496.95,269850,48675,12-05-2025 11:30,53.15,3193425,525000
12-05-2025 11:30,24835,827175,344700,12-05-2025 11:30,498.35,273750,48825,12-05-2025 11:30,53.6,3145275,528825
12-05-2025 11:30,24831.3,826575,345450,12-05-2025 11:30,498.8,271500,49950,12-05-2025 11:30,53.5,3148125,521625
12-05-2025 11:30,24834.1,826350,344700,12-05-2025 11:30,501,272625,48825,12-05-2025 11:30,53.6,3150150,524475
12-05-2025 11:30,24840,826350,343425,12-05-2025 11:30,504.2,271800,49200,12-05-2025 11:30,54.2,3150750,527175
12-05-2025 11:30,24837,828450,342075,12-05-2025 11:30,504.2,270225,50175,12-05-2025 11:30,53.95,3144750,511275
12-05-2025 11:31,24837,828600,342450,12-05-2025 11:31,502.85,270450,47625,12-05-2025 11:31,54.05,3159600,513000
12-05-2025 11:31,24836.1,830625,342525,12-05-2025 11:31,504.9,272850,48225,12-05-2025 11:31,54.55,3157275,511575
12-05-2025 11:31,24840,832050,340725,12-05-2025 11:31,503.25,272775,47550,12-05-2025 11:31,54.55,3152925,511275
12-05-2025 11:31,24840,834225,338550,12-05-2025 11:31,508,277200,48000,12-05-2025 11:31,54.75,3153750,511875
12-05-2025 11:31,24846.1,832500,332175,12-05-2025 11:31,508.75,278400,47625,12-05-2025 11:31,54,3155025,512025
12-05-2025 11:31,24844.9,828525,331050,12-05-2025 11:31,508.4,276225,49050,12-05-2025 11:31,54.05,3149550,517275
12-05-2025 11:32,24847,825900,331500,12-05-2025 11:32,509.95,274425,46350,12-05-2025 11:32,53.95,3143700,518850
12-05-2025 11:32,24844.8,826575,332775,12-05-2025 11:32,511.95,273975,45375,12-05-2025 11:32,53.45,3141600,521400
12-05-2025 11:32,24845.9,830625,332625,12-05-2025 11:32,506.55,273750,50325,12-05-2025 11:32,54.05,3140175,521175
12-05-2025 11:32,24842.6,817425,332925,12-05-2025 11:32,505.15,275925,55275,12-05-2025 11:32,53.75,3145875,522450
12-05-2025 11:32,24843.6,827850,331425,12-05-2025 11:32,507.45,275325,49350,12-05-2025 11:32,53.75,3143850,524400
12-05-2025 11:32,24840.8,819000,335175,12-05-2025 11:32,504.35,273600,46950,12-05-2025 11:32,53.9,3150375,525825
12-05-2025 11:33,24839.1,823800,335100,12-05-2025 11:33,503.3,273225,47325,12-05-2025 11:33,54.3,3153675,519525
12-05-2025 11:33,24836,820200,337800,12-05-2025 11:33,502.2,279375,51450,12-05-2025 11:33,55.2,3154950,511425
12-05-2025 11:33,24835,822450,333750,12-05-2025 11:33,502.5,275475,48300,12-05-2025 11:33,54.9,3155400,509400
12-05-2025 11:33,24837.1,821550,333525,12-05-2025 11:33,504,276000,47400,12-05-2025 11:33,55.2,3165675,509100
12-05-2025 11:33,24835.6,825600,334200,12-05-2025 11:33,504,280050,47925,12-05-2025 11:33,54.95,3167175,519825
12-05-2025 11:33,24836.4,824475,334425,12-05-2025 11:33,502.9,281925,47925,12-05-2025 11:33,55.2,3167100,520950
12-05-2025 11:34,24842.6,826425,331875,12-05-2025 11:34,508.6,282975,47700,12-05-2025 11:34,54.7,3160800,522150
12-05-2025 11:34,24844,827775,332625,12-05-2025 11:34,508.6,279150,45075,12-05-2025 11:34,54.9,3164250,518400
12-05-2025 11:34,24837,820500,334875,12-05-2025 11:34,503.95,277350,46425,12-05-2025 11:34,55.35,3170625,519375
12-05-2025 11:34,24836.8,823050,337800,12-05-2025 11:34,504,277725,46050,12-05-2025 11:34,55.3,3166800,512025
12-05-2025 11:34,24835,822000,336000,12-05-2025 11:34,504.05,278025,46050,12-05-2025 11:34,55.4,3180150,511425
12-05-2025 11:34,24837,822750,337725,12-05-2025 11:34,505,277875,46500,12-05-2025 11:34,55.5,3180600,512475
12-05-2025 11:35,24836.7,823500,336600,12-05-2025 11:35,505.6,279450,45900,12-05-2025 11:35,55.5,3178500,513225
12-05-2025 11:35,24836.2,819900,341100,12-05-2025 11:35,505.6,278775,46050,12-05-2025 11:35,55.6,3170025,513525
12-05-2025 11:35,24835,820425,342900,12-05-2025 11:35,504.4,277500,47550,12-05-2025 11:35,55.4,3177000,513150
12-05-2025 11:35,24835.1,822075,343050,12-05-2025 11:35,505.5,277050,46200,12-05-2025 11:35,55.3,3180975,517425
12-05-2025 11:35,24836.1,820350,343950,12-05-2025 11:35,502.3,277875,47850,12-05-2025 11:35,55.45,3180675,512700
12-05-2025 11:35,24832.9,820200,344475,12-05-2025 11:35,0,0,0,12-05-2025 11:35,55.7,3176475,514500
12-05-2025 11:36,24832.9,819300,344625,12-05-2025 11:36,502.95,282075,44100,12-05-2025 11:36,55.6,3179475,516600
12-05-2025 11:36,24834,820575,344325,12-05-2025 11:36,505,280575,44550,12-05-2025 11:36,55.7,3185925,518775
12-05-2025 11:36,24835,819525,343125,12-05-2025 11:36,505.2,278625,44550,12-05-2025 11:36,55.75,3186450,522900
12-05-2025 11:36,24834,818700,343950,12-05-2025 11:36,502.4,278475,44925,12-05-2025 11:36,57.1,3187125,516150
12-05-2025 11:36,24832,815625,343875,12-05-2025 11:36,504.1,277350,44925,12-05-2025 11:36,57.35,3183300,483000
12-05-2025 11:36,24834.9,825075,342375,12-05-2025 11:36,508.25,277050,44775,12-05-2025 11:36,56.6,3179850,484200
12-05-2025 11:37,24837,820200,341100,12-05-2025 11:37,507.1,278025,44175,12-05-2025 11:37,57,3176700,484200
12-05-2025 11:37,24839,818775,342225,12-05-2025 11:37,505.6,280125,45225,12-05-2025 11:37,57.2,3185550,483750
12-05-2025 11:37,24835,817575,338250,12-05-2025 11:37,505,277125,46350,12-05-2025 11:37,57.1,3189075,486450
12-05-2025 11:37,24831.8,820275,340875,12-05-2025 11:37,505.65,277125,43725,12-05-2025 11:37,57.2,3184350,484425
12-05-2025 11:37,24831.4,819600,339900,12-05-2025 11:37,500.1,279150,44175,12-05-2025 11:37,57.2,3180525,487050
12-05-2025 11:37,24835,822075,343200,12-05-2025 11:37,0,0,0,12-05-2025 11:37,57.05,3180600,490125
12-05-2025 11:38,24830.1,815175,346350,12-05-2025 11:38,499.9,277125,45450,12-05-2025 11:38,57.45,3179325,481500
12-05-2025 11:38,24825.7,814575,348600,12-05-2025 11:38,497.55,273225,46575,12-05-2025 11:38,57.4,3175200,472125
12-05-2025 11:38,24826,818700,349725,12-05-2025 11:38,497.5,272025,45825,12-05-2025 11:38,57.5,3172275,472125
12-05-2025 11:38,24826,818700,349950,12-05-2025 11:38,497.65,273225,44625,12-05-2025 11:38,57.65,3177150,474675
12-05-2025 11:38,24824.4,818475,351750,12-05-2025 11:38,494.65,271200,45225,12-05-2025 11:38,57.75,3183225,476175
12-05-2025 11:38,24825.2,815025,351225,12-05-2025 11:38,493.9,268725,46275,12-05-2025 11:38,57.75,3180600,472500
12-05-2025 11:39,24825,812025,351150,12-05-2025 11:39,492.5,270375,45450,12-05-2025 11:39,58.95,3181950,458025
12-05-2025 11:39,24823,811800,351675,12-05-2025 11:39,490.55,272250,46350,12-05-2025 11:39,59.15,3181650,456600
12-05-2025 11:39,24823.2,815550,350175,12-05-2025 11:39,489,270750,48525,12-05-2025 11:39,58.8,3181050,461550
12-05-2025 11:39,24819,813375,350775,12-05-2025 11:39,489.55,269475,46575,12-05-2025 11:39,59.25,3182850,459450
12-05-2025 11:39,24819,810825,351675,12-05-2025 11:39,487.9,270975,46650,12-05-2025 11:39,59.2,3189075,459900
12-05-2025 11:39,24825,821550,346500,12-05-2025 11:39,497.3,271575,46350,12-05-2025 11:39,58.35,3161850,462600
12-05-2025 11:40,24830,823875,348975,12-05-2025 11:40,500.85,272400,47775,12-05-2025 11:40,58,3162750,459375
12-05-2025 11:40,24830.1,818775,351825,12-05-2025 11:40,500,274275,46275,12-05-2025 11:40,58.2,3153975,459075
12-05-2025 11:40,24827.5,820500,353700,12-05-2025 11:40,500.7,270900,46800,12-05-2025 11:40,58,3148350,462900
12-05-2025 11:40,24831.9,819000,353475,12-05-2025 11:40,499.1,270525,47850,12-05-2025 11:40,57.95,3146625,467250
12-05-2025 11:40,24831.8,817575,353550,12-05-2025 11:40,495,273825,47025,12-05-2025 11:40,57.75,3143775,470400
12-05-2025 11:40,24827.1,817725,358500,12-05-2025 11:40,0,0,0,12-05-2025 11:40,58.35,3144600,469350
12-05-2025 11:41,24820,825000,358200,12-05-2025 11:41,492.25,271125,47850,12-05-2025 11:41,59.15,3144525,462300
12-05-2025 11:41,24825,824850,356250,12-05-2025 11:41,496.15,274200,48600,12-05-2025 11:41,58.3,3137550,466425
12-05-2025 11:41,24820,821100,357525,12-05-2025 11:41,493.3,270525,49875,12-05-2025 11:41,58.9,3149400,467775
12-05-2025 11:41,24819.1,823425,358050,12-05-2025 11:41,493.75,273675,47850,12-05-2025 11:41,58.9,3142650,467550
12-05-2025 11:41,24821,821625,358350,12-05-2025 11:41,492.75,272850,47925,12-05-2025 11:41,58.3,3140100,471825
12-05-2025 11:41,24818.2,819150,360375,12-05-2025 11:41,490.75,273375,47400,12-05-2025 11:41,58.65,3138825,477600
12-05-2025 11:42,24822.5,820050,361725,12-05-2025 11:42,489.9,271500,47700,12-05-2025 11:42,58.6,3141225,470700
12-05-2025 11:42,24816.6,824475,361350,12-05-2025 11:42,489.3,270150,50025,12-05-2025 11:42,58.35,3141525,479325
12-05-2025 11:42,24815.5,823800,361275,12-05-2025 11:42,488.6,267600,49650,12-05-2025 11:42,58.25,3136425,478725
12-05-2025 11:42,24814.7,821850,360750,12-05-2025 11:42,485.3,266700,50025,12-05-2025 11:42,58.05,3132525,484125
12-05-2025 11:42,24818.4,827700,359475,12-05-2025 11:42,487.65,267150,50175,12-05-2025 11:42,57.1,3138600,489975
12-05-2025 11:42,24813.9,826425,361575,12-05-2025 11:42,490.1,268125,49425,12-05-2025 11:42,57.3,3135300,491850
12-05-2025 11:43,24819.7,831525,359250,12-05-2025 11:43,492.2,267900,48525,12-05-2025 11:43,56.55,3137250,493125
12-05-2025 11:43,24821.1,828675,358275,12-05-2025 11:43,492.4,268575,49200,12-05-2025 11:43,56.8,3137925,490425
12-05-2025 11:43,24824.9,833025,358875,12-05-2025 11:43,493.65,269175,49200,12-05-2025 11:43,56.5,3139200,492450
12-05-2025 11:43,24825,824775,360150,12-05-2025 11:43,494,268275,48825,12-05-2025 11:43,56.6,3147900,486675
12-05-2025 11:43,24820.4,829200,357525,12-05-2025 11:43,495,269100,50175,12-05-2025 11:43,56.75,3164550,489075
12-05-2025 11:43,24825.5,832425,359400,12-05-2025 11:43,0,0,0,12-05-2025 11:43,56.75,3167325,491100
12-05-2025 11:44,24827.4,826800,356700,12-05-2025 11:44,499.75,273975,46725,12-05-2025 11:44,55.95,3159150,495075
12-05-2025 11:44,24830.1,825075,356925,12-05-2025 11:44,499,271575,48675,12-05-2025 11:44,56.15,3159975,492600
12-05-2025 11:44,24827.3,825825,361125,12-05-2025 11:44,500.8,274800,46950,12-05-2025 11:44,56.25,3162825,492075
12-05-2025 11:44,24829.9,823725,359475,12-05-2025 11:44,499,272325,50925,12-05-2025 11:44,56.3,3168900,495225
12-05-2025 11:44,24826.3,824475,357825,12-05-2025 11:44,498.85,271950,54150,12-05-2025 11:44,56.2,3171150,489150
12-05-2025 11:44,24829,825300,357150,12-05-2025 11:44,499.1,271125,47475,12-05-2025 11:44,56.05,3174150,494175
12-05-2025 11:45,24828.6,825000,357750,12-05-2025 11:45,500,271275,47325,12-05-2025 11:45,56,3173475,495375
12-05-2025 11:45,24825,827550,364125,12-05-2025 11:45,494.35,276225,50700,12-05-2025 11:45,56.85,3179625,489975
12-05-2025 11:45,24827.2,820875,364350,12-05-2025 11:45,493.5,273450,49800,12-05-2025 11:45,56.75,3178950,483600
12-05-2025 11:45,24820.9,822825,363300,12-05-2025 11:45,492.9,272850,49125,12-05-2025 11:45,56.85,3165375,486375
12-05-2025 11:45,24825,825900,362700,12-05-2025 11:45,495.55,274650,50250,12-05-2025 11:45,56.55,3169500,487500
12-05-2025 11:45,24829,822825,362550,12-05-2025 11:45,495.85,273525,46950,12-05-2025 11:45,56.9,3171300,483075
12-05-2025 11:46,24824.6,825450,363075,12-05-2025 11:46,497.35,270975,48900,12-05-2025 11:46,56.45,3179625,487050
12-05-2025 11:46,24825,826200,364875,12-05-2025 11:46,0,0,0,12-05-2025 11:46,56.8,3170175,485400
12-05-2025 11:46,24829.3,821925,365175,12-05-2025 11:46,496.55,271425,47025,12-05-2025 11:46,56.85,3163725,488325
12-05-2025 11:46,24818,823050,364950,12-05-2025 11:46,489.1,270150,49575,12-05-2025 11:46,57.4,3167025,485175
12-05-2025 11:46,24815.4,824025,365250,12-05-2025 11:46,487.2,271425,54825,12-05-2025 11:46,57.65,3169425,486825
12-05-2025 11:46,24815.1,823125,363150,12-05-2025 11:46,486.5,268800,49725,12-05-2025 11:46,57.9,3173025,479850
12-05-2025 11:47,24815,822225,363975,12-05-2025 11:47,486.5,267975,52800,12-05-2025 11:47,58.15,3169425,481950
12-05-2025 11:47,24815,822075,365550,12-05-2025 11:47,483.85,270375,52050,12-05-2025 11:47,58.6,3175350,481425
12-05-2025 11:47,24810,821175,366450,12-05-2025 11:47,483.6,268200,52050,12-05-2025 11:47,59.2,3178200,470100
12-05-2025 11:47,24811,828825,367050,12-05-2025 11:47,487,270225,51150,12-05-2025 11:47,58.3,3171150,463350
12-05-2025 11:47,24811.8,826425,365550,12-05-2025 11:47,487,270675,49725,12-05-2025 11:47,58.4,3166575,464250
12-05-2025 11:47,24815,829800,365925,12-05-2025 11:47,485.3,269025,51600,12-05-2025 11:47,58.05,3163125,468225
12-05-2025 11:48,24812.1,825975,365400,12-05-2025 11:48,486.5,268350,49575,12-05-2025 11:48,58.2,3159900,469050
12-05-2025 11:48,24821.2,831300,367500,12-05-2025 11:48,489,268500,49500,12-05-2025 11:48,57.5,3158400,473625
12-05-2025 11:48,24819,828975,366825,12-05-2025 11:48,488.2,270525,53775,12-05-2025 11:48,58.1,3155400,472875
12-05-2025 11:48,24820,827850,366825,12-05-2025 11:48,488.2,269025,49125,12-05-2025 11:48,57.85,3159900,474675
12-05-2025 11:48,24819,828600,366750,12-05-2025 11:48,488.05,270600,49800,12-05-2025 11:48,57.8,3162075,470325
12-05-2025 11:48,24815.9,833250,366825,12-05-2025 11:48,0,0,0,12-05-2025 11:48,57.85,3166575,469575
12-05-2025 11:49,24815.5,827550,366150,12-05-2025 11:49,488,269775,49575,12-05-2025 11:49,58.2,3164625,469950
12-05-2025 11:49,24815.4,827925,366450,12-05-2025 11:49,487.45,268125,50625,12-05-2025 11:49,57.8,3165825,470025
12-05-2025 11:49,24820,826425,365925,12-05-2025 11:49,489,268275,49950,12-05-2025 11:49,57.75,3174225,475275
12-05-2025 11:49,24819.9,829575,365775,12-05-2025 11:49,490,267975,49650,12-05-2025 11:49,57.45,3170550,480000
12-05-2025 11:49,24815.5,833850,368775,12-05-2025 11:49,489.1,268500,49950,12-05-2025 11:49,57.85,3173100,478425
12-05-2025 11:49,24815.1,832350,367800,12-05-2025 11:49,489.1,268725,51225,12-05-2025 11:49,58.05,3176700,479925
12-05-2025 11:50,24817,824700,369300,12-05-2025 11:50,485,268725,51075,12-05-2025 11:50,58.85,3178350,472650
12-05-2025 11:50,24820.9,827925,368775,12-05-2025 11:50,485.2,267600,51825,12-05-2025 11:50,57.9,3177525,474150
12-05-2025 11:50,24815.1,823200,368625,12-05-2025 11:50,486.3,267450,50625,12-05-2025 11:50,58.2,3174975,472950
12-05-2025 11:50,24817,824925,366975,12-05-2025 11:50,487.6,272775,49875,12-05-2025 11:50,58.05,3172875,480900
12-05-2025 11:50,24814,823650,366600,12-05-2025 11:50,483.8,269850,51600,12-05-2025 11:50,58.35,3180825,476400
12-05-2025 11:50,24812,826425,367875,12-05-2025 11:50,0,0,0,12-05-2025 11:50,58.55,3180000,473550
12-05-2025 11:51,24815,827625,367200,12-05-2025 11:51,483.8,268950,51675,12-05-2025 11:51,58.3,3176475,478425
12-05-2025 11:51,24813.4,825075,368175,12-05-2025 11:51,481.9,268950,53550,12-05-2025 11:51,58.35,3171375,477900
12-05-2025 11:51,24811,826125,367650,12-05-2025 11:51,483,263550,53775,12-05-2025 11:51,58.5,3173025,474600
12-05-2025 11:51,24806,826425,370275,12-05-2025 11:51,481.6,264150,57750,12-05-2025 11:51,58.65,3171150,474000
12-05-2025 11:51,24803.7,827775,367650,12-05-2025 11:51,480,263400,55050,12-05-2025 11:51,59.25,3174600,470775
12-05-2025 11:51,24808.1,835800,368775,12-05-2025 11:51,481.85,267300,53175,12-05-2025 11:51,58.65,3173025,467625
12-05-2025 11:52,24806.4,838425,368250,12-05-2025 11:52,484.4,267975,55950,12-05-2025 11:52,58.8,3179475,467925
12-05-2025 11:52,24814.1,838875,365775,12-05-2025 11:52,488,267825,52650,12-05-2025 11:52,57.8,3178650,470700
12-05-2025 11:52,24813.6,837375,363900,12-05-2025 11:52,491,268425,59400,12-05-2025 11:52,57.35,3161550,473550
12-05-2025 11:52,24815.5,835725,366675,12-05-2025 11:52,489.8,269250,49725,12-05-2025 11:52,57.7,3165600,470625
12-05-2025 11:52,24819.8,834825,365850,12-05-2025 11:52,489.65,267750,49275,12-05-2025 11:52,57.8,3170175,465975
12-05-2025 11:52,24815,834600,366300,12-05-2025 11:52,0,0,0,12-05-2025 11:52,58.3,3172800,469350
12-05-2025 11:53,24817.9,833025,368175,12-05-2025 11:53,487.85,267450,49350,12-05-2025 11:53,58.35,3176925,471750
12-05-2025 11:53,24815,832650,368475,12-05-2025 11:53,489.15,267975,50025,12-05-2025 11:53,58,3177375,474150
12-05-2025 11:53,24817.4,830250,369750,12-05-2025 11:53,487,267300,50550,12-05-2025 11:53,58.35,3177675,471750
12-05-2025 11:53,24816.9,832950,370650,12-05-2025 11:53,0,0,0,12-05-2025 11:53,58.55,3178875,478200
12-05-2025 11:53,24815,832500,368700,12-05-2025 11:53,487.45,267000,50175,12-05-2025 11:53,58.05,3170550,477300
12-05-2025 11:53,24815,830850,372075,12-05-2025 11:53,486.35,267975,51300,12-05-2025 11:53,58.5,3171450,477675
12-05-2025 11:54,24815,830925,374475,12-05-2025 11:54,0,0,0,12-05-2025 11:54,58.65,3178125,471600
12-05-2025 11:54,24810,833025,373950,12-05-2025 11:54,0,0,0,12-05-2025 11:54,58.8,3175875,469275
12-05-2025 11:54,24810,834075,368100,12-05-2025 11:54,0,0,0,12-05-2025 11:54,58.9,3178125,471525
12-05-2025 11:54,24814,832650,369675,12-05-2025 11:54,485.95,267375,49875,12-05-2025 11:54,59,3177375,473475
12-05-2025 11:54,24810,833775,368400,12-05-2025 11:54,486.45,268575,50550,12-05-2025 11:54,58.85,3178875,471000
12-05-2025 11:54,24820,838575,364875,12-05-2025 11:54,495.1,269100,50100,12-05-2025 11:54,57.45,3166725,471600
12-05-2025 11:55,24820,836400,365850,12-05-2025 11:55,494.65,268725,48750,12-05-2025 11:55,57.4,3154575,483675
12-05-2025 11:55,24822,833925,365700,12-05-2025 11:55,496.35,266175,49650,12-05-2025 11:55,57.65,3165225,481875
12-05-2025 11:55,24820.2,836400,365475,12-05-2025 11:55,495.3,267075,56475,12-05-2025 11:55,57.25,3165675,487800
12-05-2025 11:55,24820,836325,364650,12-05-2025 11:55,495,267450,53025,12-05-2025 11:55,57.2,3162225,488850
12-05-2025 11:55,24820,837075,369000,12-05-2025 11:55,488.5,275250,58575,12-05-2025 11:55,57.5,3170025,484425
12-05-2025 11:55,24820,833250,368625,12-05-2025 11:55,488.85,271575,54375,12-05-2025 11:55,57.95,3164025,484575
12-05-2025 11:56,24815,833925,373275,12-05-2025 11:56,488,268800,54150,12-05-2025 11:56,57.95,3169650,484350
12-05-2025 11:56,24815,832875,370500,12-05-2025 11:56,486.6,270600,52050,12-05-2025 11:56,58.15,3170625,484275
12-05-2025 11:56,24811.2,830700,370800,12-05-2025 11:56,486.05,269400,51450,12-05-2025 11:56,58.15,3173100,482925
12-05-2025 11:56,24810,832200,370350,12-05-2025 11:56,487.6,271650,56325,12-05-2025 11:56,58.15,3167625,482175
12-05-2025 11:56,24810.1,830250,370575,12-05-2025 11:56,485.85,266700,51825,12-05-2025 11:56,58.65,3170775,481275
12-05-2025 11:56,24810.1,829650,369750,12-05-2025 11:56,485.85,266925,54000,12-05-2025 11:56,58.55,3169350,482925
12-05-2025 11:57,24810,831225,369900,12-05-2025 11:57,485.3,272325,56625,12-05-2025 11:57,58.4,3163275,487350
12-05-2025 11:57,24812,832200,370500,12-05-2025 11:57,0,0,0,12-05-2025 11:57,58.45,3162450,489900
12-05-2025 11:57,24808,832575,370200,12-05-2025 11:57,484.55,267525,54750,12-05-2025 11:57,58.35,3162825,489225
12-05-2025 11:57,24808.1,831525,369000,12-05-2025 11:57,483.15,267675,52800,12-05-2025 11:57,59,3167325,484725
12-05-2025 11:57,24808,834075,370050,12-05-2025 11:57,484.05,267450,56775,12-05-2025 11:57,58.7,3167400,479775
12-05-2025 11:57,24805,830250,372600,12-05-2025 11:57,482.8,267225,52650,12-05-2025 11:57,58.85,3175050,486150
12-05-2025 11:58,24809.2,838725,370425,12-05-2025 11:58,485,267300,52425,12-05-2025 11:58,58.3,3172950,489825
12-05-2025 11:58,24808.3,831600,370650,12-05-2025 11:58,0,0,0,12-05-2025 11:58,58.25,3165225,483225
12-05-2025 11:58,24815,842775,370800,12-05-2025 11:58,485,267450,50700,12-05-2025 11:58,58.3,3161475,482325
12-05-2025 11:58,24815,844350,369675,12-05-2025 11:58,486.4,266850,51225,12-05-2025 11:58,57.75,3157275,485550
12-05-2025 11:58,24810.8,842250,369525,12-05-2025 11:58,488,266850,51750,12-05-2025 11:58,58.2,3154350,483675
12-05-2025 11:58,24815,839400,370875,12-05-2025 11:58,486.25,267075,51450,12-05-2025 11:58,58.2,3167025,484650
12-05-2025 11:59,24815.3,838725,370800,12-05-2025 11:59,481.6,268725,53175,12-05-2025 11:59,58.5,3169050,490500
12-05-2025 11:59,24813.2,834225,374025,12-05-2025 11:59,481.6,268875,52950,12-05-2025 11:59,58.45,3166950,489450
12-05-2025 11:59,24812.7,834225,372600,12-05-2025 11:59,0,0,0,12-05-2025 11:59,58.45,3168600,485025
12-05-2025 11:59,24808,835500,373650,12-05-2025 11:59,480,266025,50925,12-05-2025 11:59,58.9,3164775,491325
12-05-2025 11:59,24809.7,833850,376125,12-05-2025 11:59,481.75,265200,57375,12-05-2025 11:59,59.15,3178350,476775
12-05-2025 11:59,24806.1,834600,372750,12-05-2025 11:59,482.45,265575,54600,12-05-2025 11:59,58.55,3169950,481575
12-05-2025 12:00,24809.2,839100,371175,12-05-2025 12:00,485,270900,54750,12-05-2025 12:00,58,3167775,485925
12-05-2025 12:00,24806.5,836700,373350,12-05-2025 12:00,484.6,267900,59925,12-05-2025 12:00,58.35,3161175,483600
12-05-2025 12:00,24806.5,832875,374550,12-05-2025 12:00,480.6,267825,58125,12-05-2025 12:00,58.5,3165000,484425
12-05-2025 12:00,0,0,0,12-05-2025 12:00,480.85,267450,61875,12-05-2025 12:00,58.8,3170550,485625
12-05-2025 12:00,24807.4,831975,373425,12-05-2025 12:00,480.85,267900,59250,12-05-2025 12:00,58.5,3165150,484650
12-05-2025 12:00,24809.9,834225,373200,12-05-2025 12:00,485,268125,60075,12-05-2025 12:00,57.9,3166725,487125
12-05-2025 12:01,24811.4,837750,377700,12-05-2025 12:01,487.05,267150,59100,12-05-2025 12:01,57.65,3153000,487650
12-05-2025 12:01,24811.4,835650,370725,12-05-2025 12:01,483.1,269925,58950,12-05-2025 12:01,57.75,3156525,487425
12-05-2025 12:01,24815.9,836100,372150,12-05-2025 12:01,0,0,0,12-05-2025 12:01,57.8,3156975,487725
12-05-2025 12:01,24809.7,837600,371550,12-05-2025 12:01,0,0,0,12-05-2025 12:01,57.7,3154575,483300
12-05-2025 12:01,24809.7,836550,372675,12-05-2025 12:01,0,0,0,12-05-2025 12:01,57.85,3130875,459525
12-05-2025 12:01,24810,831300,371475,12-05-2025 12:01,481.9,263550,60375,12-05-2025 12:01,58.55,3137475,452175
12-05-2025 12:02,24810,831525,372750,12-05-2025 12:02,480.2,269475,59400,12-05-2025 12:02,58.9,3143700,453000
12-05-2025 12:02,24810,833100,372900,12-05-2025 12:02,480.75,270075,59400,12-05-2025 12:02,58.6,3141525,462150
12-05-2025 12:02,24809.3,832500,375450,12-05-2025 12:02,0,0,0,12-05-2025 12:02,58.8,3148800,460725
12-05-2025 12:02,24805,833850,374700,12-05-2025 12:02,0,0,0,12-05-2025 12:02,58.2,3146925,458175
12-05-2025 12:02,24809,834375,379425,12-05-2025 12:02,479.55,264375,58425,12-05-2025 12:02,57.95,3142725,458775
12-05-2025 12:02,24805,835125,379650,12-05-2025 12:02,477,263550,59325,12-05-2025 12:02,58.2,3142725,458550
12-05-2025 12:03,24803,833250,381525,12-05-2025 12:03,478.4,268350,58650,12-05-2025 12:03,58.45,3143250,449250
12-05-2025 12:03,24802.2,833100,378000,12-05-2025 12:03,480,263175,57525,12-05-2025 12:03,57.8,3143400,456375
12-05-2025 12:03,24806.8,838500,376050,12-05-2025 12:03,482,263700,58800,12-05-2025 12:03,57.85,3139800,456075
12-05-2025 12:03,24811.3,837825,374250,12-05-2025 12:03,487,266475,57675,12-05-2025 12:03,56.8,3139950,459825
12-05-2025 12:03,24812,835800,375375,12-05-2025 12:03,488.75,267975,57900,12-05-2025 12:03,57.3,3167250,485775
12-05-2025 12:03,24816.3,836550,375300,12-05-2025 12:03,490.8,268050,55950,12-05-2025 12:03,55.6,3175650,491175
12-05-2025 12:04,24816.3,835275,374250,12-05-2025 12:04,489,267825,55575,12-05-2025 12:04,55.8,3170250,484425
12-05-2025 12:04,24819.2,832950,376800,12-05-2025 12:04,488.05,268650,57525,12-05-2025 12:04,55.5,3172725,485700
12-05-2025 12:04,24820,833250,378375,12-05-2025 12:04,489.25,269025,54450,12-05-2025 12:04,54.8,3143025,487650
12-05-2025 12:04,24817.3,832725,377925,12-05-2025 12:04,482.45,268425,55425,12-05-2025 12:04,55.75,3136950,489375
12-05-2025 12:04,24811.7,829425,378750,12-05-2025 12:04,480,268425,55650,12-05-2025 12:04,56.35,3149175,480825
12-05-2025 12:04,24810,831750,379200,12-05-2025 12:04,481.4,266100,55050,12-05-2025 12:04,56.1,3153000,487350
12-05-2025 12:05,24815,833100,381150,12-05-2025 12:05,480.75,267000,56925,12-05-2025 12:05,55.75,3141975,490200
12-05-2025 12:05,24810,828975,379500,12-05-2025 12:05,481.15,266400,56850,12-05-2025 12:05,55.7,3143025,492900
12-05-2025 12:05,24812,831225,381000,12-05-2025 12:05,481.55,270075,57375,12-05-2025 12:05,55.4,3144000,496425
12-05-2025 12:05,24812.5,832500,379500,12-05-2025 12:05,484.2,268500,56025,12-05-2025 12:05,54.55,3145275,498750
12-05-2025 12:05,24814.5,834525,378675,12-05-2025 12:05,489,268275,56400,12-05-2025 12:05,54.25,3138450,499275
12-05-2025 12:05,24815.1,832125,384000,12-05-2025 12:05,487.65,268350,55275,12-05-2025 12:05,54.55,3137250,495150
12-05-2025 12:06,24815.1,832725,382050,12-05-2025 12:06,485.1,267225,57150,12-05-2025 12:06,54.65,3138000,485025
12-05-2025 12:06,24818.9,833550,381000,12-05-2025 12:06,0,0,0,12-05-2025 12:06,54.8,3130950,477300
12-05-2025 12:06,24817,833700,382650,12-05-2025 12:06,483,268500,56625,12-05-2025 12:06,54.95,3132300,482325
12-05-2025 12:06,24812,832500,383100,12-05-2025 12:06,484.25,266400,60750,12-05-2025 12:06,55.5,3138000,479925
12-05-2025 12:06,24813,833025,379950,12-05-2025 12:06,484.6,266850,57825,12-05-2025 12:06,55.5,3142200,480750
12-05-2025 12:06,24815,832800,378825,12-05-2025 12:06,0,0,0,12-05-2025 12:06,55.55,3142950,480675
12-05-2025 12:07,24811.2,836925,380850,12-05-2025 12:07,484,268350,57075,12-05-2025 12:07,55.5,3142350,485400
12-05-2025 12:07,24810,835875,381375,12-05-2025 12:07,482.5,267600,56925,12-05-2025 12:07,55.7,3143850,487050
12-05-2025 12:07,24813.9,834900,379350,12-05-2025 12:07,483.4,265725,56250,12-05-2025 12:07,55.9,3143025,486675
12-05-2025 12:07,24811.6,836625,380175,12-05-2025 12:07,483.85,265950,57900,12-05-2025 12:07,56.2,3144525,487575
12-05-2025 12:07,24812.6,840450,381375,12-05-2025 12:07,488,266550,57375,12-05-2025 12:07,55.6,3144075,490125
12-05-2025 12:07,24812.6,837750,378675,12-05-2025 12:07,0,0,0,12-05-2025 12:07,55.7,3140250,488325
12-05-2025 12:08,24818.9,837450,379350,12-05-2025 12:08,0,0,0,12-05-2025 12:08,55.5,3139275,487875
12-05-2025 12:08,24819,837375,379275,12-05-2025 12:08,488.4,266025,56325,12-05-2025 12:08,55.4,3146325,488400
12-05-2025 12:08,24816.8,837375,384900,12-05-2025 12:08,487,267225,57450,12-05-2025 12:08,56.85,3144150,488025
12-05-2025 12:08,24814.3,835725,382275,12-05-2025 12:08,482.85,266025,63000,12-05-2025 12:08,56.85,3147300,483000
12-05-2025 12:08,24813.8,834750,385350,12-05-2025 12:08,0,0,0,12-05-2025 12:08,56.75,3147225,496425
12-05-2025 12:08,24813.8,835425,382650,12-05-2025 12:08,482.85,269025,57975,12-05-2025 12:08,56.5,3147300,488100
12-05-2025 12:09,24812.1,835800,385125,12-05-2025 12:09,481.6,267075,58875,12-05-2025 12:09,56.75,3146400,491475
12-05-2025 12:09,24812.2,836850,389100,12-05-2025 12:09,478.05,270000,59700,12-05-2025 12:09,56.25,3142725,505350
12-05-2025 12:09,24812.3,835575,391125,12-05-2025 12:09,0,0,0,12-05-2025 12:09,56.3,3143625,505125
12-05-2025 12:09,24808,832350,391275,12-05-2025 12:09,478.55,265800,57975,12-05-2025 12:09,56.75,3143100,502725
12-05-2025 12:09,24808,833175,392325,12-05-2025 12:09,477,266175,60000,12-05-2025 12:09,56.9,3145050,509925
12-05-2025 12:09,24807.8,833925,391575,12-05-2025 12:09,476.75,266625,58875,12-05-2025 12:09,57.4,3148575,498975
12-05-2025 12:10,24807.7,832875,392325,12-05-2025 12:10,0,0,0,12-05-2025 12:10,56.9,3150900,498525
12-05-2025 12:10,24807,831825,392025,12-05-2025 12:10,477.2,267225,60450,12-05-2025 12:10,57.4,3153825,493050
12-05-2025 12:10,24805,829875,393075,12-05-2025 12:10,477.2,266325,58125,12-05-2025 12:10,57.8,3153825,499725
12-05-2025 12:10,24800,824550,395175,12-05-2025 12:10,474.25,264975,59625,12-05-2025 12:10,58,3156975,496275
12-05-2025 12:10,24804,828975,390900,12-05-2025 12:10,477.95,266325,62250,12-05-2025 12:10,57.6,3157875,494100
12-05-2025 12:10,24800.1,828900,391275,12-05-2025 12:10,0,0,0,12-05-2025 12:10,57.75,3163050,499725
12-05-2025 12:11,24807.9,831900,390750,12-05-2025 12:11,478.75,265875,57225,12-05-2025 12:11,57.15,3162225,504750
12-05-2025 12:11,24804.1,831000,391575,12-05-2025 12:11,478.75,265425,58575,12-05-2025 12:11,57.35,3154050,506100
12-05-2025 12:11,24804.1,830775,389250,12-05-2025 12:11,477,265950,58500,12-05-2025 12:11,57.4,3157500,496800
12-05-2025 12:11,24807.6,835800,386850,12-05-2025 12:11,482.45,266550,57975,12-05-2025 12:11,56.5,3155100,504450
12-05-2025 12:11,24812.8,835500,388350,12-05-2025 12:11,482,267825,57900,12-05-2025 12:11,56.5,3151575,507900
12-05-2025 12:11,24806.4,832950,391725,12-05-2025 12:11,482.6,268950,58575,12-05-2025 12:11,56.8,3158625,506475
12-05-2025 12:12,24809.9,834375,390150,12-05-2025 12:12,482,267825,62025,12-05-2025 12:12,57.2,3158475,503700
12-05-2025 12:12,24806.4,834750,389700,12-05-2025 12:12,0,0,0,12-05-2025 12:12,57.2,3160650,504450
12-05-2025 12:12,24806.7,838125,389625,12-05-2025 12:12,483,269325,58275,12-05-2025 12:12,57.1,3157725,510750
12-05-2025 12:12,24814,837075,386700,12-05-2025 12:12,485,269325,58275,12-05-2025 12:12,56.75,3157800,512775
12-05-2025 12:12,24814.3,836250,392025,12-05-2025 12:12,482.85,267375,58050,12-05-2025 12:12,56.7,3159225,513300
12-05-2025 12:12,24814.1,837300,393000,12-05-2025 12:12,0,0,0,12-05-2025 12:12,56.9,3161325,507450
12-05-2025 12:13,24811.2,834900,394650,12-05-2025 12:13,480,266025,59850,12-05-2025 12:13,57.35,3163575,504825
12-05-2025 12:13,24810.5,834375,394875,12-05-2025 12:13,478,266325,59025,12-05-2025 12:13,57.5,3161175,503625
12-05-2025 12:13,24808.7,833925,395400,12-05-2025 12:13,476.85,271275,58725,12-05-2025 12:13,58,3162675,501900
12-05-2025 12:13,24804.9,833775,395250,12-05-2025 12:13,478.1,267225,59325,12-05-2025 12:13,57.75,3166800,498750
12-05-2025 12:13,24807,833850,395250,12-05-2025 12:13,479.05,268125,58350,12-05-2025 12:13,57.75,3155775,501000
12-05-2025 12:13,24809.7,834375,394125,12-05-2025 12:13,478.05,267750,59325,12-05-2025 12:13,57.7,3151725,502500
12-05-2025 12:14,24809.1,835050,393675,12-05-2025 12:14,480,270600,57300,12-05-2025 12:14,57.45,3154425,503700
12-05-2025 12:14,24813.7,839325,393000,12-05-2025 12:14,482.15,267075,56475,12-05-2025 12:14,57,3149850,500775
12-05-2025 12:14,24809.3,840825,391875,12-05-2025 12:14,483,269100,56775,12-05-2025 12:14,57,3150600,496425
12-05-2025 12:14,24812,838350,392175,12-05-2025 12:14,483.75,270825,56175,12-05-2025 12:14,56.7,3157875,505500
12-05-2025 12:14,24810,839400,392775,12-05-2025 12:14,0,0,0,12-05-2025 12:14,57.05,3161025,506250
12-05-2025 12:14,24816,838500,391350,12-05-2025 12:14,0,0,0,12-05-2025 12:14,56.95,3158100,502350
12-05-2025 12:15,24816.9,840300,393225,12-05-2025 12:15,484.95,266850,55125,12-05-2025 12:15,56.55,3154800,500325
12-05-2025 12:15,24813.7,840150,391800,12-05-2025 12:15,485.2,267975,55950,12-05-2025 12:15,56.4,3156450,506175
12-05-2025 12:15,24817.8,841650,391650,12-05-2025 12:15,484.7,269025,57975,12-05-2025 12:15,56.4,3152025,505350
12-05-2025 12:15,24816.8,840600,390825,12-05-2025 12:15,484.6,269325,56250,12-05-2025 12:15,56.15,3156750,502800
12-05-2025 12:15,24817.6,841275,393375,12-05-2025 12:15,483.1,268650,55950,12-05-2025 12:15,56.1,3149325,505200
12-05-2025 12:15,24810,838875,400725,12-05-2025 12:15,482.2,270525,57075,12-05-2025 12:15,57.25,3155925,503175
12-05-2025 12:16,24811.4,836850,393975,12-05-2025 12:16,480,267825,58275,12-05-2025 12:16,56.7,3161175,501000
12-05-2025 12:16,24812.5,838575,390225,12-05-2025 12:16,482.55,268800,56850,12-05-2025 12:16,56.5,3166950,503325
12-05-2025 12:16,24812.5,840300,390075,12-05-2025 12:16,482,266850,55275,12-05-2025 12:16,57,3165150,507600
12-05-2025 12:16,24810,838875,390525,12-05-2025 12:16,485,267300,56175,12-05-2025 12:16,56.95,3167775,505050
12-05-2025 12:16,24812.5,840300,388800,12-05-2025 12:16,0,0,0,12-05-2025 12:16,56.7,3170250,505050
12-05-2025 12:16,24815,843150,391500,12-05-2025 12:16,488,266325,55875,12-05-2025 12:16,56.1,3162075,505725
12-05-2025 12:17,24819,841950,388350,12-05-2025 12:17,490,267900,55650,12-05-2025 12:17,56.1,3153300,507225
12-05-2025 12:17,24816.7,842175,386625,12-05-2025 12:17,490,266550,54975,12-05-2025 12:17,56.25,3161175,504525
12-05-2025 12:17,24814.8,840825,390675,12-05-2025 12:17,485,269100,55125,12-05-2025 12:17,57.3,3164025,502950
12-05-2025 12:17,24810.1,840600,391575,12-05-2025 12:17,484,267525,56625,12-05-2025 12:17,57.05,3159750,504075
12-05-2025 12:17,24810.1,838500,391275,12-05-2025 12:17,479.05,267225,56850,12-05-2025 12:17,57.25,3156900,505575
12-05-2025 12:17,24810.1,838875,390225,12-05-2025 12:17,480.55,266475,53925,12-05-2025 12:17,57.2,3160200,503100
12-05-2025 12:18,24810.1,839775,390525,12-05-2025 12:18,480.35,266100,57000,12-05-2025 12:18,57.05,3168075,508275
12-05-2025 12:18,24810.1,840825,389700,12-05-2025 12:18,0,0,0,12-05-2025 12:18,57.05,3168300,504675
12-05-2025 12:18,24809,839775,390600,12-05-2025 12:18,478,265725,57750,12-05-2025 12:18,56.95,3159150,507225
12-05-2025 12:18,24805,839700,391200,12-05-2025 12:18,0,0,0,12-05-2025 12:18,57.15,3174375,507825
12-05-2025 12:18,24808,839250,391200,12-05-2025 12:18,479,270300,57750,12-05-2025 12:18,57.4,3173250,505500
12-05-2025 12:18,24810.1,841050,391875,12-05-2025 12:18,482.7,266325,55725,12-05-2025 12:18,56.95,3157500,502125
12-05-2025 12:19,24809.7,844650,390525,12-05-2025 12:19,485,267375,56850,12-05-2025 12:19,56.95,3159225,505425
12-05-2025 12:19,24808.6,844575,389400,12-05-2025 12:19,0,0,0,12-05-2025 12:19,57,3157200,507000
12-05-2025 12:19,24811.2,846600,390600,12-05-2025 12:19,0,0,0,12-05-2025 12:19,56.8,3154650,501825
12-05-2025 12:19,24814.9,842850,390525,12-05-2025 12:19,483,266250,55350,12-05-2025 12:19,56.9,3152925,505500
12-05-2025 12:19,24814.6,843225,388950,12-05-2025 12:19,480,267900,56400,12-05-2025 12:19,57.15,3162300,495750
12-05-2025 12:19,24808.6,837750,389175,12-05-2025 12:19,477.9,265875,56550,12-05-2025 12:19,57.75,3162600,501825
12-05-2025 12:20,24807.4,840600,393675,12-05-2025 12:20,476.4,266325,56475,12-05-2025 12:20,57.6,3162675,497325
12-05-2025 12:20,24805,836550,392475,12-05-2025 12:20,475.6,264150,56550,12-05-2025 12:20,58.2,3164025,502650
12-05-2025 12:20,24809.4,838050,395175,12-05-2025 12:20,0,0,0,12-05-2025 12:20,57.9,3167400,489225
12-05-2025 12:20,24811.7,839925,392775,12-05-2025 12:20,479.15,265425,55800,12-05-2025 12:20,57.45,3152700,495900
12-05-2025 12:20,24806,842925,394500,12-05-2025 12:20,479.6,267075,56850,12-05-2025 12:20,57.55,3153300,495300
12-05-2025 12:20,24805.3,841125,394500,12-05-2025 12:20,0,0,0,12-05-2025 12:20,57.55,3149850,502725
12-05-2025 12:21,24810,841875,392550,12-05-2025 12:21,480,267075,59250,12-05-2025 12:21,57.75,3152925,497175
12-05-2025 12:21,24814.9,844725,391050,12-05-2025 12:21,485.35,268800,58350,12-05-2025 12:21,57.05,3142275,494850
12-05-2025 12:21,24811.5,843675,387825,12-05-2025 12:21,484.1,268050,55200,12-05-2025 12:21,57.1,3142725,497550
12-05-2025 12:21,24810,844125,389625,12-05-2025 12:21,482.75,269925,55725,12-05-2025 12:21,57.35,3152175,498825
12-05-2025 12:21,24810.2,841500,394425,12-05-2025 12:21,480,267075,57675,12-05-2025 12:21,57.9,3158700,491925
12-05-2025 12:21,24810.4,840075,390150,12-05-2025 12:21,0,0,0,12-05-2025 12:21,57.75,3156300,497400
12-05-2025 12:22,24808.8,842400,393300,12-05-2025 12:22,479.85,267675,56025,12-05-2025 12:22,57.2,3147300,498225
12-05-2025 12:22,24806.4,841500,394875,12-05-2025 12:22,477.95,268050,58350,12-05-2025 12:22,57.5,3155175,498525
12-05-2025 12:22,24805.5,837750,397200,12-05-2025 12:22,475.05,266925,59325,12-05-2025 12:22,58,3157350,498600
12-05-2025 12:22,24804.9,837450,392400,12-05-2025 12:22,476.45,267825,56100,12-05-2025 12:22,57.9,3160350,502200
12-05-2025 12:22,24808.9,837525,397575,12-05-2025 12:22,475,267450,56025,12-05-2025 12:22,58.2,3164850,501300
12-05-2025 12:22,24802,836625,397350,12-05-2025 12:22,474.25,266025,56625,12-05-2025 12:22,58.6,3164175,490950
12-05-2025 12:23,24801.5,837975,392700,12-05-2025 12:23,0,0,0,12-05-2025 12:23,58.6,3165225,484875
12-05-2025 12:23,24805,841650,392475,12-05-2025 12:23,473,265875,56025,12-05-2025 12:23,58.15,3164400,491025
12-05-2025 12:23,24805,841725,388125,12-05-2025 12:23,474.55,267525,56400,12-05-2025 12:23,58.1,3161550,491175
12-05-2025 12:23,24801.8,843525,391725,12-05-2025 12:23,475.9,266250,55725,12-05-2025 12:23,57.95,3153600,496125
12-05-2025 12:23,24799,838200,391725,12-05-2025 12:23,470.2,266175,57750,12-05-2025 12:23,58.85,3160050,490650
12-05-2025 12:23,24796,834450,394275,12-05-2025 12:23,472.9,262650,62775,12-05-2025 12:23,59.5,3165225,480525
12-05-2025 12:24,24796,839100,393900,12-05-2025 12:24,470.75,263400,59100,12-05-2025 12:24,59.2,3159975,453975
12-05-2025 12:24,24796.5,836400,388425,12-05-2025 12:24,0,0,0,12-05-2025 12:24,59.45,3164700,454650
12-05-2025 12:24,24796.5,835350,389100,12-05-2025 12:24,472.7,263625,60525,12-05-2025 12:24,59.55,3163125,456900
12-05-2025 12:24,24796.5,836100,389400,12-05-2025 12:24,470.1,262950,59175,12-05-2025 12:24,59.1,3159825,457125
12-05-2025 12:24,24795,833400,392775,12-05-2025 12:24,467,263325,60450,12-05-2025 12:24,60,3161850,458175
12-05-2025 12:24,24795.9,831825,391650,12-05-2025 12:24,466.6,263100,59250,12-05-2025 12:24,60.85,3161775,443700
12-05-2025 12:25,24790.1,829125,392175,12-05-2025 12:25,468.45,264525,59175,12-05-2025 12:25,61.95,3167550,438750
12-05-2025 12:25,24794,832050,392175,12-05-2025 12:25,467.55,264825,59700,12-05-2025 12:25,61.5,3158175,435900
12-05-2025 12:25,24791,830100,392475,12-05-2025 12:25,465.45,264900,61050,12-05-2025 12:25,61.25,3153000,434850
12-05-2025 12:25,24791,830325,392475,12-05-2025 12:25,463.8,264675,60675,12-05-2025 12:25,60.8,3154500,446400
12-05-2025 12:25,24790,825150,396675,12-05-2025 12:25,463.05,263775,60975,12-05-2025 12:25,61.65,3159750,436725
12-05-2025 12:25,24786.5,828300,403500,12-05-2025 12:25,466.45,263625,60525,12-05-2025 12:25,61.65,3154500,438975
12-05-2025 12:26,24786.9,828900,401025,12-05-2025 12:26,465.4,262800,60525,12-05-2025 12:26,61.8,3151875,443325
12-05-2025 12:26,24795,834975,402975,12-05-2025 12:26,468.9,264000,61875,12-05-2025 12:26,60.65,3149550,446175
12-05-2025 12:26,24790.4,833325,400200,12-05-2025 12:26,469.05,263475,60450,12-05-2025 12:26,60.75,3148200,450525
12-05-2025 12:26,24796,831900,396450,12-05-2025 12:26,464.9,261900,62850,12-05-2025 12:26,61.3,3151125,451125
12-05-2025 12:26,24785.1,831000,395325,12-05-2025 12:26,460.1,265800,75000,12-05-2025 12:26,62.7,3148875,458025
12-05-2025 12:26,24785,830400,395850,12-05-2025 12:26,460.35,267000,73125,12-05-2025 12:26,62.5,3164850,430050
12-05-2025 12:27,24782,819600,392250,12-05-2025 12:27,459.75,259800,68925,12-05-2025 12:27,63.15,3132300,402975
12-05-2025 12:27,24780,821325,394800,12-05-2025 12:27,460.55,260700,68925,12-05-2025 12:27,63.25,3154500,403200
12-05-2025 12:27,24782.4,824250,391800,12-05-2025 12:27,462.6,259425,62925,12-05-2025 12:27,62.85,3133800,409350
12-05-2025 12:27,24781.4,823875,391200,12-05-2025 12:27,461.8,270150,75075,12-05-2025 12:27,62.75,3161625,432750
12-05-2025 12:27,24780,824550,395550,12-05-2025 12:27,464,272700,74175,12-05-2025 12:27,63.15,3161400,436275
12-05-2025 12:27,24782.4,827550,391125,12-05-2025 12:27,465,262800,63600,12-05-2025 12:27,62.2,3157950,442200
12-05-2025 12:28,24790,824625,395100,12-05-2025 12:28,464.75,263850,62925,12-05-2025 12:28,62.1,3154950,446100
12-05-2025 12:28,24781.1,818925,398175,12-05-2025 12:28,461.85,271650,75000,12-05-2025 12:28,63,3157725,441075
12-05-2025 12:28,24780.1,825525,400350,12-05-2025 12:28,458.55,275175,79950,12-05-2025 12:28,62.65,3151875,437775
12-05-2025 12:28,24785,828450,401325,12-05-2025 12:28,460,271575,74175,12-05-2025 12:28,62.5,3153225,451650
12-05-2025 12:28,24782.6,828900,399975,12-05-2025 12:28,462,272925,74850,12-05-2025 12:28,61.85,3148350,451425
12-05-2025 12:28,24783.1,830100,400050,12-05-2025 12:28,465,271425,72675,12-05-2025 12:28,61.9,3149775,451275
12-05-2025 12:29,24789,838500,396150,12-05-2025 12:29,469,268425,62850,12-05-2025 12:29,60.25,3146850,450900
12-05-2025 12:29,24795.6,835275,396525,12-05-2025 12:29,467.85,265650,62700,12-05-2025 12:29,60.2,3134325,450600
12-05-2025 12:29,24795.5,831300,394800,12-05-2025 12:29,468.7,264900,63750,12-05-2025 12:29,59.75,3130275,461400
12-05-2025 12:29,24793.2,834975,398775,12-05-2025 12:29,465.25,265050,60975,12-05-2025 12:29,60.55,3134850,459150
12-05-2025 12:29,24790,834075,394650,12-05-2025 12:29,0,0,0,12-05-2025 12:29,60.2,3134850,453825
12-05-2025 12:29,24788,832650,393750,12-05-2025 12:29,466.15,265050,60900,12-05-2025 12:29,60.15,3141075,452850
12-05-2025 12:30,24808.3,831675,393600,12-05-2025 12:30,484.95,268275,64425,12-05-2025 12:30,56,3136200,454425
12-05-2025 12:30,24829,824400,378975,12-05-2025 12:30,499.1,267675,54225,12-05-2025 12:30,53.2,3082800,461625
12-05-2025 12:30,24836.7,823125,370125,12-05-2025 12:30,504,268875,46500,12-05-2025 12:30,53.55,3087675,460800
12-05-2025 12:30,24845,823650,363225,12-05-2025 12:30,510.9,267675,47325,12-05-2025 12:30,52,3097275,453825
12-05-2025 12:30,24839.9,814050,366150,12-05-2025 12:30,510.65,267075,45150,12-05-2025 12:30,52.85,3086475,460275
12-05-2025 12:30,24844,823725,370275,12-05-2025 12:30,511.9,273075,45375,12-05-2025 12:30,51.95,3089550,453525
12-05-2025 12:31,24858.7,807825,354000,12-05-2025 12:31,530.05,267150,52050,12-05-2025 12:31,52.05,3089325,449475
12-05-2025 12:31,24860.9,819450,326400,12-05-2025 12:31,538.8,267300,40350,12-05-2025 12:31,51.65,3093600,451575
12-05-2025 12:31,24872.4,827475,322125,12-05-2025 12:31,548.7,270900,40275,12-05-2025 12:31,53.25,3112050,452850
12-05-2025 12:31,24860,819300,324225,12-05-2025 12:31,537.45,268500,38925,12-05-2025 12:31,53.6,3124725,447225
12-05-2025 12:31,24865.3,820650,328650,12-05-2025 12:31,538.8,274350,42075,12-05-2025 12:31,53.4,3125175,444675
12-05-2025 12:31,24870.7,818925,329250,12-05-2025 12:31,547,268125,42000,12-05-2025 12:31,53.45,3119775,447600
12-05-2025 12:32,24873.1,813825,320025,12-05-2025 12:32,543.3,273450,40350,12-05-2025 12:32,53.4,3121875,456900
12-05-2025 12:32,24865.4,814050,331800,12-05-2025 12:32,545.15,274275,45450,12-05-2025 12:32,54.25,3107100,459900
12-05-2025 12:32,24869.7,818700,328875,12-05-2025 12:32,541.35,270750,44325,12-05-2025 12:32,54.15,3109950,445725
12-05-2025 12:32,24872.4,812475,331125,12-05-2025 12:32,545.35,272325,44700,12-05-2025 12:32,54.25,3104850,438825
12-05-2025 12:32,24884,820650,334875,12-05-2025 12:32,559.95,275325,47025,12-05-2025 12:32,54.85,3116625,442350
12-05-2025 12:32,24882.2,805725,321750,12-05-2025 12:32,552,272250,42750,12-05-2025 12:32,54.25,3117450,439125
12-05-2025 12:33,24884.2,812325,332025,12-05-2025 12:33,554.05,275475,39900,12-05-2025 12:33,53.9,3119625,443175
12-05-2025 12:33,24881.7,817500,330900,12-05-2025 12:33,551.25,272025,43800,12-05-2025 12:33,54.3,3117600,447150
12-05-2025 12:33,24888,810450,319725,12-05-2025 12:33,555.85,271950,36525,12-05-2025 12:33,54.25,3109875,440475
12-05-2025 12:33,24885.2,814275,322125,12-05-2025 12:33,563.05,269175,35625,12-05-2025 12:33,54.2,3114975,443025
12-05-2025 12:33,24879.9,815925,324975,12-05-2025 12:33,550,269325,35550,12-05-2025 12:33,54.7,3119025,440250
12-05-2025 12:33,24880,813150,327525,12-05-2025 12:33,555.95,274950,40800,12-05-2025 12:33,54.55,3120675,435900
12-05-2025 12:34,24884,810525,331725,12-05-2025 12:34,557.3,267900,41475,12-05-2025 12:34,54.65,3121500,433425
12-05-2025 12:34,24884,811950,326700,12-05-2025 12:34,558.6,270975,43425,12-05-2025 12:34,54.85,3128100,427350
12-05-2025 12:34,24879.2,818025,337125,12-05-2025 12:34,557.6,267525,37875,12-05-2025 12:34,54.85,3132750,428250
12-05-2025 12:34,24883,819075,336525,12-05-2025 12:34,560,269100,39750,12-05-2025 12:34,54.2,3123450,430500
12-05-2025 12:34,24888.6,822525,338550,12-05-2025 12:34,565.15,268950,36300,12-05-2025 12:34,53.85,3103800,432750
12-05-2025 12:34,24891,823950,335625,12-05-2025 12:34,565,268050,35925,12-05-2025 12:34,54.35,3125025,434025
12-05-2025 12:35,24888.1,824100,341625,12-05-2025 12:35,561,269850,42900,12-05-2025 12:35,54.75,3126075,433200
12-05-2025 12:35,24881,821100,342075,12-05-2025 12:35,561,268800,36375,12-05-2025 12:35,54.95,3124050,440025
12-05-2025 12:35,24881.3,822675,351450,12-05-2025 12:35,558.8,269025,41100,12-05-2025 12:35,54.75,3124950,440250
12-05-2025 12:35,24885.8,824775,351825,12-05-2025 12:35,564,272475,40950,12-05-2025 12:35,54.7,3124875,441975
12-05-2025 12:35,24891,824925,345075,12-05-2025 12:35,568.35,271875,36150,12-05-2025 12:35,54.7,3147225,444975
12-05-2025 12:35,24892.3,822750,338175,12-05-2025 12:35,560,269850,37650,12-05-2025 12:35,54.9,3147525,444150
12-05-2025 12:36,24885,828375,338400,12-05-2025 12:36,554.45,269475,38850,12-05-2025 12:36,54.9,3145425,443850
12-05-2025 12:36,24881,832350,338625,12-05-2025 12:36,560.55,273975,43950,12-05-2025 12:36,54.95,3145800,444900
12-05-2025 12:36,24882.4,837600,342075,12-05-2025 12:36,558.75,269925,40200,12-05-2025 12:36,54.9,3124425,444525
12-05-2025 12:36,24883,835425,344250,12-05-2025 12:36,555,270000,43200,12-05-2025 12:36,55.1,3120375,447675
12-05-2025 12:36,24883.5,834450,343725,12-05-2025 12:36,553.1,271875,44100,12-05-2025 12:36,55.2,3122025,446925
12-05-2025 12:36,24882,840375,343650,12-05-2025 12:36,555.05,269925,44025,12-05-2025 12:36,54.95,3125850,446025
12-05-2025 12:37,24890,843600,349125,12-05-2025 12:37,564,270225,43200,12-05-2025 12:37,54.85,3105375,449550
12-05-2025 12:37,24893,845550,339900,12-05-2025 12:37,566.05,270000,39900,12-05-2025 12:37,55.4,3117975,444525
12-05-2025 12:37,24898.9,852225,332700,12-05-2025 12:37,574.9,268875,37425,12-05-2025 12:37,54.8,3119100,439125
12-05-2025 12:37,24900,846150,316350,12-05-2025 12:37,573.5,268950,39375,12-05-2025 12:37,55,3099750,442875
12-05-2025 12:37,24895.8,847275,309300,12-05-2025 12:37,569.95,270600,41775,12-05-2025 12:37,55.25,3102300,439800
12-05-2025 12:37,24896,850800,310275,12-05-2025 12:37,573,269925,37425,12-05-2025 12:37,55.25,3114075,455625
12-05-2025 12:38,24895,848325,313875,12-05-2025 12:38,570.5,271800,39975,12-05-2025 12:38,55.25,3097725,457425
12-05-2025 12:38,24900.5,848025,316125,12-05-2025 12:38,578,271875,41400,12-05-2025 12:38,54.85,3098625,439950
12-05-2025 12:38,24903.1,845850,312900,12-05-2025 12:38,580.85,272325,38100,12-05-2025 12:38,55.35,3103425,437250
12-05-2025 12:38,24909,846825,315075,12-05-2025 12:38,579.45,276675,38025,12-05-2025 12:38,55.45,3111450,433425
12-05-2025 12:38,24906.4,846525,323475,12-05-2025 12:38,579.95,280725,41175,12-05-2025 12:38,55.3,3106800,453075
12-05-2025 12:38,24907.7,848325,331725,12-05-2025 12:38,577,274500,39600,12-05-2025 12:38,55.8,3101175,451875
12-05-2025 12:39,24900,843825,334200,12-05-2025 12:39,575,273225,39000,12-05-2025 12:39,55.7,3106425,437550
12-05-2025 12:39,24902.1,842775,336000,12-05-2025 12:39,573.15,272250,40875,12-05-2025 12:39,54.95,3107250,451725
12-05-2025 12:39,24899.3,844500,338175,12-05-2025 12:39,574.15,269475,43125,12-05-2025 12:39,55.05,3100350,452925
12-05-2025 12:39,24898.5,848700,332100,12-05-2025 12:39,576.9,271800,43425,12-05-2025 12:39,55.05,3101625,458700
12-05-2025 12:39,24908.4,847050,335925,12-05-2025 12:39,578.6,270075,44175,12-05-2025 12:39,54.95,3102375,457050
12-05-2025 12:39,24910,850500,335250,12-05-2025 12:39,583.5,273150,44175,12-05-2025 12:39,54.25,3101175,460800
12-05-2025 12:40,24905.5,849000,327975,12-05-2025 12:40,582.75,271800,39750,12-05-2025 12:40,54.65,3104475,461025
12-05-2025 12:40,24910.7,846375,323625,12-05-2025 12:40,580.8,276975,38775,12-05-2025 12:40,54.95,3102675,463950
12-05-2025 12:40,24905,845925,331050,12-05-2025 12:40,572.55,271725,40050,12-05-2025 12:40,54.7,3105375,454050
12-05-2025 12:40,24895,831900,332475,12-05-2025 12:40,570,269250,38100,12-05-2025 12:40,55,3107175,447750
12-05-2025 12:40,24895,840375,334200,12-05-2025 12:40,570.85,268800,40425,12-05-2025 12:40,54.95,3108150,450450
12-05-2025 12:40,24897,840525,335475,12-05-2025 12:40,570.55,269775,39300,12-05-2025 12:40,55.2,3113700,447975
12-05-2025 12:41,24894.4,840000,336900,12-05-2025 12:41,567.8,270675,40575,12-05-2025 12:41,55.3,3115425,449325
12-05-2025 12:41,24886,840750,340650,12-05-2025 12:41,564.65,269250,40800,12-05-2025 12:41,55.25,3114450,451350
12-05-2025 12:41,24887.6,830325,341400,12-05-2025 12:41,565,268350,41250,12-05-2025 12:41,54.95,3114225,450375
12-05-2025 12:41,24887.9,833250,346725,12-05-2025 12:41,561.4,272325,40950,12-05-2025 12:41,55.05,3111375,451875
12-05-2025 12:41,24890,834750,342225,12-05-2025 12:41,564.5,272475,40950,12-05-2025 12:41,54.95,3113250,452400
12-05-2025 12:41,24887.8,836550,341550,12-05-2025 12:41,561.65,270150,40500,12-05-2025 12:41,54.4,3112800,452700
12-05-2025 12:42,24887,835425,345075,12-05-2025 12:42,559.2,269250,42150,12-05-2025 12:42,54.4,3110475,454125
12-05-2025 12:42,24881,837525,345525,12-05-2025 12:42,557.2,265875,42600,12-05-2025 12:42,54.3,3102975,454950
12-05-2025 12:42,24881.9,834900,345975,12-05-2025 12:42,558.35,266250,43050,12-05-2025 12:42,54.2,3101475,457650
12-05-2025 12:42,24880.2,836100,344550,12-05-2025 12:42,561.05,266400,42750,12-05-2025 12:42,53.85,3094950,455175
12-05-2025 12:42,24883,839475,343500,12-05-2025 12:42,556.05,265725,43425,12-05-2025 12:42,54.2,3091350,454425
12-05-2025 12:42,24886,840525,345675,12-05-2025 12:42,559.95,269925,48525,12-05-2025 12:42,53.8,3093375,453825
12-05-2025 12:43,24883.5,838050,342900,12-05-2025 12:43,560,270750,49800,12-05-2025 12:43,53.8,3096225,452775
12-05-2025 12:43,24882.1,838050,343725,12-05-2025 12:43,0,0,0,12-05-2025 12:43,53.55,3096900,451950
12-05-2025 12:43,24885,838275,345450,12-05-2025 12:43,556.8,272175,50025,12-05-2025 12:43,53.6,3099300,450900
12-05-2025 12:43,24881.3,826875,345075,12-05-2025 12:43,560.6,274875,52425,12-05-2025 12:43,53.55,3100950,454200
12-05-2025 12:43,24884.9,829725,341250,12-05-2025 12:43,565,271875,52425,12-05-2025 12:43,52.85,3111600,454500
12-05-2025 12:43,24890,833400,340425,12-05-2025 12:43,565.75,272475,53550,12-05-2025 12:43,52.45,3088125,451500
12-05-2025 12:44,24894,836700,338550,12-05-2025 12:44,567.5,272775,54525,12-05-2025 12:44,52.95,3078825,447825
12-05-2025 12:44,24893,835725,336600,12-05-2025 12:44,567.5,274425,53925,12-05-2025 12:44,53.5,3081375,447900
12-05-2025 12:44,24888.4,835050,340050,12-05-2025 12:44,561.75,271950,54900,12-05-2025 12:44,53.6,3083700,447825
12-05-2025 12:44,24891,836100,343125,12-05-2025 12:44,562,273600,54375,12-05-2025 12:44,53.5,3083475,453900
12-05-2025 12:44,24887,834750,343050,12-05-2025 12:44,560.45,273375,54150,12-05-2025 12:44,53.7,3085275,454350
12-05-2025 12:44,24890,834300,344400,12-05-2025 12:44,562.55,273150,55050,12-05-2025 12:44,53.4,3087000,467025
12-05-2025 12:45,24891.2,838125,342375,12-05-2025 12:45,562,275550,53550,12-05-2025 12:45,53.45,3085125,469725
12-05-2025 12:45,24884.5,833925,348900,12-05-2025 12:45,562.3,273450,53475,12-05-2025 12:45,53.4,3083100,469125
12-05-2025 12:45,24885,834975,345375,12-05-2025 12:45,558,272250,53100,12-05-2025 12:45,53.3,3084825,468150
12-05-2025 12:45,24887,833625,343350,12-05-2025 12:45,563.55,273525,54000,12-05-2025 12:45,53.05,3078450,473550
12-05-2025 12:45,24887.5,834375,341625,12-05-2025 12:45,558.4,273825,54675,12-05-2025 12:45,53.55,3088575,471375
12-05-2025 12:45,24883.6,832350,345075,12-05-2025 12:45,559.55,273375,53250,12-05-2025 12:45,54.05,3091350,467925
12-05-2025 12:46,24883.5,832725,345525,12-05-2025 12:46,556.4,276975,53100,12-05-2025 12:46,54.35,3095400,469200
12-05-2025 12:46,24882,830025,347100,12-05-2025 12:46,556.2,273375,55500,12-05-2025 12:46,54.4,3091050,472350
12-05-2025 12:46,24882.4,831150,348375,12-05-2025 12:46,559.5,274350,53325,12-05-2025 12:46,54.55,3092625,468000
12-05-2025 12:46,24887.8,839100,345750,12-05-2025 12:46,564,274125,53925,12-05-2025 12:46,54,3094800,467400
12-05-2025 12:46,24883.8,837150,345150,12-05-2025 12:46,562.15,274050,53925,12-05-2025 12:46,54.5,3107250,466350
12-05-2025 12:46,24885,836625,346125,12-05-2025 12:46,559.3,274875,54150,12-05-2025 12:46,54.35,3109125,470325
12-05-2025 12:47,24881.2,837450,347925,12-05-2025 12:47,0,0,0,12-05-2025 12:47,54.2,3107775,469350
12-05-2025 12:47,24884.4,838950,345975,12-05-2025 12:47,559,274350,54075,12-05-2025 12:47,54.3,3102075,470250
12-05-2025 12:47,24881.1,837300,347775,12-05-2025 12:47,553,273675,53550,12-05-2025 12:47,54.6,3104100,469725
12-05-2025 12:47,24881,837075,347175,12-05-2025 12:47,553.6,272325,54600,12-05-2025 12:47,54.4,3109125,470550
12-05-2025 12:47,24877.7,837225,347850,12-05-2025 12:47,554.65,272925,54375,12-05-2025 12:47,54.4,3115200,468825
12-05-2025 12:47,24883,836325,343425,12-05-2025 12:47,555.4,275400,54975,12-05-2025 12:47,54.4,3107850,469650
12-05-2025 12:48,24878,835725,345375,12-05-2025 12:48,551.05,274800,54675,12-05-2025 12:48,54.7,3113025,467325
12-05-2025 12:48,24880,836100,344700,12-05-2025 12:48,553.65,272325,54150,12-05-2025 12:48,54.75,3113625,471300
12-05-2025 12:48,24876.5,835575,343200,12-05-2025 12:48,555.35,268200,56925,12-05-2025 12:48,54.6,3113325,476850
12-05-2025 12:48,24883.5,836550,340125,12-05-2025 12:48,548.2,269850,57150,12-05-2025 12:48,54.75,3106425,469650
12-05-2025 12:48,24875.1,834000,342900,12-05-2025 12:48,552.4,262500,58425,12-05-2025 12:48,54.6,3120375,471750
12-05-2025 12:48,24872.1,830325,344700,12-05-2025 12:48,548.45,268350,57825,12-05-2025 12:48,54.9,3118650,465750
12-05-2025 12:49,24874.5,836700,341475,12-05-2025 12:49,549.05,270150,56325,12-05-2025 12:49,54.75,3120375,473925
12-05-2025 12:49,24873,833550,344250,12-05-2025 12:49,548.1,268275,57750,12-05-2025 12:49,54.65,3120750,467850
12-05-2025 12:49,24873.8,837600,340875,12-05-2025 12:49,552.75,273450,57375,12-05-2025 12:49,55,3130950,473100
12-05-2025 12:49,24872,838125,341550,12-05-2025 12:49,551.55,270525,56400,12-05-2025 12:49,55.25,3133500,472275
12-05-2025 12:49,24878.3,840900,342075,12-05-2025 12:49,550.9,268500,56625,12-05-2025 12:49,55.35,3135450,471975
12-05-2025 12:49,24876.5,831600,342900,12-05-2025 12:49,548,268650,56850,12-05-2025 12:49,55,3129975,473025
12-05-2025 12:50,24870.3,832650,340425,12-05-2025 12:50,550.2,269025,56400,12-05-2025 12:50,55.05,3123375,472950
12-05-2025 12:50,24870.1,832950,342000,12-05-2025 12:50,552,269625,56625,12-05-2025 12:50,55.15,3108825,468600
12-05-2025 12:50,24880.4,835050,339825,12-05-2025 12:50,556.9,271800,57150,12-05-2025 12:50,54.8,3097125,468450
12-05-2025 12:50,24882,834975,342375,12-05-2025 12:50,554.2,274200,56175,12-05-2025 12:50,54.95,3103500,459450
12-05-2025 12:50,24880,836475,341625,12-05-2025 12:50,550.4,270900,56700,12-05-2025 12:50,55.3,3108525,459450
12-05-2025 12:50,24883.9,838725,340425,12-05-2025 12:50,0,0,0,12-05-2025 12:50,54.95,3105225,469425
12-05-2025 12:51,24880,836475,339825,12-05-2025 12:51,0,0,0,12-05-2025 12:51,55,3102525,464325
12-05-2025 12:51,24879.2,836625,346575,12-05-2025 12:51,551,270000,56550,12-05-2025 12:51,55.25,3103425,461625
12-05-2025 12:51,24875,836100,341550,12-05-2025 12:51,0,0,0,12-05-2025 12:51,55.3,3106725,462225
12-05-2025 12:51,24875,837675,343050,12-05-2025 12:51,547,270375,57075,12-05-2025 12:51,55.35,3106275,465000
12-05-2025 12:51,24872.9,836700,345300,12-05-2025 12:51,545.6,268800,57750,12-05-2025 12:51,55.6,3095925,458250
12-05-2025 12:51,24873.9,834375,342825,12-05-2025 12:51,548.25,269250,57225,12-05-2025 12:51,55.35,3099675,459225
12-05-2025 12:52,24870,834075,343500,12-05-2025 12:52,0,0,0,12-05-2025 12:52,55.15,3099375,461325
12-05-2025 12:52,24870,834750,344325,12-05-2025 12:52,548.25,269025,57075,12-05-2025 12:52,55.35,3096825,461250
12-05-2025 12:52,24870,837525,344400,12-05-2025 12:52,548.95,268950,58725,12-05-2025 12:52,54.85,3099675,463575
12-05-2025 12:52,24870,837600,345600,12-05-2025 12:52,545.15,272175,62175,12-05-2025 12:52,54.9,3091275,463725
12-05-2025 12:52,24870,837300,345375,12-05-2025 12:52,548,269625,64350,12-05-2025 12:52,54.7,3090075,462825
12-05-2025 12:52,24871.2,834525,346350,12-05-2025 12:52,544,268650,58800,12-05-2025 12:52,54.9,3089700,459825
12-05-2025 12:53,24871,834600,344550,12-05-2025 12:53,545.1,268950,58800,12-05-2025 12:53,54.5,3090450,464550
12-05-2025 12:53,24871,839175,346575,12-05-2025 12:53,547.95,268725,58125,12-05-2025 12:53,54.85,3089325,465750
12-05-2025 12:53,24875,845850,346350,12-05-2025 12:53,550,269100,58050,12-05-2025 12:53,54.3,3090825,468375
12-05-2025 12:53,24874.9,842700,346800,12-05-2025 12:53,549.4,271200,58050,12-05-2025 12:53,54.55,3086325,468525
12-05-2025 12:53,24874.3,844275,348000,12-05-2025 12:53,545.6,268950,59775,12-05-2025 12:53,55.15,3089325,462450
12-05-2025 12:53,24869.6,841725,350100,12-05-2025 12:53,0,0,0,12-05-2025 12:53,54.95,3088650,470775
12-05-2025 12:54,24870,843300,345750,12-05-2025 12:54,0,0,0,12-05-2025 12:54,54.45,3088950,473475
12-05-2025 12:54,24870,844350,349350,12-05-2025 12:54,543,269925,59250,12-05-2025 12:54,54.7,3085575,474150
12-05-2025 12:54,24870,841050,350025,12-05-2025 12:54,543,272400,59475,12-05-2025 12:54,54.65,3096600,477225
12-05-2025 12:54,24869,839550,352125,12-05-2025 12:54,0,0,0,12-05-2025 12:54,54.85,3098175,472650
12-05-2025 12:54,24868.4,840225,351900,12-05-2025 12:54,545.9,269100,58125,12-05-2025 12:54,54.85,3102150,473925
12-05-2025 12:54,24878,848175,351375,12-05-2025 12:54,550,272550,59325,12-05-2025 12:54,54.4,3102225,473025
12-05-2025 12:55,24875,848925,346575,12-05-2025 12:55,549.75,269100,58950,12-05-2025 12:55,54.5,3096900,473325
12-05-2025 12:55,24875,845775,349200,12-05-2025 12:55,546.05,269925,59475,12-05-2025 12:55,54.7,3097125,470475
12-05-2025 12:55,24874.3,847125,351675,12-05-2025 12:55,545.4,269175,60975,12-05-2025 12:55,54.5,3095775,475500
12-05-2025 12:55,24876.2,845550,352050,12-05-2025 12:55,0,0,0,12-05-2025 12:55,54.7,3092850,480675
12-05-2025 12:55,24882,850500,350250,12-05-2025 12:55,548.6,274050,57975,12-05-2025 12:55,54.2,3091725,473850
12-05-2025 12:55,24882.4,855525,343725,12-05-2025 12:55,556.6,275250,57900,12-05-2025 12:55,53.45,3072900,478725
12-05-2025 12:56,24882,856725,343200,12-05-2025 12:56,553.55,271350,58200,12-05-2025 12:56,53.55,3072675,469050
12-05-2025 12:56,24887.1,856650,346125,12-05-2025 12:56,556.1,272550,58500,12-05-2025 12:56,53.7,3080325,462825
12-05-2025 12:56,24889,855450,343500,12-05-2025 12:56,561.15,272100,65925,12-05-2025 12:56,53.05,3075675,471525
12-05-2025 12:56,24892.9,854925,343725,12-05-2025 12:56,560.95,270900,53475,12-05-2025 12:56,53.35,3066525,473625
12-05-2025 12:56,24894,855825,344175,12-05-2025 12:56,561.2,271500,54825,12-05-2025 12:56,53.85,3074025,472500
12-05-2025 12:56,24890.2,853350,343575,12-05-2025 12:56,560.35,270525,56625,12-05-2025 12:56,53.9,3077325,463650
12-05-2025 12:57,24890,854775,345675,12-05-2025 12:57,559.1,271350,57600,12-05-2025 12:57,54.05,3078675,469575
12-05-2025 12:57,24890.3,854925,347700,12-05-2025 12:57,564,270975,54000,12-05-2025 12:57,54.1,3082200,467250
12-05-2025 12:57,24894,860250,345450,12-05-2025 12:57,565,264825,45225,12-05-2025 12:57,53.6,3082800,468375
12-05-2025 12:57,24895.6,859875,342900,12-05-2025 12:57,570,271650,52275,12-05-2025 12:57,53.65,3075750,461775
12-05-2025 12:57,24900,858525,345300,12-05-2025 12:57,569.95,270525,49125,12-05-2025 12:57,53.85,3078600,465750
12-05-2025 12:57,24894.1,857025,345675,12-05-2025 12:57,565.55,271575,54675,12-05-2025 12:57,54.45,3100050,459450
12-05-2025 12:58,24894,856125,346650,12-05-2025 12:58,566,276150,50400,12-05-2025 12:58,54.4,3106800,461550
12-05-2025 12:58,24897.9,856050,346275,12-05-2025 12:58,566.85,270750,51375,12-05-2025 12:58,54.45,3107925,463125
12-05-2025 12:58,24892.9,855675,351000,12-05-2025 12:58,563.2,270450,54375,12-05-2025 12:58,54.85,3107400,459675
12-05-2025 12:58,24894,853875,353250,12-05-2025 12:58,561.3,269325,52275,12-05-2025 12:58,54.9,3105825,469575
12-05-2025 12:58,24891,853725,351000,12-05-2025 12:58,561.65,270375,50475,12-05-2025 12:58,55,3112350,470850
12-05-2025 12:58,24894.4,858225,350625,12-05-2025 12:58,567.5,272550,50700,12-05-2025 12:58,54.15,3113550,467850
12-05-2025 12:59,24899,858750,345300,12-05-2025 12:59,569.6,272700,50400,12-05-2025 12:59,54.45,3101700,474975
12-05-2025 12:59,24894.1,858225,347625,12-05-2025 12:59,0,0,0,12-05-2025 12:59,54.8,3109275,470700
12-05-2025 12:59,24899,862125,347100,12-05-2025 12:59,569.85,272700,50550,12-05-2025 12:59,54.7,3104175,472950
12-05-2025 12:59,24894.4,862575,348825,12-05-2025 12:59,569.8,272625,50850,12-05-2025 12:59,54.9,3104325,461550
12-05-2025 12:59,24900,861525,347775,12-05-2025 12:59,571.15,272100,51600,12-05-2025 12:59,54.75,3109725,463650
12-05-2025 12:59,24896,860475,349350,12-05-2025 12:59,569.8,272775,53100,12-05-2025 12:59,54.65,3110925,465450
12-05-2025 13:00,24900,861000,347400,12-05-2025 13:00,572.4,272775,51975,12-05-2025 13:00,54.4,3116700,465450
12-05-2025 13:00,24900.7,865500,345150,12-05-2025 13:00,575.05,272700,51150,12-05-2025 13:00,54.5,3115350,464850
12-05-2025 13:00,24905,863925,345300,12-05-2025 13:00,575,272700,49575,12-05-2025 13:00,54.6,3108300,462975
12-05-2025 13:00,24900.7,866625,348675,12-05-2025 13:00,571.8,272325,50625,12-05-2025 13:00,54.35,3112650,460875
12-05-2025 13:00,24904.2,862050,348075,12-05-2025 13:00,572.9,273525,53325,12-05-2025 13:00,54.25,3109050,464100
12-05-2025 13:00,24898.3,861525,351675,12-05-2025 13:00,563.3,271950,51750,12-05-2025 13:00,54.7,3111600,459150
12-05-2025 13:01,24893.6,851625,351075,12-05-2025 13:01,562.7,271050,50475,12-05-2025 13:01,54.7,3111525,459000
12-05-2025 13:01,24894.9,850350,354450,12-05-2025 13:01,562.7,271275,50475,12-05-2025 13:01,54.75,3113775,461925
12-05-2025 13:01,24894,852300,350100,12-05-2025 13:01,564.35,271650,50775,12-05-2025 13:01,54.35,3111300,466950
12-05-2025 13:01,24893.6,854175,353475,12-05-2025 13:01,563.65,273225,50250,12-05-2025 13:01,54.6,3113925,477525
12-05-2025 13:01,24890.1,856725,353775,12-05-2025 13:01,560,269700,50850,12-05-2025 13:01,55,3119325,476175
12-05-2025 13:01,24890.6,858975,353850,12-05-2025 13:01,564,273750,51525,12-05-2025 13:01,54.65,3119250,460200
12-05-2025 13:02,24892.1,859050,350850,12-05-2025 13:02,566.15,270525,50400,12-05-2025 13:02,54.5,3116175,462825
12-05-2025 13:02,24888.8,854175,353700,12-05-2025 13:02,561.95,270225,51300,12-05-2025 13:02,54.95,3117600,454875
12-05-2025 13:02,24890,856800,353775,12-05-2025 13:02,0,0,0,12-05-2025 13:02,54.75,3116550,463125
12-05-2025 13:02,24892.4,852225,356250,12-05-2025 13:02,559.75,269475,53475,12-05-2025 13:02,54.15,3105375,463875
12-05-2025 13:02,24890,852300,354975,12-05-2025 13:02,560.2,269850,51675,12-05-2025 13:02,53.8,3106425,468225
12-05-2025 13:02,24891,853800,352350,12-05-2025 13:02,562,271875,51675,12-05-2025 13:02,53.8,3106725,465750
12-05-2025 13:03,24888,853575,356475,12-05-2025 13:03,555.4,269550,52050,12-05-2025 13:03,54.15,3107100,460875
12-05-2025 13:03,24890,851325,356325,12-05-2025 13:03,558.4,270750,51525,12-05-2025 13:03,54.3,3097200,461625
12-05-2025 13:03,24885,852375,357225,12-05-2025 13:03,554.1,270150,53175,12-05-2025 13:03,54.4,3100650,469050
12-05-2025 13:03,24885,853950,356475,12-05-2025 13:03,555.25,270075,52125,12-05-2025 13:03,54.15,3089400,469425
12-05-2025 13:03,24884,856200,356850,12-05-2025 13:03,553.8,269025,51900,12-05-2025 13:03,54,3089925,472875
12-05-2025 13:03,24885.7,853575,359625,12-05-2025 13:03,551.3,267600,52200,12-05-2025 13:03,54.45,3086550,471300
12-05-2025 13:04,24884.9,850950,359100,12-05-2025 13:04,551.8,267150,52050,12-05-2025 13:04,53.85,3082125,479100
12-05-2025 13:04,24881.1,851325,355800,12-05-2025 13:04,547.9,265650,54975,12-05-2025 13:04,53.6,3081600,482850
12-05-2025 13:04,24881,849375,357825,12-05-2025 13:04,0,0,0,12-05-2025 13:04,54.1,3084150,484425
12-05-2025 13:04,24881,847650,356775,12-05-2025 13:04,548.15,265275,55200,12-05-2025 13:04,53.65,3085350,485100
12-05-2025 13:04,24881.1,847575,358800,12-05-2025 13:04,547.8,265050,54975,12-05-2025 13:04,53.85,3087225,488025
12-05-2025 13:04,24880.1,855300,357900,12-05-2025 13:04,550,268800,57000,12-05-2025 13:04,53.55,3086025,489150
12-05-2025 13:05,24883,855525,356550,12-05-2025 13:05,549.65,266100,55875,12-05-2025 13:05,53.55,3084075,490575
12-05-2025 13:05,24878.9,853800,357300,12-05-2025 13:05,0,0,0,12-05-2025 13:05,54,3081975,490950
12-05-2025 13:05,24882,852300,357900,12-05-2025 13:05,550.1,265575,56625,12-05-2025 13:05,53.8,3078900,492375
12-05-2025 13:05,24882,849600,356400,12-05-2025 13:05,549.6,263925,56775,12-05-2025 13:05,53.75,3083250,493125
12-05-2025 13:05,24880,848250,360600,12-05-2025 13:05,0,0,0,12-05-2025 13:05,53.95,3083550,494100
12-05-2025 13:05,24880,853200,359100,12-05-2025 13:05,545,263550,57375,12-05-2025 13:05,54.15,3083025,491850
12-05-2025 13:06,24880.7,858375,357450,12-05-2025 13:06,551.15,264000,57600,12-05-2025 13:06,53.9,3084900,486750
12-05-2025 13:06,24885,849825,357825,12-05-2025 13:06,553,264000,56400,12-05-2025 13:06,54.1,3084600,486900
12-05-2025 13:06,24885,850575,356475,12-05-2025 13:06,551,264225,57525,12-05-2025 13:06,53.65,3081375,502425
12-05-2025 13:06,24881.9,848925,357300,12-05-2025 13:06,551.85,263325,54900,12-05-2025 13:06,53.7,3081375,503550
12-05-2025 13:06,24884.3,848925,357750,12-05-2025 13:06,551.5,264375,55875,12-05-2025 13:06,53.7,3083100,504975
12-05-2025 13:06,24880,849900,360300,12-05-2025 13:06,547.85,263700,55350,12-05-2025 13:06,53.9,3088725,500250
12-05-2025 13:07,24878,850950,358350,12-05-2025 13:07,550.25,268650,54150,12-05-2025 13:07,53.65,3089850,502575
12-05-2025 13:07,24880.2,853575,357525,12-05-2025 13:07,550.25,263550,54225,12-05-2025 13:07,53.3,3089250,508875
12-05-2025 13:07,24877.8,849225,360750,12-05-2025 13:07,546.15,263625,56400,12-05-2025 13:07,53.5,3086475,501975
12-05-2025 13:07,24877,849900,358875,12-05-2025 13:07,548.4,263925,54075,12-05-2025 13:07,53.7,3084675,496650
12-05-2025 13:07,24880.9,853725,358800,12-05-2025 13:07,551.3,267000,55725,12-05-2025 13:07,53.3,3086100,502950
12-05-2025 13:07,24880,852225,357975,12-05-2025 13:07,0,0,0,12-05-2025 13:07,53.55,3084450,498675
12-05-2025 13:08,24885,855900,357975,12-05-2025 13:08,552.9,269100,54225,12-05-2025 13:08,53.25,3087600,495525
12-05-2025 13:08,24888.2,854175,359250,12-05-2025 13:08,552.9,267300,54750,12-05-2025 13:08,53.35,3087675,494625
12-05-2025 13:08,24888.6,857250,357075,12-05-2025 13:08,0,0,0,12-05-2025 13:08,53.45,3087300,497625
12-05-2025 13:08,24886,854175,357825,12-05-2025 13:08,554.6,264900,55950,12-05-2025 13:08,53.5,3092475,494325
12-05-2025 13:08,24887.6,855000,359475,12-05-2025 13:08,554.5,265275,54225,12-05-2025 13:08,53.5,3090750,493500
12-05-2025 13:08,24891,855300,357750,12-05-2025 13:08,557.55,264450,54150,12-05-2025 13:08,53.05,3085950,495375
12-05-2025 13:09,24891.8,854025,361500,12-05-2025 13:09,554.4,263925,57150,12-05-2025 13:09,53.5,3088200,494550
12-05-2025 13:09,24888,853500,362550,12-05-2025 13:09,552.4,264825,54525,12-05-2025 13:09,53.3,3085350,502275
12-05-2025 13:09,24884.8,852225,363075,12-05-2025 13:09,553,263700,55200,12-05-2025 13:09,53.6,3101250,500550
12-05-2025 13:09,24882.4,851700,362100,12-05-2025 13:09,549.45,263400,57225,12-05-2025 13:09,53.65,3104175,500550
12-05-2025 13:09,24887.6,852750,362175,12-05-2025 13:09,550.2,263475,56025,12-05-2025 13:09,53.55,3103575,505275
12-05-2025 13:09,24887,852975,362625,12-05-2025 13:09,550,263850,54900,12-05-2025 13:09,53.45,3103800,505050
12-05-2025 13:10,24882.1,852000,362100,12-05-2025 13:10,549,263550,54600,12-05-2025 13:10,53.8,3105825,500400
12-05-2025 13:10,24886.2,852000,362925,12-05-2025 13:10,550.65,263475,54225,12-05-2025 13:10,53.65,3106425,500025
12-05-2025 13:10,24881.2,849450,362025,12-05-2025 13:10,547,263700,53850,12-05-2025 13:10,53.9,3110550,504300
12-05-2025 13:10,24881.2,850425,360900,12-05-2025 13:10,547,265575,54150,12-05-2025 13:10,53.8,3110550,501300
12-05-2025 13:10,24883.3,851925,362175,12-05-2025 13:10,0,0,0,12-05-2025 13:10,53.7,3106575,502575
12-05-2025 13:10,0,0,0,12-05-2025 13:10,0,0,0,12-05-2025 13:10,53.8,3109125,495825
12-05-2025 13:11,24880,848100,363075,12-05-2025 13:11,544.2,262275,54825,12-05-2025 13:11,54.05,3111825,496275
12-05-2025 13:11,24879,848175,362775,12-05-2025 13:11,545.6,266025,53925,12-05-2025 13:11,54.25,3110700,494700
12-05-2025 13:11,24879,850800,359400,12-05-2025 13:11,546.85,265950,54150,12-05-2025 13:11,54.2,3120300,498600
12-05-2025 13:11,24880.9,849750,362325,12-05-2025 13:11,545.4,263325,55275,12-05-2025 13:11,54.25,3114975,491100
12-05-2025 13:11,24879.4,849975,364050,12-05-2025 13:11,544.25,262650,54750,12-05-2025 13:11,53.65,3126000,494250
12-05-2025 13:11,24880.4,849900,363000,12-05-2025 13:11,543.4,263325,54525,12-05-2025 13:11,53.4,3118275,495900
12-05-2025 13:12,24876.7,850500,364350,12-05-2025 13:12,545,269400,54450,12-05-2025 13:12,53.15,3106575,503925
12-05-2025 13:12,24878.9,849225,366075,12-05-2025 13:12,544.8,264225,57675,12-05-2025 13:12,53.45,3108300,505050
12-05-2025 13:12,24878,851775,364875,12-05-2025 13:12,543.55,263850,55125,12-05-2025 13:12,53.45,3108600,505425
12-05-2025 13:12,24875,849975,366825,12-05-2025 13:12,540.75,266250,54300,12-05-2025 13:12,53.6,3111600,498300
12-05-2025 13:12,24875,854100,367125,12-05-2025 13:12,542.7,263100,55500,12-05-2025 13:12,53.3,3111975,506850
12-05-2025 13:12,24873.7,852300,362475,12-05-2025 13:12,542.7,262950,56175,12-05-2025 13:12,53.6,3112500,512475
12-05-2025 13:13,24874.3,852225,360075,12-05-2025 13:13,542,262950,57600,12-05-2025 13:13,53.45,3111450,512175
12-05-2025 13:13,24876.8,856875,362175,12-05-2025 13:13,549.85,263400,56925,12-05-2025 13:13,53.05,3111900,513750
12-05-2025 13:13,24883.9,855600,361200,12-05-2025 13:13,550,264375,63825,12-05-2025 13:13,53.1,3094125,512775
12-05-2025 13:13,24884.9,857700,360300,12-05-2025 13:13,550,263925,58275,12-05-2025 13:13,52.8,3096525,517575
12-05-2025 13:13,24886,857625,363150,12-05-2025 13:13,547.45,264225,56700,12-05-2025 13:13,53.15,3102150,515475
12-05-2025 13:13,24881.3,856500,359250,12-05-2025 13:13,550.6,264450,55575,12-05-2025 13:13,52.75,3100125,506625
12-05-2025 13:14,24886,859500,360675,12-05-2025 13:14,547.45,266400,56550,12-05-2025 13:14,52.7,3109275,509400
12-05-2025 13:14,24881,855300,361200,12-05-2025 13:14,545,266175,54525,12-05-2025 13:14,53.5,3111525,508050
12-05-2025 13:14,24881.6,855900,362550,12-05-2025 13:14,542,269400,55800,12-05-2025 13:14,53,3112200,511350
12-05-2025 13:14,24877.8,853125,366000,12-05-2025 13:14,0,0,0,12-05-2025 13:14,53,3113625,501075
12-05-2025 13:14,24877.8,855750,364350,12-05-2025 13:14,545.2,266100,54975,12-05-2025 13:14,52.8,3114975,507600
12-05-2025 13:14,24880.4,852900,363675,12-05-2025 13:14,545.55,266250,55350,12-05-2025 13:14,52.7,3118425,511950
12-05-2025 13:15,24880.9,857850,362025,12-05-2025 13:15,545.55,266250,55650,12-05-2025 13:15,52.55,3104025,515475
12-05-2025 13:15,24879.4,855675,364200,12-05-2025 13:15,0,0,0,12-05-2025 13:15,52.85,3103875,513600
12-05-2025 13:15,24883,855750,361500,12-05-2025 13:15,0,0,0,12-05-2025 13:15,52.8,3107400,507525
12-05-2025 13:15,24883.6,857700,361725,12-05-2025 13:15,544.75,267000,54525,12-05-2025 13:15,52.55,3103575,513150
12-05-2025 13:15,24886,857250,364800,12-05-2025 13:15,544.75,266775,54675,12-05-2025 13:15,52.7,3106200,510675
12-05-2025 13:15,24886,858900,360975,12-05-2025 13:15,549,267675,55050,12-05-2025 13:15,52.7,3105150,512400
12-05-2025 13:16,24886.1,858825,364050,12-05-2025 13:16,552,267000,55050,12-05-2025 13:16,52.6,3110625,506700
12-05-2025 13:16,24891,858600,361500,12-05-2025 13:16,554.2,266325,54600,12-05-2025 13:16,52.3,3106425,509925
12-05-2025 13:16,24888,860175,366675,12-05-2025 13:16,552,265275,53625,12-05-2025 13:16,52.6,3102525,507375
12-05-2025 13:16,24893.1,860850,363375,12-05-2025 13:16,0,0,0,12-05-2025 13:16,52.5,3100875,506025
12-05-2025 13:16,24888,861225,365400,12-05-2025 13:16,555,263850,54150,12-05-2025 13:16,52.55,3103575,510300
12-05-2025 13:16,24893,862200,361275,12-05-2025 13:16,554.95,262350,53550,12-05-2025 13:16,52.3,3099600,494175
12-05-2025 13:17,24893,867975,360600,12-05-2025 13:17,555.25,262875,56100,12-05-2025 13:17,52.75,3105150,493200
12-05-2025 13:17,24891.5,866325,363975,12-05-2025 13:17,553,265575,54375,12-05-2025 13:17,53.1,3109200,486225
12-05-2025 13:17,24893.6,862350,362625,12-05-2025 13:17,556,262875,59475,12-05-2025 13:17,52.8,3122475,487425
12-05-2025 13:17,24894.1,864825,360525,12-05-2025 13:17,554.5,266850,52950,12-05-2025 13:17,53.05,3122925,489825
12-05-2025 13:17,24892.4,862425,365550,12-05-2025 13:17,555.9,262275,53475,12-05-2025 13:17,53.2,3104625,486675
12-05-2025 13:17,24890,861075,367275,12-05-2025 13:17,557.75,262800,50100,12-05-2025 13:17,53.15,3115200,485925
12-05-2025 13:18,24890,863100,360675,12-05-2025 13:18,0,0,0,12-05-2025 13:18,53,3115950,488025
12-05-2025 13:18,24890.8,864450,356400,12-05-2025 13:18,0,0,0,12-05-2025 13:18,53.1,3104325,490800
12-05-2025 13:18,24897.7,865350,358050,12-05-2025 13:18,557.85,263775,49725,12-05-2025 13:18,52.85,3105225,491925
12-05-2025 13:18,24890.7,862200,358200,12-05-2025 13:18,558.3,264975,51075,12-05-2025 13:18,52.9,3107325,497700
12-05-2025 13:18,24891,863325,362700,12-05-2025 13:18,552.3,265275,51750,12-05-2025 13:18,52.9,3110475,495300
12-05-2025 13:18,24890.7,859875,362550,12-05-2025 13:18,0,0,0,12-05-2025 13:18,53.2,3116400,489750
12-05-2025 13:19,24890,858225,363450,12-05-2025 13:19,0,0,0,12-05-2025 13:19,53.2,3116175,493275
12-05-2025 13:19,24890,855600,362100,12-05-2025 13:19,0,0,0,12-05-2025 13:19,52.85,3109275,495600
12-05-2025 13:19,24890,856725,363300,12-05-2025 13:19,552.3,267525,50475,12-05-2025 13:19,53.1,3111675,493275
12-05-2025 13:19,24893.4,854625,365325,12-05-2025 13:19,0,0,0,12-05-2025 13:19,53.05,3106500,493875
12-05-2025 13:19,24888.9,854850,362250,12-05-2025 13:19,554.1,265875,50325,12-05-2025 13:19,52.85,3105600,494850
12-05-2025 13:19,24890.9,855075,363075,12-05-2025 13:19,558.55,265425,51600,12-05-2025 13:19,52.9,3114675,496500
12-05-2025 13:20,24894.1,856575,361800,12-05-2025 13:20,557.3,263850,49650,12-05-2025 13:20,52.7,3116250,496050
12-05-2025 13:20,24895.1,856050,359925,12-05-2025 13:20,563.2,264675,49950,12-05-2025 13:20,52.65,3114450,502050
12-05-2025 13:20,24898.4,857100,360975,12-05-2025 13:20,564.7,264825,50025,12-05-2025 13:20,52.9,3114750,498000
12-05-2025 13:20,24897.1,855600,363450,12-05-2025 13:20,563,264450,50400,12-05-2025 13:20,53,3113175,488475
12-05-2025 13:20,24901,856350,358950,12-05-2025 13:20,563,264300,49425,12-05-2025 13:20,52.95,3116700,492225
12-05-2025 13:20,24901,856650,360750,12-05-2025 13:20,564.7,264825,50100,12-05-2025 13:20,52.75,3116925,492150
12-05-2025 13:21,24900.9,856950,358350,12-05-2025 13:21,566.45,264225,50025,12-05-2025 13:21,52.65,3111900,507300
12-05-2025 13:21,24904.6,856275,362475,12-05-2025 13:21,564,264675,50400,12-05-2025 13:21,52.6,3112275,504525
12-05-2025 13:21,24901,857475,361500,12-05-2025 13:21,565,264600,50100,12-05-2025 13:21,52.7,3114825,505200
12-05-2025 13:21,24899.3,856275,363000,12-05-2025 13:21,562.45,266475,50175,12-05-2025 13:21,52.6,3114675,499050
12-05-2025 13:21,24900,852075,364575,12-05-2025 13:21,565,265500,50100,12-05-2025 13:21,52.7,3119325,506850
12-05-2025 13:21,24902.9,851625,363825,12-05-2025 13:21,0,0,0,12-05-2025 13:21,52.7,3119325,511725
12-05-2025 13:22,24900,851775,362925,12-05-2025 13:22,564.25,264600,50175,12-05-2025 13:22,53,3118350,515925
12-05-2025 13:22,24902,853275,365400,12-05-2025 13:22,567,263925,49950,12-05-2025 13:22,52.75,3121350,510075
12-05-2025 13:22,24904.5,854625,364050,12-05-2025 13:22,570,264075,49650,12-05-2025 13:22,53.35,3116625,503250
12-05-2025 13:22,24905,851100,357000,12-05-2025 13:22,567,265725,47850,12-05-2025 13:22,52.95,3114075,494700
12-05-2025 13:22,24905,853200,358425,12-05-2025 13:22,0,0,0,12-05-2025 13:22,53.3,3108150,495600
12-05-2025 13:22,24903,849675,363000,12-05-2025 13:22,567.3,265200,47925,12-05-2025 13:22,53.25,3108750,496050
12-05-2025 13:23,24903,854250,359025,12-05-2025 13:23,571,266850,47550,12-05-2025 13:23,53.25,3107550,499725
12-05-2025 13:23,24913.6,857250,357825,12-05-2025 13:23,580,266100,47250,12-05-2025 13:23,52.75,3137700,494550
12-05-2025 13:23,24914,852000,345300,12-05-2025 13:23,579.05,266400,47250,12-05-2025 13:23,52.85,3099225,493875
12-05-2025 13:23,24912.7,848925,342975,12-05-2025 13:23,576.85,265875,46800,12-05-2025 13:23,53.1,3104850,493650
12-05-2025 13:23,24914.9,850050,342750,12-05-2025 13:23,576,267000,44250,12-05-2025 13:23,53.05,3107625,491700
12-05-2025 13:23,24910.8,853350,341025,12-05-2025 13:23,580.15,272325,45075,12-05-2025 13:23,53.2,3102675,492975
12-05-2025 13:24,24917.7,853050,341775,12-05-2025 13:24,580.6,269025,44325,12-05-2025 13:24,53.1,3103275,491850
12-05-2025 13:24,24916.4,853275,342000,12-05-2025 13:24,578.9,267075,46875,12-05-2025 13:24,53.65,3104100,493275
12-05-2025 13:24,24915.7,855300,345300,12-05-2025 13:24,579.5,267450,45975,12-05-2025 13:24,53.6,3099000,486450
12-05-2025 13:24,24911.5,859650,342000,12-05-2025 13:24,580.55,267675,46275,12-05-2025 13:24,53.65,3099150,489600
12-05-2025 13:24,24923.7,860850,337650,12-05-2025 13:24,587.3,274125,48750,12-05-2025 13:24,53.4,3095025,490200
12-05-2025 13:24,24925,863625,336525,12-05-2025 13:24,592.6,269475,44325,12-05-2025 13:24,53.05,3093675,489225
12-05-2025 13:25,24929,861675,336225,12-05-2025 13:25,588.05,268950,49575,12-05-2025 13:25,53.05,3094200,490500
12-05-2025 13:25,24927.1,858975,335175,12-05-2025 13:25,588.55,269100,56250,12-05-2025 13:25,53.3,3094725,488625
12-05-2025 13:25,24920.7,855750,337875,12-05-2025 13:25,0,0,0,12-05-2025 13:25,53.2,3097425,490875
12-05-2025 13:25,24924,857325,335625,12-05-2025 13:25,588.85,270825,57750,12-05-2025 13:25,53.2,3102150,491325
12-05-2025 13:25,24930.1,857325,332400,12-05-2025 13:25,591.75,276075,58725,12-05-2025 13:25,53.55,3101625,491400
12-05-2025 13:25,24927.5,865575,337725,12-05-2025 13:25,592.15,272025,52875,12-05-2025 13:25,53.5,3099450,488625
12-05-2025 13:26,24923,864900,337275,12-05-2025 13:26,593.15,271050,52500,12-05-2025 13:26,53.8,3098325,483675
12-05-2025 13:26,24921,857475,337350,12-05-2025 13:26,588.8,270750,61575,12-05-2025 13:26,54.25,3104175,482850
12-05-2025 13:26,24919.1,849375,340200,12-05-2025 13:26,580.65,269175,58950,12-05-2025 13:26,54.2,3106500,476100
12-05-2025 13:26,24911.1,852975,347100,12-05-2025 13:26,578.6,269700,63300,12-05-2025 13:26,54.25,3102300,477750
12-05-2025 13:26,24910,854400,348375,12-05-2025 13:26,578.55,268275,60000,12-05-2025 13:26,54.4,3101250,480825
12-05-2025 13:26,24906.6,858975,349425,12-05-2025 13:26,578.55,267825,61200,12-05-2025 13:26,54.65,3106425,479175
12-05-2025 13:27,24913.7,858225,348375,12-05-2025 13:27,576.2,267225,60375,12-05-2025 13:27,54.65,3105675,480150
12-05-2025 13:27,24912.5,856125,350400,12-05-2025 13:27,577.75,268125,60600,12-05-2025 13:27,54.9,3106950,476325
12-05-2025 13:27,24907.8,859275,350700,12-05-2025 13:27,578.75,270000,60525,12-05-2025 13:27,54.75,3114225,479475
12-05-2025 13:27,24909.2,858900,350025,12-05-2025 13:27,578.9,269700,62550,12-05-2025 13:27,54.75,3108000,481425
12-05-2025 13:27,24914.6,855975,351375,12-05-2025 13:27,578.9,268425,62550,12-05-2025 13:27,54.8,3107775,479925
12-05-2025 13:27,24914.8,856125,351600,12-05-2025 13:27,578,270975,60150,12-05-2025 13:27,54.85,3107400,479325
12-05-2025 13:28,24914.6,858150,349275,12-05-2025 13:28,581,273150,60300,12-05-2025 13:28,54.95,3107100,477825
12-05-2025 13:28,24915,859875,350550,12-05-2025 13:28,582,268500,60825,12-05-2025 13:28,55,3104400,471075
12-05-2025 13:28,24922.5,861900,350400,12-05-2025 13:28,587.5,275625,60375,12-05-2025 13:28,54.75,3098250,470325
12-05-2025 13:28,24924,861525,346725,12-05-2025 13:28,594,272850,64950,12-05-2025 13:28,54.5,3094725,469275
12-05-2025 13:28,24925,862950,349125,12-05-2025 13:28,592.5,273000,58425,12-05-2025 13:28,54.6,3088575,469200
12-05-2025 13:28,24925,863775,347325,12-05-2025 13:28,592.35,271425,58425,12-05-2025 13:28,54.35,3095250,471450
12-05-2025 13:29,24927.7,863250,351300,12-05-2025 13:29,592.2,271725,58875,12-05-2025 13:29,54.65,3095775,471825
12-05-2025 13:29,24928.6,867825,353100,12-05-2025 13:29,591.05,271275,58950,12-05-2025 13:29,54.45,3095700,472875
12-05-2025 13:29,24925,868125,348450,12-05-2025 13:29,589.8,271575,63225,12-05-2025 13:29,54.35,3092175,474075
12-05-2025 13:29,24921.7,863925,351375,12-05-2025 13:29,588.35,271425,61875,12-05-2025 13:29,54.15,3090975,474225
12-05-2025 13:29,24921.6,864300,350700,12-05-2025 13:29,588.35,271275,61425,12-05-2025 13:29,54.4,3094575,474300
12-05-2025 13:29,24926.9,864075,350700,12-05-2025 13:29,588.35,271200,61125,12-05-2025 13:29,54.3,3093075,469800
12-05-2025 13:30,24928,866400,351300,12-05-2025 13:30,592.1,276225,60375,12-05-2025 13:30,54.2,3087375,468225
12-05-2025 13:30,24925.9,868575,348675,12-05-2025 13:30,590,273975,66375,12-05-2025 13:30,54.1,3090825,467775
12-05-2025 13:30,24923.4,868575,353400,12-05-2025 13:30,587.6,271350,61875,12-05-2025 13:30,54.05,3090375,469725
12-05-2025 13:30,24921,866550,352950,12-05-2025 13:30,588.3,271200,59925,12-05-2025 13:30,54.25,3089475,472425
12-05-2025 13:30,24919.5,869250,351375,12-05-2025 13:30,588.85,271650,62175,12-05-2025 13:30,54.3,3090975,470025
12-05-2025 13:30,24928.2,870825,349575,12-05-2025 13:30,590,271725,59400,12-05-2025 13:30,54.1,3091500,468900
12-05-2025 13:31,24926.9,870825,346275,12-05-2025 13:31,589.25,272175,60150,12-05-2025 13:31,54.5,3090375,468150
12-05-2025 13:31,24926.9,870375,347250,12-05-2025 13:31,0,0,0,12-05-2025 13:31,54.4,3091500,468975
12-05-2025 13:31,24927,870900,347175,12-05-2025 13:31,590.55,271350,61950,12-05-2025 13:31,54.15,3089325,468900
12-05-2025 13:31,24927,869025,346500,12-05-2025 13:31,0,0,0,12-05-2025 13:31,53.95,3086025,468675
12-05-2025 13:31,24930.9,868650,346725,12-05-2025 13:31,594,271425,60300,12-05-2025 13:31,53.3,3085950,470250
12-05-2025 13:31,24934.6,868350,340725,12-05-2025 13:31,599,275475,52875,12-05-2025 13:31,53.85,3076500,460800
12-05-2025 13:32,24935,868425,335250,12-05-2025 13:32,597.8,271425,51000,12-05-2025 13:32,53.25,3082500,469725
12-05-2025 13:32,24933,869775,341175,12-05-2025 13:32,595.55,271350,50175,12-05-2025 13:32,54,3088875,468075
12-05-2025 13:32,24934.6,872550,339000,12-05-2025 13:32,596.95,272925,49350,12-05-2025 13:32,53.85,3088350,470775
12-05-2025 13:32,24935,874200,339825,12-05-2025 13:32,598.3,273300,48900,12-05-2025 13:32,53.8,3088125,471900
12-05-2025 13:32,24933,874875,341025,12-05-2025 13:32,594.75,273375,54000,12-05-2025 13:32,53.55,3086625,471525
12-05-2025 13:32,24936,879750,341175,12-05-2025 13:32,600.45,274800,48825,12-05-2025 13:32,53.65,3082425,470550
12-05-2025 13:33,24938,882375,337125,12-05-2025 13:33,600.85,273450,49575,12-05-2025 13:33,53.8,3086025,471150
12-05-2025 13:33,24939,880875,334875,12-05-2025 13:33,600,273600,49950,12-05-2025 13:33,53.75,3087300,467325
12-05-2025 13:33,24939.4,880275,335475,12-05-2025 13:33,600.4,273900,48975,12-05-2025 13:33,53.5,3081975,475875
12-05-2025 13:33,24938,879075,341250,12-05-2025 13:33,599.85,273675,53250,12-05-2025 13:33,53.55,3086100,473250
12-05-2025 13:33,24937.5,875475,341625,12-05-2025 13:33,600.15,274650,52950,12-05-2025 13:33,53.6,3086700,473325
12-05-2025 13:33,24937.8,877575,338250,12-05-2025 13:33,599.05,275475,52275,12-05-2025 13:33,53.45,3095100,473100
12-05-2025 13:34,24931.8,876525,343725,12-05-2025 13:34,597.4,274650,50925,12-05-2025 13:34,53.85,3113100,467625
12-05-2025 13:34,24933.3,877125,345000,12-05-2025 13:34,597.4,275025,49950,12-05-2025 13:34,54.05,3112275,468900
12-05-2025 13:34,24933.3,875925,343875,12-05-2025 13:34,596.3,274575,52125,12-05-2025 13:34,54.2,3111975,469725
12-05-2025 13:34,24933.2,875175,345450,12-05-2025 13:34,594,274650,51225,12-05-2025 13:34,54.2,3108375,470625
12-05-2025 13:34,24933.3,876375,344700,12-05-2025 13:34,596.9,275175,55275,12-05-2025 13:34,54.15,3103500,478875
12-05-2025 13:34,24933.2,876900,342975,12-05-2025 13:34,596.9,276150,49500,12-05-2025 13:34,54.2,3111225,472350
12-05-2025 13:35,24930.5,879975,342525,12-05-2025 13:35,597,276000,50175,12-05-2025 13:35,54.4,3110475,471450
12-05-2025 13:35,24930.6,874500,343200,12-05-2025 13:35,593,273750,50850,12-05-2025 13:35,54.5,3112350,471450
12-05-2025 13:35,24923,871725,346575,12-05-2025 13:35,593,272625,50325,12-05-2025 13:35,54.35,3106800,470025
12-05-2025 13:35,24928,872775,344550,12-05-2025 13:35,592.05,279750,53550,12-05-2025 13:35,54.55,3102225,470025
12-05-2025 13:35,24924.8,872625,344400,12-05-2025 13:35,0,0,0,12-05-2025 13:35,54.4,3099150,469500
12-05-2025 13:35,24925,873675,344100,12-05-2025 13:35,591.9,272850,52575,12-05-2025 13:35,54.8,3108675,467325
12-05-2025 13:36,24921.6,874050,346350,12-05-2025 13:36,589.4,270300,53100,12-05-2025 13:36,54.75,3102750,470400
12-05-2025 13:36,24920,872700,345675,12-05-2025 13:36,0,0,0,12-05-2025 13:36,54.9,3105225,469425
12-05-2025 13:36,24921,871650,347100,12-05-2025 13:36,587,275025,52725,12-05-2025 13:36,54.8,3104100,471225
12-05-2025 13:36,24920,870000,348000,12-05-2025 13:36,588.2,270900,53400,12-05-2025 13:36,54.85,3102675,473400
12-05-2025 13:36,24918.5,869925,350400,12-05-2025 13:36,0,0,0,12-05-2025 13:36,54.95,3104100,464025
12-05-2025 13:36,24920,870600,350700,12-05-2025 13:36,589.8,271575,54000,12-05-2025 13:36,54.7,3100725,478575
12-05-2025 13:37,24923,880500,348525,12-05-2025 13:37,587,270825,53175,12-05-2025 13:37,54.85,3101175,480600
12-05-2025 13:37,24921.9,877800,354450,12-05-2025 13:37,586.25,270825,53025,12-05-2025 13:37,54.95,3100500,480225
12-05-2025 13:37,24922.1,878850,350325,12-05-2025 13:37,588,270900,52500,12-05-2025 13:37,54.6,3094725,470775
12-05-2025 13:37,24923.8,879000,354975,12-05-2025 13:37,588,270000,52950,12-05-2025 13:37,54.65,3097125,484425
12-05-2025 13:37,24919,878775,353100,12-05-2025 13:37,588.25,271125,52425,12-05-2025 13:37,54.7,3098550,477300
12-05-2025 13:37,24926.3,878925,350025,12-05-2025 13:37,588.25,269700,53250,12-05-2025 13:37,54.6,3092625,473925
12-05-2025 13:38,24926,880875,353400,12-05-2025 13:38,0,0,0,12-05-2025 13:38,54.65,3091800,473775
12-05-2025 13:38,24922.5,882375,350550,12-05-2025 13:38,0,0,0,12-05-2025 13:38,54.55,3091050,474300
12-05-2025 13:38,24922.5,881700,348600,12-05-2025 13:38,590.3,271650,52575,12-05-2025 13:38,54.55,3092325,478725
12-05-2025 13:38,24927,882075,354225,12-05-2025 13:38,590.55,271650,54525,12-05-2025 13:38,54.4,3091875,478275
12-05-2025 13:38,24922.4,880125,351900,12-05-2025 13:38,0,0,0,12-05-2025 13:38,54.35,3091050,473175
12-05-2025 13:38,24925,880875,353175,12-05-2025 13:38,0,0,0,12-05-2025 13:38,53.85,3088125,477975
12-05-2025 13:39,24927,882750,348375,12-05-2025 13:39,592.05,271800,52500,12-05-2025 13:39,53.95,3081450,479475
12-05-2025 13:39,24926.6,880725,351975,12-05-2025 13:39,592.05,270825,51675,12-05-2025 13:39,53.9,3083025,470025
12-05-2025 13:39,24927,884100,350100,12-05-2025 13:39,594,274275,51375,12-05-2025 13:39,53.8,3082350,471375
12-05-2025 13:39,24929,885150,345000,12-05-2025 13:39,593.7,270975,51675,12-05-2025 13:39,53.95,3084375,476850
12-05-2025 13:39,24930,883425,345900,12-05-2025 13:39,594,270975,51825,12-05-2025 13:39,54.1,3085650,475050
12-05-2025 13:39,24930,885000,342450,12-05-2025 13:39,596.75,271950,51450,12-05-2025 13:39,53.85,3085200,470400
12-05-2025 13:40,24929.2,885375,341625,12-05-2025 13:40,596.55,274125,51600,12-05-2025 13:40,53.85,3086475,471225
12-05-2025 13:40,24930,885825,345375,12-05-2025 13:40,596,271125,51525,12-05-2025 13:40,54.1,3089400,468900
12-05-2025 13:40,24929.9,882450,348450,12-05-2025 13:40,592.2,273675,52950,12-05-2025 13:40,54.15,3090900,461850
12-05-2025 13:40,24928.3,882000,347775,12-05-2025 13:40,592,271425,54075,12-05-2025 13:40,54.3,3090000,468450
12-05-2025 13:40,24929.9,882975,348675,12-05-2025 13:40,0,0,0,12-05-2025 13:40,54.35,3091275,468300
12-05-2025 13:40,24929,882300,347925,12-05-2025 13:40,592,269025,51900,12-05-2025 13:40,54.3,3092550,467475
12-05-2025 13:41,24930,883425,346875,12-05-2025 13:41,594.5,271350,53475,12-05-2025 13:41,54.3,3092925,467850
12-05-2025 13:41,24929,882000,345525,12-05-2025 13:41,595.95,270975,52725,12-05-2025 13:41,54.45,3098475,467175
12-05-2025 13:41,24928,884325,344850,12-05-2025 13:41,595,270075,57525,12-05-2025 13:41,54.05,3089325,464775
12-05-2025 13:41,24928,881625,345750,12-05-2025 13:41,593.95,269100,53475,12-05-2025 13:41,54.2,3093150,466200
12-05-2025 13:41,24928,885300,347175,12-05-2025 13:41,592.95,270375,54375,12-05-2025 13:41,53.95,3092775,472425
12-05-2025 13:41,24926.1,885675,346800,12-05-2025 13:41,0,0,0,12-05-2025 13:41,54.15,3091725,470850
12-05-2025 13:42,24926.1,886125,346950,12-05-2025 13:42,0,0,0,12-05-2025 13:42,54.3,3091575,473100
12-05-2025 13:42,24923.8,885450,346200,12-05-2025 13:42,593.4,272925,54375,12-05-2025 13:42,54.2,3099525,470325
12-05-2025 13:42,24930,887475,346575,12-05-2025 13:42,594.9,269325,56325,12-05-2025 13:42,54.3,3099675,471300
12-05-2025 13:42,24929.8,885000,342450,12-05-2025 13:42,0,0,0,12-05-2025 13:42,54.4,3088500,474225
12-05-2025 13:42,24933,886275,343575,12-05-2025 13:42,599,269025,52575,12-05-2025 13:42,54.3,3089475,474225
12-05-2025 13:42,24934.5,888375,336900,12-05-2025 13:42,600.6,266250,52875,12-05-2025 13:42,54.35,3088875,466350
12-05-2025 13:43,24944.8,886050,333675,12-05-2025 13:43,605.05,263700,55275,12-05-2025 13:43,53.8,3081750,469500
12-05-2025 13:43,24938,885675,335175,12-05-2025 13:43,605.2,264375,50025,12-05-2025 13:43,54.15,3093525,468375
12-05-2025 13:43,24942.6,885000,335850,12-05-2025 13:43,601.5,264000,49200,12-05-2025 13:43,54.05,3093150,468450
12-05-2025 13:43,24936,887550,338175,12-05-2025 13:43,599.15,264825,49800,12-05-2025 13:43,54.1,3089775,467925
12-05-2025 13:43,24939,889425,336900,12-05-2025 13:43,0,0,0,12-05-2025 13:43,53.9,3088050,474900
12-05-2025 13:43,24935.6,887400,339300,12-05-2025 13:43,597,263700,49800,12-05-2025 13:43,53.9,3088575,476775
12-05-2025 13:44,24937.4,886650,339150,12-05-2025 13:44,597.35,263475,49950,12-05-2025 13:44,53.85,3087675,476175
12-05-2025 13:44,24937,886350,339750,12-05-2025 13:44,0,0,0,12-05-2025 13:44,53.7,3092250,477900
12-05-2025 13:44,24931.1,887850,341625,12-05-2025 13:44,596.15,263325,49950,12-05-2025 13:44,53.65,3091425,479100
12-05-2025 13:44,24933.8,883950,340875,12-05-2025 13:44,596.4,263250,51375,12-05-2025 13:44,53.7,3089100,477675
12-05-2025 13:44,24934.9,886950,341475,12-05-2025 13:44,0,0,0,12-05-2025 13:44,53.8,3099825,477600
12-05-2025 13:44,24934.9,887400,341100,12-05-2025 13:44,596.4,263250,49575,12-05-2025 13:44,53.7,3146550,481200
12-05-2025 13:45,24934.3,886800,344550,12-05-2025 13:45,599.4,266550,50850,12-05-2025 13:45,53,3148725,478800
12-05-2025 13:45,24944,889200,336825,12-05-2025 13:45,601.2,263400,49800,12-05-2025 13:45,52.8,3083925,484350
12-05-2025 13:45,24940,888150,342600,12-05-2025 13:45,601.05,263475,52800,12-05-2025 13:45,51.85,3072300,484050
12-05-2025 13:45,24940.5,891675,342675,12-05-2025 13:45,601.05,262650,49425,12-05-2025 13:45,51.5,3042675,486000
12-05-2025 13:45,24940.5,892800,343575,12-05-2025 13:45,600,261525,50625,12-05-2025 13:45,51.95,3052050,483375
12-05-2025 13:45,24942,899325,341625,12-05-2025 13:45,602,267750,49425,12-05-2025 13:45,51.9,3056775,482700
12-05-2025 13:46,24940.5,898500,341700,12-05-2025 13:46,602.55,264600,48975,12-05-2025 13:46,51.4,3054975,483675
12-05-2025 13:46,24940.1,894975,338400,12-05-2025 13:46,602.6,261225,48600,12-05-2025 13:46,51,3054000,487800
12-05-2025 13:46,24944,895500,342000,12-05-2025 13:46,600,262800,52050,12-05-2025 13:46,51.65,3066375,489675
12-05-2025 13:46,24939,890850,352125,12-05-2025 13:46,601.4,260175,49200,12-05-2025 13:46,51.55,3066975,500700
12-05-2025 13:46,24937.8,892500,353250,12-05-2025 13:46,0,0,0,12-05-2025 13:46,51.75,3074700,489900
12-05-2025 13:46,24938.3,890250,340350,12-05-2025 13:46,604.95,260550,49050,12-05-2025 13:46,51.8,3072975,489900
12-05-2025 13:47,24943,893850,340200,12-05-2025 13:47,608,264450,48225,12-05-2025 13:47,51.55,3073275,489075
12-05-2025 13:47,24942.1,893175,332925,12-05-2025 13:47,606.35,263100,50550,12-05-2025 13:47,51.65,3067575,497625
12-05-2025 13:47,24944,890700,340425,12-05-2025 13:47,605.4,260775,49125,12-05-2025 13:47,51.8,3070200,491700
12-05-2025 13:47,24944,891675,340800,12-05-2025 13:47,603,262575,50325,12-05-2025 13:47,51.8,3070650,494325
12-05-2025 13:47,24940.2,889950,342525,12-05-2025 13:47,600.15,260625,54900,12-05-2025 13:47,52.25,3070950,484800
12-05-2025 13:47,24937,888300,342975,12-05-2025 13:47,598.65,260400,52200,12-05-2025 13:47,52.25,3083025,482775
12-05-2025 13:48,24940,886650,340350,12-05-2025 13:48,599,261825,48825,12-05-2025 13:48,52.25,3084600,489825
12-05-2025 13:48,24936.2,887400,339975,12-05-2025 13:48,599.85,261225,48825,12-05-2025 13:48,52.45,3080175,488325
12-05-2025 13:48,24940.2,890700,337425,12-05-2025 13:48,603.35,263475,48975,12-05-2025 13:48,52.05,3074700,486750
12-05-2025 13:48,24945,890025,336000,12-05-2025 13:48,607.05,264825,48825,12-05-2025 13:48,52.4,3079275,484200
12-05-2025 13:48,24945,888525,338175,12-05-2025 13:48,604.55,260250,49275,12-05-2025 13:48,52.55,3081525,477000
12-05-2025 13:48,24940,888375,337875,12-05-2025 13:48,604.3,260550,48900,12-05-2025 13:48,52.55,3080700,478350
12-05-2025 13:49,24944,889275,337275,12-05-2025 13:49,606,260850,50025,12-05-2025 13:49,52.15,3078825,485625
12-05-2025 13:49,24942.9,889275,334350,12-05-2025 13:49,0,0,0,12-05-2025 13:49,52.05,3076800,488325
12-05-2025 13:49,24944.9,888525,334500,12-05-2025 13:49,607.45,264300,48525,12-05-2025 13:49,52.3,3078750,487500
12-05-2025 13:49,24942.1,888300,339000,12-05-2025 13:49,604.45,260400,49425,12-05-2025 13:49,52.55,3083850,483975
12-05-2025 13:49,24940,887550,339675,12-05-2025 13:49,601.3,261225,50025,12-05-2025 13:49,52.65,3084675,476100
12-05-2025 13:49,24939.5,888375,342150,12-05-2025 13:49,600.3,260475,50175,12-05-2025 13:49,52.75,3084750,481200
12-05-2025 13:50,24936.2,890775,343125,12-05-2025 13:50,597.55,260775,50625,12-05-2025 13:50,52.85,3087525,483150
12-05-2025 13:50,24936,889875,343950,12-05-2025 13:50,596.95,260025,53400,12-05-2025 13:50,53.25,3090225,480900
12-05-2025 13:50,24935,889350,344625,12-05-2025 13:50,596.85,261375,50700,12-05-2025 13:50,53.45,3086325,476250
12-05-2025 13:50,24935.4,889950,343425,12-05-2025 13:50,597.2,260700,49425,12-05-2025 13:50,53.45,3086475,477225
12-05-2025 13:50,24933,887925,343500,12-05-2025 13:50,596.75,261000,49725,12-05-2025 13:50,53.5,3089100,478950
12-05-2025 13:50,24932.9,888375,343125,12-05-2025 13:50,596.6,261075,50775,12-05-2025 13:50,53.5,3088350,479475
12-05-2025 13:51,24932.9,888900,339300,12-05-2025 13:51,596.6,261300,49500,12-05-2025 13:51,53.15,3085050,485700
12-05-2025 13:51,24934,894450,342375,12-05-2025 13:51,599.3,260175,50100,12-05-2025 13:51,53.3,3085575,483900
12-05-2025 13:51,24932.3,891825,344100,12-05-2025 13:51,599.5,261075,53325,12-05-2025 13:51,53.65,3084675,486525
12-05-2025 13:51,24937.7,892575,342750,12-05-2025 13:51,0,0,0,12-05-2025 13:51,53.45,3081075,482775
12-05-2025 13:51,24934.9,894375,341100,12-05-2025 13:51,599.5,260400,49650,12-05-2025 13:51,53.05,3077925,485100
12-05-2025 13:51,24934.9,895575,340050,12-05-2025 13:51,601,266025,50100,12-05-2025 13:51,53.2,3077625,484725
12-05-2025 13:52,24934.4,894975,342675,12-05-2025 13:52,598,261225,48825,12-05-2025 13:52,53.45,3075900,484500
12-05-2025 13:52,24934.3,893325,344775,12-05-2025 13:52,596.85,261450,69825,12-05-2025 13:52,53.2,3074325,486600
12-05-2025 13:52,24930.7,890775,343575,12-05-2025 13:52,594,265500,72225,12-05-2025 13:52,53.6,3077700,486225
12-05-2025 13:52,24926.9,886575,342675,12-05-2025 13:52,590.8,263175,72000,12-05-2025 13:52,53.4,3072900,485700
12-05-2025 13:52,24927.5,882975,340875,12-05-2025 13:52,589,258525,51225,12-05-2025 13:52,53.8,3090000,487725
12-05-2025 13:52,24926.1,881775,345225,12-05-2025 13:52,589,263775,59925,12-05-2025 13:52,53.55,3085500,483000
12-05-2025 13:53,24927.8,887625,343875,12-05-2025 13:53,595,260325,51150,12-05-2025 13:53,53.6,3075000,485475
12-05-2025 13:53,24926.2,888525,342450,12-05-2025 13:53,590,261525,53850,12-05-2025 13:53,53.5,3081075,485625
12-05-2025 13:53,24925.1,885000,341250,12-05-2025 13:53,591.9,258000,53175,12-05-2025 13:53,53.8,3089475,483375
12-05-2025 13:53,24930,885225,341625,12-05-2025 13:53,0,0,0,12-05-2025 13:53,53.8,3089175,484650
12-05-2025 13:53,24930,891225,342000,12-05-2025 13:53,0,0,0,12-05-2025 13:53,53.4,3089550,479400
12-05-2025 13:53,24925.5,891600,344325,12-05-2025 13:53,0,0,0,12-05-2025 13:53,53.65,3075300,480000
12-05-2025 13:54,24925.5,889200,342825,12-05-2025 13:54,588.75,257625,52200,12-05-2025 13:54,53.7,3076050,484650
12-05-2025 13:54,24925,888225,345975,12-05-2025 13:54,586.1,257925,52725,12-05-2025 13:54,53.6,3074850,482100
12-05-2025 13:54,24920.6,885525,353175,12-05-2025 13:54,587.8,258225,53775,12-05-2025 13:54,53.4,3072900,482325
12-05-2025 13:54,24919.1,885000,352500,12-05-2025 13:54,0,0,0,12-05-2025 13:54,53.5,3074625,483825
12-05-2025 13:54,24917.9,887100,353250,12-05-2025 13:54,585.85,258000,56625,12-05-2025 13:54,53.5,3069675,483900
12-05-2025 13:54,24922.7,888075,352725,12-05-2025 13:54,592,260850,52800,12-05-2025 13:54,53.15,3067125,484950
12-05-2025 13:55,24925.7,893700,340725,12-05-2025 13:55,593.8,258750,55650,12-05-2025 13:55,52.6,3066000,480975
12-05-2025 13:55,24925.7,891375,339300,12-05-2025 13:55,593.8,258300,51675,12-05-2025 13:55,52.85,3067050,483900
12-05-2025 13:55,24927.9,888825,338925,12-05-2025 13:55,592.75,259125,53400,12-05-2025 13:55,53.15,3072450,481725
12-05-2025 13:55,24925,891675,340275,12-05-2025 13:55,592,258900,56775,12-05-2025 13:55,53.6,3075300,483750
12-05-2025 13:55,24925.4,893850,340425,12-05-2025 13:55,593.05,258900,52950,12-05-2025 13:55,53.65,3101625,480600
12-05-2025 13:55,24925,892725,340275,12-05-2025 13:55,593.75,259125,54675,12-05-2025 13:55,53.45,3071625,483075
12-05-2025 13:56,24926.4,892800,343875,12-05-2025 13:56,588,259875,57825,12-05-2025 13:56,53.6,3068025,482700
12-05-2025 13:56,24919.7,890325,347775,12-05-2025 13:56,582.8,257475,57450,12-05-2025 13:56,53.45,3113700,484575
12-05-2025 13:56,24917.5,891675,346575,12-05-2025 13:56,585.45,257625,54225,12-05-2025 13:56,53.75,3117675,478350
12-05-2025 13:56,24917.8,891900,344250,12-05-2025 13:56,583.6,264000,53700,12-05-2025 13:56,53.4,3116475,487875
12-05-2025 13:56,24920.7,894975,342150,12-05-2025 13:56,588.5,258450,56100,12-05-2025 13:56,52.95,3065700,493050
12-05-2025 13:56,24922.7,902250,341100,12-05-2025 13:56,586,258525,55875,12-05-2025 13:56,53,3059400,491775
12-05-2025 13:57,24920,901350,342975,12-05-2025 13:57,585.55,258825,55800,12-05-2025 13:57,53.1,3062025,489300
12-05-2025 13:57,24917,901950,344625,12-05-2025 13:57,583.5,258600,54750,12-05-2025 13:57,53.2,3060600,484425
12-05-2025 13:57,24919.4,902400,344700,12-05-2025 13:57,585,258900,53250,12-05-2025 13:57,53.1,3057600,482475
12-05-2025 13:57,24917.6,904200,342450,12-05-2025 13:57,587.1,259650,52050,12-05-2025 13:57,53.05,3056700,484275
12-05-2025 13:57,24921,907500,343425,12-05-2025 13:57,587.1,259050,51225,12-05-2025 13:57,52.65,3058050,484875
12-05-2025 13:57,24920.8,902400,343200,12-05-2025 13:57,587,259050,55650,12-05-2025 13:57,52.7,3059550,486000
12-05-2025 13:58,24924,902850,343725,12-05-2025 13:58,585,261450,55125,12-05-2025 13:58,53,3060150,483600
12-05-2025 13:58,24922,901350,344700,12-05-2025 13:58,0,0,0,12-05-2025 13:58,52.85,3059175,485700
12-05-2025 13:58,24920,901275,347250,12-05-2025 13:58,585,259350,56325,12-05-2025 13:58,52.85,3061650,484725
12-05-2025 13:58,24921,901125,348300,12-05-2025 13:58,583.9,259425,54975,12-05-2025 13:58,52.9,3061350,487425
12-05-2025 13:58,24920,908775,349650,12-05-2025 13:58,583.9,259125,55425,12-05-2025 13:58,52.8,3059850,486000
12-05-2025 13:58,24927.8,910725,350550,12-05-2025 13:58,595,261000,56100,12-05-2025 13:58,51.6,3063150,487350
12-05-2025 13:59,24928.5,902325,341250,12-05-2025 13:59,594.2,259725,52125,12-05-2025 13:59,51.95,3056700,494325
12-05-2025 13:59,24935,902700,342300,12-05-2025 13:59,594.5,260250,52575,12-05-2025 13:59,52.2,3056850,501075
12-05-2025 13:59,24930,902775,342825,12-05-2025 13:59,594.15,259275,51375,12-05-2025 13:59,52.2,3061950,496500
12-05-2025 13:59,24933,901950,342450,12-05-2025 13:59,593.95,262275,55500,12-05-2025 13:59,52.3,3064650,501825
12-05-2025 13:59,24932,906450,342450,12-05-2025 13:59,596.5,261075,52275,12-05-2025 13:59,52,3058050,502275
12-05-2025 13:59,24935,911025,337950,12-05-2025 13:59,598.2,261900,51000,12-05-2025 13:59,51.7,3058200,506625
12-05-2025 14:00,24935,907575,340650,12-05-2025 14:00,598.1,258825,51450,12-05-2025 14:00,51.95,3066600,502875
12-05-2025 14:00,24932,905175,344850,12-05-2025 14:00,593.55,259350,56100,12-05-2025 14:00,52.5,3076350,499350
12-05-2025 14:00,24930.2,913050,345750,12-05-2025 14:00,0,0,0,12-05-2025 14:00,52.3,3077175,496425
12-05-2025 14:00,24932.4,907425,345900,12-05-2025 14:00,593.5,259575,52125,12-05-2025 14:00,52.35,3072675,494775
12-05-2025 14:00,24930.2,908175,345075,12-05-2025 14:00,593.5,259200,54000,12-05-2025 14:00,52.3,3070425,498375
12-05-2025 14:00,24931.7,908025,345225,12-05-2025 14:00,592.3,259125,54150,12-05-2025 14:00,52.35,3073425,498375
12-05-2025 14:01,24931.7,909300,342825,12-05-2025 14:01,598.8,259950,51600,12-05-2025 14:01,52.65,3069000,497850
12-05-2025 14:01,24931.7,907350,346275,12-05-2025 14:01,0,0,0,12-05-2025 14:01,52.6,3077175,498075
12-05-2025 14:01,24933.9,910200,337875,12-05-2025 14:01,0,0,0,12-05-2025 14:01,52.15,3076275,498600
12-05-2025 14:01,24933.9,910200,336075,12-05-2025 14:01,594,259500,53850,12-05-2025 14:01,52.4,3075075,495225
12-05-2025 14:01,24933.6,908700,329325,12-05-2025 14:01,0,0,0,12-05-2025 14:01,52.25,3072300,499500
12-05-2025 14:01,24932,909225,329325,12-05-2025 14:01,592,258900,55125,12-05-2025 14:01,52.5,3070800,499875
12-05-2025 14:02,24931,906975,329625,12-05-2025 14:02,592,258450,51000,12-05-2025 14:02,52.65,3077475,501750
12-05-2025 14:02,24929.9,904875,331200,12-05-2025 14:02,590.5,258525,53025,12-05-2025 14:02,52.75,3076500,490950
12-05-2025 14:02,24929.8,904500,330750,12-05-2025 14:02,590.7,259125,53925,12-05-2025 14:02,52.6,3074550,501300
12-05-2025 14:02,24932,905925,331125,12-05-2025 14:02,599.25,259725,51600,12-05-2025 14:02,52.35,3076800,500175
12-05-2025 14:02,24931.8,910200,328650,12-05-2025 14:02,0,0,0,12-05-2025 14:02,52.35,3074625,494325
12-05-2025 14:02,24937.1,909075,330675,12-05-2025 14:02,0,0,0,12-05-2025 14:02,52.35,3065625,498900
12-05-2025 14:03,24936,906675,330675,12-05-2025 14:03,0,0,0,12-05-2025 14:03,52.75,3070950,501825
12-05-2025 14:03,24931.8,909150,330450,12-05-2025 14:03,599.25,259275,55650,12-05-2025 14:03,52.6,3074100,499350
12-05-2025 14:03,24935.4,911775,330675,12-05-2025 14:03,595.2,259050,55275,12-05-2025 14:03,52.3,3070350,502500
12-05-2025 14:03,24935.8,906900,332175,12-05-2025 14:03,595.95,259575,52425,12-05-2025 14:03,52.3,3072225,503625
12-05-2025 14:03,24935.6,907500,330525,12-05-2025 14:03,0,0,0,12-05-2025 14:03,52.1,3069075,506325
12-05-2025 14:03,24932.6,907425,332925,12-05-2025 14:03,0,0,0,12-05-2025 14:03,52.3,3072600,505725
12-05-2025 14:04,24935.8,907200,331500,12-05-2025 14:04,595.55,259125,52350,12-05-2025 14:04,52.1,3069675,507000
12-05-2025 14:04,24931.1,907800,331575,12-05-2025 14:04,595.5,258450,52725,12-05-2025 14:04,52.15,3067650,506625
12-05-2025 14:04,24932,907725,332175,12-05-2025 14:04,596.9,259575,52725,12-05-2025 14:04,52.4,3068925,502500
12-05-2025 14:04,24931,912825,329625,12-05-2025 14:04,594.05,259800,52800,12-05-2025 14:04,52.3,3071175,496500
12-05-2025 14:04,24931,910500,333600,12-05-2025 14:04,593,261750,52650,12-05-2025 14:04,52.6,3071850,494175
12-05-2025 14:04,24931,910425,333000,12-05-2025 14:04,593,258825,51825,12-05-2025 14:04,52.7,3073275,499050
12-05-2025 14:05,24931.5,908475,334800,12-05-2025 14:05,592,259350,53550,12-05-2025 14:05,52.55,3073575,504675
12-05-2025 14:05,24926.1,907875,335475,12-05-2025 14:05,592.2,258825,52650,12-05-2025 14:05,52.6,3072900,505425
12-05-2025 14:05,24926.6,906450,332550,12-05-2025 14:05,592.75,259425,52200,12-05-2025 14:05,52.5,3070800,504675
12-05-2025 14:05,24927.2,904950,332700,12-05-2025 14:05,592.6,259350,52875,12-05-2025 14:05,53,3070650,505500
12-05-2025 14:05,24926.1,903375,340125,12-05-2025 14:05,589.5,258450,52350,12-05-2025 14:05,52.85,3067425,489150
12-05-2025 14:05,24925,902925,336150,12-05-2025 14:05,589.8,261000,52500,12-05-2025 14:05,52.6,3070200,499575
12-05-2025 14:06,24922.1,905175,339150,12-05-2025 14:06,591.75,259800,51000,12-05-2025 14:06,52.9,3072450,496275
12-05-2025 14:06,24921.5,901800,340350,12-05-2025 14:06,586.5,257475,52875,12-05-2025 14:06,53,3075675,494850
12-05-2025 14:06,24921.7,903375,336600,12-05-2025 14:06,589.9,263325,50550,12-05-2025 14:06,52.9,3072300,508350
12-05-2025 14:06,24924.2,908025,339375,12-05-2025 14:06,589.95,261675,52725,12-05-2025 14:06,53,3071550,509325
12-05-2025 14:06,24922.4,906375,340875,12-05-2025 14:06,590.45,260175,57750,12-05-2025 14:06,52.8,3068925,507675
12-05-2025 14:06,24921.1,906000,343050,12-05-2025 14:06,590.45,259800,52275,12-05-2025 14:06,53,3075675,507075
12-05-2025 14:07,24922.3,908250,338925,12-05-2025 14:07,0,0,0,12-05-2025 14:07,52.95,3073425,512700
12-05-2025 14:07,24926.2,906975,338625,12-05-2025 14:07,595,265125,51450,12-05-2025 14:07,51.35,3072525,516375
12-05-2025 14:07,24927.7,908100,333000,12-05-2025 14:07,596,263400,51750,12-05-2025 14:07,52.1,3056925,512775
12-05-2025 14:07,24932,913725,332250,12-05-2025 14:07,595.55,260175,50775,12-05-2025 14:07,51.85,3058650,509700
12-05-2025 14:07,24933.5,914100,334350,12-05-2025 14:07,595.05,260625,56850,12-05-2025 14:07,52.4,3053925,508875
12-05-2025 14:07,24933.4,913350,336375,12-05-2025 14:07,0,0,0,12-05-2025 14:07,52.45,3063900,515775
12-05-2025 14:08,24933.4,911250,338100,12-05-2025 14:08,593.5,257850,55800,12-05-2025 14:08,52.3,3058800,529650
12-05-2025 14:08,24927.1,911700,338700,12-05-2025 14:08,594.8,260100,51825,12-05-2025 14:08,52.55,3064200,529800
12-05-2025 14:08,24932.2,912675,333225,12-05-2025 14:08,596,258975,50625,12-05-2025 14:08,52.25,3063000,528900
12-05-2025 14:08,24933.4,915900,330150,12-05-2025 14:08,599.35,258675,49125,12-05-2025 14:08,52.4,3059025,528450
12-05-2025 14:08,24940,915225,330825,12-05-2025 14:08,607,260850,49575,12-05-2025 14:08,52,3062175,521775
12-05-2025 14:08,24939.7,917250,330525,12-05-2025 14:08,602.8,256575,50400,12-05-2025 14:08,52.45,3059925,521625
12-05-2025 14:09,24939.1,916425,327900,12-05-2025 14:09,0,0,0,12-05-2025 14:09,52.25,3061725,525300
12-05-2025 14:09,24935,915825,333225,12-05-2025 14:09,601.2,257325,48750,12-05-2025 14:09,52.25,3062100,517125
12-05-2025 14:09,24935,916200,330075,12-05-2025 14:09,597.7,257550,49350,12-05-2025 14:09,52.15,3060825,523275
12-05-2025 14:09,24931,915975,332775,12-05-2025 14:09,0,0,0,12-05-2025 14:09,52.4,3066450,521025
12-05-2025 14:09,24930,916875,336225,12-05-2025 14:09,599.3,260250,49500,12-05-2025 14:09,52.55,3065625,506625
12-05-2025 14:09,24931.2,914925,334575,12-05-2025 14:09,0,0,0,12-05-2025 14:09,52.45,3066075,502425
12-05-2025 14:10,24930,915900,333675,12-05-2025 14:10,0,0,0,12-05-2025 14:10,52.2,3062925,512250
12-05-2025 14:10,24935.5,915675,333000,12-05-2025 14:10,0,0,0,12-05-2025 14:10,52.5,3073275,512850
12-05-2025 14:10,24935,918300,331725,12-05-2025 14:10,0,0,0,12-05-2025 14:10,52.35,3068850,512775
12-05-2025 14:10,24935.5,915525,332550,12-05-2025 14:10,599.3,260100,54900,12-05-2025 14:10,52.4,3066600,512325
12-05-2025 14:10,24935,914550,334575,12-05-2025 14:10,0,0,0,12-05-2025 14:10,52.35,3070350,507825
12-05-2025 14:10,24931.7,917550,332025,12-05-2025 14:10,0,0,0,12-05-2025 14:10,52.25,3072675,511725
12-05-2025 14:11,24935.9,918600,333000,12-05-2025 14:11,600,259425,47925,12-05-2025 14:11,52.4,3070575,511650
12-05-2025 14:11,24939.6,917250,334950,12-05-2025 14:11,600.7,260625,49575,12-05-2025 14:11,52.4,3068175,512550
12-05-2025 14:11,24939,917925,334575,12-05-2025 14:11,0,0,0,12-05-2025 14:11,52.55,3070425,514275
12-05-2025 14:11,24936,918150,333825,12-05-2025 14:11,601,261150,49125,12-05-2025 14:11,52.7,3071025,512250
12-05-2025 14:11,24939.8,921150,327900,12-05-2025 14:11,608,260625,48525,12-05-2025 14:11,53,3070575,503475
12-05-2025 14:11,24945,924675,328425,12-05-2025 14:11,607.6,261750,48150,12-05-2025 14:11,53.1,3068475,496950
12-05-2025 14:12,24949.8,924375,324075,12-05-2025 14:12,612.6,266475,48150,12-05-2025 14:12,52.6,3067500,498825
12-05-2025 14:12,24949.9,923475,324750,12-05-2025 14:12,609,261300,46350,12-05-2025 14:12,53,3067350,499575
12-05-2025 14:12,24950,924075,315150,12-05-2025 14:12,609.5,261225,48675,12-05-2025 14:12,52.85,3063150,501600
12-05-2025 14:12,24951.8,922425,316200,12-05-2025 14:12,0,0,0,12-05-2025 14:12,52.65,3062325,503325
12-05-2025 14:12,24948.5,922350,310650,12-05-2025 14:12,614.1,262125,46575,12-05-2025 14:12,52.95,3062175,508875
12-05-2025 14:12,24953.9,924150,306600,12-05-2025 14:12,0,0,0,12-05-2025 14:12,53.3,3064650,499575
12-05-2025 14:13,24949.9,930300,308775,12-05-2025 14:13,614.1,261525,44250,12-05-2025 14:13,53,3063375,502200
12-05-2025 14:13,24949.9,927600,301800,12-05-2025 14:13,614.8,261900,49050,12-05-2025 14:13,53,3066000,503250
12-05-2025 14:13,24952,926850,303300,12-05-2025 14:13,0,0,0,12-05-2025 14:13,53.25,3069600,501075
12-05-2025 14:13,24954,923100,301800,12-05-2025 14:13,628,261300,44700,12-05-2025 14:13,53.25,3068550,501225
12-05-2025 14:13,24954.4,929325,300675,12-05-2025 14:13,0,0,0,12-05-2025 14:13,52.75,3079050,501225
12-05-2025 14:13,24964.4,928725,298875,12-05-2025 14:13,625.5,260100,46575,12-05-2025 14:13,52.4,3079200,499800
12-05-2025 14:14,24959,926850,291600,12-05-2025 14:14,622.95,261900,48075,12-05-2025 14:14,52.8,3055350,509700
12-05-2025 14:14,24960,929625,288075,12-05-2025 14:14,626.4,262200,44925,12-05-2025 14:14,52.65,3054000,509400
12-05-2025 14:14,24964,929025,287025,12-05-2025 14:14,631.35,261900,44475,12-05-2025 14:14,52.8,3054000,508275
12-05-2025 14:14,24969.9,930900,287175,12-05-2025 14:14,635,264825,51075,12-05-2025 14:14,52.95,3053250,509175
12-05-2025 14:14,24969,928650,285450,12-05-2025 14:14,640,264825,44175,12-05-2025 14:14,52.55,3054150,516900
12-05-2025 14:14,24975.1,933525,275850,12-05-2025 14:14,641.7,267150,37800,12-05-2025 14:14,53,3058875,515700
12-05-2025 14:15,24978.2,931050,275025,12-05-2025 14:15,650,264375,39450,12-05-2025 14:15,53.25,3059775,499950
12-05-2025 14:15,24994.5,927675,248100,12-05-2025 14:15,663.3,265275,42375,12-05-2025 14:15,52.05,3060225,494550
12-05-2025 14:15,24987,941700,271200,12-05-2025 14:15,650,265050,37275,12-05-2025 14:15,52.5,3042900,495900
12-05-2025 14:15,24993,910500,300000,12-05-2025 14:15,656.75,265050,41100,12-05-2025 14:15,52.8,3054075,494850
12-05-2025 14:15,24993.9,915300,304650,12-05-2025 14:15,660,265425,39900,12-05-2025 14:15,53.2,3053025,500550
12-05-2025 14:15,24993.9,921750,307125,12-05-2025 14:15,658.95,272775,38475,12-05-2025 14:15,53.05,3058350,502350
12-05-2025 14:16,24994.3,930075,312825,12-05-2025 14:16,0,0,0,12-05-2025 14:16,52.95,3059100,499950
12-05-2025 14:16,25015.1,916500,315900,12-05-2025 14:16,680,267675,38700,12-05-2025 14:16,53,3052575,498900
12-05-2025 14:16,25015,918300,279150,12-05-2025 14:16,683.7,267150,40500,12-05-2025 14:16,52.6,3054300,501600
12-05-2025 14:16,25013.1,924750,234900,12-05-2025 14:16,686.15,268050,38325,12-05-2025 14:16,53.15,3055725,497100
12-05-2025 14:16,25013.2,920250,246975,12-05-2025 14:16,679.85,266700,40050,12-05-2025 14:16,53.05,3057300,492300
12-05-2025 14:16,25002.1,916725,247875,12-05-2025 14:16,673.45,266925,38925,12-05-2025 14:16,52.45,3051900,495450
12-05-2025 14:17,25010.9,915450,245100,12-05-2025 14:17,681,262650,39675,12-05-2025 14:17,52.25,3046500,496875
12-05-2025 14:17,25009.7,911925,250800,12-05-2025 14:17,681,257325,40275,12-05-2025 14:17,52.55,3047400,499800
12-05-2025 14:17,25009.8,910200,249825,12-05-2025 14:17,674,259650,41400,12-05-2025 14:17,52.8,3051150,504450
12-05-2025 14:17,25005.7,909750,256350,12-05-2025 14:17,677,250950,40500,12-05-2025 14:17,52.6,3062175,504300
12-05-2025 14:17,25006.6,911175,254175,12-05-2025 14:17,673.85,238275,40125,12-05-2025 14:17,52.65,3063825,502500
12-05-2025 14:17,25005.1,904500,260250,12-05-2025 14:17,675,238875,40875,12-05-2025 14:17,52.7,3051600,504450
12-05-2025 14:18,25003.4,905850,260775,12-05-2025 14:18,670.7,239175,43350,12-05-2025 14:18,52.25,3054600,507450
12-05-2025 14:18,25002.9,908325,259125,12-05-2025 14:18,670.45,238800,41175,12-05-2025 14:18,52.1,3044325,508350
12-05-2025 14:18,25000,898575,261600,12-05-2025 14:18,665,238500,45000,12-05-2025 14:18,52.15,3051075,506625
12-05-2025 14:18,24995.5,886275,269775,12-05-2025 14:18,659.85,235875,51075,12-05-2025 14:18,52.2,3049575,505575
12-05-2025 14:18,24992.8,910575,261225,12-05-2025 14:18,661.85,237900,53025,12-05-2025 14:18,51.9,3044775,504450
12-05-2025 14:18,24994.3,906000,268200,12-05-2025 14:18,0,0,0,12-05-2025 14:18,51.65,3045375,511500
12-05-2025 14:19,24997.5,909150,270225,12-05-2025 14:19,661.65,236850,54075,12-05-2025 14:19,51.95,3046875,511575
12-05-2025 14:19,24990,904275,268125,12-05-2025 14:19,660.95,240225,54600,12-05-2025 14:19,52.2,3048750,510075
12-05-2025 14:19,24995,909450,273075,12-05-2025 14:19,660.1,237975,61350,12-05-2025 14:19,52.15,3050625,508500
12-05-2025 14:19,24995,917100,274125,12-05-2025 14:19,664.95,239775,59550,12-05-2025 14:19,52.3,3050475,507900
12-05-2025 14:19,24997.8,918450,275025,12-05-2025 14:19,663.9,238050,52800,12-05-2025 14:19,52.4,3052500,505575
12-05-2025 14:19,24991.2,914475,276000,12-05-2025 14:19,660.2,238275,55575,12-05-2025 14:19,52.2,3051375,507525
12-05-2025 14:20,24992.2,921825,277125,12-05-2025 14:20,660.8,238725,55800,12-05-2025 14:20,52.55,3053250,506850
12-05-2025 14:20,24993,919350,275625,12-05-2025 14:20,665.35,238950,55500,12-05-2025 14:20,52.5,3050625,506850
12-05-2025 14:20,24996.1,928725,273750,12-05-2025 14:20,665.95,238200,54900,12-05-2025 14:20,52.5,3046425,507225
12-05-2025 14:20,24998,922650,272325,12-05-2025 14:20,669.15,239325,57375,12-05-2025 14:20,52.5,1065000,494550
12-05-2025 14:20,24997.4,923775,270450,12-05-2025 14:20,0,0,0,12-05-2025 14:20,52.35,487875,494550
12-05-2025 14:20,24998,921075,274200,12-05-2025 14:20,665.05,244875,57375,12-05-2025 14:20,52.35,492525,493725
12-05-2025 14:21,25000,920850,269025,12-05-2025 14:21,662.05,244425,57000,12-05-2025 14:21,52.2,490275,496125
12-05-2025 14:21,25000,919200,272850,12-05-2025 14:21,664.65,249600,57375,12-05-2025 14:21,52.1,489150,502350
12-05-2025 14:21,25000,920925,271650,12-05-2025 14:21,666,245025,57150,12-05-2025 14:21,52.15,487050,504300
12-05-2025 14:21,25000,922500,270225,12-05-2025 14:21,666,245550,57150,12-05-2025 14:21,52.4,484050,504150
12-05-2025 14:21,24997.8,922800,270525,12-05-2025 14:21,667.05,246675,57450,12-05-2025 14:21,52.4,487275,491700
12-05-2025 14:21,24998,927525,269700,12-05-2025 14:21,0,0,0,12-05-2025 14:21,52.3,488250,498000
12-05-2025 14:22,24995,927675,272775,12-05-2025 14:22,665.2,245700,58800,12-05-2025 14:22,52.2,490425,497100
12-05-2025 14:22,24995.1,925650,272925,12-05-2025 14:22,662,245700,57600,12-05-2025 14:22,52.2,493575,499200
12-05-2025 14:22,24993,922350,276150,12-05-2025 14:22,661.15,244500,57750,12-05-2025 14:22,52,492975,497475
12-05-2025 14:22,24992,917925,275325,12-05-2025 14:22,662,243450,57750,12-05-2025 14:22,52.15,496350,493425
12-05-2025 14:22,24992.5,919725,276450,12-05-2025 14:22,661.8,243300,58800,12-05-2025 14:22,52.1,507900,502725
12-05-2025 14:22,24991.3,919425,289050,12-05-2025 14:22,0,0,0,12-05-2025 14:22,52.15,510975,501525
12-05-2025 14:23,24992.5,920925,293775,12-05-2025 14:23,657,241050,59700,12-05-2025 14:23,51.45,506475,499125
12-05-2025 14:23,24992.7,904575,288525,12-05-2025 14:23,656.45,237225,59775,12-05-2025 14:23,51.5,479400,501675
12-05-2025 14:23,24992.7,910800,283950,12-05-2025 14:23,0,0,0,12-05-2025 14:23,51.45,477600,502425
12-05-2025 14:23,24990.3,922800,283875,12-05-2025 14:23,661.15,238125,57825,12-05-2025 14:23,51.3,568050,506550
12-05-2025 14:23,24987.7,920625,279675,12-05-2025 14:23,659.4,237675,63675,12-05-2025 14:23,51.35,483375,504150
12-05-2025 14:23,24987,925650,281625,12-05-2025 14:23,657,236850,61425,12-05-2025 14:23,51.4,482475,506700
12-05-2025 14:24,24988.5,921825,281775,12-05-2025 14:24,657.9,235575,57825,12-05-2025 14:24,51.25,479850,508875
12-05-2025 14:24,24988.9,924450,282825,12-05-2025 14:24,657,236325,60450,12-05-2025 14:24,51,474825,508575
12-05-2025 14:24,24991,928875,281550,12-05-2025 14:24,661.1,236625,58875,12-05-2025 14:24,50.65,478200,509925
12-05-2025 14:24,24993.4,930225,281400,12-05-2025 14:24,0,0,0,12-05-2025 14:24,50.8,474975,511950
12-05-2025 14:24,24991.7,927825,279600,12-05-2025 14:24,661.15,236625,58575,12-05-2025 14:24,51.15,480900,511800
12-05-2025 14:24,24994.9,925650,280575,12-05-2025 14:24,658,235875,61650,12-05-2025 14:24,51.1,482100,509775
12-05-2025 14:25,24995,925725,280800,12-05-2025 14:25,656.75,234600,60075,12-05-2025 14:25,50.9,483075,509550
12-05-2025 14:25,24995,930825,278475,12-05-2025 14:25,660.15,234525,58950,12-05-2025 14:25,50.75,482175,510300
12-05-2025 14:25,24993,929175,279150,12-05-2025 14:25,656.35,235650,58125,12-05-2025 14:25,51,486450,506325
12-05-2025 14:25,24993,921300,279450,12-05-2025 14:25,656.35,235425,57750,12-05-2025 14:25,50.85,488850,504900
12-05-2025 14:25,24991,923625,280275,12-05-2025 14:25,657.95,240300,57300,12-05-2025 14:25,50.85,487050,497625
12-05-2025 14:25,24993,944775,279225,12-05-2025 14:25,657.15,245625,56850,12-05-2025 14:25,51.05,489450,497925
12-05-2025 14:26,24993.8,945075,279300,12-05-2025 14:26,662.95,241725,57450,12-05-2025 14:26,51.2,489825,498150
12-05-2025 14:26,24999,928725,276900,12-05-2025 14:26,661,236400,57450,12-05-2025 14:26,51.45,492000,496275
12-05-2025 14:26,24997.4,928500,281175,12-05-2025 14:26,663.7,235875,57225,12-05-2025 14:26,51.25,494175,496050
12-05-2025 14:26,24999.9,927675,274650,12-05-2025 14:26,662.5,241650,56925,12-05-2025 14:26,51.15,468150,475275
12-05-2025 14:26,25000,927675,274350,12-05-2025 14:26,663.9,245850,57450,12-05-2025 14:26,51.15,474375,475350
12-05-2025 14:26,24997.7,926325,276975,12-05-2025 14:26,660,236100,58050,12-05-2025 14:26,51.45,475500,476025
12-05-2025 14:27,24995,922950,274725,12-05-2025 14:27,0,0,0,12-05-2025 14:27,51.35,471000,471525
12-05-2025 14:27,24997.8,927525,275100,12-05-2025 14:27,661.4,235725,58950,12-05-2025 14:27,51.35,466350,472200
12-05-2025 14:27,24995,930225,280725,12-05-2025 14:27,661.4,235425,58050,12-05-2025 14:27,51.55,474525,471975
12-05-2025 14:27,24994.7,928200,280500,12-05-2025 14:27,657,236325,58050,12-05-2025 14:27,51.4,477975,469500
12-05-2025 14:27,24993.4,923775,282150,12-05-2025 14:27,657.1,235950,58125,12-05-2025 14:27,51.6,485025,473175
12-05-2025 14:27,24994.9,921450,279300,12-05-2025 14:27,0,0,0,12-05-2025 14:27,51.55,480225,474900
12-05-2025 14:28,24995,918675,278025,12-05-2025 14:28,658.1,237075,57975,12-05-2025 14:28,51.55,479925,474000
12-05-2025 14:28,24995,917250,279000,12-05-2025 14:28,0,0,0,12-05-2025 14:28,51.4,477000,471450
12-05-2025 14:28,24992,916050,282825,12-05-2025 14:28,0,0,0,12-05-2025 14:28,51.55,477300,470025
12-05-2025 14:28,24995,921900,281475,12-05-2025 14:28,668,237150,57900,12-05-2025 14:28,51.65,485625,471525
12-05-2025 14:28,24995,922275,281325,12-05-2025 14:28,0,0,0,12-05-2025 14:28,51.45,479325,472950
12-05-2025 14:28,25005,921975,277800,12-05-2025 14:28,668.75,236475,57375,12-05-2025 14:28,51.55,457575,464175
12-05-2025 14:29,25004.9,921450,283725,12-05-2025 14:29,666.5,236925,58800,12-05-2025 14:29,51.7,459975,467700
12-05-2025 14:29,25005,909675,278400,12-05-2025 14:29,668.2,236925,58125,12-05-2025 14:29,51.55,460650,471750
12-05-2025 14:29,25004.6,908400,280725,12-05-2025 14:29,0,0,0,12-05-2025 14:29,51.5,508425,480300
12-05-2025 14:29,25007.7,910950,276150,12-05-2025 14:29,668.2,236175,57450,12-05-2025 14:29,51.65,505500,481500
12-05-2025 14:29,25005,909450,282375,12-05-2025 14:29,0,0,0,12-05-2025 14:29,51.7,508875,470100
12-05-2025 14:29,25004.3,908400,278925,12-05-2025 14:29,663.8,236700,57750,12-05-2025 14:29,51.9,527100,472125
12-05-2025 14:30,25004,908700,282825,12-05-2025 14:30,663.8,238425,57450,12-05-2025 14:30,51.75,531675,475725
12-05-2025 14:30,25007.2,906750,280125,12-05-2025 14:30,670,236250,57450,12-05-2025 14:30,52.55,470775,467925
12-05-2025 14:30,25008,909975,275625,12-05-2025 14:30,674.8,236400,55650,12-05-2025 14:30,52.75,464325,454125
12-05-2025 14:30,25011.9,909525,276375,12-05-2025 14:30,674.35,236175,60600,12-05-2025 14:30,52.25,463800,465975
12-05-2025 14:30,25015,911025,276900,12-05-2025 14:30,675.85,236250,53175,12-05-2025 14:30,52.25,470775,465225
12-05-2025 14:30,25015,907725,279900,12-05-2025 14:30,676.2,237150,60675,12-05-2025 14:30,52.45,483450,462000
12-05-2025 14:31,25015,910500,278700,12-05-2025 14:31,675.6,236325,53625,12-05-2025 14:31,52.25,481650,467025
12-05-2025 14:31,25015.6,910200,279525,12-05-2025 14:31,675,236400,53700,12-05-2025 14:31,52.35,481050,471000
12-05-2025 14:31,25010,908475,279375,12-05-2025 14:31,674.4,236550,54450,12-05-2025 14:31,52.1,477075,468600
12-05-2025 14:31,25014.9,904125,278775,12-05-2025 14:31,674.4,238725,53850,12-05-2025 14:31,51.85,469500,473325
12-05-2025 14:31,25005,904200,280725,12-05-2025 14:31,667.1,239250,52275,12-05-2025 14:31,51.85,472350,468000
12-05-2025 14:31,25005.2,896550,282825,12-05-2025 14:31,664.35,236475,54075,12-05-2025 14:31,52,468675,464100
12-05-2025 14:32,24995,891300,283275,12-05-2025 14:32,660,236025,54825,12-05-2025 14:32,52.2,466500,466950
12-05-2025 14:32,25001.5,897225,281925,12-05-2025 14:32,665,235125,54450,12-05-2025 14:32,52.6,477450,463275
12-05-2025 14:32,25000,899250,277200,12-05-2025 14:32,666,235125,55500,12-05-2025 14:32,52.75,475425,464850
12-05-2025 14:32,25001.9,896850,282225,12-05-2025 14:32,661.15,234600,56100,12-05-2025 14:32,52.15,468225,462675
12-05-2025 14:32,24995,900075,280875,12-05-2025 14:32,659.35,234000,58050,12-05-2025 14:32,52.15,460050,467625
12-05-2025 14:32,24993.4,897525,279375,12-05-2025 14:32,659.35,234600,56925,12-05-2025 14:32,51.75,459450,469125
12-05-2025 14:33,24993.3,896325,283050,12-05-2025 14:33,658,234900,57225,12-05-2025 14:33,52.05,461475,469725
12-05-2025 14:33,24990,896250,276600,12-05-2025 14:33,657.05,234600,55875,12-05-2025 14:33,52.1,469050,469275
12-05-2025 14:33,24990,896025,275400,12-05-2025 14:33,655.05,234450,55950,12-05-2025 14:33,52.55,474825,468975
12-05-2025 14:33,24989.8,895800,278250,12-05-2025 14:33,651.1,234150,57975,12-05-2025 14:33,52.9,473175,461400
12-05-2025 14:33,24987.4,895800,280125,12-05-2025 14:33,659.05,234750,56100,12-05-2025 14:33,52.8,472050,446625
12-05-2025 14:33,24991,900150,274575,12-05-2025 14:33,659.05,235425,55875,12-05-2025 14:33,52.85,469950,448050
12-05-2025 14:34,24990,900075,277350,12-05-2025 14:34,653.3,236100,69975,12-05-2025 14:34,53,471375,448425
12-05-2025 14:34,24985.5,899475,279975,12-05-2025 14:34,655,237300,72675,12-05-2025 14:34,52.9,477150,449550
12-05-2025 14:34,24992.2,905025,277350,12-05-2025 14:34,655.25,235575,58275,12-05-2025 14:34,52.7,481350,448800
12-05-2025 14:34,24990.6,908775,276225,12-05-2025 14:34,658,233100,56775,12-05-2025 14:34,52.95,479250,449025
12-05-2025 14:34,24990,907800,276450,12-05-2025 14:34,0,0,0,12-05-2025 14:34,53.1,481125,449625
12-05-2025 14:34,24992.1,911625,275325,12-05-2025 14:34,659.6,233025,56250,12-05-2025 14:34,52.95,474525,450900
12-05-2025 14:35,24991.5,908625,276000,12-05-2025 14:35,0,0,0,12-05-2025 14:35,52,473400,459525
12-05-2025 14:35,24989.7,904650,279300,12-05-2025 14:35,652.2,234150,58650,12-05-2025 14:35,52.7,462000,456975
12-05-2025 14:35,24985.4,903075,279375,12-05-2025 14:35,0,0,0,12-05-2025 14:35,52.5,459525,451425
12-05-2025 14:35,24988.5,908175,277350,12-05-2025 14:35,653.65,234450,57300,12-05-2025 14:35,52.6,464100,458775
12-05-2025 14:35,24985.1,912450,276600,12-05-2025 14:35,0,0,0,12-05-2025 14:35,52.2,462600,457875
12-05-2025 14:35,24989.5,912300,279375,12-05-2025 14:35,653.65,235200,57750,12-05-2025 14:35,52.05,464475,458925
12-05-2025 14:36,24986.7,914475,277800,12-05-2025 14:36,653.65,234000,57150,12-05-2025 14:36,52.2,462750,459825
12-05-2025 14:36,24996.2,923475,277050,12-05-2025 14:36,670,235050,56325,12-05-2025 14:36,51.7,487650,483900
12-05-2025 14:36,25002.6,916500,268500,12-05-2025 14:36,673.45,232200,54225,12-05-2025 14:36,51.2,471375,483150
12-05-2025 14:36,25000,907050,277125,12-05-2025 14:36,669.3,236325,54750,12-05-2025 14:36,51.65,472350,481125
12-05-2025 14:36,25003.3,909600,278850,12-05-2025 14:36,667.35,236175,54900,12-05-2025 14:36,51.8,474000,483075
12-05-2025 14:36,25003.8,912075,279375,12-05-2025 14:36,0,0,0,12-05-2025 14:36,51.6,480150,482025
12-05-2025 14:37,24999.4,904425,284025,12-05-2025 14:37,660,239475,54300,12-05-2025 14:37,52.3,480075,482100
12-05-2025 14:37,24991.7,902850,286725,12-05-2025 14:37,656.4,234000,60825,12-05-2025 14:37,52.65,478950,475125
12-05-2025 14:37,24994.9,917775,285975,12-05-2025 14:37,655.2,234825,56400,12-05-2025 14:37,52.55,475950,478725
12-05-2025 14:37,24994,920625,288450,12-05-2025 14:37,657.65,234675,59400,12-05-2025 14:37,52.05,473175,482400
12-05-2025 14:37,24987,922350,286350,12-05-2025 14:37,658.45,239025,56625,12-05-2025 14:37,52.25,468375,483675
12-05-2025 14:37,24992,909825,288300,12-05-2025 14:37,656.2,239775,57150,12-05-2025 14:37,52.55,469950,483000
12-05-2025 14:38,24988.6,910350,286050,12-05-2025 14:38,0,0,0,12-05-2025 14:38,52.4,472800,482100
12-05-2025 14:38,24989.3,912900,285225,12-05-2025 14:38,656,234675,57225,12-05-2025 14:38,52.6,475725,484125
12-05-2025 14:38,24992.1,912300,287550,12-05-2025 14:38,660.05,235500,57300,12-05-2025 14:38,52,476925,488025
12-05-2025 14:38,24993,914475,285300,12-05-2025 14:38,0,0,0,12-05-2025 14:38,52.25,468600,485100
12-05-2025 14:38,24992,916275,287700,12-05-2025 14:38,0,0,0,12-05-2025 14:38,52.15,477225,487425
12-05-2025 14:38,24992,916425,286125,12-05-2025 14:38,658,235875,59250,12-05-2025 14:38,51.85,469500,498225
12-05-2025 14:39,24992.2,915000,289650,12-05-2025 14:39,655.85,234675,60225,12-05-2025 14:39,52.05,470550,499350
12-05-2025 14:39,24990.1,915300,289200,12-05-2025 14:39,647,234225,61050,12-05-2025 14:39,52,466350,489825
12-05-2025 14:39,24992.5,915225,289800,12-05-2025 14:39,0,0,0,12-05-2025 14:39,51.95,466950,488850
12-05-2025 14:39,24984,915600,289500,12-05-2025 14:39,0,0,0,12-05-2025 14:39,52.6,469800,488400
12-05-2025 14:39,24981.3,901125,294375,12-05-2025 14:39,645,231825,62625,12-05-2025 14:39,52.8,473550,473925
12-05-2025 14:39,24980.4,893400,292350,12-05-2025 14:39,644.4,231300,63900,12-05-2025 14:39,52.75,484800,472425
12-05-2025 14:40,24975.8,891075,299175,12-05-2025 14:40,644.5,236250,61050,12-05-2025 14:40,52.95,488625,476325
12-05-2025 14:40,24978.3,894450,297525,12-05-2025 14:40,641.7,229725,62700,12-05-2025 14:40,52.4,485850,476925
12-05-2025 14:40,24976.7,895275,297900,12-05-2025 14:40,637.3,227625,64050,12-05-2025 14:40,52.8,477375,479775
12-05-2025 14:40,24971,895275,298350,12-05-2025 14:40,633.85,227925,63225,12-05-2025 14:40,52.8,471975,483750
12-05-2025 14:40,24970,890550,298650,12-05-2025 14:40,637.15,227550,65250,12-05-2025 14:40,52.95,479700,476925
12-05-2025 14:40,24970,891450,296175,12-05-2025 14:40,635.75,228300,62700,12-05-2025 14:40,53.05,481950,477600
12-05-2025 14:41,24975,897600,298425,12-05-2025 14:41,640,228225,62550,12-05-2025 14:41,52.9,477975,474225
12-05-2025 14:41,24972.5,902325,297750,12-05-2025 14:41,637.9,228450,61500,12-05-2025 14:41,52.8,468675,474675
12-05-2025 14:41,24978,899025,300375,12-05-2025 14:41,639.6,229275,60675,12-05-2025 14:41,52.65,471900,473325
12-05-2025 14:41,24972,898200,297375,12-05-2025 14:41,639,229050,60900,12-05-2025 14:41,52.8,475725,472125
12-05-2025 14:41,24985,902325,298125,12-05-2025 14:41,655,233550,57375,12-05-2025 14:41,51.45,476325,474750
12-05-2025 14:41,24988,905400,293325,12-05-2025 14:41,654.5,232650,60300,12-05-2025 14:41,51.5,459300,477375
12-05-2025 14:42,24982.7,901200,293550,12-05-2025 14:42,649.7,228525,57150,12-05-2025 14:42,51.75,463500,474000
12-05-2025 14:42,24980.2,907050,295725,12-05-2025 14:42,649.8,228600,61425,12-05-2025 14:42,51.85,470925,475575
12-05-2025 14:42,24985.1,905850,294000,12-05-2025 14:42,652.7,228825,60150,12-05-2025 14:42,51.5,473475,475575
12-05-2025 14:42,24988,905025,295425,12-05-2025 14:42,649,228300,60225,12-05-2025 14:42,51.3,473625,483675
12-05-2025 14:42,24986.7,903975,297450,12-05-2025 14:42,651,228525,59700,12-05-2025 14:42,51.75,474900,480675
12-05-2025 14:42,24985,903300,298125,12-05-2025 14:42,649.35,228525,57900,12-05-2025 14:42,51.8,474450,481575
12-05-2025 14:43,24986.7,905025,298350,12-05-2025 14:43,650.45,228675,57900,12-05-2025 14:43,51.8,475575,484950
12-05-2025 14:43,24986.1,905775,299700,12-05-2025 14:43,649.1,228075,59400,12-05-2025 14:43,51.65,475875,483225
12-05-2025 14:43,24990,905400,299400,12-05-2025 14:43,651.1,229125,60525,12-05-2025 14:43,51,471000,486525
12-05-2025 14:43,24987.1,904725,296175,12-05-2025 14:43,645,228075,58125,12-05-2025 14:43,49.25,468675,487725
12-05-2025 14:43,24985,904500,302325,12-05-2025 14:43,646,229800,58050,12-05-2025 14:43,49.3,448650,486150
12-05-2025 14:43,24983.4,903000,302625,12-05-2025 14:43,645.2,227850,65100,12-05-2025 14:43,49.5,454650,483600
12-05-2025 14:44,24984,903450,305550,12-05-2025 14:44,643.7,228075,58875,12-05-2025 14:44,49.7,456000,487650
12-05-2025 14:44,24982.1,902400,302850,12-05-2025 14:44,643.6,228075,60075,12-05-2025 14:44,49.75,466125,495375
12-05-2025 14:44,24980,901500,305850,12-05-2025 14:44,0,0,0,12-05-2025 14:44,49.55,466125,487125
12-05-2025 14:44,24975,901350,303750,12-05-2025 14:44,638.4,227550,58500,12-05-2025 14:44,48.4,460275,486450
12-05-2025 14:44,24974.7,903975,304725,12-05-2025 14:44,630.5,227850,63000,12-05-2025 14:44,48.8,453300,493800
12-05-2025 14:44,24970,896700,305325,12-05-2025 14:44,625.2,227400,63450,12-05-2025 14:44,49,452025,486750
12-05-2025 14:45,24971.1,896925,300450,12-05-2025 14:45,632.1,227550,64650,12-05-2025 14:45,49.05,459600,486075
12-05-2025 14:45,24972.3,897675,303975,12-05-2025 14:45,629.4,227925,63450,12-05-2025 14:45,49.7,474825,487200
12-05-2025 14:45,24974.9,896625,304650,12-05-2025 14:45,632,228150,63600,12-05-2025 14:45,49.25,500625,483150
12-05-2025 14:45,24975.3,903300,301800,12-05-2025 14:45,632.1,227700,61575,12-05-2025 14:45,48.95,471300,485175
12-05-2025 14:45,24968.7,900450,304200,12-05-2025 14:45,632.75,227850,65925,12-05-2025 14:45,49.75,538575,483825
12-05-2025 14:45,24967,897075,303975,12-05-2025 14:45,633.55,226800,65250,12-05-2025 14:45,49.95,542925,481875
12-05-2025 14:46,24966,898275,306375,12-05-2025 14:46,628.95,227550,74475,12-05-2025 14:46,49.8,505950,483975
12-05-2025 14:46,24968.1,900075,303975,12-05-2025 14:46,627.05,228075,66000,12-05-2025 14:46,49.65,469425,489675
12-05-2025 14:46,24968.1,897450,306375,12-05-2025 14:46,0,0,0,12-05-2025 14:46,49.9,486225,490950
12-05-2025 14:46,24974,903000,304500,12-05-2025 14:46,630,227625,63000,12-05-2025 14:46,49.45,484350,497925
12-05-2025 14:46,24972.3,902175,304500,12-05-2025 14:46,634,227250,61125,12-05-2025 14:46,48.9,471525,512700
12-05-2025 14:46,24977.4,905700,300525,12-05-2025 14:46,634.85,227700,64575,12-05-2025 14:46,49.3,480525,519075
12-05-2025 14:47,24977.4,906600,299550,12-05-2025 14:47,635.55,228000,62025,12-05-2025 14:47,48.7,472575,515175
12-05-2025 14:47,24975,906150,302625,12-05-2025 14:47,0,0,0,12-05-2025 14:47,50.1,477375,510975
12-05-2025 14:47,24975,906750,301650,12-05-2025 14:47,637,228300,61950,12-05-2025 14:47,49.75,494625,488550
12-05-2025 14:47,24972,909150,300000,12-05-2025 14:47,637,228000,62325,12-05-2025 14:47,50.25,479550,488400
12-05-2025 14:47,24974.8,911925,300075,12-05-2025 14:47,640,227625,62325,12-05-2025 14:47,49.65,478950,482100
12-05-2025 14:47,24976.8,909375,299775,12-05-2025 14:47,0,0,0,12-05-2025 14:47,49.7,476700,487650
12-05-2025 14:48,24982,913275,296175,12-05-2025 14:48,645,233250,59100,12-05-2025 14:48,49.15,482700,489000
12-05-2025 14:48,24988,914550,295875,12-05-2025 14:48,643.5,229125,66375,12-05-2025 14:48,49.15,476925,492675
12-05-2025 14:48,24982.5,902775,294750,12-05-2025 14:48,643,229200,61050,12-05-2025 14:48,49.2,472425,493350
12-05-2025 14:48,24984.5,908550,295875,12-05-2025 14:48,648,229725,60525,12-05-2025 14:48,50,479100,494025
12-05-2025 14:48,24988,903075,297225,12-05-2025 14:48,652,229575,61500,12-05-2025 14:48,50,477675,504825
12-05-2025 14:48,24985.9,909750,294300,12-05-2025 14:48,648.2,227325,55650,12-05-2025 14:48,49.2,475350,530475
12-05-2025 14:49,24988.2,910050,291975,12-05-2025 14:49,648,231375,58950,12-05-2025 14:49,49.45,471900,504225
12-05-2025 14:49,24989.7,907650,295725,12-05-2025 14:49,648,231000,61875,12-05-2025 14:49,49.65,476475,503025
12-05-2025 14:49,24993,906000,293925,12-05-2025 14:49,648,230925,58875,12-05-2025 14:49,49.5,475350,494850
12-05-2025 14:49,24992.9,903450,294825,12-05-2025 14:49,648.35,230925,61425,12-05-2025 14:49,49.45,480750,496275
12-05-2025 14:49,24988.4,906075,295875,12-05-2025 14:49,649.4,230775,65100,12-05-2025 14:49,48.75,477225,498600
12-05-2025 14:49,24987.2,907200,296550,12-05-2025 14:49,644.25,230325,58800,12-05-2025 14:49,49.25,480900,494700
12-05-2025 14:50,24985,905025,301875,12-05-2025 14:50,644.05,231000,60900,12-05-2025 14:50,49.45,484575,486000
12-05-2025 14:50,24986.9,898575,300825,12-05-2025 14:50,642.25,229050,62025,12-05-2025 14:50,49.55,492075,486825
12-05-2025 14:50,24984.1,900150,303225,12-05-2025 14:50,640,228600,61800,12-05-2025 14:50,49.75,485250,484350
12-05-2025 14:50,24981,900525,302700,12-05-2025 14:50,640.25,227175,60450,12-05-2025 14:50,49.65,488775,480750
12-05-2025 14:50,24980.1,899475,301200,12-05-2025 14:50,640.9,227325,63000,12-05-2025 14:50,49.8,485175,483450
12-05-2025 14:50,24983.6,904950,300900,12-05-2025 14:50,0,0,0,12-05-2025 14:50,49.8,489675,482025
12-05-2025 14:51,24987.9,900525,298125,12-05-2025 14:51,0,0,0,12-05-2025 14:51,49.5,494025,483600
12-05-2025 14:51,24986,901875,300375,12-05-2025 14:51,641.85,227700,64200,12-05-2025 14:51,49.8,499950,483300
12-05-2025 14:51,24985.8,901425,300900,12-05-2025 14:51,642.15,227175,63975,12-05-2025 14:51,49.75,498525,487650
12-05-2025 14:51,24981.8,904500,299100,12-05-2025 14:51,642.75,226875,60225,12-05-2025 14:51,49.55,491325,488100
12-05-2025 14:51,24988,907875,299550,12-05-2025 14:51,644.05,227175,60675,12-05-2025 14:51,49.05,491100,488550
12-05-2025 14:51,24995,905775,298650,12-05-2025 14:51,650,229575,56250,12-05-2025 14:51,47.75,485850,489300
12-05-2025 14:52,24994.7,907425,292275,12-05-2025 14:52,0,0,0,12-05-2025 14:52,47.8,464100,496200
12-05-2025 14:52,24989.2,912000,290775,12-05-2025 14:52,650.05,228750,57075,12-05-2025 14:52,48,468075,495600
12-05-2025 14:52,24994.8,911250,293400,12-05-2025 14:52,0,0,0,12-05-2025 14:52,47.95,473325,488850
12-05-2025 14:52,24994.8,910500,293175,12-05-2025 14:52,652.55,228975,56850,12-05-2025 14:52,46.45,466050,499650
12-05-2025 14:52,25000,911025,285825,12-05-2025 14:52,658.2,228525,55125,12-05-2025 14:52,44.45,445425,501675
12-05-2025 14:52,24999.7,911475,280950,12-05-2025 14:52,655,225450,58125,12-05-2025 14:52,45.3,423750,497325
12-05-2025 14:53,25002.5,913650,281700,12-05-2025 14:53,655.1,225675,56025,12-05-2025 14:53,45.5,427950,491550
12-05-2025 14:53,24996.2,911475,287325,12-05-2025 14:53,655.15,226125,56850,12-05-2025 14:53,45.9,441150,495075
12-05-2025 14:53,25000,912375,285675,12-05-2025 14:53,655.15,227175,56325,12-05-2025 14:53,45.3,440925,494550
12-05-2025 14:53,25000,912600,285825,12-05-2025 14:53,0,0,0,12-05-2025 14:53,44.9,444750,490500
12-05-2025 14:53,25003.5,909900,285750,12-05-2025 14:53,657.25,227175,64800,12-05-2025 14:53,45.15,458550,499425
12-05-2025 14:53,25001,910650,286875,12-05-2025 14:53,656.4,228150,60525,12-05-2025 14:53,44.7,466575,500400
12-05-2025 14:54,25006,911850,283875,12-05-2025 14:54,660.7,227100,58050,12-05-2025 14:54,42.2,468525,495900
12-05-2025 14:54,25005,912600,275550,12-05-2025 14:54,663.35,231975,52425,12-05-2025 14:54,41.45,404250,496800
12-05-2025 14:54,25010.2,909900,275475,12-05-2025 14:54,663.05,229275,52575,12-05-2025 14:54,42.5,427125,493650
12-05-2025 14:54,25014.9,915525,277575,12-05-2025 14:54,666.05,229500,54600,12-05-2025 14:54,41.85,420375,494250
12-05-2025 14:54,25015,915750,278700,12-05-2025 14:54,664.4,229575,55800,12-05-2025 14:54,41.8,417225,494250
12-05-2025 14:54,25013.9,918300,284325,12-05-2025 14:54,662.35,229350,55575,12-05-2025 14:54,42.15,435000,484425
12-05-2025 14:55,25005,906450,282525,12-05-2025 14:55,663.3,232125,54450,12-05-2025 14:55,42.05,436950,475725
12-05-2025 14:55,25013.9,907500,281925,12-05-2025 14:55,665,229275,53625,12-05-2025 14:55,42.25,434775,477375
12-05-2025 14:55,25014,907650,280350,12-05-2025 14:55,670.45,229350,53700,12-05-2025 14:55,42.25,437325,437625
12-05-2025 14:55,25015,908400,281550,12-05-2025 14:55,668,229275,55050,12-05-2025 14:55,43.15,444000,435225
12-05-2025 14:55,25015,905925,285300,12-05-2025 14:55,667.65,230475,57375,12-05-2025 14:55,43.2,444375,431025
12-05-2025 14:55,25014.1,906225,283050,12-05-2025 14:55,665.9,230400,53625,12-05-2025 14:55,43.1,440325,434100
12-05-2025 14:56,25015,905925,284925,12-05-2025 14:56,665.55,231675,51000,12-05-2025 14:56,43.25,441900,435375
12-05-2025 14:56,25015,909000,281175,12-05-2025 14:56,675,260550,48975,12-05-2025 14:56,43.15,436800,433275
12-05-2025 14:56,25020.1,906600,278700,12-05-2025 14:56,675.8,263475,48975,12-05-2025 14:56,42.9,440100,433500
12-05-2025 14:56,25025,902025,266550,12-05-2025 14:56,677.55,266625,54075,12-05-2025 14:56,43,441525,433725
12-05-2025 14:56,25025,904800,269025,12-05-2025 14:56,670,267375,53100,12-05-2025 14:56,43.05,446850,441525
12-05-2025 14:56,25014.8,896475,273225,12-05-2025 14:56,668.25,265500,55425,12-05-2025 14:56,43.2,446325,430800
12-05-2025 14:57,25018.4,898575,276375,12-05-2025 14:57,671.05,265350,53250,12-05-2025 14:57,44.9,450525,429300
12-05-2025 14:57,25024.9,900600,265500,12-05-2025 14:57,677,266175,51900,12-05-2025 14:57,44.05,457275,437625
12-05-2025 14:57,25024.1,899775,267225,12-05-2025 14:57,677.35,266100,53175,12-05-2025 14:57,44.6,457200,438825
12-05-2025 14:57,25036.8,903300,265425,12-05-2025 14:57,692.5,266700,56625,12-05-2025 14:57,43.25,455625,433950
12-05-2025 14:57,25042.2,905625,254475,12-05-2025 14:57,702.3,270075,50175,12-05-2025 14:57,43.05,447600,430350
12-05-2025 14:57,25044,903900,250800,12-05-2025 14:57,698.3,266925,49875,12-05-2025 14:57,43.4,453525,435150
12-05-2025 14:58,25043,909600,252525,12-05-2025 14:58,695,264150,46500,12-05-2025 14:58,43,453225,441300
12-05-2025 14:58,25042.4,899775,253050,12-05-2025 14:58,696.35,266325,46800,12-05-2025 14:58,43.3,456975,432375
12-05-2025 14:58,25044,902025,258975,12-05-2025 14:58,696.45,271200,46650,12-05-2025 14:58,43.4,464025,430425
12-05-2025 14:58,25034.4,902925,258750,12-05-2025 14:58,691.4,264675,48450,12-05-2025 14:58,43.65,462375,433200
12-05-2025 14:58,25033,896850,260925,12-05-2025 14:58,691.4,261750,50325,12-05-2025 14:58,43.65,466050,431550
12-05-2025 14:58,25038.8,902775,257475,12-05-2025 14:58,692.3,261900,49050,12-05-2025 14:58,43.85,465675,433350
12-05-2025 14:59,25041,901350,261150,12-05-2025 14:59,691.7,261525,48675,12-05-2025 14:59,43.35,463500,436575
12-05-2025 14:59,25034.3,902475,260325,12-05-2025 14:59,686.95,261900,51000,12-05-2025 14:59,43.95,473250,436725
12-05-2025 14:59,25033.1,900075,263025,12-05-2025 14:59,689.65,261525,49425,12-05-2025 14:59,44.35,472200,430875
12-05-2025 14:59,25037.9,901650,258150,12-05-2025 14:59,692,262050,49275,12-05-2025 14:59,43.7,471000,437475
12-05-2025 14:59,25037.1,905700,259500,12-05-2025 14:59,699,261900,49125,12-05-2025 14:59,43.7,471375,430200
12-05-2025 14:59,25038.6,904725,252075,12-05-2025 14:59,0,0,0,12-05-2025 14:59,43.55,470025,436800
12-05-2025 15:00,25042.7,897750,250050,12-05-2025 15:00,702,262500,47175,12-05-2025 15:00,41.65,465300,440850
12-05-2025 15:00,25052,898575,237975,12-05-2025 15:00,704.8,264150,51000,12-05-2025 15:00,40.9,457650,444375
12-05-2025 15:00,25049.8,899850,239625,12-05-2025 15:00,694.4,263400,48900,12-05-2025 15:00,40.25,455475,445425
12-05-2025 15:00,25031,890175,244500,12-05-2025 15:00,687.2,258975,52875,12-05-2025 15:00,41.15,444450,433575
12-05-2025 15:00,25031.3,892350,252675,12-05-2025 15:00,681.55,252225,48900,12-05-2025 15:00,41.4,452175,442425
12-05-2025 15:00,25030.3,900975,250350,12-05-2025 15:00,686.45,250650,48600,12-05-2025 15:00,40.6,439425,444300
12-05-2025 15:01,25045,902325,253125,12-05-2025 15:01,697.6,257325,46650,12-05-2025 15:01,39.9,449100,453525
12-05-2025 15:01,25044.8,904275,253200,12-05-2025 15:01,699,252375,50925,12-05-2025 15:01,39.15,455175,455325
12-05-2025 15:01,25047.9,905175,245700,12-05-2025 15:01,697,253575,46275,12-05-2025 15:01,38.2,449325,492600
12-05-2025 15:01,25049.5,904050,254625,12-05-2025 15:01,0,0,0,12-05-2025 15:01,38.8,452400,487050
12-05-2025 15:01,25041.9,896700,262050,12-05-2025 15:01,691.4,251400,44925,12-05-2025 15:01,39.2,464700,443250
12-05-2025 15:01,25040.4,899100,260100,12-05-2025 15:01,693,251475,48075,12-05-2025 15:01,38.65,460275,445875
12-05-2025 15:02,25038.9,900750,263925,12-05-2025 15:02,690,251400,49950,12-05-2025 15:02,39.7,478050,446625
12-05-2025 15:02,25037.5,891450,263850,12-05-2025 15:02,686.2,249675,49800,12-05-2025 15:02,40.15,475275,445575
12-05-2025 15:02,25035.3,897825,264000,12-05-2025 15:02,0,0,0,12-05-2025 15:02,40.45,472875,442875
12-05-2025 15:02,25032.6,897375,265200,12-05-2025 15:02,688.1,249375,47550,12-05-2025 15:02,40.7,471075,442350
12-05-2025 15:02,25035,899475,267375,12-05-2025 15:02,0,0,0,12-05-2025 15:02,40.85,471375,441150
12-05-2025 15:02,25042.3,899550,264900,12-05-2025 15:02,690,254100,47025,12-05-2025 15:02,40,468000,448650
12-05-2025 15:03,25030,891300,266400,12-05-2025 15:03,680.2,249000,51825,12-05-2025 15:03,41.15,474600,440250
12-05-2025 15:03,25030,889425,264075,12-05-2025 15:03,0,0,0,12-05-2025 15:03,41,475800,441750
12-05-2025 15:03,25028.4,898275,260100,12-05-2025 15:03,684.2,247725,55050,12-05-2025 15:03,40.55,474975,444075
12-05-2025 15:03,25027.4,897750,265200,12-05-2025 15:03,677.8,251625,54375,12-05-2025 15:03,41.05,472725,445200
12-05-2025 15:03,25027.2,900375,260025,12-05-2025 15:03,680.15,247800,54750,12-05-2025 15:03,40.9,472500,444600
12-05-2025 15:03,25031.6,906300,265650,12-05-2025 15:03,0,0,0,12-05-2025 15:03,41.05,475650,445500
12-05-2025 15:04,25032.6,918225,267750,12-05-2025 15:04,690,248625,49650,12-05-2025 15:04,40,481425,452325
12-05-2025 15:04,25038.8,917775,264600,12-05-2025 15:04,688.05,250050,47475,12-05-2025 15:04,39.9,464475,452925
12-05-2025 15:04,25031.1,917250,265500,12-05-2025 15:04,683.8,251175,47700,12-05-2025 15:04,40.35,465975,453000
12-05-2025 15:04,25035.2,918675,267375,12-05-2025 15:04,680.7,258375,48150,12-05-2025 15:04,40.35,468975,478125
12-05-2025 15:04,25026,916950,266475,12-05-2025 15:04,680,247350,50400,12-05-2025 15:04,40.45,472350,481575
12-05-2025 15:04,25025.6,909975,268950,12-05-2025 15:04,677,247350,49725,12-05-2025 15:04,41,477300,451950
12-05-2025 15:05,25030.6,914850,267525,12-05-2025 15:05,679.65,248175,53700,12-05-2025 15:05,41,477075,447525
12-05-2025 15:05,25030.1,915375,269700,12-05-2025 15:05,0,0,0,12-05-2025 15:05,41.35,476700,449925
12-05-2025 15:05,25028,916425,267450,12-05-2025 15:05,678.35,246600,48900,12-05-2025 15:05,41.3,477900,448050
12-05-2025 15:05,25028,917625,268800,12-05-2025 15:05,678,248325,51450,12-05-2025 15:05,41.25,479625,448050
12-05-2025 15:05,25021.8,911400,267975,12-05-2025 15:05,675,247950,52800,12-05-2025 15:05,41.05,477300,449625
12-05-2025 15:05,25021,911400,266850,12-05-2025 15:05,675,247350,50100,12-05-2025 15:05,40.8,486825,461475
12-05-2025 15:06,25025,913125,266175,12-05-2025 15:06,680.85,247725,54900,12-05-2025 15:06,40.1,487200,463725
12-05-2025 15:06,25026.7,913800,269325,12-05-2025 15:06,676.1,247875,53250,12-05-2025 15:06,40.45,490500,470100
12-05-2025 15:06,25024.2,916875,269400,12-05-2025 15:06,676.9,247800,52575,12-05-2025 15:06,40.1,481050,470775
12-05-2025 15:06,25025,915525,268050,12-05-2025 15:06,677.2,247950,52800,12-05-2025 15:06,40.25,481200,467100
12-05-2025 15:06,25029.5,919575,267450,12-05-2025 15:06,680.2,251175,52725,12-05-2025 15:06,39.6,480600,466200
12-05-2025 15:06,25030,920400,267150,12-05-2025 15:06,681.25,251025,51975,12-05-2025 15:06,39.4,471225,465075
12-05-2025 15:07,25025.5,916800,270975,12-05-2025 15:07,675.95,253875,50025,12-05-2025 15:07,40.35,478650,445575
12-05-2025 15:07,25028.9,916125,270525,12-05-2025 15:07,678.3,251625,55950,12-05-2025 15:07,40.35,478500,442275
12-05-2025 15:07,25026,915900,273975,12-05-2025 15:07,678.15,249075,55425,12-05-2025 15:07,40.45,483450,443175
12-05-2025 15:07,25022,912075,272475,12-05-2025 15:07,674.1,248475,50025,12-05-2025 15:07,40.75,478725,445575
12-05-2025 15:07,25017,912075,274425,12-05-2025 15:07,665,248775,52650,12-05-2025 15:07,41.5,480375,441075
12-05-2025 15:07,25018,901800,270000,12-05-2025 15:07,665.5,247125,51450,12-05-2025 15:07,41.9,487650,432450
12-05-2025 15:08,25016.4,898350,275850,12-05-2025 15:08,666,246000,53550,12-05-2025 15:08,42.9,489825,426375
12-05-2025 15:08,25020.5,902325,271050,12-05-2025 15:08,676.05,250050,52125,12-05-2025 15:08,42.25,492600,424425
12-05-2025 15:08,25022.8,902475,274575,12-05-2025 15:08,673.05,247875,58350,12-05-2025 15:08,42.6,482400,429825
12-05-2025 15:08,25021.1,902775,275775,12-05-2025 15:08,672.8,249225,51450,12-05-2025 15:08,42.3,488775,432000
12-05-2025 15:08,25020,904500,269550,12-05-2025 15:08,675.1,249450,55350,12-05-2025 15:08,42.1,488550,437100
12-05-2025 15:08,25019.2,905025,275925,12-05-2025 15:08,670.7,248250,58500,12-05-2025 15:08,42.15,485700,438825
12-05-2025 15:09,25015,904575,271800,12-05-2025 15:09,673.05,248850,51825,12-05-2025 15:09,42.85,486675,444450
12-05-2025 15:09,25019,904575,274800,12-05-2025 15:09,672,248400,51675,12-05-2025 15:09,43.25,488175,434775
12-05-2025 15:09,25019.9,908775,274275,12-05-2025 15:09,673.6,248550,54225,12-05-2025 15:09,42.85,485925,434250
12-05-2025 15:09,25016,910200,272550,12-05-2025 15:09,0,0,0,12-05-2025 15:09,42.8,485775,436425
12-05-2025 15:09,25015,913575,272100,12-05-2025 15:09,675,249975,53325,12-05-2025 15:09,43.2,483000,433950
12-05-2025 15:09,25014,907050,274050,12-05-2025 15:09,672,249825,63675,12-05-2025 15:09,43.25,484950,426000
12-05-2025 15:10,25021.6,910950,266850,12-05-2025 15:10,682.5,254325,53250,12-05-2025 15:10,42.95,488700,422925
12-05-2025 15:10,25027.1,904875,263175,12-05-2025 15:10,686.5,253350,53025,12-05-2025 15:10,42.7,471750,425850
12-05-2025 15:10,25030.2,910125,266400,12-05-2025 15:10,689.95,250650,53475,12-05-2025 15:10,43.85,477600,426525
12-05-2025 15:10,25029.7,912150,266250,12-05-2025 15:10,689.25,251325,51075,12-05-2025 15:10,43.45,468225,427650
12-05-2025 15:10,25030,910500,265500,12-05-2025 15:10,689.25,224250,54075,12-05-2025 15:10,43.15,469200,431400
12-05-2025 15:10,25026.7,905550,266850,12-05-2025 15:10,682.9,221850,52200,12-05-2025 15:10,43.7,474825,429900
12-05-2025 15:11,25022.1,911100,269475,12-05-2025 15:11,677.85,224025,52875,12-05-2025 15:11,44.7,478500,420225
12-05-2025 15:11,25021.2,912675,269175,12-05-2025 15:11,681.3,224625,63300,12-05-2025 15:11,44.65,482850,424050
12-05-2025 15:11,25022.1,922725,270000,12-05-2025 15:11,680.3,226800,57750,12-05-2025 15:11,45.3,486150,424350
12-05-2025 15:11,25026.8,928500,269400,12-05-2025 15:11,680.3,230100,53625,12-05-2025 15:11,44.6,482700,417750
12-05-2025 15:11,25030.4,928275,270675,12-05-2025 15:11,682.45,227025,53550,12-05-2025 15:11,44.05,475950,428475
12-05-2025 15:11,25025.1,928725,269475,12-05-2025 15:11,680.05,225375,56025,12-05-2025 15:11,44.35,480000,430725
12-05-2025 15:12,25026,931950,271650,12-05-2025 15:12,680.65,227025,53625,12-05-2025 15:12,44.55,479400,435075
12-05-2025 15:12,25028.6,931500,271800,12-05-2025 15:12,680.65,227475,53325,12-05-2025 15:12,44.2,477225,439500
12-05-2025 15:12,25021.5,930300,275625,12-05-2025 15:12,675.35,226800,56850,12-05-2025 15:12,44.2,478650,439875
12-05-2025 15:12,25025.8,923775,277425,12-05-2025 15:12,677.35,230325,55425,12-05-2025 15:12,44.2,479625,430350
12-05-2025 15:12,25025.1,925050,274875,12-05-2025 15:12,677.35,224925,54000,12-05-2025 15:12,44.05,481800,432525
12-05-2025 15:12,25024,920550,274650,12-05-2025 15:12,677.6,224475,59625,12-05-2025 15:12,43.55,480825,437850
12-05-2025 15:13,25024,920100,273375,12-05-2025 15:13,676.6,223575,53775,12-05-2025 15:13,43.55,488850,429975
12-05-2025 15:13,25021,920400,275700,12-05-2025 15:13,675,225525,54075,12-05-2025 15:13,43.75,476550,429075
12-05-2025 15:13,25017.3,905925,276600,12-05-2025 15:13,675.2,229725,72075,12-05-2025 15:13,44,480600,428325
12-05-2025 15:13,25019,908175,276075,12-05-2025 15:13,675.2,223125,53400,12-05-2025 15:13,43.8,482475,432075
12-05-2025 15:13,25019.1,909450,272625,12-05-2025 15:13,675.25,223650,55050,12-05-2025 15:13,44.05,478650,436725
12-05-2025 15:13,25019.5,910425,272175,12-05-2025 15:13,676.85,226350,53400,12-05-2025 15:13,43.2,479250,437625
12-05-2025 15:14,25019.1,907575,274425,12-05-2025 15:14,674,224775,61350,12-05-2025 15:14,43.95,480375,431700
12-05-2025 15:14,25020,905700,274950,12-05-2025 15:14,677.4,223800,53775,12-05-2025 15:14,44.1,483600,430950
12-05-2025 15:14,25020,905100,271575,12-05-2025 15:14,0,0,0,12-05-2025 15:14,44.3,479175,428550
12-05-2025 15:14,25021.1,906375,272625,12-05-2025 15:14,0,0,0,12-05-2025 15:14,44.65,488775,432600
12-05-2025 15:14,25021.1,907275,272175,12-05-2025 15:14,676,223950,60675,12-05-2025 15:14,45,489675,425550
12-05-2025 15:14,25019.1,904875,274950,12-05-2025 15:14,0,0,0,12-05-2025 15:14,45.55,488475,414300
12-05-2025 15:15,25020,904050,274950,12-05-2025 15:15,674.85,227400,56400,12-05-2025 15:15,45.5,480150,416625
12-05-2025 15:15,25021.1,908250,272325,12-05-2025 15:15,681,228225,55350,12-05-2025 15:15,45.15,475875,419700
12-05-2025 15:15,25026,908400,264675,12-05-2025 15:15,685,231375,53850,12-05-2025 15:15,44.7,470700,420000
12-05-2025 15:15,25035.1,907950,258975,12-05-2025 15:15,693.95,230625,49575,12-05-2025 15:15,42.55,467400,428100
12-05-2025 15:15,25042.1,905925,253425,12-05-2025 15:15,700,230175,48975,12-05-2025 15:15,41.6,459150,428325
12-05-2025 15:15,25047.4,906525,246600,12-05-2025 15:15,703.6,230250,43200,12-05-2025 15:15,41.75,465000,421200
12-05-2025 15:16,25042,900750,252750,12-05-2025 15:16,699.9,232650,43575,12-05-2025 15:16,42.95,473400,419400
12-05-2025 15:16,25047,904050,255750,12-05-2025 15:16,702,228225,45825,12-05-2025 15:16,42.25,473625,420075
12-05-2025 15:16,25045.5,899400,255225,12-05-2025 15:16,697.25,229725,55650,12-05-2025 15:16,42.15,469575,424200
12-05-2025 15:16,25048,902700,255825,12-05-2025 15:16,702,228675,52800,12-05-2025 15:16,41.85,467100,425925
12-05-2025 15:16,25055,907650,254250,12-05-2025 15:16,707.6,230400,42225,12-05-2025 15:16,41.1,468450,428475
12-05-2025 15:16,25065,900675,237075,12-05-2025 15:16,720.8,229650,41100,12-05-2025 15:16,39.85,456975,429975
12-05-2025 15:17,25060,899775,239550,12-05-2025 15:17,714.25,227475,41475,12-05-2025 15:17,39.7,443100,424650
12-05-2025 15:17,25060,904950,241125,12-05-2025 15:17,717.8,228000,42975,12-05-2025 15:17,39.7,459675,433800
12-05-2025 15:17,25064.5,905550,238275,12-05-2025 15:17,716.3,232425,44775,12-05-2025 15:17,39.85,459225,433800
12-05-2025 15:17,25060.3,898875,241950,12-05-2025 15:17,717.85,227550,43425,12-05-2025 15:17,40.1,476550,429225
12-05-2025 15:17,25066.5,899550,242100,12-05-2025 15:17,718.35,230775,41250,12-05-2025 15:17,38.3,475950,431550
12-05-2025 15:17,25069,899325,237675,12-05-2025 15:17,720.1,228375,42075,12-05-2025 15:17,38.2,446475,438675
12-05-2025 15:18,25065,896400,239175,12-05-2025 15:18,720.15,226800,48900,12-05-2025 15:18,38.85,439875,434925
12-05-2025 15:18,25066,896700,236625,12-05-2025 15:18,718.35,227100,43725,12-05-2025 15:18,39.1,443925,438675
12-05-2025 15:18,25068.3,897825,234300,12-05-2025 15:18,718.35,227025,41700,12-05-2025 15:18,39.1,455550,438825
12-05-2025 15:18,25063.6,896475,235575,12-05-2025 15:18,718.15,229500,42375,12-05-2025 15:18,39.1,456000,440550
12-05-2025 15:18,25058.1,891900,240075,12-05-2025 15:18,710.1,226125,46650,12-05-2025 15:18,39.2,457050,432300
12-05-2025 15:18,25064.5,890925,232875,12-05-2025 15:18,716.25,227550,45750,12-05-2025 15:18,38.35,443025,441675
12-05-2025 15:19,25060,888225,239700,12-05-2025 15:19,715.1,221625,46500,12-05-2025 15:19,39.3,451425,438225
12-05-2025 15:19,25061,890850,243225,12-05-2025 15:19,712.85,222450,44175,12-05-2025 15:19,39.35,452400,441675
12-05-2025 15:19,25059.5,893925,243000,12-05-2025 15:19,714.45,221925,43875,12-05-2025 15:19,39.5,454350,442350
12-05-2025 15:19,25067.6,890025,239625,12-05-2025 15:19,718.1,221325,47475,12-05-2025 15:19,39.6,456000,444000
12-05-2025 15:19,25064.5,894450,236700,12-05-2025 15:19,718.35,219900,42675,12-05-2025 15:19,39.5,454650,440025
12-05-2025 15:19,25062.6,894525,238950,12-05-2025 15:19,718.05,224175,41400,12-05-2025 15:19,40,464100,436875
12-05-2025 15:20,25060,893400,242400,12-05-2025 15:20,716.7,223200,45075,12-05-2025 15:20,40.4,462225,417075
12-05-2025 15:20,25067,894675,242700,12-05-2025 15:20,719.3,222900,45300,12-05-2025 15:20,40.3,459675,421125
12-05-2025 15:20,25056,892875,245400,12-05-2025 15:20,708.95,221775,45450,12-05-2025 15:20,41.4,457950,424725
12-05-2025 15:20,25055,878400,244875,12-05-2025 15:20,709.9,215400,46650,12-05-2025 15:20,41.65,454425,413025
12-05-2025 15:20,25055,881025,250875,12-05-2025 15:20,708.9,215025,45150,12-05-2025 15:20,40.7,447225,423075
12-05-2025 15:20,25055.3,878550,247275,12-05-2025 15:20,712.25,218250,44700,12-05-2025 15:20,41.35,447600,418875
12-05-2025 15:21,25060,881775,240600,12-05-2025 15:21,715.65,217050,42750,12-05-2025 15:21,42.7,448350,410700
12-05-2025 15:21,25057.5,883425,243000,12-05-2025 15:21,716.2,219900,43125,12-05-2025 15:21,42.65,431475,411150
12-05-2025 15:21,25060.7,890475,240525,12-05-2025 15:21,718.5,216675,42675,12-05-2025 15:21,42.45,427125,412725
12-05-2025 15:21,25064.1,886725,246075,12-05-2025 15:21,716,221475,44250,12-05-2025 15:21,42.45,435225,413775
12-05-2025 15:21,25063.8,885900,246750,12-05-2025 15:21,716,217050,44775,12-05-2025 15:21,42.2,423975,414075
12-05-2025 15:21,25060,885975,242400,12-05-2025 15:21,718.15,218175,43200,12-05-2025 15:21,42.7,417525,418050
12-05-2025 15:22,25066.5,884550,242400,12-05-2025 15:22,720.4,219825,43950,12-05-2025 15:22,42.55,421050,412350
12-05-2025 15:22,25063.9,885075,246375,12-05-2025 15:22,0,0,0,12-05-2025 15:22,42.9,419775,410025
12-05-2025 15:22,25065,880275,248700,12-05-2025 15:22,717.1,219900,44475,12-05-2025 15:22,42.6,418575,412500
12-05-2025 15:22,25066.7,875925,244200,12-05-2025 15:22,719.65,223575,43650,12-05-2025 15:22,42.65,421275,411675
12-05-2025 15:22,25062,875850,243675,12-05-2025 15:22,718,219600,43950,12-05-2025 15:22,42.65,422925,411675
12-05-2025 15:22,25063,871425,241200,12-05-2025 15:22,718,223125,44925,12-05-2025 15:22,42.55,424725,410700
12-05-2025 15:23,25063.5,869700,243975,12-05-2025 15:23,715,223575,45300,12-05-2025 15:23,43.15,423675,404475
12-05-2025 15:23,25060,870150,244425,12-05-2025 15:23,712,221325,37725,12-05-2025 15:23,43.15,425550,407025
12-05-2025 15:23,25058.1,862875,245100,12-05-2025 15:23,715,221025,35625,12-05-2025 15:23,42.7,421800,405000
12-05-2025 15:23,25061.5,864075,247350,12-05-2025 15:23,715,220650,34725,12-05-2025 15:23,43.6,424125,402225
12-05-2025 15:23,25059.5,872775,247875,12-05-2025 15:23,713.35,217725,36075,12-05-2025 15:23,43.55,428100,398775
12-05-2025 15:23,25058,871950,246525,12-05-2025 15:23,713.25,216450,40125,12-05-2025 15:23,43.7,429150,400950
12-05-2025 15:24,25059.2,868050,247125,12-05-2025 15:24,713.25,214875,35550,12-05-2025 15:24,43.7,432150,392925
12-05-2025 15:24,25055,869100,249000,12-05-2025 15:24,710.95,215925,38700,12-05-2025 15:24,43.6,433275,392175
12-05-2025 15:24,25052.4,863550,247875,12-05-2025 15:24,708.2,215400,37875,12-05-2025 15:24,43.45,430200,392550
12-05-2025 15:24,25052.7,864975,249525,12-05-2025 15:24,705,218625,37425,12-05-2025 15:24,43.45,439125,389175
12-05-2025 15:24,25052.4,860100,248925,12-05-2025 15:24,707,212250,35175,12-05-2025 15:24,43.8,433275,395025
12-05-2025 15:24,25051.4,860625,250800,12-05-2025 15:24,705.2,212850,40425,12-05-2025 15:24,44,432825,394875
12-05-2025 15:25,25046,842925,250725,12-05-2025 15:25,702.6,210375,35925,12-05-2025 15:25,45.95,430575,371625
12-05-2025 15:25,25049.3,837600,251625,12-05-2025 15:25,700.05,212250,39450,12-05-2025 15:25,43,424350,364725
12-05-2025 15:25,25044,842400,251400,12-05-2025 15:25,700,209925,41025,12-05-2025 15:25,45,414675,364875
12-05-2025 15:25,25044.4,841500,251700,12-05-2025 15:25,0,0,0,12-05-2025 15:25,45.15,423975,361575
12-05-2025 15:25,25043.8,840450,251550,12-05-2025 15:25,0,0,0,12-05-2025 15:25,45.45,425700,361275
12-05-2025 15:25,25041,840150,250800,12-05-2025 15:25,700,207825,40500,12-05-2025 15:25,45.6,415725,365100
12-05-2025 15:26,25040.1,834375,251400,12-05-2025 15:26,699.4,207750,40275,12-05-2025 15:26,45.1,414300,375600
12-05-2025 15:26,25045,832575,248100,12-05-2025 15:26,702,206025,33900,12-05-2025 15:26,43.45,404625,393750
12-05-2025 15:26,25042.5,832725,249000,12-05-2025 15:26,700.2,207225,44775,12-05-2025 15:26,43.65,414075,396225
12-05-2025 15:26,25036.9,829650,250050,12-05-2025 15:26,695.8,207525,41175,12-05-2025 15:26,43.8,415650,391725
12-05-2025 15:26,25038,829875,248550,12-05-2025 15:26,694.65,208575,38625,12-05-2025 15:26,43.75,393450,369675
12-05-2025 15:26,25037.8,828150,248775,12-05-2025 15:26,693.85,205425,39825,12-05-2025 15:26,45,400350,371550
12-05-2025 15:27,25036,832650,252000,12-05-2025 15:27,698,210975,34800,12-05-2025 15:27,45.3,399750,355725
12-05-2025 15:27,25040,835800,246450,12-05-2025 15:27,699.95,207300,36750,12-05-2025 15:27,45.45,469875,360225
12-05-2025 15:27,25039.7,836400,246975,12-05-2025 15:27,702.5,205800,39975,12-05-2025 15:27,45.2,458100,366075
12-05-2025 15:27,25040,836025,242850,12-05-2025 15:27,699.05,205800,38550,12-05-2025 15:27,45.1,424650,366225
12-05-2025 15:27,25042.9,838500,241200,12-05-2025 15:27,702.25,205275,39600,12-05-2025 15:27,45,405300,380700
12-05-2025 15:27,25043.1,834300,238575,12-05-2025 15:27,704.9,208275,34500,12-05-2025 15:27,44.6,387675,379650
12-05-2025 15:28,25043.7,830250,239025,12-05-2025 15:28,705.3,208275,33525,12-05-2025 15:28,44.85,389175,358875
12-05-2025 15:28,25044.8,831675,241875,12-05-2025 15:28,705,210450,36375,12-05-2025 15:28,44.9,385725,345225
12-05-2025 15:28,25045,831300,239775,12-05-2025 15:28,704.95,204600,32925,12-05-2025 15:28,44.55,380700,351150
12-05-2025 15:28,25043.3,821325,227175,12-05-2025 15:28,704.95,205275,32550,12-05-2025 15:28,44.15,373275,363525
12-05-2025 15:28,25043,825525,229725,12-05-2025 15:28,702.2,216150,35025,12-05-2025 15:28,44.1,379050,351750
12-05-2025 15:28,25046,824700,227325,12-05-2025 15:28,700.45,204300,33975,12-05-2025 15:28,44.5,420975,350325
12-05-2025 15:29,25043.1,821775,229050,12-05-2025 15:29,700,203325,32325,12-05-2025 15:29,43.65,412650,341775
12-05-2025 15:29,25049.1,813825,221850,12-05-2025 15:29,702.85,208125,28125,12-05-2025 15:29,42.2,361425,340875
12-05-2025 15:29,25046.2,801525,206625,12-05-2025 15:29,703.7,206925,27900,12-05-2025 15:29,41.7,362625,329925
12-05-2025 15:29,25049.4,791550,201075,12-05-2025 15:29,697.9,71625,26025,12-05-2025 15:29,41.15,111300,326025
12-05-2025 15:29,25051,778875,195225,12-05-2025 15:29,699,74550,24825,12-05-2025 15:29,41.2,113025,323625
12-05-2025 15:29,25051,754725,183825,12-05-2025 15:29,695.75,77625,22650,12-05-2025 15:29,40.9,103800,313500
