last_traded_time,ltp,tot_buy_qty,tot_sell_qty,ltp,tot_buy_qty,tot_sell_qty,ltp,tot_buy_qty,tot_sell_qty
16-01-2025 09:15,23387.95,178050,479975,22.4,37349625,989025,103.15,29717625,153600
16-01-2025 09:16,23398.6,184075,477375,22.75,37960200,974700,96.75,30753750,157575
16-01-2025 09:16,23401.55,189000,472700,22.8,38418675,991650,95.05,30763125,168525
16-01-2025 09:16,23400,192125,470225,22.9,38681325,992925,96.1,30814950,164025
16-01-2025 09:16,23391.4,186175,465000,21.8,38737350,1117575,99.7,31192950,156000
16-01-2025 09:16,23390.05,186925,463075,20.8,38729850,1179075,101.65,31450425,162000
16-01-2025 09:16,23388.15,190275,462750,20.15,38546475,1193475,102,31674525,161625
16-01-2025 09:17,23393.7,193400,459450,21.15,38686200,1187775,97.75,31855500,191475
16-01-2025 09:17,23398,196050,451750,21.15,38724750,1191900,95.85,31981875,199875
16-01-2025 09:17,23395.7,197825,450725,21.15,38856375,1243125,96,32005350,206850
16-01-2025 09:17,23397,197375,448225,20.65,39075000,1294425,96.95,32134200,204375
16-01-2025 09:17,23395.55,198375,446675,20.05,39101025,1366425,98.1,32187675,210525
16-01-2025 09:17,23394,199250,449750,20.1,38977875,1429500,97.65,32768775,212475
16-01-2025 09:18,23397,203725,437650,20.2,39099375,1424475,97,32817450,256800
16-01-2025 09:18,23395,202825,436500,20.5,39168825,1479975,94.6,33267375,240075
16-01-2025 09:18,23395,203225,435150,20.2,39297375,1508100,96.05,33505875,252825
16-01-2025 09:18,23393.05,203975,433250,19.9,39328725,1544625,96.2,33529950,256725
16-01-2025 09:18,23392.15,203025,431250,19.2,39330900,1582875,97.4,33629250,262950
16-01-2025 09:18,23392,207650,456150,18.75,39321600,1600200,98.8,33794550,276450
16-01-2025 09:19,23392,205075,452100,19.7,39389625,1621725,95,33793575,277275
16-01-2025 09:19,23395,210425,442700,19.3,39447375,1624275,94.8,33748725,289725
16-01-2025 09:19,23391.55,206775,434825,18.75,39452925,1674975,95.1,33752400,287400
16-01-2025 09:19,23392,212650,435375,19.15,39501375,1673625,94.25,33765075,295875
16-01-2025 09:19,23395,213250,423425,18.25,39547950,1742250,95.4,34008000,297375
16-01-2025 09:19,23395.5,209600,424175,18.45,39621375,1740375,95.05,34266300,307950
16-01-2025 09:20,23390.45,211125,412200,18.1,38244075,1780350,93.25,33269925,316500
16-01-2025 09:20,23391.15,212625,405525,17.9,38193375,1805325,93.6,33278775,338775
16-01-2025 09:20,23393.45,213300,405350,17.9,38315625,1818300,93.8,33281625,345150
16-01-2025 09:20,23388.75,211575,403425,17.85,38328900,1884750,94.95,33304275,345750
16-01-2025 09:20,23390.1,217175,404075,17.4,38413350,1890675,97.45,33325875,343950
16-01-2025 09:20,23388.1,214875,405300,17.05,38644350,1936275,98,33336300,336825
16-01-2025 09:21,23388.05,215600,404825,17.7,38780850,1918500,97.2,33346125,348525
16-01-2025 09:21,23389.55,215425,404025,18.8,38893425,1874625,96.1,33350325,387750
16-01-2025 09:21,23392,217850,401950,19.15,38938650,1815450,95,33366675,401700
16-01-2025 09:21,23393.4,221675,398900,19.35,38963025,1886625,94.35,33360000,398100
16-01-2025 09:21,23394.2,221600,398100,19.05,38950500,1903875,94.85,33433800,403950
16-01-2025 09:21,23393,221500,399925,19.15,38944875,1913550,92.35,33442725,402225
16-01-2025 09:22,23394.2,223175,398975,19.1,38991825,1956150,91.95,33397050,413550
16-01-2025 09:22,23395,223075,397625,19.15,39032250,1990050,92,33404400,419325
16-01-2025 09:22,23402.9,223925,398250,21.35,39124575,1955400,85.85,33407175,417825
16-01-2025 09:22,23403.95,225275,395325,20.65,39158325,1783650,86.3,33331275,417450
16-01-2025 09:22,23404,226800,396600,20.15,39164625,1851075,85.85,33397875,428700
16-01-2025 09:22,23403,225475,396325,19.7,39148800,1983375,86.1,33478050,436275
16-01-2025 09:23,23401,222075,397400,19.15,39108975,2052675,86.85,33538125,434175
16-01-2025 09:23,23401.75,223475,400375,18.7,39137100,2088525,87.75,33589275,447825
16-01-2025 09:23,23393.1,224250,405750,17.65,39102525,2121300,89.7,33609375,446400
16-01-2025 09:23,23396,224000,408725,17.25,39088800,2147250,90.3,33644250,432525
16-01-2025 09:23,23391.05,226200,412000,16.5,39121050,2177775,90.05,33640575,461175
16-01-2025 09:23,23392.45,226250,411475,16.3,38970000,2184300,91.5,33661350,459075
16-01-2025 09:24,23390.35,227675,412350,16,38976075,2181150,92.75,33673800,459525
16-01-2025 09:24,23388.95,227975,412900,16.2,39081900,2206275,93.4,33686025,486375
16-01-2025 09:24,23388.55,228325,414375,16.5,39180225,2200650,93,33692550,497325
16-01-2025 09:24,23389.95,227125,415250,15.5,39123975,2321850,96.05,33710025,498600
16-01-2025 09:24,23388.7,226000,416900,14.75,39102525,2417175,98.25,33718200,444975
16-01-2025 09:24,23386.45,223125,416050,15.3,38944650,2386650,96.15,33727200,433275
16-01-2025 09:25,23394,224175,416500,16.1,39143175,2328750,94,33706875,469275
16-01-2025 09:25,23390.2,225225,420700,15.35,39204150,2413500,97.4,33664425,472125
16-01-2025 09:25,23389,225750,419575,15.25,39114450,2427525,96,33679050,486150
16-01-2025 09:25,23392,226875,418550,15.8,39186975,2430900,95.35,33700575,514725
16-01-2025 09:25,23392,228425,414650,16.3,39254850,2377125,92.75,33680550,525375
16-01-2025 09:25,23393,228325,414700,0,0,0,89.75,33675975,541575
16-01-2025 09:26,23396.25,229475,412650,0,0,0,87.05,33610650,544275
16-01-2025 09:26,23399.75,229675,411425,17.75,39350625,2301150,86.15,33599400,544050
16-01-2025 09:26,23399.8,228475,413925,18,39353025,2302050,86.8,33626700,535350
16-01-2025 09:26,23398,227825,415450,17.65,39349800,2318475,87.85,33659400,534450
16-01-2025 09:26,23397,228050,420250,16.65,39272775,2407050,90.55,33692400,528750
16-01-2025 09:26,23393.7,226100,420025,15.55,39017925,2419275,91.25,33832200,520650
16-01-2025 09:27,23397.5,227750,418425,16.5,39175425,2410650,88.75,33940725,550875
16-01-2025 09:27,23398.95,226175,418925,16.9,39237225,2463375,86,33935775,567225
16-01-2025 09:27,23397.1,228025,416800,16.6,39201225,2509875,87.3,33974850,561225
16-01-2025 09:27,23399.5,229200,415675,17.3,39311700,2520600,87,33982125,573225
16-01-2025 09:27,23395.1,228725,417875,16.95,39340500,2562525,87.65,34020825,576900
16-01-2025 09:27,23396,230250,416200,17.2,39295500,2611575,84.05,34024200,582000
16-01-2025 09:28,23399.25,231750,316225,17.5,39384525,2626125,82.25,33927150,607200
16-01-2025 09:28,23399.25,231100,413625,17.35,39428100,2616150,83.1,33911475,617325
16-01-2025 09:28,23398.05,231300,414300,17.75,39522375,2606175,83.1,33933075,621375
16-01-2025 09:28,23398.1,230825,414625,17.85,39512325,2598150,85.15,33964050,614475
16-01-2025 09:28,23399,231525,415425,17.4,39485775,2661075,85,33989400,613425
16-01-2025 09:28,23396.65,228825,416025,16.5,39358875,2738025,87.5,34019775,608775
16-01-2025 09:29,23395.4,229375,421925,16.25,39351825,2727675,88.55,34028325,608400
16-01-2025 09:29,23395.4,231650,421750,17.2,39477300,2666100,86.2,34030050,630150
16-01-2025 09:29,23393.9,231175,417975,17.25,39555975,2659950,86.55,34013850,659400
16-01-2025 09:29,23395.7,230200,417550,18.05,39618150,2646450,84.4,34020975,668400
16-01-2025 09:29,23398.3,232600,411800,18,39569325,2647125,83.6,33985425,672225
16-01-2025 09:29,23399,230900,412300,18.45,39627675,2581275,83.6,34000800,670725
16-01-2025 09:30,23404.1,230875,411575,18.65,39624600,2655675,82.5,34008825,673800
16-01-2025 09:30,23405,231000,411275,18.65,39627600,2593650,82.55,33993600,683025
16-01-2025 09:30,23402.85,233900,409675,18.3,39647775,2563800,84.45,34028925,689325
16-01-2025 09:30,23403.1,228750,412050,17.45,39570825,2671725,86.8,34064175,675375
16-01-2025 09:30,23402.55,228575,410625,17.9,39579225,2680875,86,34048275,670800
16-01-2025 09:30,23400.75,228150,410275,17.5,39590175,2664825,86.4,34047450,685275
16-01-2025 09:31,23396.05,228300,411100,17.5,39600450,2661600,87.05,34057425,698625
16-01-2025 09:31,23401.7,228400,410875,17.4,39690750,2710425,87.35,34052550,699750
16-01-2025 09:31,23395.2,227550,411300,16.8,39571425,2749575,89.15,34073325,691800
16-01-2025 09:31,23397,229725,411075,17.65,39615450,2722725,87,34070175,689325
16-01-2025 09:31,23400,231200,409075,17.9,39623850,2701575,85.2,34045500,700800
16-01-2025 09:31,23398.25,231875,408575,17.95,39655125,2755350,84.1,34010700,709275
16-01-2025 09:32,23400.05,232275,409325,18.3,39657525,2787000,81.5,34029225,712950
16-01-2025 09:32,23402.25,233425,406500,18.2,39684375,2732850,80.85,33950475,729300
16-01-2025 09:32,23404.1,233325,407750,17.85,39661650,2769375,81.7,33977025,715725
16-01-2025 09:32,23408.75,234675,408250,17.8,39717375,2785050,81.15,34005525,732075
16-01-2025 09:32,23414.75,234625,407550,20.3,39749925,2780025,76.7,34014675,747075
16-01-2025 09:32,23415.3,234925,395200,18.95,39732600,2588400,77.75,33925200,749775
16-01-2025 09:33,23415.65,237725,590350,19.4,39889650,2582475,78.1,33945900,776850
16-01-2025 09:33,23416,238225,591425,19.5,39989025,2573700,78.2,33965175,797775
16-01-2025 09:33,23411.05,235850,594750,18.85,39945900,2662050,79.9,34016625,785175
16-01-2025 09:33,23410.85,238300,596275,19.35,39908400,2709150,79.05,34056975,773250
16-01-2025 09:33,23415,238675,598300,19.75,40079250,2689125,79.3,34062750,786600
16-01-2025 09:33,23415,240900,600325,19.35,40005375,2771925,79.7,34081725,796050
16-01-2025 09:34,23411,240725,603450,19.1,40003050,2833425,80.8,34102125,787650
16-01-2025 09:34,23413.9,240950,604925,19.35,40064325,2816175,81.75,34111050,788175
16-01-2025 09:34,23411,241475,604450,18.75,40010625,2877450,83.75,34129050,784650
16-01-2025 09:34,23410.15,241725,606175,18.8,40076325,2903325,83.7,34134075,762450
16-01-2025 09:34,23410.15,241100,606925,19.1,40117200,2911350,82.55,34133625,765075
16-01-2025 09:34,23412.5,241125,607625,18.95,40129650,2934300,81.6,34117725,780000
16-01-2025 09:35,23412.5,240100,609000,18.95,40103925,2990025,82,34135500,777750
16-01-2025 09:35,23410.15,240225,608575,18.15,40120500,3038925,82.85,34142700,777300
16-01-2025 09:35,23410.15,241725,609875,18.3,39908175,3012375,80.4,34152675,770400
16-01-2025 09:35,23411,240225,609850,18.15,39896925,3063075,82.65,34106025,774450
16-01-2025 09:35,23411,239300,611025,17.95,39887175,3130725,83.5,34124025,774375
16-01-2025 09:35,23405.4,238100,612575,17.3,39848025,3199950,84.9,34125225,771525
16-01-2025 09:36,23410,236950,613025,16.95,39627600,3217800,85.95,34134000,759075
16-01-2025 09:36,23409.55,236800,613050,17.7,39781425,3173175,83.75,34139250,770400
16-01-2025 09:36,23406.65,239800,616450,17.2,39821700,3236550,87,34145700,773925
16-01-2025 09:36,23406.65,238550,615050,17.2,39747975,3279000,86.05,34150125,763425
16-01-2025 09:36,23406.85,238350,614150,17.55,39822900,3259725,84.2,34133625,786675
16-01-2025 09:36,23408.95,240575,613825,17.2,39837750,3326250,83.6,34128225,801525
16-01-2025 09:37,23406.65,238350,616275,16.95,39801150,3303675,85.1,34146675,805425
16-01-2025 09:37,23406.65,237975,614850,17,39808650,3292050,85.95,34156275,818250
16-01-2025 09:37,23405,237725,618050,17.2,39783825,3308250,87.15,34169625,812175
16-01-2025 09:37,23399,236300,619575,15.5,39819600,3356400,91.7,34196550,789900
16-01-2025 09:37,23397.75,235850,619175,15.95,39532050,3346050,91.5,34200525,702075
16-01-2025 09:37,23395.4,234425,622925,15.95,39612300,3336600,91.95,34209750,743475
16-01-2025 09:38,23395.55,236800,620575,15.95,39642150,3384225,92.05,34204350,764700
16-01-2025 09:38,23393.3,236350,625075,15.5,39538725,3423600,94.3,34206675,752100
16-01-2025 09:38,23393.3,237150,622875,15.6,39450525,3457125,94.35,34191150,633000
16-01-2025 09:38,23392.2,237275,623600,15.4,39557475,3488325,94.35,34181925,660300
16-01-2025 09:38,23395,238075,618575,15.8,39630225,3512325,93.3,34171650,672000
16-01-2025 09:38,23393.05,237725,617575,15.65,39692250,3474450,94.4,34173600,685275
16-01-2025 09:39,23393.05,236825,623250,15.85,39716325,3451425,94.3,34182675,724050
16-01-2025 09:39,23391.45,236100,625425,15.9,39742575,3525600,95.2,34182600,726150
16-01-2025 09:39,23394,234075,622800,16.15,39820575,3457275,94.4,34189575,717825
16-01-2025 09:39,23392.15,234825,624250,16.1,39818475,3492600,95.25,34178100,726600
16-01-2025 09:39,23390.35,235900,625900,16.1,39826875,3518025,96.05,34191375,701325
16-01-2025 09:39,23393.9,239200,626125,15.95,39708075,3509400,94.95,34192575,701850
16-01-2025 09:40,23392.9,240475,625875,15.8,39665250,3562875,94.4,34159575,709575
16-01-2025 09:40,23391.15,240175,625100,15.15,39654450,3606075,97.55,34174725,712350
16-01-2025 09:40,23390,242100,626225,15,39597600,3580500,99.25,34191900,688275
16-01-2025 09:40,23381.9,239650,627850,14.15,39460350,3631350,103.7,34244100,656775
16-01-2025 09:40,23383.25,235975,627250,14.4,39372525,3586725,103.45,34263975,527250
16-01-2025 09:40,23382.75,239700,626225,14.2,39445725,3594000,103.6,34218975,557925
16-01-2025 09:41,23385,238825,623800,14.75,39598050,3591000,100.95,34219425,585675
16-01-2025 09:41,23392.35,237400,621950,14.85,39666825,3477075,100.25,34190850,594000
16-01-2025 09:41,23385.7,239675,621100,15,39670725,3473700,100.85,34185525,600975
16-01-2025 09:41,23383.15,240675,621900,14.7,39619125,3548250,101.9,34213575,599475
16-01-2025 09:41,23384.25,240225,622475,14.7,39587850,3609525,102.1,34216200,619425
16-01-2025 09:41,23385,240950,622375,14.75,39657075,3575700,101.45,34210125,626250
16-01-2025 09:42,23385,239750,622700,14.15,39605625,3679950,103.15,34205550,631200
16-01-2025 09:42,23382.65,238600,623450,13.55,39429375,3719925,104.3,34217625,609675
16-01-2025 09:42,23381.65,240125,623500,14.25,39574950,3605700,102.15,34226400,623700
16-01-2025 09:42,23381.95,240925,621575,14.25,39594750,3607725,102,34216500,640500
16-01-2025 09:42,23382.55,240925,621750,14.25,39591000,3626175,101.75,34233600,659325
16-01-2025 09:42,23386,241900,623425,14.65,39691500,3674025,99.75,34219050,663150
16-01-2025 09:43,23386.95,243325,622900,15,39745125,3538275,98.7,34169700,669825
16-01-2025 09:43,23385.6,241325,622850,14.85,39708075,3601875,99.9,34159200,665100
16-01-2025 09:43,23385,242525,622600,14.65,39653025,3700350,101.05,34185075,670800
16-01-2025 09:43,23383.1,244500,624475,14.05,39625650,3756225,103.4,34208475,668475
16-01-2025 09:43,23384.95,244800,626425,13.9,39611325,3802950,104.9,34174575,651600
16-01-2025 09:43,23385,247075,624250,14,39629325,3750150,104.1,34153800,666450
16-01-2025 09:44,23382.4,246100,625100,14.1,39559725,3829575,103.75,34154775,685800
16-01-2025 09:44,23385,244800,626300,14.15,39584400,3780000,103.4,34156350,697950
16-01-2025 09:44,23382.05,245900,625775,14.25,39547425,3825675,102.85,34149600,707625
16-01-2025 09:44,23387.9,246225,625500,14.35,39550425,3783150,101.45,34153425,714675
16-01-2025 09:44,23384.2,245100,625925,14.2,39534075,3845250,100.15,34153875,733575
16-01-2025 09:44,23383.3,244575,626525,13.9,39473325,3872475,102.4,34151400,733500
16-01-2025 09:45,23383.1,246525,624775,14.05,39617925,3851850,100.8,34149150,745875
16-01-2025 09:45,23385,244625,626175,14.25,39685950,3837450,100.05,33660450,744975
16-01-2025 09:45,23388,247450,625600,14.35,39634875,3845400,99.2,33657900,753075
16-01-2025 09:45,23384,247100,627200,13.35,39610200,3937800,104.9,33604200,748800
16-01-2025 09:45,23383.4,240400,626425,13.6,39489900,3894675,103.85,33615600,654375
16-01-2025 09:45,23374.8,240700,630800,12.95,39534225,3849825,109.45,33634650,648750
16-01-2025 09:46,23374.45,235725,629300,13,39333525,3845400,107.45,33638775,531675
16-01-2025 09:46,23380,234500,630225,13.1,39422175,3818400,107.15,33648450,560100
16-01-2025 09:46,23382.75,235275,630325,13.45,39488175,3777225,106.05,33693150,579975
16-01-2025 09:46,23382.5,239200,629700,13.15,39470475,3807675,106.05,33696000,588150
16-01-2025 09:46,23380.6,240100,631950,12.8,39366375,3870000,107.15,33638925,603075
16-01-2025 09:46,23375.45,238725,631300,12.85,39398550,3891000,106.4,33648750,614175
16-01-2025 09:47,23375,238500,631325,12.85,39415200,3856200,107.6,33675225,621900
16-01-2025 09:47,23379.35,237625,632900,12.65,39489975,3930975,107.7,33687750,631725
16-01-2025 09:47,23377,238825,631775,12.95,39504675,3960375,105.25,33690075,636750
16-01-2025 09:47,23382.95,240125,630400,13,39503475,3910425,105.1,33643950,649575
16-01-2025 09:47,23381.95,239450,631525,12.65,39436200,3963450,107.05,33654075,647325
16-01-2025 09:47,23381.75,239375,630525,12.95,39462750,3961800,106.35,33663525,633225
16-01-2025 09:48,23379.5,239800,630950,13.15,39498150,3877275,105.9,33665775,662700
16-01-2025 09:48,23379,239300,631250,13.15,39484200,3891150,106.9,33670275,662175
16-01-2025 09:48,23375.95,238200,631500,12.9,39527025,4015800,107.55,33677100,655425
16-01-2025 09:48,23375.95,238825,630800,12.9,39439125,4090200,107.6,33681375,660375
16-01-2025 09:48,23375.6,239875,630375,12.95,39475275,4028475,107.15,33684675,675450
16-01-2025 09:48,23375.6,240475,630475,12.5,39492000,4055325,108.4,33690450,653250
16-01-2025 09:49,23375.95,238400,630700,12.6,39441750,4075875,109.25,33704025,646275
16-01-2025 09:49,23377.65,237875,631500,12.7,39487350,4067400,110.85,33712875,637275
16-01-2025 09:49,23372.7,236200,633075,12.85,39480975,4044150,109.1,33713850,602625
16-01-2025 09:49,23372.7,237200,631075,12.9,39540300,4017150,109.45,33699375,616950
16-01-2025 09:49,23372.7,238800,631175,12.7,39486225,4177725,108.7,33693300,623775
16-01-2025 09:49,23372.7,238100,630675,12.4,39514425,4236600,108.95,33684300,622425
16-01-2025 09:50,23372,239925,632275,12.5,39448725,4258575,108,33683850,622800
16-01-2025 09:50,23372.2,240775,632700,12.6,39506925,4189950,108,33681375,631950
16-01-2025 09:50,23373.45,242300,629725,12.75,39533625,4156275,107,33669675,626400
16-01-2025 09:50,23379.85,244550,630500,13,39569775,4094775,106.3,33644025,625875
16-01-2025 09:50,23382.85,244800,630725,13.1,39637350,4101150,105.4,33648225,635625
16-01-2025 09:50,23381.45,244825,631675,13.15,39500700,4107375,107,33614625,622500
16-01-2025 09:51,23376,245075,632725,12.95,39573600,4080150,109.55,33623175,618150
16-01-2025 09:51,23373,241575,634025,12.6,39418575,4237275,109.55,33635175,602100
16-01-2025 09:51,23371,241350,636000,12.2,39476325,4303125,110.6,33627375,574800
16-01-2025 09:51,23370.1,246775,635825,12.3,39487650,4281675,110,33630450,591075
16-01-2025 09:51,23376,249050,636300,12.45,39559275,4213575,108.8,33571500,607200
16-01-2025 09:51,23372,249375,637775,12.35,39525450,4275525,109.6,33584550,608625
16-01-2025 09:52,23370.65,250300,635825,12.45,39511200,4276125,109.1,33595725,606300
16-01-2025 09:52,23369.9,253225,635375,12.45,39608400,4242450,110.2,33593025,613350
16-01-2025 09:52,23370,249250,635225,12.6,39700050,4278225,109.4,33593550,616950
16-01-2025 09:52,23370.85,250225,636175,12.65,39665025,4248150,108.95,33613500,618900
16-01-2025 09:52,23375,250050,637150,12.6,39694950,4249200,108.7,33612225,633525
16-01-2025 09:52,23374.95,248600,637775,12.4,39594900,4321200,109.45,33614700,625425
16-01-2025 09:53,23375.05,248250,638825,12.4,39594900,4305000,109.9,33616200,618000
16-01-2025 09:53,23375.05,249175,641325,12.5,39671100,4273275,110.1,33632025,617475
16-01-2025 09:53,23375,249125,639300,12.45,39652650,4273200,110.2,33620550,613500
16-01-2025 09:53,23372.1,250000,639700,12.4,39588150,4360275,109.9,33620775,618750
16-01-2025 09:53,23369.9,249975,643050,11.5,39615750,4361325,115.5,33626400,625500
16-01-2025 09:53,23368.7,246250,643875,11.55,39296850,4391550,115.65,33638250,483000
16-01-2025 09:54,23365.6,251650,644750,11.6,39286275,4379175,115.3,33606225,493875
16-01-2025 09:54,23365.85,253950,642550,11.6,39337725,4317150,114.75,33597900,504525
16-01-2025 09:54,23366,252275,641950,11.1,39256350,4380450,116.85,33606150,513600
16-01-2025 09:54,23366,253100,642100,11.25,39306300,4342050,115.4,33623625,539250
16-01-2025 09:54,23368,252275,643050,11.2,39308175,4379100,115.6,33626175,560850
16-01-2025 09:54,23367.4,251500,643300,11.1,39200550,4392525,117.45,33624975,552075
16-01-2025 09:55,23367.85,252300,644425,11.35,39274800,4373700,117.65,33636075,520200
16-01-2025 09:55,23363,252700,645875,11.25,39321225,4267800,118.7,33633225,476925
16-01-2025 09:55,23362.4,250575,645400,11.25,39195525,4318275,118.35,33638475,483525
16-01-2025 09:55,23360,250775,641500,11.6,39348900,4249950,121.95,33621825,483675
16-01-2025 09:55,23358,248250,643850,11.7,39418275,4131825,125.65,33634575,406800
16-01-2025 09:55,23360.8,251275,644675,11.45,39342825,4293225,126.4,33596775,344700
16-01-2025 09:56,23357,250875,642600,11.8,39448875,4198950,125.25,33584625,362250
16-01-2025 09:56,23357,252575,639675,11.65,39454050,4264125,123.2,33560025,364125
16-01-2025 09:56,23362.25,255675,639750,12.05,39514800,4131900,120.25,33534600,384450
16-01-2025 09:56,23362,257525,639750,12,39517875,4104525,121.65,33476850,386700
16-01-2025 09:56,23366.8,261425,639875,11.95,39414675,4139925,122.35,33493950,391650
16-01-2025 09:56,23362.2,260750,639075,12.1,39562725,4149225,120.65,33503700,406575
16-01-2025 09:57,23366,261125,638350,12.15,39544725,4119750,120.05,33492750,412800
16-01-2025 09:57,23366,262150,639000,12.15,39515700,4125450,120.55,33495300,419325
16-01-2025 09:57,23366,260750,638450,12.05,39489450,4127625,121.35,33512625,417750
16-01-2025 09:57,23364,258225,637850,12.1,39500400,4185750,121,33516150,407700
16-01-2025 09:57,23362.3,258750,637550,12.1,39476025,4159500,123.3,33538275,405000
16-01-2025 09:57,23363,260625,638900,11.95,39540450,4156875,125.05,33548325,409950
16-01-2025 09:58,23362,263275,637550,12.3,39482475,4105575,122.3,33545850,396375
16-01-2025 09:58,23367.2,262850,637475,12.3,39627075,4088775,122.5,33532875,414225
16-01-2025 09:58,23364.35,262775,637200,12.4,39585900,4098225,120.5,33528375,422625
16-01-2025 09:58,23367.1,265675,638350,12.6,39577500,4122000,118.8,33522975,431400
16-01-2025 09:58,23370,264550,638125,12.7,39586725,4077900,117.6,33478425,446325
16-01-2025 09:58,23373,267175,637125,13.05,39627075,4065225,114.45,33437100,448200
16-01-2025 09:59,23375.9,268425,637175,12.95,39606825,4098525,114.45,33395325,441750
16-01-2025 09:59,23376.6,266750,637375,12.9,39596250,4113375,115.05,33405300,437925
16-01-2025 09:59,23375,266150,637475,12.85,39598050,4203900,114.8,33404025,445800
16-01-2025 09:59,23373.2,263300,638675,12.3,39473475,4231275,117.75,33438675,428025
16-01-2025 09:59,23370.1,264125,638225,12.45,39553950,4208325,117.05,33473550,425625
16-01-2025 09:59,23372.1,264750,637925,12.5,39611625,4203600,116.25,33486075,433200
16-01-2025 10:00,23374.95,267125,639825,12.9,39682275,4163775,115.9,33466275,441675
16-01-2025 10:00,23374.9,266875,638100,13.3,39759075,4094100,114.2,33462000,449475
16-01-2025 10:00,23377,266025,637850,13.45,39726450,4063125,112.7,33449400,453900
16-01-2025 10:00,23378.3,268625,637275,13.75,39692025,4036200,109.65,33448275,461475
16-01-2025 10:00,23380,266950,636400,13.95,39657825,3967275,109.4,33387375,454200
16-01-2025 10:00,23385,271175,634400,14,39706275,3937050,106.95,33387675,460125
16-01-2025 10:01,23380,271400,635300,13.65,39609825,3956250,108.4,33372000,451950
16-01-2025 10:01,23384.15,269075,637025,13.9,39611475,4018575,108.5,33408075,449700
16-01-2025 10:01,23382,269250,637250,13.5,39615600,4000950,110.3,33420900,457200
16-01-2025 10:01,23377,267200,639850,13.25,39505200,4029300,111.5,33435975,440250
16-01-2025 10:01,23380,268550,639800,13.1,39474075,4110375,111.7,33444825,445650
16-01-2025 10:01,23379.1,265750,641125,12.9,39347475,4124775,112.15,33447075,431400
16-01-2025 10:02,23375,264025,641600,12.55,39428400,4134975,114.1,33449100,431025
16-01-2025 10:02,23375,262175,641150,12.65,39441675,4104600,114.15,33450525,428250
16-01-2025 10:02,23375,262750,640600,12.75,39400800,4111350,114.2,33454050,433425
16-01-2025 10:02,23372.8,262450,640850,12.55,39416325,4138350,115,33457575,438150
16-01-2025 10:02,23373,263425,639425,12.85,39446325,4103475,114.2,33462900,443250
16-01-2025 10:02,23373.4,264650,639325,12.95,39539925,4051875,112.55,33457200,458325
16-01-2025 10:03,23373,262500,640150,12.3,39418575,4177125,115.7,33475275,464100
16-01-2025 10:03,23370,260025,640300,11.95,39198300,4209900,119.3,33476550,420825
16-01-2025 10:03,23370,259575,640400,12.25,39325650,4138575,118.95,33478875,424875
16-01-2025 10:03,23363,258675,640550,11,39310125,4242150,124.45,33483375,432525
16-01-2025 10:03,23367.5,256325,643700,11.15,39232875,4208925,124,33495000,385050
16-01-2025 10:03,23362,258950,642550,11.35,39175350,4154550,122.85,33505050,401100
16-01-2025 10:04,23363.4,259700,641150,11.8,39353925,4081875,121.4,33497475,414525
16-01-2025 10:04,23361,259300,643925,11.1,39317700,4245750,126.2,33500250,410475
16-01-2025 10:04,23358.4,258075,643325,11,39239475,4219425,126.1,33513825,378825
16-01-2025 10:04,23359.2,257725,641425,11.2,39342975,4100025,125.6,33502950,392625
16-01-2025 10:04,23360,258475,643200,11.35,39346350,4152750,125.35,33497775,396900
16-01-2025 10:04,23360,257200,644475,11.2,39330000,4256325,125.05,33507300,404025
16-01-2025 10:05,23360,259875,643475,11.6,39479175,4149975,123.3,33510450,409575
16-01-2025 10:05,23361.95,258950,642125,11.7,39431250,4138350,122.3,33491250,413250
16-01-2025 10:05,23360.35,260075,643050,11.85,39456825,4149075,124.05,33517650,419475
16-01-2025 10:05,23361.4,262800,641200,11.7,39453750,4170975,122.6,33512175,427200
16-01-2025 10:05,23362.55,262600,641275,11.45,39329925,4207350,123.5,33504375,425925
16-01-2025 10:05,23361,263100,640925,11.5,39417600,4207350,123.3,33498825,428850
16-01-2025 10:06,23362.55,263100,638125,11.6,39487575,4185150,123.65,33494625,434550
16-01-2025 10:06,23365,267325,638850,11.8,39507825,4158675,120.25,33486900,439275
16-01-2025 10:06,23365.05,263725,638375,11.65,39383250,4206900,119.65,33444450,439200
16-01-2025 10:06,23366.85,264475,637150,11.8,39504600,4163400,119.35,33438450,437700
16-01-2025 10:06,23365.05,263200,637525,11.65,39485700,4224675,120.4,33453825,437025
16-01-2025 10:06,23365.2,262700,637700,11.6,39324825,4240125,121.05,33461850,430500
16-01-2025 10:07,23365.1,262575,640100,11.3,39411975,4332975,125.35,33470100,430200
16-01-2025 10:07,23362,261675,640425,11.35,39324300,4315725,125.1,33488925,430800
16-01-2025 10:07,23363.75,262000,640100,11.4,39419775,4250250,125.25,33488100,461400
16-01-2025 10:07,23362,262400,640300,11.55,39421650,4230825,124.55,33505200,447450
16-01-2025 10:07,23363.8,262300,639300,11.8,39500775,4213575,123,33495300,461700
16-01-2025 10:07,23361,261775,639250,11.55,39471975,4310325,124.35,33492075,481350
16-01-2025 10:08,23362,263550,639200,11.75,39481575,4269000,123.6,33494100,488175
16-01-2025 10:08,23361,263225,639450,11.7,39459750,4260300,123.55,33490350,493500
16-01-2025 10:08,23363.8,266275,638950,11.85,39527475,4224075,121.25,33486525,493800
16-01-2025 10:08,23368,268800,637200,12.05,39585225,4223625,119.5,33475350,491925
16-01-2025 10:08,23370,269825,637575,12.15,39530175,4172625,117.95,33442875,495750
16-01-2025 10:08,23367.75,268700,640350,11.95,39459300,4309725,119,33456975,494850
16-01-2025 10:09,23369.9,268900,639725,11.75,39446325,4314675,120,33466200,493350
16-01-2025 10:09,23367,266675,640875,11.5,39431700,4336050,123.2,33505800,494550
16-01-2025 10:09,23364.9,265250,641625,11.4,39308025,4370250,123.9,33516375,489600
16-01-2025 10:09,23364,263775,642000,11.45,39353625,4386150,123.4,33511275,500325
16-01-2025 10:09,23365.45,263425,643125,11.5,39450975,4350000,125.25,33522375,510300
16-01-2025 10:09,23365.2,263900,642475,11.5,39433800,4353150,123.25,33521325,502425
16-01-2025 10:10,23367,266325,641500,12.1,39642525,4315875,119.75,33493650,525450
16-01-2025 10:10,23365.9,265200,641750,12.05,39564525,4230450,119.85,33471975,530850
16-01-2025 10:10,23370,266175,641550,12.35,39708750,4245150,117.85,33482250,529125
16-01-2025 10:10,23368.55,266850,641775,12.35,39567375,4198500,118.4,33464175,533175
16-01-2025 10:10,23371.15,265075,641825,12,39607050,4287450,119.85,33471675,540825
16-01-2025 10:10,23370.55,265525,642525,12.05,39586950,4362000,120,33474075,537975
16-01-2025 10:11,23365.9,264125,643550,11.65,39449025,4431825,121.8,33492900,534525
16-01-2025 10:11,23368.65,263550,642500,11.55,39509475,4373775,122.65,33486075,535125
16-01-2025 10:11,23368.1,263625,642850,11.55,39488625,4385400,122.95,33493875,531900
16-01-2025 10:11,23366.5,263625,641800,11.85,39638400,4349550,121,33487725,547650
16-01-2025 10:11,23370,264325,641725,11.75,39626925,4302600,121.2,33474450,554100
16-01-2025 10:11,23369.7,264375,644050,11.6,39483375,4416000,121.95,33478800,549450
16-01-2025 10:12,23366.5,263825,643975,11.6,39529350,4391925,123.05,33490575,544125
16-01-2025 10:12,23366.5,266125,642825,11.75,39646050,4374000,120.5,33491025,543450
16-01-2025 10:12,23366.5,263300,643850,11.45,39576675,4427100,123.45,33488925,541650
16-01-2025 10:12,23369.45,263600,643375,11.8,39633525,4413900,121.7,33489825,533700
16-01-2025 10:12,23365,264725,642175,11.55,39663075,4428075,123.2,33499950,534675
16-01-2025 10:12,23365.75,264075,642875,11.6,39613125,4446375,122.85,33500775,533400
16-01-2025 10:13,23365,265150,642775,11.7,39624375,4470525,122.6,33502125,532800
16-01-2025 10:13,23366.5,264475,642625,11.65,39613125,4434075,122.45,33498450,531675
16-01-2025 10:13,23363.8,264850,641350,11.75,39618975,4378575,121.7,33495900,536325
16-01-2025 10:13,23366.5,262325,640975,11.6,39543525,4447350,122.6,33491100,535875
16-01-2025 10:13,23368,263250,641650,11.7,39550875,4460400,121.2,33494475,529650
16-01-2025 10:13,23363.4,262750,643750,11.15,39606675,4501575,124.1,33501525,528525
16-01-2025 10:14,23361.5,259525,645450,10.7,39280200,4495800,127,33509850,455925
16-01-2025 10:14,23361,260950,642425,11.15,39358575,4479375,125,33494475,413025
16-01-2025 10:14,23363.75,263175,642050,11.6,39472275,4341675,120.7,33469800,422175
16-01-2025 10:14,23370,264400,641950,11.45,39459000,4453275,119.4,33456150,425775
16-01-2025 10:14,23371.1,264425,640425,11.7,39422625,4318800,117.7,33424950,430125
16-01-2025 10:14,23372.9,264775,641175,11.65,39445875,4331625,117.9,33440250,433275
16-01-2025 10:15,23370,265650,642150,11.75,39520050,4304775,118.15,33443175,435375
16-01-2025 10:15,23378.9,268275,640875,12.75,39529050,4257300,110.75,33441900,446400
16-01-2025 10:15,23382,269200,640025,12.65,39482775,4212150,111.6,33339600,453525
16-01-2025 10:15,23385,265975,642150,12.85,39434475,4222050,111.5,33330525,441525
16-01-2025 10:15,23383.7,263525,643050,12.8,39378525,4144725,112.85,33352500,442650
16-01-2025 10:15,23380,262750,642175,12.6,39352800,4223925,113.2,33376950,439500
16-01-2025 10:16,23380,262300,645125,12.35,39289650,4313250,114.45,33403500,447225
16-01-2025 10:16,23379.25,262250,645925,12.1,39225525,4421325,115.3,33410475,439350
16-01-2025 10:16,23377.75,261100,647700,11.65,39135600,4446600,116.75,33427050,439425
16-01-2025 10:16,23371.7,261775,648225,11.35,39204900,4484325,118.8,33427800,446475
16-01-2025 10:16,23369,262250,647100,10.95,39151575,4500225,120.2,33441900,437850
16-01-2025 10:16,23372,263425,645725,11.25,39179775,4480350,120.25,33446925,440550
16-01-2025 10:17,23371,263500,646250,11.25,39304650,4417350,121.2,33451725,454950
16-01-2025 10:17,23372.15,265625,646075,11.35,39394800,4363050,120.1,33452100,472950
16-01-2025 10:17,23372.65,265850,646250,11.4,39403200,4448550,119.3,33444975,491475
16-01-2025 10:17,23368.55,264175,646500,11.35,39362025,4433925,119.9,33453300,490350
16-01-2025 10:17,23374,263500,646200,11.55,39494925,4418175,119.3,33455475,495225
16-01-2025 10:17,23374,264450,647100,11.55,39514875,4482150,119.4,33469200,502875
16-01-2025 10:18,23373.45,265250,645750,12,39583425,4419825,115.85,33463200,509250
16-01-2025 10:18,23376.7,269000,646075,11.8,39597225,4489725,117.5,33439500,518625
16-01-2025 10:18,23372.85,264625,644800,11.8,39560850,4506225,116.9,33440175,513450
16-01-2025 10:18,23378.4,264000,645975,12,39554625,4485825,115.45,33441225,519300
16-01-2025 10:18,23380,261750,645125,12.25,39571575,4479075,113.45,33429150,524325
16-01-2025 10:18,23378,262825,645425,12.25,39544350,4503975,113.15,33416325,518550
16-01-2025 10:19,23379.95,266875,643875,12.5,39623325,4454025,112.95,33417750,532200
16-01-2025 10:19,23378.4,263700,645225,12.25,39522150,4495050,114.25,33411300,525975
16-01-2025 10:19,23381.2,265975,645000,12.4,39547050,4514025,114.55,33418650,526425
16-01-2025 10:19,23376,262800,645000,12.25,39461325,4530375,115.95,33421425,519450
16-01-2025 10:19,23379,260925,644525,12.1,39474375,4572600,115.95,33420000,524250
16-01-2025 10:19,23374.4,263650,645550,11.85,39439200,4609275,116,33422925,537150
16-01-2025 10:20,23380.35,266000,644650,11.9,39417225,4575375,115.4,33423375,540075
16-01-2025 10:20,23379.4,268075,645200,12.4,39549525,4501200,114,33415125,543675
16-01-2025 10:20,23383,266375,645400,12.3,39530775,4540125,114.15,33412425,542325
16-01-2025 10:20,23381.4,265800,647575,12.3,39469950,4585125,114.75,33420450,542325
16-01-2025 10:20,23375,264275,647775,12.3,39527250,4598325,115.5,33427875,538650
16-01-2025 10:20,23375,264150,647775,11.9,39444750,4636425,116.5,33430425,539850
16-01-2025 10:21,23374.05,265800,648225,11.95,39321075,4674150,115.4,33437325,533850
16-01-2025 10:21,23378.1,269175,645600,12.5,39547425,4527075,112.7,33425175,542250
16-01-2025 10:21,23378.1,268725,645900,12.35,39551625,4614525,113.6,33431475,540750
16-01-2025 10:21,23380,266725,645050,12.45,39575550,4533450,113.25,33434850,542250
16-01-2025 10:21,23382.6,267350,645225,12.1,39591000,4574850,113.55,33438000,546150
16-01-2025 10:21,23381,264125,646850,12.35,39543975,4606575,112.8,33438300,550875
16-01-2025 10:22,23380.95,265150,646925,12.05,39407025,4649775,113.75,33438750,549075
16-01-2025 10:22,23381.9,266475,646425,12.05,39516600,4631550,114.9,33446475,551025
16-01-2025 10:22,23381.85,262525,647825,11.95,39471900,4657125,114.75,33462000,555300
16-01-2025 10:22,23378.45,262150,648100,11.8,39423900,4717425,114.95,33472500,559725
16-01-2025 10:22,23380,261100,647375,11.9,39394950,4689825,114.15,33467700,560625
16-01-2025 10:22,23380,261750,646475,12.25,39530550,4611225,112.25,33459375,564000
16-01-2025 10:23,23380,260575,646100,12,39600375,4631850,113.3,33448275,573975
16-01-2025 10:23,23380,260525,646250,12.15,39534600,4658025,113.45,33463050,566025
16-01-2025 10:23,23381,261025,648675,12,39481050,4703775,114.05,33463575,565050
16-01-2025 10:23,23381.85,260675,647675,11.95,39504450,4682175,114.55,33462375,567225
16-01-2025 10:23,23380,260275,648700,11.95,39520725,4643700,114.9,33465525,564975
16-01-2025 10:23,23382,261325,648650,12.05,39581475,4728600,113.65,33465225,563175
16-01-2025 10:24,23382.85,261175,647400,11.95,39518625,4734375,113.8,33461700,563775
16-01-2025 10:24,23383,261475,647950,11.95,39531825,4645650,112.95,33465150,573525
16-01-2025 10:24,23380,261575,648800,11.85,39456375,4696200,113.5,33468975,572625
16-01-2025 10:24,23385,262125,648425,12.55,39546375,4694925,108.8,33477225,579000
16-01-2025 10:24,23388.05,263675,648575,12.35,39664425,4600875,109.55,33406125,577425
16-01-2025 10:24,23387.95,264025,646550,12.4,39603375,4622700,109.45,33426675,586200
16-01-2025 10:25,23387.3,264100,648000,12.25,39632250,4573500,110.5,33447225,588750
16-01-2025 10:25,23388.7,263425,647875,12.45,39491925,4659675,109.05,33456450,599400
16-01-2025 10:25,23384.7,263675,650775,11.4,39397425,4729425,112,33464025,598725
16-01-2025 10:25,23385,262875,649100,11.3,39134550,4797075,112.65,33470325,587550
16-01-2025 10:25,23381,263225,649425,11.6,39298050,4701375,111.8,33462525,596100
16-01-2025 10:25,23385.5,263325,648250,11.75,39280575,4692375,111.05,33465750,598650
16-01-2025 10:26,23382,263675,649100,11.55,39327900,4744800,112.65,33462375,601650
16-01-2025 10:26,23384.6,263575,648725,11.55,39161925,4738350,112.65,33467025,602175
16-01-2025 10:26,23384,263650,648100,11.45,39262425,4717650,112,33455175,611625
16-01-2025 10:26,23382,264175,647200,11.75,39387000,4691475,110.65,33457200,619425
16-01-2025 10:26,23385,264275,648150,11.5,39231975,4704525,110.85,33455250,627975
16-01-2025 10:26,23385.9,263825,649225,11.45,39263625,4731300,110.7,33461625,627975
16-01-2025 10:27,23385.95,263900,649025,11.35,39301425,4764975,111.5,33451125,626475
16-01-2025 10:27,23381.4,263800,648725,11.3,39225150,4817475,111,33446025,621975
16-01-2025 10:27,23380.9,263775,648325,11.25,39232125,4797825,111.35,33452250,631350
16-01-2025 10:27,23380.65,263050,647400,11.1,39166725,4776150,111.55,33451800,628050
16-01-2025 10:27,23384,263425,649675,11.1,39132300,4787700,111.5,33454800,622650
16-01-2025 10:27,23381,262275,649050,11,39042900,4759500,111.65,33458925,614775
16-01-2025 10:28,23381.5,262500,650025,10.15,38970825,4852350,113,33460800,603300
16-01-2025 10:28,23381.5,263300,651125,10.4,38860350,4669275,112.2,33450900,574575
16-01-2025 10:28,23382.25,262925,651875,10.05,38831625,4799325,113.4,33459075,576075
16-01-2025 10:28,23382.5,262425,653400,10.15,38796000,4814325,113.75,33459900,573300
16-01-2025 10:28,23379.65,262850,653250,9.35,38800350,4855575,116.7,33466575,572700
16-01-2025 10:28,23381.4,263625,650875,9.8,38868225,4809300,115.6,33466275,558525
16-01-2025 10:29,23376.05,263900,651650,9.95,39038175,4733325,115.6,33483225,566775
16-01-2025 10:29,23378.95,263175,654100,9.9,39026775,4715925,117,33485400,566100
16-01-2025 10:29,23378.1,263325,653675,9.5,38952975,4833300,117.95,33486000,541200
16-01-2025 10:29,23378.25,263400,651950,9.4,38900325,4860900,118.5,33476025,529950
16-01-2025 10:29,23375,264900,653525,9.45,38990925,4821450,118.35,33469275,539250
16-01-2025 10:29,0,0,0,9.7,39120225,4779825,118.45,33458775,539250
16-01-2025 10:30,23376.05,263525,652375,9.7,39105825,4800750,118.55,33458550,543900
16-01-2025 10:30,23375,264000,654000,9.65,39167925,4786200,119.45,33444300,543825
16-01-2025 10:30,23374.7,264675,653625,9.7,39149250,4755150,119.4,33435300,551250
16-01-2025 10:30,23373,265225,655725,9.5,39117225,4772550,120.2,33439500,551025
16-01-2025 10:30,23373,265850,654350,9.6,39100125,4793100,119.1,33446700,543525
16-01-2025 10:30,23375,265400,654475,9.65,39070200,4822875,119,33440700,548475
16-01-2025 10:31,23373,264825,656675,9,38926425,4892925,121.55,33448575,534525
16-01-2025 10:31,23374.95,264450,656500,9.05,38824200,4914225,120.7,33450000,527850
16-01-2025 10:31,23375,264675,656425,9.15,38922150,4834575,120.6,33451725,541650
16-01-2025 10:31,23372.95,264875,656325,9.3,38898900,4759050,120.75,33440025,547350
16-01-2025 10:31,23374,265650,655600,9.35,38970075,4764750,119.8,33423525,555975
16-01-2025 10:31,23375,265050,654150,9.45,38941950,4777425,119.45,33431025,570525
16-01-2025 10:32,23378,264850,652450,9.65,39048000,4665075,117.15,33401475,570300
16-01-2025 10:32,23378,264950,653675,9.7,39061950,4667625,117.7,33370575,570300
16-01-2025 10:32,23376,264775,653350,9.7,39050325,4635150,118.25,33386400,573450
16-01-2025 10:32,23377.95,264450,653850,9.65,39050400,4657350,117.95,33401625,570150
16-01-2025 10:32,23374.55,264800,653500,9.4,38943300,4717275,119,33414375,571125
16-01-2025 10:32,23377.65,264450,653875,9.35,38871300,4700025,119.45,33417975,565050
16-01-2025 10:33,23373.5,263975,655125,9.15,38912250,4774125,120.4,33423000,565875
16-01-2025 10:33,23371.15,263950,654350,9.1,38932950,4794825,120.05,33429150,557475
16-01-2025 10:33,23374.95,263400,653425,9.3,38991525,4742550,119.7,33427875,557625
16-01-2025 10:33,23374.95,264700,652950,9.5,39107475,4655250,118,33412275,565200
16-01-2025 10:33,23376,264125,651825,9.55,39114675,4587525,117.2,33404400,570600
16-01-2025 10:33,23377,264325,651500,9.65,39104850,4618575,117.55,33396000,568950
16-01-2025 10:34,23378,264825,651825,9.65,39172050,4579725,116.7,33399525,560850
16-01-2025 10:34,23375.75,264700,653250,9.6,39160125,4625700,117,33392700,557550
16-01-2025 10:34,23377.5,263600,650425,9.55,39141075,4668750,117.4,33404250,562500
16-01-2025 10:34,23377.5,263250,650550,9.45,39162075,4698975,117.5,33397575,566325
16-01-2025 10:34,23376.4,262900,650325,9.55,39094425,4741200,116,33399000,570975
16-01-2025 10:34,23377,263075,650425,9.35,39080250,4789050,115.8,33398400,567300
16-01-2025 10:35,23380,265700,649700,9.65,39081300,4864425,112.95,33395175,573000
16-01-2025 10:35,23384.7,266375,649675,9.65,39113700,4656150,113.15,33351375,567900
16-01-2025 10:35,23384.05,267175,648675,9.7,39140550,4637250,113.25,33346875,569925
16-01-2025 10:35,23381.05,266800,649575,9.85,39108375,4588575,113.5,33359100,565425
16-01-2025 10:35,23380,263750,651125,9.8,39150225,4637775,113.05,33369750,563625
16-01-2025 10:35,23385,263825,649600,9.85,39180750,4585800,112.7,33364950,567300
16-01-2025 10:36,23380.5,263775,650025,9.65,39121650,4651500,114.55,33376950,565125
16-01-2025 10:36,23379.45,264100,650800,9.6,39113325,4643625,114.4,33384150,564675
16-01-2025 10:36,23377.2,262900,650550,9.1,39115500,4733700,117.2,33395850,567225
16-01-2025 10:36,23378.65,263850,651450,9.1,38838525,4781250,117.8,33406275,547950
16-01-2025 10:36,23379.45,263625,650525,9.45,39051600,4704825,116.4,33408525,559500
16-01-2025 10:36,23384.9,264375,650000,9.95,39152625,4604400,112.15,33388725,566250
16-01-2025 10:37,23381,263825,652100,9.6,39088650,4653075,113.8,33366225,567975
16-01-2025 10:37,23380,264225,651525,9.5,38947200,4728525,113.9,33371925,560400
16-01-2025 10:37,23381.7,265225,652050,9.5,39002250,4692150,114.05,33375975,570450
16-01-2025 10:37,23383.4,264825,652100,9.55,38983725,4685925,114.55,33380625,573750
16-01-2025 10:37,23381.7,264300,651350,9.45,38985525,4768425,115.3,33385725,569400
16-01-2025 10:37,23377.05,263075,652300,9.4,38944650,4764825,115.7,33390375,576375
16-01-2025 10:38,23380,262875,654025,9.15,38922375,4785075,116.9,33389550,577350
16-01-2025 10:38,23381.85,263850,654150,9.2,38928975,4844475,116.35,33390825,569850
16-01-2025 10:38,23380,265475,653400,9.4,39086400,4814250,115,33396525,574050
16-01-2025 10:38,23381.75,266000,654000,9.55,39167850,4759725,114.05,33383400,585075
16-01-2025 10:38,23380,264900,653325,9.5,39200850,4752075,114.25,33391875,584250
16-01-2025 10:38,23380,265400,652650,9.45,39119175,4809225,115.15,33397425,577050
16-01-2025 10:39,23380.5,265325,651600,9.55,39183150,4776000,114.1,33396150,589725
16-01-2025 10:39,23384,265775,651250,9.8,39224025,4687650,111.75,33383100,599100
16-01-2025 10:39,23384,264325,652175,9.85,39241725,4749750,110.35,33370350,600675
16-01-2025 10:39,23385.5,265300,652200,9.65,39165000,4740225,111.3,33344100,594975
16-01-2025 10:39,23382.9,265900,651725,9.75,39199875,4693050,110.15,33349725,595200
16-01-2025 10:39,23382.5,267200,649875,9.75,39222975,4692375,111.2,33350850,597675
16-01-2025 10:40,23382.25,267250,649125,9.85,39228975,4692450,111,33358350,584700
16-01-2025 10:40,23387,267575,649625,9.75,39198000,4684875,111.05,33368925,586425
16-01-2025 10:40,23382.3,266550,649575,9.75,39236100,4700625,111.75,33378225,590100
16-01-2025 10:40,23386.95,266625,649725,9.7,39188025,4734825,112.15,33383025,589800
16-01-2025 10:40,23383,267200,649025,9.75,39190500,4724175,111.6,33388425,594825
16-01-2025 10:40,23384.55,265275,649125,9.8,39199350,4763925,110.85,33393300,596400
16-01-2025 10:41,23383.5,264950,648875,9.9,39257550,4706250,110,33383550,600825
16-01-2025 10:41,23388,266000,648275,10.05,39330525,4590150,109,33358050,602175
16-01-2025 10:41,23390.6,264575,646825,10.2,39363525,4604250,108.65,33356250,607125
16-01-2025 10:41,23388,265500,646350,10.15,39366600,4590375,109.2,33368400,604650
16-01-2025 10:41,23390,265400,646700,10.2,39442425,4562625,109.9,33375825,602925
16-01-2025 10:41,23390,265150,647025,10.25,39301200,4626225,109.4,33373275,602700
16-01-2025 10:42,23387.85,264850,647775,10.35,39363450,4560225,109.85,33389325,610275
16-01-2025 10:42,23388.35,265700,648925,9.75,39174825,4725600,111.2,33390825,606150
16-01-2025 10:42,23381.65,263650,649300,9.55,38994150,4778175,112.1,33402000,590700
16-01-2025 10:42,23385.8,264050,648450,9.3,39047175,4888425,112.35,33408225,590775
16-01-2025 10:42,23385.8,263300,647750,9.3,38994750,4924350,112.2,33410100,596700
16-01-2025 10:42,23385.7,262450,648500,9.25,38987100,4917150,112.15,33399300,597975
16-01-2025 10:43,23382.65,261525,648475,9.2,39087600,4913025,113.4,33409650,597075
16-01-2025 10:43,23385.45,263250,648350,9.3,39100650,4861350,113.05,33412350,590100
16-01-2025 10:43,23383,263150,650450,8.85,39058050,5021025,114.55,33411825,594225
16-01-2025 10:43,23383.7,261700,650800,8.65,38881125,4981950,114.7,33413625,580125
16-01-2025 10:43,23383,260775,650400,8.95,38976525,4882350,114,33396825,589050
16-01-2025 10:43,23385,259875,650175,9.05,39053775,4902600,113.1,33394575,598125
16-01-2025 10:44,23385,260225,649825,9,39084525,4825425,113.4,33393000,601125
16-01-2025 10:44,23381.4,260950,649550,9.1,39148200,4829100,111.85,33390975,606225
16-01-2025 10:44,23381,261275,651250,8.85,39064575,5001150,113.7,33384150,605250
16-01-2025 10:44,23381.8,262725,650250,8.9,39010575,4936050,112.9,33382275,613575
16-01-2025 10:44,23381,262325,648725,8.95,39092550,4880025,112.9,33374625,615450
16-01-2025 10:44,23385,262475,649425,8.95,39079800,4928400,112.95,33379950,618525
16-01-2025 10:45,23385.9,262775,649450,8.95,39143550,4955475,112.75,33377925,618825
16-01-2025 10:45,23385.8,262125,649625,8.9,39061275,4935000,113,33378225,622650
16-01-2025 10:45,23380.15,262350,650150,8.8,39048150,4976100,113.5,33378300,620700
16-01-2025 10:45,23380,262075,653425,8.6,39006750,5032125,114.85,33383250,619350
16-01-2025 10:45,23377.5,261600,653775,8.5,38912400,5076525,115,33385425,610350
16-01-2025 10:45,23378.9,261275,653050,8.6,39004950,4951275,114.35,33385500,607800
16-01-2025 10:46,23380,261850,655025,8.5,38994900,5093775,114.4,33384150,612525
16-01-2025 10:46,23375,260725,655050,7.7,38919750,5110350,116.55,33381150,606750
16-01-2025 10:46,23380,266325,654825,8.1,38785050,5125950,113.8,33384450,589650
16-01-2025 10:46,23381.4,266125,649075,8.15,38865600,4989000,111.3,33358200,591825
16-01-2025 10:46,23382.95,263725,651650,7.85,38738925,5076600,113.05,33346875,585675
16-01-2025 10:46,23383.8,261300,653225,7.75,38709675,5133900,113.5,33352275,589275
16-01-2025 10:47,23382.3,261125,653225,7.7,38779125,5114175,114.7,33361425,596400
16-01-2025 10:47,23381.1,260900,654175,7.65,38784600,5077125,115.45,33366450,586950
16-01-2025 10:47,23374.9,261250,653175,7.5,38727900,5144250,115.6,33371400,582825
16-01-2025 10:47,23376.35,260875,652850,7.55,38688150,5108550,115.9,33378150,591000
16-01-2025 10:47,23380,260075,651175,7.55,38823450,5038950,116,33374175,599250
16-01-2025 10:47,23380,260425,651200,7.65,38861025,5008950,115.65,33369075,601050
16-01-2025 10:48,23379,262200,652000,7.55,38849025,5047200,117.15,33362700,600600
16-01-2025 10:48,23374,263200,650425,7.55,38889450,5064900,116.6,33369825,598275
16-01-2025 10:48,23374.9,262825,650400,7.5,38784000,5130150,116.45,33374850,603225
16-01-2025 10:48,23375,262200,650725,7.45,38744475,5147700,116.55,33374475,607200
16-01-2025 10:48,23377.05,263050,650700,7.25,38776425,5151300,117.95,33376875,610500
16-01-2025 10:48,23372.65,262825,652875,7,38758575,5160750,118.65,33381150,585975
16-01-2025 10:49,23370.95,259475,653725,6.95,38650125,5066625,119.6,33387675,567150
16-01-2025 10:49,23370.1,260425,653300,6.9,38579475,5070225,119.8,33396000,542625
16-01-2025 10:49,23370.25,262650,652025,6.85,38681925,5041050,120.75,33388275,549450
16-01-2025 10:49,23367.45,262200,653625,6.8,38740650,5016300,122.4,33386925,539025
16-01-2025 10:49,23369,260425,654675,6.85,38728350,5060625,123.6,33381300,525675
16-01-2025 10:49,23366.4,260225,653925,6.8,38795850,5040075,124.7,33383850,490950
16-01-2025 10:50,23367.9,259850,653375,6.95,38940750,4959900,122.8,33381375,500925
16-01-2025 10:50,23370.25,260800,652750,6.85,39027750,4964775,122.7,33370350,506550
16-01-2025 10:50,23373.35,262575,652875,6.85,39010200,4980600,122.5,33366225,516000
16-01-2025 10:50,23373.4,262800,652350,7,39075975,4969125,121.3,33364200,525600
16-01-2025 10:50,23374.95,264075,652600,6.95,39061200,4928100,121.5,33373500,526725
16-01-2025 10:50,23375,262400,651175,7.05,39032325,4886850,120.1,33375300,527850
16-01-2025 10:51,23371,261475,652300,6.95,38982900,4866600,121.25,33383175,530625
16-01-2025 10:51,23375,262400,652250,6.9,38983425,4981725,120,33388350,535125
16-01-2025 10:51,23375,262450,651975,6.8,38878275,5083125,120.65,33374250,539325
16-01-2025 10:51,23370.05,263525,651950,6.65,39025200,5003175,121.35,33377850,536850
16-01-2025 10:51,23370.85,262750,652550,6.8,38940225,5028900,120.95,33383025,538125
16-01-2025 10:51,23375,263050,650575,6.8,39433350,4878000,120.75,33389100,547800
16-01-2025 10:52,23376.3,262525,651625,6.75,39504450,4989600,121,33394350,550125
16-01-2025 10:52,23376,262975,652250,6.75,39544575,5031675,121.4,33394425,547050
16-01-2025 10:52,23370,262200,653925,6.7,39523125,5088375,123.4,33395325,544800
16-01-2025 10:52,23370,263525,653900,6.8,39596325,4954575,123.15,33401025,544275
16-01-2025 10:52,23370,262475,653425,6.8,39584775,5052000,123.05,33410100,544350
16-01-2025 10:52,23373.05,262200,652975,6.7,39590625,5066325,123.45,33409050,545925
16-01-2025 10:53,23369.65,260725,653900,6.5,39510150,5113650,127,33405750,545250
16-01-2025 10:53,23362,263400,653275,6.3,39467700,5148450,127.8,33416625,497025
16-01-2025 10:53,23355,242300,655450,6.15,39369825,5077800,137.95,33439050,434700
16-01-2025 10:53,23356.9,242200,652875,5.95,39347925,5017050,135.45,33433350,304500
16-01-2025 10:53,23356.8,238875,654075,5.75,39252750,5019000,134.25,33388950,307650
16-01-2025 10:53,23357.95,238500,655100,5.7,39328200,5009250,138.8,33408975,279825
16-01-2025 10:54,23357,239850,657525,5.8,39400950,4923525,137.35,33409200,282600
16-01-2025 10:54,23359,238875,655325,5.7,39343725,4974600,137.05,33417600,288900
16-01-2025 10:54,23359,240000,653725,5.7,39367500,4968750,134.45,33402675,312675
16-01-2025 10:54,23362.6,240750,653650,5.7,39433800,4899600,132.75,33374175,324000
16-01-2025 10:54,23360.05,241175,652875,5.85,39509775,4860750,133.5,33371850,328275
16-01-2025 10:54,23361.6,242725,654125,5.8,39439875,4859625,132.7,33396750,330375
16-01-2025 10:55,23361.6,242600,654075,5.85,39534375,4822425,133.8,33408825,334350
16-01-2025 10:55,23363,241750,655475,5.75,39523125,4859850,133.55,33414150,333900
16-01-2025 10:55,23362.6,242225,653475,5.85,39527100,4884225,135.3,33416625,334875
16-01-2025 10:55,23362.4,244050,652625,5.85,39577425,4842000,135.35,33411150,326775
16-01-2025 10:55,23356.85,244600,652750,5.9,39623550,4778250,136.5,33424500,315825
16-01-2025 10:55,23359.6,244200,654150,5.65,39553950,5147025,137.2,33425925,307725
16-01-2025 10:56,23361.65,245075,655175,5.7,39452100,5128800,136.05,33421125,311400
16-01-2025 10:56,23360,247200,651575,5.7,39536250,5086575,134,33413175,319350
16-01-2025 10:56,23356,245525,653150,5.6,39521325,5102850,138.25,33421650,315075
16-01-2025 10:56,23359.5,250200,653575,5.7,39444900,5118150,136.1,33424875,320400
16-01-2025 10:56,23361.25,250225,650900,5.65,39510150,5028600,135.85,33416025,327300
16-01-2025 10:56,23356,248300,651025,5.6,39360750,4806225,136.3,33445875,330075
16-01-2025 10:57,23358.5,246750,650200,5.55,39394650,4823400,135.8,33448950,346800
16-01-2025 10:57,23360,249175,649500,5.5,39370725,4827825,135.65,33448200,345000
16-01-2025 10:57,23362,250400,648150,5.6,39438525,4844100,132.25,33429000,347925
16-01-2025 10:57,23360,251475,649000,5.6,39472950,4729200,133.35,33370950,343950
16-01-2025 10:57,23361,250025,647925,5.6,39481800,4854150,133.8,33386025,341925
16-01-2025 10:57,23363.05,249450,647775,5.5,39462600,4819350,134.15,33389775,341400
16-01-2025 10:58,23363,249775,647825,5.55,39519075,4840800,133.6,33402900,344175
16-01-2025 10:58,23364.65,250450,647775,5.6,39463725,4787250,132.5,33397350,356925
16-01-2025 10:58,23366,252025,647850,5.65,39629775,4751025,129.85,33390450,359175
16-01-2025 10:58,23365.75,252500,649525,5.6,39509925,4779450,131.15,33343725,353625
16-01-2025 10:58,23365.8,251725,650275,5.6,39445125,4798650,131,33353175,354450
16-01-2025 10:58,23365.2,251650,650475,5.6,39503625,4764825,132.3,33373425,363450
16-01-2025 10:59,23361,251325,649825,5.6,39497775,4768650,131.4,33380100,365625
16-01-2025 10:59,23364.9,251625,649825,5.5,39509925,4784400,131.9,33382050,364950
16-01-2025 10:59,23362.9,252525,651175,5.55,39515475,4820775,131.45,33384825,366600
16-01-2025 10:59,23365,254125,648525,5.4,39437025,4850100,129.8,33380775,378300
16-01-2025 10:59,23366.6,253750,651975,5.4,39473250,4835550,130.6,33362700,378675
16-01-2025 10:59,23360.45,254150,651750,5.35,39426225,4912575,130.3,33370725,366375
16-01-2025 11:00,23360,253075,651375,5.4,39499725,4932975,129.65,33367575,375075
16-01-2025 11:00,23360,252750,652175,5.25,39534000,4982025,130.75,33369300,373500
16-01-2025 11:00,23361.7,251700,653250,5.1,39417900,5035650,132.8,33385125,371550
16-01-2025 11:00,23363.85,251125,653575,5.3,39631950,4929600,131.9,33396000,374550
16-01-2025 11:00,23360,252125,653250,5.3,39682500,4837500,131.95,33392325,377700
16-01-2025 11:00,23363,250975,653400,5.25,39601200,4940100,132.7,33397125,379950
16-01-2025 11:01,23358.2,250375,654000,5.25,39738975,4908675,132.15,33390525,369075
16-01-2025 11:01,23362.7,251500,653150,5.4,39773400,4851225,131.05,33375450,380925
16-01-2025 11:01,23363,252075,652300,5.4,39734550,4819725,130.4,33367575,390675
16-01-2025 11:01,23359.6,252400,652875,5.45,39709350,4801050,130.65,33373800,393900
16-01-2025 11:01,23361.25,252175,652425,5.45,39737175,4776900,131.15,33370650,393300
16-01-2025 11:01,23361,252475,652000,5.4,39735075,4832025,130.4,33376350,396825
16-01-2025 11:02,23367.75,252075,651600,5.45,39739950,4833225,130.55,33373800,401925
16-01-2025 11:02,23360,251000,655625,5.45,39768375,4839975,131.1,33382800,392250
16-01-2025 11:02,23365,253200,651525,5.55,39783600,4808700,129.4,33383850,399150
16-01-2025 11:02,23365,255025,653300,5.55,39820575,4774125,128,33370500,401775
16-01-2025 11:02,23365.75,252075,654125,5.55,39792825,4788900,128.3,33330750,398325
16-01-2025 11:02,23365.75,251475,654400,5.7,39853725,4737375,127.3,33336450,410475
16-01-2025 11:03,23368.6,250850,654200,5.75,39841650,4681500,126.7,33323250,402975
16-01-2025 11:03,23369,251775,655025,5.7,39759000,4680525,127.95,33329775,402375
16-01-2025 11:03,23370,251100,655125,5.7,39768000,4686150,127.3,33347925,401625
16-01-2025 11:03,23366.9,250500,654250,5.65,39727125,4810425,128.6,33353550,402450
16-01-2025 11:03,23369.95,251375,653875,5.65,39801300,4743225,127.9,33356100,409950
16-01-2025 11:03,23365,251200,655575,5.45,39717225,4846125,130.1,33358350,403050
16-01-2025 11:04,23369,250200,655900,5.5,39717525,4850025,129.55,33370200,383250
16-01-2025 11:04,23366,250900,655875,5.6,39711000,4789125,128,33366225,396750
16-01-2025 11:04,23365.4,253300,653875,5.55,39707775,4909950,126.8,33362475,400050
16-01-2025 11:04,23369.1,253100,654900,5.45,39672075,4926225,128,33356025,396150
16-01-2025 11:04,23369,252525,656475,5.5,39684000,4932825,126.95,33353625,400275
16-01-2025 11:04,23369,251475,656875,5.5,39768225,4899375,126.55,33353325,404550
16-01-2025 11:05,23365.6,252700,657950,5.5,39705975,4822050,127,33344775,401100
16-01-2025 11:05,23370,252500,657750,5.3,39710475,4958175,128.95,33354375,398250
16-01-2025 11:05,23369,250500,656925,5.3,39574725,4980750,129,33360225,383325
16-01-2025 11:05,23368,252075,657300,5.4,39651900,4859625,127.1,33368475,390525
16-01-2025 11:05,0,0,0,5.45,39702600,4893450,127.1,33349350,387000
16-01-2025 11:05,23368.95,250100,658575,5.35,39725850,4944000,128.35,33351150,389025
16-01-2025 11:06,23369.05,250475,658775,5.3,39560700,4979100,129,33353625,384300
16-01-2025 11:06,23369.05,250600,659250,5.4,39769350,4964850,129,33349575,390600
16-01-2025 11:06,23369.05,251075,658750,5.45,39794475,4820325,129,33351450,391125
16-01-2025 11:06,23369.45,250150,659525,5.35,39744750,4898775,128.65,33354600,388050
16-01-2025 11:06,23368,250450,659750,5.15,39616725,4981050,129.65,33353775,384525
16-01-2025 11:06,23368,252400,658975,5.3,39633825,4909575,128.8,33353925,375300
16-01-2025 11:07,23369,252075,659600,5.3,39750300,4910025,128.45,33347625,375675
16-01-2025 11:07,23368.4,251250,659025,5.15,39563025,4975575,129.5,33354750,378225
16-01-2025 11:07,23363,252100,657500,5.25,39645000,4959975,129.55,33353400,376050
16-01-2025 11:07,23362.5,251975,658250,5.25,39596475,4926150,129.75,33363675,379200
16-01-2025 11:07,23367,251800,659275,5.2,39672675,4886625,130.5,33349125,385650
16-01-2025 11:07,23362.35,251200,659700,5.25,39650700,4946700,130.8,33352050,371925
16-01-2025 11:08,23365.9,251450,658375,5.2,39637950,4885200,130.9,33352575,369300
16-01-2025 11:08,23362,250825,659375,5.35,39765675,4929525,131,33350925,376050
16-01-2025 11:08,23365.4,249550,659850,5.25,39826125,4726500,131.75,33358650,378000
16-01-2025 11:08,23365,251600,660925,5.3,39853200,4762200,130.75,33363375,368700
16-01-2025 11:08,23361.9,250675,659950,5.35,39852225,4811775,130.15,33394800,374550
16-01-2025 11:08,23361.45,250925,661100,5.25,39779925,4798950,130.95,33396600,375075
16-01-2025 11:09,23364.95,249575,660875,5.2,39739125,4864800,131.85,33408150,371100
16-01-2025 11:09,23365,249850,660975,5.2,39781725,4832550,131.95,33420225,376500
16-01-2025 11:09,23365,248975,660075,5.2,39757875,4878075,131.05,33417825,384300
16-01-2025 11:09,23362.6,249125,660975,4.95,39626325,4957200,132.6,33414675,380025
16-01-2025 11:09,23364.9,248500,661000,5.1,39587175,4947525,133.5,33417975,373650
16-01-2025 11:09,23360,248925,660150,5.05,39585300,4895025,133.1,33406800,380025
16-01-2025 11:10,23364,249100,659825,5,39565200,4933950,134,33404700,374625
16-01-2025 11:10,23363.95,247825,658075,5.05,39571725,5002425,133.65,33405825,380925
16-01-2025 11:10,23365.7,248750,659925,4.95,39569250,4916025,133.05,33409650,392025
16-01-2025 11:10,23364.2,250100,657675,4.9,39491700,5005425,133.85,33400800,397500
16-01-2025 11:10,23364.2,251100,659650,4.9,39535650,5029200,133.6,33397500,396975
16-01-2025 11:10,23364.2,250800,660250,4.95,39610050,4961175,133.15,33406650,404400
16-01-2025 11:11,23364.65,251725,659375,4.95,39590925,4999350,132.5,33401250,414675
16-01-2025 11:11,23365,251500,659575,4.85,39514575,5083650,132.15,33397875,411150
16-01-2025 11:11,23361,251450,659300,4.7,39475050,5121000,133.4,33400650,410250
16-01-2025 11:11,23361,253100,660300,4.8,39559575,5090550,132.8,33398550,407175
16-01-2025 11:11,23365,252825,660475,4.8,39579525,5171025,132.25,33400950,408375
16-01-2025 11:11,23362.4,251850,659800,4.8,39648225,5046900,131.6,33403200,410250
16-01-2025 11:12,23363.45,251525,659825,4.85,39771300,5000700,131.35,33395325,409950
16-01-2025 11:12,23364.95,252500,659900,4.9,39953625,4978350,131,33331950,412050
16-01-2025 11:12,23365,252475,659375,4.95,39907575,4925775,130.8,33329025,408375
16-01-2025 11:12,23365,253550,659750,5,39907500,4886175,130,33314250,412800
16-01-2025 11:12,23365,252775,661700,4.9,39718125,4866600,130.85,33324900,404250
16-01-2025 11:12,23363,252775,661300,4.9,39685125,4917975,130.85,33333750,404175
16-01-2025 11:13,23366,253325,661825,4.9,39670425,5035800,132.25,33341025,403575
16-01-2025 11:13,23362.9,252550,661375,4.9,39730200,5026050,132.05,33342675,399075
16-01-2025 11:13,23365,252425,660675,4.85,39631050,5043150,131.5,33341250,408900
16-01-2025 11:13,23365,238175,662950,4.8,39607725,5135325,132,33338250,414375
16-01-2025 11:13,23365.85,239200,663125,4.8,39602175,5137575,131.4,33338850,417900
16-01-2025 11:13,23365.1,239175,662000,4.75,39531150,5223150,132,33340125,420375
16-01-2025 11:14,23362.05,239650,661850,4.75,39604275,5231550,131.05,33338625,414150
16-01-2025 11:14,23362.9,240450,662950,4.75,39580275,5127675,131.75,33325050,415950
16-01-2025 11:14,0,0,0,4.75,39617325,5125575,131.6,33334350,414450
16-01-2025 11:14,23365,240875,661050,4.75,39737550,5103300,129.7,33326775,413700
16-01-2025 11:14,23363.4,241225,660175,4.8,39729000,5000850,129.2,33301950,412950
16-01-2025 11:14,23362,240200,662775,4.65,39756600,5141625,133,33316950,411450
16-01-2025 11:15,23366,239450,663225,4.6,39674850,5458200,132.1,33325800,382575
16-01-2025 11:15,23365,238925,662175,4.7,39760425,5230350,130.9,33326850,387600
16-01-2025 11:15,23363.05,239525,662325,4.75,39759450,5225400,130.95,33330450,390450
16-01-2025 11:15,23365,240025,662450,4.85,39933750,5159925,130.7,33328725,392175
16-01-2025 11:15,23366,240075,661450,4.9,40013100,4902075,130.3,33331950,391725
16-01-2025 11:15,23366,239975,661425,4.8,40002600,4910850,131.05,33343425,388950
16-01-2025 11:16,23366,240875,660675,4.85,39997425,4948950,130.65,33337425,390375
16-01-2025 11:16,23367.2,240525,662675,4.75,39903225,5035725,130.95,33340125,389100
16-01-2025 11:16,23367.2,239975,663500,4.8,39870600,5087175,131.05,33342750,392925
16-01-2025 11:16,23362.3,241025,663300,4.75,39945000,5091300,129.95,33337725,395100
16-01-2025 11:16,23363,238325,662800,4.75,39899925,5160225,130.85,33325575,393225
16-01-2025 11:16,23365,238925,662150,4.75,39908625,5044875,130.05,33333375,396600
16-01-2025 11:17,23365,239775,662175,4.75,39856800,5159550,129.7,33334200,398475
16-01-2025 11:17,23363,239225,663825,4.8,39881250,5065050,130.9,33338250,392400
16-01-2025 11:17,23360.9,238625,663800,4.8,39885675,5058900,130.9,33339975,392175
16-01-2025 11:17,23360.95,238375,662925,4.7,39900525,5113650,130.4,33336225,393600
16-01-2025 11:17,23365.7,238050,663975,4.65,39774075,5244525,131.45,33333450,393450
16-01-2025 11:17,23365,238375,663800,4.7,39747375,5140200,131.9,33333825,385350
16-01-2025 11:18,23360.3,239550,663200,4.75,39872325,5120175,131.05,33334500,385125
16-01-2025 11:18,23365.2,239400,663000,4.7,39905475,5075025,131.7,33332475,391575
16-01-2025 11:18,23360,238525,663950,4.75,39891675,5175675,132.1,33333000,384825
16-01-2025 11:18,23360.15,238875,662550,4.65,39899400,5134275,132.25,33330375,382050
16-01-2025 11:18,23358.65,238150,662875,4.65,39813975,5191650,132.55,33333450,384000
16-01-2025 11:18,23359,238000,663200,4.6,39688725,5237100,133.3,33340500,384900
16-01-2025 11:19,23359,238150,662775,4.65,39702600,5190000,132.5,33345075,384450
16-01-2025 11:19,23360,238425,662625,4.65,39730800,5212650,133.6,33344475,384225
16-01-2025 11:19,23359.2,238375,663425,4.55,39698250,5304075,134.65,33373275,382725
16-01-2025 11:19,23358.5,237075,663600,4.55,39587625,5282100,135.6,33375825,347625
16-01-2025 11:19,23358.7,237200,663475,4.65,39671100,5076525,135.8,33376650,353925
16-01-2025 11:19,23357.25,236275,664075,4.7,39820725,4924275,137,33379125,360300
16-01-2025 11:20,23357.25,236150,663500,4.75,39985350,4881375,135.85,33371625,357750
16-01-2025 11:20,23357.25,236875,663000,4.9,40075650,4834725,134.5,33371025,371625
16-01-2025 11:20,23356.4,237575,663525,4.75,40188375,4896300,135.85,33367200,376575
16-01-2025 11:20,23358,237300,663800,4.7,39886875,5034300,136.25,33378750,382350
16-01-2025 11:20,23355,236925,663800,4.65,39914250,5141775,136.75,33377550,372375
16-01-2025 11:20,23354.9,236725,663400,4.5,39685725,5358525,137.5,33414000,373875
16-01-2025 11:21,23354.9,239400,665150,4.55,39671325,5274900,137.35,33410025,370050
16-01-2025 11:21,23358,236600,661575,4.55,39746925,5229975,136.7,33388725,372750
16-01-2025 11:21,23354.9,237550,662700,4.5,39602775,5383200,136.65,33385200,376800
16-01-2025 11:21,23357,237600,662950,4.45,39456150,5464425,137,33383925,377475
16-01-2025 11:21,23357.45,236800,662675,4.45,39603525,5344950,136.35,33383325,383550
16-01-2025 11:21,23359.65,235975,664325,4.5,39574950,5297175,136.9,33389775,386775
16-01-2025 11:22,23359.95,236925,664475,4.4,39566925,5320200,136.5,33392475,382800
16-01-2025 11:22,23355.4,237475,663625,4.5,39698325,5355900,135.45,33388800,395400
16-01-2025 11:22,23359.9,237675,662750,4.5,39683025,5146125,135.4,33381825,398175
16-01-2025 11:22,23360.8,238700,663425,4.55,39776775,5154150,133.65,33380475,403575
16-01-2025 11:22,23359,238375,662575,4.5,39732900,5159025,134.85,33339300,400050
16-01-2025 11:22,23355.65,239800,663825,4.5,39609375,5343075,135.15,33342825,396225
16-01-2025 11:23,23356.7,239350,662900,4.5,39629025,5323350,135,33344700,397650
16-01-2025 11:23,23362.45,241400,663000,4.55,39737625,5274225,133.8,33343350,403500
16-01-2025 11:23,23361,239225,662200,4.65,39963450,5168250,134.1,33331725,406950
16-01-2025 11:23,23360.4,239775,663100,4.7,39914250,5192925,133.2,33332175,409350
16-01-2025 11:23,23362,238625,663025,4.6,39900450,5232225,133.6,33339825,412500
16-01-2025 11:23,23361.1,237250,665275,4.35,39805050,5449950,137.3,33354375,411000
16-01-2025 11:24,23360.7,237375,667625,4.45,39637125,5542125,136.85,33353250,375075
16-01-2025 11:24,23360.65,238600,664000,4.6,39917250,5223375,135.55,33349650,395175
16-01-2025 11:24,23360,236000,664200,4.65,40066425,5190075,135.8,33348375,402600
16-01-2025 11:24,23360,236650,665125,4.6,40009725,5188050,135.45,33344700,403200
16-01-2025 11:24,23356.95,237125,665450,4.6,39983550,5213100,135.45,33347250,400350
16-01-2025 11:24,23357.95,236675,664675,4.65,40006500,5221275,135.8,33350775,399450
16-01-2025 11:25,23360,236275,664500,4.65,40122000,5257050,135.75,33340650,398250
16-01-2025 11:25,23360.7,235350,665875,4.65,40065750,5070150,136.1,33350925,395175
16-01-2025 11:25,23360.6,235475,665575,4.7,40106250,5085600,136.6,33349200,398475
16-01-2025 11:25,23355.4,235475,667825,4.65,40123800,5157900,136.45,33351225,391800
16-01-2025 11:25,23359,234425,666425,4.65,39978600,5252925,137.25,33364425,395025
16-01-2025 11:25,23359,235475,667900,4.65,40057425,5159625,137.15,33360825,386025
16-01-2025 11:26,23356,235175,668025,4.65,40053750,5211375,136.75,33360450,390300
16-01-2025 11:26,23355.95,235550,667125,4.6,40002525,5182425,136.95,33362550,397500
16-01-2025 11:26,23355.95,235675,667175,4.6,39976425,5252475,136.55,33355200,413475
16-01-2025 11:26,23356,235700,668500,4.6,39961575,5288775,135.45,33354375,416100
16-01-2025 11:26,23356,236025,668150,4.45,39924375,5395575,135.25,33351150,419550
16-01-2025 11:26,23356,235075,665825,4.5,39778950,5364000,135.5,33298950,420300
16-01-2025 11:27,23356.85,235000,665525,4.55,39884700,5281350,135.3,33296250,423975
16-01-2025 11:27,23358.8,234175,666525,4.55,39873150,5261325,135.7,33292725,425025
16-01-2025 11:27,23356,234475,666125,4.6,39978975,5263050,135.55,33293325,425625
16-01-2025 11:27,23360,234300,667725,4.55,40004400,5195850,135.15,33290325,429150
16-01-2025 11:27,23359.25,235700,666775,4.7,40056075,5149500,133.1,33272850,434175
16-01-2025 11:27,23362,235775,666425,4.65,40085100,5176350,133.75,33256575,441675
16-01-2025 11:28,23363.45,236625,666750,4.7,40131075,5081100,133.9,33253725,435000
16-01-2025 11:28,23362.95,237525,669175,4.7,40209525,5033400,134.1,33261825,426600
16-01-2025 11:28,23359.15,237800,669025,4.7,40194075,5109375,135,33269100,427350
16-01-2025 11:28,23356.3,237500,668750,4.7,40139400,5173500,134.7,33274950,426150
16-01-2025 11:28,23358.55,238175,668675,4.7,40252050,5140650,133.85,33270075,427275
16-01-2025 11:28,23359.95,237550,667450,4.65,40128825,5166075,135.25,33279075,427350
16-01-2025 11:29,23359.9,237775,667750,4.7,40201725,5164200,134.85,33281700,423225
16-01-2025 11:29,23358.2,239000,667925,4.75,40246500,5032200,134.45,33279750,425325
16-01-2025 11:29,23359,238175,670200,4.6,40258050,5089125,136,33277725,433275
16-01-2025 11:29,23356.95,237025,669850,4.65,39994575,5276025,135.25,33282300,415650
16-01-2025 11:29,23359,237100,669775,4.7,40218750,5281650,135.15,33279150,423675
16-01-2025 11:29,23360,237250,670025,4.75,40132650,5182575,134.6,33277425,427575
16-01-2025 11:30,23361.5,236500,671050,4.75,40162650,5178600,134.1,33272775,433050
16-01-2025 11:30,23359.95,235800,670150,4.75,40179750,5022675,134.15,33279675,431550
16-01-2025 11:30,23359.9,236125,669850,4.8,40204575,5024550,133.85,33271725,433800
16-01-2025 11:30,23362.45,237675,670300,4.85,40360350,4971000,131.9,33268350,434400
16-01-2025 11:30,23360.2,237650,669200,4.85,40202325,5071575,131.2,33244125,437025
16-01-2025 11:30,23361,238825,669050,4.9,40362075,4936200,132.3,33253050,437475
16-01-2025 11:31,23360.5,237175,671650,4.8,40104075,5055075,133.95,33259500,431475
16-01-2025 11:31,23360.5,238775,671575,4.85,40159425,5004075,133.45,33263700,436200
16-01-2025 11:31,23360,237975,671775,4.75,40055700,5128500,133.2,33268800,435375
16-01-2025 11:31,23360.25,238925,671575,4.75,40133475,5201025,133.3,33273525,435450
16-01-2025 11:31,23361,239675,669875,4.75,40052625,5226000,133.1,33278100,431325
16-01-2025 11:31,23361.05,239750,670125,4.75,40063275,5276250,133.5,33277875,430125
16-01-2025 11:32,23362,238975,670525,4.7,39933825,5266950,134,33282450,428475
16-01-2025 11:32,23361.9,238525,671100,4.7,39898575,5259450,134.75,33285300,420000
16-01-2025 11:32,23361.15,238775,671425,4.8,40019325,5237700,134.3,33281100,426900
16-01-2025 11:32,23361.15,238550,671400,4.75,40072200,5132325,134.15,33280800,432525
16-01-2025 11:32,23361.15,238900,671550,4.75,40046550,5149275,134.35,33281325,436650
16-01-2025 11:32,23361.15,239225,671550,4.75,40002525,5216625,134.6,33275850,433875
16-01-2025 11:33,23361.95,239325,673175,4.7,39987150,5219925,135,33281400,432150
16-01-2025 11:33,23361.8,239225,674500,4.7,40016775,5331900,135.75,33275925,415425
16-01-2025 11:33,23360.95,238675,675525,4.65,39928050,5274000,135.8,33272850,407175
16-01-2025 11:33,23360.7,237675,673525,4.75,39942750,5256450,134.65,33284025,415125
16-01-2025 11:33,23357.05,238375,673225,4.8,40091700,5092350,134,33278700,422400
16-01-2025 11:33,23362,238300,671725,4.75,40077600,5104125,134.45,33283875,420600
16-01-2025 11:34,23357,238800,671725,4.75,40083525,5173500,134.1,33288900,421650
16-01-2025 11:34,23358,239300,672650,4.75,40075050,5220000,134.85,33281025,424125
16-01-2025 11:34,23358,239800,671300,4.75,40034475,5247225,134.75,33275100,428475
16-01-2025 11:34,23357,239300,670800,4.75,39970050,5191725,134.85,33278700,424050
16-01-2025 11:34,23360,239125,671600,4.75,39966975,5212350,134.75,33279975,433875
16-01-2025 11:34,23360,239575,670325,4.8,40065525,5172750,133.75,33279750,430425
16-01-2025 11:35,23360,240125,670925,4.8,40066950,5137500,134.65,33275175,432525
16-01-2025 11:35,23362,239725,669875,4.8,40057275,5117400,133.6,33268725,428175
16-01-2025 11:35,23362,239100,669075,4.95,40332150,5039325,131.95,33267825,428400
16-01-2025 11:35,23362.95,239075,668950,5.05,40336875,4957275,131.75,33252675,426675
16-01-2025 11:35,23364.95,238750,669125,5.05,40172925,4950000,132.4,33259275,428250
16-01-2025 11:35,23364,238275,668525,4.95,40252050,4892475,132.6,33267750,422775
16-01-2025 11:36,23361.45,240150,668150,5.05,40202775,4901925,132.6,33270150,421050
16-01-2025 11:36,23361.9,239350,668075,5.1,40233900,4769175,132.25,33269475,428100
16-01-2025 11:36,23362,239900,668425,5.1,40252125,4782525,131.35,33266700,429825
16-01-2025 11:36,23363.95,240300,667975,5.15,40193925,4816950,130.25,33265875,427200
16-01-2025 11:36,23364.9,240800,667400,5.15,40138575,4783800,131.05,33208200,425025
16-01-2025 11:36,23363.3,240100,667450,5,40120425,4841925,132.4,33439650,420675
16-01-2025 11:37,23364,240225,666350,5,39994200,4927650,132.15,33444375,421425
16-01-2025 11:37,23363.9,239800,666375,4.95,39937875,5002950,132.15,33444225,428700
16-01-2025 11:37,23366,239825,666575,5.1,39964650,4992375,131.1,33443925,435825
16-01-2025 11:37,23366,239925,665750,5,39981075,4943400,131.7,33451875,443175
16-01-2025 11:37,23364.05,239625,667500,5.05,39906300,4995450,131.4,33457650,443850
16-01-2025 11:37,23364.9,239650,666575,4.95,39896700,4955325,131.35,33460350,436350
16-01-2025 11:38,23365,238350,665350,5,39944925,4910700,131.5,33447750,442125
16-01-2025 11:38,23365.95,238925,665250,5.2,40020750,4881450,129.15,33441900,446175
16-01-2025 11:38,23365.95,239550,665900,5.2,40048125,4836600,129,33416700,446250
16-01-2025 11:38,23366,239600,666500,5.15,40013025,4849350,129.4,33421575,434925
16-01-2025 11:38,23367,239200,666250,5.25,40082325,4851600,129.85,33424500,438075
16-01-2025 11:38,0,0,0,5.25,40129050,4874625,129.8,33431250,433725
16-01-2025 11:39,23368.75,239275,666825,5.3,40127100,4785750,130.7,33436800,432075
16-01-2025 11:39,23366,238450,668650,5.25,40115175,4880025,130.45,33442725,425100
16-01-2025 11:39,23365,238425,668900,5.2,40076475,4875975,130.85,33439200,426900
16-01-2025 11:39,23369,238575,668325,5.4,40161900,4837650,128.8,33438600,432675
16-01-2025 11:39,23370,238375,667525,5.4,40226175,4789800,127.5,33425925,444300
16-01-2025 11:39,23369,238300,667175,5.45,40225500,4814025,128.6,33420900,442650
16-01-2025 11:40,23374,239125,666725,5.7,40231425,4776750,124.25,33420825,446550
16-01-2025 11:40,23374.6,238425,663725,5.6,40083750,4801950,124.7,33379800,447225
16-01-2025 11:40,23375,237875,663025,5.55,39965475,4868175,125.9,33394050,441150
16-01-2025 11:40,23375,237700,662925,5.6,39861150,4802100,124.55,33393900,436575
16-01-2025 11:40,23374,237425,662450,5.65,39924300,4784550,125.05,33413625,433500
16-01-2025 11:40,23375,237200,662900,5.75,39969300,4745175,124.75,33425625,439875
16-01-2025 11:41,23372.1,237375,663300,5.7,40047075,4784250,125.15,33421275,441000
16-01-2025 11:41,23374.85,237150,664050,5.65,39912750,4831050,125.75,33429900,438600
16-01-2025 11:41,23374,236425,662850,5.65,39856875,4830000,126,33444675,439950
16-01-2025 11:41,23372,236950,663625,5.65,39913425,4887675,125.75,33447675,436650
16-01-2025 11:41,23372,236975,663525,5.75,39951450,4890750,124.65,33444375,448500
16-01-2025 11:41,23375,236675,665800,5.8,40006650,4821000,125.25,33438900,448800
16-01-2025 11:42,23373.45,238400,665825,5.65,39834225,4903500,125.35,33448875,446250
16-01-2025 11:42,23375,237675,664450,5.8,39924075,4837275,124.75,33445200,448650
16-01-2025 11:42,23374.9,237550,665100,5.7,40002825,4840575,125.05,33444450,449325
16-01-2025 11:42,23374.2,238750,664650,5.75,39960525,4893450,125.1,33448275,453150
16-01-2025 11:42,23375,241525,663650,5.95,40034325,4829700,124.5,33454875,452550
16-01-2025 11:42,23371,241900,663150,5.85,39997725,4814925,124.85,33451950,451725
16-01-2025 11:43,23375,243075,663300,5.85,40031550,4812900,124.7,33454050,454650
16-01-2025 11:43,23374.9,242650,663800,5.95,40034775,4803975,124.95,33458700,447000
16-01-2025 11:43,23372.05,243825,663025,6.1,40030800,4767450,122.6,33444750,464025
16-01-2025 11:43,23382.2,245200,663875,6.45,40086600,4708875,118.6,33405375,454425
16-01-2025 11:43,23382,245275,666150,6.55,39912750,4797825,117.4,33357525,444750
16-01-2025 11:43,23382,245775,664050,6.75,39975075,4733325,116.25,33360225,453750
16-01-2025 11:44,23384.35,243950,663500,6.5,39921075,4658925,118.15,33346350,459825
16-01-2025 11:44,23384,243775,664775,6.7,39846525,4634175,117.9,33354450,461850
16-01-2025 11:44,23383.65,242600,664500,6.55,39873150,4662075,118.75,33370125,453975
16-01-2025 11:44,23382.65,242750,666800,6.35,39811725,4759350,119.9,33388950,449550
16-01-2025 11:44,23380.1,242250,666250,6.45,39787050,4848300,119.1,33391575,430875
16-01-2025 11:44,23380,243875,664100,6.65,39971775,4755375,117.7,33392475,443775
16-01-2025 11:45,23382.8,243400,664725,6.6,40017225,4773900,119.15,33386475,445800
16-01-2025 11:45,23380,244650,665650,6.55,40022625,4767900,119.4,33406350,440775
16-01-2025 11:45,23380,244750,665525,6.55,39978300,4849050,119.8,33409125,436950
16-01-2025 11:45,23380.05,244850,666200,6.2,39824700,5058675,120.05,33426525,422850
16-01-2025 11:45,23380.05,245250,665950,6.05,39691950,5086800,120.6,33423825,425550
16-01-2025 11:45,23380,245800,666175,6.35,39794025,4945875,119.25,33419925,436800
16-01-2025 11:46,23382.45,249025,665850,6.25,39908775,4881750,120.05,33404100,436875
16-01-2025 11:46,23378,248550,666250,6.35,39847575,4820700,119.15,33400650,439950
16-01-2025 11:46,23381.95,247650,666250,6.2,39817125,4858125,119.85,33402375,440550
16-01-2025 11:46,23382,248075,665950,6.4,39696075,4900275,118.2,33408450,444225
16-01-2025 11:46,23381.95,248325,666775,6.1,39723675,4915725,119.2,33403950,447675
16-01-2025 11:46,23380,246025,666500,6.05,39741750,4917300,119.8,33410625,448200
16-01-2025 11:47,23380,245475,666200,5.9,39558075,4943775,120,33409725,445800
16-01-2025 11:47,23380,244675,666450,5.65,39506625,5027250,120.3,33412125,442650
16-01-2025 11:47,23375.45,244425,668300,5.65,39567000,5055675,120.3,33421575,443850
16-01-2025 11:47,23375,243925,668075,5.3,39543975,5208225,121.05,33427875,440100
16-01-2025 11:47,23374.4,245000,669225,5.3,39522900,5235075,120.6,33433275,435150
16-01-2025 11:47,23377.7,244475,666600,5.6,39742125,4993650,119.95,33423750,438675
16-01-2025 11:48,23377,244850,666900,5.75,39804525,4904400,119.6,33422850,443475
16-01-2025 11:48,23379.95,246450,666900,5.9,39916125,4889025,118.15,33417675,447750
16-01-2025 11:48,23382.3,245150,667250,5.85,39866100,4997175,118.85,33415650,455400
16-01-2025 11:48,23380.05,244775,667225,5.8,39837225,4984725,118.65,33413025,457500
16-01-2025 11:48,23382.1,245450,669375,5.7,39745950,5082825,119.65,33419100,448200
16-01-2025 11:48,23380,244025,668575,5.75,39795450,5077050,119.3,33419175,453525
16-01-2025 11:49,23375.65,244600,670000,5.65,39943650,5076900,119.85,33414975,454125
16-01-2025 11:49,23375.6,244000,670675,5.65,39816975,5122500,120.4,33424425,452700
16-01-2025 11:49,23380,244200,670425,5.6,39792375,5031675,119.7,33431250,451050
16-01-2025 11:49,23376,244025,671675,5.55,39754350,5126550,120.1,33423825,458475
16-01-2025 11:49,23379.4,243925,671850,5.7,39828525,5144625,119.3,33437775,453750
16-01-2025 11:49,23378.6,244200,671775,5.65,39864450,5126775,119.95,33441600,455550
16-01-2025 11:50,23379,244100,670675,5.65,39905250,5175600,120,33441600,462375
16-01-2025 11:50,23375.6,244450,670650,5.6,39789000,5189475,119.85,33442200,456750
16-01-2025 11:50,23378.95,244700,670875,5.55,39822600,5162625,119.7,33443925,460425
16-01-2025 11:50,23375.5,243150,670825,5.6,39628050,5155725,119.6,33444225,473025
16-01-2025 11:50,23380,244300,670675,5.65,39920700,5059200,119.4,33443700,472950
16-01-2025 11:50,23376,244550,671125,5.8,39863850,4985025,118.65,33444075,471900
16-01-2025 11:51,23375.5,243525,671225,5.35,39764250,5102775,122,33452475,469350
16-01-2025 11:51,23373.8,244375,671850,5.25,39480375,5217525,121.6,33464925,427875
16-01-2025 11:51,23373.7,244000,670975,5.15,39592425,5143275,122.05,33453150,430200
16-01-2025 11:51,23375,241825,672150,5.1,39450375,5161200,122.7,33463650,423075
16-01-2025 11:51,23373.1,241600,672450,5,39396600,5244000,122.75,33475725,429675
16-01-2025 11:51,23375,240150,673100,4.8,39327975,5316525,125,33479025,430875
16-01-2025 11:52,23374.2,240550,673575,4.8,39264675,5320425,125.7,33484425,390825
16-01-2025 11:52,23371,242525,673100,5,39478050,5193225,125.85,33475800,397050
16-01-2025 11:52,23370.05,244025,673100,4.95,39530175,5170500,125.7,33483825,404325
16-01-2025 11:52,23370,244000,672000,5,39474750,5215950,125.3,33473175,408975
16-01-2025 11:52,23369.75,244875,672700,5,39546225,5215725,126,33467175,404025
16-01-2025 11:52,23371.7,245675,671375,5.05,39585975,5191500,126.05,33467025,407100
16-01-2025 11:53,23373,244750,671500,5.15,39679425,5046600,125.2,33462450,413775
16-01-2025 11:53,23368.6,245550,671850,5.05,39620925,5157525,125.85,33452325,413775
16-01-2025 11:53,23371,245325,672100,5.1,39613950,5107575,126.65,33459750,415125
16-01-2025 11:53,23366.6,248000,672750,5.1,39637800,5064525,127.15,33464400,403650
16-01-2025 11:53,23367,245300,673400,4.95,39553725,5142675,128.35,33473175,401400
16-01-2025 11:53,23371.35,245200,674050,4.9,39456300,5246775,128.05,33472425,391575
16-01-2025 11:54,23368.6,247400,673325,5.05,39583950,5144400,128.25,33465825,401475
16-01-2025 11:54,23370.45,246250,673650,5.05,39657300,5038875,127.8,33466125,415275
16-01-2025 11:54,23372.4,245950,672575,5.1,39648150,5004300,127.3,33474375,421875
16-01-2025 11:54,23370.2,247875,673000,5.15,39717225,4931775,127,33465825,427350
16-01-2025 11:54,23368.6,247725,672750,5,39699600,5171925,127.8,33466575,430275
16-01-2025 11:54,23370.2,244650,673125,5.1,39659550,5116350,127.35,33464175,433650
16-01-2025 11:55,23368.95,244700,672975,5.05,39707250,5051775,127.1,33462075,445950
16-01-2025 11:55,23372.7,246750,672800,5,39704475,5082375,127.05,33454275,447825
16-01-2025 11:55,23371.8,245550,672850,5.15,39673650,5198475,125.05,33468525,447375
16-01-2025 11:55,23370.3,244000,673200,5.05,39664650,5179725,126.2,33451725,447450
16-01-2025 11:55,23369.7,245525,672550,5.05,39593175,5130600,126.6,33452700,450075
16-01-2025 11:55,23372.15,244200,672500,5.05,39624150,5144625,126.15,33467175,446400
16-01-2025 11:56,23372.35,243225,672075,4.95,39647775,5222250,126.95,33464625,447000
16-01-2025 11:56,23369.3,243525,674675,4.95,39599025,5272350,127.4,33468900,446175
16-01-2025 11:56,23369.9,244900,673675,5,39607875,5224575,125.6,33467625,449175
16-01-2025 11:56,23371.3,245625,672775,5,39631725,5200950,125.9,33461400,451425
16-01-2025 11:56,23374.95,246225,672350,5.1,39666150,5142900,125.95,33463950,455625
16-01-2025 11:56,23371.8,244750,672300,5.1,39727350,5023125,125.8,33463050,457200
16-01-2025 11:57,23375,244725,671950,5.1,39730725,5081100,125.85,33468000,456225
16-01-2025 11:57,23370.8,244950,671600,5.15,39751500,5046900,126.3,33466950,457275
16-01-2025 11:57,23375,244600,672550,5.15,39741075,4969050,126.4,33472350,462300
16-01-2025 11:57,23371.3,244075,671825,5.1,39731400,5007375,126.6,33474375,457800
16-01-2025 11:57,23374.3,244775,671625,5.1,39688050,5082525,126,33481050,468600
16-01-2025 11:57,23371.8,243950,673425,5.15,39620250,5092950,126.05,33478875,470475
16-01-2025 11:58,23371,243225,672975,5.15,39681975,5014725,126.3,33481875,468225
16-01-2025 11:58,23374,243175,672525,5.15,39744225,4948575,125,33484800,466575
16-01-2025 11:58,23374.7,244100,672050,5.05,39721575,5103525,125.55,33467775,463725
16-01-2025 11:58,23374.65,244675,671875,5.1,39661575,5158725,125.25,33466725,467700
16-01-2025 11:58,23375,245300,671750,5.15,39714750,5084100,124.7,33468675,477375
16-01-2025 11:58,23373.15,244325,672900,5.15,39759600,5108775,124.75,33462675,474825
16-01-2025 11:59,23372.35,245125,672200,5.35,39906825,5158800,123.95,33464025,474450
16-01-2025 11:59,23378.15,246600,671525,5.45,39874125,4877250,123.65,33460125,476025
16-01-2025 11:59,23372.25,245150,672425,5.35,39790950,5062125,123.95,33470550,472275
16-01-2025 11:59,23379.5,247700,671900,5.4,39743925,5098575,124.25,33471075,472650
16-01-2025 11:59,23377.4,247750,671775,5.35,39782400,5073000,123.95,33474150,472725
16-01-2025 11:59,23378.25,245325,670275,5.45,39856425,5027700,123.5,33470400,476175
16-01-2025 12:00,23378,245375,669725,5.4,39800250,5019225,122.8,33470400,477000
16-01-2025 12:00,23375.3,248200,670350,5.55,39837300,5003700,121.25,33472200,479175
16-01-2025 12:00,23376.3,246600,670025,5.55,39906150,4899225,121.75,33436125,478950
16-01-2025 12:00,23377.55,243750,669725,5.55,39833700,4935075,121.85,33441150,472125
16-01-2025 12:00,23375,245700,669575,5.55,39902625,5013750,121.3,33450450,476250
16-01-2025 12:00,23379,243175,670275,5.5,39757125,5027850,122.7,33454050,473700
16-01-2025 12:01,23375,242675,670500,5.35,39601725,5153100,123.5,33459675,465975
16-01-2025 12:01,23375,242475,670000,5.2,39490500,5176350,124,33469650,463050
16-01-2025 12:01,23374,242000,671575,5.05,39535125,5201250,125.65,33469725,466425
16-01-2025 12:01,23376.7,242125,671000,5,39374025,5251725,125.3,33469950,457425
16-01-2025 12:01,23375,241825,671450,5.05,39416100,5289975,125.35,33465150,461175
16-01-2025 12:01,23370.25,243525,671725,5.1,39481725,5146725,124.8,33460725,464400
16-01-2025 12:02,23370.45,241850,671850,5.1,39573150,5080500,124.9,33461775,469425
16-01-2025 12:02,23375.05,241275,672425,5.05,39602850,5194500,125.1,33463350,472350
16-01-2025 12:02,23374.65,242550,671550,5.15,39545175,5121975,124.4,33459075,481350
16-01-2025 12:02,23375,244800,670625,5.25,39623775,5108550,122.95,33449775,490050
16-01-2025 12:02,23376.95,245950,670150,5.25,39810900,5102625,123.15,33439500,493575
16-01-2025 12:02,23376.65,243225,671150,5.15,39514875,5184375,124,33457350,485700
16-01-2025 12:03,23373.7,244875,670975,5.15,39495675,5197050,123.9,33455925,490575
16-01-2025 12:03,23377.55,245675,670125,5.15,39532950,5178300,123.85,33458775,498375
16-01-2025 12:03,23377.45,247525,669250,5.2,39570300,5122050,123.1,33462675,502725
16-01-2025 12:03,0,0,0,5.2,39650250,5160000,123.1,33463425,502500
16-01-2025 12:03,23372.4,245650,670300,5.2,39604500,5222625,122.9,33464925,501825
16-01-2025 12:03,23372.3,245675,669900,5.15,39524025,5222100,123.35,33469275,499275
16-01-2025 12:04,23372.35,245200,670275,5.15,39589950,5202075,123.25,33465525,499200
16-01-2025 12:04,23371,244200,670825,4.85,39387525,5419500,124.95,33480975,486675
16-01-2025 12:04,23371.2,245875,670375,5.05,39613350,5351550,123.8,33473775,488925
16-01-2025 12:04,23376.35,246350,669925,5.1,39677175,5120775,123.35,33469425,489900
16-01-2025 12:04,23373.6,245350,669850,4.95,39571950,5238075,123.9,33474000,486600
16-01-2025 12:04,23375,243425,669775,5,39670875,5238600,123.85,33472650,493200
16-01-2025 12:05,23375,244125,670000,5,39502575,5318325,123.8,33474750,487275
16-01-2025 12:05,23372.05,243750,670700,4.95,39473700,5403450,124.15,33479025,482325
16-01-2025 12:05,23373,243675,669450,5.1,39624375,5281650,123.75,33474000,489900
16-01-2025 12:05,23374.95,243000,669525,5.1,39679425,5149050,124,33469350,492975
16-01-2025 12:05,23373.4,242750,669675,5.1,39739575,5269500,124,33474450,493050
16-01-2025 12:05,23370.8,243175,669650,5,39482775,5279475,124.5,33474375,487350
16-01-2025 12:06,23372.8,243725,669950,5.1,39678225,5281800,123.8,33476325,488400
16-01-2025 12:06,23372.45,243250,670125,5.1,39711975,5193075,123.35,33471150,495375
16-01-2025 12:06,23374.45,243525,670375,4.95,39622800,5333775,125.6,33480600,492675
16-01-2025 12:06,23375,244150,670950,5,39527925,5351475,124.7,33483525,471300
16-01-2025 12:06,23372,242600,669875,4.95,39527250,5389650,124.6,33479025,472725
16-01-2025 12:06,23372,244100,671050,5,39661500,5274150,124.3,33474600,475800
16-01-2025 12:07,23370.05,243375,671350,4.95,39525375,5321775,125.1,33471600,471300
16-01-2025 12:07,23370.2,243875,670650,5.05,39638775,5191800,124.6,33474750,480975
16-01-2025 12:07,23371,244025,670750,5.05,39596850,5254800,123.8,33470925,478725
16-01-2025 12:07,23371,243550,670425,5.05,39576600,5226525,124.2,33465225,485550
16-01-2025 12:07,23371.55,243475,670700,5,39525975,5291775,124.9,33467475,480750
16-01-2025 12:07,23371.25,243675,670875,5.05,39576600,5247525,124.9,33472500,480975
16-01-2025 12:08,23371.65,244325,670375,5,39545175,5263275,124.75,33471300,482850
16-01-2025 12:08,23370.1,243800,671225,4.85,39531450,5391075,125.95,33478950,479925
16-01-2025 12:08,23370.1,244100,670600,4.8,39299400,5467950,125.65,33475050,462300
16-01-2025 12:08,23371.9,244100,670675,4.8,39464625,5365200,125.55,33469350,466125
16-01-2025 12:08,23371.95,243750,670825,4.75,39448650,5379600,125.25,33472200,465375
16-01-2025 12:08,23371.05,243725,670475,4.65,39323475,5478150,125.4,33472200,465825
16-01-2025 12:09,23370.95,242600,670275,4.5,39246150,5402475,125.45,33466275,467100
16-01-2025 12:09,23370.05,242800,670125,4.45,39207375,5414175,125.4,33468975,467175
16-01-2025 12:09,23370.05,243450,670100,4.4,39223500,5396700,125.4,33465000,455250
16-01-2025 12:09,23372,243000,669825,4.5,39447000,5161875,124.65,33456750,453675
16-01-2025 12:09,23372,243075,669900,4.5,39509550,5199825,125.15,33456150,455850
16-01-2025 12:09,23370,242475,669875,4.45,39486750,5101125,125.3,33462375,452700
16-01-2025 12:10,23372.5,243450,670450,4.45,39421425,5190675,125.6,33460800,452625
16-01-2025 12:10,23375,243250,670800,4.6,39594450,5188500,124.9,33457500,460500
16-01-2025 12:10,23375,244375,671625,4.75,39728625,4990125,123.45,33453675,465225
16-01-2025 12:10,23373.6,242875,675925,4.7,39657300,5153550,125.2,33446175,464400
16-01-2025 12:10,23376.3,243025,672125,4.65,39692325,5062575,124.8,33445050,457500
16-01-2025 12:10,23375,242850,673700,4.75,39751650,4992600,125.25,33452925,461325
16-01-2025 12:11,23375,243125,672825,4.8,39890850,4929675,125.1,33460050,461550
16-01-2025 12:11,23375,242550,673100,4.8,39725475,4983150,125.55,33466350,459000
16-01-2025 12:11,23375,240700,673850,4.8,39699450,5092875,125.4,33468675,449625
16-01-2025 12:11,23375,241800,672475,4.85,39705900,4915950,124.9,33465825,459525
16-01-2025 12:11,23373.15,241600,671600,4.8,39748575,5102925,125,33466200,460800
16-01-2025 12:11,23375,243000,671550,4.95,39760800,4945200,123.7,33459675,468000
16-01-2025 12:12,23376.2,242900,671175,4.95,39881775,4880175,123.75,33455625,466050
16-01-2025 12:12,23375,243175,671375,4.95,39867675,4913700,124.2,33456450,459525
16-01-2025 12:12,23375,242825,671825,4.95,39824850,4988925,124.15,33457575,460650
16-01-2025 12:12,23373,242025,672450,4.95,39945750,4936425,124,33455550,460200
16-01-2025 12:12,23373.3,244375,672050,4.9,39747900,5179800,124.6,33452475,457725
16-01-2025 12:12,23371.15,241775,672375,4.9,39698025,5258400,125,33452325,454800
16-01-2025 12:13,23375,244175,673350,4.85,39709950,5343525,125.1,33446925,452475
16-01-2025 12:13,23375,242950,672400,4.9,39851250,5315700,124.7,33444300,454125
16-01-2025 12:13,23375,243050,671600,4.9,39879825,5165625,124.35,33438600,452100
16-01-2025 12:13,23377,243325,671750,4.95,39817500,5203800,124,33437325,453375
16-01-2025 12:13,23375,243400,671975,5,39891900,5147400,124.1,33433275,452775
16-01-2025 12:13,23375.9,243650,672175,4.9,39898200,5292450,124.95,33435525,449700
16-01-2025 12:14,23375,244200,672250,4.9,39774075,5308650,124.5,33430800,458850
16-01-2025 12:14,23375,243875,671675,4.85,39769350,5385225,124.15,33433275,460350
16-01-2025 12:14,23375,242475,671750,4.95,39725775,5268075,124,33432525,462900
16-01-2025 12:14,23375,243700,672075,4.9,40018650,5108850,122.95,33424725,467400
16-01-2025 12:14,23375,242900,671675,4.95,39932175,5197050,122.75,33417300,466200
16-01-2025 12:14,23373,242975,670900,4.95,39853125,5298150,123.45,33421650,462675
16-01-2025 12:15,23377.7,243875,671075,5,39962250,5227575,123.1,33426675,466500
16-01-2025 12:15,23375.1,243525,670775,5,40055625,5142825,122.6,33425775,467100
16-01-2025 12:15,23377.7,243350,670150,5.1,40057950,5071650,121.9,33416550,467625
16-01-2025 12:15,23377.7,243600,670125,5.2,40057500,5009775,120.65,33406650,470475
16-01-2025 12:15,23379.85,244300,670375,5.3,40129050,4979250,120.75,33400725,477300
16-01-2025 12:15,23376,246100,670100,5.35,40018725,5009175,120.4,33398175,465900
16-01-2025 12:16,23380,246750,670400,5.4,40004250,4942650,120.25,33424350,466500
16-01-2025 12:16,23380,246875,670350,5.35,39867750,5002650,120.8,33430050,466650
16-01-2025 12:16,23380,244450,670550,5.25,39849000,5093625,121.3,33442575,470625
16-01-2025 12:16,23380,242275,672025,5,39740625,5240100,121.95,33453900,468075
16-01-2025 12:16,23376,242125,672200,5.05,39672225,5202825,121.8,33454575,468525
16-01-2025 12:16,23379.9,242925,672825,5.05,39663675,5242350,122.2,33464775,466650
16-01-2025 12:17,23379.9,244525,672700,5.15,39808050,5143050,122.3,33462825,468900
16-01-2025 12:17,23375.1,242750,673525,5.1,39824325,5201250,122.3,33465300,465750
16-01-2025 12:17,23375.1,241775,673000,4.95,39753525,5258325,123.2,33464775,466575
16-01-2025 12:17,23377.7,241025,673725,4.75,39574950,5385600,123.95,33469425,456750
16-01-2025 12:17,23373.3,240100,675175,4.7,39580950,5342775,124.1,33463050,447525
16-01-2025 12:17,23373.3,239925,672650,4.75,39482550,5377200,124.9,33455175,437250
16-01-2025 12:18,23374.1,240400,672650,4.8,39711675,5270400,124.6,33441150,442275
16-01-2025 12:18,23370.3,240425,673250,4.75,39674475,5343000,124.85,33437775,444150
16-01-2025 12:18,23370,240100,674625,4.7,39629925,5416875,124.65,33453600,439050
16-01-2025 12:18,23370,240275,675525,4.35,39442800,5533800,126.65,33459825,421050
16-01-2025 12:18,23369.45,240200,675800,4.45,39427425,5440350,126.75,33455400,409425
16-01-2025 12:18,23369,240800,673350,4.55,39571800,5398350,126.7,33465225,416625
16-01-2025 12:19,23371,240750,672900,4.55,39761400,5329950,126.6,33470400,420225
16-01-2025 12:19,23371,239700,671950,4.6,39679500,5373450,126.2,33460275,422700
16-01-2025 12:19,23371,241475,672375,4.65,39625575,5322075,126.05,33460875,425550
16-01-2025 12:19,23371,241000,673650,4.45,39590025,5470875,127.7,33471900,422100
16-01-2025 12:19,23371,240300,674000,4.5,39583200,5529600,127.25,33469650,406275
16-01-2025 12:19,23371,240775,674400,4.55,39699675,5496750,127.85,33474525,401925
16-01-2025 12:20,23371,239850,676250,4.3,39425325,5468625,128.45,33486300,387000
16-01-2025 12:20,23371,239200,677250,4.35,39352650,5514825,129.1,33491100,386250
16-01-2025 12:20,23371,239375,676650,4.35,39348075,5495850,129.65,33495750,389400
16-01-2025 12:20,23371,237825,673375,4.25,39458700,5450700,129.5,33491175,367950
16-01-2025 12:20,23368,237900,672975,4.15,39298575,5468325,129.35,33472875,371550
16-01-2025 12:20,23366,240150,672650,4.3,39538500,5328450,129.65,33471450,384375
16-01-2025 12:21,23366.45,239800,672125,4.35,39692775,5240775,129.1,33462900,385350
16-01-2025 12:21,23370,241450,671275,4.25,39644700,5307150,128.2,33473100,392175
16-01-2025 12:21,23370.9,241850,670750,4.25,39529575,5391525,128.2,33465525,393375
16-01-2025 12:21,23369.65,241550,670075,4.4,39819600,5347725,126.95,33441525,398850
16-01-2025 12:21,23369.1,241275,670200,4.35,39728325,5256750,126.6,33414975,402975
16-01-2025 12:21,23368.4,240425,669575,4.35,39682125,5244825,126.45,33403350,402450
16-01-2025 12:22,23368.25,241475,669100,4.35,39682425,5249325,126.5,33408075,403875
16-01-2025 12:22,23370.95,240775,668925,4.25,39651450,5263875,126.65,33419400,402900
16-01-2025 12:22,23366.75,240800,669525,4.15,39492525,5448150,128,33435900,402075
16-01-2025 12:22,23366.1,240525,670150,4.15,39479400,5472375,127.8,33439575,405600
16-01-2025 12:22,23368,239875,669300,4.15,39421575,5383425,128,33435675,408675
16-01-2025 12:22,23366.75,239525,668875,4.2,39528450,5381550,127.3,33438600,412425
16-01-2025 12:23,23366.8,239500,668975,4.25,39591150,5295150,127,33440325,414225
16-01-2025 12:23,23368.05,239875,669825,4.2,39545475,5433825,127,33436725,410400
16-01-2025 12:23,0,0,0,4.1,39438075,5527500,127.35,33439125,412425
16-01-2025 12:23,23371,239825,669100,4.1,39370275,5547450,127.3,33441375,417300
16-01-2025 12:23,23368.05,241800,669300,4.15,39519675,5454750,126.95,33437100,416175
16-01-2025 12:23,23373.4,242275,668650,4.3,39753150,5442525,125.25,33430200,430125
16-01-2025 12:24,23372,242250,669400,4.3,39728850,5329575,125.2,33414975,429000
16-01-2025 12:24,23370,243650,669150,4.25,39678900,5380800,125.75,33425100,425850
16-01-2025 12:24,0,0,0,4.25,39608100,5391225,126,33428550,425775
16-01-2025 12:24,23370,243500,669175,4.3,39680850,5314875,125,33428550,427650
16-01-2025 12:24,23370,241850,668625,4.3,39695775,5276250,124.9,33425850,430425
16-01-2025 12:24,23370.3,241975,668350,4.25,39664125,5382300,125.1,33426750,429675
16-01-2025 12:25,23370.2,240875,667450,4.3,39755625,5397000,124.8,33423375,430425
16-01-2025 12:25,23370.65,240500,667600,4.25,39712725,5356575,124.75,33426075,431625
16-01-2025 12:25,23370.7,241275,668450,4.2,39574725,5402025,125.05,33432150,431850
16-01-2025 12:25,23370.7,240725,668200,4.1,39406800,5499300,126,33448725,430425
16-01-2025 12:25,23373.9,240875,668600,4.15,39556950,5515500,125.65,33450750,423675
16-01-2025 12:25,23370.65,241650,668125,4.15,39468300,5400900,125.45,33447975,423750
16-01-2025 12:26,23372.95,241700,668375,4.05,39375450,5417025,125.85,33449400,425400
16-01-2025 12:26,0,0,0,4.05,39190725,5421975,125.95,33451800,422475
16-01-2025 12:26,23372.75,240775,668525,3.95,39048150,5460225,126.2,33450000,426075
16-01-2025 12:26,23370,241525,668650,3.95,39151725,5449200,125.95,33449850,424650
16-01-2025 12:26,23372.95,241875,668550,4.1,39297750,5402400,125.95,33453675,423450
16-01-2025 12:26,23372,242425,669075,4.15,39300150,5257200,125.65,33452550,426075
16-01-2025 12:27,23371.2,243350,670175,4.15,39315525,5311575,126,33460725,425400
16-01-2025 12:27,23374,242475,669425,4.15,39327075,5317725,125.95,33457050,414525
16-01-2025 12:27,23370,243825,669975,4.15,39420600,5360175,126.25,33466200,414600
16-01-2025 12:27,23374.2,244075,666325,4.25,39496950,5305350,125.4,33465525,414825
16-01-2025 12:27,23376.05,243600,668075,4.3,39595125,5246625,123.55,33441750,421275
16-01-2025 12:27,23375,241800,670750,4.15,39556125,5366625,125,33428550,421125
16-01-2025 12:28,23370,243550,671900,4.1,39380325,5444850,125.15,33434250,409725
16-01-2025 12:28,0,0,0,4.1,39353775,5440950,125.4,33435450,421500
16-01-2025 12:28,23370.35,245975,670600,4.1,39408600,5356050,124,33429900,426600
16-01-2025 12:28,23375,244925,671275,4.15,39418275,5390625,124.2,33431625,431700
16-01-2025 12:28,23375,246275,670725,4,39387000,5467800,124.6,33434100,432300
16-01-2025 12:28,23375,247475,670750,4.1,39531525,5434725,124.45,33440550,430200
16-01-2025 12:29,23371,247000,667850,4.05,39548250,5427225,124.75,33442650,429300
16-01-2025 12:29,23370,245175,668275,4.05,39547275,5412675,125.25,33440775,418425
16-01-2025 12:29,23375.35,244525,668350,4.05,39621150,5286675,125.15,33441075,426975
16-01-2025 12:29,23374.95,243775,668475,4.1,39624225,5281875,124.95,33441075,426525
16-01-2025 12:29,23370.15,245350,668675,4.05,39615900,5285250,124.8,33442125,425025
16-01-2025 12:29,23375.5,244175,668700,4.15,39626175,5274225,124.3,33437625,427725
16-01-2025 12:30,23372.45,244700,669275,4.15,39620325,5325900,124.35,33437625,429975
16-01-2025 12:30,23369.55,245450,669150,4.05,39672000,5478600,124.9,33436200,433800
16-01-2025 12:30,23373.95,246475,669075,4,39458550,5470875,124.6,33435375,425100
16-01-2025 12:30,23370.1,245600,669100,4.1,39539625,5375925,123.95,33433800,423000
16-01-2025 12:30,23375,248475,668600,4.2,39684300,5304525,123.2,33435900,430800
16-01-2025 12:30,23375,246050,667450,4.25,39741225,5261775,124,33431325,435525
16-01-2025 12:31,23375,247600,667425,4.25,39725250,5245950,123.85,33436125,430200
16-01-2025 12:31,23376,247925,667525,4.4,39925200,5223675,122.55,33432000,430350
16-01-2025 12:31,23379.4,247425,667725,4.35,39878850,5236800,121.5,33428850,426450
16-01-2025 12:31,23375,245900,667650,4.45,39878175,5152725,121.6,33414300,433275
16-01-2025 12:31,23380.45,248550,667275,4.65,39977850,5114175,119.05,33420900,455625
16-01-2025 12:31,23380.45,248025,666225,4.6,39884025,5082750,119.75,33379875,434250
16-01-2025 12:32,23381.85,246300,667125,4.55,39828975,5119650,119.45,33396450,445425
16-01-2025 12:32,23381.85,245625,667525,4.65,39899850,5153325,119.55,33411750,452475
16-01-2025 12:32,23382.5,246525,667500,4.6,39834675,5195925,119.6,33410850,458400
16-01-2025 12:32,23381,245350,667800,4.65,39779400,5215050,119.75,33415650,459075
16-01-2025 12:32,23381,246100,669175,4.5,39761700,5250375,119.85,33424875,444975
16-01-2025 12:32,23377,246200,668750,4.45,39646200,5291850,120,33420000,449700
16-01-2025 12:33,23381.7,246650,669850,4.4,39483600,5337975,120.2,33426975,453225
16-01-2025 12:33,23380.45,247225,670025,4.5,39803100,5187900,119.85,33427650,461400
16-01-2025 12:33,23381.8,245725,670125,4.55,39686925,5171625,120,33429675,466425
16-01-2025 12:33,23381.5,246200,671425,4.55,39684675,5278500,120.15,33435975,467400
16-01-2025 12:33,23377,245675,671625,4.5,39765150,5303850,120.4,33440175,467175
16-01-2025 12:33,23378.05,246450,669950,4.5,39673650,5274075,120.2,33442125,469500
16-01-2025 12:34,23381.85,246050,669075,4.55,39609375,5254125,119.35,33434400,474375
16-01-2025 12:34,23378,248500,669025,4.7,39869625,5251425,117.45,33425025,476550
16-01-2025 12:34,23381,249125,667800,4.7,39807000,5200125,117.5,33413325,481650
16-01-2025 12:34,23381.9,248525,667700,4.7,39864825,5149725,118.3,33423150,476925
16-01-2025 12:34,23384,248850,667375,4.75,39912975,5136075,114.9,33420300,479100
16-01-2025 12:34,23390.05,250200,665175,5.05,39788100,5098875,111.85,33368175,477975
16-01-2025 12:35,23389.25,249400,661550,4.9,39715575,5155275,113.2,33373650,471825
16-01-2025 12:35,23388.05,249300,663100,4.7,39640275,5212575,114.3,33385125,465000
16-01-2025 12:35,23385,247450,663775,4.55,39508650,5296725,115.4,33415725,460725
16-01-2025 12:35,23387.1,246700,662350,4.55,39451950,5242950,115.1,33416175,477300
16-01-2025 12:35,23387.15,246225,663925,4.6,39626700,5316300,115.25,33420300,479325
16-01-2025 12:35,23385,246300,663150,4.55,39592200,5332575,115.65,33424875,479850
16-01-2025 12:36,23385.9,246400,663475,4.55,39557700,5274375,115.45,33420750,481275
16-01-2025 12:36,23386.9,246700,662325,4.6,39621225,5244675,114.6,33410925,487200
16-01-2025 12:36,23386.8,246450,661750,4.65,39625800,5257650,113.55,33426375,497175
16-01-2025 12:36,23386,246275,661925,4.5,39516975,5391975,115,33430725,499500
16-01-2025 12:36,23387.65,245950,664750,4.5,39606600,5410425,114.75,33439350,488550
16-01-2025 12:36,23382.2,245950,665900,4.35,39386775,5400600,115.85,33455400,479625
16-01-2025 12:37,23384.95,246425,665325,4.4,39372825,5493375,115.65,33463050,480150
16-01-2025 12:37,23382,245675,669100,4.55,39662700,5269425,115.75,33460650,499200
16-01-2025 12:37,23382.55,246550,668525,4.5,39667500,5386200,114.95,33459150,496275
16-01-2025 12:37,23381.9,245325,669700,4.5,39467700,5368875,115.7,33465525,498075
16-01-2025 12:37,23385,246575,669450,4.4,39375675,5509350,115.5,33468075,505950
16-01-2025 12:37,23382.1,247450,670750,4.4,39378825,5453625,115.6,33472500,507000
16-01-2025 12:38,23385,246250,670200,4.45,39446850,5324100,115.6,33471150,507375
16-01-2025 12:38,23382.6,248250,670675,4.3,39471450,5500350,115.8,33485700,506175
16-01-2025 12:38,0,0,0,4.3,39497925,5373975,115.35,33482775,503100
16-01-2025 12:38,23382.6,247425,670400,4.25,39355050,5426325,116,33483600,504000
16-01-2025 12:38,23381.9,247850,671675,4.4,39534300,5445150,114.95,33485325,502125
16-01-2025 12:38,23385,247400,670250,4.4,39584100,5319750,114.8,33468675,513375
16-01-2025 12:39,23381.9,247700,669825,4.4,39621975,5386875,114.9,33465450,511500
16-01-2025 12:39,23384,247700,669650,4.5,39653850,5317425,114.45,33462675,507300
16-01-2025 12:39,23385,246875,671475,4.45,39637575,5346675,115.2,33467250,505200
16-01-2025 12:39,23382.95,246550,669625,4.45,39646800,5201400,115.1,33469875,507600
16-01-2025 12:39,23382,247325,671025,4.4,39644925,5261550,115,33472350,511950
16-01-2025 12:39,23384.75,247200,669875,4.45,39655125,5251725,115.1,33473025,502575
16-01-2025 12:40,23381.75,247900,670450,4.45,39779775,5343750,114.35,33477375,498525
16-01-2025 12:40,23384.95,247825,669250,4.55,39699900,5331450,113.85,33467475,498450
16-01-2025 12:40,23381.05,247700,669775,4.45,39686775,5218050,114.1,33472575,504900
16-01-2025 12:40,23381,247350,671800,4.5,39669975,5224050,114.7,33474450,493950
16-01-2025 12:40,23380.75,247425,670950,4.45,39610650,5284575,115.1,33489225,480525
16-01-2025 12:40,23383.95,250325,671050,4.35,39589650,5439750,115.5,33484950,486750
16-01-2025 12:41,23384.95,252325,671375,4.1,39379200,5476350,116.55,33505350,485925
16-01-2025 12:41,23380.75,262450,672725,4,39306525,5594400,116.7,33500850,458250
16-01-2025 12:41,23380.25,268525,673100,3.8,39378300,5555925,117.95,33510975,444900
16-01-2025 12:41,23384.4,275550,671500,3.85,39451800,5511600,118,33517275,445500
16-01-2025 12:41,23380,275150,673225,3.75,39392475,5557575,118.15,33520050,456525
16-01-2025 12:41,23383,275250,672700,3.9,39578025,5414100,117.2,33508275,466875
16-01-2025 12:42,23381.45,275100,671250,4,39837225,5351850,117.35,33499800,472425
16-01-2025 12:42,23382.7,276075,671150,3.95,39943725,5402400,116.7,33492150,483750
16-01-2025 12:42,23383,275925,670825,4.2,39980025,5431350,115.9,33477075,492675
16-01-2025 12:42,23382,276400,670425,4.2,40222275,5297175,115.45,33445050,501825
16-01-2025 12:42,23384,278800,670700,4.25,40166475,5340150,116.2,33451200,499275
16-01-2025 12:42,23384.95,278675,670350,4.25,40182375,5318400,116,33454050,493575
16-01-2025 12:43,23384.95,278400,670075,4.45,40298700,5197050,115,33456450,496050
16-01-2025 12:43,23384.95,278975,670100,4.45,40323600,5142750,114.65,33448650,502200
16-01-2025 12:43,23381.45,280275,669900,4.4,40164300,5240175,114.7,33460875,496275
16-01-2025 12:43,23381,278850,668900,4.4,40141650,5268525,115.15,33470475,494925
16-01-2025 12:43,23381,279525,670200,4.3,40244100,5334225,115.7,33470850,504825
16-01-2025 12:43,23381.05,278250,669225,4.45,40290675,5261925,115.1,33475575,504375
16-01-2025 12:44,23383,278925,668800,4.4,40285950,5287575,114.7,33468450,504750
16-01-2025 12:44,23383,279150,668550,4.4,40145700,5242425,114.9,33487200,502875
16-01-2025 12:44,23384.8,279400,668975,4.45,40243575,5252100,115,33485100,508650
16-01-2025 12:44,23383.2,279350,668675,4.4,40300125,5311500,115,33485100,505950
16-01-2025 12:44,23387,279650,668575,4.45,40191075,5239650,113.6,33479025,508650
16-01-2025 12:44,23387,279925,668350,4.55,40344750,5157375,112.7,33447600,509475
16-01-2025 12:45,23392.2,280625,664175,4.8,40208325,5124150,108.6,33447450,529875
16-01-2025 12:45,23395.45,279825,661925,5,40046475,4983225,107,33380325,535575
16-01-2025 12:45,23395.2,276625,660350,4.7,39646500,5176275,109,33349425,479475
16-01-2025 12:45,23396.05,277550,658675,4.9,39804225,5127900,108.25,33361425,489300
16-01-2025 12:45,23395.85,276575,657950,4.9,39779625,5034825,107.95,33370125,486675
16-01-2025 12:45,23394.95,276225,658175,4.9,39813675,5101650,107.9,33377100,488925
16-01-2025 12:46,23390.2,276775,659700,4.8,39687525,5101350,108.2,33388800,483075
16-01-2025 12:46,23395.8,276550,660425,4.8,39559425,5251575,108.35,33398025,488250
16-01-2025 12:46,23392.9,278225,661950,4.55,39581625,5235000,109.35,33396975,491100
16-01-2025 12:46,23395.7,278750,660000,4.55,39438075,5259600,108.7,33397950,500850
16-01-2025 12:46,23392.95,278425,658975,4.45,39418275,5251875,108.7,33404850,506775
16-01-2025 12:46,23396,278450,659650,4.55,39558000,5290350,108.45,33409050,509925
16-01-2025 12:47,23394.4,279350,660100,4.35,39471600,5392200,109.9,33423750,506625
16-01-2025 12:47,23394.8,279800,660425,4.45,39372825,5396400,109.45,33415200,468375
16-01-2025 12:47,23390.45,280025,661250,4.35,39573900,5557125,109.4,33413175,473925
16-01-2025 12:47,23392.7,279800,660825,4.45,39600375,5554275,109.25,33419550,467325
16-01-2025 12:47,23390.6,279875,661525,4.45,39695400,5458125,108.65,33410325,471150
16-01-2025 12:47,23390.4,278800,661350,4.45,39591675,5513625,108.55,33398550,474975
16-01-2025 12:48,23390.6,279175,660900,4.45,39673950,5525100,108.3,33412575,480150
16-01-2025 12:48,23392.7,280125,660600,4.4,39622800,5578875,108.3,33412875,480300
16-01-2025 12:48,23392,280825,660750,4.35,39535425,5579925,108.6,33418650,480375
16-01-2025 12:48,23390.15,283325,661125,4.25,39523275,5655300,108.75,33425400,480525
16-01-2025 12:48,23395,286500,662450,4.2,39580050,5739000,108.25,33425325,488025
16-01-2025 12:48,23390,289500,661525,4.1,39516300,5655000,108.65,33424800,487575
16-01-2025 12:49,23394.9,289250,661850,4.2,39671025,5383275,108.85,33436275,488250
16-01-2025 12:49,23394.5,288750,662475,4.2,39752175,5327700,109,33445875,479100
16-01-2025 12:49,23391,287650,663500,4.05,39889500,5259225,110,33449775,482475
16-01-2025 12:49,23390,288950,664100,4.1,39538275,5528625,109.7,33432675,479175
16-01-2025 12:49,23392,288650,662950,4.05,39704775,5338500,109.3,33435975,488625
16-01-2025 12:49,23393,290975,663475,4.25,39840300,5374050,108.8,33432075,492600
16-01-2025 12:50,23393,291475,663450,4.3,39999225,5265675,108.65,33428475,496575
16-01-2025 12:50,23388.45,289900,661700,4.4,40196550,5242875,108.35,33431250,491700
16-01-2025 12:50,23389,290000,662150,4.4,40148925,5246550,108.9,33417150,488250
16-01-2025 12:50,23388,289625,662550,4.35,40075575,5244675,109,33419625,497400
16-01-2025 12:50,23391,290025,663800,4.3,39939525,5361300,109.2,33430050,486450
16-01-2025 12:50,23390.3,290250,663900,4.2,40144650,5359050,109.55,33434625,490425
16-01-2025 12:51,23393,290300,664450,4.35,39914550,5401800,109.45,33440625,487275
16-01-2025 12:51,23391.9,289500,664600,4.45,40079400,5336100,108.35,33440700,495075
16-01-2025 12:51,23395,289975,664025,4.45,40126800,5089950,108.2,33434925,496350
16-01-2025 12:51,23393.95,289850,662600,4.5,40072125,5134800,108.2,33438600,497550
16-01-2025 12:51,23393.95,294175,663350,4.4,40049475,5220600,108.25,33440175,496125
16-01-2025 12:51,23395,293825,662875,4.5,40051875,5133075,107.45,33430275,497400
16-01-2025 12:52,23390.2,295100,663125,4.5,40048275,5150625,107.35,33437775,500550
16-01-2025 12:52,23395.85,295375,662075,4.55,40064475,5166075,107.6,33437550,506400
16-01-2025 12:52,23390.1,296275,662925,4.35,40060200,5317650,108.1,33447750,510075
16-01-2025 12:52,23395.65,312700,662850,4.4,39905850,5354775,108.5,33455775,487050
16-01-2025 12:52,23395.85,313275,662850,4.35,39866925,5372475,108.45,33452025,495525
16-01-2025 12:52,23390,313700,662950,4.4,39831375,5361600,108.25,33452475,496425
16-01-2025 12:53,23390,313225,662175,4.3,39784800,5369025,108.7,33456975,501150
16-01-2025 12:53,23394.95,312400,663500,4.25,39739950,5492850,109.3,33475875,486825
16-01-2025 12:53,23392.9,313800,663850,4.3,39822000,5512425,108.4,33463425,481875
16-01-2025 12:53,23392.95,313625,663675,4.3,39710250,5479800,108.9,33460350,483525
16-01-2025 12:53,23395.65,331225,663750,4.25,39630075,5547450,108.75,33489225,479175
16-01-2025 12:53,23392,348300,663175,4.3,39766725,5456025,107.7,33491025,490125
16-01-2025 12:54,23394.95,350750,663400,4.45,40124850,5327325,106.2,33484200,497025
16-01-2025 12:54,23395,327575,662800,4.5,40136775,5258775,105.75,33465750,495750
16-01-2025 12:54,23392.2,298150,662650,4.5,40201350,5214900,105.9,33471975,500025
16-01-2025 12:54,23392.1,297875,663200,4.5,40042125,5346900,105.85,33487125,500700
16-01-2025 12:54,23398.2,299975,663275,4.55,40161300,5210175,105.85,33472200,500775
16-01-2025 12:54,23398,299675,665700,4.6,40152150,5176200,105.65,33475725,504600
16-01-2025 12:55,23398.2,301425,665850,4.55,40023750,5280525,105.6,33486000,501825
16-01-2025 12:55,23398.25,302025,665075,4.7,40288350,5206500,104.35,33481575,514125
16-01-2025 12:55,23399.9,303400,664200,4.85,40219200,5031750,102.65,33464100,521100
16-01-2025 12:55,23404.9,303175,663950,5.25,40313100,5145975,100.2,33475275,554400
16-01-2025 12:55,23408.7,300675,653400,5.7,40304850,5065425,97.25,33420375,521700
16-01-2025 12:55,23405,303325,653375,5.55,40319775,5045700,97.65,33408825,518250
16-01-2025 12:56,23402,302650,652250,4.95,40123950,5383125,99,33448425,520950
16-01-2025 12:56,23405,299425,651925,4.85,39508275,5515200,99.75,33467025,510600
16-01-2025 12:56,23406.45,298825,654275,4.8,39552150,5533425,100.35,33475575,523650
16-01-2025 12:56,23402.5,298800,654250,4.85,39691500,5572125,100.9,33495225,529500
16-01-2025 12:56,23403.4,297650,654800,5,39878475,5333850,101,33498300,548700
16-01-2025 12:56,23402,297050,653500,4.9,39639900,5252550,101.2,33501375,541050
16-01-2025 12:57,23401,298625,652450,4.9,39722175,5188650,101.65,33506925,543975
16-01-2025 12:57,23401.1,299650,654125,5,39730800,5107425,101.2,33516600,548550
16-01-2025 12:57,23401.2,299750,654900,5,39828750,5120925,100.9,33511425,567975
16-01-2025 12:57,23401.2,301150,655100,4.95,39780300,5161050,101.1,33514425,561900
16-01-2025 12:57,23401,302050,653875,4.95,39767775,5146800,101.15,33533250,560625
16-01-2025 12:57,23402,301925,654350,4.95,39777600,5239125,101.2,33535875,567000
16-01-2025 12:58,23400,301150,656725,4.45,39677250,5364150,103.05,33551775,551700
16-01-2025 12:58,23400,299325,656650,4.65,39634350,5274000,102.3,33556800,516225
16-01-2025 12:58,23399,299175,655875,4.7,39721875,5339325,102.35,33565200,526725
16-01-2025 12:58,23396.6,299350,657300,4.5,39680400,5446650,102.7,33578250,523275
16-01-2025 12:58,23400,296950,657550,4.65,39699375,5368500,102.85,33569175,520200
16-01-2025 12:58,23397,298675,658700,4.8,39863175,5271375,102.15,33563175,526050
16-01-2025 12:59,23400,298625,658100,4.85,40004550,5170125,102.05,33567825,532275
16-01-2025 12:59,23397.1,299050,657300,5,40022775,5161125,101.15,33556650,533550
16-01-2025 12:59,23398,299300,657475,4.9,39984675,5252100,101.2,33542175,536250
16-01-2025 12:59,23399,301125,657050,4.85,39911025,5279400,101.2,33529200,543225
16-01-2025 12:59,23399,303175,657400,4.95,40036500,5204175,100.5,33534825,559125
16-01-2025 12:59,23399,301900,658075,5,40025850,5143200,100.5,33546150,562800
16-01-2025 13:00,23400,301250,658575,4.85,40070775,5274600,100.65,33548100,569850
16-01-2025 13:00,23400,303675,658100,4.6,39764625,5383200,100.95,33547050,573300
16-01-2025 13:00,23403,306050,656275,4.85,39752775,5391825,100.2,33546225,577275
16-01-2025 13:00,23405,305100,654025,4.8,39882225,5233950,100.3,33528675,590550
16-01-2025 13:00,23402.05,304700,656425,4.95,39909600,5246325,99.4,33531900,575850
16-01-2025 13:00,23406.95,305100,655175,4.9,39937275,5235900,99.45,33531000,585525
16-01-2025 13:01,23405.05,304775,654850,5.05,39928800,5274075,99.85,33548775,587100
16-01-2025 13:01,23402.1,302750,656400,5.15,39965250,5170350,100,33547800,584250
16-01-2025 13:01,23402.1,299350,658375,5.15,40001325,5160000,99.65,33551400,590925
16-01-2025 13:01,23402.2,300450,658600,5,39943350,5200125,100.35,33549375,594675
16-01-2025 13:01,23406,299825,660900,4.95,39891750,5282550,100.2,33553425,583950
16-01-2025 13:01,23401,299575,662550,4.75,39769500,5367000,102,33572625,579825
16-01-2025 13:02,23400.15,298750,661875,4.75,39521625,5493900,101.75,33577725,544500
16-01-2025 13:02,23400,299975,662275,4.85,39728325,5312550,101.25,33575700,571275
16-01-2025 13:02,23404.1,298475,662575,4.55,39708225,5541900,102.1,33573075,575925
16-01-2025 13:02,23400,298025,663025,4.5,39469575,5590050,102.55,33595125,556125
16-01-2025 13:02,23403,298775,663700,4.55,39610800,5464725,102.5,33589800,563925
16-01-2025 13:02,23402.5,299275,663400,4.65,39885300,5476350,102,33587325,574950
16-01-2025 13:03,23400.15,298425,664200,4.9,39989025,5257575,101.4,33571125,587400
16-01-2025 13:03,23405,303325,663675,5.2,40054275,5250825,99.75,33551775,594900
16-01-2025 13:03,23406.55,303150,664200,5,39866925,5237925,100.4,33542325,577125
16-01-2025 13:03,23405,303700,665425,4.85,39773400,5318325,101,33566775,577875
16-01-2025 13:03,23402,299650,665125,4.85,39703725,5353950,100.7,33563775,585975
16-01-2025 13:03,23400.75,299000,665350,4.85,39698100,5456850,100.4,33569025,586500
16-01-2025 13:04,23400.75,298900,665375,4.75,39747000,5441025,100.85,33577275,590100
16-01-2025 13:04,23400.75,299250,665500,4.75,39640275,5482425,100.75,33577875,581100
16-01-2025 13:04,23400.75,298575,665725,4.6,39548775,5547450,101.25,33576525,583875
16-01-2025 13:04,23400,297775,666725,4.55,39650775,5574675,102,33588000,580725
16-01-2025 13:04,23398.1,301000,666475,4.6,39629775,5561850,101.7,33589875,578175
16-01-2025 13:04,23400,300050,665450,4.75,39750300,5490225,101.45,33584025,585000
16-01-2025 13:05,23400,299900,667175,4.7,39959250,5372400,102.5,33594075,589650
16-01-2025 13:05,23397.1,299700,665925,4.65,39776250,5530200,103.8,33602775,566250
16-01-2025 13:05,23397.1,298300,666425,4.55,39605850,5545500,103.85,33613950,543075
16-01-2025 13:05,23399.95,298850,666950,4.45,39545250,5645625,103.6,33612525,537000
16-01-2025 13:05,23397.85,297800,668575,4.25,39332175,5630250,104.6,33620025,539400
16-01-2025 13:05,23393.05,298200,669325,4.35,39433125,5635200,104.15,33615150,514200
16-01-2025 13:06,23391.1,297600,669725,3.9,39425775,5657025,107.2,33634425,518025
16-01-2025 13:06,23394.15,296225,670975,3.8,39417675,5731275,107,33658800,500025
16-01-2025 13:06,23388.5,293825,670350,3.75,39523950,5810700,107.45,33664650,499275
16-01-2025 13:06,23388.15,292975,670775,3.35,39302400,5941500,108.7,33662325,483150
16-01-2025 13:06,23388.1,292400,669525,3.5,39454350,5815125,109.1,33659400,488250
16-01-2025 13:06,23388,291550,670025,3.55,39636075,5616900,107.95,33636000,496950
16-01-2025 13:07,23385.25,291475,670500,3.25,39449850,5940600,109.85,33645225,490275
16-01-2025 13:07,23386.15,293675,670175,3.3,39547650,5688675,108.4,33637875,479925
16-01-2025 13:07,23390,293800,670525,3.4,39756300,5574450,108.6,33624975,483300
16-01-2025 13:07,23390,292700,669725,3.45,39915300,5551650,108.25,33632100,483450
16-01-2025 13:07,23387.9,295300,670025,3.45,39931125,5489100,108.65,33604350,481350
16-01-2025 13:07,23389,296100,669275,3.5,40023825,5544750,107.6,33601725,487875
16-01-2025 13:08,23387.3,296275,669150,3.55,40147575,5499900,107.55,33585150,493200
16-01-2025 13:08,23388.5,295200,668325,3.45,40083900,5574750,108.2,33592350,491700
16-01-2025 13:08,23388,296675,669925,3.45,39921675,5451150,106.85,33585450,492975
16-01-2025 13:08,23387.75,296925,671475,3.5,40045275,5486025,107.2,33588750,502050
16-01-2025 13:08,23388.05,296200,671325,3.4,39866625,5740200,106.9,33603225,492675
16-01-2025 13:08,23389.05,296725,671150,3.45,39799800,5686650,106.05,33594975,502725
16-01-2025 13:09,23390.85,297300,670150,3.45,39956625,5504625,106.1,33591675,500250
16-01-2025 13:09,23388.1,297025,670400,3.4,39828450,5695800,106.75,33597825,507750
16-01-2025 13:09,23388,299075,670675,3.25,39645750,5761875,106.95,33597975,505875
16-01-2025 13:09,23392,296825,670350,3.15,39804225,5860650,107.75,33603225,490425
16-01-2025 13:09,23387.2,298700,669700,3.2,39794025,5698425,106.8,33606150,504150
16-01-2025 13:09,23391.95,300075,669075,3.3,39730425,5661075,106.7,33600450,507300
16-01-2025 13:10,23389.05,300700,668850,3.25,39792000,5717025,107.35,33604200,505500
16-01-2025 13:10,23392,300200,669050,3.25,39684075,5817675,107.2,33602325,508350
16-01-2025 13:10,23386,300325,670350,3.05,39564825,5881875,108.85,33603975,507000
16-01-2025 13:10,23386,296675,671875,3.05,39352275,6032925,108.75,33617100,485025
16-01-2025 13:10,23385,296850,672150,3.1,39523575,5896425,107.95,33613050,501375
16-01-2025 13:10,23394.2,298975,670225,3.4,39907200,5662875,105.3,33594975,517350
16-01-2025 13:11,23387.65,300225,670900,3.4,40024050,5485350,105.75,33560850,519225
16-01-2025 13:11,23388.05,298025,671250,3.4,40053150,5460600,105.9,33579225,522225
16-01-2025 13:11,23392.85,298500,672950,3.4,40189500,5404275,105.9,33589275,519900
16-01-2025 13:11,23389,298025,671375,3.45,40228575,5386650,104.4,33579675,526200
16-01-2025 13:11,23388.9,297750,671500,3.35,40297350,5563275,104.85,33545475,521475
16-01-2025 13:11,23394.9,299200,671025,3.45,40372425,5637075,103.85,33550575,533100
16-01-2025 13:12,23391.55,299700,670675,3.35,40152450,5584050,104.9,33553200,527625
16-01-2025 13:12,23394,296800,670675,3.35,40096200,5781825,104.4,33553050,537600
16-01-2025 13:12,23391.15,296250,669675,3.2,39913425,5925975,103.4,33544725,545250
16-01-2025 13:12,23395,294950,669625,3.1,39763050,5997150,103.8,33541650,560025
16-01-2025 13:12,23390.1,295125,668650,3.15,39672225,5933475,104,33561525,552075
16-01-2025 13:12,23389.95,295325,669600,3.05,39772125,5982975,104.9,33569475,544650
16-01-2025 13:13,23388.7,294875,670425,3,39583725,6086025,104.2,33578700,519975
16-01-2025 13:13,23389.95,296000,671350,2.9,39504750,5963325,105.05,33574275,524625
16-01-2025 13:13,23388.25,294425,672100,2.95,39524400,6045000,105.25,33574425,523800
16-01-2025 13:13,23390.6,294925,671850,3.05,39634800,5868450,105,33575025,522600
16-01-2025 13:13,23393.7,296200,671725,3,39690150,5886000,104,33571425,524625
16-01-2025 13:13,23394,297125,670775,3,39811500,5758275,105.15,33560925,526200
16-01-2025 13:14,23394,293775,670350,2.95,39632100,5785275,105.55,33567525,527400
16-01-2025 13:14,23394,292925,669900,2.95,39697650,5767575,105.2,33558675,525000
16-01-2025 13:14,23394.9,292800,671175,2.95,39608850,5859525,104.5,33554025,527625
16-01-2025 13:14,23394,292600,670350,2.85,39527700,5973150,104.75,33547350,530250
16-01-2025 13:14,23394,292250,670800,2.8,39549975,5953650,105.3,33554250,526875
16-01-2025 13:14,23390.15,291825,671275,2.8,39649800,6013125,105.2,33553275,533400
16-01-2025 13:15,23390.2,292600,671325,2.75,39699225,5880675,105.85,33559950,526800
16-01-2025 13:15,23389,291400,672475,2.85,39652650,5920800,106,33572775,513675
16-01-2025 13:15,23389,291150,672725,2.85,39694200,5833050,105.6,33562500,521025
16-01-2025 13:15,23390.9,290800,670500,2.85,39683250,5784375,105.25,33555225,524025
16-01-2025 13:15,23394.75,292200,670725,2.9,39955275,5788800,104.2,33552450,531900
16-01-2025 13:15,23390.05,291825,670125,2.95,39964200,5572575,103.9,33529500,536400
16-01-2025 13:16,23394.7,291825,670575,2.9,39838050,5700525,104.3,33536400,537975
16-01-2025 13:16,23394.9,292325,670075,2.9,39914850,5662500,104.35,33533775,536775
16-01-2025 13:16,23392.3,292250,670400,2.9,39948975,5645400,104.65,33534375,550125
16-01-2025 13:16,23390,291350,671150,3,39923700,5707050,104.5,33545250,527925
16-01-2025 13:16,23394.65,290975,670225,2.95,40142325,5525400,104.85,33543675,535275
16-01-2025 13:16,23393.75,291400,670250,2.95,40145025,5494500,104.25,33545850,540075
16-01-2025 13:17,23389.55,291275,671025,3,40133475,5492175,104.45,33544950,538500
16-01-2025 13:17,23391.55,291500,671050,3.05,40365975,5562975,104.6,33548025,540375
16-01-2025 13:17,23391.5,291475,671000,3.1,40325550,5550675,104.35,33553950,541050
16-01-2025 13:17,23390.65,290675,671725,3.05,40169925,5463450,105,33565050,541050
16-01-2025 13:17,23389.15,290725,670775,3.2,40399725,5286675,104.55,33553800,536475
16-01-2025 13:17,23391.1,291850,669975,3.25,40430025,5198475,103.3,33547950,543000
16-01-2025 13:18,23391.5,293200,669825,3.35,40530675,5179350,102.75,33527325,558075
16-01-2025 13:18,23396,293025,670025,3.3,40568700,5279550,103.4,33535125,550650
16-01-2025 13:18,23390.45,294150,669350,3.3,40486650,5197125,103.55,33533325,558300
16-01-2025 13:18,23396.95,293650,669350,3.2,40592850,5420400,103.35,33535650,556050
16-01-2025 13:18,23391.7,295150,668925,3.3,41297625,5438025,103,33545400,565125
16-01-2025 13:18,23397.8,296050,669000,3.25,41222250,5434425,102.5,33551775,563025
16-01-2025 13:19,23396.7,295500,669425,3.3,41366550,5348250,102.7,33560550,561600
16-01-2025 13:19,23392.2,296025,669050,3.25,41368125,5458500,103.35,33561375,560550
16-01-2025 13:19,23395.85,294800,670950,3,41148675,5516475,105,33568275,545550
16-01-2025 13:19,23397.35,294200,670800,3,40916025,5536125,104.5,33566100,533925
16-01-2025 13:19,23396,293650,671100,3.2,41173125,5470575,103.75,33544725,543675
16-01-2025 13:19,23396,294150,670425,3.25,41280000,5341350,103.45,33550800,544725
16-01-2025 13:20,23396,294275,671125,3.25,41211825,5420325,103.55,33548775,540000
16-01-2025 13:20,23395.85,293100,670825,3.25,41372850,5314350,103.25,33552750,557025
16-01-2025 13:20,23395,294050,670200,3.3,41268825,5278650,103.5,33550575,550425
16-01-2025 13:20,23395,294825,669450,3.3,41325825,5307450,102.85,33551025,555900
16-01-2025 13:20,23393,295075,669725,3.3,41315775,5165850,103.25,33554175,555825
16-01-2025 13:20,23395.95,294975,669375,3.35,41357700,5148900,103.1,33549375,557250
16-01-2025 13:21,23396,295100,670100,3.25,41262300,5329425,103.1,33552375,562875
16-01-2025 13:21,23392.15,295325,669650,3.35,41368350,5322900,103.2,33555525,559800
16-01-2025 13:21,23392.1,294925,670375,3.3,41287575,5171175,103.45,33553200,560925
16-01-2025 13:21,23395,295400,670375,3.2,41096175,5395650,104.25,33550125,560250
16-01-2025 13:21,23396,295175,670275,3,40764900,5512875,104.8,33556575,541350
16-01-2025 13:21,23396,293825,670700,3,40709850,5545350,104.7,33559800,531825
16-01-2025 13:22,23392.15,295425,669850,3,40705725,5609100,105,33560925,533475
16-01-2025 13:22,23395,294800,669725,2.95,40618800,5619450,105,33564225,532500
16-01-2025 13:22,23392.2,294875,669700,2.95,40816050,5512875,104.8,33561300,546150
16-01-2025 13:22,23392.25,293850,670400,3,40640700,5527350,105.2,33562725,533925
16-01-2025 13:22,23392.3,294375,670075,2.95,40623675,5537175,105.35,33559200,531675
16-01-2025 13:22,23390.25,294175,669850,3,40642425,5670825,104.45,33559800,534000
16-01-2025 13:23,23394.9,295650,670025,2.95,40649850,5662650,104.9,33547350,540075
16-01-2025 13:23,23391.05,295250,671550,2.9,40573950,5718900,105.15,33552900,535950
16-01-2025 13:23,23391,295075,671950,2.7,40416900,5865975,105.9,33570075,534900
16-01-2025 13:23,23390.05,294075,671750,2.55,40244175,5935125,106.8,33573900,522150
16-01-2025 13:23,23390,293450,670500,2.65,40371075,5797050,106.4,33575325,519150
16-01-2025 13:23,23390,293725,672850,2.7,40496175,5603625,106.55,33575400,520650
16-01-2025 13:24,23389,293600,673425,2.55,40446375,5734800,107.7,33585000,515625
16-01-2025 13:24,23395,299975,671525,2.8,40610025,5673150,105.7,33575625,519225
16-01-2025 13:24,23396.35,296850,670500,2.85,40738575,5551050,105.1,33564225,531750
16-01-2025 13:24,23392.2,299500,669375,2.8,40887600,5447400,105.4,33556725,543750
16-01-2025 13:24,23392.3,296425,669775,2.8,40749975,5556300,105.65,33542775,531150
16-01-2025 13:24,23391.6,295300,668475,2.8,40695975,5578800,105.45,33543900,531600
16-01-2025 13:25,23395.7,297100,669625,2.75,40651950,5663175,105.15,33543375,539625
16-01-2025 13:25,23392,296450,670400,2.8,40749675,5558775,105,33541650,544050
16-01-2025 13:25,23392.2,296950,669900,2.8,40713525,5541975,105.65,33552000,548400
16-01-2025 13:25,23395.7,299575,669750,2.9,40972050,5522775,104.65,33551400,544725
16-01-2025 13:25,23395.7,297625,669125,2.8,40847175,5490825,104.9,33541725,546075
16-01-2025 13:25,23395,297775,669025,2.85,40745775,5457675,104.8,33546525,546975
16-01-2025 13:26,23392.4,298475,668825,2.85,40803000,5450925,104.4,33541875,541350
16-01-2025 13:26,23392.3,298825,669200,2.95,41060775,5343900,104.75,33537300,548925
16-01-2025 13:26,23392.65,297700,669075,2.9,41069475,5377650,104.3,33543675,547200
16-01-2025 13:26,23392.85,296875,669200,2.9,41028675,5402400,104.35,33537225,546750
16-01-2025 13:26,23396.7,296850,669175,2.75,40962375,5618025,105.2,33528975,558825
16-01-2025 13:26,23395.7,296575,669075,2.85,40829925,5601375,104.25,33529875,542850
16-01-2025 13:27,23392.7,298225,668850,2.75,40792500,5611650,104.1,33538650,542775
16-01-2025 13:27,23397.7,297250,668000,2.8,40764000,5610225,103.85,33536700,548400
16-01-2025 13:27,23397.7,298450,668000,2.8,40843050,5561175,103.05,33526575,557100
16-01-2025 13:27,23397.7,296875,667200,2.75,40811400,5572500,103.05,33522450,552150
16-01-2025 13:27,23399,298275,666925,2.85,40888950,5546400,102.95,33518325,560925
16-01-2025 13:27,23399,297600,666950,2.85,40891200,5468850,102.95,33527025,563025
16-01-2025 13:28,23395.1,298575,667375,2.8,40941450,5554800,102.5,33525750,563475
16-01-2025 13:28,23399.2,298650,666525,2.85,40965600,5550750,101.7,33524925,572700
16-01-2025 13:28,23398.25,298625,665750,2.95,41155425,5321325,100,33513900,569100
16-01-2025 13:28,23405,298100,662800,2.9,41066250,5434050,100.55,33491775,566400
16-01-2025 13:28,23398.1,297275,663725,2.85,41040375,5511225,100.65,33512700,566100
16-01-2025 13:28,23399.35,297900,663950,2.9,41074800,5389650,100.4,33524025,569025
16-01-2025 13:29,23402.45,297925,664125,2.9,41087025,5416050,100.95,33531300,577575
16-01-2025 13:29,23398.2,297300,664650,2.85,41161050,5408550,100.65,33547050,577575
16-01-2025 13:29,23398.2,296800,662700,2.9,41132550,5386500,100.8,33546975,576150
16-01-2025 13:29,23399,296500,662925,2.9,41097825,5460675,101.1,33569700,576450
16-01-2025 13:29,23398.2,296950,663450,2.95,41226225,5424600,100.7,33552525,585000
16-01-2025 13:29,23398,295250,663200,2.85,41251500,5443500,101.4,33556125,586125
16-01-2025 13:30,23398.2,295225,664050,2.95,41290950,5472750,100.75,33563850,585075
16-01-2025 13:30,23400.05,295950,663175,3,41411175,5301150,99.8,33555750,589875
16-01-2025 13:30,23401.95,295125,663075,3.05,41450175,5232375,99.45,33538800,583875
16-01-2025 13:30,23402.5,294975,663450,3.05,41411100,5264550,100.05,33551175,584175
16-01-2025 13:30,23402,294925,663225,3,41395200,5274375,100.15,33558075,580950
16-01-2025 13:30,23401,296125,663150,3.05,41412450,5270775,99.75,33562350,583200
16-01-2025 13:31,23405,296900,662900,3.05,41462250,5251950,100,33566550,581775
16-01-2025 13:31,23401.1,297875,663425,2.95,41229900,5348775,100.8,33572325,582825
16-01-2025 13:31,23402.25,297400,662975,2.9,41101500,5433075,101.15,33576975,573300
16-01-2025 13:31,23402.7,297025,662075,3,41478600,5305275,99.95,33577425,590625
16-01-2025 13:31,23402.65,299125,661225,3.1,41567100,5271225,99.8,33564225,597075
16-01-2025 13:31,23402.55,297675,661075,3.05,41477250,5245725,99.9,33573825,597375
16-01-2025 13:32,23403.9,297225,660625,3.05,41556225,5272575,100.3,33579525,599850
16-01-2025 13:32,23402.6,295150,662100,2.95,41454600,5545950,101.2,33585150,593625
16-01-2025 13:32,23402.4,295650,662150,2.9,41221275,5491800,101.2,33591825,582000
16-01-2025 13:32,23401.2,295575,662575,2.9,41392500,5440650,102,33591900,573000
16-01-2025 13:32,23402,297425,664500,2.85,41117925,5547525,102,33591600,563700
16-01-2025 13:32,23405,297700,664250,3,41291175,5319300,101,33576225,562950
16-01-2025 13:33,23404.15,298200,663425,3,41474700,5244075,101.1,33575700,567375
16-01-2025 13:33,23404.75,296850,664775,3.05,41468700,5205300,100.5,33569325,578700
16-01-2025 13:33,23404.95,296975,665725,3.05,41540475,5170575,100.05,33568575,583650
16-01-2025 13:33,23404.8,295575,665550,3.1,41567175,5134425,100.2,33555675,588525
16-01-2025 13:33,23405,297850,665025,3.15,41654175,5135100,98.9,33564450,591375
16-01-2025 13:33,23404.5,298400,662700,3.1,41661825,5142750,99.5,33552525,587250
16-01-2025 13:34,23405.1,296125,662125,3.1,41621625,5259375,99.35,33544050,585075
16-01-2025 13:34,23406.55,295125,662400,3.1,41609775,5159325,99.25,33559125,596400
16-01-2025 13:34,23403.3,296125,662600,3.05,41596875,5179350,99.7,33558900,587925
16-01-2025 13:34,23404.55,297575,662525,3.05,41566200,5358000,99.5,33567525,599400
16-01-2025 13:34,23405.3,301700,662275,3,41551950,5265225,98.4,33559425,597525
16-01-2025 13:34,23405.05,298575,662825,3.1,41592900,5251950,98.7,33516975,603825
16-01-2025 13:35,23405,299500,663225,3.15,41680725,5198400,98.75,33538875,604800
16-01-2025 13:35,23405.1,299150,663125,3.15,41770950,5166375,98.8,33537075,617550
16-01-2025 13:35,23405.05,300025,664025,3.35,41790900,5205225,97.15,33535125,623850
16-01-2025 13:35,23405.7,301400,662625,3.4,41771325,5032725,95.85,33513750,625875
16-01-2025 13:35,23409.75,300925,662300,3.35,41696250,5228325,96.1,33483600,621225
16-01-2025 13:35,23410,300975,659750,3.35,41580000,5296500,96.4,33493200,628950
16-01-2025 13:36,23407.9,301600,659325,3.3,41425050,5316300,96.5,33510450,630150
16-01-2025 13:36,23406.1,301950,658400,3.2,41343900,5449050,96.85,33534525,626250
16-01-2025 13:36,23405,301275,658400,3.05,41195625,5542650,97.5,33539850,627300
16-01-2025 13:36,23405.35,299825,658950,3,41097450,5666325,98.4,33552975,618600
16-01-2025 13:36,23405.05,299800,658725,3.05,41104050,5568975,98.35,33556875,595425
16-01-2025 13:36,23404.55,299650,660175,3.2,41401875,5500050,97.2,33532200,615525
16-01-2025 13:37,23407,298675,660100,3.2,41527350,5450775,97.1,33545025,628425
16-01-2025 13:37,23404.7,298625,659450,3.15,41407725,5434200,97.75,33557175,626100
16-01-2025 13:37,23404.5,298350,657625,3.05,41257725,5597325,98.4,33559875,626625
16-01-2025 13:37,23404.05,300000,657950,2.95,41212575,5681925,98.55,33571350,619425
16-01-2025 13:37,23404,298500,658875,3.05,41143125,5584125,98,33566925,626025
16-01-2025 13:37,23404.1,298575,659525,3.05,41246100,5598150,98.7,33562500,626550
16-01-2025 13:38,23405.95,298750,659675,3,41203275,5715450,98.7,33567375,613275
16-01-2025 13:38,23403.55,300000,659375,3,41165625,5593875,98.4,33563700,624300
16-01-2025 13:38,23402.7,299250,659375,2.85,41052450,5720025,99.5,33570150,626100
16-01-2025 13:38,23402.7,299400,659125,2.7,40847025,5798400,100.05,33583425,574125
16-01-2025 13:38,23402,299825,659100,2.75,40853775,5929275,99.8,33587550,583125
16-01-2025 13:38,23400.7,299000,659475,2.8,40986075,5815950,99.7,33580800,596250
16-01-2025 13:39,23404.7,299925,659475,2.6,41017425,5866500,101,33601800,593325
16-01-2025 13:39,23404.3,298125,659900,2.65,40928550,5875800,101.1,33604725,574950
16-01-2025 13:39,23400.55,298300,658825,2.7,40911300,5714250,100.5,33602850,584700
16-01-2025 13:39,23400.75,299300,657975,2.75,41088825,5662725,100.05,33583275,588750
16-01-2025 13:39,23402.35,299375,658025,2.85,41300175,5625075,98.85,33556350,616125
16-01-2025 13:39,23401.6,299175,657825,2.85,41342850,5376600,99.7,33555375,619125
16-01-2025 13:40,23404,299150,657450,2.85,41457525,5408400,99.6,33555450,617400
16-01-2025 13:40,23408,300425,657425,3,41474325,5428200,98.35,33560775,625800
16-01-2025 13:40,23406.55,300850,657450,3.05,41618250,5249025,98.2,33532125,627300
16-01-2025 13:40,23403.55,299800,657500,3.05,41623575,5172675,98.85,33490425,624075
16-01-2025 13:40,23404.65,302950,657325,3.1,41560875,5174625,97.65,33475050,628275
16-01-2025 13:40,23406.25,300700,657525,3.1,41475150,5298900,97.5,33464550,626025
16-01-2025 13:41,23404.55,300675,657375,3.1,41484750,5424000,97.8,33463950,626025
16-01-2025 13:41,23404.55,300675,657225,3.05,41506425,5391000,97.85,33473775,621675
16-01-2025 13:41,23405.05,301375,657700,3.1,41370825,5392950,97.4,33477750,631500
16-01-2025 13:41,23405.55,300450,655575,3.1,41435925,5284200,97.2,33458250,634350
16-01-2025 13:41,23406.05,299775,655625,3.1,41478675,5241825,97,33482625,636450
16-01-2025 13:41,23409.3,299025,655025,3.1,41531400,5216100,97.2,33489375,630975
16-01-2025 13:42,23409.5,300825,655400,3.1,41480925,5209725,96.15,33487950,641925
16-01-2025 13:42,23409.45,301000,655075,3.2,41678475,5140950,94.9,33445875,646050
16-01-2025 13:42,23406.95,302025,654275,3.15,41590350,5207625,94.95,33447000,679875
16-01-2025 13:42,23408.05,300625,654675,3.15,41387625,5277600,95.75,33453975,681750
16-01-2025 13:42,23407.55,300725,655800,3.1,41346975,5334900,95.3,33436425,686175
16-01-2025 13:42,23405.85,299850,655725,3.05,41288475,5389950,96.5,33452100,688950
16-01-2025 13:43,23405,299375,655325,3.1,41200350,5325975,96.05,33451500,651525
16-01-2025 13:43,23406.05,300775,656325,3.1,41415750,5270475,95.8,33450450,664725
16-01-2025 13:43,23407.1,300850,656575,3.15,41444250,5262375,95.5,33459075,675300
16-01-2025 13:43,23406.55,299625,656325,3.2,41386500,5202075,95.6,33464325,664875
16-01-2025 13:43,23406,300600,656400,3.1,41345700,5246925,96,33476325,666675
16-01-2025 13:43,23406,300600,656550,3.15,41274600,5257425,96.1,33479400,654450
16-01-2025 13:44,23406,299225,656150,3.2,41361900,5210850,96.25,33485100,648600
16-01-2025 13:44,23405.4,301375,655700,3.2,41574600,5190525,96.3,33519075,652275
16-01-2025 13:44,23410,300450,655875,3.15,41511600,5201250,96.65,33517200,644850
16-01-2025 13:44,23404.55,300900,655775,3.1,41390025,5493600,97.25,33563475,640950
16-01-2025 13:44,23409.5,300600,656250,3.15,41502225,5264100,97.05,33526050,643425
16-01-2025 13:44,23409,301225,656475,3.25,41616675,5188200,96.45,33516825,639600
16-01-2025 13:45,23405.2,302450,656450,3.35,41829375,5149575,95.95,33501450,646275
16-01-2025 13:45,23405.3,303075,656650,3.3,41854575,5122950,95.8,33486825,656250
16-01-2025 13:45,23407,301425,656625,3.3,41642700,5235150,96.4,33493800,652650
16-01-2025 13:45,23407,300750,656225,3.1,41518725,5518200,97.2,33513225,637650
16-01-2025 13:45,23407.7,301375,655800,3.15,41360400,5536725,96.85,33511950,643425
16-01-2025 13:45,23407.3,300750,656150,3.25,41631225,5228475,96.1,33506850,655125
16-01-2025 13:46,23406.1,300525,656400,3.15,41557575,5346525,96.6,33513075,642375
16-01-2025 13:46,23404.55,299575,656450,3.1,41547750,5423100,97.3,33514500,641475
16-01-2025 13:46,23403,300825,656950,3,41425725,5460825,98.1,33536400,633975
16-01-2025 13:46,23403.05,301750,657100,3.15,41437950,5494200,97.15,33551925,613875
16-01-2025 13:46,23404.95,301525,656850,3.1,41527650,5334600,97.1,33548025,615300
16-01-2025 13:46,23404.35,302100,656425,3.15,41482125,5353125,97.1,33540825,625950
16-01-2025 13:47,23404.9,304025,655125,3.1,41648025,5342325,96.45,33520950,637650
16-01-2025 13:47,23407.7,302075,655850,3.1,41484000,5463375,96.85,33508200,633000
16-01-2025 13:47,23403.8,301375,655575,3.15,41620950,5462700,96.4,33497550,630525
16-01-2025 13:47,23403.05,301250,657025,3.1,41560050,5527050,96.9,33503025,627975
16-01-2025 13:47,23402.45,301725,656950,3.05,41416125,5535075,97.05,33505275,615075
16-01-2025 13:47,23407,301800,657100,3,41252775,5604525,96.9,33512475,615750
16-01-2025 13:48,23403,302225,657250,2.85,41141700,5779500,96.55,33519750,613500
16-01-2025 13:48,23403.05,301425,657100,2.7,40987725,5875800,97.45,33521100,613350
16-01-2025 13:48,23403,300425,657450,2.85,41145750,5966925,96.8,33514575,623475
16-01-2025 13:48,23403,299750,657200,2.8,41156850,5802525,96.6,33516375,630450
16-01-2025 13:48,23403.3,300100,657050,2.85,41292300,5594700,96.3,33517500,635250
16-01-2025 13:48,23406,303675,656475,2.95,41288325,5591550,96.25,33540825,626850
16-01-2025 13:49,23405,304075,654825,2.9,41425800,5563275,95.35,33524850,634575
16-01-2025 13:49,23405.55,300875,654950,2.9,41243925,5689800,95.85,33518025,628650
16-01-2025 13:49,23404.1,299500,655250,2.85,41435250,5594625,95.9,33511800,640200
16-01-2025 13:49,23408,302225,655225,2.9,41390925,5523075,95.3,33507225,646500
16-01-2025 13:49,23407.95,302975,654675,2.9,41336100,5560650,95.3,33509775,641550
16-01-2025 13:49,23408,302875,655175,2.95,41393925,5536800,94.75,33517125,640200
16-01-2025 13:50,23408.05,301625,655175,3.1,41584875,5532300,92.6,33509700,637650
16-01-2025 13:50,23408,301725,655425,2.95,41389875,5300250,94,33468225,626175
16-01-2025 13:50,23401.05,303175,657250,2.6,41160825,5609025,96.6,33477150,622425
16-01-2025 13:50,23403,301075,657225,2.65,40870500,5662050,95.8,33483450,621450
16-01-2025 13:50,23401,301800,657050,2.7,41212350,5532450,96.2,33482625,616650
16-01-2025 13:50,23401.1,301650,657125,2.75,41265225,5435700,96.25,33477300,616125
16-01-2025 13:51,23401.05,302125,657650,2.8,41324625,5405775,96.1,33484125,616650
16-01-2025 13:51,23403.3,300150,656475,2.8,41409375,5340450,95.95,33487950,638925
16-01-2025 13:51,23405.75,300900,656875,2.75,41382450,5169825,95.8,33488250,639450
16-01-2025 13:51,23405.9,300575,657950,2.7,41165325,5442375,96.5,33514800,634350
16-01-2025 13:51,23401.1,301950,658100,2.7,41327550,5411025,96.3,33507825,629175
16-01-2025 13:51,23401.2,304975,657900,2.7,41322075,5382300,96.3,33511425,636525
16-01-2025 13:52,23407.9,301475,658750,2.65,41253750,5392125,96.55,33517350,639900
16-01-2025 13:52,23405,301475,658300,2.65,41221950,5431425,96.25,33517425,635550
16-01-2025 13:52,23405,301400,657500,2.75,41192625,5442450,95.95,33509475,647175
16-01-2025 13:52,23401.6,300475,658125,2.75,41458425,5456400,95.15,33521550,659025
16-01-2025 13:52,23406,299375,657675,2.85,41470950,5292750,94.7,33502725,658350
16-01-2025 13:52,23408.2,298675,656700,3,41649975,5189700,93.35,33501150,656250
16-01-2025 13:53,23404,298300,658200,2.9,41623050,5304975,94.05,33499650,645975
16-01-2025 13:53,23403.15,299500,658300,2.9,41363925,5275725,93.7,33505500,651300
16-01-2025 13:53,23408.4,299950,658100,2.8,41314425,5414325,94.1,33525225,648225
16-01-2025 13:53,23408.6,299025,658225,2.75,41118675,5451225,94.3,33543525,648900
16-01-2025 13:53,23405.75,298750,659700,2.75,41028075,5580000,94.5,33552375,657750
16-01-2025 13:53,23406.95,299025,659625,2.7,41009400,5508900,93.5,33543150,666600
16-01-2025 13:54,23403.15,299225,658325,2.7,40993725,5548275,94.15,33541725,665100
16-01-2025 13:54,23405.75,299525,659900,2.65,40912650,5653800,94.25,33554325,661275
16-01-2025 13:54,23406.35,301100,660525,2.6,40888875,5669250,94.25,33544950,672600
16-01-2025 13:54,23406.75,301050,659575,2.55,40895250,5651475,94.55,33561825,662325
16-01-2025 13:54,23402,301500,660650,2.6,40757025,5697150,94.5,33563175,672150
16-01-2025 13:54,23406.35,300925,661025,2.65,41037900,5571975,94,33554100,680475
16-01-2025 13:55,23402.05,301600,661500,2.65,40902675,5481000,93.5,33554700,676125
16-01-2025 13:55,23403.2,302075,661450,2.65,40874100,5505525,93.4,33549450,683025
16-01-2025 13:55,23404,303975,660575,2.85,41217600,5306625,91.4,33528000,701175
16-01-2025 13:55,23405.05,301875,660425,2.75,41087025,5381475,92.55,33530925,685125
16-01-2025 13:55,23406.95,300375,659975,2.85,41269125,5434800,90.8,33537750,701025
16-01-2025 13:55,23406.05,300525,661575,2.85,41299650,5349600,91.3,33528525,702600
16-01-2025 13:56,23404.95,300325,661750,2.85,41192775,5423475,91.35,33544125,697800
16-01-2025 13:56,23403,300525,661325,2.7,41105250,5426475,91.45,33551400,697200
16-01-2025 13:56,23406,301125,660850,2.8,41116050,5424450,89.8,33555525,702750
16-01-2025 13:56,23410,303300,661050,2.85,41245125,5375400,88.9,33508800,700425
16-01-2025 13:56,23410.65,302950,657825,2.95,41256300,5060475,87.85,33492000,697500
16-01-2025 13:56,23422.1,308275,656300,3.6,41421375,5018100,81.75,33482775,710700
16-01-2025 13:57,23415.55,297950,630175,3.2,40971300,4848600,85.05,33334125,650925
16-01-2025 13:57,23417.75,296825,633575,3,41012400,4881900,86.15,33351000,635100
16-01-2025 13:57,23415.05,296825,638000,2.9,40899525,4974075,86.8,33372675,628575
16-01-2025 13:57,23415,296175,640600,2.9,40823175,5004075,87.35,33391800,608550
16-01-2025 13:57,23417,297650,641875,3.1,41304750,4941375,85.45,33378525,643650
16-01-2025 13:57,23413,297500,642425,3.1,41166150,4928850,85.75,33388275,653250
16-01-2025 13:58,23417.55,296950,642875,3,41088825,4888050,86.6,33407250,650850
16-01-2025 13:58,23418.05,298075,642600,3.1,41382825,4955325,86.1,33415725,660075
16-01-2025 13:58,23418.55,296975,644150,3,41070525,5053350,87.5,33443325,655650
16-01-2025 13:58,23418.55,297000,643825,3.2,41052300,5096850,86.6,33440250,658950
16-01-2025 13:58,23418,297700,644275,3.1,41186700,5021475,86.8,33444150,670575
16-01-2025 13:58,23418.15,297275,643300,3.2,41342625,5026350,85.65,33431250,677250
16-01-2025 13:59,23416,296325,644175,3.05,40961925,5280525,86.85,33445425,669975
16-01-2025 13:59,23416.7,294775,645725,2.9,41223450,5237175,88.1,33458475,660975
16-01-2025 13:59,23415,294325,648800,2.95,40847025,5365650,88,33472425,634725
16-01-2025 13:59,23414,295050,662475,2.85,40911375,5315100,88.45,33475200,635325
16-01-2025 13:59,23414,293725,661800,2.9,40774725,5433075,88.25,33482925,624900
16-01-2025 13:59,23410.95,293975,644850,2.9,41028450,5302500,87.6,33468975,632175
16-01-2025 14:00,23419.25,294825,644225,3.05,41179725,5215125,86.5,33467850,645375
16-01-2025 14:00,23414.15,295825,644225,3.1,41249175,5129925,86,33461250,680850
16-01-2025 14:00,23416.95,297700,644675,3.05,41176125,5183325,86.05,33467100,674025
16-01-2025 14:00,23414.55,297825,644750,3.05,41220375,5163750,86.3,33475500,677700
16-01-2025 14:00,23419.8,297700,644650,3.05,41140050,5154300,86.85,33492750,675450
16-01-2025 14:00,23415,296600,644400,3.05,41146425,5085000,87,33490350,673500
16-01-2025 14:01,23416.5,295625,645000,3.1,41156850,5316600,87.25,33507375,669375
16-01-2025 14:01,23415.75,295125,644450,3,41081850,5231775,87.6,33514575,669300
16-01-2025 14:01,23415.85,294225,644500,3.1,41208900,5175750,87,33526575,683025
16-01-2025 14:01,23414.95,291900,643225,3,40973175,5232225,87.8,33525675,675900
16-01-2025 14:01,23414.9,292450,644600,2.8,40852500,5254200,88.7,33531150,658350
16-01-2025 14:01,23412,291700,644225,2.65,40846875,5464050,90,33539700,656850
16-01-2025 14:02,23410.05,291200,644400,2.75,40611225,5486475,89.15,33537975,627975
16-01-2025 14:02,23411.6,291325,644775,2.7,40782150,5339775,89.45,33527100,641700
16-01-2025 14:02,23414,291500,644875,2.85,41072700,5443350,88,33525450,647025
16-01-2025 14:02,23412.65,292475,643700,2.9,41111175,5220525,87.8,33488475,661125
16-01-2025 14:02,23412,292575,643800,2.8,41001900,5181225,88.5,33488550,664125
16-01-2025 14:02,23414,292525,644125,2.8,40909800,5331300,87.85,33491775,643125
16-01-2025 14:03,23413.45,292300,644400,2.7,40775400,5468925,88.85,33494250,645525
16-01-2025 14:03,23412.3,291975,645300,2.65,40650675,5460225,88.15,33502725,640950
16-01-2025 14:03,23411.95,291225,646025,2.55,40727025,5461125,88.4,33497700,634050
16-01-2025 14:03,23412.7,291500,646250,2.5,40559625,5526000,88.35,33496125,647850
16-01-2025 14:03,23413.1,292525,644800,2.4,40538775,5554950,88,33489900,654225
16-01-2025 14:03,23414,292575,644650,2.5,40490700,5614725,87.5,33484200,655575
16-01-2025 14:04,23412.1,294525,644900,2.6,40781550,5518200,87,33482175,659850
16-01-2025 14:04,23412.05,294375,645125,2.55,40808475,5412525,87.85,33484800,653625
16-01-2025 14:04,23415,294475,644875,2.5,40612425,5435100,87.6,33484500,659550
16-01-2025 14:04,23414.05,294400,644750,2.6,40591950,5518650,87.45,33493425,658275
16-01-2025 14:04,23412,294100,645050,2.5,40597425,5478675,87.7,33507000,675075
16-01-2025 14:04,23413.45,293075,645225,2.55,40490550,5491950,88.25,33516225,675900
16-01-2025 14:05,23414.55,293075,646000,2.45,40511775,5449350,88.85,33519075,641400
16-01-2025 14:05,23412,293525,646175,2.5,40766775,5475825,87.1,33509925,656625
16-01-2025 14:05,23413.4,290825,646700,2.55,40548750,5396325,87.15,33495900,666525
16-01-2025 14:05,23410.05,291425,646625,2.35,40576050,5493150,88.4,33513450,668175
16-01-2025 14:05,23408.05,290525,647450,2.05,40250175,5554875,91.35,33555075,655875
16-01-2025 14:05,23410.8,289325,647500,1.95,39996525,5444850,90.65,33551625,625050
16-01-2025 14:06,23411,290125,648400,1.95,40072050,5547750,89.8,33550875,645450
16-01-2025 14:06,23408.4,292100,648550,1.95,40063350,5355975,90.15,33541275,669525
16-01-2025 14:06,23410.2,292475,649025,1.85,39924375,5506950,91.45,33566400,678600
16-01-2025 14:06,23406.4,291950,648550,1.75,39758325,5656575,90.75,33566025,680025
16-01-2025 14:06,23406.9,291800,647625,1.75,39904875,5665725,90.6,33559500,684450
16-01-2025 14:06,23406.9,292225,647450,1.8,40016250,5410050,90.15,33539550,688425
16-01-2025 14:07,23409,292900,646950,1.95,40371150,5320275,89.15,33533550,710250
16-01-2025 14:07,23409.05,293450,647725,1.9,40357950,5181600,89.15,33522375,719100
16-01-2025 14:07,23410,294950,650225,2,40323525,5137575,89.45,33529050,715875
16-01-2025 14:07,23407.25,294725,650750,1.8,40325250,5286600,89.9,33466500,726375
16-01-2025 14:07,23411.75,295900,649325,1.85,40177500,5385375,88.85,33463950,687675
16-01-2025 14:07,23408.5,297425,649550,1.8,40213575,5299650,89.1,33437175,703725
16-01-2025 14:08,23408.85,295425,649350,1.85,40170900,5286375,88.75,33398550,691350
16-01-2025 14:08,23410,295700,649425,1.8,40170150,5286825,88.95,33405975,687150
16-01-2025 14:08,23410,294950,649900,1.8,40322925,5214675,88.4,33397575,695475
16-01-2025 14:08,23410.05,293175,649975,1.9,40352025,5157225,88.55,33393150,698550
16-01-2025 14:08,23410,289275,648925,1.9,40474275,5185800,89.2,33402900,692850
16-01-2025 14:08,23408.85,286675,648575,1.9,40326975,5051925,88.5,33401400,701850
16-01-2025 14:09,23410,285850,648975,1.85,40435875,5098575,88.05,33390000,710400
16-01-2025 14:09,23410,286575,666375,1.95,40474950,5091525,87.3,33376425,720150
16-01-2025 14:09,23411.5,286850,666725,1.9,40471350,5148600,86.8,33379350,735525
16-01-2025 14:09,23411.45,287575,648775,1.9,40404825,5093925,87.65,33383700,734025
16-01-2025 14:09,23412.6,287750,649400,1.9,40517100,5130975,85.75,33390075,742275
16-01-2025 14:09,23414,287850,647175,1.95,40685400,4947150,85.55,33380700,746100
16-01-2025 14:10,23412.55,287700,647200,1.95,40551750,4849800,86.7,33396450,735750
16-01-2025 14:10,23412.55,286650,646750,2,40521675,4965825,86.75,33402600,740550
16-01-2025 14:10,23412.05,286775,646325,2,40630875,4745775,86.7,33404775,730875
16-01-2025 14:10,23414.25,286875,644575,2.05,40688400,4755675,86.35,33406350,740925
16-01-2025 14:10,23415,286525,644400,2,40674600,4871025,86.75,33394800,743325
16-01-2025 14:10,23413,286550,644600,2,40665075,4854375,86.85,33412275,729600
16-01-2025 14:11,23413,286925,646400,2.05,40734975,4808625,87.95,33424500,729675
16-01-2025 14:11,23412,286500,646675,2,40714425,4731225,87.4,33418575,709275
16-01-2025 14:11,23414.05,286300,646850,2.05,40627200,4834350,87,33418875,712050
16-01-2025 14:11,23411,287250,647875,1.95,40628250,4860000,87.45,33379425,713325
16-01-2025 14:11,23411,286925,647275,1.9,40390725,4934775,87,33375900,715725
16-01-2025 14:11,23410.8,288675,646100,1.8,40178775,5063700,87.1,33380550,715950
16-01-2025 14:12,23411,287475,646875,1.85,40248900,5046750,87.3,33384750,710175
16-01-2025 14:12,23411.65,287375,646725,1.8,40146375,5078250,87.3,33400125,714375
16-01-2025 14:12,23410.8,287800,645500,1.9,40320150,4971300,86.65,33383700,722550
16-01-2025 14:12,23411.6,287525,645825,1.85,40316625,5059725,86.55,33378600,741300
16-01-2025 14:12,23411.65,287275,646075,1.85,40158300,5130525,86.5,33395250,739875
16-01-2025 14:12,23411.4,288075,644825,1.8,40267950,5069550,86.5,33398025,740400
16-01-2025 14:13,23411.1,288200,644875,1.8,40202325,5052375,86.6,33407325,736650
16-01-2025 14:13,23411.95,288700,646675,1.85,40243725,4976325,86.4,33402825,727050
16-01-2025 14:13,23413.5,288750,646125,1.85,40315950,4988850,85.05,33396300,740175
16-01-2025 14:13,23414.8,289075,645125,1.9,40302825,4843500,85.2,33346500,747900
16-01-2025 14:13,23411.55,289200,646175,1.85,40374375,4959525,85.7,33353175,745725
16-01-2025 14:13,23412,289650,647100,1.9,40220550,4985475,85.4,33369300,735825
16-01-2025 14:14,23412,288700,646875,1.8,40257900,4983525,86.4,33391125,740100
16-01-2025 14:14,23411.45,288200,647675,1.8,40066275,5021250,86.65,33399900,714225
16-01-2025 14:14,23411,288175,647250,1.85,40209075,4963275,86.3,33400500,717075
16-01-2025 14:14,23410,287725,647550,1.8,40185375,5060925,86.35,33407250,714450
16-01-2025 14:14,23410,287850,645525,1.85,40249500,4959300,86,33396075,719775
16-01-2025 14:14,23410,287325,646350,1.7,40230900,5063775,86.75,33401100,721650
16-01-2025 14:15,23408.2,284900,649050,1.6,39944325,5237475,89.1,33428475,685575
16-01-2025 14:15,23407.55,283850,647500,1.4,39766650,5475000,90.3,33427350,651450
16-01-2025 14:15,23403,283000,649225,1.35,39592575,5568600,91.8,33452775,620775
16-01-2025 14:15,23403,283300,647400,1.25,39472575,5562825,91.25,33448125,622800
16-01-2025 14:15,23403.25,284525,646950,1.3,39779250,5564700,89.65,33430650,653400
16-01-2025 14:15,23405,284725,647225,1.25,39717900,5497500,90.45,33410550,667875
16-01-2025 14:16,23405.1,286550,647275,1.2,39669150,5504625,90.25,33405525,672000
16-01-2025 14:16,23403,285025,647750,1.2,39592350,5476275,89.85,33405825,678750
16-01-2025 14:16,23405.05,283025,664950,1.2,39597300,5464575,89.15,33394950,690075
16-01-2025 14:16,23405.05,284100,666050,1.2,39493050,5350650,89.45,33389250,690525
16-01-2025 14:16,23403.5,283575,666725,1.2,39599700,5397825,88.85,33387825,688950
16-01-2025 14:16,23405.85,283800,666725,1.2,39626250,5430225,89.45,33407025,688650
16-01-2025 14:17,23403.95,283175,667425,1.2,39750825,5494275,89.4,33430200,678000
16-01-2025 14:17,23403.55,281850,667000,1.2,39844575,5297775,89.75,33424125,683175
16-01-2025 14:17,23405.55,281550,666500,1.2,39725100,5407800,89.65,33425550,691725
16-01-2025 14:17,23404,283100,665800,1.2,39796350,5191800,90.5,33439725,695400
16-01-2025 14:17,23401.6,283075,666275,1.25,39978975,5073450,89.45,33432075,702300
16-01-2025 14:17,23405.2,282975,667750,1.25,40000425,5043750,89.55,33437175,709500
16-01-2025 14:18,23405,284000,666800,1.2,39775800,5225625,89.75,33441150,708000
16-01-2025 14:18,23402.05,283625,666025,1.15,39782400,5330400,90.2,33447225,706650
16-01-2025 14:18,23402.1,282450,650675,1.15,39413925,5347125,90.45,33442125,717225
16-01-2025 14:18,23402.1,283125,649975,1.05,39334050,5385900,92.05,33458550,693000
16-01-2025 14:18,23401.6,283925,652125,1.05,39282150,5443425,93,33465975,636300
16-01-2025 14:18,23400.4,280800,651775,1.05,39455925,5292000,93.45,33485625,635025
16-01-2025 14:19,23393.35,277200,653950,1,39452550,5131125,97.8,33494550,625125
16-01-2025 14:19,23391.15,275175,654550,0.95,39445500,5312850,99.1,33104475,544575
16-01-2025 14:19,23391,275300,653400,0.9,39257100,5299350,98.3,33075675,507225
16-01-2025 14:19,23388.7,275600,653750,0.9,39258675,5366175,102.3,33140100,506175
16-01-2025 14:19,23389.35,273750,652125,0.95,39732450,5057100,100.8,33137175,515700
16-01-2025 14:19,23389.95,276150,649700,1,39777450,4930500,101.75,33131100,530475
16-01-2025 14:20,23389.5,277575,649825,1.05,40178775,4572675,100.75,33112425,523950
16-01-2025 14:20,23391.6,277000,649200,1.05,40215975,4687725,99.7,33098925,551625
16-01-2025 14:20,23390.95,279600,650575,1.05,40080000,4670400,99.15,33060075,566625
16-01-2025 14:20,23390.75,279200,650300,1.05,40326075,4620000,99.55,33057450,571500
16-01-2025 14:20,23391.4,280225,648175,1.05,40209075,4638825,98.95,33069375,588375
16-01-2025 14:20,23390.8,280375,647950,0.95,40069275,4647600,100.15,33089700,583725
16-01-2025 14:21,23390.5,278950,650400,1.05,40076625,4661700,100.4,33108600,573825
16-01-2025 14:21,23383,276800,652025,0.95,39859275,4969050,103.25,33146250,566400
16-01-2025 14:21,23376.15,272875,650325,1,39845550,4909200,110.45,33152700,502050
16-01-2025 14:21,23378.5,270800,652125,1,39987900,4754400,109.8,33116850,410250
16-01-2025 14:21,23376.95,270525,652475,0.95,39794025,4843800,110,33110625,412575
16-01-2025 14:21,23374,268425,652125,0.9,39491175,4830375,110.8,33125250,424650
16-01-2025 14:22,23375.8,265450,654475,0.95,39528900,4917750,110.45,33100725,472350
16-01-2025 14:22,23376.1,265350,654475,0.9,39454800,4811550,107,33054750,550800
16-01-2025 14:22,23378.1,267125,652475,0.85,39144225,4975125,109,33020250,546675
16-01-2025 14:22,23370.55,265800,656125,0.85,38861025,4957350,109.05,33038925,546750
16-01-2025 14:22,23374.6,265125,657950,0.9,38916900,5037825,109.7,33039075,550350
16-01-2025 14:22,23375.95,266975,658700,0.85,38769825,4866000,109.4,33045225,530550
16-01-2025 14:23,23375.3,267700,657225,0.85,38905275,4743525,108.25,32952450,559950
16-01-2025 14:23,23375.05,266975,656300,0.8,38841600,4782975,108.4,32920425,579825
16-01-2025 14:23,23376.45,267475,655175,0.8,38888475,4904100,108,32888625,587100
16-01-2025 14:23,23376.5,268250,654825,0.85,38998875,4881150,107.3,32880375,594750
16-01-2025 14:23,23376.3,268300,655350,0.85,39025350,4908975,107.3,32882850,591525
16-01-2025 14:23,23379.05,267375,653575,0.8,38947500,4908150,103.15,32877525,603150
16-01-2025 14:24,23379.75,267550,652800,0.85,39034875,4725975,103.2,32588100,581550
16-01-2025 14:24,23382.95,268250,653325,0.85,39302700,4693125,102.5,32581200,590850
16-01-2025 14:24,23379.65,268725,654525,0.8,39099675,5074275,103.15,32604675,584100
16-01-2025 14:24,23378.35,268625,657600,0.75,39069600,5205900,104.75,32628750,573525
16-01-2025 14:24,23378.65,269250,657825,0.75,38749650,5358300,104.95,32638350,566775
16-01-2025 14:24,23376.9,270250,657325,0.75,38793075,5242200,105.85,32654025,561300
16-01-2025 14:25,23376.55,270750,658500,0.75,38672100,5203350,106.45,32674275,545175
16-01-2025 14:25,23375.55,270500,658100,0.75,38336775,5067150,107.85,32665650,551625
16-01-2025 14:25,23372.45,268975,659100,0.7,38374425,5037225,107.95,32609550,543675
16-01-2025 14:25,23375,270950,657850,0.75,38576175,4986675,105.45,32597100,565725
16-01-2025 14:25,23376.25,271700,654575,0.75,38445150,5148825,105.85,32563950,574575
16-01-2025 14:25,23372.9,271400,655500,0.7,38375100,5144025,106.7,32583600,563175
16-01-2025 14:26,23374.1,273425,655475,0.65,38345175,5265150,105.75,32583525,576375
16-01-2025 14:26,23377,277075,654775,0.65,38312400,5364525,105.2,32534250,577275
16-01-2025 14:26,23378.75,279050,653800,0.7,38702625,5240775,103.5,32216850,601575
16-01-2025 14:26,23380,280250,655600,0.75,38829900,4617825,104.3,32215725,586500
16-01-2025 14:26,23378.9,279825,655525,0.7,38951175,4602300,104.15,32226975,585525
16-01-2025 14:26,23379.9,279475,656050,0.7,38805225,4650750,104.4,32241825,587700
16-01-2025 14:27,23375.2,279625,657200,0.7,38892750,4537425,106.05,32254650,565800
16-01-2025 14:27,23375.2,279300,656875,0.75,38875125,4494150,106.9,32258400,577200
16-01-2025 14:27,23374.95,278400,657250,0.7,38848275,4582050,106.35,32270625,567525
16-01-2025 14:27,23373.45,279600,657025,0.7,38845275,4645875,106.55,32274675,559350
16-01-2025 14:27,23375,279000,655575,0.7,38982075,4488900,106.5,32276025,562950
16-01-2025 14:27,23376.5,280400,655150,0.7,38849475,4490025,104.9,32264550,574575
16-01-2025 14:28,23378.2,281200,655150,0.7,38903325,4624875,104.8,32245200,574200
16-01-2025 14:28,23375.85,282175,656550,0.65,38469150,4856475,105.3,32238600,576600
16-01-2025 14:28,23375.4,282050,656375,0.7,38137200,4908675,105.15,32245200,586275
16-01-2025 14:28,23375.3,282025,657250,0.65,38163525,4803825,105.05,32246700,588450
16-01-2025 14:28,23378.1,279750,654325,0.65,38330700,4658625,104.65,32252100,594525
16-01-2025 14:28,23378.2,281250,654450,0.65,38230800,4604175,104.65,32258775,590250
16-01-2025 14:29,23378.1,282450,654250,0.7,38417100,4604475,103.2,32269275,594525
16-01-2025 14:29,23377,281700,654975,0.65,38372175,4344450,104.6,32240775,586350
16-01-2025 14:29,23375,280825,656625,0.65,38382075,4546350,105.95,32255700,570975
16-01-2025 14:29,23375,279300,657300,0.7,38295825,4488300,106,32261250,564675
16-01-2025 14:29,23374.95,279400,657150,0.6,38298450,4595625,106.4,32255175,563400
16-01-2025 14:29,23373.05,279875,656100,0.7,38170050,4581000,105.95,32250150,579675
16-01-2025 14:30,23376.4,282500,655950,0.65,38428575,4282425,104.65,32247750,597075
16-01-2025 14:30,23375.05,281400,656925,0.65,38641125,4407150,105,32235000,593775
16-01-2025 14:30,23374,281050,658325,0.65,38509200,4494675,106.6,32247525,569775
16-01-2025 14:30,23372.85,279475,657475,0.65,38608875,4503750,106.15,32258100,553500
16-01-2025 14:30,23375.35,279300,654925,0.7,38718750,4488675,105.75,32257425,564150
16-01-2025 14:30,23376.95,278475,655225,0.75,38898525,4400250,105.75,32251500,561975
16-01-2025 14:31,23376.95,275275,655775,0.75,39067275,4210725,105.95,32219025,554475
16-01-2025 14:31,23374.45,277200,654475,0.75,39153450,4298025,104.95,32205525,572550
16-01-2025 14:31,23376.95,277200,654400,0.65,39056025,4578300,105.95,32199675,586200
16-01-2025 14:31,23376.4,276675,654400,0.65,38667375,4671675,105.25,32208525,565800
16-01-2025 14:31,23374.95,276350,654000,0.65,38458275,4568550,106.65,32204025,569775
16-01-2025 14:31,23372.85,275600,655200,0.65,38521350,4491150,106.2,32126700,539550
16-01-2025 14:32,23373.05,275975,655600,0.65,38587425,4518675,106,32027325,543000
16-01-2025 14:32,23374.2,276225,655400,0.65,38522100,4486575,105.55,32022675,547500
16-01-2025 14:32,23373.8,277275,655600,0.7,38749275,4384800,105.55,32019600,563250
16-01-2025 14:32,23374.1,278975,655525,0.7,38701275,4508025,104.35,32013000,576600
16-01-2025 14:32,23374,277600,655225,0.7,38706975,4207425,106.95,32006550,566400
16-01-2025 14:32,23371.95,268425,651425,0.75,38965200,4024125,108.4,32016150,525150
16-01-2025 14:33,23371.9,274525,655725,0.8,39056175,3928650,106.8,32012550,526050
16-01-2025 14:33,23374.1,276375,654825,0.75,39126300,3983475,107.3,31756425,538125
16-01-2025 14:33,23373.05,274225,652450,0.7,38849400,4153800,107,31778400,540975
16-01-2025 14:33,23372.9,277300,654850,0.7,38798850,4084575,107.05,31767675,551625
16-01-2025 14:33,23372.15,277750,655750,0.7,38703900,4213725,107.5,31774875,545550
16-01-2025 14:33,23372.45,277250,655650,0.7,38728650,4338300,107.05,31778775,533400
16-01-2025 14:34,23373,276500,655200,0.65,38148600,4394775,105.8,31768650,549450
16-01-2025 14:34,23374.3,277100,654725,0.65,37920450,4497975,106.2,31749075,546150
16-01-2025 14:34,23375.25,278925,654825,0.6,37922100,4612050,106.15,31732950,555900
16-01-2025 14:34,23373.6,278625,655825,0.6,37526850,4758150,106.5,31732350,555525
16-01-2025 14:34,23374.05,277750,656175,0.6,37653225,4863825,106.95,31739100,558675
16-01-2025 14:34,23375,274700,656475,0.6,37462875,4700850,106.2,31733475,555000
16-01-2025 14:35,23375,273375,657275,0.55,37377750,4799775,106.5,31729800,554100
16-01-2025 14:35,23371.05,273075,657050,0.55,37394325,4832775,106.8,31743000,548775
16-01-2025 14:35,23371,273275,656450,0.5,37026975,5091600,106.85,31733550,558375
16-01-2025 14:35,23371.65,273600,656125,0.5,37071225,5074350,106.45,31739325,561450
16-01-2025 14:35,23374.45,272800,656725,0.5,36939525,5199900,106.25,31722900,569700
16-01-2025 14:35,23374.35,273300,656650,0.45,36846450,5280150,106.45,31668450,565275
16-01-2025 14:36,23372.65,274225,656500,0.45,36694125,5287125,106.55,31664475,570300
16-01-2025 14:36,23373.2,272950,657500,0.45,36606000,5615400,107.4,31673550,559875
16-01-2025 14:36,23370.5,270475,657525,0.45,36883125,5206875,108.05,31584300,548700
16-01-2025 14:36,23368.4,268150,659075,0.5,37185975,5268450,109.45,31594350,502275
16-01-2025 14:36,23367.75,266725,659200,0.45,37295550,5225475,109.45,31598175,509925
16-01-2025 14:36,23364.45,267600,659900,0.45,37143075,5161800,109.55,31606350,515925
16-01-2025 14:37,23368.7,267925,657925,0.45,37237950,4887375,108.25,31594500,537450
16-01-2025 14:37,23368.6,266775,658025,0.4,37299825,5118375,108.3,31549425,540375
16-01-2025 14:37,23365.05,266725,660375,0.45,36988650,5100900,109.7,31567200,539100
16-01-2025 14:37,23362.65,264025,662200,0.45,37142025,4943325,111.25,31534500,495000
16-01-2025 14:37,23362.95,262900,659700,0.4,36856800,4967325,110.45,31539750,517125
16-01-2025 14:37,23366.75,264675,658300,0.45,37255125,5007000,109.75,31510650,528600
16-01-2025 14:38,23364.4,264450,657275,0.4,37269525,5023800,108.4,31495800,547200
16-01-2025 14:38,23366.5,266125,656100,0.4,37596675,5006325,109,31356750,563400
16-01-2025 14:38,23366,264900,655975,0.5,37604250,4943250,108.7,31357200,554550
16-01-2025 14:38,23366.4,267100,654475,0.5,37575825,4320000,107.85,31358925,555750
16-01-2025 14:38,23372,268825,654625,0.45,37473450,4701075,105.4,31316625,522450
16-01-2025 14:38,23368.6,268300,655675,0.45,37385100,4904700,104.95,31091700,529575
16-01-2025 14:39,23370.05,268075,654650,0.45,37871700,4443525,106,31113825,514800
16-01-2025 14:39,23371.95,266900,655250,0.45,37786200,4471575,105.55,31127100,534000
16-01-2025 14:39,23372.15,267400,655575,0.45,37814175,4474125,104.8,31127325,536775
16-01-2025 14:39,23374.9,269550,655825,0.5,37964625,4464150,102.2,31120650,535425
16-01-2025 14:39,23374.6,268725,654750,0.5,37745175,4462425,102.3,31100775,526275
16-01-2025 14:39,23372.15,269675,653200,0.45,37939200,4469175,101.2,31113975,526350
16-01-2025 14:40,23374.9,269850,653325,0.45,37950375,4352100,101.4,31124250,522900
16-01-2025 14:40,23373.25,269325,652625,0.45,38077575,4341450,100,31100175,532200
16-01-2025 14:40,23375,269775,651925,0.45,38093775,4365975,100.45,31091775,530475
16-01-2025 14:40,23375.35,269675,654200,0.5,37834650,4499400,100.25,31086825,529350
16-01-2025 14:40,23376,269700,653450,0.5,37816650,4655550,101.6,31070475,536250
16-01-2025 14:40,23374.9,268925,657250,0.5,37653075,4727400,102.95,30986400,525900
16-01-2025 14:41,23376.3,268675,654775,0.5,37609200,4701450,101.9,30985275,521400
16-01-2025 14:41,23376.2,271550,655375,0.5,37744275,4685925,102.2,30991650,539550
16-01-2025 14:41,23372.25,268250,654975,0.5,37702275,4505550,102,30989925,548850
16-01-2025 14:41,23375.05,267975,654300,0.45,37719375,4502250,102,30889575,538725
16-01-2025 14:41,23375.9,267475,651975,0.45,37827900,4481850,102.05,30901200,540525
16-01-2025 14:41,23377,267650,652200,0.5,37812000,4637925,100.9,30830175,555675
16-01-2025 14:42,23375,267600,656700,0.45,37699725,4623825,101.55,30815700,558000
16-01-2025 14:42,23377,267425,656850,0.45,37727175,4630275,101.75,30829125,544875
16-01-2025 14:42,23376.95,267875,657750,0.4,37676925,4820400,102.2,30825300,537450
16-01-2025 14:42,23372.8,268775,658100,0.45,37178625,5113650,101.75,30826650,539325
16-01-2025 14:42,23372.65,268575,656550,0.4,37324275,5198850,102.3,30835050,536175
16-01-2025 14:42,23375.85,268000,661075,0.4,37149825,5288250,102.5,30542475,535575
16-01-2025 14:43,23375.5,267950,659600,0.45,37370175,5036025,102.45,30547725,545475
16-01-2025 14:43,23374.25,267925,660575,0.45,37314750,5071650,102.05,30545400,549600
16-01-2025 14:43,23371.4,268600,660925,0.4,37250850,5170500,102.95,30548850,553800
16-01-2025 14:43,23373.25,267650,661450,0.4,37166850,5146575,102.6,30556650,541125
16-01-2025 14:43,23372.7,288350,660625,0.4,37243575,5122650,102.15,30549675,556350
16-01-2025 14:43,23371.2,288175,662575,0.4,37347675,5038275,102.75,30537225,548925
16-01-2025 14:44,23371,288950,661825,0.4,37422075,5006475,102.3,30533850,556500
16-01-2025 14:44,23372,288875,660550,0.4,37169400,4936800,101.5,30529350,566775
16-01-2025 14:44,23373.85,287050,661700,0.4,37183800,4833150,100.95,30518250,567525
16-01-2025 14:44,23371,286900,661725,0.4,36940500,4898025,101.55,30521550,569175
16-01-2025 14:44,23371.7,286675,662725,0.4,36831000,5024250,102.15,30532350,562575
16-01-2025 14:44,23370.5,286200,660350,0.45,36859875,4788450,101.85,30530775,549525
16-01-2025 14:45,23370.5,285775,660475,0.4,36950325,4832925,102.3,30537900,544275
16-01-2025 14:45,23371.85,285600,661075,0.45,36982350,4822500,102.45,30535725,540600
16-01-2025 14:45,23370.4,285575,661175,0.4,37007400,4876725,102.7,30534300,543000
16-01-2025 14:45,23368.05,284525,662200,0.4,37200000,4839900,104,30498975,521475
16-01-2025 14:45,23368.4,283275,661775,0.45,37098900,4814100,103.8,30495300,514050
16-01-2025 14:45,23369.1,284000,663000,0.45,37067025,4724400,104.5,30417450,512325
16-01-2025 14:46,23370,283025,662500,0.5,37232550,4145625,103.6,30412650,525150
16-01-2025 14:46,23371.1,283425,660250,0.45,37359225,4711050,103.25,30406125,522075
16-01-2025 14:46,23370.65,284025,659950,0.45,37270875,4664475,103.35,30392400,533550
16-01-2025 14:46,23371.6,283650,659950,0.4,37048125,4738800,103,30395325,527550
16-01-2025 14:46,23371.55,284125,659650,0.4,36919800,4574925,103.05,30390000,530100
16-01-2025 14:46,23371.95,284350,660175,0.45,36914100,4598550,101.9,30129900,535950
16-01-2025 14:47,23373.25,283625,661050,0.4,37327950,4748100,101.95,29967300,527100
16-01-2025 14:47,23372.55,284200,661075,0.4,37307175,4853175,101.75,29960925,536475
16-01-2025 14:47,23372,286025,661325,0.4,37162425,4904550,102.45,29957175,542175
16-01-2025 14:47,23372.1,285925,662750,0.4,36526875,4903875,102.5,29962500,538575
16-01-2025 14:47,23371.7,284475,662575,0.45,36514875,5005725,102.6,29965050,529200
16-01-2025 14:47,23371.15,284150,661425,0.4,36383250,5066475,102.8,29937600,524100
16-01-2025 14:48,23369,283975,662075,0.4,36342075,5055825,103,29940525,525600
16-01-2025 14:48,23370.45,284450,660975,0.45,36234225,5056650,102.9,29940750,527625
16-01-2025 14:48,23371.15,285975,660800,0.4,36235800,5069625,102.15,29938500,528675
16-01-2025 14:48,23371.3,286100,660550,0.4,36168675,5074800,101.8,29928900,537600
16-01-2025 14:48,23370.8,285100,661475,0.4,35510100,5067675,102.25,29629950,547425
16-01-2025 14:48,23368.75,283625,662475,0.4,35554950,5048775,102.2,29520225,537075
16-01-2025 14:49,23372.25,284450,661025,0.4,35420175,5001150,102,29516625,547950
16-01-2025 14:49,23373.3,286225,660100,0.4,35349900,5008125,100.95,29337750,554400
16-01-2025 14:49,23372.9,284825,661125,0.4,35332200,5377500,100.9,29332875,556875
16-01-2025 14:49,23372.8,284125,660900,0.35,35339775,5285325,101.65,29332200,550050
16-01-2025 14:49,23372.65,284050,660400,0.35,35014800,5319825,101.75,29343975,541650
16-01-2025 14:49,23372.75,283950,659225,0.45,35129700,5292300,101.95,29341650,535350
16-01-2025 14:50,23372,283900,659725,0.35,35396475,5211300,102.8,29096775,533100
16-01-2025 14:50,23371.6,284050,661600,0.35,35003925,5269500,103,29097300,524850
16-01-2025 14:50,23372.5,283775,662925,0.35,35013225,5350800,102.7,29094300,511875
16-01-2025 14:50,23370,282550,662100,0.4,34973250,5377650,103.8,29096775,513075
16-01-2025 14:50,23369.8,282100,662025,0.35,34964400,5423625,103.45,29097225,490575
16-01-2025 14:50,23378.1,282300,660550,0.35,34865100,5383125,103.35,29094450,496275
16-01-2025 14:51,23368.05,281950,658050,0.4,34806450,5426175,103.1,29090250,494400
16-01-2025 14:51,23371.05,280800,651850,0.35,34751100,5424600,103,29074950,503625
16-01-2025 14:51,23370,281500,652550,0.35,33613800,5225700,102.6,28998975,508650
16-01-2025 14:51,23372.55,282275,652675,0.4,33634725,5191875,102.6,28996050,509400
16-01-2025 14:51,23370.45,281700,654725,0.35,33534075,5601075,102.95,28999200,497850
16-01-2025 14:51,23372.3,281225,655150,0.35,33486150,5594625,102.3,28974225,516525
16-01-2025 14:52,23371.75,281300,656775,0.4,33642750,4721175,102.5,28574775,518175
16-01-2025 14:52,23371.55,280950,655250,0.3,33669375,4699125,102.5,28574400,518025
16-01-2025 14:52,23368,280700,657650,0.3,33288150,5345550,103.45,28573575,508800
16-01-2025 14:52,23368.45,280875,658875,0.35,33217950,5330550,103.4,28340775,492300
16-01-2025 14:52,23368.05,280875,655675,0.3,33042900,5349075,103.05,28344300,495000
16-01-2025 14:52,23367.2,280400,655600,0.3,32807250,5419500,103.05,28335450,495000
16-01-2025 14:53,23369.6,280000,656325,0.3,32833800,5396625,103.1,28336275,488775
16-01-2025 14:53,23369,280100,656700,0.3,32721600,5441700,102.9,28286475,503325
16-01-2025 14:53,23366.05,279475,658650,0.35,32166825,5412000,104.05,28293675,489600
16-01-2025 14:53,23366.3,279500,658250,0.3,31981050,5359275,103.85,28300500,460800
16-01-2025 14:53,23367.25,279625,657350,0.35,31744425,5359875,103.65,28310100,458325
16-01-2025 14:53,23364.5,260775,655975,0.3,31549725,5214975,104,28302300,466500
16-01-2025 14:54,23364,260025,657875,0.3,31499175,5150850,106.2,28306950,453525
16-01-2025 14:54,23364,259075,658175,0.3,31420050,5021175,105.8,28306500,430950
16-01-2025 14:54,23364,258600,656050,0.3,31433925,5045550,105.85,28310475,441150
16-01-2025 14:54,23368.5,261950,656800,0.35,31447125,5127900,105.3,28304475,455175
16-01-2025 14:54,23368.15,261275,655900,0.3,31487175,5119575,105,27902775,459450
16-01-2025 14:54,23367.4,261250,656250,0.3,31621800,5119875,104.85,27832050,460950
16-01-2025 14:55,23363.35,261575,656675,0.3,31613925,5167875,105.15,27829200,462150
16-01-2025 14:55,23365.65,262425,657475,0.3,31415625,5160525,104.6,27841050,461025
16-01-2025 14:55,23365.9,262850,656700,0.35,31281825,5150100,104.65,27836700,467625
16-01-2025 14:55,23366.85,262750,656750,0.3,31261725,5387400,104.05,27411000,470550
16-01-2025 14:55,23367.75,261175,656100,0.25,30821100,5290125,103.85,27395700,480600
16-01-2025 14:55,23365,262600,656775,0.3,30312675,5221500,103.05,27400275,479025
16-01-2025 14:56,23368.2,263300,656225,0.25,30137700,5251500,102.75,27387375,480375
16-01-2025 14:56,23368.8,262075,656100,0.3,29861250,5245275,103.2,27379650,482925
16-01-2025 14:56,23364.45,263050,656150,0.3,29620800,4974675,102.7,27391125,483525
16-01-2025 14:56,23364.7,264100,655525,0.25,29568750,5064225,103,27394875,476925
16-01-2025 14:56,23364.4,266650,654575,0.25,29692500,5083125,103.25,27391800,477825
16-01-2025 14:56,23366.95,263325,656550,0.25,29132175,5028825,104.75,27400875,464625
16-01-2025 14:57,23367.25,262675,656975,0.3,29218650,5053425,103.95,27398700,462975
16-01-2025 14:57,23366.75,263325,656275,0.25,29249100,5019675,104.15,27334350,469350
16-01-2025 14:57,23367.05,264400,655500,0.25,29031750,5002125,103.65,27336675,478950
16-01-2025 14:57,23367.2,263650,656050,0.25,29094300,4990875,103.85,27138075,481800
16-01-2025 14:57,23366.05,263975,656225,0.3,29033475,4962450,103.35,27136950,479700
16-01-2025 14:57,23363.9,264175,657000,0.3,28988475,4966500,103.6,27140775,485850
16-01-2025 14:58,23363.9,264025,655800,0.25,29212725,4908225,103.75,27148875,478800
16-01-2025 14:58,23366.05,265100,655950,0.25,28987725,4902600,102.25,27145650,488175
16-01-2025 14:58,23366.9,265775,656325,0.25,28880250,5017275,102.7,27134475,480375
16-01-2025 14:58,23363.9,264950,657475,0.25,28873425,5019525,103.9,27135375,481200
16-01-2025 14:58,23365.15,264825,657875,0.25,28830525,5008725,103.9,27142050,470850
16-01-2025 14:58,23366.2,264600,657500,0.3,28938975,5002650,102.6,27131850,488475
16-01-2025 14:59,23366.4,264900,656825,0.25,28733625,4718775,103,27130650,488400
16-01-2025 14:59,23366.1,264475,657000,0.25,28819950,4567125,101.6,27122475,484725
16-01-2025 14:59,23366.1,265725,655975,0.3,28849200,4473150,102,27113100,488625
16-01-2025 14:59,23368.2,266550,656200,0.3,28719300,4446075,101.55,26661375,481275
16-01-2025 14:59,23368.55,266650,656400,0.25,29010150,4421700,101.15,25987725,485550
16-01-2025 14:59,23367,267225,656750,0.3,28985925,4398900,101.7,25963500,484425
16-01-2025 15:00,23371.05,266925,656400,0.3,28835925,4364700,100.1,25536075,475275
16-01-2025 15:00,23372,266975,655300,0.3,29048475,4323000,98.95,25527300,480750
16-01-2025 15:00,23366.9,267125,657875,0.3,29197425,4124625,100.45,25528350,484575
16-01-2025 15:00,23367.65,265100,658375,0.25,28936275,4162800,99.15,25543500,463425
16-01-2025 15:00,23368.1,266625,658700,0.3,29217900,4229250,98,25004250,480825
16-01-2025 15:00,23372.85,266825,656425,0.25,29296500,4173825,97.3,24964350,471750
16-01-2025 15:01,23372.85,267400,654925,0.3,29304600,4366800,96.95,24915375,482925
16-01-2025 15:01,23377.75,267400,654150,0.25,29256675,4387200,96.25,24873375,445575
16-01-2025 15:01,23372,266025,655325,0.3,29137275,4469325,96.45,24882375,431025
16-01-2025 15:01,23375,264950,656450,0.25,29155425,4534725,96.9,24906300,419100
16-01-2025 15:01,23373.5,264375,658350,0.25,29038875,4535625,97.75,24916800,419925
16-01-2025 15:01,23373.8,262825,655475,0.25,28943100,4509975,97.75,24918825,425700
16-01-2025 15:02,23369.25,262925,657325,0.25,28902825,4469100,98.15,24535200,430200
16-01-2025 15:02,23369.25,261300,655975,0.25,28355625,4450725,98.1,24547425,423225
16-01-2025 15:02,23366.85,261125,656450,0.25,28473150,4451775,98.35,24552000,432375
16-01-2025 15:02,23368.3,260225,655875,0.25,28445175,4445550,98.05,24554325,449850
16-01-2025 15:02,23368,260350,658500,0.3,28638225,4437075,97.55,24555225,459525
16-01-2025 15:02,23365.35,259500,659400,0.25,28421400,4428225,97.6,24549600,460725
16-01-2025 15:03,23366.45,259225,659550,0.25,28354725,4404000,97.45,24563100,461475
16-01-2025 15:03,23367.95,259875,657575,0.25,28181850,4392900,97.6,24469800,459525
16-01-2025 15:03,23364.85,260400,659975,0.25,28119075,4554900,97.3,24385650,463650
16-01-2025 15:03,23364.25,260525,660225,0.25,28446600,3779850,97.3,24390600,466500
16-01-2025 15:03,23367,260700,660250,0.25,28640100,3756525,97.2,24384600,469575
16-01-2025 15:03,23368.3,261875,658775,0.25,28647075,3723225,97.85,24363075,464625
16-01-2025 15:04,23363.55,261450,658300,0.25,28749675,3713475,98.1,24373875,464400
16-01-2025 15:04,23364,261650,657175,0.25,28681200,3710100,97.6,24375150,453150
16-01-2025 15:04,23367.55,263425,657150,0.25,28705650,3668925,97.2,24366300,457275
16-01-2025 15:04,23368.3,264375,657075,0.25,28767900,3431475,97.1,24361425,462000
16-01-2025 15:04,23365.95,265350,659600,0.25,28547475,3423300,97.1,24357225,465975
16-01-2025 15:04,23364,265300,659275,0.25,28317975,3383100,97.5,24354675,456825
16-01-2025 15:05,23368.1,265050,658250,0.25,28325550,3370650,98.1,24353550,461850
16-01-2025 15:05,23367.7,263100,658825,0.25,28254525,3826725,98,24185550,446625
16-01-2025 15:05,23366.6,263025,659875,0.25,27793950,3798825,98.1,24194250,445725
16-01-2025 15:05,23365.4,262800,660475,0.2,27633525,3781275,98.2,24188475,439725
16-01-2025 15:05,23363.25,261375,661550,0.25,27213900,4169550,97.3,24187575,439575
16-01-2025 15:05,23366,261725,660725,0.2,26668275,4207425,97.15,24167025,448650
16-01-2025 15:06,23364.7,261100,661550,0.15,25759275,5406450,96.65,24157650,455700
16-01-2025 15:06,23367,261700,660150,0.15,24753075,5365725,95.8,24150450,459825
16-01-2025 15:06,23366.95,262025,659675,0.15,24421950,5280150,95.65,24128175,461400
16-01-2025 15:06,23363.4,261525,660600,0.2,24251550,5228775,95.6,24140475,455850
16-01-2025 15:06,23363.3,262500,660650,0.15,24056625,5166075,96,24144000,453000
16-01-2025 15:06,23364.2,262450,662275,0.15,23716125,5263050,97.05,24143700,447375
16-01-2025 15:07,23360.75,263525,662850,0.15,23771850,5247375,98.1,23885700,428625
16-01-2025 15:07,23358.1,255750,663375,0.15,22133325,5252475,98.45,23877525,393300
16-01-2025 15:07,23357,250075,663075,0.15,21811500,5236575,97.8,23882850,392325
16-01-2025 15:07,23355,250125,664200,0.2,21115500,5145900,98.4,23815275,413475
16-01-2025 15:07,23354,246175,662250,0.15,21037050,5093550,98.2,23576175,420600
16-01-2025 15:07,23356.35,244800,661575,0.15,20647725,5067375,98.1,22998000,429150
16-01-2025 15:08,23355.9,248425,661925,0.2,20626125,5010225,98.7,23004975,427875
16-01-2025 15:08,23355,246575,661975,0.2,20608500,4939800,99.3,23004450,426525
16-01-2025 15:08,23354,245450,663750,0.15,20665650,4934325,99.8,23010000,411600
16-01-2025 15:08,23355,244500,663100,0.15,20725500,4872300,99.3,23027625,394125
16-01-2025 15:08,23355.45,245025,663175,0.15,20579850,5889900,99.3,23028150,396525
16-01-2025 15:08,23355.1,245075,664550,0.1,19958550,5889900,99.5,23018400,393450
16-01-2025 15:09,23356.15,245975,665325,0.15,19953975,5813400,99.1,23014200,382875
16-01-2025 15:09,23358,247775,664125,0.1,20013300,5735475,98.95,22813800,400200
16-01-2025 15:09,23358,248325,661700,0.15,19876275,5704500,98.9,22805100,398250
16-01-2025 15:09,23358.25,248550,661825,0.1,19813800,5641875,99.45,22807875,398625
16-01-2025 15:09,23357,249350,662450,0.1,19753350,5606550,99.05,22304175,375225
16-01-2025 15:09,23358.15,248825,667650,0.1,19623600,5716650,98.8,22300875,377100
16-01-2025 15:10,23358.5,248950,672675,0.15,19515600,6192900,99.2,22311300,376500
16-01-2025 15:10,23360,248950,669275,0.1,19495725,6195600,99.3,22307175,333225
16-01-2025 15:10,23359.95,247950,670200,0.1,19105500,6257025,99.35,22307475,333600
16-01-2025 15:10,23358.15,249275,673975,0.1,19031100,6260475,98.75,22107825,340050
16-01-2025 15:10,23357.9,249575,712725,0.15,18822975,6242700,98.55,21721500,342375
16-01-2025 15:10,23361.5,249325,714575,0.15,18307125,6332100,98.75,21718275,340650
16-01-2025 15:11,23361.55,248750,715350,0.15,18003975,6393900,98.65,21708225,335700
16-01-2025 15:11,23360.9,248525,714900,0.15,18036225,6513225,98.8,21710550,340050
16-01-2025 15:11,23361.75,245375,715650,0.1,17792325,6578700,98.85,21614100,347625
16-01-2025 15:11,23358.55,246800,713925,0.1,17703825,6733425,98.1,21598650,355350
16-01-2025 15:11,23359.9,246675,714525,0.1,17465400,6859650,98.3,21595875,351675
16-01-2025 15:11,23359.9,247275,713975,0.1,15797400,6884850,98.2,21591525,360825
16-01-2025 15:12,23360,247250,714450,0.1,14291325,6704475,98.25,21584625,368550
16-01-2025 15:12,23359.95,247250,713375,0.1,12879675,6434850,97.95,21581700,370425
16-01-2025 15:12,23359.95,247125,712500,0.15,12671025,6306825,98,21402900,373650
16-01-2025 15:12,23362,247550,713575,0.1,12631125,6251925,98.3,21399225,368325
16-01-2025 15:12,23358.1,246575,714825,0.1,12677175,6254025,98.45,21394125,372750
16-01-2025 15:12,23358.1,245175,714675,0.15,12332250,6182325,98.6,21392325,373050
16-01-2025 15:13,23358.9,244800,714950,0.1,12280650,6082575,98.85,21387075,367425
16-01-2025 15:13,23358.1,245250,713375,0.1,12355800,5908350,98.6,21296175,370575
16-01-2025 15:13,23358.15,245525,713500,0.1,12248850,5876700,98.8,21291750,369600
16-01-2025 15:13,23358.05,245625,713250,0.15,12262575,5832750,99,21203100,363300
16-01-2025 15:13,23359.6,245200,714025,0.15,12180075,5777850,98.65,21191700,336300
16-01-2025 15:13,23359.7,242925,712050,0.1,12136800,5744475,98.55,21183675,337875
16-01-2025 15:14,23359.65,262025,712775,0.15,12063000,5772225,98.75,21178800,341850
16-01-2025 15:14,23358.1,261925,710000,0.15,11966475,5724975,98.3,21093750,345525
16-01-2025 15:14,23363,262425,710250,0.15,11933025,5762250,98.2,21089850,348450
16-01-2025 15:14,23360.4,262575,709375,0.1,11761875,5699775,98.15,21088575,347475
16-01-2025 15:14,23359.2,263075,709425,0.1,11662050,5661525,98,21085875,364875
16-01-2025 15:14,23360.9,264850,708225,0.1,11655600,5610975,97.95,20977200,361575
16-01-2025 15:15,23361.4,264400,709625,0.1,11581875,6443100,97.25,20985825,366900
16-01-2025 15:15,23361.4,263150,708150,0.05,10253100,6434175,96.8,20953500,360225
16-01-2025 15:15,23368,259750,705400,0.05,10163025,6398625,96.75,20520075,361575
16-01-2025 15:15,23368.25,240475,704700,0.05,10152675,6319950,96.5,20207475,363375
16-01-2025 15:15,23368.6,239800,704950,0.1,10088625,6268875,95.5,20185725,377025
16-01-2025 15:15,23370.4,239300,704025,0.1,10142775,6193950,94.55,19306200,374025
16-01-2025 15:16,23369.6,238550,703725,0.1,10179525,6165150,94.4,19229250,372825
16-01-2025 15:16,23372,239775,704400,0.05,10174350,6095850,92.8,19222275,386850
16-01-2025 15:16,23371.7,240550,705100,0.05,10139025,6042450,92.95,19211250,370575
16-01-2025 15:16,23373.55,239125,702525,0.05,9775725,6433425,93,19232175,368025
16-01-2025 15:16,23373.45,238850,703450,0.1,9730125,6426525,93,19239000,383925
16-01-2025 15:16,23370.05,237725,701900,0.1,9725850,6383850,92.9,19256250,381450
16-01-2025 15:17,23372.85,237025,703500,0.1,9627075,6392850,94,19272150,363600
16-01-2025 15:17,23369.1,238075,702125,0.05,9605700,6347175,92.8,19255425,359475
16-01-2025 15:17,23372.9,237125,701675,0.1,9506700,6346425,93.85,19280625,350850
16-01-2025 15:17,23369.95,237625,701350,0.05,9378300,6413700,93.75,19278600,346050
16-01-2025 15:17,23368.35,236375,701825,0.05,9382275,6394350,94.05,19265925,347775
16-01-2025 15:17,23368.3,236350,701775,0.1,9333750,6410475,93.8,19200075,356550
16-01-2025 15:18,23368.3,236575,701625,0.05,9230625,6482700,94.3,19192875,354300
16-01-2025 15:18,23366.1,234775,700700,0.1,9134700,6614550,94.75,19191975,346125
16-01-2025 15:18,23365.25,230800,699275,0.05,9091725,6775875,94.55,19188000,319125
16-01-2025 15:18,23365.1,232950,699650,0.05,9030375,6742500,94.4,19181775,324075
16-01-2025 15:18,23365.05,232950,700300,0.05,8928450,6741450,94.25,18262050,324375
16-01-2025 15:18,23366.5,233950,699700,0.1,8895825,6725250,94.15,17788350,334050
16-01-2025 15:19,23366,235000,701675,0.05,8863050,6711525,94,17724225,334125
16-01-2025 15:19,23370,236550,700750,0.1,8842950,6703800,93.25,17656500,337125
16-01-2025 15:19,23365.4,235825,701025,0.1,8804850,6701775,93.5,17358975,338250
16-01-2025 15:19,23367,234675,700450,0.05,8795625,6681300,93.9,17362050,326400
16-01-2025 15:19,23367.1,234675,701800,0.05,8799825,6678300,93.7,15559425,327825
16-01-2025 15:19,23368,234425,702450,0.1,8735475,6647175,94,15572250,320925
16-01-2025 15:20,23369,233875,707100,0.05,8633700,6636375,93.8,15560925,320550
16-01-2025 15:20,23370,231600,719000,0.1,8236200,6616725,93.35,15469350,314325
16-01-2025 15:20,23370,233200,729775,0.1,8068350,6563325,93.85,15469275,316425
16-01-2025 15:20,23372.5,233700,745600,0.05,8014800,6783225,94.45,15478500,297975
16-01-2025 15:20,23368,232275,745725,0.05,7950225,6795975,94.35,15471300,292350
16-01-2025 15:20,23367.95,232675,745850,0.05,7640550,6798150,94.35,15471900,291975
16-01-2025 15:21,23366.2,232925,746900,0.05,7297350,6865425,94.5,15473250,292800
16-01-2025 15:21,23367.35,232350,746100,0.1,7243425,6927000,94.9,15473850,294075
16-01-2025 15:21,23367.7,234975,746650,0.1,7210725,6896700,94.5,15466275,284400
16-01-2025 15:21,23367.05,234600,745475,0.05,7214100,6968175,94.05,15462300,291900
16-01-2025 15:21,23368.3,234125,745325,0.1,6998250,6986550,94,15459675,295875
16-01-2025 15:21,23371.95,232175,743200,0.1,6966450,6989925,93.9,15445575,296850
16-01-2025 15:22,23371.75,233025,740975,0.05,6916200,7047075,94,14094225,290925
16-01-2025 15:22,23371.45,233425,738875,0.05,6858150,7130850,93.9,14094825,283800
16-01-2025 15:22,23370.55,234225,741350,0.05,6617475,7213200,94,14092425,277275
16-01-2025 15:22,23371.4,235800,741050,0.05,6507300,7189050,94.1,14089650,280650
16-01-2025 15:22,23368.1,233450,742675,0.05,6435825,7209975,94.1,14018325,275850
16-01-2025 15:22,23368.15,234200,743775,0.05,5855550,7180575,94.3,14019825,280650
16-01-2025 15:23,23371,231675,743925,0.1,5828325,7090500,94.4,13902675,267000
16-01-2025 15:23,23372.35,232225,740900,0.05,5782275,7040400,94,13892700,266400
16-01-2025 15:23,23372,232125,738425,0.05,5596200,7038300,93.2,13427925,271125
16-01-2025 15:23,23373.1,231725,731450,0.05,5575500,7038450,93,13426800,266325
16-01-2025 15:23,23375,233150,731650,0.05,5511300,7112175,92.75,13420650,270750
16-01-2025 15:23,23377,233425,727525,0.05,5415525,7111800,92.25,13412250,269175
16-01-2025 15:24,23378.95,233950,721675,0.1,5406450,6616350,91.7,13408800,280125
16-01-2025 15:24,23378,233175,717925,0.05,5366850,6600750,91.35,13332375,282600
16-01-2025 15:24,23379.7,233000,715825,0.05,5314350,6587850,90.65,13330800,264600
16-01-2025 15:24,23384,238225,711175,0.05,4857525,6689100,90.9,13339275,262875
16-01-2025 15:24,23381.1,238075,708025,0.05,3501750,6682500,90.65,13333125,254625
16-01-2025 15:24,23384.4,234700,711550,0.05,1101900,3775125,90.2,13263000,265725
16-01-2025 15:25,23384.5,233800,715075,0.1,1045575,3686175,90.65,13227225,258825
16-01-2025 15:25,23382,233625,714625,0.05,912600,3622875,90.6,13227225,247575
16-01-2025 15:25,23384.7,232800,713700,0.05,842925,3581175,90.75,13221375,253275
16-01-2025 15:25,23385,231675,712000,0.05,816750,3576525,90.75,13221300,248025
16-01-2025 15:25,23384.7,231000,709925,0.05,750150,3557925,90.8,13217550,251400
16-01-2025 15:25,23385,233300,708900,0.05,653850,3500550,90.6,13212000,257550
16-01-2025 15:26,23386.6,235000,706175,0.05,619050,3450225,90.7,13214475,258075
16-01-2025 15:26,23386.5,237350,701850,0.05,649650,3429225,90.5,13212525,265725
16-01-2025 15:26,0,0,0,0,0,0,90.9,13213575,256350
16-01-2025 15:26,0,0,0,0,0,0,90.75,13220025,241875
16-01-2025 15:26,0,0,0,0,0,0,90.75,13215825,244200
16-01-2025 15:26,0,0,0,0,0,0,90.25,13199700,239475
16-01-2025 15:27,0,0,0,0,0,0,90,13197450,229425
16-01-2025 15:27,0,0,0,0,0,0,89.55,13190100,218550
16-01-2025 15:27,0,0,0,0,0,0,89,13174800,200850
16-01-2025 15:27,23392,235900,631900,0,0,0,89.05,13174725,194850
16-01-2025 15:27,23393,234725,630000,0,0,0,89.3,13100100,192375
16-01-2025 15:27,23394,230700,622925,0.05,0,2661675,89.05,13100175,185625
16-01-2025 15:28,23395,233500,620575,0.05,0,2660475,88.65,13100400,181950
16-01-2025 15:28,23398.2,233350,608450,0.05,0,2625600,88.7,13098000,181500
16-01-2025 15:28,23400,232975,598575,0.05,0,2609850,88.4,13061700,180600
16-01-2025 15:28,23403.95,229900,590675,0.05,0,2629875,88.3,13058025,174000
16-01-2025 15:28,23404,231225,595875,0.05,0,2628300,88.5,12972825,159150
16-01-2025 15:28,23405,225800,600375,0.05,0,2566650,88.35,12969600,142125
16-01-2025 15:29,23405,226450,599750,0.05,0,2304975,88.25,12968025,131100
16-01-2025 15:29,23407,224525,594525,0.05,0,2262825,88.15,12971625,133050
16-01-2025 15:29,23413.9,225300,592800,0.05,0,2277000,88.05,12968850,120975
16-01-2025 15:29,23411.1,215600,587075,0.05,0,2269200,88.05,1683450,104925
16-01-2025 15:29,23411.15,209875,589400,0.05,0,2250075,88.25,1676100,94200
16-01-2025 15:29,23406.9,206925,584950,0.05,0,2248500,87.9,1517475,88575
