last_traded_time,ltp,tot_buy_qty,tot_sell_qty,ltp,tot_buy_qty,tot_sell_qty,ltp,tot_buy_qty,tot_sell_qty
16-12-2024 09:16,24793.7,434225,387725,116.55,2547325,203525,176.1,1138425,147675
16-12-2024 09:16,24792,436950,388975,116.1,2553500,213925,173,1136500,151600
16-12-2024 09:17,24796.2,443375,386125,118,2567700,220075,172.95,1133650,165275
16-12-2024 09:17,24803.9,443725,386775,121.3,2586375,212000,169.2,1131850,166825
16-12-2024 09:17,24804.55,443775,386675,121.3,2591775,204725,169.5,1114375,177900
16-12-2024 09:17,24798,445900,391575,120.6,2583700,230700,171.3,1122575,170575
16-12-2024 09:17,24794.95,441350,392550,118.25,2571800,241875,175.05,1135750,168500
16-12-2024 09:17,24788,445425,396000,114.35,2563225,257275,178.95,1149125,161350
16-12-2024 09:18,24785,444500,399175,115.1,2540150,259100,180.45,1156825,151375
16-12-2024 09:18,24793.05,447550,402100,116.9,2559100,277600,178.55,1147425,157600
16-12-2024 09:18,24795,449825,401750,118.9,2582625,276750,175.65,1142900,179775
16-12-2024 09:18,24789.1,448750,403975,118,2662650,275825,177.3,1144475,184025
16-12-2024 09:18,24799.4,459125,404950,120.45,2672300,281375,175.35,1150575,183100
16-12-2024 09:18,24792.05,467075,406375,119.9,2675550,278100,176.5,1149325,191725
16-12-2024 09:19,24788,480125,412525,119.15,2676825,292400,179.45,1157250,194125
16-12-2024 09:19,24789,482925,405150,117.9,2685125,302025,180.15,1159050,180150
16-12-2024 09:19,24790.45,487575,407575,118.7,2686325,306100,180.15,1161725,186575
16-12-2024 09:19,24798,491875,405375,124.5,2703550,297650,173.5,1160875,189900
16-12-2024 09:19,24799.35,493525,400775,124.65,2711050,244225,173.5,1136950,202200
16-12-2024 09:19,24805,501025,408475,125.5,2714875,246175,172.35,1140575,201250
16-12-2024 09:20,24810,498025,400125,126.9,2701025,254575,172.35,1106175,213350
16-12-2024 09:20,24798.65,495600,410700,125.25,942375,252725,175.65,349550,205675
16-12-2024 09:20,24802.15,500425,408875,126.15,941050,254150,175.35,354825,203225
16-12-2024 09:20,24804,502375,408300,126.35,942600,270600,175.2,367650,208100
16-12-2024 09:20,24799,499450,411325,122.55,952625,292775,179.8,373000,208225
16-12-2024 09:20,24792.05,498000,413075,119.5,914150,312600,180.55,376500,217300
16-12-2024 09:21,24791,497950,415300,118.45,893050,320925,182.45,379150,205600
16-12-2024 09:21,24790,498300,415900,119.75,891500,322850,181.55,386375,202775
16-12-2024 09:21,24792.5,502075,413875,121.9,900175,321500,179.25,389150,218725
16-12-2024 09:21,24791.5,503650,417900,118.5,903300,323500,183.4,385625,222075
16-12-2024 09:21,24785,514750,421875,118.05,902050,333150,183.35,401225,216625
16-12-2024 09:21,24785.2,515075,423975,118.3,884900,343850,182.85,404500,214700
16-12-2024 09:22,24790,516900,420175,119.9,908125,341100,180.75,400300,225875
16-12-2024 09:22,24788.75,517625,420875,119.75,926500,335425,181.9,395900,235025
16-12-2024 09:22,24790.95,522150,424750,119.95,929225,341300,182.15,409300,235775
16-12-2024 09:22,24794,524200,425175,121.05,940600,339825,179.7,405425,241075
16-12-2024 09:22,24791.35,526725,421175,119.9,943400,351150,182.1,388450,248200
16-12-2024 09:22,24786.85,527525,425775,119.25,935150,359975,183.85,407050,246775
16-12-2024 09:23,24785.25,523100,433250,117.1,931275,365450,186.1,414950,233875
16-12-2024 09:23,24783,523700,439850,117.95,924400,361525,185.8,422325,226725
16-12-2024 09:23,24784.9,522700,440900,118.65,941750,361925,184.7,420000,238025
16-12-2024 09:23,24789.9,517200,430375,120.5,943525,356550,182.55,409250,253150
16-12-2024 09:23,24793,518675,434600,120.8,948275,352850,182.8,400650,264200
16-12-2024 09:23,24790,518200,430900,120.9,941250,361200,182.55,401675,270625
16-12-2024 09:24,24782.3,516375,438500,116.7,936325,373425,186.7,409900,264775
16-12-2024 09:24,24781.4,507500,434225,116.2,911050,375675,188.25,415800,263725
16-12-2024 09:24,24776.5,500175,435525,114.9,896000,384975,189.75,416975,243050
16-12-2024 09:24,24776.45,492600,433025,115.6,910300,387975,188.85,415975,251000
16-12-2024 09:24,24777,487675,433425,114.7,919300,386425,190.05,419550,259050
16-12-2024 09:24,24779.75,487325,436500,115.75,930150,378925,187.3,415250,257200
16-12-2024 09:25,24778.2,490075,438975,115.9,940950,390800,187.45,407225,260050
16-12-2024 09:25,24776.95,489550,440425,113.2,950050,406300,190.95,408300,261525
16-12-2024 09:25,24775.15,492475,440700,114,930650,404225,189.35,409475,262125
16-12-2024 09:25,24776.85,492850,443075,112.95,918900,409500,190.45,414725,263275
16-12-2024 09:25,24777,496025,443800,112.85,915875,417975,191.6,418975,251350
16-12-2024 09:25,24775,495525,444775,113.15,928375,423550,190.55,419850,260650
16-12-2024 09:26,24780,499125,443000,115.25,947225,410400,187.7,414500,272700
16-12-2024 09:26,24780.55,499450,442225,116.8,961100,405175,185.8,404150,278900
16-12-2024 09:26,24790.7,498975,440625,119.95,979200,386650,181.9,384725,284675
16-12-2024 09:26,24786.25,497600,443650,119.4,970050,386700,184,380625,284725
16-12-2024 09:26,24785.2,499150,443025,118.7,963900,403225,185.6,383925,289725
16-12-2024 09:26,24788.35,498325,442425,118.95,967225,412475,185.6,389950,290225
16-12-2024 09:27,24785.9,500325,442725,118.45,960975,421300,186.65,395625,291850
16-12-2024 09:27,24787.4,501175,444200,119.45,971475,421575,184.55,392075,296525
16-12-2024 09:27,24787.4,511125,444350,120,996950,428800,183.8,385675,301700
16-12-2024 09:27,24787.95,513700,443700,121.3,1009150,423850,183.45,385275,310600
16-12-2024 09:27,24790,514600,445250,121.45,1008125,435725,182.8,383200,311300
16-12-2024 09:27,24788,513525,445275,119.75,999750,446900,185.9,387050,308825
16-12-2024 09:28,24780.2,511725,451725,116.95,995225,459950,189.65,391225,303875
16-12-2024 09:28,24776.6,505325,446300,114.6,961950,453500,191.95,396975,271000
16-12-2024 09:28,24772,502500,447725,112.85,937750,460750,194.5,402950,263175
16-12-2024 09:28,24770.1,493900,448300,113,931575,463725,193,401375,239225
16-12-2024 09:28,24775,498025,446825,112.65,951900,468700,193.75,398500,249825
16-12-2024 09:28,24770,494775,446950,113.05,970275,478100,193.7,389200,254800
16-12-2024 09:29,24766.15,495100,449325,112.75,957625,481900,194.75,390650,251775
16-12-2024 09:29,24768.85,496725,454525,113.7,950025,489725,195,390575,238650
16-12-2024 09:29,24768.85,501500,455700,113.25,968925,490025,196.7,385275,246175
16-12-2024 09:29,24771.75,506500,457425,112.3,977800,492725,197.5,392725,252700
16-12-2024 09:29,24769.2,505175,457100,113,970400,495475,198.4,393275,241100
16-12-2024 09:29,24760.3,488575,456375,111.65,968875,498025,206.6,393525,200900
16-12-2024 09:30,24762.5,484500,455500,111.15,973325,497900,202.65,391875,170450
16-12-2024 09:30,24760,491775,458600,110.3,984250,506150,203.65,396450,175350
16-12-2024 09:30,24755.05,491150,462325,108.95,948375,512675,210.65,398525,171625
16-12-2024 09:30,24752.95,473575,463225,109.2,918975,515700,211.5,401975,150650
16-12-2024 09:30,24752.6,477125,457475,108.3,922250,503325,212.75,389025,150275
16-12-2024 09:30,24750,482050,466000,107.2,923450,508750,215.2,378450,158725
16-12-2024 09:31,24754.7,479525,464050,109.35,928025,510275,210.95,379200,167200
16-12-2024 09:31,24755.2,486350,461550,110.75,956800,508800,209.05,373275,173950
16-12-2024 09:31,24749.95,487300,465450,109.25,961300,514450,211.75,368850,175400
16-12-2024 09:31,24749.95,485850,462975,110,945175,511925,212.2,370550,176575
16-12-2024 09:31,24754,486750,462925,111,957375,513250,210.6,371175,178325
16-12-2024 09:31,24753.7,489925,464150,110.7,958475,512075,210.65,367250,184825
16-12-2024 09:32,24755,500250,462300,112.9,970950,517900,208.6,361350,190475
16-12-2024 09:32,24761.15,500875,463000,113.8,974750,492850,205.95,358625,195275
16-12-2024 09:32,24762.45,501000,457575,114.15,981750,488725,205.25,340425,198875
16-12-2024 09:32,24768.9,517625,456675,115.35,984675,488550,203.75,341325,202125
16-12-2024 09:32,24766.85,517550,461775,114.6,977400,482475,205.6,348025,205125
16-12-2024 09:32,24766,503800,459525,115.15,956025,487600,206.6,351300,205325
16-12-2024 09:33,24766.3,502975,460775,115.75,968775,488750,206.4,351175,220050
16-12-2024 09:33,24759.7,502075,463600,113.35,967100,514225,210.3,358675,219325
16-12-2024 09:33,24756.8,501225,463625,112.9,958625,529200,212.6,374775,212250
16-12-2024 09:33,24751.15,494800,463175,111.55,964525,537150,216.3,380550,208000
16-12-2024 09:33,24753.3,497025,461500,112.7,976775,540525,217.1,379125,192950
16-12-2024 09:33,24750,497825,464525,114.5,981150,548675,218.55,382150,188975
16-12-2024 09:34,24749.25,492400,462800,113.65,984900,534650,221.95,388250,170375
16-12-2024 09:34,24751.4,491475,459250,115.2,988650,535025,221.3,388575,172375
16-12-2024 09:34,24751.1,494125,462350,114.9,985225,525400,220,377050,171300
16-12-2024 09:34,0,0,0,0,0,0,0,0,0
16-12-2024 09:34,0,0,0,0,0,0,0,0,0
16-12-2024 09:34,0,0,0,0,0,0,0,0,0
16-12-2024 09:35,24750.95,501350,464250,114.55,980150,533975,219.75,377850,191050
16-12-2024 09:35,24756.25,504075,464525,116.1,994900,539825,216.8,376275,193450
16-12-2024 09:35,24759.2,503650,464250,118.4,1018425,526425,210.75,370075,196025
16-12-2024 09:35,24757.75,504725,464400,117.75,1013775,524175,211.9,361875,201075
16-12-2024 09:35,24765.25,506525,467025,117.95,1011275,543975,210.25,359125,198875
16-12-2024 09:35,24763.45,507450,469725,117.6,1018500,546700,212.2,360625,200675
16-12-2024 09:36,24751.05,501125,471675,114.9,1004125,556750,218,371900,196350
16-12-2024 09:36,24747.5,501850,473175,111.55,972225,556625,223.6,371475,193025
16-12-2024 09:36,24741.1,478725,472075,109.3,966375,556100,229.25,375500,170300
16-12-2024 09:36,24741.4,432700,468500,111.95,955850,553725,225.9,373150,152775
16-12-2024 09:36,24745.3,435175,466975,111.8,967325,564750,226.8,364700,159225
16-12-2024 09:36,24745.85,430100,472825,113.55,977400,568550,224.65,366175,161200
16-12-2024 09:37,24752.5,429025,466850,114.85,999350,564250,220.5,361675,170950
16-12-2024 09:37,24752,431925,465175,114.85,1001825,564075,219.9,351625,177875
16-12-2024 09:37,24751,433600,472925,115.85,1003800,576050,220.5,353125,182150
16-12-2024 09:37,24754.9,428925,470575,116.9,1018250,570425,215.9,344050,184675
16-12-2024 09:37,24762.45,432975,465350,118.05,1026075,549800,215,338075,186925
16-12-2024 09:37,24762.9,432000,467650,119.45,1028600,538775,215.4,329950,188575
16-12-2024 09:38,24760.5,429550,471250,119.35,1027450,519450,218.1,332350,186450
16-12-2024 09:38,24757.75,429025,470200,119.55,950125,513525,219.2,334675,186750
16-12-2024 09:38,24757.95,433050,467650,119.35,953775,515650,220.75,334150,189775
16-12-2024 09:38,24755.45,433600,471450,117.85,948000,526475,221.5,331250,190325
16-12-2024 09:38,24755,432275,469450,118.9,930000,533275,220.15,333700,191500
16-12-2024 09:38,24756.35,434150,468100,117.3,933350,540700,221.55,331600,194300
16-12-2024 09:39,24755.45,433725,470925,117.05,926375,546575,220.9,335100,194125
16-12-2024 09:39,24749.55,428925,473025,115.2,921500,551525,223.8,337500,186000
16-12-2024 09:39,24753.95,428050,470150,116,916250,554100,221.35,337075,181450
16-12-2024 09:39,24750.9,429625,472400,114.85,924050,568000,224.1,337975,183825
16-12-2024 09:39,24750.45,429150,471450,115.35,930350,568825,223.95,338650,182875
16-12-2024 09:39,24747,431025,471375,115,934050,565450,223.6,335075,181025
16-12-2024 09:40,24757.35,432300,467750,116.7,944300,551275,220.4,325925,187325
16-12-2024 09:40,24756.95,432675,470900,117.25,957200,549750,218.95,330725,187175
16-12-2024 09:40,24756.55,437425,469425,117.85,964025,558250,216.8,330325,191450
16-12-2024 09:40,24771,440350,469875,122.1,974050,553450,209.35,328375,186375
16-12-2024 09:40,24771.7,438150,467325,124.1,984950,497075,208.45,288050,181375
16-12-2024 09:40,24768,438100,472950,126.55,980850,510075,207.8,286800,186650
16-12-2024 09:41,24782.95,440000,459425,129.05,985200,489950,204.1,282850,190875
16-12-2024 09:41,24783.25,438525,464575,130.3,972850,449700,203.85,288475,189850
16-12-2024 09:41,24775.1,436425,470150,126.4,972825,483200,208.2,310300,187050
16-12-2024 09:41,24771.05,438525,470925,126.5,972575,506250,208.9,323125,180900
16-12-2024 09:41,24773.9,437725,474300,126.6,984100,516500,208.45,327075,183025
16-12-2024 09:41,24777.25,438900,471250,128.15,1002975,516250,208,304450,186350
16-12-2024 09:42,24793.9,437025,451950,134.3,1017975,506225,198.1,301225,189175
16-12-2024 09:42,24787,436700,447825,133.9,1023375,466350,198.45,283100,199525
16-12-2024 09:42,24789.25,434200,447425,131.95,1006000,469675,199,291800,198225
16-12-2024 09:42,24781,430525,449000,129.4,995525,488725,202,305625,192225
16-12-2024 09:42,24785.2,405225,445125,134.4,975000,480475,195.4,310450,192725
16-12-2024 09:42,0,0,0,0,0,0,0,0,0
16-12-2024 09:43,24790,432850,453625,132.6,993925,468875,196.85,289150,199450
16-12-2024 09:43,24791.05,433500,523625,133.65,1020125,485050,195.5,313475,203775
16-12-2024 09:43,24796.85,434125,518725,135.45,1031975,484350,191.35,310625,203525
16-12-2024 09:43,24805,440675,513225,136.95,1052050,465325,186.4,304700,205575
16-12-2024 09:43,24804,435750,518600,135.6,1061225,475500,189.2,294400,200975
16-12-2024 09:43,24801.3,438700,519125,136.55,1052625,477350,186.5,301425,200700
16-12-2024 09:44,24800,440175,518775,134.55,1030525,492025,188.35,306250,203550
16-12-2024 09:44,24797.9,440950,519950,134.2,1041400,495325,190.25,314100,207200
16-12-2024 09:44,24803.45,444125,525125,137.9,1037700,500750,185.25,320325,207525
16-12-2024 09:44,24802,443500,519225,136.45,1037525,433775,187.4,304725,204175
16-12-2024 09:44,24804.8,441050,527075,138.05,1049725,445150,185.75,314200,208200
16-12-2024 09:44,24808.25,440600,530300,137.3,1069775,453475,185.05,309550,252300
16-12-2024 09:45,24818.75,441100,528775,144.05,1080625,448625,178.55,312375,257250
16-12-2024 09:45,24829.65,442000,522275,148,1093050,385525,173,288775,254350
16-12-2024 09:45,24818.75,431100,524225,145.3,1073600,387925,176.6,308875,246000
16-12-2024 09:45,24824,442325,525350,144.7,1062200,406050,177.05,323475,244700
16-12-2024 09:45,24818.05,440625,530325,144.35,1075150,416575,178.5,325750,252125
16-12-2024 09:45,24814.85,434050,531125,140.6,1056200,436025,182.45,336050,250625
16-12-2024 09:46,24816.7,439225,527500,141.7,1022650,449625,181.5,344275,247125
16-12-2024 09:46,24811.55,441725,530300,142.5,1044475,453300,180.1,331000,255225
16-12-2024 09:46,24818.1,440600,533850,143.75,1079925,467475,178.3,319125,260450
16-12-2024 09:46,24818,440825,529875,142.5,1100675,475575,179.75,324625,268700
16-12-2024 09:46,24814.35,441650,534675,141.6,1095675,497875,182,334075,261825
16-12-2024 09:46,24810,434000,536250,138.25,1078775,500925,185.65,335725,235325
16-12-2024 09:47,24807.85,434800,539975,137.45,970850,503325,185.6,335300,212275
16-12-2024 09:47,24802.15,439700,537525,137.1,985500,505950,185.2,313575,228350
16-12-2024 09:47,24797.3,437525,545700,133.75,988075,519925,188.25,315800,227075
16-12-2024 09:47,24803.7,441025,540850,135.05,965975,523325,186.3,317350,231750
16-12-2024 09:47,24804.65,440800,538950,135.75,984100,530100,186.15,320350,238150
16-12-2024 09:47,24805.35,439250,539125,136.8,1003150,530425,186,317500,237700
16-12-2024 09:48,24808,443525,535950,140.85,1024175,528825,182,314675,238000
16-12-2024 09:48,24817.85,443800,533000,144.1,1031200,508925,179.35,299075,243150
16-12-2024 09:48,24818,444825,536900,142.9,1027175,526175,181,304175,243400
16-12-2024 09:48,24819.45,443675,539650,143.1,1037350,530875,180.8,305000,247100
16-12-2024 09:48,24816.35,443775,540075,141.75,1031825,549225,182.25,303500,250575
16-12-2024 09:48,24818,537025,537050,142.9,1032625,562300,180,313125,253775
16-12-2024 09:49,24815,540975,535550,143.45,1038350,563900,180.9,312125,250200
16-12-2024 09:49,24817.4,535075,540225,142.85,1047825,589075,181.3,316725,255050
16-12-2024 09:49,24812.05,534100,541800,141.25,1042850,626400,180.15,327800,259575
16-12-2024 09:49,24815,535825,541850,142.35,1023125,615675,180.75,320150,263350
16-12-2024 09:49,24818,631050,537975,142.85,1035275,613900,178.55,319675,279025
16-12-2024 09:49,24814.55,633000,543875,143.8,1045825,567275,178.15,322400,270275
16-12-2024 09:50,24815.45,634450,541100,142.6,1050150,579950,178.3,331825,270125
16-12-2024 09:50,24820,637175,541275,143.65,1058575,609050,176.5,333200,270400
16-12-2024 09:50,24812,638075,544125,140.95,1058000,617150,180.65,333475,271550
16-12-2024 09:50,24810,628125,547700,138.3,1015675,648450,182.55,346075,260775
16-12-2024 09:50,24809.95,633225,543075,138.75,995650,656625,182.55,350625,262075
16-12-2024 09:50,24815,636950,542450,142,1021250,654475,179.1,348475,265450
16-12-2024 09:51,24820,637200,546800,143.1,1036925,646750,178.05,332025,270825
16-12-2024 09:51,24823.25,636000,541300,144.05,1039950,636525,176.65,415950,269125
16-12-2024 09:51,24817.7,637850,549975,143.2,1033725,613425,177.75,429550,267450
16-12-2024 09:51,24819.4,634300,554775,141.65,1033225,630000,177.9,437525,273700
16-12-2024 09:51,24818.05,637225,550300,143.1,1043975,649275,177.1,436075,281325
16-12-2024 09:51,24821,636375,552875,144.3,1052475,662700,174.45,438450,279175
16-12-2024 09:52,24827,636650,547425,146.65,1073300,646050,171.3,430850,280775
16-12-2024 09:52,24823.85,639500,553075,146.1,1075600,623250,171.8,416625,281950
16-12-2024 09:52,24823.9,638650,549475,145.15,1087050,632075,171.35,418175,285275
16-12-2024 09:52,24828,638675,549950,145.65,1103725,642500,169.75,421550,283625
16-12-2024 09:52,24824.8,637975,547250,143.45,1109500,647825,171.2,418550,282650
16-12-2024 09:52,24829,637975,556250,145.55,1074700,665725,169.25,419450,282400
16-12-2024 09:53,24830,638425,553450,145.9,1111050,664525,167.3,420750,286400
16-12-2024 09:53,24830,636000,549850,143.95,1117925,661700,169,329600,316950
16-12-2024 09:53,24827.1,634725,550050,143.75,1107325,686375,170.5,336750,309525
16-12-2024 09:53,24827.9,636800,550750,143.3,1100500,694950,171.05,341975,308500
16-12-2024 09:53,24828.9,637125,546800,143,1096075,714825,168.05,337075,317050
16-12-2024 09:53,24825,634650,551275,141.6,1091825,731050,169.65,343825,314975
16-12-2024 09:54,24822.1,633225,555575,139.3,1074950,751975,172.3,359700,281900
16-12-2024 09:54,24814.2,629975,556525,136.6,975425,751700,173.7,370375,280050
16-12-2024 09:54,24817.95,629400,554625,136.7,957075,746575,173.25,370050,275975
16-12-2024 09:54,24817.95,633025,552675,137.35,967900,751375,171.65,491075,285350
16-12-2024 09:54,24814.05,633600,553850,135.75,981425,762400,172.5,496500,289300
16-12-2024 09:54,24814.5,632750,557000,133.2,982350,768275,175,506800,289650
16-12-2024 09:55,24811,632275,558675,133.9,921225,769375,174.5,514875,284800
16-12-2024 09:55,24817.5,631800,560325,136,968250,765525,174.1,513575,291925
16-12-2024 09:55,24813.4,633075,565125,136.65,969675,772750,175.1,513800,294025
16-12-2024 09:55,24819,632400,562075,136.85,967625,787225,175.1,524350,291800
16-12-2024 09:55,24819,633300,560725,137,964225,794850,174.75,520825,296075
16-12-2024 09:55,24819.45,633775,556550,140.2,972850,796075,171.5,514200,300650
16-12-2024 09:56,24820,634625,555625,139,981000,775675,173.6,502300,302700
16-12-2024 09:56,24812.45,633525,558025,136.5,959575,797475,174.45,513200,296300
16-12-2024 09:56,24811.95,627200,562625,135.7,957650,819375,176.55,520600,291050
16-12-2024 09:56,24808.95,629450,560550,133.4,972325,845550,178.6,521650,285875
16-12-2024 09:56,24800.35,626325,559250,131,917350,844775,181.25,521000,274825
16-12-2024 09:56,24800,631425,561250,129.9,891650,837725,181.25,517775,281375
16-12-2024 09:57,24796.1,624350,561625,127.5,876975,845300,184.95,527575,278400
16-12-2024 09:57,24794.75,630175,560325,129.05,857450,839400,184.05,526500,263100
16-12-2024 09:57,24796.95,630825,561675,129.1,866650,842100,183.4,527675,275900
16-12-2024 09:57,24792.2,628650,568425,128.05,871975,847175,184.5,519975,286025
16-12-2024 09:57,24784.6,622350,572875,123.3,857675,859200,188.15,521650,280050
16-12-2024 09:57,24790,631250,572050,126.7,785575,836425,186.3,518525,242575
16-12-2024 09:58,24791.6,628725,576450,127.35,819725,834200,185.25,522200,249950
16-12-2024 09:58,24789.05,629650,575875,125.2,820250,837825,188.8,520150,252225
16-12-2024 09:58,24780,626650,578300,123.4,810075,848550,192.05,523925,246525
16-12-2024 09:58,24785.65,627000,583200,124.25,815175,848775,190.9,526975,244400
16-12-2024 09:58,24784,626900,578600,122.4,828650,850525,192.05,529400,259800
16-12-2024 09:58,24781.1,627600,579825,121.95,820800,854775,191.8,530325,262250
16-12-2024 09:59,24779,624000,584125,121.05,824450,854500,193.7,534625,264650
16-12-2024 09:59,24780.35,624450,580125,124.2,805825,848500,189.7,534250,253925
16-12-2024 09:59,24783.15,612350,578100,122.7,823125,811500,192,509800,256425
16-12-2024 09:59,0,0,0,0,0,0,0,0,0
16-12-2024 09:59,0,0,0,0,0,0,0,0,0
16-12-2024 09:59,24777.9,624475,551175,120.6,810475,824275,193,507300,258500
16-12-2024 10:00,24781.25,628025,580350,122.35,833925,833425,190.3,504800,267650
16-12-2024 10:00,24783,623750,579825,123.75,853200,834550,188.65,500475,274850
16-12-2024 10:00,24789.9,623950,576475,123.75,860600,835075,190.2,502150,287425
16-12-2024 10:00,24785.05,627225,582550,123.4,868450,834500,189.7,506450,284825
16-12-2024 10:00,24782.45,627100,584450,122.15,882950,848125,190.85,508175,287950
16-12-2024 10:00,24780.6,625275,585150,120.15,868575,851950,194,513500,287175
16-12-2024 10:01,24776.05,624200,587625,117.05,841675,864250,196.5,518625,273400
16-12-2024 10:01,24776,624000,579600,118.35,833800,856000,194.6,515325,268625
16-12-2024 10:01,24775,627050,586050,118.7,846350,854975,194.3,520950,281825
16-12-2024 10:01,24772,625650,586925,115.65,852050,854575,197.7,532525,284125
16-12-2024 10:01,24763.3,621100,586475,113.2,829350,856675,199.4,542800,275900
16-12-2024 10:01,24761,620100,588050,111.6,781475,851175,201.35,541825,249850
16-12-2024 10:02,24764.85,618925,585050,112.55,794575,858650,200.4,538100,260525
16-12-2024 10:02,24766.6,612375,586950,113.25,812200,855200,201.2,527825,266000
16-12-2024 10:02,24760.05,613975,592800,111.9,821800,846425,202.05,528450,267800
16-12-2024 10:02,24762.95,615175,590425,113.2,819750,847150,202.05,532075,259425
16-12-2024 10:02,24767.55,617300,584450,115.25,835300,841000,196.95,533550,276150
16-12-2024 10:02,24774.95,620375,578850,116.6,846275,818950,195.95,491100,273050
16-12-2024 10:03,24770,619275,584175,116.25,857825,832325,197,482775,274000
16-12-2024 10:03,24774.65,622350,581250,116.95,790250,846950,196.05,487575,275575
16-12-2024 10:03,24774.5,621275,583350,116.1,786375,844700,197.65,496400,275850
16-12-2024 10:03,24770.75,616875,587200,114.05,775575,857025,200.1,496225,267500
16-12-2024 10:03,24767.2,635425,588800,113.9,778250,845000,201,497450,269100
16-12-2024 10:03,24770,642200,578325,116.8,784925,866800,196.65,497250,281800
16-12-2024 10:04,24770,642750,582425,116.1,796950,862400,197.8,479450,288525
16-12-2024 10:04,24774.1,646350,583450,116.75,806500,873200,196.25,489000,290125
16-12-2024 10:04,24772.35,649025,581700,116.8,814550,867975,195.95,490600,291375
16-12-2024 10:04,24772,649625,589300,116.55,819900,869300,197.55,481750,292025
16-12-2024 10:04,24770.25,648650,584375,117.15,826425,867375,196.45,481650,292800
16-12-2024 10:04,24773.1,648850,586300,118,831150,873175,194.35,660350,292600
16-12-2024 10:05,24768.1,643925,588725,115.1,835725,885550,199.55,886600,294675
16-12-2024 10:05,24769.5,643900,587000,114,819575,885225,200.65,1024400,288350
16-12-2024 10:05,24774,645475,586625,116.3,814375,892675,195.95,1046250,293775
16-12-2024 10:05,24773.1,645575,589800,115.55,827875,898275,197.85,1046025,293550
16-12-2024 10:05,24775,647825,585725,116.25,843050,899775,196.05,1042475,297450
16-12-2024 10:05,24769.5,641475,588725,114.55,844175,900050,198.2,1040650,300575
16-12-2024 10:06,24766,643300,587800,113.35,822600,900300,200.5,1048450,294675
16-12-2024 10:06,24770,641075,587100,114.75,827300,908425,198.7,1052250,298675
16-12-2024 10:06,24769.15,649925,582300,116.25,842600,903800,196.25,1048400,302425
16-12-2024 10:06,24770.55,647600,589975,115.9,848125,907200,197,1062000,304800
16-12-2024 10:06,24773.95,648950,583200,115.7,851700,910375,195.85,1066650,301975
16-12-2024 10:06,24770.9,644600,586525,115.2,857825,916600,199.2,1070750,302775
16-12-2024 10:07,24769.45,629975,588250,113.65,854150,925925,200,1073375,301375
16-12-2024 10:07,24766.1,630250,587075,114.35,852550,927275,199.8,1071450,302950
16-12-2024 10:07,24774.45,630825,582750,116.35,866300,926325,196.25,1071475,299800
16-12-2024 10:07,24768.85,629900,583200,117.95,863100,904975,194.2,1068075,304600
16-12-2024 10:07,24776.65,629150,585675,117.1,853125,888550,195.15,1022900,302325
16-12-2024 10:07,0,0,0,0,0,0,0,0,0
16-12-2024 10:08,24773.2,633325,601500,116.95,870325,921550,193.3,1038900,310325
16-12-2024 10:08,24778,633875,600575,119,887575,930675,191.2,1038050,319175
16-12-2024 10:08,24777.95,635075,597575,119.4,900175,926525,190.8,1030675,314900
16-12-2024 10:08,24782.7,633550,578875,119.8,904800,931425,189.9,998775,310000
16-12-2024 10:08,24782.45,634950,580150,122.25,908425,909000,185.8,996425,309575
16-12-2024 10:08,24790,634950,580325,123.3,916975,895500,184.9,980300,311650
16-12-2024 10:09,24788.6,634450,576300,124.7,917950,878250,182,974725,312350
16-12-2024 10:09,24791.7,633025,585450,123.65,910050,875850,183.45,977125,308975
16-12-2024 10:09,24797.4,636750,576500,127.6,926125,868875,177.95,977625,307775
16-12-2024 10:09,24800,637150,579775,127.3,932600,852025,180.9,954025,310300
16-12-2024 10:09,24797.85,635200,579225,127.65,934975,866350,181.35,963325,309375
16-12-2024 10:09,24797,635050,579225,127.95,951100,874775,180.15,967750,311500
16-12-2024 10:10,24790,634650,580725,124.65,947375,880925,183.85,964425,311025
16-12-2024 10:10,24793.35,633925,584700,124.8,902950,888250,185,972675,301550
16-12-2024 10:10,24790,634125,583475,124.8,913875,894950,185.55,977700,302350
16-12-2024 10:10,24787.25,633100,584325,124.5,911775,907325,185.85,979275,303125
16-12-2024 10:10,24785.55,635125,581525,124.15,899075,903450,186.6,973925,301575
16-12-2024 10:10,24785.55,632350,582475,124.65,903200,907575,187.35,977000,306050
16-12-2024 10:11,24788.75,632800,585550,124.4,916475,912475,188.6,981550,307700
16-12-2024 10:11,24781.05,631225,585800,121.55,912800,926200,191.6,988450,308475
16-12-2024 10:11,24777,626850,585825,117,865325,927275,196.65,992650,296250
16-12-2024 10:11,24772.95,629725,583275,119.05,838975,923025,195,997850,296075
16-12-2024 10:11,24772.05,631550,584150,117.55,853650,933775,196.65,992525,301175
16-12-2024 10:11,24771,628850,586550,116.75,850450,940400,198.5,994500,317275
16-12-2024 10:12,24767.55,628050,583950,114.65,843600,948600,200.8,1000825,300600
16-12-2024 10:12,24767.8,633125,585200,117.4,828250,950000,197.55,1003575,280500
16-12-2024 10:12,24766,629550,582875,116.2,848075,953675,199.85,997950,295725
16-12-2024 10:12,24765.35,632125,583950,116.55,854575,950750,199.6,1002750,290250
16-12-2024 10:12,24764.85,630850,581575,116.1,860775,955125,202.25,1007075,281825
16-12-2024 10:12,24765.85,633675,581600,117.45,873600,953225,199.5,1009075,283925
16-12-2024 10:13,24773.45,634175,580375,118.95,873725,946275,199.65,1001150,289950
16-12-2024 10:13,24770.05,633650,581250,118.6,877700,942150,197.5,1005350,288950
16-12-2024 10:13,24768,634125,588150,115.4,881425,952775,201.9,1004350,292275
16-12-2024 10:13,24766.65,630225,586000,116.35,867175,964250,200.95,1003800,293750
16-12-2024 10:13,24769,632225,582775,117.1,869650,971050,199.85,1006000,298150
16-12-2024 10:13,24769,632475,583700,117.3,875125,974200,198.35,1006975,298425
16-12-2024 10:14,24770.15,633250,584300,118.5,895650,958800,196.85,1002075,302925
16-12-2024 10:14,24767,631575,587725,116.85,887950,966550,199.85,1007200,304625
16-12-2024 10:14,24767,631200,586425,114.85,883875,975000,202.5,1015875,299475
16-12-2024 10:14,24766.85,632475,585975,115.85,861525,977725,200.95,1013875,298775
16-12-2024 10:14,24772.05,635425,585900,117.1,873550,978750,198.8,1013700,305750
16-12-2024 10:14,24768.5,635650,584800,117.4,880050,978925,198.4,1012125,306125
16-12-2024 10:15,24768.1,633500,591100,116.25,887600,980550,200,1009900,306500
16-12-2024 10:15,24767.9,631150,589050,115.55,879575,983950,201.5,1014575,301975
16-12-2024 10:15,24755.1,630800,594275,111.45,872075,991000,207.75,1018600,294500
16-12-2024 10:15,24738.2,614675,588800,106.9,763600,993350,216.75,1020400,229800
16-12-2024 10:15,24743.3,578900,582600,110.5,739150,979325,212.3,1010100,221800
16-12-2024 10:15,24748,579250,588900,111,753375,974825,212,1009675,229425
16-12-2024 10:16,24758.9,584625,585100,113.6,767200,970150,209.95,1007575,231300
16-12-2024 10:16,24755.3,602700,587300,112.45,781800,980875,212.75,1013475,236750
16-12-2024 10:16,24750.05,596325,590950,112.85,777900,986475,212.85,1016650,233750
16-12-2024 10:16,24754.9,591500,583325,113.55,795325,984550,210.75,1018100,236000
16-12-2024 10:16,24754.85,586875,583700,113.1,793675,992525,212.45,1020775,241550
16-12-2024 10:16,24752,588400,586025,112.45,801550,996000,213.65,1023800,239475
16-12-2024 10:17,24751,585750,589050,111.35,791750,1001375,213.6,1022675,238650
16-12-2024 10:17,24746.05,587625,584975,110.95,806725,1000600,214.15,1022050,240325
16-12-2024 10:17,24747,587500,587675,110.05,805475,1005800,216,1022625,239150
16-12-2024 10:17,24743.7,588150,589400,109.4,788650,1008250,217,1016275,229100
16-12-2024 10:17,24741.9,579700,588000,108.6,778925,1010375,219.3,1015550,210250
16-12-2024 10:17,24745,582450,589100,109,789475,1009125,219.4,1012300,215825
16-12-2024 10:18,24743.85,583725,591350,108.7,799025,1026950,218.35,1017325,229500
16-12-2024 10:18,24736.1,585225,594825,107.1,802925,1023500,223.8,1020500,233825
16-12-2024 10:18,24737.95,585000,595750,106.65,799525,1028875,225.7,1020725,211825
16-12-2024 10:18,24735.1,585825,592850,107.1,832700,1031475,224.95,1023600,219075
16-12-2024 10:18,24739.3,587125,578125,107.5,843450,1025550,223.5,1024100,223550
16-12-2024 10:18,24728.8,589325,583850,105.9,846150,1025150,234.55,1025825,223500
16-12-2024 10:19,24739.65,577450,572750,109.55,820725,1029975,225.9,1021075,188175
16-12-2024 10:19,24735.4,577800,573275,108.95,831300,1035300,228.7,1009500,193325
16-12-2024 10:19,24732.4,579750,570900,108.25,833425,1043875,227.95,1010450,196075
16-12-2024 10:19,24738.55,579375,575275,107.8,844250,1048300,226.4,1010200,203950
16-12-2024 10:19,24742.95,582500,570625,110.45,839750,1038700,219.55,1001300,205600
16-12-2024 10:19,24742.05,581025,574625,108.65,835675,1021025,223.2,943600,210350
16-12-2024 10:20,24737.05,576650,574975,107.8,836050,1029200,226.1,945825,208625
16-12-2024 10:20,24745.85,580350,572350,110.5,824550,1029175,220.75,946650,204850
16-12-2024 10:20,0,0,0,0,0,0,0,0,0
16-12-2024 10:20,0,0,0,0,0,0,0,0,0
16-12-2024 10:20,0,0,0,0,0,0,0,0,0
16-12-2024 10:20,0,0,0,0,0,0,0,0,0
16-12-2024 10:21,24742.95,590200,579275,111.6,859075,1042400,218.3,936275,222200
16-12-2024 10:21,24742.7,605275,581050,109.6,855525,1054100,222.15,938875,217100
16-12-2024 10:21,24736,604950,580850,108,846375,1056650,226.4,946750,212925
16-12-2024 10:21,24735,589375,577675,109.15,855800,1061850,225,944600,214400
16-12-2024 10:21,24736.75,587575,577550,109.05,860675,1065025,225.95,953300,214350
16-12-2024 10:21,24736.45,589575,577100,108.35,866525,1064825,226.95,952275,213550
16-12-2024 10:22,24735.8,596450,579150,108.1,869550,1064325,227.5,952350,216800
16-12-2024 10:22,24737.25,599525,576575,109.2,867400,1073650,225,951475,220300
16-12-2024 10:22,24739.85,600500,580025,108.45,877300,1071275,226.4,947650,223800
16-12-2024 10:22,24732,598275,582325,107.3,862600,1075225,228.75,949250,223100
16-12-2024 10:22,24740,602475,579575,108.6,847250,1084875,226.3,948750,219625
16-12-2024 10:22,24735,601375,583075,109,868300,1078600,225.45,950725,222350
16-12-2024 10:23,24733.35,603150,583050,108.5,869525,1078000,226.5,955400,221475
16-12-2024 10:23,24738.1,602700,583275,108.15,869300,1083400,226.35,957950,223425
16-12-2024 10:23,24734.9,602775,585725,107.25,868450,1089325,228.1,956725,226650
16-12-2024 10:23,24730.05,600525,585925,105.8,853475,1090650,229.85,959200,223600
16-12-2024 10:23,24733.6,602500,583675,107.85,859600,1086050,226,958550,229650
16-12-2024 10:23,24736,602900,584575,107.35,871750,1085125,226.6,947350,231850
16-12-2024 10:24,24733.05,603775,585250,107.95,876150,1084825,225.5,946550,234875
16-12-2024 10:24,24733.1,605350,592350,108.35,877525,1078400,224.55,946625,237875
16-12-2024 10:24,24733.2,603125,586875,106.95,870725,1091800,227.5,948325,235600
16-12-2024 10:24,24732.1,603725,588925,106.55,878250,1086500,226.1,947025,235675
16-12-2024 10:24,24733.25,605975,584125,107.65,886975,1078525,226.95,948625,233825
16-12-2024 10:24,24737.85,605050,588600,108,898100,1081475,226.3,949950,236175
16-12-2024 10:25,24733,604600,586475,106.7,893325,1083500,228.3,953100,235425
16-12-2024 10:25,24730,601950,588575,102.95,893275,1085225,235.4,954025,232450
16-12-2024 10:25,24725.85,595175,587125,105.25,843750,1085175,230.3,953950,201450
16-12-2024 10:25,24729.4,596625,588225,105.4,851000,1099775,232.55,954450,208350
16-12-2024 10:25,24725,595150,590575,105.05,852725,1106125,234.05,961700,206875
16-12-2024 10:25,24729.4,594950,585950,105.8,847775,1103475,233.3,963025,207300
16-12-2024 10:26,24727.95,599050,584875,106.95,858175,1090025,229.65,963425,215725
16-12-2024 10:26,24729,599950,585875,105.85,868700,1091025,231,960800,220600
16-12-2024 10:26,24730,601400,584700,105.95,860250,1094750,230.5,962775,222850
16-12-2024 10:26,24730,599375,587350,106,867900,1100300,230.6,962425,228100
16-12-2024 10:26,24731.7,604700,584725,107.6,874775,1083850,227.3,961150,232975
16-12-2024 10:26,24735,603125,587600,106.7,886500,1077475,229.5,951300,237400
16-12-2024 10:27,24731.65,602625,591750,105.9,876525,1094050,232,954075,235125
16-12-2024 10:27,24727,597675,588850,104.6,859350,1096600,233.95,956750,226050
16-12-2024 10:27,24708.2,576825,592350,99.65,821750,1083675,246.45,957475,164075
16-12-2024 10:27,24705.85,553900,586675,100.5,732575,1084300,245.25,961750,155750
16-12-2024 10:27,24711.7,565150,582325,102.4,775075,1074525,241.05,953700,140875
16-12-2024 10:27,24716.65,563975,594150,101.4,779475,1085800,243.4,951725,147875
16-12-2024 10:28,24710.1,567900,593550,101.35,769325,1103250,243.2,953000,157125
16-12-2024 10:28,24720,576150,588250,102.45,773125,1094325,239.6,946125,159675
16-12-2024 10:28,24718.8,576725,589050,103.4,785775,1087075,238.05,936650,165625
16-12-2024 10:28,24715.85,573625,583950,103.9,793050,1084650,238.25,931000,158450
16-12-2024 10:28,0,0,0,0,0,0,0,0,0
16-12-2024 10:28,0,0,0,0,0,0,0,0,0
16-12-2024 10:29,24717.5,577325,595825,102.7,798800,1099325,241,948450,170900
16-12-2024 10:29,24718.15,575700,596725,102.75,791050,1106275,242.2,946325,165450
16-12-2024 10:29,24717.15,576700,591625,103.7,799850,1108625,239.05,946200,171675
16-12-2024 10:29,24714.95,577525,595950,102,807650,1102300,242.75,944825,173250
16-12-2024 10:29,24711.55,578100,601950,101.6,794725,1113450,244.3,946275,170000
16-12-2024 10:29,24705.25,579625,598050,100.4,798125,1115550,246.6,950300,168500
16-12-2024 10:30,24708.35,575550,601875,101.35,784375,1118625,245.15,950300,168025
16-12-2024 10:30,24707.15,574075,597000,101.5,791000,1114100,247.55,943550,169975
16-12-2024 10:30,24701,559950,597650,99.05,791750,1119125,256.05,947300,169400
16-12-2024 10:30,24705,557800,589275,100.85,786325,1120650,252.8,946825,137875
16-12-2024 10:30,24705,558525,588450,102.2,807525,1111125,249.8,946350,141650
16-12-2024 10:30,24709.4,559075,591475,101.7,806250,1111700,251,944300,146975
16-12-2024 10:31,24710.85,560225,589625,103.35,808250,1116125,247.6,950225,150075
16-12-2024 10:31,24711.35,558975,587825,104.2,811775,1107300,247.65,952050,152350
16-12-2024 10:31,24714,562375,587225,104.2,820475,1101425,243.95,944675,151975
16-12-2024 10:31,24720.6,563000,588550,105.1,821725,1094900,241.2,941975,155500
16-12-2024 10:31,24718.1,566175,592125,106.45,824225,1092600,238.4,928350,157000
16-12-2024 10:31,24720.05,564475,591625,105.35,819975,1105075,240.35,927375,159325
16-12-2024 10:32,24723.75,563850,597525,106,822550,1104000,240.4,929150,160825
16-12-2024 10:32,24715,559400,601200,104.1,816350,1120450,244.7,929850,160500
16-12-2024 10:32,24720,566500,600150,104.95,807050,1122800,243.7,932850,162975
16-12-2024 10:32,24717.65,564600,599900,104.1,816075,1121875,244.85,933075,167450
16-12-2024 10:32,24714.5,524500,600200,104.55,810075,1125400,245.25,940800,165725
16-12-2024 10:32,24715,529725,597425,103.8,807775,1126825,247,939675,163100
16-12-2024 10:33,24717.55,534225,592200,104.6,814175,1124875,245.15,938875,168000
16-12-2024 10:33,24722.15,536325,597700,105.7,813475,1116725,242.4,937100,169175
16-12-2024 10:33,24718.95,537750,597300,106.5,825450,1110950,240.25,926875,173250
16-12-2024 10:33,24725.7,538325,593950,106.8,825450,1112450,238.7,922575,172200
16-12-2024 10:33,24721.95,538875,600075,106.6,831000,1112750,240.55,922025,173525
16-12-2024 10:33,24723.3,538150,598625,105.65,830425,1122375,242.85,925100,170050
16-12-2024 10:34,24718,537125,600050,105.75,826675,1128000,242.4,927225,171325
16-12-2024 10:34,24724,541200,596150,107.35,840500,1135800,239.3,927975,181125
16-12-2024 10:34,24720,540800,595450,106.85,844800,1122350,240,920875,178325
16-12-2024 10:34,24724,542800,591975,107.85,846300,1117250,236.5,920800,174550
16-12-2024 10:34,24723.35,545450,596700,108.15,845350,1096600,236.55,912300,176050
16-12-2024 10:34,24723,548725,595450,108.05,847950,1101525,237.15,915250,177000
16-12-2024 10:35,24724.05,542375,594825,107.7,848175,1099425,237.6,917875,175600
16-12-2024 10:35,24726,547925,594725,107.6,841175,1113900,237.85,919300,173175
16-12-2024 10:35,24721.3,542575,603325,105.65,831400,1117250,243.4,924100,169975
16-12-2024 10:35,24716.35,545275,599975,106.75,822225,1119875,241.8,920800,170825
16-12-2024 10:35,24715,546650,601925,105.65,828275,1128175,244.5,919025,171600
16-12-2024 10:35,24714.55,546200,603600,106.35,832000,1135975,243.6,925725,165325
16-12-2024 10:36,24720.75,547650,605800,106.85,836375,1128800,243.85,922250,171475
16-12-2024 10:36,24724.5,550750,602125,109.45,838250,1128600,237.8,919450,175925
16-12-2024 10:36,24719.95,548250,603950,109,835125,1129050,239.5,915975,177000
16-12-2024 10:36,24723.6,550025,606075,108.5,843425,1128425,241.25,915925,178700
16-12-2024 10:36,24726,552500,602900,109.7,846925,1128250,237.75,915850,181325
16-12-2024 10:36,24722,552450,607125,109,844725,1113425,239.6,920625,182125
16-12-2024 10:37,24726.8,552000,606400,108.55,842925,1126675,240,925175,181100
16-12-2024 10:37,24728.05,553775,604100,109.5,850700,1128850,238.9,924950,179675
16-12-2024 10:37,24735,553775,601125,111.25,853950,1122725,232.95,926425,182325
16-12-2024 10:37,24742.9,555550,602100,113.1,865375,1103675,227.85,911625,186075
16-12-2024 10:37,24741.9,553125,600975,113.8,868000,1095075,225.7,899000,183450
16-12-2024 10:37,24742.9,558000,598275,113.05,872125,1086375,225.55,891825,180175
16-12-2024 10:38,24740.8,552450,602875,113.6,859275,1102000,226.75,900350,173700
16-12-2024 10:38,24745,556525,597250,115.15,854975,1094925,222.8,900475,173925
16-12-2024 10:38,24747.75,557800,595425,114.8,852175,1080725,223.5,894975,173750
16-12-2024 10:38,24750,555600,595500,117.9,851750,1080000,218.7,899475,173350
16-12-2024 10:38,24753.75,555200,594775,116.55,855800,1055050,220.9,898125,175325
16-12-2024 10:38,24754,574950,593325,117.5,858675,1054250,219.6,892150,173800
16-12-2024 10:39,24751.9,571200,599525,116,859950,1066625,222.8,897200,177650
16-12-2024 10:39,24745,574075,601800,114.75,846500,1073775,224.65,902275,175475
16-12-2024 10:39,24745,557550,600000,115,838700,1078950,224.15,907100,179325
16-12-2024 10:39,24749,554325,600150,114.45,839050,1089000,224.85,907275,175625
16-12-2024 10:39,24752.75,556875,597600,116.7,841200,1086825,221.1,908375,178300
16-12-2024 10:39,24748,555300,601100,116,849125,1083150,223.2,908525,179550
16-12-2024 10:40,24744.5,554200,603500,115.15,851175,1096600,225.4,914225,178500
16-12-2024 10:40,24744.25,551125,601150,113.45,843275,1099125,227.65,920825,176350
16-12-2024 10:40,24743.25,555050,599425,115,846625,1109000,225.6,920975,176175
16-12-2024 10:40,24743,553975,604825,115.65,848250,1092825,224.55,912375,183725
16-12-2024 10:40,24743.95,553400,608475,114.1,847225,1107650,227.5,917600,177975
16-12-2024 10:40,24741.15,555275,601150,115,852000,1103875,225.75,916600,177725
16-12-2024 10:41,24744.15,558150,606000,114,859775,1101600,227.5,917975,180325
16-12-2024 10:41,24741,555725,606950,112.9,850125,1110875,228.5,922050,178650
16-12-2024 10:41,24732.6,555150,607800,111.6,839225,1115150,229.8,923125,186575
16-12-2024 10:41,24739.35,555100,606575,113,834350,1115875,227.9,923850,184050
16-12-2024 10:41,24738.95,555425,605775,112.85,843650,1117025,227.8,924850,189275
16-12-2024 10:41,24735,554775,601675,111.6,847350,1118600,229.5,929300,188025
16-12-2024 10:42,24731.15,553675,602825,111.45,838400,1118325,229.75,925425,186725
16-12-2024 10:42,24734.6,553200,604550,109.55,831250,1123925,231.45,926150,186900
16-12-2024 10:42,24732.3,553850,605350,109.35,819550,1137100,231.1,928750,184000
16-12-2024 10:42,24730.65,552525,604575,108.5,815600,1137050,232.3,930525,177525
16-12-2024 10:42,24728.05,552725,606925,109.45,813575,1150525,232.15,929275,176825
16-12-2024 10:42,24734.5,553050,608025,109.3,823375,1154750,233.1,931850,175500
16-12-2024 10:43,24728,552850,608625,107.05,827125,1159325,236.45,928475,174500
16-12-2024 10:43,24730.8,554500,610950,107.35,805050,1158850,235.5,928525,162200
16-12-2024 10:43,24729.55,553375,607525,108,816175,1158100,234.1,926125,169925
16-12-2024 10:43,24730,553875,606950,109.25,833725,1146600,232.5,918875,172000
16-12-2024 10:43,24725.2,554150,607475,107.75,835750,1150400,235.2,924700,173450
16-12-2024 10:43,24726.1,554000,608675,108.05,839675,1140150,234.25,924925,179650
16-12-2024 10:44,24725.8,554825,607450,107.9,835450,1146275,235.5,924975,176300
16-12-2024 10:44,24724.8,554475,610825,106.8,841325,1152175,238.7,928550,178925
16-12-2024 10:44,24722.15,554500,608650,107.85,834675,1152650,236.25,926200,169075
16-12-2024 10:44,24720.6,556275,607275,107.2,838250,1152225,237.35,925175,170575
16-12-2024 10:44,24720.85,557000,605900,107.6,842675,1150375,237,927050,171375
16-12-2024 10:44,24720.5,556325,608400,107.05,840375,1143025,238.15,924775,170650
16-12-2024 10:45,24726,556100,605900,108,839175,1137175,237.65,922575,177675
16-12-2024 10:45,24724.75,554825,614775,106.85,841375,1137900,238.9,922400,178500
16-12-2024 10:45,24720.5,552225,612875,106.9,835050,1140150,238.15,924100,167075
16-12-2024 10:45,24720.55,555325,610700,107.95,841575,1144325,236.65,922850,167100
16-12-2024 10:45,24724.8,554550,617725,109.25,852850,1136250,233.75,922750,170650
16-12-2024 10:45,24728.55,555800,614575,109.35,854325,1127075,234.6,919875,176175
16-12-2024 10:46,24727.95,556575,617625,108.75,861275,1125200,236,921725,176700
16-12-2024 10:46,24725,556525,618150,109,855550,1127050,235.65,918625,174500
16-12-2024 10:46,24727.65,556575,619325,109.25,854200,1134225,235.6,917200,178175
16-12-2024 10:46,24727.6,556750,616050,108.9,864600,1140725,234.75,918300,182325
16-12-2024 10:46,24728.95,557425,616600,109,869125,1139325,234.1,919425,183400
16-12-2024 10:46,24725.95,557450,618725,107.15,863975,1149925,238.5,921325,180800
16-12-2024 10:47,24721.05,549900,623225,105.8,847150,1149775,241.2,921000,172350
16-12-2024 10:47,24722.2,557050,618425,106.7,831225,1152050,240,925050,172400
16-12-2024 10:47,24722.8,556675,614625,108.4,844275,1152475,238,924300,176400
16-12-2024 10:47,24727.4,556100,615925,110.65,849425,1144600,233,915525,179700
16-12-2024 10:47,24729.95,556325,616400,109.95,859050,1137050,233.5,914350,181425
16-12-2024 10:47,24729.95,558300,613950,110.2,862300,1145950,234.2,919975,180550
16-12-2024 10:48,24729.85,560075,616775,109.3,858050,1149700,235,921300,180375
16-12-2024 10:48,24727.7,558675,618000,109.1,853675,1151225,236.8,922175,180800
16-12-2024 10:48,24722.3,558825,620775,108.45,841800,1159875,237.9,928375,184650
16-12-2024 10:48,24722.3,558800,616625,108.1,844450,1162350,238.75,922050,180975
16-12-2024 10:48,24722.2,562450,613275,109.1,849525,1164250,236.65,921475,183700
16-12-2024 10:48,24725.95,562750,614850,109.1,850000,1158400,235.85,919875,183850
16-12-2024 10:49,24725.85,562025,615450,107.9,850950,1168675,238.7,926700,187475
16-12-2024 10:49,24724.75,561525,619075,107.6,851000,1170100,238.55,926675,181175
16-12-2024 10:49,24724.6,562150,618275,107.35,853300,1171850,239,925850,181525
16-12-2024 10:49,24724.5,562775,615850,107.8,855225,1174200,237.95,927675,177150
16-12-2024 10:49,24721.2,563175,615025,107.15,861150,1169025,238.05,928950,179600
16-12-2024 10:49,24721.2,560200,618125,106.45,857950,1173300,240.4,928500,178775
16-12-2024 10:50,24724.05,560350,616100,107.5,858175,1176650,238.15,927000,180775
16-12-2024 10:50,24725,560625,613800,107.25,870775,1178200,238.45,925425,186875
16-12-2024 10:50,24721,558925,617875,106,858100,1176600,239.75,928550,183575
16-12-2024 10:50,24725.95,564000,615250,108.65,866050,1177150,234.3,925750,185350
16-12-2024 10:50,24734.45,562275,613375,110.15,866075,1157125,231.05,910550,189000
16-12-2024 10:50,24732.3,564200,613600,110.25,865425,1148975,232.25,909050,187300
16-12-2024 10:51,24739.45,564825,612275,111.7,872075,1147825,228.3,907850,190575
16-12-2024 10:51,24739.15,563725,608500,112.8,872125,1134025,226.45,908150,188075
16-12-2024 10:51,24738.2,565200,615450,111.65,866825,1147050,228.65,906575,186375
16-12-2024 10:51,24733.1,564200,617750,109.35,865050,1151675,232.8,909300,185675
16-12-2024 10:51,24725,556350,615975,106.9,843225,1154450,236.45,914650,180875
16-12-2024 10:51,24726.95,561900,616900,106.9,837675,1153350,237,913725,186200
16-12-2024 10:52,24725,560975,615625,106.75,852800,1153875,238.3,913300,189200
16-12-2024 10:52,24725.1,560025,616700,106.75,847875,1156425,240,912125,186725
16-12-2024 10:52,24727.4,560925,616550,107.5,850275,1152350,238.15,911525,188000
16-12-2024 10:52,24728.05,563350,612575,108.5,858750,1151775,236.7,912050,191625
16-12-2024 10:52,24732.1,563550,615450,109.7,868850,1148750,234.45,910000,195775
16-12-2024 10:52,24731.55,562750,615925,110.55,875800,1146825,235.5,914125,193775
16-12-2024 10:53,24726,561275,616100,109.6,879300,1152475,236.85,916950,195900
16-12-2024 10:53,24725.85,561825,615625,109.05,879050,1156150,237.35,920475,193325
16-12-2024 10:53,24725.85,560675,615200,107.3,877850,1173300,240.35,921550,192275
16-12-2024 10:53,24724,560325,617675,108.2,871550,1169550,238,919975,189975
16-12-2024 10:53,24721.1,561225,613450,107.5,875875,1166925,238.6,920525,193125
16-12-2024 10:53,24720,560600,619625,105.05,875275,1164900,242.7,923950,189575
16-12-2024 10:54,24718,555050,620600,105.3,831725,1167325,242.95,922875,180125
16-12-2024 10:54,24720,560075,616825,106.8,841700,1166200,241,922450,178950
16-12-2024 10:54,24717,560925,618100,106.15,846875,1174300,242,926925,182625
16-12-2024 10:54,24718.25,561650,619125,105.3,873225,1180625,244.9,923225,183400
16-12-2024 10:54,24712.8,557400,622100,104.5,848450,1183125,245.5,913200,172800
16-12-2024 10:54,24713.85,557700,614350,105.45,851275,1188500,242.5,915225,172725
16-12-2024 10:55,24716.8,559875,615800,106.6,871400,1180275,241.65,912400,178975
16-12-2024 10:55,24716.8,558325,619050,107,873225,1172425,242.5,924075,178050
16-12-2024 10:55,24718.35,560200,614825,107.5,879725,1169150,242.8,927025,178500
16-12-2024 10:55,24715,560725,617950,106.95,874025,1173300,245.6,929525,179125
16-12-2024 10:55,24719,559175,618150,107.7,873375,1173375,243.75,928800,178125
16-12-2024 10:55,24717.4,559200,616200,107.15,876075,1177325,244.9,919100,178425
16-12-2024 10:56,24713.45,559875,618850,107,882300,1183250,245.05,917350,178425
16-12-2024 10:56,24713.45,557975,619650,106.75,901575,1186550,244.4,918675,176225
16-12-2024 10:56,24713.45,559400,619675,106.1,904925,1193850,246.05,926600,178725
16-12-2024 10:56,24710.45,557300,622025,104.4,880150,1193800,248.65,929350,178050
16-12-2024 10:56,24712.4,558250,614350,106.05,867075,1190900,246.7,926475,163350
16-12-2024 10:56,24712,557950,617150,107.6,878400,1189100,244.75,923875,170025
16-12-2024 10:57,24717.8,559500,621250,107.05,879875,1180200,245.6,922775,175500
16-12-2024 10:57,24715.35,559475,619250,106.25,888350,1186475,248.15,922175,175600
16-12-2024 10:57,24713,560475,620950,106.85,886050,1192250,246.9,921550,172875
16-12-2024 10:57,24712.05,560375,621400,107.25,885525,1191125,246.35,926775,174075
16-12-2024 10:57,24711,561575,622550,106.85,892225,1186275,246.3,928450,175000
16-12-2024 10:57,24712,558625,624300,106,883800,1188475,249.3,927350,174725
16-12-2024 10:58,24710,559925,622625,105.95,884900,1189225,249.7,927075,167250
16-12-2024 10:58,24706.8,554925,624050,105.55,880950,1186425,249.7,922525,167525
16-12-2024 10:58,24709.95,557775,619450,105.7,887825,1185725,249.3,922975,175250
16-12-2024 10:58,24707,554375,620175,105,887000,1196375,252.8,925425,175875
16-12-2024 10:58,24705.35,569100,618225,104.25,880900,1190650,253.7,924400,169300
16-12-2024 10:58,24706.55,569425,619175,106.6,885850,1195725,249.3,920250,168300
16-12-2024 10:59,24707.9,569600,617600,106,896275,1187475,249.45,918200,172925
16-12-2024 10:59,24709.9,570400,615850,106.65,905600,1180625,249.65,916600,177375
16-12-2024 10:59,24711.85,570525,619475,106.5,911975,1179100,248.6,915600,180550
16-12-2024 10:59,24710,568650,624300,106.4,912350,1185400,249.3,915450,177225
16-12-2024 10:59,24710.3,570500,619500,106.1,909350,1187300,248.95,914975,178875
16-12-2024 10:59,24709.7,567775,624325,104.95,901850,1193700,252,915225,177575
16-12-2024 11:00,24708.95,570000,623900,105.2,899100,1186625,252.25,917900,177000
16-12-2024 11:00,24707.8,568575,624225,105.65,905375,1189450,251.05,916800,178450
16-12-2024 11:00,24713.35,570375,618650,106.1,914800,1185050,249.9,916350,175650
16-12-2024 11:00,24715.6,576300,617700,107.1,929450,1186375,247.4,914375,178625
16-12-2024 11:00,24716.2,571225,617525,108.5,956975,1172725,244.6,906900,179600
16-12-2024 11:00,24718,576375,622125,108,957025,1171025,245.2,896850,178600
16-12-2024 11:01,24715.45,568300,623650,106.6,951675,1199125,247,899825,174900
16-12-2024 11:01,24711,566975,626650,106.1,921325,1207300,251.45,901850,174600
16-12-2024 11:01,24710,565575,624350,106.35,912500,1203700,250.65,904525,174825
16-12-2024 11:01,24710.9,566175,621775,106.7,918175,1202600,251,902500,173225
16-12-2024 11:01,24711.2,568800,622475,107,925975,1197650,250.25,902350,176475
16-12-2024 11:01,24711.2,570575,622600,106.7,928500,1196425,250.15,902425,178925
16-12-2024 11:02,24711,565475,623500,107.15,924525,1201100,252.55,904725,172775
16-12-2024 11:02,24714.65,568725,626500,109.6,934500,1198300,247.6,904575,158850
16-12-2024 11:02,24716.85,571750,622775,109.4,927375,1162525,247.7,898100,161375
16-12-2024 11:02,24707.95,571575,625900,106.85,928975,1168450,253.3,903875,163700
16-12-2024 11:02,24710,565950,623600,107.1,918500,1171825,254.4,903400,157975
16-12-2024 11:02,24710,568975,624850,107.2,936650,1173850,254.8,905475,161550
16-12-2024 11:03,24708.05,568250,627325,107.35,931450,1178025,253.8,904325,160700
16-12-2024 11:03,24710.95,570675,623650,107.9,926525,1179950,251.8,904450,166075
16-12-2024 11:03,24710.95,568350,626225,107.4,929175,1182325,252.65,906050,166975
16-12-2024 11:03,24716,572600,619950,108.65,931400,1180625,248,903625,169325
16-12-2024 11:03,24717.05,573300,622325,110.4,926825,1178625,243.8,900675,169575
16-12-2024 11:03,24717.05,571900,621825,108.7,922600,1180450,247.5,899375,170600
16-12-2024 11:04,24718.05,572050,624850,108.55,926900,1176575,248,907950,171150
16-12-2024 11:04,24718,572975,624175,109.65,930600,1177375,244.9,908600,175950
16-12-2024 11:04,24720.9,576025,620025,111.6,938050,1169975,240.75,905375,173800
16-12-2024 11:04,24720.2,577725,627100,110.6,933525,1161750,244,897900,177275
16-12-2024 11:04,24721.5,577050,630850,109.75,927625,1158950,246.4,902025,179475
16-12-2024 11:04,24720.45,578550,628150,109.65,925275,1163350,247.45,902775,179425
16-12-2024 11:05,24719.05,576675,626650,110.3,929900,1165400,246.75,904600,181500
16-12-2024 11:05,24718.3,575475,623825,109.75,925700,1170575,247.3,902875,178025
16-12-2024 11:05,24715.55,577525,628250,110.75,931350,1168025,244.45,901150,179325
16-12-2024 11:05,24721.9,578450,623400,111.1,935125,1165875,245.1,900300,178150
16-12-2024 11:05,24721.85,579725,623525,111.95,949925,1165600,242.6,896375,182525
16-12-2024 11:05,24721.35,579875,624350,111.7,949850,1172125,243.5,897100,183250
16-12-2024 11:06,24725,581075,621750,112.75,954900,1170425,242.2,895650,184350
16-12-2024 11:06,24723.5,580225,621375,113.3,959225,1162750,239.2,895850,186250
16-12-2024 11:06,24723.55,581500,621450,113.25,964125,1161875,239.5,893350,185025
16-12-2024 11:06,24721.85,580525,625425,109.9,958250,1158725,245.65,897525,182500
16-12-2024 11:06,24716.25,576475,625650,110.4,925450,1161300,245.6,896800,177425
16-12-2024 11:06,24715.35,577200,624450,110,932325,1166300,245.9,894375,181675
16-12-2024 11:07,24715,576150,624825,110.05,928700,1169400,245.8,890975,183500
16-12-2024 11:07,24708.05,573675,626075,107.9,936450,1176000,250.85,891000,174950
16-12-2024 11:07,24707.75,574800,624025,108.3,915125,1180275,250.2,895925,171425
16-12-2024 11:07,24711,576975,624925,108.45,919900,1178750,249.65,895125,171850
16-12-2024 11:07,24710,574500,624375,107.6,925275,1175725,252.05,903075,175525
16-12-2024 11:07,24709.95,573400,623800,107.65,914575,1177625,251.25,905525,173375
16-12-2024 11:08,24714.75,579425,622975,109.75,924775,1178150,246.65,900325,179000
16-12-2024 11:08,24719.5,576650,624525,110.1,934950,1174225,244.25,893600,183500
16-12-2024 11:08,24719.25,576875,621200,111.4,938275,1159350,243.25,893200,183925
16-12-2024 11:08,24722.6,578100,621450,112.2,948525,1153825,241.65,889700,188825
16-12-2024 11:08,24724.1,577000,623575,113.5,945050,1149175,239.45,891550,189400
16-12-2024 11:08,24728.6,577825,622800,113.3,953350,1143000,240.55,890500,189725
16-12-2024 11:09,24730,576175,626675,113.7,946075,1148675,239.15,891500,186900
16-12-2024 11:09,24733.7,572950,627725,113.6,945500,1122975,238.3,885300,186950
16-12-2024 11:09,24733,573000,640800,113.4,949400,1134150,237.2,886850,188775
16-12-2024 11:09,24733.15,573225,644425,113.2,957450,1145000,237.95,890300,186925
16-12-2024 11:09,24728.55,578650,643250,112.1,961975,1151025,239.4,893300,185750
16-12-2024 11:09,24726.1,579425,627300,111.2,950675,1153950,241.7,894300,185200
16-12-2024 11:10,24730.7,577550,626800,111.45,951750,1154850,240,895975,185150
16-12-2024 11:10,24735.3,578950,624525,113.55,958500,1130375,236.7,893400,187050
16-12-2024 11:10,24735.15,578600,625500,113.3,972525,1126625,237.4,890975,188800
16-12-2024 11:10,24738.7,580125,623600,114.3,972900,1130175,235.1,892950,188050
16-12-2024 11:10,24732.3,579125,625875,113.25,969700,1126775,235.7,889375,190500
16-12-2024 11:10,24732.45,580250,625075,113.25,967700,1139375,237.2,892950,186250
16-12-2024 11:11,24725.1,579400,625825,112.35,962225,1145625,240.1,895925,184650
16-12-2024 11:11,24727.05,576325,625300,110.35,950975,1145125,242.7,899500,183450
16-12-2024 11:11,24724.05,577600,625025,109,939125,1172900,243.65,904900,184125
16-12-2024 11:11,24723.95,579700,626800,108.95,920075,1155650,244.3,907025,182050
16-12-2024 11:11,24721.9,577825,627825,109.05,927475,1153450,245.4,903175,182975
16-12-2024 11:11,24721.6,578650,623725,111.75,934600,1155325,240,900975,176350
16-12-2024 11:12,24723.85,583050,629350,110.45,943625,1149975,243.35,898425,177700
16-12-2024 11:12,24723.7,579875,626500,110.45,943875,1155700,243.75,898875,176900
16-12-2024 11:12,24721.55,580350,626900,110.9,960375,1161775,244.8,901850,176575
16-12-2024 11:12,24718.5,580600,630750,110.75,942700,1166325,245.7,905050,175000
16-12-2024 11:12,24716.95,581775,626850,110.95,946250,1165850,245.35,906375,175575
16-12-2024 11:12,24720.95,582675,627500,111.1,949875,1160600,245,904750,177800
16-12-2024 11:13,24720.05,581725,629275,110.25,947050,1167650,246.5,909125,178325
16-12-2024 11:13,24716.85,580925,626200,110.2,948200,1177550,247.15,910225,177850
16-12-2024 11:13,24716.9,581425,626775,110.05,941725,1184900,247.05,912050,178250
16-12-2024 11:13,24716.95,582250,624725,110.15,937525,1188400,246.35,911250,179775
16-12-2024 11:13,24716.95,581650,629750,109.05,933400,1192925,248.7,912100,178000
16-12-2024 11:13,24715.45,580925,627075,107.55,934225,1195100,251.15,913800,178150
16-12-2024 11:14,24708,578325,627700,106.75,920825,1192350,253.7,915875,174875
16-12-2024 11:14,24711.65,577700,620350,106.55,908250,1188025,254.4,916225,169050
16-12-2024 11:14,24676.95,576875,625925,98.85,906700,1203950,272.2,922975,161425
16-12-2024 11:14,24682.1,515775,619175,100.35,722525,1194075,271.95,925650,90275
16-12-2024 11:14,24685.7,522825,617650,100.2,746450,1206650,271.4,927350,96700
16-12-2024 11:14,24680.3,527850,621950,99.55,760050,1212725,273.8,929700,102200
16-12-2024 11:15,24674,529950,619025,97.9,764625,1220100,283.1,935850,100525
16-12-2024 11:15,24669.8,524250,622425,98,755900,1240100,284,937150,80675
16-12-2024 11:15,24675,530400,621450,99.45,775550,1197375,282.55,932250,85550
16-12-2024 11:15,24683.9,535250,616675,101.55,796625,1200225,274.5,932375,92250
16-12-2024 11:15,24684,539950,623875,102.45,810050,1178650,274.6,916650,94325
16-12-2024 11:15,24685.9,537175,625900,103,818450,1188400,270.7,914700,100250
16-12-2024 11:16,24694.9,541300,623425,103.95,821600,1175275,269.2,906800,100975
16-12-2024 11:16,24696,545425,619300,104.9,828300,1179425,264.85,901700,101675
16-12-2024 11:16,24695,541575,625425,105.65,838075,1170300,261.05,902650,110575
16-12-2024 11:16,0,0,0,0,0,0,0,0,0
16-12-2024 11:16,0,0,0,0,0,0,0,0,0
16-12-2024 11:16,24699.95,534125,622050,0,0,0,0,0,0
16-12-2024 11:17,24704.8,542575,624275,105.95,858100,1211550,260.3,904275,109550
16-12-2024 11:17,24697.2,543425,627075,105.4,864675,1217925,262.55,910950,108000
16-12-2024 11:17,24699,542950,631025,105.3,849375,1218500,263,906150,109850
16-12-2024 11:17,24701,544250,627425,105.9,844150,1223350,262.7,906650,109875
16-12-2024 11:17,24700,543975,626425,104.85,841775,1218175,263.7,906750,118875
16-12-2024 11:17,24700,545600,627875,104.65,845650,1226925,263.7,908925,119625
16-12-2024 11:18,24699.45,543225,632100,104.3,842725,1235925,265.55,909875,121250
16-12-2024 11:18,24696.7,540250,633525,102.9,842800,1236325,267.55,913850,119550
16-12-2024 11:18,24698.75,542650,633625,104.9,846725,1232900,264.15,913725,123225
16-12-2024 11:18,24691.8,541625,634225,104.2,859525,1231350,265.55,904750,126875
16-12-2024 11:18,24697.55,544375,631875,104.8,862375,1231575,264.25,905100,128300
16-12-2024 11:18,24692.05,543675,634200,104.9,870075,1237700,265,907650,127925
16-12-2024 11:19,24692,543850,635750,104,873525,1246450,266.05,908800,128300
16-12-2024 11:19,24696,542650,635525,104.65,884950,1244600,263.35,905625,128400
16-12-2024 11:19,24696,548325,633700,104.45,887600,1235100,262.65,904825,128775
16-12-2024 11:19,24699.45,548525,630200,106.4,896925,1233375,258.2,906950,128375
16-12-2024 11:19,24700.05,547600,629875,106.1,898475,1242275,259.95,890375,125725
16-12-2024 11:19,24700.05,549300,631850,106.3,889050,1246850,259.4,889925,127725
16-12-2024 11:20,24704.85,548275,631125,106.5,893725,1245025,258.25,890325,130625
16-12-2024 11:20,24697.8,545200,635800,105.85,890650,1246875,260.2,891975,129325
16-12-2024 11:20,24704.9,549800,633375,106.7,893525,1247975,258.05,891950,129125
16-12-2024 11:20,24704,547325,637250,106.7,898275,1247400,259.65,893175,128325
16-12-2024 11:20,24697.95,545175,636325,105.85,896200,1273900,262.7,893300,128050
16-12-2024 11:20,24700,547600,636025,106.25,888625,1280800,260.2,891325,129300
16-12-2024 11:21,24698,547900,631325,105.8,894225,1276200,261.55,892100,129300
16-12-2024 11:21,24697,546425,633225,105.15,893175,1280375,263.2,892625,129050
16-12-2024 11:21,24699,549475,632975,105.55,896950,1286050,261.7,893850,131400
16-12-2024 11:21,24700,550325,633125,106.25,905575,1291225,259.7,895375,132425
16-12-2024 11:21,24703.65,550200,630225,106.25,911100,1278450,260.4,892975,133600
16-12-2024 11:21,24703.95,548750,631675,106.85,912025,1269950,260,891850,133700
16-12-2024 11:22,24702.6,549300,636300,106.15,909900,1275575,260.65,894925,135100
16-12-2024 11:22,24708.9,550375,627075,107.4,914550,1275125,254.2,891850,135800
16-12-2024 11:22,24713.55,551375,620850,108.45,911425,1266575,250.45,888000,136975
16-12-2024 11:22,24714.05,549200,622725,107.6,911000,1284025,252.3,882500,136950
16-12-2024 11:22,24707,550100,625900,107.85,911750,1329925,254.25,883800,136250
16-12-2024 11:22,24710,544600,624825,107.35,913775,1414475,254.3,888975,133425
16-12-2024 11:23,24702.35,542600,624900,105.95,918525,1412875,260.75,889925,134150
16-12-2024 11:23,24699.85,537050,625250,104.75,927475,1418025,263.55,892375,132000
16-12-2024 11:23,24694.35,537675,627425,104.5,914100,1354550,264.55,898025,130025
16-12-2024 11:23,24696.05,537100,621700,105.4,923800,1352100,263,897425,129300
16-12-2024 11:23,24700,533500,622525,105.95,938775,1348750,261.5,894825,134875
16-12-2024 11:23,24699,533675,626725,106.2,949475,1297150,261.05,893075,136350
16-12-2024 11:24,24704,532000,630925,107,953775,1296000,259.3,891400,140725
16-12-2024 11:24,24706.1,532600,625750,107.1,954975,1275175,258,889425,139650
16-12-2024 11:24,24710.35,541200,628775,107.9,927200,1288050,255.65,888325,140175
16-12-2024 11:24,24714,541750,629150,109.9,923175,1269450,252,893250,138425
16-12-2024 11:24,24714.85,541300,631175,109.45,911175,1242100,255,889375,133775
16-12-2024 11:24,24713.65,540350,633175,109.45,902050,1249250,255.45,893625,133100
16-12-2024 11:25,24713.75,540975,629500,109.7,904800,1256125,255,895500,132775
16-12-2024 11:25,24715.9,541675,627500,109.95,907800,1250075,254.25,891875,134175
16-12-2024 11:25,24713.15,542025,630900,109.4,911150,1256075,256.8,894650,134825
16-12-2024 11:25,24708.7,539750,631225,109,901975,1262975,258,897675,133500
16-12-2024 11:25,24706.25,543450,634425,108.05,894100,1262175,259.65,895975,132550
16-12-2024 11:25,24701.15,540375,633325,107,887725,1270775,262.8,896025,129700
16-12-2024 11:26,24696,540875,629725,106.25,890100,1277925,265,897875,131975
16-12-2024 11:26,24695,540425,635750,105,884850,1292075,264.95,897925,125550
16-12-2024 11:26,24695,539800,631075,104.5,891575,1289075,265.8,897600,126075
16-12-2024 11:26,24696.25,538550,631000,104.8,911300,1292650,263.9,900625,129350
16-12-2024 11:26,24691.4,524550,626025,105.85,966025,1287700,263.4,897050,129900
16-12-2024 11:26,24692.55,527775,624600,105.7,976000,1281625,264.1,896925,131000
16-12-2024 11:27,24691.95,529275,627725,105.15,984525,1286550,264.5,897825,128725
16-12-2024 11:27,24693.75,530775,625675,106.4,983550,1283700,262.45,895600,128900
16-12-2024 11:27,24702.6,529475,627750,106.5,1006650,1278900,263.3,888575,131675
16-12-2024 11:27,24704.65,530975,628075,107.75,1015850,1271450,260.75,886350,131950
16-12-2024 11:27,24703.75,533825,622775,107.95,1015400,1272475,260.35,884550,132150
16-12-2024 11:27,24703.8,534825,624200,107.75,1013975,1278825,260.9,887200,134125
16-12-2024 11:28,24704.7,535400,622150,109.7,1024325,1269475,254.85,883075,138025
16-12-2024 11:28,24705,537875,626225,107.75,1016400,1276350,260,882675,132100
16-12-2024 11:28,24702.6,531250,628100,106.4,1013975,1282225,262.65,889700,133875
16-12-2024 11:28,24698.2,535225,625400,107.3,1015275,1285550,260.8,894800,134175
16-12-2024 11:28,24702,537925,625100,107.45,1016075,1293550,260.75,890225,134550
16-12-2024 11:28,24705.65,536600,627750,107.55,1022425,1291800,260.8,889475,136650
16-12-2024 11:29,24703.8,538800,628125,107.5,1024225,1293075,260.1,886025,136225
16-12-2024 11:29,24700,533750,626550,105.7,1020150,1299550,263.65,888075,132550
16-12-2024 11:29,24698.45,538400,624575,106,1023300,1296700,262.4,888950,135975
16-12-2024 11:29,24703.75,536350,624475,106.85,1026950,1301250,261.95,887650,138675
16-12-2024 11:29,24700,536450,626600,106.45,1025425,1300500,260.6,888050,142325
16-12-2024 11:29,24701.9,535800,627025,106.15,1023200,1305925,262.8,886650,140600
16-12-2024 11:30,24693.95,533150,629225,105.4,1018750,1304825,264.5,887650,138000
16-12-2024 11:30,24693.45,535650,627550,105.4,1018550,1304125,264.95,886550,134950
16-12-2024 11:30,24699,537325,626925,106.9,1024850,1301100,261.6,887850,134575
16-12-2024 11:30,24702,537075,629725,106.15,1028750,1302125,263.35,886375,137100
16-12-2024 11:30,24694.9,540975,629375,105.95,1020250,1306525,264.2,888225,133100
16-12-2024 11:30,24697.85,541175,633125,104.85,1006925,1315550,265.9,886700,130900
16-12-2024 11:31,24694,537250,634375,103.75,1000350,1320725,268.2,888925,130900
16-12-2024 11:31,24698.8,539100,634025,104.55,1007250,1321100,266.7,887600,123150
16-12-2024 11:31,24699,539600,635500,105,1018775,1314175,264.7,887350,126350
16-12-2024 11:31,24699,543150,638300,106.4,1025575,1310600,262.7,885125,130150
16-12-2024 11:31,24695,541375,638350,105.3,1019150,1320425,264.5,886650,124975
16-12-2024 11:31,24697.9,541775,636450,106.7,1023375,1323525,262.55,887200,129500
16-12-2024 11:32,24705,543725,638225,108.15,1026925,1308050,259.25,885975,129150
16-12-2024 11:32,24703.75,542450,639200,108.55,1020875,1275375,258.7,877700,130350
16-12-2024 11:32,24708.3,544050,636225,109.1,1025925,1274725,257.2,879125,130225
16-12-2024 11:32,24710,543225,638050,109.4,1025925,1272600,256.2,882025,130650
16-12-2024 11:32,24714.95,543450,640225,110.2,1021225,1265550,255.05,881750,133000
16-12-2024 11:32,24710.9,542900,639000,110.45,1022875,1246625,255.5,885100,132900
16-12-2024 11:33,24715,545450,643450,110.8,1026350,1247550,253.05,883175,130875
16-12-2024 11:33,24716.4,542325,646000,111.8,1021725,1218425,252.6,881175,129775
16-12-2024 11:33,24715.15,543450,648725,110.5,1018750,1223900,253.55,879150,130875
16-12-2024 11:33,24710,542350,649900,109.65,1007375,1235225,255.5,878450,130200
16-12-2024 11:33,24710.7,537875,648600,109,986650,1232900,256.8,880650,125900
16-12-2024 11:33,24710.65,540825,650625,109.25,995425,1231325,256.8,881800,128475
16-12-2024 11:34,24706.3,539100,653175,108.1,986500,1239275,259.05,886900,128825
16-12-2024 11:34,24704.5,543275,653950,107.7,988950,1243300,260,887000,130750
16-12-2024 11:34,24703,542100,653750,108.75,999000,1235575,258.85,881775,129700
16-12-2024 11:34,24706.95,540925,650275,108.9,1000425,1234150,256.6,881475,137575
16-12-2024 11:34,24709.5,541750,654575,108.7,1005375,1236925,258.35,882725,137825
16-12-2024 11:34,24709.45,540175,654100,108.95,1008250,1244200,258.4,882150,139700
16-12-2024 11:35,24714.95,540550,653400,109.2,1009450,1245825,258.15,879725,138500
16-12-2024 11:35,24710,540975,647300,110.55,1017375,1243500,255.35,879000,139100
16-12-2024 11:35,24714,540400,648800,110.1,1017600,1237850,256,875975,140325
16-12-2024 11:35,24715.85,541000,644925,111.25,1019650,1236100,253.8,877100,140125
16-12-2024 11:35,24714.8,543775,645725,111.75,1027325,1235425,253.3,878725,142050
16-12-2024 11:35,24717.9,543550,645375,111.8,1034750,1233625,252.55,877675,141350
16-12-2024 11:36,24713.9,543675,649500,110.6,1033850,1228100,256.5,882725,137500
16-12-2024 11:36,24713.7,541825,645400,111.55,1033675,1250950,253.55,885700,134900
16-12-2024 11:36,24720,545500,641250,113.2,1035225,1231350,249.55,876775,134050
16-12-2024 11:36,24719.95,542925,640750,113.2,1032000,1226750,249.85,871200,134775
16-12-2024 11:36,24719.8,541775,641725,112.35,1029475,1234450,251.65,877425,136700
16-12-2024 11:36,24718,545800,640875,113.55,1029450,1233350,249.05,882850,136400
16-12-2024 11:37,24730,547700,640800,116.55,1030475,1227100,241.1,880350,138200
16-12-2024 11:37,24727,541550,641575,115,1013675,1169850,247.3,869825,135000
16-12-2024 11:37,0,0,0,0,0,0,0,0,0
16-12-2024 11:37,0,0,0,0,0,0,0,0,0
16-12-2024 11:37,0,0,0,0,0,0,0,0,0
16-12-2024 11:37,0,0,0,0,0,0,0,0,0
16-12-2024 11:38,24720.9,538925,653900,113.4,1002900,1212375,249.6,875500,132650
16-12-2024 11:38,24715,537975,656500,111.8,990925,1206625,252.7,876175,133400
16-12-2024 11:38,24713.85,537875,648475,111.85,984625,1195125,254.5,872475,130125
16-12-2024 11:38,24710,539575,647850,112.8,992225,1197375,253,872600,135075
16-12-2024 11:38,24715,543325,648625,114.25,1026975,1197125,251.1,872425,138175
16-12-2024 11:38,24716.05,544025,646775,114.75,1032575,1205200,250.6,873100,137950
16-12-2024 11:39,24718,544400,644500,116.35,1035275,1201225,248.95,871000,140325
16-12-2024 11:39,24719,542525,647700,114.75,1029325,1207850,251.6,870500,141625
16-12-2024 11:39,24718,545550,647650,114.55,1021375,1215725,252.2,873200,139150
16-12-2024 11:39,24719,548175,646125,115.55,1023750,1219025,249.5,872325,138275
16-12-2024 11:39,24720,546200,646400,116.05,1028825,1205850,248.95,872075,139950
16-12-2024 11:39,24719.95,544300,649225,114.8,1035450,1213875,251,873200,142225
16-12-2024 11:40,24717,543100,648200,113.9,1021400,1220000,252.45,875150,137000
16-12-2024 11:40,24716.95,544100,649400,112.5,1025700,1224575,255,877325,134925
16-12-2024 11:40,24721.3,545125,648450,114.65,1040425,1223425,251.35,876350,135975
16-12-2024 11:40,24721.35,544575,647675,115,1054800,1221725,250.55,874375,138325
16-12-2024 11:40,24720,546075,647500,114.45,1053825,1214850,251.45,874900,140200
16-12-2024 11:40,24722.8,543925,648675,114.2,1044400,1225300,252.9,876175,140750
16-12-2024 11:41,24723,543975,646125,114.65,1043575,1230900,250.15,878300,138750
16-12-2024 11:41,24723,544750,645675,115,1053100,1216925,249.4,879525,142000
16-12-2024 11:41,24722,547150,639725,116.2,1053025,1221325,247.8,881300,141525
16-12-2024 11:41,24725,546225,643300,116.3,1048750,1211500,246.35,874450,142425
16-12-2024 11:41,24725.5,544675,646925,115.85,1047450,1217050,247.6,875600,141175
16-12-2024 11:41,24725,542450,643275,115.85,1042725,1226025,248,876800,136875
16-12-2024 11:42,24721.95,545325,647325,115.65,1036000,1235050,248.45,880275,137825
16-12-2024 11:42,24725,546150,641925,117,1051050,1223225,244.9,877675,144400
16-12-2024 11:42,24725.55,546925,640025,117.4,1047500,1206775,245.95,877200,140900
16-12-2024 11:42,24722,546525,640800,116.35,1054100,1234300,246.7,878375,138825
16-12-2024 11:42,24724.35,544025,642200,115.8,1057725,1232700,249,883900,139225
16-12-2024 11:42,24721,544125,647425,114.55,1041325,1226275,251.1,883850,137950
16-12-2024 11:43,24713,544550,647275,113,1029325,1231700,252.3,882850,137625
16-12-2024 11:43,24712,544800,644250,111.55,1021450,1232625,255.1,883400,135325
16-12-2024 11:43,24712.4,544150,642950,113.15,1014975,1233500,251.85,881075,132125
16-12-2024 11:43,24714.7,543300,644650,113.1,1018375,1235375,252.45,880450,135975
16-12-2024 11:43,24711.75,543000,644475,112.15,1016250,1247350,253.6,878300,137775
16-12-2024 11:43,24711.55,546050,642025,111.2,1012800,1252550,255.3,884100,138675
16-12-2024 11:44,24707.1,544450,641150,110.9,1003650,1252300,255.85,888425,137600
16-12-2024 11:44,24704.5,545650,641625,110.45,986225,1243825,256.55,889200,138000
16-12-2024 11:44,24705.05,550950,640775,110,1000450,1249025,257.55,891700,139150
16-12-2024 11:44,24706.05,549175,639625,110.9,1024000,1247375,256.05,890225,141100
16-12-2024 11:44,24705.05,551125,638625,111.2,1029575,1243125,255.8,890725,143325
16-12-2024 11:44,24698.85,561275,639450,109.7,1035325,1250000,259.4,891425,135700
16-12-2024 11:45,24703.05,559300,637450,111.3,1020700,1248550,257.4,892100,134900
16-12-2024 11:45,24703.3,561450,637600,111.55,1029200,1234675,257,895800,135875
16-12-2024 11:45,24702.7,561275,640625,111.4,1039450,1236150,257.55,892850,138675
16-12-2024 11:45,24703.3,564225,641425,111.6,1040625,1244825,255.65,893375,143025
16-12-2024 11:45,24709,568675,639825,112.4,1044375,1250925,254.55,882975,142550
16-12-2024 11:45,24710,569775,640725,112.55,1043350,1260575,253.85,882600,144025
16-12-2024 11:46,24712.15,570875,640650,111.8,1034425,1263775,255,884650,142175
16-12-2024 11:46,24712.95,571250,639675,113.3,1039775,1249900,252.95,885475,145325
16-12-2024 11:46,24716,573125,640050,112.9,1033375,1252575,252.65,887075,145325
16-12-2024 11:46,24716,569325,638700,113.35,1034375,1254900,252.55,884050,146550
16-12-2024 11:46,24714.25,569150,646025,112.25,1031200,1266050,253.95,881725,147050
16-12-2024 11:46,24712,569675,642750,111.45,1024900,1270025,255.65,883900,147175
16-12-2024 11:47,24710,568050,644575,111.55,1006875,1270825,255.05,884750,146700
16-12-2024 11:47,24706.55,569250,645175,109.05,1004550,1251250,259.6,886650,144425
16-12-2024 11:47,24704.25,570925,645200,110.35,1008700,1252875,257.85,885150,142025
16-12-2024 11:47,24705.95,573500,642975,109.85,1015850,1267650,259.05,883000,141300
16-12-2024 11:47,24703,567650,643975,109.65,1017725,1264375,259.9,882825,142075
16-12-2024 11:47,24700.1,567600,644675,108.95,1001400,1273125,261.15,884850,141175
16-12-2024 11:48,24706,572550,642750,110.45,1019750,1266125,258.3,881025,143000
16-12-2024 11:48,24706,562450,640875,110.85,1031350,1254900,257.35,877450,144550
16-12-2024 11:48,24710,560325,642200,112.6,1033525,1253425,252.7,878225,142350
16-12-2024 11:48,24710.95,555825,641800,114,1032700,1240900,250.2,876250,142275
16-12-2024 11:48,24713.55,554550,642625,113.6,1031525,1236450,251.45,876375,140350
16-12-2024 11:48,24713.2,557500,641450,114,1031725,1237400,250.1,875000,137375
16-12-2024 11:49,24713,558075,643250,113.45,1027500,1240275,252.9,881500,134700
16-12-2024 11:49,24713.6,560900,640525,114.6,1035650,1238850,250.35,880650,135475
16-12-2024 11:49,24717,561500,641025,114.8,1038925,1228375,249.3,878475,136000
16-12-2024 11:49,24716.85,559800,640300,115,1030850,1229600,249.2,877400,139850
16-12-2024 11:49,24719.95,562875,642300,114.9,1027125,1235425,250,878425,138650
16-12-2024 11:49,24719.8,564600,642925,114.95,1023900,1236625,249.6,878500,138025
16-12-2024 11:50,24724,565850,639500,117.15,1033900,1230000,243.15,875850,138575
16-12-2024 11:50,24720.3,564475,642950,116,1028100,1197325,245.95,875725,138725
16-12-2024 11:50,24727.5,564600,642850,116.6,1034850,1205550,245.15,882625,139975
16-12-2024 11:50,24725.15,559100,647800,115.65,1036700,1201950,247,885125,141000
16-12-2024 11:50,24724,560450,646925,115,1029800,1207275,248.85,883300,141750
16-12-2024 11:50,24722,559200,648750,114.6,1033075,1208225,249.55,885350,145100
16-12-2024 11:51,24720,560425,646475,114.35,1033350,1215525,249.5,885500,142450
16-12-2024 11:51,24725,559550,642925,116.1,1034075,1213050,246.75,883150,143950
16-12-2024 11:51,24724.4,557550,647025,115.05,1033600,1209100,250,884300,142775
16-12-2024 11:51,24724.3,559225,646175,115.7,1038900,1209650,248.7,887300,146050
16-12-2024 11:51,24722.95,559900,653675,114.65,1038050,1214525,249.6,884875,145000
16-12-2024 11:51,24722.95,558500,642100,117,1040150,1215575,245.2,883650,142775
16-12-2024 11:52,24727.6,558250,644600,115.4,1044750,1190325,248.4,878950,143500
16-12-2024 11:52,24727,559825,636400,115.2,1046825,1201100,246.3,881500,147000
16-12-2024 11:52,24727,559125,631450,114.75,1048100,1212825,247,885250,144775
16-12-2024 11:52,24729,560600,636075,115.65,1041725,1211625,244.8,885350,145000
16-12-2024 11:52,24728,561175,645475,114.7,1034225,1217750,246.5,887725,142325
16-12-2024 11:52,24730.85,561925,640850,115.85,1038350,1215825,243.45,884425,144100
16-12-2024 11:53,24731,560800,639775,115.8,1047200,1215275,244,882100,143575
16-12-2024 11:53,24730.9,561550,640875,115.4,1043050,1223600,244.9,883825,143025
16-12-2024 11:53,24724.8,563275,643975,113.95,1038525,1230325,247.5,887075,142875
16-12-2024 11:53,24720,563350,642700,112.5,1038925,1225400,250.3,888875,142625
16-12-2024 11:53,24715.05,563675,646225,111.85,1023125,1232000,252,888850,143300
16-12-2024 11:53,24715,564650,640975,111.2,1013500,1235225,253.5,889250,140275
16-12-2024 11:54,24716.5,563500,642225,111.3,1016900,1230750,253.65,890700,140925
16-12-2024 11:54,24712,564250,643300,110.2,1019400,1221875,256.6,892125,141675
16-12-2024 11:54,24710,562775,644675,110,991375,1219675,256.95,898700,136000
16-12-2024 11:54,24711.8,566000,644650,109.95,995025,1222575,256.85,901075,133450
16-12-2024 11:54,24705.1,566500,641975,108.8,1002350,1228150,260,901850,135675
16-12-2024 11:54,24710.4,565725,642775,109.15,996375,1231675,258.75,901750,133225
16-12-2024 11:55,24701.35,566775,641100,109.1,1003950,1233725,258.55,900350,134325
16-12-2024 11:55,24707.45,568275,638125,110.5,1013500,1232700,256.3,899825,133950
16-12-2024 11:55,24709.4,566925,632550,111.25,1021475,1225525,255.85,902850,134600
16-12-2024 11:55,24706.2,557950,635525,110.2,1021425,1229775,261,898600,131050
16-12-2024 11:55,24706.05,567925,632725,111.25,1023450,1236975,256.55,898475,126450
16-12-2024 11:55,24704.3,566125,625150,111.2,1026650,1227600,258.05,896325,130800
16-12-2024 11:56,24709,566575,628050,111.65,1033125,1233625,256.05,893550,128850
16-12-2024 11:56,24706,563950,630700,109.15,1031850,1239650,260.6,897000,129325
16-12-2024 11:56,24700,563925,633425,108.15,1015600,1239900,263.35,896475,127550
16-12-2024 11:56,24699.15,556175,630750,107.2,1007975,1245800,263.65,898900,117300
16-12-2024 11:56,24694.95,562150,628325,106.3,1012650,1247475,265.15,899675,121600
16-12-2024 11:56,24691,563000,630900,106.6,1018125,1274025,265.75,899225,123050
16-12-2024 11:57,24695,565175,631975,107.35,1024500,1276225,264.2,895675,121550
16-12-2024 11:57,24696.9,567975,625925,108.55,1033750,1258125,262.1,891625,127900
16-12-2024 11:57,24695.5,568625,631375,106.7,1036550,1254100,266.15,890850,128150
16-12-2024 11:57,24692,572325,627650,107.5,1037525,1257475,266,888075,125225
16-12-2024 11:57,24697.05,569675,630250,107.5,1036075,1260175,266.6,892850,125675
16-12-2024 11:57,24695.2,571375,628625,107.7,1036625,1253675,264.65,893875,126675
16-12-2024 11:58,24697.9,568700,629025,108,1039600,1246475,266.5,888725,126225
16-12-2024 11:58,24694.65,566775,629950,107,1031650,1251225,267.2,889900,124900
16-12-2024 11:58,24690.55,568950,630350,106.8,1026850,1249450,267.55,887650,117500
16-12-2024 11:58,24694.65,567000,630025,106.2,1037050,1257525,268.2,890075,126850
16-12-2024 11:58,24690,563450,635025,107.05,1041325,1268650,266.65,889175,125425
16-12-2024 11:58,24690.95,565000,630575,106.75,1051875,1276075,267.2,888450,125125
16-12-2024 11:59,24696.05,563875,642600,105.95,1048125,1286450,270,890925,125225
16-12-2024 11:59,24693,565125,633425,107.35,1044900,1280800,266.65,887325,124175
16-12-2024 11:59,24697.1,568375,634725,107.2,1058525,1285325,266.5,890025,125425
16-12-2024 11:59,24696.5,569775,634100,107.15,1083250,1286275,268,890675,126275
16-12-2024 11:59,24696.45,579000,633700,106.55,1066000,1295425,268.2,886825,125875
16-12-2024 11:59,24695.45,574000,638775,107.5,1077175,1289000,266.9,888025,126175
16-12-2024 12:00,24695.45,570700,635350,107.85,1074900,1290075,265.9,884550,124075
16-12-2024 12:00,24690,572225,598850,105.55,1078900,1277725,270.15,883625,126575
16-12-2024 12:00,0,0,0,0,0,0,0,0,0
16-12-2024 12:00,0,0,0,0,0,0,0,0,0
16-12-2024 12:00,0,0,0,0,0,0,0,0,0
16-12-2024 12:00,0,0,0,0,0,0,0,0,0
16-12-2024 12:01,24695,573300,633025,106.15,1051550,1300200,269.55,886525,119125
16-12-2024 12:01,24690,570050,635525,105.25,1052425,1300900,271.3,885025,118275
16-12-2024 12:01,24690,572025,635125,106.25,1040275,1299400,269.05,884700,124975
16-12-2024 12:01,24690.85,572150,637650,107.5,1057150,1296875,266.1,882875,126300
16-12-2024 12:01,24699.5,571800,634400,107.85,1059075,1291775,265,881100,128125
16-12-2024 12:01,24695,573225,634075,107.7,1050600,1298525,265.8,877200,128500
16-12-2024 12:02,24693.85,570375,632400,107,1055250,1309425,267.4,879525,130150
16-12-2024 12:02,24692.9,571425,639850,105.7,1045425,1300250,270.65,878775,127650
16-12-2024 12:02,24691,571925,634750,105.75,1048925,1306850,271.8,876650,123075
16-12-2024 12:02,24686.35,571400,633475,104.75,1038425,1310050,273.25,882400,120300
16-12-2024 12:02,24685,578925,631375,105.65,1018150,1307600,271.1,881550,116050
16-12-2024 12:02,24694.8,580850,629225,105.65,1026125,1303750,270.1,874025,117125
16-12-2024 12:03,24693.4,585625,632025,106.1,1033300,1300225,268.3,877025,120400
16-12-2024 12:03,24692.1,584025,632450,104.9,1072475,1312550,271.1,879350,119675
16-12-2024 12:03,24687.9,580375,634025,104.4,1046650,1312575,272.2,887700,119325
16-12-2024 12:03,24685.1,585250,632050,104.3,1095775,1306525,272.75,887625,119325
16-12-2024 12:03,24692,583325,631600,105.35,1109400,1308650,270,885575,120425
16-12-2024 12:03,24695,581875,632475,105.4,1116375,1306300,269.7,876350,122000
16-12-2024 12:04,24693.25,584850,640200,105.75,1113900,1314250,270,877575,128200
16-12-2024 12:04,24693,587350,634625,105.7,1121300,1315475,268.1,877425,124750
16-12-2024 12:04,24693,587300,635175,105.65,1135425,1316250,268.25,879100,123275
16-12-2024 12:04,24693,588550,633975,106.1,1129675,1311550,265.8,880525,124325
16-12-2024 12:04,24695.1,588400,631875,106.85,1139625,1308075,264.2,880225,125025
16-12-2024 12:04,24696,591175,628575,107,1161475,1300125,264.25,875400,123700
16-12-2024 12:05,24696.5,591050,629250,106.3,1153300,1308325,266.3,875800,124225
16-12-2024 12:05,24696,587150,631900,106.3,1126425,1312675,266,876925,123275
16-12-2024 12:05,24695,587825,630875,106.15,1121800,1321200,266.4,878150,123800
16-12-2024 12:05,24697,589200,628075,106.85,1136100,1319325,264.8,878475,124775
16-12-2024 12:05,24697,590250,627650,107.2,1136950,1317025,262.45,877275,126775
16-12-2024 12:05,24698,590250,631125,107.25,1139525,1317375,262.8,877400,130125
16-12-2024 12:06,24699.9,588200,633775,107,1137925,1325525,263.7,880450,128650
16-12-2024 12:06,24697,589750,632850,106.15,1135050,1330075,265,882375,126750
16-12-2024 12:06,24693.35,586250,631825,105.1,1118475,1336275,268.75,885700,123725
16-12-2024 12:06,24690,586725,631975,105.55,1100500,1334600,267.5,885125,122600
16-12-2024 12:06,24688.95,588500,633175,105.55,1099525,1337175,267.6,883725,128600
16-12-2024 12:06,24694.6,588700,632925,105.6,1102925,1338425,267.6,886325,129950
16-12-2024 12:07,24690,587050,633475,105,1108625,1330425,268.85,886975,130925
16-12-2024 12:07,24692,589250,632825,104.8,1104825,1333025,268.8,885350,131475
16-12-2024 12:07,24687.7,587800,632500,105,1099550,1341450,268.65,885225,122725
16-12-2024 12:07,24691.95,589500,632425,105.7,1117675,1347825,266.75,887600,125950
16-12-2024 12:07,24688,588500,634250,105.15,1117100,1342675,268.8,884200,125225
16-12-2024 12:07,24689.8,588550,631750,105.3,1110400,1344125,267.9,885500,126025
16-12-2024 12:08,24689.8,588675,632100,104.75,1109575,1345050,269.25,886625,125200
16-12-2024 12:08,24687.5,585975,636250,102.55,1090575,1340875,272,891450,123450
16-12-2024 12:08,24683.65,585275,636650,102.55,1062650,1346550,272.85,892500,122850
16-12-2024 12:08,24683.65,586400,626150,104.35,1067250,1346800,269.5,891000,125250
16-12-2024 12:08,0,0,0,0,0,0,0,0,0
16-12-2024 12:08,24688,588450,630200,103.75,1090775,1340675,269.75,884400,123125
16-12-2024 12:09,24685,586525,634600,103.3,1080125,1353625,272.95,887450,124400
16-12-2024 12:09,24684,586300,635525,103.55,1034300,1355400,271.95,886400,124100
16-12-2024 12:09,24681.4,586500,634475,101,1037400,1355725,276.85,887800,126525
16-12-2024 12:09,24682,585400,639400,101,1027350,1357825,276.5,890100,119125
16-12-2024 12:09,24680,586225,649725,102.1,1031475,1361925,274.05,890025,118500
16-12-2024 12:09,24680.65,588625,647375,101.35,1035625,1351450,276.7,890375,120600
16-12-2024 12:10,24683,585350,649175,101.7,1041325,1355050,275.65,892125,125750
16-12-2024 12:10,24680,585000,648575,102.75,1042925,1347825,273.95,890150,125800
16-12-2024 12:10,24684,585750,646050,104,1067675,1341975,271.65,891175,125700
16-12-2024 12:10,24684,584475,645700,104,1069800,1339750,272.3,896975,129075
16-12-2024 12:10,24687,587000,645075,104.05,1063025,1336575,270.2,894775,129850
16-12-2024 12:10,24687,586275,646950,103.75,1058575,1340975,272.35,899550,129275
16-12-2024 12:11,24687,586050,651475,103.95,1048500,1344125,275.9,902225,121400
16-12-2024 12:11,24680.4,585375,649550,103.65,1045000,1343550,274.95,902750,122275
16-12-2024 12:11,24688.65,588350,649075,104.25,1052000,1344975,273.5,898400,126650
16-12-2024 12:11,24689.55,588075,648500,104.05,1056450,1344400,273.15,898750,126575
16-12-2024 12:11,24685.3,588775,648050,104.4,1056175,1341225,273.15,899975,126550
16-12-2024 12:11,24688.75,589675,649325,104.1,1056125,1336725,273.1,899600,126150
16-12-2024 12:12,24689,589300,646425,104.5,1058050,1341000,271.6,899600,126525
16-12-2024 12:12,24689.85,590750,647300,105.3,1052250,1340200,269.25,900350,126900
16-12-2024 12:12,24688.75,590275,644200,105.55,1100150,1333025,268.45,897025,129150
16-12-2024 12:12,24694.3,591575,646975,105.75,1100800,1336700,269.4,898375,127225
16-12-2024 12:12,24694.3,589575,648850,104.75,1100650,1360650,270.6,899650,125825
16-12-2024 12:12,24685.2,588625,648100,104.25,1042525,1369000,272.5,901700,125900
16-12-2024 12:13,24687.85,587775,650125,103.15,1043200,1368250,274.5,902075,125550
16-12-2024 12:13,24687.5,588950,648125,103.55,1049775,1372875,274.85,900125,125025
16-12-2024 12:13,24684,589575,648350,103.25,1037125,1373425,275,900425,121325
16-12-2024 12:13,24686.1,592400,647275,104.5,1042500,1352325,272,891975,115050
16-12-2024 12:13,24685.75,590475,647150,103.85,1048300,1349225,273.3,892325,118550
16-12-2024 12:13,24685.9,588325,649850,103.55,1045350,1359125,275.15,896100,117825
16-12-2024 12:14,24683.1,585700,650700,102.65,1032300,1366925,276.55,896950,113250
16-12-2024 12:14,24683.5,588600,648375,103.15,1027075,1372975,275.35,895025,115075
16-12-2024 12:14,24682.65,588375,650225,101.8,1023250,1376825,277.7,898125,116100
16-12-2024 12:14,24677.8,585850,649300,101.65,1027375,1381200,278.45,897575,118150
16-12-2024 12:14,24677.75,585675,647850,101.95,1024325,1373350,278.35,899975,109850
16-12-2024 12:14,24676.35,587125,646600,102.1,1026650,1362550,277.75,896175,111425
16-12-2024 12:15,24675.25,582850,649675,100.55,1025975,1364850,281.75,896725,109500
16-12-2024 12:15,24675.25,580650,648650,100.8,1020100,1366375,279.2,895000,107050
16-12-2024 12:15,24675.25,585500,649650,102,1055425,1361200,277.4,890300,112950
16-12-2024 12:15,24677.95,581025,650275,101.85,1049375,1362025,277.8,889800,110775
16-12-2024 12:15,24675.5,581950,648975,101.95,1056075,1356975,278.7,894550,111975
16-12-2024 12:15,24685,582875,649125,103.3,1062725,1351325,274,894575,114400
16-12-2024 12:16,24686.55,582350,651075,103.75,1067000,1336500,274,888625,114550
16-12-2024 12:16,24681.05,586375,653750,103.9,1067650,1342850,275.3,890400,113825
16-12-2024 12:16,24685.75,585775,652250,104.45,1068875,1343925,273.2,891125,115975
16-12-2024 12:16,24690,588900,649275,105.2,1071750,1336950,268.95,886225,118850
16-12-2024 12:16,24690,591700,649725,105.25,1065725,1333525,271.25,885950,117225
16-12-2024 12:16,24692,588350,651275,104.95,1063775,1354700,272,879525,122025
16-12-2024 12:17,24688,587975,651325,104.1,1060025,1361925,274.05,879075,123600
16-12-2024 12:17,24688.95,590600,652475,104.45,1056450,1358775,274.3,880100,122175
16-12-2024 12:17,24688.4,590950,652750,104.3,1066500,1358050,274.5,877275,123975
16-12-2024 12:17,24684.9,585775,653750,103.1,1063675,1401675,276.45,878450,120575
16-12-2024 12:17,24682,588175,652400,103.4,1056925,1399300,277,880700,119800
16-12-2024 12:17,24681.5,585775,653775,103.65,1065575,1403875,279,881150,120050
16-12-2024 12:18,24676.95,585350,656500,102.7,1059275,1387125,281.1,882800,118850
16-12-2024 12:18,24680,583525,658300,102.5,1053025,1389050,279.75,881700,117925
16-12-2024 12:18,24680,582925,661225,102.55,1056800,1386475,280.2,880650,119350
16-12-2024 12:18,24679.9,585650,657850,103.3,1070250,1381575,277.45,880725,120475
16-12-2024 12:18,24682.05,586125,651725,104.85,1083675,1378125,274.1,877625,123675
16-12-2024 12:18,24687.55,588150,657350,104.65,1091150,1354500,274.5,876425,123775
16-12-2024 12:19,24685.65,588100,655100,104.65,1078750,1350050,275,881425,122475
16-12-2024 12:19,24685.5,588900,656475,105.55,1083875,1357200,273,883800,124325
16-12-2024 12:19,24687.05,589250,653675,105.8,1089700,1322175,271.85,874350,126475
16-12-2024 12:19,24687,589175,651150,105.65,1088800,1329125,273.4,873750,127000
16-12-2024 12:19,24689.9,589475,655500,105.45,1071000,1334925,273.45,876300,125775
16-12-2024 12:19,24689.4,589125,654825,105.6,1081175,1337650,272.25,875200,126725
16-12-2024 12:20,24686,587800,661175,105,1075000,1339025,274.1,876650,125750
16-12-2024 12:20,24686,589725,662500,106,1074500,1361275,272,875325,125900
16-12-2024 12:20,24687.2,588875,654875,105.75,1078700,1340400,272.3,875175,125850
16-12-2024 12:20,24686.5,589350,652100,105.55,1076325,1337450,272.6,877600,125800
16-12-2024 12:20,24686.5,592100,656950,105.35,1068425,1353600,273,881625,124250
16-12-2024 12:20,24685,593050,656000,104.8,1067550,1347225,274.6,882650,127250
16-12-2024 12:21,24688.7,593625,656425,106.35,1079175,1343800,270.45,883425,129225
16-12-2024 12:21,24694.75,592325,651800,107.5,1081025,1333600,266.6,873175,129175
16-12-2024 12:21,24694.9,593300,654350,107,1076975,1328300,268.1,868350,129000
16-12-2024 12:21,24690,591025,658425,105.25,1075300,1323600,272.65,870275,130425
16-12-2024 12:21,24689.95,591800,659925,105.25,1063525,1333775,273,870525,127650
16-12-2024 12:21,24692,591225,661500,105.35,1071000,1348250,272.3,873600,140175
16-12-2024 12:22,24689.85,591100,660125,105.2,1082175,1354625,273,879275,141650
16-12-2024 12:22,24691.4,594775,655600,106.95,1091750,1353925,270,877800,144075
16-12-2024 12:22,24687.2,585400,655525,106.1,1094100,1338450,273,877450,145925
16-12-2024 12:22,24689.45,583925,661400,104.7,1081425,1343350,274.85,877650,144500
16-12-2024 12:22,24690,582400,656150,104.9,1067575,1347275,274.95,880350,138000
16-12-2024 12:22,24686.05,584275,655425,104.7,1067700,1346275,276,879425,137700
16-12-2024 12:23,24682.6,584225,652200,104.3,1071075,1353400,277.2,882300,137575
16-12-2024 12:23,24683.7,583725,652400,104.25,1067075,1358625,277.5,885625,136600
16-12-2024 12:23,24685.85,583175,654550,103.7,1063850,1364075,278.2,892650,141150
16-12-2024 12:23,24684.35,583575,654325,103.65,1066200,1368200,279.6,894350,140850
16-12-2024 12:23,24682.05,583050,652375,103.55,1068550,1361950,279.2,894350,143550
16-12-2024 12:23,24685.25,582600,653050,104.2,1074500,1360650,277,895050,141475
16-12-2024 12:24,24683.45,586475,652000,104.2,1082425,1383875,277.35,893525,145000
16-12-2024 12:24,24682.1,586200,652875,105,1077475,1384700,275.1,892950,143625
16-12-2024 12:24,24686.95,588750,657050,104.95,1085475,1344000,275.6,889925,146150
16-12-2024 12:24,24686.95,585600,659775,104.6,1078625,1350050,276.5,891475,144525
16-12-2024 12:24,24683.85,585075,656375,105.65,1088675,1348725,273.85,891550,145225
16-12-2024 12:24,24686.05,586500,652825,106.3,1089700,1341350,271.9,886400,145800
16-12-2024 12:25,24689.95,586750,656675,106,1089400,1339275,273.4,886325,145125
16-12-2024 12:25,24692.45,588450,654325,106.5,1096425,1347775,271.75,886800,143900
16-12-2024 12:25,24697.65,588150,654275,107.5,1096750,1336300,268.5,890375,143600
16-12-2024 12:25,24697.05,587925,660000,107.15,1092300,1322475,268.85,887650,141425
16-12-2024 12:25,24696.65,587125,657250,107.6,1086400,1330575,269,884850,143100
16-12-2024 12:25,24697,587950,656675,108.1,1093025,1325200,267.65,882150,144475
16-12-2024 12:26,24698.35,588350,654475,108.2,1089300,1327375,267.1,881950,147350
16-12-2024 12:26,24695.5,588075,658225,107.2,1078500,1324275,269.75,884100,143300
16-12-2024 12:26,24696.9,586250,655525,107,1078575,1332225,270.3,884950,143850
16-12-2024 12:26,24696.65,586675,657100,107.15,1083050,1329875,268,886575,147700
16-12-2024 12:26,24694.6,588775,656425,108.2,1076800,1329650,267.75,887175,145550
16-12-2024 12:26,24698.5,584375,657050,108,1092925,1324975,267,885775,150250
16-12-2024 12:27,24696.65,584650,662250,107.6,1067325,1333875,269.95,878025,142275
16-12-2024 12:27,24697,586200,661450,108.05,1085625,1331725,270.3,879600,144650
16-12-2024 12:27,24696.85,586950,661325,107.9,1089200,1335325,269.25,877250,149150
16-12-2024 12:27,24696.85,587925,658350,107.75,1093400,1334175,270,879325,146825
16-12-2024 12:27,24695,587225,665925,107.15,1080050,1343000,271.7,880300,146025
16-12-2024 12:27,24696.8,587975,659150,108.25,1088500,1340400,268.45,880375,148300
16-12-2024 12:28,24690,587525,665175,106.9,1089575,1346375,271.95,882600,150725
16-12-2024 12:28,24697.35,589025,659500,107.9,1083100,1353425,270.9,882475,146450
16-12-2024 12:28,24696.65,587825,658925,107.9,1095200,1343400,269.7,884175,145275
16-12-2024 12:28,24692.65,587475,656000,107.8,1100675,1338175,268.4,883950,144450
16-12-2024 12:28,24697,585450,658275,107.35,1091875,1343575,270.05,884800,146150
16-12-2024 12:28,24695,587150,658025,107.2,1084025,1352125,270.45,884775,145275
16-12-2024 12:29,24690,584850,659375,105.45,1062500,1373675,274.25,886300,143800
16-12-2024 12:29,24688.4,584525,657550,105.3,1058950,1380975,275.65,887150,139850
16-12-2024 12:29,24684.95,580700,658925,104.15,1035750,1386025,277.5,888100,135575
16-12-2024 12:29,24683.7,580925,659800,103.5,1035725,1384625,279.2,887525,133500
16-12-2024 12:29,24682.35,580900,660525,103.65,1020675,1383225,279.95,887450,127575
16-12-2024 12:29,24683.25,580775,658800,103.75,1032775,1388000,279.05,887725,129525
16-12-2024 12:30,24682.25,579850,663525,103,1030975,1384875,280.15,890300,129050
16-12-2024 12:30,24676.2,580075,663550,103.1,1031700,1380250,281.4,888550,131925
16-12-2024 12:30,24680,578000,660100,104.1,1032375,1375925,280.2,887850,127025
16-12-2024 12:30,24680.85,581150,653450,105.8,1050500,1366300,276.7,885350,130175
16-12-2024 12:30,24681.8,580625,659225,104.2,1047700,1380675,279.3,884025,129900
16-12-2024 12:30,24677,579750,658475,104.25,1052525,1384075,278.95,885025,131825
16-12-2024 12:31,24675.25,577500,661175,103.35,1039600,1395625,282.1,887000,129925
16-12-2024 12:31,24674.4,575650,666425,103,1032475,1389400,280.3,890825,119725
16-12-2024 12:31,24678.85,575400,657125,103.2,1040650,1381200,279.15,885225,121750
16-12-2024 12:31,24679,575725,657725,103.65,1044275,1376325,279.05,884800,124750
16-12-2024 12:31,24682.25,575050,657800,103.95,1042250,1381275,278.7,886750,124100
16-12-2024 12:31,24682.55,574975,655925,104.15,1048225,1383600,278,889850,126750
16-12-2024 12:32,24676,575425,661350,103.95,1050300,1385275,279,890550,126950
16-12-2024 12:32,24678,573625,660975,104.2,1043900,1387500,279.55,892375,125550
16-12-2024 12:32,24678,573200,658700,103.75,1045550,1393675,279.5,892200,124425
16-12-2024 12:32,24677.8,574375,657325,104.45,1058275,1406875,277.85,889025,126050
16-12-2024 12:32,24677.5,575450,655500,104.6,1060400,1396850,277.4,888450,127150
16-12-2024 12:32,24675.5,575275,655800,104.1,1054000,1404500,279.9,889525,126025
16-12-2024 12:33,24678,575775,654750,103.95,1058100,1390675,278.75,889275,127325
16-12-2024 12:33,24682.8,579000,652900,104.65,1071750,1379850,277.6,885875,128200
16-12-2024 12:33,24684.55,579050,655850,104.8,1064475,1374675,277.9,884525,128175
16-12-2024 12:33,24685.8,578800,657650,105.05,1069425,1374450,277.35,885100,129125
16-12-2024 12:33,24685.4,579575,657075,105.85,1069275,1372550,274.55,883475,131250
16-12-2024 12:33,24687.95,581600,655700,106.7,1075300,1364750,272.2,881900,135250
16-12-2024 12:34,24694.05,583550,657700,107.25,1080100,1358450,270.85,877550,131625
16-12-2024 12:34,24694.05,582725,658175,107.15,1079225,1355800,271.25,880400,130050
16-12-2024 12:34,24696,584775,655500,108.2,1077300,1356375,267.65,880925,133175
16-12-2024 12:34,24700,585375,652100,109.5,1105775,1331400,263.1,869550,133850
16-12-2024 12:34,24701,582675,650075,110,1115700,1322225,263.45,867125,135850
16-12-2024 12:34,24708.95,584275,653350,112.5,1117900,1309800,257.4,868275,133875
16-12-2024 12:35,24714.7,582850,650250,113.75,1116000,1270850,255.1,852075,133550
16-12-2024 12:35,24714.7,582700,650375,112.9,1105600,1259250,257,859500,131025
16-12-2024 12:35,24710,584525,648475,113.4,1123425,1255075,257.25,858300,137100
16-12-2024 12:35,24710,582550,652900,113.75,1113075,1262325,257,861175,136400
16-12-2024 12:35,24710,582725,654200,113.2,1091250,1268625,258.2,862625,129925
16-12-2024 12:35,24702.5,583375,657875,111.2,1086700,1284100,260.7,866950,134175
16-12-2024 12:36,24707.85,583925,650950,112.55,1078050,1278500,259.55,866500,138500
16-12-2024 12:36,24703.45,582700,652600,113,1084175,1262825,259.05,868025,141075
16-12-2024 12:36,24709.6,585125,652025,113.5,1092150,1259975,259.4,864225,141000
16-12-2024 12:36,24712.2,583750,652250,113.95,1104375,1253775,257.6,862950,142925
16-12-2024 12:36,24712.65,582050,651400,115.25,1096600,1263450,256.05,863200,143850
16-12-2024 12:36,24712.6,583500,651350,115.85,1106400,1219800,256.2,859300,141025
16-12-2024 12:37,24712,583275,658100,115.15,1107300,1222675,256,861500,138025
16-12-2024 12:37,24712.5,583875,655850,115,1104750,1234575,257.4,864875,139500
16-12-2024 12:37,24714.85,584050,658075,114.8,1112575,1246200,257,865625,139600
16-12-2024 12:37,24715,585350,654225,114.65,1111925,1252400,256,867750,144450
16-12-2024 12:37,24714,584850,656675,114.65,1117825,1261125,257,869800,145775
16-12-2024 12:37,24715,584800,658800,115,1116575,1258650,256.7,868900,140750
16-12-2024 12:38,24715,584850,650050,115.8,1128000,1260050,254.25,872050,141875
16-12-2024 12:38,24714,590225,651750,115.7,1160500,1248550,254.2,869600,140950
16-12-2024 12:38,24714,588525,649825,115.7,1167300,1231450,254.4,869950,139000
16-12-2024 12:38,24712.7,582975,649850,115.25,1158050,1250300,254.9,879775,139475
16-12-2024 12:38,24712,584225,650925,114.65,1118275,1259675,256.2,881400,140175
16-12-2024 12:38,24711,586150,650550,113.5,1117275,1265900,256.85,879750,137225
16-12-2024 12:39,24708.85,581750,657675,112.6,1112475,1276825,259.3,883075,136250
16-12-2024 12:39,24706.05,580850,656600,112.45,1073575,1279075,259.5,885825,130800
16-12-2024 12:39,24705.5,582450,658600,111.35,1086900,1283750,261.2,885275,133900
16-12-2024 12:39,24705,581550,660200,111,1076250,1288075,260.5,886000,133025
16-12-2024 12:39,24703.05,580775,661925,111.65,1074250,1292225,260.15,884525,134725
16-12-2024 12:39,24704.9,580825,654350,112,1071450,1290775,259.75,883550,142175
16-12-2024 12:40,24704.85,586500,651675,112,1075425,1286850,260.4,883125,142050
16-12-2024 12:40,24705.5,587675,653975,113.25,1089675,1288425,259,885925,141300
16-12-2024 12:40,24708,587275,651475,114.5,1105925,1272175,256.15,878600,142375
16-12-2024 12:40,24715.1,589075,650375,114.45,1111150,1266300,256.1,873325,147025
16-12-2024 12:40,24714.6,591325,654250,114.75,1116425,1278775,256.55,874475,145750
16-12-2024 12:40,24714.4,583100,655475,115,1114350,1284700,255.5,876100,144275
16-12-2024 12:41,24706.9,579950,663025,112.95,1111150,1300800,259.8,878400,142275
16-12-2024 12:41,24708,582650,656775,112.8,1093750,1304225,260,879325,139750
16-12-2024 12:41,24710,587250,655625,112.85,1106125,1297525,258,878650,143050
16-12-2024 12:41,24708,590975,655425,113.7,1114650,1289400,257.7,877025,144250
16-12-2024 12:41,24710,591150,655925,113.85,1108400,1294925,257.55,880025,143550
16-12-2024 12:41,24708,583525,657275,112.85,1109950,1300575,259.7,881700,142500
16-12-2024 12:42,24710,587575,653025,114,1109300,1300075,256.4,881500,142350
16-12-2024 12:42,24713.95,585950,658975,113.75,1114650,1301525,257.35,880000,142250
16-12-2024 12:42,24712,590000,652975,113.55,1125825,1299825,256.2,880050,143300
16-12-2024 12:42,24713.65,590150,653225,114.75,1132250,1296675,254.6,875200,143300
16-12-2024 12:42,24711.05,587125,653600,114.1,1130725,1289625,255.65,875350,141975
16-12-2024 12:42,24710,587400,650725,115,1135075,1290200,255.75,876725,142700
16-12-2024 12:43,24710,587475,651000,114.15,1134075,1297400,257.05,877675,141075
16-12-2024 12:43,24708.5,586425,651250,114.1,1124950,1311525,255.35,877175,142725
16-12-2024 12:43,24712.65,587025,651450,114.5,1126925,1304725,255.45,877200,145125
16-12-2024 12:43,24712,586200,652200,113.25,1128500,1311950,257.5,876700,143350
16-12-2024 12:43,24708,587625,656250,112.7,1113000,1316900,258.4,876825,140725
16-12-2024 12:43,24708,586450,655150,113,1115175,1315025,258,878600,140225
16-12-2024 12:44,24709,591300,653650,113.55,1121050,1306625,257.15,879800,137975
16-12-2024 12:44,24708,585000,653700,113.85,1124975,1307025,256.65,882025,138400
16-12-2024 12:44,24708.4,586025,656125,112.25,1127575,1322200,258.75,884950,138875
16-12-2024 12:44,24709,584575,656200,111.8,1111125,1325675,259.3,884725,135925
16-12-2024 12:44,24710,586400,653050,113,1118325,1315400,256.8,883075,138650
16-12-2024 12:44,24712.65,585650,650925,114.25,1127925,1309800,254.8,881300,140400
16-12-2024 12:45,24721.75,586375,651575,116,1131825,1301900,250.5,879800,141675
16-12-2024 12:45,24722.85,585450,657450,115.9,1123975,1226025,250.85,869175,140075
16-12-2024 12:45,24721.1,582325,649700,115.1,1129350,1250825,251.65,874075,140150
16-12-2024 12:45,24718.2,567800,652125,113.65,1121325,1266225,253.65,877175,137175
16-12-2024 12:45,24717.1,565325,653100,113.55,1116250,1284075,254.95,882775,135625
16-12-2024 12:45,24712.3,565075,655825,112.75,1121825,1292200,256.45,881175,134000
16-12-2024 12:46,24709.3,565500,657750,110.8,1130075,1282050,259.05,881175,137000
16-12-2024 12:46,24707,565300,653950,110.6,1100450,1283450,259.65,879800,133325
16-12-2024 12:46,24707.95,567900,650050,111.2,1092825,1282125,260,878775,127325
16-12-2024 12:46,24707.05,566375,655450,111.4,1104375,1271750,259.55,880650,129375
16-12-2024 12:46,24711.2,566550,647100,112.05,1104375,1273900,259.3,879075,131600
16-12-2024 12:46,24709.95,565500,652425,112.55,1110500,1273600,258.3,877250,133625
16-12-2024 12:47,24709.6,564375,648525,113.55,1102775,1275325,256.75,874850,132875
16-12-2024 12:47,24715,567500,651950,115.35,1115550,1268825,251,872475,133400
16-12-2024 12:47,24720,567975,651100,115.3,1121500,1273500,251.8,868975,135375
16-12-2024 12:47,24723.5,569200,651050,116.2,1115225,1266200,250.55,869200,132000
16-12-2024 12:47,24721.6,565350,651850,115.3,1118950,1263925,251.3,870350,133475
16-12-2024 12:47,24717.2,565800,648925,115.45,1122200,1263400,250.6,870325,133025
16-12-2024 12:48,24717.45,545925,646600,115.35,1127550,1266975,252.7,870450,134675
16-12-2024 12:48,24717.35,546575,646200,115.8,1120625,1268225,251.8,871675,131150
16-12-2024 12:48,24718,546800,652350,115.6,1121200,1257700,251.45,870200,132400
16-12-2024 12:48,24719.7,546850,646725,116.3,1126875,1254975,250.45,869925,131150
16-12-2024 12:48,24718.8,544850,647875,116.05,1135150,1268275,250,872450,132750
16-12-2024 12:48,24718.8,546075,643775,116.15,1129825,1266375,249.7,873000,134000
16-12-2024 12:49,24724,547275,643050,118.05,1128450,1261700,248.2,870975,132100
16-12-2024 12:49,24720.4,529750,642225,118.15,1119575,1211375,247.5,866575,134200
16-12-2024 12:49,24721.7,528175,643675,118.7,1116950,1212300,247.85,869925,134825
16-12-2024 12:49,24724,525600,645875,117.2,1117775,1226025,250.85,873050,134925
16-12-2024 12:49,24723.95,527625,646350,118.4,1124500,1228850,248.6,874125,136450
16-12-2024 12:49,24724,529675,645275,118.25,1132850,1223600,248.95,877775,139450
16-12-2024 12:50,24722.95,529900,647200,116.4,1135600,1240625,252.3,881525,135550
16-12-2024 12:50,24720.3,529875,648625,116.95,1103425,1239025,250.85,881600,134675
16-12-2024 12:50,24720,528375,649150,116,1100600,1241400,253.1,884050,132550
16-12-2024 12:50,24720.6,531725,645800,116.15,1107325,1249475,250.5,883750,131475
16-12-2024 12:50,24720.2,535975,647875,116.15,1108775,1246950,249.9,883925,136475
16-12-2024 12:50,24717,530200,650175,114.8,1104250,1266225,252.85,886300,137025
16-12-2024 12:51,24717,525475,650325,113.4,1086400,1262550,254.75,888425,135075
16-12-2024 12:51,24714.6,524625,653000,112.95,1067400,1256000,255.05,888825,132700
16-12-2024 12:51,24710,506800,651850,111.75,1068625,1254575,256,888925,132450
16-12-2024 12:51,24712,506525,651300,111.2,1068075,1260875,257.3,892400,131625
16-12-2024 12:51,24705,503300,654850,109.3,1065000,1273550,258.6,896050,133075
16-12-2024 12:51,24705,484425,656550,110,1044250,1266300,259,894475,131000
16-12-2024 12:52,24705,488150,652675,110.45,1053425,1251475,258,886200,134250
16-12-2024 12:52,24709,488600,655800,110.9,1070700,1264075,258.05,885600,136950
16-12-2024 12:52,24707.95,488950,651525,112.3,1083225,1252450,256.5,885350,135975
16-12-2024 12:52,24713.5,487850,653575,112.3,1098025,1247075,255.55,885625,140000
16-12-2024 12:52,24708,487800,658075,112.4,1095775,1257025,256.45,886125,140675
16-12-2024 12:52,24708.9,490550,654850,112.55,1095250,1257525,255.05,887075,140575
16-12-2024 12:53,24708.4,489400,653000,112.7,1092400,1260000,255,887150,139925
16-12-2024 12:53,24708.4,490675,651200,112.8,1083525,1267550,255.5,889900,141825
16-12-2024 12:53,24705.45,490650,654450,111.15,1086475,1279925,256.45,891200,142425
16-12-2024 12:53,24711.7,492375,653525,111.55,1076200,1281925,256.6,889650,139100
16-12-2024 12:53,24710,491925,649325,112.45,1094400,1269775,253.4,886225,142600
16-12-2024 12:53,24712.3,490450,651650,112.5,1113050,1261775,252.15,884875,145300
16-12-2024 12:54,24714,491750,653375,112.4,1110000,1275750,254,883475,143025
16-12-2024 12:54,24713.15,493200,655875,113.45,1112600,1280225,250.1,884925,142975
16-12-2024 12:54,24712.55,493575,651875,113.25,1109900,1274250,250.1,878475,142425
16-12-2024 12:54,24715,493600,653875,112.8,1113800,1286175,250.55,879525,143675
16-12-2024 12:54,24717.55,492275,649175,112.9,1123175,1285975,249.4,878075,143300
16-12-2024 12:54,24716.8,490875,650675,112.75,1112775,1285875,250.5,880475,143900
16-12-2024 12:55,24715.2,489475,653150,111.9,1109675,1292075,252.15,882975,142800
16-12-2024 12:55,24710,488900,660025,111.4,1103950,1293425,253.05,882325,141025
16-12-2024 12:55,24710,488275,656225,110.8,1093925,1303250,254.85,885000,142525
16-12-2024 12:55,24710,490525,651475,111.95,1082550,1292575,253.2,884225,144200
16-12-2024 12:55,24710,490550,655575,109.95,1086050,1299500,255.5,884975,142975
16-12-2024 12:55,24704.25,490375,656300,109.3,1078825,1301350,256.5,886350,139325
16-12-2024 12:56,24704.95,492575,653250,108.65,1089750,1296050,257.8,887200,139150
16-12-2024 12:56,24702.05,487025,653200,107.5,1073725,1300000,256.55,885500,138375
16-12-2024 12:56,24702,487350,651050,106.05,1053875,1297950,258.5,884775,138250
16-12-2024 12:56,0,0,0,0,0,0,0,0,0
16-12-2024 12:56,0,0,0,0,0,0,0,0,0
16-12-2024 12:56,0,0,0,0,0,0,0,0,0
16-12-2024 12:57,24701.85,488825,653875,106.25,1078275,1304075,257.8,892975,138800
16-12-2024 12:57,24701.85,492950,654100,105.55,1071150,1310525,259.6,893300,136650
16-12-2024 12:57,24701,492400,653550,105.7,1037475,1310275,259,891200,134350
16-12-2024 12:57,24701,492300,653525,105.95,1053775,1308650,258.25,888225,137000
16-12-2024 12:57,24705,494025,652375,107,1063375,1304425,255,887525,140800
16-12-2024 12:57,24705,496725,652775,107.05,1064500,1292975,257.35,888300,140150
16-12-2024 12:58,24705,497375,652775,107.55,1075275,1295075,255.5,888550,141650
16-12-2024 12:58,24705,496300,651575,107.9,1079725,1300575,254.35,887425,141000
16-12-2024 12:58,24709.45,495750,651950,108.25,1085475,1298000,254.25,884750,140625
16-12-2024 12:58,24705,495225,655500,107.8,1086400,1300325,255.45,884175,140475
16-12-2024 12:58,24708.95,495725,653575,107.8,1080300,1304525,255.05,883450,136425
16-12-2024 12:58,24705,494100,653175,107.75,1083825,1318225,256.1,884100,134250
16-12-2024 12:59,24702.3,498125,656875,107,1105050,1315725,257.4,882625,133825
16-12-2024 12:59,24701.75,493450,656800,106.8,1097025,1325925,257.5,884700,132300
16-12-2024 12:59,24708,496175,653350,107.55,1102750,1324800,256,885575,135000
16-12-2024 12:59,24704.7,499800,650800,108.3,1117575,1321700,253.85,883550,136150
16-12-2024 12:59,24705.7,499575,649925,108.75,1116725,1311750,253.3,884300,137525
16-12-2024 12:59,24708,497750,650350,109.05,1117800,1319250,253.25,888875,139725
16-12-2024 13:00,24707,496375,651250,108.8,1120325,1314150,252.1,888050,141900
16-12-2024 13:00,24715,500150,652650,110.2,1112725,1312700,249.25,875500,138600
16-12-2024 13:00,24712.55,497150,648300,110.4,1111375,1302675,248.7,873275,137550
16-12-2024 13:00,24718,497175,650100,111.05,1113200,1302025,247.35,874375,136875
16-12-2024 13:00,24713.7,498750,652550,111.3,1117975,1295150,247,873925,136125
16-12-2024 13:00,24715,497625,651875,111.05,1115700,1302400,247.55,875400,134225
16-12-2024 13:01,24715,498400,651275,110.8,1117375,1311850,248.6,879025,134975
16-12-2024 13:01,24714,498625,652650,110.5,1116750,1312450,249.8,878700,134800
16-12-2024 13:01,24715,496550,651200,109.8,1121675,1331450,251,880250,131275
16-12-2024 13:01,24711,500300,650900,110.2,1142825,1333075,249.6,883450,131075
16-12-2024 13:01,24718,499350,648550,110.3,1143550,1320200,249.95,884575,133550
16-12-2024 13:01,24717.7,499450,652600,110,1138375,1321200,249.4,883475,135200
16-12-2024 13:02,24716.95,499475,650575,110.8,1144225,1321675,248.8,882375,135525
16-12-2024 13:02,24720.4,498400,651800,110.9,1152275,1312575,248.05,880000,138350
16-12-2024 13:02,24720.85,498075,650550,112.35,1150975,1311675,244,877950,138600
16-12-2024 13:02,24717.9,498025,657350,111.7,1114775,1288975,245.25,883250,139525
16-12-2024 13:02,24716,498250,652875,110.8,1096800,1299000,246.15,879075,136250
16-12-2024 13:02,24720,497675,651300,110.55,1097400,1301800,245.95,879050,136400
16-12-2024 13:03,24724,500600,650025,112.35,1110700,1303250,243.75,878150,139125
16-12-2024 13:03,24720.45,499200,647850,112.3,1112950,1298600,242.1,878675,139950
16-12-2024 13:03,24723.2,497150,649250,111.95,1109525,1301200,242.2,878200,138800
16-12-2024 13:03,24724,499375,648000,112.7,1103975,1302575,240.05,881950,138075
16-12-2024 13:03,24724,497850,647800,112.3,1110525,1304550,240.4,878700,135800
16-12-2024 13:03,24724,499100,647875,112.25,1106525,1307000,240.25,879650,134075
16-12-2024 13:04,24721,500850,649225,111.5,1112925,1312600,241.8,881025,137950
16-12-2024 13:04,24725.6,501850,645500,112.55,1112150,1317650,241.5,881625,138400
16-12-2024 13:04,24726,503650,641775,112.4,1118575,1308475,241.7,882400,139200
16-12-2024 13:04,24726,505900,644225,112.25,1102225,1302625,242.15,882750,138000
16-12-2024 13:04,24725.95,505375,642875,112.8,1116350,1307475,241.15,883175,136925
16-12-2024 13:04,24726,504800,643150,113.45,1119500,1311725,240,881850,140550
16-12-2024 13:05,24726,503100,641925,113.55,1117825,1314175,239.05,882500,139425
16-12-2024 13:05,24731,503425,640775,115.95,1120975,1303400,234.95,881325,138150
16-12-2024 13:05,24735,501250,636500,117.05,1120375,1260550,232.7,874625,140275
16-12-2024 13:05,24735,500400,632600,116.8,1118900,1239350,233.9,875975,142825
16-12-2024 13:05,24737.95,495400,644650,115.65,1117875,1242375,235.75,879200,137650
16-12-2024 13:05,24732.85,493375,647300,115.75,1107025,1272850,235.45,880775,128450
16-12-2024 13:06,24731,493300,649700,113.8,1102350,1284975,239,883150,128850
16-12-2024 13:06,24731,490025,645300,113.25,1084275,1279700,239.45,885975,129150
16-12-2024 13:06,24722.65,491150,646275,113.25,1078575,1282825,241,885400,128675
16-12-2024 13:06,24727.6,491050,648400,112.55,1092025,1277975,241.6,886425,129475
16-12-2024 13:06,24725,490075,648825,114.5,1099200,1283000,239.75,887100,128375
16-12-2024 13:06,24727.75,490950,644225,114.55,1109700,1269325,239.7,882450,129400
16-12-2024 13:07,24725,492075,644675,113.3,1112575,1271675,242,884000,130625
16-12-2024 13:07,24726.3,489775,637775,111.55,1105875,1282275,244.35,886075,131775
16-12-2024 13:07,24724.4,488700,639700,112.2,1103825,1283850,245.4,886850,127675
16-12-2024 13:07,24721,488950,641550,112.6,1109700,1285925,245.65,887800,126500
16-12-2024 13:07,24722,489850,641375,112.5,1117625,1284900,244.95,889050,128475
16-12-2024 13:07,24724.9,490800,641175,113.7,1135325,1304700,242.8,886700,129900
16-12-2024 13:08,24724.9,490925,642150,112.7,1131925,1304175,243.6,886875,129750
16-12-2024 13:08,24720.05,488675,643000,112.3,1125350,1312900,245.2,886200,132050
16-12-2024 13:08,24722,494425,642875,112.65,1128525,1316125,243.75,887450,132975
16-12-2024 13:08,24722,492675,643200,113.4,1141500,1287375,242.95,886700,134425
16-12-2024 13:08,24730.9,494450,642875,114.6,1133375,1280375,241.2,883175,139675
16-12-2024 13:08,24729,493050,642475,114.95,1119325,1286100,239.55,880675,135300
16-12-2024 13:09,24731,493450,641000,115.2,1128575,1273425,239.9,880600,136875
16-12-2024 13:09,24733,493600,643100,117,1129300,1275200,237.6,880875,138200
16-12-2024 13:09,24731.15,494125,642325,116.9,1139400,1263225,236.8,881450,137250
16-12-2024 13:09,24732,494525,644450,116.3,1137700,1268050,238.15,881500,139025
16-12-2024 13:09,24733,492100,652600,116.55,1129250,1281150,238.6,883025,135450
16-12-2024 13:09,24733.8,494275,650475,116.7,1130850,1283025,239.2,881800,136525
16-12-2024 13:10,24736,494775,646250,117,1133775,1276550,238.25,883575,137400
16-12-2024 13:10,24737,494025,650900,116.25,1130450,1270925,238,882675,135400
16-12-2024 13:10,24733,492125,651025,116.7,1134350,1278650,237.5,884200,135400
16-12-2024 13:10,24734,495075,652400,116.25,1124875,1280250,237.65,883150,135925
16-12-2024 13:10,24735.55,493075,652775,115.75,1123000,1288075,239,883350,136725
16-12-2024 13:10,24732.25,493925,653575,115.3,1120875,1295525,239.7,884375,136650
16-12-2024 13:11,24736,496125,654325,115.9,1116850,1298650,238.8,885650,140275
16-12-2024 13:11,24734.8,496425,651950,116.3,1124100,1293425,238.85,881875,138250
16-12-2024 13:11,24729.9,492275,663025,114.65,1116550,1294175,241.15,885025,134150
16-12-2024 13:11,24726,491600,664275,112.6,1087075,1302350,244.35,885250,131425
16-12-2024 13:11,24725.95,490000,659925,112.7,1086500,1311950,243.85,885500,131825
16-12-2024 13:11,24721,490425,659650,112.15,1087650,1311600,244,886175,130350
16-12-2024 13:12,24720,489875,662875,111.25,1082825,1304100,246,878925,132725
16-12-2024 13:12,24717.4,492675,656425,111.9,1079375,1302550,244.25,876575,132825
16-12-2024 13:12,24720,491525,660325,111.65,1086350,1300675,245.4,878675,132700
16-12-2024 13:12,24718,491500,657275,111.35,1095750,1308125,245.7,880425,133300
16-12-2024 13:12,24718,491550,655550,111.55,1108775,1312875,245.25,880225,133675
16-12-2024 13:12,24719,491325,654550,112,1121850,1310625,244.05,874950,134375
16-12-2024 13:13,24722,492850,656100,112.55,1129250,1307975,244.45,875750,137625
16-12-2024 13:13,24723,493100,658200,113.45,1133050,1307675,243,874250,139900
16-12-2024 13:13,24724,491675,653150,113.85,1136875,1295800,241.5,871450,139575
16-12-2024 13:13,24724,493850,653650,114.1,1123950,1296175,240.35,869825,140300
16-12-2024 13:13,24722.3,492800,668075,113.8,1131300,1299275,241.55,871550,139700
16-12-2024 13:13,24725,493725,668250,113.85,1126600,1302675,241.35,871525,138325
16-12-2024 13:14,24723.65,491175,665000,114.75,1129575,1303675,240.55,872125,137000
16-12-2024 13:14,24723.5,492150,663975,114.8,1124625,1292725,239.8,870400,139325
16-12-2024 13:14,24723,492025,663600,114.3,1119475,1300950,240.4,870600,138050
16-12-2024 13:14,24724.95,491000,660875,114.2,1124750,1297825,240.2,871075,139700
16-12-2024 13:14,24729,491625,658700,114.95,1129600,1295350,239.35,870900,138425
16-12-2024 13:14,24730.05,492750,647100,116.05,1135800,1284975,236.7,866100,139525
16-12-2024 13:15,24732,493900,649750,116.95,1135500,1282425,235.15,867275,139550
16-12-2024 13:15,24734,493550,650925,116.3,1134875,1281400,236,869525,140675
16-12-2024 13:15,24735.9,492750,648750,116.6,1141300,1278475,235.3,869025,143900
16-12-2024 13:15,24735.9,492000,648475,115.6,1135625,1282450,237.15,868975,143750
16-12-2024 13:15,24732,490325,655800,115.75,1128150,1293350,237.05,870800,143925
16-12-2024 13:15,24734.3,492750,656950,115.55,1128450,1291450,237.8,872375,143675
16-12-2024 13:16,24728.95,489875,656500,113.75,1116975,1299325,241.25,877375,137825
16-12-2024 13:16,24731.25,490250,654375,114.4,1108100,1306500,241.15,881350,134200
16-12-2024 13:16,24730,490850,656200,115,1115600,1311575,240.15,883775,133875
16-12-2024 13:16,24731.25,493575,650850,116.25,1134575,1301850,238.45,881950,136525
16-12-2024 13:16,24731.1,492550,651450,116.8,1130800,1290300,238.25,877625,137025
16-12-2024 13:16,24731,491950,650400,117.45,1126700,1293600,236,878950,137650
16-12-2024 13:17,24736,494300,648200,117.75,1140875,1264675,236.7,871600,136775
16-12-2024 13:17,24736,491100,650725,118.4,1118675,1271025,236.1,876550,135925
16-12-2024 13:17,24736,491375,650225,117.3,1149275,1275400,237.4,878450,138075
16-12-2024 13:17,24737,489900,652650,117.4,1109875,1285675,237.9,878475,135975
16-12-2024 13:17,24747,491550,645575,120.1,1116925,1283100,231.8,879350,134250
16-12-2024 13:17,24742.5,489075,644450,119,1115750,1194425,234.15,865550,135725
16-12-2024 13:18,24739,492000,645725,118.45,1108625,1207075,234.05,870025,135500
16-12-2024 13:18,24738.95,489650,646325,118.35,1108550,1212500,234.35,877250,134050
16-12-2024 13:18,24739.7,491525,639500,118.8,1112450,1214725,233.55,875575,135275
16-12-2024 13:18,24738.9,509075,636300,118.2,1119550,1221425,234.4,872075,135475
16-12-2024 13:18,24737.95,507325,638450,118.6,1114625,1227150,233.05,872800,134225
16-12-2024 13:18,24736,506325,639100,117.45,1121075,1227800,234.45,871150,135850
16-12-2024 13:19,24732,507600,639900,116.8,1114950,1242550,234.2,835125,155525
16-12-2024 13:19,24733.6,489175,643975,117.05,1083625,1248100,233.6,835800,135200
16-12-2024 13:19,24741.85,489900,640750,118.8,1094850,1248000,229.05,832950,144750
16-12-2024 13:19,24745,490275,640100,121.1,1141250,1227800,224.75,824975,145050
16-12-2024 13:19,24748,487375,635875,121.05,1144350,1191225,224.7,819325,142725
16-12-2024 13:19,24750,488300,635025,121.55,1096675,1199950,223.95,826375,154925
16-12-2024 13:20,24751,492625,630450,121.3,1101950,1206675,222.95,824800,160250
16-12-2024 13:20,24751.95,494325,631975,121.55,1147275,1208175,222,822050,161500
16-12-2024 13:20,24755,492000,624150,122.35,1153600,1202425,218.6,812350,190050
16-12-2024 13:20,24752,490675,628000,120.3,1145150,1228200,222.75,838100,193975
16-12-2024 13:20,24747.25,491450,631325,119.95,1085425,1260150,223,839275,183200
16-12-2024 13:20,24749.45,491075,631300,119.55,1087225,1268875,223.8,839225,186725
16-12-2024 13:21,24742.3,489450,630925,117.7,1106075,1282550,226,818250,184725
16-12-2024 13:21,24745.15,490850,634675,117.6,1095000,1289500,226.7,821200,144025
16-12-2024 13:21,24746,491575,631000,119.85,1106475,1274000,223.6,815000,147675
16-12-2024 13:21,24749.7,489250,630350,120.1,1111975,1272925,223.5,818600,150100
16-12-2024 13:21,24745.5,489925,630100,120,1115500,1273075,224.55,837600,152175
16-12-2024 13:21,24747.8,491075,635400,120.8,1126150,1272975,222.65,838500,152450
16-12-2024 13:22,24747.8,488975,635850,120,1141325,1278875,225.5,820825,147925
16-12-2024 13:22,24739.25,497625,641575,118.15,1134325,1291450,228.6,827200,136925
16-12-2024 13:22,24741.45,492725,639600,117.8,1090200,1303400,228.4,825175,139100
16-12-2024 13:22,24739.35,492550,638050,118.3,1095725,1304975,227.5,926075,139850
16-12-2024 13:22,24738,493050,639925,116.7,1109025,1313350,229.85,927900,135250
16-12-2024 13:22,24737,496650,639000,117.15,1102400,1315075,230.1,927100,141750
16-12-2024 13:23,24737,495050,641000,116.1,1095275,1317900,232,925050,142075
16-12-2024 13:23,24736.3,489575,642850,114.4,1072850,1325800,234.8,926800,139675
16-12-2024 13:23,24735,490100,646375,113.55,1047825,1336725,235.35,925500,138550
16-12-2024 13:23,24732,489900,646675,114.75,1042975,1297800,234.55,927225,139950
16-12-2024 13:23,24731.3,490025,645100,114.55,1054625,1298650,234.05,926350,144525
16-12-2024 13:23,24735,491600,650400,114.25,1043400,1298175,235,924975,149400
16-12-2024 13:24,24735.45,492125,649250,114.9,1047900,1303825,233.65,926125,148125
16-12-2024 13:24,24730,489175,650800,112.9,1043875,1320800,237.6,927800,148500
16-12-2024 13:24,24725.3,490750,650475,111.4,1027075,1318550,238.35,929125,141250
16-12-2024 13:24,24725,489750,649825,111.25,1020725,1321800,239.85,928950,137900
16-12-2024 13:24,24720.35,487925,651750,110.7,1020150,1323550,240.6,927600,136950
16-12-2024 13:24,24721,483150,652000,109.15,991075,1330725,242.95,928700,135600
16-12-2024 13:25,24716.4,488800,653075,109.6,984125,1334900,242.15,928350,133925
16-12-2024 13:25,24717.1,490900,650625,110.2,993250,1335850,242,926375,134625
16-12-2024 13:25,24718.5,493750,653875,109.2,1010575,1339850,243.7,928650,134675
16-12-2024 13:25,24720.85,499050,648025,109.65,1006025,1336175,243.85,926600,129800
16-12-2024 13:25,24715.1,499675,651175,108.6,1014550,1325425,245.1,927325,130400
16-12-2024 13:25,24716.35,501050,649800,109.6,1019625,1322850,243.35,930600,133150
16-12-2024 13:26,24716.25,500025,651575,108.9,1029425,1319925,245.75,931550,133725
16-12-2024 13:26,24715,493750,653625,106,1017050,1328900,249.25,932875,130450
16-12-2024 13:26,24711.1,487300,651900,106.05,973275,1339150,249.8,933325,123175
16-12-2024 13:26,24712.05,488775,651200,105.75,961975,1317275,249.6,931650,127050
16-12-2024 13:26,24710.1,489950,651200,106.6,976800,1308725,248.5,932875,125825
16-12-2024 13:26,24710.1,491325,655875,106.5,972025,1324050,249,938600,126900
16-12-2024 13:27,24715.2,496950,656450,107.25,991575,1318825,246.8,939025,130050
16-12-2024 13:27,24719.9,497025,655550,108.45,994675,1307250,244.5,933625,132100
16-12-2024 13:27,24712.4,499950,654750,107.65,1000550,1320300,246,936100,131875
16-12-2024 13:27,24715,498200,655700,107.5,1010625,1325950,245.95,935625,130475
16-12-2024 13:27,24716.55,499075,654425,108.3,1007700,1327000,245.75,933825,130175
16-12-2024 13:27,0,0,0,0,0,0,0,0,0
16-12-2024 13:28,24717,498175,652900,107.6,1011025,1329250,247.6,937125,136650
16-12-2024 13:28,24716,496300,656175,108.1,1015125,1337475,247.55,937750,137350
16-12-2024 13:28,24716,496675,655525,108.05,1021450,1331225,246.5,938250,137725
16-12-2024 13:28,24716,500525,656425,109.15,1023800,1339025,244.1,940000,141775
16-12-2024 13:28,24718.25,500700,653625,109.05,1021150,1309925,243.05,937200,144500
16-12-2024 13:28,24716.55,501475,653625,109.45,1026425,1303750,243.05,933275,143050
16-12-2024 13:29,24716,499700,654675,109,1024925,1305475,244,932275,143375
16-12-2024 13:29,24717,500625,655700,109.3,1028525,1312825,243.15,933550,142925
16-12-2024 13:29,24717.9,499725,653350,110,1040000,1300550,240.95,929600,143450
16-12-2024 13:29,24720,500300,653675,109.45,1036675,1296450,242,926375,144575
16-12-2024 13:29,24718,501925,656200,109,1035725,1307925,242.3,928100,143875
16-12-2024 13:29,24718.75,502800,657900,108.35,1021800,1317900,245,929175,145825
16-12-2024 13:30,24715,499125,659175,107,1011800,1320700,246.7,930975,144700
16-12-2024 13:30,24717.15,500625,658925,107.35,995950,1328000,246.8,932600,141050
16-12-2024 13:30,24717.25,503025,653425,108.65,1015250,1323425,242.85,932400,143225
16-12-2024 13:30,24724.95,503700,654075,110.6,1027850,1308675,239.2,928725,146650
16-12-2024 13:30,24723.15,506850,656800,110.4,1093775,1305225,240.5,927775,144750
16-12-2024 13:30,24722.95,508475,658900,109.6,1172100,1316225,241.55,929025,145025
16-12-2024 13:31,24723,515225,657175,110.3,1318150,1320325,240.7,930225,145175
16-12-2024 13:31,24720.25,514025,656725,110.25,1427625,1326700,239.7,931525,146475
16-12-2024 13:31,24724.45,513775,655925,110.4,1533000,1324100,238.45,929550,148700
16-12-2024 13:31,24723.65,514300,656700,110.6,1558575,1325725,237.65,931275,154525
16-12-2024 13:31,24724,514900,656975,110.45,1564850,1321725,236.7,932475,153975
16-12-2024 13:31,24724,514775,658725,110.1,1727800,1319725,238.9,935900,154325
16-12-2024 13:32,24720.95,514500,659825,108.7,1722250,1324500,241.15,941025,154850
16-12-2024 13:32,24720,514725,660600,108.5,1715800,1327600,241.6,938800,153750
16-12-2024 13:32,24720.35,511600,661550,107.7,1697300,1340600,243.45,938775,154150
16-12-2024 13:32,24721.75,496000,661250,107.75,1702725,1340725,244.45,939925,154250
16-12-2024 13:32,24720,494950,662900,108.05,1700075,1342600,243.75,940100,155500
16-12-2024 13:32,24719,494725,663275,108.9,1078400,1338575,242.1,939950,158650
16-12-2024 13:33,24720,496150,661750,109.1,1080675,1335775,242.7,940125,157650
16-12-2024 13:33,24716,492625,669950,107.25,1073100,1349400,245.15,943125,155000
16-12-2024 13:33,24716,491575,669050,106.65,1058375,1352325,246.4,943450,152025
16-12-2024 13:33,24716,492175,667900,107.05,1062500,1356150,245.45,944350,152675
16-12-2024 13:33,24717,494375,664400,108.4,1072550,1356900,243.6,945250,155075
16-12-2024 13:33,24724,496575,662850,110.5,1085850,1331925,238.45,942450,157625
16-12-2024 13:34,24726.55,495725,661525,110.8,1090225,1313800,237.05,936025,159350
16-12-2024 13:34,24720.7,495775,663375,110.25,1095650,1324400,238.5,934675,157100
16-12-2024 13:34,24716.75,495700,666700,108.75,1078150,1334600,241.7,937325,152650
16-12-2024 13:34,24720,497075,665500,107.6,1066600,1342925,242.2,936200,156700
16-12-2024 13:34,24718,496175,666750,108.5,1061425,1342325,241.45,937450,155000
16-12-2024 13:34,24717,496000,665750,107.75,1065125,1349200,241.35,938550,154725
16-12-2024 13:35,24717,495800,665500,108.3,1094600,1345775,241.25,934875,157675
16-12-2024 13:35,0,0,0,107.5,1075900,1362625,243.7,938900,155275
16-12-2024 13:35,24715,495925,664550,106.85,1069550,1364075,244,938600,154975
16-12-2024 13:35,24712,496125,664675,105.8,1075600,1371150,246,939875,155750
16-12-2024 13:35,24712,493950,664100,106.6,1065900,1370650,245.1,939275,151100
16-12-2024 13:35,24712,496825,664100,106.6,1075350,1376500,245.45,939375,152750
16-12-2024 13:36,24716.25,495975,661200,107.75,1087700,1363475,242.9,938875,155275
16-12-2024 13:36,24716.25,495125,662575,107.5,1091200,1366800,244,939700,154925
16-12-2024 13:36,24716.5,499725,661325,108,1096275,1369775,241.2,939225,153800
16-12-2024 13:36,24720.15,500000,660425,109,1096875,1372100,238.85,936025,155650
16-12-2024 13:36,24718.5,500000,661625,108.9,1102625,1363750,239.95,934250,153400
16-12-2024 13:36,24720,499650,663800,108,1088500,1367275,241.65,939250,153375
16-12-2024 13:37,24717,490400,666175,106.45,1080525,1374500,245,940850,153525
16-12-2024 13:37,24717,496875,665175,107.7,1077175,1368275,242.5,939100,151525
16-12-2024 13:37,24719,497500,660700,108.6,1088625,1360800,240.5,937100,153350
16-12-2024 13:37,24720,497525,663700,108.35,1090400,1359425,241.2,936450,152650
16-12-2024 13:37,24719.95,493400,669975,107.5,1081450,1362450,242.85,938675,152875
16-12-2024 13:37,24720,494700,662875,107.45,1081400,1369150,243,939400,151425
16-12-2024 13:38,24719.5,495525,666525,107.85,1089250,1363925,242.15,938325,151425
16-12-2024 13:38,24719.5,495775,663450,107.8,1089525,1366250,241.7,936375,151525
16-12-2024 13:38,24719.65,496350,664175,107.55,1090000,1368375,241.8,935250,152200
16-12-2024 13:38,24720,497450,663975,108.35,1095975,1371700,239.25,934200,153600
16-12-2024 13:38,24720,498050,662600,108.7,1098575,1375075,238.15,934225,154425
16-12-2024 13:38,24722.95,497925,664725,108.2,1110950,1364725,239.35,932775,154975
16-12-2024 13:39,24726.15,495650,663100,107.5,1099425,1369375,240.25,933475,153650
16-12-2024 13:39,24721.45,497725,664950,108.4,1099800,1371450,237.85,933975,153525
16-12-2024 13:39,24725,498650,662550,109.5,1102950,1364675,235.7,931550,158975
16-12-2024 13:39,24725.5,497825,662375,109.4,1107925,1360600,233.4,930475,160375
16-12-2024 13:39,24725,498050,662725,108.1,1098825,1361350,235.55,927575,159125
16-12-2024 13:39,24726,497575,662600,108.95,1096400,1359975,234.8,927400,161325
16-12-2024 13:40,24728.15,500850,661175,109.8,1098900,1360550,231.75,926800,156925
16-12-2024 13:40,24732,502800,660400,111.05,1116650,1347575,229.8,922750,160000
16-12-2024 13:40,24735,503300,660625,111.5,1150400,1339300,229,919375,158875
16-12-2024 13:40,24736.9,503125,659850,112.45,1161150,1330625,227.3,918650,158675
16-12-2024 13:40,24736.75,497175,663275,111.2,1150325,1339850,231.7,921700,156800
16-12-2024 13:40,24732.3,498075,664600,110.9,1145225,1343075,230.35,920475,156550
16-12-2024 13:41,24735,500875,661950,112.05,1151275,1335000,228.5,921000,157825
16-12-2024 13:41,24734.7,499975,661050,112.65,1159100,1334200,226,921600,157725
16-12-2024 13:41,24736.15,499925,661150,111.6,1154925,1335550,227.25,919750,159750
16-12-2024 13:41,24737.9,499025,662000,111.7,1157700,1348825,228.25,922000,158275
16-12-2024 13:41,24738,502150,660775,112.4,1160200,1353500,227.25,922200,158350
16-12-2024 13:41,24740,498875,661125,112.4,1156750,1352375,226.95,923525,160225
16-12-2024 13:42,24735.25,499075,666575,110.4,1149800,1365900,230.65,927425,159425
16-12-2024 13:42,24735,495050,664900,110.65,1133425,1365875,230.55,927800,156475
16-12-2024 13:42,0,0,0,0,0,0,0,0,0
16-12-2024 13:42,0,0,0,0,0,0,0,0,0
16-12-2024 13:42,0,0,0,0,0,0,0,0,0
16-12-2024 13:42,0,0,0,0,0,0,0,0,0
16-12-2024 13:43,24735,495425,655275,109.55,1097650,1387000,233.45,930575,156200
16-12-2024 13:43,24726.1,494625,659375,108.85,1072400,1392925,234.95,930900,154925
16-12-2024 13:43,24730,494400,656775,108.7,1054375,1387200,234.15,929900,150075
16-12-2024 13:43,24726,496125,658275,107.5,1055600,1381125,236.8,929975,151425
16-12-2024 13:43,24726,494050,659350,107.1,1051900,1390550,237.2,932775,149250
16-12-2024 13:43,24725,494650,661550,107.6,1055300,1390400,237,932925,146475
16-12-2024 13:44,24722.7,495425,662900,107.75,1061400,1398925,237.1,931700,146150
16-12-2024 13:44,24722.85,496125,666850,107.65,1068575,1392100,236.9,930400,148925
16-12-2024 13:44,24725,495600,667325,106.75,1071400,1396700,237.65,934250,148050
16-12-2024 13:44,24723.3,497300,668750,107.05,1068700,1396650,237.05,934375,146425
16-12-2024 13:44,24728.45,498400,667000,108.05,1089200,1389225,235.9,930200,147750
16-12-2024 13:44,24730,499025,665850,108.7,1089450,1375875,233.5,928825,149600
16-12-2024 13:45,24730.5,499000,667925,109,1092175,1373250,233.35,929300,150400
16-12-2024 13:45,24729.75,496850,667275,108.75,1077325,1379925,233.55,929250,146900
16-12-2024 13:45,24725,495000,672350,107.1,1076500,1388350,237.9,929025,145525
16-12-2024 13:45,24725.95,494650,666950,106.75,1068050,1391475,237.35,930300,143600
16-12-2024 13:45,24731,498375,664675,107.95,1084850,1386900,235.05,928375,147625
16-12-2024 13:45,24730,500475,667375,107.8,1086100,1377650,234.45,927050,146600
16-12-2024 13:46,24727.2,500350,666825,107.75,1091800,1380450,236.95,927550,147150
16-12-2024 13:46,24730.2,502300,658600,108.05,1094600,1382450,235.05,927875,147750
16-12-2024 13:46,24726.2,502450,658525,107.7,1098675,1382300,236,927925,148375
16-12-2024 13:46,24729.45,504375,653375,107.6,1104250,1382375,236.55,927975,148875
16-12-2024 13:46,24729.45,502550,652150,107.25,1096050,1384575,236.75,929325,149175
16-12-2024 13:46,24730,502300,651450,107.8,1103125,1385425,236,929475,151500
16-12-2024 13:47,24723.4,503600,653575,107.2,1102125,1405300,236.75,929775,149575
16-12-2024 13:47,24730.35,506700,655375,108.05,1103650,1389250,235.35,929175,148400
16-12-2024 13:47,24729.55,505025,653775,107.65,1116750,1382675,235.7,927375,148500
16-12-2024 13:47,24728.75,502200,654075,107.05,1108300,1391600,237.65,927375,147950
16-12-2024 13:47,24725.2,501875,653600,105.2,1095600,1394375,240,929525,147525
16-12-2024 13:47,24725.4,501150,653150,106.05,1052050,1400275,239.1,930625,144225
16-12-2024 13:48,24716,496275,654275,102.4,1049975,1406450,244.5,930925,140575
16-12-2024 13:48,24709.8,494325,653275,98.95,998025,1407850,247.85,931825,130000
16-12-2024 13:48,24708.55,501225,653525,100.25,940525,1400925,247.85,933675,128050
16-12-2024 13:48,24709.8,505225,651225,101.7,977325,1386950,245.5,928950,136725
16-12-2024 13:48,24714.45,500075,655325,101.05,983325,1402900,245.75,931250,140525
16-12-2024 13:48,24710,498550,655275,101.1,969350,1409125,246.75,935300,145175
16-12-2024 13:49,24708.45,503950,653675,102.1,989175,1407125,244.85,937000,146800
16-12-2024 13:49,24713,503725,654275,102.9,1006175,1415775,244.6,941375,148950
16-12-2024 13:49,24708,499550,654600,101.35,993800,1434700,247.55,944175,150450
16-12-2024 13:49,24709.6,503175,651725,101.95,984400,1429975,246.6,944475,144675
16-12-2024 13:49,24708,501425,653275,101.65,983650,1432550,245.85,943450,144000
16-12-2024 13:49,24708.55,503050,651800,102.35,991600,1423100,245.1,942025,143800
16-12-2024 13:50,24709.35,504375,651925,102.95,1014400,1411100,243.05,937675,142650
16-12-2024 13:50,24714,503025,651550,103.2,1021675,1407700,242.9,935650,137300
16-12-2024 13:50,24717.4,500675,650275,103.3,1021175,1404250,243.4,934700,139700
16-12-2024 13:50,24717.55,503400,650325,104,1027925,1407275,241.45,934500,142475
16-12-2024 13:50,24716.45,503050,650925,103.95,1022700,1404550,242,936475,145850
16-12-2024 13:50,24710.65,505450,653400,102.85,1017950,1410850,244.5,938000,146100
16-12-2024 13:51,24714.05,505350,651775,102.2,999650,1420550,245.3,938525,145575
16-12-2024 13:51,24709,501750,650075,102.05,991525,1427600,245.8,939925,144100
16-12-2024 13:51,24716,507125,650700,103.1,1008125,1426500,243.5,939000,144800
16-12-2024 13:51,24713,504525,650200,103.65,1012525,1410075,242,938675,149650
16-12-2024 13:51,24720,506450,649900,104.4,1020350,1401325,238.65,937675,147425
16-12-2024 13:51,24719.65,504675,650350,104.35,1021075,1380700,239,929700,148375
16-12-2024 13:52,24719.65,502000,649075,104.65,1018025,1381025,238.05,928800,150800
16-12-2024 13:52,24720.9,504550,649175,105.05,1009550,1388200,237.15,929400,151300
16-12-2024 13:52,24723.1,503925,651150,105.75,1017825,1378125,234.85,927450,151300
16-12-2024 13:52,24724.45,502425,650300,106.35,1016050,1379800,233.4,928950,151750
16-12-2024 13:52,24725,503675,649300,108.4,1014725,1372500,233.65,925400,149700
16-12-2024 13:52,0,0,0,0,0,0,0,0,0
16-12-2024 13:53,24732.2,500600,649350,108.3,1018650,1353650,230.2,924325,155025
16-12-2024 13:53,24730,501325,651350,108.35,1022600,1367600,231.05,927650,155325
16-12-2024 13:53,24730,502275,649825,108.6,1039925,1362150,230.05,927050,154625
16-12-2024 13:53,24733,501900,650300,110,1049375,1356150,228.4,928575,151550
16-12-2024 13:53,24731.5,503825,649525,109.45,1055775,1335925,229.1,925450,151550
16-12-2024 13:53,24734,503525,652425,109,1043650,1338025,230.2,930100,151350
16-12-2024 13:54,24731.7,502975,652175,110,1043425,1351950,228.55,931600,152625
16-12-2024 13:54,24733.95,503975,651750,109.1,1042600,1347300,229.85,933675,152200
16-12-2024 13:54,24735.2,503750,651475,109.75,1030850,1347225,228.15,932925,149600
16-12-2024 13:54,24738.2,501775,651525,109.55,1031125,1344150,228.45,932650,149400
16-12-2024 13:54,24737.95,500800,654200,109.8,1038975,1346650,228.3,933950,149925
16-12-2024 13:54,24737,501600,653875,110,1042375,1359175,228.45,933875,154475
16-12-2024 13:55,24740,502100,651650,110.95,1045675,1356000,225.25,932650,155075
16-12-2024 13:55,24741,501925,653475,110.1,1045775,1346925,227.3,937725,151600
16-12-2024 13:55,24742,502725,652400,110.5,1049500,1356100,226.75,941150,152325
16-12-2024 13:55,24740,504250,654850,110.15,1043050,1353300,227.75,937475,154000
16-12-2024 13:55,24740,502975,656500,111,1034750,1358100,226.65,929400,152725
16-12-2024 13:55,24737,502200,656775,110.05,1039850,1354400,227.75,930475,152050
16-12-2024 13:56,24739.45,504175,658175,109.25,1035675,1375175,229.2,936425,147950
16-12-2024 13:56,24735,504450,654850,109.6,1038900,1377200,228.3,931225,146400
16-12-2024 13:56,24733,504125,655325,108,1039750,1373225,230.7,932725,146800
16-12-2024 13:56,24734.95,505225,654300,108.55,1029450,1377375,229.9,932900,144650
16-12-2024 13:56,24730,504775,655125,107.5,1031950,1393800,230.9,932075,145225
16-12-2024 13:56,24731.8,504950,652275,107.8,1002525,1391500,229.95,930100,148550
16-12-2024 13:57,24728.1,507250,653825,107.35,1007050,1398450,230.1,932625,149100
16-12-2024 13:57,24729,505275,653475,106.3,1004500,1409200,231.45,933825,147025
16-12-2024 13:57,24729,503550,654225,106.35,1001375,1411425,231.45,935175,145950
16-12-2024 13:57,24726.85,504100,653125,106.85,1015175,1391625,230.6,933850,145925
16-12-2024 13:57,24729,504325,652400,107.7,1029475,1392600,229,934200,147625
16-12-2024 13:57,24733.65,504200,653600,106.8,1031050,1393400,229.3,930250,148675
16-12-2024 13:58,24731.15,505375,655825,107.95,1037625,1395425,227.6,930900,153250
16-12-2024 13:58,24731,503650,652025,106.95,1042200,1391125,229.25,928925,151300
16-12-2024 13:58,24732.95,504350,652050,107.95,1038875,1389775,226.4,927900,150725
16-12-2024 13:58,24730.7,503000,652475,108.25,1034725,1390625,226.8,929525,149200
16-12-2024 13:58,24729.65,499975,652275,107.4,1031000,1393525,228.4,932075,149225
16-12-2024 13:58,24729.65,503125,652925,106.7,1020875,1403175,229.3,936450,149750
16-12-2024 13:59,24728.65,504475,652225,105.8,1023150,1397800,230.95,934250,147625
16-12-2024 13:59,24728.65,506475,652475,106.45,999100,1408225,230.05,933150,146325
16-12-2024 13:59,24728.35,506450,652950,106.85,1004225,1405200,227.75,931800,146975
16-12-2024 13:59,24734.65,507425,651700,108.2,1010325,1399125,224.6,927750,147525
16-12-2024 13:59,24736.65,504550,651725,109,1021150,1386950,221.9,923475,149425
16-12-2024 13:59,24738.05,501700,651950,108.15,1018525,1387975,224.2,922675,145925
16-12-2024 14:00,24735,503850,653775,108.35,1008650,1394275,224.3,924450,146800
16-12-2024 14:00,24733.15,503525,655825,107.75,1000200,1395300,224.7,924675,145525
16-12-2024 14:00,24727.35,500300,656000,105.9,999325,1415900,226.9,926400,145000
16-12-2024 14:00,24735,502100,654925,107,1003375,1419100,224.6,927900,144725
16-12-2024 14:00,24737,502925,654250,107.6,1008675,1402525,222.7,918975,147250
16-12-2024 14:00,24738.45,502825,653850,108.75,1014500,1388550,219.85,916200,153350
16-12-2024 14:01,24741.2,502900,654125,109.55,1029950,1389200,219.2,914975,149350
16-12-2024 14:01,24747,501375,652525,110.75,1036100,1387650,214.05,917025,155225
16-12-2024 14:01,24744.4,501475,649300,111.35,1031300,1381000,214.75,914750,150400
16-12-2024 14:01,24747.8,502975,647825,111.8,1033200,1355050,214.5,914800,150825
16-12-2024 14:01,24745,501925,649850,111.45,1030800,1357500,216.2,917000,147550
16-12-2024 14:01,24747.95,501900,650400,111,1032850,1366225,216.9,919500,142550
16-12-2024 14:02,24747.8,500825,656225,110.55,1020875,1367300,218.25,922625,142875
16-12-2024 14:02,24745.55,503475,653625,111.55,1047700,1371400,217.05,926525,143025
16-12-2024 14:02,24747,502525,650350,111.9,1079975,1372650,215,922450,145025
16-12-2024 14:02,24749.9,501975,648125,111.95,1060250,1374175,215,919875,148300
16-12-2024 14:02,24745.15,503050,650075,111.8,1061850,1382050,215.6,920250,149075
16-12-2024 14:02,24750,504050,648450,111.35,1044350,1385275,215.45,919450,150850
16-12-2024 14:03,24746.05,498825,652725,110.2,1039425,1403900,218.4,923650,146350
16-12-2024 14:03,0,0,0,0,0,0,0,0,0
16-12-2024 14:03,0,0,0,0,0,0,0,0,0
16-12-2024 14:03,0,0,0,0,0,0,0,0,0
16-12-2024 14:03,0,0,0,0,0,0,0,0,0
16-12-2024 14:03,24742,497875,653975,0,0,0,0,0,0
16-12-2024 14:04,24743,499475,653475,110.4,1049350,1406000,217.95,925450,149175
16-12-2024 14:04,24744,498825,653475,110.7,1047175,1403425,218.05,926100,147975
16-12-2024 14:04,24749.05,501675,651425,113.5,1056325,1391675,213.05,921200,151800
16-12-2024 14:04,24749,499950,651400,112.65,1049600,1363500,214.6,923800,152750
16-12-2024 14:04,24747,501825,651375,112,1039925,1418025,215.2,926300,146675
16-12-2024 14:04,24747.8,503600,652975,112.6,1047550,1417975,213.4,925950,145100
16-12-2024 14:05,24749,502000,652925,111.7,1058325,1361075,216.55,923050,146850
16-12-2024 14:05,24747,502725,653425,112,1043200,1386900,215.8,929000,143600
16-12-2024 14:05,24747,503300,652525,112,1056375,1374150,215,937325,148850
16-12-2024 14:05,24747,501200,651700,111.35,1055750,1380475,216.9,936900,149025
16-12-2024 14:05,24749,501250,651975,111.9,1051225,1384800,215.85,937950,149400
16-12-2024 14:05,24745,500325,654700,110.4,1052100,1399800,218,942000,150275
16-12-2024 14:06,24746,501425,653950,110.8,1030375,1412875,218.9,942950,143500
16-12-2024 14:06,24745.95,500150,657525,110,1026225,1418850,219.75,944225,140300
16-12-2024 14:06,24745,499750,656475,110.55,1036250,1416600,219.2,946900,144600
16-12-2024 14:06,24744,501675,653475,111.8,1049275,1414600,217,946075,147525
16-12-2024 14:06,24742.65,500650,653650,111,1047950,1407975,218.3,941925,145025
16-12-2024 14:06,24744,501125,653775,111.45,1044225,1410575,216.5,942125,154175
16-12-2024 14:07,24741,502950,654775,109.95,1045575,1413950,219.65,947925,154300
16-12-2024 14:07,24742,500925,655200,110.1,1049025,1422950,219.15,949075,154250
16-12-2024 14:07,24742,505325,653575,110.55,1063400,1415850,218.35,944475,155450
16-12-2024 14:07,24743.95,503050,653425,111,1069975,1414175,217.35,942125,156500
16-12-2024 14:07,24748,505375,652075,112.1,1073925,1414800,215.6,943400,158300
16-12-2024 14:07,24749,502825,651625,111.45,1075725,1405075,215.95,938225,157525
16-12-2024 14:08,24748.25,502225,652800,110.55,1084975,1415625,217,937350,159175
16-12-2024 14:08,24742.95,500125,655375,110.65,1059175,1421475,218.5,940150,157325
16-12-2024 14:08,24737.8,500875,656600,109.3,1061650,1433325,220.3,941250,158275
16-12-2024 14:08,24740.1,502100,654400,109.5,1057925,1423150,218.7,940375,162050
16-12-2024 14:08,24740,503650,656175,109,1062150,1429675,218.15,943350,163850
16-12-2024 14:08,24742.55,503250,653000,110.45,1067675,1422200,216.45,942300,163725
16-12-2024 14:09,24745,502175,653475,109.5,1063775,1424625,218.2,942250,162975
16-12-2024 14:09,24744.9,506050,653550,111.3,1069125,1427300,215.05,942750,162875
16-12-2024 14:09,24748.95,501875,651525,111.5,1069000,1400900,215.65,933400,161425
16-12-2024 14:09,24745.3,502275,651725,111.75,1071225,1397250,214.3,938075,161650
16-12-2024 14:09,24748.95,502775,651775,112.05,1075000,1393200,213.75,937700,161675
16-12-2024 14:09,24760,502950,650700,114.15,1086950,1381725,209.8,931025,161575
16-12-2024 14:10,24764.95,502300,640700,115.5,1073025,1363950,206.1,923725,161450
16-12-2024 14:10,24765.8,502000,635950,115.35,1075850,1317400,206.8,918050,167700
16-12-2024 14:10,24767.4,499350,638025,115.85,1075900,1313825,205.85,921200,169450
16-12-2024 14:10,24762.05,500325,637650,114.85,1075300,1319975,207.75,921700,163475
16-12-2024 14:10,24762.5,500725,641425,114.85,1068225,1343100,208,926025,161800
16-12-2024 14:10,24760,499900,641300,113,1064100,1353025,211,927775,162800
16-12-2024 14:11,24757.15,494675,645550,112.1,1040275,1359450,213.1,931000,158775
16-12-2024 14:11,24758.7,498900,643025,113.25,1026975,1360500,211.8,929450,161375
16-12-2024 14:11,24757.1,498175,641825,112.75,1033225,1361075,212.8,933425,165350
16-12-2024 14:11,24754.3,498600,646325,111.9,1038400,1366175,214.2,932250,165125
16-12-2024 14:11,24753,497950,648775,110.35,1037075,1375950,216.65,933125,162200
16-12-2024 14:11,24747.6,497975,649650,109,1017275,1380125,218.5,932900,154525
16-12-2024 14:12,24746,496750,651400,107.6,1008875,1386800,220.4,933175,154875
16-12-2024 14:12,24742,497125,651100,107.45,995625,1391325,222.05,934200,143000
16-12-2024 14:12,24742,495875,651425,106.8,1006550,1409050,223.5,936175,141850
16-12-2024 14:12,24742.25,496125,646300,107.4,1008875,1405750,223,934500,146775
16-12-2024 14:12,24741.1,495250,648925,107.55,1026025,1414275,222.4,959300,148250
16-12-2024 14:12,24743,497975,648650,108,1042325,1400600,222.3,936100,151600
16-12-2024 14:13,24739.8,496000,651150,106.3,1038750,1415475,225.55,942425,141675
16-12-2024 14:13,24735.95,493650,650350,104.6,981150,1415850,227.8,943750,139500
16-12-2024 14:13,24732.25,494200,651025,104,1005300,1428075,228.45,944900,166200
16-12-2024 14:13,24729,493825,650925,104.35,989175,1425500,228.7,947000,161100
16-12-2024 14:13,24725.2,494100,648675,102.8,984725,1433800,231.45,943025,157875
16-12-2024 14:13,24726,495600,649300,103.4,994025,1426950,231.25,947950,136875
16-12-2024 14:14,24730,497875,649950,104.9,1013875,1428575,229.95,948000,141125
16-12-2024 14:14,24729.1,499775,647200,104.5,1025725,1426200,230.95,947050,141700
16-12-2024 14:14,24728.55,497500,646700,105.25,1041625,1433050,231.25,946450,136975
16-12-2024 14:14,24732.8,498000,648225,104.7,1048575,1419900,231,945050,143550
16-12-2024 14:14,24730,498625,650625,105.35,1052375,1419725,229.7,944350,143325
16-12-2024 14:14,24734.5,499050,650400,105.3,1059725,1416275,229.9,945950,143475
16-12-2024 14:15,24734,502475,646850,105.65,1069250,1409900,229.1,944325,142750
16-12-2024 14:15,24732.5,499225,650750,106.1,1063575,1409425,228,944575,142150
16-12-2024 14:15,24731.65,501825,648925,106,1072700,1430475,228.45,944950,143825
16-12-2024 14:15,24730.9,501575,648550,106.15,1078575,1433075,227.85,946050,141700
16-12-2024 14:15,24730,498900,649875,104.9,1072550,1422525,231.15,945375,142075
16-12-2024 14:15,24730.05,500550,647225,106.55,1061100,1422925,228.05,943950,142300
16-12-2024 14:16,24734.8,503275,648400,106.55,1071375,1417900,228.35,942175,143550
16-12-2024 14:16,24730,498100,649250,106,1068425,1432800,229.05,942875,143000
16-12-2024 14:16,24735,502000,648050,106.85,1070400,1424600,226.85,940350,144675
16-12-2024 14:16,24738.35,503300,648000,107.2,1084700,1413800,225.45,941575,139575
16-12-2024 14:16,24734.7,505650,647850,107.8,1079450,1399125,226.1,935375,147850
16-12-2024 14:16,24734.75,506025,646500,107.7,1070950,1410300,225,937225,145675
16-12-2024 14:17,24739,508300,646325,108.25,1078300,1404025,223.65,939775,148250
16-12-2024 14:17,24735.4,505450,646300,108.3,1082025,1406900,223.65,938700,150550
16-12-2024 14:17,24738,504850,646875,106.95,1080825,1419850,227,940250,150075
16-12-2024 14:17,24736,501375,646925,106.3,1046450,1422150,228,943150,150275
16-12-2024 14:17,24736,498600,648250,107.6,1044100,1428625,228.4,944525,142175
16-12-2024 14:17,0,0,0,0,0,0,0,0,0
16-12-2024 14:18,24735,505150,648425,107.05,1055525,1422250,226.35,938300,146750
16-12-2024 14:18,24735,501475,649500,106.05,1059550,1425025,228.15,941450,147425
16-12-2024 14:18,24735,505225,649100,106.75,1048650,1430200,227,943150,145350
16-12-2024 14:18,24735,506600,647775,107,1054675,1425300,226.15,941925,146800
16-12-2024 14:18,24733.65,501700,648100,105.7,1055275,1437525,229.35,944000,146925
16-12-2024 14:18,24730,501600,648825,105.55,1041000,1442525,229.65,946150,144350
16-12-2024 14:19,24730,501825,651075,105.05,1040750,1446500,229.95,947525,144950
16-12-2024 14:19,24730.75,501475,647850,103.45,1036375,1455525,231.45,943250,141350
16-12-2024 14:19,24730.75,501525,648450,103.65,1035775,1453375,231.25,942700,143075
16-12-2024 14:19,24729.7,503900,648850,104.05,1047175,1448700,230,943450,144400
16-12-2024 14:19,24728.35,502225,648825,103.5,1047700,1448325,232,945675,141750
16-12-2024 14:19,24726.95,503525,648925,104.2,1059625,1449125,230,946025,147475
16-12-2024 14:20,24727.75,508800,649675,104.95,1071625,1447200,228.45,942450,145600
16-12-2024 14:20,24735,524975,648525,106.35,1070625,1442900,225.85,941525,145850
16-12-2024 14:20,24736.1,525575,650200,105.5,1072450,1437375,226.8,940600,145575
16-12-2024 14:20,24731.45,508875,648400,105.45,1076975,1441850,226.85,939950,145175
16-12-2024 14:20,24733.45,505925,648100,106.7,1067275,1443600,223.9,940500,145500
16-12-2024 14:20,24738,509625,649850,105.45,1069200,1442025,224.1,938800,145350
16-12-2024 14:21,24739,508075,648050,106.45,1072225,1440600,222,934250,144975
16-12-2024 14:21,24736,503400,652025,105.3,1067750,1448325,225.3,940000,142975
16-12-2024 14:21,24735,503075,651075,105.05,1061675,1455225,226.9,938950,141300
16-12-2024 14:21,24733.7,501425,650100,104.2,1054950,1462325,228.95,940100,140575
16-12-2024 14:21,24733.25,499525,647725,103.6,1047200,1464850,230.95,941150,138900
16-12-2024 14:21,24730,500050,644675,103.45,1058450,1464750,231,945525,136775
16-12-2024 14:22,24730,499900,645550,103.8,1057500,1465925,230.15,945825,135150
16-12-2024 14:22,24731.35,503325,646450,104.8,1065700,1464475,228.3,937200,135925
16-12-2024 14:22,24730,503225,650725,102.9,1067950,1466700,231.85,943075,138100
16-12-2024 14:22,24729.7,502025,651675,102.5,1057675,1487050,231.7,945625,136525
16-12-2024 14:22,24729.7,502025,649375,102.8,1067225,1492925,231.2,942925,141150
16-12-2024 14:22,24728.25,498600,650775,102.4,1061375,1501100,231.8,945150,142125
16-12-2024 14:23,24722,499475,653050,100.35,1028225,1493875,235.05,945975,134425
16-12-2024 14:23,24715,497000,650650,99.7,966500,1497525,235.65,945750,128650
16-12-2024 14:23,24715.25,501850,648125,100,981850,1466050,235.25,944125,136775
16-12-2024 14:23,24715.5,503725,648525,100.15,993150,1462700,235.85,942150,140100
16-12-2024 14:23,24716,501000,650400,99.5,985925,1467525,237.55,943125,145550
16-12-2024 14:23,24716.95,504600,650550,100.7,1001075,1454600,236.2,943725,148800
16-12-2024 14:24,24720,501350,648050,101.2,1013275,1443975,234,944325,148700
16-12-2024 14:24,24720,505100,648000,101.85,1026525,1443275,234.15,940375,153550
16-12-2024 14:24,24721.95,502675,648150,101.25,1024975,1452825,235.75,942075,152400
16-12-2024 14:24,24720.95,503425,648125,102,1022700,1458775,233.55,944750,153100
16-12-2024 14:24,24719.95,504750,647850,102,1027350,1470350,234.1,942850,152500
16-12-2024 14:24,24719.45,506075,647875,102.2,1021875,1498575,234.3,944050,153175
16-12-2024 14:25,24722.95,504150,649250,100.85,1017100,1487975,234.6,944050,152850
16-12-2024 14:25,24719,504325,648125,100.75,1012025,1488825,234.7,943350,162025
16-12-2024 14:25,24722,507000,647025,102,1026900,1488450,231.55,946950,159725
16-12-2024 14:25,24729.85,506550,646900,102,1031625,1471175,231.55,940600,160800
16-12-2024 14:25,24726.6,503625,649675,101.1,1029400,1478600,234.3,941725,159625
16-12-2024 14:25,24726.6,501225,650275,101.3,1025250,1479625,234.25,942575,157200
16-12-2024 14:26,24722.1,501425,648650,99,1021600,1481875,234.8,943225,153925
16-12-2024 14:26,0,0,0,0,0,0,0,0,0
16-12-2024 14:26,0,0,0,0,0,0,0,0,0
16-12-2024 14:26,0,0,0,0,0,0,0,0,0
16-12-2024 14:26,0,0,0,0,0,0,0,0,0
16-12-2024 14:26,0,0,0,0,0,0,0,0,0
16-12-2024 14:27,24714.6,501150,653225,99.25,1025800,1491325,238.25,947450,153675
16-12-2024 14:27,24715.25,504400,653850,100.2,1027125,1494200,236.6,950100,156250
16-12-2024 14:27,24724.75,507300,653650,101.05,1038150,1481200,234.9,943150,172375
16-12-2024 14:27,24721.4,507375,653500,101.4,1042225,1456525,232.75,940100,176075
16-12-2024 14:27,24722,506850,653200,102,1042450,1452550,231.55,937700,179350
16-12-2024 14:27,24722,506000,655375,101.9,1038500,1447425,233.05,938525,176975
16-12-2024 14:28,24722.1,505950,659550,101.7,1029425,1451800,233.3,938300,174225
16-12-2024 14:28,24722,503800,658850,101,1030050,1461475,234.8,938950,172675
16-12-2024 14:28,24722,505050,656125,100.3,1030700,1468425,234,941050,173900
16-12-2024 14:28,24722,503650,652975,101.85,1032275,1460325,233.55,939925,175400
16-12-2024 14:28,24722.2,501625,652150,101.35,1035300,1465575,234.1,941000,178300
16-12-2024 14:28,24722,500575,658575,100.8,1030500,1477100,235.35,943100,177175
16-12-2024 14:29,24722,499975,657675,99.65,1032375,1481000,236.8,942500,175050
16-12-2024 14:29,24720.15,499900,656375,100.05,1021000,1490225,237.6,944225,164200
16-12-2024 14:29,24718.4,500425,658300,99.2,1020375,1484275,238,945325,163875
16-12-2024 14:29,24716,500675,655200,99.9,1010725,1486125,236.1,943775,164950
16-12-2024 14:29,24721.1,503500,652925,100.45,1023875,1477800,236,939675,164825
16-12-2024 14:29,24718.15,500675,654350,100,1018825,1484700,236.3,941525,164500
16-12-2024 14:30,24722.1,500925,650800,101.25,1034350,1475225,232.85,936925,165450
16-12-2024 14:30,24729.9,504150,650850,102.05,1042075,1461350,231.05,936875,164625
16-12-2024 14:30,24727.8,501050,655550,102.55,1036175,1443750,231.7,932525,164400
16-12-2024 14:30,24729.9,501275,657025,102.25,1037600,1441300,231.75,933500,166525
16-12-2024 14:30,24728.95,504350,651150,103.2,1040575,1449000,229.1,933675,168525
16-12-2024 14:30,24726.45,502550,653000,103,1047275,1435150,229.15,929425,167175
16-12-2024 14:31,24729,501850,651275,103.55,1050575,1429250,230,929325,166825
16-12-2024 14:31,24734,499350,652225,103.5,1039250,1439150,228.45,930675,165100
16-12-2024 14:31,24735,499175,650125,103.85,1041800,1429300,226.45,931025,166250
16-12-2024 14:31,24733,500475,652125,104.5,1056375,1428300,226.2,931550,166575
16-12-2024 14:31,24733,499550,656275,103.4,1054525,1444050,228.75,932075,168300
16-12-2024 14:31,24733.5,500350,655175,104,1053150,1441450,228.45,933125,167650
16-12-2024 14:32,24730.1,499550,654425,103.35,1047225,1447600,229.65,939275,164125
16-12-2024 14:32,24732.15,499625,655550,103.85,1050525,1444900,228.4,938025,167700
16-12-2024 14:32,24728.95,495900,656225,102.85,1047225,1459550,230.5,938350,170300
16-12-2024 14:32,24725.65,499025,655300,103.35,1036325,1456550,229,939350,168225
16-12-2024 14:32,24730,501900,652900,103.95,1045300,1455525,228.3,938350,170350
16-12-2024 14:32,24726.65,500850,655250,104.4,1046500,1447025,228.1,937800,171800
16-12-2024 14:33,24726.7,500000,654100,103.7,1045325,1449200,229.1,938225,171850
16-12-2024 14:33,24728.6,500775,653725,104.65,1044250,1453250,226.3,940575,175225
16-12-2024 14:33,24730.85,502925,652275,104.8,1045375,1450425,225.9,938875,177625
16-12-2024 14:33,24734.95,502725,651525,104.3,1047750,1443525,227,941950,180900
16-12-2024 14:33,24730,502500,656600,103.4,1040600,1456825,228.55,944600,178275
16-12-2024 14:33,24732.3,503875,652850,104.5,1033500,1458100,226.95,948575,177925
16-12-2024 14:34,24733,502075,653875,104.1,1032875,1456275,227.5,947950,178150
16-12-2024 14:34,24730,503150,653650,104.45,1038200,1454275,225.2,946200,178525
16-12-2024 14:34,0,0,0,104.25,1033650,1452575,225.1,941800,178100
16-12-2024 14:34,0,0,0,0,0,0,0,0,0
16-12-2024 14:34,24732.75,498875,651250,0,0,0,0,0,0
16-12-2024 14:34,0,0,0,103.9,1034950,1436450,225,934400,171525
16-12-2024 14:35,24734.65,501875,651575,105.3,1041275,1442225,221.05,936175,178525
16-12-2024 14:35,24738,501900,649625,106.05,1047900,1431100,219.55,935025,180175
16-12-2024 14:35,24739,504575,649250,105.7,1040275,1418200,220.75,930425,175875
16-12-2024 14:35,24740.1,504575,650075,105.8,1054750,1416825,219.95,930050,175225
16-12-2024 14:35,24741.1,505025,649025,106.2,1057375,1415675,218.05,928800,175325
16-12-2024 14:35,24742.25,504075,649450,106.25,1052600,1427300,218.85,925100,174525
16-12-2024 14:36,24745,503575,652825,106.55,1048100,1428725,218.65,925625,172850
16-12-2024 14:36,24740.05,503925,652400,106.3,1047250,1428850,218.75,925100,174075
16-12-2024 14:36,24741.1,505675,651450,106.8,1051125,1432250,216.45,923000,176875
16-12-2024 14:36,24745.9,505700,647750,107.15,1052625,1421150,215.7,922625,175700
16-12-2024 14:36,24749.5,501475,649675,107,1054150,1416000,217.15,927750,174100
16-12-2024 14:36,24748,499950,647900,107.85,1070600,1413050,214.3,926425,172800
16-12-2024 14:37,24748.25,487550,648800,108.45,1081875,1390675,214.15,921100,171400
16-12-2024 14:37,24744.95,485350,649625,108.25,1065250,1396550,214,923175,169200
16-12-2024 14:37,24748,488700,648675,108.55,1046325,1385450,213.7,923225,171600
16-12-2024 14:37,24748,487350,650225,108.2,1042375,1388825,214.65,926475,167900
16-12-2024 14:37,24746,489525,650525,108.15,1038250,1390900,215.15,930275,168275
16-12-2024 14:37,24747,489050,650075,108.2,1046075,1392350,215.05,927850,166675
16-12-2024 14:38,24747,487975,650100,107.95,1038950,1398125,215.65,933275,167475
16-12-2024 14:38,24747,487800,652075,107.1,1037675,1405425,216.4,935575,168775
16-12-2024 14:38,24746,488275,650375,107.95,1030150,1402850,215.3,934400,170475
16-12-2024 14:38,24742.35,488075,650500,107.9,1042675,1404125,214.8,932025,173650
16-12-2024 14:38,24745.05,488600,649500,108.65,1042150,1396800,214.15,931250,173350
16-12-2024 14:38,24747,488050,649850,107.9,1043525,1399425,214.85,931475,171225
16-12-2024 14:39,24748,487100,649625,107.8,1033050,1413700,213.85,933225,172450
16-12-2024 14:39,24747.15,489800,649300,108.6,1032225,1423750,213.25,934450,171000
16-12-2024 14:39,24747,485925,649650,107.55,1035550,1402350,214.9,931875,175000
16-12-2024 14:39,24745.45,488100,648175,108.4,1050725,1408525,213.45,932125,173725
16-12-2024 14:39,24747.55,489675,648150,108.4,1052275,1412625,212.5,932650,171400
16-12-2024 14:39,24747,489050,649025,107.9,1055375,1415075,213.9,932625,170725
16-12-2024 14:40,24743.4,486750,653950,106.25,1045750,1433175,217.25,934800,166400
16-12-2024 14:40,24744.95,488025,652425,107.35,998900,1436300,215.1,938650,161525
16-12-2024 14:40,24745,487500,648450,107.85,1013425,1421025,214,940550,164925
16-12-2024 14:40,24745.25,487925,648525,107.7,1009425,1422350,213.5,938675,165300
16-12-2024 14:40,24741.5,487475,651300,107.8,1000875,1434075,214.3,942750,164975
16-12-2024 14:40,24746,486600,648500,108,1005400,1436050,212.8,942000,164575
16-12-2024 14:41,24752.4,486900,647125,110.35,1005600,1433050,208.95,938150,167375
16-12-2024 14:41,24750.45,487200,643850,110.4,1001900,1381525,209.55,932625,166050
16-12-2024 14:41,24750,488400,643025,110,1005325,1383850,210.25,937550,165725
16-12-2024 14:41,24748.5,487850,644125,108.35,991025,1405100,213.3,941475,159750
16-12-2024 14:41,24749,487100,644275,108.05,984550,1403800,213.3,941975,163150
16-12-2024 14:41,24745.1,485950,646800,106.55,978500,1396700,215.75,948950,160825
16-12-2024 14:42,24745,486600,651000,106.55,972125,1408475,215.35,948975,159450
16-12-2024 14:42,24739.75,485900,650450,106.3,975525,1412350,215.85,945225,162150
16-12-2024 14:42,24745,486025,647275,107.9,991450,1403150,213,945450,165325
16-12-2024 14:42,24747.95,487250,644450,108.1,1004425,1392800,212.3,935250,168725
16-12-2024 14:42,24747.2,487175,644425,108.1,1006575,1430325,211.95,935825,171225
16-12-2024 14:42,24744.2,486725,644600,107.9,1005000,1437725,212.6,937850,166100
16-12-2024 14:43,24746,486575,644475,107.45,1008275,1450150,213.3,938725,167850
16-12-2024 14:43,24746,487325,644675,106.95,998025,1461500,212.45,938525,165350
16-12-2024 14:43,24744.25,487775,645225,107.1,1003125,1457325,212.7,937500,170350
16-12-2024 14:43,24749,488925,643700,108.95,1017925,1457725,209.6,938125,176650
16-12-2024 14:43,24750.8,490200,641975,109.35,1023475,1434250,208.95,933125,179675
16-12-2024 14:43,24752,490100,645800,108.6,1018075,1446325,210.6,932400,177325
16-12-2024 14:44,24750.2,492900,642800,109.75,1020750,1441175,208.9,935000,176050
16-12-2024 14:44,24755,493025,642475,110.85,1039150,1428225,206.05,933350,176250
16-12-2024 14:44,24753.4,493400,643025,111.4,1039725,1340525,205.1,928150,172300
16-12-2024 14:44,24758,494525,643050,109.5,1025625,1347375,208.2,929925,170525
16-12-2024 14:44,24754,495475,648150,110.9,1013175,1344025,206.9,931325,168900
16-12-2024 14:44,24759,495225,641800,111.25,1011000,1342350,206.1,929375,167500
16-12-2024 14:45,24759.8,494475,641075,112.35,1022875,1324500,204.15,923400,175325
16-12-2024 14:45,24760,494350,643050,111.7,1015925,1341825,204.4,925500,172600
16-12-2024 14:45,24758.4,493025,643450,110.5,1013850,1351125,207.15,930650,170750
16-12-2024 14:45,24758.8,497175,645475,110.2,1005975,1356675,207.15,931050,169750
16-12-2024 14:45,24752,496350,645425,109.2,1005925,1356225,209.05,934975,168550
16-12-2024 14:45,24754,497400,645025,108.7,1003525,1374800,210.2,937050,171050
16-12-2024 14:46,24750.1,497650,645900,109.5,1010500,1375825,208.3,934775,169150
16-12-2024 14:46,24754.5,497275,645225,109.35,1016425,1377300,208.45,934100,171300
16-12-2024 14:46,24753.55,493350,649525,107.9,1017175,1389150,210.95,933175,168650
16-12-2024 14:46,24748.2,497000,647175,108.1,1000775,1386800,211.7,936000,160950
16-12-2024 14:46,24751.9,495250,647200,108,994150,1387500,212,936475,163375
16-12-2024 14:46,24750.7,496600,646400,107.4,995350,1389750,212.75,937900,161700
16-12-2024 14:47,24750.6,495625,649225,106.95,1002775,1400500,213,938900,166600
16-12-2024 14:47,24746.95,498225,648950,108.05,1008900,1395100,212,938050,166725
16-12-2024 14:47,24748.05,497150,647625,109.15,1015425,1379700,209.25,932550,171850
16-12-2024 14:47,24745.55,499125,656000,108.85,1014750,1374350,210.15,932425,172800
16-12-2024 14:47,24750,498150,657225,108.7,1008100,1380625,209.9,934825,172075
16-12-2024 14:47,24752,498050,658400,108.95,1014250,1377700,208.95,933750,172550
16-12-2024 14:48,24752.5,498625,657100,110.25,1015300,1371850,208,933975,175400
16-12-2024 14:48,24755,496575,659675,108.75,1006375,1380925,210.2,932750,173300
16-12-2024 14:48,24748.1,497025,662625,108.75,1007425,1397075,210.3,934275,172700
16-12-2024 14:48,24752.2,495050,660775,108.3,1008200,1404425,211.6,935325,167450
16-12-2024 14:48,24752.3,495600,660450,109.55,1022075,1392650,209.6,933450,172675
16-12-2024 14:48,24754,494900,659775,109.5,1022125,1384550,210,933350,175400
16-12-2024 14:49,24756,495700,660175,110.2,1018425,1380325,209.4,933200,180850
16-12-2024 14:49,24754,494250,663350,109.5,1014075,1387750,209.3,933425,179450
16-12-2024 14:49,24755,493350,663350,109.2,1002900,1397375,209.75,934425,183050
16-12-2024 14:49,24753.35,493900,663900,108.8,1010650,1402300,211,936725,180950
16-12-2024 14:49,24751.9,494175,663475,108.15,1001900,1405400,211.05,940925,179050
16-12-2024 14:49,24754.6,494900,662350,109.2,1004150,1408875,210.55,940225,182375
16-12-2024 14:50,24753.8,496275,660925,109.65,1006600,1400675,209.3,938500,180925
16-12-2024 14:50,24753.35,496325,661500,110.3,989175,1389100,207.85,934800,183000
16-12-2024 14:50,24753.45,494275,661675,109.05,991450,1402625,209.85,941375,187950
16-12-2024 14:50,24752.25,495000,664075,107.95,991975,1409725,211.95,943275,188075
16-12-2024 14:50,24752,494000,660975,109.05,981675,1404275,210.4,940900,181625
16-12-2024 14:50,24754,495975,660700,110.6,986025,1403625,207.45,939250,181850
16-12-2024 14:51,24755,495900,660300,109.6,992275,1391375,208.6,936400,181800
16-12-2024 14:51,24752.15,495125,661450,110.3,987775,1392725,207.7,934275,182475
16-12-2024 14:51,24752.15,496550,660325,110.15,988550,1384225,207.3,934900,181625
16-12-2024 14:51,24752.2,494125,663000,108.4,988600,1393425,210.05,936725,182600
16-12-2024 14:51,24753.5,494825,662500,108.2,985850,1401375,210.8,939575,177425
16-12-2024 14:51,24754.7,495025,663200,108.8,997625,1403875,209.75,936575,180125
16-12-2024 14:52,24750.35,494550,665425,108.3,991025,1405975,210.75,941425,180675
16-12-2024 14:52,24746.95,494450,664075,108.6,974525,1407025,210.35,940450,174750
16-12-2024 14:52,24751.7,494625,669225,110.35,977075,1403450,207.2,942050,186850
16-12-2024 14:52,24754.65,494675,667450,110.5,983700,1388575,207.05,936825,185850
16-12-2024 14:52,24754.7,494325,665275,109.8,991875,1381400,207.25,936700,186925
16-12-2024 14:52,24754.6,495300,667250,109.35,986650,1386800,208.45,936975,185875
16-12-2024 14:53,24750.6,494975,667900,109.6,980625,1386950,207.85,936800,187575
16-12-2024 14:53,24750.6,494925,670275,109.35,977625,1393525,208.55,937550,184225
16-12-2024 14:53,24750.65,494950,669050,108.65,979950,1392800,208.25,939000,185575
16-12-2024 14:53,24752,492725,670500,107.95,980525,1393125,209.7,937300,185725
16-12-2024 14:53,24751.95,496550,671500,107.8,973450,1399775,210,941225,180650
16-12-2024 14:53,24750,495700,670725,107.05,969800,1405250,211.45,943975,183150
16-12-2024 14:54,24746,493575,673700,105.65,952325,1410950,212.65,946675,177450
16-12-2024 14:54,24744.6,491875,675300,105,906350,1411300,214.2,946600,166200
16-12-2024 14:54,24740.35,491100,677450,103.25,906800,1405750,217.25,948375,164450
16-12-2024 14:54,24740,490425,677175,103.75,916050,1397500,215.95,949700,157775
16-12-2024 14:54,24738.2,490875,675375,104.4,927675,1397450,215.8,945725,161200
16-12-2024 14:54,24738.7,490250,673875,105.5,953800,1393175,214,946675,159600
16-12-2024 14:55,24746.4,490975,672800,106.8,966600,1376450,211.6,936925,165525
16-12-2024 14:55,24747.2,493275,674725,107.2,972150,1377425,212.35,936125,168000
16-12-2024 14:55,24747,493150,678400,106.15,972825,1384925,213.05,938625,169400
16-12-2024 14:55,24745,491725,677225,106.4,961450,1388250,213.95,942475,166975
16-12-2024 14:55,24744.9,493000,675725,106.5,949850,1391175,213.7,943425,166475
16-12-2024 14:55,24744.1,493750,673825,107.35,959825,1389200,211.25,942475,172575
16-12-2024 14:56,24746.05,493875,672825,107.65,963400,1379575,211.25,938800,174625
16-12-2024 14:56,24747.45,493750,670025,108.65,962300,1371425,209.85,932975,174750
16-12-2024 14:56,24748,493925,674425,108,963175,1378075,211.15,934600,173575
16-12-2024 14:56,24750,493875,673725,108.5,950975,1384825,209.15,934575,175350
16-12-2024 14:56,24751.95,492825,672550,109,951500,1381200,208.1,932950,176475
16-12-2024 14:56,24751.85,493625,671975,109.2,953000,1370025,207.95,930750,176475
16-12-2024 14:57,24748.05,493500,673350,108.35,949675,1372350,209.4,930775,179850
16-12-2024 14:57,24753.1,493000,673825,109.15,961325,1376075,208.8,931700,181500
16-12-2024 14:57,24751.7,492375,676375,107.65,960950,1383150,211.2,935800,182425
16-12-2024 14:57,24749.45,491925,676825,108.3,945775,1388000,210.3,935300,176275
16-12-2024 14:57,24747.7,492300,675225,108.4,953100,1385500,209.95,940450,175675
16-12-2024 14:57,24752,493175,674325,109,956250,1383225,208.45,936850,179000
16-12-2024 14:58,24751,492900,673375,109.55,959000,1365425,207.8,934125,179375
16-12-2024 14:58,24751.5,493575,673100,109.7,959425,1373600,207,936675,181075
16-12-2024 14:58,24751.5,493625,675875,108.75,963700,1348200,208.8,937800,183575
16-12-2024 14:58,24751.5,489950,677650,108,952400,1359650,209.85,939075,177175
16-12-2024 14:58,24755,491875,674500,109.65,962625,1355550,207.45,936725,175750
16-12-2024 14:58,24756,493125,674325,109.45,969850,1348825,207.45,937425,175925
16-12-2024 14:59,24757,493450,668850,110.5,974275,1343375,205.45,936000,173250
16-12-2024 14:59,24754.8,490250,675625,110.6,971175,1329200,206.05,934850,171950
16-12-2024 14:59,24752,490875,671700,110.35,979475,1326250,206.6,938775,173350
16-12-2024 14:59,24755,491550,669350,110.45,977225,1330950,206.4,941475,173700
16-12-2024 14:59,24755,491825,675550,110.7,981600,1329525,206,941375,174225
16-12-2024 14:59,24755,490650,674025,110.2,977625,1320575,207.05,940875,170075
16-12-2024 15:00,24765,491175,668250,114.35,978825,1306825,199.5,931050,169300
16-12-2024 15:00,24775,494100,660375,115.75,975275,1266725,195,907700,163975
16-12-2024 15:00,24760.65,491625,656450,113.1,971825,1202050,201.4,908825,156100
16-12-2024 15:00,24766.65,492525,662750,112.35,959475,1221025,202.7,915775,151250
16-12-2024 15:00,24764,496425,662675,113.25,957975,1230250,201.5,914050,151375
16-12-2024 15:00,24761,495275,661500,111.9,965425,1236750,203.4,922225,153500
16-12-2024 15:01,24760.5,496525,663300,113.1,975675,1240550,201.65,924650,157775
16-12-2024 15:01,24757,494125,659100,112.25,983000,1256775,202.3,918225,158000
16-12-2024 15:01,24751.35,492925,666825,107.3,960200,1274675,210.1,924450,150750
16-12-2024 15:01,24750.05,488125,669825,107.8,918775,1276850,209.95,920325,142775
16-12-2024 15:01,24739,484700,669075,104.85,905800,1285100,214.2,919850,140575
16-12-2024 15:01,24745.7,490000,664200,104.95,921750,1280050,214.7,924125,143450
16-12-2024 15:02,24738,486175,668225,104.25,906600,1292775,216.1,928625,143225
16-12-2024 15:02,24739.85,487900,666425,104.9,917700,1291425,215.25,925625,140750
16-12-2024 15:02,24744.05,490850,664125,106.45,934600,1270875,212.35,919200,147025
16-12-2024 15:02,24743.65,488700,669600,105.2,926325,1280325,214.9,919300,144625
16-12-2024 15:02,24744.25,492100,665950,106.65,940025,1282950,212,919075,144800
16-12-2024 15:02,24747,492950,666100,107.55,946425,1275725,210.1,918150,147625
16-12-2024 15:03,24747.15,493275,667625,105.9,951150,1289225,213.05,911275,148750
16-12-2024 15:03,24747.2,490225,672475,105.85,938825,1299100,214,920625,147150
16-12-2024 15:03,24745.3,492175,670475,106.8,954800,1302825,212,920325,152925
16-12-2024 15:03,24745.35,489950,664275,106.8,953175,1300300,212.1,926800,153525
16-12-2024 15:03,0,0,0,0,0,0,0,0,0
16-12-2024 15:03,24749.45,493150,653150,0,0,0,0,0,0
16-12-2024 15:04,24749.15,494400,662750,107.75,956150,1288900,208.95,914700,162000
16-12-2024 15:04,24749.65,495850,664175,108.3,953700,1291000,208.9,917150,162700
16-12-2024 15:04,24753.25,491925,667450,107,946675,1311925,210.75,922950,156650
16-12-2024 15:04,24753.3,492450,665600,107.45,947575,1312725,209.45,924025,159875
16-12-2024 15:04,24750.85,493375,668400,106,952375,1309975,212.25,922025,159075
16-12-2024 15:04,24747,491725,666575,107.4,957925,1314800,211.7,923075,157700
16-12-2024 15:05,24748.65,493050,663025,107.7,977775,1313700,209.3,921400,163850
16-12-2024 15:05,24749.05,494175,661500,108.05,984400,1300375,209.3,918375,167225
16-12-2024 15:05,24752.7,494225,661850,107.85,981375,1289275,209.85,920275,170475
16-12-2024 15:05,24752.7,492400,660675,107.4,971425,1307650,210.55,922225,172075
16-12-2024 15:05,24750.85,492075,665675,106.4,956000,1316825,213,927475,166775
16-12-2024 15:05,24750,490125,668550,106,964150,1314650,213.45,925375,165300
16-12-2024 15:06,24746.5,487275,670300,104.55,963575,1328825,215.15,922250,150975
16-12-2024 15:06,24740.05,489675,669100,104.45,946875,1333725,216,925800,145350
16-12-2024 15:06,24744,489725,664350,104.3,962425,1328075,217.2,927075,141950
16-12-2024 15:06,24740.05,491250,667450,104.65,969500,1334150,216.4,925875,144925
16-12-2024 15:06,24740,489325,668175,103.7,973600,1328100,217,925850,143325
16-12-2024 15:06,24740,488650,668800,103.15,973025,1332525,218.3,929950,153525
16-12-2024 15:07,24731,481075,671975,98.65,949250,1340725,225.85,933850,144100
16-12-2024 15:07,24728,482425,669475,99.4,875600,1345725,224.9,937675,127575
16-12-2024 15:07,24729.85,484425,665675,100.85,884800,1345300,222.8,927125,126850
16-12-2024 15:07,24732,487600,665875,100.95,892575,1349750,222.75,923100,132975
16-12-2024 15:07,24732,485125,665600,100.3,892275,1364775,223.95,923075,132650
16-12-2024 15:07,24730.5,483750,667225,100.95,888200,1373500,225.7,922975,128825
16-12-2024 15:08,24730.5,486300,665900,101.5,897300,1363000,224,922650,131350
16-12-2024 15:08,24727.95,485300,665050,101.8,915275,1355950,224.7,926025,135450
16-12-2024 15:08,24731,484375,666800,102.05,912400,1361575,225.4,926200,136850
16-12-2024 15:08,24730.95,487525,665050,101.75,929475,1341100,225.5,927300,135125
16-12-2024 15:08,24730,485925,669250,102.35,915100,1348950,225.75,923175,131625
16-12-2024 15:08,24730,485450,667500,102.3,922100,1341325,225.55,924325,136250
16-12-2024 15:09,24731.2,485950,667325,103.5,927175,1326000,225.9,921075,139625
16-12-2024 15:09,24732.8,485950,668500,103.6,923400,1326625,226.45,919925,138950
16-12-2024 15:09,24730.85,484425,667775,103,918850,1337775,228.25,925800,133950
16-12-2024 15:09,24732.4,484025,667000,103.65,924100,1341625,227.6,925500,129400
16-12-2024 15:09,24733.05,486825,670125,105.1,931125,1315200,224.25,927775,129850
16-12-2024 15:09,24737.85,485825,667600,105.55,936400,1290900,223.4,920450,138300
16-12-2024 15:10,24734.75,484750,674450,105.35,936950,1281675,225.9,918075,136400
16-12-2024 15:10,24734.35,484750,670675,105.4,929025,1298175,225.35,920600,135600
16-12-2024 15:10,24734.95,485700,674925,104.9,938600,1290700,226.55,923750,139625
16-12-2024 15:10,24735.75,484150,671050,105,950425,1285925,225.15,920725,138975
16-12-2024 15:10,24734.6,483125,674350,105.35,929250,1290750,225.75,918475,130575
16-12-2024 15:10,24732.7,485525,673250,105.2,935075,1285900,225.85,916550,132100
16-12-2024 15:11,24735,487200,671900,105,938725,1281200,225.75,916750,136225
16-12-2024 15:11,24735.65,485775,675650,105.35,938225,1281425,225.25,917575,135950
16-12-2024 15:11,24732.65,487300,674950,105.35,937900,1280075,226.3,920125,135525
16-12-2024 15:11,24733.15,486625,674800,104.9,926925,1282075,226.25,919925,135800
16-12-2024 15:11,24733.05,485925,674425,104.1,924500,1283350,227.75,918375,136550
16-12-2024 15:11,24734.6,486325,674525,104.5,922650,1277850,227.45,917525,135500
16-12-2024 15:12,24731.4,484325,675425,103.6,917375,1285275,228.6,918050,131075
16-12-2024 15:12,24732.1,484475,673075,103.1,921400,1282675,229,920000,128100
16-12-2024 15:12,24732.65,485150,674400,103.8,919525,1279475,227.6,920275,131050
16-12-2024 15:12,24732.15,487000,674750,104.8,936725,1275500,225.05,916375,131275
16-12-2024 15:12,24732.25,487325,674625,104.7,943900,1261350,225.65,915325,135375
16-12-2024 15:12,24738.65,489425,673875,105.15,891225,1266550,223.4,912450,134275
16-12-2024 15:13,24737.35,490975,676350,104.4,850525,1262650,224.95,906875,131225
16-12-2024 15:13,24732.85,488025,674375,104.7,844800,1267475,224.1,910700,134550
16-12-2024 15:13,24734.05,489375,672075,104.2,833625,1268075,222.6,911575,134925
16-12-2024 15:13,24735.2,489075,675550,103.05,834275,1275100,224.5,911675,132025
16-12-2024 15:13,24733.05,487875,676975,103.2,810625,1279150,225.45,910550,126025
16-12-2024 15:13,24731.95,488950,672350,104.1,820175,1271050,223.6,909200,130050
16-12-2024 15:14,24732.35,489225,669950,104,825900,1283050,223.75,910875,130150
16-12-2024 15:14,24733,489275,672600,103.5,833275,1294175,224.85,912600,128125
16-12-2024 15:14,24735.7,487375,673150,103.75,825175,1303600,225.15,913600,128700
16-12-2024 15:14,24733.95,488725,675500,103,821650,1311275,226,926650,128425
16-12-2024 15:14,24732.15,487125,675175,103,817600,1319575,227.25,928150,126350
16-12-2024 15:14,24733.35,487575,673800,102.7,823150,1315075,227.2,918850,127075
16-12-2024 15:15,24732.05,490900,669225,104.85,835525,1296700,223.9,911200,131025
16-12-2024 15:15,24737.1,490425,670175,105.05,829250,1261675,222.25,907075,136425
16-12-2024 15:15,24739,487025,669750,105.6,828450,1258950,219.8,908075,135050
16-12-2024 15:15,24737,485025,666625,106.15,830125,1247675,217.8,901600,134000
16-12-2024 15:15,24739.15,484075,669325,106.35,827675,1226850,218.45,906675,135125
16-12-2024 15:15,24739.25,484725,668850,106.65,826950,1227225,217.2,907675,135675
16-12-2024 15:16,24739.5,484975,670025,105.9,823000,1229475,219.3,910275,134050
16-12-2024 15:16,24740.1,483025,671600,105.4,811825,1239450,219.45,911975,129375
16-12-2024 15:16,24737.2,480225,671875,104.65,808900,1248400,221.55,914750,127600
16-12-2024 15:16,24737.45,478625,669800,105.45,806375,1252350,220.25,915950,130450
16-12-2024 15:16,24738.5,478625,665950,105.75,809975,1244450,219.75,913100,134375
16-12-2024 15:16,24738.15,478075,665950,106,806325,1246900,218.85,911800,133175
16-12-2024 15:17,24740,479700,667225,105.7,807175,1239875,219.15,909400,132800
16-12-2024 15:17,24739.2,479100,666850,106.2,807775,1257275,217.7,911725,133350
16-12-2024 15:17,24740.4,480925,665575,106.2,807225,1228350,218.75,911025,134625
16-12-2024 15:17,24741,480850,665275,105.95,800050,1229375,217.25,911825,131725
16-12-2024 15:17,24740.55,481525,665200,105.75,794500,1235075,217.2,911275,137175
16-12-2024 15:17,24741,480850,671350,104.6,794200,1235675,218.85,914975,134600
16-12-2024 15:18,24738.15,480825,672925,103.6,791525,1240725,220.05,914075,131675
16-12-2024 15:18,24738.3,479725,669050,103.95,787075,1235825,219.8,914300,130125
16-12-2024 15:18,24738.1,479100,669550,104.35,789075,1238975,218.75,912125,128875
16-12-2024 15:18,24735.4,477300,671150,103.75,789075,1235800,220,909675,128850
16-12-2024 15:18,24736.35,478775,671700,103.1,794075,1241250,221.3,913200,128025
16-12-2024 15:18,24737,478025,668050,103.2,774750,1243225,220.8,914925,125300
16-12-2024 15:19,24735.4,475925,669625,102.2,774275,1244875,221.6,914950,129650
16-12-2024 15:19,24736.85,476775,671650,103.3,770475,1244575,221.25,912825,128650
16-12-2024 15:19,24737,475475,670525,103.45,784225,1221000,222,909825,130725
16-12-2024 15:19,24737.05,473825,668425,103.55,782325,1222125,223.6,913050,126750
16-12-2024 15:19,24735.1,472950,666075,103.7,783050,1218950,223.95,910325,125475
16-12-2024 15:19,24736.1,472875,665400,104.2,784375,1208125,223.7,907625,126025
16-12-2024 15:20,24733.2,474700,664125,105.15,788100,1197925,222.2,904925,124650
16-12-2024 15:20,24739.15,474950,665725,105,786650,1175000,223.35,904075,124200
16-12-2024 15:20,24738.95,472200,666000,105.2,783450,1187650,222.45,903800,124925
16-12-2024 15:20,24738.7,471900,666775,104.65,786550,1190400,221.8,906975,126000
16-12-2024 15:20,24733.5,473025,662200,105,786125,1192475,220.1,905825,127800
16-12-2024 15:20,24738,474950,660875,105.35,784575,1181600,219.15,901300,127425
16-12-2024 15:21,24739,474675,659475,105.1,785975,1180375,219.75,898575,126625
16-12-2024 15:21,24739.2,474225,663125,104.85,785400,1187650,221.7,902925,126450
16-12-2024 15:21,24739,473475,663250,105.1,789600,1187300,220.05,905975,124375
16-12-2024 15:21,24739.35,474125,661900,105.4,792450,1187325,219.5,904050,126200
16-12-2024 15:21,24739,473450,662700,104.95,786000,1157150,220.85,904575,125275
16-12-2024 15:21,24738.65,472750,663950,103.9,784225,1176300,222.5,906350,125325
16-12-2024 15:22,24733.15,471425,668850,101.25,774925,1185625,223.85,904875,121375
16-12-2024 15:22,24732.7,471075,665725,101.65,742125,1187550,224.55,903400,116075
16-12-2024 15:22,24733.05,470525,666600,102.3,746325,1191375,224.8,903800,111575
16-12-2024 15:22,24733.65,470925,660175,102.85,761150,1184400,223.8,901600,114500
16-12-2024 15:22,24732.05,468325,668825,101.85,761000,1189225,225.4,902400,112825
16-12-2024 15:22,24732.4,467200,671900,101.6,753950,1188425,226,902100,113700
16-12-2024 15:23,24733,467800,673350,102.25,759875,1187575,225.35,901150,115025
16-12-2024 15:23,24734.95,468925,670800,103,760550,1177350,223.95,894450,116100
16-12-2024 15:23,24734.6,469900,671175,103,771900,1169550,223.65,897550,116675
16-12-2024 15:23,24735,469775,670775,103,779150,1169425,223.4,896125,118625
16-12-2024 15:23,24734.05,469275,674325,101.9,781650,1170775,224.4,897875,116775
16-12-2024 15:23,24735,467350,670375,102.65,773050,1170350,224.15,899150,116000
16-12-2024 15:24,24735.15,465725,671275,102.95,779275,1171200,224.8,898825,116075
16-12-2024 15:24,24735.25,466500,672375,102.9,776475,1167500,224.85,897175,118025
16-12-2024 15:24,24735,466800,671700,103,773100,1163300,223.75,897075,123225
16-12-2024 15:24,24735.05,465125,671800,103.2,771675,1157675,222.7,884575,115900
16-12-2024 15:24,24733.05,464375,676925,102.55,760775,1146725,224.8,882825,114675
16-12-2024 15:24,24734.85,464150,672875,103.35,751300,1147075,224.3,883250,110950
16-12-2024 15:25,24735.7,464100,672275,103.25,746275,1133450,224.45,883500,108650
16-12-2024 15:25,24732.25,461125,672600,102.2,741850,1135375,225.35,884925,105400
16-12-2024 15:25,24734.5,460250,672825,102.55,736325,1129275,224.3,884900,100925
16-12-2024 15:25,24732.65,459475,672000,102.95,738300,1134275,224.45,884575,102175
16-12-2024 15:25,24730,459000,671675,103,732350,1133950,224.65,884000,103800
16-12-2024 15:25,24733,458275,671875,102.6,733350,1122200,224.75,884175,103025
16-12-2024 15:26,24730.05,455850,670775,102,732050,1124225,226,885250,103500
16-12-2024 15:26,24731,454825,671275,102.15,722500,1124225,226.35,884550,102625
16-12-2024 15:26,24731.8,454275,669200,101.35,720400,1129675,225.7,885025,102050
16-12-2024 15:26,24730,454200,667250,102.6,720550,1127850,225.6,883475,102850
16-12-2024 15:26,24726.8,455600,665100,103.15,724425,1117200,225.15,881225,102975
16-12-2024 15:26,24728,454825,666200,102.05,723075,1104425,225.8,880425,102300
16-12-2024 15:27,24730.85,455125,664025,101.5,711825,1114275,226.3,881075,100100
16-12-2024 15:27,24725.1,454150,662750,100.6,707650,1117050,227,881750,99575
16-12-2024 15:27,24729.9,451625,664150,99.75,693725,1112900,227.35,880250,94950
16-12-2024 15:27,24726,451850,665375,100,678975,1097950,227.5,880250,93550
16-12-2024 15:27,24726.75,453600,660850,99.9,681050,1088775,227.6,880575,93200
16-12-2024 15:27,24726.05,453625,659400,99.65,682400,1080925,228,881050,92550
16-12-2024 15:28,24725.6,449925,662325,99.75,681625,1075925,227.9,878725,85100
16-12-2024 15:28,24726,449150,661800,99.75,680450,1066575,228,879275,84275
16-12-2024 15:28,24726,446225,658475,99.7,675975,1058350,226.75,876675,84800
16-12-2024 15:28,24726.05,443700,653200,99.95,676650,1045675,227.75,874600,83650
16-12-2024 15:28,24728.8,438825,649950,98.95,670225,1039925,227.65,876925,81550
16-12-2024 15:28,24728.4,437925,650100,98.75,655100,1037400,228.15,875750,82950
16-12-2024 15:29,24726.15,436700,646225,98.45,631875,1031000,229,873400,77350
16-12-2024 15:29,24724,434900,643300,96.65,625050,1031925,229.5,871450,76100
16-12-2024 15:29,24721.35,429750,644725,96.6,614375,1015325,229.8,873325,72725
16-12-2024 15:29,24720.7,427700,646975,97,259200,979025,231,644775,71725
16-12-2024 15:29,24721,421075,641325,97,252500,972100,229.8,645775,70650
16-12-2024 15:29,24720.15,410775,626075,96.3,248650,950300,229.2,642875,64875
