last_traded_time,ltp,tot_buy_qty,tot_sell_qty,ltp,tot_buy_qty,tot_sell_qty,ltp,tot_buy_qty,tot_sell_qty
25-04-2025 09:17,24483,236475,260625,80.35,3582225,296025,309.1,176175,42300
25-04-2025 09:17,24481.4,244575,257850,80.45,3588075,299700,305.1,175125,40875
25-04-2025 09:17,24484.7,251850,256950,80.8,3596400,300750,305.45,175125,42600
25-04-2025 09:17,24481.2,250425,263400,80.2,3605775,304800,308.8,178125,42225
25-04-2025 09:18,24485,253350,264675,80.9,3642675,318675,307.95,177900,43350
25-04-2025 09:18,24485,254700,267750,80.25,3644625,332775,308.3,180225,44175
25-04-2025 09:18,24476,251400,272775,79.35,3637650,341550,313,180375,42900
25-04-2025 09:18,24475.9,250875,284175,78.6,3629775,341550,312.2,180750,42450
25-04-2025 09:18,24477,247725,279075,78.65,3622350,339825,310.9,181050,41850
25-04-2025 09:18,24475,247650,291375,76.35,3619575,354225,311.5,180150,42375
25-04-2025 09:19,24470,249225,296475,74.85,3597975,362250,316,181200,41025
25-04-2025 09:19,24470,241425,291225,75.7,3582900,362475,316.8,185475,41625
25-04-2025 09:19,24462.8,240450,294225,74.65,3592950,355200,317.55,184500,41400
25-04-2025 09:19,24465.4,250200,292275,73.35,3597225,357600,319.85,186150,42150
25-04-2025 09:19,24463.3,250725,293175,73.75,3603150,359850,320.55,185475,42750
25-04-2025 09:19,24460.7,251175,293700,73.1,3610800,363375,321.3,184950,43650
25-04-2025 09:20,24475.1,254550,277950,78.25,3315300,359175,308.1,163500,49350
25-04-2025 09:20,24480,258075,279525,80.4,3324300,358350,306.15,160575,50025
25-04-2025 09:20,24464.5,264900,279900,76,3327525,345975,318.75,162000,45825
25-04-2025 09:20,24468.6,265200,278925,76.2,3307275,351750,316.8,162525,43875
25-04-2025 09:20,24455.8,262500,297150,72.7,3312825,419400,324.45,163125,44250
25-04-2025 09:20,24455.3,260775,300375,72.85,3297900,386025,330,169275,40650
25-04-2025 09:21,24455.3,255750,297375,73.7,3324600,387975,326.7,171900,42000
25-04-2025 09:21,24450.2,263175,305175,74.35,3336300,387300,332.45,171075,40875
25-04-2025 09:21,24450.2,259650,303825,73.1,3337200,405300,334.3,170775,42900
25-04-2025 09:21,24450.8,263550,305775,72.95,3334875,407850,330.2,170925,51975
25-04-2025 09:21,24457.5,260700,300000,72.1,3341775,409725,319.1,162225,51375
25-04-2025 09:21,24451.8,257100,304800,67.25,3332025,414900,332.15,168450,46275
25-04-2025 09:22,24448.9,259650,312375,67.05,3270975,415950,328.7,168600,43125
25-04-2025 09:22,24444,249975,314400,65.8,3264750,421350,331.45,172425,41925
25-04-2025 09:22,24448,262125,318150,69.05,3278100,424575,330,172875,44325
25-04-2025 09:22,24458.5,262425,306675,72.05,3295800,408300,320.1,167325,50550
25-04-2025 09:22,24463.8,269325,302700,72.75,3298875,404625,319.8,165000,55125
25-04-2025 09:22,24466.2,275025,308100,72.6,3302700,426450,312.95,166575,52575
25-04-2025 09:23,24462.6,262050,308850,70.25,3305475,428025,318.05,165675,55650
25-04-2025 09:23,24460,260175,307275,70.2,3302325,437700,319.4,164475,49800
25-04-2025 09:23,24466.6,262575,310425,72.2,3312600,436875,311.3,164550,59100
25-04-2025 09:23,24466,272550,321000,71.2,3319875,448725,314.1,163500,54900
25-04-2025 09:23,24462.4,283875,329925,69.75,3324150,462150,317.5,170325,52575
25-04-2025 09:23,24452.6,265575,336675,67.75,3315150,471225,323.25,169575,49350
25-04-2025 09:24,24453.7,273300,333450,68.9,3322650,470175,319.3,168375,55500
25-04-2025 09:24,24453,277500,334200,67.7,3327075,474300,321.4,171450,58350
25-04-2025 09:24,24450.9,272700,336450,68.2,3326550,476625,321.55,172875,58650
25-04-2025 09:24,24450,278625,338250,68.3,3330525,474525,324.5,173400,51600
25-04-2025 09:24,24441.2,269325,336525,65.4,3330525,481650,330.5,176850,50100
25-04-2025 09:24,24446,281100,336450,67.55,3333600,481050,326.65,174525,53025
25-04-2025 09:25,24443.1,276225,341100,67.2,3343200,488550,329.7,173925,52875
25-04-2025 09:25,24441.6,270750,344775,67.8,3335175,492675,329.8,175575,50025
25-04-2025 09:25,24436,264900,342300,69,3343875,493350,336.05,174600,50025
25-04-2025 09:25,24436.4,262650,348600,69.05,3342075,482325,342,174150,48225
25-04-2025 09:25,24429.1,269025,348375,68,3347850,483300,342.4,174675,46350
25-04-2025 09:25,24438.2,266100,347925,69.25,3362250,482250,333.85,174750,49875
25-04-2025 09:26,24441.5,275475,343350,69.2,3358875,499425,330.65,171300,50625
25-04-2025 09:26,24450,285150,337950,70.7,3367200,495450,326.9,171975,52350
25-04-2025 09:26,24461.8,278250,331950,72.4,3372150,473400,320.2,166650,48450
25-04-2025 09:26,24453.7,285150,337875,71.85,3365700,468675,325.5,171225,49050
25-04-2025 09:26,24456.1,292050,342150,71.75,3363525,475575,323,172425,47025
25-04-2025 09:26,24449.1,303750,342450,72.25,3367575,478425,325.15,170025,46050
25-04-2025 09:27,24459.9,303450,343500,73.35,3377475,487050,324.15,171075,48375
25-04-2025 09:27,24455.2,293250,344775,73.2,3380925,485100,322.8,169950,51000
25-04-2025 09:27,24460.1,291150,343425,74.4,3387900,477525,316,168375,52650
25-04-2025 09:27,24461.8,300075,341025,74.95,3394725,470700,317.8,172050,51225
25-04-2025 09:27,24468,293325,336750,77.4,3398550,471900,314.35,171825,48225
25-04-2025 09:27,24460,290025,341325,74.2,3395250,480150,321,170250,44475
25-04-2025 09:28,24460.9,292800,333300,75.1,3383550,523125,317.95,176175,45600
25-04-2025 09:28,24457.9,307125,348900,74.4,3390225,489825,321,170925,48300
25-04-2025 09:28,24462.1,304950,345375,73.9,3403575,483450,316.9,170475,48450
25-04-2025 09:28,24466,297675,344850,73.9,3406500,489375,317.1,170925,48225
25-04-2025 09:28,24463,304950,347475,73.5,3418800,495150,319.05,171075,48750
25-04-2025 09:28,24460.9,291525,348675,71.95,3413100,498525,321.3,170625,47025
25-04-2025 09:29,24457.4,300600,344550,71.75,3398550,494700,325.85,181800,45075
25-04-2025 09:29,24459.2,295425,341775,71.5,3399600,501975,323.75,175200,45900
25-04-2025 09:29,24445,289575,346950,68.3,3382800,503850,334.9,175500,44325
25-04-2025 09:29,24450,291600,340350,70.85,3364125,516300,332.15,177000,45225
25-04-2025 09:29,24452.1,291225,344100,70.55,3372975,525375,333.45,176250,46350
25-04-2025 09:29,24446.4,286500,345600,68.85,3381750,531600,331.85,175350,45225
25-04-2025 09:30,24453.4,287550,342675,71.25,3393900,536100,329.15,171000,45825
25-04-2025 09:30,24452.2,301425,342450,71.3,3406500,525000,330.4,171750,48075
25-04-2025 09:30,24440.2,278025,348300,68.85,3392175,529425,338.65,171900,45600
25-04-2025 09:30,24440,278400,343500,68.95,3401925,529575,343,173925,43425
25-04-2025 09:30,24431.2,275025,340800,67.6,3387825,542700,344.45,176925,43125
25-04-2025 09:30,24437,287250,346500,67.35,3369450,541800,343.4,173100,45900
25-04-2025 09:31,24433.1,282525,357675,67.95,3368775,541575,340.55,171750,51375
25-04-2025 09:31,24428,279000,352950,66.1,3369525,549675,349,174375,42225
25-04-2025 09:31,24425.8,275550,354975,65.5,3351150,552600,350.25,174225,39750
25-04-2025 09:31,24424.9,277200,349800,64.75,3315225,552075,350.8,170700,43050
25-04-2025 09:31,24419.9,264075,354375,64.5,3315450,568350,352.6,173250,43275
25-04-2025 09:31,24417.9,266925,356250,64,3330000,572475,351.85,173550,42450
25-04-2025 09:32,24421.9,254175,349125,64.75,3347250,574500,352.85,173025,45225
25-04-2025 09:32,24412.4,270600,354075,64.5,3349500,578550,358.35,176025,44850
25-04-2025 09:32,24420.3,272700,344025,65.45,3357150,573975,350.8,173025,46425
25-04-2025 09:32,24436.7,271650,345675,66.85,3364875,575400,343.95,170475,48000
25-04-2025 09:32,24421,271650,357675,64.9,3366525,575100,352.7,176400,44550
25-04-2025 09:32,24422,268350,356850,64.8,3361200,576675,352.2,176400,44700
25-04-2025 09:33,24415,261600,356775,64.4,3361950,582450,357.5,176925,43050
25-04-2025 09:33,24418,267825,351000,64.9,3358500,582450,354.2,175875,42975
25-04-2025 09:33,24418,273975,350700,64.4,3378900,589050,355.25,176100,43200
25-04-2025 09:33,24424.4,276225,358050,65.7,3393675,595725,352,172200,52575
25-04-2025 09:33,24421,284700,357375,64.95,3394950,595950,353.9,176025,47775
25-04-2025 09:33,24420,274950,355350,64.5,3398625,598800,351.6,178350,48975
25-04-2025 09:34,24418,271125,354225,64.15,3400275,607275,358,177975,45825
25-04-2025 09:34,24405,268950,359925,61.85,3395625,601275,362.75,179475,43800
25-04-2025 09:34,24405.6,269175,364875,61.85,3362925,605775,366.05,176550,49800
25-04-2025 09:34,24406.2,275475,360375,62.85,3365175,607425,361.2,176325,50850
25-04-2025 09:34,24411.6,270375,362925,64,3367650,602625,359,173175,49200
25-04-2025 09:34,24410,269550,366300,62.25,3376425,603375,361.95,173250,52050
25-04-2025 09:35,24400.5,270075,366150,62.15,3377925,617325,366.4,175125,49425
25-04-2025 09:35,24393.6,259275,365400,61.3,3374775,617100,369.8,174975,48900
25-04-2025 09:35,24396.2,267975,362100,61.7,3369300,611925,367.1,174975,51075
25-04-2025 09:35,24401.5,270975,361725,63.05,3354825,616575,367.5,172725,58275
25-04-2025 09:35,24410.1,270375,359250,64.25,3365325,612450,363.6,173100,61200
25-04-2025 09:35,24413.4,275775,357525,64.3,3364425,662250,360,174600,64800
25-04-2025 09:36,24413.4,273300,355275,63.3,3365100,598950,356.75,169950,61200
25-04-2025 09:36,24402.6,269550,365775,61.45,3361125,610350,367.65,174750,54075
25-04-2025 09:36,24405.3,276375,369600,62.9,3362850,623550,363.75,174375,57600
25-04-2025 09:36,24405.4,282750,365250,63.05,3371400,637125,363.4,169425,62100
25-04-2025 09:36,24402,278700,368400,62.05,3378000,640650,366.4,168375,62325
25-04-2025 09:36,24399.9,274500,362925,61.2,3374775,661425,369.35,170700,53775
25-04-2025 09:37,24387,270900,363225,59.95,3356550,663525,377.5,171375,53625
25-04-2025 09:37,24392,281475,364125,60.2,3310725,688275,373.15,169125,48600
25-04-2025 09:37,24386,273900,366675,58.9,3318225,704250,377.6,171750,50100
25-04-2025 09:37,24388.3,266850,369900,58.65,3316800,713625,376.05,171675,48600
25-04-2025 09:37,24384.7,276825,371250,59.2,3311625,699900,374.2,171150,45375
25-04-2025 09:37,24381.6,279000,373200,58.5,3299325,708600,380.05,171825,46275
25-04-2025 09:38,24378,271275,371775,57.75,3290700,710475,381.1,171300,41550
25-04-2025 09:38,24375,278325,367350,57.25,3289725,715050,384.55,174750,40650
25-04-2025 09:38,24377.7,282450,362550,57.5,3274275,708525,381.15,174000,44625
25-04-2025 09:38,24384.7,285675,363825,59.3,3305400,693675,375.75,168675,51750
25-04-2025 09:38,24385.8,282000,356250,59.05,3307275,697800,374.65,171825,48225
25-04-2025 09:38,24385,285750,360300,59.25,3297300,696975,376.05,171375,47700
25-04-2025 09:39,24391,294825,359175,59.2,3302550,685800,371.4,166275,45825
25-04-2025 09:39,24383,295125,362325,58.65,3306675,678450,375.75,171825,44025
25-04-2025 09:39,24384.9,294000,356775,58.8,3307650,683400,375.75,168975,44700
25-04-2025 09:39,24379.5,287700,361050,56.35,3307725,695400,384.25,171300,42150
25-04-2025 09:39,24377.8,284475,358425,56,3281400,698850,383.85,170175,41025
25-04-2025 09:39,24376,284625,358275,56.25,3307425,691275,384.6,167850,41625
25-04-2025 09:40,24372.6,278625,354000,56.35,3318600,688575,385.5,167475,41475
25-04-2025 09:40,24374.7,276600,353850,56.25,3322275,691200,380,168450,43500
25-04-2025 09:40,24382.2,293250,352500,57.7,3341250,682575,381.25,177150,44700
25-04-2025 09:40,24371,283050,359025,55.45,3333375,681600,391,171825,40575
25-04-2025 09:40,24369.8,270675,353550,55.1,3309300,681075,392.6,172425,41025
25-04-2025 09:40,24367.8,271425,359850,55.55,3315675,685050,389.1,172800,41475
25-04-2025 09:41,24370,268350,354000,56.8,3323100,682500,390.6,170475,45975
25-04-2025 09:41,24366.7,267975,358800,55.4,3328575,688275,392,170700,40800
25-04-2025 09:41,24361,264825,361125,55.2,3326100,734175,396.05,173475,39975
25-04-2025 09:41,24364.9,278700,361875,55,3308250,701400,398,169800,40950
25-04-2025 09:41,24362.8,277725,362550,54.6,3318975,702150,396.2,170475,39225
25-04-2025 09:41,24361.1,276075,358425,54.6,3324600,702900,399.05,171900,40500
25-04-2025 09:42,24354,278775,359775,53.7,3329400,708000,404,174825,39525
25-04-2025 09:42,24350.5,260025,364350,52.85,3311025,696825,406.9,172350,38175
25-04-2025 09:42,24349.7,254025,370350,52.6,3311175,697350,410,175725,39525
25-04-2025 09:42,24337.6,249300,361875,52.25,3311250,696300,414.65,173325,37500
25-04-2025 09:42,24336,252975,367650,51.75,3297300,674400,417.4,171525,38100
25-04-2025 09:42,24338.6,256875,363225,52.4,3304125,675075,416.1,172425,38400
25-04-2025 09:43,24355,270225,363450,55.2,3315000,659550,401.6,162825,43650
25-04-2025 09:43,24351.6,271875,359100,53.95,3319725,665925,408.8,164625,40275
25-04-2025 09:43,24360.5,272325,359550,55.25,3323250,675750,399.15,167025,41850
25-04-2025 09:43,24355.8,276300,369075,54.6,3327975,677775,404.05,166650,40725
25-04-2025 09:43,24357.6,280050,367950,55.15,3335100,677625,399,162900,44550
25-04-2025 09:43,24362.7,282825,364500,55.35,3343950,673125,393.75,165300,44100
25-04-2025 09:44,24355.5,284400,367875,55,3340125,668625,399.05,167550,43500
25-04-2025 09:44,24364.9,290625,356250,56.15,3436200,665175,395.15,166350,44925
25-04-2025 09:44,24363.8,286125,365625,56.65,3444075,657150,398.25,163125,45000
25-04-2025 09:44,24358.5,282675,368175,55,3363000,673800,404.85,170925,40350
25-04-2025 09:44,24353,283200,370350,53.8,3346575,678750,410,168600,43200
25-04-2025 09:44,24341.4,278775,369225,53.3,3351300,693750,411.25,170025,42075
25-04-2025 09:45,24333.6,261450,373275,51.2,3349350,700575,421.3,171075,41250
25-04-2025 09:45,24325,265950,371250,51.3,3320400,703500,427.5,167850,40950
25-04-2025 09:45,24339.3,261075,372750,53.35,3330450,690075,413.25,168975,48375
25-04-2025 09:45,24352.1,267600,357450,54.3,3342375,685050,409.45,163125,48750
25-04-2025 09:45,24353.7,270375,372750,55.85,3343425,699075,404.95,165675,48525
25-04-2025 09:45,24345,260250,370800,53.65,3355350,717900,415,168000,42450
25-04-2025 09:46,24338.1,256800,373275,53.75,3350175,728775,419.1,169800,42225
25-04-2025 09:46,24340.3,265350,371475,52.9,3364800,733575,415.55,166125,45075
25-04-2025 09:46,24345,274500,372075,53.95,3365100,737325,410.7,170625,47925
25-04-2025 09:46,24340.1,264000,384375,53.8,3369600,735600,421,169425,44925
25-04-2025 09:46,24327,275475,385800,53,3369525,720900,423.95,169650,41475
25-04-2025 09:46,24322,275700,391050,50.95,3359475,726825,433.45,163800,45975
25-04-2025 09:47,24323.7,272025,389775,52.2,3359025,725625,427.3,164250,44925
25-04-2025 09:47,24323.1,266850,385500,52,3362325,720975,436.3,167925,39975
25-04-2025 09:47,24321,264600,376350,52.4,3367125,732300,432.85,164625,39825
25-04-2025 09:47,24327.3,268425,385200,52.1,3369600,726375,434.55,164925,40425
25-04-2025 09:47,24306,261225,386325,48.9,3360150,726000,443.6,166050,39375
25-04-2025 09:47,24301,249600,391725,46.55,3289875,733200,449.5,165900,37275
25-04-2025 09:48,24303.7,250575,383850,47.95,3296100,737625,443,163725,37275
25-04-2025 09:48,24310.3,259875,388200,48.7,3300375,734775,436.45,165225,38250
25-04-2025 09:48,24314.1,256350,385275,48.55,3315750,731250,438.75,165225,37875
25-04-2025 09:48,24315,262500,384675,49.5,3319425,732000,434.85,163200,38400
25-04-2025 09:48,24319.2,266925,385125,49.3,3326925,732000,435,162450,42150
25-04-2025 09:48,24317.6,264450,387900,48.75,3319500,733200,437.25,163650,38400
25-04-2025 09:49,24311,273150,395625,48.15,3319350,738000,440.7,164025,41850
25-04-2025 09:49,24306.7,278025,395400,48.15,3329925,750825,441.15,164700,39300
25-04-2025 09:49,24301.6,289800,390525,47.5,3322950,748050,447.7,164475,38325
25-04-2025 09:49,24300,310125,394950,47.3,3326175,751800,447.75,163050,47250
25-04-2025 09:49,24300,309675,394350,46.55,3325125,745575,448.05,162600,43500
25-04-2025 09:49,24305,317775,390975,47.1,3340350,746550,445.4,166125,45750
25-04-2025 09:50,24305.5,316050,392400,46.6,3350550,740775,444.15,163800,49200
25-04-2025 09:50,24286,312750,399450,44.05,3339450,742275,464.7,162675,45750
25-04-2025 09:50,24288,307425,397050,44.35,3268950,733050,459.15,153900,36375
25-04-2025 09:50,24281.1,305925,398175,43.5,3277650,739500,463.1,155625,36000
25-04-2025 09:50,24293.3,313500,390750,45.5,3284775,739350,450.45,155475,37875
25-04-2025 09:50,24297.9,333600,393000,45.6,3293700,717225,447.4,156450,38325
25-04-2025 09:51,24291.2,330900,397425,45.1,3303825,718575,453.5,157500,37200
25-04-2025 09:51,24300,340725,394650,46.6,3317325,718425,446.6,156825,39150
25-04-2025 09:51,24304.7,361425,391275,46.7,3328500,711750,443,160650,45300
25-04-2025 09:51,24304.9,361425,392550,46.75,3327900,715350,444.2,162750,46050
25-04-2025 09:51,24300,355275,394575,46.2,3327000,721800,450,164175,46425
25-04-2025 09:51,24290,356700,395325,45,3316050,727500,453.25,158775,39900
25-04-2025 09:52,24295,368850,395475,45.4,3324825,723300,449.65,157050,41250
25-04-2025 09:52,24305,369600,388350,46.25,3329400,724425,443.1,164475,47775
25-04-2025 09:52,24294.4,367350,400200,44.1,3329175,721350,455.9,165750,47475
25-04-2025 09:52,24294.3,362175,397725,44,3320550,722850,455.2,156225,41400
25-04-2025 09:52,24286.7,358650,402300,42.25,3321375,733725,458.3,156375,41175
25-04-2025 09:52,24280.2,357525,397875,42.7,3310875,735225,462.6,156075,40200
25-04-2025 09:53,24280.7,366825,397275,43.5,3324600,729525,459,155700,39900
25-04-2025 09:53,24279.2,347850,406800,43,3316725,731175,458.55,156450,38625
25-04-2025 09:53,24282.6,360675,401250,43.7,3324900,740700,454,156900,40050
25-04-2025 09:53,24290.1,358350,398325,43.8,3349350,734400,455.7,156825,39825
25-04-2025 09:53,24285,359775,404400,43.3,3350400,739425,458.65,156075,40950
25-04-2025 09:53,24286.6,351900,403575,44.4,3354750,743775,455.95,156300,42825
25-04-2025 09:54,24284,354000,402525,44.05,3372525,737775,458.05,155550,41550
25-04-2025 09:54,24284,351000,404925,44.15,3369525,749325,459.5,155025,41400
25-04-2025 09:54,24285,361575,402375,44.5,3370125,743175,457.75,155400,41775
25-04-2025 09:54,24280.8,350850,405000,43.45,3367350,739200,463.05,156975,40500
25-04-2025 09:54,24265.8,337800,405450,41.85,3354300,741075,476.2,156000,37875
25-04-2025 09:54,24262.2,273975,396000,41.95,3340050,740100,476.25,156675,35475
25-04-2025 09:55,24265.8,276300,397350,41.5,3339975,730050,476.25,158400,33000
25-04-2025 09:55,24261,261300,407400,41,3333375,736500,479,159825,29550
25-04-2025 09:55,24249.4,267000,406725,39.25,3315300,735375,487.65,158100,28650
25-04-2025 09:55,24243.1,245775,410025,39.5,3281250,744975,490.3,157800,29175
25-04-2025 09:55,24250.1,247050,401850,40.1,3298725,745350,485.55,156600,28050
25-04-2025 09:55,24257.1,257550,401850,40.35,3305325,761175,484.1,157425,29175
25-04-2025 09:56,24258.1,262875,392250,40.7,3310725,765450,480.9,155250,31050
25-04-2025 09:56,24254.6,265200,403575,40,3315900,761325,486.1,157125,28875
25-04-2025 09:56,24254.9,269400,400500,40.2,3318375,757800,494.1,159075,32325
25-04-2025 09:56,24247.7,257625,406650,39.95,3324150,767475,489.6,154125,27750
25-04-2025 09:56,24243,266100,407775,39.8,3322350,759075,497,156450,30975
25-04-2025 09:56,24236.3,253800,407100,39.45,3321150,763275,502.75,156375,28425
25-04-2025 09:57,24226.3,245925,409950,38.7,3298875,771525,513.4,160050,25875
25-04-2025 09:57,24211.6,229800,416025,37.05,3282975,768450,522.7,155700,25875
25-04-2025 09:57,24205,224550,417900,36,3256950,778875,532.5,159000,28425
25-04-2025 09:57,24208.6,228000,419025,37.1,3232350,769200,524.75,156750,28950
25-04-2025 09:57,24216.1,241875,416475,38,3241350,762600,516,158475,29400
25-04-2025 09:57,24220,243975,407475,38.55,3270450,749925,520,157950,30975
25-04-2025 09:58,24217.5,245925,407400,38.55,3277800,749925,520.15,157125,30375
25-04-2025 09:58,24222,253050,413325,38.8,3292800,745125,517.4,156300,28575
25-04-2025 09:58,24225,276000,413250,39.15,3294825,744900,521.9,154575,27825
25-04-2025 09:58,24219.7,276225,416325,38.2,3272475,752400,515.8,156225,29550
25-04-2025 09:58,24227.1,278325,410925,38.6,3277950,746700,515.05,156675,29550
25-04-2025 09:58,24213.6,283275,426975,37.7,3284100,751500,520.1,156600,28875
25-04-2025 09:59,24214.1,277725,415800,38,3288075,752250,522.75,157575,30150
25-04-2025 09:59,24213.1,280425,424500,37.35,3291000,758025,526.5,159150,29100
25-04-2025 09:59,24220.9,280875,416175,38.05,3304725,754575,520.6,156075,28275
25-04-2025 09:59,24215,282000,421650,37,3302775,764250,526.5,158100,28950
25-04-2025 09:59,24215,284025,419925,36.9,3285900,767325,525.7,156900,30075
25-04-2025 09:59,24218.7,284550,417675,37.6,3292800,746475,0,0,0
25-04-2025 10:00,24208,281550,428850,37.35,3294600,748050,529.05,156525,28200
25-04-2025 10:00,24205,279000,424650,37.05,3294825,752625,535.8,156525,31800
25-04-2025 10:00,24193.5,240675,428925,35.3,3291300,751725,545.95,153075,21750
25-04-2025 10:00,24188.9,241800,433500,35.5,3250350,743250,559,155325,21825
25-04-2025 10:00,24160,239550,435150,34.15,3247650,748575,574.2,156825,20925
25-04-2025 10:00,24160.9,209175,437775,34.7,3242400,751650,578.95,156825,21450
25-04-2025 10:01,24176,225300,413325,34.9,3252450,745350,560.35,157125,22125
25-04-2025 10:01,24170.5,227850,426150,35.15,3271350,732750,561.15,160200,22425
25-04-2025 10:01,24184.4,237825,413625,35.7,3291075,736425,559.1,157125,23550
25-04-2025 10:01,24183,238350,429225,35.7,3290775,735825,564.4,157950,23025
25-04-2025 10:01,24178,269850,424125,35.2,3307650,734925,560.55,158775,23700
25-04-2025 10:01,24175,270000,426600,35.15,3308775,739425,559.65,154575,22200
25-04-2025 10:02,24179.5,271425,424800,36.05,3309825,734475,558.5,157125,25425
25-04-2025 10:02,24177.4,279450,426750,36.5,3320250,744375,560.4,154125,25950
25-04-2025 10:02,24171.1,278175,432150,36.35,3321525,734175,561.95,157275,22200
25-04-2025 10:02,24173,277875,425025,36.35,3311550,746550,565.25,156075,21600
25-04-2025 10:02,24171,271500,429375,36.15,3316350,743475,570,155325,22050
25-04-2025 10:02,24151,269250,438825,35.6,3314475,730275,587.35,155925,21075
25-04-2025 10:03,24141.3,267075,439125,35.3,3313050,728025,598.1,157575,21075
25-04-2025 10:03,24130,240975,439650,34.1,3330150,728625,612.45,157050,17400
25-04-2025 10:03,24126.7,237075,432075,33.6,3280050,734925,613.5,154425,19500
25-04-2025 10:03,24117.9,230925,430950,33.35,3273450,729150,619.9,156075,20625
25-04-2025 10:03,24107,249450,438150,32.9,3261000,733350,629.2,158250,19125
25-04-2025 10:03,24102,252375,436500,32.05,3268425,728625,620.05,156900,17850
25-04-2025 10:04,24114.6,256050,430500,32.5,3279450,730800,623.15,159075,19125
25-04-2025 10:04,24109.4,264150,433275,32.8,3306675,725550,627.3,157500,20100
25-04-2025 10:04,24106,264375,423375,33.15,3320775,727050,632.3,156150,18075
25-04-2025 10:04,24104.1,261450,428775,33.4,3324525,735300,632.7,156525,18450
25-04-2025 10:04,24105,268125,432825,32.8,3339375,729975,631.65,155325,19875
25-04-2025 10:04,24103.8,269400,431775,33,3323400,734475,629,155700,22500
25-04-2025 10:05,24119.7,278025,422625,33.75,3329925,731625,618.4,158025,24000
25-04-2025 10:05,24115,272100,430800,33.5,3326025,717900,623.9,157800,22650
25-04-2025 10:05,24088.7,255075,435150,31.75,3316200,716700,648.05,158625,21000
25-04-2025 10:05,24092.8,236400,439725,31.9,3305175,716850,646.15,157050,20700
25-04-2025 10:05,24091.2,248550,435675,31.6,3314025,723225,643.6,155025,20175
25-04-2025 10:05,24094.8,268425,434175,31.7,3320025,712575,644.55,152025,24450
25-04-2025 10:06,24106.1,273375,429600,33,3355650,708300,633.1,155100,24600
25-04-2025 10:06,24100.1,267300,433275,33.15,3361050,716550,635.65,154800,23100
25-04-2025 10:06,24098.5,272775,444525,32.8,3351825,723375,639.2,154275,22275
25-04-2025 10:06,24102.8,280350,439275,33.45,3370275,715425,633.2,153825,24900
25-04-2025 10:06,24099.9,269175,443250,33.25,3379950,735900,637.05,153225,23775
25-04-2025 10:06,24102.9,285150,449775,33.7,3381225,765525,634.05,152325,23175
25-04-2025 10:07,24110,299025,447900,35.55,3397050,734625,629.4,152025,24150
25-04-2025 10:07,24122.9,307425,443775,35.95,3392475,673350,614.5,152550,23850
25-04-2025 10:07,24141,321600,426825,36.05,3391875,662550,600,148350,23550
25-04-2025 10:07,24138.3,321150,430125,37.9,3388500,661350,607.55,151425,22125
25-04-2025 10:07,24134,327150,436050,37.8,3392475,649200,610.9,153600,23700
25-04-2025 10:07,24130,344250,447900,36.7,3385800,655350,612.5,154650,24150
25-04-2025 10:08,24125.5,334050,451650,35.25,3351300,664125,618,159375,22875
25-04-2025 10:08,24120,342075,457050,35.15,3339450,670950,619.8,153075,24900
25-04-2025 10:08,24115,339675,456000,36,3365400,664275,625.3,153675,23625
25-04-2025 10:08,24114.5,340575,442800,35.85,3374325,665700,621.35,154125,23925
25-04-2025 10:08,24115,341475,451875,36.3,3363750,679575,620.05,152325,22575
25-04-2025 10:08,24115,344325,460200,36.25,3369525,680550,635.6,153075,23625
25-04-2025 10:09,24105.5,351525,461025,35.85,3358650,687825,629.1,150900,20325
25-04-2025 10:09,24117.2,367275,453675,36.55,3366075,681450,626.95,152400,25050
25-04-2025 10:09,24110.5,365025,458625,36.05,3363525,687900,626.1,152775,23250
25-04-2025 10:09,24110.6,365700,456600,36.35,3371100,684675,625.05,152775,23775
25-04-2025 10:09,24116.9,372225,457350,36.65,3381300,683325,626.4,152700,25200
25-04-2025 10:09,24112.1,372825,455775,36.7,3382875,690225,618.35,151350,25050
25-04-2025 10:10,24126,379125,462300,37.35,3390825,686325,614.85,152625,25125
25-04-2025 10:10,24128.1,374175,454950,37.9,3393225,675750,600.6,152700,28350
25-04-2025 10:10,24133,378150,454650,39.1,3403875,671625,0,0,0
25-04-2025 10:10,24144.7,377025,447825,39.6,3418950,652125,597.85,149625,24975
25-04-2025 10:10,24152,373050,453150,39.95,3408075,654900,594.95,151500,26400
25-04-2025 10:10,24150,376425,447375,39.65,3409800,657000,591.6,152400,26025
25-04-2025 10:11,24162,381900,438525,40.45,3410325,651525,580,149400,24600
25-04-2025 10:11,24162.6,380325,441375,39.95,3398775,663900,577.4,151650,24600
25-04-2025 10:11,24150.7,379575,445575,39.2,3390975,676125,591.35,154050,23775
25-04-2025 10:11,24148,384150,454425,39.5,3390525,670050,592.25,151350,26025
25-04-2025 10:11,24157.6,387375,458100,39.3,3385200,671100,582,149550,23775
25-04-2025 10:11,24150,382050,452100,38.95,3384825,671175,598.6,151125,24225
25-04-2025 10:12,24142.5,365400,463050,38,3372000,696075,591.5,149250,24975
25-04-2025 10:12,24149.6,377325,467025,38.7,3370725,697950,593,149775,24450
25-04-2025 10:12,24142.7,378600,464025,38.2,3370050,708450,0,0,0
25-04-2025 10:12,24145.2,377100,466575,37.4,3362325,713850,596.55,150975,26025
25-04-2025 10:12,24145.2,383250,471600,37.05,3359325,711825,602,149850,24300
25-04-2025 10:12,24143,380775,472125,36.9,3360000,709200,591,149775,23100
25-04-2025 10:13,24153.2,378600,468600,37.7,3371550,702600,590.85,149550,24675
25-04-2025 10:13,24148,384150,467625,37,3381225,701100,590.85,150375,31200
25-04-2025 10:13,24149.2,382725,469125,37.15,3380850,708975,597.6,150300,26925
25-04-2025 10:13,24150,388200,478575,37.4,3381300,714975,589.1,151650,25350
25-04-2025 10:13,24151.7,381900,471225,37.3,3485850,711150,0,0,0
25-04-2025 10:13,24163,387000,460800,37.9,3484050,712800,577.55,149100,27300
25-04-2025 10:14,24165,391950,457500,37.85,3491100,702750,575.3,151950,27600
25-04-2025 10:14,24165.8,392625,458850,37.8,3488175,710100,586.7,153000,26175
25-04-2025 10:14,24160.2,391050,466350,37.4,3487875,717000,0,0,0
25-04-2025 10:14,24151,386100,470475,36.7,3491925,728850,586.7,151650,26475
25-04-2025 10:14,24165,394200,477675,37.5,3397350,740400,579.6,150150,29775
25-04-2025 10:14,24158.8,390900,472950,37.6,3415050,729975,0,0,0
25-04-2025 10:15,24157.2,397200,479250,37.5,3421200,723975,579.6,150900,28950
25-04-2025 10:15,24163.2,397575,471300,38.2,3429450,713100,588,151200,29775
25-04-2025 10:15,24162.4,400200,478950,37.6,3431925,714525,567.7,149700,29325
25-04-2025 10:15,24174.4,402075,464175,38.45,3439050,707025,565,149400,24900
25-04-2025 10:15,24171,387225,467475,38.45,3449625,708075,571.5,149100,25050
25-04-2025 10:15,24155.1,396600,481650,37.95,3416925,713100,581.5,151725,25050
25-04-2025 10:16,24158.9,400425,471225,36.7,3421950,721425,580.3,151425,25050
25-04-2025 10:16,24168.9,407850,469575,38,3414000,721500,576.25,150150,25650
25-04-2025 10:16,24166,398850,469800,37.7,3436350,703650,0,0,0
25-04-2025 10:16,24156.7,400650,472200,37,3450375,706275,581,151800,24675
25-04-2025 10:16,24156.5,402600,483300,36.4,3451125,714075,590,149700,23925
25-04-2025 10:16,24152.3,403425,476325,36.55,3435300,713850,583.2,149550,25425
25-04-2025 10:17,24153.5,401925,482625,35.9,3428400,725850,587.85,150150,24750
25-04-2025 10:17,24152.2,403275,481200,35.65,3431475,725175,591.2,150375,25500
25-04-2025 10:17,24140,400800,486600,34.8,3426975,725700,600,149475,25725
25-04-2025 10:17,24144.8,402150,485550,34.55,3420225,721425,594.55,150825,26700
25-04-2025 10:17,24144.8,410025,490875,35.35,3458700,725100,0,0,0
25-04-2025 10:17,24142.9,405525,481875,35.15,3447075,725250,595,150075,24975
25-04-2025 10:18,24141.9,402300,486600,35.05,3429900,720675,592,149925,26400
25-04-2025 10:18,24145.1,404175,483750,35.8,3435975,717375,577.15,150300,29925
25-04-2025 10:18,24152.7,399900,478350,36.05,3434400,708675,0,0,0
25-04-2025 10:18,24159.8,405900,479775,36.9,3442725,704550,584.2,151500,29550
25-04-2025 10:18,24160,400650,475500,36.8,3447000,721275,0,0,0
25-04-2025 10:18,24159.2,410775,473250,36.5,3447225,720375,0,0,0
25-04-2025 10:19,24158.2,401100,477150,36.6,3447900,721050,0,0,0
25-04-2025 10:19,24149,399300,480825,35.6,3440250,718575,572.8,151950,27225
25-04-2025 10:19,24157.3,405900,479250,36.3,3444225,722250,0,0,0
25-04-2025 10:19,24154.9,410325,473925,36.15,3447375,720975,0,0,0
25-04-2025 10:19,24166,410475,473850,37.2,3446625,722325,0,0,0
25-04-2025 10:19,24171.2,413775,465000,36.8,3443775,715275,0,0,0
25-04-2025 10:20,24161.1,403575,469350,36.4,3438150,718350,0,0,0
25-04-2025 10:20,24152,408675,475650,36.05,3440400,718725,589.45,152400,25200
25-04-2025 10:20,24143.2,402900,476400,35.25,3417900,725175,587.1,151875,24825
25-04-2025 10:20,24147.7,407025,475050,36.1,3437475,718575,585.9,151125,24825
25-04-2025 10:20,24145.3,409050,475425,36.15,3441900,722625,585.9,151350,24825
25-04-2025 10:20,24143.7,412050,477525,36,3447675,727950,584.85,152025,25125
25-04-2025 10:21,24149.5,411075,476925,36.5,3447375,729450,589.2,151800,25050
25-04-2025 10:21,24142.7,415500,478425,36,3452775,732225,590,152400,27525
25-04-2025 10:21,24150.2,416775,469950,36.3,3446850,730425,0,0,0
25-04-2025 10:21,24145,411675,483075,35.5,3447375,829425,594.25,157350,25050
25-04-2025 10:21,24141.7,411150,482325,35.25,3448500,814350,591.6,152850,24975
25-04-2025 10:21,24147.9,412200,478500,35.5,3404850,904200,596.15,151950,25350
25-04-2025 10:22,24141.7,411225,485325,34.8,3409650,807225,0,0,0
25-04-2025 10:22,24137.9,419175,486225,33.8,3414075,865725,602.45,151050,25875
25-04-2025 10:22,24136.6,414150,482025,33.7,3397875,806550,594,150750,24675
25-04-2025 10:22,24141.3,419925,485325,35,3407775,901950,585.95,150075,25875
25-04-2025 10:22,24145,418950,478425,34.85,3422100,752850,579,149775,28575
25-04-2025 10:22,24150.2,422625,473775,35.1,3427950,747450,0,0,0
25-04-2025 10:23,24158.6,423450,473700,35.8,3426675,743625,577.55,149625,30375
25-04-2025 10:23,24162.7,427500,474450,36.25,3425100,721575,573.9,150075,29325
25-04-2025 10:23,24169.5,429525,480225,36.65,3429975,720750,562.5,150000,29625
25-04-2025 10:23,24173.8,428475,472950,37.35,3436275,712575,560,147975,23775
25-04-2025 10:23,24173.3,428475,473550,37.45,3436650,714075,565.95,150900,24525
25-04-2025 10:23,24170.3,430350,474225,36.35,3395625,720450,570.85,151275,27150
25-04-2025 10:24,24162.7,416400,476025,35.55,3382425,726975,580.1,151725,24600
25-04-2025 10:24,24161.2,424650,474600,35.55,3386400,722850,584.6,150900,24675
25-04-2025 10:24,24154.3,425250,486975,34.8,3386775,725700,585.05,151350,25350
25-04-2025 10:24,24145,419925,482400,34.3,3381300,726300,0,0,0
25-04-2025 10:24,24154.9,429150,483375,34.9,3395025,702750,580.4,151800,25875
25-04-2025 10:24,24150,423075,489450,34.45,3400350,704625,584.65,150450,24450
25-04-2025 10:25,24156.2,435600,486600,35.35,3440325,701325,600,152400,28650
25-04-2025 10:25,24152.6,429000,485250,34.7,3424500,711075,0,0,0
25-04-2025 10:25,24145.9,417900,489750,33.6,3418125,708225,0,0,0
25-04-2025 10:25,24131,419475,493050,33.2,3407325,716700,0,0,0
25-04-2025 10:25,24128.1,405150,488325,32.25,3402150,720300,598.8,153450,27375
25-04-2025 10:25,24128.1,405150,488325,30.3,3357450,716325,618.3,152625,25875
25-04-2025 10:26,24111,400500,492525,31.25,3330150,710700,618.85,155925,22575
25-04-2025 10:26,24110,402600,487125,31.35,3341025,701775,621,151875,24000
25-04-2025 10:26,24119,408225,492375,32.45,3351750,706500,0,0,0
25-04-2025 10:26,24117.9,416100,489150,31.95,3352725,700050,613.15,152025,27825
25-04-2025 10:26,24121.9,414300,490275,32.05,3366225,710325,615.8,151200,27675
25-04-2025 10:26,24119.5,411150,491100,31.95,3367650,717300,0,0,0
25-04-2025 10:27,24116.6,408900,485100,32.1,3373425,720975,611.8,150900,29625
25-04-2025 10:27,24120,414525,492600,32.3,3379650,723000,614.05,150975,29475
25-04-2025 10:27,24109.4,421125,496575,30.75,3384975,727500,628.45,150975,29100
25-04-2025 10:27,24098.6,400425,494925,30.5,3360450,730950,629.3,151500,27675
25-04-2025 10:27,24104.1,390225,495375,30.85,3353475,732150,622.95,151500,26400
25-04-2025 10:27,24097.4,377100,505275,29.35,3355050,736125,635.8,152100,24375
25-04-2025 10:28,24097.9,386175,498450,29.55,3347925,735900,633.25,149775,22950
25-04-2025 10:28,24093.1,390675,498525,29.8,3360825,748575,634.1,151200,25875
25-04-2025 10:28,24096.9,392475,493125,30.2,3370500,739425,630.2,151950,25425
25-04-2025 10:28,24100.6,391050,498375,30.4,3367575,741075,635,151800,23325
25-04-2025 10:28,24094.9,391200,501825,30,3369150,739275,635,153600,25125
25-04-2025 10:28,24094.8,393000,501300,29.9,3360675,745800,640,152925,26925
25-04-2025 10:29,24094.2,395850,500925,29.7,3363450,749400,0,0,0
25-04-2025 10:29,24088.3,392175,504375,29.05,3355575,757275,639.55,153300,26700
25-04-2025 10:29,24075.2,392175,506925,27.3,3340950,760875,654.9,152700,24825
25-04-2025 10:29,24060,356325,498450,26.55,3309525,764775,666.75,151725,23700
25-04-2025 10:29,24064.7,341325,507675,26.4,3302625,774675,667.9,153000,28350
25-04-2025 10:29,24070.4,348450,501900,26.4,3293625,772500,661.45,152775,25800
25-04-2025 10:30,24066.6,344325,483975,26.7,3315450,754050,656.65,152325,28200
25-04-2025 10:30,24072.2,350775,505200,27.4,3324675,741750,660.05,151350,26775
25-04-2025 10:30,24069.7,347025,489000,27.75,3334500,739050,0,0,0
25-04-2025 10:30,24065,351825,504675,27.45,3322125,756900,681.95,152700,25425
25-04-2025 10:30,24049.9,344925,499875,26.55,3308850,766125,676.1,146100,24375
25-04-2025 10:30,24053.2,314925,501525,26.55,3312900,761775,681.95,152850,28875
25-04-2025 10:31,24051,316050,504075,25.85,3311475,772950,0,0,0
25-04-2025 10:31,24048,325950,506025,25.15,3307125,774525,683.05,151650,25125
25-04-2025 10:31,24060,334425,490500,25.7,3321000,770925,666.75,150525,26700
25-04-2025 10:31,24063.8,338625,492900,26.45,3331650,766200,665,150900,31425
25-04-2025 10:31,24072,344175,493650,27,3341850,762675,654.75,152550,28125
25-04-2025 10:31,24076.9,350400,502575,27.4,3353175,753300,642,151800,29700
25-04-2025 10:32,24083.9,349425,493875,28.55,3364500,756375,644.95,151725,27300
25-04-2025 10:32,24095,360225,495375,29,3356325,756675,636,150975,27825
25-04-2025 10:32,24104.2,359325,493725,29,3356400,750675,633.8,152700,30000
25-04-2025 10:32,24091,349125,494475,28.6,3360375,746925,642.35,154650,28650
25-04-2025 10:32,24090.8,354825,497625,28.8,3353400,753975,647.2,156000,30525
25-04-2025 10:32,24089.7,353850,506475,28.5,3343875,751575,650,155100,29175
25-04-2025 10:33,24080.8,360075,504675,27.65,3331350,757500,653.25,152700,28125
25-04-2025 10:33,24083.3,345150,507000,27.7,3327300,761100,655,152400,29775
25-04-2025 10:33,24083,357450,493350,28.2,3330225,759150,650,151725,31500
25-04-2025 10:33,24087.1,353550,501750,28.1,3341550,761175,650,152325,29325
25-04-2025 10:33,24072,359700,514650,27.45,3347175,764400,659.6,152400,28200
25-04-2025 10:33,24077.8,365100,500175,27.65,3341250,766875,658.8,154725,32175
25-04-2025 10:34,24075,364275,508200,27.8,3342150,762450,0,0,0
25-04-2025 10:34,24080.4,369750,522000,27.55,3348150,767925,0,0,0
25-04-2025 10:34,24074.4,370275,510750,27.15,3342300,772275,0,0,0
25-04-2025 10:34,24074.5,362550,515625,27.3,3348450,768975,0,0,0
25-04-2025 10:34,24076.8,370425,516225,27.25,3352875,772050,661.3,152925,29550
25-04-2025 10:34,24070.3,371625,519300,27.25,3352350,769350,661.35,151575,27450
25-04-2025 10:35,24079.3,376950,513900,27.5,3349275,765750,650.9,151875,31425
25-04-2025 10:35,24089.2,381525,514875,27.9,3362025,768900,643.85,152625,30600
25-04-2025 10:35,24085.5,379800,515400,27.8,3364650,757350,0,0,0
25-04-2025 10:35,24094.1,388500,506625,28.4,3368625,751875,644.3,151950,31275
25-04-2025 10:35,24090.8,378000,532425,28.3,3369450,747750,639.15,151950,31650
25-04-2025 10:35,24093.9,388050,520800,28.65,3365100,744825,0,0,0
25-04-2025 10:36,24092,379050,531975,28.5,3365700,750300,0,0,0
25-04-2025 10:36,24094.7,385200,531375,28.5,3372075,750000,648,155475,29775
25-04-2025 10:36,24091,387150,534525,28.35,3373875,750975,0,0,0
25-04-2025 10:36,24086.1,386175,535575,28.05,3370650,747150,0,0,0
25-04-2025 10:36,24090,391950,520050,28.55,3373800,744450,647.7,153000,29625
25-04-2025 10:36,24085,390300,537000,28.05,3366450,753750,647.7,151800,28950
25-04-2025 10:37,24083.5,382650,544050,28.5,3367800,761700,632.2,151875,30825
25-04-2025 10:37,24093.7,399450,536400,28.6,3375150,753675,0,0,0
25-04-2025 10:37,24107,397950,534900,29.5,3376050,751950,625,140550,22050
25-04-2025 10:37,24097.7,387900,530175,28.35,3368175,749925,636.6,154800,26325
25-04-2025 10:37,24095,394800,532350,28.5,3367800,749775,635.9,150825,26400
25-04-2025 10:37,24105,397950,530925,28.9,3371100,750525,642.1,153375,28875
25-04-2025 10:38,24091,394350,540975,28.3,3370125,760200,0,0,0
25-04-2025 10:38,24090.3,398550,531825,27.75,3362775,762975,645,153300,26625
25-04-2025 10:38,24090,403125,542100,28.05,3364350,767100,650,152925,27825
25-04-2025 10:38,24085,395625,537075,27.65,3360600,784500,650,151950,31125
25-04-2025 10:38,24091.9,399600,523650,28.4,3366450,775800,0,0,0
25-04-2025 10:38,24090.3,396150,535050,28.2,3367275,775200,645,151275,29550
25-04-2025 10:39,24090.6,402150,537975,28.15,3372000,769050,650,151800,29475
25-04-2025 10:39,24085,390600,535350,27.9,3368700,766275,644.85,150150,27825
25-04-2025 10:39,24090.3,397500,527025,28,3368325,767400,644.35,151500,32250
25-04-2025 10:39,24098.4,401850,533100,28.35,3372000,763275,640,151950,29550
25-04-2025 10:39,24099,403650,533475,28.55,3379725,759900,640,153975,30600
25-04-2025 10:39,24098.7,403425,535650,28.5,3378525,765000,0,0,0
25-04-2025 10:40,24100,403125,529950,28.5,3374625,760875,0,0,0
25-04-2025 10:40,24105,400725,520875,28.4,3377250,759600,0,0,0
25-04-2025 10:40,24092.5,399300,539475,28.3,3365250,757875,634.6,150900,29100
25-04-2025 10:40,24098.2,400500,536775,28.4,3370200,758025,0,0,0
25-04-2025 10:40,24095.3,403425,541500,28.05,3368625,754500,635,153525,29175
25-04-2025 10:40,24093.7,399525,544350,27.5,3363525,760050,0,0,0
25-04-2025 10:41,24100,407550,532575,28,3378150,757425,622,153300,29100
25-04-2025 10:41,24103,404325,538275,28.4,3397875,759675,0,0,0
25-04-2025 10:41,24105,411300,538200,28.65,3405075,768150,0,0,0
25-04-2025 10:41,24108.4,409950,540600,28.8,3391575,770025,0,0,0
25-04-2025 10:41,24108.4,408825,529575,28.7,3394125,768825,0,0,0
25-04-2025 10:41,24112.2,408975,533925,28.85,3395400,772275,0,0,0
25-04-2025 10:42,24120,412650,524100,29.4,3396825,766125,615.85,151125,28350
25-04-2025 10:42,24122.8,411975,514425,29.1,3399000,765675,618.6,152475,29700
25-04-2025 10:42,24120.1,413550,513525,29.7,3392025,764175,0,0,0
25-04-2025 10:42,24118.5,412725,519525,29.45,3391200,770250,0,0,0
25-04-2025 10:42,24118.5,407250,521175,29.6,3390525,766200,626.9,154650,29700
25-04-2025 10:42,24117.1,410400,520575,29.05,3367875,747675,0,0,0
25-04-2025 10:43,24113.3,407025,525900,28.55,3357225,756600,0,0,0
25-04-2025 10:43,24106.6,403350,524175,28.5,3356475,755250,0,0,0
25-04-2025 10:43,24104,404925,524700,28.5,3362850,761550,629.6,154350,30075
25-04-2025 10:43,24108.1,408000,530025,28.75,3356625,768375,632.95,154200,28875
25-04-2025 10:43,24100.4,404325,530700,28.1,3352125,769050,632.95,151725,29100
25-04-2025 10:43,24085.5,399300,531450,26.4,3325725,770325,647.65,154350,25950
25-04-2025 10:44,24090.2,404925,531075,27.35,3327225,761325,644.8,156150,30150
25-04-2025 10:44,24090,407400,531750,27.75,3325050,756375,647.4,155325,24750
25-04-2025 10:44,24097.4,409425,526275,28.25,3334575,755925,636.85,151350,33075
25-04-2025 10:44,24103.9,409725,524400,28.35,3352200,749700,644.2,154350,31800
25-04-2025 10:44,24098.4,400650,532800,27.75,3365925,783675,0,0,0
25-04-2025 10:44,24097.2,406200,531000,28,3370350,782700,0,0,0
25-04-2025 10:45,24094.1,400575,530700,27.75,3366300,781275,641.1,151050,29025
25-04-2025 10:45,24087.4,408525,531450,27.75,3369075,778500,641.1,153975,30675
25-04-2025 10:45,24087.5,406200,534750,27.7,3369075,780525,0,0,0
25-04-2025 10:45,24090.2,410550,534075,27.95,3375225,773550,0,0,0
25-04-2025 10:45,24097.7,410250,532650,28.2,3379875,773100,0,0,0
25-04-2025 10:45,24097.7,400275,523950,28.05,3377250,772875,638.05,153675,30000
25-04-2025 10:46,24099.1,405975,522825,28.25,3373650,773625,0,0,0
25-04-2025 10:46,24097.3,406350,525525,28,3375000,772350,645.6,153600,31200
25-04-2025 10:46,24088,398700,527925,27.3,3379350,780900,647,152700,28050
25-04-2025 10:46,24088.1,402450,531675,27.55,3375150,781575,631.9,153900,31050
25-04-2025 10:46,24095.1,406725,522525,27.95,3383775,776775,0,0,0
25-04-2025 10:46,24099.1,405600,523650,27.8,3383475,773400,0,0,0
25-04-2025 10:47,24101.3,402450,527700,28.05,3389400,773475,0,0,0
25-04-2025 10:47,24103.5,403425,525000,28.25,3389025,769575,625,151800,29625
25-04-2025 10:47,24102.7,399075,529125,27.9,3386100,765600,639,152625,28800
25-04-2025 10:47,24095.9,402525,528300,27.75,3381825,770775,639,155325,31800
25-04-2025 10:47,24095.9,404550,532275,27.4,3380175,777825,0,0,0
25-04-2025 10:47,24095.7,404250,526200,27.7,3384600,774825,0,0,0
25-04-2025 10:48,24094.1,405450,506325,28,3390600,773625,0,0,0
25-04-2025 10:48,24101.9,402150,527250,28.2,3390600,767700,0,0,0
25-04-2025 10:48,24101.9,402300,528375,28.15,3393150,767250,0,0,0
25-04-2025 10:48,24103.4,402075,529425,28.1,3396825,770100,0,0,0
25-04-2025 10:48,24108.9,397500,522750,28.55,3389025,770550,0,0,0
25-04-2025 10:48,24118,403950,521475,29.05,3392550,763350,0,0,0
25-04-2025 10:49,24114,399225,529500,28.95,3399450,762825,0,0,0
25-04-2025 10:49,24111.5,406275,523350,29.15,3397575,765525,0,0,0
25-04-2025 10:49,24110.6,403275,524775,28.75,3391125,772050,0,0,0
25-04-2025 10:49,24108.3,400425,528000,28.8,3389625,772350,626.75,152625,32475
25-04-2025 10:49,24110.7,397800,526425,28.7,3396375,772950,0,0,0
25-04-2025 10:49,24102,400125,539400,28.3,3391800,777150,641.95,154500,31575
25-04-2025 10:50,24101,399375,534075,27.6,3391350,778575,0,0,0
25-04-2025 10:50,24100,407625,532575,28,3386625,783150,0,0,0
25-04-2025 10:50,24094.9,402375,533475,27.75,3385425,782625,0,0,0
25-04-2025 10:50,24094.6,403275,530550,28.1,3392100,778875,0,0,0
25-04-2025 10:50,24090,407400,537150,27.5,3389775,780600,647.55,155025,31350
25-04-2025 10:50,24085.9,402225,527400,27.4,3385725,783300,646.8,153000,32925
25-04-2025 10:51,24090,409350,529800,27.6,3390450,777675,645.5,152625,30375
25-04-2025 10:51,24093.3,409125,529575,28,3397200,785925,645.5,152775,31350
25-04-2025 10:51,24085.8,410625,534075,27.75,3395550,785100,0,0,0
25-04-2025 10:51,24084,403950,542700,27.25,3381450,789075,652.8,150825,30150
25-04-2025 10:51,24083,406200,534000,27.05,3369075,785175,660.15,151350,30000
25-04-2025 10:51,24073.2,397800,540825,26.9,3365025,797400,652.85,149175,31500
25-04-2025 10:52,24081.1,387225,533700,26.85,3369000,804300,654,150825,29850
25-04-2025 10:52,24072.6,383775,545025,26.3,3366825,819975,659.95,153000,31500
25-04-2025 10:52,24080,386025,540000,26.75,3364950,813450,649.1,151125,34950
25-04-2025 10:52,24078.1,387675,540750,26.75,3371700,821250,0,0,0
25-04-2025 10:52,24088,385350,534675,27.2,3366675,806400,647,151125,32175
25-04-2025 10:52,24083.4,396450,531750,27.25,3368775,814275,645,152925,32325
25-04-2025 10:53,24080,390375,536325,26.95,3368400,820500,0,0,0
25-04-2025 10:53,24087.1,396150,534375,27.7,3381900,812400,643.95,153075,31575
25-04-2025 10:53,24088.1,393525,533025,27.5,3380850,808500,0,0,0
25-04-2025 10:53,24082.8,394500,538200,27.4,3382800,811125,645.1,155100,31800
25-04-2025 10:53,24082.3,389850,538575,27.4,3380100,814725,0,0,0
25-04-2025 10:53,24082.1,390825,532725,27.25,3380925,811800,0,0,0
25-04-2025 10:54,24086.4,393675,537150,26.9,3370425,822300,643.5,154350,31350
25-04-2025 10:54,24087,396675,534375,27.1,3394725,821550,643.5,152625,31725
25-04-2025 10:54,24080,390975,538875,27.1,3410850,821850,0,0,0
25-04-2025 10:54,24076,389700,535350,26.55,3384150,876525,652.1,154800,33000
25-04-2025 10:54,24075.1,394425,538200,26.5,3384600,876900,0,0,0
25-04-2025 10:54,24076.9,394950,535275,26.5,3393450,873900,0,0,0
25-04-2025 10:55,24075,395700,535575,26.5,3401625,875325,0,0,0
25-04-2025 10:55,24075,399225,535800,26.4,3394950,880875,0,0,0
25-04-2025 10:55,24075.6,404250,537675,26.5,3402750,874275,652.1,152025,34650
25-04-2025 10:55,24065.3,399375,536025,25.15,3399225,880875,677.85,153450,31050
25-04-2025 10:55,24057.4,385125,535800,24.45,3342375,891375,669.05,148500,33225
25-04-2025 10:55,24061.6,392250,529875,25.25,3331425,880725,666.5,150525,34425
25-04-2025 10:56,24065,391950,539400,25.15,3345000,884475,666.5,152625,31800
25-04-2025 10:56,24062,388275,541575,25.2,3345225,904725,0,0,0
25-04-2025 10:56,24055.3,388575,546525,24.95,3346200,908100,0,0,0
25-04-2025 10:56,24063,393600,542400,25.55,3354975,904725,0,0,0
25-04-2025 10:56,24068.7,396150,544200,25.8,3361950,892725,662.95,153375,33150
25-04-2025 10:56,24068,395625,549675,25.55,3360600,903750,0,0,0
25-04-2025 10:57,24063,394575,544200,25.4,3357525,907275,669.85,153150,32100
25-04-2025 10:57,24057.4,397050,547050,25.5,3358050,907650,0,0,0
25-04-2025 10:57,24059.9,388800,547875,25.35,3366750,908700,0,0,0
25-04-2025 10:57,24055,388800,547425,25.05,3356100,911025,673,153075,32175
25-04-2025 10:57,24058.5,392850,545325,25.3,3356100,904575,666,152400,33675
25-04-2025 10:57,24055.2,394425,545325,25.1,3360900,903675,0,0,0
25-04-2025 10:58,24062.8,413175,545475,25.6,3368400,904050,0,0,0
25-04-2025 10:58,24065,413625,550950,25.35,3371175,905025,0,0,0
25-04-2025 10:58,24067.1,413325,543375,25.2,3373350,907575,665.05,150900,31650
25-04-2025 10:58,24069.3,413700,544050,25.45,3375975,908700,658.15,152550,33075
25-04-2025 10:58,24065.9,412875,552825,25.4,3382575,907575,656.15,151650,33075
25-04-2025 10:58,24078.3,417300,551100,25.55,3378525,908025,651.35,150150,29100
25-04-2025 10:59,24072.7,415050,549000,25.3,3381300,905700,653.25,154575,30525
25-04-2025 10:59,24072,420825,545550,25.75,3381150,914175,657.5,150375,32550
25-04-2025 10:59,24079.1,418425,543750,26.05,3388125,904950,644.8,150825,32175
25-04-2025 10:59,24084.1,417750,544200,25.95,3389100,896400,657.3,152550,31425
25-04-2025 10:59,24073.7,413925,549750,25.95,3381750,904200,657.3,150900,31350
25-04-2025 10:59,24072,416850,550950,25.6,3385575,907050,654.2,150825,31425
25-04-2025 11:00,24074.3,425250,545025,26.05,3390600,907650,0,0,0
25-04-2025 11:00,24065,420750,552300,25.9,3392550,902625,661.6,150975,30975
25-04-2025 11:00,24071.8,419700,549525,25.85,3388725,890775,665.75,151350,32925
25-04-2025 11:00,24065,418650,549150,25.75,3379275,887400,0,0,0
25-04-2025 11:00,24059.6,418200,551100,25.3,3380175,898125,665.95,151950,32550
25-04-2025 11:00,24065,407475,549450,25.6,3373875,895875,665.95,152100,33075
25-04-2025 11:01,24065.5,408675,545025,25.65,3378300,892350,0,0,0
25-04-2025 11:01,24067.6,401625,542250,25.85,3385725,891600,0,0,0
25-04-2025 11:01,24065,405975,548250,25.5,3385425,888450,0,0,0
25-04-2025 11:01,24060,401850,550050,25.4,3382200,892950,0,0,0
25-04-2025 11:01,24056.9,403500,568725,25.1,3383250,897750,672.2,151275,33000
25-04-2025 11:01,24056.8,397425,567750,24.9,3367950,910650,668.7,151200,32250
25-04-2025 11:02,24059,400875,568875,25.1,3371700,908850,0,0,0
25-04-2025 11:02,24060.5,400500,566325,25,3373350,905550,669.5,150075,31800
25-04-2025 11:02,24057.5,399750,574425,24.9,3370200,914325,669.5,149775,31800
25-04-2025 11:02,24059.7,399300,576450,25,3373275,909750,671.85,150675,31725
25-04-2025 11:02,24056,399600,570975,24.55,3374700,912075,0,0,0
25-04-2025 11:02,24058,398325,571500,24.2,3365775,916650,685,149925,31200
25-04-2025 11:03,24042.5,390075,571950,23.35,3357300,916500,681.4,150225,30825
25-04-2025 11:03,24040.5,374625,569025,23.75,3333675,905400,0,0,0
25-04-2025 11:03,24043.2,376950,568725,23.45,3339075,915000,681.45,149025,32100
25-04-2025 11:03,24039.1,367275,572100,23.15,3331800,920025,0,0,0
25-04-2025 11:03,24045.2,373200,567975,23.75,3343575,921225,670.15,150225,30975
25-04-2025 11:03,24050.9,373650,572250,23.4,3345900,913875,0,0,0
25-04-2025 11:04,24051.4,374850,562725,23.8,3343050,911175,0,0,0
25-04-2025 11:04,24057.8,377400,568800,24.15,3348450,910350,670.15,149400,31950
25-04-2025 11:04,24054.1,376500,571425,23.85,3344925,906750,0,0,0
25-04-2025 11:04,24045,374025,574575,23.5,3348300,905175,685.6,151200,29475
25-04-2025 11:04,24037.5,372975,577725,22.9,3343200,907425,690.85,150525,30225
25-04-2025 11:04,24032.9,376575,569325,23.05,3331725,908100,686.75,150300,31425
25-04-2025 11:05,24037.8,374250,570825,23.2,3340425,908475,691.9,149850,30375
25-04-2025 11:05,24040,369000,566550,23.2,3349500,900000,689.25,151275,32025
25-04-2025 11:05,24035,369300,575025,23.3,3345675,908625,680.55,149625,30225
25-04-2025 11:05,24041.1,368400,570150,23.75,3351300,902475,680.7,149475,29475
25-04-2025 11:05,24040,371175,572475,23.6,3348000,903300,684.35,150825,32175
25-04-2025 11:05,24048,377025,575100,23.85,3357375,898050,677.6,149625,30525
25-04-2025 11:06,24052.9,375525,571875,24.4,3362850,890700,675.4,149850,30600
25-04-2025 11:06,24055.9,376950,573900,24.45,3364650,894750,673.6,150975,30225
25-04-2025 11:06,24056.7,375375,573900,24.45,3402150,896025,0,0,0
25-04-2025 11:06,24054.1,375600,577050,24.4,3367200,905100,669,150300,29100
25-04-2025 11:06,24063,377175,572025,24.55,3368025,909450,669,151800,29775
25-04-2025 11:06,24060.4,373425,577350,24.5,3372150,912675,0,0,0
25-04-2025 11:07,24059.3,379575,576600,24.85,3376275,907950,672.05,152250,30675
25-04-2025 11:07,24064.2,380775,575775,24.65,3378675,895500,0,0,0
25-04-2025 11:07,24057.2,373350,580425,24.6,3370875,910500,669,150450,30300
25-04-2025 11:07,24064.2,377775,579225,24.75,3372825,903075,0,0,0
25-04-2025 11:07,24063.9,381225,579900,24.8,3371475,902850,664,150225,30225
25-04-2025 11:07,24066.2,378375,571725,24.75,3370875,903600,661,149325,31125
25-04-2025 11:08,24068.5,380550,581700,25.1,3369750,900600,656.65,153225,30975
25-04-2025 11:08,24069.5,377925,578850,24.95,3372225,904650,0,0,0
25-04-2025 11:08,24067.9,378375,576375,24.75,3363900,907650,0,0,0
25-04-2025 11:08,24071,380850,574425,25,3363075,906525,0,0,0
25-04-2025 11:08,24074,379425,576825,25.15,3368100,904650,656.65,148950,30825
25-04-2025 11:08,24075,385575,575100,25.3,3367500,907200,656.45,152700,28725
25-04-2025 11:09,24073.2,380700,574350,25,3369450,906375,666.55,153750,30300
25-04-2025 11:09,24070,381225,575775,24.95,3369825,911175,0,0,0
25-04-2025 11:09,24064.9,389550,578100,24.75,3363825,913650,0,0,0
25-04-2025 11:09,24068.6,384375,576300,24.95,3368025,911250,0,0,0
25-04-2025 11:09,24061.3,383925,580575,24.5,3367575,924300,0,0,0
25-04-2025 11:09,24060.5,384150,576975,24.75,3361950,919200,666.55,149025,29175
25-04-2025 11:10,24061.2,385425,578925,24.4,3364575,914025,670.9,150975,28200
25-04-2025 11:10,24061.3,385950,577875,24.5,3353550,919275,667.75,151875,29550
25-04-2025 11:10,24058,386175,578700,24.5,3359475,932700,659.3,149250,30150
25-04-2025 11:10,24067.7,388650,577575,24.75,3360300,932400,662.55,151200,32325
25-04-2025 11:10,24065.3,386400,577875,24.95,3369450,904650,0,0,0
25-04-2025 11:10,24062,386925,575400,24.55,3372975,907200,0,0,0
25-04-2025 11:11,24060.3,395250,572625,24.35,3354900,914175,0,0,0
25-04-2025 11:11,24064.9,390675,572775,24.6,3366900,915750,0,0,0
25-04-2025 11:11,24051.9,394725,573825,23.85,3368550,923250,677.05,151725,29700
25-04-2025 11:11,24050.4,380775,567750,23.55,3336375,925200,680.55,150075,28200
25-04-2025 11:11,24051.4,377700,574425,23.65,3343275,928125,678.75,150525,30975
25-04-2025 11:11,24045.4,384150,574425,23.2,3344700,934575,0,0,0
25-04-2025 11:12,24045.2,380325,569925,22.95,3341625,932250,0,0,0
25-04-2025 11:12,24043.8,379125,570900,22.9,3328650,927675,0,0,0
25-04-2025 11:12,24040.5,384525,569625,22.65,3332550,935025,686.6,151350,31725
25-04-2025 11:12,24043.9,383550,564225,22.85,3336450,931050,0,0,0
25-04-2025 11:12,24045,386025,572100,23.15,3354000,926025,0,0,0
25-04-2025 11:12,24048,386400,563775,23.35,3355950,919950,676.8,151050,31050
25-04-2025 11:13,24055.9,392850,563625,23.75,3364125,921375,0,0,0
25-04-2025 11:13,24058.8,396000,564975,23.75,3367800,910200,668.35,148950,30075
25-04-2025 11:13,24058.8,393075,562650,23.9,3366975,907650,672.5,149625,30675
25-04-2025 11:13,24055.6,396300,566925,23.6,3360075,912225,668.35,153750,32025
25-04-2025 11:13,24059.8,399975,563100,23.95,3363150,913200,0,0,0
25-04-2025 11:13,24057.4,394950,565500,23.75,3366750,908025,666.95,153450,31050
25-04-2025 11:14,24053.4,393600,567225,23.6,3360600,907350,0,0,0
25-04-2025 11:14,24050,392850,571575,23.35,3350925,916875,0,0,0
25-04-2025 11:14,24048.1,397500,574200,23,3345300,917550,0,0,0
25-04-2025 11:14,24049.5,399825,567675,23.05,3342075,920700,0,0,0
25-04-2025 11:14,24055.1,402525,562050,23.5,3355200,920175,0,0,0
25-04-2025 11:14,24056,397425,566325,23.7,3356925,916725,0,0,0
25-04-2025 11:15,24058.6,398775,562725,24,3364650,918375,0,0,0
25-04-2025 11:15,24057.4,398175,559950,23.75,3365550,919200,0,0,0
25-04-2025 11:15,24063.8,399825,563925,24.05,3368175,911850,663.1,148800,31650
25-04-2025 11:15,24062.9,401475,562275,23.85,3370800,912600,665.55,149475,30150
25-04-2025 11:15,24058,402975,564975,23.7,3369825,915225,672.25,150225,31425
25-04-2025 11:15,24055,396000,566925,23.65,3365475,916200,0,0,0
25-04-2025 11:16,24054.1,402675,566325,23.35,3361875,924000,672.25,149550,29475
25-04-2025 11:16,24054.9,401100,569250,23.45,3364350,921300,0,0,0
25-04-2025 11:16,24050,400275,570900,23.45,3357375,925050,0,0,0
25-04-2025 11:16,24045,398175,572400,23.3,3357150,919350,0,0,0
25-04-2025 11:16,24045.8,399000,573300,23.35,3350250,925050,0,0,0
25-04-2025 11:16,24050,402225,566175,23.2,3352050,917325,0,0,0
25-04-2025 11:17,24045.6,401850,570675,22.9,3351600,926025,0,0,0
25-04-2025 11:17,24047.2,400425,569700,23.05,3355350,925950,689,149625,30975
25-04-2025 11:17,24038,400350,570825,22.8,3359325,932850,0,0,0
25-04-2025 11:17,24033.9,400575,570975,22,3356175,932400,686.25,148425,26400
25-04-2025 11:17,24035,400200,568875,22.25,3339075,921450,684.85,149400,25650
25-04-2025 11:17,24040,401550,571275,22,3345600,924525,691.8,147825,27300
25-04-2025 11:18,24033.3,395100,571800,21.8,3343425,927300,691,153975,30525
25-04-2025 11:18,24033.1,396000,575025,21.85,3352050,923100,689.6,148875,27300
25-04-2025 11:18,24033.1,400500,575475,21.8,3347400,926325,690.45,149625,25875
25-04-2025 11:18,24035.5,397650,571800,21.7,3343125,922425,687.8,147150,27675
25-04-2025 11:18,24031.2,401250,570675,21.5,3340575,918450,690,149025,28200
25-04-2025 11:18,24032,398250,571725,21,3336600,926100,700,147300,18825
25-04-2025 11:19,24025,393675,571725,21.05,3318150,934275,704.9,148800,26175
25-04-2025 11:19,24011.1,394125,576975,20.65,3317325,931725,711,150825,21825
25-04-2025 11:19,24010,367050,579300,20.3,3311025,938025,700.8,149325,25725
25-04-2025 11:19,24013,357900,578175,20.65,3320625,849825,0,0,0
25-04-2025 11:19,24019.5,377700,576225,20.95,3333225,835275,700,147375,25500
25-04-2025 11:19,24026,380850,570825,21.05,3330975,837675,693.85,149850,29925
25-04-2025 11:20,24024.8,387825,572775,21.1,3334200,827250,0,0,0
25-04-2025 11:20,24023.6,385800,572025,20.75,3330825,841125,0,0,0
25-04-2025 11:20,24034.6,393975,574800,21.05,3339825,844650,0,0,0
25-04-2025 11:20,24034.9,400125,569325,20.95,3339375,822150,0,0,0
25-04-2025 11:20,24035.6,403650,570600,21,3349425,823425,0,0,0
25-04-2025 11:20,24033,404175,570225,20.85,3380250,827625,0,0,0
25-04-2025 11:21,24030,402225,573450,21,3349350,833325,693.85,147375,25725
25-04-2025 11:21,24030,408825,573000,21.2,3435375,831000,0,0,0
25-04-2025 11:21,24024,402825,578100,20.85,3354825,843600,0,0,0
25-04-2025 11:21,24023.6,407250,572250,20.7,3345300,840975,0,0,0
25-04-2025 11:21,24020.9,401250,575100,20.6,3350625,840975,0,0,0
25-04-2025 11:21,24019.6,402750,576000,20.85,3351150,834525,0,0,0
25-04-2025 11:22,24022.4,399300,573225,20.8,3358425,834150,0,0,0
25-04-2025 11:22,24022.7,401250,573900,20.55,3353250,837075,701.65,152775,27150
25-04-2025 11:22,24020.3,406350,576075,20.55,3358575,836700,0,0,0
25-04-2025 11:22,24016.5,403275,579900,20.45,3353325,879900,0,0,0
25-04-2025 11:22,24018.9,399450,578325,20.15,3352725,874425,704.5,149400,27375
25-04-2025 11:22,24015,404325,576525,20.5,3361800,871275,0,0,0
25-04-2025 11:23,24011.7,401325,577425,20.35,3365250,840150,701.15,150675,26925
25-04-2025 11:23,24019,408375,572700,20.5,3431475,857475,702.55,149625,25200
25-04-2025 11:23,24015.9,403650,572250,20.05,3412350,874050,705,150225,24600
25-04-2025 11:23,24015.2,400200,573075,19.6,3316125,880050,715,149625,23475
25-04-2025 11:23,24011.8,398025,579525,19.5,3315150,872550,708.3,147375,25050
25-04-2025 11:23,24015.5,399450,576450,19.7,3316575,876675,0,0,0
25-04-2025 11:24,24007.4,401625,576750,19.35,3311775,880500,698.1,149925,24975
25-04-2025 11:24,24011.1,393750,577500,19.1,3300075,881550,0,0,0
25-04-2025 11:24,24017,398550,575850,19.65,3309975,877275,0,0,0
25-04-2025 11:24,24029.9,400725,573600,20.15,3318825,855225,698.1,139575,25200
25-04-2025 11:24,24022.5,400725,573075,20.2,3320325,831300,693,151650,24225
25-04-2025 11:24,24026.6,408225,571500,20.5,3336600,824025,0,0,0
25-04-2025 11:25,24021.1,404775,570225,20.35,3336525,833100,700.3,149775,24075
25-04-2025 11:25,24023.5,400275,573525,20.4,3416925,836100,699.35,147450,23100
25-04-2025 11:25,24026,402675,572625,20.5,3381825,838575,703.95,150000,25650
25-04-2025 11:25,24026.1,402000,573000,20.5,3335700,844425,0,0,0
25-04-2025 11:25,24029.9,407250,573150,20.55,3336750,826800,0,0,0
25-04-2025 11:25,24032.2,410625,577050,20.45,3343425,825675,0,0,0
25-04-2025 11:26,24021.3,404475,578325,20.5,3334275,828375,0,0,0
25-04-2025 11:26,24027.5,407025,575325,20.7,3338475,837000,0,0,0
25-04-2025 11:26,24018,408375,578175,20.35,3344100,819075,0,0,0
25-04-2025 11:26,24018.6,409575,574950,20.3,3337575,819975,697.7,149475,26100
25-04-2025 11:26,24021.4,413400,574950,20.4,3339825,820425,0,0,0
25-04-2025 11:26,24024,414600,581250,20.3,3339825,821475,690,149850,25800
25-04-2025 11:27,24027.8,411900,575850,20.55,3348900,820350,0,0,0
25-04-2025 11:27,24026.5,415425,576750,20.45,3354150,811425,0,0,0
25-04-2025 11:27,24030,416250,573750,20.5,3355275,807375,0,0,0
25-04-2025 11:27,24034,416550,569250,20.75,3413250,811875,686.05,147600,23400
25-04-2025 11:27,24035.1,416250,576525,21.05,3362100,808950,689.15,147375,23850
25-04-2025 11:27,24033.1,412275,576075,20.85,3362325,805575,0,0,0
25-04-2025 11:28,24031,411075,571950,20.95,3366900,807000,689.6,147675,24000
25-04-2025 11:28,24036.5,417525,567225,21.15,3373425,804600,0,0,0
25-04-2025 11:28,24036.2,411825,568350,21.2,3369600,803775,686.85,147375,24150
25-04-2025 11:28,24037.9,411225,572100,21.15,3367350,810300,681,149250,25125
25-04-2025 11:28,24038.4,416175,567600,21.1,3366075,812475,0,0,0
25-04-2025 11:28,24040,413925,570450,21.2,3362250,807300,0,0,0
25-04-2025 11:29,24040,413325,569100,21.25,3369825,806550,0,0,0
25-04-2025 11:29,24041.8,411300,567225,21.65,3380025,800625,685.55,146550,24150
25-04-2025 11:29,24044,412350,567300,21.85,3384375,800775,682.4,151500,24225
25-04-2025 11:29,24041,412800,573000,21.45,3381075,818550,0,0,0
25-04-2025 11:29,24040,411300,577575,21.5,3367125,821550,0,0,0
25-04-2025 11:29,24040,412500,570450,21.55,3370425,816750,684,146175,23925
25-04-2025 11:30,24044.3,411825,568500,21.85,3370350,813300,679.4,149850,24450
25-04-2025 11:30,24041.4,409725,573750,21.25,3372675,821850,687.25,149325,24150
25-04-2025 11:30,24036.7,412125,569775,21.35,3357375,831675,683.2,150000,24450
25-04-2025 11:30,24040,415050,569700,21.3,3361200,839775,686.5,147525,23325
25-04-2025 11:30,24036.7,411600,570750,21.25,3354975,834450,692.95,150375,23700
25-04-2025 11:30,24036.5,412125,572625,21.25,3354600,837300,0,0,0
25-04-2025 11:31,24037.9,414300,572175,21.5,3367650,842400,0,0,0
25-04-2025 11:31,24039,414750,570450,21.7,3369825,823875,0,0,0
25-04-2025 11:31,24034.2,408825,577125,21.25,3365850,834900,692.95,146925,24150
25-04-2025 11:31,24032.3,412050,577575,21.35,3353700,831300,689.8,152625,24150
25-04-2025 11:31,24032.3,410700,576750,21.25,3360600,834450,693.95,150600,23925
25-04-2025 11:31,24032.3,419850,577950,21.4,3360750,835800,0,0,0
25-04-2025 11:32,24032.9,416475,581700,21.25,3364500,825675,693.95,148725,23775
25-04-2025 11:32,24028.5,414825,573675,21.55,3369075,822900,697.85,151050,24000
25-04-2025 11:32,24027.8,410625,579900,21.15,3363525,828300,0,0,0
25-04-2025 11:32,24022,407775,580650,21,3338100,838425,0,0,0
25-04-2025 11:32,24027.1,413325,581175,21.4,3432000,821325,0,0,0
25-04-2025 11:32,24030,414375,582000,21.4,3367425,811575,699.25,149775,24000
25-04-2025 11:33,24031,415050,581550,21.65,3374175,802800,699,147375,25050
25-04-2025 11:33,24028.4,412425,582825,21.2,3385725,799275,699,151500,24375
25-04-2025 11:33,24025,419550,583125,21.35,3387225,809175,0,0,0
25-04-2025 11:33,24028.4,411075,584700,21.1,3378000,804225,0,0,0
25-04-2025 11:33,24029.1,415950,585225,21.25,3379650,803775,0,0,0
25-04-2025 11:33,24020,409125,585375,21.05,3380775,812175,704.4,150675,24075
25-04-2025 11:34,24021,405150,586500,21.05,3362400,806775,703.55,151725,24975
25-04-2025 11:34,24022.6,417300,583950,21.3,3363300,821850,0,0,0
25-04-2025 11:34,24018.2,411375,586650,20.8,3360000,816300,708.95,149775,25050
25-04-2025 11:34,24016.9,410325,587250,20.55,3354900,821175,707.65,149025,22425
25-04-2025 11:34,24016.7,411525,585375,20.45,3351600,822450,710,148575,23325
25-04-2025 11:34,24015,410025,586125,20.55,3358275,825000,710,149850,26175
25-04-2025 11:35,24010.1,408450,585900,20.4,3359700,824100,0,0,0
25-04-2025 11:35,24018,413700,583875,20.35,3359475,825825,700.75,150225,27675
25-04-2025 11:35,24019.9,415125,586875,20.5,3361950,822975,0,0,0
25-04-2025 11:35,24020,413325,582225,20.65,3368325,818175,695,148800,24375
25-04-2025 11:35,24025,417975,583875,20.8,3369750,817950,0,0,0
25-04-2025 11:35,24023.3,414000,584175,20.65,3369900,816375,0,0,0
25-04-2025 11:36,24020.1,415575,584700,20.9,3367800,817725,0,0,0
25-04-2025 11:36,24014.7,418650,586500,20.9,3367800,821475,0,0,0
25-04-2025 11:36,24021.4,415575,580800,20.8,3374025,817425,0,0,0
25-04-2025 11:36,24025.6,420075,584550,21.25,3376500,806250,692.35,147975,24975
25-04-2025 11:36,24030.1,418950,584250,21.3,3374250,806475,0,0,0
25-04-2025 11:36,24032.7,411075,579600,21.4,3376800,801300,689.55,149850,25425
25-04-2025 11:37,24031.6,416625,587325,21.45,3380175,805875,0,0,0
25-04-2025 11:37,24036,419625,577575,21.8,3379725,795675,0,0,0
25-04-2025 11:37,24036,420900,576075,21.95,3377325,792825,0,0,0
25-04-2025 11:37,24036,426450,575850,21.95,3373350,796200,0,0,0
25-04-2025 11:37,24026,415425,585150,21.5,3370575,808200,0,0,0
25-04-2025 11:37,24026,416175,590775,21.15,3361125,814575,0,0,0
25-04-2025 11:38,24029.4,419025,578850,21.35,3364800,817125,0,0,0
25-04-2025 11:38,24029.9,425400,579450,21.6,3367725,809400,0,0,0
25-04-2025 11:38,24034.6,425175,580725,22.1,3384375,803475,0,0,0
25-04-2025 11:38,24038,421800,577350,22.35,3388350,798525,0,0,0
25-04-2025 11:38,24039.8,421350,583725,22.1,3381600,806550,0,0,0
25-04-2025 11:38,24035.2,422325,588150,22.2,3378525,808950,0,0,0
25-04-2025 11:39,24040,424125,576525,21.95,3383475,811575,681.15,147600,25350
25-04-2025 11:39,24040.9,422775,575775,22.3,3391050,810525,0,0,0
25-04-2025 11:39,24047,424350,575775,22.5,3388875,808500,0,0,0
25-04-2025 11:39,24040.9,421125,580200,22.25,3382575,814650,0,0,0
25-04-2025 11:39,24046.3,424200,580725,22.45,3384975,816975,0,0,0
25-04-2025 11:39,24046.5,424275,573300,22.4,3384150,812550,678.95,146850,25050
25-04-2025 11:40,24046.8,426000,575550,22.4,3392325,824250,678.15,147375,25425
25-04-2025 11:40,24040.3,431925,576975,22.4,3393150,811350,682.35,148200,25725
25-04-2025 11:40,24048.8,427950,575475,22.7,3369975,789600,0,0,0
25-04-2025 11:40,24042.2,426900,578625,21.9,3372525,798825,692.1,148500,23550
25-04-2025 11:40,24038.2,422925,582600,22,3354000,796725,692.1,153075,25125
25-04-2025 11:40,24039.3,428550,584475,22.2,3366150,793800,0,0,0
25-04-2025 11:41,24038.6,425400,584325,21.95,3363675,801975,0,0,0
25-04-2025 11:41,24038.8,428775,580200,22.2,3368025,795975,0,0,0
25-04-2025 11:41,24039,424125,580800,22.05,3365400,797925,0,0,0
25-04-2025 11:41,24047.8,430800,577725,22.35,3370425,796725,0,0,0
25-04-2025 11:41,24048.7,427425,576225,22.45,3374850,782550,677.65,147150,25800
25-04-2025 11:41,24048.6,426450,573525,22.6,3378225,780225,686.8,149550,25275
25-04-2025 11:42,24049.9,431025,578850,22.5,3370650,783450,0,0,0
25-04-2025 11:42,24048.8,432600,575925,22.45,3389250,807450,0,0,0
25-04-2025 11:42,24043.8,426900,583050,22.25,3382425,829725,0,0,0
25-04-2025 11:42,24040,426975,578550,21.95,3382050,831375,686.8,149250,23775
25-04-2025 11:42,24039,426450,581700,21.65,3369375,823950,690.75,148425,25575
25-04-2025 11:42,24039,427725,574800,22.1,3385125,825975,0,0,0
25-04-2025 11:43,24042.4,427200,576300,22.1,3390225,826200,0,0,0
25-04-2025 11:43,24037,431400,580275,21.9,3387825,830850,0,0,0
25-04-2025 11:43,24040.1,432750,579750,22.15,3392475,829200,0,0,0
25-04-2025 11:43,24044.8,430800,574425,22.15,3396525,831000,0,0,0
25-04-2025 11:43,24044,434625,576375,22.2,3392175,829800,0,0,0
25-04-2025 11:43,24041.6,434325,576525,22.05,3394350,829875,0,0,0
25-04-2025 11:44,24040,431775,576300,21.75,3384150,842625,0,0,0
25-04-2025 11:44,24036.1,433650,579525,21.35,3375750,850350,689.8,146550,24375
25-04-2025 11:44,24035.9,437100,575475,21.6,3394200,852075,692.95,147825,23475
25-04-2025 11:44,24035.9,433575,576450,21.5,3399525,847425,690.55,148500,25425
25-04-2025 11:44,24025.6,432975,579150,20.85,3392700,857625,690.55,148950,26100
25-04-2025 11:44,24027.2,428775,575925,21.2,3373500,863400,0,0,0
25-04-2025 11:45,24026,421725,573225,21.05,3369000,857025,697.1,152550,24900
25-04-2025 11:45,24027.9,433125,578700,20.9,3364275,862650,0,0,0
25-04-2025 11:45,24024.4,433950,580050,21.05,3373800,871125,0,0,0
25-04-2025 11:45,24029.7,437475,569175,21.05,3370800,860625,0,0,0
25-04-2025 11:45,24026.8,430425,575625,21.2,3378825,844500,702.75,151275,25350
25-04-2025 11:45,24024,427950,578175,20.9,3372975,857325,0,0,0
25-04-2025 11:46,24026.8,433425,577500,20.85,3377850,867975,0,0,0
25-04-2025 11:46,24021.1,434325,577050,20.85,3372150,876225,0,0,0
25-04-2025 11:46,24024.6,430350,581700,20.85,3371925,878550,0,0,0
25-04-2025 11:46,24019.2,430575,583650,20.75,3376275,853350,706.35,148950,24225
25-04-2025 11:46,24022.1,431400,576150,20.65,3367650,854325,0,0,0
25-04-2025 11:46,24020,427800,577125,20.5,3366900,861150,0,0,0
25-04-2025 11:47,24022.4,429375,576300,20.6,3371700,856050,706.45,149925,23325
25-04-2025 11:47,24015,432225,576975,20.65,3375375,862275,714.6,148275,23625
25-04-2025 11:47,24017,424650,581025,20.7,3372300,863025,0,0,0
25-04-2025 11:47,24011.2,426675,580875,20.3,3372375,859050,0,0,0
25-04-2025 11:47,24000,418725,593550,19.75,3372150,858900,731.85,143925,15675
25-04-2025 11:47,23995.3,373275,587475,20,3330450,856725,732,147825,17175
25-04-2025 11:48,23991.3,362550,590175,19.4,3327000,862575,732.15,144825,16575
25-04-2025 11:48,23994.9,366225,592275,19.5,3324300,862650,732.15,145425,16050
25-04-2025 11:48,23991,366225,596175,19.75,3341175,860625,736.55,145350,19575
25-04-2025 11:48,23991.9,369300,594075,19.45,3341775,872325,734.05,145125,18150
25-04-2025 11:48,23994.9,371700,596250,19.9,3347250,868875,730.7,145575,18975
25-04-2025 11:48,23996.5,375075,591600,19.95,3356775,857400,729.65,149400,21900
25-04-2025 11:49,23998,377775,589950,20.05,3356100,854550,734.05,150750,22200
25-04-2025 11:49,23998,384750,587100,19.9,3363900,847350,0,0,0
25-04-2025 11:49,23995,380850,590325,20.05,3357600,854475,731.75,150300,22800
25-04-2025 11:49,23999,379500,588750,20.1,3367575,853425,0,0,0
25-04-2025 11:49,23996,378750,585600,20.15,3366600,848475,734.35,151050,20625
25-04-2025 11:49,23990,373125,579000,20.1,3362550,854175,736.55,149700,21600
25-04-2025 11:50,23980.7,361875,583875,20.45,3367425,841275,741.3,150825,21000
25-04-2025 11:50,23980,368925,587250,20.35,3360975,849825,0,0,0
25-04-2025 11:50,23979.1,344025,594900,20.3,3359325,844200,750,149100,25725
25-04-2025 11:50,23979.1,348150,601800,20,3360225,844200,746.25,149850,20550
25-04-2025 11:50,23979.6,349050,594000,20,3353925,848775,746.25,148800,19875
25-04-2025 11:50,23976.2,354375,592725,19.8,3348975,842400,751.25,149250,21975
25-04-2025 11:51,23977.6,353925,588900,19.8,3345300,847275,753.8,148275,21525
25-04-2025 11:51,23975.5,356100,591750,19.75,3340875,854700,753.8,147075,22200
25-04-2025 11:51,23977.9,363075,596250,19.7,3347700,849975,739.25,149400,23025
25-04-2025 11:51,23976.8,362700,592425,19.9,3340800,848700,0,0,0
25-04-2025 11:51,23985.1,364950,588075,19.9,3360150,844275,0,0,0
25-04-2025 11:51,23985.7,362100,587025,20,3376275,843900,0,0,0
25-04-2025 11:52,23992.9,368175,586200,20.2,3374625,837675,0,0,0
25-04-2025 11:52,23990,366300,586425,20.15,3369525,831075,738.4,150150,22425
25-04-2025 11:52,23985,362400,587850,19.9,3358800,840450,0,0,0
25-04-2025 11:52,23988.9,367050,584250,20,3358350,847950,0,0,0
25-04-2025 11:52,23985,359850,582150,19.9,3359475,840900,743.6,151950,20850
25-04-2025 11:52,23985.7,358200,587400,19.85,3354000,847575,0,0,0
25-04-2025 11:53,23983.7,369600,585525,19.85,3360300,849525,744.2,153000,21300
25-04-2025 11:53,23981,379125,585825,19.7,3353625,853950,737.3,151575,26025
25-04-2025 11:53,23976.1,377400,588975,19.75,3355950,858000,0,0,0
25-04-2025 11:53,23989,382800,583875,19.8,3365475,858300,0,0,0
25-04-2025 11:53,23990,382275,587625,19.75,3364275,850800,0,0,0
25-04-2025 11:53,23993,384075,583350,19.95,3366900,840900,730,151200,21150
25-04-2025 11:54,23995,391350,583275,19.9,3367575,840075,0,0,0
25-04-2025 11:54,23995,398925,582675,19.8,3369300,845175,0,0,0
25-04-2025 11:54,23997.9,401850,581700,19.95,3371700,842775,0,0,0
25-04-2025 11:54,23997.3,398700,581325,19.95,3378150,841800,730,150075,22575
25-04-2025 11:54,24000,399975,580875,19.95,3378225,835800,0,0,0
25-04-2025 11:54,23998,400500,581625,19.95,3378450,836625,0,0,0
25-04-2025 11:55,23997.9,398250,584025,20.2,3377400,833925,0,0,0
25-04-2025 11:55,23995,401475,585450,20.15,3385425,828825,0,0,0
25-04-2025 11:55,23998.8,402675,587850,20.25,3389100,831450,0,0,0
25-04-2025 11:55,23993,398850,591525,20,3378975,832050,0,0,0
25-04-2025 11:55,23990.4,399900,594450,20.15,3374025,836100,722.45,154125,23325
25-04-2025 11:55,23996.9,418575,593625,19.85,3373050,837975,0,0,0
25-04-2025 11:56,24003.2,418050,593625,20.15,3373425,841875,0,0,0
25-04-2025 11:56,24004,412425,587550,20.1,3369825,835275,729.2,148875,22800
25-04-2025 11:56,23998.9,399000,589350,20.05,3373200,841575,726.05,151500,24675
25-04-2025 11:56,23995,403200,597450,19.9,3372450,842625,0,0,0
25-04-2025 11:56,23994.9,404550,598050,19.85,3372900,843750,0,0,0
25-04-2025 11:56,23992.4,401175,598275,19.85,3364800,845175,0,0,0
25-04-2025 11:57,23994.9,405450,594750,20.1,3370050,846375,0,0,0
25-04-2025 11:57,23996.1,404700,593100,20,3373275,838950,0,0,0
25-04-2025 11:57,24000,407850,596325,20.1,3377550,837525,0,0,0
25-04-2025 11:57,23995,403350,595575,19.8,3376050,827400,0,0,0
25-04-2025 11:57,23995.2,405450,595125,19.9,3368400,830325,0,0,0
25-04-2025 11:57,23998.4,405225,594075,20,3371250,821700,0,0,0
25-04-2025 11:58,23990.9,407475,601275,19.8,3373425,826275,736.15,150525,23175
25-04-2025 11:58,23991,406875,597525,19.8,3367875,830250,0,0,0
25-04-2025 11:58,23992.2,410175,601050,19.85,3367950,830400,736.15,152850,28425
25-04-2025 11:58,23995,410550,596925,19.95,3377325,825075,0,0,0
25-04-2025 11:58,23997.2,410925,594975,19.95,3375825,824175,0,0,0
25-04-2025 11:58,23997,410475,599325,19.85,3377475,823725,0,0,0
25-04-2025 11:59,23989,408975,601275,19.9,3374925,824250,0,0,0
25-04-2025 11:59,23994.9,408600,601950,19.85,3375000,828675,0,0,0
25-04-2025 11:59,23993.9,409950,598950,19.85,3372975,831075,0,0,0
25-04-2025 11:59,23998,414750,592275,20,3374775,829125,0,0,0
25-04-2025 11:59,23992.1,409050,597450,19.95,3374850,829200,0,0,0
25-04-2025 11:59,23998.8,411975,594075,19.95,3373875,832875,0,0,0
25-04-2025 12:00,23995,410475,601050,20,3374775,833775,0,0,0
25-04-2025 12:00,24002,406050,595725,20.2,3378525,827250,0,0,0
25-04-2025 12:00,23999.3,412200,594675,20.2,3380100,829500,0,0,0
25-04-2025 12:00,23995.7,408750,597750,19.9,3382125,836325,0,0,0
25-04-2025 12:00,23994.9,409875,595500,19.8,3373875,844650,735.45,153375,24600
25-04-2025 12:00,23996.9,407850,598425,19.85,3375150,838950,0,0,0
25-04-2025 12:01,23995.3,406650,599550,19.85,3370275,850050,0,0,0
25-04-2025 12:01,23990.4,406050,601050,19.7,3370125,859425,0,0,0
25-04-2025 12:01,23988.4,402825,605025,19.5,3362475,873075,747,149025,22275
25-04-2025 12:01,23988.6,403500,600750,19.45,3350475,884025,0,0,0
25-04-2025 12:01,23977.6,400350,601650,19.2,3347925,873450,732.2,152250,24975
25-04-2025 12:01,23982.9,398550,602325,19.25,3326775,863925,0,0,0
25-04-2025 12:02,23992.2,400350,596550,19.6,3340200,860775,0,0,0
25-04-2025 12:02,23997.8,407175,589650,19.55,3343950,853800,731.75,149175,25050
25-04-2025 12:02,23994,406050,597975,19.4,3347850,862725,737.65,150600,25350
25-04-2025 12:02,23991.2,404850,596850,19.25,3335250,872925,0,0,0
25-04-2025 12:02,23991.8,407625,600975,19.45,3336300,871650,732.85,151575,25800
25-04-2025 12:02,23990.1,402675,598200,19.5,3347400,866325,0,0,0
25-04-2025 12:03,23998.4,405075,597750,19.6,3349125,862950,732.85,150675,26100
25-04-2025 12:03,23996.1,402525,600150,19.45,3348300,863175,0,0,0
25-04-2025 12:03,23992.7,400875,598950,19.4,3342075,863775,0,0,0
25-04-2025 12:03,23995,406500,601050,19.55,3345825,869700,0,0,0
25-04-2025 12:03,23998.4,405150,592050,19.55,3346800,868275,0,0,0
25-04-2025 12:03,24002,404850,612675,19.45,3347550,868125,0,0,0
25-04-2025 12:04,23996,406350,600600,19.4,3342000,868500,730,150600,25800
25-04-2025 12:04,23996,406950,596175,19.35,3341550,870975,0,0,0
25-04-2025 12:04,23998,407775,592500,19.3,3342600,868875,725,152625,26025
25-04-2025 12:04,24003.2,406500,592500,19.45,3345075,864975,725,148200,28725
25-04-2025 12:04,24000.6,408075,593100,19.5,3343875,861525,720,146700,24600
25-04-2025 12:04,24006.4,409875,598650,19.65,3347625,861450,0,0,0
25-04-2025 12:05,24005.6,409575,601200,19.6,3345900,859125,713.15,148500,26700
25-04-2025 12:05,24005.9,406500,601950,19.7,3350550,856950,0,0,0
25-04-2025 12:05,24005.9,408300,598500,19.85,3356325,854475,0,0,0
25-04-2025 12:05,24008.8,408525,595425,19.85,3354450,850050,0,0,0
25-04-2025 12:05,24011.1,409800,595500,20.05,3355875,844050,716.45,145725,24450
25-04-2025 12:05,24007.5,411225,594375,19.95,3354600,837600,710,147675,25200
25-04-2025 12:06,24011.9,409125,596925,20.25,3360825,839400,0,0,0
25-04-2025 12:06,24013.9,412275,593775,20.4,3364350,835275,0,0,0
25-04-2025 12:06,24019.4,410175,591450,20.55,3365625,824400,710.95,148875,24825
25-04-2025 12:06,24016.6,410100,601350,20.65,3370425,817800,715.25,149325,25800
25-04-2025 12:06,24010,410325,597525,20.3,3361425,821100,722.05,149550,25425
25-04-2025 12:06,24009,407925,601200,20.3,3355800,828675,0,0,0
25-04-2025 12:07,24010.9,408225,598800,20.3,3349350,829050,719.15,149025,26850
25-04-2025 12:07,24009.4,408900,605250,20.25,3350775,828225,0,0,0
25-04-2025 12:07,24007,406350,603525,20.3,3352500,833925,0,0,0
25-04-2025 12:07,24005,406950,611475,20.1,3357225,838950,720,151575,26250
25-04-2025 12:07,24003.3,406200,616575,19.95,3348075,843750,0,0,0
25-04-2025 12:07,24006.6,407925,613725,20.05,3354450,839850,720,148275,29025
25-04-2025 12:08,24006.9,404325,620850,19.8,3346800,840975,0,0,0
25-04-2025 12:08,24003,405450,624075,19.7,3338175,843900,0,0,0
25-04-2025 12:08,24006.6,408300,615150,19.6,3335775,846375,0,0,0
25-04-2025 12:08,24004.9,409575,621750,19.7,3333525,851250,715,150300,26625
25-04-2025 12:08,24014,415500,617025,19.85,3344100,837150,710.05,148725,30675
25-04-2025 12:08,24017.9,415200,615825,20.2,3351075,830625,0,0,0
25-04-2025 12:09,24017,414300,618825,20.25,3356325,834975,0,0,0
25-04-2025 12:09,24011.8,410100,625725,20.1,3358125,844725,0,0,0
25-04-2025 12:09,24016.1,416400,619500,20.3,3363600,843375,0,0,0
25-04-2025 12:09,24017.1,411750,615600,20.4,3361275,825075,0,0,0
25-04-2025 12:09,24017.2,414675,618900,20.4,3360150,825675,0,0,0
25-04-2025 12:09,24022.4,411525,605175,20.55,3356325,821325,0,0,0
25-04-2025 12:10,24019.9,415575,606900,20.5,3355125,822450,709.4,149175,28425
25-04-2025 12:10,24018,415200,605625,20.45,3354600,826650,0,0,0
25-04-2025 12:10,24020,419325,605475,20.5,3358650,821325,0,0,0
25-04-2025 12:10,24018.4,415125,602025,20.45,3356175,823800,0,0,0
25-04-2025 12:10,24018.2,416625,608175,20,3353775,829125,700,146325,25575
25-04-2025 12:10,24022,420750,605625,20.4,3354000,827550,0,0,0
25-04-2025 12:11,24026,422700,601050,20.7,3359025,824400,700,144825,26400
25-04-2025 12:11,24030.1,418575,598650,21.1,3365025,820350,697.05,145200,25050
25-04-2025 12:11,24030,420825,597300,20.75,3365025,821775,700,146100,25575
25-04-2025 12:11,24029,417900,606600,21.05,3370050,824850,695.9,147900,25500
25-04-2025 12:11,24031.9,422925,606825,21.1,3374100,824700,697,147975,26100
25-04-2025 12:11,24033.3,418125,605025,21.25,3374775,821175,0,0,0
25-04-2025 12:12,24033.6,419400,601800,21.25,3378075,822600,697.5,146475,24825
25-04-2025 12:12,24030.1,417825,605550,21.2,3371175,831000,695.9,147900,24525
25-04-2025 12:12,24035,421575,600000,21.25,3372225,831300,0,0,0
25-04-2025 12:12,24034.8,421125,600375,21.3,3370425,823275,0,0,0
25-04-2025 12:12,24035,422325,598500,21.9,3376050,816150,683.75,146625,24825
25-04-2025 12:12,24044,422250,583800,22.15,3370650,815925,0,0,0
25-04-2025 12:13,24049,420900,583425,22.35,3374025,803850,683.75,148800,24450
25-04-2025 12:13,24062.1,427350,576000,23.9,3378000,794025,665.15,148275,25275
25-04-2025 12:13,24065.1,430050,566325,24.55,3369225,774750,668.1,148725,26400
25-04-2025 12:13,24066,427800,572025,24.35,3367125,766350,0,0,0
25-04-2025 12:13,24065,423600,572175,24.1,3366975,776550,0,0,0
25-04-2025 12:13,24065,417000,571800,23.9,3360675,769500,664.2,146550,26775
25-04-2025 12:14,24055.1,415575,579525,22.7,3353625,785700,677.15,148800,23925
25-04-2025 12:14,24055,421125,583950,22.95,3357375,790725,673,148275,25725
25-04-2025 12:14,24050.1,417825,580950,22.8,3360975,775575,0,0,0
25-04-2025 12:14,24055,419250,586950,22.7,3356175,785250,0,0,0
25-04-2025 12:14,24058.5,420375,584325,22.8,3367275,798525,673,148950,25125
25-04-2025 12:14,24060,418200,580425,22.5,3361350,804975,0,0,0
25-04-2025 12:15,24055.9,418875,583725,22.6,3366900,803475,682,151575,24300
25-04-2025 12:15,24051.7,421275,589800,22.3,3367725,799350,0,0,0
25-04-2025 12:15,24041.2,417825,594450,21.45,3364050,785175,0,0,0
25-04-2025 12:15,24045,418275,595800,21.6,3351825,785400,688,146850,23625
25-04-2025 12:15,24036.8,412950,593025,21.35,3351600,791625,686.2,146025,26925
25-04-2025 12:15,24050,419400,593625,22.15,3366675,784650,681.6,148275,27600
25-04-2025 12:16,24049.4,419400,593175,22.1,3371925,777150,0,0,0
25-04-2025 12:16,24045,417450,595425,21.9,3372900,791850,0,0,0
25-04-2025 12:16,24050,418800,592350,22.15,3367650,786150,677.35,148200,26475
25-04-2025 12:16,24047.8,420000,588600,22.2,3371775,793575,679.6,150300,27375
25-04-2025 12:16,24043.3,415500,600375,21.9,3368175,797475,681.7,148275,24750
25-04-2025 12:16,24048,418275,590625,22.4,3372450,786075,679.75,148800,24000
25-04-2025 12:17,24047.1,421425,591975,22.5,3379800,789000,671.6,148125,24900
25-04-2025 12:17,24054,422700,593100,23.1,3383550,777450,674.05,148500,25800
25-04-2025 12:17,24061.8,423000,590775,23.2,3387075,774450,0,0,0
25-04-2025 12:17,24055.3,419925,593475,23,3384975,782775,0,0,0
25-04-2025 12:17,24058.5,411900,582825,22.95,3384750,784650,667.6,147375,25200
25-04-2025 12:17,24062.7,417900,584175,23.5,3380325,783150,667.6,150825,25575
25-04-2025 12:18,24063.7,417750,578550,23.4,3383700,790125,0,0,0
25-04-2025 12:18,24060,415575,583875,23.1,3383325,788100,0,0,0
25-04-2025 12:18,24062,408450,582300,23.25,3381600,793275,0,0,0
25-04-2025 12:18,24065.6,410325,578700,23.9,3391350,778650,660,143100,24375
25-04-2025 12:18,24088.2,410925,575175,25.65,3399375,770925,644.85,142950,26175
25-04-2025 12:18,24075.4,407100,538950,24.3,3405450,771225,653.45,146625,24825
25-04-2025 12:19,24079,412125,534600,25.2,3388575,764700,653.45,145800,24825
25-04-2025 12:19,24078.3,411075,538200,24.45,3388125,782925,658.7,146550,33075
25-04-2025 12:19,24069.3,411450,540600,24.55,3379575,785550,0,0,0
25-04-2025 12:19,24074,415650,539250,24.45,3389550,787800,668.85,149175,23850
25-04-2025 12:19,24072.1,410550,545100,24.15,3381975,810300,0,0,0
25-04-2025 12:19,24068,412275,548250,24,3372750,820800,0,0,0
25-04-2025 12:20,24072.3,411900,545775,24,3385425,818100,0,0,0
25-04-2025 12:20,24066.1,411150,548700,23.45,3384375,792675,0,0,0
25-04-2025 12:20,24061.8,415650,552075,23.05,3372900,799050,0,0,0
25-04-2025 12:20,24056.2,404700,554625,22.6,3356625,804375,674,147075,23550
25-04-2025 12:20,24054.9,409950,552075,22.7,3359925,792375,0,0,0
25-04-2025 12:20,24052.1,409275,558450,22.55,3362475,798900,0,0,0
25-04-2025 12:21,24055,415050,549300,23.2,3367875,798150,667.95,146100,27150
25-04-2025 12:21,24059,414450,549975,23.35,3376050,793500,0,0,0
25-04-2025 12:21,24063,416925,548625,23.7,3383700,788925,0,0,0
25-04-2025 12:21,24064.1,416625,553350,23.65,3382650,795900,0,0,0
25-04-2025 12:21,24067,412950,555525,23.8,3388125,798450,667.95,149475,24150
25-04-2025 12:21,24065.2,415050,558000,23.7,3388050,796875,0,0,0
25-04-2025 12:22,24057.9,413325,559875,23.1,3384075,807750,0,0,0
25-04-2025 12:22,24058.1,418275,558000,23.2,3374325,806025,0,0,0
25-04-2025 12:22,24055.1,415050,558975,23.1,3374550,806775,0,0,0
25-04-2025 12:22,24051,412200,563175,22.5,3372825,811650,679.05,147675,23475
25-04-2025 12:22,24048.3,409725,568050,22.3,3368100,819825,0,0,0
25-04-2025 12:22,24046.3,408975,567600,22.2,3373500,821100,676.4,146025,23025
25-04-2025 12:23,24048.9,409875,567300,22.05,3365475,822525,0,0,0
25-04-2025 12:23,24049.3,412500,566175,22.25,3382050,818175,0,0,0
25-04-2025 12:23,24049.5,415650,568725,22.7,3388800,811725,676.4,145500,24150
25-04-2025 12:23,24053.5,411825,571875,22.55,3388875,817050,0,0,0
25-04-2025 12:23,24053.3,416550,573825,22.5,3387675,822300,0,0,0
25-04-2025 12:23,24047.5,418950,566475,22.3,3386625,821325,671.7,146925,24375
25-04-2025 12:24,24047.1,418050,568275,22.3,3385650,820500,0,0,0
25-04-2025 12:24,24055.5,421050,561975,22.75,3391050,818550,0,0,0
25-04-2025 12:24,24060.2,424350,562500,23.15,3400125,810900,0,0,0
25-04-2025 12:24,24060,425550,565650,23.15,3400200,808125,0,0,0
25-04-2025 12:24,24061.6,422550,564450,23.05,3392400,816975,0,0,0
25-04-2025 12:24,24055,423150,564975,22.85,3390150,821775,0,0,0
25-04-2025 12:25,24055.9,420375,564075,22.65,3386625,822000,684.5,148800,23025
25-04-2025 12:25,24054.3,420825,564825,22.65,3388950,824250,0,0,0
25-04-2025 12:25,24045,416550,564525,22.05,3386475,829275,0,0,0
25-04-2025 12:25,24041,414450,563700,21.95,3369600,833250,673.15,149250,27600
25-04-2025 12:25,24043.9,419175,565500,22.15,3374550,825525,0,0,0
25-04-2025 12:25,24048.8,424275,563850,22,3384075,819900,0,0,0
25-04-2025 12:26,24044,422700,565500,22.1,3386250,826950,0,0,0
25-04-2025 12:26,24049.3,423000,562125,22.25,3396525,817875,0,0,0
25-04-2025 12:26,24049.8,422475,561075,22.5,3394725,823275,0,0,0
25-04-2025 12:26,24049.9,421275,560850,22.55,3390375,827925,0,0,0
25-04-2025 12:26,24056,420000,557475,22.85,3395625,815100,661,150975,26100
25-04-2025 12:26,24055,421350,568500,22.3,3392925,824025,0,0,0
25-04-2025 12:27,24053.3,426225,565950,22.5,3395400,829725,0,0,0
25-04-2025 12:27,24054.4,422550,569325,22.5,3397275,819375,0,0,0
25-04-2025 12:27,24059,427950,565200,22.8,3397950,821700,0,0,0
25-04-2025 12:27,24060.5,425700,557475,22.95,3403425,818100,0,0,0
25-04-2025 12:27,24060.1,425175,558450,23.2,3408450,804900,0,0,0
25-04-2025 12:27,24062,424575,560475,23.1,3401025,807375,0,0,0
25-04-2025 12:28,24067,426750,559350,23.1,3398850,802950,0,0,0
25-04-2025 12:28,24064.6,428625,565275,23.5,3400500,806475,661,144825,23400
25-04-2025 12:28,24065,426900,564225,23.75,3398775,803925,660.2,143775,23250
25-04-2025 12:28,24063.9,426825,567750,23.7,3397350,808500,0,0,0
25-04-2025 12:28,24066.2,429225,567150,24,3403575,800475,658.4,145500,23775
25-04-2025 12:28,24069.2,426075,571125,23.95,3404250,799200,661.85,146325,23025
25-04-2025 12:29,24064.4,421575,571350,23.15,3393300,811650,661.45,145200,21900
25-04-2025 12:29,24062,429150,576825,22.95,3386625,808725,666.3,144150,22575
25-04-2025 12:29,24051.1,419025,572550,22.65,3381600,817050,672.1,146175,22125
25-04-2025 12:29,24055,429000,585225,22.75,3375375,815850,669,145425,23625
25-04-2025 12:29,24059.9,429150,583350,23.15,3386025,805650,666.3,149175,29100
25-04-2025 12:29,24059.2,421350,577800,23,3386925,811050,0,0,0
25-04-2025 12:30,24059.9,423150,575850,22.95,3386925,817125,0,0,0
25-04-2025 12:30,24055,419925,575700,22.8,3378900,820950,0,0,0
25-04-2025 12:30,24062.5,421200,569700,23.15,3390225,814725,661.15,147150,29250
25-04-2025 12:30,24065,422025,570225,23.3,3392700,822675,661.15,151425,29250
25-04-2025 12:30,24058.1,419775,573675,22.85,3393525,815175,0,0,0
25-04-2025 12:30,24065,420900,570150,23.35,3395925,820875,0,0,0
25-04-2025 12:31,24069,422100,568725,23.5,3401700,817650,0,0,0
25-04-2025 12:31,24069,416625,569700,23.75,3401325,809625,0,0,0
25-04-2025 12:31,24067,422175,567150,23.8,3403050,811575,0,0,0
25-04-2025 12:31,24068.9,421125,567000,23.6,3406575,811500,656.65,146925,28575
25-04-2025 12:31,24069,433050,565800,23.75,3404550,810675,656.3,149250,29850
25-04-2025 12:31,24064,431175,572850,22.9,3402000,809550,0,0,0
25-04-2025 12:32,24058,427275,574200,22.4,3383550,818025,0,0,0
25-04-2025 12:32,24053,418050,580125,22.2,3381375,818925,0,0,0
25-04-2025 12:32,24052.6,424575,575850,22.65,3384375,820725,0,0,0
25-04-2025 12:32,24053.9,429225,573375,22.75,3390825,819975,0,0,0
25-04-2025 12:32,24055.1,435075,580275,22.65,3392475,824100,0,0,0
25-04-2025 12:32,24058.9,450675,583650,22.85,3394050,820200,0,0,0
25-04-2025 12:33,24065,454950,583275,23.4,3393225,818100,0,0,0
25-04-2025 12:33,24066.9,453450,577350,23.4,3393525,812400,0,0,0
25-04-2025 12:33,24068.6,460575,577725,23.4,3396300,815175,0,0,0
25-04-2025 12:33,24063,454650,574350,23.3,3404625,813225,0,0,0
25-04-2025 12:33,24060.9,452925,579525,23,3399825,824475,668.1,153075,31050
25-04-2025 12:33,24058.1,453150,578625,22.9,3393450,829575,668.1,151725,32025
25-04-2025 12:34,24063,458325,575625,23.05,3390525,824850,0,0,0
25-04-2025 12:34,24068.4,456000,576825,23.4,3395550,818250,0,0,0
25-04-2025 12:34,24065,454200,578325,23.3,3416325,826275,0,0,0
25-04-2025 12:34,24061,448200,579300,23.15,3418575,835050,0,0,0
25-04-2025 12:34,24060.3,449700,579000,22.95,3402975,837975,0,0,0
25-04-2025 12:34,24061.4,450150,578100,23.15,3409050,832125,0,0,0
25-04-2025 12:35,24059.9,449625,578850,23,3406200,837225,0,0,0
25-04-2025 12:35,24058.4,446325,577200,22.85,3399525,840375,0,0,0
25-04-2025 12:35,24055.5,442425,575325,22.95,3399900,839550,0,0,0
25-04-2025 12:35,24062.9,443700,581775,23.2,3406200,833925,0,0,0
25-04-2025 12:35,24057.8,443700,582675,23.05,3403800,833400,0,0,0
25-04-2025 12:35,24062.9,440700,582300,23.45,3408900,834225,0,0,0
25-04-2025 12:36,24063.3,441000,584850,23.35,3409950,829725,0,0,0
25-04-2025 12:36,24065.1,444375,583425,23.55,3414600,828075,0,0,0
25-04-2025 12:36,24065.4,441300,583575,23.55,3412425,827700,660.9,153075,30975
25-04-2025 12:36,24065.5,441825,580950,23.6,3414975,833175,0,0,0
25-04-2025 12:36,24066.9,446625,580050,23.55,3408975,834300,658,153075,30600
25-04-2025 12:36,24065,443925,579450,24.05,3417750,832800,646.8,135900,20700
25-04-2025 12:37,24078,441675,571875,24.3,3418575,814875,646.8,150075,26775
25-04-2025 12:37,24075,441225,579975,24.1,3419250,815325,650.05,150225,28275
25-04-2025 12:37,24073.7,441825,566100,23.7,3417900,820875,0,0,0
25-04-2025 12:37,24065.4,440400,572850,23.95,3423075,823500,647.5,149325,29400
25-04-2025 12:37,24075.4,445950,567750,24.75,3439875,815625,0,0,0
25-04-2025 12:37,24084,446625,564450,24.55,3434850,812250,644.1,148425,29700
25-04-2025 12:38,24084.6,444675,565575,24.4,3434700,820725,647.85,149625,29175
25-04-2025 12:38,24080.2,445125,564750,24.35,3441975,817800,0,0,0
25-04-2025 12:38,24078.2,443250,565425,23.9,3437400,828000,653.25,149925,28800
25-04-2025 12:38,24080,444675,569325,24.35,3425100,827100,0,0,0
25-04-2025 12:38,24076.3,442350,569175,23.95,3424950,828825,0,0,0
25-04-2025 12:38,24076.9,447000,579675,23.7,3414675,835050,647.85,149550,28425
25-04-2025 12:39,24073.6,449925,577050,24.1,3419550,833100,0,0,0
25-04-2025 12:39,24087.2,455850,572175,24.4,3427800,817725,645,147300,28575
25-04-2025 12:39,24089,459000,573375,24.5,3429450,816000,636.05,148575,29025
25-04-2025 12:39,24090,461700,564975,24.65,3428625,821625,639.05,148350,29700
25-04-2025 12:39,24090,461625,564675,24.45,3421575,822000,635,147525,27900
25-04-2025 12:39,24090.5,459000,562200,24.5,3424350,816675,642.2,148275,28050
25-04-2025 12:40,24090,454950,564150,24.3,3419700,825150,0,0,0
25-04-2025 12:40,24088.7,454575,564600,23.9,3414375,823800,0,0,0
25-04-2025 12:40,24090.8,438375,562800,24.25,3418800,823950,641.35,148425,26025
25-04-2025 12:40,24090,444525,567300,24.3,3417975,827475,641.35,150825,25875
25-04-2025 12:40,24088,444900,563775,24.1,3420600,832275,0,0,0
25-04-2025 12:40,24090,445275,564900,24,3419400,833475,0,0,0
25-04-2025 12:41,24090,444600,563700,23.9,3408975,835425,646.1,150525,28875
25-04-2025 12:41,24089.7,442500,561975,24.25,3419625,834225,0,0,0
25-04-2025 12:41,24088.7,435825,565950,23.9,3413100,834000,0,0,0
25-04-2025 12:41,24090,443550,564600,23.9,3418275,836700,0,0,0
25-04-2025 12:41,24087,445200,567300,23.7,3419250,843825,0,0,0
25-04-2025 12:41,24086,441600,568500,23.5,3406500,844200,0,0,0
25-04-2025 12:42,24085.2,440400,564225,23.7,3406200,843075,0,0,0
25-04-2025 12:42,24085,440100,568875,22.9,3410325,843975,654.3,148050,27675
25-04-2025 12:42,24074,428025,571875,22.55,3375900,833025,654.3,150000,26775
25-04-2025 12:42,24082.1,432000,570750,23,3384300,840675,0,0,0
25-04-2025 12:42,24076.6,443400,574500,22.9,3386325,839550,0,0,0
25-04-2025 12:42,24071,439650,578700,22.4,3379800,848775,660,151875,25350
25-04-2025 12:43,24077,443250,574875,23,3388050,839850,0,0,0
25-04-2025 12:43,24070,434175,573375,22.55,3382200,841425,661.3,148575,31425
25-04-2025 12:43,24070.1,434775,586050,22.35,3386850,845025,660.25,148500,25200
25-04-2025 12:43,24065.2,430800,582600,22.25,3384075,842100,664.55,149625,24300
25-04-2025 12:43,24049.4,423600,586125,21.2,3370725,842700,678.45,150525,24225
25-04-2025 12:43,24052.4,423900,584475,21.5,3366000,837975,675.9,147375,27750
25-04-2025 12:44,24050.1,424350,581250,21.25,3368025,838275,0,0,0
25-04-2025 12:44,24058.4,427200,578775,21.7,3369600,835575,664.35,145575,28575
25-04-2025 12:44,24062,426150,571950,22.05,3348750,811425,665.65,147750,28950
25-04-2025 12:44,24056.2,429150,577200,21.9,3352875,812925,0,0,0
25-04-2025 12:44,24056.1,428850,584400,21.7,3354225,814275,652.9,149850,29550
25-04-2025 12:44,24059,426675,567375,21.6,3346650,814350,0,0,0
25-04-2025 12:45,24060,427575,577725,22.15,3361350,816075,0,0,0
25-04-2025 12:45,24065,426750,579000,22.25,3363600,808500,0,0,0
25-04-2025 12:45,24066.4,423825,574500,22.6,3366450,805800,0,0,0
25-04-2025 12:45,24070,424125,573150,22.85,3372750,798525,0,0,0
25-04-2025 12:45,24065.2,427575,573525,23,3373800,799500,0,0,0
25-04-2025 12:45,24074,428100,574500,23.3,3392025,798825,652.1,148050,26475
25-04-2025 12:46,24078.9,426975,571800,23.15,3374175,800475,0,0,0
25-04-2025 12:46,24072.2,430200,578625,22.85,3373125,811275,0,0,0
25-04-2025 12:46,24082,428475,568800,23.4,3378150,805650,0,0,0
25-04-2025 12:46,24083.2,425175,582225,23.15,3379575,801450,0,0,0
25-04-2025 12:46,24072.3,422700,583350,22.95,3370350,805950,652.45,150675,25350
25-04-2025 12:46,24071.8,426225,581475,22.8,3367650,810225,0,0,0
25-04-2025 12:47,24072.1,425100,583950,22.85,3369150,815025,0,0,0
25-04-2025 12:47,24066.3,426600,581025,22.85,3385800,815100,0,0,0
25-04-2025 12:47,24067.7,426225,577725,22.8,3390000,815700,0,0,0
25-04-2025 12:47,24073.2,428250,578550,22.95,3390375,815625,0,0,0
25-04-2025 12:47,24074,427200,577050,22.85,3391425,818700,0,0,0
25-04-2025 12:47,24074.3,428925,578550,23.15,3393000,818250,0,0,0
25-04-2025 12:48,24073.4,424425,583425,22.75,3391800,819450,0,0,0
25-04-2025 12:48,24072.5,428775,579225,22.85,3392475,824850,0,0,0
25-04-2025 12:48,24077.9,429150,576450,22.9,3397575,821775,0,0,0
25-04-2025 12:48,24073.5,428025,578475,22.95,3399750,823425,0,0,0
25-04-2025 12:48,24075,433200,576075,22.95,3401625,824100,0,0,0
25-04-2025 12:48,24075.1,433650,582525,23.1,3401700,822000,0,0,0
25-04-2025 12:49,24077,437250,577650,23.1,3406575,814425,0,0,0
25-04-2025 12:49,24080,438450,579750,23.1,3407175,815325,652.45,149025,26250
25-04-2025 12:49,24083.9,439200,579300,23.2,3404175,811125,0,0,0
25-04-2025 12:49,24080,436200,580350,23.15,3401475,815625,0,0,0
25-04-2025 12:49,24075.6,438150,581325,22.9,3401775,817350,0,0,0
25-04-2025 12:49,24072.8,436500,581025,22.7,3393225,823500,0,0,0
25-04-2025 12:50,24074.8,433950,579675,22.7,3391125,829200,0,0,0
25-04-2025 12:50,24078.9,439275,580725,22.65,3390000,829575,653.55,149175,28500
25-04-2025 12:50,24080.5,437475,575850,23.15,3395100,830775,0,0,0
25-04-2025 12:50,24084,435600,578550,23.05,3395025,813900,0,0,0
25-04-2025 12:50,24083,434400,579450,23.1,3398925,820200,0,0,0
25-04-2025 12:50,24081.9,433725,585075,22.9,3406050,825300,0,0,0
25-04-2025 12:51,24078.6,437100,582975,23.2,3404850,823725,653.55,148500,29175
25-04-2025 12:51,24080,436275,582750,23,3408300,828225,0,0,0
25-04-2025 12:51,24076.5,432975,586125,22.75,3395475,828075,654.15,149775,29850
25-04-2025 12:51,24077,436350,583200,22.65,3391425,828525,0,0,0
25-04-2025 12:51,24070,432975,583350,22.45,3382950,832575,0,0,0
25-04-2025 12:51,24075,433425,581025,22.65,3389250,835425,0,0,0
25-04-2025 12:52,24076.9,432600,583875,22.75,3391050,829425,645.05,150075,29025
25-04-2025 12:52,24075.1,432525,581100,22.5,3390675,834375,0,0,0
25-04-2025 12:52,24076.4,433725,581025,22.8,3388200,834900,0,0,0
25-04-2025 12:52,24079.2,435375,579600,23.05,3392025,822675,642,147300,30000
25-04-2025 12:52,24086,439725,574650,23.1,3391800,818400,644.75,148200,28650
25-04-2025 12:52,24085.5,438000,581550,23.1,3377100,821325,0,0,0
25-04-2025 12:53,24085,436350,580950,22.9,3376350,823950,0,0,0
25-04-2025 12:53,24085,436500,580800,23,3376875,828150,0,0,0
25-04-2025 12:53,24083.5,437550,578325,23.25,3377100,823725,0,0,0
25-04-2025 12:53,24083.5,440550,578475,23.2,3383175,824700,642.65,147150,27900
25-04-2025 12:53,24086.5,441975,580800,23.1,3400725,829350,642.65,148575,28200
25-04-2025 12:53,24083.8,439500,581700,23,3395250,832050,0,0,0
25-04-2025 12:54,24083.8,438825,581325,22.75,3399675,835350,0,0,0
25-04-2025 12:54,24080.1,438150,586575,22.9,3396000,836700,639.95,150600,28500
25-04-2025 12:54,24087,440775,579450,23.5,3400050,829800,0,0,0
25-04-2025 12:54,24091,440400,577050,23.4,3407925,825750,639.95,150150,28950
25-04-2025 12:54,24093.8,441000,573150,23.55,3409875,814800,640.15,150600,31125
25-04-2025 12:54,24096.6,439500,574050,23.55,3410625,819000,0,0,0
25-04-2025 12:55,24090,441300,580800,23.3,3407400,818400,0,0,0
25-04-2025 12:55,24090,443850,577575,23,3405975,838950,640.6,147675,29700
25-04-2025 12:55,24085.3,444375,575550,23.1,3404625,835800,0,0,0
25-04-2025 12:55,24085.7,443325,578325,23,3404100,830100,0,0,0
25-04-2025 12:55,24085.7,442725,580275,23,3406950,832575,628,148350,30975
25-04-2025 12:55,24089,443100,574800,23.05,3412125,830625,0,0,0
25-04-2025 12:56,24089.9,443850,571125,23.3,3435750,847200,0,0,0
25-04-2025 12:56,24107,448725,565950,24.25,3414900,825450,621.4,144900,25350
25-04-2025 12:56,24107.9,447975,537975,23.9,3386625,802500,608.05,149850,29700
25-04-2025 12:56,24109,451875,535650,24.2,3403800,802200,0,0,0
25-04-2025 12:56,24104.9,449175,535800,24.3,3398325,798975,0,0,0
25-04-2025 12:56,24110,453075,533250,24.75,3404175,796725,0,0,0
25-04-2025 12:57,24111.8,450150,530775,24.8,3402150,793125,0,0,0
25-04-2025 12:57,24118,451425,525225,25.6,3424425,781350,613.1,148425,30525
25-04-2025 12:57,24120.9,454125,522600,25.7,3425775,793650,0,0,0
25-04-2025 12:57,24116.5,448575,526050,25.35,3433050,787950,0,0,0
25-04-2025 12:57,24116.7,451425,533025,25.35,3419850,789825,0,0,0
25-04-2025 12:57,24119,452625,530325,25.4,3413100,797100,608.3,149175,32700
25-04-2025 12:58,24120,459150,536400,25.15,3406425,806400,610.3,151950,30000
25-04-2025 12:58,24119.8,455025,533325,24.95,3415200,806250,0,0,0
25-04-2025 12:58,24119.7,461925,533325,25.25,3423225,803850,608.75,147750,30450
25-04-2025 12:58,24119.9,461925,533325,26.65,3423900,802575,602.05,146775,30225
25-04-2025 12:58,24143,467550,509325,28.05,3440175,763200,588.65,144075,31200
25-04-2025 12:58,24141,457725,502350,27.85,3422700,784350,586.95,147450,29550
25-04-2025 12:59,24140.3,460500,500400,27.35,3424950,781200,586,148275,29550
25-04-2025 12:59,24145,465900,492300,28.8,3423075,781200,587.05,147000,30600
25-04-2025 12:59,24143.8,465825,495750,29.45,3433500,777450,582.3,145950,30150
25-04-2025 12:59,24146.3,463275,495225,29.8,3445650,763950,0,0,0
25-04-2025 12:59,24141.9,460575,489225,28.35,3444300,751950,594.35,148200,30150
25-04-2025 12:59,24134.3,458475,491025,28.15,3409050,768975,593.9,148200,30675
25-04-2025 13:00,24136.1,466950,497325,28.25,3417375,771900,592.4,147000,29850
25-04-2025 13:00,24143,458700,494175,28.2,3418350,767175,592.05,146700,29625
25-04-2025 13:00,24142.6,457575,498675,28.1,3420225,776925,0,0,0
25-04-2025 13:00,24142.6,461475,499725,28.45,3421275,762375,590.5,147375,29250
25-04-2025 13:00,24140,472800,503175,28.85,3432450,756675,580,146925,29925
25-04-2025 13:00,24144,468450,504600,29.2,3432975,752325,0,0,0
25-04-2025 13:01,24160,470775,493125,30.5,3441075,740550,570,144675,28425
25-04-2025 13:01,24167.1,467025,489525,31.05,3425850,754125,572,147675,29400
25-04-2025 13:01,24156.4,464100,492675,30.5,3413925,737625,0,0,0
25-04-2025 13:01,24156.4,468450,499875,30.25,3420450,743250,0,0,0
25-04-2025 13:01,24148,466575,503700,28.95,3424950,744375,583.25,148200,28950
25-04-2025 13:01,24150,464475,502725,28.75,3397050,814425,583.25,146250,28425
25-04-2025 13:02,24146.3,461700,510075,28.9,3409125,814500,581.85,149100,29925
25-04-2025 13:02,24136.6,462750,519150,27.1,3406875,777600,594.05,148125,30975
25-04-2025 13:02,24135,463800,513750,27.75,3412650,787275,0,0,0
25-04-2025 13:02,24134.9,471450,520125,27.7,3413550,783450,0,0,0
25-04-2025 13:02,24134.7,462750,511725,28.15,3421725,791850,591.75,148350,29250
25-04-2025 13:02,24128.3,461850,516675,26.95,3412950,794925,592.4,147525,29025
25-04-2025 13:03,24135,468225,531525,27.7,3440400,795375,590.35,148200,30675
25-04-2025 13:03,24139,461700,535650,27.95,3439425,841125,0,0,0
25-04-2025 13:03,24135.3,465000,542100,27.8,3429975,853950,0,0,0
25-04-2025 13:03,24140,468450,546600,27.75,3448650,848025,0,0,0
25-04-2025 13:03,24137.8,466950,551250,27.3,3435450,855300,0,0,0
25-04-2025 13:03,24136.7,477300,555225,27.7,3428250,856725,0,0,0
25-04-2025 13:04,24131.9,471675,554625,26.45,3429900,862275,0,0,0
25-04-2025 13:04,24128.8,471900,553650,26.4,3423450,913200,0,0,0
25-04-2025 13:04,24131.8,470100,557175,27,3423750,862125,0,0,0
25-04-2025 13:04,24134.9,471675,559050,27,3431925,853425,587.05,148725,30675
25-04-2025 13:04,24133.1,467100,562050,27.25,3452175,857625,0,0,0
25-04-2025 13:04,24142,470400,564675,27.75,3468225,853950,0,0,0
25-04-2025 13:05,24135.3,471750,564900,27.35,3461175,846825,0,0,0
25-04-2025 13:05,24140,472875,565650,27.15,3458550,842550,0,0,0
25-04-2025 13:05,24139.4,470325,566175,27.45,3457650,847500,0,0,0
25-04-2025 13:05,24139.2,473700,562500,27.75,3456975,844950,587.05,147675,29775
25-04-2025 13:05,24137.4,471975,568050,27.5,3459525,848850,585.2,148500,30525
25-04-2025 13:05,24148,475950,560625,28.2,3460050,844650,583.95,146400,30375
25-04-2025 13:06,24146.5,472950,558525,28.8,3462525,784200,578.45,148350,30300
25-04-2025 13:06,24149,476025,558900,29.25,3468825,779475,0,0,0
25-04-2025 13:06,24150,477525,560400,28.95,3470700,785850,578.45,146400,30225
25-04-2025 13:06,24150.3,480750,559650,28.95,3459225,796125,574.7,149250,31950
25-04-2025 13:06,24158.9,486075,557925,29.15,3449700,787725,0,0,0
25-04-2025 13:06,24153.2,483225,558750,29,3447375,790575,573.95,146175,30825
25-04-2025 13:07,24159,486000,557175,29.05,3450300,786225,570.85,149175,31875
25-04-2025 13:07,24157,485025,559275,29.8,3453075,778125,570,148275,31725
25-04-2025 13:07,24182.4,490275,533625,32.45,3437400,745575,546.2,142800,30075
25-04-2025 13:07,24172.1,481275,496575,30.75,3436650,758550,558.8,148200,29625
25-04-2025 13:07,24161,485925,500475,30.8,3419400,763575,568,147825,29775
25-04-2025 13:07,24164.1,484350,502950,30.6,3422400,782925,577.8,147975,29475
25-04-2025 13:08,24154.1,478875,504300,29.3,3419775,782250,0,0,0
25-04-2025 13:08,24155,482475,506700,29.4,3416250,789375,577.2,146400,27825
25-04-2025 13:08,24154.9,482250,507825,29.35,3416625,787575,579.55,147075,29100
25-04-2025 13:08,24150.7,483300,502875,29.8,3423000,791475,574.8,146625,29700
25-04-2025 13:08,24155.1,488250,506175,29.95,3425025,787425,0,0,0
25-04-2025 13:08,24160,487950,502950,30.7,3432750,784350,568.15,146775,32775
25-04-2025 13:09,24162.5,487200,508050,30.3,3436125,798525,0,0,0
25-04-2025 13:09,24164.9,492150,504975,31.1,3446025,790875,0,0,0
25-04-2025 13:09,24164.6,490650,502200,30.85,3446400,785100,0,0,0
25-04-2025 13:09,24156.6,486825,508575,29.85,3435300,807225,573.4,147525,29250
25-04-2025 13:09,24153.1,484125,551850,29.9,3422925,810825,574.9,147975,29550
25-04-2025 13:09,24151.1,482250,547275,29.7,3427575,812400,580.6,148650,29400
25-04-2025 13:10,24155,481125,551175,29.75,3427275,816900,576.15,146850,29250
25-04-2025 13:10,24152.2,483375,548400,29.65,3426000,819375,0,0,0
25-04-2025 13:10,24154.5,480300,548250,29.8,3433125,822975,578.8,147600,30975
25-04-2025 13:10,24151.1,480075,548175,29.7,3436350,819750,0,0,0
25-04-2025 13:10,24159,477225,546450,30.15,3449325,814875,571.75,146550,30525
25-04-2025 13:10,24155,478350,551400,30.1,3445950,816225,0,0,0
25-04-2025 13:11,24159,479700,547575,30.95,3465225,811200,0,0,0
25-04-2025 13:11,24160,477450,543975,30.85,3463575,802575,574.15,146550,29400
25-04-2025 13:11,24158.9,480750,555375,30.6,3461550,816900,577,147825,29175
25-04-2025 13:11,24158.8,482850,545325,30.35,3454650,810675,0,0,0
25-04-2025 13:11,24155.4,482925,547875,29.85,3449400,814500,0,0,0
25-04-2025 13:11,24145.1,479100,555525,29.15,3428475,818925,587.9,146250,27825
25-04-2025 13:12,24147.7,483600,551400,29.6,3423600,816075,579.35,146475,31800
25-04-2025 13:12,24145.1,483225,553200,29.2,3426150,824775,591.6,147000,30525
25-04-2025 13:12,24143.9,477525,552675,28.75,3415500,829050,584.65,146625,27450
25-04-2025 13:12,24138.9,480075,553425,29.05,3417150,823125,0,0,0
25-04-2025 13:12,24144.7,481275,557250,29.3,3421950,833175,582.2,147750,28950
25-04-2025 13:12,24144,479925,550950,28.95,3418500,991050,0,0,0
25-04-2025 13:13,24146,477075,551850,28.95,3429975,995625,580,147300,30000
25-04-2025 13:13,24143.2,481350,548025,28.4,3427800,830925,0,0,0
25-04-2025 13:13,24148,490875,546675,29.2,3431550,850725,0,0,0
25-04-2025 13:13,24146.6,482175,567375,29.05,3428775,832425,580.05,149175,29925
25-04-2025 13:13,24150,482325,569025,28.85,3436350,830700,0,0,0
25-04-2025 13:13,24148.9,478950,567900,28.75,3430575,840300,0,0,0
25-04-2025 13:14,24152,482625,545700,29,3438075,835200,583.95,147600,30450
25-04-2025 13:14,24143,477450,553425,28.6,3437850,845700,0,0,0
25-04-2025 13:14,24149.1,483000,552075,28.9,3431100,845700,583.95,146775,30825
25-04-2025 13:14,24149.1,482475,552150,29.1,3439500,835500,0,0,0
25-04-2025 13:14,24153.4,483300,555300,29.15,3445125,834225,0,0,0
25-04-2025 13:14,24165,484500,576975,30.2,3454125,815325,571.35,146550,31050
25-04-2025 13:15,24160,482475,581550,29.65,3445725,828600,0,0,0
25-04-2025 13:15,24156.9,482775,583200,29.65,3445200,824775,573.95,147075,34125
25-04-2025 13:15,24157,480825,581325,29.8,3443325,823425,0,0,0
25-04-2025 13:15,24161,482025,577275,30.4,3448050,817200,558.05,147675,34200
25-04-2025 13:15,24166.4,480375,584175,30.35,3453825,811725,0,0,0
25-04-2025 13:15,24169.6,482175,578550,30.45,3449625,820200,0,0,0
25-04-2025 13:16,24168.8,476175,575925,30.45,3448425,820650,0,0,0
25-04-2025 13:16,24168.9,482100,572250,30.8,3451350,825750,0,0,0
25-04-2025 13:16,24170,481725,570600,31.05,3449700,810450,0,0,0
25-04-2025 13:16,24169.3,481575,570975,31.45,3457650,808050,0,0,0
25-04-2025 13:16,24179,479100,566850,31.9,3466125,787425,558.15,145425,33750
25-04-2025 13:16,24177.1,476250,567375,31.55,3464025,796350,555,148500,34575
25-04-2025 13:17,24178.4,480300,564075,32,3478125,796500,0,0,0
25-04-2025 13:17,24174,477900,567450,31.35,3472950,797100,0,0,0
25-04-2025 13:17,24179.7,487650,564525,32.55,3484575,800925,549.9,141150,30450
25-04-2025 13:17,24179.9,484575,555375,32.05,3480825,778725,559.45,146700,34575
25-04-2025 13:17,24166.5,476925,557400,30.9,3467925,791475,565.2,147300,34275
25-04-2025 13:17,24164,480975,561675,30.85,3444600,782250,0,0,0
25-04-2025 13:18,24169.7,483600,560550,31.5,3475800,776100,0,0,0
25-04-2025 13:18,24169.8,483450,560250,31.7,3478725,781350,0,0,0
25-04-2025 13:18,24170,477675,559125,31.5,3481800,788325,564.4,148200,34725
25-04-2025 13:18,24167.2,483525,562650,31.45,3482100,789750,0,0,0
25-04-2025 13:18,24169.2,485925,563250,31.55,3479025,791925,0,0,0
25-04-2025 13:18,24170,480000,559950,31.55,3485850,797100,567.45,148500,34275
25-04-2025 13:19,24164.1,476400,564150,31.1,3488775,794100,0,0,0
25-04-2025 13:19,24162.8,474225,568425,30.6,3472050,802200,568,148575,34050
25-04-2025 13:19,24162.8,482325,565425,31.4,3468075,798525,568.05,147075,34350
25-04-2025 13:19,24165,477825,558525,31.35,3474750,798375,0,0,0
25-04-2025 13:19,24169.3,478500,561150,31.3,3477900,807900,0,0,0
25-04-2025 13:19,24169.9,473325,565500,31.4,3486075,805725,564.6,147375,35025
25-04-2025 13:20,24169.8,480750,567450,30.9,3475200,815850,0,0,0
25-04-2025 13:20,24166.1,471300,570900,31.1,3485700,819900,0,0,0
25-04-2025 13:20,24169.2,477900,570075,31.2,3487650,813225,556.5,147150,34575
25-04-2025 13:20,24170.1,478725,565050,31.65,3476175,812250,0,0,0
25-04-2025 13:20,24174.1,478950,565050,31.95,3471000,819975,0,0,0
25-04-2025 13:20,24174.4,482550,570375,32.2,3474225,809550,556.5,147225,34500
25-04-2025 13:21,24171.1,479850,576150,32.45,3485775,807375,0,0,0
25-04-2025 13:21,24163.1,468975,576300,31.4,3474075,811950,553.2,146775,35325
25-04-2025 13:21,24172.1,469425,574575,32.45,3478500,811125,0,0,0
25-04-2025 13:21,24176,468150,567900,32.4,3484950,801750,0,0,0
25-04-2025 13:21,24177.3,472575,577350,32.85,3485025,812550,0,0,0
25-04-2025 13:21,24185,470175,572700,33.15,3483825,803625,0,0,0
25-04-2025 13:22,24183.1,478200,576150,32.5,3479175,785400,555,146850,35025
25-04-2025 13:22,24177.5,468150,585000,32,3462825,791400,558.05,147225,34425
25-04-2025 13:22,24177,468975,584775,32.1,3458400,790050,558.05,146550,34425
25-04-2025 13:22,24181.2,469275,584700,32.25,3441075,767550,569.15,148650,35850
25-04-2025 13:22,24177.1,464475,585975,32.2,3447825,765375,0,0,0
25-04-2025 13:22,24171,464400,593175,31.25,3433425,775050,0,0,0
25-04-2025 13:23,24177.2,462225,585525,31.6,3433575,774075,0,0,0
25-04-2025 13:23,24171.7,463800,586500,31.85,3436725,775800,0,0,0
25-04-2025 13:23,24171,464625,585525,31.5,3464550,803550,0,0,0
25-04-2025 13:23,24165.2,462000,590175,30.6,3460500,821625,0,0,0
25-04-2025 13:23,24165.2,461025,582000,31.25,3448650,817875,0,0,0
25-04-2025 13:23,24165.3,458775,585675,31.4,3459600,814950,566.3,148200,35025
25-04-2025 13:24,24170,458400,583125,31.75,3459375,811200,0,0,0
25-04-2025 13:24,24170.6,461775,581700,31.55,3462375,813150,0,0,0
25-04-2025 13:24,24165.6,457200,586425,31.75,3467025,822225,0,0,0
25-04-2025 13:24,24165.2,466875,585675,31.05,3463725,821850,567.3,147450,34350
25-04-2025 13:24,24165,449775,586050,31.15,3468525,819900,570,147450,34125
25-04-2025 13:24,24163,447750,587400,30.8,3461700,818175,0,0,0
25-04-2025 13:25,24168.2,453225,588150,31,3460200,826050,0,0,0
25-04-2025 13:25,24165.7,450600,586350,30.35,3454125,830925,554.5,147300,34725
25-04-2025 13:25,24165.1,454725,588375,30.9,3434325,829425,0,0,0
25-04-2025 13:25,24166,454350,580875,31.1,3437325,819450,0,0,0
25-04-2025 13:25,24168.9,454200,579150,31.05,3444300,820275,0,0,0
25-04-2025 13:25,24168,453375,585600,30.95,3439800,814650,566,140475,29400
25-04-2025 13:26,24170.7,451650,582225,31,3450450,807150,570.25,145275,31575
25-04-2025 13:26,24160.5,449400,582450,30.1,3445200,814050,569.8,144225,29925
25-04-2025 13:26,24160.5,450000,582150,30.1,3443625,815850,563.55,145425,32175
25-04-2025 13:26,24162.1,455625,583800,30.1,3439350,816300,0,0,0
25-04-2025 13:26,24168.5,451725,574275,30.7,3444825,814350,0,0,0
25-04-2025 13:26,24164,448725,579975,29.85,3440250,821700,0,0,0
25-04-2025 13:27,24160,449625,579375,28.8,3433350,825150,0,0,0
25-04-2025 13:27,24167.6,457125,574875,30.55,3439050,819525,560,142500,32175
25-04-2025 13:27,24165,452700,581250,29.75,3433350,819300,572.6,145200,32475
25-04-2025 13:27,24165,455100,581550,29.9,3442050,831825,0,0,0
25-04-2025 13:27,24165,452850,578700,29.75,3443250,840525,0,0,0
25-04-2025 13:27,24161.1,455100,587625,29.25,3438450,844425,0,0,0
25-04-2025 13:28,24160.8,451275,584925,28.9,3434550,845400,0,0,0
25-04-2025 13:28,24155.6,456675,585675,29.15,3436275,846225,580,143550,30450
25-04-2025 13:28,24151.6,454050,584550,28.35,3434400,842850,0,0,0
25-04-2025 13:28,24151.3,459300,583950,28.05,3432450,844425,579.95,142125,29025
25-04-2025 13:28,24147.4,451575,584100,27.75,3418125,843900,585,143850,30225
25-04-2025 13:28,24145.5,448200,586875,27.75,3416250,845475,583.8,143625,29700
25-04-2025 13:29,24141,448200,582600,27.4,3417075,848850,585.1,143475,29550
25-04-2025 13:29,24140.1,450675,582375,27.3,3409875,850350,585.1,143100,30375
25-04-2025 13:29,24144.7,449400,580725,27.5,3409425,842925,585,144825,31050
25-04-2025 13:29,24145,454125,582900,28,3412125,839175,576,143850,30600
25-04-2025 13:29,24150.6,452700,582150,28.1,3407700,828300,0,0,0
25-04-2025 13:29,24150.6,451875,581850,28.5,3408075,830850,575.85,142050,31875
25-04-2025 13:30,24158.8,451350,577950,29.15,3417150,823425,572.8,143550,31200
25-04-2025 13:30,24156.5,460050,580350,29.65,3422025,818850,0,0,0
25-04-2025 13:30,24156.5,461175,581325,30.1,3420375,822975,571.55,143700,30750
25-04-2025 13:30,24154.5,465075,582525,30,3419325,806475,575,142650,30375
25-04-2025 13:30,24156,464325,583125,29.9,3414375,825450,561.05,143325,30750
25-04-2025 13:30,24159.4,466125,583500,30.2,3418500,816150,0,0,0
25-04-2025 13:31,24169.2,463725,575625,30.9,3428775,808650,0,0,0
25-04-2025 13:31,24165.4,464025,577125,31.1,3428850,789150,0,0,0
25-04-2025 13:31,24172.4,467550,576150,32.05,3434400,793350,0,0,0
25-04-2025 13:31,24173,464700,576375,31.5,3441075,786675,0,0,0
25-04-2025 13:31,24171.5,467700,574125,31.8,3427275,797925,557.1,145950,31575
25-04-2025 13:31,24173.8,464475,574050,31.8,3436050,795300,0,0,0
25-04-2025 13:32,24175,465075,576600,32.05,3434325,788400,559.55,143625,30075
25-04-2025 13:32,24172.8,461250,583575,31.45,3438600,798150,560,143475,31350
25-04-2025 13:32,24167.7,462975,583425,31.3,3419850,802425,0,0,0
25-04-2025 13:32,24170,467475,583875,31.1,3412275,802650,0,0,0
25-04-2025 13:32,24171.3,468075,574800,31.55,3419925,806700,554.2,144750,33000
25-04-2025 13:32,24173.6,469575,577425,31.05,3427800,801450,0,0,0
25-04-2025 13:33,24170.7,471000,583500,31,3422325,810375,0,0,0
25-04-2025 13:33,24170.6,471825,581775,31.1,3428175,811575,0,0,0
25-04-2025 13:33,24174.3,476550,583500,31.7,3427950,810825,0,0,0
25-04-2025 13:33,24176.8,470775,575400,31.7,3433875,806250,0,0,0
25-04-2025 13:33,24182,474600,575175,31.7,3441600,806700,0,0,0
25-04-2025 13:33,24179.3,470325,580125,31.25,3429300,813975,550,145875,32850
25-04-2025 13:34,24181.1,466725,579750,31.65,3420900,808575,0,0,0
25-04-2025 13:34,24194.8,473625,574500,33.85,3435825,806775,535.15,141150,31500
25-04-2025 13:34,24205,471000,517950,34.45,3433050,756225,530.95,144150,34125
25-04-2025 13:34,24200,472500,491775,33.7,3417525,763050,535.7,143325,29775
25-04-2025 13:34,24196,474300,495750,33.9,3427950,764025,540,144375,31500
25-04-2025 13:34,24194,464775,495150,33.75,3432150,766200,540.7,144075,34275
25-04-2025 13:35,24197.1,467325,504450,33.75,3437850,770925,538.75,144525,32025
25-04-2025 13:35,24194.4,466050,503100,33.65,3441000,769125,538.75,144975,34275
25-04-2025 13:35,24196.5,467700,495825,34.05,3447900,769950,0,0,0
25-04-2025 13:35,24196,474225,494475,34.75,3452625,760650,533.5,144000,31800
25-04-2025 13:35,24198.7,470925,499650,34.65,3454125,748425,0,0,0
25-04-2025 13:35,24201.9,469500,495000,35.65,3453900,744450,533,143175,30750
25-04-2025 13:36,24208,473625,487875,36,3445950,717825,520.55,143250,31500
25-04-2025 13:36,24220,480525,480900,37.2,3443325,719250,521.5,142875,32100
25-04-2025 13:36,24220,475425,479250,36.7,3437925,722025,520.55,143325,32400
25-04-2025 13:36,24221,476400,469275,37.8,3452025,716100,526.8,144000,33825
25-04-2025 13:36,24222,476400,474825,37,3445950,721500,0,0,0
25-04-2025 13:36,24206,467925,487350,34.8,3424575,725100,535.5,144000,32175
25-04-2025 13:37,24200,479175,495225,34.2,3393000,737175,538.75,144150,31125
25-04-2025 13:37,24199,480600,502350,34,3398175,744675,539.9,143625,31725
25-04-2025 13:37,24200,483525,504225,34.4,3418650,751425,0,0,0
25-04-2025 13:37,24195,483075,501825,34.1,3430650,751050,539.9,146775,33900
25-04-2025 13:37,24198,482625,503025,34.4,3413250,752325,0,0,0
25-04-2025 13:37,24200.8,482700,500475,34.9,3425475,755100,0,0,0
25-04-2025 13:38,24202,480825,502875,34.2,3418725,759450,0,0,0
25-04-2025 13:38,24198,475800,507300,34.1,3424650,768975,0,0,0
25-04-2025 13:38,24198,482250,503550,34.1,3426675,768675,546.65,145800,33150
25-04-2025 13:38,24194.8,471525,508950,32.75,3418275,769200,550,147525,35025
25-04-2025 13:38,24194.8,472275,508575,33.3,3419850,772725,0,0,0
25-04-2025 13:38,24196.9,474975,504000,34.2,3426300,765225,0,0,0
25-04-2025 13:39,24195,469500,513900,33.2,3428400,780450,0,0,0
25-04-2025 13:39,24194.4,469875,511725,32.7,3420375,794100,0,0,0
25-04-2025 13:39,24185,467250,514800,32,3416025,789675,555,146025,33525
25-04-2025 13:39,24180,467850,518175,31.65,3391200,782325,552.25,144825,33300
25-04-2025 13:39,24185,471450,513825,31.9,3396225,778800,546.05,146250,34500
25-04-2025 13:39,24189.2,473625,500925,32.25,3398775,758250,544.05,145200,33075
25-04-2025 13:40,24193.4,473550,492900,33.3,3418575,755025,535,145275,33600
25-04-2025 13:40,24196.4,474675,492000,33.25,3448200,752400,0,0,0
25-04-2025 13:40,24202,474375,496275,34.55,3445800,752100,539.45,144750,32925
25-04-2025 13:40,24201.7,476850,499950,33.95,3440850,754500,539.45,145725,34650
25-04-2025 13:40,24200,471600,500625,33.8,3443250,752775,0,0,0
25-04-2025 13:40,24197.4,479025,501300,34.1,3439125,754950,0,0,0
25-04-2025 13:41,24204,478575,496275,34.25,3449850,750975,0,0,0
25-04-2025 13:41,24201.8,477075,497400,34.65,3445125,748350,0,0,0
25-04-2025 13:41,24202.3,477375,498900,34.9,3445575,756300,0,0,0
25-04-2025 13:41,24203.2,477825,502350,34.4,3480225,758925,535.2,144900,33075
25-04-2025 13:41,24203.2,478200,496725,34.4,3441525,756075,536.7,145200,33300
25-04-2025 13:41,24203.2,477825,501375,34.35,3477075,762600,0,0,0
25-04-2025 13:42,24200.8,475350,503700,33.55,3443025,763425,541.45,145200,33375
25-04-2025 13:42,24201.6,475875,508800,33.45,3436275,771900,0,0,0
25-04-2025 13:42,24195,476400,505350,33.05,3432225,772050,546,144900,33000
25-04-2025 13:42,24193,478350,506175,32.7,3428550,778725,550,147450,34050
25-04-2025 13:42,24189.9,483450,505575,32.95,3442200,772200,550,145575,33825
25-04-2025 13:42,24186,478875,511275,32.55,3441525,783000,0,0,0
25-04-2025 13:43,24190,486975,509550,32.75,3452325,781275,545.7,146100,33975
25-04-2025 13:43,24194,486525,510900,32.85,3461775,773775,0,0,0
25-04-2025 13:43,24195,480450,513225,33.05,3464250,792900,540.4,145200,34350
25-04-2025 13:43,24195,482700,508350,33.1,3466350,803775,0,0,0
25-04-2025 13:43,24199.2,486900,509100,33.7,3468600,811350,0,0,0
25-04-2025 13:43,24196.8,483900,512175,33.8,3478575,800700,544,146025,34575
25-04-2025 13:44,24197.1,485250,513000,33.4,3476625,808350,0,0,0
25-04-2025 13:44,24195.3,484500,510300,33.3,3474375,810600,0,0,0
25-04-2025 13:44,24195.2,479625,516900,33.75,3481350,810525,540.4,145125,33675
25-04-2025 13:44,24203,481275,514350,33.85,3492000,807900,537.95,145425,34200
25-04-2025 13:44,24204,487500,513600,34.15,3489675,804375,0,0,0
25-04-2025 13:44,24210,484350,508800,35.15,3492750,804300,530.45,145125,33975
25-04-2025 13:45,24212.6,484650,503550,35.2,3489150,808425,0,0,0
25-04-2025 13:45,24213.1,483600,505800,35.25,3489750,815025,532.35,144525,32850
25-04-2025 13:45,24214.9,483750,501750,35.2,3485100,850575,529.35,144900,33975
25-04-2025 13:45,24215.2,483150,497550,35,3483825,844350,0,0,0
25-04-2025 13:45,24215,482100,495075,35.05,3483375,808650,532.9,145500,34200
25-04-2025 13:45,24209,480750,498000,33.75,3480225,820425,535.3,145275,33450
25-04-2025 13:46,24208.9,480750,497925,34.05,3464250,821325,536.3,145650,34125
25-04-2025 13:46,24206,478875,496350,33.8,3467250,824775,538.95,145650,34125
25-04-2025 13:46,24205,481050,501675,33.4,3457350,833775,537.35,146475,34350
25-04-2025 13:46,24205,485250,502500,33.9,3466050,825450,0,0,0
25-04-2025 13:46,24205.8,483825,503025,34.5,3479775,824550,530,145350,33975
25-04-2025 13:46,24208.1,483525,499500,34.5,3479925,822525,530,144975,34050
25-04-2025 13:47,24208.7,480975,502800,34.05,3474075,830850,536.45,145950,34050
25-04-2025 13:47,24206,482775,500175,33.85,3476250,835575,523,146100,34200
25-04-2025 13:47,24206.1,485550,501450,33.75,3469500,834900,0,0,0
25-04-2025 13:47,24206.1,494400,500400,34.25,3476475,838425,0,0,0
25-04-2025 13:47,24217.5,497550,499425,35.45,3481275,833850,523,145200,33750
25-04-2025 13:47,24220,494250,491775,35.45,3475125,808350,524.1,144450,35250
25-04-2025 13:48,24218,492300,493575,34.9,3469950,813375,524.95,144375,34875
25-04-2025 13:48,24215,489075,497775,34.7,3461625,814500,520,145575,34425
25-04-2025 13:48,24219.1,488100,494100,35.4,3475650,819075,522.85,145275,34425
25-04-2025 13:48,24219.9,485700,494400,35.3,3472425,820350,521.55,145500,34875
25-04-2025 13:48,24219.9,484425,494175,35.15,3473850,823050,0,0,0
25-04-2025 13:48,24217.9,488400,492750,35.3,3477225,822750,518.3,145575,35850
25-04-2025 13:49,24221,488325,489525,35.5,3476250,816825,0,0,0
25-04-2025 13:49,24223.2,491250,488475,36.05,3484200,809700,520.6,145800,34650
25-04-2025 13:49,24223.2,481275,488100,35.55,3483975,814500,0,0,0
25-04-2025 13:49,24219.9,488850,485325,35.55,3486000,815550,520.2,145500,34575
25-04-2025 13:49,24219,479550,489825,35.25,3483675,821550,518.65,146250,34950
25-04-2025 13:49,24237.9,489900,489150,37.35,3493350,821175,500.85,146250,34725
25-04-2025 13:50,24242,484725,459750,37.8,3492075,778050,500,142800,32775
25-04-2025 13:50,24242.7,492225,457425,37.6,3495675,770625,499.4,144975,34275
25-04-2025 13:50,24250,491025,454950,39.4,3485100,770175,494.2,143625,35475
25-04-2025 13:50,24250,490875,452400,39.35,3464025,771675,489.05,143025,35400
25-04-2025 13:50,24250.7,497475,438750,40,3463500,767850,492.95,144225,35100
25-04-2025 13:50,24260,496275,437400,41.05,3458175,732825,488.85,143175,34650
25-04-2025 13:51,24252.6,492375,442200,39.85,3450225,734100,489.85,144525,35025
25-04-2025 13:51,24253,498825,439200,40.75,3447000,741000,490.9,145650,33825
25-04-2025 13:51,24255.3,491100,439800,40.4,3450900,742350,492.35,144600,35325
25-04-2025 13:51,24245.4,488025,449475,38.8,3453000,749100,500,144450,34500
25-04-2025 13:51,24245,491100,445875,38.75,3413475,752625,500.4,142875,33675
25-04-2025 13:51,24244.4,488025,451050,38.05,3431625,761550,503.3,144525,34500
25-04-2025 13:52,24236.1,482400,456975,37.5,3420900,760950,509.2,144525,35175
25-04-2025 13:52,24234.6,484725,457275,37.1,3410025,766650,509.2,145125,32700
25-04-2025 13:52,24240,485250,450600,38.15,3434550,766050,505.65,147525,34875
25-04-2025 13:52,24233.9,495225,453975,37.75,3445575,764925,508.1,145200,33975
25-04-2025 13:52,24234.3,495075,454725,37.45,3458775,778350,507.1,145725,34950
25-04-2025 13:52,24232.8,491325,452850,37.5,3453225,788250,0,0,0
25-04-2025 13:53,24235,493500,449250,38,3451050,791925,504.05,145800,34050
25-04-2025 13:53,24242.9,494925,453225,38.6,3458550,772425,504.05,144675,32325
25-04-2025 13:53,24237.4,495300,452700,38.7,3459750,774750,504.75,145350,34500
25-04-2025 13:53,24238.4,499350,453525,38.65,3451125,787800,502.6,144375,33075
25-04-2025 13:53,24241,495075,454275,38.9,3453450,783075,500,145650,33525
25-04-2025 13:53,24248,500700,449025,39.85,3454500,775425,496.6,143550,34050
25-04-2025 13:54,24244.5,499425,450450,39.8,3454125,764400,503.65,144225,35025
25-04-2025 13:54,24240.4,494925,451200,38.95,3452475,770625,0,0,0
25-04-2025 13:54,24247.7,503250,454950,39.5,3440475,777300,497.45,144300,34350
25-04-2025 13:54,24247.7,501525,449175,39.75,3453825,769350,0,0,0
25-04-2025 13:54,24250,507375,452625,39.85,3463050,769575,493,144600,34050
25-04-2025 13:54,24253.1,505650,456675,40.35,3456150,761550,493,144450,33900
25-04-2025 13:55,24249.5,498900,457725,39.75,3450075,765975,496.65,144150,34050
25-04-2025 13:55,24245,493200,462450,38.7,3436875,774300,499.35,143625,34050
25-04-2025 13:55,24245.9,500400,464775,39.35,3452475,780150,502.5,144450,36000
25-04-2025 13:55,24245.7,495675,461100,39,3453300,777600,0,0,0
25-04-2025 13:55,24240.1,495600,466800,38.15,3442050,784575,493.55,143700,36000
25-04-2025 13:55,24242.1,498600,463050,38.75,3448575,783600,0,0,0
25-04-2025 13:56,24245.9,497475,462750,39,3458250,779925,0,0,0
25-04-2025 13:56,24246.8,498975,460875,39.3,3455250,785700,0,0,0
25-04-2025 13:56,24247.1,499650,460500,39.3,3450825,782850,0,0,0
25-04-2025 13:56,24247,494775,463500,38.7,3452400,788175,498.75,143925,34875
25-04-2025 13:56,24245.4,501000,462750,38.5,3445425,791625,496,144150,35250
25-04-2025 13:56,24262.6,503175,461400,39.95,3451050,789750,486.75,143250,35475
25-04-2025 13:57,24263.4,496500,454875,41,3450000,752925,486,143400,34200
25-04-2025 13:57,24262.1,502575,448950,41.15,3455325,735975,478.75,143700,35400
25-04-2025 13:57,24267.8,513750,445350,40.85,3478725,750825,479.3,142275,34725
25-04-2025 13:57,24259.5,505725,453225,40.15,3457425,758625,484,145650,34650
25-04-2025 13:57,24257.4,506925,450300,40.85,3456300,765375,484.35,145050,34725
25-04-2025 13:57,24260,509475,455100,41.3,3475275,796425,484.65,143400,35100
25-04-2025 13:58,24264,506700,452625,41.1,3483225,826500,487,144375,35025
25-04-2025 13:58,24265.1,505050,459450,41.05,3477150,834450,484.8,143625,34875
25-04-2025 13:58,24265,504600,454875,41.25,3495000,831000,484.8,144075,35400
25-04-2025 13:58,24266,501750,458925,41.55,3499350,829125,484.8,145275,36750
25-04-2025 13:58,24262.4,505500,459825,41.2,3500775,834150,482.1,146700,37050
25-04-2025 13:58,24273,510525,451125,42.9,3502275,831150,470.15,144525,38850
25-04-2025 13:59,24274.5,510225,430425,43.6,3493575,810975,471,141750,34575
25-04-2025 13:59,24278,509400,419625,43.9,3487650,808275,470.2,143400,35475
25-04-2025 13:59,24278,508125,420150,43.95,3505050,794700,469.75,145950,35775
25-04-2025 13:59,24276,514800,419775,42.6,3509550,802500,471.8,144000,34950
25-04-2025 13:59,24278,504225,426375,43.1,3477450,804900,472.65,143625,35775
25-04-2025 13:59,24275.2,512625,423000,42.5,3491625,807825,472,146250,35925
25-04-2025 14:00,24274.7,507525,425625,42.3,3486900,815775,0,0,0
25-04-2025 14:00,24272.2,510150,428100,41.45,3471000,816000,477.3,144600,35400
25-04-2025 14:00,24269.6,507525,426975,41.85,3468075,819825,484,145350,34950
25-04-2025 14:00,24262.6,498225,436050,40.55,3478275,824400,482.8,145275,34575
25-04-2025 14:00,24263,501375,436650,40.85,3461400,828900,483,145650,34800
25-04-2025 14:00,24267.2,507000,435525,41.15,3466050,823425,478,145425,36675
25-04-2025 14:01,24270,506925,437100,41.3,3473025,831150,482,145350,34200
25-04-2025 14:01,24262,505350,447825,40.55,3468450,848700,486,145200,34500
25-04-2025 14:01,24262.8,506550,449325,41.4,3468150,846150,479.8,145050,36225
25-04-2025 14:01,24266.6,519300,446925,41.3,3470025,840300,0,0,0
25-04-2025 14:01,24262.8,504675,448650,40.8,3468000,855150,0,0,0
25-04-2025 14:01,24267.9,512775,443625,41.25,3485700,851550,478.25,144750,36375
25-04-2025 14:02,24269.9,511725,444450,41.4,3497250,848100,475.35,145275,37125
25-04-2025 14:02,24271.7,511050,444825,41.85,3497625,844875,0,0,0
25-04-2025 14:02,24275,505575,446175,42.3,3504000,827550,473.55,144450,35700
25-04-2025 14:02,24276.4,504075,441375,42.75,3503175,824775,471.15,144300,35775
25-04-2025 14:02,24278.5,504225,436275,42.85,3506775,825150,473.05,144225,35550
25-04-2025 14:02,24278.9,500025,432750,42.45,3479700,832050,473.15,143775,35325
25-04-2025 14:03,24269.8,496425,438000,41.2,3464850,834450,473.15,146175,34500
25-04-2025 14:03,24268.2,505950,442350,41.65,3452100,846450,481.65,145275,34950
25-04-2025 14:03,24263,503475,455850,41.75,3460425,845400,481.65,145125,34050
25-04-2025 14:03,24262.5,507750,454575,41.6,3461775,858600,485,148800,35700
25-04-2025 14:03,24260,506625,451800,41,3461100,874275,0,0,0
25-04-2025 14:03,24258.1,502950,453675,40.05,3449925,873225,491,145650,34350
25-04-2025 14:04,24252,501000,452775,39.75,3426150,869250,492,145125,34350
25-04-2025 14:04,24250,494325,450075,38.9,3430500,862050,494.15,144975,33825
25-04-2025 14:04,24241,505350,453000,37.65,3423075,863175,499,145425,33525
25-04-2025 14:04,24248,499350,452100,38.8,3446475,857775,492.05,146175,34725
25-04-2025 14:04,24252.3,498150,453450,38.3,3459225,794700,494.5,144975,32925
25-04-2025 14:04,24247.9,505575,455100,39.45,3455025,801150,491.15,144825,33600
25-04-2025 14:05,24252.6,506475,453150,39.6,3457200,802050,489.85,145800,33150
25-04-2025 14:05,24259.4,499875,456225,39.75,3465675,805875,490,145650,36075
25-04-2025 14:05,24250,498225,460725,39.55,3469125,815175,0,0,0
25-04-2025 14:05,24252.6,502275,460425,38.95,3467325,816825,484.9,146625,36075
25-04-2025 14:05,24261,506400,462750,40.25,3477675,828150,0,0,0
25-04-2025 14:05,24260.9,504600,468975,40,3473325,815925,0,0,0
25-04-2025 14:06,24261.2,508050,467325,39.8,3478950,817500,488.35,146700,34500
25-04-2025 14:06,24254.2,499425,475650,38.8,3470850,831900,493,147300,34050
25-04-2025 14:06,24253.8,502275,475650,38.6,3463800,833250,0,0,0
25-04-2025 14:06,24251,502650,481425,38.3,3457050,835050,0,0,0
25-04-2025 14:06,24253.9,513450,480075,38.9,3464925,831675,490.3,144600,33900
25-04-2025 14:06,24254.8,504825,483900,38.3,3463050,835125,491.5,143925,32925
25-04-2025 14:07,24250,507825,486075,37.65,3449400,838500,500,144900,33150
25-04-2025 14:07,24240,501075,496275,35.85,3441750,852000,503,143625,32100
25-04-2025 14:07,24240,500100,498225,35.55,3405375,851550,502.4,144300,33450
25-04-2025 14:07,24236,501975,492225,35.15,3404325,852450,516.3,144225,32100
25-04-2025 14:07,24221,502275,493050,32.55,3390075,834900,520,143100,26625
25-04-2025 14:07,24230,496575,488775,33.95,3393750,834450,510.3,143400,31950
25-04-2025 14:08,24230,500850,488400,33.45,3379800,844350,508.75,144375,31350
25-04-2025 14:08,24226.2,507600,489750,33.75,3383025,843450,513.65,143925,33525
25-04-2025 14:08,24226.2,508950,492150,34.25,3390450,828975,513.45,144150,31200
25-04-2025 14:08,24228.5,512850,486675,34.35,3393450,827625,513.45,143850,31650
25-04-2025 14:08,24225,506250,488325,32.05,3386325,847425,523.4,144750,31125
25-04-2025 14:08,24218,501150,489225,32.7,3380325,838125,517.2,145275,32475
25-04-2025 14:09,24221.4,504900,490950,32.25,3391425,828525,522,146025,34350
25-04-2025 14:09,24220,507075,494850,31.75,3389850,843075,521.55,142800,32625
25-04-2025 14:09,24216,502275,501975,31.1,3382575,844200,530,145275,32550
25-04-2025 14:09,24202.1,497625,496650,29,3379500,841500,538.8,147750,31050
25-04-2025 14:09,24183.4,481125,500325,27.4,3346425,843525,545.65,148500,32625
25-04-2025 14:09,24190.1,487950,507300,28,3353850,847875,544.45,147300,35250
25-04-2025 14:10,24189.7,485700,498525,28.15,3376050,845550,544.8,147300,33000
25-04-2025 14:10,24185.6,485400,496575,29.2,3387675,840975,543.15,148575,33150
25-04-2025 14:10,24196.4,508575,492900,29.45,3398175,841200,543.25,146100,33975
25-04-2025 14:10,24192.7,531525,498300,30.1,3406275,830700,532,146025,32325
25-04-2025 14:10,24209,530250,494325,31.55,3420825,829650,531.3,143850,31950
25-04-2025 14:10,24203.9,533025,493425,31.75,3425400,830550,533,146475,32700
25-04-2025 14:11,24210,529275,503625,31.9,3432675,827175,534.5,146925,36075
25-04-2025 14:11,24206.5,537675,508275,31.65,3406725,830550,535,146775,33375
25-04-2025 14:11,24205.1,535275,498600,31.3,3396975,833400,536,150000,33825
25-04-2025 14:11,24202.7,519075,511050,31.2,3380700,835800,540.3,148350,33450
25-04-2025 14:11,24203.3,518625,502350,30.45,3378450,840450,0,0,0
25-04-2025 14:11,24200,520425,500250,30,3392250,837525,542.7,147000,31875
25-04-2025 14:12,24191.3,516525,499500,29.7,3387525,834000,545,146775,32400
25-04-2025 14:12,24185,517725,513225,28.3,3390975,842850,553.65,148275,31725
25-04-2025 14:12,24175.2,507300,505725,27.15,3380475,852525,560,150975,31350
25-04-2025 14:12,24175.1,502200,502500,26.8,3362250,855375,565,148725,31125
25-04-2025 14:12,24176,494475,499425,27.05,3373350,854475,560.85,147375,31800
25-04-2025 14:12,24183.7,497250,500025,27.7,3454275,845700,549.05,148200,32400
25-04-2025 14:13,24188.9,505575,498750,30,3455925,833550,0,0,0
25-04-2025 14:13,24186,506475,507225,29.45,3427650,838575,0,0,0
25-04-2025 14:13,24185,513075,508950,29.55,3416700,841875,549.1,148050,32700
25-04-2025 14:13,24192,514800,499200,30.3,3418725,842025,548.9,148650,32550
25-04-2025 14:13,24193.5,513150,505575,31.15,3425175,846075,537.65,148425,32850
25-04-2025 14:13,24200.9,513375,494625,31.65,3422400,828000,535.25,147825,32550
25-04-2025 14:14,24202,509475,491700,32.5,3421275,824475,531.6,145050,32175
25-04-2025 14:14,24210.5,513900,486900,33.3,3435900,810150,535.05,147450,33375
25-04-2025 14:14,24204.9,510300,491550,32,3430125,817575,0,0,0
25-04-2025 14:14,24199.6,512925,496650,31.9,3400650,825225,535,147900,33375
25-04-2025 14:14,24196.2,510975,507675,32.15,3396525,833475,0,0,0
25-04-2025 14:14,24204.6,514050,506625,33.25,3409650,821025,532.2,144825,31650
25-04-2025 14:15,24209.7,513600,495900,33.2,3409275,818325,521.6,147075,32175
25-04-2025 14:15,24219,516975,500775,34.3,3413250,820200,0,0,0
25-04-2025 14:15,24226.7,511875,498450,35.9,3413400,792825,520,145875,32325
25-04-2025 14:15,24225,515325,485250,35.8,3414825,785625,516.25,142425,30450
25-04-2025 14:15,24228,512325,512175,37.6,3421500,788100,517.45,144600,30825
25-04-2025 14:15,24222.6,512925,542475,35.15,3410925,795000,518.7,145500,32250
25-04-2025 14:16,24223.3,518700,538650,36.65,3398700,788775,0,0,0
25-04-2025 14:16,24234,514875,536325,36.7,3405450,795150,509.55,143475,32550
25-04-2025 14:16,24233.9,518025,533850,36.6,3415425,788550,512.25,143250,31725
25-04-2025 14:16,24237.1,516825,526875,36.85,3415725,793725,503.45,144600,31050
25-04-2025 14:16,24245,520650,520050,37.5,3441675,791025,511.15,144075,31425
25-04-2025 14:16,24246.6,517125,516750,37.8,3426900,791175,0,0,0
25-04-2025 14:17,24230,511350,528150,35,3423525,811425,506.8,143925,31500
25-04-2025 14:17,24235.2,516750,526575,36.55,3396225,812925,0,0,0
25-04-2025 14:17,24245,520275,523875,36.9,3404325,802050,501,144150,31275
25-04-2025 14:17,24240.6,524100,525675,36.95,3413175,804150,499.55,144225,31575
25-04-2025 14:17,24244,520275,520725,36.3,3416700,809250,499,143925,31875
25-04-2025 14:17,24240.2,526350,524250,36.45,3422175,812250,0,0,0
25-04-2025 14:18,24238.2,529875,525975,36.1,3414450,824175,0,0,0
25-04-2025 14:18,24239,532275,527850,35.75,3414750,819525,506.9,143325,31275
25-04-2025 14:18,24235,529800,532350,35.5,3417750,827025,501.3,143700,33000
25-04-2025 14:18,24235,527250,525900,35.8,3421425,822300,0,0,0
25-04-2025 14:18,24236,527700,526275,35.3,3421575,829125,0,0,0
25-04-2025 14:18,24240,537075,526650,36.5,3429000,826425,500.65,143700,34125
25-04-2025 14:19,24240,529125,527400,35.95,3429825,816900,491.6,145425,31950
25-04-2025 14:19,24238.9,538125,523350,36.2,3438375,816675,0,0,0
25-04-2025 14:19,24248.2,534000,525225,37.25,3438600,813000,495.5,143775,29700
25-04-2025 14:19,24245,529125,522525,36.8,3448350,809250,0,0,0
25-04-2025 14:19,24246,539475,516375,37.1,3439800,808800,493.95,143325,30450
25-04-2025 14:19,24244,529425,521175,35.85,3434100,813975,502.65,145350,31650
25-04-2025 14:20,24241.8,530775,523725,35.55,3420525,820650,0,0,0
25-04-2025 14:20,24235,534000,528225,35.35,3414600,825000,507.15,145125,32250
25-04-2025 14:20,24234.6,518400,529275,34,3404475,827625,503.35,144225,32775
25-04-2025 14:20,24235,529950,523875,35.2,3406425,822225,0,0,0
25-04-2025 14:20,24236.7,528300,542550,35.55,3414750,817125,503.35,144150,32625
25-04-2025 14:20,24240,529875,542475,35.85,3418500,813225,510,144600,32925
25-04-2025 14:21,24234.4,537975,547125,35.9,3420675,810525,0,0,0
25-04-2025 14:21,24232,535200,551400,34.9,3415200,815700,0,0,0
25-04-2025 14:21,24231.5,528150,546375,34.45,3404625,826800,0,0,0
25-04-2025 14:21,24230.3,541875,545250,34.75,3415725,819900,0,0,0
25-04-2025 14:21,24230,529200,549075,33.85,3417825,826575,0,0,0
25-04-2025 14:21,24228,530400,544350,34.2,3393000,831825,509,144750,31650
25-04-2025 14:22,24230.3,536925,548550,34.5,3404775,819300,504,145725,31875
25-04-2025 14:22,24235,533325,541725,35.3,3418350,818850,499.45,144750,32250
25-04-2025 14:22,24235,532200,541200,34.9,3423150,814650,499.45,143850,32625
25-04-2025 14:22,24238,530025,524325,35.4,3419550,819900,501.15,144600,33975
25-04-2025 14:22,24235.6,531525,526425,35.15,3425025,821550,509.8,144450,34350
25-04-2025 14:22,24240,533175,528600,34.75,3417525,824700,0,0,0
25-04-2025 14:23,24244,541275,526050,35.85,3422700,825075,0,0,0
25-04-2025 14:23,24241.1,533250,528900,35.4,3425250,828000,0,0,0
25-04-2025 14:23,24240,529200,532875,35.1,3416025,832200,0,0,0
25-04-2025 14:23,24230,531600,532875,34.2,3414450,833850,0,0,0
25-04-2025 14:23,24226.8,526800,545550,33.4,3396975,833250,509.8,143925,31950
25-04-2025 14:23,24233,539175,544950,33.75,3408975,832950,0,0,0
25-04-2025 14:24,24234.5,530100,529950,33.9,3411000,830325,0,0,0
25-04-2025 14:24,24233.3,532350,525600,34.45,3418575,832500,501.4,144000,31950
25-04-2025 14:24,24238.1,531075,530400,33.6,3419775,840075,506.05,145125,31875
25-04-2025 14:24,24238,538500,534750,33.95,3416325,843525,491.6,144225,32475
25-04-2025 14:24,24247.8,538950,524325,35.1,3434550,825375,0,0,0
25-04-2025 14:24,24247.4,535575,526050,35.05,3430875,824475,498,144300,31650
25-04-2025 14:25,24236.1,531300,531900,34.25,3430650,834225,499.35,145650,31800
25-04-2025 14:25,24240.8,535275,533850,34.35,3436725,836700,504.2,145200,32100
25-04-2025 14:25,24235.2,533400,532425,33.95,3431475,837900,0,0,0
25-04-2025 14:25,24235.6,531825,532725,33.15,3431175,841500,0,0,0
25-04-2025 14:25,24230,536025,529500,33.7,3439425,839775,0,0,0
25-04-2025 14:25,24231.2,534000,526500,33.85,3448125,843075,504.2,144225,31725
25-04-2025 14:26,24232.5,534300,528075,34.25,3443250,841875,506.3,144975,32400
25-04-2025 14:26,24233,538500,530475,34,3448800,840525,0,0,0
25-04-2025 14:26,24235.3,533025,532200,33,3438000,848850,0,0,0
25-04-2025 14:26,24235.2,534225,531375,33.3,3433500,850425,516.2,144525,31425
25-04-2025 14:26,24232,540450,549075,33.2,3436650,844650,0,0,0
25-04-2025 14:26,24226.9,532650,548025,32.05,3430500,845100,513.3,144300,30900
25-04-2025 14:27,24229.7,539100,549975,32.9,3413475,840375,506,143925,32475
25-04-2025 14:27,24225,537300,547500,32.75,3416400,841050,504.85,144825,34350
25-04-2025 14:27,24234.7,544950,542700,33.2,3422925,842700,504.85,144975,31800
25-04-2025 14:27,24225,532650,547725,31.95,3424950,884925,0,0,0
25-04-2025 14:27,24225,528825,534225,31.3,3410850,891675,511.4,145200,32175
25-04-2025 14:27,24225,535950,533400,32.05,3427875,888000,508.95,143475,32025
25-04-2025 14:28,24229.8,538800,538725,32.2,3439425,882375,513,144150,32250
25-04-2025 14:28,24225,535350,533850,31.6,3436875,886200,519.4,144675,32100
25-04-2025 14:28,24222,529875,537975,30.6,3424050,889125,0,0,0
25-04-2025 14:28,24220,534450,554550,30.65,3408750,887775,521.75,145425,33225
25-04-2025 14:28,24218.2,530325,559350,29.95,3410850,883950,0,0,0
25-04-2025 14:28,24218,534600,554175,30.35,3400575,892650,0,0,0
25-04-2025 14:29,24215,530025,558225,30.1,3402825,905100,515.95,145350,31575
25-04-2025 14:29,24222.2,540825,551250,30.9,3414300,892050,511.5,145500,31725
25-04-2025 14:29,24226,545475,553050,31.15,3431250,895200,0,0,0
25-04-2025 14:29,24235,552225,544200,32.4,3439425,888750,501.6,145125,32175
25-04-2025 14:29,24237,542325,524550,32.85,3439050,864375,503.55,145725,31575
25-04-2025 14:29,24233.1,547500,533325,32.9,3438600,833550,503.95,145125,31575
25-04-2025 14:30,24230.5,544350,532950,32.65,3437100,834825,509.35,145425,31650
25-04-2025 14:30,24231.1,540600,530325,32.2,3429150,843600,0,0,0
25-04-2025 14:30,24226.6,542475,531750,31.15,3417525,845850,515,146175,32250
25-04-2025 14:30,24220,537150,529650,30.65,3412425,844275,519.55,143700,30975
25-04-2025 14:30,24217.8,535875,529275,30,3412500,844275,520.35,145725,30900
25-04-2025 14:30,24213.6,539625,530550,30.45,3425175,849975,526.35,147150,32325
25-04-2025 14:31,24215,536550,534075,30.5,3427725,848175,0,0,0
25-04-2025 14:31,24211.6,537375,534075,30.55,3431400,850050,0,0,0
25-04-2025 14:31,24205.6,532500,530550,29.9,3430050,855000,526.4,146325,31800
25-04-2025 14:31,24206,532050,532350,30.05,3421200,854100,526.35,146250,30675
25-04-2025 14:31,24208.5,534150,535050,30.3,3429150,858000,526.35,145425,28950
25-04-2025 14:31,24208.5,535350,544500,29.8,3445425,862200,528.2,149625,30900
25-04-2025 14:32,24206.4,533250,537225,29.4,3443175,861900,536.75,150675,30600
25-04-2025 14:32,24200,525600,536025,28.55,3420600,864225,0,0,0
25-04-2025 14:32,24192,525975,546900,28.4,3425400,853425,543.35,147600,31350
25-04-2025 14:32,24195,516000,546300,28.5,3420375,863775,543.25,146325,29850
25-04-2025 14:32,24187,515325,548325,28.1,3471600,858900,549.65,148275,30450
25-04-2025 14:32,24187,514050,546450,28.55,3432375,858600,558.4,151575,30375
25-04-2025 14:33,24180,510975,544500,27.95,3415125,856275,559.25,150450,29775
25-04-2025 14:33,24177.5,514350,543000,28.1,3422025,871725,549,151950,31275
25-04-2025 14:33,24180.2,513750,542325,28.25,3432450,875850,0,0,0
25-04-2025 14:33,24187,517050,532875,28.35,3438225,873375,554.2,154275,30750
25-04-2025 14:33,24182,514875,539175,28.5,3447750,877950,0,0,0
25-04-2025 14:33,24184.7,515175,545625,28.15,3456975,881250,557.65,155475,31200
25-04-2025 14:34,24187.3,520425,540675,29.55,3490800,874275,549.55,152475,30525
25-04-2025 14:34,24185,526350,540300,29.45,3489750,861975,549.55,152550,31650
25-04-2025 14:34,24185,517500,547125,29.15,3474675,864075,552,151125,33300
25-04-2025 14:34,24185,518400,545025,29.05,3463875,869925,0,0,0
25-04-2025 14:34,24189,516675,544125,29.1,3503325,867375,0,0,0
25-04-2025 14:34,24185,519750,538650,29.1,3461850,860325,549.75,150675,31050
25-04-2025 14:35,24185.4,519825,540600,28.95,3462000,862875,541.25,151875,30750
25-04-2025 14:35,24194,521250,540150,29.5,3467475,861375,549.85,151875,30750
25-04-2025 14:35,24190.1,523575,535725,29.9,3472875,850350,0,0,0
25-04-2025 14:35,24188.5,522975,540300,29.5,3477975,853575,0,0,0
25-04-2025 14:35,24182,518175,543225,29.15,3471300,853800,546.95,150525,32325
25-04-2025 14:35,24180.1,511425,541950,28.75,3456300,859050,0,0,0
25-04-2025 14:36,24184.5,521175,540750,29.2,3470325,860025,550.55,150525,30750
25-04-2025 14:36,24180.3,517500,538575,29.1,3453225,867675,555.45,150300,31425
25-04-2025 14:36,24175.6,511950,544725,28.65,3450150,878475,558,151575,31050
25-04-2025 14:36,24165,507750,541875,27.6,3457875,883800,567.1,148125,30150
25-04-2025 14:36,24165,475875,549900,26.6,3440550,879750,567.35,149100,29850
25-04-2025 14:36,24169.6,478800,543600,26.75,3406050,872175,566.05,152250,31275
25-04-2025 14:37,24168.8,483075,543225,27.5,3409575,873000,561.5,148875,30600
25-04-2025 14:37,24177.8,486450,540000,27.95,3411600,855525,554.35,148425,31500
25-04-2025 14:37,24179.9,484050,544050,27.95,3409950,836700,559.3,150300,30900
25-04-2025 14:37,24177.3,486075,549225,27.95,3415350,845850,560.05,149550,31875
25-04-2025 14:37,24176.5,488250,544800,28.2,3413550,841425,558.6,149700,31275
25-04-2025 14:37,24174.7,484950,547650,27.9,3413700,855225,557.6,149700,33075
25-04-2025 14:38,24183.7,483675,542925,28.3,3418800,846825,555.05,148275,33075
25-04-2025 14:38,24188,485700,535425,29.05,3426750,835275,550,149550,31575
25-04-2025 14:38,24189,486150,541725,29.2,3428025,834525,550,149400,24975
25-04-2025 14:38,24178.7,489450,545100,28.5,3435450,840375,0,0,0
25-04-2025 14:38,24180.3,490125,547950,28.5,3444225,851325,0,0,0
25-04-2025 14:38,24185.3,487425,544050,28.95,3463350,843300,550.45,148500,24225
25-04-2025 14:39,24185,490950,536700,29.15,3463500,836625,541.6,149400,25875
25-04-2025 14:39,24190,503325,543450,29.45,3462525,835275,545,149700,25725
25-04-2025 14:39,24184.3,499425,546450,29.25,3451350,836850,0,0,0
25-04-2025 14:39,24189,507750,540675,29.55,3449700,842250,545,148875,25575
25-04-2025 14:39,24192,517125,540225,29.95,3438000,843975,540.15,153150,25800
25-04-2025 14:39,24185,503775,543525,29.2,3435900,841350,0,0,0
25-04-2025 14:40,24178,501750,552075,28.15,3411600,847500,559,151650,25125
25-04-2025 14:40,24175,501450,546000,28.1,3409500,847800,555.3,149700,24825
25-04-2025 14:40,24176.7,504450,542250,28.65,3435825,837900,551.45,147975,24975
25-04-2025 14:40,24175,503025,543825,28.3,3436575,844575,557.8,151650,25200
25-04-2025 14:40,24174,493125,545100,28.2,3421650,848250,556.75,149100,25275
25-04-2025 14:40,24173.8,488025,543825,27.7,3416400,854850,551.6,149700,26175
25-04-2025 14:41,24174.8,492750,543000,28.05,3428025,860850,0,0,0
25-04-2025 14:41,24177,491850,540900,28.4,3435525,843975,0,0,0
25-04-2025 14:41,24181.9,499650,541425,28.65,3429150,844500,551.6,150000,25425
25-04-2025 14:41,24184.7,493425,544350,28.4,3427725,853050,0,0,0
25-04-2025 14:41,24182.2,492075,542175,28.45,3422550,844350,0,0,0
25-04-2025 14:41,24180.3,493950,550575,28.2,3431400,849750,0,0,0
25-04-2025 14:42,24181.6,493875,548550,28.7,3433500,844275,0,0,0
25-04-2025 14:42,24182.8,493425,541350,28.85,3426150,851175,545.5,148725,24825
25-04-2025 14:42,24187.9,494550,539850,29.25,3433650,841050,544.45,149775,25500
25-04-2025 14:42,24184.7,489450,544875,28.85,3434400,843600,544.45,151125,25275
25-04-2025 14:42,24176,483075,549900,27.5,3415875,835950,556.7,151950,25575
25-04-2025 14:42,24171,479400,550425,27.4,3396000,838950,0,0,0
25-04-2025 14:43,24171.9,486075,544650,27.9,3409200,825600,560,148350,24300
25-04-2025 14:43,24170.3,481875,543675,27.15,3405600,825300,561.25,151275,24750
25-04-2025 14:43,24170,484050,544725,27.45,3405300,834225,565,150375,24825
25-04-2025 14:43,24172.7,485250,554250,27,3407325,851550,557.35,151050,24525
25-04-2025 14:43,24167.4,484650,547500,27,3404850,851025,0,0,0
25-04-2025 14:43,24174.6,492675,542400,27.75,3404100,842850,556.7,149475,24825
25-04-2025 14:44,24176,490800,545700,27.65,3414375,854325,0,0,0
25-04-2025 14:44,24179.9,491175,543600,27.55,3410100,840750,555,151350,25200
25-04-2025 14:44,24177.2,492975,540750,27.8,3420000,815850,0,0,0
25-04-2025 14:44,24175.1,492375,549075,27.6,3416250,817275,552.6,148875,24975
25-04-2025 14:44,24179.9,499650,545550,27.95,3424800,822825,0,0,0
25-04-2025 14:44,24178.3,495525,542700,27.85,3423075,818475,552.6,149550,24750
25-04-2025 14:45,24176,492975,546300,27.55,3424350,818775,558.2,150975,25350
25-04-2025 14:45,24175,490950,543750,27.6,3421875,822750,0,0,0
25-04-2025 14:45,24166,493200,549450,27,3417000,832275,560,150525,25500
25-04-2025 14:45,24166,484500,544500,26.55,3396000,836325,0,0,0
25-04-2025 14:45,24171,494550,541725,27.1,3412425,835125,0,0,0
25-04-2025 14:45,24171,497025,553125,26.85,3405225,836475,0,0,0
25-04-2025 14:46,24170,497700,551700,27.15,3414525,835125,578,150675,26400
25-04-2025 14:46,24166,490275,551925,26.5,3409950,840150,0,0,0
25-04-2025 14:46,24160,471600,551100,25.15,3374700,853200,574.75,149250,23850
25-04-2025 14:46,24165,474750,550125,25.8,3382875,848250,568,148800,24075
25-04-2025 14:46,24155,474300,557400,25.05,3384900,841950,579.4,149550,24600
25-04-2025 14:46,24152.3,469125,560100,24.05,3363300,841725,577.8,148875,24375
25-04-2025 14:47,24158.8,474600,563550,24.9,3370725,825975,570.4,148950,25425
25-04-2025 14:47,24160.9,478650,564300,24.95,3374400,834750,0,0,0
25-04-2025 14:47,24160,478125,566100,24.6,3383175,830100,578.45,148575,23625
25-04-2025 14:47,24156,476175,569325,24.8,3384675,842700,579,147600,23700
25-04-2025 14:47,24152,475275,564150,24.35,3388800,841425,581,150750,23550
25-04-2025 14:47,24152,474675,565050,24.95,3386325,844425,572.55,149250,24975
25-04-2025 14:48,24150,466575,566850,24.65,3388350,835725,0,0,0
25-04-2025 14:48,24158.9,473850,576675,25.2,3408150,832500,0,0,0
25-04-2025 14:48,24156.6,472275,564900,25.6,3408000,826650,572.55,149175,25650
25-04-2025 14:48,24162.1,475950,557025,25.65,3401550,814875,0,0,0
25-04-2025 14:48,24164.6,483600,561450,25.5,3403725,826725,0,0,0
25-04-2025 14:48,24168,485550,556875,25.55,3406200,822000,561.1,148350,24375
25-04-2025 14:49,24173,488925,552000,25.95,3411900,815925,551.6,149250,24750
25-04-2025 14:49,24174,487650,550500,26.6,3413700,807525,0,0,0
25-04-2025 14:49,24180,492000,545925,27.5,3412800,804975,551.5,149850,25050
25-04-2025 14:49,24180,484500,544200,27.9,3418275,793200,549.4,148125,24825
25-04-2025 14:49,24180,483000,544725,27.9,3419850,802275,0,0,0
25-04-2025 14:49,24189,484725,540675,28.6,3418200,798975,541.6,147000,24225
25-04-2025 14:50,24194.5,493650,537525,28.5,3411750,801450,543.95,149025,25050
25-04-2025 14:50,24194.5,485625,535050,28.8,3402150,796725,0,0,0
25-04-2025 14:50,24184.6,487950,538125,28.35,3408825,814650,0,0,0
25-04-2025 14:50,24187.8,482925,538575,28.7,3400050,802275,534,147300,24525
25-04-2025 14:50,24192.8,486900,532800,28.85,3415650,790050,544.25,143850,20550
25-04-2025 14:50,24191.4,482250,536700,29.35,3404175,803325,538,143925,21750
25-04-2025 14:51,24190.1,483300,537825,29.3,3418500,797550,538.25,144600,21075
25-04-2025 14:51,24194.8,483900,535650,29.55,3410100,800250,533.85,145125,21525
25-04-2025 14:51,24189.9,477300,545175,28.5,3413400,810375,541.4,144900,21225
25-04-2025 14:51,24180,479325,547125,27.75,3371700,816300,550.8,144900,21150
25-04-2025 14:51,24180,482250,549600,27.65,3372675,815250,550.8,141750,21075
25-04-2025 14:51,24182.3,486900,542325,28,3391650,817950,541.25,144975,22350
25-04-2025 14:52,24190,481050,542550,28.55,3395775,817050,0,0,0
25-04-2025 14:52,24190,482550,541275,28.35,3408075,823800,0,0,0
25-04-2025 14:52,24194.1,476175,536175,28.45,3407700,821850,541.7,144750,23625
25-04-2025 14:52,24190.3,480600,539100,28.6,3417375,823725,538,146100,22275
25-04-2025 14:52,24194.9,483375,536625,29.05,3421050,816225,536.25,143775,22275
25-04-2025 14:52,24199,480600,530025,29.2,3418725,814350,531,144375,22350
25-04-2025 14:53,24195,477675,536025,29.25,3414000,810525,0,0,0
25-04-2025 14:53,24198,476625,529425,29.25,3427500,821475,531,145725,22275
25-04-2025 14:53,24204,478275,528225,29.6,3417600,826575,528.65,144300,22575
25-04-2025 14:53,24203,477900,528600,29.8,3422025,818625,0,0,0
25-04-2025 14:53,24209.1,482925,526275,29.9,3435600,812850,528.8,145500,22875
25-04-2025 14:53,24208.2,481800,536250,29.3,3406425,818550,528.8,145275,23550
25-04-2025 14:54,24202,480300,535650,29.5,3444225,820050,531.25,144300,24450
25-04-2025 14:54,24207.7,479175,537150,29.95,3491250,815025,0,0,0
25-04-2025 14:54,24205.4,478050,541950,29.65,3521700,828225,531.25,144525,24450
25-04-2025 14:54,24196,477225,544050,29.05,3528975,832350,537.35,141000,23100
25-04-2025 14:54,24194.1,485175,541725,29.3,3530700,849225,532.25,146700,25650
25-04-2025 14:54,24202,481950,541050,29.85,3529875,843600,534.9,145950,25800
25-04-2025 14:55,24196,483675,546300,29.05,3528525,851700,531.25,146775,26325
25-04-2025 14:55,24202,497850,536700,29.55,3521100,843675,0,0,0
25-04-2025 14:55,24198.5,499725,542025,29.6,3525750,851925,0,0,0
25-04-2025 14:55,24203,502050,547275,29.25,3524250,857100,528.85,145500,26700
25-04-2025 14:55,24206,503175,549375,30,3537600,861900,526.9,147000,30375
25-04-2025 14:55,24206,503025,533250,30.15,3566550,825825,0,0,0
25-04-2025 14:56,24207.9,505650,532875,30.1,3567600,828900,523.6,147300,30600
25-04-2025 14:56,24202.8,503475,536850,29.45,3570975,830625,532.65,147900,29550
25-04-2025 14:56,24199.8,503100,539475,28.7,3526350,847125,0,0,0
25-04-2025 14:56,24200,506925,536775,29.2,3529500,845325,0,0,0
25-04-2025 14:56,24196,503775,540825,29.35,3523800,846975,0,0,0
25-04-2025 14:56,24191.5,502275,541725,27.4,3529200,852450,542,146400,28350
25-04-2025 14:57,24190.6,494400,539925,27.9,3498600,856950,540,147975,28800
25-04-2025 14:57,24192.5,503175,544050,28.65,3521775,848250,0,0,0
25-04-2025 14:57,24191,503625,541650,28.15,3523800,858825,540,148125,27750
25-04-2025 14:57,24187,509475,540900,27.7,3509475,860925,539.45,148500,28200
25-04-2025 14:57,24187.9,509175,543525,28.15,3518325,862875,0,0,0
25-04-2025 14:57,24194.2,512700,542700,28.85,3536700,863250,538.35,148125,25575
25-04-2025 14:58,24191,506100,540075,28.35,3519000,865950,0,0,0
25-04-2025 14:58,24194.9,508875,540300,28.3,3403725,869925,546,148350,26775
25-04-2025 14:58,24195.9,510300,535575,28.7,3417000,865575,0,0,0
25-04-2025 14:58,24192.1,509700,537900,28.6,3417075,868800,0,0,0
25-04-2025 14:58,24185.8,503925,544125,27.3,3408150,877200,546,147750,24300
25-04-2025 14:58,24184.4,492525,540825,27.05,3390300,886200,546.15,148125,25650
25-04-2025 14:59,24186.5,503100,533175,27.85,3406275,878775,0,0,0
25-04-2025 14:59,24181,501150,544575,26.65,3401250,893850,550,149550,25050
25-04-2025 14:59,24181.2,491475,544050,26.85,3387825,891300,552.25,147900,25125
25-04-2025 14:59,24180,490800,542925,26.4,3429825,898650,552.2,146850,25350
25-04-2025 14:59,24181.7,498525,540525,26.95,3474225,891300,546.05,146775,27225
25-04-2025 14:59,24184.6,498300,538650,27.15,3527025,896400,543.9,147900,25800
25-04-2025 15:00,24184.6,505350,543975,27.3,3536700,896625,543.9,151425,25875
25-04-2025 15:00,24188.1,504150,548325,27.4,3570825,924525,0,0,0
25-04-2025 15:00,24194.1,503775,540750,28.15,3589650,921900,0,0,0
25-04-2025 15:00,24192.9,499650,540000,27.55,3544575,880800,0,0,0
25-04-2025 15:00,24182.3,495750,549600,26.65,3535950,884550,0,0,0
25-04-2025 15:00,24176.1,495750,548775,26.4,3531225,891750,0,0,0
25-04-2025 15:01,24175.3,477075,542700,26.05,3416025,885975,558.35,148650,25800
25-04-2025 15:01,24175,473850,542925,26.2,3413250,890625,556.4,147900,24300
25-04-2025 15:01,24175,474450,541500,26.3,3415425,886575,555,148275,26925
25-04-2025 15:01,24176.5,477675,540750,26.6,3426450,885300,0,0,0
25-04-2025 15:01,24178.4,475800,542250,26.7,3428250,883950,0,0,0
25-04-2025 15:01,24175.8,473100,540075,26.45,3426300,888750,551,150975,27450
25-04-2025 15:02,24172,470400,548100,25.8,3408075,883725,560,149625,27075
25-04-2025 15:02,24170,472800,548325,25.9,3395025,893325,558,150225,29475
25-04-2025 15:02,24169.9,470700,544200,25.5,3403425,894300,562,148125,27450
25-04-2025 15:02,24171.2,474525,546750,25.8,3397650,893775,554.85,147825,28575
25-04-2025 15:02,24176.1,474300,550725,26.3,3405675,882225,0,0,0
25-04-2025 15:02,24176.1,476700,551250,26.25,3398175,885300,552.55,149700,28575
25-04-2025 15:03,24179.8,475125,550050,26.35,3398250,879450,553,147750,27975
25-04-2025 15:03,24183,476250,547050,27.05,3405975,874275,542.25,149100,28725
25-04-2025 15:03,24186.4,472650,548475,27.25,3404325,870750,543.2,148350,25050
25-04-2025 15:03,24186.2,472275,551250,27.15,3398025,875025,0,0,0
25-04-2025 15:03,24187.1,474750,552750,27.25,3397875,876975,541.2,147750,25425
25-04-2025 15:03,24191.1,474000,549900,27.6,3411000,875250,536.9,148500,25425
25-04-2025 15:04,24191.8,471150,548475,27.75,3404325,873150,533.95,149700,25725
25-04-2025 15:04,24190.9,471225,549450,27.45,3404625,878775,0,0,0
25-04-2025 15:04,24190,468375,550425,27.5,3395775,881775,0,0,0
25-04-2025 15:04,24197,472350,541725,27.85,3411525,872100,0,0,0
25-04-2025 15:04,24195.4,470700,542625,27.75,3415500,867300,530,147375,26025
25-04-2025 15:04,24196.5,472725,542550,27.95,3400425,864975,532.3,148575,25575
25-04-2025 15:05,24197.5,468000,545475,28.2,3409575,868125,535.5,151500,26175
25-04-2025 15:05,24199.7,471600,541275,28.6,3415200,853500,0,0,0
25-04-2025 15:05,24195.2,466800,543750,28.35,3411600,869775,0,0,0
25-04-2025 15:05,24196.2,465600,546225,28.1,3404325,870300,537,149700,25125
25-04-2025 15:05,24196.7,468675,546675,27.75,3394650,870375,538,148575,25800
25-04-2025 15:05,24199.1,469875,543075,28.35,3401925,874575,0,0,0
25-04-2025 15:06,24196.7,469125,546525,28.2,3404550,870000,0,0,0
25-04-2025 15:06,24197,468000,543300,27.85,3403125,877575,0,0,0
25-04-2025 15:06,24190,469425,550200,27.4,3377700,876300,538.35,147375,24675
25-04-2025 15:06,24189.8,470100,555675,27,3372600,882450,538.35,149700,25875
25-04-2025 15:06,24188,468600,552225,27.05,3377775,884550,542.15,149925,25350
25-04-2025 15:06,24190,470400,546600,27.7,3389475,878325,540.4,148125,28425
25-04-2025 15:07,24188.8,467100,550800,27.35,3385875,883200,536.05,148725,27900
25-04-2025 15:07,24190,469050,552900,27.2,3386325,885600,0,0,0
25-04-2025 15:07,24184,467850,554850,27.1,3381975,881850,0,0,0
25-04-2025 15:07,24178,466500,560700,26.35,3382500,880050,555,148200,28950
25-04-2025 15:07,24175.1,461700,559800,26.3,3377625,891825,0,0,0
25-04-2025 15:07,24171.6,461850,560700,26.35,3381450,876150,559,147975,28350
25-04-2025 15:08,24171.1,455550,558975,25.8,3375375,891000,553.4,149625,28125
25-04-2025 15:08,24171.1,461250,555225,26.3,3382125,888225,0,0,0
25-04-2025 15:08,24175,465150,554550,26.55,3407400,876075,0,0,0
25-04-2025 15:08,24172.8,459000,561450,26.35,3402600,884850,558.6,149550,27750
25-04-2025 15:08,24177,460725,562725,26.8,3390150,879900,553.7,148725,28425
25-04-2025 15:08,24178.6,457575,556875,26.7,3390450,870300,555.35,148500,28200
25-04-2025 15:09,24179.6,460575,558450,26.5,3391650,861600,0,0,0
25-04-2025 15:09,24175.5,459300,557550,26.55,3388350,874275,0,0,0
25-04-2025 15:09,24175,460200,558225,26.5,3398400,878025,555.35,149850,27375
25-04-2025 15:09,24172.5,461550,556500,26.25,3386475,875325,0,0,0
25-04-2025 15:09,24175,459300,558300,26.2,3379650,879375,550,150825,27450
25-04-2025 15:09,24180,466275,549750,27.1,3394950,865050,548.95,146925,28200
25-04-2025 15:10,24182.1,463875,556650,26.8,3399900,866475,546,148500,29025
25-04-2025 15:10,24184,468525,551100,27.15,3397725,863850,545.75,146700,27600
25-04-2025 15:10,24184.1,465300,548625,27.25,3407250,866175,539.45,148500,28950
25-04-2025 15:10,24183.5,463050,548925,27.45,3408225,863850,0,0,0
25-04-2025 15:10,24189.8,467700,545775,27.65,3405450,859350,0,0,0
25-04-2025 15:10,24186.7,466125,544875,27.8,3410400,855900,537,147750,28575
25-04-2025 15:11,24186.8,463950,546750,27.9,3407250,857775,0,0,0
25-04-2025 15:11,24192,461550,538425,28.35,3413625,840000,537,146250,28200
25-04-2025 15:11,24191.8,459750,537300,28.4,3401550,834750,535.85,147450,28800
25-04-2025 15:11,24194,460650,535275,28.1,3409950,847050,537.15,148125,28875
25-04-2025 15:11,24195,465750,538050,28.35,3403500,850125,0,0,0
25-04-2025 15:11,24189.1,463500,535875,28.35,3397650,852150,535.85,150525,28650
25-04-2025 15:12,24177,458250,545850,27.15,3398775,858300,544.85,148650,29025
25-04-2025 15:12,24179.6,458250,540600,27.25,3381975,862425,0,0,0
25-04-2025 15:12,24186.9,455550,539850,27.5,3373575,869550,0,0,0
25-04-2025 15:12,24183.3,455100,538500,27.6,3383250,859050,0,0,0
25-04-2025 15:12,24181,457800,543975,27.6,3400275,863250,0,0,0
25-04-2025 15:12,24177.6,452325,545175,26.55,3369900,877575,557,152325,28125
25-04-2025 15:13,24173,449625,543975,26.6,3414750,871125,0,0,0
25-04-2025 15:13,24174.9,447825,543675,26.65,3400875,871350,558,149100,28050
25-04-2025 15:13,24168.5,448200,545175,26.65,3402675,877950,560.3,150600,28050
25-04-2025 15:13,24166,444975,541425,26.4,3402975,863250,0,0,0
25-04-2025 15:13,24169.6,442200,543825,26.5,3399975,851850,0,0,0
25-04-2025 15:13,24165.1,443250,541500,26.55,3391500,894300,0,0,0
25-04-2025 15:14,24166,438675,539475,26.5,3397950,888375,0,0,0
25-04-2025 15:14,24166,441450,536850,26.4,3388950,886575,0,0,0
25-04-2025 15:14,24163.1,438375,545325,26.55,3383700,893325,563,149325,27975
25-04-2025 15:14,24162,442725,545325,26.5,3382200,892575,0,0,0
25-04-2025 15:14,24168.5,441000,545175,26.7,3393825,888975,558.45,147150,28125
25-04-2025 15:14,24167.2,437850,541575,27,3390450,878775,555.9,147375,28350
25-04-2025 15:15,24169.7,436650,538125,26.3,3388800,868200,561.4,149400,28275
25-04-2025 15:15,24166.6,430650,542625,26.75,3388950,877650,556.8,147675,29475
25-04-2025 15:15,24169.8,405000,538275,26.6,3384075,864900,0,0,0
25-04-2025 15:15,24169.9,403050,531000,26.65,3393075,862050,556.8,148200,29850
25-04-2025 15:15,24165.2,391575,533100,26.5,3385125,872475,563.05,150375,29625
25-04-2025 15:15,24170,392400,516300,26.85,3436575,858750,0,0,0
25-04-2025 15:16,24167.3,392700,520950,26.7,3434250,858450,0,0,0
25-04-2025 15:16,24162.8,389175,520725,26.4,3417675,866250,565.4,147750,28800
25-04-2025 15:16,24164,386700,518925,26.45,3422625,873000,0,0,0
25-04-2025 15:16,24164.9,385950,521550,26.5,3425025,865575,565.9,148275,28875
25-04-2025 15:16,24160.1,385650,521175,26.05,3431250,873375,0,0,0
25-04-2025 15:16,24161,385275,520500,26.2,3397275,879300,0,0,0
25-04-2025 15:17,24161.2,383550,520125,26.3,3402600,884475,566.45,147375,29400
25-04-2025 15:17,24161.2,384825,524025,26.35,3391950,891525,566.45,146325,30150
25-04-2025 15:17,24161,386175,517500,26.3,3383925,885900,0,0,0
25-04-2025 15:17,24163.8,384075,525750,26.1,3363450,889875,563.55,148350,30450
25-04-2025 15:17,24164,384000,520350,26.55,3376350,890475,561,147300,30300
25-04-2025 15:17,24165.4,385800,530175,26.4,3373875,873225,565.65,147975,28800
25-04-2025 15:18,24161.1,386550,526575,26.25,3376650,877800,0,0,0
25-04-2025 15:18,24163.8,383025,521625,26.2,3366300,876525,566,147450,28200
25-04-2025 15:18,24161,383025,520350,26.15,3372525,870975,563,149850,28500
25-04-2025 15:18,24160.9,381375,517950,26.45,3380325,864150,566.15,148650,28875
25-04-2025 15:18,24163.5,379725,517500,26.4,3383550,861825,0,0,0
25-04-2025 15:18,24163.8,379650,516750,26.5,3381975,861975,0,0,0
25-04-2025 15:19,24160.8,377775,516225,26.2,3379275,864000,0,0,0
25-04-2025 15:19,24160,376275,518550,26.1,3360450,870000,0,0,0
25-04-2025 15:19,24160.8,375450,517125,25.4,3350325,879525,0,0,0
25-04-2025 15:19,24158.4,374325,518325,25.25,3346650,870525,567.85,148650,27600
25-04-2025 15:19,24158,371625,518700,24.9,3348225,865350,575,147975,27900
25-04-2025 15:19,24151.8,368175,518550,24.2,3336825,871275,575.35,146550,25875
25-04-2025 15:20,24149.9,356700,518100,24.1,3343275,854025,575.35,149025,26700
25-04-2025 15:20,24144.2,358575,517125,24.65,3350175,839400,579.65,147750,26250
25-04-2025 15:20,24144.9,354900,521475,24.8,3357000,834600,580,148425,24975
25-04-2025 15:20,24133.9,351225,527025,24.4,3346500,837225,595.85,150975,25650
25-04-2025 15:20,24133.5,349575,524850,23.65,3344925,851325,0,0,0
25-04-2025 15:20,24132,343800,519750,23.7,3340275,853725,595.85,149775,24375
25-04-2025 15:21,24128,341250,526125,23.4,3340575,845175,0,0,0
25-04-2025 15:21,24121,327750,530025,22.15,3324975,855300,0,0,0
25-04-2025 15:21,24115,328350,532950,22,3308175,870225,607.8,148800,23100
25-04-2025 15:21,24120,333300,523050,22.45,3332475,857775,603.05,148650,24225
25-04-2025 15:21,24118.9,336075,522000,22.75,3341475,843450,607.85,148800,23925
25-04-2025 15:21,24120,349125,520350,22.7,3336525,845100,607.85,149250,23100
25-04-2025 15:22,24124.9,345525,518850,22.4,3341250,853500,594.05,148350,24975
25-04-2025 15:22,24129.9,350325,512775,22.65,3335175,840600,0,0,0
25-04-2025 15:22,24130,354900,508275,22.85,3343950,852075,592,147975,24600
25-04-2025 15:22,24135,353775,504075,23.25,3346425,832050,588,147975,23175
25-04-2025 15:22,24134.1,351000,506625,23.5,3391125,822600,593.95,147750,23325
25-04-2025 15:22,24131.9,349200,513675,23.45,3380850,825675,599.35,149700,23175
25-04-2025 15:23,24123.5,346575,514500,23.2,3380250,828825,604.2,151275,23400
25-04-2025 15:23,24119.8,341925,513300,22.4,3343200,842175,612,154575,22950
25-04-2025 15:23,24109.9,344700,511725,22.5,3351825,844950,612,148950,23475
25-04-2025 15:23,24114.6,342450,507900,22.75,3372000,828525,603.35,155325,24600
25-04-2025 15:23,24118.6,341025,511500,22.9,3373500,825375,0,0,0
25-04-2025 15:23,24120,337875,506100,22.75,3376125,776175,604.15,151200,23175
25-04-2025 15:24,24116,333675,511500,22.55,3376725,771375,610,149925,23550
25-04-2025 15:24,24112.9,335850,513000,22.05,3358500,780750,611,151125,23700
25-04-2025 15:24,24108.6,343350,510375,22.4,3342225,774075,611,150225,23025
25-04-2025 15:24,24109.9,342600,510300,22.3,3319125,761550,611,149850,23400
25-04-2025 15:24,24113.7,342075,508875,22.4,3323700,754200,0,0,0
25-04-2025 15:24,24115,347175,505875,22.6,3324525,750300,0,0,0
25-04-2025 15:25,24111.1,355650,509775,22.45,1255125,734850,607.85,147825,23025
25-04-2025 15:25,24111,358275,509025,22.3,1256475,727950,605.6,148650,23100
25-04-2025 15:25,24115.1,358350,504000,22,1243950,731475,605.6,148650,22350
25-04-2025 15:25,24115,355275,504075,22.15,1250625,731550,607.2,147150,22275
25-04-2025 15:25,24116.4,356700,503775,22.25,1234500,725250,603.1,149025,21600
25-04-2025 15:25,24115,354975,505275,22.05,1231800,727425,605.5,150075,22275
25-04-2025 15:26,24111.8,354600,505800,21.5,1229325,729150,606.05,144675,21450
25-04-2025 15:26,24116.7,355425,507975,21.1,1218975,728700,610,145500,21375
25-04-2025 15:26,24116.3,356850,513375,21,1228650,720825,0,0,0
25-04-2025 15:26,24110.4,359850,514650,20.55,1221525,722550,617.85,147375,21450
25-04-2025 15:26,24107.4,351225,516000,19.95,1217475,719475,0,0,0
25-04-2025 15:26,24104.2,348525,518550,20,1198350,716700,619.5,145050,20100
25-04-2025 15:27,24100,342000,511350,20.8,1233975,703575,622,148650,22500
25-04-2025 15:27,24102,310650,510750,21.25,1244550,692025,0,0,0
25-04-2025 15:27,24095.1,313350,506625,20.6,1241925,686250,617,148500,23100
25-04-2025 15:27,24103.6,322875,505875,20.75,1243350,693225,0,0,0
25-04-2025 15:27,24105,325425,507375,20.9,1248000,696075,619.3,149775,23850
25-04-2025 15:27,24109,329850,502050,20.8,1247700,692100,612.55,148200,25425
25-04-2025 15:28,24108.5,327000,500325,21.15,1223700,679725,611.8,149175,24375
25-04-2025 15:28,24106.5,328350,498900,21.05,1218375,665850,612.45,151950,25125
25-04-2025 15:28,24110,325800,498300,21.1,1219800,669300,0,0,0
25-04-2025 15:28,24106.2,331125,496425,21.15,1178625,663075,615.2,145950,25500
25-04-2025 15:28,24106.2,328725,492225,21.1,1162275,659325,613.45,145875,24225
25-04-2025 15:28,24109,320550,487425,20.8,1159200,684075,0,0,0
25-04-2025 15:29,24105,316800,485550,20.2,1152000,687525,613,144375,22575
25-04-2025 15:29,24109.5,303750,466950,19.65,1141650,659400,610.25,151125,21225
25-04-2025 15:29,24106.2,303375,465675,19.65,1133250,676950,610.25,145125,20700
25-04-2025 15:29,24108.2,306600,459525,19.5,168450,636075,615.15,33750,16725
25-04-2025 15:29,24102,305175,462825,19.3,168450,635925,606.2,30975,14025
25-04-2025 15:29,24120,299625,453000,19.05,160200,627375,604.85,25950,14025
