last_traded_time,ltp,tot_buy_qty,tot_sell_qty,ltp,tot_buy_qty,tot_sell_qty,ltp,tot_buy_qty,tot_sell_qty
28-04-2025 09:15,24227.1,192600,190725,105.65,3372600,341175,177.1,1701975,81450
28-04-2025 09:15,24228.5,203100,209250,108.75,3397875,345375,182.55,1723500,101175
28-04-2025 09:15,24227.3,208425,231075,109.3,3411525,369975,188.05,1728750,107625
28-04-2025 09:15,24227.5,226950,275325,108.8,3382425,395100,179,1732050,106500
28-04-2025 09:16,24229.1,229500,305250,107,3970500,421650,175.7,3834150,111900
28-04-2025 09:16,24221,236400,334875,100,3980625,438750,183.45,3850725,112125
28-04-2025 09:16,24215.8,229500,362400,98.1,3974250,457800,186.5,3867450,114000
28-04-2025 09:16,24210.2,249300,364125,91.65,3980700,484425,187.45,3868800,119100
28-04-2025 09:16,24223,264225,362550,97.2,3997575,489075,181.9,3868950,124950
28-04-2025 09:16,24234.2,260400,367350,103.3,4031100,484875,172.35,3863925,131850
28-04-2025 09:17,24237.4,258225,354675,105.4,4060500,450900,176.25,3858075,137025
28-04-2025 09:17,24241.8,266400,366300,107.7,4062750,453075,176.1,3870375,135975
28-04-2025 09:17,24236.5,270900,375375,110.45,4098750,447825,173,3874950,153000
28-04-2025 09:17,24257.7,270750,354300,114.4,4113825,444300,168.8,3867300,158250
28-04-2025 09:17,24253.4,279975,339675,115.4,4130925,404625,163.85,3859200,142125
28-04-2025 09:17,24260,253725,349125,116.75,4116075,433275,160.95,3871275,145875
28-04-2025 09:18,24253.2,262350,347175,111.4,4141875,471300,168.6,3875625,146700
28-04-2025 09:18,24248.5,266775,355875,109.55,4136550,515025,171.8,3891975,164025
28-04-2025 09:18,24246.2,265050,361275,108.2,4297650,523500,169.55,3906675,169275
28-04-2025 09:18,24245,255450,359850,107.25,4323750,527850,171.8,4048725,176100
28-04-2025 09:18,24241.2,268950,359625,107.9,4325475,544050,171.2,4076850,177825
28-04-2025 09:18,24243.9,266775,367350,104.8,4329450,578475,171.75,4090050,178275
28-04-2025 09:19,24231.9,262275,370575,103.2,4276575,586125,174.15,4113825,168525
28-04-2025 09:19,24243.6,278175,369675,107.4,4315725,591600,170,4113375,166050
28-04-2025 09:19,24239.8,266025,369600,102.15,4317450,607050,175.85,4094025,169725
28-04-2025 09:19,24240.1,282975,367575,105.15,4318650,611250,168.9,4095225,174000
28-04-2025 09:19,24240.7,289275,372750,102.05,4345950,612075,170.6,4090050,177975
28-04-2025 09:19,24245,301125,378375,105.45,4360125,637950,165.3,4095525,190350
28-04-2025 09:20,24247.1,292350,369825,105.35,3598200,630825,167.9,4074525,196050
28-04-2025 09:20,24253.2,306075,374100,108.85,1677375,635175,160.75,3409650,197700
28-04-2025 09:20,24254.6,313575,378225,106.95,1696425,622125,164.05,3414075,204600
28-04-2025 09:20,24245,309000,388500,102.65,1697625,647850,170.8,3428100,199575
28-04-2025 09:20,24231.4,300750,387000,97.55,1650225,658350,182.4,3439275,193800
28-04-2025 09:20,24217.5,298500,391125,94.75,1556100,678600,185.9,3445725,197025
28-04-2025 09:21,24226.3,312000,383850,97.45,1564050,682875,183.1,3443625,214875
28-04-2025 09:21,24211,306900,388200,95.15,1565100,687600,191.4,3442425,212775
28-04-2025 09:21,24208.1,287700,395025,90.7,1536075,688800,196.45,3443475,199800
28-04-2025 09:21,24213,300000,396450,94.55,1525875,692250,189.25,3447525,200400
28-04-2025 09:21,24219.9,301275,388200,97.2,1569450,685050,186.15,3424200,220575
28-04-2025 09:21,24220,305325,390150,96.15,1578600,695850,182.35,3417450,230325
28-04-2025 09:22,24230.6,319050,381150,100.7,1616850,698025,176.85,3408075,223800
28-04-2025 09:22,24225,321300,399000,95.95,1624950,731475,183.3,3395775,226800
28-04-2025 09:22,24232.5,311250,389325,100.6,1620750,746025,176.25,3406050,228825
28-04-2025 09:22,24236.2,326025,400275,101.5,1630050,736275,171.85,3402300,255225
28-04-2025 09:22,24247.2,323325,396600,100.4,1659900,754050,167.5,3406950,261900
28-04-2025 09:22,24236.4,322725,392625,99.7,1656900,782775,168.35,3423900,263925
28-04-2025 09:23,24223.8,329850,415800,94.05,1645200,786300,177.95,3424125,267225
28-04-2025 09:23,24221.3,325050,416250,94.7,1589175,803625,180.65,3439875,260475
28-04-2025 09:23,24222.8,314775,407025,95.2,1623750,828150,179,3442650,267375
28-04-2025 09:23,24220.4,326175,419925,90.85,1627950,838800,184.3,3452250,264900
28-04-2025 09:23,24220,322350,422325,90.5,1569750,840375,182.8,3449475,266475
28-04-2025 09:23,24216.4,323850,428475,90.8,1579650,843825,181.05,3453300,273675
28-04-2025 09:24,24221.5,328575,424725,92.25,1581600,858225,180.45,3450750,275550
28-04-2025 09:24,24216,331725,431925,92.55,1591950,864000,180.7,3481050,282300
28-04-2025 09:24,24224.6,338925,425475,93.4,1618650,871050,178.9,3545550,289575
28-04-2025 09:24,24221.3,336375,425625,93.15,1623825,870000,178.7,3543750,290550
28-04-2025 09:24,24216.7,338250,426675,91.5,1623375,890175,181.75,3550650,288150
28-04-2025 09:24,24220,346275,420450,93.35,1626075,892500,177,3553050,299400
28-04-2025 09:25,24239.9,338850,412800,97.3,1649550,881475,174.85,3548400,297075
28-04-2025 09:25,24241.5,343500,402525,100.5,1654200,803100,170,3444750,299100
28-04-2025 09:25,24237,333900,404025,97.25,1657200,822375,173.85,3445650,302250
28-04-2025 09:25,24230,338175,409575,96.85,1649925,849525,176.7,3452775,302700
28-04-2025 09:25,24230,335325,414900,94.25,1647225,873525,177.45,3463575,302850
28-04-2025 09:25,24219,336900,408750,91,1631100,906375,184.1,3472875,297075
28-04-2025 09:26,24215.7,333375,401625,92.45,1624950,909150,182.85,3472950,291375
28-04-2025 09:26,24232,336225,403500,96.4,1648125,907125,174.8,3470850,330450
28-04-2025 09:26,24232,337800,407175,96.25,1671825,888600,174.6,3466050,337050
28-04-2025 09:26,24225,330150,414075,94.3,1675800,898425,177,3468675,337350
28-04-2025 09:26,24225.2,330975,421650,90.15,1682850,913050,180.3,3470400,319350
28-04-2025 09:26,24230,336825,410775,93.85,1640100,915825,172.75,3477750,316125
28-04-2025 09:27,24240,337200,412350,97.65,1664625,918675,167.3,3471000,352200
28-04-2025 09:27,24240,334575,416775,98.95,1681800,916725,166,3452100,355725
28-04-2025 09:27,24261.5,341850,415500,104.55,1693575,915750,153.35,3453750,334350
28-04-2025 09:27,24261.2,333075,379725,104.9,1706100,780150,156.25,3394425,341550
28-04-2025 09:27,24258.1,335775,389175,104.95,1712400,830100,156.6,3401550,334125
28-04-2025 09:27,24258.3,328875,391275,105.95,1723350,848925,155.65,3409950,334875
28-04-2025 09:28,24257,342900,391950,106,1753050,891375,154.95,3422325,336300
28-04-2025 09:28,24259,336300,392325,106.3,1769100,855975,156.8,3427950,344325
28-04-2025 09:28,24264.6,337350,391350,108.35,1773000,847575,150.65,3435675,344700
28-04-2025 09:28,24259.1,337275,338775,105.55,1785300,801300,155.65,3411375,343125
28-04-2025 09:28,24260.7,342150,336150,104.55,1783950,819225,155.6,3422475,346200
28-04-2025 09:28,24263.3,342000,331425,104.4,1741050,829425,154.65,3424950,352950
28-04-2025 09:29,24256.8,333825,334650,103.75,1748850,852150,154.4,3450300,351375
28-04-2025 09:29,24248.5,337125,343950,99.5,1735725,865800,160.95,3467175,343650
28-04-2025 09:29,24244.4,338100,344100,97.3,1672350,873975,164.8,3473700,331500
28-04-2025 09:29,24236.9,333000,347250,97.15,1678875,882675,166.5,3476775,346875
28-04-2025 09:29,24243.2,336300,338775,99.2,1690950,878850,162.3,3473025,350025
28-04-2025 09:29,24250.7,339300,336075,101.5,1722225,890175,156.05,3465375,369825
28-04-2025 09:30,24252.9,334050,342900,99.85,1737450,913425,159.95,3461250,366900
28-04-2025 09:30,24243.2,330000,343950,96.5,1738050,928650,164.05,3470850,360150
28-04-2025 09:30,24257.6,350550,341850,101.85,1737375,918975,156.3,3465300,368325
28-04-2025 09:30,24263.5,350850,336375,103.5,1765575,915675,153.4,3464925,366300
28-04-2025 09:30,24259.9,339675,333225,101.7,1777875,916575,154.4,3460200,373800
28-04-2025 09:30,24261.3,349350,332175,105,1768575,921150,149.95,3460575,375075
28-04-2025 09:31,24254,335400,339525,100.55,1757100,930150,157.15,3447825,387450
28-04-2025 09:31,24255.4,344700,341325,102.85,1773075,943800,153.15,3465600,395175
28-04-2025 09:31,24261.4,347475,336675,105.6,1795350,951900,152.35,3471225,394575
28-04-2025 09:31,24259.1,346350,338925,104.5,1807950,958050,151.8,3489975,392775
28-04-2025 09:31,24264.5,361125,337125,103.1,1802850,984600,152.2,3485925,384150
28-04-2025 09:31,24267,350700,327825,103.85,1818075,990900,146.9,3487200,394725
28-04-2025 09:32,24266.5,344550,330750,104.8,1820550,998700,146.25,3450300,403050
28-04-2025 09:32,24288,352050,316800,116.6,1844775,966450,136.45,3439425,406575
28-04-2025 09:32,24290,350400,285975,115.8,1861125,754650,136.05,3389175,428175
28-04-2025 09:32,24292.1,352275,304125,118.25,1893150,777150,134.7,3407250,437400
28-04-2025 09:32,24295,347325,339750,117.55,1948725,789375,133.5,3422775,447825
28-04-2025 09:32,24297,348150,353475,118.35,1966500,798450,133.7,3402975,445275
28-04-2025 09:33,24289.7,349350,354000,115.05,1939800,750750,137.7,3426075,433425
28-04-2025 09:33,24286.8,364875,358725,115.95,1878150,769800,137,3432075,450750
28-04-2025 09:33,24292,370050,360300,118.5,1927575,798525,133.95,3438000,459825
28-04-2025 09:33,24295.7,366450,356100,121.9,1958850,822000,130.95,3437850,469350
28-04-2025 09:33,24296,368175,352800,118.85,1974450,808500,133.05,3442125,460200
28-04-2025 09:33,24299.9,373800,358050,120.85,1952400,840075,131.1,3442125,463200
28-04-2025 09:34,24298.5,359250,381675,118.5,1924725,875850,133.65,3461475,468225
28-04-2025 09:34,24300,371625,373050,122.4,1976775,887250,130.25,3463050,477000
28-04-2025 09:34,24314.9,390075,360975,131.45,2018700,844875,121.6,3456600,482175
28-04-2025 09:34,24323.9,391650,332625,135.55,2055525,599025,118.45,3404325,493950
28-04-2025 09:34,24321.4,396000,331800,133.3,2061525,613425,119.4,3391575,497325
28-04-2025 09:34,24329.9,401850,333450,134.9,2005125,648000,115.35,3401925,525000
28-04-2025 09:35,24326.4,398100,341550,135.15,2012025,627225,114.45,3386850,509700
28-04-2025 09:35,24335.2,398250,332700,135.2,2053500,634500,113.35,3397950,512475
28-04-2025 09:35,24335.2,402975,333900,136.4,2079825,657150,113.3,3399600,523425
28-04-2025 09:35,24330,397275,342600,134.95,2094075,662850,115.1,3413625,524475
28-04-2025 09:35,24322.9,405300,347400,132.65,2046900,696750,118.05,3432675,538650
28-04-2025 09:35,24315.1,390150,349275,128.85,1985250,734400,121.35,3461025,526350
28-04-2025 09:36,24326.2,404250,347250,135.65,1933575,754500,115.9,3471075,543975
28-04-2025 09:36,24326.2,380850,355575,132.5,1978725,743250,117.7,3475050,557775
28-04-2025 09:36,24331,392475,348000,136.7,2003625,778200,113.75,3479550,582225
28-04-2025 09:36,24341.8,395850,343275,142.05,2045025,735975,109.25,3433875,581625
28-04-2025 09:36,24348,385575,352350,148.85,2066775,608850,107.2,3430125,597075
28-04-2025 09:36,24352.4,407550,344250,146.3,2073750,571125,108.55,3447075,605550
28-04-2025 09:37,24342.7,391800,347025,146.5,2003025,629550,110.6,3491100,609975
28-04-2025 09:37,24349,400950,346800,144.95,2037375,638925,111.2,3496725,619875
28-04-2025 09:37,24345.4,397650,349125,146.45,1996500,672975,108.7,3512850,621375
28-04-2025 09:37,24354,401625,351975,151.3,2000100,698250,105.55,3525900,631800
28-04-2025 09:37,24360.1,405000,339750,154.2,2048550,532500,102.9,3477150,633375
28-04-2025 09:37,24365,404025,331425,155.25,2046900,507150,101.65,3484425,648450
28-04-2025 09:38,24360.8,402900,337125,154,2017500,541500,102.75,3498000,643875
28-04-2025 09:38,24359.7,404925,359475,155.75,2015700,588300,101.15,3527250,645675
28-04-2025 09:38,24354.2,402600,344775,152.75,2017125,587850,103.35,3460650,650250
28-04-2025 09:38,24352.1,403125,345825,151.65,1998075,617250,104.45,3496050,662250
28-04-2025 09:38,24362.4,407100,342600,156.4,2029875,618975,101,3500550,681375
28-04-2025 09:38,24356.6,416025,344925,153.45,2035725,610650,103.55,3503175,692025
28-04-2025 09:39,24346.1,412575,346575,147.25,2034750,650025,108.2,3547200,681450
28-04-2025 09:39,24350,413325,347850,150.15,1890300,660300,107.55,3562950,675000
28-04-2025 09:39,24351.9,409725,352950,147.95,1908450,714075,107.35,3572100,690375
28-04-2025 09:39,24355.3,411525,352800,151.2,1910100,735525,104.5,3581400,713700
28-04-2025 09:39,24356,410400,349275,150.2,1922475,736050,103.7,3557400,720075
28-04-2025 09:39,24361.2,416100,348375,155.95,1957350,742500,100.8,3551400,731250
28-04-2025 09:40,24363,417375,348450,155.25,1958700,718650,100.35,3530250,722100
28-04-2025 09:40,24356.1,422775,348075,151.3,1964475,763425,103,3550050,729600
28-04-2025 09:40,24359.9,417000,348375,151.55,1936950,788400,102.45,3565125,748950
28-04-2025 09:40,24350,415425,367650,147.95,1929150,813000,106.15,3613125,751950
28-04-2025 09:40,24338.2,405150,370650,143,1901925,841650,110.25,3621075,733650
28-04-2025 09:40,24338.6,403875,371475,141.9,1767900,823650,112,3621300,706200
28-04-2025 09:41,24336,409875,370800,143.25,1817775,821700,110.85,3626175,706125
28-04-2025 09:41,24344,414225,371100,145.45,1826700,827775,109.4,3636675,734175
28-04-2025 09:41,24335,419100,377175,138.6,1838775,833775,113.6,3657750,746550
28-04-2025 09:41,24332.6,418125,377850,140.05,1798800,852975,113.4,3667650,723150
28-04-2025 09:41,24316.3,395325,387450,128.65,1796100,890550,123.2,3694425,715125
28-04-2025 09:41,24315,392625,380175,131.85,1682700,877275,121.15,3697050,612525
28-04-2025 09:42,24325,399900,374325,135.15,1733025,876525,118.4,3683475,652425
28-04-2025 09:42,24326.9,400425,381750,135.8,1750350,877425,116.05,3658425,682350
28-04-2025 09:42,24332.5,407700,379275,141.3,1802025,869625,112.7,3651525,692025
28-04-2025 09:42,24332.4,402750,385125,136.9,1793100,863775,115.85,3635475,696900
28-04-2025 09:42,24335,399000,385425,140.9,1855200,870600,112.7,3639450,713625
28-04-2025 09:42,24331,405000,384075,140.35,1875075,881850,113.3,3636900,720150
28-04-2025 09:43,24335.3,396525,391125,138.1,1857825,904875,115.75,3647100,701325
28-04-2025 09:43,24332,405825,392250,139.1,1882050,922050,116.3,3672225,710325
28-04-2025 09:43,24330.5,401100,395850,140.45,1887300,934350,114.75,3675825,726825
28-04-2025 09:43,24331.5,406725,391050,142.55,1907850,938100,114.35,3662025,739950
28-04-2025 09:43,24334.7,410100,392625,141.8,1917675,921975,114.7,3667050,747225
28-04-2025 09:43,24328,413850,397875,139.35,1894800,942750,116.2,3678750,750600
28-04-2025 09:44,24327.7,417075,397575,137.5,1899525,958275,118.85,3688500,741300
28-04-2025 09:44,24326.9,411075,401025,134.7,1890750,970950,120.1,3695850,711300
28-04-2025 09:44,24318,400725,402375,131.55,1815075,991575,124.8,3710100,687975
28-04-2025 09:44,24310,406950,407175,130.5,1757400,1000650,126.5,3735750,617475
28-04-2025 09:44,24314.6,414600,405300,131.65,1782375,1008375,125,3734775,627750
28-04-2025 09:44,24315,410850,406350,129.45,1797225,1030650,124.65,3720600,654600
28-04-2025 09:45,24322.8,420825,399000,133,1806900,1033125,122.9,3718350,669450
28-04-2025 09:45,24330,418275,396375,136.6,1833900,1013775,119.85,3711900,685350
28-04-2025 09:45,24320.1,424500,402525,132.3,1850925,1024350,124.8,3697800,696825
28-04-2025 09:45,24312,410400,400875,128.9,1815975,1057800,126.75,3729150,687225
28-04-2025 09:45,24322.1,423975,392925,133.7,1799550,1071825,121,3736425,686400
28-04-2025 09:45,24322,421125,396750,134,1836000,1075950,120,3707325,699450
28-04-2025 09:46,24327.6,421950,399750,135.25,1859475,1093500,120.95,3714600,726750
28-04-2025 09:46,24326,424800,392925,137.95,1884150,1076925,118.05,3723525,732075
28-04-2025 09:46,24326,425550,403275,135.9,1892025,1068900,119.95,3720000,730575
28-04-2025 09:46,24334,429825,400800,140.9,1901700,1077150,114.5,3735825,755025
28-04-2025 09:46,24328.9,433725,402225,138.75,1917000,1014825,115.15,3702975,750600
28-04-2025 09:46,24334.2,435525,395700,140.45,1942950,1022625,113.6,3691950,756300
28-04-2025 09:47,24333.5,423600,398325,136.5,1943625,1048800,117.75,3694200,749700
28-04-2025 09:47,24330,429150,395325,137.1,1932675,1077975,116.9,3700500,753300
28-04-2025 09:47,24340,434175,396300,140.6,1962975,1064775,113.15,3693600,762225
28-04-2025 09:47,24341,433425,399825,142.7,1985100,1064550,111.4,3697200,769425
28-04-2025 09:47,24343,431400,393225,142.9,2002200,1042875,110.6,3686925,768300
28-04-2025 09:47,24344.7,434775,395025,143.05,1999425,1026600,108.8,3656100,769800
28-04-2025 09:48,24341,439575,394275,141.45,2002800,1048050,110.7,3644925,770700
28-04-2025 09:48,24340.7,435750,406050,141.55,1970925,1064775,110.75,3667800,755925
28-04-2025 09:48,24340.4,438900,404925,141.35,1956000,1073325,110.95,3676875,765600
28-04-2025 09:48,24330,426600,407400,134.4,1947075,1104900,117.1,3702150,756525
28-04-2025 09:48,24330,428025,405075,134.9,1866825,1106475,117.8,3713700,737175
28-04-2025 09:48,24322,428100,419325,132.65,1883625,1127250,120.65,3725100,709500
28-04-2025 09:49,24303.4,417375,415125,122.9,1839900,1141350,128.9,3765450,698175
28-04-2025 09:49,24312.7,424200,408900,129.05,1725450,1144650,123.65,3770250,639675
28-04-2025 09:49,24317.9,428100,421200,128.25,1750875,1128075,123.75,3742425,662475
28-04-2025 09:49,24325.8,428400,418950,131.9,1793325,1151325,119.65,3734850,684750
28-04-2025 09:49,24320,419700,421125,129.8,1805400,1170150,120.65,3733875,696375
28-04-2025 09:49,24316.4,423450,417150,128.75,1814775,1191225,120.65,3746475,713700
28-04-2025 09:50,24320,429000,423975,129.1,1826925,1188900,121.55,3745800,720150
28-04-2025 09:50,24324,431250,449250,130,1846050,1214100,120,3744825,736125
28-04-2025 09:50,24330,433800,466275,131.65,1871250,1210500,118.7,3741975,740250
28-04-2025 09:50,24330,431775,470550,134.45,1905375,1189800,116.15,3717450,743625
28-04-2025 09:50,24325.2,435750,467850,132.45,1898775,1215825,117.05,3726150,751275
28-04-2025 09:50,24316,426300,467025,127.15,1891125,1225800,123.95,3742950,752700
28-04-2025 09:51,24319.7,425025,460875,130.9,1887975,1231575,119.45,3752100,734025
28-04-2025 09:51,24321,424575,460200,129.3,1882200,1264575,122.7,3767775,737100
28-04-2025 09:51,24325,429750,447750,132.45,1897200,1272750,118.5,3779025,753375
28-04-2025 09:51,24325,425700,457500,131.15,1898700,1279050,118.2,3776775,762375
28-04-2025 09:51,24319.4,423300,463650,129.3,1900575,1288650,119.05,3787350,770850
28-04-2025 09:51,24324.6,429450,464775,130.15,1905750,1296375,117.45,3798525,775200
28-04-2025 09:52,24325,427425,462675,130.95,1914525,1291950,116,3788475,781650
28-04-2025 09:52,24325.8,428550,457575,130.5,1921800,1292025,115.85,3786225,784950
28-04-2025 09:52,24327.9,430725,455925,131.15,1929525,1295625,113.5,3758550,790950
28-04-2025 09:52,24330,429825,454725,131.2,1959975,1296750,115.4,3767475,796950
28-04-2025 09:52,24334,429150,458925,135.95,1960875,1286625,110.35,3760050,797475
28-04-2025 09:52,24333,430425,452025,134.1,1969050,1244625,113.25,3727275,802200
28-04-2025 09:53,24325,425475,453825,130.95,1956975,1259475,116.25,3760950,798900
28-04-2025 09:53,24320.4,423000,453900,130.8,1914225,1269300,118.05,3772650,792000
28-04-2025 09:53,24326.6,428850,449025,131.65,1931100,1278000,115.85,3783825,807150
28-04-2025 09:53,24314.2,423600,461175,125.65,1932300,1299075,121.5,3795900,808875
28-04-2025 09:53,24311,418800,455475,125.5,1852425,1307925,122.55,3812550,785475
28-04-2025 09:53,24298.8,421875,458175,115,1815525,1353600,132.8,3807750,781650
28-04-2025 09:54,24307.2,409500,450075,123.5,1679175,1356975,123.1,3809325,702975
28-04-2025 09:54,24312.2,415800,458100,125.5,1714500,1304850,123.45,3770850,730875
28-04-2025 09:54,24316.6,420525,463050,127.7,1739250,1303275,120.1,3794850,752250
28-04-2025 09:54,24322.7,418725,461775,128.25,1741425,1296000,118.7,3763275,764175
28-04-2025 09:54,24328,422550,465600,129.8,1762500,1312500,116.35,3767475,769425
28-04-2025 09:54,24327.8,426300,457575,129.35,1782225,1305750,116.4,3758175,769575
28-04-2025 09:55,24334.9,426450,461925,133.5,1810125,1296225,112.35,3759975,778650
28-04-2025 09:55,24327,425850,457650,131.95,1839000,1299000,113.4,3750000,784275
28-04-2025 09:55,24328.6,424200,460800,129.8,1840500,1314075,116.25,3783750,791175
28-04-2025 09:55,24326,419625,465600,129.2,1827675,1331850,116.65,3803025,791325
28-04-2025 09:55,24320.5,425025,468900,128.05,1813500,1339350,118.45,3820575,795525
28-04-2025 09:55,24321.8,422850,466350,126.8,1815375,1356600,119.7,3829425,797175
28-04-2025 09:56,24312,422475,467850,124.9,1823775,1366350,122.35,3842250,790875
28-04-2025 09:56,24310.1,422625,468450,124,1807125,1372575,123.65,3853950,800025
28-04-2025 09:56,24312,417900,472275,122.9,1810875,1376325,125.4,3865500,798750
28-04-2025 09:56,24315.4,426750,471450,127.7,1837725,1364850,120.85,3838050,815025
28-04-2025 09:56,24314.2,423075,471450,127.3,1842600,1377450,120,3838650,821850
28-04-2025 09:56,24318,427200,468300,125.95,1859625,1390500,120.15,3823725,840825
28-04-2025 09:57,24316.2,425850,468975,126.5,1881150,1395000,119.25,3820875,858975
28-04-2025 09:57,24321,424125,464400,128.6,1899375,1388400,117.7,3818550,865725
28-04-2025 09:57,24333,427425,465825,132.15,1911600,1348725,113.3,3803175,859275
28-04-2025 09:57,24340,428475,461925,139,1934400,1294350,108.05,3780750,912525
28-04-2025 09:57,24340,426000,461700,138,1926975,1148700,109.3,3691950,852450
28-04-2025 09:57,24333,423375,466950,133.2,1912500,1181325,114,3738975,851475
28-04-2025 09:58,24332.6,427425,460875,137.15,1906800,1198500,110.6,3747825,872025
28-04-2025 09:58,24338.9,427350,472800,137.1,1923300,1230450,111,3770250,883500
28-04-2025 09:58,24345,431850,462750,139.95,1943025,1233825,107.6,3769050,909750
28-04-2025 09:58,24337.9,431625,469950,139.3,1951500,1212075,108.15,3740625,924300
28-04-2025 09:58,24342,428775,469950,140.2,1971075,1217700,108,3750975,931425
28-04-2025 09:58,24347.6,432000,461250,140.75,2003775,1205625,107.45,3768750,937275
28-04-2025 09:59,24345.5,429150,460125,142.65,1995900,1202325,105.75,3777825,929325
28-04-2025 09:59,24355,434550,445200,148.25,2011725,1176750,101.85,3779775,932625
28-04-2025 09:59,24358.9,430950,447375,147.5,2007675,1013025,102.35,3706500,937575
28-04-2025 09:59,24358.4,427425,453975,145.8,1961400,1024950,103.95,3673500,932625
28-04-2025 09:59,24355.4,430650,442200,147.05,1998600,1040100,102.8,3680850,963600
28-04-2025 09:59,24355.9,429300,445950,144.55,1999650,1070100,104.8,3681225,976725
28-04-2025 10:00,24356,427275,444975,146,1973850,1091175,104.45,3695400,971325
28-04-2025 10:00,24354.4,431025,446700,145.55,2000850,1110225,105,3715800,971625
28-04-2025 10:00,24358.5,434025,445350,147.3,2033100,1104975,104.6,3718725,986925
28-04-2025 10:00,24355.2,433425,453375,148,2038050,1095750,103.65,3724725,980625
28-04-2025 10:00,24355.1,436800,454200,145.4,2036550,1103400,104.6,3723300,992025
28-04-2025 10:00,24345.2,430725,453000,141.4,1989825,1090125,107.95,3732375,984900
28-04-2025 10:01,24342.8,430575,450900,141.45,1951275,1105125,108.8,3761475,947250
28-04-2025 10:01,24344.4,431775,453750,139.05,1915200,1130175,109.6,3766950,920475
28-04-2025 10:01,24343.7,432000,452400,140.35,1901475,1143150,109,3766050,937350
28-04-2025 10:01,24340.2,426150,453375,139.05,1905300,1165800,110,3770025,943725
28-04-2025 10:01,24345,429225,452100,141.2,1911675,1168725,108.05,3780225,955950
28-04-2025 10:01,24349,430950,456525,140.9,1917075,1172250,107.4,3802125,964350
28-04-2025 10:02,24350,435000,452250,142.65,1936725,1175700,106.1,3799800,972750
28-04-2025 10:02,24348.7,431400,457350,141.15,1958025,1180575,106.25,3796200,980250
28-04-2025 10:02,24345.1,435000,459750,140.75,1959750,1217250,105.95,3806550,986700
28-04-2025 10:02,24346.9,437100,441750,139.45,1949025,1223400,106,3796500,1003500
28-04-2025 10:02,24348.1,440400,447900,139.85,1937850,1235325,106.6,3779700,1003650
28-04-2025 10:02,24348,440925,448350,143.3,1957050,1227375,105.05,3775650,1012425
28-04-2025 10:03,24354,438900,442650,144.9,1965825,1188900,104.25,3768750,1024500
28-04-2025 10:03,24350,438075,448050,144.3,1964550,1161750,105.55,3779475,1021950
28-04-2025 10:03,24347,441150,447900,144.25,1966125,1180200,104.2,3793800,1011225
28-04-2025 10:03,24357,448500,444600,147.85,1991025,1186575,101.55,3788700,1015725
28-04-2025 10:03,24362,439575,443775,150.55,2007825,1145700,100.05,3778350,1045500
28-04-2025 10:03,24361.9,438900,442800,147.6,1992675,1088625,102.25,3776175,1057500
28-04-2025 10:04,24355,440100,453225,147,1990575,1140600,103.7,3790425,1035300
28-04-2025 10:04,24352.4,443475,456675,147.8,1987950,1153650,103.25,3795825,1055700
28-04-2025 10:04,24350.8,441900,456375,144.15,1989600,1137000,105.15,3809850,1055250
28-04-2025 10:04,24347.7,443550,455925,143.8,1970175,1163550,104.55,3819000,1070100
28-04-2025 10:04,24355.3,443625,456825,145.2,1974450,1165875,102.75,3818625,1076550
28-04-2025 10:04,24355.1,442200,456600,145.55,1981275,1175250,102.35,3815175,1084275
28-04-2025 10:05,24359.1,443400,457050,146.35,1976925,1176300,102.55,3829425,1066425
28-04-2025 10:05,24359.7,441075,458475,161.35,1999350,1172925,92.35,3823875,1069950
28-04-2025 10:05,24384,454275,393675,159.1,2034600,685050,92.35,3576225,1133625
28-04-2025 10:05,24380,444150,406500,159.4,1989975,730275,92.75,3597825,1106550
28-04-2025 10:05,24377.9,444750,395700,159.1,1991325,718650,92.5,3596550,1099950
28-04-2025 10:05,24384.1,447450,398400,159.45,1967250,748125,91.7,3611475,1092825
28-04-2025 10:06,24379.3,445500,406275,156,1955325,777900,94.9,3637500,1087200
28-04-2025 10:06,24380,445875,406125,158.05,1921800,798075,93,3642525,1082475
28-04-2025 10:06,24379,450750,406125,156.75,1934475,821700,93.6,3663075,1091250
28-04-2025 10:06,24380,448275,406275,159.7,1954425,835950,90.4,3663675,1117875
28-04-2025 10:06,24383,448500,401325,158.9,1965675,825000,90.6,3603375,1110075
28-04-2025 10:06,24384.9,448575,401850,160.05,1961550,838575,89.4,3610350,1127025
28-04-2025 10:07,24381.9,442725,399075,161.6,1960575,864375,89.6,3636525,1137525
28-04-2025 10:07,24389.6,445800,397050,161.1,1988475,834675,89.5,3628875,1140075
28-04-2025 10:07,24379.3,441600,392775,162.15,1975950,828900,89.6,3635400,1143825
28-04-2025 10:07,24384.7,440775,394200,158.55,1958625,852150,90.95,3649500,1140900
28-04-2025 10:07,24380,443100,396225,158.05,1952550,870150,90.9,3655125,1142625
28-04-2025 10:07,24377.6,443850,397350,157.7,1949925,883275,91.5,3661425,1116300
28-04-2025 10:08,24382,456675,396075,160.7,1973700,888825,90.35,3663150,1123725
28-04-2025 10:08,24390,454950,387450,165.55,1997025,874050,86.55,3659325,1137450
28-04-2025 10:08,24389.5,454200,390300,161.4,1995450,769275,88,3602100,1143225
28-04-2025 10:08,24385.1,456375,390300,164.35,1974900,783000,86.8,3616500,1133700
28-04-2025 10:08,24392.4,457125,390150,162.1,2002050,814200,86.9,3623175,1139550
28-04-2025 10:08,24382,453600,392550,162.2,2000925,825525,87.45,3654150,1134525
28-04-2025 10:09,24381.8,454350,395925,161.85,2028825,836850,88.8,3675675,1123650
28-04-2025 10:09,24381.1,459825,396300,159.25,2041275,839625,89.75,3672975,1127175
28-04-2025 10:09,24381.5,463425,396900,161.25,1993500,845700,88.9,3686325,1122900
28-04-2025 10:09,24386,464550,395100,162.15,2012625,859050,87.85,3686400,1129950
28-04-2025 10:09,24384.7,465225,393600,163.45,2042250,855525,86.9,3677550,1149000
28-04-2025 10:09,24389.9,471000,392700,166.7,2058675,849600,84.5,3674550,1152750
28-04-2025 10:10,24392.5,463800,392925,164.25,2045925,771150,86.8,3629400,1156425
28-04-2025 10:10,24394.7,463575,395175,166,2035125,785775,85,3642075,1174800
28-04-2025 10:10,24390,466500,402075,163.5,2047725,799200,86.4,3660600,1187925
28-04-2025 10:10,24396.6,479025,393975,169,2049000,811575,83.35,3673875,1200900
28-04-2025 10:10,24399,471075,396000,170.35,2063850,776700,83,3633900,1205925
28-04-2025 10:10,24390.2,472725,400575,166.4,2016825,684675,84.5,3632775,1210425
28-04-2025 10:11,24392.5,467625,403800,164.75,2001900,702150,85.3,3659325,1201050
28-04-2025 10:11,24387.6,473100,409725,163.15,1994925,721200,86.55,3679800,1192650
28-04-2025 10:11,24393.2,478125,412875,163.65,1999200,743475,86.6,3680325,1189500
28-04-2025 10:11,24394.9,475575,412050,166.25,2014350,751275,85.75,3690450,1196250
28-04-2025 10:11,24392.4,472725,410850,164.75,2017200,742125,85.9,3693450,1193175
28-04-2025 10:11,24394.7,480675,416475,164.65,2007975,753600,86,3704400,1208775
28-04-2025 10:12,24389.5,479175,418650,160.5,2003775,755550,87.6,3712275,1218450
28-04-2025 10:12,24382,477150,420150,160.65,1922175,757050,88.15,3722250,1194075
28-04-2025 10:12,24386.8,480975,421200,163.45,1933275,752025,86.65,3732075,1185750
28-04-2025 10:12,24383,483375,420975,162.05,1945050,763950,86.85,3718575,1199625
28-04-2025 10:12,24384.9,482025,417000,162,1944300,774225,86.3,3728700,1199850
28-04-2025 10:12,24383.8,472125,425325,158.9,1954875,795000,88.1,3734100,1200450
28-04-2025 10:13,24382,478050,424800,158.5,1922700,784875,87.85,3735000,1211175
28-04-2025 10:13,24384.9,483525,424275,162.15,1919250,791400,86.35,3732675,1196325
28-04-2025 10:13,24386.6,481050,420525,164.5,1938975,779250,85.5,3718575,1211850
28-04-2025 10:13,24393,481350,420000,164.55,1956825,787875,85.15,3719250,1240650
28-04-2025 10:13,24394.5,472950,418950,165.9,1977075,762225,84.5,3700575,1248450
28-04-2025 10:13,24394.5,485325,418125,167.4,1992225,751050,83.75,3700650,1256025
28-04-2025 10:14,24392.2,471600,418575,165.75,1999350,762375,84.5,3718050,1272525
28-04-2025 10:14,24394.4,482025,418350,167.35,1984050,757500,83.25,3717000,1267200
28-04-2025 10:14,24405.1,477075,417975,174.3,1989000,762450,78.55,3707100,1276200
28-04-2025 10:14,24410,470250,393600,174.8,2003700,663825,78.5,3585150,1275375
28-04-2025 10:14,24405.6,471525,395850,170.65,2009400,613125,80.3,3595575,1277475
28-04-2025 10:14,24407,471150,400350,171.7,1990650,627525,80.4,3612900,1273950
28-04-2025 10:15,24408.5,475875,400500,172.3,2001525,643650,79.45,3617325,1284375
28-04-2025 10:15,24403.4,478425,400200,169.8,2021700,661200,80.4,3623850,1316475
28-04-2025 10:15,24405,476025,396825,173,1979775,675675,77.3,3631875,1296750
28-04-2025 10:15,24411.3,478425,400125,171.2,1988775,680250,77.65,3592200,1330350
28-04-2025 10:15,24403.1,473475,402750,170.4,1988325,716100,79.1,3613200,1298850
28-04-2025 10:15,24400,477450,403050,167.55,1978200,733650,82.25,3666600,1294800
28-04-2025 10:16,24400,471300,407700,169.05,1936200,737700,81.8,3642975,1266525
28-04-2025 10:16,24398.1,477600,409650,170,1949775,741750,80.9,3636150,1283700
28-04-2025 10:16,24402,484125,411075,170.6,1958475,744075,80.55,3642750,1291650
28-04-2025 10:16,24403.3,488550,406950,174,1977075,749625,78.6,3644700,1301550
28-04-2025 10:16,24406,480825,409650,172.95,1982850,743775,78.85,3649950,1310175
28-04-2025 10:16,24411,479625,416025,173.35,1981050,741375,78.8,3646275,1320750
28-04-2025 10:17,24408,475350,415725,174.35,1978050,762225,78.2,3655050,1318350
28-04-2025 10:17,24412.6,476025,416100,173.35,1990050,751575,78.4,3681750,1314075
28-04-2025 10:17,24412.9,474825,414225,173.05,1988175,750975,77.8,3706200,1331175
28-04-2025 10:17,24407.8,474225,422175,169.65,1986825,747975,79.7,3708450,1334175
28-04-2025 10:17,24402,474750,425475,167.55,1956150,752025,81.15,3729000,1329825
28-04-2025 10:17,24395,470175,425625,164.3,1941075,762075,83.45,3744375,1318800
28-04-2025 10:18,24398,469125,428100,163.85,1898250,776925,84.15,3757725,1292550
28-04-2025 10:18,24390,464625,428850,161.35,1902300,781425,85.75,3766200,1285575
28-04-2025 10:18,24391.5,470175,428175,165,1911825,749100,83.35,3763050,1275150
28-04-2025 10:18,24394,469800,425925,163.95,1929750,748200,83.25,3746775,1292025
28-04-2025 10:18,24394.1,474300,426675,165.55,1928775,748050,82,3742050,1313250
28-04-2025 10:18,24398.1,474750,423600,168,1940175,763050,80.9,3736950,1316850
28-04-2025 10:19,24399.2,476550,424050,169.25,1959450,755025,81.05,3749700,1333950
28-04-2025 10:19,24403.5,476100,425175,172.5,1969425,770775,78.95,3747825,1341150
28-04-2025 10:19,24403.1,476475,424800,171.7,1977600,766350,78.7,3732750,1344300
28-04-2025 10:19,24402,474825,425400,170.65,1974150,782775,79.2,3728100,1343625
28-04-2025 10:19,24402.6,480375,425475,171.2,1949400,779925,79.5,3750675,1353750
28-04-2025 10:19,24406.3,475050,425700,169,1953450,786300,80.75,3757950,1352775
28-04-2025 10:20,24402.8,481725,427350,172.4,1959975,787950,78.8,3766875,1344600
28-04-2025 10:20,24406.6,480600,426600,169.35,1960800,784725,80.65,3770850,1353150
28-04-2025 10:20,24400,475500,432750,167,1949700,809700,82,3783750,1351125
28-04-2025 10:20,24400.2,477900,431400,166.15,1954725,816375,82.7,3788025,1354275
28-04-2025 10:20,24395.8,472050,441375,163.5,1938600,823650,85.2,3803550,1355775
28-04-2025 10:20,24387.4,477900,441375,162.1,1920750,815925,86.35,3813000,1321125
28-04-2025 10:21,24390.1,473925,437550,164.05,1880325,802800,85.4,3823275,1306200
28-04-2025 10:21,24392.5,474975,436350,165.3,1905150,811650,83.9,3803025,1322850
28-04-2025 10:21,24397.2,482100,437100,169.15,1913325,817125,81.7,3796425,1332975
28-04-2025 10:21,24398.1,477825,435525,170.05,1919700,819150,81.45,3796350,1349925
28-04-2025 10:21,24399.1,480675,437325,170.3,1923300,813825,81.1,3799425,1352400
28-04-2025 10:21,24395,481575,442425,169.2,1918200,802050,82.1,3805275,1351275
28-04-2025 10:22,24396,487425,446025,167.85,1911450,821100,82.25,3812100,1352025
28-04-2025 10:22,24395,480900,446025,165.8,1913175,824100,83.4,3817350,1352325
28-04-2025 10:22,24395,485550,443550,167.8,1916175,822075,82,3822450,1376025
28-04-2025 10:22,24395.2,480375,447225,167.8,1927650,826275,82.1,3826800,1380225
28-04-2025 10:22,24395.2,481800,444375,167.4,1930650,834975,82.4,3834450,1377000
28-04-2025 10:22,24397,485850,444825,166.25,1935375,824550,82.8,3837300,1379400
28-04-2025 10:23,24390,477075,452325,163,1928625,836400,85.1,3843450,1365300
28-04-2025 10:23,24392,481200,452925,162,1920225,839400,86.3,3848250,1353300
28-04-2025 10:23,24391,476700,454125,162.5,1919700,829050,85.7,3843975,1358700
28-04-2025 10:23,24381,472200,456600,154.85,1911900,829050,89.9,3842325,1366200
28-04-2025 10:23,24380,474150,456750,158.15,1826475,828600,88.8,3850725,1257825
28-04-2025 10:23,24378.4,479550,460200,155.8,1834200,829875,89.9,3855975,1258200
28-04-2025 10:24,24380,471900,460725,154.65,1845600,837075,90.25,3854175,1280475
28-04-2025 10:24,24372.9,474675,459600,153.6,1846500,834225,90.75,3863100,1268625
28-04-2025 10:24,24370,472575,460125,151.25,1843800,838800,92.5,3895950,1266225
28-04-2025 10:24,24370,469500,459600,149.3,1785300,824625,93,3901650,1238775
28-04-2025 10:24,24375,482400,458775,152.45,1781175,806025,90.4,3885150,1261575
28-04-2025 10:24,24374.8,477900,458325,154.4,1807800,791925,89.25,3864375,1268925
28-04-2025 10:25,24376,480375,456450,154.4,1834125,782175,89,3824400,1290750
28-04-2025 10:25,24380,484725,455700,154.1,1865550,781800,89.1,3821925,1294725
28-04-2025 10:25,24378,481050,458550,156,1863750,789900,88.65,3824325,1307400
28-04-2025 10:25,24376,480075,453150,156.45,1868925,807225,88.4,3819525,1304400
28-04-2025 10:25,24378,477225,460725,154.5,1869450,822750,90.15,3839325,1308450
28-04-2025 10:25,24371.7,482250,461625,154.4,1853325,823875,90.85,3849075,1298250
28-04-2025 10:26,24375.5,485400,456825,155.3,1865025,821325,90.65,3847425,1304250
28-04-2025 10:26,24378,490950,454875,155.9,1877700,806325,90.6,3852450,1318200
28-04-2025 10:26,24386.5,488550,453675,163.65,1890375,804675,84.2,3850800,1349925
28-04-2025 10:26,24390,488925,455625,164,1895100,771600,84.05,3782550,1364175
28-04-2025 10:26,24388.1,489750,452700,164.45,1900800,757050,83.1,3774675,1368000
28-04-2025 10:26,24390,489300,456600,162.6,1903125,775275,85.15,3796500,1367400
28-04-2025 10:27,24385,482025,459150,158.7,1897050,786600,87.25,3812925,1365675
28-04-2025 10:27,24388.5,490800,454950,163.95,1875600,795900,83.7,3846375,1368150
28-04-2025 10:27,24391.5,487800,455025,164.35,1890825,807675,83.1,3843375,1383825
28-04-2025 10:27,24392.7,489825,446400,166.4,1897200,799275,82,3841950,1380375
28-04-2025 10:27,24395.6,487650,451650,164.5,1915425,839775,83.1,3842175,1384575
28-04-2025 10:27,24393.5,488175,453675,163.3,1908075,848100,84,3861375,1374450
28-04-2025 10:28,24383.8,487725,458775,159.7,1894200,861900,86.8,3868500,1368225
28-04-2025 10:28,24385.2,491100,455700,160,1877475,862350,86.75,3875100,1382325
28-04-2025 10:28,24387.3,481275,457350,158.85,1875825,887325,87.05,3877950,1380600
28-04-2025 10:28,24379.8,483375,458100,154.55,1871250,893550,90.5,3901425,1374300
28-04-2025 10:28,24375,479850,461325,152.6,1857300,890775,92.7,3900225,1353825
28-04-2025 10:28,24375,483450,459600,152.65,1853400,889725,92.9,3891975,1316400
28-04-2025 10:29,24369,480300,461775,151.45,1865100,892125,94.9,3897600,1321425
28-04-2025 10:29,24366.7,483225,463500,151.4,1839900,902025,94.25,3909825,1214025
28-04-2025 10:29,24370,476325,462075,147.95,1825200,844275,97.6,3903225,1183875
28-04-2025 10:29,24367,481875,457800,152.25,1845600,837225,93.75,3897075,1210950
28-04-2025 10:29,24366,481500,457500,149.55,1860075,857625,95.65,3860475,1232625
28-04-2025 10:29,24375,483225,454950,153.2,1856850,858825,91.5,3869475,1236375
28-04-2025 10:30,24380,490800,454050,155.4,1877625,819750,90.5,3832500,1250700
28-04-2025 10:30,24380,487125,454500,154.95,1903425,839700,90.75,3831900,1266450
28-04-2025 10:30,24372,488175,455625,153.6,1902975,854175,91.95,3850425,1268475
28-04-2025 10:30,24375,489975,456750,155.35,1891950,865425,90.95,3869625,1275975
28-04-2025 10:30,24383,490275,452925,156.65,1898775,864150,88.6,3875325,1284975
28-04-2025 10:30,24383,492975,474225,158.5,1916250,859800,88.3,3849375,1292100
28-04-2025 10:31,24383.7,493575,473100,159.85,1923450,860925,87.2,3859500,1291500
28-04-2025 10:31,24388,490350,466575,160.5,1936275,826050,86.95,3849975,1296150
28-04-2025 10:31,24382.8,489150,453300,160.95,1937250,862575,86.05,3887550,1310625
28-04-2025 10:31,24385.4,494475,455400,160,1929000,868350,86.5,3896175,1313925
28-04-2025 10:31,24390.8,493425,450375,161.9,1927125,861600,83.55,3891975,1340850
28-04-2025 10:31,24390,499950,458925,162.4,1935750,852375,84,3862425,1344600
28-04-2025 10:32,24388.4,497550,450900,163.55,1943700,857475,83.4,3877275,1345200
28-04-2025 10:32,24390.8,488100,455625,160.7,1942725,856875,85.55,3904575,1346550
28-04-2025 10:32,24388.4,501375,453750,163,1932150,861825,83.4,3901950,1337250
28-04-2025 10:32,24393,492450,456225,161.6,1935375,873825,84.3,3906900,1349775
28-04-2025 10:32,24392.8,491100,459675,162.1,1936500,879000,84.05,3917475,1351725
28-04-2025 10:32,24386.6,490800,461175,159,1935675,889275,86.5,3921525,1350825
28-04-2025 10:33,24380,493050,461625,155.3,1899675,902925,89.9,3938625,1320525
28-04-2025 10:33,24370,484350,463875,151.3,1881600,930150,94.4,3948000,1305750
28-04-2025 10:33,24370.1,493650,465000,150.9,1846050,946725,94.6,3952800,1263825
28-04-2025 10:33,24370.1,496650,467100,152.95,1844175,942825,94.4,3924000,1267200
28-04-2025 10:33,24369.3,497700,469950,152.45,1857450,948375,94.75,3930000,1276125
28-04-2025 10:33,24376,499950,470325,155.7,1899000,940050,91.2,3934050,1292850
28-04-2025 10:34,24376.9,491475,462675,156.8,1909725,947175,90.85,3927300,1298550
28-04-2025 10:34,24382,495525,462975,160.55,1927875,949275,86.8,3919875,1312500
28-04-2025 10:34,24388.8,494925,464400,161,1935225,915900,87.5,3888450,1312500
28-04-2025 10:34,24384.9,495375,466125,159,1931700,933600,88.45,3914925,1310025
28-04-2025 10:34,24382.4,505050,468600,159.4,1921950,928650,87.7,3929325,1317975
28-04-2025 10:34,24384.7,498450,469200,159.25,1924200,934350,86.8,3932025,1327950
28-04-2025 10:35,24380.8,493500,468225,158.2,1936200,938775,87.75,3933375,1329900
28-04-2025 10:35,24390,505050,467400,161.35,1948575,939825,85.7,3933150,1333500
28-04-2025 10:35,24383.7,497925,472275,159.45,1945350,927000,86.75,3943350,1332075
28-04-2025 10:35,24382,496425,473175,159.4,1950000,940350,86.45,3948525,1354350
28-04-2025 10:35,24374.8,496050,478050,153.9,1922400,939675,91.5,3944325,1332000
28-04-2025 10:35,24376.4,499950,477525,153.85,1916100,936975,92.2,3955575,1330200
28-04-2025 10:36,24370.7,496725,479025,153.2,1920000,946875,93.05,3962100,1325625
28-04-2025 10:36,24381,499125,476775,156.4,1918425,948600,90.45,3963000,1338225
28-04-2025 10:36,24380,498525,478425,158,1926675,946800,90.25,3949725,1347150
28-04-2025 10:36,24386.1,502350,475425,160.95,1933275,939000,86.4,3944625,1370625
28-04-2025 10:36,24389,501375,480900,161.5,1927350,912600,87.3,3946950,1368675
28-04-2025 10:36,24386.2,497550,483900,159.65,1933125,927750,88.4,3955350,1382025
28-04-2025 10:37,24381,502050,488175,160,1927350,935700,87.85,3964950,1381350
28-04-2025 10:37,24388.7,505050,484425,163,1941675,933225,85.65,3952650,1384950
28-04-2025 10:37,24388.9,503475,487275,162.7,1946325,894600,86.5,3955275,1391925
28-04-2025 10:37,24388,497700,487725,160.95,1952625,906675,87.9,3970800,1392075
28-04-2025 10:37,24384.9,500550,493725,157.7,1949100,928500,89.65,3980175,1395900
28-04-2025 10:37,24384,491550,491850,159.45,1933275,928125,87.95,3988200,1402500
28-04-2025 10:38,24384,504075,489300,159.75,1943400,930825,87.7,3995025,1401450
28-04-2025 10:38,24394.1,505275,486150,163.7,1956450,932100,85.7,3983850,1409550
28-04-2025 10:38,24391,497175,487350,162.85,1966275,883050,85.75,3942900,1413300
28-04-2025 10:38,24390,492300,491325,162.35,1961025,899400,85.4,3956400,1421625
28-04-2025 10:38,24390,493200,492525,161.6,1949925,901725,85.85,3971400,1432500
28-04-2025 10:38,24392,494775,496575,162.3,1977975,902175,85.5,3975150,1431000
28-04-2025 10:39,24391.2,497250,496425,163,1977675,901575,85.2,3960000,1439400
28-04-2025 10:39,24395,497475,496575,164.9,1988250,897675,83.35,3970500,1440150
28-04-2025 10:39,24395,496200,499050,163.7,1986225,860325,84.2,3944775,1445700
28-04-2025 10:39,24392.5,493650,503625,162.1,1968375,869175,85.65,3956250,1445625
28-04-2025 10:39,24390.2,503025,500475,163.75,1981650,865050,84.25,3964350,1438050
28-04-2025 10:39,24392.3,502875,497700,165.4,1989225,855450,84.4,3954750,1441725
28-04-2025 10:40,24388.6,492150,503550,159.7,1988925,862650,88.3,3964950,1440450
28-04-2025 10:40,24382.3,498375,520500,160.2,1933275,868950,88.15,3961200,1408125
28-04-2025 10:40,24382.5,494175,524775,158.75,1945125,877725,88.65,3950700,1411725
28-04-2025 10:40,24382.3,494025,522150,159.35,1947300,887850,87.4,3957825,1418550
28-04-2025 10:40,24382.1,491175,519750,160.45,1951125,889800,88.05,3959775,1440300
28-04-2025 10:40,24383.2,495075,519900,160.25,1964100,887550,87.85,3964275,1450800
28-04-2025 10:41,24386,495750,519450,159.8,1963875,898575,87.6,3968475,1444500
28-04-2025 10:41,24385.6,489750,520125,159.5,1966725,892200,88.6,3979800,1449000
28-04-2025 10:41,24375,493875,526950,155,1955850,903000,92.35,3985350,1440225
28-04-2025 10:41,24376,504975,527175,156.4,1926525,897075,92.3,3983625,1380675
28-04-2025 10:41,24382.5,498900,529500,155.1,1934025,910575,92.5,3979275,1398600
28-04-2025 10:41,24380.6,504975,530325,159.2,1945725,909075,89.8,3969825,1406400
28-04-2025 10:42,24385,495225,527925,159.05,1950000,911700,90,3967275,1411800
28-04-2025 10:42,24381,495375,529200,159.2,1955025,915750,89.7,3968925,1422525
28-04-2025 10:42,24381.1,494100,527700,159.65,1950525,918675,89,3970500,1422900
28-04-2025 10:42,24384.5,497100,528525,156.95,1948350,920550,91.45,3971100,1416600
28-04-2025 10:42,24380,494475,531300,156.75,1957500,923250,91.05,3961650,1416825
28-04-2025 10:42,24383.8,499125,528600,159,1960125,915225,89.2,3968550,1425750
28-04-2025 10:43,24383.9,495900,527850,158.35,1966425,918975,89.75,3965475,1425900
28-04-2025 10:43,24382.2,495825,528975,157.75,1963200,928650,90.2,3976425,1418475
28-04-2025 10:43,24380,493125,527850,156.55,1963425,927900,91.45,3987300,1410375
28-04-2025 10:43,24383.8,497700,526425,159.05,1970550,925950,89.85,4006425,1421925
28-04-2025 10:43,24387,499800,521550,162.8,1982100,920175,87.5,3974550,1431000
28-04-2025 10:43,24385,494475,527250,160.7,1980000,877950,89.3,3956175,1433325
28-04-2025 10:44,24384.9,493425,524775,160.3,1975575,880575,89.45,3963450,1431000
28-04-2025 10:44,24382,491025,526950,158,1971000,889950,92.1,3977850,1432950
28-04-2025 10:44,24373.8,488100,531225,155.85,1959300,891150,95,3984825,1401225
28-04-2025 10:44,24374.5,495975,529125,156.1,1962075,902100,94.55,3978900,1309275
28-04-2025 10:44,24375.3,492525,527175,159.05,1969500,899025,92.8,3971475,1322475
28-04-2025 10:44,24377,496650,527250,158,1974675,899850,93.95,3972825,1325475
28-04-2025 10:45,24376,494100,532500,157.05,1979625,903075,94.55,3982650,1324800
28-04-2025 10:45,24383,504300,528075,160.6,1984350,896475,92.35,3986625,1335525
28-04-2025 10:45,24382.3,496800,535725,160.3,1985100,873000,92.6,3974025,1348875
28-04-2025 10:45,24371.8,495825,537825,158.8,1988175,887400,93.95,3992325,1364775
28-04-2025 10:45,24380,497550,531600,163.45,1999275,885075,90.8,4002975,1352325
28-04-2025 10:45,24380,501375,532575,163.95,1999800,848550,91.5,3988275,1356375
28-04-2025 10:46,24379.2,501375,535425,160.25,2001000,857625,93.25,3999825,1361175
28-04-2025 10:46,24380.2,505575,530400,163.1,2010150,870150,90.5,4011825,1376325
28-04-2025 10:46,24392.7,507225,526125,167.45,2007150,862200,87.8,3988725,1389150
28-04-2025 10:46,24392.7,499800,526950,165.3,2004075,786375,88.8,3940725,1387425
28-04-2025 10:46,24391.5,499650,510825,165.6,2000925,793500,88.55,3949050,1397850
28-04-2025 10:46,24392,498600,514050,166,2011650,812325,88.1,3959700,1403250
28-04-2025 10:47,24388.8,496050,515025,164.75,2008575,820350,89.3,3973950,1403925
28-04-2025 10:47,24383.5,497175,514575,163.35,2005425,807675,90.4,3981825,1406250
28-04-2025 10:47,24387.8,500025,512100,162.5,2012700,816375,90.8,3982350,1406550
28-04-2025 10:47,24379.6,498675,515400,158.25,2016375,814725,94.5,3982950,1409250
28-04-2025 10:47,24378,494175,515850,158.2,1963650,815400,94.8,3989325,1344225
28-04-2025 10:47,24378.8,497625,515625,159.5,1972125,816675,94.05,3991875,1328925
28-04-2025 10:48,24380,506025,512625,165.05,2003475,811350,89.75,3981825,1345725
28-04-2025 10:48,24389,505650,508650,166.5,2007450,795150,88.1,3960150,1360425
28-04-2025 10:48,24389,501825,510075,166.35,2008950,790425,88.6,3957450,1361250
28-04-2025 10:48,24390.7,503025,510975,167.8,2008950,793200,87.5,3971400,1364325
28-04-2025 10:48,24395,507225,508050,170.15,2025300,765075,85.75,3942600,1371000
28-04-2025 10:48,24397.7,504225,503175,172.4,2017425,719700,84.15,3909675,1374150
28-04-2025 10:49,24399,504525,508725,170.45,1998150,716775,85.5,3948300,1375350
28-04-2025 10:49,24397,504750,506775,171.8,2018625,723675,85.2,3950550,1386450
28-04-2025 10:49,24399,503475,506775,171,2021025,733425,85.1,3962850,1400175
28-04-2025 10:49,24400,507300,508500,172.5,2010225,735600,83.85,3959475,1399425
28-04-2025 10:49,24399.9,498675,508575,169.85,2005125,710100,85.35,3926100,1402350
28-04-2025 10:49,24395,497100,511875,167.8,1998600,729375,86.45,3940200,1403925
28-04-2025 10:50,24397.1,503025,512250,169.45,1994250,734775,86.15,3949350,1410225
28-04-2025 10:50,24399,502200,508950,169.55,2005125,736500,85.7,3980850,1430100
28-04-2025 10:50,24398,505125,510750,170.25,2012025,739950,85.3,3974250,1432350
28-04-2025 10:50,24399.9,505200,509400,170.35,2017875,741975,84.5,3955275,1439025
28-04-2025 10:50,24398.3,500700,507375,170.5,2017050,747525,84.4,3951900,1442775
28-04-2025 10:50,24393,500100,512625,169,2012625,757125,85.35,3972075,1444725
28-04-2025 10:51,24390,498675,516525,165.6,2000550,767250,86.8,3985050,1437000
28-04-2025 10:51,24397.4,506100,515400,167.6,1984950,774000,85.5,3988875,1447125
28-04-2025 10:51,24388.5,499725,512025,166.4,1990875,780000,86.05,3991275,1452600
28-04-2025 10:51,24389.1,505200,511050,164.65,1963575,778425,84.9,3993300,1460700
28-04-2025 10:51,24391.3,497175,513225,164,1959225,778500,85.8,3996450,1459200
28-04-2025 10:51,24394.8,503775,515475,166.4,1962300,780675,84.75,3997050,1472175
28-04-2025 10:52,24394.8,501375,513675,164.7,1962450,780675,85.85,3993225,1473825
28-04-2025 10:52,24391.4,500175,513975,165,1962600,788550,85.55,3994950,1484175
28-04-2025 10:52,24395,503550,511650,167.15,1971975,792825,84.05,3989175,1494825
28-04-2025 10:52,24397,508275,510675,169.1,1986000,782550,83.35,3989550,1504425
28-04-2025 10:52,24395.9,503025,506175,169.75,1993200,776250,83.3,3948075,1509375
28-04-2025 10:52,24421,518025,505425,183.8,2032350,762600,74.55,3935700,1514625
28-04-2025 10:53,24414,501150,469650,179.85,2024775,512325,78.1,3687825,1501875
28-04-2025 10:53,24418.6,503400,469650,180,2003250,514875,79.25,3716100,1486800
28-04-2025 10:53,24417.4,502950,470325,178.85,1995450,516375,78.95,3729600,1486275
28-04-2025 10:53,24415,502200,474000,178.4,1996650,524175,79.45,3744750,1498875
28-04-2025 10:53,24418.8,503925,470100,180,1993425,522675,78.15,3749400,1511475
28-04-2025 10:53,24413,504750,473100,175.05,2001825,523575,80.85,3753225,1508775
28-04-2025 10:54,24412.4,502950,473550,177.55,1959150,529425,80.15,3765525,1498500
28-04-2025 10:54,24415,507000,471450,178.05,1970025,531975,79.8,3763200,1507800
28-04-2025 10:54,24415,505650,471150,178.25,1979025,530775,80.2,3773025,1522575
28-04-2025 10:54,24412,504000,472425,178.6,1985100,555975,79.9,3783450,1522800
28-04-2025 10:54,24410,507375,474825,175.4,1987500,577575,81.7,3807750,1518750
28-04-2025 10:54,24409.2,502875,475350,173,1969050,587250,83.25,3813825,1516575
28-04-2025 10:55,24406.4,502725,474375,174.75,1963125,585600,82.45,3819825,1518600
28-04-2025 10:55,24402.1,506325,475875,172.45,1954800,595350,82.85,3825525,1527525
28-04-2025 10:55,24406.6,501675,477750,173.45,1953150,622650,83.05,3824700,1524600
28-04-2025 10:55,24406.1,506775,478050,175.4,1959975,619800,81.55,3816075,1541625
28-04-2025 10:55,24406.5,504675,477825,174.5,1962300,626625,82.15,3812700,1539000
28-04-2025 10:55,24403.6,505050,478275,175.05,1959450,631050,81.25,3817725,1537875
28-04-2025 10:56,24406,500625,480525,173.15,1944675,637275,82.1,3825675,1542675
28-04-2025 10:56,24409,501975,479475,174,1954425,638925,81.75,3827925,1549575
28-04-2025 10:56,24405.8,499725,483300,170.7,1953075,644550,83.25,3838650,1546125
28-04-2025 10:56,24404,498450,483450,169.45,1944825,647625,83.7,3836025,1530600
28-04-2025 10:56,24401.5,500025,484725,171.5,1927650,650400,83.45,3834150,1519575
28-04-2025 10:56,24405.1,502350,484425,173.95,1940025,652800,81.75,3833025,1527225
28-04-2025 10:57,24409,505950,482700,175.4,1946775,648900,81.15,3831825,1530525
28-04-2025 10:57,24409.8,502950,483000,174.35,1961475,655425,81.4,3831975,1540125
28-04-2025 10:57,24404,502425,485625,173.3,1957800,666075,82.15,3841950,1538775
28-04-2025 10:57,24409.8,504450,482325,174.8,1958775,666450,81.05,3837525,1558800
28-04-2025 10:57,24410,502425,481500,175.3,1963350,671325,80.25,3854025,1561500
28-04-2025 10:57,24409,505575,479850,177.15,1964775,672000,79.5,3854625,1562775
28-04-2025 10:58,24410,504450,482400,176.4,1965300,671025,79.8,3837000,1565700
28-04-2025 10:58,24406.7,507825,483825,176.3,1971450,667575,80.55,3822975,1569675
28-04-2025 10:58,24413,509250,481875,175.15,1986675,672375,80.9,3825450,1570425
28-04-2025 10:58,24410,503400,486825,175.35,1980150,674250,81.65,3830025,1550625
28-04-2025 10:58,24408,504225,486375,175.4,1963725,689025,80.4,3836625,1556925
28-04-2025 10:58,24410,511650,483450,176.4,1972050,696750,79.9,3830850,1564950
28-04-2025 10:59,24410.1,504900,483375,177.2,1974825,701700,79.35,3848475,1569750
28-04-2025 10:59,24413,506925,484125,177.5,1969650,704175,80.15,3852450,1582050
28-04-2025 10:59,24415,507000,483900,178,1972500,700725,79,3849525,1587975
28-04-2025 10:59,24415,508725,482175,179.15,1969200,680850,77.75,3836625,1590675
28-04-2025 10:59,24415.7,501825,484800,178.2,1961775,644850,78.5,3799950,1597875
28-04-2025 10:59,24410.1,505125,484200,176,1977225,664050,79.4,3821175,1604775
28-04-2025 11:00,24412,503100,485400,179.15,1983975,659700,77.75,3833700,1603200
28-04-2025 11:00,24415.1,505725,483900,178.6,2001450,659175,77.75,3828825,1606500
28-04-2025 11:00,24416.6,505350,485025,176.45,1997775,668400,78.8,3834750,1602525
28-04-2025 11:00,24414,502350,486450,175,1979025,673125,79.95,3845775,1596225
28-04-2025 11:00,24407.9,502275,485700,174.6,1946550,679500,80.8,3855825,1578600
28-04-2025 11:00,24401,499575,487200,169.4,1932150,681900,83.35,3862875,1567725
28-04-2025 11:01,24396,500175,486600,168.7,1886850,671250,84.2,3858825,1522800
28-04-2025 11:01,24396.9,506250,487950,169.55,1871925,671025,83.75,3864000,1500300
28-04-2025 11:01,24396.1,502800,490575,169.35,1878600,678225,83.8,3862500,1506900
28-04-2025 11:01,24400,513675,489825,170.6,1881900,680025,83,3862575,1523625
28-04-2025 11:01,24400,508575,490050,171,1891200,683625,82.55,3872925,1532325
28-04-2025 11:01,24400,507675,489450,171.4,1896000,696000,81.7,3875925,1541250
28-04-2025 11:02,24400,509175,491475,171.6,1898250,684375,81.5,3877875,1544775
28-04-2025 11:02,24398,510675,490800,171.15,1897800,703800,81.85,3883350,1551525
28-04-2025 11:02,24405,516075,491175,171.85,1908075,699675,81.3,3884025,1558050
28-04-2025 11:02,24401.8,505875,489900,172.15,1915425,691800,81,3883875,1560000
28-04-2025 11:02,24405,511275,488325,171.3,1917900,704250,80.95,3894300,1562400
28-04-2025 11:02,24402.5,511575,488175,173.65,1925550,693750,79.75,3881325,1565550
28-04-2025 11:03,24406,513300,488700,175.9,1927050,690450,79,3872400,1564125
28-04-2025 11:03,24409.1,504375,489600,173.6,1929075,694800,80.4,3875325,1567350
28-04-2025 11:03,24408,512775,489075,174.9,1951950,690225,79.55,3884100,1575000
28-04-2025 11:03,24405,508875,494250,172.25,1952100,707475,81.4,3895725,1590825
28-04-2025 11:03,24402.2,506775,496800,172.75,1932000,705675,81.1,3905550,1576425
28-04-2025 11:03,24401.4,506475,493500,172.5,1917675,720675,81.1,3908175,1615200
28-04-2025 11:04,24406,509550,494025,173.5,1919850,741750,80.45,3903225,1620450
28-04-2025 11:04,24403,508425,492825,172.85,1919775,717150,80.4,3914475,1623825
28-04-2025 11:04,24406,513525,492825,173.6,1927425,720300,79.9,3915000,1632900
28-04-2025 11:04,24407.5,508425,493950,171.55,1924350,721725,80.75,3905025,1632150
28-04-2025 11:04,24403.5,508500,495825,171.75,1921125,733725,80.3,3916650,1621050
28-04-2025 11:04,24402.4,507975,493350,171.8,1919850,739800,80.45,3920475,1625550
28-04-2025 11:05,24404,506700,496050,169.3,1923225,744375,81.85,3926475,1625400
28-04-2025 11:05,24402,504675,496725,167.2,1902075,744300,83.1,3935625,1580775
28-04-2025 11:05,24398,503850,498225,167.75,1902675,737625,83.45,3945375,1577250
28-04-2025 11:05,24396,503175,498675,165.3,1897950,728775,84.4,3951300,1567950
28-04-2025 11:05,24396,504825,497625,167,1891200,718050,83.5,3946950,1563525
28-04-2025 11:05,24396,505350,502575,165.35,1896900,722400,84.3,3949050,1576950
28-04-2025 11:06,24392.8,505425,501075,165.35,1898100,723600,84,3952950,1578075
28-04-2025 11:06,24397,507150,501225,168.5,1875225,721575,82.8,3955275,1526250
28-04-2025 11:06,24395.8,515325,499800,168.7,1888500,711750,82.55,3927300,1537425
28-04-2025 11:06,24395.8,509175,500175,167.1,1895925,723600,82.95,3933225,1560450
28-04-2025 11:06,24397.3,514725,499725,168.35,1898475,733200,81.25,3934050,1569150
28-04-2025 11:06,24400.4,501375,429225,171.05,1907550,728025,80,3922425,1580100
28-04-2025 11:07,24403.6,508950,505275,168.5,1904625,704400,81.45,3904725,1594950
28-04-2025 11:07,24398.2,513825,502125,168.9,1907625,711000,80.3,3920400,1592550
28-04-2025 11:07,24401.2,515175,501150,172.8,1923900,708450,78.3,3910650,1606350
28-04-2025 11:07,24410,512850,498000,174.2,1923225,690375,77.55,3886425,1605225
28-04-2025 11:07,24410,514425,495450,175.55,1925100,674625,77.2,3852900,1611375
28-04-2025 11:07,24414,514650,491250,177.75,1928700,660300,76.05,3841200,1619925
28-04-2025 11:08,24414,509325,491925,177.3,1920525,638925,75.9,3797025,1619175
28-04-2025 11:08,24413.9,514275,493425,174.95,1931775,646650,77.45,3827550,1631475
28-04-2025 11:08,24410,508425,496875,176.5,1915875,665775,76.4,3873750,1633200
28-04-2025 11:08,24413,511200,491550,177.3,1916175,663975,75.8,3856950,1653375
28-04-2025 11:08,24415,509250,493800,177.2,1919700,665025,75.5,3837000,1663500
28-04-2025 11:08,24414.2,507300,492900,177.85,1925925,662475,75,3826050,1667550
28-04-2025 11:09,24415,510675,502725,177,1924950,667875,75.6,3841500,1666200
28-04-2025 11:09,24412.3,509550,502650,177.9,1924875,672225,75.25,3846000,1665225
28-04-2025 11:09,24412.2,511200,503850,177.3,1934175,665925,75,3847875,1671675
28-04-2025 11:09,24415,506775,506025,177.15,1933950,661200,75.4,3846450,1657950
28-04-2025 11:09,24412.6,508950,506775,177.6,1940250,665550,75,3851475,1664250
28-04-2025 11:09,24414,505650,510525,175,1943625,678300,76.7,3854550,1664250
28-04-2025 11:10,24410,506100,509700,176.15,1924650,683250,76.55,3861600,1649025
28-04-2025 11:10,24414,508725,508275,176.1,1943400,670350,75.6,3858525,1656075
28-04-2025 11:10,24407.5,505200,510750,175,1942500,680925,76.6,3864450,1651125
28-04-2025 11:10,24405,506850,510975,174.2,1939200,686775,76.65,3871200,1656450
28-04-2025 11:10,24402,505125,512775,169.85,1923675,686550,79.15,3872550,1633200
28-04-2025 11:10,24400,507225,516225,167.45,1898625,689775,79.35,3878250,1627800
28-04-2025 11:11,24397,505125,513600,167.55,1889325,691800,81.2,3889950,1621500
28-04-2025 11:11,24392.6,504825,515250,165.35,1891200,694950,82.45,3886200,1579725
28-04-2025 11:11,24392.3,506925,515625,163.35,1881450,693675,83.1,3884025,1583700
28-04-2025 11:11,24389,507375,512475,161.9,1882650,694800,84.5,3889950,1577025
28-04-2025 11:11,24387.3,506700,514275,161.25,1866225,700800,85.55,3886500,1560825
28-04-2025 11:11,24387,512250,516375,160.6,1830300,691200,85.25,3888000,1524525
28-04-2025 11:12,24385,506250,511800,159.6,1838400,696075,86.25,3891150,1527450
28-04-2025 11:12,24387,513750,510675,159.25,1841325,695550,85.85,3889125,1527600
28-04-2025 11:12,24379.5,507150,509700,157.95,1843650,691875,87.85,3897975,1521900
28-04-2025 11:12,24384.9,504375,507075,159.3,1848000,689475,86.25,3900450,1509075
28-04-2025 11:12,24384.9,501525,511050,158.2,1846950,696300,86.5,3894600,1507200
28-04-2025 11:12,24379,505725,513225,156.6,1850700,709650,87,3892275,1519875
28-04-2025 11:13,24382.8,503175,514200,154.45,1856475,707625,87.6,3895125,1528575
28-04-2025 11:13,24372.5,499875,515850,153.45,1823175,714825,89.5,3897075,1523475
28-04-2025 11:13,24370.2,499725,513750,152.05,1807350,712725,90.4,3912525,1447650
28-04-2025 11:13,24370.2,498975,514425,151.35,1821450,715050,90.85,3926100,1463400
28-04-2025 11:13,24371,497025,512700,151.2,1823775,708975,90.15,3930600,1472400
28-04-2025 11:13,24367.1,493800,518925,147.25,1791600,710250,93.45,3929175,1472325
28-04-2025 11:14,24368.2,491775,517500,146.35,1773525,701325,93.35,3932550,1398375
28-04-2025 11:14,24361.1,487425,521625,146.55,1755825,702525,92.9,3948675,1392600
28-04-2025 11:14,24357.6,492300,514050,144.85,1787250,703275,94.35,3924450,1366950
28-04-2025 11:14,24361.4,490725,513300,147.05,1813875,706275,91.85,3936525,1406250
28-04-2025 11:14,24363,494250,511350,147.6,1828275,705525,91.75,3908925,1420425
28-04-2025 11:14,24371,497625,509925,150.35,1861725,701250,88.75,3901125,1450800
28-04-2025 11:15,24376.3,498825,505875,151.4,1885050,680925,88.65,3852975,1454025
28-04-2025 11:15,24367.2,495675,510750,149.7,1900575,699600,90.95,3880800,1444425
28-04-2025 11:15,24372,499200,513675,151.7,1896525,702600,88.9,3891825,1455225
28-04-2025 11:15,24374,499950,512175,150.6,1889325,713025,90.1,3932775,1463475
28-04-2025 11:15,24369.9,499650,514575,149.45,1891200,717600,90.95,3945900,1463400
28-04-2025 11:15,24369.1,496125,514800,148.65,1878975,728325,92.4,3948225,1462725
28-04-2025 11:16,24367.1,498150,518175,147.8,1874325,727650,93.35,3949725,1451475
28-04-2025 11:16,24366,495825,519450,147.45,1875375,735675,94.3,3956775,1462125
28-04-2025 11:16,24352,497625,522450,138.15,1882875,747675,100.75,3987675,1462200
28-04-2025 11:16,24344.9,473400,526125,135.7,1728675,752925,105.95,4036050,1168725
28-04-2025 11:16,24339.2,474375,519300,134.75,1712850,740550,104.3,4076700,1106325
28-04-2025 11:16,24341.8,488700,519075,136.05,1728600,730500,102.1,4026675,1143225
28-04-2025 11:17,24347.6,480900,513375,137.65,1769700,724050,101.7,4031025,1171275
28-04-2025 11:17,24354.9,488100,508575,140.45,1825500,726000,99.4,4045725,1201650
28-04-2025 11:17,24360,485475,510975,143.95,1841400,716400,95.6,3949425,1215825
28-04-2025 11:17,24362.5,488775,510975,144.7,1860975,715200,94.65,3922200,1234425
28-04-2025 11:17,24360,487125,519600,143.75,1857600,728475,95,3918075,1243650
28-04-2025 11:17,24358.4,488550,514500,145.25,1869000,730125,93.25,3925725,1271700
28-04-2025 11:18,24356,488700,515625,143.4,1872675,743400,96.45,3939000,1277175
28-04-2025 11:18,24355.5,486600,515925,143.55,1861725,749850,96.3,3956325,1281000
28-04-2025 11:18,24353.9,485925,517575,142.85,1856325,766200,97.05,3975525,1277925
28-04-2025 11:18,24360,490350,515925,144.35,1877850,754950,96,3954375,1295850
28-04-2025 11:18,24356,490800,515100,143.6,1880850,767175,96.65,3976950,1307550
28-04-2025 11:18,24356,487200,518400,142.2,1883400,774675,98.5,3989475,1315350
28-04-2025 11:19,24356,484200,518475,144.35,1884975,774150,96.55,3989625,1316250
28-04-2025 11:19,24355,486225,518400,142.6,1895550,777525,97.45,3986325,1343775
28-04-2025 11:19,24356,487050,518250,143.3,1899675,779850,95.95,3978150,1355250
28-04-2025 11:19,24356.4,488325,517500,143.15,1905450,780000,95.7,3958425,1378575
28-04-2025 11:19,24353.6,486750,517125,142.7,1903350,786225,95,3972375,1401825
28-04-2025 11:19,24353,485175,518550,139.65,1890750,795975,98.2,3974625,1401150
28-04-2025 11:20,24356.7,486450,517725,140.05,1862250,792000,97.45,3983850,1378800
28-04-2025 11:20,24355,488100,518025,141,1863225,795000,96.9,4001100,1380225
28-04-2025 11:20,24353.7,487650,518550,142.6,1872825,792900,95.5,4000275,1381425
28-04-2025 11:20,24357.9,491625,515475,143,1894950,782100,95.25,3952575,1394400
28-04-2025 11:20,24370,493200,514125,147.95,1900575,794400,89.8,3953025,1400850
28-04-2025 11:20,24368.3,488775,516225,147.05,1909275,778950,90.6,3876300,1401900
28-04-2025 11:21,24369.5,490950,515475,148.25,1919100,772575,89.45,3882300,1424550
28-04-2025 11:21,24367.5,490575,520800,147.8,1921350,785925,90.7,3898725,1429050
28-04-2025 11:21,24368.4,492000,517800,146.45,1915650,795150,91.4,3911925,1426200
28-04-2025 11:21,24367.5,492900,516975,148.6,1920825,802050,89.35,3919500,1437450
28-04-2025 11:21,24365.7,490350,516600,144.5,1926300,799800,93.1,3921675,1433925
28-04-2025 11:21,24367,495450,516675,147.85,1902900,788325,90.7,3924750,1442250
28-04-2025 11:22,24371,494400,515700,148.3,1917675,805800,89.65,3925575,1441125
28-04-2025 11:22,24371.7,495300,515850,149.2,1935525,801225,87.3,3913050,1453800
28-04-2025 11:22,24375,494775,511875,151.4,1939350,757050,85.1,3864525,1450500
28-04-2025 11:22,24376.9,497925,513000,149.45,1936575,781650,86.7,3857775,1453575
28-04-2025 11:22,24373.2,492975,512475,148.35,1935300,795975,88.2,3873825,1462350
28-04-2025 11:22,24375,493425,512325,150,1923300,803175,87.55,3895950,1445775
28-04-2025 11:23,24371,497400,512700,149.1,1939200,807525,87.6,3907125,1457025
28-04-2025 11:23,24374.5,495000,516600,149.25,1945575,824550,88.3,3935400,1471350
28-04-2025 11:23,24365,491700,521475,145.45,1950450,842700,91.9,3935250,1472550
28-04-2025 11:23,24364.7,485175,525975,143.6,1917900,843300,93.7,3939975,1431150
28-04-2025 11:23,24357.4,487950,525075,140.8,1878900,844875,96.05,3941325,1409475
28-04-2025 11:23,24357.4,487425,522225,141.7,1845225,849750,95.05,3940050,1411725
28-04-2025 11:24,24355,491250,519450,141,1888725,854625,96.2,3938850,1420350
28-04-2025 11:24,24359,492375,521625,141.4,1897350,860400,95.1,3944025,1428300
28-04-2025 11:24,24363.1,495300,513375,145.25,1908600,853575,91.5,3930900,1441350
28-04-2025 11:24,24367.9,494625,521400,143.8,1918650,843750,92.8,3943875,1450875
28-04-2025 11:24,24354.2,487125,522225,140.15,1907250,881325,95.55,3973650,1445625
28-04-2025 11:24,24354.8,486975,520275,137.85,1854525,882750,98.2,3981075,1420050
28-04-2025 11:25,24350.5,494625,519450,139.35,1864650,887850,96.9,3994125,1404075
28-04-2025 11:25,24353.5,493575,516750,141.3,1899600,888075,94.95,3982800,1436625
28-04-2025 11:25,24357.3,491025,521475,139.7,1906050,902025,95.9,3975825,1440225
28-04-2025 11:25,24361.7,489525,521400,141,1905675,909300,95.2,3981525,1444875
28-04-2025 11:25,24362.9,490800,522675,141.1,1906875,919275,94.2,3981600,1462575
28-04-2025 11:25,24355.7,489525,519525,141.6,1912425,920775,93.45,3979725,1462725
28-04-2025 11:26,24363.4,493575,514650,145.15,1921350,917700,90.75,3976425,1470300
28-04-2025 11:26,24370.9,494625,514800,147.85,1933500,885525,88.7,3935775,1467750
28-04-2025 11:26,24374.1,495525,518250,147.95,1932900,882450,88.75,3913650,1471275
28-04-2025 11:26,24371.8,492300,522150,146.7,1931100,905700,88.95,3938925,1484025
28-04-2025 11:26,24372,489075,519450,145.85,1933575,911850,89.35,3955350,1485600
28-04-2025 11:26,24372,492000,518400,146.55,1936275,919650,88.3,3940350,1488375
28-04-2025 11:27,24372,492975,516525,148.7,1941075,922575,86.75,3958800,1491675
28-04-2025 11:27,24372,494475,514125,149,1947600,925200,86.5,3952950,1492725
28-04-2025 11:27,24373,489675,521325,146.4,1944375,937350,89,3975675,1488150
28-04-2025 11:27,24374.9,496650,520125,148.45,1950825,941175,87.75,3984075,1495875
28-04-2025 11:27,24368,495525,519900,146.4,1950825,939600,88.95,3987975,1504650
28-04-2025 11:27,24370,490725,520575,145.5,1945350,946425,89.55,4003425,1506525
28-04-2025 11:28,24367,492600,521625,145.2,1922475,945900,89.5,4008150,1495425
28-04-2025 11:28,24366.1,493050,518700,146.5,1932150,941325,88.5,3999075,1507575
28-04-2025 11:28,24367.5,494250,518325,147,1938600,943725,87.55,3994875,1513200
28-04-2025 11:28,24371,494775,521250,145.6,1942500,947625,88.65,3994875,1520775
28-04-2025 11:28,24373,494100,516225,148.55,1951050,952200,86.65,4002750,1519950
28-04-2025 11:28,24373.8,494400,517725,148.15,1953375,930150,86.1,3971850,1517175
28-04-2025 11:29,24375,489750,518625,147.95,1955175,929625,86.6,3985875,1520625
28-04-2025 11:29,24375,492075,520050,148.35,1958550,931575,86.4,4005075,1522650
28-04-2025 11:29,24375,487800,519375,147.2,1955850,934650,87.3,4010325,1510350
28-04-2025 11:29,24371,489525,519675,147.05,1953675,940725,87.3,4019550,1523400
28-04-2025 11:29,24372,496725,518400,148.7,1955850,937200,86,4009125,1525425
28-04-2025 11:29,24385,497700,518025,153.4,1975125,935175,82.4,4003875,1525200
28-04-2025 11:30,24385,488400,514725,154.75,1981425,779925,82,3872100,1525575
28-04-2025 11:30,24383.7,490500,517575,152.7,1986750,783675,84.1,3892725,1523100
28-04-2025 11:30,24386.4,491325,518850,153.8,1989375,813525,82.9,3901125,1526625
28-04-2025 11:30,24380,489375,522375,152.5,1987350,826800,84,3930600,1525725
28-04-2025 11:30,24382.6,490125,520875,150.95,1989600,837300,84.9,3958425,1532775
28-04-2025 11:30,24384.1,492000,517875,152.2,1972575,841650,84.3,3958500,1532475
28-04-2025 11:31,24376.8,493575,522375,152.5,1987425,838050,84.6,3960825,1540650
28-04-2025 11:31,24377.7,493275,519675,152.6,1992750,848175,84.8,3998325,1546500
28-04-2025 11:31,24384,493950,518100,154.15,2002950,848175,83.9,3984675,1554975
28-04-2025 11:31,24383.8,501075,516825,156.45,2023125,852300,82,3964275,1564200
28-04-2025 11:31,24389,496725,515775,157,2022150,808050,81.5,3932325,1562625
28-04-2025 11:31,24388,494775,514200,157.65,2022300,819825,81.65,3942975,1564200
28-04-2025 11:32,24387,496875,514200,157.65,2019750,832125,81.45,3944175,1556325
28-04-2025 11:32,24390,497175,510900,158.75,2037225,822075,80.8,3944400,1562850
28-04-2025 11:32,24393.9,495525,518025,159,2039250,818025,80.4,3946950,1562550
28-04-2025 11:32,24391,493800,519675,155.1,2032425,850725,82.6,3985050,1558575
28-04-2025 11:32,24389,495825,516225,156.1,1997850,866700,81.9,3990750,1557300
28-04-2025 11:32,24391,496725,515400,156.7,2008425,870750,81.25,3990300,1568475
28-04-2025 11:33,24389.3,494325,519000,154.6,2007900,885975,83.2,4000950,1569450
28-04-2025 11:33,24388,495825,519075,154.9,1998900,887025,82.65,4007550,1562550
28-04-2025 11:33,24382.6,492825,520425,155.05,1998525,887025,83,4013175,1565400
28-04-2025 11:33,24388.9,497475,521025,154.45,2000175,891600,83.25,4006500,1570275
28-04-2025 11:33,24394.9,499500,520050,156.35,2004975,893625,82.2,4013775,1583700
28-04-2025 11:33,24393,499800,514575,161.45,2008575,881700,78.85,4001775,1584150
28-04-2025 11:34,24396,504075,511050,162.45,2022975,800550,78.6,3857550,1585350
28-04-2025 11:34,24396,497700,510525,162,2018475,820350,78.9,3871725,1585350
28-04-2025 11:34,24395,499875,511800,161.35,2024475,837750,78.9,3890175,1586175
28-04-2025 11:34,24395,505575,513000,162,2030175,845025,78.45,3893100,1589550
28-04-2025 11:34,24398.3,507450,510075,162.55,2029950,838950,78.1,3904875,1606275
28-04-2025 11:34,24392.8,511650,511500,162.05,2031675,836550,78.45,3903450,1604625
28-04-2025 11:35,24398.9,506475,514725,163.1,2028000,844275,78.25,3921825,1607550
28-04-2025 11:35,24395.4,505350,514050,164,2038350,829800,77.45,3923775,1616250
28-04-2025 11:35,24392,500250,513675,163.75,2039775,820500,78.75,3927900,1611075
28-04-2025 11:35,24398.9,504375,514275,161.75,2031375,780825,79.4,3924525,1597650
28-04-2025 11:35,24394.7,509100,508575,163.65,2033925,779775,78.5,3932475,1604025
28-04-2025 11:35,24395.9,507150,507300,163.85,2040600,781725,78.2,3927225,1610025
28-04-2025 11:36,24406.2,513675,506550,167,2054775,782700,76.8,3930825,1608675
28-04-2025 11:36,24399.4,499425,506550,165.55,2047200,747300,77.3,3917475,1604400
28-04-2025 11:36,24405.4,498450,507300,165.9,2038725,757200,77.4,3943800,1614900
28-04-2025 11:36,24400,501000,508050,164.7,2021625,766725,77.6,3959775,1617300
28-04-2025 11:36,24400.3,503400,507750,166.5,2041875,773400,76.45,3953700,1628325
28-04-2025 11:36,24405,500700,509175,166,2044800,772425,76.6,3951150,1633575
28-04-2025 11:37,24405,502200,506400,167.95,2039550,774900,75.7,3962550,1634475
28-04-2025 11:37,24406.4,503925,504675,171.65,2041275,748500,74.8,3925575,1642725
28-04-2025 11:37,24405.2,503475,500550,170.95,2035950,702975,75.4,3866025,1645950
28-04-2025 11:37,24410,503250,502725,170.6,2021850,709275,75.2,3892125,1652325
28-04-2025 11:37,24406,504300,498525,169.2,2025675,709650,75.8,3876825,1656375
28-04-2025 11:37,24405,501825,504825,168.45,2004375,732825,76.15,3889950,1633950
28-04-2025 11:38,24400,500550,510825,167.65,1995300,744975,76.8,3918600,1632375
28-04-2025 11:38,24397.9,499350,513000,165.9,1983000,755775,77.05,3925350,1625100
28-04-2025 11:38,24400,501525,508875,166.25,1986300,758400,77.3,3934425,1633500
28-04-2025 11:38,24405,509100,505650,169.25,1997100,762150,75.7,3925950,1648500
28-04-2025 11:38,24408.7,502725,501450,170,2006325,764175,75.7,3911100,1648425
28-04-2025 11:38,24407.5,499725,501450,171.2,2009475,764775,75,3912900,1662225
28-04-2025 11:39,24406.1,497400,511725,167.4,2004750,786300,76.85,3928050,1671675
28-04-2025 11:39,24401,503400,507825,168.15,1989825,790200,76.3,3929625,1661250
28-04-2025 11:39,24405,501975,506550,168.2,1998000,795750,75.85,3937350,1658925
28-04-2025 11:39,24400.2,497550,508875,167,2001225,806175,76.2,3939150,1663650
28-04-2025 11:39,24407.4,504075,502350,168.8,2012625,809400,75.8,3934425,1667850
28-04-2025 11:39,24403.2,504225,507600,169.2,2012400,795225,75.45,3941775,1674225
28-04-2025 11:40,24405.9,505500,503700,169.3,2013525,786075,75.7,3929625,1676025
28-04-2025 11:40,24406,503175,501750,171.15,2022525,786975,74.9,3927075,1679700
28-04-2025 11:40,24406.2,507975,501525,171.15,2020275,776325,74.9,3917850,1684650
28-04-2025 11:40,24418,505725,500925,176.2,2020275,779400,70.85,3912150,1697775
28-04-2025 11:40,24414.7,504525,489375,177.4,2025075,642600,71.9,3749775,1702425
28-04-2025 11:40,24413,501525,493575,175.1,1997325,651975,72.45,3801450,1690725
28-04-2025 11:41,24410.4,503400,493275,174.75,1989750,662100,72.7,3808650,1695975
28-04-2025 11:41,24415,506400,491850,176.6,2001825,661800,71.6,3806700,1705950
28-04-2025 11:41,24419.3,507450,494925,177.6,2015550,653700,72.1,3796050,1708575
28-04-2025 11:41,24412.3,505650,495300,176,2011425,617775,72.75,3819000,1672425
28-04-2025 11:41,24410.8,507000,494700,175.05,1997925,636450,72.9,3837825,1664850
28-04-2025 11:41,24420,507900,496500,177.8,2003100,637800,71.6,3838875,1674675
28-04-2025 11:42,24420,505725,491625,179.65,2021700,626250,71.1,3828150,1678950
28-04-2025 11:42,24423,508650,490500,182,2015175,619575,70.25,3823500,1681575
28-04-2025 11:42,24420.3,508050,488400,179.95,2008425,595425,70.45,3716925,1688775
28-04-2025 11:42,24423,504825,489450,180.7,1995150,613200,70.3,3733875,1690425
28-04-2025 11:42,24423,503850,489450,180.85,2004000,617625,70.4,3743250,1687350
28-04-2025 11:42,24416,498075,490050,178.2,1989075,629025,71.8,3752625,1681200
28-04-2025 11:43,24415,498450,487725,176.9,1903575,633150,72.4,3716475,1670175
28-04-2025 11:43,24415.6,497850,490125,178.6,1913250,630525,72.15,3720000,1654425
28-04-2025 11:43,24415.5,496275,480600,179.4,1921875,629400,71.65,3713625,1670325
28-04-2025 11:43,24415.8,496500,484200,178.7,1920675,631425,71.95,3718275,1681350
28-04-2025 11:43,24419,496425,483900,178.6,1922400,632250,71.75,3717750,1690800
28-04-2025 11:43,24415.1,489825,497250,176.5,1923900,636075,72.9,3738675,1690125
28-04-2025 11:44,24418.8,489000,489225,176.95,1919100,648150,72.9,3743475,1696950
28-04-2025 11:44,24413.8,493725,495075,178.4,1933800,650400,72.5,3766725,1695600
28-04-2025 11:44,24413.3,491625,495525,177.8,1937175,643050,72.85,3764775,1696875
28-04-2025 11:44,24413.1,490200,495600,177.25,1938000,641775,73,3760350,1679325
28-04-2025 11:44,24411.4,490275,495375,176.15,1936875,646200,73.2,3761250,1689750
28-04-2025 11:44,24415.4,493350,494475,178.7,1922850,648825,72.15,3760125,1730325
28-04-2025 11:45,24416.1,495300,490800,179.8,1931175,627675,72.1,3752850,1736025
28-04-2025 11:45,24415,496125,492225,179.1,1933575,618150,73.25,3774525,1745550
28-04-2025 11:45,24419.8,496200,493650,179.2,1932975,610725,73.2,3786375,1732950
28-04-2025 11:45,24416.3,495525,496800,179.5,1923075,625800,72.65,3795225,1725825
28-04-2025 11:45,24418.8,498750,491250,181.9,1926750,624225,72.2,3780675,1731675
28-04-2025 11:45,24419.4,494025,496950,178.8,1924950,610350,74,3787875,1736550
28-04-2025 11:46,24419,490200,495375,178.65,1913025,619350,73.75,3798075,1739175
28-04-2025 11:46,24425,497025,492000,186.85,1922550,617550,70.65,3793425,1772925
28-04-2025 11:46,24425,496500,482475,183.65,1917000,532350,71.35,3744900,1783950
28-04-2025 11:46,24424,497250,482550,184.9,1929975,538725,71.15,3729675,1782375
28-04-2025 11:46,24420.1,497625,486675,180,1935600,553575,73,3741975,1784925
28-04-2025 11:46,24419,490950,486675,179.6,1886550,567825,73.65,3748425,1781100
28-04-2025 11:47,24419,498075,481125,181.75,1897425,565350,72.75,3754200,1794675
28-04-2025 11:47,24419,498150,479100,182.3,1914750,569175,72.5,3756975,1802175
28-04-2025 11:47,24424,499350,480375,182.5,1923525,574050,72.5,3761400,1806000
28-04-2025 11:47,24414.5,491325,489225,178.6,1925175,583500,74.1,3771300,1807875
28-04-2025 11:47,24412,486750,486900,174.75,1860975,588975,75.95,3771300,1722375
28-04-2025 11:47,24411.9,488175,483900,174.3,1835475,589950,76.2,3778275,1737225
28-04-2025 11:48,24408,490275,485550,172.5,1839150,594225,77,3795900,1743150
28-04-2025 11:48,24410,494025,484350,174.7,1850850,596775,75.95,3798600,1739325
28-04-2025 11:48,24404.5,492825,485475,171.25,1845300,609000,77.6,3807675,1745250
28-04-2025 11:48,24402.4,489075,491025,169,1841775,608175,78.9,3827700,1721775
28-04-2025 11:48,24404.5,499725,492225,173.55,1850550,611550,76.5,3828075,1716825
28-04-2025 11:48,24408.1,496650,484125,175.8,1856625,607125,75.35,3796800,1723275
28-04-2025 11:49,24406.3,494250,486675,174.95,1838850,600750,76.35,3793500,1731000
28-04-2025 11:49,24405.6,493275,487725,174.3,1838400,618300,76.3,3804150,1738650
28-04-2025 11:49,24409.9,493125,487725,174,1840125,622800,76.8,3810000,1741725
28-04-2025 11:49,24410,495525,489225,174.05,1856250,619650,76.25,3807525,1764825
28-04-2025 11:49,24410,495075,490350,174.85,1836225,614775,76.5,3805125,1761375
28-04-2025 11:49,24410,495150,485700,175.8,1844025,608700,75.5,3779700,1741125
28-04-2025 11:50,24412,495450,484650,178.1,1841325,591975,74.9,3766875,1738575
28-04-2025 11:50,24415.9,494100,482925,179.3,1848525,584850,74.15,3766200,1744650
28-04-2025 11:50,24418,491925,484200,179,1846125,589275,74.05,3759900,1745175
28-04-2025 11:50,24419,495675,485775,178.9,1842225,597075,73.6,3764400,1748325
28-04-2025 11:50,24418.3,493725,482775,180.55,1855500,590925,73.05,3767100,1756350
28-04-2025 11:50,24419,491325,483750,179.5,1855350,590700,73.7,3781725,1752450
28-04-2025 11:51,24419.7,490125,486375,179.05,1846575,604875,73.65,3786825,1754250
28-04-2025 11:51,24414.9,494250,485250,180,1854525,603975,73.15,3789000,1759875
28-04-2025 11:51,24420,497325,483975,180.15,1860975,614175,73.4,3790950,1765275
28-04-2025 11:51,24421,497400,485325,179.85,1862325,613950,73.15,3786675,1768425
28-04-2025 11:51,24423.9,493200,483600,181.5,1863900,616275,72.35,3785700,1773075
28-04-2025 11:51,24424,493500,486075,183.3,1877250,606675,72.05,3777600,1772100
28-04-2025 11:52,24423.9,493875,480150,182.85,1877100,613350,72.1,3788700,1774875
28-04-2025 11:52,24421.1,493050,482475,180.4,1878300,615975,73.35,3789525,1777275
28-04-2025 11:52,24421.6,494325,480975,182.3,1857825,634725,73,3806475,1760625
28-04-2025 11:52,24423,493650,481275,181.95,1874250,645000,73.15,3813000,1770300
28-04-2025 11:52,24414.9,495975,489225,177.1,1870200,679650,75.4,3820275,1767150
28-04-2025 11:52,24413.7,499950,487200,175.95,1843350,683850,76.65,3820425,1735050
28-04-2025 11:53,24415,503850,487050,177.25,1842975,683175,76.1,3814575,1728600
28-04-2025 11:53,24415,505275,485175,176.05,1852800,701025,76.5,3809775,1737825
28-04-2025 11:53,24415,507900,482100,177.2,1857000,702375,76.1,3808200,1753500
28-04-2025 11:53,24411,504450,488775,177.6,1857750,711525,75.45,3824100,1739250
28-04-2025 11:53,24417,511275,480675,180.8,1864425,700200,74.5,3817200,1738350
28-04-2025 11:53,24417.6,504675,480900,181.2,1866750,708525,73.6,3826650,1742475
28-04-2025 11:54,24418.2,480675,484425,181,1865550,697725,74.05,3824775,1748400
28-04-2025 11:54,24414.6,485925,483750,178.45,1864875,709125,74.9,3862350,1772700
28-04-2025 11:54,24412,474525,488025,175.2,1868925,717150,76.3,3874125,1770525
28-04-2025 11:54,24413.3,481950,488250,175.15,1854000,725025,76.8,3876600,1744125
28-04-2025 11:54,24410,481800,487125,174.55,1850700,723600,76.9,3873525,1751400
28-04-2025 11:54,24405.2,481500,488400,171.8,1851675,725625,77.95,3877425,1743750
28-04-2025 11:55,24405.1,483900,486675,174.25,1855650,716925,76.95,3871725,1727775
28-04-2025 11:55,24406,472650,485850,174.5,1862250,727575,76.5,3853350,1740900
28-04-2025 11:55,24410,475425,486225,175.05,1864425,732975,76.35,3855300,1733625
28-04-2025 11:55,24407.9,473700,485775,175.85,1868925,725625,76,3857025,1736625
28-04-2025 11:55,24410,474975,484575,177.65,1870575,719250,75.5,3853350,1753050
28-04-2025 11:55,24409.9,473775,486600,178.35,1873125,707775,75.75,3863400,1762050
28-04-2025 11:56,24409,471450,492750,175,1870875,716100,76.9,3875775,1756575
28-04-2025 11:56,24409,473475,492150,175.25,1869750,726075,77,3887625,1762725
28-04-2025 11:56,24409,476100,488250,174.4,1872150,732000,77.35,3878700,1760325
28-04-2025 11:56,24411,476925,484500,179.6,1877400,727500,74.75,3863925,1777275
28-04-2025 11:56,24413.5,473025,483225,180.4,1876575,689775,74.65,3842325,1783125
28-04-2025 11:56,24415,468900,484875,179.5,1870800,694500,75.15,3851100,1785525
28-04-2025 11:57,24412.7,472800,485025,179.7,1869900,701175,74.35,3865200,1791900
28-04-2025 11:57,24411.2,472875,483900,177.35,1872000,711975,75.65,3869100,1791000
28-04-2025 11:57,24414.7,471975,491250,177.4,1862775,720150,75.65,3876000,1777575
28-04-2025 11:57,24410,470400,488850,176.15,1869450,718425,76.05,3878175,1788975
28-04-2025 11:57,24410,468225,490950,174.85,1861425,725400,77,3892725,1782375
28-04-2025 11:57,24406,466950,489825,173.65,1869150,727650,77.25,3897525,1773525
28-04-2025 11:58,24407,478050,494550,175.6,1870350,723825,76.8,3896175,1785825
28-04-2025 11:58,24403.6,477450,497550,174.6,1876500,729750,77.3,3910275,1780050
28-04-2025 11:58,24403.6,476100,500025,172.55,1877400,732750,78.2,3910200,1782750
28-04-2025 11:58,0,0,0,171,1864650,732300,78.85,3912225,1764975
28-04-2025 11:58,24403,485325,502275,174.2,1860300,737475,77.65,3907650,1719825
28-04-2025 11:58,24404.5,486975,501750,174.2,1852350,721650,77.7,3883650,1740075
28-04-2025 11:59,24407.4,485325,496425,176.8,1861950,719550,76.2,3881850,1758075
28-04-2025 11:59,24411.4,484725,495975,178.85,1858050,704250,75.3,3867900,1761600
28-04-2025 11:59,24411,481650,498075,177,1857300,712275,76.55,3867750,1762575
28-04-2025 11:59,24410,482400,497850,177.05,1854975,721200,76.5,3870975,1784100
28-04-2025 11:59,24412,483375,495900,180,1864200,717450,74.55,3867450,1797225
28-04-2025 11:59,24412,482325,496425,178.4,1867650,692850,75.2,3862800,1802550
28-04-2025 12:00,24411.6,481500,496725,179,1863900,695925,74.35,3862200,1806225
28-04-2025 12:00,24414,481800,496650,180.25,1866450,696975,73.75,3855375,1812000
28-04-2025 12:00,24415,483975,497025,181.7,1869675,680700,73.3,3835575,1817550
28-04-2025 12:00,24415.1,484350,495225,181.8,1878525,661650,73.1,3834675,1809750
28-04-2025 12:00,24418,484425,494400,181.4,1875975,660150,73.5,3848325,1811250
28-04-2025 12:00,24416,483825,494250,182.05,1882800,657825,72.65,3851775,1815000
28-04-2025 12:01,24415.2,482625,493875,181.5,1887075,661200,72.85,3855375,1814025
28-04-2025 12:01,24418,484125,493800,182.95,1890900,657975,72,3863625,1824675
28-04-2025 12:01,24416.5,485025,496500,181.9,1894425,651375,72.55,3858975,1822125
28-04-2025 12:01,24412.6,486450,498375,179.65,1894725,673500,73.35,3854625,1826025
28-04-2025 12:01,24414,490275,501000,179.7,1866900,690675,73.4,3851325,1820250
28-04-2025 12:01,24416.4,489600,497325,181.55,1883400,669750,72.55,3857025,1830600
28-04-2025 12:02,24419,491325,494850,183,1885200,664950,71,3859500,1825500
28-04-2025 12:02,24415.1,485100,497625,181.6,1885725,660525,72.55,3812850,1822425
28-04-2025 12:02,24415.1,487275,496200,180.35,1890750,668100,72.75,3835125,1829925
28-04-2025 12:02,24415.1,483075,497700,178.8,1881000,678675,73.35,3848025,1824375
28-04-2025 12:02,24415.1,483900,497475,181,1883775,680625,72.2,3851025,1832475
28-04-2025 12:02,24412.8,484950,502350,178.1,1888125,689100,74.5,3853875,1833525
28-04-2025 12:03,24412.8,486150,501750,178.35,1884900,683250,73.75,3866625,1823250
28-04-2025 12:03,24411.1,486750,501375,178.2,1874850,688050,73.4,3869025,1824900
28-04-2025 12:03,24412.8,487200,501900,179.35,1879275,685350,73.2,3862275,1837275
28-04-2025 12:03,24412.8,488025,501675,179.65,1883175,685050,73,3869925,1837275
28-04-2025 12:03,24409.2,489150,506100,176.4,1889100,691725,74.7,3888375,1837350
28-04-2025 12:03,24409.1,489300,506325,176.5,1882875,695250,74.3,3888300,1845450
28-04-2025 12:04,24405.7,481200,506625,174.95,1890825,698625,75.1,3890100,1840650
28-04-2025 12:04,24407.1,488175,507075,174,1881000,708750,76,3898125,1817325
28-04-2025 12:04,24409.2,487950,504525,174.75,1892775,706875,75.7,3891525,1804800
28-04-2025 12:04,24405.7,480075,513825,173.45,1887225,710400,76.7,3899850,1794450
28-04-2025 12:04,24403,476400,509475,170.6,1884000,708825,78.45,3910500,1790925
28-04-2025 12:04,24405,478200,508800,173.2,1824600,711000,77.6,3910875,1763925
28-04-2025 12:05,24405.7,483750,504525,174.9,1841250,711750,76.9,3896400,1777875
28-04-2025 12:05,24412.8,482475,502800,175.75,1845225,706950,75.5,3899925,1787250
28-04-2025 12:05,24404.6,484800,508275,175.05,1845525,714675,76.9,3901725,1785975
28-04-2025 12:05,24404.2,487050,504375,174.9,1853400,724950,76,3908850,1796850
28-04-2025 12:05,24404.2,478275,503475,175.15,1853850,738750,76.4,3906600,1796325
28-04-2025 12:05,24404,476100,505950,173.35,1862325,735375,76.95,3896850,1798125
28-04-2025 12:06,24410.7,483225,504975,174.75,1846875,742425,76.15,3894750,1783200
28-04-2025 12:06,24407.2,487950,504525,177.25,1856550,741750,75.05,3892350,1774050
28-04-2025 12:06,24409.2,481050,501900,178.05,1862775,727875,74.15,3874125,1777050
28-04-2025 12:06,24414.8,482250,502425,177.85,1862625,725400,75,3872475,1775625
28-04-2025 12:06,24416.1,483000,501150,178.15,1864650,733350,74.35,3877125,1780575
28-04-2025 12:06,24405.7,478575,505050,175.25,1854750,751650,76.35,3889275,1767600
28-04-2025 12:07,24409.1,487875,503100,177.75,1861425,745725,74.4,3882150,1780200
28-04-2025 12:07,24409.1,486600,501975,178.2,1862625,745350,74.35,3881250,1789350
28-04-2025 12:07,24418,488550,503700,180,1866900,737400,73.25,3874200,1790175
28-04-2025 12:07,24412,489600,501000,179.45,1873125,716550,72.95,3859425,1796850
28-04-2025 12:07,0,0,0,179.35,1871925,712875,73.05,3861075,1795725
28-04-2025 12:07,24416.1,479775,502275,178.6,1869825,694800,73.55,3859875,1796775
28-04-2025 12:08,24410,484650,507750,177.15,1864800,709125,74.1,3869625,1797600
28-04-2025 12:08,24410.2,478050,505275,176.9,1866825,716700,74.6,3880875,1793325
28-04-2025 12:08,24409.5,483750,509625,176.75,1869975,716100,74.7,3880275,1794900
28-04-2025 12:08,24408,478950,504300,176.65,1880775,720825,74.75,3886950,1799400
28-04-2025 12:08,24409.1,480450,503400,177.3,1894875,725325,74.5,3885600,1806975
28-04-2025 12:08,24401.3,478425,510675,171,1892700,727875,77.8,3894375,1794600
28-04-2025 12:09,24403.8,469875,511725,169.2,1828425,734025,81,3881550,1748100
28-04-2025 12:09,24400,474000,511950,168.65,1817700,731100,78.75,3889575,1668675
28-04-2025 12:09,24396.2,471675,510900,167,1817925,732975,80.25,3874425,1674300
28-04-2025 12:09,24396.8,472800,510450,168.9,1820025,738000,79.35,3862425,1690575
28-04-2025 12:09,24396.8,470250,510150,167.35,1821600,748875,80,3864000,1690950
28-04-2025 12:09,24401.3,480300,508950,172.5,1841475,740775,77.6,3848175,1702200
28-04-2025 12:10,24402.9,477150,504000,173.7,1849125,720150,76.35,3840750,1725975
28-04-2025 12:10,24402.1,477450,506100,171.8,1847925,731625,77.6,3857250,1726350
28-04-2025 12:10,24402.1,477600,507525,170.95,1849275,733875,77.9,3867900,1726500
28-04-2025 12:10,24403,483150,506625,171,1852275,739350,78,3900375,1725825
28-04-2025 12:10,24402,482100,507225,170.3,1853550,746625,78,3893100,1725300
28-04-2025 12:10,24402,485400,507975,170.95,1854225,744675,77.3,3895500,1733175
28-04-2025 12:11,24404,487650,507975,174,1862175,746400,76.35,3891150,1744425
28-04-2025 12:11,24410,492075,505425,177.6,1871175,737700,74.7,3871425,1743600
28-04-2025 12:11,24415,489975,499200,178.85,1867125,709350,74.25,3846600,1745625
28-04-2025 12:11,24414.8,482175,499425,177.95,1864350,715650,74.1,3858600,1743975
28-04-2025 12:11,24411,486750,501300,177.25,1862325,720900,74.25,3862425,1743825
28-04-2025 12:11,24411,489525,500175,178.5,1858725,718350,73.25,3864375,1751400
28-04-2025 12:12,24411,489150,500100,178.6,1856475,723675,73.05,3875250,1755075
28-04-2025 12:12,24412.8,490500,500175,178.75,1860750,720900,73.05,3874200,1755075
28-04-2025 12:12,24414.6,482100,501150,177.45,1860225,695775,73.6,3864075,1758225
28-04-2025 12:12,24415,479025,501150,178.1,1867575,701850,73.5,3888600,1765350
28-04-2025 12:12,24415,477375,501150,177.45,1874850,719625,73.75,3895200,1771575
28-04-2025 12:12,24415,479550,500325,178.95,1875525,716025,72.95,3893550,1784400
28-04-2025 12:13,24416,484350,500175,179.65,1883700,715200,72.25,3897750,1777575
28-04-2025 12:13,24414.6,485775,499125,180,1888425,704025,72.75,3901875,1778775
28-04-2025 12:13,24414.1,485250,499125,180.3,1881375,702825,72.6,3903375,1777500
28-04-2025 12:13,24414.3,490275,499125,180,1882950,697425,72.45,3904650,1781850
28-04-2025 12:13,24414.2,488025,500325,180.6,1880025,703425,72.2,3921075,1773525
28-04-2025 12:13,24414.8,488850,499500,181.05,1882275,698850,72.55,3901650,1782825
28-04-2025 12:14,24418,485250,500700,179.95,1883250,700575,72.9,3889350,1787700
28-04-2025 12:14,24419.7,488625,500625,181.55,1877925,701175,72,3897975,1796100
28-04-2025 12:14,24416.6,488475,498300,183.15,1883775,667650,71.4,3892425,1800000
28-04-2025 12:14,24418,485175,498225,181.35,1879200,666675,72.05,3888900,1801725
28-04-2025 12:14,24420,489900,499500,180.25,1881375,686700,72.5,3901275,1792650
28-04-2025 12:14,24416,489075,500625,180.8,1877100,692025,72,3908700,1803525
28-04-2025 12:15,24414,493050,500550,179.8,1877700,694275,72.2,3913800,1807950
28-04-2025 12:15,24417,494625,500025,180.9,1877700,698625,71.85,3918150,1831800
28-04-2025 12:15,24414,495300,499725,181.75,1883250,695700,72.05,3903150,1855875
28-04-2025 12:15,24414,492075,501750,181.4,1891500,696675,71.9,3910350,1859625
28-04-2025 12:15,24436.8,492300,497550,192.1,1940550,695100,67.5,3907650,1939650
28-04-2025 12:15,24438,497175,441975,197.9,1927725,462900,68.1,3677775,1936500
28-04-2025 12:16,24439.7,496050,437925,198.3,1921200,405375,65.95,3673950,1915350
28-04-2025 12:16,24437,494550,436125,199.05,1913775,384150,65.85,3686025,1906575
28-04-2025 12:16,24437.4,497025,433875,199.15,1916175,380625,65.3,3695475,1900275
28-04-2025 12:16,24434,495975,438300,195.5,1915350,402075,67,3726975,1900725
28-04-2025 12:16,24437.4,504225,439050,197.55,1891950,412200,66,3737325,1879200
28-04-2025 12:16,24437.4,498600,436650,199.1,1903425,409725,65.1,3726525,1897500
28-04-2025 12:17,24444,511350,438975,202.55,1912200,394500,64.45,3738525,1891350
28-04-2025 12:17,24443,500325,423450,202.25,1900200,368325,64.95,3658425,1874250
28-04-2025 12:17,24449.9,509025,412275,206.8,1906800,372225,63.2,3658125,1890525
28-04-2025 12:17,24450,504225,402900,207.05,1908450,360075,63,3632025,1887975
28-04-2025 12:17,24448,498975,406875,204.65,1887300,374925,63.95,3650100,1849350
28-04-2025 12:17,24449,497625,407025,203.75,1888950,389625,64.3,3668025,1829700
28-04-2025 12:18,24449.9,505350,406500,207.2,1899900,393000,63.2,3652200,1834950
28-04-2025 12:18,24450,506700,402900,206.95,1909125,387600,62.75,3641175,1836750
28-04-2025 12:18,24457.3,508725,394200,210.45,1915425,375525,61.75,3639450,1836225
28-04-2025 12:18,24453.2,514350,392025,210.4,1920000,335175,61.25,3620175,1838475
28-04-2025 12:18,24456.9,504375,402300,211.25,1907175,343950,61.95,3634425,1834500
28-04-2025 12:18,24459,505875,401925,215,1911525,340725,61.65,3647550,1830975
28-04-2025 12:19,24462.6,508275,395775,214.2,1910475,332475,60.75,3626475,1832025
28-04-2025 12:19,24462,509775,399450,213.95,1909350,340950,60.05,3627375,1818450
28-04-2025 12:19,24459,505950,399300,213.4,1895325,353325,61.35,3561075,1834800
28-04-2025 12:19,24459,502275,402450,211.85,1891800,360375,61.65,3589650,1836375
28-04-2025 12:19,24459,503925,403350,213.7,1887825,360300,61.1,3588900,1845675
28-04-2025 12:19,24462.8,506100,404850,214.7,1890750,364350,61.1,3593025,1855575
28-04-2025 12:20,24462.2,504000,402750,215.8,1887375,350775,61.1,3598575,1850850
28-04-2025 12:20,24464.3,506550,406800,215.45,1889700,344250,61.1,3597750,1841925
28-04-2025 12:20,24464.6,504600,410850,215.65,1879425,356025,61.2,3614325,1834650
28-04-2025 12:20,24460.3,502725,409200,215.15,1889475,353325,61.55,3615675,1842075
28-04-2025 12:20,24464.3,502125,409950,214.8,1890675,360450,60.85,3620625,1860900
28-04-2025 12:20,24458,494025,413475,211.65,1876125,374775,62.3,3635475,1852125
28-04-2025 12:21,24456.2,496350,415125,210.55,1841175,379800,62.65,3654450,1816200
28-04-2025 12:21,24455.9,498000,416625,212.25,1847325,383625,62.65,3674250,1831875
28-04-2025 12:21,24456.2,493950,420750,210.6,1848150,386100,63.1,3684975,1849950
28-04-2025 12:21,24452.9,491700,423150,205.8,1842450,394125,64.35,3670725,1863675
28-04-2025 12:21,24450.1,494925,424050,207.25,1829775,396600,63.75,3687075,1875900
28-04-2025 12:21,24451.7,501300,422775,208.9,1840575,396525,63.25,3683850,1887300
28-04-2025 12:22,24457.6,496875,422925,208.8,1845675,401475,63.65,3697425,1876800
28-04-2025 12:22,24457,498225,421275,211,1849800,404550,63,3699975,1884000
28-04-2025 12:22,24458,502050,421275,210.95,1856250,406950,63,3699000,1893450
28-04-2025 12:22,24459,499800,421425,213,1860000,409575,62.25,3698625,1902975
28-04-2025 12:22,24456.5,502950,422550,212.2,1856550,409050,62.75,3699900,1906650
28-04-2025 12:22,24458,499200,424050,213.05,1858650,416325,62.7,3720750,1897650
28-04-2025 12:23,24455.3,498375,424575,211.65,1858725,422550,63.15,3722550,1901250
28-04-2025 12:23,24453.7,515250,427050,209.55,1861425,432450,63.8,3733875,1905225
28-04-2025 12:23,24456.7,522150,427425,211,1834950,428100,63.2,3727950,1913250
28-04-2025 12:23,24453.6,524175,430425,210.6,1831575,433575,63.35,3734325,1902300
28-04-2025 12:23,24457.4,521625,430875,208.8,1831275,436200,63.65,3742800,1902000
28-04-2025 12:23,24456.7,515025,431775,208.5,1830225,442725,63.9,3741750,1911375
28-04-2025 12:24,24451.6,525975,430800,209.25,1828275,444525,63.95,3743325,1909350
28-04-2025 12:24,24455.6,526200,430800,208.6,1832775,441825,63.9,3753675,1927875
28-04-2025 12:24,24457,520950,431850,209.8,1826700,452025,63.8,3757050,1922400
28-04-2025 12:24,24452,520275,431100,210,1828500,452100,63.8,3747975,1923975
28-04-2025 12:24,24452,517575,432825,208.65,1833525,458100,64,3761625,1916175
28-04-2025 12:24,24452,524775,433500,209,1846575,456900,63.9,3759075,1932300
28-04-2025 12:25,24452,528375,434025,209.4,1836600,452475,63.35,3747825,1931700
28-04-2025 12:25,24450,524475,435825,207.35,1836900,454875,63.9,3750900,1922850
28-04-2025 12:25,24450.5,523875,436125,209.75,1837875,457050,63.5,3752475,1911000
28-04-2025 12:25,24450.9,530025,434325,210,1841700,452925,63.5,3751425,1925475
28-04-2025 12:25,24452.6,535050,434325,211.25,1835550,448500,63.15,3752775,1928025
28-04-2025 12:25,24453,524175,434550,209.55,1840800,436200,63.95,3730800,1923450
28-04-2025 12:26,24458,530175,432750,212.5,1840200,433800,63.25,3728250,1930950
28-04-2025 12:26,24457.1,529050,435225,210,1849950,427500,63.7,3728775,1938075
28-04-2025 12:26,24452.3,534375,435000,210.8,1839750,426150,63.25,3730500,1942800
28-04-2025 12:26,24458,529500,437400,211.25,1833750,427500,63,3728700,1934700
28-04-2025 12:26,24458.1,530250,434550,209.75,1834650,434625,63.6,3722100,1936050
28-04-2025 12:26,24457,523950,433950,211.8,1826700,440325,62.75,3731775,1941900
28-04-2025 12:27,24451.6,526950,435600,208.65,1829925,440850,63.6,3739275,1952850
28-04-2025 12:27,24454,532425,435825,211.3,1830600,447675,62.9,3736125,1952400
28-04-2025 12:27,24456,531975,434625,211.9,1833900,447600,63,3736500,1967025
28-04-2025 12:27,24455.5,530550,434175,213.15,1839225,440925,62.8,3734250,1957425
28-04-2025 12:27,24456,529050,434700,210.8,1834725,443550,63.8,3749100,1960575
28-04-2025 12:27,24456,524775,434100,212.1,1838325,446175,63.6,3753825,1958400
28-04-2025 12:28,24457,528750,433575,213.35,1838625,447675,63.7,3758550,1933650
28-04-2025 12:28,24456.3,530325,433200,217.7,1856625,439275,64.15,3762225,1946775
28-04-2025 12:28,24461.5,525675,431625,221.95,1834200,391950,63,3768225,1956450
28-04-2025 12:28,24465,526350,426600,222,1850325,319125,63.5,3737625,1959750
28-04-2025 12:28,24465,528825,425850,222.85,1830375,330300,62.35,3736950,1980525
28-04-2025 12:28,24465.3,527250,424125,223.25,1828575,330300,61.8,3724125,1986000
28-04-2025 12:29,24467.1,528300,421500,222.95,1837050,330825,61.55,3696900,1977975
28-04-2025 12:29,24465,526350,418425,219.9,1832625,322725,62.55,3707625,1976400
28-04-2025 12:29,24468,534750,419100,222.5,1821075,321525,61.1,3706275,1982400
28-04-2025 12:29,24466,526575,416925,221.7,1822800,328650,61.6,3728775,1989525
28-04-2025 12:29,24465,523800,417525,222,1817775,340575,61.5,3747300,1973775
28-04-2025 12:29,24470,528300,415575,225.35,1818075,339000,60.6,3733650,1972275
28-04-2025 12:30,24470,535200,409725,224.95,1835550,310950,60.2,3646350,1978275
28-04-2025 12:30,24470.5,537975,406725,223.5,1825800,316350,60,3651375,1988475
28-04-2025 12:30,24470.5,534750,405975,223.5,1807500,319800,60.85,3661875,2000250
28-04-2025 12:30,24465.8,534600,405675,221.8,1802925,327075,61.1,3679875,1971450
28-04-2025 12:30,24465.1,528975,407850,221.75,1792050,326700,61.45,3693450,1968225
28-04-2025 12:30,24465,526875,409125,220.35,1790850,330375,61.9,3694275,1974150
28-04-2025 12:31,24465.5,526275,408300,222.55,1780575,331500,61.1,3700200,1987500
28-04-2025 12:31,24466.5,522900,412200,218.7,1782300,335175,62.4,3703950,1998075
28-04-2025 12:31,24460.7,521550,412275,218.5,1771125,349875,62.5,3730500,1972125
28-04-2025 12:31,24461.4,526200,406875,219.95,1771800,342300,62.4,3733125,1968600
28-04-2025 12:31,24461.3,523125,408975,220,1780500,347700,62.3,3726225,1985025
28-04-2025 12:31,24461.7,528900,408825,220.1,1786350,350775,61.85,3720825,1994700
28-04-2025 12:32,24462.2,525450,426150,220.4,1785525,346800,61.8,3694125,2009325
28-04-2025 12:32,24463.2,527775,426450,219.9,1785300,346200,61.65,3700650,2015475
28-04-2025 12:32,24459.8,532500,431025,217.25,1776750,352200,62.15,3717975,2001075
28-04-2025 12:32,24460.1,532050,429300,218,1776750,366375,62.15,3720675,1999425
28-04-2025 12:32,24465,535350,429525,222.8,1783425,358575,61.1,3716400,2016000
28-04-2025 12:32,24464.1,530775,423600,220.8,1784850,332025,61.4,3697725,2010225
28-04-2025 12:33,24467,531825,419775,222.2,1780800,331650,61.25,3703125,2007900
28-04-2025 12:33,24468,533325,418950,224.7,1783725,333150,60.3,3701400,2018475
28-04-2025 12:33,24468,531000,420150,221.6,1787625,335775,61.1,3702675,2005650
28-04-2025 12:33,24469.8,533850,420150,222.2,1788750,339075,60.9,3711900,2015025
28-04-2025 12:33,24465.3,534600,420825,221.75,1788675,345375,60.8,3710700,2020800
28-04-2025 12:33,24467,531375,423375,221.5,1787175,344925,60.6,3708975,2023575
28-04-2025 12:34,24469.8,535800,413475,224.75,1788600,343725,60.3,3714825,2026500
28-04-2025 12:34,24470,533625,419850,224.2,1789800,330900,60.4,3709875,2024475
28-04-2025 12:34,24468.1,529050,403200,223.8,1792725,330075,60.25,3687450,2034750
28-04-2025 12:34,24474,529125,403500,223.65,1789575,331050,60.4,3692400,2029800
28-04-2025 12:34,24473,529950,400875,225.35,1788300,331350,60.4,3695025,2025150
28-04-2025 12:34,24470.2,529725,402000,224.8,1789650,318825,60.55,3705450,2025750
28-04-2025 12:35,24470.5,528750,405075,221.05,1786575,326775,61.7,3716775,2022075
28-04-2025 12:35,24465.2,527400,408975,220.25,1773825,334800,62,3726675,1995225
28-04-2025 12:35,24469.8,532725,407850,223.45,1774125,335400,61.25,3721125,2016525
28-04-2025 12:35,24465.7,528000,406650,223.55,1777950,334200,61.55,3721950,2013000
28-04-2025 12:35,24467.1,530925,404325,223.1,1784850,330375,61.6,3719175,2026350
28-04-2025 12:35,24467.6,531225,404100,224.85,1788150,329775,61.45,3721275,2018175
28-04-2025 12:36,24470,531900,403725,226.05,1788075,324525,61.05,3714450,2025975
28-04-2025 12:36,24470,532125,404700,226,1790700,312675,61.35,3712275,2022000
28-04-2025 12:36,24472,533250,404400,225,1783200,318075,61.55,3723375,2016675
28-04-2025 12:36,24470,531150,406875,225.8,1784475,318375,61.6,3720975,2018775
28-04-2025 12:36,24470.2,531975,403725,226.6,1801050,318975,61.65,3720525,2014725
28-04-2025 12:36,24470.1,528975,405600,225.65,1802925,320925,62.15,3730125,2016825
28-04-2025 12:37,24470.1,526350,407475,224.45,1775775,324675,62.25,3731175,2010375
28-04-2025 12:37,24470,526350,409125,225.3,1774275,324675,62.35,3737700,2008875
28-04-2025 12:37,24465.9,526725,410700,223.55,1775475,324750,62.6,3730200,2011875
28-04-2025 12:37,24470,529725,413100,223.15,1770750,326550,62.35,3734700,2022675
28-04-2025 12:37,24465.2,528300,417300,223.4,1767150,329100,62.7,3743400,2025675
28-04-2025 12:37,24465.1,529350,415725,222.65,1769250,326700,62.95,3740625,2017425
28-04-2025 12:38,24467.6,538125,416625,223.75,1769850,328500,62.55,3751050,2026575
28-04-2025 12:38,24465.4,528375,415275,222.7,1767000,331725,62.85,3739350,2015925
28-04-2025 12:38,24466.5,530775,416475,222.65,1769775,331575,62.75,3743925,2023575
28-04-2025 12:38,24467,530850,414525,224.5,1776675,333975,62.3,3750300,2040525
28-04-2025 12:38,24465,530325,420225,220,1771050,345150,63.5,3757725,2029425
28-04-2025 12:38,24456.4,528300,421500,215.4,1747125,343800,64.15,3771225,1984350
28-04-2025 12:39,24458.6,537150,430800,216.95,1727175,344325,63.65,3764700,1980450
28-04-2025 12:39,24462,529875,428700,218.75,1729425,336975,63.25,3740025,2001525
28-04-2025 12:39,24460.1,527775,413850,217.85,1735800,343350,63.45,3737100,1995825
28-04-2025 12:39,24465,533700,413775,218.3,1748625,345150,63.3,3737550,2009700
28-04-2025 12:39,24468.6,534150,416325,220.25,1754175,341550,62.45,3736200,2009925
28-04-2025 12:39,24465.3,530550,415350,221.4,1754025,339375,62.5,3733275,2019075
28-04-2025 12:40,24465.4,525675,416175,219.25,1753350,346125,62.65,3729825,2015475
28-04-2025 12:40,24467.8,527325,415800,219.55,1747425,348900,62.25,3734400,2019000
28-04-2025 12:40,24468.8,528150,413175,221.25,1841175,350625,61.8,3714750,2023650
28-04-2025 12:40,24468,528225,416250,220.95,1857225,351150,61.95,3723900,2025150
28-04-2025 12:40,24465.8,529050,417075,219.5,1756500,360225,62.35,3728400,2026425
28-04-2025 12:40,24467.1,530250,415650,220.6,1761000,360225,61.3,3719475,2036325
28-04-2025 12:41,24469.8,529500,413100,220,1757475,364125,61.65,3739650,2033475
28-04-2025 12:41,24468.1,530100,412125,222,1757175,363375,61.4,3723075,2038050
28-04-2025 12:41,24466.2,530625,416550,219.65,1757100,357825,61.5,3726600,2040975
28-04-2025 12:41,24468.1,529875,416325,218.75,1751175,362325,61.65,3736425,2042250
28-04-2025 12:41,24465.3,527625,419550,218.35,1747425,356100,62.25,3745725,2015100
28-04-2025 12:41,24465.3,527175,415425,219.8,1752000,352650,61.85,3741525,2039850
28-04-2025 12:42,24461.9,528225,416100,218.2,1750125,359475,62.35,3737175,2050425
28-04-2025 12:42,24461.9,526200,417525,217.7,1750950,357075,62.4,3737475,2042175
28-04-2025 12:42,24460.1,524700,419775,216.1,1751925,361275,62.65,3744300,2043825
28-04-2025 12:42,24458.5,527550,420375,215.55,1744500,361200,62.85,3737700,2020725
28-04-2025 12:42,24453.2,521700,419625,208.5,1742325,362850,64.95,3745500,2014800
28-04-2025 12:42,24455.3,524325,420075,208.3,1691400,361125,65.1,3755775,1937400
28-04-2025 12:43,24455,521700,420150,210.8,1698375,362550,64.6,3751350,1942125
28-04-2025 12:43,24455,525750,418875,210.9,1700400,359175,64.4,3751275,1954050
28-04-2025 12:43,24463,527775,415275,214.85,1723050,358125,63,3745050,1981350
28-04-2025 12:43,24462,525975,416475,213.25,1725075,351600,63.5,3730050,1976025
28-04-2025 12:43,24462,527250,418050,214.5,1732275,354600,62.95,3728025,1976250
28-04-2025 12:43,24463.6,525825,420375,215,1725450,360375,62.65,3726900,1981350
28-04-2025 12:44,24463.1,522525,417825,214.65,1723200,365325,62.7,3737700,1973550
28-04-2025 12:44,24465,522450,416100,216.05,1730100,363225,62.5,3732000,1982625
28-04-2025 12:44,24466.3,522750,414600,218.35,1733475,365775,61.6,3752550,1978575
28-04-2025 12:44,24467.6,526200,410325,220.3,1735575,350025,61.35,3714300,1986000
28-04-2025 12:44,24466,527400,409800,219.55,1732500,337800,61.05,3722850,1996200
28-04-2025 12:44,24469,524475,409425,220.7,1726200,338175,60.55,3716100,2000400
28-04-2025 12:45,24467.8,523950,415425,217.75,1727550,358125,61.65,3725400,1984200
28-04-2025 12:45,24466.6,528075,416250,216.55,1723725,360600,61.75,3722025,1983150
28-04-2025 12:45,24467.5,528300,414825,217.5,1721850,360375,61,3722775,1997925
28-04-2025 12:45,24463.8,527550,411300,220.25,1727400,346650,60.4,3717975,1992525
28-04-2025 12:45,24467.7,528600,408750,220.7,1726050,345000,59.85,3722625,1993200
28-04-2025 12:45,24466.1,528150,409425,221.75,1723350,323100,59.55,3652575,1993950
28-04-2025 12:46,24468.5,533625,409650,222.85,1731075,323325,59.05,3659925,2006175
28-04-2025 12:46,24469,525825,410250,221.45,1732650,328725,59.4,3660825,2018175
28-04-2025 12:46,24466.6,531900,409050,221.35,1732800,328125,59.05,3675225,2006775
28-04-2025 12:46,24467.7,542775,408600,222,1733250,329550,58.9,3665175,2041275
28-04-2025 12:46,24469.9,539625,410625,219.7,1726125,332250,59.6,3673875,2005875
28-04-2025 12:46,24465,529425,410400,217.9,1716375,330225,60.25,3686400,2008650
28-04-2025 12:47,24462.7,525975,411675,218.2,1716975,332700,60.05,3704925,2003475
28-04-2025 12:47,24468.2,532275,408750,219.8,1722600,332100,59.8,3706725,2010300
28-04-2025 12:47,24468.2,534525,405975,221.3,1720575,330000,59.45,3688050,2013825
28-04-2025 12:47,24468,534300,404850,222.35,1724550,338325,59.25,3694200,2021100
28-04-2025 12:47,24466.7,534450,409200,220.55,1724325,334725,59.75,3708225,2009400
28-04-2025 12:47,24464.1,528000,408825,219,1719300,342000,60.2,3723525,2007150
28-04-2025 12:48,24464.4,531825,407550,220.45,1719525,343650,59.85,3719025,2010750
28-04-2025 12:48,24469.9,532125,408150,220.55,1716525,346500,59.7,3722100,2018175
28-04-2025 12:48,24462,527775,408825,218.95,1714650,349050,60.3,3731250,2023500
28-04-2025 12:48,24462.5,527625,411450,219.2,1717800,352575,60.4,3733575,2011125
28-04-2025 12:48,24465,528225,410925,219,1718175,350700,60.45,3728850,2011500
28-04-2025 12:48,24464.9,530925,408825,220,1732575,351750,60,3732600,2017125
28-04-2025 12:49,24470,531600,409125,221.4,1737600,347475,59.85,3731925,2017500
28-04-2025 12:49,24469.8,529575,407925,221.35,1745325,345900,59.65,3720900,2024475
28-04-2025 12:49,24467,529725,407625,222.1,1744725,347325,59.4,3719025,2022675
28-04-2025 12:49,24465,528150,411750,219.3,1737000,331125,60.15,3741300,2016600
28-04-2025 12:49,24469.3,527400,414525,218.35,1724325,329475,60.45,3739275,2004750
28-04-2025 12:49,24466.2,527400,410250,219.75,1726575,336000,59.8,3751050,2012550
28-04-2025 12:50,24467.9,529050,407775,221.8,1726575,341400,59.65,3735300,2022600
28-04-2025 12:50,24469.2,532275,408300,222.4,1725975,337350,59.55,3739125,2025525
28-04-2025 12:50,24465.4,534000,409200,222,1734450,325875,59.35,3743550,2019900
28-04-2025 12:50,24466,527400,408975,221.25,1734075,332100,60.75,3754425,2012625
28-04-2025 12:50,24465,522675,411225,218.3,1733850,337950,61.15,3778425,1992375
28-04-2025 12:50,24469.4,527925,408900,220.1,1716975,341925,60.9,3765675,2004450
28-04-2025 12:51,24470,526200,407775,221.5,1719000,336375,60.8,3764550,2008725
28-04-2025 12:51,24468,527250,408075,222.8,1719825,333150,60.3,3757650,2012625
28-04-2025 12:51,24469,527775,407775,222.15,1715325,330000,60.65,3762075,2012550
28-04-2025 12:51,24469,527475,405300,222.3,1714500,330750,60.75,3762375,2011275
28-04-2025 12:51,24469,527250,423600,222,1716600,342825,61.2,3762825,2010000
28-04-2025 12:51,24469,527850,423900,223.4,1714200,336000,60.95,3771975,2006700
28-04-2025 12:52,24469.3,529725,422325,223.85,1717350,321900,60.3,3768750,2009625
28-04-2025 12:52,24469.3,530550,415425,224.15,1719075,321150,60.35,3756900,2016450
28-04-2025 12:52,24467.7,526500,406125,223.95,1719900,313200,60.4,3760725,2005200
28-04-2025 12:52,24466.1,526425,406575,222.2,1719075,315525,60.8,3766650,2003250
28-04-2025 12:52,24470,527025,406875,223.15,1715175,313500,60.3,3764025,2001225
28-04-2025 12:52,24469.6,528300,404925,224.55,1719525,314025,60,3757425,2003775
28-04-2025 12:53,24470,529650,405900,224.15,1721700,312750,59.65,3762600,2003475
28-04-2025 12:53,24468.4,527550,406725,223.45,1716975,314100,59.75,3778950,2015850
28-04-2025 12:53,24468,527775,415950,223.05,1715625,314550,59.95,3776625,2005500
28-04-2025 12:53,24468.9,527400,433875,224.05,1719675,314250,59.75,3774675,2003475
28-04-2025 12:53,24469,527250,471525,222,1715775,319350,60.25,3788025,1987200
28-04-2025 12:53,24466.8,526500,494925,222.05,1716450,318975,60.4,3785250,1986525
28-04-2025 12:54,24465.1,527250,502125,220,1715700,319650,60.75,3792450,1988625
28-04-2025 12:54,24466,523200,503400,219.55,1704300,319725,60.9,3802575,1985850
28-04-2025 12:54,24463.3,525450,505650,218.3,1702050,324525,61,3795000,1991100
28-04-2025 12:54,24464.1,527100,506400,218.35,1703325,333375,61.1,3786150,1996725
28-04-2025 12:54,24463,524625,506250,216.4,1703475,335025,61.7,3796575,1996650
28-04-2025 12:54,24460.2,522975,507150,216.75,1705500,328425,61.55,3797925,1991475
28-04-2025 12:55,24462.2,528075,504900,218.5,1710975,328425,61.4,3787275,1996950
28-04-2025 12:55,24460.7,525975,505275,218,1710450,326925,61.65,3789150,1998225
28-04-2025 12:55,24460.4,527175,506775,217.05,1708800,325500,62.1,3797700,1984050
28-04-2025 12:55,24460.2,525825,506925,216.45,1711500,334650,62.15,3787950,1979775
28-04-2025 12:55,24460.2,524850,506325,215.85,1710300,338025,62.5,3787725,1976775
28-04-2025 12:55,24460,526650,506625,217.2,1711875,336900,62.1,3793350,1975125
28-04-2025 12:56,24458.7,525825,506400,217.6,1712025,334800,62.2,3785400,1985025
28-04-2025 12:56,24460,526350,507075,217.1,1714800,335850,62.25,3782700,1993125
28-04-2025 12:56,24460.7,529050,505125,219.1,1720575,339825,61.55,3775650,2000475
28-04-2025 12:56,24463.8,529425,502950,221.5,1722750,331650,61.1,3778200,2010750
28-04-2025 12:56,24468.5,530475,503025,221.85,1724925,333000,60.7,3766350,2023350
28-04-2025 12:56,24465.1,529500,502800,221.65,1726725,334125,61.1,3782025,2021625
28-04-2025 12:57,24467,529350,503475,221.15,1726125,335550,60.95,3777900,2015625
28-04-2025 12:57,24463.3,531600,505275,221.25,1721925,339975,60.7,3776550,2027700
28-04-2025 12:57,24468,531525,502950,223.95,1724475,335925,59.95,3766575,2029650
28-04-2025 12:57,24469.9,531225,502800,224.4,1725525,322725,59.9,3751950,2016150
28-04-2025 12:57,24470,530550,503475,225.05,1722600,325350,59.8,3758400,2024775
28-04-2025 12:57,24470,530550,503250,225.4,1724700,326475,59.9,3766875,1992375
28-04-2025 12:58,24478.5,532200,502350,232.25,1725975,314625,57.4,3755700,1987875
28-04-2025 12:58,24488.6,533325,481050,234.9,1732650,261900,57.25,3653100,1981350
28-04-2025 12:58,24487.1,533925,477825,233.85,1736850,253125,57.4,3662325,2025900
28-04-2025 12:58,24481.2,525150,481725,230.95,1726350,268425,58.05,3700050,1999800
28-04-2025 12:58,24481.2,521550,482850,228.95,1715025,274125,58.45,3712125,1961400
28-04-2025 12:58,24481,523725,481950,230.25,1715325,277350,58.85,3729975,1950675
28-04-2025 12:59,24481.2,524175,486150,231.4,1723725,277050,58.35,3747225,1961625
28-04-2025 12:59,24482.1,526575,486450,231.5,1728300,279825,58.95,3729225,1956450
28-04-2025 12:59,24475.1,521775,490125,227.45,1728525,283200,59.85,3741150,1953450
28-04-2025 12:59,24474.5,525525,492975,227.1,1710975,287100,60,3752400,1947600
28-04-2025 12:59,24475,532650,487575,229.25,1720275,287175,59.1,3738750,1958625
28-04-2025 12:59,24480,534525,486450,227.9,1725525,293100,59,3746550,1965975
28-04-2025 13:00,24476.3,526800,487500,226.85,1725675,299100,58.85,3749175,1970925
28-04-2025 13:00,24476.4,528750,488625,227.1,1726200,303450,59.25,3753975,1961175
28-04-2025 13:00,24477,528750,489750,227.1,1722975,305100,59.05,3762375,1964850
28-04-2025 13:00,0,0,0,227.95,1708800,303900,58.8,3755850,1970025
28-04-2025 13:00,24479,536625,488925,230.3,1711050,303150,58.15,3754800,1979850
28-04-2025 13:00,24480,538500,483300,231.45,1708500,286875,58.25,3755850,1980450
28-04-2025 13:01,24478,533625,493725,230.35,1707525,290325,58.85,3761625,1978875
28-04-2025 13:01,24477.9,533625,492000,230.5,1706475,296925,59.1,3775125,1961550
28-04-2025 13:01,24477,531375,490350,229.1,1706100,298050,59.1,3772650,1967550
28-04-2025 13:01,24475.1,528075,489600,227.25,1699425,301050,59.65,3771675,1958175
28-04-2025 13:01,24475,528300,490650,228,1697100,302625,59.9,3765375,1967025
28-04-2025 13:01,24474.9,526950,493725,226.85,1698375,305475,60,3786225,1959750
28-04-2025 13:02,24472,528075,494025,224.7,1694175,318150,60.55,3773925,1962075
28-04-2025 13:02,24470,524700,495075,223.55,1680525,315150,60.85,3790725,1943850
28-04-2025 13:02,24470,531225,491325,224.7,1686525,303825,61.05,3779700,1946550
28-04-2025 13:02,24467.4,527625,490050,223.05,1687950,303300,61.05,3777450,1940925
28-04-2025 13:02,24468,525225,493200,220.35,1686600,305100,62,3780750,1953450
28-04-2025 13:02,24470,526575,491025,222.85,1677675,304350,61.35,3777975,1950150
28-04-2025 13:03,24472,531375,490200,223.95,1679175,304875,61.2,3765900,1961850
28-04-2025 13:03,24472.6,526875,493650,222.05,1681425,309825,61.6,3763650,1964250
28-04-2025 13:03,24471.2,530250,491550,222.25,1680375,329550,61.5,3768600,1947450
28-04-2025 13:03,24465.9,531000,492375,221.8,1682025,311475,61.25,3761475,1964175
28-04-2025 13:03,24468.8,527325,496800,219.55,1684875,311325,62,3761550,1966425
28-04-2025 13:03,24465,526575,497025,218.8,1657050,314325,62.55,3783750,1924050
28-04-2025 13:04,24461.7,529500,498225,219,1658850,330675,63,3785625,1919550
28-04-2025 13:04,24461.7,532575,500400,214.9,1662225,308325,64,3777000,1913250
28-04-2025 13:04,24456.2,526425,502050,215.35,1640925,307650,63.8,3787800,1898550
28-04-2025 13:04,24456.2,529500,499575,215.9,1651575,310350,63.7,3779700,1910475
28-04-2025 13:04,24460,530700,499800,215.35,1659150,312225,64,3786900,1925625
28-04-2025 13:04,24463,529125,501000,218.15,1662975,311475,63.35,3788400,1938900
28-04-2025 13:05,24462.6,531750,497475,216.9,1662450,306675,63.8,3762000,1918425
28-04-2025 13:05,24460,534975,498825,215.25,1658100,315450,64.7,3770700,1913100
28-04-2025 13:05,24460,534600,500100,216.3,1657425,312975,64.55,3777825,1920300
28-04-2025 13:05,24467.3,545625,496275,220.05,1662675,313350,63,3747900,1942275
28-04-2025 13:05,24467.6,539700,494325,220.45,1701750,304875,63.3,3741525,1939200
28-04-2025 13:05,24468.7,542250,496500,221,1705725,309225,63,3753300,1944150
28-04-2025 13:06,24463.5,542700,495600,220.2,1731900,318975,63.05,3754725,1946475
28-04-2025 13:06,24467.7,541275,495675,218.55,1751625,323400,63.3,3740175,1954425
28-04-2025 13:06,24467.3,536775,495225,218.5,1773150,326100,63.15,3750000,1942125
28-04-2025 13:06,24466.4,540450,495750,218.85,1774650,328950,63.3,3754650,1943550
28-04-2025 13:06,24464.2,539475,495300,220,1783725,320100,62.7,3745050,1950675
28-04-2025 13:06,24462.7,538500,494700,220,1806225,321525,62.75,3755775,1957800
28-04-2025 13:07,24462.3,541200,496425,220,1801950,318450,62.7,3759975,1960125
28-04-2025 13:07,24464,538125,497475,216.6,1804125,324300,63.6,3767025,1960725
28-04-2025 13:07,24453,533550,497550,210.55,1796025,326850,65.75,3784425,1944525
28-04-2025 13:07,24452,533625,496425,212,1771425,322725,65.6,3782025,1867575
28-04-2025 13:07,24447,530100,502575,207.15,1765500,321300,67.15,3783825,1847625
28-04-2025 13:07,24447,537675,498000,208.35,1756425,320625,66.85,3794625,1849125
28-04-2025 13:08,24446.9,537675,498975,208.9,1775550,323250,66.65,3805875,1850250
28-04-2025 13:08,24450,542250,498750,206.35,1786875,320775,67,3773775,1859400
28-04-2025 13:08,24450,546900,496275,209.1,1791750,323025,64.6,3776700,1866600
28-04-2025 13:08,24452,546600,499875,210,1809900,309150,64.45,3741150,1870350
28-04-2025 13:08,24450,544575,499050,210,1808850,308475,64.75,3764025,1871850
28-04-2025 13:08,24454,553575,499650,211,1804200,310200,64.45,3772350,1878150
28-04-2025 13:09,24452.7,551550,497025,210.8,1803150,312750,64.05,3750300,1879950
28-04-2025 13:09,24453.8,548625,497325,212.8,1805850,310725,63,3739500,1892925
28-04-2025 13:09,24461.9,544200,497325,214.25,1813950,314625,63.6,3729150,1893600
28-04-2025 13:09,24460,545400,493725,216.9,1814325,311175,62.7,3747075,1888575
28-04-2025 13:09,24466,547800,494250,216.85,1815000,309150,62.25,3725325,1894500
28-04-2025 13:09,24459.4,550425,492525,218.6,1818150,310575,61.1,3715650,1898250
28-04-2025 13:10,24463,548325,495075,217.65,1814400,312375,62.25,3717750,1901700
28-04-2025 13:10,24463,547575,495750,219.15,1814175,318000,61.9,3729600,1908225
28-04-2025 13:10,24462,547275,495000,218.95,1812300,320850,62.25,3743700,1901850
28-04-2025 13:10,24466.7,550650,494475,221.2,1813500,316950,61.35,3742500,1919325
28-04-2025 13:10,24468.2,550125,495375,223,1817100,301950,61,3728400,1919625
28-04-2025 13:10,24470,549675,493200,224.35,1815750,297825,60.3,3732450,1917750
28-04-2025 13:11,24470,556950,492525,223.55,1815975,295125,60.3,3720000,1921275
28-04-2025 13:11,24472,556125,493050,223.35,1815300,293250,60.25,3729375,1927050
28-04-2025 13:11,24472.2,551925,492600,225,1823625,290850,60.4,3743325,1926600
28-04-2025 13:11,24470,549825,493800,223,1821075,299025,61.3,3757875,1922925
28-04-2025 13:11,24472.3,546825,493875,223.95,1824900,299850,61.2,3756300,1938825
28-04-2025 13:11,24472.2,551100,493575,222.8,1825575,305850,61.1,3747000,1932075
28-04-2025 13:12,24460,547500,498075,215.65,1818225,312975,63.5,3764850,1929825
28-04-2025 13:12,24456,540825,498750,212.55,1787475,309975,64.9,3773550,1881675
28-04-2025 13:12,24458,543225,497850,213.15,1787925,307125,64.7,3751950,1874775
28-04-2025 13:12,24453,540075,498225,211.65,1791600,310200,64.95,3759600,1891125
28-04-2025 13:12,24458.4,541350,499425,210.95,1787475,311775,65.1,3748350,1890300
28-04-2025 13:12,24460.3,546300,497775,213.6,1804575,308250,64.5,3743175,1898850
28-04-2025 13:13,24455.2,546525,496875,213.3,1806600,309750,64.65,3747000,1899450
28-04-2025 13:13,24455.2,544875,496800,213.2,1805475,313725,64.6,3756150,1893525
28-04-2025 13:13,24455.2,544200,499125,211.35,1803525,313575,65,3760875,1900800
28-04-2025 13:13,24458,543075,497775,212.45,1803075,315150,64.3,3761250,1904775
28-04-2025 13:13,24455.1,543525,497625,211.75,1804125,317925,64.45,3740175,1908450
28-04-2025 13:13,24456.7,543975,497100,214,1799700,315525,63.45,3749175,1902900
28-04-2025 13:14,24459.6,548700,496500,215,1808250,310575,63.15,3747225,1903950
28-04-2025 13:14,24460,546975,497775,215.2,1806675,315525,62.7,3755925,1897575
28-04-2025 13:14,24462.1,548775,498000,213.5,1804950,313275,63.35,3760050,1904400
28-04-2025 13:14,24459.1,551025,499275,216,1813200,317100,62.3,3756000,1902000
28-04-2025 13:14,24463,547275,501000,214.5,1814775,316950,62.35,3749625,1905000
28-04-2025 13:14,24458.2,545625,501075,214.75,1814100,320550,62.65,3757650,1903800
28-04-2025 13:15,24456,543300,502500,212.25,1815000,323325,63.9,3763650,1910175
28-04-2025 13:15,24458.9,544425,500850,210.55,1803900,322425,64.95,3770175,1891125
28-04-2025 13:15,24455.1,545775,501150,213.7,1809150,323100,64.15,3766800,1906350
28-04-2025 13:15,24462.1,553500,499725,214.5,1815675,323925,63.5,3765600,1907400
28-04-2025 13:15,24463.7,559950,498150,217.35,1814250,319575,63.3,3771525,1909950
28-04-2025 13:15,24463,558750,499725,217.4,1811175,325425,62.9,3775200,1922925
28-04-2025 13:16,24463,556050,498450,218.25,1806525,327825,62.3,3775800,1932375
28-04-2025 13:16,24463.1,555375,495225,219,1808175,329925,61.85,3755475,1939875
28-04-2025 13:16,24464.2,559200,496200,220.8,1811250,326550,61.55,3759375,1945200
28-04-2025 13:16,24469,560550,497925,219.65,1809675,338925,62,3773250,1938525
28-04-2025 13:16,24465.1,558825,498225,221.35,1812900,339750,61.2,3779250,1939725
28-04-2025 13:16,24469,562650,495075,221.95,1820250,322200,60.8,3761100,1940700
28-04-2025 13:17,24469,556425,497850,221.45,1816050,320775,60.9,3752475,1944675
28-04-2025 13:17,24466,556200,494700,222.2,1828200,319950,60.75,3766125,1946925
28-04-2025 13:17,24469,555225,494700,221,1835850,320100,60.7,3775875,1945950
28-04-2025 13:17,24468.1,552750,495375,222.95,1834350,326850,60.5,3773625,1941225
28-04-2025 13:17,24467,554175,499650,218.9,1832625,334650,62.2,3788850,1934475
28-04-2025 13:17,24469,556425,495750,221.5,1820775,324675,60.85,3764400,1948350
28-04-2025 13:18,24469,555975,499050,219.7,1820475,327750,61.3,3820125,1952025
28-04-2025 13:18,24467.9,550275,502725,219,1818375,332550,61.85,3864750,1944825
28-04-2025 13:18,24465,552900,502425,220.15,1818975,332475,61.75,3831750,1946700
28-04-2025 13:18,24468,553200,500400,219.35,1819800,334200,61.5,3826650,1949025
28-04-2025 13:18,24457.8,551025,502650,213.3,1819050,338175,63.4,3829050,1946850
28-04-2025 13:18,24460,546750,501075,214,1804050,338250,63.25,3822000,1927125
28-04-2025 13:19,24458.6,546900,502200,212.7,1807800,345225,63.95,3823725,1924575
28-04-2025 13:19,24453,540825,507225,207.25,1802550,341400,65.9,3824175,1911675
28-04-2025 13:19,24450,539850,503100,208,1796475,338850,66.2,3818700,1868025
28-04-2025 13:19,24459,544575,502650,211.25,1800450,337500,65.5,3811200,1885200
28-04-2025 13:19,24452.1,545250,499125,209.6,1808025,339600,65.45,3809025,1893000
28-04-2025 13:19,24450,541500,504600,209.3,1801350,339675,66,3817950,1891875
28-04-2025 13:20,24450,541500,503550,207.55,1803525,351300,66,3819975,1888200
28-04-2025 13:20,24455.9,544950,504900,209.35,1805175,350250,65.75,3815175,1902600
28-04-2025 13:20,24450,542850,503625,210.1,1804875,348300,65.4,3807075,1917600
28-04-2025 13:20,24456.4,546075,504000,209,1805700,344475,65.55,3811875,1913175
28-04-2025 13:20,24448.2,541275,506250,207.05,1806525,357375,66.35,3817125,1915425
28-04-2025 13:20,24446.2,541575,503325,206.1,1805100,349575,66.65,3830550,1916925
28-04-2025 13:21,24446.7,544800,502800,208.5,1801950,345675,65.85,3831300,1884600
28-04-2025 13:21,24447.3,546600,502725,208.7,1808250,344625,65.85,3821700,1888275
28-04-2025 13:21,24449.7,553725,501150,207.5,1807500,349800,65.7,3826950,1878150
28-04-2025 13:21,24452.5,547275,496950,212.7,1809225,342075,63.55,3808050,1892625
28-04-2025 13:21,24453.1,549600,494250,213.65,1819050,335925,64,3794550,1900275
28-04-2025 13:21,24454.1,548400,496725,213.35,1815300,335700,63.8,3809100,1890900
28-04-2025 13:22,24457.6,552300,496200,211.8,1816650,340575,63.75,3815475,1908000
28-04-2025 13:22,24459.6,552825,493650,212.95,1815300,340950,63.4,3813900,1912425
28-04-2025 13:22,24460,555975,491925,214.8,1817775,337725,62.55,3769875,1916700
28-04-2025 13:22,24460,550950,497400,214.65,1825650,344625,62.7,3776625,1918950
28-04-2025 13:22,24458,553125,493800,212.6,1822725,345450,63.15,3766875,1924725
28-04-2025 13:22,24456.4,558600,497475,210.6,1816650,353700,63.95,3782400,1912200
28-04-2025 13:23,24458.4,549675,498075,210.5,1802475,351375,64.2,3779475,1913775
28-04-2025 13:23,24456,547050,499875,208.5,1801200,351075,64.85,3777300,1916475
28-04-2025 13:23,24455.5,544725,498900,209.95,1799250,354525,64.9,3779850,1914825
28-04-2025 13:23,24456,551550,498675,213.75,1805925,358125,63.5,3774825,1933350
28-04-2025 13:23,24460,540750,497475,212.75,1810350,349125,63.9,3777300,1930500
28-04-2025 13:23,24456.8,538950,500925,210.15,1806900,353475,64.4,3794700,1930125
28-04-2025 13:24,24462,548700,492450,215.15,1814850,351525,62.7,3789075,1941375
28-04-2025 13:24,24463,548400,492600,217.4,1813500,332100,62.15,3761250,1945950
28-04-2025 13:24,24461.1,549150,493425,217.15,1817925,336525,62,3763500,1962075
28-04-2025 13:24,24460.6,546600,492900,216.9,1815750,340350,61.75,3768525,1960200
28-04-2025 13:24,24465,550950,492075,218.5,1817100,340200,61,3764925,1967400
28-04-2025 13:24,24465.2,549900,492525,217.15,1818300,333000,61.65,3773625,1970175
28-04-2025 13:25,24464,551400,492900,217.1,1815375,336825,61.2,3774975,1976400
28-04-2025 13:25,24465.5,547875,493650,218.75,1811175,338850,60.7,3773925,1977225
28-04-2025 13:25,24465.1,545925,495975,217.2,1807950,343500,61.3,3784350,1961550
28-04-2025 13:25,24460.1,541875,498075,215.6,1808775,343725,61.55,3790200,1961400
28-04-2025 13:25,24465.9,546675,496725,215.9,1807200,346050,61.3,3777900,1968150
28-04-2025 13:25,24461.1,545250,497925,216.55,1811100,345225,61,3786075,1976325
28-04-2025 13:26,24464.2,544950,500625,214.5,1805025,353850,61.35,3789975,1965075
28-04-2025 13:26,24461.1,545250,500550,214.4,1806150,354225,61.35,3789000,1972950
28-04-2025 13:26,24458.7,537750,502500,209.7,1806225,355800,63.6,3801600,1964475
28-04-2025 13:26,24455.3,539100,501975,213.5,1801575,355275,62.4,3792675,1963425
28-04-2025 13:26,24456.3,545925,498450,214.2,1809225,353925,62.55,3786675,1971150
28-04-2025 13:26,24455.9,543150,500025,212.85,1816425,358275,63.15,3800925,1986825
28-04-2025 13:27,24455.9,541050,499800,212.85,1810500,358950,62.95,3807900,1965675
28-04-2025 13:27,24459.2,552075,498825,215.1,1815150,358500,62.25,3800325,1973175
28-04-2025 13:27,24460.9,546525,495150,218,1815225,357600,61.15,3793575,1962675
28-04-2025 13:27,24465,548175,493425,217.85,1821750,343725,61,3785400,1967175
28-04-2025 13:27,24458.5,545475,497700,216.25,1825275,345450,61.8,3801000,1962750
28-04-2025 13:27,24460,547725,498900,215.65,1811925,352275,61.75,3800400,1946400
28-04-2025 13:28,24465,548925,497400,216.65,1815900,347700,61.6,3809775,1956600
28-04-2025 13:28,24461.2,549450,501525,215.9,1818600,349575,61.3,3814500,1973625
28-04-2025 13:28,24465,548400,494025,219.45,1818225,347400,60.15,3787350,1971150
28-04-2025 13:28,24466.8,546150,497400,216.9,1818975,336300,61,3780975,1967175
28-04-2025 13:28,24464.9,545475,503250,215.5,1816875,333300,60.95,3763800,1961700
28-04-2025 13:28,24457.6,539925,503625,213.8,1815000,344775,61.7,3762000,1960275
28-04-2025 13:29,24464.3,552225,502725,215.5,1821225,345150,60.85,3763800,1967925
28-04-2025 13:29,24460.1,544050,501300,215.7,1825725,339000,61.4,3777750,1975125
28-04-2025 13:29,24464,545925,500325,217.35,1826400,336450,60.7,3777600,1969275
28-04-2025 13:29,24462.1,548025,502125,217,1828425,336075,60.55,3777975,1974075
28-04-2025 13:29,24466,545400,497925,217.5,1827600,336600,60.35,3780225,1963050
28-04-2025 13:29,24466.9,548475,498150,217.5,1828800,332475,60.5,3758925,1977525
28-04-2025 13:30,24459.5,543150,502200,215.3,1823850,336600,61,3781125,1974225
28-04-2025 13:30,24456.5,543975,505575,211.55,1821375,341325,62.8,3781950,1968900
28-04-2025 13:30,24455,546075,504600,211.6,1801650,355350,63.1,3784500,1941150
28-04-2025 13:30,24455,547575,499350,212.5,1810050,350325,62.9,3771600,1944675
28-04-2025 13:30,24453.5,549675,502125,212.5,1813950,356550,62.35,3764100,1974225
28-04-2025 13:30,24458,543150,501525,212.1,1813575,364350,62.6,3771300,1972275
28-04-2025 13:31,24455,549975,501375,211.5,1814850,368625,63.4,3776325,1952025
28-04-2025 13:31,24455,543375,502500,211.3,1811100,370650,63.5,3793350,1944375
28-04-2025 13:31,24455,538350,504375,208.8,1797375,366075,64.45,3792600,1945800
28-04-2025 13:31,24455,542625,504600,210.7,1807800,360975,63.35,3786525,1959225
28-04-2025 13:31,24455,545175,503100,211.4,1808700,358050,63.25,3768600,1989450
28-04-2025 13:31,24460,547575,500175,213.9,1811850,358275,62,3766725,1991100
28-04-2025 13:32,24460.8,547725,494325,217.4,1816950,355500,60.75,3755475,1988625
28-04-2025 13:32,24465,547650,495450,218.8,1814925,344400,60,3750750,1992000
28-04-2025 13:32,24466,545700,494925,218.4,1811250,343950,60.25,3743400,1995975
28-04-2025 13:32,24466,544425,499800,217.35,1810350,350550,60.65,3749625,2001150
28-04-2025 13:32,24465.1,543000,501450,215.4,1810650,350625,61.3,3757200,2004525
28-04-2025 13:32,24465,544050,495225,218.95,1818600,350250,60.15,3752325,2023200
28-04-2025 13:33,24469,548925,496950,220.85,1817850,343125,59.1,3742575,2021400
28-04-2025 13:33,24465,547875,496125,220.2,1825200,327675,59.45,3749250,2024850
28-04-2025 13:33,24464.9,551175,497775,220.8,1830300,331950,59.2,3754800,1997325
28-04-2025 13:33,24469.9,550125,503175,219.8,1830600,336525,59.35,3759075,2006175
28-04-2025 13:33,24466,546975,497550,218.75,1816125,341850,59.35,3758775,2014800
28-04-2025 13:33,24466,544875,504225,217,1811625,343350,60.2,3775425,2002275
28-04-2025 13:34,24468,543675,503925,217.2,1812000,348825,60.2,3785100,1997175
28-04-2025 13:34,24469.7,543900,502725,218.9,1821300,347175,59.9,3771300,2001075
28-04-2025 13:34,24469,544425,502050,217.9,1819575,355275,59.9,3768900,2001600
28-04-2025 13:34,24470,559800,502425,219.3,1821300,350925,59.45,3776325,2011875
28-04-2025 13:34,24469,559050,501450,218.7,1824750,354600,59.9,3776100,2015475
28-04-2025 13:34,24469.2,558450,502575,218.8,1822875,359925,59.7,3790500,2007150
28-04-2025 13:35,24469.2,561300,501675,219.6,1828950,363525,59.2,3787125,2009700
28-04-2025 13:35,24469.9,560025,501075,219.2,1829325,349575,59.25,3766575,2011125
28-04-2025 13:35,24469.9,563325,500775,219.5,1829700,349875,59.1,3769950,2027925
28-04-2025 13:35,24469.8,563475,502575,219.8,1826775,355050,58.5,3773850,2031075
28-04-2025 13:35,24469.8,563025,501750,218.65,1825800,349725,59.25,3769350,2016150
28-04-2025 13:35,24465,561675,502875,219.45,1827150,357375,59.55,3780900,2023275
28-04-2025 13:36,24469,564825,501075,221,1829775,351525,58.3,3765075,2016000
28-04-2025 13:36,24469,562725,499650,221,1834350,342525,58.3,3762000,2030550
28-04-2025 13:36,24467.3,567375,498825,221.15,1833600,341700,57.75,3728400,2027100
28-04-2025 13:36,24469.9,566175,498375,220.65,1832475,328275,57.85,3735975,2019975
28-04-2025 13:36,24477.5,564675,497100,224.8,1827825,330225,56,3736650,2020125
28-04-2025 13:36,24474,565500,490875,225.25,1841850,274650,56.45,3595125,2038875
28-04-2025 13:37,24479,566250,491250,227.6,1844250,272250,56.1,3604650,2029050
28-04-2025 13:37,24473,559200,495600,221.25,1826550,279900,58,3638025,2013300
28-04-2025 13:37,24463.6,556275,497550,211.45,1815525,279600,60.45,3653025,1972050
28-04-2025 13:37,24460,555825,496875,212.05,1784850,285600,60.65,3641775,1948725
28-04-2025 13:37,24462.7,556650,497100,212,1794675,282675,60.85,3659625,1955325
28-04-2025 13:37,24460.1,554850,496125,210.55,1798125,290850,61.4,3668475,1968750
28-04-2025 13:38,24460.3,556200,498750,209.9,1774575,299850,61.5,3649725,1978350
28-04-2025 13:38,24450.1,553350,497625,204.8,1770450,312825,63.35,3657525,1976400
28-04-2025 13:38,24452,553950,499050,206.7,1757850,315900,62.4,3664050,1954575
28-04-2025 13:38,24449.3,553500,501450,206.75,1765875,321300,62.8,3654000,1961325
28-04-2025 13:38,24452.1,556425,499350,208.5,1766025,323700,62.1,3660825,1985775
28-04-2025 13:38,24462.6,558825,493575,210.45,1774950,317700,61.95,3666375,1994250
28-04-2025 13:39,24460,563550,495300,213.7,1778025,305400,60.05,3662250,2008350
28-04-2025 13:39,24464.2,561150,498975,214.2,1783500,299175,59.35,3638325,2031525
28-04-2025 13:39,24463.6,556875,499800,212.55,1776675,316275,60.25,3679875,2026950
28-04-2025 13:39,24464.2,556950,498675,212.25,1779375,318900,60.4,3690300,2035575
28-04-2025 13:39,24464.3,559725,497025,214.05,1787100,318825,59.6,3696000,2043750
28-04-2025 13:39,24465,558375,497025,214.2,1788375,320250,59.6,3707025,2038725
28-04-2025 13:40,24462.7,560100,496650,214.5,1788975,322125,59.8,3707400,2048850
28-04-2025 13:40,24460,558000,498300,213,1788075,323625,60.15,3727650,2043750
28-04-2025 13:40,24460,563700,501300,213.75,1791000,329175,60.25,3739425,2022900
28-04-2025 13:40,24464,561600,496200,214.85,1791300,329100,59.75,3738825,2032800
28-04-2025 13:40,24458.9,560475,498675,213.9,1794825,330150,59.95,3728175,2033250
28-04-2025 13:40,24459.5,561075,499875,215,1796025,328725,59.5,3727950,2044425
28-04-2025 13:41,0,0,0,214.35,1795650,333000,60,3733275,2033400
28-04-2025 13:41,24463.9,562800,500550,214.05,1797300,335100,59.7,3735075,2038200
28-04-2025 13:41,24463.9,564825,501300,213.15,1794600,337650,59.25,3735525,2041725
28-04-2025 13:41,24462.6,564375,500925,214.45,1796325,335550,58.95,3711000,2057925
28-04-2025 13:41,24464,562950,498750,216,1798875,330975,58.65,3724500,2055375
28-04-2025 13:41,24466,565800,496725,218.55,1806225,323175,57.5,3710250,2067600
28-04-2025 13:42,24469,562950,498750,218.35,1807050,318525,58.15,3726900,2060325
28-04-2025 13:42,24467.7,564750,501000,216.3,1805850,327825,58.35,3740700,2065275
28-04-2025 13:42,24464.5,560625,501150,216.3,1798275,336150,58.35,3758700,2054100
28-04-2025 13:42,24465,558975,503100,214.65,1798125,335850,58.6,3758325,2055975
28-04-2025 13:42,24464,563250,497550,215.3,1799475,334200,58.45,3766425,2054325
28-04-2025 13:42,24467.3,559425,501750,214.35,1799250,335175,58.75,3769050,2057325
28-04-2025 13:43,24463.1,560025,498825,214.95,1801575,337050,58.75,3777975,2079150
28-04-2025 13:43,24468.3,563100,502500,216,1805100,334500,58.25,3770925,2095350
28-04-2025 13:43,24468.3,561825,500250,216,1807650,334875,58.35,3760650,2097675
28-04-2025 13:43,24468,563625,500400,216.45,1809450,332700,58,3769350,2099025
28-04-2025 13:43,24465,565050,500850,217.5,1809000,335025,57.95,3755400,2107350
28-04-2025 13:43,24463.1,564225,500100,216,1807425,330525,58.3,3760575,2112825
28-04-2025 13:44,24467.7,563475,499575,216.3,1807875,334575,58,3766350,2108325
28-04-2025 13:44,24463.6,564300,502125,216.7,1811400,335475,57.8,3774225,2107725
28-04-2025 13:44,24468.5,564525,497550,216.8,1814625,334125,57.7,3765375,2110650
28-04-2025 13:44,24465.6,565050,497700,218.25,1814250,335325,57,3768450,2105475
28-04-2025 13:44,24470,567075,498075,218.35,1817625,324750,56.7,3748425,2115150
28-04-2025 13:44,0,0,0,218.75,1818375,329550,56.75,3741000,2109975
28-04-2025 13:45,24472,563175,496800,219.75,1826550,322275,56.45,3742950,2125575
28-04-2025 13:45,24473.6,562950,500325,218.65,1825350,319800,56.7,3749550,2125425
28-04-2025 13:45,24469.5,562950,499425,220.1,1825950,322200,56.45,3755100,2114175
28-04-2025 13:45,24475,563550,501375,221.35,1827375,306450,56.3,3759450,2102250
28-04-2025 13:45,24472,565500,498525,222.6,1849800,305325,56.1,3765375,2108400
28-04-2025 13:45,24472,567075,496425,223.05,1827000,305400,56.45,3759525,2098725
28-04-2025 13:46,24473,562575,500775,221.45,1825275,309825,56.7,3767625,2100000
28-04-2025 13:46,24474.2,560775,503400,219.85,1825275,320100,57.1,3775950,2097675
28-04-2025 13:46,24474.1,563700,503925,219.25,1822500,321300,57.2,3788925,2089050
28-04-2025 13:46,24473.7,560175,502800,218.6,1813275,317325,57.2,3788775,2088000
28-04-2025 13:46,24470,561600,503550,219.8,1812900,320325,57.2,3791700,2087100
28-04-2025 13:46,24470,562725,499500,220.75,1814775,319500,56.6,3772200,2102625
28-04-2025 13:47,24474.1,563100,501225,220.3,1817775,320250,56.9,3781575,2104875
28-04-2025 13:47,24476,566700,501600,221.3,1818525,319350,56.7,3790425,2099925
28-04-2025 13:47,24474.2,564525,501675,221.05,1818375,320325,56.9,3794025,2109750
28-04-2025 13:47,24475.9,564075,502050,223.45,1821300,321375,56.2,3796875,2110950
28-04-2025 13:47,24474.3,564825,504075,223.5,1824225,313575,56.5,3790875,2124525
28-04-2025 13:47,24479,564675,502125,224.3,1826850,310575,56.25,3788550,2116275
28-04-2025 13:48,24480.1,565500,499350,225.1,1826925,299325,55.95,3791100,2119200
28-04-2025 13:48,24478.9,562575,501150,224,1828875,302475,56.45,3799650,2108925
28-04-2025 13:48,24477.8,562725,504900,223.4,1826775,301875,56.55,3797775,2105400
28-04-2025 13:48,24475,561675,504075,223.05,1820175,302625,56.45,3799125,2096550
28-04-2025 13:48,24474.2,560850,502650,221.05,1817925,307125,57.25,3801150,2091825
28-04-2025 13:48,24468.6,560250,505950,221.3,1806750,310425,57.25,3808650,2085750
28-04-2025 13:49,24469.6,560625,506550,222.55,1809525,310575,57.05,3800475,2102025
28-04-2025 13:49,24470.4,560925,506025,222.2,1811025,312825,56.9,3796200,2108850
28-04-2025 13:49,24475,560400,503625,222.45,1811100,314850,57,3801000,2108475
28-04-2025 13:49,24479.1,560325,501000,223.35,1814100,314700,56.5,3801675,2117175
28-04-2025 13:49,24472.4,562500,504150,224.7,1816800,308925,56.5,3795750,2123175
28-04-2025 13:49,24477.3,559800,506400,223.1,1815900,313575,57.5,3818475,2117925
28-04-2025 13:50,24477.5,557250,506925,223.15,1817400,317250,57.3,3823500,2098875
28-04-2025 13:50,24475.3,558600,506700,221.1,1820925,325875,57.95,3832500,2101125
28-04-2025 13:50,24475.3,556500,505800,220.95,1811925,328950,57.95,3837375,2084325
28-04-2025 13:50,24472,555975,507075,219.8,1811325,335850,58.5,3833625,2087925
28-04-2025 13:50,24469.6,556275,507300,219.6,1810050,344100,58.5,3847350,2092725
28-04-2025 13:50,24471.9,555525,508425,218.5,1807725,349275,58.6,3832050,2092350
28-04-2025 13:51,24468,554400,510525,215.5,1809675,351900,58.75,3832275,2096325
28-04-2025 13:51,24463.1,552675,513525,212.7,1787025,358500,60.9,3870600,2062350
28-04-2025 13:51,24461.1,551550,509325,213.65,1780650,366600,61.05,3849525,2066775
28-04-2025 13:51,24458.1,554325,508650,213.7,1784175,355350,61,3809925,2078625
28-04-2025 13:51,24459.6,552750,511425,213.15,1790775,353475,60.65,3817950,2081775
28-04-2025 13:51,24463.7,551550,511350,211,1789800,352950,61.2,3814350,2073075
28-04-2025 13:52,24458.3,554850,507825,213.8,1798800,349200,61.05,3818400,2086500
28-04-2025 13:52,24464.9,554775,507225,212.4,1799625,346725,61.2,3806925,2123100
28-04-2025 13:52,24458.7,554325,508800,211.95,1803450,348150,61.3,3819150,2131425
28-04-2025 13:52,24457.3,555000,511725,212.45,1809150,351750,61,3815475,2132025
28-04-2025 13:52,0,0,0,208.65,1813425,355125,62.45,3836100,2127600
28-04-2025 13:52,24457.4,552450,510750,208.55,1775700,353625,62.8,3839175,2042475
28-04-2025 13:53,24455,553950,507000,209.6,1790550,354150,62,3827625,2095650
28-04-2025 13:53,24460,554625,509550,210.7,1796925,353250,62.25,3826875,2091450
28-04-2025 13:53,24460,554475,507825,210.5,1797375,354975,62.1,3835275,2090775
28-04-2025 13:53,24459.7,554850,510300,211.35,1794150,357000,62,3836100,2103225
28-04-2025 13:53,24455.8,554025,507975,210.7,1793250,367500,62.35,3833925,2104950
28-04-2025 13:53,24459,555075,506400,211.65,1793850,363450,61.6,3832575,2130750
28-04-2025 13:54,24460,556575,509625,211.6,1793400,358050,61.9,3842775,2126025
28-04-2025 13:54,24456,557100,509175,211.7,1801050,356250,61.6,3844950,2123475
28-04-2025 13:54,24460,554625,510975,208.4,1800000,359925,63.15,3839850,2131500
28-04-2025 13:54,24455.8,553800,512700,209.8,1786800,363975,62.35,3843525,2103825
28-04-2025 13:54,24457.2,553800,506400,209.95,1790550,361500,62.3,3832200,2113350
28-04-2025 13:54,24458.5,553875,508125,210.15,1818600,365700,61.8,3838200,2126025
28-04-2025 13:55,24457,554625,513300,208.7,1791900,369300,63.05,3843900,2130075
28-04-2025 13:55,24457,554025,507975,209.2,1793100,366225,62.85,3852900,2124900
28-04-2025 13:55,24457.2,553875,506700,208.65,1794150,369450,62.95,3862500,2116125
28-04-2025 13:55,24459.1,553800,507600,208.45,1795950,369225,62.65,3868650,2109675
28-04-2025 13:55,24455.9,553500,507075,209.65,1799775,369225,62.15,3863850,2096475
28-04-2025 13:55,24455.9,552825,506625,208.95,1800225,372825,62.7,3865875,2098125
28-04-2025 13:56,24453.4,553050,506775,205,1799100,373650,63.95,3870600,2098875
28-04-2025 13:56,24452.2,552300,506925,205.9,1776000,373950,63.8,3876750,2049450
28-04-2025 13:56,24454.2,552450,505800,205.85,1776600,373650,63.65,3864525,2056050
28-04-2025 13:56,24453,552450,506175,206.15,1777800,379200,64.1,3877575,2074500
28-04-2025 13:56,24457,554625,503925,209.4,1788975,376500,62.85,3865950,2079075
28-04-2025 13:56,24459.8,556200,505875,210.35,1808625,366525,62.35,3834975,2091900
28-04-2025 13:57,24462.5,557100,505575,212.5,1801425,372600,61.2,3833700,2110725
28-04-2025 13:57,24461.3,557250,506625,211.7,1796775,371025,61.6,3832950,2117550
28-04-2025 13:57,24456.4,556800,503925,210.65,1794450,376950,62.05,3839100,2112375
28-04-2025 13:57,24462.5,558900,505275,212.1,1796325,375375,61.05,3829200,2118450
28-04-2025 13:57,24460,559500,501750,213.9,1803900,376125,60.65,3824850,2119125
28-04-2025 13:57,24464.2,557400,504975,211.4,1797000,383550,61,3847650,2123850
28-04-2025 13:58,24464.2,558450,504675,211.4,1794975,387525,60.95,3865350,2127000
28-04-2025 13:58,24463.7,556350,507150,210.8,1794075,387750,61.5,3886575,2120550
28-04-2025 13:58,24459.3,556950,509025,209,1782975,392775,62.05,3891375,2115450
28-04-2025 13:58,24460,558000,506700,210.05,1787625,389625,61.7,3873825,2135400
28-04-2025 13:58,24456,555525,507225,209.65,1786875,397575,62.15,3892350,2131500
28-04-2025 13:58,24456,556950,509175,209.4,1788600,396150,62.4,3908475,2134125
28-04-2025 13:59,24460,557400,508275,210.15,1797225,391425,61.9,3902700,2158050
28-04-2025 13:59,24460.3,558300,508875,211.5,1799700,390600,61.5,3887925,2160150
28-04-2025 13:59,24460.3,558450,509625,209.9,1794600,394125,62.25,3901050,2151150
28-04-2025 13:59,24460,558000,508725,210.3,1792275,394125,61.9,3903225,2156100
28-04-2025 13:59,24461.6,557175,509025,210.25,1794600,404100,62,3894750,2170725
28-04-2025 13:59,24457.5,559575,508950,211,1796175,400125,61.15,3889650,2182650
28-04-2025 14:00,24464,560700,506250,213.4,1802325,382650,60.35,3881625,2195625
28-04-2025 14:00,24464,559575,505500,212.1,1796550,375750,60.4,3840825,2188350
28-04-2025 14:00,24458,560025,508350,210.7,1800675,381600,61.25,3834150,2206425
28-04-2025 14:00,24457.7,559425,507300,211.75,1800900,384675,60.75,3846675,2199225
28-04-2025 14:00,24457.9,559200,507375,211.2,1797225,386100,60.55,3871575,2206650
28-04-2025 14:00,24463.3,560700,504225,212.4,1798725,384000,60.4,3862050,2218575
28-04-2025 14:01,24465,559650,506100,212.6,1801500,387450,60.6,3852975,2230200
28-04-2025 14:01,24458.8,559050,506475,212.6,1800900,385725,60.3,3831000,2230125
28-04-2025 14:01,24458.8,553650,513000,210.2,1800450,388275,61.55,3839400,2220675
28-04-2025 14:01,24457,557025,515250,210.6,1789125,387075,61.3,3856050,2216025
28-04-2025 14:01,24458.2,559050,512850,207.7,1790100,388350,62.5,3855000,2215500
28-04-2025 14:01,24452.7,553575,507975,207.2,1785075,395475,63.05,3882075,2194950
28-04-2025 14:02,24459.5,557550,506625,209.55,1786800,389025,62.8,3875325,2190600
28-04-2025 14:02,24459.5,557250,523125,210.7,1792200,392025,62.2,3858150,2195850
28-04-2025 14:02,24459.5,558600,522150,209.75,1793175,397125,62.35,3851250,2207100
28-04-2025 14:02,24457.5,558375,523350,211.35,1797525,393375,61.9,3862875,2219850
28-04-2025 14:02,24463.2,558150,523575,211.65,1803975,391650,61.65,3858150,2217600
28-04-2025 14:02,24458.3,557325,524025,212.2,1799475,390225,61.05,3876675,2208600
28-04-2025 14:03,24463.9,558300,520875,213,1802700,386025,60.55,3841950,2230425
28-04-2025 14:03,24463.5,557025,522675,212.2,1799700,382275,61.6,3870375,2231325
28-04-2025 14:03,24463.7,560700,522375,213.15,1801500,382800,61.35,3864075,2224125
28-04-2025 14:03,24462.6,557475,522975,212.65,1976700,383550,61.6,3878925,2227350
28-04-2025 14:03,24463.7,559500,520575,214.35,2023575,378075,60.9,3877650,2251125
28-04-2025 14:03,24467.9,562125,520125,217.85,2041500,371850,60.1,3868575,2251650
28-04-2025 14:04,24468.5,560775,501000,218,2043600,355500,59.95,3842400,2246550
28-04-2025 14:04,24470,563475,500325,219.9,2047575,353775,59.35,3822975,2251350
28-04-2025 14:04,24470.4,561075,500250,218.8,2046375,352800,59.25,3825150,2245200
28-04-2025 14:04,24470.4,560100,518850,219,2041425,357525,59.25,3838200,2239350
28-04-2025 14:04,24470,560850,524850,217.3,2041725,363750,59.75,3833100,2244675
28-04-2025 14:04,24465.6,558525,526425,216.3,2027325,369600,60.45,3859125,2242575
28-04-2025 14:05,24470,558225,524475,217.75,2023275,368625,59.45,3845250,2238975
28-04-2025 14:05,24470,559275,522075,218.4,2027925,368100,59.25,3841575,2242875
28-04-2025 14:05,24470,559575,521325,218.35,2028975,352650,58.8,3827925,2258025
28-04-2025 14:05,24471.1,557550,522600,218.05,2023275,353775,59.15,3825375,2247750
28-04-2025 14:05,24465.1,555975,528375,217.8,2023575,354375,59,3842175,2249175
28-04-2025 14:05,24470,556725,524325,217.35,2021175,359475,58.85,3843000,2257800
28-04-2025 14:06,24471.5,558450,523500,218.2,2024325,355275,58.5,3821625,2256450
28-04-2025 14:06,24471.5,559875,522225,218.35,2029725,349275,58.4,3828225,2269125
28-04-2025 14:06,24471.5,558300,522750,218.35,2029950,351825,58.15,3847650,2282175
28-04-2025 14:06,24465.4,558375,527550,217.55,2030325,356625,58.5,3841350,2292750
28-04-2025 14:06,24470.6,556725,525900,217,2025750,357900,58.55,3861225,2256450
28-04-2025 14:06,24471.5,558075,524250,217.15,2026800,358500,58.15,3847125,2270700
28-04-2025 14:07,24467.6,557475,526875,217.8,2025525,353700,59.2,3830175,2262900
28-04-2025 14:07,24468,558225,534300,214.8,1847025,361875,59.7,3851025,2258325
28-04-2025 14:07,24465.1,557250,528000,215.45,1837950,358050,59.6,3846450,2274225
28-04-2025 14:07,24469.1,558900,528300,217.65,1805325,356700,58.7,3848475,2285325
28-04-2025 14:07,24470,559350,526050,217.35,1804950,355350,58.65,3816750,2294700
28-04-2025 14:07,24465.2,559650,526875,216.55,1803900,359850,58.85,3833100,2293725
28-04-2025 14:08,24465.1,556875,524250,217.05,1805550,361650,59,3842175,2293050
28-04-2025 14:08,24470,558825,523200,217.95,1804200,365100,58.8,3845625,2304075
28-04-2025 14:08,24470,557625,525225,217,1807500,367425,59,3851700,2306400
28-04-2025 14:08,24465.2,557775,525675,217.35,1799925,348975,58.95,3822675,2282400
28-04-2025 14:08,24465.3,557550,529425,213.55,1796025,351225,60.1,3832875,2264550
28-04-2025 14:08,24465.2,557925,529650,214.9,1789725,365400,59.9,3840300,2241525
28-04-2025 14:09,24467.1,558000,529050,213.9,1791150,370200,60.25,3846600,2250075
28-04-2025 14:09,24467,560925,530475,216.9,1807050,367500,59.35,3846075,2249925
28-04-2025 14:09,24469.1,560250,531600,215.45,1810650,364800,59.55,3800400,2260800
28-04-2025 14:09,24470,558825,525525,217.9,1812600,366525,58.75,3793950,2270775
28-04-2025 14:09,24467.7,557175,524550,217.25,1811175,360750,58.9,3791925,2266050
28-04-2025 14:09,24467.7,558000,525375,217.2,1812900,360675,58.6,3813450,2266575
28-04-2025 14:10,24475,561750,523800,220,1815375,353550,57.75,3772275,2266425
28-04-2025 14:10,24474,559200,524700,219.7,1798950,337425,57.7,3741450,2268525
28-04-2025 14:10,24475,560700,520425,222.9,1811025,337350,56.4,3743550,2292675
28-04-2025 14:10,24473.2,562125,517950,223.45,1835625,333375,56.9,3739500,2278350
28-04-2025 14:10,24473.7,560850,515850,224.15,1833375,334125,56.9,3748875,2268975
28-04-2025 14:10,24480,560475,497475,225.35,1836600,329400,56.4,3748275,2253675
28-04-2025 14:11,24475.1,559350,498375,225.25,1842825,316200,57,3752700,2246700
28-04-2025 14:11,24479.9,559125,499875,223.75,1834650,352800,57.25,3804225,2265375
28-04-2025 14:11,24479.9,559500,501825,224.3,1833825,354900,57.35,3830850,2278350
28-04-2025 14:11,24480,558600,501000,225.35,1836150,354300,57.1,3812700,2291400
28-04-2025 14:11,24478,559125,499650,225.35,1835325,350775,56.7,3783900,2298525
28-04-2025 14:11,24475,559500,506250,221.7,1830750,357525,58.05,3824025,2313750
28-04-2025 14:12,24477.9,559275,504825,221.6,1829400,356625,58.1,3823275,2289000
28-04-2025 14:12,24471,558000,507600,220.3,1828425,359025,58.4,3821775,2296050
28-04-2025 14:12,24472,558000,505875,220,1809225,354750,58.65,3826200,2295675
28-04-2025 14:12,24470.7,558675,505875,219.65,1810275,357975,58.5,3822075,2307600
28-04-2025 14:12,24471.6,559125,507075,220.7,1812450,358200,58.4,3808725,2318775
28-04-2025 14:12,24470.5,558975,504225,221.7,1815750,356850,58.15,3809325,2323050
28-04-2025 14:13,24471.6,558975,503175,221.5,1818225,356625,58,3807300,2327100
28-04-2025 14:13,24471.9,558900,505350,222,1818900,359550,57.8,3796650,2325750
28-04-2025 14:13,24475,559275,504825,222.5,1816575,357975,57.7,3795075,2327175
28-04-2025 14:13,24479.5,560025,504225,223,1822125,357300,57.7,3795075,2344350
28-04-2025 14:13,24475,559500,502875,223.5,1821000,352275,57.35,3808350,2338725
28-04-2025 14:13,24473.9,559800,504900,223.3,1823175,352725,57.65,3839550,2331450
28-04-2025 14:14,24470.8,560025,505125,223.3,1823700,354000,57.6,3841425,2338275
28-04-2025 14:14,24470.8,562500,505575,223.1,1823850,354825,57.65,3844650,2337075
28-04-2025 14:14,24470.8,561675,505050,223.85,1821300,355725,57.1,3830550,2345175
28-04-2025 14:14,24475,566025,504750,225.3,1827300,344550,57,3799125,2350275
28-04-2025 14:14,24472,560250,503550,224.5,1823175,344475,57.75,3833625,2343750
28-04-2025 14:14,24475,564675,502500,224.75,1826850,343500,57.6,3846300,2333400
28-04-2025 14:15,24475,561375,502050,225.75,1826625,333975,57.55,3858075,2344425
28-04-2025 14:15,24475,564900,502125,224.7,1824000,335400,57.4,3863250,2345100
28-04-2025 14:15,24472.8,560625,504150,220.65,1820850,345225,58.45,3881700,2345775
28-04-2025 14:15,24470,561450,504900,221.9,1808850,347550,58.55,3885075,2316675
28-04-2025 14:15,24469,560175,504900,222.75,1809000,350100,58.25,3876000,2332575
28-04-2025 14:15,24469.4,560325,507375,217.3,1806675,355725,59.25,3880050,2337750
28-04-2025 14:16,24465,567975,505575,218.1,1792575,357300,59.3,3860925,2306925
28-04-2025 14:16,24465,566925,505200,219.2,1798875,360750,58.7,3858375,2312325
28-04-2025 14:16,24465.8,573675,504975,220.6,1800150,359700,58.55,3854325,2317950
28-04-2025 14:16,24467,563925,507375,220.8,1799850,362325,58.25,3855450,2330025
28-04-2025 14:16,0,0,0,217.7,1796550,369900,59.15,3869700,2318400
28-04-2025 14:16,24466.9,561075,507150,217.25,1791075,369375,59.25,3885900,2306850
28-04-2025 14:17,24465.1,563925,506175,218.5,1795200,365700,58.95,3889050,2327775
28-04-2025 14:17,24462,561225,507600,215.25,1794375,368250,59.35,3874500,2330325
28-04-2025 14:17,24460.1,556875,507375,212.55,1784175,376650,60.5,3897600,2278425
28-04-2025 14:17,24460.8,554025,508125,211.6,1778400,373200,61.4,3900225,2254125
28-04-2025 14:17,24456,555300,509025,210.2,1774275,367800,61.65,3900300,2236875
28-04-2025 14:17,24455,556875,510075,209.9,1764600,363375,61.85,3891825,2237925
28-04-2025 14:18,24457.5,557100,509250,212,1777950,362100,61.2,3864450,2230950
28-04-2025 14:18,24457.5,559650,508275,212.75,1783050,369075,61,3862875,2241075
28-04-2025 14:18,24457,557925,507300,212.95,1784175,369975,60.9,3847650,2250375
28-04-2025 14:18,24455.1,559350,508350,210.65,1783200,375675,61.75,3868200,2244900
28-04-2025 14:18,24456.8,557775,508650,210.2,1783275,376950,61.9,3876375,2245200
28-04-2025 14:18,24454,559425,508800,210.85,1782975,376950,61.45,3863175,2235750
28-04-2025 14:19,24453.5,561975,509175,210.9,1784100,380325,61.8,3873150,2234700
28-04-2025 14:19,24454,561375,509025,211.6,1787025,380175,62.2,3898725,2223150
28-04-2025 14:19,24453,568350,509100,209.7,1788825,381750,62.85,3874050,2244675
28-04-2025 14:19,24452,563025,509400,210.15,1785150,386325,62.8,3872175,2204550
28-04-2025 14:19,24454,560175,510000,210.05,1782900,384300,62.6,3867675,2195325
28-04-2025 14:19,24450.3,558975,510150,209.95,1782825,386625,62.8,3864075,2200725
28-04-2025 14:20,24450.5,559575,509550,209.05,1784175,385800,63.55,3873300,2206575
28-04-2025 14:20,24450,552600,509700,207.8,1784100,386250,64.05,3868950,2161875
28-04-2025 14:20,24450,551625,510600,206.8,1760625,385275,66,3882225,2127150
28-04-2025 14:20,24441.7,551550,511575,204.35,1760025,386100,66.85,3876000,2023950
28-04-2025 14:20,24444,548175,511050,206.25,1763925,385425,66,3869625,2004675
28-04-2025 14:20,24446.3,553875,506550,209,1768950,385575,64.45,3850500,2062950
28-04-2025 14:21,24446.9,558825,509175,209.65,1774275,389625,63.95,3836850,2072175
28-04-2025 14:21,24450,556875,509250,209.75,1775175,389625,64.65,3848925,2069100
28-04-2025 14:21,24450,554550,509100,209,1777350,388200,64.75,3843525,2102550
28-04-2025 14:21,24450,557775,511725,211.65,1778100,386625,63.5,3835950,2116875
28-04-2025 14:21,24450,561150,509400,209.7,1779975,379875,64.45,3833025,2123400
28-04-2025 14:21,24449,552975,510675,208.8,1778400,382800,64,3830475,2124975
28-04-2025 14:22,24450,555975,511275,209.9,1777350,382425,64.2,3821700,2137200
28-04-2025 14:22,24450,555525,511425,209.7,1775400,381975,63.6,3837600,2136000
28-04-2025 14:22,24447.4,561075,514725,205.8,1765650,377475,65.45,3819300,2119425
28-04-2025 14:22,24443.1,545775,515100,204.25,1746150,376800,66.35,3829500,2085075
28-04-2025 14:22,24443.5,552075,513675,206.35,1742925,374775,66.15,3838275,2039025
28-04-2025 14:22,24445,548025,514725,204.85,1743825,380325,66.1,3836250,2044500
28-04-2025 14:23,24444.1,551850,514575,205.3,1744350,380700,65.6,3834150,2058525
28-04-2025 14:23,24446.5,553650,513675,207.85,1750125,380250,64.55,3828375,2077200
28-04-2025 14:23,24450,557325,511950,207.05,1755225,375750,64.65,3855375,2090925
28-04-2025 14:23,24448.6,562350,512850,209.55,1758975,377400,63.85,3865425,2062425
28-04-2025 14:23,24448.1,562950,513525,206.75,1760025,386850,64.55,3861825,2068050
28-04-2025 14:23,24449,558225,515400,206.6,1766400,402150,65.15,3895425,2088825
28-04-2025 14:24,24448.7,559050,519300,205.7,1764825,402750,65.2,3895500,2107650
28-04-2025 14:24,24445.1,557775,516000,206.1,1756575,405825,64.85,3863925,2095200
28-04-2025 14:24,24445,556725,516075,206.45,1759125,408900,64.95,3879600,2102100
28-04-2025 14:24,24444,555075,517200,205,1759500,405825,65.1,3879825,2095950
28-04-2025 14:24,24433,549225,522750,195.5,1754475,417075,68.75,3885075,2078625
28-04-2025 14:24,24437.1,544050,519375,198.55,1710600,418650,67.9,3883650,1939950
28-04-2025 14:25,24432,544500,520950,195.6,1713225,411000,68.9,3881025,1944375
28-04-2025 14:25,24430.1,539850,520200,192.9,1708350,412050,69.65,3901050,1939200
28-04-2025 14:25,24430.1,535875,522825,190.5,1699275,405000,70.5,3925050,1864950
28-04-2025 14:25,24425,542175,518550,192.75,1702425,399075,70.45,3909000,1889625
28-04-2025 14:25,24428.7,536925,520275,191.35,1702800,404775,70.95,3924375,1909500
28-04-2025 14:25,24425,536250,520275,191.35,1700475,407625,71,3926325,1935750
28-04-2025 14:26,24426,536475,518925,194.25,1706850,400500,68.95,3904200,1943100
28-04-2025 14:26,24432.1,534675,514950,197.2,1714200,391875,67,3851550,1964400
28-04-2025 14:26,24439,538800,513600,200.75,1721925,391800,65.25,3875325,1993350
28-04-2025 14:26,24432.5,534075,516375,196.55,1715850,384300,67.55,3883500,1974750
28-04-2025 14:26,24433.1,524400,517200,196.45,1708125,409650,68,3893100,1962825
28-04-2025 14:26,24432.5,525450,515925,195.9,1713150,411375,68.15,3898050,1978800
28-04-2025 14:27,24432.5,525900,515325,195.05,1739400,414675,69.15,3905025,1989900
28-04-2025 14:27,24432,525300,515250,195.6,1719750,395625,68.65,3915300,1998300
28-04-2025 14:27,24432.5,525975,517125,198.35,1729050,393300,67.4,3914175,2016150
28-04-2025 14:27,24437,533775,514650,199.8,1733625,384375,66.85,3901800,2013975
28-04-2025 14:27,24432.7,531150,517125,200,1743525,385800,66.6,3897000,2015325
28-04-2025 14:27,24432.7,529950,514200,198.95,1740075,390375,67.05,3896250,2020800
28-04-2025 14:28,24433.1,531750,518100,196.95,1739925,396975,67.95,3893250,2012100
28-04-2025 14:28,24434.6,527100,518625,196.05,1730775,399750,68.7,3900150,2003250
28-04-2025 14:28,24433,528000,521025,194.4,1722525,400950,69.25,3915075,1979700
28-04-2025 14:28,24433.4,528150,518775,194.55,1725900,402075,69.25,3914625,1959600
28-04-2025 14:28,24427.8,528675,520425,189.3,1732350,407850,71,3906150,1964475
28-04-2025 14:28,24420.1,522750,520875,188.05,1693050,411075,72.05,3922875,1876125
28-04-2025 14:29,24421.9,516600,516300,190.85,1696875,409500,70.35,3880500,1844700
28-04-2025 14:29,24424.1,516150,518175,190.6,1706250,408450,70.25,3844425,1871625
28-04-2025 14:29,24428,516525,520800,189.65,1709250,417075,70.05,3858900,1883100
28-04-2025 14:29,24428.5,522150,521325,190.65,1714575,448800,69.7,3866400,1908825
28-04-2025 14:29,24427.7,520950,523800,189.55,1716525,456750,70.4,3876225,1910175
28-04-2025 14:29,24422.6,521250,521250,187.5,1708575,458325,71.4,3877875,1905900
28-04-2025 14:30,24425,519150,520125,188.15,1706850,457575,69.8,3872400,1899225
28-04-2025 14:30,24426,520950,520275,190.2,1713900,456225,69.6,3852675,1917900
28-04-2025 14:30,24428.1,519975,519450,189.2,1705125,459900,69.6,3876300,1922175
28-04-2025 14:30,24430,521025,517725,192,1715700,453375,68,3880125,1945275
28-04-2025 14:30,24430,523875,515475,189.95,1722150,451950,69.5,3856575,1949700
28-04-2025 14:30,24428,521250,514125,189.8,1718400,457275,69.1,3865725,1952250
28-04-2025 14:31,24430,524400,514950,190.9,1713825,455850,69.05,3870675,1958175
28-04-2025 14:31,24430,525750,513750,190.6,1718925,456525,68.75,3870675,1954275
28-04-2025 14:31,24430,530250,515550,190,1719225,455625,69.2,3858375,1950975
28-04-2025 14:31,24426,525675,517275,188.95,1715700,450675,69.5,3869925,1946250
28-04-2025 14:31,24429,525450,515625,189.8,1718400,448575,69.4,3877950,1952850
28-04-2025 14:31,24430,528450,514650,193.55,1723125,447000,67.55,3870975,1966350
28-04-2025 14:32,24430,530175,512850,193.35,1722450,445725,67.7,3869100,1965675
28-04-2025 14:32,24430,534675,511425,194.85,1725975,446175,66.55,3860400,1967025
28-04-2025 14:32,24430,536100,511575,194.4,1733325,445125,67.1,3852075,1973325
28-04-2025 14:32,24430.1,528750,512700,195.95,1732200,443925,66.85,3852900,1959525
28-04-2025 14:32,24430.9,525900,509850,196.15,1731000,434175,66.8,3845325,1959150
28-04-2025 14:32,24435,526575,510525,196.45,1730325,412575,66.4,3864525,1958325
28-04-2025 14:33,24433.6,527550,511125,194.3,1734150,422175,67.1,3873300,1961850
28-04-2025 14:33,24433,528675,512100,193.8,1728450,425850,67.25,3878925,1962900
28-04-2025 14:33,24430.7,523725,515175,190.6,1724175,428775,68.9,3889125,1962675
28-04-2025 14:33,24427.2,524475,514425,191.25,1711350,430650,68.55,3892425,1942650
28-04-2025 14:33,24430,527550,516825,194.25,1718775,424650,67.6,3838950,1956525
28-04-2025 14:33,24432,525600,515775,192.95,1719225,433800,68.55,3860775,1954725
28-04-2025 14:34,24430.6,526200,514125,194.15,1733400,432975,67.85,3846000,1967625
28-04-2025 14:34,24434,526350,515475,192.05,1732350,435225,68.8,3846525,1965300
28-04-2025 14:34,24430.1,529800,515925,193.65,1734375,435750,67.6,3841650,1975050
28-04-2025 14:34,24430,530550,517650,189.7,1741500,433125,69.5,3829200,1978875
28-04-2025 14:34,24425.7,522450,517725,187.95,1714500,439875,70.15,3832125,1950525
28-04-2025 14:34,24422.3,522825,518025,186.5,1709400,438750,71.35,3834825,1935675
28-04-2025 14:35,24422.1,520425,516675,188,1707900,440625,71.45,3853950,1917450
28-04-2025 14:35,24420.1,522450,519750,186.6,1712925,437400,72.25,3850575,1887525
28-04-2025 14:35,24408.3,513225,520650,180,1697025,444900,74,3853050,1843425
28-04-2025 14:35,24415,518400,518625,185,1679775,444000,72.15,3839400,1769625
28-04-2025 14:35,24416.6,521100,516075,186.4,1601175,431925,72.35,3832650,1799400
28-04-2025 14:35,24422.1,519000,515325,189.2,1601550,424350,70.4,3841425,1822875
28-04-2025 14:36,24426.6,521100,516450,188.85,1606350,430875,71.25,3802875,1818525
28-04-2025 14:36,24416.6,518850,519900,186.5,1570350,434700,72,3818550,1845975
28-04-2025 14:36,24416.9,518700,519375,187.05,1559550,438150,72,3819150,1860975
28-04-2025 14:36,24419.2,522525,521025,189.8,1574175,436050,71.6,3833550,1879350
28-04-2025 14:36,24419,518475,520050,188.55,1571625,428325,72.8,3829425,1880850
28-04-2025 14:36,24420,522975,519075,189.25,1564875,426975,71.5,3841275,1890375
28-04-2025 14:37,24418.4,520875,518850,189.6,1562625,428475,71.9,3829725,1905525
28-04-2025 14:37,24421.1,526500,516750,190.75,1559850,431475,70.55,3831225,1919025
28-04-2025 14:37,24425,519825,516450,190,1554075,438000,71.25,3812400,1926375
28-04-2025 14:37,24427,520800,518475,190.9,1554075,441075,71,3811800,1930875
28-04-2025 14:37,24420,522900,518625,189.9,1561425,448800,71.05,3818700,1942275
28-04-2025 14:37,24419,519150,518775,187.75,1559550,447600,72.3,3835875,1943700
28-04-2025 14:38,24419,516825,521550,185.3,1546350,446175,73.2,3844575,1919100
28-04-2025 14:38,24415,518850,521850,184.25,1539000,440925,73.8,3832950,1867425
28-04-2025 14:38,24414,521325,519675,186.35,1542825,435975,72.85,3830175,1891500
28-04-2025 14:38,24411.9,519825,521700,184.95,1543725,440325,73.45,3816825,1888425
28-04-2025 14:38,24412,522150,520650,184.65,1546800,442425,73,3809625,1885950
28-04-2025 14:38,24412.5,523350,519900,185.35,1549800,447150,73,3811950,1890825
28-04-2025 14:39,24412,519750,519750,184.6,1551450,443250,73.15,3813900,1914300
28-04-2025 14:39,24412,516225,520275,183.1,1546575,449325,73.5,3813600,1899900
28-04-2025 14:39,24410.2,518475,518025,182.8,1552800,449475,73.4,3805575,1875825
28-04-2025 14:39,24411.2,520125,517575,181.4,1550700,451200,73.85,3825000,1879800
28-04-2025 14:39,24410.2,512400,519300,178.1,1547100,453975,75.1,3822300,1891125
28-04-2025 14:39,24408,508050,519150,178.45,1533225,454575,75.55,3834900,1807125
28-04-2025 14:40,24408,515550,520575,179.3,1548075,446475,74.9,3841950,1819950
28-04-2025 14:40,24404.3,505425,518700,176.6,1542225,457650,77.5,3849975,1809675
28-04-2025 14:40,24401,500325,519750,173.7,1527825,459300,79.05,3882825,1705500
28-04-2025 14:40,24403.7,504750,518250,174.4,1531500,459300,78.6,3902400,1726200
28-04-2025 14:40,24400.1,504000,519150,173.5,1536600,453300,78.85,3918600,1736400
28-04-2025 14:40,24400.1,505425,520125,174.15,1534200,451125,78.65,3921150,1744725
28-04-2025 14:41,24400,505350,520125,171.3,1533000,453750,79.95,3906600,1774200
28-04-2025 14:41,24395,502650,517575,167.6,1514700,457425,82.5,3907950,1655025
28-04-2025 14:41,24388,494400,522000,167.85,1514550,453075,83.25,3923400,1592100
28-04-2025 14:41,24387.4,494775,518925,166.6,1517250,438675,84,3911325,1605975
28-04-2025 14:41,24392,499350,516525,168.5,1532025,437175,81.6,3909375,1653150
28-04-2025 14:41,24390.4,502500,520725,168.6,1535625,432300,81,3885075,1654875
28-04-2025 14:42,24400.2,515175,515850,172.75,1546050,432225,78.5,3886575,1688025
28-04-2025 14:42,24404.3,504150,516225,171.6,1553100,427125,79.45,3810375,1684200
28-04-2025 14:42,24404,505800,523650,174.5,1555125,439800,77.7,3822300,1664625
28-04-2025 14:42,24400.6,506475,522975,169.9,1555350,453825,80.4,3848325,1677075
28-04-2025 14:42,24400,510975,520200,171.6,1551600,456075,78.95,3861825,1677300
28-04-2025 14:42,24397.5,519375,518175,169.45,1559250,461400,80.7,3880050,1689000
28-04-2025 14:43,24395,528600,517725,170,1563375,452025,80.7,3878925,1681950
28-04-2025 14:43,24395,530175,521025,171.7,1568400,421725,78.9,3874200,1702650
28-04-2025 14:43,24400,532200,516000,174.5,1583550,420150,78,3846300,1720800
28-04-2025 14:43,24395.3,531150,517725,172.2,1579800,409425,79.1,3846900,1722900
28-04-2025 14:43,24395.3,534225,518700,171.7,1581225,413775,78.75,3858525,1744950
28-04-2025 14:43,24395,534450,518700,170.55,1583475,416925,79,3861600,1753725
28-04-2025 14:44,24395,530775,519225,168.55,1570725,419175,80.05,3867300,1750725
28-04-2025 14:44,24395,530550,520350,168.9,1568100,420375,80.4,3870525,1720875
28-04-2025 14:44,24396.1,532425,515850,171,1580400,418350,78.95,3868050,1739400
28-04-2025 14:44,24402.9,535875,518625,172.25,1591650,418050,78.8,3849975,1753125
28-04-2025 14:44,24395.6,533100,517200,172.4,1595100,417300,78.45,3861750,1760850
28-04-2025 14:44,24396.1,534225,517275,171.5,1599975,417975,78.6,3866475,1769475
28-04-2025 14:45,24395.7,532425,517425,170.6,1591425,422475,78.75,3889650,1769250
28-04-2025 14:45,24395.7,531375,518700,169.2,1583400,430125,80.5,3901500,1757025
28-04-2025 14:45,24394.9,532050,519825,169.15,1575000,433350,80.7,3903450,1719600
28-04-2025 14:45,24395,532575,519975,170,1581225,429750,80.35,3886650,1741125
28-04-2025 14:45,24395,531600,520650,170.4,1580025,434250,80,3863775,1764825
28-04-2025 14:45,24395.7,538050,518175,171.55,1591350,427125,78.65,3863625,1781775
28-04-2025 14:46,24395.1,538725,521775,170.7,1586025,423300,79.6,3877725,1782825
28-04-2025 14:46,24395.7,539700,521400,173.5,1596375,421725,78.35,3897975,1806825
28-04-2025 14:46,24402.4,546525,519900,174.5,1598175,415725,76.55,3823575,1801800
28-04-2025 14:46,24402.8,541875,517875,173.7,1601400,405675,77.3,3796350,1809525
28-04-2025 14:46,24399.9,541650,518925,171.45,1603800,414150,78.25,3825900,1799925
28-04-2025 14:46,24396,533400,520125,165,1592475,420450,81.3,3839400,1787175
28-04-2025 14:47,24386.9,527400,520200,163.9,1551975,419025,81.95,3844875,1659600
28-04-2025 14:47,24386,529950,518775,165.7,1557975,419175,81.1,3852750,1668525
28-04-2025 14:47,24388.9,534150,517500,165.35,1566525,422925,80.45,3854175,1695600
28-04-2025 14:47,24389.1,523275,518100,164.1,1567875,428925,80.65,3870075,1704825
28-04-2025 14:47,24385.3,528075,520425,161.7,1560975,429150,80.8,3881550,1699275
28-04-2025 14:47,24385,536625,518250,162.5,1568625,429675,80.8,3896925,1719525
28-04-2025 14:48,24383.2,542925,518250,163.3,1577100,420000,80.85,3887625,1729425
28-04-2025 14:48,24390,547200,517950,165.4,1586325,422625,79.5,3901200,1742550
28-04-2025 14:48,24395,544650,514050,169.75,1592475,401700,76.65,3840000,1754550
28-04-2025 14:48,24400,546600,515025,172.2,1596900,396150,75.25,3786450,1752675
28-04-2025 14:48,24404.1,548550,514500,171.5,1600725,395700,76.25,3748050,1746150
28-04-2025 14:48,24396.8,542700,515025,171.9,1603875,408525,76.15,3771600,1744650
28-04-2025 14:49,24398,538950,514650,173.4,1609500,413475,75.3,3774525,1771275
28-04-2025 14:49,24405.6,546525,512625,173.55,1615050,412350,75.35,3783075,1779300
28-04-2025 14:49,24407,546900,513150,174.9,1604775,405975,72.65,3772125,1791750
28-04-2025 14:49,24410,550425,511575,176.15,1601775,388950,74.3,3747300,1789800
28-04-2025 14:49,24409,546900,515250,176.4,1605000,401775,72.8,3763875,1755675
28-04-2025 14:49,24409,547350,515550,175,1599600,401550,73.15,3792825,1755975
28-04-2025 14:50,24408.3,552825,517575,174.95,1619475,417450,73.55,3813975,1755150
28-04-2025 14:50,24401,554475,516675,172.8,1592400,422025,74.45,3805575,1749000
28-04-2025 14:50,24406.2,553200,518700,172.25,1576950,429450,74.95,3823800,1740525
28-04-2025 14:50,24409.5,555375,518025,174.85,1585800,429075,73.95,3826575,1764450
28-04-2025 14:50,24406.5,558600,515325,177,1586700,411825,72.65,3806700,1780350
28-04-2025 14:50,24407,562800,515100,176.7,1589325,412650,73.05,3794550,1764750
28-04-2025 14:51,24407,560250,514650,176.45,1595250,422700,72.65,3809250,1765950
28-04-2025 14:51,24408.4,559125,517800,175,1596600,431625,73,3823425,1768875
28-04-2025 14:51,24408.4,556200,516375,174,1589400,444150,74.2,3849000,1745325
28-04-2025 14:51,24410.7,557250,516225,175.3,1596525,440850,73.15,3845700,1769850
28-04-2025 14:51,24410,557775,515475,174.35,1586250,439650,72.55,3842775,1758750
28-04-2025 14:51,24410,557475,518025,175,1584300,442800,72.45,3842100,1765050
28-04-2025 14:52,24412.8,561075,514650,180.4,1587300,434625,69.5,3818250,1760175
28-04-2025 14:52,24419,562800,512400,184.55,1584975,382500,67.35,3716550,1776225
28-04-2025 14:52,24423.7,561750,510975,187.55,1599675,357375,65.45,3707700,1788825
28-04-2025 14:52,24425,570750,507000,187.1,1603575,354375,65.5,3624675,1788225
28-04-2025 14:52,24430,571800,508425,190.75,1602975,361200,62.5,3628725,1840575
28-04-2025 14:52,24432,570150,506775,190.2,1602750,345900,63.7,3633450,1842675
28-04-2025 14:53,24428.2,570375,507675,190.8,1586775,358275,63.6,3639600,1805925
28-04-2025 14:53,24427,572250,506475,186.7,1590000,362025,65.45,3686250,1803375
28-04-2025 14:53,24427,561900,510375,185.5,1570125,372825,66.4,3689175,1780875
28-04-2025 14:53,24428.6,572550,509625,189.45,1566075,370800,64.55,3692250,1779900
28-04-2025 14:53,24431.1,572700,508575,191,1577250,363150,63.55,3687525,1801575
28-04-2025 14:53,24435,571050,508275,191.4,1578975,376575,63.5,3691350,1800300
28-04-2025 14:54,24435.7,568500,508725,190.05,1563825,375600,64.1,3710700,1793475
28-04-2025 14:54,24435,569325,509925,190.85,1557900,391575,63.75,3713550,1786125
28-04-2025 14:54,24434.7,568500,507000,190.95,1550625,397725,63,3706275,1800975
28-04-2025 14:54,24434.1,571875,507675,190.2,1556475,399075,63.2,3708225,1819725
28-04-2025 14:54,24432,566550,507750,190.05,1555950,406725,63.05,3706050,1815150
28-04-2025 14:54,24432,571950,509100,189.5,1546800,409200,63.5,3703125,1816350
28-04-2025 14:55,24434.4,567600,509100,187.75,1540125,420075,64.7,3748950,1798725
28-04-2025 14:55,24428.2,574350,508425,187.2,1531050,422850,65.1,3760275,1803825
28-04-2025 14:55,24432,574800,512175,187.2,1531575,424800,65.2,3768825,1793475
28-04-2025 14:55,24428,577350,511275,188.2,1531125,427875,64.7,3764400,1796700
28-04-2025 14:55,24431.3,584775,506325,191.1,1537200,427125,63.7,3761925,1804050
28-04-2025 14:55,24435,582450,505125,191.95,1535475,393975,63.3,3730200,1808325
28-04-2025 14:56,24435,578700,505050,190.1,1537725,392100,64.15,3721800,1798500
28-04-2025 14:56,24428.9,572475,509925,184.75,1527375,406275,66.3,3734850,1796400
28-04-2025 14:56,24429.3,570450,509475,184.95,1501200,404100,66.6,3736950,1769925
28-04-2025 14:56,24430,567900,509325,185.75,1508025,403875,66.2,3730650,1788525
28-04-2025 14:56,24426.3,559275,510900,186,1501050,409950,65.8,3735525,1792875
28-04-2025 14:56,24435.1,570825,506850,189.45,1504725,414225,64.4,3732075,1806225
28-04-2025 14:57,24429.3,564375,509400,186.9,1506900,423150,65.4,3723900,1805475
28-04-2025 14:57,24436,572175,509100,193.5,1502700,427275,62.5,3711675,1807200
28-04-2025 14:57,24444,570375,503175,194.9,1504050,376200,60.8,3656850,1810575
28-04-2025 14:57,24443.4,566700,506325,193.65,1504200,349800,61.35,3649800,1810425
28-04-2025 14:57,24441.2,564300,509550,191.45,1493850,363075,61.85,3666825,1798575
28-04-2025 14:57,24436.9,571125,507975,194.05,1527000,368400,61.15,3675300,1820025
28-04-2025 14:58,24444.8,570975,502350,194.25,1536375,361425,59.6,3654750,1817475
28-04-2025 14:58,24445,570450,505950,195.25,1536975,363150,59.15,3604950,1816200
28-04-2025 14:58,24442.6,573900,505575,195.45,1538400,360075,58.6,3612375,1835175
28-04-2025 14:58,24445.1,576900,503625,194.05,1536750,359850,58.9,3634500,1826400
28-04-2025 14:58,24442,569850,503850,192.1,1532625,371100,60.2,3666450,1813725
28-04-2025 14:58,24444.3,568950,506325,192.6,1528275,375600,59.85,3664875,1809525
28-04-2025 14:59,24445.1,573525,505800,194.9,1531575,372675,58.45,3650475,1818375
28-04-2025 14:59,24444.2,573150,504150,195.95,1539375,355125,58.2,3644700,1823625
28-04-2025 14:59,24447,571275,503475,195.8,1536375,345450,57.8,3594600,1829400
28-04-2025 14:59,24445,566550,508500,194.55,1537350,343875,58.6,3607275,1828275
28-04-2025 14:59,24441.9,559575,509550,193.8,1533225,351900,58.55,3628950,1828575
28-04-2025 14:59,24446,564825,509625,195.4,1529100,366000,59,3658200,1823775
28-04-2025 15:00,24447.5,567600,504825,196.05,1548300,348225,58.25,3606225,1829325
28-04-2025 15:00,24448.1,570600,506400,197.55,1535400,342600,57.95,3623250,1826400
28-04-2025 15:00,24447.5,570525,507525,194.4,1546350,349050,59.2,3632775,1834950
28-04-2025 15:00,24446.8,563325,507975,196.6,1530750,348600,58.5,3640800,1842300
28-04-2025 15:00,24448.9,563850,509475,195.65,1534200,348750,58.3,3631200,1842675
28-04-2025 15:00,24449.8,564900,510000,196.65,1537350,350475,58.1,3626100,1851450
28-04-2025 15:01,24447.5,564450,510225,194.45,1543800,359175,59.25,3634125,1839375
28-04-2025 15:01,24445.1,564375,509400,195.25,1537350,362025,58.6,3633750,1840875
28-04-2025 15:01,24448.6,572250,509850,196.7,1545750,360525,57.75,3628500,1885500
28-04-2025 15:01,24455,576450,501750,202.2,1551375,357675,55.3,3636900,1900500
28-04-2025 15:01,24453,575325,499050,201.85,1554900,307950,55.85,3558000,1894650
28-04-2025 15:01,24455,576750,497475,203.25,1554225,316125,55.1,3559875,1905450
28-04-2025 15:02,24459,584325,495975,207.9,1583550,298350,53.6,3544050,1924725
28-04-2025 15:02,24461.3,577950,492300,211,1587450,303225,53.75,3555225,1871025
28-04-2025 15:02,24463.6,579375,493200,207.3,1576350,297300,54.35,3564225,1870575
28-04-2025 15:02,24460.1,570675,492375,206.7,1555725,313725,54.3,3585000,1854750
28-04-2025 15:02,24459.8,566025,492675,207.25,1561350,318675,54.65,3622275,1856850
28-04-2025 15:02,24462.8,562725,492300,206.35,1554375,321150,54.45,3624525,1863300
28-04-2025 15:03,24458.7,562725,497175,203.5,1543950,322725,55.75,3640950,1849425
28-04-2025 15:03,24459.3,559950,498225,202.95,1503450,328950,56,3647250,1821600
28-04-2025 15:03,24455.7,560775,503775,199.6,1499250,313950,56.8,3646650,1819800
28-04-2025 15:03,24451.2,557700,503400,199.4,1487775,309525,57.2,3655350,1822425
28-04-2025 15:03,24451,564750,502275,200.9,1490175,310575,56.6,3647325,1837125
28-04-2025 15:03,24452.7,560700,503100,198.4,1484175,312750,57.05,3639450,1822500
28-04-2025 15:04,24450.5,566550,503925,200.65,1488375,313500,56.6,3635625,1846875
28-04-2025 15:04,24448.3,559275,502725,200.5,1494450,321750,56.45,3646500,1846725
28-04-2025 15:04,24450.6,555150,504600,200.4,1495350,324750,56.8,3657750,1844175
28-04-2025 15:04,24453.5,554775,507525,200,1502175,332400,56.9,3650850,1849500
28-04-2025 15:04,24454.9,557550,507225,201,1499925,340950,56.5,3654000,1836525
28-04-2025 15:04,24451.9,556500,506250,198.55,1500075,330750,57.1,3645975,1846800
28-04-2025 15:05,24449.1,553050,506325,198,1496475,337350,57.5,3663975,1836675
28-04-2025 15:05,24449.3,553875,510375,196.75,1490775,340350,57.85,3687525,1828425
28-04-2025 15:05,24446.7,555375,507600,197.8,1488525,341925,57.6,3680925,1854075
28-04-2025 15:05,24440.1,549825,510600,195.1,1489875,342975,57.8,3685200,1870200
28-04-2025 15:05,24445.5,555000,512400,192.85,1476525,356850,58.9,3694800,1815300
28-04-2025 15:05,24445,555825,509025,193.8,1467525,350775,58.4,3702900,1821675
28-04-2025 15:06,24446,553275,510825,194.75,1471125,353700,58.2,3685050,1826025
28-04-2025 15:06,24450,557850,510450,197.2,1478175,354375,57.65,3664500,1839075
28-04-2025 15:06,24446.1,557850,513750,196.1,1477275,355350,58.45,3675825,1834650
28-04-2025 15:06,24449,561375,514650,198.15,1484400,356250,57.55,3672450,1852275
28-04-2025 15:06,24450.8,556575,514650,196.3,1485675,358050,58.6,3688200,1854750
28-04-2025 15:06,24450.1,558300,511125,199.05,1492575,356250,58,3681225,1860750
28-04-2025 15:07,24453.2,556050,509475,198.35,1491375,353925,58.25,3669000,1852050
28-04-2025 15:07,24448.5,561450,512850,196.3,1493175,357975,58.7,3675600,1851000
28-04-2025 15:07,24448.1,556650,512175,195.9,1480500,359550,58.95,3674850,1816050
28-04-2025 15:07,24445,556350,513600,194.6,1483425,363300,59.4,3678150,1809075
28-04-2025 15:07,24440.1,553500,515550,190.65,1474950,360375,60.8,3698400,1797375
28-04-2025 15:07,24438.5,550275,514875,188.55,1456200,367800,62.25,3701700,1764375
28-04-2025 15:08,24437,553125,512400,189.6,1452225,363825,62,3695925,1758975
28-04-2025 15:08,24436,550800,511875,190.45,1457700,364125,61.8,3707250,1764600
28-04-2025 15:08,24436.3,551700,509700,188.95,1459725,372000,62.35,3732000,1756350
28-04-2025 15:08,24440,551925,507825,190.95,1462725,374925,61.4,3711000,1783425
28-04-2025 15:08,24438,553950,507300,191.85,1467225,363900,61.35,3683100,1794075
28-04-2025 15:08,24441.6,557100,506700,192.75,1467000,362400,60.95,3669675,1793625
28-04-2025 15:09,24441.9,556275,508200,191.65,1461750,369000,61.35,3661500,1789575
28-04-2025 15:09,24439.8,558300,510000,189.05,1459650,378300,62.3,3684525,1791225
28-04-2025 15:09,24439,555000,512475,187.95,1462950,381225,62.3,3691500,1789125
28-04-2025 15:09,24440.9,556200,511575,189.15,1463700,371625,62.2,3687600,1804425
28-04-2025 15:09,24436,557700,511500,191,1467000,375300,61.8,3680250,1808025
28-04-2025 15:09,24436.8,558675,510300,191.25,1469100,373950,61.5,3678150,1819050
28-04-2025 15:10,24437.7,557625,510000,190,1468650,376650,62.05,3679875,1801800
28-04-2025 15:10,24435.3,557775,510675,191.95,1463700,373875,62.25,3680025,1723650
28-04-2025 15:10,24437.7,555600,509325,189.4,1462500,378675,63.8,3681675,1688025
28-04-2025 15:10,24435.2,559275,506550,192.4,1458825,372450,62.95,3667500,1730175
28-04-2025 15:10,24440,559125,508650,192.65,1459425,371025,63.55,3679425,1753275
28-04-2025 15:10,24441.9,558375,507750,191.9,1467675,366375,63.85,3682500,1754325
28-04-2025 15:11,24437.3,557925,509250,193.5,1459950,368625,63.2,3673725,1752450
28-04-2025 15:11,24440,557625,510525,193.05,1461600,361800,63.55,3656325,1742700
28-04-2025 15:11,24438.5,551100,512925,191.45,1461975,372525,64.25,3664800,1737975
28-04-2025 15:11,24438.5,554025,509700,193.45,1465350,374175,63.35,3669150,1743000
28-04-2025 15:11,24439.7,554325,511500,192.7,1471575,375150,63.55,3659100,1741125
28-04-2025 15:11,24444,555750,511350,193.05,1470975,374550,63.3,3648000,1745025
28-04-2025 15:12,24443.9,556200,512775,193.1,1466775,373050,63.05,3654675,1754850
28-04-2025 15:12,24440.1,556500,510900,194.25,1461075,374700,61.8,3658425,1758225
28-04-2025 15:12,24445.4,556050,508425,195,1467075,373875,62.05,3646800,1751850
28-04-2025 15:12,24445,557775,510300,196.6,1467900,370575,60.55,3650100,1758525
28-04-2025 15:12,24445.3,554925,508125,193.75,1464825,358725,62.35,3666000,1748400
28-04-2025 15:12,24440.7,552450,510150,192.25,1451925,368775,62.6,3662250,1714650
28-04-2025 15:13,24441.7,554550,509550,194.95,1455675,368325,61.65,3647700,1738350
28-04-2025 15:13,24441.7,554325,510450,194,1454550,373200,61.8,3658200,1734300
28-04-2025 15:13,24446,554775,510375,193.8,1456725,376650,62,3655500,1748325
28-04-2025 15:13,24448,555150,509325,195.85,1460250,374025,61.25,3651600,1755900
28-04-2025 15:13,24448.7,557775,506475,196,1463400,370800,61,3642600,1758975
28-04-2025 15:13,24448.4,556875,507750,195.1,1460025,373725,61.15,3643725,1738875
28-04-2025 15:14,24449.4,555900,510300,196.15,1457100,373125,61,3654300,1751625
28-04-2025 15:14,24441.2,556350,509475,194,1457100,378975,61.65,3664200,1759125
28-04-2025 15:14,24448.5,562950,507525,198.9,1468950,377700,60,3660000,1745025
28-04-2025 15:14,24453.5,565875,503475,198.8,1471050,337500,59.35,3622425,1747800
28-04-2025 15:14,24450.6,569100,508875,196.3,1475325,336450,60.8,3656625,1755375
28-04-2025 15:14,24450,564075,510750,195.75,1464075,327600,61.3,3663450,1730325
28-04-2025 15:15,24449.8,566400,506100,199.95,1464975,319425,60,3636825,1741950
28-04-2025 15:15,24454.4,566025,502050,204.3,1462575,328650,58.15,3616950,1762425
28-04-2025 15:15,24457.5,566025,499500,205.75,1448925,309150,57.9,3622050,1765350
28-04-2025 15:15,24454.2,576600,502125,202.4,1445625,312825,59.2,3637425,1757025
28-04-2025 15:15,24450.3,574125,503850,201.8,1428675,315375,59.65,3648375,1749750
28-04-2025 15:15,24451.1,574500,503175,201.1,1441500,318075,60,3641475,1753125
28-04-2025 15:16,24451,571275,502425,197.9,1427400,327300,60.2,3648000,1747425
28-04-2025 15:16,24455.6,561600,503550,200.7,1424400,324975,59.3,3649800,1755750
28-04-2025 15:16,24456,559575,502875,202.3,1441050,325425,58.7,3626925,1776225
28-04-2025 15:16,24451.2,559275,506100,202.55,1445025,319350,58.7,3631200,1783800
28-04-2025 15:16,24456.5,559275,499725,203.1,1435800,317400,58.2,3643200,1779225
28-04-2025 15:16,24455.9,560925,501150,203.3,1434600,323700,58.4,3635550,1784100
28-04-2025 15:17,24457.9,561300,501150,203.05,1427325,332775,58.65,3655725,1782600
28-04-2025 15:17,24452.1,561750,502050,202,1424100,346050,58.85,3657300,1777350
28-04-2025 15:17,24458.1,558975,501450,201.8,1423275,347025,58.55,3657000,1776600
28-04-2025 15:17,24457.2,558300,498825,201.95,1424475,346050,58.1,3655275,1777650
28-04-2025 15:17,24458.2,557400,498825,202.5,1424400,343050,57.9,3638925,1786800
28-04-2025 15:17,24456,557925,496500,203,1428075,340425,57.55,3638325,1792875
28-04-2025 15:18,24458,558675,497625,203,1426725,347100,57.5,3645600,1782750
28-04-2025 15:18,24455,558150,498900,201.95,1424325,370350,57.85,3645225,1772775
28-04-2025 15:18,24455,557025,502350,201.6,1424400,373500,57.6,3643800,1764150
28-04-2025 15:18,24458,558825,499200,203.5,1421250,369600,56.4,3640875,1784250
28-04-2025 15:18,24458.2,557250,498900,204.5,1424850,363000,55.55,3617775,1769550
28-04-2025 15:18,24458.5,557700,499200,203.6,1425900,322950,56.1,3614550,1770675
28-04-2025 15:19,24457.2,559275,498150,204.4,1425375,324300,56.05,3623550,1735875
28-04-2025 15:19,24458.7,558225,497775,204,1422900,323025,56.2,3632925,1717275
28-04-2025 15:19,24457.9,558975,497700,205,1426425,328350,55.5,3617250,1762875
28-04-2025 15:19,24459.1,563250,496125,204.2,1432275,318150,55.8,3605925,1760250
28-04-2025 15:19,24459.5,561900,493650,203.85,1430775,318225,55.7,3605775,1747275
28-04-2025 15:19,24459.6,563550,492600,205,1424400,294825,54.9,3592050,1760925
28-04-2025 15:20,24459.8,562125,490650,204.05,1422675,293025,56.3,3578925,1731975
28-04-2025 15:20,24460.8,560700,489225,205.6,1417575,295200,55.8,3590475,1686600
28-04-2025 15:20,24458.2,559950,491025,205.5,1416900,299025,56.25,3573525,1685850
28-04-2025 15:20,24461.6,560775,490650,205.6,1416150,303675,56.45,3570750,1680525
28-04-2025 15:20,24460,559425,489300,204.25,1414875,304275,56.5,3571725,1692300
28-04-2025 15:20,24458.2,530025,491550,204.2,1409700,312075,57.05,3580425,1666650
28-04-2025 15:21,24459,529200,488325,203.85,1411950,310125,57.05,3588375,1595100
28-04-2025 15:21,24459,528525,487950,203.45,1412025,314850,56.95,3575175,1604250
28-04-2025 15:21,24457.1,529125,488475,204.6,1410900,317400,57.1,3574125,1642500
28-04-2025 15:21,24457,528900,487200,203.6,1407975,316800,57.05,3588525,1596000
28-04-2025 15:21,24456.2,527100,491250,203.55,1408125,321150,57.1,3584475,1609800
28-04-2025 15:21,24455.3,525525,490425,203.8,1406925,318750,57.75,3591675,1596825
28-04-2025 15:22,24458.9,524325,490575,202.95,1403475,320550,58.5,3595575,1578225
28-04-2025 15:22,24456,537825,490425,204.2,1402500,324525,57.75,3587325,1569525
28-04-2025 15:22,24458.5,537900,490650,203.85,1403175,320625,58.2,3583500,1579725
28-04-2025 15:22,24458.5,536700,490275,204,1403550,331950,58.4,3603675,1566150
28-04-2025 15:22,24456.5,539175,488850,204,1405050,331350,58.75,3594975,1564275
28-04-2025 15:22,24455.5,538200,489675,204.25,1404300,320025,58.7,3600975,1583625
28-04-2025 15:23,24455.1,538575,490575,203.85,1403775,318150,58.65,3600975,1570050
28-04-2025 15:23,24456,538875,490425,203.65,1405200,312525,58.25,3581100,1576575
28-04-2025 15:23,24457.9,539325,491625,203.25,1401150,320250,57.8,3579375,1588725
28-04-2025 15:23,24458,539100,491400,204,1400325,311625,57.45,3553350,1596975
28-04-2025 15:23,24455,538725,489600,203.05,1392450,304050,57.3,3553725,1585350
28-04-2025 15:23,24458.5,535650,490125,202,1385775,306750,57.85,3581625,1575000
28-04-2025 15:24,24455.3,534525,489825,201.5,1381275,304950,57.7,3584025,1554000
28-04-2025 15:24,24455,532800,489750,198.05,1378200,306300,56.95,3596325,1553325
28-04-2025 15:24,24452.6,527400,488850,197.85,1364625,300600,58,3581025,1570275
28-04-2025 15:24,24451.2,514200,487725,195.4,1349475,290700,58.15,3570000,1523475
28-04-2025 15:24,24451.5,512400,487725,194.05,1355100,292575,58.7,3567600,1502625
28-04-2025 15:24,24449.9,505650,487800,192.35,1351950,293625,59.2,3568125,1497600
28-04-2025 15:25,24446,507150,488100,191.85,393450,279075,58.95,1467900,1489500
28-04-2025 15:25,24449,510825,486825,195.3,403125,275625,57.85,1454400,1484625
28-04-2025 15:25,24452.9,513150,482175,198.3,405675,267750,56.65,577050,1500300
28-04-2025 15:25,24455,527025,478500,200,399600,261600,55.65,568575,1504950
28-04-2025 15:25,24458.8,529425,478200,202.75,401400,253950,55.75,564750,1531725
28-04-2025 15:25,24458,529725,478650,202,397425,250350,57.15,586200,1525275
28-04-2025 15:26,24455,513600,479850,203.95,403275,251100,56.25,590625,1509000
28-04-2025 15:26,24460,514125,478950,203,402975,247800,56.65,609900,1529175
28-04-2025 15:26,24455,515400,477225,202.7,400350,250725,55.65,580575,1535250
28-04-2025 15:26,24459,514125,476175,202.15,402300,253425,56.7,594375,1539375
28-04-2025 15:26,24457,510225,474750,201.05,401325,253500,57,596850,1503900
28-04-2025 15:26,24455.1,522825,473400,201.55,399150,252375,57.15,607050,1507950
28-04-2025 15:27,24455,523050,473250,202.25,398475,249075,56.35,616275,1505700
28-04-2025 15:27,24457,518325,471000,201.9,399600,245175,55.8,573675,1534200
28-04-2025 15:27,24459,518325,471300,202.1,397425,253275,55.75,563550,1522575
28-04-2025 15:27,24458.1,518325,469725,201.35,396450,238500,56.5,566325,1511550
28-04-2025 15:27,24456.1,516000,473025,201.85,395925,237150,56.3,584475,1504575
28-04-2025 15:27,24455.5,510075,468900,200.95,391350,238800,56.1,577650,1509975
28-04-2025 15:28,24455,507300,468525,200.55,392100,237225,56.25,577725,1489425
28-04-2025 15:28,24455,505875,460500,199.5,386325,239550,55.9,576075,1479975
28-04-2025 15:28,24455.1,503100,460800,197.55,381450,237225,55.35,568350,1487625
28-04-2025 15:28,24456.2,502875,460500,199.6,381225,230475,55,549075,1454400
28-04-2025 15:28,24459,507075,458700,200,380925,223875,53.45,534975,1442850
28-04-2025 15:28,24460,508875,457950,200,381525,218700,53.35,499725,1445925
28-04-2025 15:29,24460,500700,452925,200.3,382275,214425,53.95,487575,1411650
28-04-2025 15:29,24456,496125,449550,197,369375,208875,54.85,453975,1384650
28-04-2025 15:29,24455.6,480150,440400,198.45,362025,207150,53,432825,1356000
28-04-2025 15:29,24454,469950,441000,198,180975,199650,53.25,246300,1346025
28-04-2025 15:29,24450.2,458475,441000,197.6,183600,195375,53.4,243225,1313175
28-04-2025 15:29,24453.1,433125,411450,196.2,173475,191400,52.35,232650,1300125
