last_traded_time,ltp,tot_buy_qty,tot_sell_qty,ltp,tot_buy_qty,tot_sell_qty,ltp,tot_buy_qty,tot_sell_qty
08-05-2025 09:15,24509.4,428025,448050,42.45,47143500,1207425,28.9,38498550,1046250
08-05-2025 09:16,24499.9,436800,461550,38.6,47723625,1294425,31,38944950,988650
08-05-2025 09:16,24493,441000,469575,37.75,48445350,1360350,33,39589050,1073400
08-05-2025 09:16,24496.8,435000,484200,36.7,49175700,1445850,32.3,40223850,1111350
08-05-2025 09:16,24495.6,447300,483600,38.3,49855875,1434300,33,40312500,1221450
08-05-2025 09:16,24495.2,446175,484500,36.2,50159775,1604100,34.75,40783500,1147650
08-05-2025 09:16,24494,447600,491325,34.3,50612100,1670775,32.55,40928175,1155525
08-05-2025 09:17,24491.4,454350,489750,37.4,51089850,1698900,32.55,40961325,1214250
08-05-2025 09:17,24500.5,462000,486150,38.8,51663075,1669575,30.75,41090475,1291650
08-05-2025 09:17,24496,449550,489375,36.55,52031850,1811400,30.9,41556150,1300125
08-05-2025 09:17,24494.6,458100,498675,35.65,52035225,1891575,33.45,41830500,1296150
08-05-2025 09:17,24492,452100,500775,35.15,52158450,1973400,33.75,42056850,1358775
08-05-2025 09:17,24488,460575,500775,34.1,52294275,1990200,33,42117075,1447875
08-05-2025 09:18,24485.1,462300,508350,32.15,52338450,2062575,36.3,42736800,1446675
08-05-2025 09:18,24482,462300,509925,32,52481625,2090925,37.45,43335825,1318500
08-05-2025 09:18,24476.1,462375,512025,30.65,52591275,2222325,43.1,43928850,1281750
08-05-2025 09:18,24480,464925,513150,30.1,52642200,2253900,43.2,43963275,1153800
08-05-2025 09:18,24478.2,469200,513525,29.75,52437450,2302500,41.7,44034150,1315050
08-05-2025 09:18,24477.5,469875,516900,28.4,52789350,2251650,42.5,44018175,1398600
08-05-2025 09:19,24474.3,461700,511950,28.9,53524275,2292450,41.8,44029125,1359150
08-05-2025 09:19,24476.3,462750,514650,28.95,53869350,2337600,44.2,44084625,1372725
08-05-2025 09:19,24471,471675,521625,28.1,53941950,2419725,44.6,44093100,1501800
08-05-2025 09:19,24472,473700,521625,27.3,53945250,2502900,44.1,43839975,1465875
08-05-2025 09:19,24474.9,477225,526575,27.85,53975700,2523825,43.9,44352300,1455900
08-05-2025 09:19,24470,480150,528525,27.5,54273600,2532900,43,44308650,1507275
08-05-2025 09:20,24473.3,489450,534000,27.4,54272325,2577375,40.5,44291550,1568550
08-05-2025 09:20,24480,494175,531975,29.6,54474075,2592975,39.5,44262075,1609875
08-05-2025 09:20,24481.2,493650,536475,29.4,54591600,2606025,40.4,44057100,1671450
08-05-2025 09:20,24477,500325,531750,28.75,54759600,2774100,40.3,44118975,1749225
08-05-2025 09:20,24475,497025,537000,26.75,54718125,2933850,43.95,44197650,1726800
08-05-2025 09:20,24474.1,497625,537600,26.5,54485250,2960625,43.6,44210175,1745325
08-05-2025 09:21,24473,499500,535800,26,54530025,3030375,40.55,44223375,1911675
08-05-2025 09:21,24465.9,491700,541800,23.5,54431325,3044850,47.2,44379225,1850100
08-05-2025 09:21,24461.4,499125,537300,23.8,53784300,3064950,52.1,44407125,1470675
08-05-2025 09:21,24464.3,497025,536550,24.3,53940525,3031425,51.4,44528625,1266375
08-05-2025 09:21,24462.3,498900,537450,23.4,54206625,3151125,54.1,44499825,1355025
08-05-2025 09:21,24462.3,501525,540975,23,54405150,3237975,52.4,44541000,1516725
08-05-2025 09:22,24464.4,497550,539100,23.85,54581925,3268650,52.15,44560425,1548825
08-05-2025 09:22,24459,506100,542475,23.6,54787950,3327150,52.75,44565450,1603125
08-05-2025 09:22,24460.1,504075,541950,23.1,54875400,3398250,51.45,44572200,1732950
08-05-2025 09:22,24464.7,503775,516300,23.2,54951075,3453600,51.8,44471175,1781925
08-05-2025 09:22,24465,511725,519825,23.4,55113975,3491850,49.65,44349150,1837125
08-05-2025 09:22,24466.6,514050,521550,23.5,55145625,3498075,48.05,44403975,1901550
08-05-2025 09:23,24468,519600,520350,23.65,55177650,3515325,46.8,44280525,1931700
08-05-2025 09:23,24470,522375,523350,24.5,55362375,3519525,45.55,44346000,1986450
08-05-2025 09:23,24478,527250,521475,26.65,55559400,3448950,40.55,44306175,2028975
08-05-2025 09:23,24478.2,527550,532275,25.15,55604925,3478650,41.6,43962450,2036550
08-05-2025 09:23,24472,529350,534075,23.9,55467225,3641700,43.15,44176275,1948950
08-05-2025 09:23,24471.1,526800,535500,23.25,55465125,3714975,43.25,44302125,2026125
08-05-2025 09:24,24480,531525,532875,24.9,55661625,3766500,39.2,44292975,2168625
08-05-2025 09:24,24484.8,531375,530925,27.15,55923000,3711450,37.15,44001825,2182875
08-05-2025 09:24,24485,533025,534975,28.6,56026575,3584700,34.6,43928400,2196750
08-05-2025 09:24,24485.8,541425,535650,28.85,56128350,3524325,34.3,43943625,2196450
08-05-2025 09:24,24484.9,539325,546150,26.3,56101500,3756525,35.85,44004525,2197800
08-05-2025 09:24,24483.5,536100,545925,26.7,55913025,3912300,32.8,44082600,2206800
08-05-2025 09:25,24489,538125,544575,28.15,56166825,3926250,31.8,44022525,2253300
08-05-2025 09:25,24486.6,536700,551625,27.65,56189850,4117350,33,44320425,2213400
08-05-2025 09:25,24483,538350,549825,26.25,56191875,4197000,36.3,44528100,2236350
08-05-2025 09:25,24483.1,538575,551400,27.3,56135100,4309275,35.05,44577900,2279925
08-05-2025 09:25,24484,538950,552075,26.35,56232075,4371075,34.65,44567625,2370600
08-05-2025 09:25,24481.6,537000,552900,25.5,56140875,4468950,34.95,44747850,2404425
08-05-2025 09:26,24487.9,537150,547425,28.65,56221650,4454625,30.35,44723550,2572725
08-05-2025 09:26,24488,534825,547500,28.25,56240925,4488300,32.15,44551800,2487975
08-05-2025 09:26,24487.8,538050,545400,27.6,56353800,4646700,33,44723775,2476725
08-05-2025 09:26,24490,541125,545925,28.7,56437125,4647300,30.95,44793075,2580450
08-05-2025 09:26,24490,537900,552825,28.5,56500275,4400700,32.8,45039000,2575125
08-05-2025 09:26,24487.4,537825,552225,28.2,56566800,4461675,32.15,45075375,2610075
08-05-2025 09:27,24490,538800,552000,28.3,56546325,4553850,31.3,45076800,2722050
08-05-2025 09:27,24490,537000,555525,27.85,56566050,4562775,31.85,45127650,2743350
08-05-2025 09:27,24485,536025,560850,26.95,56509800,4690800,33.05,45319125,2719800
08-05-2025 09:27,24485,539550,558225,27.2,56466450,4706400,34.15,45336525,2707800
08-05-2025 09:27,24488,543150,566475,29.25,56531925,4738800,30.8,45330900,2856450
08-05-2025 09:27,24488.6,542700,556500,28.65,56593650,4555725,30.3,45254700,2911125
08-05-2025 09:28,24488.6,539925,558075,27.2,56550600,4696650,32.7,45493425,2936025
08-05-2025 09:28,24486.6,539400,561150,27.7,56460450,4764150,32.5,45682350,2900625
08-05-2025 09:28,24488.8,543300,554325,28.1,56646225,4756800,32.1,45834750,2979975
08-05-2025 09:28,24483,544500,565875,27.15,56622975,4792125,32.95,45979275,2983275
08-05-2025 09:28,24481.2,538500,565950,24.25,56530800,4986825,36.1,46115400,2934750
08-05-2025 09:28,24479,541500,567675,22.25,55830300,5099250,36.25,46092225,2672850
08-05-2025 09:29,24472.9,541800,567150,20.6,55230750,5077575,40.15,46023975,2571600
08-05-2025 09:29,24470.1,543300,571050,20.95,55538925,5047500,41,46044600,2583000
08-05-2025 09:29,24470.1,548100,571725,20.8,55808775,5083500,39.65,46075200,2541525
08-05-2025 09:29,24468,549975,568500,20.3,55882575,5079375,41.65,45918750,2642250
08-05-2025 09:29,24474,547125,574275,20.05,55888500,5113950,42.8,45960375,2640000
08-05-2025 09:29,24473,549150,570150,19.8,55410900,5311950,41.85,46022175,2759625
08-05-2025 09:30,24468.5,548325,579000,19.7,55458525,5228700,42.7,46000125,2783325
08-05-2025 09:30,24465,550200,580650,19,55453050,5377050,45.3,46008225,2785950
08-05-2025 09:30,24458.7,539775,579900,18.65,55420725,5279100,49.1,46131750,2508675
08-05-2025 09:30,24461.5,536550,578175,18.65,55448625,5320425,49.9,46080075,2213850
08-05-2025 09:30,24455,531975,582525,18,55147125,5401425,50.85,46079025,2112525
08-05-2025 09:30,24459.8,541650,577875,18.95,55535850,5385825,47.25,46070550,2320725
08-05-2025 09:31,24457.4,539550,582075,18.9,55478475,5528775,48.15,45986550,2340150
08-05-2025 09:31,24463.9,538800,573675,18.95,55634025,5578875,48.35,45960300,2517675
08-05-2025 09:31,24464.7,541875,573075,18.7,55710525,5750175,48.4,46141725,2556000
08-05-2025 09:31,24461,541575,572625,18.3,55717050,5873325,47.95,46152300,2625825
08-05-2025 09:31,24461,545025,573000,19,55927425,5895900,45.7,46133250,2698875
08-05-2025 09:31,24460.1,545775,569775,18.4,55973100,5888325,48.15,45963675,2690550
08-05-2025 09:32,24460,539925,571050,19,55983900,5916150,47.9,46057200,2660100
08-05-2025 09:32,24457,542700,570675,18.65,56213025,5938575,49.65,46131750,2603025
08-05-2025 09:32,24459.7,538500,571950,18.45,56226600,6041025,50,46197150,2576700
08-05-2025 09:32,24459.4,540075,574425,18.3,56045400,6052950,50.2,46126800,2641725
08-05-2025 09:32,24459.5,543450,571650,17.6,56110950,6151575,54.75,46099050,2697150
08-05-2025 09:32,24453.6,540375,575175,17.85,56055450,6181275,51,46109625,2457075
08-05-2025 09:33,24451,539625,574650,17.15,56193525,6221325,55.95,46072575,2482275
08-05-2025 09:33,24455,538875,571200,18,56249475,6247350,52.35,46051875,2060475
08-05-2025 09:33,24454.4,539400,568125,18.4,56371575,6168525,50.95,45990375,2207100
08-05-2025 09:33,24458,540450,568800,18.15,56476575,6187725,52.4,46051500,2229675
08-05-2025 09:33,24458.1,542400,568500,18.55,56604300,6229050,50.35,46068075,2337375
08-05-2025 09:33,24455.1,543450,571875,18.1,56636250,6306075,51.6,46035525,2346600
08-05-2025 09:34,24460,542550,568275,18.35,56480025,6363750,48.75,46027800,2364825
08-05-2025 09:34,24456.4,545025,571950,18.35,56708625,6120225,48.9,45638550,2437650
08-05-2025 09:34,24455,540975,573900,17.8,56722275,6105825,51.05,45750675,2415675
08-05-2025 09:34,24455,545100,574650,17.5,56718600,6183825,51.35,45763875,2467650
08-05-2025 09:34,24453.7,543225,573900,16.95,56633550,6308100,53.85,45769350,2487825
08-05-2025 09:34,24453.8,545775,575625,17.75,56683800,6306000,51.2,45960825,2437875
08-05-2025 09:35,24455,546150,571800,18.1,56872350,6247725,50.65,45935700,2534925
08-05-2025 09:35,24457.7,546150,573675,18.15,56949750,6279900,51.75,45941700,2545875
08-05-2025 09:35,24455,549000,573225,18.6,57029775,6341100,49.6,45774675,2570775
08-05-2025 09:35,24458,548250,571425,18.45,57069975,6315075,50.2,45702675,2614650
08-05-2025 09:35,24454.9,547050,573600,17.6,57024225,6475950,52.4,45762525,2599725
08-05-2025 09:35,24455,545175,574575,18.15,56919150,6530175,51.8,45792150,2552250
08-05-2025 09:36,24453.6,547650,568500,18.2,56936700,6604200,51.65,45772050,2572575
08-05-2025 09:36,24453.6,550125,567225,18.6,57073650,6643350,50.15,45821175,2615025
08-05-2025 09:36,24456.4,550650,567600,18.9,57241125,6556800,48.9,45802350,2637525
08-05-2025 09:36,24454.1,548175,570525,18.65,57168525,6452700,51.2,45787500,2617725
08-05-2025 09:36,24454.3,547950,570600,17.85,57151125,6627975,51.95,45847650,2599350
08-05-2025 09:36,24455,548775,569400,17.85,57044400,6691200,51.35,45828600,2545950
08-05-2025 09:37,24456,549075,569100,18.2,57216675,6666525,50,45799800,2615475
08-05-2025 09:37,24455.9,548850,576600,18.4,57264825,6800775,50.1,45812850,2616900
08-05-2025 09:37,24458.4,547800,579075,18.2,57236325,6822900,49.85,45835200,2667600
08-05-2025 09:37,24469.1,550500,575100,20.7,57356475,6760800,39.1,45770400,2752125
08-05-2025 09:37,24462.8,546150,572775,21.75,57270000,6126300,40.3,44921250,2689125
08-05-2025 09:37,24471.6,549150,566775,22.3,57396900,6194925,38.05,45025350,2714475
08-05-2025 09:38,24474.8,546150,573750,21.6,57432300,6006750,35.25,44928825,2738400
08-05-2025 09:38,24471,548925,573975,21.15,57229725,6363300,36.85,45164475,2658000
08-05-2025 09:38,24471,547575,574125,20.95,57127800,6409500,37.9,45318900,2675250
08-05-2025 09:38,24466.6,548025,574950,18.9,57022875,6604725,41.85,45554325,2692200
08-05-2025 09:38,24465,543975,576600,18.4,56634675,6679425,44.75,45611400,2583150
08-05-2025 09:38,24465,547350,575775,19.15,56928825,6709575,42.6,45628800,2673750
08-05-2025 09:39,24460.2,549150,576075,18.25,56903550,6825075,44.3,45719700,2673300
08-05-2025 09:39,24463.4,551700,574200,18.95,57029925,6898275,41.75,45712125,2754300
08-05-2025 09:39,24463.5,554175,573600,18.7,57214950,6892350,41.9,45686475,2782050
08-05-2025 09:39,24463.6,554550,573375,18.2,57335775,7005600,43.2,45776025,2781675
08-05-2025 09:39,24463,553650,573525,18.85,57534000,7009650,41.65,45816375,2815800
08-05-2025 09:39,24464.9,555000,574425,19,57620925,7054950,40.6,45908850,2862375
08-05-2025 09:40,24465.4,553800,574200,19,57625200,7109100,41.35,45841200,2895450
08-05-2025 09:40,24461,556800,577050,18.1,57611775,7228275,42.9,45886875,2899425
08-05-2025 09:40,24465,556350,577725,18.9,57353325,7314000,42.45,45938250,2900775
08-05-2025 09:40,24465,555975,580575,17.75,57362925,7391400,44.5,45977925,2958525
08-05-2025 09:40,24465,555600,580950,17.6,57285525,7474500,43.95,46035450,2948250
08-05-2025 09:40,24460.3,556200,580575,17.9,57347100,7503375,43.85,46052475,2973900
08-05-2025 09:41,24460,553500,583125,17.6,57271500,7644825,43.8,46050600,2967600
08-05-2025 09:41,24460,554775,582450,17.65,57243600,7625025,43.85,46054575,2920575
08-05-2025 09:41,24460,556950,582600,17.85,57284925,7777875,43.25,46076175,2959200
08-05-2025 09:41,24462,556500,578475,17.65,57370725,7686675,43.5,46054200,2996775
08-05-2025 09:41,24460.9,552900,581025,16.75,57353100,7826475,45,46121775,3000900
08-05-2025 09:41,24459.7,554550,578025,16.6,57167550,7810275,45.85,46147275,2959950
08-05-2025 09:42,24457.7,554625,574800,16.9,57273450,7874775,44.75,46168875,2991525
08-05-2025 09:42,24458.1,555000,565875,15.6,57375900,7982475,48.6,46198350,3034875
08-05-2025 09:42,24453,547575,571500,15.85,56680275,7973625,49.05,46243275,2800800
08-05-2025 09:42,24452.4,553275,563475,16.45,57197700,7837650,49.35,46217100,2761800
08-05-2025 09:42,24456.3,552375,567150,16.5,57223500,8034675,47.4,46210275,2862975
08-05-2025 09:42,24456.3,554475,567150,16.65,57288975,8058975,46.85,46172925,2917050
08-05-2025 09:43,24458.2,555375,569175,16.2,57375825,8214000,48.55,46128750,2943450
08-05-2025 09:43,24456,553950,568725,16.25,57331425,8241750,47.15,46185450,2970450
08-05-2025 09:43,24453,553500,572025,15.85,57344325,8288175,47.8,46183125,3006375
08-05-2025 09:43,24452.3,552225,570525,15.85,57550875,8330400,48.95,46263450,2985975
08-05-2025 09:43,24452.6,556500,571950,16.15,57813900,8287275,47.35,46300575,2983875
08-05-2025 09:43,24452.3,554175,568875,15.55,57950925,8313375,49.5,46309425,2994975
08-05-2025 09:44,24454,553725,572400,16.05,58382025,8273325,48.65,46324725,2952450
08-05-2025 09:44,24454.1,555300,569925,16.45,58573800,8193300,46.55,46280925,2995725
08-05-2025 09:44,24455,555075,568875,16.1,58631475,8073150,47.9,46237500,3024375
08-05-2025 09:44,24455,555225,568950,16.15,58362600,8223000,47.3,46269450,3043425
08-05-2025 09:44,24460,556950,565650,17.65,58733850,8154600,42.6,46274550,3101850
08-05-2025 09:44,24464.8,559425,567600,17.95,58825125,7908450,41.3,46007775,3109050
08-05-2025 09:45,24460.2,555525,568125,16.35,58725150,8028000,44.95,46039875,3095025
08-05-2025 09:45,24460,558450,568275,16.5,58891725,8148900,45.15,46108425,3103875
08-05-2025 09:45,24461.5,557175,567750,16.7,58990500,8164200,44.8,46143825,3129450
08-05-2025 09:45,24461.7,556800,573000,16.3,58914225,8322525,45.65,46258800,3115875
08-05-2025 09:45,24459,559350,572325,16.7,58812375,8539200,44.3,46298325,3136800
08-05-2025 09:45,24461.9,558975,576750,16,58828125,8557650,45.85,46300125,3157350
08-05-2025 09:46,24462,559350,573600,16.3,58861950,8625450,45.4,46328700,3145575
08-05-2025 09:46,24457,558600,575100,16.05,58911600,8669100,46.05,46401450,3152400
08-05-2025 09:46,24460,559125,571875,16.35,59074875,8733225,44.7,46388925,3213525
08-05-2025 09:46,24458.3,559350,571650,16.65,59183775,8714250,42.85,46322850,3245100
08-05-2025 09:46,24457.2,558525,573675,15.9,59144925,8762700,45.95,46360500,3237300
08-05-2025 09:46,24457.2,559200,571725,16.5,59070375,8837250,43.75,46381050,3179175
08-05-2025 09:47,24458.5,559350,570525,16.55,59223450,8738850,43.4,46370250,3213600
08-05-2025 09:47,24467,562350,569550,17.6,59368800,8682225,41,46301175,3260550
08-05-2025 09:47,24467.1,561975,569025,17.1,59250150,8562075,43.15,46197000,3251175
08-05-2025 09:47,24467,561150,572850,17,59083200,8709675,42.9,46260225,3230475
08-05-2025 09:47,24458,561750,572775,15.55,59034075,8903625,45.7,46371750,3251550
08-05-2025 09:47,24460,560175,571800,15.85,58899225,8950950,45.75,46368150,3097125
08-05-2025 09:48,24458,559875,574500,15.6,59013975,9023175,47.65,46391175,3125400
08-05-2025 09:48,24456.3,560550,574575,14.75,58748325,9105225,49.45,46433400,3010725
08-05-2025 09:48,24454.4,558600,574125,14.35,58069050,9171150,52,46443600,2979150
08-05-2025 09:48,24451.3,560850,569775,14.6,58124100,9221400,50,46449075,2885250
08-05-2025 09:48,24452,563100,572250,14.45,58333050,9158025,50.85,46362450,2918325
08-05-2025 09:48,24451.2,563775,572100,14.4,58422600,9256275,50.85,46393200,2848650
08-05-2025 09:49,24451.1,564975,572850,14.7,58478475,9300825,50,46401000,2922750
08-05-2025 09:49,24454.5,564825,571425,14.35,58546650,9426525,50.45,46395900,2956425
08-05-2025 09:49,24454.3,567150,573525,14.5,58668900,9378225,50.25,46397850,2996625
08-05-2025 09:49,24454,568050,573000,14.5,58691025,9446550,49.65,46417050,3004425
08-05-2025 09:49,24454.4,567525,575550,14.2,58714200,9489675,50.1,46444950,3019425
08-05-2025 09:49,24457.3,567675,574725,14.35,58300200,9551175,49.4,46452750,3062025
08-05-2025 09:50,24453.9,564675,575775,14.4,57277125,9513450,50.1,46430850,3066375
08-05-2025 09:50,24450.5,564150,576000,14.6,57075225,9496650,49.9,46428000,3083100
08-05-2025 09:50,24456.4,562950,574350,14.75,57256350,9503475,47.9,46427250,3133275
08-05-2025 09:50,24460,567525,570075,15.25,57478950,9406950,45.45,46282500,3152175
08-05-2025 09:50,24459.8,571125,574575,14.95,57303975,9406650,45.55,46147500,3154275
08-05-2025 09:50,24458.5,569775,572250,14.5,57299625,9563250,45.95,46224900,3178200
08-05-2025 09:51,24452,567825,574875,14.3,57092550,9719325,48,46383450,3189675
08-05-2025 09:51,24459.6,571500,574350,15.25,57241950,9595650,45.3,46411425,3159300
08-05-2025 09:51,24455.2,570525,572775,15,57297000,9564975,45.35,46328400,3214275
08-05-2025 09:51,24459.1,571500,573450,15.05,57135675,9717675,45.9,46371525,3229425
08-05-2025 09:51,24455.5,571125,574050,15.4,57279225,9665475,44.3,46396275,3240225
08-05-2025 09:51,24455.5,568425,575025,14.5,57310650,9704625,47.8,46514775,3249000
08-05-2025 09:52,24454,567675,575475,14.65,56876775,9725250,48.3,46556475,3163050
08-05-2025 09:52,24455,569475,574650,15,57031050,9710850,47,46529925,3214725
08-05-2025 09:52,24454,569775,573825,14.9,57073125,9669225,46.2,46501950,3245175
08-05-2025 09:52,24453.9,569550,573750,14.85,57142425,9655200,46,46561725,3275250
08-05-2025 09:52,24452.9,567300,574950,14.4,57133125,9764700,47.2,46663575,3272250
08-05-2025 09:52,24456.6,569550,573525,14.7,57072300,9778125,45.9,46728225,3285675
08-05-2025 09:53,24454.6,569550,570525,15.05,57207975,9760875,44.05,46695525,3302475
08-05-2025 09:53,24456,568575,573525,14.4,57213525,9871650,46.65,46670550,3301200
08-05-2025 09:53,24456,568050,573825,14.6,57099375,9912450,46.1,46676775,3300750
08-05-2025 09:53,24456.2,568950,574950,14.75,57259350,9831300,45.7,46659300,3334500
08-05-2025 09:53,24456.1,568725,575025,14.45,57246225,9929700,46.5,46721325,3333675
08-05-2025 09:53,24455,569025,573300,14.7,57281925,9933825,45.4,46735725,3317625
08-05-2025 09:54,24454.2,568800,574950,14.15,57295650,10033200,47.35,46757700,3321750
08-05-2025 09:54,24454,568650,574650,14.1,56953425,10085925,47.45,46784325,3258750
08-05-2025 09:54,24454,569550,574800,14.05,56901750,10090500,47.05,46752075,3239625
08-05-2025 09:54,24455,571500,575550,14,56943450,10126950,46.3,46748325,3244275
08-05-2025 09:54,24457,574200,571425,14.7,56981700,9998700,42.6,46673475,3282600
08-05-2025 09:54,24457.4,573750,573375,14.4,56999325,9899850,42.8,46338000,3285825
08-05-2025 09:55,24460.1,573225,576150,13.7,56770800,10124550,43.5,46402800,3347775
08-05-2025 09:55,24458.7,571725,574575,14,56830875,10161900,43.55,46485000,3378000
08-05-2025 09:55,24459.9,573300,574200,14.45,57106050,10062225,41.6,46467750,3432375
08-05-2025 09:55,24456,574725,572550,14.6,57223950,10175400,41.7,46416675,3455175
08-05-2025 09:55,24459.4,573750,574425,13.95,57122025,10262775,44,46494525,3426075
08-05-2025 09:55,24455,572625,574275,13.9,57469950,10331175,45.6,46616700,3421950
08-05-2025 09:56,24454,571650,575775,13.65,57391350,10363500,45.7,46641450,3378600
08-05-2025 09:56,24453,571725,577425,13.8,59080125,10394625,45.8,46628700,3341850
08-05-2025 09:56,24453,556050,575700,13.4,59029950,10553175,46.7,46614675,3370575
08-05-2025 09:56,24455,573075,576975,13.7,59129475,10494600,44.7,46593225,3335475
08-05-2025 09:56,24455,572775,574575,13.65,59136900,10389675,44.3,46538100,3385875
08-05-2025 09:56,24455.5,573375,574200,13.9,59303475,10417275,43.8,46590975,3406275
08-05-2025 09:57,24457.1,576675,575250,13.65,59295375,10416900,45.4,46627800,3414075
08-05-2025 09:57,24455,572850,577725,13.95,59257725,10410000,44.55,46647675,3415650
08-05-2025 09:57,24455,572325,578625,13.3,59149575,10448175,46.65,46721775,3429900
08-05-2025 09:57,24453,571725,575625,13.5,58953675,10500075,45.3,46723950,3356100
08-05-2025 09:57,24453.6,571950,576525,13.25,58675950,10469400,45.3,46674600,3375975
08-05-2025 09:57,24452.1,572175,576825,13.25,58651800,10586250,44.65,46666950,3412800
08-05-2025 09:58,24455.9,574200,575625,13.6,58863750,10532775,43.7,46571550,3437175
08-05-2025 09:58,24455,573825,572850,13.65,58916400,10356750,42.95,46559325,3447450
08-05-2025 09:58,24456,574200,573000,13.65,58939200,10516200,42.4,46561125,3484425
08-05-2025 09:58,24456.2,574200,574950,13.4,58942050,10549800,42.9,46624875,3462000
08-05-2025 09:58,24456.2,574500,574950,13.55,58906950,10557150,43,46680975,3502200
08-05-2025 09:58,24456.2,576075,575100,13.65,59072250,10587600,41.85,46703325,3525750
08-05-2025 09:59,24455,575475,576000,13.05,59030925,10543500,44.1,46671375,3540825
08-05-2025 09:59,24454,574050,575775,12.9,58705575,10574850,44.35,46712100,3471525
08-05-2025 09:59,24452,574125,576600,12.75,58671000,10599000,45.1,46718925,3448425
08-05-2025 09:59,24452,573825,578250,12.4,58759950,10564950,46.05,46703175,3436050
08-05-2025 09:59,24453.2,573150,576975,12.35,58496775,10573650,46.25,46737975,3355350
08-05-2025 09:59,24453.3,574425,576825,12.45,58773750,10527225,45.1,46672275,3384900
08-05-2025 10:00,24456.7,575625,575475,12.9,58924725,10284000,43.5,46630950,3429975
08-05-2025 10:00,24453.4,573825,574800,12.9,58989750,10239750,43.4,46613775,3461550
08-05-2025 10:00,24453.4,574200,575175,12.75,58996350,10314225,44.55,46727475,3431475
08-05-2025 10:00,24454,574950,574725,12.7,58941675,10393725,44,46759800,3443700
08-05-2025 10:00,24452,576075,574125,12.5,59119725,10430700,45,46767075,3454875
08-05-2025 10:00,24455,577050,573675,12.65,59172975,10449750,43.8,46767975,3446400
08-05-2025 10:01,24456.1,576825,573075,13.2,59161650,10388700,42.75,46709925,3452625
08-05-2025 10:01,24455.5,577650,571425,13.3,59222625,10207800,41.85,46724250,3493500
08-05-2025 10:01,24467.2,577950,569100,14.75,59408475,10187625,37.05,46603125,3744150
08-05-2025 10:01,24466.5,578775,570225,15.05,59339175,9496800,38.15,45769125,3642075
08-05-2025 10:01,24464.8,578475,568875,14.95,59485425,9473100,38.25,45928275,3613575
08-05-2025 10:01,24463.5,577275,569100,13.55,59292825,9877800,40.35,46137675,3590700
08-05-2025 10:02,24464.5,578175,570000,14.8,59166150,9839175,38.55,46168200,3537675
08-05-2025 10:02,24461.6,578250,569400,14.7,59271300,9783525,38.85,46189950,3634500
08-05-2025 10:02,24465.3,579075,569325,14.75,59290650,9896775,38.95,46310475,3668025
08-05-2025 10:02,24462.4,581025,569025,15.55,59434125,9870300,37.55,46376250,3681450
08-05-2025 10:02,24465.3,581175,568950,15.5,59396400,9743625,38,46341900,3697425
08-05-2025 10:02,24463.5,579900,569475,15.55,59330250,9870450,38.15,46397925,3674700
08-05-2025 10:03,24463.5,580650,569475,15.15,59217150,10049625,37.55,46411350,3705975
08-05-2025 10:03,24463.8,578325,570300,14.35,59070900,10226625,39.75,46461975,3669225
08-05-2025 10:03,24463.2,578250,570450,14,59004375,10213050,40.6,46483725,3590100
08-05-2025 10:03,24461.4,579150,570675,14.5,58879950,10283550,39.15,46482075,3670950
08-05-2025 10:03,24461.9,579075,569775,14.55,58989900,10283400,38.4,46435050,3717450
08-05-2025 10:03,24461.6,581475,569625,14.75,59010675,10261650,37.7,46451250,3731625
08-05-2025 10:04,24463,582750,569850,15.3,59081250,10219050,37.05,46550700,3744150
08-05-2025 10:04,24471.1,582675,569625,16.5,59125125,10081725,35.55,46450800,3762525
08-05-2025 10:04,24470.4,582825,567825,17.1,59122125,9384000,31.6,46087200,3780900
08-05-2025 10:04,24470,582900,568275,16.95,59093775,9160950,32.5,45892725,3753600
08-05-2025 10:04,24473.9,583575,569400,16.8,59102775,9382575,32.4,45977175,3800025
08-05-2025 10:04,24470.1,582675,569175,17.4,59173875,9518400,32.1,46198875,3823800
08-05-2025 10:05,24473,581025,571725,16.1,59181600,9586050,33.85,46293675,3883875
08-05-2025 10:05,24471.6,582525,573375,16,58932375,9699000,34.6,46290225,3832950
08-05-2025 10:05,24470,582450,574350,15.55,58926150,9769650,34.95,46521675,3855150
08-05-2025 10:05,24466.1,584325,570975,16.05,59149200,9708375,34.6,46574625,3908475
08-05-2025 10:05,24472.5,581850,572925,16.05,59244750,9784425,35.05,46903125,3862800
08-05-2025 10:05,24470,582375,574575,15.25,59235075,9925050,35.95,46951800,3891975
08-05-2025 10:06,24470,580875,578325,15.25,59039250,9934275,35.85,46992600,3882075
08-05-2025 10:06,24466.1,582075,576075,15.05,59133450,9948600,36.25,46927500,3902475
08-05-2025 10:06,24468,582300,577575,15.3,59316900,9974325,35.7,46902600,3895650
08-05-2025 10:06,24469.8,582675,578100,14.45,59303025,10080975,36.65,46939050,3941025
08-05-2025 10:06,24468.4,583350,580575,15,59157525,10123050,35.8,46967475,3910275
08-05-2025 10:06,24468,584550,580050,15.15,59321325,10029825,35.3,46982475,3949125
08-05-2025 10:07,24467,584775,578550,14.6,59351250,10190400,36,46881450,3981750
08-05-2025 10:07,24467.8,583425,582000,14.35,59186400,10293525,36.2,46943475,3933600
08-05-2025 10:07,24469.4,583200,581925,14.7,59104350,10260675,35.25,46990875,3975375
08-05-2025 10:07,24469.4,584850,578250,15.4,59422950,10133325,33.6,46931025,4030575
08-05-2025 10:07,24469.5,584025,578400,15.25,59416875,10114050,34.05,46779525,4024725
08-05-2025 10:07,24469.6,585150,578250,15.65,59563125,10190475,33.25,46867275,4092825
08-05-2025 10:08,24469.6,586200,575250,16.4,59628675,10035450,33,46848750,4113375
08-05-2025 10:08,24469.4,586050,575850,15.9,59575800,10137675,33.8,46989675,4125675
08-05-2025 10:08,24469.7,585225,576750,16.1,59531925,10195725,33.95,47117925,4163925
08-05-2025 10:08,24469.8,584850,575700,16.1,59537325,10113525,33.35,47177550,4198575
08-05-2025 10:08,24471.6,586875,576000,16.65,59592525,10178775,33,47194050,4232550
08-05-2025 10:08,24471.7,586275,576750,15.9,59560575,10174500,33.25,47168475,4240875
08-05-2025 10:09,24471.8,586050,577650,15.25,59346075,10324950,34.5,47250150,4218600
08-05-2025 10:09,24467.6,586200,577425,14.95,59196600,10397925,35.15,47306625,4105950
08-05-2025 10:09,24467.2,586950,577725,15.5,59414025,10455150,34.45,47327175,4122900
08-05-2025 10:09,24468.5,587550,576825,15.8,59524725,10388550,33.55,47224050,4179750
08-05-2025 10:09,24469.3,586875,573525,15.2,59561325,10366650,35.15,47310675,4185750
08-05-2025 10:09,24467,584850,576675,14.3,59283900,10452900,36.3,47371800,4090950
08-05-2025 10:10,24467.6,586500,575925,14.35,59372550,10572375,35.75,47360850,4002375
08-05-2025 10:10,24467.5,586725,573900,14.5,59628000,10599975,34.85,47318400,4035375
08-05-2025 10:10,24465,586950,573600,14.1,59735700,10641600,35.85,47341875,4039650
08-05-2025 10:10,24465,585075,574800,13.5,59854500,10687425,36.45,47397225,4058700
08-05-2025 10:10,24465,585525,575025,13.85,60030375,10671000,35.8,47406375,4008825
08-05-2025 10:10,24469.8,587925,573975,14.35,60161625,10607025,34.25,47344200,4086300
08-05-2025 10:11,24470.1,587475,574350,14.35,60180075,10627800,34.7,47336100,4077825
08-05-2025 10:11,24465.6,587400,576525,14.1,60208650,10747575,35.05,47413500,4061700
08-05-2025 10:11,24465.6,587475,575325,13.6,60177600,10814025,36.15,47444175,4086225
08-05-2025 10:11,24469.8,587625,576000,14.15,60204900,10800000,35.1,47435025,4093575
08-05-2025 10:11,24465,587775,578175,13.65,60276300,10786200,35.95,47396100,4138500
08-05-2025 10:11,24465.1,587025,577200,13.9,60215100,10820325,35.35,47379975,4116075
08-05-2025 10:12,24466.9,587400,575775,14.05,60248100,10898775,35.3,47418300,4120800
08-05-2025 10:12,24466.9,587325,574350,13.75,60336000,10721325,35.85,47427300,4137450
08-05-2025 10:12,24464.1,585825,575925,12.8,60045525,10864650,38.85,47544450,4116600
08-05-2025 10:12,24461.4,586125,577050,12.6,59301675,11011575,39.1,47578350,3827025
08-05-2025 10:12,24462,587550,574800,12.8,59676300,10971900,37.95,47577900,3914700
08-05-2025 10:12,0,0,0,0,0,0,0,0,0
08-05-2025 10:13,0,0,0,0,0,0,0,0,0
08-05-2025 10:13,0,0,0,0,0,0,0,0,0
08-05-2025 10:13,0,0,0,0,0,0,0,0,0
08-05-2025 10:13,0,0,0,0,0,0,0,0,0
08-05-2025 10:13,0,0,0,0,0,0,0,0,0
08-05-2025 10:13,0,0,0,0,0,0,0,0,0
08-05-2025 10:14,0,0,0,0,0,0,0,0,0
08-05-2025 10:14,0,0,0,0,0,0,0,0,0
08-05-2025 10:14,0,0,0,0,0,0,0,0,0
08-05-2025 10:14,0,0,0,0,0,0,0,0,0
08-05-2025 10:14,0,0,0,0,0,0,0,0,0
08-05-2025 10:14,0,0,0,0,0,0,0,0,0
08-05-2025 10:15,0,0,0,0,0,0,0,0,0
08-05-2025 10:15,0,0,0,0,0,0,0,0,0
08-05-2025 10:15,0,0,0,0,0,0,0,0,0
08-05-2025 10:15,0,0,0,0,0,0,0,0,0
08-05-2025 10:15,0,0,0,0,0,0,0,0,0
08-05-2025 10:15,0,0,0,0,0,0,0,0,0
08-05-2025 10:16,0,0,0,0,0,0,0,0,0
08-05-2025 10:16,0,0,0,0,0,0,0,0,0
08-05-2025 10:16,0,0,0,0,0,0,0,0,0
08-05-2025 10:16,0,0,0,0,0,0,0,0,0
08-05-2025 10:16,0,0,0,0,0,0,0,0,0
08-05-2025 10:16,0,0,0,0,0,0,0,0,0
08-05-2025 10:17,0,0,0,0,0,0,0,0,0
08-05-2025 10:17,0,0,0,0,0,0,0,0,0
08-05-2025 10:17,0,0,0,0,0,0,0,0,0
08-05-2025 10:17,0,0,0,0,0,0,0,0,0
08-05-2025 10:17,0,0,0,0,0,0,0,0,0
08-05-2025 10:17,0,0,0,0,0,0,0,0,0
08-05-2025 10:18,0,0,0,0,0,0,0,0,0
08-05-2025 10:18,0,0,0,0,0,0,0,0,0
08-05-2025 10:18,0,0,0,0,0,0,0,0,0
08-05-2025 10:18,0,0,0,0,0,0,0,0,0
08-05-2025 10:18,0,0,0,0,0,0,0,0,0
08-05-2025 10:18,0,0,0,0,0,0,0,0,0
08-05-2025 10:19,0,0,0,0,0,0,0,0,0
08-05-2025 10:19,0,0,0,0,0,0,0,0,0
08-05-2025 10:19,0,0,0,0,0,0,0,0,0
08-05-2025 10:19,0,0,0,0,0,0,0,0,0
08-05-2025 10:19,0,0,0,0,0,0,0,0,0
08-05-2025 10:19,0,0,0,0,0,0,0,0,0
08-05-2025 10:20,0,0,0,0,0,0,0,0,0
08-05-2025 10:20,0,0,0,0,0,0,0,0,0
08-05-2025 10:20,0,0,0,0,0,0,0,0,0
08-05-2025 10:20,0,0,0,0,0,0,0,0,0
08-05-2025 10:20,0,0,0,0,0,0,0,0,0
08-05-2025 10:20,0,0,0,0,0,0,0,0,0
08-05-2025 10:21,0,0,0,0,0,0,0,0,0
08-05-2025 10:21,0,0,0,0,0,0,0,0,0
08-05-2025 10:21,0,0,0,0,0,0,0,0,0
08-05-2025 10:21,0,0,0,0,0,0,0,0,0
08-05-2025 10:21,0,0,0,0,0,0,0,0,0
08-05-2025 10:21,0,0,0,0,0,0,0,0,0
08-05-2025 10:22,0,0,0,0,0,0,0,0,0
08-05-2025 10:22,0,0,0,0,0,0,0,0,0
08-05-2025 10:22,0,0,0,0,0,0,0,0,0
08-05-2025 10:22,0,0,0,0,0,0,0,0,0
08-05-2025 10:22,0,0,0,0,0,0,0,0,0
08-05-2025 10:22,0,0,0,0,0,0,0,0,0
08-05-2025 10:23,0,0,0,0,0,0,0,0,0
08-05-2025 10:23,0,0,0,0,0,0,0,0,0
08-05-2025 10:23,0,0,0,0,0,0,0,0,0
08-05-2025 10:23,0,0,0,0,0,0,0,0,0
08-05-2025 10:23,0,0,0,0,0,0,0,0,0
08-05-2025 10:23,0,0,0,0,0,0,0,0,0
08-05-2025 10:24,0,0,0,0,0,0,0,0,0
08-05-2025 10:24,0,0,0,0,0,0,0,0,0
08-05-2025 10:24,0,0,0,0,0,0,0,0,0
08-05-2025 10:24,0,0,0,0,0,0,0,0,0
08-05-2025 10:24,0,0,0,0,0,0,0,0,0
08-05-2025 10:24,0,0,0,0,0,0,0,0,0
08-05-2025 10:25,0,0,0,0,0,0,0,0,0
08-05-2025 10:25,0,0,0,0,0,0,0,0,0
08-05-2025 10:25,0,0,0,0,0,0,0,0,0
08-05-2025 10:25,0,0,0,0,0,0,0,0,0
08-05-2025 10:25,0,0,0,0,0,0,0,0,0
08-05-2025 10:25,0,0,0,0,0,0,0,0,0
08-05-2025 10:26,0,0,0,0,0,0,0,0,0
08-05-2025 10:26,0,0,0,0,0,0,0,0,0
08-05-2025 10:26,0,0,0,0,0,0,0,0,0
08-05-2025 10:26,0,0,0,0,0,0,0,0,0
08-05-2025 10:26,0,0,0,0,0,0,0,0,0
08-05-2025 10:26,0,0,0,0,0,0,0,0,0
08-05-2025 10:27,0,0,0,0,0,0,0,0,0
08-05-2025 10:27,0,0,0,0,0,0,0,0,0
08-05-2025 10:27,0,0,0,0,0,0,0,0,0
08-05-2025 10:27,0,0,0,0,0,0,0,0,0
08-05-2025 10:27,0,0,0,0,0,0,0,0,0
08-05-2025 10:27,0,0,0,0,0,0,0,0,0
08-05-2025 10:28,0,0,0,0,0,0,0,0,0
08-05-2025 10:28,0,0,0,0,0,0,0,0,0
08-05-2025 10:28,0,0,0,0,0,0,0,0,0
08-05-2025 10:28,0,0,0,0,0,0,0,0,0
08-05-2025 10:28,0,0,0,0,0,0,0,0,0
08-05-2025 10:28,0,0,0,0,0,0,0,0,0
08-05-2025 10:29,0,0,0,0,0,0,0,0,0
08-05-2025 10:29,0,0,0,0,0,0,0,0,0
08-05-2025 10:29,0,0,0,0,0,0,0,0,0
08-05-2025 10:29,0,0,0,0,0,0,0,0,0
08-05-2025 10:29,0,0,0,0,0,0,0,0,0
08-05-2025 10:29,0,0,0,0,0,0,0,0,0
08-05-2025 10:30,0,0,0,0,0,0,0,0,0
08-05-2025 10:30,0,0,0,0,0,0,0,0,0
08-05-2025 10:30,0,0,0,0,0,0,0,0,0
08-05-2025 10:30,0,0,0,0,0,0,0,0,0
08-05-2025 10:30,0,0,0,13.6,59620650,10943625,0,0,0
08-05-2025 10:30,0,0,0,13.5,59701575,10996725,26.15,47474475,4779600
08-05-2025 10:31,24477.4,609300,572250,14.2,59826525,11065575,25.25,47439675,4950000
08-05-2025 10:31,24476.3,608175,573900,14.15,59849925,10952250,25.45,47339700,4996950
08-05-2025 10:31,24476.3,608475,574050,13.8,59916675,11122650,26.1,47492325,5031075
08-05-2025 10:31,24475.7,607350,574275,13.05,59924175,11298075,26.55,47525775,4969800
08-05-2025 10:31,24474.9,606300,575325,12.3,59690325,11263200,27.15,47541750,4926225
08-05-2025 10:31,24473,609150,573825,13,59612550,11171700,26.3,47498325,4994025
08-05-2025 10:32,24476,608850,574350,13.2,59823150,11289300,25.85,47415900,5112900
08-05-2025 10:32,24476,608700,575400,13.35,60128550,11242725,25.6,47336400,5166675
08-05-2025 10:32,24476,606675,572400,13.45,60235725,11250375,25.75,47391900,5137575
08-05-2025 10:32,24476,606675,571500,13.45,60299100,11317725,25.7,47394150,5145600
08-05-2025 10:32,24480,609450,572100,13.75,60455625,11334750,24.7,47377725,5337300
08-05-2025 10:32,24480,610650,572175,14.2,60471675,11348475,23.85,47115450,5374125
08-05-2025 10:33,24480,610125,571050,14.3,60527625,11229300,23.8,47020425,5381550
08-05-2025 10:33,24478.2,608550,573450,13.9,60377475,11259900,24.55,47193600,5333550
08-05-2025 10:33,24480,607650,571050,14.15,60133875,11538150,24,47351100,5386200
08-05-2025 10:33,24481.9,607800,571575,14.45,60398475,11393775,23.9,47298225,5430600
08-05-2025 10:33,24483,610950,571875,14.95,60503550,11389875,23.4,47288850,5482875
08-05-2025 10:33,0,0,0,15.2,60566550,11238675,23.35,47262750,5517675
08-05-2025 10:34,24484,609375,568425,16.05,60731550,11237250,22.1,47146275,5564475
08-05-2025 10:34,24487.9,609450,569700,16.3,60967950,11170725,22.35,46890975,5567925
08-05-2025 10:34,24487,607650,574425,15.85,60984225,11293200,22.95,47149575,5519775
08-05-2025 10:34,24488,606825,572025,15.85,60927525,11427975,23,47307825,5532375
08-05-2025 10:34,24487.9,607950,571575,16.15,61132650,11429850,22.85,47313900,5647500
08-05-2025 10:34,24485.1,607200,572850,15.95,60961650,11567175,23.1,47431050,5596275
08-05-2025 10:35,24485.2,606450,571350,15.25,60843150,11729400,23.75,47488950,5608800
08-05-2025 10:35,24481,605625,574800,15.05,60455475,11744250,24.1,47466750,5509575
08-05-2025 10:35,24480.6,605850,570825,14.8,60269925,11771925,24.35,47352600,5429775
08-05-2025 10:35,24483.6,606750,575850,14.85,60183375,11818650,24.25,47361750,5525400
08-05-2025 10:35,0,0,0,14.3,60245925,11933100,24.55,47388450,5543850
08-05-2025 10:35,24478,606150,577350,13.7,60132450,11993325,25.65,47435625,5447025
08-05-2025 10:36,24479.2,605250,573825,14,60105675,11876475,25.75,47366250,5322375
08-05-2025 10:36,24478.3,611400,573750,15,60395250,11853975,23.6,47363850,5482875
08-05-2025 10:36,24480,608550,572025,14.65,60435300,11859900,23.95,47078850,5520900
08-05-2025 10:36,24481.9,607125,576450,14.35,60251100,12380250,24.55,47215500,5509575
08-05-2025 10:36,24476,605250,571125,13.75,60131250,12518550,25.65,47355075,5449800
08-05-2025 10:36,24479.4,608250,571425,14.05,60438225,12483975,25,47327250,5498025
08-05-2025 10:37,24477.9,608175,571200,13.9,60415275,12446325,24.85,47242050,5576325
08-05-2025 10:37,24476.4,608175,571050,13.95,60641325,12416400,24.9,47276100,5631600
08-05-2025 10:37,24476.4,607575,575175,13.35,60570750,12554850,25.7,47353650,5587275
08-05-2025 10:37,24474.9,607875,573075,13.05,60477525,12633825,26.1,47392650,5517225
08-05-2025 10:37,24475.7,608025,573075,13.4,60472725,12604575,26.25,47378925,5363850
08-05-2025 10:37,24475.3,609300,577350,13.6,60804450,12653100,25.8,47376150,5426175
08-05-2025 10:38,24475.4,609150,581475,13.65,60785475,12724125,25.35,47282175,5499900
08-05-2025 10:38,24476.9,609075,581925,13.55,60717075,12843975,25.4,47314875,5532825
08-05-2025 10:38,24474.6,610500,580350,13.75,60895875,12670875,25,47299725,5633700
08-05-2025 10:38,24477.9,611475,582150,13.75,60879900,12846225,24.8,47344500,5669550
08-05-2025 10:38,24476.5,611175,581100,13.7,60955500,12664050,24.9,47259375,5685300
08-05-2025 10:38,24476.5,611325,579975,13.9,61052400,12589575,24.1,47228925,5738850
08-05-2025 10:39,24476.5,611025,581250,14,61142175,12638325,24.55,47342700,5713275
08-05-2025 10:39,24479,611625,580125,14.3,61329900,12598050,24.45,47293050,5665800
08-05-2025 10:39,24478.9,610950,582150,14.05,61283100,12684750,24.35,47357100,5658675
08-05-2025 10:39,24477,610650,579750,14.2,61058025,12846675,24,47407875,5638050
08-05-2025 10:39,24476,610725,580350,13.7,61107750,12757650,24.9,47329350,5686950
08-05-2025 10:39,24476,610200,580275,13.75,61053525,12791775,25.35,47413050,5615850
08-05-2025 10:40,24475,610125,580425,13.9,61125675,12743475,25.35,47388450,5706675
08-05-2025 10:40,24475,609525,580500,13.55,60879825,12816900,25.45,47382075,5661225
08-05-2025 10:40,24475,609300,583425,13.05,60768300,12853950,26.05,47399850,5588775
08-05-2025 10:40,24476.9,608550,581400,12.8,60432450,12916125,26.45,47463150,5438775
08-05-2025 10:40,24476,609150,584025,13.25,60478650,12912525,25.9,47416875,5558100
08-05-2025 10:40,24476,610275,580350,13.45,60754500,12689550,24.95,47286675,5644275
08-05-2025 10:41,24475.3,610050,578925,13.7,60791475,12673950,24.95,47303325,5642850
08-05-2025 10:41,24478.9,610050,577950,14,60865950,12663300,24.35,47314950,5653125
08-05-2025 10:41,24476.5,611025,578475,13.75,60890475,12664950,25,47333175,5660550
08-05-2025 10:41,24478,608700,578400,14,60723075,12711750,25.15,47430225,5598075
08-05-2025 10:41,24479.9,609375,581175,13.35,60690675,12870600,25.85,47490000,5577600
08-05-2025 10:41,24476.1,608100,583125,13.65,60617325,12911025,25.65,47489175,5500800
08-05-2025 10:42,24476.1,608400,579825,13.55,60672450,12958275,25.75,47485500,5549625
08-05-2025 10:42,24476.3,609525,581850,13.8,60769725,12940800,25.05,47480925,5645850
08-05-2025 10:42,24479,608550,581775,13.8,60788400,12892125,25.05,47436975,5668650
08-05-2025 10:42,24479,608250,580650,13.85,60833700,12896850,24.8,47470050,5685000
08-05-2025 10:42,24476.3,609525,580800,13.95,60883800,12868200,24.5,47495100,5716050
08-05-2025 10:42,24476.3,608925,581175,13.9,60864300,12882525,25,47563350,5678550
08-05-2025 10:43,24478.8,609075,581325,13.7,60908925,12944925,25.15,47606550,5668425
08-05-2025 10:43,24478.8,608550,581100,13.55,60802200,12984225,25.1,47599275,5678175
08-05-2025 10:43,24476.3,609000,579300,13.45,60745875,13041825,24.9,47580150,5708550
08-05-2025 10:43,24478,610575,581550,13,60656550,13190100,25.55,47649375,5680125
08-05-2025 10:43,24477.7,608100,581175,12.8,60382350,13216875,26.05,47646900,5577450
08-05-2025 10:43,24477,607500,580425,13.15,60304200,13232400,25.65,47599575,5529900
08-05-2025 10:44,24477,608925,580200,13.2,60679275,13162050,25.45,47575725,5565900
08-05-2025 10:44,24475.1,609150,580050,13.35,60860175,13170300,25.25,47542275,5624025
08-05-2025 10:44,24475.1,609150,581550,13.25,60861750,13267350,25.15,47586225,5641050
08-05-2025 10:44,24475,609600,579975,13.25,60887250,13245150,25,47632500,5679975
08-05-2025 10:44,24476.8,609750,579825,13.35,60956400,13281075,24.85,47582925,5726175
08-05-2025 10:44,24476.9,609750,576750,13.15,60914475,13322100,24.95,47608725,5712375
08-05-2025 10:45,24476.9,609675,576450,13.15,60857025,13376850,24.6,47591400,5742900
08-05-2025 10:45,24478.2,610650,577125,13.3,60829875,13401225,24.25,47693850,5728275
08-05-2025 10:45,24479.8,610050,574725,13.75,60961725,13223325,23.7,47479275,5741250
08-05-2025 10:45,24478.2,609975,574725,13.9,60946500,13110675,24.1,47543250,5682000
08-05-2025 10:45,24478.2,611400,576000,13.9,60971175,13111575,24.3,47580300,5691375
08-05-2025 10:45,24479.8,612150,575175,14.15,60946125,13138500,24,47592450,5705325
08-05-2025 10:46,24478.2,612375,576075,13.45,60965325,13198275,25.2,47649000,5745825
08-05-2025 10:46,0,0,0,13.3,60604575,13340250,25.5,47683200,5594025
08-05-2025 10:46,24475.1,609675,576600,13,60502800,13364250,25.85,47646675,5570775
08-05-2025 10:46,24475.1,609825,576300,12.85,60345375,13434750,26.1,47697750,5485875
08-05-2025 10:46,24476,610500,575700,13.05,60667800,13312875,25.7,47650575,5536725
08-05-2025 10:46,24475.1,611550,575100,13.05,60778725,13304925,25.55,47588325,5633175
08-05-2025 10:47,24475.2,610500,577050,12.55,60731475,13482825,26,47656200,5576700
08-05-2025 10:47,24471,608325,582000,11.35,60415425,13502700,28.35,47675025,5451000
08-05-2025 10:47,24470,609075,577275,10.95,59416875,13538325,29.15,47629950,4970550
08-05-2025 10:47,24473.1,609675,582225,10.9,59048325,13534350,28.7,47603550,4927125
08-05-2025 10:47,24470,609300,582075,10.85,59238450,13531650,28.65,47586375,4990950
08-05-2025 10:47,24470.7,610350,581025,11,59463375,13572450,27.85,47536125,5070450
08-05-2025 10:48,24471.9,608625,577425,11.25,59725725,13470450,27.2,47433525,5119050
08-05-2025 10:48,24474.4,609450,577800,11.5,60057075,13337100,25.2,47402700,5141475
08-05-2025 10:48,24476,610275,575625,11.65,60243525,13117800,24.4,47118375,5171475
08-05-2025 10:48,24476,604200,577425,11.4,60144375,13367550,25.2,47366175,5132925
08-05-2025 10:48,24473.5,604275,577425,11.3,60044550,13464525,25,47403375,5181900
08-05-2025 10:48,24471.8,604350,579000,11.2,60082575,13538475,25.6,47619675,5184525
08-05-2025 10:49,24475,604200,575850,11.45,60235800,13448475,25.1,47651550,5169225
08-05-2025 10:49,24472.8,604650,575475,11.7,60356325,13311300,24.8,47623500,5258100
08-05-2025 10:49,24474.6,605700,575100,12.2,60527850,13362150,23.65,47591775,5349000
08-05-2025 10:49,24474,604725,572550,12.1,60549450,13314450,23.95,47307900,5335350
08-05-2025 10:49,24475,604125,573225,12.05,60348225,13451925,24.3,47442450,5324250
08-05-2025 10:49,0,0,0,11.85,60261150,13521450,24.4,47553900,5327325
08-05-2025 10:50,24475,604275,572625,12,60327525,13546425,24.35,47501400,5394225
08-05-2025 10:50,24474.1,604125,573375,12,60460725,13435950,24.25,47583900,5387850
08-05-2025 10:50,24473.8,604650,573825,12.2,60595950,13407675,24.1,47564025,5472075
08-05-2025 10:50,24474.3,604950,573075,12.05,60570900,13487025,24.3,47686125,5415525
08-05-2025 10:50,24474.9,605625,574125,12.15,60538575,13504050,24,47602575,5449350
08-05-2025 10:50,24476,606000,574425,12.2,60486075,13560900,24.15,47646975,5484075
08-05-2025 10:51,24476.4,605700,574425,12.25,60522975,13583475,23.75,47628375,5508525
08-05-2025 10:51,24477,605700,574050,12.35,60750000,13540050,23.85,47584725,5524125
08-05-2025 10:51,24476.8,605250,574425,12.25,60759375,13600725,24.1,47671425,5459325
08-05-2025 10:51,24477,604350,573525,12.25,60694950,13771200,24.15,47735100,5382675
08-05-2025 10:51,24477,605100,575850,12.1,60747375,13913700,24.9,47772375,5443800
08-05-2025 10:51,24476,603600,575400,11.9,60525000,14026275,25.15,47841450,5227050
08-05-2025 10:52,24475,604200,531675,12,60300075,14066250,24.95,47754225,5329950
08-05-2025 10:52,24472,604725,537825,11.3,60278925,14331600,26.35,47839950,5278500
08-05-2025 10:52,24471.1,603450,537225,11.15,59886600,14402475,26.9,47838525,5075700
08-05-2025 10:52,24472,605025,536100,11.45,60173400,14400150,25.95,47755650,5182950
08-05-2025 10:52,24474,605625,535800,11.4,60402750,14439450,25.55,47608650,5243850
08-05-2025 10:52,24474,605625,533250,11.65,60666825,14426325,25.35,47614725,5271525
08-05-2025 10:53,24474,606075,534150,11.7,60768225,14392950,25.2,47618400,5321925
08-05-2025 10:53,24472.2,605700,537075,11.4,60734550,14628975,25.5,47662500,5336325
08-05-2025 10:53,24472.9,606150,535200,11.4,60565275,14624400,25.15,47639175,5355225
08-05-2025 10:53,0,0,0,11.55,60703350,14532525,24.95,47643900,5387175
08-05-2025 10:53,24473,606000,535500,11.5,60784050,14572500,24.8,47727375,5349450
08-05-2025 10:53,24474,606225,534300,11.3,60699075,14536200,24.95,47730750,5387325
08-05-2025 10:54,0,0,0,11.3,60593925,14575575,24.8,47794275,5376225
08-05-2025 10:54,24473.9,606300,532800,11.25,60557325,14592300,24.8,47784300,5421750
08-05-2025 10:54,24473.7,606000,535275,11.15,60574650,14631750,25,47858775,5471025
08-05-2025 10:54,24475,607425,536100,11.45,60578250,14673300,24.1,47855175,5485650
08-05-2025 10:54,24475,607200,534975,11.7,60614325,14326500,24.15,47630400,5475450
08-05-2025 10:54,24475,606225,533850,11.75,60755925,14311050,24.45,47721525,5419200
08-05-2025 10:55,24475,606375,537000,11.85,60819300,14309400,25.1,47768625,5434575
08-05-2025 10:55,24475,606300,535575,11.95,60866100,14252175,25.2,47785200,5422800
08-05-2025 10:55,0,0,0,11.8,60820575,14394750,24.95,47743725,5467425
08-05-2025 10:55,24477,607350,535650,12.1,60854100,14383875,24.4,47663100,5623350
08-05-2025 10:55,24477,607050,535800,12.15,60984750,14176350,24.5,47649075,5670225
08-05-2025 10:55,24477,607800,536175,12.2,60916950,14175075,24.4,47565300,5735025
08-05-2025 10:56,24477,607950,534975,12.15,60940050,14228025,24.55,47503800,5749875
08-05-2025 10:56,24476,607425,539400,11.95,60818775,14376300,24.9,47654775,5626875
08-05-2025 10:56,24476,607800,539550,11.9,60815250,14377500,24.7,47642475,5695500
08-05-2025 10:56,24475,606825,538950,11.75,60727575,14481600,25.35,47725200,5606025
08-05-2025 10:56,24475.1,606750,538725,11.85,60697200,14479275,25.05,47713125,5637375
08-05-2025 10:56,24475,607050,539625,11.6,60730425,14558100,25.65,47726775,5652675
08-05-2025 10:57,24470.7,605625,541650,11,60513450,14653800,26.5,47783100,5471475
08-05-2025 10:57,24471.6,605175,539325,11.4,60515775,14590125,26.05,47733900,5463225
08-05-2025 10:57,24472.7,605475,540600,11.25,60515550,14488575,25.9,47695350,5480325
08-05-2025 10:57,24475,606225,541500,11.5,60755325,14428425,25.1,47645400,5535075
08-05-2025 10:57,24474.9,605850,537975,11.35,60823125,14492775,25.4,47652300,5541225
08-05-2025 10:57,0,0,0,11.35,60705450,14581950,25.1,47736075,5548650
08-05-2025 10:58,0,0,0,11.4,60824775,14552850,24.95,47732550,5686650
08-05-2025 10:58,24470.7,605250,539550,11.1,60774825,14792250,25.95,47895150,5679525
08-05-2025 10:58,0,0,0,11,60623025,14788050,26.15,47898825,5478825
08-05-2025 10:58,24469.9,603600,540675,10.5,60483675,14796075,27.2,47948475,5418300
08-05-2025 10:58,24469.9,603975,536850,10.5,60056100,14743800,26.95,47811750,5378250
08-05-2025 10:58,24471,604500,538950,10.45,60228225,14817825,26.95,47809500,5404725
08-05-2025 10:59,24470.2,604350,538425,10.6,60266550,14789475,26.5,47882850,5440950
08-05-2025 10:59,24471.9,604275,539325,10.4,60403725,14764650,26.8,47834775,5449275
08-05-2025 10:59,24471.9,605400,537750,10.7,60423525,14790525,25.45,47823300,5475600
08-05-2025 10:59,24472.1,605625,536400,10.5,60536850,14547375,25.5,47661225,5525475
08-05-2025 10:59,24473,605175,535200,10.8,60754125,14630100,25,47702850,5587950
08-05-2025 10:59,24472,604950,537375,10.6,60761775,14607750,25.5,47690925,5632875
08-05-2025 11:00,24473.2,605100,538800,10.8,60805050,14671425,24.8,47736150,5706000
08-05-2025 11:00,24473.9,604575,539625,10.7,60793650,14678025,25.2,47832525,5647725
08-05-2025 11:00,24473.9,604500,539475,10.85,60774225,14769825,24.9,47905200,5693850
08-05-2025 11:00,24473.9,603975,537975,10.75,60769350,14842500,25,47939775,5686950
08-05-2025 11:00,0,0,0,11,60886950,14721975,24.25,47827875,5763975
08-05-2025 11:00,24473.4,604200,535575,11.1,60956475,14662200,24.35,47850975,5770800
08-05-2025 11:01,24473.9,603600,537000,11.1,61027575,14639025,24.8,47968650,5794350
08-05-2025 11:01,24471.3,601200,538875,10.65,60942975,14985075,25.6,48071100,5666925
08-05-2025 11:01,24471.2,600075,537075,10.65,60646575,15025575,25.75,48069900,5574675
08-05-2025 11:01,24473.9,602925,540825,10.55,60655050,15012975,25.95,48135600,5572575
08-05-2025 11:01,0,0,0,10.65,60811575,14997600,25.85,48099375,5627250
08-05-2025 11:01,0,0,0,10.75,60931575,15074475,25.5,48093300,5695050
08-05-2025 11:02,24473,601950,543000,10.6,61010550,15029250,26.45,48071100,5622675
08-05-2025 11:02,24470.6,602025,543975,10.6,60857325,15099000,26.75,48109200,5541450
08-05-2025 11:02,24471.2,602175,541575,10.75,61009350,15152850,26,48096150,5626350
08-05-2025 11:02,24471.1,602325,543375,10.65,61081650,15165750,26.3,48008250,5639700
08-05-2025 11:02,24472.3,603300,540900,10.85,61096125,15196575,25.3,48022425,5662200
08-05-2025 11:02,0,0,0,10.8,61139100,15283200,25.65,48046125,5649525
08-05-2025 11:03,24472,603600,540975,10.9,61195500,15225600,25.7,48053400,5746875
08-05-2025 11:03,24472,603600,539550,10.7,61219500,15273075,25.9,48108975,5744100
08-05-2025 11:03,24471.2,602550,539550,10.9,61220100,15268575,25.35,48116175,5723325
08-05-2025 11:03,24471.4,602625,541425,10.55,61217550,15389100,26.2,48135825,5731275
08-05-2025 11:03,24471.4,601275,540525,10.45,60815925,15474450,26.2,48162525,5636175
08-05-2025 11:03,24471.2,601500,539550,10.25,60816675,15518925,26.4,48155100,5663025
08-05-2025 11:04,24471,601125,542775,10.2,60681825,15564525,26.95,48200475,5624625
08-05-2025 11:04,24472,601200,543225,10.2,60665175,15573450,26.9,48195450,5505900
08-05-2025 11:04,24470.4,600975,543300,10.1,60696525,15479475,26.5,48123600,5549850
08-05-2025 11:04,24470.5,602250,544350,10.25,60813600,15425775,26,48076800,5614800
08-05-2025 11:04,24471,602775,544875,10.2,60914550,15373875,25.85,47970075,5626350
08-05-2025 11:04,24471,602775,547050,10.1,60894600,15452550,26.05,48079050,5612100
08-05-2025 11:05,24470.9,602625,546600,10.2,60903000,15526950,25.45,48086850,5534100
08-05-2025 11:05,24470,601725,542400,10.1,60980400,15442800,25.6,48038175,5565900
08-05-2025 11:05,24470,601650,542250,10.15,60970050,15402525,25.45,48057675,5617725
08-05-2025 11:05,24469.9,601050,543300,9.8,60969375,15833550,26.25,48163725,5641500
08-05-2025 11:05,24470.4,600900,542625,9.8,59754975,15843675,24.85,48147525,5670075
08-05-2025 11:05,24470.4,601425,543900,9.9,59800275,15413100,24.6,47813100,5682450
08-05-2025 11:06,24470.9,602475,540600,10.15,60101550,15386475,24.25,47834325,5755425
08-05-2025 11:06,24473,601650,541725,10.05,60172200,15199875,24.7,47857500,5792550
08-05-2025 11:06,24471.3,602775,542475,10,60020325,15266850,24.65,47843850,5751525
08-05-2025 11:06,24472.9,602925,541425,10.05,60079500,15297600,24.15,47885775,5868900
08-05-2025 11:06,24473,604200,541275,10.1,60144075,15222750,24.2,47736375,5930625
08-05-2025 11:06,24472.9,605550,536850,10.15,60215850,15270450,24.05,47701125,5997375
08-05-2025 11:07,24473,605325,537075,10.35,60397350,15073800,23.5,47379750,6097275
08-05-2025 11:07,24473,605925,535800,10.8,60536625,15088575,22.6,47352000,6107475
08-05-2025 11:07,24474.9,605850,541125,10.55,60564975,15109425,23.8,47370075,6069150
08-05-2025 11:07,24473.9,605700,539175,10.55,60364950,15195750,23.35,47415000,6041775
08-05-2025 11:07,24476.3,606300,540225,10.5,60313875,15404250,23.8,47511225,5993175
08-05-2025 11:07,24475,607800,539850,10.6,60309600,15461250,23.55,47573625,6021075
08-05-2025 11:08,24477.6,608700,539925,10.75,60417075,15384975,23.3,47541900,6066975
08-05-2025 11:08,24477.4,610950,537825,10.75,60488775,15291450,23.25,47573475,6086475
08-05-2025 11:08,24475,611850,537375,10.75,60494325,15252075,23.4,47582700,6099600
08-05-2025 11:08,24475.2,611775,538125,10.75,60477300,15427125,23.7,47726250,6039525
08-05-2025 11:08,24478,611925,538275,10.95,60613275,15390150,23.1,47649000,6107175
08-05-2025 11:08,24478.7,612075,538275,10.85,60603750,15004500,23.55,47676225,6131550
08-05-2025 11:09,24478,612450,537600,11,60552300,15105300,23.1,47596500,6186750
08-05-2025 11:09,24478,612450,538125,11,60666975,15097200,23.3,47507475,6186225
08-05-2025 11:09,24478.4,613050,537825,10.75,60647175,15209625,23.4,47631750,6133200
08-05-2025 11:09,24475.9,612825,537000,10.7,60378675,15276300,23.3,47647950,6162300
08-05-2025 11:09,24476.3,612900,536775,10.6,60277125,15359100,23.25,47639025,6198750
08-05-2025 11:09,24476,611925,539400,10.6,60247125,15436200,23.6,47700450,6192900
08-05-2025 11:10,24478,614400,537675,10.95,60487725,15353175,23.15,47702925,6233400
08-05-2025 11:10,24480,614550,537150,11.25,60620250,15164625,22.55,47564550,6318300
08-05-2025 11:10,24480,614625,538950,11.85,60753900,14883675,22,47457675,6410100
08-05-2025 11:10,24480,613350,534825,11.8,60634500,14715525,22,47327025,6226800
08-05-2025 11:10,24480,614025,536850,11.75,60543300,14834025,22.05,47337750,6355575
08-05-2025 11:10,24476.1,614325,538125,11.5,60503775,14996625,22.05,47486175,6239475
08-05-2025 11:11,24476,612750,538425,11.4,60356325,15176175,22.05,47501625,6269325
08-05-2025 11:11,24476,613575,536625,11.4,60397050,15143700,21.75,47474025,6325500
08-05-2025 11:11,24477,613050,536475,11.4,60333900,15168825,21.75,47607150,6343950
08-05-2025 11:11,24478,612900,536100,10.85,60367200,15300825,22.5,47794800,6349275
08-05-2025 11:11,24478,611550,537375,10.7,59916300,15348000,23.15,47830650,6082875
08-05-2025 11:11,24478.3,611625,538125,10.7,59828325,15314625,23.25,47879175,6062475
08-05-2025 11:12,24476,610575,539100,10.15,59664300,15374475,23.8,47945475,5964825
08-05-2025 11:12,24477.9,610275,538275,10.1,59539200,15458700,24.1,47794125,5862975
08-05-2025 11:12,24476,610425,538725,10.2,59641125,15475950,23.8,47730525,5915550
08-05-2025 11:12,24476,610950,540750,10.25,59882700,15451575,23.75,47661000,6024900
08-05-2025 11:12,0,0,0,10.2,59976375,15430350,23.35,47588025,6120075
08-05-2025 11:12,24475,610875,537375,10.4,60180300,15482025,22.95,47546025,6206400
08-05-2025 11:13,24475,610800,539550,10.45,60250650,15487800,23.1,47545950,6154275
08-05-2025 11:13,24473.7,610875,539550,10.2,60188475,15688875,23.35,47621550,6141300
08-05-2025 11:13,24473.7,610275,537975,10.1,60106875,15846000,23.65,47715525,6144150
08-05-2025 11:13,24474.9,610500,539250,9.95,59862225,15863400,23.75,47797425,6171525
08-05-2025 11:13,24473,610875,538200,10.05,59939475,15844650,23.3,47782875,6240150
08-05-2025 11:13,24475,611100,540150,9.9,60082800,15766050,23.55,47706900,6276975
08-05-2025 11:14,24473,612375,542550,10.1,60092250,15824025,23.35,47727900,6309525
08-05-2025 11:14,0,0,0,10.1,60262350,15787725,22.9,47674500,6373950
08-05-2025 11:14,24474.9,612675,539850,10.05,60330225,15835725,23.2,47643075,6338250
08-05-2025 11:14,24474.9,612150,539625,9.85,60264300,15997500,23.55,47699625,6278700
08-05-2025 11:14,24474.9,612825,538350,9.8,59973975,16089900,23.45,47719275,6332250
08-05-2025 11:14,24474.5,613275,541575,9.7,60010575,16046625,23.5,47642400,6370275
08-05-2025 11:15,24474,613275,538800,9.7,60021225,16036125,22.95,47614950,6387225
08-05-2025 11:15,24474.9,614400,543900,9.7,60059850,15955050,23,47514375,6447900
08-05-2025 11:15,24472.5,613875,541125,9.85,60198600,15751500,22.4,47554800,6504450
08-05-2025 11:15,0,0,0,9.7,60236775,15837450,23,47671950,6500100
08-05-2025 11:15,24474.5,614775,539850,9.8,60252975,15876450,23,47742825,6405600
08-05-2025 11:15,0,0,0,9.75,60343350,15907725,23.1,47775750,6450375
08-05-2025 11:16,24474.5,614325,539325,9.85,60301650,15914400,22.95,47795925,6455775
08-05-2025 11:16,24472.6,614100,538875,9.8,60360150,15909600,22.95,47793900,6494775
08-05-2025 11:16,24474.5,614025,539325,9.75,60467700,16006950,23.15,47834625,6480825
08-05-2025 11:16,24475,614250,540600,9.8,60517425,16023375,22.95,47825475,6518325
08-05-2025 11:16,24474,615075,538650,9.85,60592275,15993075,22.8,47803125,6534000
08-05-2025 11:16,24474,615375,537975,9.95,60580950,16046250,22.2,47808675,6613350
08-05-2025 11:17,24476.7,614100,538725,9.9,60537750,16017000,22.15,47680125,6595725
08-05-2025 11:17,24474,615225,542175,10.05,60578250,16010925,22.1,47670075,6575175
08-05-2025 11:17,0,0,0,10,60488925,15920175,22.05,47581875,6558000
08-05-2025 11:17,24477.9,616950,541800,10,60420000,15998700,22.05,47562825,6669750
08-05-2025 11:17,24478,615975,544425,9.8,60197625,16214475,22.2,47680275,6518850
08-05-2025 11:17,24479.4,619425,542625,9.95,60225225,16179075,21.95,47638425,6591825
08-05-2025 11:18,24478.8,618600,541050,10.05,60271425,16236825,21.6,47664225,6665475
08-05-2025 11:18,24475,615075,542850,10.2,60370050,16178625,21,47537850,6674250
08-05-2025 11:18,24478,615150,543300,10.4,60341400,15999075,21.05,47385300,6582375
08-05-2025 11:18,24479,614025,541125,10.55,60357300,15995400,20.6,47381550,6599775
08-05-2025 11:18,24475,615225,540825,10.7,60403725,15865125,20.5,47495475,6555600
08-05-2025 11:18,24478,614550,542400,10.7,60376425,15912825,20.5,47606775,6555300
08-05-2025 11:19,24480,616275,542025,11.15,60386100,15903825,19.1,47660850,6660000
08-05-2025 11:19,24482.8,616500,541125,11.25,60359925,15573075,19.05,46659300,6665550
08-05-2025 11:19,24484.3,615675,541425,11,60233025,15767625,19.4,46844175,6601200
08-05-2025 11:19,24482.8,615825,542250,11.4,60236775,15691950,19.55,46918575,6698100
08-05-2025 11:19,24483.5,615225,540825,11.25,60155325,15656475,19.35,47100225,6604800
08-05-2025 11:19,24480.1,615225,541200,11.15,60079275,15697575,19.1,47172000,6708450
08-05-2025 11:20,24483,616575,541425,11.15,59977950,15845400,18.9,47186400,6737700
08-05-2025 11:20,24482,616875,540825,11.05,59953950,15769050,19.15,47259000,6833175
08-05-2025 11:20,24482,616050,540825,11.85,60136575,15815400,18.15,47308275,6772725
08-05-2025 11:20,24484,616650,540675,11.7,60212100,15366900,18.45,47181750,6746250
08-05-2025 11:20,24485,615375,541875,11.5,60138225,15594675,18.7,47337675,6669225
08-05-2025 11:20,24479.5,614925,543150,11.4,60047250,15630225,18.45,47316525,6749100
08-05-2025 11:21,24485,616650,543600,11.75,60164025,15612675,18.4,47276775,6870000
08-05-2025 11:21,0,0,0,11.8,60228975,15500100,18.3,47332575,6841875
08-05-2025 11:21,24485,616425,543900,11.75,60204900,15574875,18.35,47458200,6810600
08-05-2025 11:21,24484.9,616050,543525,11.65,60229875,15654000,18.6,47512500,6799950
08-05-2025 11:21,0,0,0,11.65,60209775,15726525,18.75,47568750,6742875
08-05-2025 11:21,24484.9,617100,543375,11.55,60148200,15916725,18.95,47652225,6642075
08-05-2025 11:22,24484.9,617700,542700,11.55,60138675,15929250,19.1,47704725,6622050
08-05-2025 11:22,24483.9,617325,542775,11.75,60269175,15900150,18.85,47742675,6711825
08-05-2025 11:22,24484,616275,546075,11.45,60298575,15912825,19.15,47724300,6843225
08-05-2025 11:22,24480.6,616200,548025,11.15,59970825,16130475,19.35,47778975,6691275
08-05-2025 11:22,0,0,0,10.85,59624850,16232625,19.35,47752575,6613500
08-05-2025 11:22,24480,618075,546300,11.15,59754975,16402650,18.95,47738475,6662325
08-05-2025 11:23,24482.9,618600,546375,11.25,59911125,16266675,18.8,47532450,6736725
08-05-2025 11:23,24484,615900,546675,11.05,59902200,16381575,19.1,47636700,6685275
08-05-2025 11:23,24482.9,616275,546450,11,59855625,16380900,19.2,47788650,6712350
08-05-2025 11:23,24480.6,616800,546000,10.95,59858625,16439250,19.05,47804775,6752100
08-05-2025 11:23,24480.6,618150,545925,11.25,59982825,16451025,18.75,47777325,6826800
08-05-2025 11:23,24483,618975,545775,11.7,60133875,16260750,18.35,47538225,6838500
08-05-2025 11:24,24483,618300,545625,11.7,60156000,16223925,18.5,47658300,6807450
08-05-2025 11:24,24483,617925,545925,11.5,60128625,16377150,18.95,47789850,6802125
08-05-2025 11:24,24483,617700,545700,11.35,60077550,16469550,18.7,47820000,6835125
08-05-2025 11:24,24483,617925,545925,11.45,60081300,16457175,18.6,47837775,6939975
08-05-2025 11:24,24483,617775,545850,11.55,60151500,16476750,18.55,47767500,6958800
08-05-2025 11:24,24483.3,618000,545475,11.7,60209625,16416600,18.35,47725275,7036725
08-05-2025 11:25,24485.3,618375,545325,12.6,60305475,16400625,17.4,47778375,7111050
08-05-2025 11:25,24487,618600,544425,13,60284025,15467250,17,47037150,7154550
08-05-2025 11:25,24485.7,619800,546675,12.55,60157125,15316575,17.25,46805025,7044975
08-05-2025 11:25,24487.8,619425,545775,12.55,60199575,15390975,17.15,46889400,7111200
08-05-2025 11:25,24487.2,618525,549450,12.8,60345300,15362100,17.15,46997625,7157175
08-05-2025 11:25,24486.9,620100,547575,13.35,60547650,15303825,16.75,47034750,7088925
08-05-2025 11:26,24488,620025,544875,13.4,60589050,14985450,16.2,46895400,7095600
08-05-2025 11:26,24488,622200,545025,13.75,60540975,14889525,15.75,46675500,7103550
08-05-2025 11:26,24486,623100,543900,13.35,60661650,15083700,15.85,46794075,7126275
08-05-2025 11:26,24488.9,620175,543675,12.95,60390375,15222000,16.3,47066550,6955050
08-05-2025 11:26,24488,618300,540825,12.85,60321975,15226275,16.6,47190300,7011525
08-05-2025 11:26,24483.7,615975,544950,12.8,60198075,15352950,16.6,47484825,6882150
08-05-2025 11:27,24485.8,617700,543825,13.35,60412125,15317925,16.3,47435925,7068975
08-05-2025 11:27,24485,617850,546000,13.35,60479925,15219150,16.25,47388750,7115775
08-05-2025 11:27,24486,617550,545250,12.6,60510375,15408825,16.75,47508675,7137225
08-05-2025 11:27,24488,617625,545850,13.35,60455325,15511875,16.15,47533350,7072125
08-05-2025 11:27,24487.9,617775,545025,13.3,60356700,15503475,16.05,47361375,7064400
08-05-2025 11:27,24488,617175,543975,13.1,60494025,15445950,16,47367675,7100625
08-05-2025 11:28,24486,616725,543900,13,60488700,15557025,16.2,47572200,7071375
08-05-2025 11:28,24485.5,613125,541950,12.9,60451275,15615000,16.3,47680800,7086375
08-05-2025 11:28,24487.9,613200,541650,12.9,60368250,15650250,16.4,47843400,7068600
08-05-2025 11:28,24487,612450,541650,12.75,60418050,15644775,16.5,47905275,7067100
08-05-2025 11:28,24487,611700,542625,12.85,60438225,15663450,16.45,47918775,7002900
08-05-2025 11:28,24487.9,611700,542025,12.8,60445500,15641100,16.45,48047850,7038150
08-05-2025 11:29,24487.9,611400,541875,12.5,60423300,15673425,16.75,48112200,6885750
08-05-2025 11:29,24487.9,611400,542775,12.35,60295950,15741975,16.8,48113775,7031625
08-05-2025 11:29,24485.3,611325,542775,12.7,60404700,15771375,16.6,48097950,7003200
08-05-2025 11:29,24485.3,611100,542400,12,60449850,15791625,16.7,48028125,7013775
08-05-2025 11:29,24485.3,610950,541500,12.1,60202125,15909675,16.65,47938725,7008375
08-05-2025 11:29,24485.3,614850,544875,12.45,60386850,15914025,16.35,47770425,7027725
08-05-2025 11:30,24488,616125,545775,12.6,60577800,15787125,16.25,47746125,7090050
08-05-2025 11:30,24487,616725,546225,12.6,60722550,15749625,16.15,47740950,7098525
08-05-2025 11:30,24489.6,615225,546675,12.1,60795750,15821100,16.65,47771775,7082250
08-05-2025 11:30,24489.1,615225,546825,11.85,60467925,15875025,16.75,47785425,6896850
08-05-2025 11:30,24490,615825,546075,11.95,60453225,15772425,16.6,47752125,6841800
08-05-2025 11:30,24486,616050,545850,12,60635025,15745200,16.35,47769675,7031025
08-05-2025 11:31,24488,615300,542025,11.8,60666450,15852675,16.3,47772750,7031700
08-05-2025 11:31,24486,616200,541875,12,60696000,15901200,16.35,47948400,7013775
08-05-2025 11:31,0,0,0,11.6,60608175,15887400,16.6,47898225,7047000
08-05-2025 11:31,24488,615900,542850,11.65,60569625,15943650,16.6,48052125,6962025
08-05-2025 11:31,24486,615375,546075,11.6,60711900,15953775,16.7,48069000,6963900
08-05-2025 11:31,24486,616125,546450,12.45,60766950,15988725,16.1,48022425,7151475
08-05-2025 11:32,24486.1,615675,545850,12.25,60817500,15529800,16.1,47340300,7189500
08-05-2025 11:32,24486.5,615450,545400,12.5,60683175,15746475,15.85,47490975,7109100
08-05-2025 11:32,24485.1,616800,545625,12.4,60764400,15677625,15.95,47474550,7185975
08-05-2025 11:32,24485,616875,545100,12.35,60775050,15748125,15.75,47531850,7291875
08-05-2025 11:32,24489.9,617700,548025,12.5,60954825,15736275,15.45,47549325,7329375
08-05-2025 11:32,24485,616425,549300,11.6,60754725,15753825,15.85,47225325,7344375
08-05-2025 11:33,24487.8,617475,547950,11.6,60452175,15798975,15.9,47320275,7451850
08-05-2025 11:33,24487.7,616350,548775,11.5,60435000,15786525,15.8,47355750,7408125
08-05-2025 11:33,24488.4,617400,548175,11.8,60670500,15801375,15.7,47400150,7524750
08-05-2025 11:33,24487.6,616275,549000,11.35,60702375,15864075,15.8,47404950,7552275
08-05-2025 11:33,24481.8,616425,549375,11,60517275,15973050,16.05,47545575,7500225
08-05-2025 11:33,24485.8,617250,544800,10.4,59981100,15984975,16.75,47612700,7123725
08-05-2025 11:34,24480.8,615600,546000,10.75,60128700,15990075,16.5,47600925,7138050
08-05-2025 11:34,24480.8,615450,548175,10.35,60160950,16098300,16.95,47704650,7099425
08-05-2025 11:34,24484.6,615600,544725,10.75,60157725,16087050,16.8,47650650,7080975
08-05-2025 11:34,24484.6,616425,545025,10.75,60370350,15857400,16.7,47584200,7165800
08-05-2025 11:34,24481.6,615900,543225,10.85,60444000,15970200,16.6,47662500,7206825
08-05-2025 11:34,24484,616200,544950,11,60586425,15891375,16.3,47561850,7348275
08-05-2025 11:35,24482.7,616725,543000,11.05,60579525,16033800,16.45,47564925,7333500
08-05-2025 11:35,24480.9,617625,546000,11,60743100,16049175,16.65,47603775,7275375
08-05-2025 11:35,24480.4,618000,544725,10.8,60659175,16132200,16.7,47634300,7289775
08-05-2025 11:35,0,0,0,10.95,60735150,16100550,16.65,47628375,7317675
08-05-2025 11:35,24480.4,617775,544050,10.85,60649800,16117875,16.65,47646600,7315725
08-05-2025 11:35,24480.4,616875,545325,10.8,60569100,16173750,16.65,47673525,7308825
08-05-2025 11:36,0,0,0,10.55,60459000,16256775,16.8,47757300,7257150
08-05-2025 11:36,24484,617775,545100,10.75,60493800,16293525,16.6,47748150,7313700
08-05-2025 11:36,24483.4,621075,544725,11.5,60692475,16181775,15.95,47709975,7447875
08-05-2025 11:36,24483.4,619200,543675,11.7,60832200,15812475,15.85,47352750,7475025
08-05-2025 11:36,24482.4,619725,544425,11.85,60788550,15951075,15.75,47495475,7451775
08-05-2025 11:36,24482.4,619050,543450,11.9,60820050,15806325,15.6,47460000,7519875
08-05-2025 11:37,24482.2,619650,543750,12.15,60828225,15849750,15.6,47504100,7462575
08-05-2025 11:37,24485,620175,544050,12,60808050,15958275,15.85,47690625,7441725
08-05-2025 11:37,24486.7,619800,544275,11.6,60722925,16049775,16.15,47850600,7334625
08-05-2025 11:37,24485,618975,543975,11.65,60556650,16074450,16.05,47853225,7399350
08-05-2025 11:37,24485,619500,544200,11.45,60544050,16155300,16,47854575,7449375
08-05-2025 11:37,24483.4,619650,543825,11.5,60473400,16150350,15.7,47788350,7517925
08-05-2025 11:38,24486,620550,544350,11.15,60524250,16148100,15.9,47767725,7566375
08-05-2025 11:38,0,0,0,10.95,60434175,16326900,16,47920875,7542150
08-05-2025 11:38,24486,620550,544275,11.1,60419775,16388175,15.85,47981700,7512675
08-05-2025 11:38,24482.1,620850,548850,11.05,60478650,16319025,15.85,47954400,7575525
08-05-2025 11:38,24482.1,621375,547200,10.95,60642375,16369575,15.95,47934750,7629150
08-05-2025 11:38,24481.3,619350,546000,10.25,60420525,16438650,16.55,48132000,7513950
08-05-2025 11:39,24480.7,620025,545700,10.25,60191775,16454475,16.7,48131025,7260825
08-05-2025 11:39,24480.6,621075,545550,10.7,60629850,16333800,16.05,48088875,7329225
08-05-2025 11:39,24480.6,621975,546225,10.8,60773700,16161075,16.3,48004350,7399650
08-05-2025 11:39,0,0,0,10.8,60805725,16267800,16.05,47998650,7493700
08-05-2025 11:39,24481,621675,544800,10.75,60829350,16303800,16.3,48066150,7495275
08-05-2025 11:39,24481.1,621450,544725,10.7,60823875,16345575,16.4,48149550,7442250
08-05-2025 11:40,24480.6,622050,544575,10.8,60994125,16309800,16.45,48141150,7434600
08-05-2025 11:40,24480.4,621975,545325,10.8,60983475,15761775,16.35,48156375,7413525
08-05-2025 11:40,24480.3,621450,545025,10.65,60981675,15897600,16.6,48175875,7418775
08-05-2025 11:40,24480.2,622800,544950,10.8,61130775,16040925,16.35,48189900,7448175
08-05-2025 11:40,24484,623025,544575,10.95,61282050,16145400,16.1,48137175,7524900
08-05-2025 11:40,0,0,0,11,61298400,16201725,16.1,47973675,7591875
08-05-2025 11:41,24484,624675,544800,11.25,61411350,16281750,15.75,47943975,7632300
08-05-2025 11:41,24481,622200,544575,11.35,61497750,16218150,15.65,47905575,7670475
08-05-2025 11:41,24482,621150,543525,11.3,61486575,16356375,15.85,48135975,7641450
08-05-2025 11:41,24485,621900,543000,11.25,61462575,16471200,16,48258525,7635975
08-05-2025 11:41,24480.7,622950,543000,11.2,61345050,16493175,15.95,48248175,7615275
08-05-2025 11:41,0,0,0,11.25,61343325,16489500,15.85,48245025,7672575
08-05-2025 11:42,24482.4,623850,542400,11.5,61458525,16476300,15.4,48227250,7760250
08-05-2025 11:42,0,0,0,11.25,61404750,16459050,15.7,48331725,7736175
08-05-2025 11:42,24482.4,620775,543750,11.15,61259325,16603500,15.75,48477825,7730325
08-05-2025 11:42,24482.6,621150,542475,11.2,61391025,16613625,15.7,48468675,7816350
08-05-2025 11:42,24482,622425,543900,11.15,61420725,16639500,15.75,48448125,7816875
08-05-2025 11:42,24485,623175,543975,11.1,61424100,16681200,15.9,48493350,7856925
08-05-2025 11:43,24485,624300,544500,11.05,61411800,16696875,15.85,48572400,7830300
08-05-2025 11:43,24485,624825,544650,10.8,61400700,16812450,16,48693000,7830225
08-05-2025 11:43,24481,625275,544725,10.8,61186275,16775625,16,48642150,7744275
08-05-2025 11:43,0,0,0,10.85,61268850,16725075,16,48652125,7817175
08-05-2025 11:43,24481,625125,544875,11.1,61416675,16732350,15.65,48643875,7966425
08-05-2025 11:43,24484,624750,544800,11.2,61487625,16614000,15.6,48351000,7944150
08-05-2025 11:44,24484,624600,544650,11.1,61494750,16726050,15.65,48487575,7962525
08-05-2025 11:44,24485,624300,545700,10.95,61456275,16767825,15.75,48632400,7895250
08-05-2025 11:44,24481.1,623925,545250,10.9,61443075,16854600,15.9,48774300,7899450
08-05-2025 11:44,24482.3,624600,545700,10.75,61448175,16915575,16.1,48873075,7868925
08-05-2025 11:44,24482,624375,545250,11.1,61715100,16868625,15.55,48853800,7896900
08-05-2025 11:44,24481.5,624375,545250,11,61708500,16720350,15.75,48637275,7911600
08-05-2025 11:45,24483.8,625125,545250,10.8,61643700,16845450,15.7,48702750,7874550
08-05-2025 11:45,24481.1,625125,545175,10.85,61672650,16937700,15.9,48771000,7869150
08-05-2025 11:45,24484,624675,545025,11.05,61797300,16839150,15.7,48755250,7864500
08-05-2025 11:45,24480.8,626250,546150,11,61802475,16865250,15.7,48732975,7884975
08-05-2025 11:45,0,0,0,10.95,61870050,16871100,15.85,48741825,7859925
08-05-2025 11:45,24484,625650,547050,10.35,61823925,16975950,16.65,48925575,7839375
08-05-2025 11:46,24484,624825,547050,10.4,61379925,16977975,16.45,48917625,7529175
08-05-2025 11:46,24480,624075,547875,10.5,61555200,16985550,16.35,48753000,7609725
08-05-2025 11:46,24484,630750,546900,11.1,61738350,16918575,15.5,48743250,7796850
08-05-2025 11:46,24484.9,624525,546750,10.8,61748475,16810200,15.55,48502500,7817325
08-05-2025 11:46,24484.9,623625,547575,10.5,61638000,16980000,15.85,48668250,7785075
08-05-2025 11:46,24484.4,621825,547425,10.15,61501125,17094600,16.15,48763200,7714125
08-05-2025 11:47,24483.1,622725,549150,9.6,60862575,16986075,16.75,48863850,7682475
08-05-2025 11:47,24477,622650,551100,9.2,60268425,16985775,17.2,48887175,7351650
08-05-2025 11:47,24477.1,625650,548850,9.5,60306300,16835700,16.75,48698550,7293300
08-05-2025 11:47,24477.4,626325,548625,9.6,60457950,16862550,16.5,48715800,7355775
08-05-2025 11:47,24480,627000,546675,10,60747525,16814700,15.9,48563550,7482600
08-05-2025 11:47,24484.3,622800,547875,9.75,60788250,16796250,16.2,48587400,7528950
08-05-2025 11:48,24478.6,623700,548700,9.7,60804825,16902375,16.5,48762825,7486125
08-05-2025 11:48,24478.6,624525,546600,9.85,60867075,16969500,16.25,48761925,7587900
08-05-2025 11:48,24480,625575,546750,10,61048875,16912650,15.85,48776775,7686225
08-05-2025 11:48,24479.1,625725,547200,10.1,61121325,16790250,15.85,48580800,7700775
08-05-2025 11:48,24479.1,624375,546600,10.1,61216425,16840800,15.7,48640800,7714050
08-05-2025 11:48,24479.6,623925,546450,10.25,61360800,16792425,15.4,48580350,7819575
08-05-2025 11:49,24480.4,625350,544950,10.7,61457400,16583100,13.95,48000000,7912200
08-05-2025 11:49,0,0,0,10.9,61441275,16410450,14.25,47780775,7850400
08-05-2025 11:49,0,0,0,10.95,61465425,16387425,13.9,47850750,7967475
08-05-2025 11:49,24483.6,624675,545700,10.55,61427250,16652850,14.35,48180600,7910175
08-05-2025 11:49,24480,624225,546750,10.25,61112625,16854450,14.6,48300225,7707150
08-05-2025 11:49,24480.2,624825,547275,10.2,61038375,16947900,14.55,48387075,7729950
08-05-2025 11:50,24479.9,624600,547275,10.35,61142025,16954275,14.15,48445725,7948425
08-05-2025 11:50,24483.6,624375,547050,10.5,61296825,16953375,14.05,48437850,7926825
08-05-2025 11:50,24484,624375,546900,10.4,61328250,16780650,14.15,48391725,7943700
08-05-2025 11:50,24480.6,624075,547125,10.25,61225350,16899150,14.15,48640125,7947525
08-05-2025 11:50,24482,623850,546675,10.15,61151925,16931775,14.05,48685425,7983375
08-05-2025 11:50,24482,623775,546600,10.05,61286250,16926225,14.1,48659100,7992525
08-05-2025 11:51,24480.6,624375,546675,10.35,61379850,16950375,14,48716325,7977900
08-05-2025 11:51,24480.7,624450,546825,10.4,61505250,16844625,13.85,48629175,8019375
08-05-2025 11:51,24480.4,624900,546825,10.25,61476375,16869675,13.9,48775800,7986750
08-05-2025 11:51,24480.5,624825,546450,10.3,61563600,16847175,13.8,48750375,7999650
08-05-2025 11:51,24480.5,624075,546450,10.2,61548300,16954650,13.85,48887250,8004525
08-05-2025 11:51,24483,624075,547050,10.1,61580175,16914900,13.8,48974700,8032575
08-05-2025 11:52,0,0,0,10,61486200,16974825,13.95,49076475,8007225
08-05-2025 11:52,24483,624600,546675,10.4,61746825,16952475,13.15,49109550,8102775
08-05-2025 11:52,24483,624300,552600,10.5,61880925,16774125,13.2,48747675,8102250
08-05-2025 11:52,24483,623625,552750,10.7,62012475,16691025,13.05,48724200,8113275
08-05-2025 11:52,24483,623175,552150,10.6,62011650,16667100,13.25,48787050,8120625
08-05-2025 11:52,24483,623100,551250,10.5,61868625,16761225,13.2,48898425,7990200
08-05-2025 11:53,0,0,0,10.45,61727475,16895250,13.1,48900075,8138700
08-05-2025 11:53,24480.5,622725,552000,9.8,61689750,17045850,13.55,49136625,8062125
08-05-2025 11:53,24479.8,622350,552600,9.45,60972525,17086425,13.95,49183350,7857000
08-05-2025 11:53,24480.1,623475,552450,9.85,61153800,16962225,13.7,49119300,7939275
08-05-2025 11:53,24480,622875,556050,9.95,61312050,16825500,13.6,48984675,8024925
08-05-2025 11:53,24483,622275,553575,9.9,61368900,16837725,13.6,48982725,8078025
08-05-2025 11:54,24480,622575,549825,9.7,61452900,16970400,13.8,49148625,7983000
08-05-2025 11:54,24485.5,622950,547350,9.55,61441800,17085150,13.9,49329750,7929150
08-05-2025 11:54,24485,623250,546525,9.85,61396125,17095875,13.95,49393875,7788075
08-05-2025 11:54,24485,622575,545925,9.6,61470900,17007975,14.25,49273125,7752900
08-05-2025 11:54,24479.8,622950,546600,9.7,61533750,17031300,14.15,49365600,7829175
08-05-2025 11:54,24480.2,622950,546825,9.9,61671975,16995825,13.85,49186050,8028525
08-05-2025 11:55,24480.4,623250,546300,10,61797675,17002725,13.5,49168725,8051700
08-05-2025 11:55,24480.7,624675,546825,10.05,61861650,16939350,13.6,49134075,8037975
08-05-2025 11:55,24480.8,624075,547950,10.05,61874400,16898925,13.3,49160700,8065200
08-05-2025 11:55,24484.9,622650,548325,9.95,61761075,16959375,13.2,49148775,8077575
08-05-2025 11:55,24480.5,618600,545100,9.85,61592175,17060175,13.4,49358025,8058000
08-05-2025 11:55,24480.5,618000,545700,9.75,61641600,17184675,13.65,49525350,8067225
08-05-2025 11:56,24480.3,618225,545625,10.1,61880850,17188050,13.25,49549875,8142450
08-05-2025 11:56,24483,617700,545550,10.1,61998900,17047200,13.05,49333500,8222850
08-05-2025 11:56,24482.7,617400,545850,9.8,62037675,17096850,13.45,49462650,8246250
08-05-2025 11:56,24480.7,617325,545700,9.95,61903800,17162775,13.3,49482900,8137050
08-05-2025 11:56,24480.5,617100,545625,10,61896525,17142750,13.3,49440975,8185725
08-05-2025 11:56,24481.3,617175,545925,10,61960350,17151300,13.3,49471275,8175975
08-05-2025 11:57,24484.8,617400,545100,10.05,61979775,17088975,13.15,49512525,8234925
08-05-2025 11:57,24482.9,617400,544950,10.05,62011125,17088525,13.25,49478100,8221500
08-05-2025 11:57,24481,618150,544725,9.95,61953900,17203050,13.2,49503750,8243700
08-05-2025 11:57,24480.2,618150,545775,10,61902525,17235975,13.2,49526025,8237850
08-05-2025 11:57,0,0,0,9.75,61880550,17325450,13.45,49646550,8215800
08-05-2025 11:57,0,0,0,9.75,61719600,17350350,13.6,49709100,8041350
08-05-2025 11:58,0,0,0,9.55,61579725,17400300,13.7,49669800,7922250
08-05-2025 11:58,24480.5,616725,546150,9.9,61676025,17420850,13.05,49612650,8121150
08-05-2025 11:58,24481,617400,545175,10.05,61914375,17138925,12.8,49247850,8182275
08-05-2025 11:58,24483.9,617100,544425,9.95,61883475,17137950,12.95,49150125,8176350
08-05-2025 11:58,24483.7,616950,545100,10,61896825,17201175,13,49307400,8067900
08-05-2025 11:58,24481,616500,545250,9.85,61890300,17312550,13,49304325,8129250
08-05-2025 11:59,24480,616350,545400,9.55,61823325,17445825,13.35,49368675,8031525
08-05-2025 11:59,24480,615450,545250,9.35,61585575,17489775,13.4,49494750,7956975
08-05-2025 11:59,24480,614850,544800,9.35,61550700,17466300,13.6,49486950,7917375
08-05-2025 11:59,24480,614250,545475,9.5,61819800,17352750,13.4,49479150,8016675
08-05-2025 11:59,24482,614025,545400,9.9,62002650,17234325,13.1,49548000,8195850
08-05-2025 11:59,24480.6,615000,544200,9.85,62100825,16962225,12.8,49349475,8273400
08-05-2025 12:00,24480.5,614250,543075,9.75,62034300,17073225,12.8,49203825,8284350
08-05-2025 12:00,24480.4,613650,543225,9.55,61998900,17157525,13.1,49437900,8200050
08-05-2025 12:00,24480.6,616800,543600,10,61990125,17197725,12.35,49528725,8276550
08-05-2025 12:00,24480.6,615750,542850,9.85,62099550,16974300,12.55,48921075,8341950
08-05-2025 12:00,24480,614925,544125,9.7,61997325,17101350,12.8,49145625,8391975
08-05-2025 12:00,24483.3,614325,544050,9.45,61931775,17200575,13.25,49360350,8332800
08-05-2025 12:01,24483.5,614400,544275,9.6,61854450,17386425,12.75,49353825,8344650
08-05-2025 12:01,24481.5,614175,544275,9.3,61809975,17412150,13.15,49360200,8292525
08-05-2025 12:01,24480.4,614700,544500,8.95,61709625,17487525,13.05,49465425,8282250
08-05-2025 12:01,0,0,0,9.5,61196925,17457750,12.3,49407075,8473875
08-05-2025 12:01,24483.1,614625,543525,9.3,61253925,17363925,12.45,49405950,8461200
08-05-2025 12:01,24479.9,614400,543300,9.2,61273650,17431650,12.9,49712550,8342775
08-05-2025 12:02,24480,614775,544275,8.9,61170000,17732100,13,49956075,8311875
08-05-2025 12:02,24480,614250,544200,8.9,61093125,17702175,13,49869675,8279700
08-05-2025 12:02,24480,614100,544200,8.65,60920325,17821950,13.15,49893600,8299725
08-05-2025 12:02,24478.4,613425,544050,8.8,61139175,17796075,13.05,49828200,8298225
08-05-2025 12:02,24480,614175,544125,8.6,61197150,17869575,13.1,49815525,8314725
08-05-2025 12:02,24480.1,617325,543450,9.15,61329000,17642775,12.05,49794300,8491200
08-05-2025 12:03,24480.1,617550,543150,9.2,61323900,17138250,11.8,48923850,8589600
08-05-2025 12:03,24480.7,615450,543225,9.3,61334925,17011200,11.75,48885150,8616900
08-05-2025 12:03,24482.9,615600,543225,9.4,61338525,16937775,11.55,48934875,8530050
08-05-2025 12:03,24483.4,614775,543750,9.05,61324350,17010300,12,49110450,8532450
08-05-2025 12:03,24482.1,615075,544050,9.05,61290000,17220225,11.9,49151775,8524050
08-05-2025 12:03,24483.3,613800,543750,8.8,61254300,17256225,12,49248075,8575575
08-05-2025 12:04,24482,614700,543675,9.05,61546200,17229975,11.7,49220775,8655150
08-05-2025 12:04,24482.1,614775,543825,9.05,61706400,17139075,11.85,49379025,8638650
08-05-2025 12:04,24483.4,615075,543750,9.1,61796700,17207775,11.85,49519050,8700150
08-05-2025 12:04,24483.1,616800,543825,9.15,61979850,17205525,11.85,49532400,8689575
08-05-2025 12:04,24483,616425,543900,9.1,62008125,17362125,11.9,49649625,8704800
08-05-2025 12:04,24480.3,617475,544050,9.25,61995000,17256225,11.7,49555575,8716500
08-05-2025 12:05,24480.3,616500,544050,9.2,62001225,17209800,11.75,49555575,8760150
08-05-2025 12:05,24483.4,616425,542850,8.9,62059200,17266125,12,49688775,8778675
08-05-2025 12:05,24480.4,616275,543150,8.6,61747575,17449050,12.35,49814250,8577000
08-05-2025 12:05,24480.4,615750,543525,9,61971525,17405550,12.1,49736400,8655150
08-05-2025 12:05,24482.9,616875,543525,9.35,62208000,17192325,11.7,49590375,8668575
08-05-2025 12:05,0,0,0,9.4,62317350,17154750,11.55,49480500,8727375
08-05-2025 12:06,24483,617100,543150,9.3,62261775,17213775,11.5,49343025,8766675
08-05-2025 12:06,24480.5,617250,543075,9.4,62326875,17197650,11.35,49393875,8802225
08-05-2025 12:06,0,0,0,9.4,62310600,17176950,11.3,49445250,8727675
08-05-2025 12:06,24480.8,617625,543075,9.25,62338875,17295750,11.45,49648500,8704425
08-05-2025 12:06,24481.2,617475,542850,9.2,62271750,17389200,11.4,49726350,8712750
08-05-2025 12:06,24481.1,617175,543450,9.15,62247075,17397525,11.2,49692750,8755125
08-05-2025 12:07,24481.5,617400,543975,9.6,62385900,17374650,10.85,49376700,8732550
08-05-2025 12:07,0,0,0,9.85,62533350,16965525,10.9,49312800,8740125
08-05-2025 12:07,24481.9,617550,544350,9.75,62558325,16886250,10.9,49442625,8777325
08-05-2025 12:07,24481.1,617925,544800,9.7,62465700,17023350,10.95,49441875,8899125
08-05-2025 12:07,24483.6,617550,544950,9.6,62303475,17125500,11.05,49575975,8870550
08-05-2025 12:07,24483.5,617400,546675,9.15,62200500,17259375,11.25,49750425,8781075
08-05-2025 12:08,24481.1,617625,546900,9,62013075,17393925,11.5,49862700,8490225
08-05-2025 12:08,24480,616875,547050,8.7,61756050,17312025,11.95,49842675,8367300
08-05-2025 12:08,24480.1,615825,547425,8.65,61691250,17410800,12.55,49894125,7985325
08-05-2025 12:08,24478.1,617175,547575,8.05,61590675,17500275,13.05,49773300,7832250
08-05-2025 12:08,24478.2,617400,546750,8.15,60878550,17518875,12.85,49772925,8055075
08-05-2025 12:08,24478,617475,546900,8.1,61028400,17668125,12.9,49591500,8000250
08-05-2025 12:09,0,0,0,8.15,61319850,17730150,12.85,49592100,8110050
08-05-2025 12:09,24478,618150,547500,8.25,61462350,17213250,12.75,49580925,8182800
08-05-2025 12:09,24478,617925,547425,8.15,61543800,17227575,12.9,49735500,8259675
08-05-2025 12:09,24478.8,618375,547800,8.25,61760325,17166750,12.4,49729350,8354475
08-05-2025 12:09,0,0,0,8.3,61818975,17248200,12.65,49624050,8245200
08-05-2025 12:09,24478.8,617850,547500,8.25,61920450,17271075,12.7,49778100,8228775
08-05-2025 12:10,24479.9,618150,547125,8.25,62082825,17337750,12.55,49787925,8346000
08-05-2025 12:10,24479.2,617850,547575,8.5,62168175,17298150,12.25,49801200,8311950
08-05-2025 12:10,24479.4,617850,547125,8.5,62197275,17067675,12.35,49820250,8292150
08-05-2025 12:10,24481.9,618525,546525,8.65,62230200,17049000,12,49824225,8404725
08-05-2025 12:10,24484,618525,546825,8.65,62308050,17025525,11.8,49587375,8366775
08-05-2025 12:10,24480,619350,546375,9,62469450,16871250,11.55,49575000,8393625
08-05-2025 12:11,24480.2,617100,546525,8.9,62412450,16816500,11.75,49678275,8378325
08-05-2025 12:11,24480.3,617175,546150,8.7,62155500,17052300,11.5,49758600,8372250
08-05-2025 12:11,0,0,0,8.8,62047125,17104275,11.4,49751475,8431425
08-05-2025 12:11,24480.4,618000,546075,9.05,62341575,16968150,11.3,49731675,8544975
08-05-2025 12:11,24482,617850,546075,9.2,62415600,16772775,11.1,49708725,8557575
08-05-2025 12:11,24481.5,617625,545925,9.15,62333475,16852725,11,49709850,8561475
08-05-2025 12:12,0,0,0,9,62315025,16919775,11.15,49892325,8558700
08-05-2025 12:12,24482.1,617850,544950,8.9,62312475,16953000,11.4,50087250,8581575
08-05-2025 12:12,24481.2,617925,545250,8.85,62187375,17104425,11.4,50189775,8585925
08-05-2025 12:12,24481.1,617775,544875,8.8,62178525,17053425,11.4,50105700,8592150
08-05-2025 12:12,24481,617550,545100,8.95,62364825,17038125,11.4,50127600,8615025
08-05-2025 12:12,24481,617700,544575,9.05,62509875,17006700,11.55,50203125,8632125
08-05-2025 12:13,24482,617775,544800,9,62450550,17231850,11.55,50335800,8537400
08-05-2025 12:13,24483.9,617550,544875,9,62420100,17258475,11.45,50279025,8670675
08-05-2025 12:13,24483.9,617775,545475,8.85,62415975,17305725,11.75,50334075,8656575
08-05-2025 12:13,24483.8,618600,545250,9,62499150,17280375,11.45,50336775,8649375
08-05-2025 12:13,24482,617775,546375,9,62457075,17090325,11.5,50324925,8660775
08-05-2025 12:13,24479.4,617625,547275,9,62473875,17237475,11.5,50310450,8648175
08-05-2025 12:14,24481.9,616650,547950,9.05,62582625,17229450,11.55,50320050,8650725
08-05-2025 12:14,24481.9,617325,548175,8.95,62436750,17294175,11.8,50181750,8594400
08-05-2025 12:14,24480.9,616575,547725,9.05,62511225,17310600,11.7,50158875,8595375
08-05-2025 12:14,24481.8,615600,547425,9.1,62675850,17267325,11.4,50205375,8753100
08-05-2025 12:14,24480,615375,548400,9.4,62891775,17171250,11,50067600,8947800
08-05-2025 12:14,24482,617850,546675,9.45,62886600,16927425,11.2,50055675,8949900
08-05-2025 12:15,24480,618300,546450,9.55,62961225,16714950,11.3,50098725,8906250
08-05-2025 12:15,24480.5,616425,546900,9.7,62783475,16763025,11.3,50241525,8787675
08-05-2025 12:15,24484,616875,547125,9.8,62960850,16695150,11.1,50238750,8909700
08-05-2025 12:15,24485,618600,544200,11.7,62953875,16662300,9.95,50128800,9013950
08-05-2025 12:15,24486,618075,544350,11.7,62728575,15412650,10,48785925,8911125
08-05-2025 12:15,24487,617400,543450,13.05,62826525,15548250,9.15,48849000,8798175
08-05-2025 12:16,24490,617175,542625,13.65,62898600,14778000,8.7,48224850,8886825
08-05-2025 12:16,24487.3,616275,546075,13.15,62804625,14606475,8.95,48143475,8914050
08-05-2025 12:16,24486,616200,546975,12.1,62384625,14874675,8.85,48347850,8977200
08-05-2025 12:16,24486.1,617925,547950,12.1,62215875,14901450,9,48576525,8982900
08-05-2025 12:16,24489.8,614925,547950,12.35,62339100,14846325,9,48659850,9012675
08-05-2025 12:16,24486,615300,548250,11.7,62381925,15107325,9.05,48754725,9045075
08-05-2025 12:17,24489.6,614850,548625,11.2,62215500,15199050,9.15,48887025,9045150
08-05-2025 12:17,24487,615300,551700,11.1,62155125,15376050,9.1,49013700,9112425
08-05-2025 12:17,24485.1,615600,552000,9.95,62112600,15333975,9.6,49257600,9102375
08-05-2025 12:17,0,0,0,10.05,61785750,15337350,9.7,49314525,8912250
08-05-2025 12:17,24483,612975,552825,9.2,61648575,15549450,10.25,49259850,8766075
08-05-2025 12:17,24483,612750,551175,9.25,61568325,15729600,10.45,49256925,8518125
08-05-2025 12:18,24483,612150,553125,9.15,61805475,15777225,10.85,49202325,8484975
08-05-2025 12:18,24483,610875,552525,9.3,62350200,15814050,10.7,49155825,8651850
08-05-2025 12:18,24482.8,610125,552750,9.2,62438550,15941250,11.05,49012650,8608200
08-05-2025 12:18,24482,610050,552825,9.1,62370225,16119150,11.6,49164075,8265600
08-05-2025 12:18,24482,610200,549600,9.25,62466975,16102200,11.4,49102650,8336700
08-05-2025 12:18,24482.2,609375,548550,9.15,62685750,16068600,11.4,48942225,8460600
08-05-2025 12:19,24482,609975,548100,9.4,63427350,16074825,11.1,48962850,8508600
08-05-2025 12:19,24482,609600,549825,9.45,63415050,16059075,11.1,49013850,8653950
08-05-2025 12:19,24482,609600,549450,9.2,63528300,16370400,11.2,49100100,8599200
08-05-2025 12:19,24481.8,609750,549450,9.25,63418050,16346175,11.25,49179750,8510850
08-05-2025 12:19,24481.8,609900,548250,9.35,63617625,16302675,11,49114050,8853750
08-05-2025 12:19,24481.8,609675,549450,9.1,63630225,16342725,11.3,49299375,8647275
08-05-2025 12:20,24481.9,608700,548100,9.15,63417900,16538325,11.1,49291200,8671575
08-05-2025 12:20,24482.1,609000,549300,9.35,63514425,16379325,10.75,49232100,8888775
08-05-2025 12:20,24482.1,609450,547950,9.35,63664500,16332450,10.9,49355250,8775450
08-05-2025 12:20,24482.4,609600,547725,9.45,63809400,16330800,10.85,49299975,8802150
08-05-2025 12:20,0,0,0,9.3,63818550,16421850,11.15,49476675,8783850
08-05-2025 12:20,24483,609600,547650,9.3,63830775,16488900,11,49532625,8751825
08-05-2025 12:21,24483.8,609750,549450,9.35,63894600,16490550,10.95,49430325,8811375
08-05-2025 12:21,24483.8,610575,548700,9.45,63933150,16524525,10.85,49552650,8788200
08-05-2025 12:21,24482,610800,548625,9.2,63755850,16737450,11.2,49690200,8788050
08-05-2025 12:21,24482,609675,548325,9.4,63542325,16959225,10.95,49545450,8749125
08-05-2025 12:21,24481.9,609675,548850,9.25,63666525,16866150,11.05,49544175,8818050
08-05-2025 12:21,24482,609000,547800,9.4,63687450,16933725,10.8,49603350,8858400
08-05-2025 12:22,24482,610350,548850,9.25,63646725,17057400,11.15,49699200,8833575
08-05-2025 12:22,24483.8,610875,548250,9.3,63631950,17090250,10.9,49742475,8915850
08-05-2025 12:22,24483.8,610650,548850,9.2,63669600,17067825,10.9,49689675,8916900
08-05-2025 12:22,24482,611625,548775,9.45,63766050,17064675,10.55,49609200,8967900
08-05-2025 12:22,24482,611100,549750,9.35,63707025,17006625,10.7,49602375,8875650
08-05-2025 12:22,24482,611700,551700,9.75,63819900,16979850,10.05,49613025,8951700
08-05-2025 12:23,0,0,0,9.85,63856950,16463025,10.4,49712700,8987925
08-05-2025 12:23,24482,610575,548175,9.65,63689325,16538100,10.8,50028675,8808750
08-05-2025 12:23,24481.7,616275,550125,9.45,63571725,16744725,10.95,50006400,8801250
08-05-2025 12:23,24482.7,616050,548100,9.75,63542475,16817100,10.65,49990200,8898300
08-05-2025 12:23,0,0,0,9.9,63764850,16664175,10.45,49805250,9016200
08-05-2025 12:23,24482,607725,546975,9.55,63734400,16770825,10.85,50029575,8974275
08-05-2025 12:24,24482.7,615900,547575,9.55,63518850,16927725,10.95,50111475,8888475
08-05-2025 12:24,24482.7,615600,547800,9.8,63654150,16951125,10.8,50047725,8896125
08-05-2025 12:24,24483.9,616725,548025,9.85,63743100,16952400,10.65,49964250,9026700
08-05-2025 12:24,0,0,0,10.3,63848325,16942800,10.1,49938375,9088275
08-05-2025 12:24,0,0,0,10.2,63832575,16714950,10.3,49686225,9047475
08-05-2025 12:24,24483.9,616725,547575,10.45,63812475,16782825,10.05,49767000,9075525
08-05-2025 12:25,24486.9,616875,547950,10.4,63888075,16743975,10.2,49646025,9190425
08-05-2025 12:25,0,0,0,10.8,63843300,16746975,10.2,49833300,9125850
08-05-2025 12:25,24486.9,617100,547800,11.15,63941550,16655400,10,49764075,9273225
08-05-2025 12:25,24487,616950,546975,11,63610050,16648650,10.05,49676925,9304350
08-05-2025 12:25,0,0,0,0,0,0,0,0,0
08-05-2025 12:25,0,0,0,0,0,0,0,0,0
08-05-2025 12:26,0,0,0,0,0,0,0,0,0
08-05-2025 12:26,0,0,0,0,0,0,0,0,0
08-05-2025 12:26,0,0,0,0,0,0,0,0,0
08-05-2025 12:26,0,0,0,0,0,0,0,0,0
08-05-2025 12:26,0,0,0,0,0,0,0,0,0
08-05-2025 12:26,0,0,0,0,0,0,0,0,0
08-05-2025 12:27,0,0,0,0,0,0,0,0,0
08-05-2025 12:27,0,0,0,0,0,0,0,0,0
08-05-2025 12:27,0,0,0,0,0,0,0,0,0
08-05-2025 12:27,0,0,0,0,0,0,0,0,0
08-05-2025 12:27,0,0,0,0,0,0,0,0,0
08-05-2025 12:27,0,0,0,0,0,0,0,0,0
08-05-2025 12:28,0,0,0,0,0,0,0,0,0
08-05-2025 12:28,0,0,0,0,0,0,0,0,0
08-05-2025 12:28,0,0,0,0,0,0,0,0,0
08-05-2025 12:28,0,0,0,0,0,0,0,0,0
08-05-2025 12:28,0,0,0,0,0,0,0,0,0
08-05-2025 12:28,0,0,0,0,0,0,0,0,0
08-05-2025 12:29,0,0,0,0,0,0,0,0,0
08-05-2025 12:29,0,0,0,0,0,0,0,0,0
08-05-2025 12:29,0,0,0,0,0,0,0,0,0
08-05-2025 12:29,0,0,0,0,0,0,0,0,0
08-05-2025 12:29,0,0,0,0,0,0,0,0,0
08-05-2025 12:29,0,0,0,0,0,0,0,0,0
08-05-2025 12:30,0,0,0,0,0,0,0,0,0
08-05-2025 12:30,0,0,0,0,0,0,0,0,0
08-05-2025 12:30,0,0,0,0,0,0,0,0,0
08-05-2025 12:30,0,0,0,0,0,0,0,0,0
08-05-2025 12:30,0,0,0,0,0,0,0,0,0
08-05-2025 12:30,0,0,0,0,0,0,0,0,0
08-05-2025 12:31,0,0,0,0,0,0,0,0,0
08-05-2025 12:31,0,0,0,0,0,0,0,0,0
08-05-2025 12:31,0,0,0,0,0,0,0,0,0
08-05-2025 12:31,0,0,0,0,0,0,0,0,0
08-05-2025 12:31,0,0,0,0,0,0,0,0,0
08-05-2025 12:31,0,0,0,0,0,0,0,0,0
08-05-2025 12:32,0,0,0,0,0,0,0,0,0
08-05-2025 12:32,0,0,0,0,0,0,0,0,0
08-05-2025 12:32,0,0,0,0,0,0,0,0,0
08-05-2025 12:32,0,0,0,0,0,0,0,0,0
08-05-2025 12:32,0,0,0,0,0,0,0,0,0
08-05-2025 12:32,24484.7,618150,548475,0,0,0,10.15,50658525,9128250
08-05-2025 12:33,24482.5,618000,548250,9.95,64491075,17826000,10.1,50651775,9254925
08-05-2025 12:33,24482.5,617325,548850,9.65,64359825,18015525,10.4,50949675,9127275
08-05-2025 12:33,24482.7,617550,549225,9.7,64309350,18127950,10.3,51005475,9208425
08-05-2025 12:33,24482,618300,548325,10,64499550,18046875,9.9,50965725,9335100
08-05-2025 12:33,24482,616800,546075,9.95,64491600,17839800,9.8,50673825,9396375
08-05-2025 12:33,24482,616575,546150,9.8,62768400,17486625,10,50830650,9449625
08-05-2025 12:34,24483,615975,542400,9.85,62829075,17579100,9.95,50913825,9397425
08-05-2025 12:34,24481.1,615900,540900,9.8,62863950,17590950,10.05,50869950,9402450
08-05-2025 12:34,24482.5,615750,539100,9.9,62851425,17628450,9.95,50882400,9414600
08-05-2025 12:34,24482.4,615075,539325,9.85,62825400,17492475,9.95,50792325,9412800
08-05-2025 12:34,24483,615450,538800,9.8,62774475,17598375,9.95,50843325,9497475
08-05-2025 12:34,24482.8,615300,538500,9.75,62771925,17609475,9.95,50844300,9504450
08-05-2025 12:35,24482.7,615225,539250,9.8,62690775,17624775,9.95,50897100,9444825
08-05-2025 12:35,24482.9,615225,539250,9.8,62799450,17560350,10,50936550,9492000
08-05-2025 12:35,24482.7,613275,538125,9.55,62770875,17696325,10.1,50919450,9565500
08-05-2025 12:35,24482.5,612150,538575,9.7,62829975,17771475,10.05,51023550,9497475
08-05-2025 12:35,24483,612300,537600,9.75,62874300,17747250,9.8,51018300,9615900
08-05-2025 12:35,24482.4,612450,537750,9.75,62912475,17683425,9.9,50840325,9657075
08-05-2025 12:36,24482.5,612300,537300,9.7,62877750,17798925,9.85,50940525,9621450
08-05-2025 12:36,24480,613275,538650,9.6,62839125,17936925,10,51016800,9622875
08-05-2025 12:36,24482.5,615375,538575,9.75,62925225,17982375,9.8,51064500,9753075
08-05-2025 12:36,24482.8,613050,538650,9.75,62954925,17860950,9.7,50919600,9783000
08-05-2025 12:36,24480.1,613575,538425,9.65,62922975,17933925,9.9,51078000,9705825
08-05-2025 12:36,24483,613500,539925,9.65,62832750,17918250,9.8,51107175,9700050
08-05-2025 12:37,24481.3,613725,538800,9.9,62973900,17779875,9.55,50945625,9798300
08-05-2025 12:37,24482,615000,537750,9.8,63015000,17607900,9.75,50900250,9798825
08-05-2025 12:37,24482.7,614625,537675,9.85,63079125,17738475,9.7,50975625,9766425
08-05-2025 12:37,24482.2,614775,538800,9.55,63057075,17843025,9.9,51128700,9712650
08-05-2025 12:37,24482.3,614775,538575,9.75,62866575,17857875,9.7,51180525,9616425
08-05-2025 12:37,24484.6,614625,538875,9.65,62889675,17771700,9.75,51111750,9633750
08-05-2025 12:38,24482.2,614775,539100,9.8,62994975,17692500,9.75,51105450,9735375
08-05-2025 12:38,24483.9,614700,539100,9.8,62988825,17709300,9.7,51045600,9856575
08-05-2025 12:38,24483.9,615300,538500,9.7,63000300,17799375,9.75,51192225,9866925
08-05-2025 12:38,24483.9,615375,538575,9.55,62887200,18045150,9.8,51286500,9837525
08-05-2025 12:38,24482.7,615450,538875,9.6,62697150,18077775,9.8,51245475,9810750
08-05-2025 12:38,24482.7,615150,537750,9.55,62726700,18163575,9.85,51302625,9790875
08-05-2025 12:39,24483.4,615375,538350,9.5,62685975,18218025,10,51307500,9796725
08-05-2025 12:39,0,0,0,9.65,62543625,18209700,9.8,51287250,9824850
08-05-2025 12:39,0,0,0,9.7,62728725,18070950,9.65,51097500,9992925
08-05-2025 12:39,24482.8,613500,538650,9.65,62782050,18178875,9.65,50753100,10011750
08-05-2025 12:39,24483.4,613425,538575,9.7,62685900,18208950,9.65,50683650,10002525
08-05-2025 12:39,24482.9,613950,539100,9.7,62764800,18225600,9.75,50799300,9963675
08-05-2025 12:40,24482.1,613350,539100,9.65,62759775,18278775,10,50992650,9942525
08-05-2025 12:40,24482.6,614025,538875,9.6,62545800,18303975,10,50957850,9615900
08-05-2025 12:40,24483.5,614100,538725,9.8,62675850,18312150,9.65,50929125,9800025
08-05-2025 12:40,24482.1,613875,537975,9.85,62726925,18093000,9.8,50835600,9868350
08-05-2025 12:40,24481.1,613650,538350,9.9,62706000,18002100,9.7,50901900,9840075
08-05-2025 12:40,0,0,0,9.95,62819775,17925750,9.55,50990400,9903525
08-05-2025 12:41,24481.1,614025,539175,10.05,62860050,17799150,9.55,50868000,9946200
08-05-2025 12:41,24482.2,613575,538800,9.85,62736375,17804925,9.75,51079650,9893850
08-05-2025 12:41,24482.1,613650,539850,9.75,62538375,17824050,9.9,51232200,9698400
08-05-2025 12:41,0,0,0,9.6,62452725,18039750,9.95,51294075,9597000
08-05-2025 12:41,0,0,0,9.55,62269350,18185850,10.2,51267825,9570300
08-05-2025 12:41,24483.1,612825,538875,9.4,62062275,18245325,10.45,51243300,9370050
08-05-2025 12:42,24483,613500,539325,9.85,62503275,18204150,10.1,51238950,9489600
08-05-2025 12:42,24482.8,614400,540075,9.8,62560125,17976150,10.05,50890650,9540375
08-05-2025 12:42,24481.5,613575,540000,9.65,62508975,18101775,10.25,50903325,9569400
08-05-2025 12:42,24482.9,613800,539925,9.8,62552400,18115200,10,50930775,9628800
08-05-2025 12:42,24482.9,613275,539400,9.8,62577825,18041475,10,50819625,9683550
08-05-2025 12:42,0,0,0,9.7,62558775,18084375,10,50804700,9718725
08-05-2025 12:43,24481.5,613425,541050,9.75,62518125,18129900,9.95,50883750,9728325
08-05-2025 12:43,24480.1,614100,540975,9.65,62575200,18127050,9.9,50790450,9814500
08-05-2025 12:43,24480.1,614475,541200,9.65,62575200,18181575,9.95,50791650,9809700
08-05-2025 12:43,0,0,0,9.6,62618475,18193350,10,50817900,9831675
08-05-2025 12:43,0,0,0,9.55,62546325,18260625,10.05,50898000,9767625
08-05-2025 12:43,24482,614175,541275,9.55,62409975,18294300,10.15,50953050,9679500
08-05-2025 12:44,24481.4,613875,543375,9.45,62378475,18380250,10.4,51039975,9645375
08-05-2025 12:44,0,0,0,8.6,62153100,18498450,11.1,51299475,9459600
08-05-2025 12:44,24479,613050,541725,8.6,61025250,18491175,11.4,51168750,9166500
08-05-2025 12:44,24478,613575,543600,8.4,60956475,18615675,12,51307425,8988675
08-05-2025 12:44,24477,613500,543225,8.15,61091700,18475275,12.85,51303075,8574600
08-05-2025 12:44,24479.9,613575,542850,8.3,61332225,18451350,12.15,51187725,8712750
08-05-2025 12:45,24476.6,612825,542325,8.5,61642125,18170325,12.45,51105225,8711250
08-05-2025 12:45,24476.1,611625,542175,8.55,61838100,18142350,12.3,50902425,8961750
08-05-2025 12:45,24477.1,612450,542700,8.6,61940700,18215325,12.05,50950800,9023175
08-05-2025 12:45,24477.2,611925,542325,8.65,62054550,18177000,11.9,50754150,9077850
08-05-2025 12:45,24477.7,612450,543000,8.65,62102775,18181425,11.65,50850825,9070425
08-05-2025 12:45,24477.7,612000,543075,8.65,62212650,18317850,11.95,50919600,9299925
08-05-2025 12:46,24477.1,611175,542925,8.65,62206950,18307950,12.2,51107775,8976750
08-05-2025 12:46,24477.2,611850,544125,8.75,62403075,18197325,11.95,51034425,9094200
08-05-2025 12:46,24477.9,612375,545400,8.85,62451075,18114150,11.75,50975625,9217725
08-05-2025 12:46,24477.9,613125,545775,8.8,62479950,18111750,11.7,51043800,9266250
08-05-2025 12:46,24477.7,613200,545775,8.85,62477400,18167100,11.65,51111525,9308925
08-05-2025 12:46,24477.8,612000,546075,8.85,62483625,18216975,11.55,51225600,9321525
08-05-2025 12:47,24477.4,612375,546825,8.9,62431875,18180450,11.65,51235425,9383175
08-05-2025 12:47,24476,612825,546225,9.05,62613675,18129075,11.25,51165525,9489000
08-05-2025 12:47,24476,613350,547050,9.15,62579775,18025125,10.95,51241950,9581400
08-05-2025 12:47,24476.1,613200,545850,9.05,62501400,18091425,11.3,51027075,9575325
08-05-2025 12:47,24475.2,612000,544200,8.85,62438400,18271200,11.5,51087000,9374325
08-05-2025 12:47,24475.8,612750,544800,8.8,62201700,18318600,11.35,50997600,9419250
08-05-2025 12:48,24475.7,613650,547275,8.75,62172525,18429375,11.15,50969850,9536100
08-05-2025 12:48,24476,611925,545175,8.85,62265450,18423900,11.05,51015975,9579075
08-05-2025 12:48,24476,612825,545925,8.75,62252025,18557325,11.1,51090375,9593625
08-05-2025 12:48,24476.9,612825,544500,8.75,62110725,18247275,11.2,51072300,9643950
08-05-2025 12:48,24476.5,612225,544650,8.75,62195550,18416550,11.05,51172725,9617325
08-05-2025 12:48,24476.9,612150,545100,8.65,62209875,18475125,11.25,51232875,9635850
08-05-2025 12:49,24475.7,613950,545100,8.75,62352900,18448050,10.8,51221700,9717300
08-05-2025 12:49,24475.5,613200,544650,8.75,62355375,18336000,11,51235650,9736050
08-05-2025 12:49,24475.8,613350,544800,8.5,62352225,18474375,11.25,51138825,9590700
08-05-2025 12:49,24475.5,613425,544575,8.6,62157000,18567075,11.1,51254700,9532725
08-05-2025 12:49,24475.2,613050,544350,8.7,62277450,18489150,10.9,51118200,9632550
08-05-2025 12:49,24475.6,613125,544125,8.75,62391300,18520725,10.8,51067575,9665925
08-05-2025 12:50,24475.1,613275,544425,8.65,62340075,18575325,11.15,50908650,9649650
08-05-2025 12:50,24476.5,613500,543450,9,62567175,18647700,10.4,50965200,9663600
08-05-2025 12:50,24476.2,614100,544425,8.9,62577750,18171675,10.6,50789925,9697500
08-05-2025 12:50,24476.2,613800,543525,8.9,62514225,18089625,10.75,51026250,9610350
08-05-2025 12:50,24476.7,613575,543825,8.9,62376900,18193725,10.55,51142650,9606150
08-05-2025 12:50,24476.3,612525,544200,8.8,62346300,18333525,10.8,51381000,9686475
08-05-2025 12:51,24476.9,612075,544350,8.7,62241375,18443100,10.8,51453150,9672300
08-05-2025 12:51,24476.7,611700,544500,8.6,62350125,18505125,10.9,51406200,9688800
08-05-2025 12:51,24476.2,613125,544350,8.8,62418975,18542550,10.65,51473400,9746625
08-05-2025 12:51,24476.1,613275,543900,9,62657250,18367350,10.35,51353550,9892275
08-05-2025 12:51,24476,612825,544725,8.85,62683350,18329700,10.55,51272175,9861150
08-05-2025 12:51,24476.2,611925,544200,8.9,62664825,18312900,10.4,51296775,9847200
08-05-2025 12:52,24475.8,611625,544050,8.8,62651025,18395025,10.45,51317850,9935775
08-05-2025 12:52,24476,613200,543375,9.05,62786475,18362775,10.15,51236625,9993075
08-05-2025 12:52,24475.9,613500,543300,9.1,62739000,18211200,10.1,50970600,9872175
08-05-2025 12:52,24475.8,611400,543225,9,62600700,18293100,10.1,50957700,10010325
08-05-2025 12:52,24475.7,610950,543150,8.9,62684700,18380475,10.25,51036525,10013250
08-05-2025 12:52,24476.5,611475,542850,9.05,62725050,18373725,9.8,51010650,10167225
08-05-2025 12:53,24476.6,612075,543150,9.05,62774175,18296025,10.15,51149925,10194600
08-05-2025 12:53,24475.5,611550,543600,8.9,62563575,18517575,10.35,51286500,9912900
08-05-2025 12:53,24475.2,611400,544275,8.95,62544375,18551400,10.2,51187425,9984825
08-05-2025 12:53,24475.2,611475,545100,8.85,62474250,18636825,10.5,51346575,9938775
08-05-2025 12:53,24475.9,611550,543750,8.95,62521350,18623400,10,51354975,10050750
08-05-2025 12:53,24476.5,608550,544125,9,62571975,18484125,10.05,51099225,10072200
08-05-2025 12:54,24476.6,609975,543900,8.9,62462775,18594825,10.25,51234450,10103325
08-05-2025 12:54,24476.2,609975,544125,9,62475375,18556650,9.85,51233175,10063500
08-05-2025 12:54,24477.8,610350,543300,9.1,62582625,18559575,9.75,50939925,10121475
08-05-2025 12:54,24475.1,610425,543375,9.1,62538375,18405375,9.95,51009600,10118175
08-05-2025 12:54,24477,610125,542850,9.15,62615325,18483825,9.75,51094200,10077675
08-05-2025 12:54,24478.5,610350,542625,9.2,62708775,18253725,9.7,51002325,10198950
08-05-2025 12:55,24475.4,608925,544125,9.1,62556900,18380700,10.1,51254325,10173300
08-05-2025 12:55,24475.5,608250,543900,9.1,62402325,18394950,10.05,51241875,10027875
08-05-2025 12:55,24475.5,608925,543300,9.15,62462700,18440250,9.85,51274350,10170525
08-05-2025 12:55,24477.8,608700,544275,9.05,62474175,18369825,9.9,50900700,10182825
08-05-2025 12:55,24476,608250,543750,9.2,62385675,18397800,9.8,50974350,10183575
08-05-2025 12:55,24477.7,608400,544200,9.15,62475975,18358725,9.9,51003375,10181850
08-05-2025 12:56,24477,609600,544425,9.25,62552175,18327075,9.8,50989200,10191150
08-05-2025 12:56,24479.2,612150,544275,9.5,62579475,18212175,9.65,50964900,10288800
08-05-2025 12:56,0,0,0,9.65,62688450,17971275,9.6,50924250,10235775
08-05-2025 12:56,24476.5,610575,543150,9.55,62743575,18024150,9.75,51078150,10261275
08-05-2025 12:56,24477,608550,543900,9.05,62490375,18362475,10.1,51293850,10102125
08-05-2025 12:56,0,0,0,9.1,62343075,18363825,10.05,51285075,10074225
08-05-2025 12:57,24476.9,609825,543225,9.25,62483025,18365175,9.95,51234000,10158975
08-05-2025 12:57,24476.6,609450,541950,9.3,62565600,18420825,9.75,51158025,10237950
08-05-2025 12:57,24477,611925,542475,9.25,62670825,18322350,9.85,51050025,10269225
08-05-2025 12:57,24477.6,610500,542475,9.2,62551950,18424425,9.95,51240300,10139325
08-05-2025 12:57,24477,609750,542625,9.05,62509800,18697800,10.15,51368850,10081350
08-05-2025 12:57,24476.3,609375,543150,9.1,62434500,18744525,10.1,51384300,10068975
08-05-2025 12:58,24476.4,610050,542850,9.2,62609175,18683475,10,51402300,10178550
08-05-2025 12:58,24476.3,611100,542475,9.3,62604150,18567750,9.85,51334725,10283250
08-05-2025 12:58,24476.5,610575,542925,9.15,62654700,18569175,10.05,51266025,10291425
08-05-2025 12:58,24475.7,609150,543075,9.1,62493750,18758250,10.1,51362400,10167900
08-05-2025 12:58,24475.9,611025,542850,9.2,62554800,18769875,9.9,51359625,10344000
08-05-2025 12:58,24476.6,611100,543450,9.15,62531475,18875100,10,51332850,10309800
08-05-2025 12:59,24476.6,610200,542850,9.75,62720700,18836250,9.65,51307875,10400700
08-05-2025 12:59,24476.7,612150,544725,9.5,62679750,18465075,9.75,51064350,10385100
08-05-2025 12:59,24477.8,611775,543675,9.6,62566425,18559125,9.65,51083325,10413825
08-05-2025 12:59,24476.7,611775,543375,9.55,62633475,18343875,9.8,51152025,10408275
08-05-2025 12:59,24477.3,613500,543150,10.15,62839350,18323550,9.55,51124650,10485225
08-05-2025 12:59,24478.2,612825,542025,10.55,62774250,17607675,9.05,50710200,10572675
08-05-2025 13:00,24478,612375,542475,9.9,62710950,17626950,9.4,50843025,10577550
08-05-2025 13:00,24478.2,613500,542250,9.85,62366100,17664975,9.65,51150000,10426125
08-05-2025 13:00,24477.3,615150,543000,9.65,62380650,17835375,9.5,51158775,10499325
08-05-2025 13:00,0,0,0,9.7,62399700,17943450,9.7,51279375,10450200
08-05-2025 13:00,24477.4,613575,543750,9.2,62482650,18141075,9.85,51353700,10454025
08-05-2025 13:00,24477.3,613500,543525,9.25,62244000,18082425,9.7,51310725,10538025
08-05-2025 13:01,24477.3,613500,543600,9.2,62352750,18055725,9.7,51127950,10623150
08-05-2025 13:01,24477.3,613350,543075,9.05,62121150,18330975,9.8,51256650,10574100
08-05-2025 13:01,0,0,0,9.25,62313525,18597225,9.8,51233250,10593900
08-05-2025 13:01,24476.2,613425,543825,8.9,62293725,18839250,10.15,51354675,10548825
08-05-2025 13:01,24476.1,611400,543975,8.8,61970100,18701775,10.45,51346875,10132200
08-05-2025 13:01,24476,611325,543525,8.95,62299725,18665175,10.25,51032400,10234650
08-05-2025 13:02,24476,609825,543975,8.6,62172600,18863925,10.8,50970675,10145550
08-05-2025 13:02,24474.3,608100,545175,8.6,62119200,18911250,10.95,50969925,9971550
08-05-2025 13:02,24474.3,608025,543825,8.7,62090175,19038825,11.05,50968125,9779025
08-05-2025 13:02,24474.4,609075,542325,8.6,62189475,18876600,11.2,50922975,9701850
08-05-2025 13:02,0,0,0,8.85,62456175,18866550,10.75,50904900,9957600
08-05-2025 13:02,24475.4,609150,542775,8.8,62566425,18790350,10.65,50682000,9993000
08-05-2025 13:03,24475.1,609975,543525,8.85,62636925,18798525,10.7,50658075,10050150
08-05-2025 13:03,24475.1,608400,543600,8.7,62539800,18946650,10.85,50870325,9812625
08-05-2025 13:03,24475.9,608250,542625,8.7,62620500,18566700,10.85,50767950,10014225
08-05-2025 13:03,24475.8,610725,542700,8.8,62695575,18638550,10.65,50769600,10047525
08-05-2025 13:03,24475.9,610725,542700,8.8,62770425,18624600,10.2,50713950,10199100
08-05-2025 13:03,24475.8,609525,543000,8.7,62941800,18641325,10.6,50780625,10242600
08-05-2025 13:04,24475.5,609600,543000,8.8,62894400,18674550,10.4,50807925,10167975
08-05-2025 13:04,24475.5,609675,542550,8.8,63116475,18487200,10.1,50706000,10335525
08-05-2025 13:04,24475.5,609225,543075,8.75,63140250,18626475,10.45,50912925,10249725
08-05-2025 13:04,24475.2,609975,543300,8.55,63250275,18867600,10.7,51039825,10174500
08-05-2025 13:04,24475.1,609675,544275,8.2,62484225,18887925,11.1,51136350,9976800
08-05-2025 13:04,24473.3,610725,544500,8.35,62263575,18835800,11.1,51214125,9741750
08-05-2025 13:05,24473.7,610650,544050,8.4,62397450,18666675,11.1,51073125,9909450
08-05-2025 13:05,24473.8,610950,545325,8.55,62748075,18730275,10.7,51110700,10069875
08-05-2025 13:05,24474.5,610500,543225,8.65,62888100,18547200,10.6,50930250,10094325
08-05-2025 13:05,24474.9,610200,543375,8.5,62828550,18782775,10.75,51014025,10095000
08-05-2025 13:05,24474.9,609675,543225,8.4,62750025,18935325,10.7,51012300,10134075
08-05-2025 13:05,24474.9,611625,543150,8.5,62733450,19069950,10.55,51032550,10228950
08-05-2025 13:06,24474.5,611550,542775,8.4,62732475,18919575,10.95,51117225,10238550
08-05-2025 13:06,24473.6,611925,542400,8.2,62513025,18860175,11.3,51287625,10046550
08-05-2025 13:06,24472.8,609375,542475,8.1,62372550,18896400,11.75,51432000,9763125
08-05-2025 13:06,24472.6,609450,542700,8.05,62355450,18872700,11.75,51297150,9813750
08-05-2025 13:06,24473,610125,542550,8,61603800,18886425,11.3,51123225,10018950
08-05-2025 13:06,24473,610125,542475,7.9,61693800,18897825,11.6,51201600,10024275
08-05-2025 13:07,24473,609300,543000,7.65,61313550,19059825,12.25,51261825,9844875
08-05-2025 13:07,24467,607200,543300,6.6,61096725,19157550,14.65,51321150,9465675
08-05-2025 13:07,24469.7,604725,541275,6.8,59678550,18819375,13.95,51161475,8565975
08-05-2025 13:07,24470,606300,543750,6.75,60044775,18569250,13.65,51031350,8719950
08-05-2025 13:07,24469.9,607500,541800,6.9,60382650,18655425,13.4,50994225,8687925
08-05-2025 13:07,24468.8,606300,540675,6.9,60708375,18586650,13.15,50904825,8731575
08-05-2025 13:08,24469,607275,540900,6.95,60847125,18679500,13.25,51019125,8792325
08-05-2025 13:08,24468.6,607650,540225,6.9,60928950,18445950,13.2,51020475,8849925
08-05-2025 13:08,24472.2,600150,534900,6.65,60813225,18610800,14.75,51153525,8788575
08-05-2025 13:08,24467.7,598425,533025,6.7,60250725,18699000,14.15,51199575,8433975
08-05-2025 13:08,24469,599625,534375,6.9,60717750,18396375,13.75,50964075,8600025
08-05-2025 13:08,24467,602250,533325,6.7,60877350,18333600,14.7,51202575,8543325
08-05-2025 13:09,24468.8,600900,533475,6.7,60719025,18573000,13.75,51328875,8466825
08-05-2025 13:09,24470.6,601500,533475,6.8,61042500,18505125,13.4,50967225,8650650
08-05-2025 13:09,24470.7,603075,532650,6.85,61176525,18496800,13.95,51056400,8738400
08-05-2025 13:09,24470.8,601650,532875,7,61299975,18467850,13.2,51143250,8833950
08-05-2025 13:09,24467.5,601650,533475,7,61490775,18308550,13.9,51000975,8917275
08-05-2025 13:09,24469.8,602100,532650,7.1,61395150,18407700,13.4,51108000,9013350
08-05-2025 13:10,24470,603975,534150,7.15,61495500,18437775,13.05,51201225,9018075
08-05-2025 13:10,24468.1,603675,533925,7,61636575,18657075,13.8,51086400,9046800
08-05-2025 13:10,24469.7,600150,533850,6.95,61263300,18747300,13.65,51115575,9001350
08-05-2025 13:10,24470.7,600600,533700,7.05,61313700,18739425,13.45,51028125,9010575
08-05-2025 13:10,24470.7,601275,532350,7.1,61449825,18791550,13,50908275,9084600
08-05-2025 13:10,24471.3,603000,532350,7.15,61640175,18815850,13.05,50855250,9134700
08-05-2025 13:11,24469.9,602025,533925,7,61707225,19045800,13.15,51034275,9109500
08-05-2025 13:11,24469.7,600525,533700,6.9,61494750,19199250,13.8,51456525,9105375
08-05-2025 13:11,24469,600150,533775,7.05,61491150,19204575,13.9,51568500,8887575
08-05-2025 13:11,24469.6,601275,532875,7.05,61688850,18982875,13.4,51368625,8946975
08-05-2025 13:11,24469.7,600150,532350,7,61714650,19127700,13.65,51670650,8945550
08-05-2025 13:11,24469.7,599850,532275,6.95,61503450,19203825,13.85,51731325,8886225
08-05-2025 13:12,24468.1,600450,534900,7,61620675,19167375,13.3,51685500,9013500
08-05-2025 13:12,24468,600675,535650,6.7,61567950,19414650,14.8,51860175,9102450
08-05-2025 13:12,24462,597075,555075,6.2,61166625,19500300,16.85,51871875,8301900
08-05-2025 13:12,24460,592800,556800,5.75,60282825,19531950,19.35,51514050,7436475
08-05-2025 13:12,24459.9,588525,550650,5.75,59627250,19240500,18.65,51351975,6846300
08-05-2025 13:12,24458.4,590925,548100,5.85,59956275,18890250,17.45,51153675,7025400
08-05-2025 13:13,24460,591150,546975,5.85,59932275,18866175,16.75,51282375,7052175
08-05-2025 13:13,24460,592725,545250,5.9,60298800,18684300,16.45,51064350,7318275
08-05-2025 13:13,24460,591225,543525,5.75,60363225,18675750,16.65,51234375,7225200
08-05-2025 13:13,24460,592125,544050,5.85,60406425,18810825,16,51037725,7446975
08-05-2025 13:13,24460,591600,538650,5.9,60662700,18528150,16.05,50687400,7449300
08-05-2025 13:13,24460,591150,539175,5.95,60912150,18476775,16.3,50804100,7411875
08-05-2025 13:14,24460,592500,535575,5.95,61041975,18523875,16.05,50738175,7498800
08-05-2025 13:14,24463.8,593550,534300,5.9,61140975,18679200,15.95,50930100,7477575
08-05-2025 13:14,24461.9,597300,533025,6.15,61302975,18699975,14.35,50971350,7588125
08-05-2025 13:14,24461.9,596550,533400,5.95,62611650,18168525,15.5,50688600,7675050
08-05-2025 13:14,24461.9,596100,534450,6.05,62620350,18197925,14.7,50678325,7871850
08-05-2025 13:14,24462.8,596625,533250,6.05,62746200,18256275,14.6,50813775,7960275
08-05-2025 13:15,24460.1,595725,535425,5.9,62671050,18484200,16.05,51252825,7847700
08-05-2025 13:15,24460,591300,535875,5.8,62335125,18513975,16.65,51468600,7665675
08-05-2025 13:15,24460,589350,536625,5.55,62085975,18644475,17.15,51503325,7520625
08-05-2025 13:15,24462.7,590625,537525,5.75,62021175,18584475,16.7,51488775,7628325
08-05-2025 13:15,24460,590175,537075,5.8,62082750,18548775,15.6,51442425,7886475
08-05-2025 13:15,24460,589200,536775,5.65,62028300,18740550,16.3,51513000,7966950
08-05-2025 13:16,24456.9,588675,536700,5.15,61860900,18782250,17.65,51661950,7872225
08-05-2025 13:16,24454.7,586800,537525,5,61055025,18827550,17.65,51691500,7338975
08-05-2025 13:16,24454.9,588525,536325,5.25,61002075,18641775,17.05,51541500,7601925
08-05-2025 13:16,24454.5,591075,535425,5.35,61385775,18497925,16.35,51438150,7817025
08-05-2025 13:16,24455,594900,534900,5.3,61647300,18555225,16.9,51547125,7790550
08-05-2025 13:16,24454.4,592950,535350,5.15,61653825,18777300,17.55,51729825,7789125
08-05-2025 13:17,24454.1,590325,534300,5,61943700,18963375,19.55,51763275,7653000
08-05-2025 13:17,24453,586950,536850,4.95,61543950,18962400,19.65,51945525,7210050
08-05-2025 13:17,24451.1,587250,536775,4.85,61709025,19045425,20.55,51699525,6967500
08-05-2025 13:17,24445.3,578100,547650,4.65,61542150,19169850,22.6,51728700,6875850
08-05-2025 13:17,24446.9,572925,551325,4.85,61896675,19085100,21.75,51499650,6150450
08-05-2025 13:17,24447.5,574650,537825,4.85,62169375,18644250,21.45,51422850,6226425
08-05-2025 13:18,24448,575400,535575,4.9,62804475,18606525,21.2,51282375,6378375
08-05-2025 13:18,24445.4,574200,535575,4.95,63137475,18807075,21.7,51500100,6280350
08-05-2025 13:18,24447.8,575100,535425,4.85,63081600,18697650,22,51470250,6254550
08-05-2025 13:18,24447.8,575400,536400,4.9,63086475,18823950,22,51555300,6425625
08-05-2025 13:18,24445.5,574950,538050,4.9,63251250,18826725,22.05,51582900,6368250
08-05-2025 13:18,24446.8,574350,536550,4.95,63399525,18810750,19.4,51597300,6412800
08-05-2025 13:19,24448,579450,535125,5.15,63482025,18532200,18.75,50766075,6433950
08-05-2025 13:19,24446.1,579300,535875,5.2,63595200,18167925,19.3,50795325,6281025
08-05-2025 13:19,24447.5,578175,534225,5.25,63752550,18129975,18.3,50899950,6492150
08-05-2025 13:19,24449,579750,533325,5.25,63838875,18397125,18.9,50686200,6415425
08-05-2025 13:19,24450,581925,534000,5.05,63688575,18713400,19,50807475,6531975
08-05-2025 13:19,24450,581025,533250,5.1,63351525,18812475,18.2,50841375,6543525
08-05-2025 13:20,24446.4,581550,532875,5,63349725,18937800,19.85,51025875,6559950
08-05-2025 13:20,24446.6,579075,532500,5,63421350,18807375,20,51072450,6399600
08-05-2025 13:20,24446.1,576750,533700,4.95,63508725,18982500,22,51326250,6361800
08-05-2025 13:20,24445.2,577575,535650,4.9,63559425,18961725,21.75,51306225,6383775
08-05-2025 13:20,24445,578100,534225,5,63590100,18985800,20.7,51274275,6716850
08-05-2025 13:20,24446,576600,532875,5.05,63934425,18729600,21.15,51352500,6784050
08-05-2025 13:21,24446.2,578550,532275,5.1,64068825,18520200,20.25,51318300,6902100
08-05-2025 13:21,24449.9,580575,530550,5.25,64359525,18470100,19.7,51062325,6945000
08-05-2025 13:21,24452.8,580575,531000,5.2,64530300,18473775,20.5,51308775,6893850
08-05-2025 13:21,24450,579000,531525,5.1,64118475,18915450,20.8,51499425,6975825
08-05-2025 13:21,24447.9,579075,534225,4.9,63967950,18919800,22.4,51586800,6811125
08-05-2025 13:21,24446.1,579450,534600,4.95,64016775,18965550,21.55,51636450,6656850
08-05-2025 13:22,24445.2,578850,534825,5,64132650,18992400,21.35,51658200,6809325
08-05-2025 13:22,24443.5,570900,535050,5.1,64401300,18814275,20.7,51631425,6850125
08-05-2025 13:22,24444,571875,535500,5.15,64552725,18848625,20.4,51338925,6950550
08-05-2025 13:22,24443.5,572850,533775,5,64316475,19158300,21.7,51757425,6879975
08-05-2025 13:22,24444.5,571725,535200,5,64188300,19275600,21.2,51657450,6685125
08-05-2025 13:22,24442.1,571050,534225,5.2,64638150,19182450,21.4,51536475,6705000
08-05-2025 13:23,24441.5,571425,534825,5.25,64560750,19007325,21.4,51518250,6758400
08-05-2025 13:23,24441.3,572250,536025,5.15,64453050,18917475,21.6,51459900,6813000
08-05-2025 13:23,24443,570600,537525,5.05,64422600,18886050,26.75,51676575,6827100
08-05-2025 13:23,24432.5,563400,537150,4.8,64007925,18829500,30.45,51764550,5059800
08-05-2025 13:23,24431,548550,536625,4.85,63364575,18804750,34.9,51611025,4106550
08-05-2025 13:23,24431,546975,536850,4.5,63341700,18798900,37.5,51141000,3731850
08-05-2025 13:24,24433,547425,537975,4.35,62418300,18786000,35.25,50982900,3892350
08-05-2025 13:24,24425.1,548625,536475,4.2,62545800,18677250,40.15,50648700,3959775
08-05-2025 13:24,24422.3,536775,536625,3.8,62717925,18609525,41.85,50555850,3264225
08-05-2025 13:24,24426,544200,535725,3.95,62408625,18598425,38.4,50377800,3316500
08-05-2025 13:24,24432.5,541950,534600,3.95,62517450,18360750,37.85,50043375,3409050
08-05-2025 13:24,24430.9,542250,535725,3.95,62818950,18229950,38.55,49952475,3408975
08-05-2025 13:25,24426.5,539625,538050,4,63141300,18045150,41.3,49960275,3393000
08-05-2025 13:25,24430,543075,536625,4,63228600,17725500,37.75,49948125,3487725
08-05-2025 13:25,24435.3,543000,535050,3.95,63455100,17691225,35.3,49453800,3593175
08-05-2025 13:25,24438,544425,533700,4.15,63582375,17678775,32.8,49340175,3609300
08-05-2025 13:25,24440.8,545625,533850,4.3,64276800,17381625,34.45,49368900,3680100
08-05-2025 13:25,24435,546975,536850,4.35,64397475,17452800,35.8,49599975,3571650
08-05-2025 13:26,24437.3,545100,538050,4.4,64842825,17304225,35.5,49655700,3578550
08-05-2025 13:26,24439.7,549225,536475,4.3,64803525,17595450,33.25,49624500,3713175
08-05-2025 13:26,24442.5,550050,535500,4.4,64425300,17691675,31.4,49542525,3793500
08-05-2025 13:26,24442.5,548250,534750,4.3,64433850,17762850,32.4,49430550,3763200
08-05-2025 13:26,24441.9,552300,535950,4.25,64287450,17828775,32.3,49581225,3802350
08-05-2025 13:26,24443,554325,538350,4.4,64589775,17852325,29.9,49547025,3905400
08-05-2025 13:27,24449,556350,539700,4.7,64764300,17606100,27.45,49190850,3974475
08-05-2025 13:27,24447,555975,541500,5,64969350,17097975,26.1,49081875,4031925
08-05-2025 13:27,24445.5,555975,540375,4.95,64734900,16728000,27.75,49177275,3987150
08-05-2025 13:27,24444.4,556125,542475,4.9,64317150,16845525,27.95,49367850,4002375
08-05-2025 13:27,24446,557700,544200,4.8,64465725,17008125,27.95,49345125,4055700
08-05-2025 13:27,24446,555900,544800,4.85,64251150,17320800,27.55,49500300,4004325
08-05-2025 13:28,24447.2,557700,546075,4.8,64233375,17439150,27.55,49464075,4101525
08-05-2025 13:28,24445,553800,547650,4.6,63872325,17854725,28.85,49658850,3924525
08-05-2025 13:28,24444.5,556425,547875,4.8,64241850,17660400,27.75,49700325,4032375
08-05-2025 13:28,24443,557025,551850,4.6,64355925,17875125,27.9,49725300,4168725
08-05-2025 13:28,24444.4,558525,551925,4.8,64343925,17698125,26.95,49832550,4227675
08-05-2025 13:28,24443.1,558000,554550,4.55,64124925,17864550,28.55,49842450,4226175
08-05-2025 13:29,24443.9,556800,554850,4.8,64445400,17942550,28.6,49977075,4192350
08-05-2025 13:29,24442.1,557100,554625,4.8,64474275,17753550,28.6,50043900,4243875
08-05-2025 13:29,24442,555600,555450,4.8,64481475,17737800,29.9,50054250,4152300
08-05-2025 13:29,24438.5,555375,554100,4.8,64444275,17901975,28.05,50011950,4153575
08-05-2025 13:29,24439,555150,559050,4.55,64419000,18155325,29.35,50021100,4239450
08-05-2025 13:29,24439,556125,558750,4.65,64480425,18283725,29.75,50199900,4194225
08-05-2025 13:30,24438.9,556125,557250,4.75,64521450,18378975,29.75,50235525,4174950
08-05-2025 13:30,24435,554100,555450,4.8,64719150,17922825,30.35,50205375,4251300
08-05-2025 13:30,24434,556500,553725,4.85,64714800,17863050,29.9,50253150,4295250
08-05-2025 13:30,24435.3,556350,553125,4.95,64797150,17953725,27.75,50020575,4335750
08-05-2025 13:30,24431,549750,554925,4.6,64947225,18004800,34.15,50044950,4342650
08-05-2025 13:30,24432,555825,555675,4.75,64461375,17991825,31.55,50012775,4163325
08-05-2025 13:31,24433,555525,553950,4.65,64355175,18259725,31.7,49971450,4170975
08-05-2025 13:31,24433,556575,554400,4.65,64395675,18343800,31.35,49917750,4286175
08-05-2025 13:31,24434.9,559500,554400,4.5,64432875,18385800,33.1,49994850,4271775
08-05-2025 13:31,24431.1,556350,555975,4.55,64217025,18397650,33.2,50083125,4116675
08-05-2025 13:31,24431,560625,554700,4.55,64296975,18244800,34.8,50036550,4154850
08-05-2025 13:31,24430.1,554625,557625,4.6,64323300,18195300,34.45,50114925,3844875
08-05-2025 13:32,24433,557550,553575,4.6,64426650,18230475,33.85,50035425,3919200
08-05-2025 13:32,24434.9,559200,553350,4.7,64663200,18097650,32.3,49976700,3996675
08-05-2025 13:32,24436.1,558750,554175,4.85,64910550,18121800,33.45,50098800,4031550
08-05-2025 13:32,24432.7,560400,554175,4.65,64734450,18237375,34.15,50147250,4130625
08-05-2025 13:32,24435.7,562500,555450,4.65,64524225,18288675,34.4,50189100,4159575
08-05-2025 13:32,24431.3,557775,557550,4.6,64245675,18396675,35.95,50281650,4069575
08-05-2025 13:33,24430.9,559575,556875,4.5,64220175,18301200,35.7,50241825,3937200
08-05-2025 13:33,24434.9,560475,556800,4.45,64160700,18423600,36.4,50299200,3869325
08-05-2025 13:33,24432.4,562350,555825,4.7,64608750,18422475,34.45,50307675,3976050
08-05-2025 13:33,24437.3,563250,555900,4.7,64723050,18155700,33.8,50211000,4079400
08-05-2025 13:33,24437.9,562350,554100,4.65,64515750,18308175,35.2,50202750,4044975
08-05-2025 13:33,24439.5,563250,553725,4.65,64688175,18305925,34,50189400,4084950
08-05-2025 13:34,24439.7,563700,553950,4.65,65008350,18316950,32.6,50135400,4101000
08-05-2025 13:34,24440,564450,553800,4.7,64695450,18252300,31.5,49932900,4127100
08-05-2025 13:34,24439.7,565500,553200,4.85,64827675,18263400,29.95,49861800,4175025
08-05-2025 13:34,24439.5,565200,552975,4.75,64808625,18022800,31.6,49706550,4170750
08-05-2025 13:34,24439.5,562350,553500,4.75,64714875,18225075,32.7,49944525,4034325
08-05-2025 13:34,24440.3,563700,553500,4.7,64658700,18192750,32.9,50127750,3997725
08-05-2025 13:35,24442,563925,551475,4.65,64614900,18288375,32.9,50147625,4084575
08-05-2025 13:35,24442,563925,551850,4.7,64332750,18378075,33.2,50138475,4120050
08-05-2025 13:35,24442,564375,553575,4.55,64436550,18429225,33.7,50173575,4130550
08-05-2025 13:35,24442.1,563700,554100,4.6,64159725,18517575,32.55,50196525,4132725
08-05-2025 13:35,24442.1,564750,554025,4.5,64171125,18477750,33.45,50103900,4157325
08-05-2025 13:35,24442.1,563925,555525,4.5,64147200,18573975,34.15,50314200,4135650
08-05-2025 13:36,24436.4,563850,555450,4,63773775,19035150,35.6,50343375,4150950
08-05-2025 13:36,24438.9,566250,552825,4.1,62926875,18714825,33.9,50251725,3906000
08-05-2025 13:36,24440,565275,553725,4.3,63607050,18393900,34.2,50096025,3951075
08-05-2025 13:36,24440.9,565050,551400,4.2,63773250,18332700,34.25,50124300,4038675
08-05-2025 13:36,24440,565650,551625,4.2,63594900,18623325,33.9,50200725,4061925
08-05-2025 13:36,24440,565125,554475,4.35,64106550,18353925,34.6,50164725,4084800
08-05-2025 13:37,24440,566175,555675,4.25,64211700,18345675,34.6,50354250,4008150
08-05-2025 13:37,24440.1,567375,555150,4.2,64169100,18564825,34.05,50315325,4045350
08-05-2025 13:37,24435,566625,556800,4.05,63885150,19022775,36.5,50404875,4044900
08-05-2025 13:37,24425.1,562875,563850,3.75,63567075,18742200,45.75,50456100,3635175
08-05-2025 13:37,24425.1,557625,556875,3.9,62779050,18460425,42.2,50298600,3052575
08-05-2025 13:37,24424.9,558225,557325,3.85,63085950,18162075,44.3,50109750,3130125
08-05-2025 13:38,24420,534300,556050,3.95,63389550,17902650,51.25,50142975,2975025
08-05-2025 13:38,24413.5,528975,555150,3.9,63625725,17441625,51.05,50037900,2141850
08-05-2025 13:38,24419,533250,553950,3.9,63317100,17471700,47.35,49667625,2319750
08-05-2025 13:38,24411.8,512325,557625,3.9,63398175,17352825,52.95,49567950,2326725
08-05-2025 13:38,24413,512175,553275,3.95,63386100,17376750,55.1,49602075,2208150
08-05-2025 13:38,24407.3,517425,554475,4,63139875,17230425,57.25,49527225,2237550
08-05-2025 13:39,24401,496125,552075,4.1,63435075,16629525,59.5,49523700,2212575
08-05-2025 13:39,24403.7,499500,558975,4,63426825,16425675,57.7,49472475,1718025
08-05-2025 13:39,24395,495600,557250,3.8,62914650,16686600,59.3,49253625,1784175
08-05-2025 13:39,24403,502575,552375,4,62920650,16752525,53.5,49273875,1965075
08-05-2025 13:39,24406.9,507525,547950,4,62921550,16388625,49.85,48877275,2132550
08-05-2025 13:39,24403.9,507300,548625,3.9,62920050,16608375,51.75,48655050,2196300
08-05-2025 13:40,24400,506325,551250,3.8,62952825,16674000,49.4,48730875,2232300
08-05-2025 13:40,24395.3,505725,549300,3.7,62905200,16806375,52.55,48760725,2253600
08-05-2025 13:40,24397.2,501075,548550,3.55,62566050,16907400,52,48913200,2126175
08-05-2025 13:40,24403,503100,549375,3.75,63114675,16826025,48.25,48844425,2234700
08-05-2025 13:40,24400,503250,553425,3.7,63299325,16627275,49.5,48577350,2264325
08-05-2025 13:40,24400,504750,555300,3.6,63239400,16942050,49.9,48637800,2292900
08-05-2025 13:41,24401,504750,559500,3.55,63161325,16909425,51.25,48676650,2308875
08-05-2025 13:41,24398.9,503550,558675,3.6,63166575,16815525,55.1,48736950,2231250
08-05-2025 13:41,24397,502050,558300,3.6,63460425,16669275,58.2,48795525,2113725
08-05-2025 13:41,24393.7,505125,557850,3.65,63577725,16620450,54.75,48754800,2073375
08-05-2025 13:41,24393.2,506025,555225,3.5,63743250,16459200,55.75,48651975,2132475
08-05-2025 13:41,24395.9,506850,555900,3.6,63471075,16461600,54,48675600,2150925
08-05-2025 13:42,24391.7,504975,559275,3.25,63420000,16469025,56.1,48761100,2141625
08-05-2025 13:42,24392.3,506175,559200,3.15,63003900,16511325,55.8,48795150,2114775
08-05-2025 13:42,24399,513300,555600,3.1,62941350,16584075,52.35,48636975,2217825
08-05-2025 13:42,24399,511800,553650,3.25,63184800,16417275,54.5,48566775,2208150
08-05-2025 13:42,24400,510525,553050,3.4,63609375,16085400,54.8,48611100,2263350
08-05-2025 13:42,24398.1,510900,556050,3.35,63589200,15834975,55.5,48609000,2245500
08-05-2025 13:43,24400,512400,557850,3.3,63650775,15891900,55.3,48258300,2146575
08-05-2025 13:43,24398,512550,558075,3.2,63581700,15961950,55.65,48243675,2172750
08-05-2025 13:43,24399.8,513750,562275,3.15,63477300,16164750,55.9,48238425,2234325
08-05-2025 13:43,24395,513150,565125,3.1,63373275,16218225,54.5,48212100,2235150
08-05-2025 13:43,24400,515325,561150,3.15,63358950,16250400,50.95,48154200,2263950
08-05-2025 13:43,24402.9,514575,559125,3.15,63098550,15819150,53.15,47989350,2303175
08-05-2025 13:44,24399.8,513600,559875,3.1,63082350,15830250,53.65,48043425,2326125
08-05-2025 13:44,24397.3,515550,556275,3.2,63499950,15669825,53.7,48048000,2359125
08-05-2025 13:44,24398.9,515475,556650,3.2,63541200,15676875,52.95,48037200,2357925
08-05-2025 13:44,24398,513525,556350,3.1,63545775,15747075,56.25,48081825,2389050
08-05-2025 13:44,24397.4,511950,553500,3.15,63354450,15874275,56.25,48082575,2194800
08-05-2025 13:44,24401.8,510825,555225,3.1,63466800,15671925,56.45,48112500,2228025
08-05-2025 13:45,24392,508575,553425,3,63377550,15982500,58.3,48150300,2212125
08-05-2025 13:45,24397.4,498450,552675,2.9,63002025,16059975,61.5,48187425,2023050
08-05-2025 13:45,24391.3,500775,556650,2.75,62819550,16198575,61.6,48188925,1615875
08-05-2025 13:45,24387.1,499575,557775,2.8,62644875,16203075,59.45,48183525,1712175
08-05-2025 13:45,24396,501450,559350,2.85,62630475,16004100,57.75,47908725,1786200
08-05-2025 13:45,24394.9,503775,559725,2.8,62693025,15770925,54.6,47917575,1865625
08-05-2025 13:46,24400,508350,553200,2.9,62993775,15706650,52.05,47825775,1918425
08-05-2025 13:46,24403.1,510525,552525,3.05,63589875,15533175,53.05,47787375,1897875
08-05-2025 13:46,24404,508200,556275,3.15,63737850,14968200,54.25,47879100,1953525
08-05-2025 13:46,24404.4,508725,556875,3.1,63733800,14839725,55.1,47915625,1985250
08-05-2025 13:46,24405,510075,553575,3.25,64328625,14764650,54.05,47953350,2047800
08-05-2025 13:46,24409,510675,553275,3.25,64284225,14600850,53.15,47807325,2081400
08-05-2025 13:47,24407.9,512025,554625,3.25,64241850,14613675,53,47786025,2062875
08-05-2025 13:47,24414,513675,551400,3.5,64460700,14593650,49.95,47742225,2089500
08-05-2025 13:47,24418.7,514275,555000,3.8,64451325,14458275,47.15,47492475,2138325
08-05-2025 13:47,24422,515100,544275,3.95,64599225,14241225,44.9,47342025,2195925
08-05-2025 13:47,24420.9,512475,552075,3.9,64606800,13923225,46.2,47252550,2204475
08-05-2025 13:47,24422.7,514650,552975,4.25,64864950,13748100,45.1,47339775,2171550
08-05-2025 13:48,24415.6,514425,557325,4.05,64815225,13620450,46.35,47537175,2177475
08-05-2025 13:48,24415,514350,549450,3.65,63925050,14274750,47.05,47585175,2249625
08-05-2025 13:48,24410.2,513750,553125,3.4,63433500,14478675,47.65,47680950,2246400
08-05-2025 13:48,24412.9,511575,553875,3.3,63363750,14714775,48.35,47805750,2249100
08-05-2025 13:48,24410,513225,556575,3.5,63989625,14522850,47.1,47833425,2244600
08-05-2025 13:48,24415.2,516975,552075,3.95,64277025,14272575,43.1,47736375,2304750
08-05-2025 13:49,24419,517350,556800,3.85,64325475,14338125,45.4,47563425,2287875
08-05-2025 13:49,24415,520500,554850,3.95,64666875,14489400,46.9,47647500,2318925
08-05-2025 13:49,24412.8,522375,550875,3.85,64599150,14524575,45.9,47694900,2262300
08-05-2025 13:49,24420.4,522525,554025,3.9,64716000,14615550,45,47708025,2319150
08-05-2025 13:49,24410.8,519300,553500,3.9,64435500,14745450,45.1,47754225,2334075
08-05-2025 13:49,24419.8,520875,555225,4,64439775,14782125,44.35,47795925,2345325
08-05-2025 13:50,24417,520575,553275,3.75,64294950,15134925,46.75,47849400,2325900
08-05-2025 13:50,24414,521775,553350,3.75,64063500,15266775,46.5,47899950,2294025
08-05-2025 13:50,24412.2,520875,554700,3.6,64040325,15394875,47.2,47875575,2277975
08-05-2025 13:50,24413.4,521850,556800,3.9,64211100,15570750,46.65,47903550,2226375
08-05-2025 13:50,24412,519150,557475,3.6,64269975,15280650,48.55,47889375,2235600
08-05-2025 13:50,24409.5,519300,557325,3.65,64055250,15440100,47.75,47830650,2192850
08-05-2025 13:51,24408.9,520575,558375,3.4,63942900,15591000,48.9,47843100,2182350
08-05-2025 13:51,24400.8,518100,558150,3.1,63755775,16036350,52.2,47927175,2156400
08-05-2025 13:51,24401.5,519750,555750,3.15,63716550,15969600,51.65,47944125,1969050
08-05-2025 13:51,24400,516675,554925,3.15,63613125,16105575,54.8,47996475,1970100
08-05-2025 13:51,24396,514950,556350,3.1,63588750,15831300,54.95,48002175,1891725
08-05-2025 13:51,24396.1,516825,557325,3.1,63825750,15906750,55,47954775,1888500
08-05-2025 13:52,24399,518175,556575,3.3,64296300,15544125,52.7,47854875,1927650
08-05-2025 13:52,24398.9,518325,561900,3.4,64574625,15400725,55,47794125,1913475
08-05-2025 13:52,24396.1,516825,559275,3.25,64394850,15512925,57.9,47823525,1940325
08-05-2025 13:52,24395,516075,559500,3.55,64857675,15321450,57.15,47801100,1748325
08-05-2025 13:52,24395,516150,559950,3.4,64597800,15571725,57.55,47737200,1772850
08-05-2025 13:52,24397,516000,559275,3.4,64212225,15513975,57.05,47699550,1850775
08-05-2025 13:53,24394.9,520350,558825,3.4,64284750,15578025,56.05,47637900,1923075
08-05-2025 13:53,24399,523950,558600,3.3,63950625,15751425,56.15,47622150,1936500
08-05-2025 13:53,24397.3,525825,560700,3.35,64297725,15684075,55.6,47595675,1880100
08-05-2025 13:53,24404.8,525000,560325,3.3,64260300,15603825,56.5,47558700,1934025
08-05-2025 13:53,24400,525525,560100,3.25,64164750,15685200,56.95,47577825,1951500
08-05-2025 13:53,24396,525825,563250,3.15,63890625,15828150,57.9,47619600,1896075
08-05-2025 13:54,24395.3,524925,561900,3.2,64043475,15748875,56.7,47577900,1939650
08-05-2025 13:54,24396,526200,561675,3.25,64111800,15706950,57.55,47538450,1939425
08-05-2025 13:54,24395,523275,562050,3.2,64289625,15747150,57.15,47537475,1896075
08-05-2025 13:54,24393.1,525750,562125,3.3,64325625,15669000,56.85,47520900,1883625
08-05-2025 13:54,24394.2,528450,562875,3.2,64319475,15804225,55.4,47510850,1992225
08-05-2025 13:54,24394.5,529500,562275,3.3,64445625,15739200,56.75,47456325,2025600
08-05-2025 13:55,24396,530775,562050,3.35,64484250,15541050,56.7,47423175,2015325
08-05-2025 13:55,24394.5,531000,561900,3.25,64414275,15721350,56.5,47442150,2016600
08-05-2025 13:55,24393.7,529875,561150,3.25,64204125,15690375,57.35,47460075,2008575
08-05-2025 13:55,24395,528300,561750,3.25,64150575,15815775,58.25,47488950,1976850
08-05-2025 13:55,24393.8,530025,562350,3.15,64071000,15697275,59,47484000,1950000
08-05-2025 13:55,24392.1,527625,561375,3.3,64123350,15690900,57.55,47508000,1884375
08-05-2025 13:56,24392.2,527175,562950,3.2,64206000,15561075,58.15,47436900,1898700
08-05-2025 13:56,24393,523650,567300,3.2,64166550,15719250,61.2,47464200,1911075
08-05-2025 13:56,24384,521475,569925,3.15,64138050,15747975,64.9,47497650,1641300
08-05-2025 13:56,24389.9,524100,565500,3.05,63545025,15633150,62.6,47483475,1606500
08-05-2025 13:56,24384.4,524325,564450,3.05,63315075,15510225,61.25,47392725,1665225
08-05-2025 13:56,24385,522750,565425,3.05,63557625,15698700,63.7,47451525,1705350
08-05-2025 13:57,24387.1,523575,564900,3.1,63546750,15677625,63,47454225,1614225
08-05-2025 13:57,24382,522225,568575,2.8,63447675,16082625,63.7,47703300,1649175
08-05-2025 13:57,24381.2,517425,568725,2.6,62480475,16131300,62.25,47709450,1698000
08-05-2025 13:57,24381.1,513900,566850,2.7,62820300,15816675,62.5,47559900,1755825
08-05-2025 13:57,24381.9,512400,564525,2.75,63070125,15658050,62.35,47460825,1789125
08-05-2025 13:57,24386.4,516675,563100,2.8,63514125,15425325,59.05,47353200,1809375
08-05-2025 13:58,24389.4,517875,559800,2.8,63605550,15343275,58,47092275,1834125
08-05-2025 13:58,24393.6,521550,558375,2.9,63790275,15321225,56.5,47026350,1851225
08-05-2025 13:58,24394,520725,558600,2.9,64057800,15280350,57.5,47077125,1854450
08-05-2025 13:58,24391.2,522075,560925,2.95,64231575,15289575,59.75,47183100,1823925
08-05-2025 13:58,24390,523200,564300,2.9,64173600,15158325,59.5,47212650,1830150
08-05-2025 13:58,24387.9,522600,565725,2.95,64024725,15119925,60.8,47234325,1862400
08-05-2025 13:59,24387.9,523650,567300,2.9,64228800,15023625,61.65,47251125,1882800
08-05-2025 13:59,24386.8,525825,567150,2.85,64044375,15214350,60,47254800,1892925
08-05-2025 13:59,24387,527475,564825,2.95,63912975,15186300,60.1,47220525,1968075
08-05-2025 13:59,24390,528000,564300,2.9,63775200,15172575,57.9,47210325,2011800
08-05-2025 13:59,24389,528150,561750,2.85,63827400,15229800,59.95,47187675,1997025
08-05-2025 13:59,24390,525375,563325,2.8,63870675,15187875,59.6,47242350,1990500
08-05-2025 14:00,24388.6,523425,563775,2.85,63707475,15323400,59.9,47246625,2015175
08-05-2025 14:00,24385.2,522600,563700,2.9,63678150,15411825,59.7,47273850,2023275
08-05-2025 14:00,24386.6,521550,564300,2.9,63640725,15276375,59.35,47258775,2054475
08-05-2025 14:00,24385.1,523800,564750,2.85,63571275,15312750,59.65,47290725,2041650
08-05-2025 14:00,24391.8,523200,563700,2.85,63618450,15236025,59.35,47301300,2025525
08-05-2025 14:00,24385.4,522075,563700,2.9,63572925,15160050,58.65,47312775,2056575
08-05-2025 14:01,24390,525975,563475,2.85,63705075,15235275,57.65,47290875,2065650
08-05-2025 14:01,24386.2,524325,564375,2.8,63520350,15254850,58.95,47271975,2071125
08-05-2025 14:01,24386.3,524775,565725,2.9,63661575,15254025,58.85,47271375,2081550
08-05-2025 14:01,24388.5,526650,564225,2.8,63544500,15314400,59.2,47296500,2046900
08-05-2025 14:01,24390,525600,565950,2.7,62973225,15500325,58.3,47303175,2041650
08-05-2025 14:01,24391,530025,563325,2.8,63154200,15569475,55.3,47256675,2064450
08-05-2025 14:02,24393.7,529350,562050,2.85,63405000,15501375,56.25,46958925,2078625
08-05-2025 14:02,24390.8,531000,562275,2.7,63331350,15757425,56.9,47026875,2082525
08-05-2025 14:02,24395,534900,562275,2.6,63042525,15985950,55.4,47021025,2117400
08-05-2025 14:02,24395,534675,561975,2.35,62372175,16107825,59.05,47049225,2100525
08-05-2025 14:02,24394.4,530025,564750,2.15,62210475,16217400,60.1,46825800,2004225
08-05-2025 14:02,24393,532500,563250,2.1,61661925,16192575,58.45,46822800,1934625
08-05-2025 14:03,24393.8,535350,562350,2.35,62073825,16254975,57.8,46785225,1985625
08-05-2025 14:03,24395,536025,561750,2.4,62329950,15361050,56.55,46775475,2029200
08-05-2025 14:03,24394.3,536325,561225,2.35,62586675,15262050,56.9,46804275,2054025
08-05-2025 14:03,24396.3,537300,563475,2.4,62614050,15350850,55.95,46785975,2089275
08-05-2025 14:03,24395.1,536925,562800,2.4,62891625,15075600,55.4,46839825,2128575
08-05-2025 14:03,24398,536100,562050,2.4,62826900,15244725,55.55,46697700,2130300
08-05-2025 14:04,24395,534825,563175,2.25,62608350,15436575,57.55,46746150,2094675
08-05-2025 14:04,24395,531675,564750,2.25,62020950,15790275,57.1,46788900,2092800
08-05-2025 14:04,24395.6,531150,565950,2.15,62163600,15944250,59.15,46803975,2125350
08-05-2025 14:04,24393,528975,566025,2.2,61685175,15938250,58.35,46829400,2004900
08-05-2025 14:04,24396,529500,565275,2.15,62019750,15468450,58.4,46822875,2105700
08-05-2025 14:04,24392,527250,567450,2.15,61976925,15499950,59.35,46888350,2091150
08-05-2025 14:05,24391,527325,567150,2.2,62003025,15495375,58.5,46919025,2122125
08-05-2025 14:05,24388.3,525975,568425,2.1,61866675,15643575,58.75,46929525,2135850
08-05-2025 14:05,24390,527025,568425,2.1,62540325,15659700,57.5,46920150,2140650
08-05-2025 14:05,24392,527700,567975,2.2,63110400,15419175,56.8,46867050,2154525
08-05-2025 14:05,24390.2,527925,567150,2.3,63714375,15246525,57.05,46834950,2145750
08-05-2025 14:05,24391.1,527925,566100,2.25,63594675,14865750,57.45,46814775,2148525
08-05-2025 14:06,24391.1,528450,566925,2.25,63359025,15200475,57.85,46818150,2133750
08-05-2025 14:06,24389.9,528600,569100,2.2,63419550,15162675,57.9,46842450,2132925
08-05-2025 14:06,24388,528375,569625,2.1,63065325,15755325,58.85,46855275,2155050
08-05-2025 14:06,24386.5,526125,569475,2,62667225,15784800,58.65,46868100,2107200
08-05-2025 14:06,24388,529800,569775,2,62898675,15685050,57.35,46877100,2121075
08-05-2025 14:06,24394,526950,568725,2.05,63070425,15351375,55.8,46796550,2097525
08-05-2025 14:07,24392.8,526425,568950,2.05,63372075,15535650,56.2,46716825,2116950
08-05-2025 14:07,24393,526950,571425,1.95,63730125,15533625,56.25,46762350,2155200
08-05-2025 14:07,24387.8,527475,571050,1.95,63935925,15489750,56.55,46791000,2182500
08-05-2025 14:07,24392,528000,570600,2.05,63958425,15463200,53.7,46777275,2191050
08-05-2025 14:07,24392,527100,571125,2,63989250,15332025,55.15,46559925,2189625
08-05-2025 14:07,24393.9,526125,568500,1.95,64008600,15651825,53.85,46578000,2247150
08-05-2025 14:08,24390,525450,570600,1.9,64154325,15647700,55.15,46617675,2231475
08-05-2025 14:08,24392.5,525150,572475,1.85,63733800,15793725,54.35,46641975,2265450
08-05-2025 14:08,24387.1,524400,570975,1.85,63827325,15743925,55.3,46637925,2285325
08-05-2025 14:08,24387.9,526050,570900,1.75,63538500,16100250,54.05,46647075,2299575
08-05-2025 14:08,24385,525525,570750,1.65,63003375,16019700,55.95,46673250,2300925
08-05-2025 14:08,24385,524400,570900,1.6,62838900,16108125,56.7,46746825,2161575
08-05-2025 14:09,24381.1,522750,570975,1.6,63430050,15628875,58.8,46781325,2100825
08-05-2025 14:09,24381.5,520800,571950,1.6,63855075,15831750,62,46704900,1933425
08-05-2025 14:09,24376,512775,569775,1.55,63786450,15595875,63.4,46640325,1700700
08-05-2025 14:09,24377,520200,569550,1.5,62891625,16109250,61.5,46574700,1701525
08-05-2025 14:09,24378,520425,570225,1.5,63230775,15904425,61.5,46570350,1773375
08-05-2025 14:09,24380,519975,569550,1.55,63561600,15412350,62.3,46523925,1797525
08-05-2025 14:10,24380,522075,569325,1.55,63722550,15422025,62,46562025,1822125
08-05-2025 14:10,24377,522975,569475,1.55,63855750,15350550,61.85,46523100,1851825
08-05-2025 14:10,24377,518700,569475,1.55,64243425,15675900,63.05,46604700,1798350
08-05-2025 14:10,24376,520875,573750,1.5,63883575,15511350,62.5,46604250,1783425
08-05-2025 14:10,24375,521475,573300,1.4,63488325,16112700,62.35,46577475,1838100
08-05-2025 14:10,24373.2,518175,573675,1.35,62703600,16049775,62.4,46637325,1839375
08-05-2025 14:11,24372.6,520875,574050,1.35,63394650,15968850,60.3,46603200,1877325
08-05-2025 14:11,24373.1,520125,572850,1.45,63998325,15221775,61.85,46457700,1848450
08-05-2025 14:11,24372,520275,573300,1.35,63650925,15531075,62.15,46480275,1898025
08-05-2025 14:11,24372,519600,565500,1.4,63679875,15882675,62.3,46357875,1924200
08-05-2025 14:11,24370.8,520575,566775,1.3,63591600,16180500,61.8,46379700,1920450
08-05-2025 14:11,24370,521625,568800,1.3,63438675,16082925,62.55,46381950,1934400
08-05-2025 14:12,24367,516150,570450,1.3,63505125,16059825,65.5,46428075,1893375
08-05-2025 14:12,24370,510825,569700,1.35,64173600,15525600,65,46443975,1611300
08-05-2025 14:12,24360,510525,574425,1.4,64145850,15498975,70.2,46485825,1620150
08-05-2025 14:12,24360,487125,567750,1.4,64855050,15025800,68.9,46524450,1391025
08-05-2025 14:12,24360.2,486525,567825,1.35,64452000,14980800,69.75,46455675,1447800
08-05-2025 14:12,24356.6,486600,568575,1.4,64396800,15277800,70.95,46472025,1476150
08-05-2025 14:13,24356,482100,571575,1.35,64825350,15148875,70.15,46462875,1496775
08-05-2025 14:13,24360,486075,569700,1.35,64145325,15539175,68.95,46403325,1557525
08-05-2025 14:13,24366.5,486600,569850,1.35,63956250,15652725,67,46282125,1636050
08-05-2025 14:13,24363.4,486075,569400,1.3,63771900,15550650,68.2,46176075,1581750
08-05-2025 14:13,24359.1,483000,567750,1.3,63923775,15352575,68.1,46254000,1600125
08-05-2025 14:13,24358,482550,566550,1.25,63872100,15614475,68.3,46288650,1622325
08-05-2025 14:14,24359,477225,567000,1.2,63972000,15734025,69.65,46305300,1670700
08-05-2025 14:14,24357.1,478425,566175,1.25,63796800,15924750,68,46308000,1737150
08-05-2025 14:14,24355.1,480450,567825,1.25,63973575,15336900,68.45,46263375,1750800
08-05-2025 14:14,24360,476850,567300,1.25,63766200,15649125,68.5,46301925,1754775
08-05-2025 14:14,24360,476925,565275,1.2,63995475,15668850,68,46308450,1791750
08-05-2025 14:14,24356.7,476850,565500,1.2,63907950,15606525,68.6,46292775,1809675
08-05-2025 14:15,24356,475725,565350,1.15,63442500,15717375,68.55,46303125,1789500
08-05-2025 14:15,24355,467325,565575,1.15,63431775,15605700,68.25,46259325,1768425
08-05-2025 14:15,24359.8,496725,564600,1.2,63866625,15383100,67.25,46206675,1794300
08-05-2025 14:15,24363.9,500025,562275,1.15,63979875,15356100,65.2,46026375,1824900
08-05-2025 14:15,24360.1,613650,567450,1.2,64299375,15169725,66,45921525,1748700
08-05-2025 14:15,24364.6,614925,564375,1.15,64484475,15153300,64.25,45916350,1789425
08-05-2025 14:16,24364.8,612825,564975,1.15,64472850,15124575,64.1,45898500,1793400
08-05-2025 14:16,24361,613425,564000,1.2,64176000,15450300,63.7,45926100,1797900
08-05-2025 14:16,24364.6,614775,564075,1.15,65162475,15015525,62.3,45869325,1805175
08-05-2025 14:16,24363.2,614175,564750,1.15,65145225,14677725,61,45861675,1811925
08-05-2025 14:16,24363,614925,561525,1.15,65069700,14779950,61,45759825,1808175
08-05-2025 14:16,24361.7,613950,562200,1.15,65482725,14625150,60.4,45814350,1831800
08-05-2025 14:17,24363.4,616275,568575,1.25,65502750,14601150,59.5,45810075,1882200
08-05-2025 14:17,24368,617550,566550,1.25,66040350,14328900,58.75,45828975,1981200
08-05-2025 14:17,24370,619800,561825,1.35,67151475,13805325,57.9,45764100,1987500
08-05-2025 14:17,24370,619800,558750,1.45,67262100,13746675,58.6,45834300,1967550
08-05-2025 14:17,24373.5,620850,559425,1.45,67332000,13511925,56.8,45859800,1950300
08-05-2025 14:17,24374.6,622950,557475,1.55,67855800,13515300,56,45781200,1935525
08-05-2025 14:18,24382.1,621450,558975,1.55,68181300,13477500,56.3,45788775,1936875
08-05-2025 14:18,24378.5,623025,559125,1.7,68713875,13235700,55.55,45791700,1930800
08-05-2025 14:18,24381.7,623925,559650,1.8,69196200,12869550,56.55,45778275,1964250
08-05-2025 14:18,24379.1,626400,562350,1.8,68897250,12797550,56.4,45933900,1901625
08-05-2025 14:18,24382,624750,566175,1.55,68528475,13478850,58.05,45952050,1931175
08-05-2025 14:18,24375.1,622500,568200,1.65,67872900,13439925,58.55,46030500,1888875
08-05-2025 14:19,24379,620475,568050,1.8,68174625,13063950,57.65,46058400,1920150
08-05-2025 14:19,24375.5,622500,567150,1.8,68178300,13001550,57.5,46083000,1926900
08-05-2025 14:19,24373.5,622125,567600,1.8,68287125,12995775,56.75,46078725,1854825
08-05-2025 14:19,24375.9,621750,570375,1.6,67704300,13349850,59.4,46123275,1837500
08-05-2025 14:19,24368.1,619950,574125,1.4,67308600,14215575,62.25,46178325,1675575
08-05-2025 14:19,24366.2,618450,570900,1.45,66833100,14190000,61.85,46168575,1684650
08-05-2025 14:20,24368.5,620475,567825,1.6,67407450,13738425,59,46150500,1806375
08-05-2025 14:20,24368.9,621600,565500,1.75,67598175,13378500,60.25,46037325,1827450
08-05-2025 14:20,24375.3,620025,561975,1.75,67835925,13120725,60.35,46055625,1846875
08-05-2025 14:20,24370.6,621450,562350,1.8,67914225,12968625,59.05,46031925,1894275
08-05-2025 14:20,24372,621150,566100,1.65,67833000,13442475,61,46045500,1882875
08-05-2025 14:20,24368.1,620100,565875,1.75,67636875,13451325,61.3,46053075,1857750
08-05-2025 14:21,24366.7,622050,565350,1.65,67605375,13328025,60.55,46044150,1955025
08-05-2025 14:21,24370.6,619800,565425,1.6,67412625,13694400,61.25,46080525,1949100
08-05-2025 14:21,24368,622275,568950,1.5,67184625,14340675,60.5,46080900,1938450
08-05-2025 14:21,24368.1,623550,567975,1.5,66638925,14344050,59.9,46022775,1976625
08-05-2025 14:21,24370,627450,567150,1.5,66899400,14045625,59.85,46073850,1998900
08-05-2025 14:21,24370,627525,565500,1.55,67084500,13996800,58.7,46087050,2015400
08-05-2025 14:22,24368.8,628125,564225,1.55,67455375,13696800,59.25,46058700,1952475
08-05-2025 14:22,24374.9,630600,562950,1.55,67288950,13796550,57.4,46040550,2038800
08-05-2025 14:22,24374.9,631275,559350,1.75,68041350,13477950,56.55,45940125,2040525
08-05-2025 14:22,24379,631875,560850,1.75,68010300,13321350,55.3,45903000,2001150
08-05-2025 14:22,24379.5,631200,559725,1.7,68049825,13276350,56.4,45973125,1976025
08-05-2025 14:22,24379.5,630450,560775,1.6,67885125,13412700,56.5,46007400,1939500
08-05-2025 14:23,24379.5,631050,561600,1.65,67624125,13591125,55.65,46040250,1937850
08-05-2025 14:23,24378,631425,563175,1.7,67759500,13453950,56.1,46048200,1961025
08-05-2025 14:23,24377,631650,595350,1.55,67442925,13954500,57.85,46136775,1935600
08-05-2025 14:23,24377,633525,596250,1.6,67495725,13917900,56.6,46127475,1945950
08-05-2025 14:23,24379.6,633075,595350,1.65,67646625,13657050,57,46112325,1977975
08-05-2025 14:23,24379.6,631950,595500,1.6,67732275,13699500,57.3,46159050,1972275
08-05-2025 14:24,24376.7,631350,591975,1.5,67512375,13897425,58.9,46176225,1957725
08-05-2025 14:24,24376.5,633075,591225,1.55,67529175,14075325,58.3,46207125,1857825
08-05-2025 14:24,24375.2,631875,590475,1.6,67613250,14061000,59.35,46067100,1888350
08-05-2025 14:24,24375.2,632475,590625,1.55,67405875,14382750,58.15,46080750,1898325
08-05-2025 14:24,24378.5,632775,591675,1.55,67492725,14306925,57.6,46133325,2011950
08-05-2025 14:24,24375,633300,591075,1.55,67338075,14295300,58.8,46150500,1927050
08-05-2025 14:25,24375.9,632625,591150,1.7,67921125,14437725,57.5,46174875,1895850
08-05-2025 14:25,24379,636450,590700,1.7,68214750,13777950,56.3,46114650,1930725
08-05-2025 14:25,24378,634500,592350,1.6,68004525,13750725,58.25,45979800,1941975
08-05-2025 14:25,24371.2,630525,594750,1.6,67313400,14250675,59.55,45970425,1883475
08-05-2025 14:25,24371.4,631350,593775,1.65,67607400,13879125,58.05,45961650,1904625
08-05-2025 14:25,24374.9,633225,592575,1.6,67613625,14031450,57.5,45911850,1933875
08-05-2025 14:26,24376.1,634050,591675,1.65,67582875,13956675,55.9,45912300,1973400
08-05-2025 14:26,24377,634425,592350,1.65,67585425,13926375,56.5,45852600,1966425
08-05-2025 14:26,24378.2,634875,595950,1.65,67628550,13822200,57.2,45893100,1987050
08-05-2025 14:26,24377.9,635175,593025,1.6,67639425,13904250,56.95,45897075,2037000
08-05-2025 14:26,24375.1,635850,591900,1.55,67582650,14195700,57.1,45921000,2047575
08-05-2025 14:26,24373.3,635625,594075,1.55,67200675,14541525,57.05,45954825,2026875
08-05-2025 14:27,24378,636975,595125,1.6,67394850,14167425,57.6,45930825,2031975
08-05-2025 14:27,24378.7,636525,592050,1.65,67430025,14120475,56,45927375,2050725
08-05-2025 14:27,24381.9,638700,591750,1.65,67546800,13851000,52.5,45624525,2069400
08-05-2025 14:27,24384.3,640275,587850,1.65,67743750,13697475,50.4,45410250,2023050
08-05-2025 14:27,24386,642375,588900,1.7,67871700,13631625,50.15,45291600,2019075
08-05-2025 14:27,24386.9,640725,589950,1.8,68278650,13269975,48.6,45287850,2012775
08-05-2025 14:28,24392.2,642150,585075,2.05,68691975,12965700,43.45,45276975,2057925
08-05-2025 14:28,24390.3,642450,584175,2.1,68888850,12735300,45.7,45219450,2033700
08-05-2025 14:28,24380,639600,587700,2.05,68721225,12736275,47.95,45392850,1879500
08-05-2025 14:28,24385,639000,588300,2.1,68772450,12729825,45.7,45414375,1973625
08-05-2025 14:28,24390,640575,592200,2.1,68764275,12631200,44.85,45351450,2023200
08-05-2025 14:28,24390,640425,593925,2.1,68695425,12790125,44.35,45482400,2061075
08-05-2025 14:29,24390,639375,594750,2,68837850,12744600,47,45561900,2064225
08-05-2025 14:29,24385.7,641175,597000,2.05,68880150,12934950,46.2,45679425,2020200
08-05-2025 14:29,24391.2,642525,596325,2.3,69026175,12741150,44,45627150,2114175
08-05-2025 14:29,24391.7,643050,597075,2.25,68906550,12644325,46,45648900,2121300
08-05-2025 14:29,24390,642900,598275,2.35,69094500,12723375,45.85,45736500,2090025
08-05-2025 14:29,24389.9,642225,600150,2.1,69015075,12975900,47.15,45809625,2116800
08-05-2025 14:30,24392,642450,599400,2.4,69007800,13257225,44,45810900,2095650
08-05-2025 14:30,24391.8,643725,592125,2.65,69293850,12501225,44.1,45649575,2132925
08-05-2025 14:30,24393,644850,595575,2.75,69050775,12584775,44.2,45795600,2064600
08-05-2025 14:30,24393.2,644850,595275,2.75,69543150,12755325,44.45,45853275,2089575
08-05-2025 14:30,24388,647700,595275,2.15,69358125,13367550,45.9,45926775,2052900
08-05-2025 14:30,24388.1,647100,595725,2.1,68068200,13756275,46.8,45963675,2040975
08-05-2025 14:31,24388,644475,598350,1.75,67586025,14181450,48.6,46069275,2006400
08-05-2025 14:31,24388,644625,597675,1.95,67486050,14018400,47.9,46077450,1910700
08-05-2025 14:31,24389,644925,598575,2,67825050,13541475,47.15,46055625,1986225
08-05-2025 14:31,24391.4,647550,597675,2.05,68091600,13559250,45.25,46031850,2048250
08-05-2025 14:31,24387.1,647850,597000,2.25,68344125,13211175,44.7,45872775,2049150
08-05-2025 14:31,24392.6,647700,599100,2.35,68659200,13171725,45.55,45935775,2057625
08-05-2025 14:32,24393.8,648675,595725,2.35,68748525,13190700,44.6,45918375,2074350
08-05-2025 14:32,24395,650025,594900,2.3,68954775,13270500,44.7,45894150,2094525
08-05-2025 14:32,24394.9,650700,593700,2.2,68747175,13518450,45.85,45965025,2078475
08-05-2025 14:32,24394.9,649500,593400,2.2,68437875,13850700,45.55,46036425,2067750
08-05-2025 14:32,24392,650550,594225,2.1,68736225,13815450,46.35,46206900,2084550
08-05-2025 14:32,24392,650025,594900,2.2,68392875,14211825,45.75,46206150,2098950
08-05-2025 14:33,24390,649875,594600,2.05,68545950,14368500,46.75,46141800,2117175
08-05-2025 14:33,24389.2,650250,594075,1.9,68237850,14856975,46.55,46159950,2057250
08-05-2025 14:33,24393.6,652050,593925,2.05,68342850,14620800,44.9,46135575,2085450
08-05-2025 14:33,24394,652275,596550,2,68147250,14831550,45.35,46038975,2108025
08-05-2025 14:33,24393.8,651975,595125,2.05,68470425,14484675,44.5,46034775,2162400
08-05-2025 14:33,24393.3,651600,596250,1.95,67979925,14935575,46.4,46093050,2140575
08-05-2025 14:34,24392,650400,599025,1.6,67949100,15655200,47.35,46180875,2174250
08-05-2025 14:34,24390,650325,605100,0.9,66291825,16840500,48.85,46197525,2092575
08-05-2025 14:34,24383.2,646800,610050,1,63720150,16310550,52.05,46259850,1882200
08-05-2025 14:34,24379.3,645225,607575,0.95,63270225,15800850,52.6,46245300,1685025
08-05-2025 14:34,24378.1,644625,608925,1,63368475,15429375,52.05,46154175,1764225
08-05-2025 14:34,24376.2,646200,606900,0.95,63252975,15424200,52.05,46073100,1782150
08-05-2025 14:35,24378,646125,608250,0.8,63253800,15569925,53.45,46009875,1822725
08-05-2025 14:35,24376.1,646050,609900,0.8,62337975,16034025,53.7,46044525,1806225
08-05-2025 14:35,24379,646500,609675,0.7,61903050,16205100,54.55,46090200,1826625
08-05-2025 14:35,24379,648225,608625,0.75,61692225,16053525,52.4,46164750,1852575
08-05-2025 14:35,24380.2,650700,605175,0.8,62580525,15247575,52.4,45849300,1879275
08-05-2025 14:35,24384,652875,601125,0.85,63900150,14897400,50.5,45820125,1926225
08-05-2025 14:36,24383.4,652050,601800,0.85,64312350,14752200,51.05,45733800,1956975
08-05-2025 14:36,24383.7,651975,602025,0.8,64246425,14944275,52.9,45732300,1945800
08-05-2025 14:36,24383.7,652050,602700,0.8,64897575,15037800,51.65,45710625,1914600
08-05-2025 14:36,24384,652650,605325,0.8,64521000,15339075,51.8,45768525,1916025
08-05-2025 14:36,24385,653325,607350,0.8,64852125,15825975,52.4,45803325,1910475
08-05-2025 14:36,24385,655050,603975,0.85,65270175,15630975,51.2,45772200,1939425
08-05-2025 14:37,24387.8,654375,605250,0.8,65164575,15675300,50,45775200,2001825
08-05-2025 14:37,24386.8,651975,608325,0.85,66171225,15028950,50.3,45668625,2013750
08-05-2025 14:37,24385.8,651525,609075,0.8,65752725,15552975,51.3,45736350,2000325
08-05-2025 14:37,24380.9,652500,609450,0.75,65424000,15873450,51,45762075,2007075
08-05-2025 14:37,24379.9,653100,609075,0.75,65003550,16018800,53.5,45805875,2035800
08-05-2025 14:37,24380,650550,608325,0.7,64137300,16094025,52.15,45828750,1905375
08-05-2025 14:38,24376.4,650250,610200,0.75,64073625,16068450,55.45,45904425,1907550
08-05-2025 14:38,24378,646350,609225,0.65,63482625,16313475,54.5,45934575,1657575
08-05-2025 14:38,24376.1,647925,608100,0.65,63909000,16124400,54.35,45873750,1697100
08-05-2025 14:38,24376.7,651225,603900,0.65,64362450,16153275,53.35,45906750,1773000
08-05-2025 14:38,24380,650925,605400,0.6,64233000,16863300,54.4,45634800,1768275
08-05-2025 14:38,24381.4,650925,600900,0.65,64064325,16707900,54.15,45639375,1790700
08-05-2025 14:39,24385.9,652725,600525,0.65,65794050,16517700,51.95,45636225,1847100
08-05-2025 14:39,24380.4,653925,604725,0.6,65931000,15589950,52,45456450,1866000
08-05-2025 14:39,24383,652950,604875,0.65,65910000,15589875,54.35,45558825,1861575
08-05-2025 14:39,24378,652200,606075,0.7,66779400,15232200,54,45557325,1812150
08-05-2025 14:39,24382.2,652350,604725,0.7,67048800,15001500,53.25,45561525,1908825
08-05-2025 14:39,24380,651450,608925,0.7,67011300,15015450,53.85,45579450,1905225
08-05-2025 14:40,24382,652875,605250,0.7,67111875,14954700,53.4,45590100,1919775
08-05-2025 14:40,24381.8,653625,603675,0.65,67386600,15003975,53.85,45605925,1918575
08-05-2025 14:40,24376,651525,603600,0.7,67359225,15120150,54.95,45617325,1880700
08-05-2025 14:40,24376.6,649575,606150,0.65,67143825,15263925,54,45551325,1888650
08-05-2025 14:40,24376,649575,604200,0.65,67333050,15302475,53.9,45525975,1901925
08-05-2025 14:40,24378.8,649725,605625,0.65,67564125,15299625,54.9,45496650,1907100
08-05-2025 14:41,24375.6,648750,607500,0.65,67337775,15286125,56.05,45506100,1892250
08-05-2025 14:41,24372.5,647400,609225,0.65,67588050,15711000,56.9,45540225,1709250
08-05-2025 14:41,24371.2,647475,607125,0.6,66974850,15898575,57.5,45543600,1681425
08-05-2025 14:41,24373.9,645300,605850,0.65,66728775,16147275,56.45,45541575,1663650
08-05-2025 14:41,24374,644700,605100,0.6,66501600,15674850,55.65,45423075,1749150
08-05-2025 14:41,24375,645825,603525,0.6,67061775,15558375,55,45411825,1809375
08-05-2025 14:42,24379.5,647850,603975,0.65,67155525,15850050,54.55,45445800,1827600
08-05-2025 14:42,24379.5,648375,606150,0.6,67022175,15879750,54.5,45357150,1827600
08-05-2025 14:42,24379.1,647325,611175,0.55,66394425,16887375,55.95,45383850,1784475
08-05-2025 14:42,24375,647625,608325,0.55,66535275,16741350,55.6,45378975,1896075
08-05-2025 14:42,24372.1,646500,606300,0.6,66851475,16620000,54.5,45376500,1948500
08-05-2025 14:42,24372.8,647100,607875,0.6,67252275,16262100,55.1,45364125,1973025
08-05-2025 14:43,24373.4,648450,604425,0.6,67257300,16274550,55,45185925,1870950
08-05-2025 14:43,24375,647775,604200,0.55,67537575,16377150,54.4,45212625,1986300
08-05-2025 14:43,24372,648450,607050,0.5,67516800,16991325,55.3,45191625,1997550
08-05-2025 14:43,24372.1,649950,607050,0.5,67226325,17310825,56,45204675,1943850
08-05-2025 14:43,24372,650025,608700,0.5,67004025,16986075,56.2,45234075,1894650
08-05-2025 14:43,24372.2,651000,608175,0.55,67464150,16953300,54.55,45230775,1902300
08-05-2025 14:44,24373.2,650700,609675,0.55,68571000,16719375,55.9,45202050,1912350
08-05-2025 14:44,24374.9,649500,607950,0.5,68392500,16714125,55.9,45229800,1800450
08-05-2025 14:44,24369,649350,608025,0.5,68400750,16770375,56.2,45222900,1836750
08-05-2025 14:44,24372.4,650025,605400,0.5,68329200,16884375,55.45,45210150,1854750
08-05-2025 14:44,24372.4,649575,608850,0.5,68930625,16875000,55.6,45255825,1866900
08-05-2025 14:44,24372.4,648750,607125,0.55,68962650,16950900,55.2,45229650,1861650
08-05-2025 14:45,24373.1,647925,605775,0.55,70056975,16909050,56.7,45195300,1885875
08-05-2025 14:45,24371.1,648000,605625,0.55,69989100,16541475,56.6,45169875,1810425
08-05-2025 14:45,24371.1,648975,605475,0.55,70408875,16347975,56.65,45209700,1832700
08-05-2025 14:45,24370.8,647925,604500,0.5,70527300,16185150,57.15,45216225,1831275
08-05-2025 14:45,24370,648150,605250,0.55,70966350,16185000,58.05,45220500,1815075
08-05-2025 14:45,24366.9,647475,607650,0.55,71108700,16154700,61.1,45276825,1731675
08-05-2025 14:46,24363.8,643425,610275,0.6,72228300,15667350,62.5,45332550,1405650
08-05-2025 14:46,24363.7,641475,610200,0.6,72654300,14622975,64.1,45248550,1387350
08-05-2025 14:46,24363.1,636075,612900,0.55,71601675,15249150,63.75,45232500,1396875
08-05-2025 14:46,24362.5,635850,615225,0.5,71470725,15183225,63,45175950,1359225
08-05-2025 14:46,24360.1,625725,614625,0.55,70854000,16277700,68.5,45179175,1368000
08-05-2025 14:46,24359.4,618225,614850,0.5,70765050,15797400,68.2,45196650,1221600
08-05-2025 14:47,24359,613275,612900,0.55,70523400,15873975,65.25,45023475,1251450
08-05-2025 14:47,24359,611400,608925,0.5,69765375,16024875,65.25,44828025,1344825
08-05-2025 14:47,24359.8,609150,608250,0.55,69731775,15972600,66.3,44805900,1364175
08-05-2025 14:47,24358,607275,611325,0.45,69493800,16303200,68.85,44696175,1366800
08-05-2025 14:47,24358,603300,608400,0.45,69550950,16627950,66.4,44442225,1379250
08-05-2025 14:47,24356.2,603300,606675,0.5,68985150,16248300,65.4,44397525,1482525
08-05-2025 14:48,24355.9,602775,607425,0.45,70014825,16464450,64.7,44378700,1523400
08-05-2025 14:48,24358.9,597975,606375,0.45,69249975,16300650,67.3,44376225,1507500
08-05-2025 14:48,24357.4,594300,608175,0.45,69220050,16402500,67.5,44408925,1505250
08-05-2025 14:48,24355.4,593400,607425,0.4,68698650,16671375,66.5,44420625,1615350
08-05-2025 14:48,24357,594225,605850,0.45,68645850,16498800,65.75,44396100,1620750
08-05-2025 14:48,24349.4,593475,619275,0.45,68645700,16561200,69.35,44185950,1624950
08-05-2025 14:49,24347.8,548400,615450,0.45,69329625,16376025,68.85,44157375,1317600
08-05-2025 14:49,24340,546675,611925,0.4,69810825,15541950,68.6,44017275,1358925
08-05-2025 14:49,24347.6,546675,610650,0.4,70057800,15696975,68.35,43575600,1389075
08-05-2025 14:49,24345.8,550125,638775,0.4,70822275,16027050,68.05,43598400,1474575
08-05-2025 14:49,24345.3,551925,660375,0.45,71650800,15934650,67.75,43609200,1520475
08-05-2025 14:49,24342,549675,680175,0.45,72632325,15883275,68.4,43422000,1512675
08-05-2025 14:50,24334.6,547500,688125,0.4,73108800,15995775,70.85,43441950,1436400
08-05-2025 14:50,24335.1,547800,693150,0.4,73074600,15944325,70.8,43438725,1472625
08-05-2025 14:50,24331.1,539475,692625,0.4,72777825,15867900,71.15,43449750,1451400
08-05-2025 14:50,24325.3,535800,686775,0.5,74971275,14963925,77.55,43425000,1299225
08-05-2025 14:50,24324.2,516375,694650,0.45,75480075,14170875,80.55,43352175,884775
08-05-2025 14:50,24332,523575,683025,0.5,75412425,14272575,76.65,43272375,980325
08-05-2025 14:51,24325.7,523275,690300,0.45,76944000,14296050,78.1,43135125,1017300
08-05-2025 14:51,24321,519225,691725,0.45,76938900,14330925,78.4,43163550,1047750
08-05-2025 14:51,24325,521175,691800,0.45,76330500,14424600,77.9,42175575,1095750
08-05-2025 14:51,24319.6,522375,692475,0.45,76193400,14405775,76.5,42133650,1126500
08-05-2025 14:51,24320.3,521625,679950,0.4,76135875,15444750,78.5,41752500,1153350
08-05-2025 14:51,24323,524100,678375,0.45,73630425,15517350,78.05,41679675,1202925
08-05-2025 14:52,24315.1,519525,678975,0.4,74188425,15526050,83.1,41607600,1156950
08-05-2025 14:52,24305.6,513225,683100,0.45,73811475,15279900,91.4,41456025,874425
08-05-2025 14:52,24301,488325,688425,0.4,74829450,15438150,89.5,41463075,723450
08-05-2025 14:52,24313.5,492675,703275,0.4,74608950,15198075,89.9,40899900,779550
08-05-2025 14:52,24309.8,491775,716100,0.4,74703375,15739875,92.7,40143750,787350
08-05-2025 14:52,24300.6,492450,728400,0.4,73705650,15371850,97.15,40141575,783825
08-05-2025 14:53,24288,474525,731625,0.45,75169650,14938875,108.25,38967450,697725
08-05-2025 14:53,24290,479250,755625,0.5,75334650,13345650,102.2,38851050,561825
08-05-2025 14:53,24291.1,481425,763050,0.45,76059150,14217300,103.95,38741700,570225
08-05-2025 14:53,24290,477375,747300,0.4,74763600,15149325,102.75,38724450,590625
08-05-2025 14:53,24287.6,478800,738975,0.45,74529600,15852900,103.95,38640525,641925
08-05-2025 14:53,24288,481800,737175,0.45,73633275,16023900,105.75,38574825,660675
08-05-2025 14:54,24286,481650,742425,0.4,73512450,16003050,105.75,38600250,615150
08-05-2025 14:54,24285,480600,743400,0.4,73520550,15475650,108.7,38626125,601500
08-05-2025 14:54,24277.1,478950,739575,0.4,72948975,15477375,113.25,38633700,611550
08-05-2025 14:54,24270,464700,740475,0.4,72857175,14669475,113.95,38621550,513150
08-05-2025 14:54,24269.9,461850,741675,0.4,74270925,14709225,118,38521200,483750
08-05-2025 14:54,24265.3,461775,740700,0.4,73839750,14762550,122.2,38516250,484275
08-05-2025 14:55,24256.4,450000,726900,0.45,75894600,14629875,131.95,38144475,415950
08-05-2025 14:55,24254.5,420750,723000,0.5,76903500,12711900,123,38175300,330000
08-05-2025 14:55,24270,426000,708825,0.5,76666050,12860250,117,37179075,386700
08-05-2025 14:55,24274.7,425250,678825,0.45,75881550,12971550,119.25,37011525,393075
08-05-2025 14:55,24275,426975,677850,0.45,75901350,12262575,121.3,36923250,421125
08-05-2025 14:55,24290.4,419700,670875,0.5,76214850,13721025,112.05,36785100,469200
08-05-2025 14:56,24294.5,427575,674400,0.5,75477450,14167125,109.95,36704625,484200
08-05-2025 14:56,24307.1,431550,663375,0.5,75111900,13822650,103.35,36693075,516150
08-05-2025 14:56,24301.9,435075,674175,0.45,76731450,13929300,107.6,36592500,540975
08-05-2025 14:56,24298.2,442725,673575,0.45,76843050,12913575,109,36599100,548325
08-05-2025 14:56,24293.6,440400,681675,0.45,76603500,12668625,107.25,36514275,555450
08-05-2025 14:56,24303.9,446475,676950,0.45,77414025,12373125,104.25,36503250,582900
08-05-2025 14:57,24298,443250,684900,0.45,77368200,11703825,110.3,36333375,596325
08-05-2025 14:57,24288.9,442350,693900,0.5,76715100,11708250,115.4,36359550,570375
08-05-2025 14:57,24285.6,446550,693300,0.45,76023450,13049625,115.7,36365475,559200
08-05-2025 14:57,24284,446325,698475,0.5,75856575,12944250,112.85,36345000,585675
08-05-2025 14:57,24285,442425,698025,0.45,75678900,13828650,111.6,36173850,626175
08-05-2025 14:57,24280,446550,719100,0.4,75142050,13799400,115.8,36021900,640125
08-05-2025 14:58,24275.7,450525,759525,0.4,74134875,13232475,112.95,36011550,637800
08-05-2025 14:58,24279.7,459225,759000,0.4,73652775,13118925,111.45,36086775,660750
08-05-2025 14:58,24280.2,463725,758625,0.4,73891575,13179900,113.3,36014250,665325
08-05-2025 14:58,24277.9,466050,759600,0.45,75923775,12777900,115.5,36016125,666300
08-05-2025 14:58,24276.2,467100,759825,0.5,76204650,12120000,115.85,35928075,644700
08-05-2025 14:58,24277.9,465000,755100,0.5,76032300,12150450,117.1,35949825,624525
08-05-2025 14:59,24277.2,470250,752775,0.5,76300725,11845725,116.9,35932650,630975
08-05-2025 14:59,24268,453825,758550,0.45,76026450,11799600,124.25,35886525,550800
08-05-2025 14:59,24272.4,467775,760800,0.45,75519600,11835225,120.25,35861400,490125
08-05-2025 14:59,24270.8,466575,744300,0.45,75509700,11658000,115.9,35703225,524925
08-05-2025 14:59,24273.8,468675,753000,0.5,75562725,11587200,117.45,35626050,537525
08-05-2025 14:59,24274.1,469725,754350,0.5,75443700,11194800,122.05,35622675,559800
08-05-2025 15:00,24269.3,463800,764475,0.4,75487800,11783550,126.15,35627925,543675
08-05-2025 15:00,24259.3,459975,761700,0.45,73497675,12387525,134.45,35618400,453900
08-05-2025 15:00,24256.1,455175,763875,0.4,72811650,12615600,137.8,35481825,388575
08-05-2025 15:00,24257.8,461550,751425,0.4,72388650,12488175,131.45,35427000,453300
08-05-2025 15:00,24270.5,464625,750150,0.4,72364425,12573300,118.55,35334000,481275
08-05-2025 15:00,24270.8,465450,757350,0.4,72480225,12651300,125.8,35281875,484125
08-05-2025 15:01,24273.7,473100,749250,0.35,72342750,12979125,125.35,35075175,493200
08-05-2025 15:01,24273.6,480150,746025,0.35,71674500,13268250,125.75,35063400,509475
08-05-2025 15:01,24292,485400,735225,0.45,71546775,12011775,111.05,35041575,539025
08-05-2025 15:01,24295.8,486750,730800,0.4,71502450,11584650,101.85,34877175,549150
08-05-2025 15:01,24294.2,480075,743025,0.45,71630700,11693025,109.25,34768275,558300
08-05-2025 15:01,24291.8,486600,722925,0.4,70904550,11789625,111.65,34792275,568725
08-05-2025 15:02,24279.1,484950,737550,0.4,71198475,12083025,114.25,34880700,627300
08-05-2025 15:02,24274.6,481500,743400,0.35,70105050,13432725,116.15,34883175,605550
08-05-2025 15:02,24285,489825,742875,0.4,69582300,13561950,114.55,34808925,624225
08-05-2025 15:02,24282.9,490125,739650,0.35,68594250,13737000,111.25,34647900,661650
08-05-2025 15:02,24292.6,492450,740850,0.35,68043225,14000175,108.95,33631500,672000
08-05-2025 15:02,24290,493500,746325,0.3,67804125,13964550,113.2,33646875,708300
08-05-2025 15:03,24289.8,487125,751800,0.25,67245375,13999275,112.6,33663300,697950
08-05-2025 15:03,24290,490425,751200,0.25,65064300,13848975,112.55,33666225,715950
08-05-2025 15:03,24287.7,489375,752625,0.25,65151975,14085825,113.95,32746725,721800
08-05-2025 15:03,24287,488325,753150,0.25,64630875,15517125,113.7,32746650,695850
08-05-2025 15:03,24290.2,490350,750600,0.2,64059000,15756000,110,32346825,723600
08-05-2025 15:03,24290,493650,751950,0.25,64362225,15531600,110.1,32211300,740775
08-05-2025 15:04,24294.4,496800,749100,0.25,64422150,15682725,109.6,31997325,746925
08-05-2025 15:04,24305,502200,737700,0.2,64451175,15783075,102,31980900,772500
08-05-2025 15:04,24311.4,502350,736650,0.2,64391850,15539325,104.9,31866600,768825
08-05-2025 15:04,24305.3,496875,744375,0.25,64324725,15623175,106.95,31865400,740925
08-05-2025 15:04,24301.2,497700,745425,0.2,64288350,15656400,107.05,31913100,744600
08-05-2025 15:04,24308.3,532725,744900,0.2,61144875,16119150,105.25,31928250,749100
08-05-2025 15:05,24310.4,533025,742650,0.2,59578350,16065075,102.55,31896450,770700
08-05-2025 15:05,24306.3,533850,741075,0.25,68585175,15728475,99.75,31650450,784650
08-05-2025 15:05,24316,533175,742875,0.25,72059700,15411225,94.9,31621125,788400
08-05-2025 15:05,24314,534300,744075,0.2,70865850,15470475,97.75,31541700,769725
08-05-2025 15:05,24323,536700,739800,0.2,70390350,15554175,87.35,30632475,773325
08-05-2025 15:05,24333.7,534825,726150,0.2,70214325,15363075,80.85,30551250,771525
08-05-2025 15:06,24330.4,533475,724950,0.2,67708425,15206175,84.75,30337425,729825
08-05-2025 15:06,24324.3,533250,732450,0.2,67827825,15258075,86.75,30393975,694425
08-05-2025 15:06,24320.9,528225,734625,0.2,61075050,17399625,91.1,30425775,700200
08-05-2025 15:06,24328.8,534450,733200,0.2,60991425,16342350,89.25,30423900,728850
08-05-2025 15:06,24323.9,533775,740100,0.2,58878150,16017150,90.75,30371550,746550
08-05-2025 15:06,24317.7,529500,739800,0.2,65350650,15784800,93.75,30386325,714975
08-05-2025 15:07,24314.2,525450,748425,0.25,65420625,14424300,92.9,30366975,695250
08-05-2025 15:07,24316.8,528450,747225,0.2,65344950,14422875,95.75,30376125,719250
08-05-2025 15:07,24324.2,533175,742500,0.2,63110250,15733800,88.35,30388350,732900
08-05-2025 15:07,24320,537525,750300,0.2,64262550,11883225,91.25,30230775,724950
08-05-2025 15:07,24322.8,541350,752400,0.25,64307550,11809950,90.9,30166200,741225
08-05-2025 15:07,24325,543300,753375,0.25,64922250,12003900,89.45,30141600,774525
08-05-2025 15:08,24324.9,545025,748575,0.25,64943250,12319050,92.5,29976750,774225
08-05-2025 15:08,24323.3,542100,748350,0.2,63221775,15172800,91,29986575,762525
08-05-2025 15:08,24324.5,543300,747975,0.2,62297325,15094800,90.9,29936850,786450
08-05-2025 15:08,24325.8,544500,748950,0.15,62349375,14654475,91.25,29955675,789450
08-05-2025 15:08,24328.4,546900,747150,0.2,59940600,14827500,85.25,29873250,813825
08-05-2025 15:08,24330,546150,746925,0.2,59871075,14373675,83.15,29826525,851700
08-05-2025 15:09,24327.4,542400,745950,0.2,59901900,14181075,87.75,29854125,815175
08-05-2025 15:09,24324.8,540525,748500,0.15,59848875,14542200,88.5,29858775,787425
08-05-2025 15:09,24322.2,540975,749175,0.2,59660400,14534400,89.05,29861550,776400
08-05-2025 15:09,24325,543825,749250,0.2,59705175,14545500,86.5,29873400,793575
08-05-2025 15:09,24333.6,544650,741075,0.2,59747175,14385825,83,29853825,819525
08-05-2025 15:09,24329.2,544725,747900,0.2,59751750,14349150,85.6,29896575,813075
08-05-2025 15:10,24325.6,541275,748500,0.2,59832825,14065425,86.3,29897175,819150
08-05-2025 15:10,24320,540375,749250,0.2,59617200,14060925,86.55,29691675,821625
08-05-2025 15:10,24324,541200,749925,0.2,59535600,13965150,86.6,29184525,812475
08-05-2025 15:10,24323.3,543075,745575,0.15,59504250,13649625,85.2,29129775,801525
08-05-2025 15:10,24323.6,541350,746475,0.15,59325075,13659525,83.85,28913025,815325
08-05-2025 15:10,24322.8,541800,746550,0.2,59317650,13617525,85.4,28836450,808425
08-05-2025 15:11,24320,540375,755475,0.2,59158650,13719975,87.7,28831125,794925
08-05-2025 15:11,24318,537750,759825,0.15,58902450,13779225,89.05,28845375,778350
08-05-2025 15:11,24311.2,536100,762900,0.2,58054950,13857975,92.65,28851600,750750
08-05-2025 15:11,24320,539625,761025,0.15,57381525,14224800,89.55,28828725,732225
08-05-2025 15:11,24313.3,543600,761325,0.15,57161475,14180700,91.25,28645350,748800
08-05-2025 15:11,24312.9,545400,761400,0.15,56862825,14383875,93,28657275,742575
08-05-2025 15:12,24315,543825,765825,0.2,52961850,13716675,93.65,28611375,720300
08-05-2025 15:12,24315,540000,767550,0.1,50479650,15246300,94.7,28606200,692175
08-05-2025 15:12,24319.9,544875,767400,0.1,45129075,15441525,91.85,28591875,684975
08-05-2025 15:12,24324.7,548175,759900,0.1,44971650,15615000,88,28461450,702000
08-05-2025 15:12,24320.2,546375,763275,0.1,44444775,15943425,92.65,28348350,702525
08-05-2025 15:12,24318.6,547050,764925,0.1,40250925,15625800,92.7,27821025,731175
08-05-2025 15:13,24319.3,549750,767325,0.1,40234425,15538950,91.9,26840775,733575
08-05-2025 15:13,24315.8,550050,763125,0.15,39827400,15577950,91.5,26506950,741225
08-05-2025 15:13,24322.8,550875,762900,0.1,39332400,15566100,90.65,25908750,751275
08-05-2025 15:13,24324.1,553050,762225,0.15,38948025,15554175,90.3,25867875,780150
08-05-2025 15:13,24324.9,552750,761700,0.15,38781900,15410250,90.6,25855275,773100
08-05-2025 15:13,24323.2,554325,762600,0.15,38651700,15358350,90.25,25869825,759825
08-05-2025 15:14,24320.5,551925,760200,0.15,38429925,15365475,90.3,25622250,750375
08-05-2025 15:14,24321,552375,759900,0.1,37699200,15168225,88.6,25590675,761325
08-05-2025 15:14,24328,551775,760200,0.1,36996150,15045225,89.65,25415250,790875
08-05-2025 15:14,24327.3,554175,760200,0.1,36966375,14904075,89.15,25392750,800100
08-05-2025 15:14,24322.1,551475,759825,0.1,36675525,14915700,91.9,25297350,787050
08-05-2025 15:14,24323.5,548400,762600,0.15,36555900,14790900,91.1,25252875,741150
08-05-2025 15:15,24324.8,549075,757650,0.1,36340650,14593125,91.2,25133625,743925
08-05-2025 15:15,24319,548250,764025,0.1,36328275,14528550,91.4,25122900,735375
08-05-2025 15:15,24317.9,547650,766950,0.1,36376425,14702550,92.35,25051725,742275
08-05-2025 15:15,24311.2,548100,768525,0.1,36053025,14647800,94.6,25066875,704550
08-05-2025 15:15,24310.5,548625,767850,0.1,35506650,14636775,95.3,24754800,620700
08-05-2025 15:15,24308,549750,773850,0.15,35380050,14636175,98.4,24748200,603300
08-05-2025 15:16,24311,543675,770850,0.1,35484300,14827650,98.05,24579375,596775
08-05-2025 15:16,24308.7,544800,772275,0.1,35064600,15122325,99.7,24558375,560250
08-05-2025 15:16,24301,543000,777825,0.1,33605850,15183900,102.05,24270225,487950
08-05-2025 15:16,24304.7,540000,774975,0.1,33164400,15124725,103.5,24267450,495000
08-05-2025 15:16,24299.1,543375,809475,0.1,32323350,15156300,103.4,24135525,492600
08-05-2025 15:16,24300,542775,810600,0.1,31489275,15111600,104.3,24105000,508725
08-05-2025 15:17,24300,544500,805050,0.15,27084000,14944050,103.75,24066075,506625
08-05-2025 15:17,24298.4,543450,804600,0.1,26920350,14922375,105.45,23801625,483900
08-05-2025 15:17,24295,543225,798975,0.1,25554900,14837850,106.25,23773200,483375
08-05-2025 15:17,24300.5,547275,763425,0.05,24464625,16391175,104.9,23232075,509925
08-05-2025 15:17,24299.4,548400,770100,0.1,17459925,16606425,105.75,23011800,518925
08-05-2025 15:17,24298.8,548100,768600,0.1,17297550,16303425,107.6,22991325,533775
08-05-2025 15:18,24297.8,543375,768750,0.05,17111175,15185325,107.1,22977075,534525
08-05-2025 15:18,24293.3,540750,771300,0.05,17001450,14805150,107.95,22973850,524325
08-05-2025 15:18,24290,539325,775800,0.1,16851900,14885850,108.25,21787350,510600
08-05-2025 15:18,24290,530400,776025,0.1,16778025,14825400,107.4,21684600,503325
08-05-2025 15:18,24287.2,519750,788025,0.1,16573050,14763075,105.75,21327900,534675
08-05-2025 15:18,24295,525525,781425,0.1,16648650,14766075,105.2,21286950,526425
08-05-2025 15:19,24297,525675,769650,0.1,16692600,14257050,105.3,21250050,533100
08-05-2025 15:19,24290,527550,767400,0.05,16498950,14159925,106.95,21251175,541500
08-05-2025 15:19,24288.1,523575,770850,0.1,16314675,14098125,107.05,20349150,537150
08-05-2025 15:19,24292.4,525450,781950,0.05,16118850,13742175,107.25,19934625,529800
08-05-2025 15:19,24291.9,524325,778125,0.05,16047525,13551375,108.65,19853550,531300
08-05-2025 15:19,24287.3,526200,779550,0.05,15666225,13491150,109.4,19775775,527700
08-05-2025 15:20,24285,526575,781200,0.1,15564900,13422750,108.95,19756350,527475
08-05-2025 15:20,24285,525450,782550,0.1,15232125,13117200,108.25,19746675,519600
08-05-2025 15:20,24288.5,524325,786675,0.1,14760900,12974475,108.25,19674600,525000
08-05-2025 15:20,24288,525150,790275,0.05,14653350,12941475,108.8,18776325,499350
08-05-2025 15:20,24280,520950,780900,0.1,14187825,12857775,109.9,18608625,499725
08-05-2025 15:20,24276.8,514575,784875,0.05,14061675,12836250,110.7,18578100,489375
08-05-2025 15:21,24274.6,511575,782325,0.1,13851525,12873750,111.9,18478050,435375
08-05-2025 15:21,24271.4,505275,774825,0.05,13517850,12702675,113.5,18206100,439575
08-05-2025 15:21,24268.9,501450,773550,0.1,13256550,12575400,113.75,17864700,444150
08-05-2025 15:21,24262.6,486075,768675,0.05,13170750,12566325,114.65,17869950,434250
08-05-2025 15:21,24269,491850,768375,0.05,12954300,12322725,113.6,17096700,521700
08-05-2025 15:21,24269.5,489375,770850,0.1,12836025,12380850,115.55,17001075,504300
08-05-2025 15:22,24265.1,487800,774525,0.05,12469350,12396300,115.55,16939875,446175
08-05-2025 15:22,24264.9,490350,777600,0.05,11897025,12757650,116.9,16887750,380250
08-05-2025 15:22,24262.7,492075,772350,0.05,11632350,12901050,115.9,16579350,386250
08-05-2025 15:22,24261.6,491700,770025,0.05,11375700,12958500,114.95,16292325,392775
08-05-2025 15:22,24260.2,484125,770325,0.05,11260650,12912525,114.45,15538425,420900
08-05-2025 15:22,24260.3,493350,769425,0.05,11059275,12919050,114.6,15533025,432450
08-05-2025 15:23,24265,492975,766200,0.05,10889850,13030725,113.85,15507750,449100
08-05-2025 15:23,24260,501675,767625,0.05,10633050,13047900,115,15495975,422925
08-05-2025 15:23,24254.8,501225,769275,0.05,10421700,12920925,117,15503775,396000
08-05-2025 15:23,24255,477525,767025,0.1,10419975,12752700,117.05,15437700,382200
08-05-2025 15:23,24255.1,481875,766200,0.1,10319550,13053450,116.05,15328050,394500
08-05-2025 15:23,24255.9,487875,765975,0.05,10119150,12540975,117.1,15185250,392175
08-05-2025 15:24,24253.1,487275,764700,0.05,9658200,12350700,118.15,15185550,387525
08-05-2025 15:24,24252.4,485100,764475,0.05,8522100,12221850,117.6,15144450,370575
08-05-2025 15:24,24251.1,483975,767175,0.05,8002125,12193650,118.15,15093300,360000
08-05-2025 15:24,24251.1,481500,769125,0.1,4027350,11885925,119.7,14516625,364875
08-05-2025 15:24,24251,474675,770025,0.05,2190375,11604900,121.9,14507850,336825
08-05-2025 15:24,24251,439875,775800,0.05,0,10389750,122.55,14279175,304725
08-05-2025 15:25,24251,396600,769725,0.05,0,10298475,121,12120225,319425
08-05-2025 15:25,24256,364800,767250,0.05,0,10269075,120.25,12095700,308925
08-05-2025 15:25,24251.5,360600,754050,0.05,0,10277475,120.85,11010150,307425
08-05-2025 15:25,24250,358725,757725,0.05,0,8429025,120.45,11007525,328200
08-05-2025 15:25,24248.5,355200,757350,0.05,0,8445675,121.3,11003100,332700
08-05-2025 15:25,24244.3,348750,763650,0.05,0,8497050,121.65,11003100,327075
08-05-2025 15:26,24242.2,345675,762150,0.05,0,8520975,121.1,10851600,327225
08-05-2025 15:26,24243,345525,759225,0.05,0,8487000,121.25,8975175,321975
08-05-2025 15:26,24240,348975,761100,0.05,0,8474925,122.35,8973450,326400
08-05-2025 15:26,24236,334800,768075,0.05,0,8400975,123.45,8463150,310650
08-05-2025 15:26,24232.4,331650,770400,0.05,0,8453850,123.6,8458650,287550
08-05-2025 15:26,24230,331650,771150,0.05,0,8446950,123.95,8380950,281775
08-05-2025 15:27,24226,338100,770400,0.05,0,8395800,122.75,8299650,308325
08-05-2025 15:27,24225,337050,769350,0.05,0,8280675,123.9,7781775,292050
08-05-2025 15:27,24220.1,317625,775950,0.05,0,8298450,123.85,7775775,299250
08-05-2025 15:27,24218,303075,777000,0.05,0,8306625,124.6,7747950,283125
08-05-2025 15:27,24216.2,298500,778200,0.05,0,8388900,125.35,7750575,264975
08-05-2025 15:27,24211,292650,780525,0.05,0,8422200,125.5,7518525,224475
08-05-2025 15:28,24208.8,285750,780525,0.05,0,8402925,126.25,7302300,221775
08-05-2025 15:28,24205,277050,781125,0.05,0,8396100,126.05,7288425,229725
08-05-2025 15:28,24202,273750,772500,0.05,0,8371500,125.05,7231875,239775
08-05-2025 15:28,24201.9,266550,767775,0.05,0,8412450,125.3,7216875,229950
08-05-2025 15:28,24199.7,333225,766050,0.05,0,8412450,125.85,7091700,226575
08-05-2025 15:28,24198.8,344775,768300,0.05,0,8387100,126.15,7092975,222225
08-05-2025 15:29,24199.5,340500,764400,0.05,0,8355525,125.6,6731550,191475
08-05-2025 15:29,24196.1,343500,763125,0.05,0,8226000,125.5,6700275,183675
08-05-2025 15:29,24200,344175,760200,0.05,0,8314650,125.55,6700050,173100
08-05-2025 15:29,24204,344625,750900,0.05,0,8558850,125.4,4044000,161175
08-05-2025 15:29,24206.4,344625,749475,0.05,0,8569800,125.65,3928875,138000
08-05-2025 15:29,24207.5,333825,723150,0.05,0,8570700,126,3752250,122400
