last_traded_time,ltp,tot_buy_qty,tot_sell_qty,last_traded_time,ltp,tot_buy_qty,tot_sell_qty,last_traded_time,ltp,tot_buy_qty,tot_sell_qty
08-05-2025 09:16,24499.9,436800,461550,08-05-2025 09:16,119.15,19984875,215550,08-05-2025 09:16,10.35,33679200,1069200
08-05-2025 09:16,24493,441000,469575,08-05-2025 09:16,116.2,20816025,231975,08-05-2025 09:16,11.1,34197525,1112550
08-05-2025 09:16,24496.8,435000,484200,08-05-2025 09:16,116.2,21144825,238200,08-05-2025 09:16,10.85,34590450,1148700
08-05-2025 09:16,24495.6,447300,483600,08-05-2025 09:16,116.75,21361425,242100,08-05-2025 09:16,11.6,34725075,1206375
08-05-2025 09:16,24495.2,446175,484500,08-05-2025 09:16,114.85,21504600,260325,08-05-2025 09:16,12,34799475,1159125
08-05-2025 09:16,24494,447600,491325,08-05-2025 09:16,112.25,22174575,269250,08-05-2025 09:16,10.9,35178525,1262100
08-05-2025 09:17,24491.4,454350,489750,08-05-2025 09:17,115.75,22438200,283200,08-05-2025 09:17,11.15,35409900,1295625
08-05-2025 09:17,24500.5,462000,486150,08-05-2025 09:17,118.05,22619175,274875,08-05-2025 09:17,10.5,35509125,1362825
08-05-2025 09:17,24496,449550,489375,08-05-2025 09:17,116,22620150,299175,08-05-2025 09:17,10.25,35590725,1340025
08-05-2025 09:17,24494.6,458100,498675,08-05-2025 09:17,113.3,23176575,315900,08-05-2025 09:17,10.85,35686275,1276425
08-05-2025 09:17,24492,452100,500775,08-05-2025 09:17,110.75,23195625,324975,08-05-2025 09:17,11.05,36125100,1316850
08-05-2025 09:17,24488,460575,500775,08-05-2025 09:17,111.95,23537925,333375,08-05-2025 09:17,10.4,36136575,1322850
08-05-2025 09:18,24485.1,462300,508350,08-05-2025 09:18,107.3,23765400,356025,08-05-2025 09:18,11.5,36300300,1332150
08-05-2025 09:18,24482,462300,509925,08-05-2025 09:18,106.55,23917425,362850,08-05-2025 09:18,11.9,36509025,1360950
08-05-2025 09:18,24476.1,462375,512025,08-05-2025 09:18,101.6,23925075,372150,08-05-2025 09:18,13.9,36708150,1310250
08-05-2025 09:18,24480,464925,513150,08-05-2025 09:18,100.35,24030675,371925,08-05-2025 09:18,13.75,37110075,1275975
08-05-2025 09:18,24478.2,469200,513525,08-05-2025 09:18,101.2,24054600,384450,08-05-2025 09:18,13.1,37244925,1336275
08-05-2025 09:18,24477.5,469875,516900,08-05-2025 09:18,98.1,24161475,403650,08-05-2025 09:18,13.3,37864275,1374300
08-05-2025 09:19,24474.3,461700,511950,08-05-2025 09:19,99.55,24312900,408375,08-05-2025 09:19,12.75,38307525,1395375
08-05-2025 09:19,24476.3,462750,514650,08-05-2025 09:19,97.85,24548400,427050,08-05-2025 09:19,13.55,38500350,1455300
08-05-2025 09:19,24471,471675,521625,08-05-2025 09:19,97.75,24769875,435750,08-05-2025 09:19,13.45,38607150,1487175
08-05-2025 09:19,24472,473700,521625,08-05-2025 09:19,96.25,24815175,443175,08-05-2025 09:19,13.95,38703900,1466175
08-05-2025 09:19,24474.9,477225,526575,08-05-2025 09:19,98.1,24797625,449925,08-05-2025 09:19,13.25,38767575,1495350
08-05-2025 09:19,24470,480150,528525,08-05-2025 09:19,96.65,24853125,454350,08-05-2025 09:19,13.05,39031200,1534200
08-05-2025 09:20,24473.3,489450,534000,08-05-2025 09:20,98.4,24874425,472350,08-05-2025 09:20,12.25,38984925,1601775
08-05-2025 09:20,24480,494175,531975,08-05-2025 09:20,102.3,25301175,466425,08-05-2025 09:20,11.75,39058275,1614825
08-05-2025 09:20,24481.2,493650,536475,08-05-2025 09:20,101,25554675,456900,08-05-2025 09:20,12.15,39239625,1615425
08-05-2025 09:20,24477,500325,531750,08-05-2025 09:20,99.55,25564500,473700,08-05-2025 09:20,12.25,39456525,1716225
08-05-2025 09:20,24475,497025,537000,08-05-2025 09:20,95.5,25543425,504375,08-05-2025 09:20,13.3,39643875,1667325
08-05-2025 09:20,24474.1,497625,537600,08-05-2025 09:20,95.95,25493550,505425,08-05-2025 09:20,12.8,39718725,1720950
08-05-2025 09:21,24473,499500,535800,08-05-2025 09:21,97.1,25554300,514875,08-05-2025 09:21,11.95,39668100,1821000
08-05-2025 09:21,24465.9,491700,541800,08-05-2025 09:21,89.95,25533300,523800,08-05-2025 09:21,13.6,39770025,1786575
08-05-2025 09:21,24461.4,499125,537300,08-05-2025 09:21,86.4,25437300,518550,08-05-2025 09:21,16.55,39893775,1632375
08-05-2025 09:21,24464.3,497025,536550,08-05-2025 09:21,88,25442400,526425,08-05-2025 09:21,15.6,39996900,1499550
08-05-2025 09:21,24462.3,498900,537450,08-05-2025 09:21,86.9,25485150,535650,08-05-2025 09:21,16,40157775,1550025
08-05-2025 09:21,24462.3,501525,540975,08-05-2025 09:21,84.95,25483950,543675,08-05-2025 09:21,15.8,40250025,1568550
08-05-2025 09:22,24464.4,497550,539100,08-05-2025 09:22,87.25,25482900,546375,08-05-2025 09:22,14.8,40326750,1644825
08-05-2025 09:22,24459,506100,542475,08-05-2025 09:22,85.75,25500150,553725,08-05-2025 09:22,15.6,40373325,1688850
08-05-2025 09:22,24460.1,504075,541950,08-05-2025 09:22,85.8,25535025,567825,08-05-2025 09:22,14.8,40441350,1753200
08-05-2025 09:22,24464.7,503775,516300,08-05-2025 09:22,86.7,25566525,567900,08-05-2025 09:22,14.3,40389075,1797150
08-05-2025 09:22,24465,511725,519825,08-05-2025 09:22,87.2,25578375,589950,08-05-2025 09:22,13.9,40367100,1853400
08-05-2025 09:22,24466.6,514050,521550,08-05-2025 09:22,87.35,25595400,591150,08-05-2025 09:22,13.15,40374075,1907400
08-05-2025 09:23,24468,519600,520350,08-05-2025 09:23,88.6,25617150,599550,08-05-2025 09:23,12.55,40295100,1931175
08-05-2025 09:23,24470,522375,523350,08-05-2025 09:23,90.8,25652175,591375,08-05-2025 09:23,12.25,40357275,1976775
08-05-2025 09:23,24478,527250,521475,08-05-2025 09:23,96.35,25682400,572400,08-05-2025 09:23,11.4,40349550,2044050
08-05-2025 09:23,24478.2,527550,532275,08-05-2025 09:23,94.05,25693575,541200,08-05-2025 09:23,11.5,40194000,2072625
08-05-2025 09:23,24472,529350,534075,08-05-2025 09:23,91.9,25665075,582750,08-05-2025 09:23,11.5,40289925,2112750
08-05-2025 09:23,24471.1,526800,535500,08-05-2025 09:23,90.9,25649700,604800,08-05-2025 09:23,11.15,40440825,2207775
08-05-2025 09:24,24480,531525,532875,08-05-2025 09:24,96.25,25710900,600600,08-05-2025 09:24,10,40375200,2409975
08-05-2025 09:24,24484.8,531375,530925,08-05-2025 09:24,99.35,25768200,586650,08-05-2025 09:24,10.15,40232550,2429175
08-05-2025 09:24,24485,533025,534975,08-05-2025 09:24,103.55,25807575,524475,08-05-2025 09:24,9.5,40267125,2413050
08-05-2025 09:24,24485.8,541425,535650,08-05-2025 09:24,103.45,25816650,529875,08-05-2025 09:24,9.35,40347600,2402850
08-05-2025 09:24,24484.9,539325,546150,08-05-2025 09:24,100.05,25821450,563775,08-05-2025 09:24,9.4,40274625,2553825
08-05-2025 09:24,24483.5,536100,545925,08-05-2025 09:24,102.5,25743975,585600,08-05-2025 09:24,9.05,40385400,2371725
08-05-2025 09:25,24489,538125,544575,08-05-2025 09:25,104,25781025,588225,08-05-2025 09:25,8.9,40326600,2413050
08-05-2025 09:25,24486.6,536700,551625,08-05-2025 09:25,103.45,25783350,591375,08-05-2025 09:25,9.25,40577700,2370525
08-05-2025 09:25,24483,538350,549825,08-05-2025 09:25,100.15,25770000,622725,08-05-2025 09:25,9.85,40816350,2409675
08-05-2025 09:25,24483.1,538575,551400,08-05-2025 09:25,102.8,25748475,623250,08-05-2025 09:25,9.75,40870050,2371875
08-05-2025 09:25,24484,538950,552075,08-05-2025 09:25,100.95,25761825,637800,08-05-2025 09:25,9.75,40887750,2513775
08-05-2025 09:25,24481.6,537000,552900,08-05-2025 09:25,99.9,25747050,657375,08-05-2025 09:25,9.75,41000025,2509800
08-05-2025 09:26,24487.9,537150,547425,08-05-2025 09:26,105.9,25742400,640725,08-05-2025 09:26,8.9,40862325,2613075
08-05-2025 09:26,24488,534825,547500,08-05-2025 09:26,105,25756500,605925,08-05-2025 09:26,9.35,40883400,2567325
08-05-2025 09:26,24487.8,538050,545400,08-05-2025 09:26,104.05,25774575,625275,08-05-2025 09:26,9.7,40940025,2513175
08-05-2025 09:26,24490,541125,545925,08-05-2025 09:26,106.5,25802850,657900,08-05-2025 09:26,9.1,40843875,2672250
08-05-2025 09:26,24490,537900,552825,08-05-2025 09:26,105,25827075,622200,08-05-2025 09:26,9.45,40906725,2697075
08-05-2025 09:26,24487.4,537825,552225,08-05-2025 09:26,105.8,25833750,632850,08-05-2025 09:26,9.25,40977000,2665500
08-05-2025 09:27,24490,538800,552000,08-05-2025 09:27,106.3,25855275,644400,08-05-2025 09:27,9.15,40856250,2737425
08-05-2025 09:27,24490,537000,555525,08-05-2025 09:27,105.55,25853175,644475,08-05-2025 09:27,9.3,40894800,2684550
08-05-2025 09:27,24485,536025,560850,08-05-2025 09:27,103,25829700,681600,08-05-2025 09:27,9.6,40987425,2613525
08-05-2025 09:27,24485,539550,558225,08-05-2025 09:27,103.15,25816275,689250,08-05-2025 09:27,9.9,41007975,2623950
08-05-2025 09:27,24488,543150,566475,08-05-2025 09:27,107.1,25832475,695625,08-05-2025 09:27,9.15,41013525,2748825
08-05-2025 09:27,24488.6,542700,556500,08-05-2025 09:27,107.6,25835100,660225,08-05-2025 09:27,8.8,40853175,2795175
08-05-2025 09:28,24488.6,539925,558075,08-05-2025 09:28,104.45,25836300,690975,08-05-2025 09:28,9.4,40945350,2819475
08-05-2025 09:28,24486.6,539400,561150,08-05-2025 09:28,104.95,25820175,703725,08-05-2025 09:28,9.45,41009625,2687925
08-05-2025 09:28,24488.8,543300,554325,08-05-2025 09:28,105.25,25856400,688500,08-05-2025 09:28,9.5,40989375,2774700
08-05-2025 09:28,24483,544500,565875,08-05-2025 09:28,103.1,25856850,711300,08-05-2025 09:28,9.65,41004825,2742900
08-05-2025 09:28,24481.2,538500,565950,08-05-2025 09:28,98.2,25827825,745425,08-05-2025 09:28,10.35,41147250,2671050
08-05-2025 09:28,24479,541500,567675,08-05-2025 09:28,95.25,25731075,747900,08-05-2025 09:28,10.15,41106600,2733450
08-05-2025 09:29,24472.9,541800,567150,08-05-2025 09:29,91.3,25624425,741225,08-05-2025 09:29,10.8,41098800,2669850
08-05-2025 09:29,24470.1,543300,571050,08-05-2025 09:29,90.1,25599300,741375,08-05-2025 09:29,10.8,41088675,2720625
08-05-2025 09:29,24470.1,548100,571725,08-05-2025 09:29,91.6,25615350,751200,08-05-2025 09:29,10.4,41124750,2858850
08-05-2025 09:29,24468,549975,568500,08-05-2025 09:29,89.65,25644450,778275,08-05-2025 09:29,10.9,40972800,2961075
08-05-2025 09:29,24474,547125,574275,08-05-2025 09:29,88.2,25641000,785025,08-05-2025 09:29,11.3,41018625,2776050
08-05-2025 09:29,24473,549150,570150,08-05-2025 09:29,89,25685475,796275,08-05-2025 09:29,10.7,41008350,2793975
08-05-2025 09:30,24468.5,548325,579000,08-05-2025 09:30,87.15,25684575,811350,08-05-2025 09:30,11.05,41034525,2832525
08-05-2025 09:30,24465,550200,580650,08-05-2025 09:30,85.75,25724775,826875,08-05-2025 09:30,11.55,41073075,2801625
08-05-2025 09:30,24458.7,539775,579900,08-05-2025 09:30,83.6,25624425,840000,08-05-2025 09:30,12.25,41101950,2677200
08-05-2025 09:30,24461.5,536550,578175,08-05-2025 09:30,81.6,27499425,843150,08-05-2025 09:30,12.8,41120775,2603325
08-05-2025 09:30,24455,531975,582525,08-05-2025 09:30,80.1,27571725,852300,08-05-2025 09:30,13.15,41150025,2573250
08-05-2025 09:30,24459.8,541650,577875,08-05-2025 09:30,84.3,27637800,854925,08-05-2025 09:30,11.95,41110500,2755125
08-05-2025 09:31,24457.4,539550,582075,08-05-2025 09:31,81.25,27650325,853650,08-05-2025 09:31,13,41144700,2751150
08-05-2025 09:31,24463.9,538800,573675,08-05-2025 09:31,83.55,27750450,853800,08-05-2025 09:31,12.2,41115675,2867100
08-05-2025 09:31,24464.7,541875,573075,08-05-2025 09:31,82.85,27771975,870075,08-05-2025 09:31,12.35,41102700,2794800
08-05-2025 09:31,24461,541575,572625,08-05-2025 09:31,81.85,27778050,894225,08-05-2025 09:31,12,41050275,2917800
08-05-2025 09:31,24461,545025,573000,08-05-2025 09:31,84.35,27802275,906450,08-05-2025 09:31,11.2,41054100,2968950
08-05-2025 09:31,24460.1,545775,569775,08-05-2025 09:31,82.2,27826500,892200,08-05-2025 09:31,11.9,41120100,2960250
08-05-2025 09:32,24460,539925,571050,08-05-2025 09:32,81.95,27822150,907350,08-05-2025 09:32,12.05,41219625,2875950
08-05-2025 09:32,24457,542700,570675,08-05-2025 09:32,81.75,27761925,917175,08-05-2025 09:32,12.6,41234325,2871450
08-05-2025 09:32,24459.7,538500,571950,08-05-2025 09:32,81,27763050,917550,08-05-2025 09:32,12.6,41247525,2889075
08-05-2025 09:32,24459.4,540075,574425,08-05-2025 09:32,80.6,27755100,950100,08-05-2025 09:32,12.45,41303100,2890650
08-05-2025 09:32,24459.5,543450,571650,08-05-2025 09:32,77.35,27771825,957375,08-05-2025 09:32,13.5,41305350,2906625
08-05-2025 09:32,24453.6,540375,575175,08-05-2025 09:32,79.8,27716250,994425,08-05-2025 09:32,12.9,41346975,2822550
08-05-2025 09:33,24451,539625,574650,08-05-2025 09:33,74.3,27732375,999375,08-05-2025 09:33,14,41407950,2857125
08-05-2025 09:33,24455,538875,571200,08-05-2025 09:33,78.35,27678600,1009725,08-05-2025 09:33,13.05,41340675,2689725
08-05-2025 09:33,24454.4,539400,568125,08-05-2025 09:33,80,27753225,1012500,08-05-2025 09:33,12.55,41374725,2758725
08-05-2025 09:33,24458,540450,568800,08-05-2025 09:33,79,27752700,1017675,08-05-2025 09:33,13,41355150,2810025
08-05-2025 09:33,24458.1,542400,568500,08-05-2025 09:33,79.85,27773100,1018575,08-05-2025 09:33,12.8,41350725,2849625
08-05-2025 09:33,24455.1,543450,571875,08-05-2025 09:33,78.45,27783075,1049850,08-05-2025 09:33,13.15,41397750,2841225
08-05-2025 09:34,24460,542550,568275,08-05-2025 09:34,81.55,27805350,1033875,08-05-2025 09:34,12,41345250,2938875
08-05-2025 09:34,24456.4,545025,571950,08-05-2025 09:34,80.8,27837675,980775,08-05-2025 09:34,12.25,41434650,3017775
08-05-2025 09:34,24455,540975,573900,08-05-2025 09:34,79.1,27828450,1002900,08-05-2025 09:34,12.85,41439075,3010950
08-05-2025 09:34,24455,545100,574650,08-05-2025 09:34,78.7,27828750,1017600,08-05-2025 09:34,12.75,41550375,3004800
08-05-2025 09:34,24453.7,543225,573900,08-05-2025 09:34,75.85,27815775,1031025,08-05-2025 09:34,13.45,41607825,3109575
08-05-2025 09:34,24453.8,545775,575625,08-05-2025 09:34,79,27823275,1027875,08-05-2025 09:34,12.55,41551650,3206025
08-05-2025 09:35,24455,546150,571800,08-05-2025 09:35,79.95,27859650,1040550,08-05-2025 09:35,12.35,41535450,3189675
08-05-2025 09:35,24457.7,546150,573675,08-05-2025 09:35,78.9,27876150,1063800,08-05-2025 09:35,12.85,41538375,3239400
08-05-2025 09:35,24455,549000,573225,08-05-2025 09:35,80.55,27887700,1067400,08-05-2025 09:35,12.15,41506200,3117075
08-05-2025 09:35,24458,548250,571425,08-05-2025 09:35,80.55,27905850,1052625,08-05-2025 09:35,12.1,41396025,3198225
08-05-2025 09:35,24454.9,547050,573600,08-05-2025 09:35,77.05,27896325,1070100,08-05-2025 09:35,12.9,41548875,3178575
08-05-2025 09:35,24455,545175,574575,08-05-2025 09:35,78.85,27888825,1083225,08-05-2025 09:35,12.35,41563800,3196050
08-05-2025 09:36,24453.6,547650,568500,08-05-2025 09:36,78.75,27917325,1085475,08-05-2025 09:36,12.45,41497575,3259350
08-05-2025 09:36,24453.6,550125,567225,08-05-2025 09:36,80.3,27940500,1092150,08-05-2025 09:36,11.85,41490600,3277575
08-05-2025 09:36,24456.4,550650,567600,08-05-2025 09:36,80.3,27951300,1074375,08-05-2025 09:36,12.15,41431725,3301950
08-05-2025 09:36,24454.1,548175,570525,08-05-2025 09:36,78.5,27989400,1072500,08-05-2025 09:36,12.45,41531775,3284925
08-05-2025 09:36,24454.3,547950,570600,08-05-2025 09:36,78.25,28004100,1085175,08-05-2025 09:36,12.15,41626950,3321600
08-05-2025 09:36,24455,548775,569400,08-05-2025 09:36,79.3,28021275,1086975,08-05-2025 09:36,11.6,41557350,3373800
08-05-2025 09:37,24456,549075,569100,08-05-2025 09:37,79.85,28032825,1079175,08-05-2025 09:37,11.45,41472750,3442875
08-05-2025 09:37,24455.9,548850,576600,08-05-2025 09:37,79.35,28048275,1082550,08-05-2025 09:37,11.25,41637225,3443550
08-05-2025 09:37,24458.4,547800,579075,08-05-2025 09:37,80.1,28063800,1092375,08-05-2025 09:37,10.8,41505525,3522825
08-05-2025 09:37,24469.1,550500,575100,08-05-2025 09:37,87.8,28103700,1079775,08-05-2025 09:37,9.55,41206200,3553125
08-05-2025 09:37,24462.8,546150,572775,08-05-2025 09:37,89.8,28072500,870000,08-05-2025 09:37,9.6,40909950,3438600
08-05-2025 09:37,24471.6,549150,566775,08-05-2025 09:37,92.15,28086750,910650,08-05-2025 09:37,8.9,40912875,3638100
08-05-2025 09:38,24474.8,546150,573750,08-05-2025 09:38,96.3,28102275,817425,08-05-2025 09:38,8.1,40799625,3675825
08-05-2025 09:38,24471,548925,573975,08-05-2025 09:38,92.55,28055100,820575,08-05-2025 09:38,8.55,40834275,3522525
08-05-2025 09:38,24471,547575,574125,08-05-2025 09:38,91.7,28035150,861750,08-05-2025 09:38,8.6,41058750,3732450
08-05-2025 09:38,24466.6,548025,574950,08-05-2025 09:38,86.45,28019475,921450,08-05-2025 09:38,9.15,41201550,3686475
08-05-2025 09:38,24465,543975,576600,08-05-2025 09:38,83.25,27920025,938850,08-05-2025 09:38,9.8,41281575,3515325
08-05-2025 09:38,24465,547350,575775,08-05-2025 09:38,85.95,27956700,940875,08-05-2025 09:38,9.35,41199225,3629475
08-05-2025 09:39,24460.2,549150,576075,08-05-2025 09:39,83.45,27944625,984075,08-05-2025 09:39,9.65,41301750,3467025
08-05-2025 09:39,24463.4,551700,574200,08-05-2025 09:39,85.95,28035075,1012275,08-05-2025 09:39,9,41258550,3726900
08-05-2025 09:39,24463.5,554175,573600,08-05-2025 09:39,85.6,28092300,989325,08-05-2025 09:39,8.8,41215350,3825600
08-05-2025 09:39,24463.6,554550,573375,08-05-2025 09:39,83.85,28104225,1037850,08-05-2025 09:39,9.1,41330025,3841350
08-05-2025 09:39,24463,553650,573525,08-05-2025 09:39,85.95,28105575,1036050,08-05-2025 09:39,8.75,41354025,3784350
08-05-2025 09:39,24464.9,555000,574425,08-05-2025 09:39,86.45,28113675,1058625,08-05-2025 09:39,8.6,41351175,3808575
08-05-2025 09:40,24465.4,553800,574200,08-05-2025 09:40,86.95,28110000,1051350,08-05-2025 09:40,8.75,41316750,3796950
08-05-2025 09:40,24461,556800,577050,08-05-2025 09:40,84,28092300,1073550,08-05-2025 09:40,9.15,41421675,3693450
08-05-2025 09:40,24465,556350,577725,08-05-2025 09:40,85.4,28075425,1086750,08-05-2025 09:40,9.1,41522175,3693150
08-05-2025 09:40,24465,555975,580575,08-05-2025 09:40,82.65,28086000,1117200,08-05-2025 09:40,9.4,41511225,3729525
08-05-2025 09:40,24465,555600,580950,08-05-2025 09:40,83.05,28101825,1120800,08-05-2025 09:40,9.2,41567625,3754350
08-05-2025 09:40,24460.3,556200,580575,08-05-2025 09:40,82.8,28098300,1108500,08-05-2025 09:40,9.25,41565825,3738300
08-05-2025 09:41,24460,553500,583125,08-05-2025 09:41,82.95,28094925,1111425,08-05-2025 09:41,9.2,41522175,3786675
08-05-2025 09:41,24460,554775,582450,08-05-2025 09:41,82.85,28065075,1126950,08-05-2025 09:41,9.25,41489325,3776100
08-05-2025 09:41,24460,556950,582600,08-05-2025 09:41,83.55,28082850,1152375,08-05-2025 09:41,8.9,41421525,3878550
08-05-2025 09:41,24462,556500,578475,08-05-2025 09:41,83.15,28098750,1152900,08-05-2025 09:41,8.9,41279925,3918600
08-05-2025 09:41,24460.9,552900,581025,08-05-2025 09:41,80.3,28098750,1155375,08-05-2025 09:41,9.05,41297475,3864825
08-05-2025 09:41,24459.7,554550,578025,08-05-2025 09:41,80.15,28058625,1166700,08-05-2025 09:41,9.2,41375250,3807150
08-05-2025 09:42,24457.7,554625,574800,08-05-2025 09:42,81.1,28075125,1173450,08-05-2025 09:42,8.95,41351775,3884250
08-05-2025 09:42,24458.1,555000,565875,08-05-2025 09:42,78.7,28092600,1178925,08-05-2025 09:42,9.65,41377500,3891900
08-05-2025 09:42,24453,547575,571500,08-05-2025 09:42,76.75,27979200,1178925,08-05-2025 09:42,10.05,41425875,3582300
08-05-2025 09:42,24452.4,553275,563475,08-05-2025 09:42,77.45,27978075,1174050,08-05-2025 09:42,10.5,41353200,3641625
08-05-2025 09:42,24456.3,552375,567150,08-05-2025 09:42,78.1,27997425,1193175,08-05-2025 09:42,9.8,41346225,3791100
08-05-2025 09:42,24456.3,554475,567150,08-05-2025 09:42,79.6,28033125,1193850,08-05-2025 09:42,9.55,41334450,3829350
08-05-2025 09:43,24458.2,555375,569175,08-05-2025 09:43,78.2,28046550,1212000,08-05-2025 09:43,10,41409075,3871200
08-05-2025 09:43,24456,553950,568725,08-05-2025 09:43,78.85,28050075,1225950,08-05-2025 09:43,9.7,41412525,3783825
08-05-2025 09:43,24453,553500,572025,08-05-2025 09:43,78.05,28075800,1247325,08-05-2025 09:43,9.85,41375925,3893625
08-05-2025 09:43,24452.3,552225,570525,08-05-2025 09:43,77.05,28069425,1251000,08-05-2025 09:43,10.25,41481600,3835125
08-05-2025 09:43,24452.6,556500,571950,08-05-2025 09:43,78.15,28092075,1257525,08-05-2025 09:43,9.8,41508150,3908400
08-05-2025 09:43,24452.3,554175,568875,08-05-2025 09:43,75.95,28115325,1269525,08-05-2025 09:43,10.45,41546475,3916125
08-05-2025 09:44,24454,553725,572400,08-05-2025 09:44,77.15,28155675,1266900,08-05-2025 09:44,10.1,41503500,3893625
08-05-2025 09:44,24454.1,555300,569925,08-05-2025 09:44,79.9,28197450,1244175,08-05-2025 09:44,9.55,41413425,3920925
08-05-2025 09:44,24455,555075,568875,08-05-2025 09:44,77.9,28211850,1245525,08-05-2025 09:44,10,41367000,3955800
08-05-2025 09:44,24455,555225,568950,08-05-2025 09:44,78.85,28221975,1246200,08-05-2025 09:44,9.6,41469150,3973125
08-05-2025 09:44,24460,556950,565650,08-05-2025 09:44,82.65,28254900,1243575,08-05-2025 09:44,8.75,41389125,4051575
08-05-2025 09:44,24464.8,559425,567600,08-05-2025 09:44,84.45,28248750,1176075,08-05-2025 09:44,8.45,41253825,4061025
08-05-2025 09:45,24460.2,555525,568125,08-05-2025 09:45,79.8,28254600,1210350,08-05-2025 09:45,9.15,41386650,4021650
08-05-2025 09:45,24460,558450,568275,08-05-2025 09:45,81.15,28245000,1258050,08-05-2025 09:45,8.85,41474700,4052775
08-05-2025 09:45,24461.5,557175,567750,08-05-2025 09:45,80.35,28293675,1265925,08-05-2025 09:45,9.1,41427525,4079025
08-05-2025 09:45,24461.7,556800,573000,08-05-2025 09:45,79.65,28240200,1280100,08-05-2025 09:45,9,41520600,4100175
08-05-2025 09:45,24459,559350,572325,08-05-2025 09:45,80.95,28245750,1285050,08-05-2025 09:45,8.8,41458425,4213275
08-05-2025 09:45,24461.9,558975,576750,08-05-2025 09:45,79,28255800,1298475,08-05-2025 09:45,8.9,41545875,4242000
08-05-2025 09:46,24462,559350,573600,08-05-2025 09:46,79.75,28253325,1306725,08-05-2025 09:46,8.9,41562450,4256325
08-05-2025 09:46,24457,558600,575100,08-05-2025 09:46,79.2,28291575,1302600,08-05-2025 09:46,8.9,41581650,4243500
08-05-2025 09:46,24460,559125,571875,08-05-2025 09:46,80.8,28312650,1304775,08-05-2025 09:46,8.6,41545125,4349700
08-05-2025 09:46,24458.3,559350,571650,08-05-2025 09:46,81.45,28320675,1311900,08-05-2025 09:46,8.25,41395425,4371825
08-05-2025 09:46,24457.2,558525,573675,08-05-2025 09:46,79.4,28325850,1322100,08-05-2025 09:46,8.9,41635200,4332825
08-05-2025 09:46,24457.2,559200,571725,08-05-2025 09:46,81.2,28313775,1327500,08-05-2025 09:46,8.3,41613675,4338375
08-05-2025 09:47,24458.5,559350,570525,08-05-2025 09:47,81.7,28335450,1326300,08-05-2025 09:47,8.15,41521500,4375725
08-05-2025 09:47,24467,562350,569550,08-05-2025 09:47,83.75,28346850,1295850,08-05-2025 09:47,7.6,41256750,4452450
08-05-2025 09:47,24467.1,561975,569025,08-05-2025 09:47,82.3,28354500,1279200,08-05-2025 09:47,8,41458875,4413000
08-05-2025 09:47,24467,561150,572850,08-05-2025 09:47,82.2,28340625,1295700,08-05-2025 09:47,7.8,41525475,4425525
08-05-2025 09:47,24458,561750,572775,08-05-2025 09:47,77.35,28336050,1337250,08-05-2025 09:47,8.45,41712150,4413300
08-05-2025 09:47,24460,560175,571800,08-05-2025 09:47,78.35,28219650,1325775,08-05-2025 09:47,8.45,41784975,4322100
08-05-2025 09:48,24458,559875,574500,08-05-2025 09:48,76.4,28231125,1399575,08-05-2025 09:48,9,41895300,4309200
08-05-2025 09:48,24456.3,560550,574575,08-05-2025 09:48,74.55,28195725,1419900,08-05-2025 09:48,9.35,41888625,4186350
08-05-2025 09:48,24454.4,558600,574125,08-05-2025 09:48,71.6,28125600,1415175,08-05-2025 09:48,10.05,41872650,4162350
08-05-2025 09:48,24451.3,560850,569775,08-05-2025 09:48,74,28099350,1421025,08-05-2025 09:48,9.45,41640075,4291725
08-05-2025 09:48,24452,563100,572250,08-05-2025 09:48,73.4,28132800,1436475,08-05-2025 09:48,9.85,41610975,4287075
08-05-2025 09:48,24451.2,563775,572100,08-05-2025 09:48,72.9,28171500,1413975,08-05-2025 09:48,9.85,41654850,4250700
08-05-2025 09:49,24451.1,564975,572850,08-05-2025 09:49,74.55,28204425,1380675,08-05-2025 09:49,9.65,41608425,4322625
08-05-2025 09:49,24454.5,564825,571425,08-05-2025 09:49,74.4,28199775,1397850,08-05-2025 09:49,9.6,41609550,4414275
08-05-2025 09:49,24454.3,567150,573525,08-05-2025 09:49,73.6,28245300,1410075,08-05-2025 09:49,9.65,41687250,4448775
08-05-2025 09:49,24454,568050,573000,08-05-2025 09:49,74.2,28275975,1416375,08-05-2025 09:49,9.45,41634750,4497450
08-05-2025 09:49,24454.4,567525,575550,08-05-2025 09:49,73.55,28282275,1427100,08-05-2025 09:49,9.45,41620875,4548450
08-05-2025 09:49,24457.3,567675,574725,08-05-2025 09:49,75,28285575,1425900,08-05-2025 09:49,9.15,41641200,4497075
08-05-2025 09:50,24453.9,564675,575775,08-05-2025 09:50,73.9,28305450,1414575,08-05-2025 09:50,9.7,41746725,4558275
08-05-2025 09:50,24450.5,564150,576000,08-05-2025 09:50,74.7,28327725,1404975,08-05-2025 09:50,9.5,41742450,4595100
08-05-2025 09:50,24456.4,562950,574350,08-05-2025 09:50,75.8,28348425,1400625,08-05-2025 09:50,9.05,41727300,4624275
08-05-2025 09:50,24460,567525,570075,08-05-2025 09:50,78.4,28369725,1367400,08-05-2025 09:50,8.65,41565900,4752450
08-05-2025 09:50,24459.8,571125,574575,08-05-2025 09:50,78.2,28373025,1334475,08-05-2025 09:50,8.5,41587425,4724775
08-05-2025 09:50,24458.5,569775,572250,08-05-2025 09:50,77.35,28355400,1364175,08-05-2025 09:50,8.05,41569350,4800150
08-05-2025 09:51,24452,567825,574875,08-05-2025 09:51,75.15,28348200,1381125,08-05-2025 09:51,8.95,41681775,4765050
08-05-2025 09:51,24459.6,571500,574350,08-05-2025 09:51,78.4,28362075,1384500,08-05-2025 09:51,8.15,41690475,4752750
08-05-2025 09:51,24455.2,570525,572775,08-05-2025 09:51,77.6,28379325,1366800,08-05-2025 09:51,8.05,41536575,4811175
08-05-2025 09:51,24459.1,571500,573450,08-05-2025 09:51,77.8,28393275,1375500,08-05-2025 09:51,8.15,41469975,4821900
08-05-2025 09:51,24455.5,571125,574050,08-05-2025 09:51,78.95,28408575,1372800,08-05-2025 09:51,7.8,41431800,4750950
08-05-2025 09:51,24455.5,568425,575025,08-05-2025 09:51,74.95,28403925,1387200,08-05-2025 09:51,8.65,41638350,4637625
08-05-2025 09:52,24454,567675,575475,08-05-2025 09:52,74.45,28353600,1393425,08-05-2025 09:52,8.8,41659200,4536600
08-05-2025 09:52,24455,569475,574650,08-05-2025 09:52,76.55,28377675,1395375,08-05-2025 09:52,8.35,41697975,4680225
08-05-2025 09:52,24454,569775,573825,08-05-2025 09:52,76.8,28410525,1397700,08-05-2025 09:52,8.2,41581575,4757175
08-05-2025 09:52,24453.9,569550,573750,08-05-2025 09:52,76.85,28431300,1409250,08-05-2025 09:52,8.1,41518350,4823475
08-05-2025 09:52,24452.9,567300,574950,08-05-2025 09:52,75.1,28429350,1427625,08-05-2025 09:52,8.1,41584575,4806750
08-05-2025 09:52,24456.6,569550,573525,08-05-2025 09:52,75.6,28428075,1437975,08-05-2025 09:52,8.05,41547450,4785675
08-05-2025 09:53,24454.6,569550,570525,08-05-2025 09:53,78,28425825,1408800,08-05-2025 09:53,7.6,41384700,4854825
08-05-2025 09:53,24456,568575,573525,08-05-2025 09:53,75.7,28430700,1426875,08-05-2025 09:53,8.05,41598825,4880025
08-05-2025 09:53,24456,568050,573825,08-05-2025 09:53,75.95,28434375,1443375,08-05-2025 09:53,7.9,41585025,4854225
08-05-2025 09:53,24456.2,568950,574950,08-05-2025 09:53,76.65,28467975,1427850,08-05-2025 09:53,7.7,41553750,4934625
08-05-2025 09:53,24456.1,568725,575025,08-05-2025 09:53,75.45,28476525,1442925,08-05-2025 09:53,7.8,41521350,4910550
08-05-2025 09:53,24455,569025,573300,08-05-2025 09:53,76.9,28473975,1449150,08-05-2025 09:53,7.65,41531025,4865100
08-05-2025 09:54,24454.2,568800,574950,08-05-2025 09:54,75.15,28478850,1460625,08-05-2025 09:54,8.05,41717775,4883175
08-05-2025 09:54,24454,568650,574650,08-05-2025 09:54,75.05,28431525,1464825,08-05-2025 09:54,8.1,41764950,4710525
08-05-2025 09:54,24454,569550,574800,08-05-2025 09:54,74.95,28440675,1455300,08-05-2025 09:54,8.05,41591775,4933575
08-05-2025 09:54,24455,571500,575550,08-05-2025 09:54,75.9,28442850,1454250,08-05-2025 09:54,7.9,41629950,4938000
08-05-2025 09:54,24457,574200,571425,08-05-2025 09:54,79,28432425,1441200,08-05-2025 09:54,7.25,41450775,4997175
08-05-2025 09:54,24457.4,573750,573375,08-05-2025 09:54,78.55,28436625,1338600,08-05-2025 09:54,7.2,41207325,5031675
08-05-2025 09:55,24460.1,573225,576150,08-05-2025 09:55,77.75,28421250,1377825,08-05-2025 09:55,7.1,41291475,5058525
08-05-2025 09:55,24458.7,571725,574575,08-05-2025 09:55,77.7,28417650,1394250,08-05-2025 09:55,7.25,41322225,5018175
08-05-2025 09:55,24459.9,573300,574200,08-05-2025 09:55,79.9,28428450,1380975,08-05-2025 09:55,6.8,41280300,4997775
08-05-2025 09:55,24456,574725,572550,08-05-2025 09:55,79.25,28448925,1367700,08-05-2025 09:55,6.9,41154375,5070300
08-05-2025 09:55,24459.4,573750,574425,08-05-2025 09:55,77.45,28436850,1391250,08-05-2025 09:55,7.2,41272500,4908300
08-05-2025 09:55,24455,572625,574275,08-05-2025 09:55,75.8,28426875,1402875,08-05-2025 09:55,7.6,41479350,4862850
08-05-2025 09:56,24454,571650,575775,08-05-2025 09:56,75.15,28402500,1456800,08-05-2025 09:56,7.65,41487375,4836000
08-05-2025 09:56,24453,571725,577425,08-05-2025 09:56,74.9,28397625,1454400,08-05-2025 09:56,7.7,41593275,4888050
08-05-2025 09:56,24453,556050,575700,08-05-2025 09:56,74.65,28422825,1439700,08-05-2025 09:56,7.75,41472150,4929075
08-05-2025 09:56,24455,573075,576975,08-05-2025 09:56,77,28487175,1441425,08-05-2025 09:56,7.35,41376000,5046000
08-05-2025 09:56,24455,572775,574575,08-05-2025 09:56,76.7,28521450,1424550,08-05-2025 09:56,7.4,41303025,5026125
08-05-2025 09:56,24455.5,573375,574200,08-05-2025 09:56,76.8,28549575,1424625,08-05-2025 09:56,7.3,41280225,5169225
08-05-2025 09:57,24457.1,576675,575250,08-05-2025 09:57,75.45,28555800,1413225,08-05-2025 09:57,7.6,41246175,5125575
08-05-2025 09:57,24455,572850,577725,08-05-2025 09:57,77.2,28568400,1412550,08-05-2025 09:57,7.3,41427375,5102025
08-05-2025 09:57,24455,572325,578625,08-05-2025 09:57,74.25,28586175,1438650,08-05-2025 09:57,7.65,41413650,5039325
08-05-2025 09:57,24453,571725,575625,08-05-2025 09:57,75.55,28546500,1434150,08-05-2025 09:57,7.75,41480775,4942350
08-05-2025 09:57,24453.6,571950,576525,08-05-2025 09:57,75.4,28546200,1424700,08-05-2025 09:57,7.6,41427075,5042025
08-05-2025 09:57,24452.1,572175,576825,08-05-2025 09:57,76.2,28564350,1447800,08-05-2025 09:57,7.4,41439300,5149950
08-05-2025 09:58,24455.9,574200,575625,08-05-2025 09:58,77.55,28581525,1445100,08-05-2025 09:58,7.5,41422125,5207775
08-05-2025 09:58,24455,573825,572850,08-05-2025 09:58,77.9,28594350,1412025,08-05-2025 09:58,7.3,41413950,5037825
08-05-2025 09:58,24456,574200,573000,08-05-2025 09:58,78.45,28595250,1410600,08-05-2025 09:58,7.15,41297550,5080050
08-05-2025 09:58,24456.2,574200,574950,08-05-2025 09:58,77.8,28594950,1419075,08-05-2025 09:58,7.25,41341275,5081400
08-05-2025 09:58,24456.2,574500,574950,08-05-2025 09:58,77.75,28594350,1433775,08-05-2025 09:58,7.25,41361075,5111925
08-05-2025 09:58,24456.2,576075,575100,08-05-2025 09:58,78.85,28590675,1427625,08-05-2025 09:58,6.9,41366850,5265450
08-05-2025 09:59,24455,575475,576000,08-05-2025 09:59,75.9,28600125,1421175,08-05-2025 09:59,7.3,41312625,5315025
08-05-2025 09:59,24454,574050,575775,08-05-2025 09:59,75.8,28584675,1426650,08-05-2025 09:59,7.3,41360400,5118525
08-05-2025 09:59,24452,574125,576600,08-05-2025 09:59,75,28582350,1441500,08-05-2025 09:59,7.35,41356125,5152650
08-05-2025 09:59,24452,573825,578250,08-05-2025 09:59,74.25,28572375,1449150,08-05-2025 09:59,7.55,41431875,5163525
08-05-2025 09:59,24453.2,573150,576975,08-05-2025 09:59,73.45,28528800,1450875,08-05-2025 09:59,7.65,41493525,5004675
08-05-2025 09:59,24453.3,574425,576825,08-05-2025 09:59,74.3,28531425,1463100,08-05-2025 09:59,7.45,41432400,5185050
08-05-2025 10:00,24456.7,575625,575475,08-05-2025 10:00,76.15,28571400,1466850,08-05-2025 10:00,7.1,41377725,5243850
08-05-2025 10:00,24453.4,573825,574800,08-05-2025 10:00,76.35,28582575,1489725,08-05-2025 10:00,6.95,41235300,5268900
08-05-2025 10:00,24453.4,574200,575175,08-05-2025 10:00,75.25,28582950,1527525,08-05-2025 10:00,7.05,41344575,5202225
08-05-2025 10:00,24454,574950,574725,08-05-2025 10:00,75,28578975,1536000,08-05-2025 10:00,6.9,41237325,5377800
08-05-2025 10:00,24452,576075,574125,08-05-2025 10:00,74.95,28607325,1530825,08-05-2025 10:00,6.75,41219100,5395575
08-05-2025 10:00,24455,577050,573675,08-05-2025 10:00,75.6,28608300,1536825,08-05-2025 10:00,6.6,41211750,5398650
08-05-2025 10:01,24456.1,576825,573075,08-05-2025 10:01,76.55,28608000,1504950,08-05-2025 10:01,6.4,41222700,5396850
08-05-2025 10:01,24455.5,577650,571425,08-05-2025 10:01,76.9,28617450,1527300,08-05-2025 10:01,6.05,41090325,5478600
08-05-2025 10:01,24467.2,577950,569100,08-05-2025 10:01,82.7,28641525,1471050,08-05-2025 10:01,5.6,40900350,5437350
08-05-2025 10:01,24466.5,578775,570225,08-05-2025 10:01,81.95,28622625,1304775,08-05-2025 10:01,5.75,41136675,5268525
08-05-2025 10:01,24464.8,578475,568875,08-05-2025 10:01,82.6,28624275,1339500,08-05-2025 10:01,5.8,41142300,5266200
08-05-2025 10:01,24463.5,577275,569100,08-05-2025 10:01,79.3,28603200,1384650,08-05-2025 10:01,6.1,41317425,5351850
08-05-2025 10:02,24464.5,578175,570000,08-05-2025 10:02,82.3,28553025,1383150,08-05-2025 10:02,5.85,41178675,5410050
08-05-2025 10:02,24461.6,578250,569400,08-05-2025 10:02,82,28582275,1384200,08-05-2025 10:02,5.85,41407800,5421750
08-05-2025 10:02,24465.3,579075,569325,08-05-2025 10:02,81.75,28599825,1388775,08-05-2025 10:02,5.85,41444400,5329575
08-05-2025 10:02,24462.4,581025,569025,08-05-2025 10:02,83.7,28616700,1391475,08-05-2025 10:02,5.75,41254725,5346750
08-05-2025 10:02,24465.3,581175,568950,08-05-2025 10:02,84,28623675,1371825,08-05-2025 10:02,5.75,41243775,5376450
08-05-2025 10:02,24463.5,579900,569475,08-05-2025 10:02,83.3,28610325,1372425,08-05-2025 10:02,6.1,41428500,5208825
08-05-2025 10:03,24463.5,580650,569475,08-05-2025 10:03,83.55,28606275,1388400,08-05-2025 10:03,6.1,41428650,5199450
08-05-2025 10:03,24463.8,578325,570300,08-05-2025 10:03,81.1,28608225,1392825,08-05-2025 10:03,6.5,41769900,5175075
08-05-2025 10:03,24463.2,578250,570450,08-05-2025 10:03,79.8,28536975,1405650,08-05-2025 10:03,6.65,41688750,5023725
08-05-2025 10:03,24461.4,579150,570675,08-05-2025 10:03,81.8,28545525,1412625,08-05-2025 10:03,6.4,41687250,5167650
08-05-2025 10:03,24461.9,579075,569775,08-05-2025 10:03,82.15,28572675,1428675,08-05-2025 10:03,6.25,41471850,5290500
08-05-2025 10:03,24461.6,581475,569625,08-05-2025 10:03,83,28597875,1431150,08-05-2025 10:03,6.2,41597250,5361375
08-05-2025 10:04,24463,582750,569850,08-05-2025 10:04,84.4,28596300,1421025,08-05-2025 10:04,6.05,41723475,5398200
08-05-2025 10:04,24471.1,582675,569625,08-05-2025 10:04,87.5,28603800,1384050,08-05-2025 10:04,6.1,41702250,5322225
08-05-2025 10:04,24470.4,582825,567825,08-05-2025 10:04,91.8,28630500,1233600,08-05-2025 10:04,5.9,41667225,5415900
08-05-2025 10:04,24470,582900,568275,08-05-2025 10:04,90.5,28632675,1151025,08-05-2025 10:04,6.15,41920200,5229300
08-05-2025 10:04,24473.9,583575,569400,08-05-2025 10:04,90,28597500,1185750,08-05-2025 10:04,5.95,41791575,5414700
08-05-2025 10:04,24470.1,582675,569175,08-05-2025 10:04,90,28543575,1201275,08-05-2025 10:04,5.9,41841000,5377125
08-05-2025 10:05,24473,581025,571725,08-05-2025 10:05,88.25,28509900,1219575,08-05-2025 10:05,6.05,41844825,5320950
08-05-2025 10:05,24471.6,582525,573375,08-05-2025 10:05,87.5,28455600,1236675,08-05-2025 10:05,6.15,41923125,5243550
08-05-2025 10:05,24470,582450,574350,08-05-2025 10:05,87.35,28457850,1244025,08-05-2025 10:05,6,41917575,5231925
08-05-2025 10:05,24466.1,584325,570975,08-05-2025 10:05,86.25,28479825,1243650,08-05-2025 10:05,6.15,41849250,5314500
08-05-2025 10:05,24472.5,581850,572925,08-05-2025 10:05,87.15,28485375,1245150,08-05-2025 10:05,6,41914050,5291175
08-05-2025 10:05,24470,582375,574575,08-05-2025 10:05,85.6,28491825,1266825,08-05-2025 10:05,6.1,42080400,5240925
08-05-2025 10:06,24470,580875,578325,08-05-2025 10:06,85.6,28467000,1271625,08-05-2025 10:06,6.1,42168600,5223675
08-05-2025 10:06,24466.1,582075,576075,08-05-2025 10:06,84.7,28484400,1288575,08-05-2025 10:06,6.1,42139725,5225925
08-05-2025 10:06,24468,582300,577575,08-05-2025 10:06,85.6,28494600,1294200,08-05-2025 10:06,6.05,42085650,5269125
08-05-2025 10:06,24469.8,582675,578100,08-05-2025 10:06,83.8,28504725,1311525,08-05-2025 10:06,6.15,42074475,5311275
08-05-2025 10:06,24468.4,583350,580575,08-05-2025 10:06,85.2,28478475,1317000,08-05-2025 10:06,6.1,42158475,5329875
08-05-2025 10:06,24468,584550,580050,08-05-2025 10:06,85.75,28494900,1319775,08-05-2025 10:06,5.95,42042000,5309850
08-05-2025 10:07,24467,584775,578550,08-05-2025 10:07,84.5,28503450,1315125,08-05-2025 10:07,6.05,41996925,5391675
08-05-2025 10:07,24467.8,583425,582000,08-05-2025 10:07,84.05,28485300,1322625,08-05-2025 10:07,6.1,42071700,5274975
08-05-2025 10:07,24469.4,583200,581925,08-05-2025 10:07,84.9,28478475,1331025,08-05-2025 10:07,5.9,42061875,5269725
08-05-2025 10:07,24469.4,584850,578250,08-05-2025 10:07,87.65,28539075,1328250,08-05-2025 10:07,5.75,41937600,5384550
08-05-2025 10:07,24469.5,584025,578400,08-05-2025 10:07,87.3,28548825,1313400,08-05-2025 10:07,5.85,41942775,5424075
08-05-2025 10:07,24469.6,585150,578250,08-05-2025 10:07,88,28555725,1325475,08-05-2025 10:07,5.85,41935875,5470200
08-05-2025 10:08,24469.6,586200,575250,08-05-2025 10:08,89.2,28529775,1308375,08-05-2025 10:08,5.85,42000000,5419425
08-05-2025 10:08,24469.4,586050,575850,08-05-2025 10:08,87.8,28524075,1321125,08-05-2025 10:08,6,42024000,5418300
08-05-2025 10:08,24469.7,585225,576750,08-05-2025 10:08,88.65,28509825,1339050,08-05-2025 10:08,5.95,42072150,5331525
08-05-2025 10:08,24469.8,584850,575700,08-05-2025 10:08,88.9,28501425,1340550,08-05-2025 10:08,5.85,42062850,5416050
08-05-2025 10:08,24471.6,586875,576000,08-05-2025 10:08,89.75,28513125,1345800,08-05-2025 10:08,5.8,42013650,5458800
08-05-2025 10:08,24471.7,586275,576750,08-05-2025 10:08,88.75,28520475,1324500,08-05-2025 10:08,5.7,41995650,5464050
08-05-2025 10:09,24471.8,586050,577650,08-05-2025 10:09,86.8,28490475,1338075,08-05-2025 10:09,5.9,42065025,5435775
08-05-2025 10:09,24467.6,586200,577425,08-05-2025 10:09,85.75,28485075,1338525,08-05-2025 10:09,5.9,42087525,5351550
08-05-2025 10:09,24467.2,586950,577725,08-05-2025 10:09,87.65,28494675,1338900,08-05-2025 10:09,5.8,42050850,5376300
08-05-2025 10:09,24468.5,587550,576825,08-05-2025 10:09,88.2,28508250,1343325,08-05-2025 10:09,5.65,41905050,5442675
08-05-2025 10:09,24469.3,586875,573525,08-05-2025 10:09,85.25,28514550,1353000,08-05-2025 10:09,5.7,41984025,5465025
08-05-2025 10:09,24467,584850,576675,08-05-2025 10:09,83.5,28485675,1363575,08-05-2025 10:09,5.85,42079125,5226975
08-05-2025 10:10,24467.6,586500,575925,08-05-2025 10:10,83.95,28450425,1364775,08-05-2025 10:10,5.7,42085500,5202150
08-05-2025 10:10,24467.5,586725,573900,08-05-2025 10:10,84.8,28473975,1376625,08-05-2025 10:10,5.6,41901225,5280975
08-05-2025 10:10,24465,586950,573600,08-05-2025 10:10,83.6,28496625,1377675,08-05-2025 10:10,5.55,41906850,5287650
08-05-2025 10:10,24465,585075,574800,08-05-2025 10:10,82.45,28497075,1385775,08-05-2025 10:10,5.65,41933475,5310675
08-05-2025 10:10,24465,585525,575025,08-05-2025 10:10,83.4,28467150,1387200,08-05-2025 10:10,5.6,41989275,5295450
08-05-2025 10:10,24469.8,587925,573975,08-05-2025 10:10,85.1,28530450,1380375,08-05-2025 10:10,5.3,41909100,5354625
08-05-2025 10:11,24470.1,587475,574350,08-05-2025 10:11,85.2,28502325,1383000,08-05-2025 10:11,5.5,41989500,5357625
08-05-2025 10:11,24465.6,587400,576525,08-05-2025 10:11,84.35,28501125,1401075,08-05-2025 10:11,5.6,42021675,5240250
08-05-2025 10:11,24465.6,587475,575325,08-05-2025 10:11,83.25,28500450,1412550,08-05-2025 10:11,5.55,42107475,5250825
08-05-2025 10:11,24469.8,587625,576000,08-05-2025 10:11,83.95,28502100,1404600,08-05-2025 10:11,5.55,42021975,5318625
08-05-2025 10:11,24465,587775,578175,08-05-2025 10:11,83.05,28531425,1408875,08-05-2025 10:11,5.6,42047025,5354700
08-05-2025 10:11,24465.1,587025,577200,08-05-2025 10:11,83.8,28526175,1413075,08-05-2025 10:11,5.55,42040650,5291025
08-05-2025 10:12,24466.9,587400,575775,08-05-2025 10:12,84.3,28525425,1432350,08-05-2025 10:12,5.5,42096900,5343000
08-05-2025 10:12,24466.9,587325,574350,08-05-2025 10:12,83.45,28523550,1413750,08-05-2025 10:12,5.55,41972025,5331975
08-05-2025 10:12,24464.1,585825,575925,08-05-2025 10:12,79.6,28514850,1426725,08-05-2025 10:12,5.9,42201300,5252325
08-05-2025 10:12,24461.4,586125,577050,08-05-2025 10:12,79.3,28364475,1430625,08-05-2025 10:12,5.95,42256050,5055675
08-05-2025 10:12,24462,587550,574800,08-05-2025 10:12,80.6,28393650,1408350,08-05-2025 10:12,5.85,42026700,5196750
08-05-2025 10:12,0,0,0,08-05-2025 10:12,0,0,0,08-05-2025 10:12,0,0,0
08-05-2025 10:13,0,0,0,08-05-2025 10:13,0,0,0,08-05-2025 10:13,0,0,0
08-05-2025 10:13,0,0,0,08-05-2025 10:13,0,0,0,08-05-2025 10:13,0,0,0
08-05-2025 10:13,0,0,0,08-05-2025 10:13,0,0,0,08-05-2025 10:13,0,0,0
08-05-2025 10:13,0,0,0,08-05-2025 10:13,0,0,0,08-05-2025 10:13,0,0,0
08-05-2025 10:13,0,0,0,08-05-2025 10:13,0,0,0,08-05-2025 10:13,0,0,0
08-05-2025 10:13,0,0,0,08-05-2025 10:13,0,0,0,08-05-2025 10:13,0,0,0
08-05-2025 10:14,0,0,0,08-05-2025 10:14,0,0,0,08-05-2025 10:14,0,0,0
08-05-2025 10:14,0,0,0,08-05-2025 10:14,0,0,0,08-05-2025 10:14,0,0,0
08-05-2025 10:14,0,0,0,08-05-2025 10:14,0,0,0,08-05-2025 10:14,0,0,0
08-05-2025 10:14,0,0,0,08-05-2025 10:14,0,0,0,08-05-2025 10:14,0,0,0
08-05-2025 10:14,0,0,0,08-05-2025 10:14,0,0,0,08-05-2025 10:14,0,0,0
08-05-2025 10:14,0,0,0,08-05-2025 10:14,0,0,0,08-05-2025 10:14,0,0,0
08-05-2025 10:15,0,0,0,08-05-2025 10:15,0,0,0,08-05-2025 10:15,0,0,0
08-05-2025 10:15,0,0,0,08-05-2025 10:15,0,0,0,08-05-2025 10:15,0,0,0
08-05-2025 10:15,0,0,0,08-05-2025 10:15,0,0,0,08-05-2025 10:15,0,0,0
08-05-2025 10:15,0,0,0,08-05-2025 10:15,0,0,0,08-05-2025 10:15,0,0,0
08-05-2025 10:15,0,0,0,08-05-2025 10:15,0,0,0,08-05-2025 10:15,0,0,0
08-05-2025 10:15,0,0,0,08-05-2025 10:15,0,0,0,08-05-2025 10:15,0,0,0
08-05-2025 10:16,0,0,0,08-05-2025 10:16,0,0,0,08-05-2025 10:16,0,0,0
08-05-2025 10:16,0,0,0,08-05-2025 10:16,0,0,0,08-05-2025 10:16,0,0,0
08-05-2025 10:16,0,0,0,08-05-2025 10:16,0,0,0,08-05-2025 10:16,0,0,0
08-05-2025 10:16,0,0,0,08-05-2025 10:16,0,0,0,08-05-2025 10:16,0,0,0
08-05-2025 10:16,0,0,0,08-05-2025 10:16,0,0,0,08-05-2025 10:16,0,0,0
08-05-2025 10:16,0,0,0,08-05-2025 10:16,0,0,0,08-05-2025 10:16,0,0,0
08-05-2025 10:17,0,0,0,08-05-2025 10:17,0,0,0,08-05-2025 10:17,0,0,0
08-05-2025 10:17,0,0,0,08-05-2025 10:17,0,0,0,08-05-2025 10:17,0,0,0
08-05-2025 10:17,0,0,0,08-05-2025 10:17,0,0,0,08-05-2025 10:17,0,0,0
08-05-2025 10:17,0,0,0,08-05-2025 10:17,0,0,0,08-05-2025 10:17,0,0,0
08-05-2025 10:17,0,0,0,08-05-2025 10:17,0,0,0,08-05-2025 10:17,0,0,0
08-05-2025 10:17,0,0,0,08-05-2025 10:17,0,0,0,08-05-2025 10:17,0,0,0
08-05-2025 10:18,0,0,0,08-05-2025 10:18,0,0,0,08-05-2025 10:18,0,0,0
08-05-2025 10:18,0,0,0,08-05-2025 10:18,0,0,0,08-05-2025 10:18,0,0,0
08-05-2025 10:18,0,0,0,08-05-2025 10:18,0,0,0,08-05-2025 10:18,0,0,0
08-05-2025 10:18,0,0,0,08-05-2025 10:18,0,0,0,08-05-2025 10:18,0,0,0
08-05-2025 10:18,0,0,0,08-05-2025 10:18,0,0,0,08-05-2025 10:18,0,0,0
08-05-2025 10:18,0,0,0,08-05-2025 10:18,0,0,0,08-05-2025 10:18,0,0,0
08-05-2025 10:19,0,0,0,08-05-2025 10:19,0,0,0,08-05-2025 10:19,0,0,0
08-05-2025 10:19,0,0,0,08-05-2025 10:19,0,0,0,08-05-2025 10:19,0,0,0
08-05-2025 10:19,0,0,0,08-05-2025 10:19,0,0,0,08-05-2025 10:19,0,0,0
08-05-2025 10:19,0,0,0,08-05-2025 10:19,0,0,0,08-05-2025 10:19,0,0,0
08-05-2025 10:19,0,0,0,08-05-2025 10:19,0,0,0,08-05-2025 10:19,0,0,0
08-05-2025 10:19,0,0,0,08-05-2025 10:19,0,0,0,08-05-2025 10:19,0,0,0
08-05-2025 10:20,0,0,0,08-05-2025 10:20,0,0,0,08-05-2025 10:20,0,0,0
08-05-2025 10:20,0,0,0,08-05-2025 10:20,0,0,0,08-05-2025 10:20,0,0,0
08-05-2025 10:20,0,0,0,08-05-2025 10:20,0,0,0,08-05-2025 10:20,0,0,0
08-05-2025 10:20,0,0,0,08-05-2025 10:20,0,0,0,08-05-2025 10:20,0,0,0
08-05-2025 10:20,0,0,0,08-05-2025 10:20,0,0,0,08-05-2025 10:20,0,0,0
08-05-2025 10:20,0,0,0,08-05-2025 10:20,0,0,0,08-05-2025 10:20,0,0,0
08-05-2025 10:21,0,0,0,08-05-2025 10:21,0,0,0,08-05-2025 10:21,0,0,0
08-05-2025 10:21,0,0,0,08-05-2025 10:21,0,0,0,08-05-2025 10:21,0,0,0
08-05-2025 10:21,0,0,0,08-05-2025 10:21,0,0,0,08-05-2025 10:21,0,0,0
08-05-2025 10:21,0,0,0,08-05-2025 10:21,0,0,0,08-05-2025 10:21,0,0,0
08-05-2025 10:21,0,0,0,08-05-2025 10:21,0,0,0,08-05-2025 10:21,0,0,0
08-05-2025 10:21,0,0,0,08-05-2025 10:21,0,0,0,08-05-2025 10:21,0,0,0
08-05-2025 10:22,0,0,0,08-05-2025 10:22,0,0,0,08-05-2025 10:22,0,0,0
08-05-2025 10:22,0,0,0,08-05-2025 10:22,0,0,0,08-05-2025 10:22,0,0,0
08-05-2025 10:22,0,0,0,08-05-2025 10:22,0,0,0,08-05-2025 10:22,0,0,0
08-05-2025 10:22,0,0,0,08-05-2025 10:22,0,0,0,08-05-2025 10:22,0,0,0
08-05-2025 10:22,0,0,0,08-05-2025 10:22,0,0,0,08-05-2025 10:22,0,0,0
08-05-2025 10:22,0,0,0,08-05-2025 10:22,0,0,0,08-05-2025 10:22,0,0,0
08-05-2025 10:23,0,0,0,08-05-2025 10:23,0,0,0,08-05-2025 10:23,0,0,0
08-05-2025 10:23,0,0,0,08-05-2025 10:23,0,0,0,08-05-2025 10:23,0,0,0
08-05-2025 10:23,0,0,0,08-05-2025 10:23,0,0,0,08-05-2025 10:23,0,0,0
08-05-2025 10:23,0,0,0,08-05-2025 10:23,0,0,0,08-05-2025 10:23,0,0,0
08-05-2025 10:23,0,0,0,08-05-2025 10:23,0,0,0,08-05-2025 10:23,0,0,0
08-05-2025 10:23,0,0,0,08-05-2025 10:23,0,0,0,08-05-2025 10:23,0,0,0
08-05-2025 10:24,0,0,0,08-05-2025 10:24,0,0,0,08-05-2025 10:24,0,0,0
08-05-2025 10:24,0,0,0,08-05-2025 10:24,0,0,0,08-05-2025 10:24,0,0,0
08-05-2025 10:24,0,0,0,08-05-2025 10:24,0,0,0,08-05-2025 10:24,0,0,0
08-05-2025 10:24,0,0,0,08-05-2025 10:24,0,0,0,08-05-2025 10:24,0,0,0
08-05-2025 10:24,0,0,0,08-05-2025 10:24,0,0,0,08-05-2025 10:24,0,0,0
08-05-2025 10:24,0,0,0,08-05-2025 10:24,0,0,0,08-05-2025 10:24,0,0,0
08-05-2025 10:25,0,0,0,08-05-2025 10:25,0,0,0,08-05-2025 10:25,0,0,0
08-05-2025 10:25,0,0,0,08-05-2025 10:25,0,0,0,08-05-2025 10:25,0,0,0
08-05-2025 10:25,0,0,0,08-05-2025 10:25,0,0,0,08-05-2025 10:25,0,0,0
08-05-2025 10:25,0,0,0,08-05-2025 10:25,0,0,0,08-05-2025 10:25,0,0,0
08-05-2025 10:25,0,0,0,08-05-2025 10:25,0,0,0,08-05-2025 10:25,0,0,0
08-05-2025 10:25,0,0,0,08-05-2025 10:25,0,0,0,08-05-2025 10:25,0,0,0
08-05-2025 10:26,0,0,0,08-05-2025 10:26,0,0,0,08-05-2025 10:26,0,0,0
08-05-2025 10:26,0,0,0,08-05-2025 10:26,0,0,0,08-05-2025 10:26,0,0,0
08-05-2025 10:26,0,0,0,08-05-2025 10:26,0,0,0,08-05-2025 10:26,0,0,0
08-05-2025 10:26,0,0,0,08-05-2025 10:26,0,0,0,08-05-2025 10:26,0,0,0
08-05-2025 10:26,0,0,0,08-05-2025 10:26,0,0,0,08-05-2025 10:26,0,0,0
08-05-2025 10:26,0,0,0,08-05-2025 10:26,0,0,0,08-05-2025 10:26,0,0,0
08-05-2025 10:27,0,0,0,08-05-2025 10:27,0,0,0,08-05-2025 10:27,0,0,0
08-05-2025 10:27,0,0,0,08-05-2025 10:27,0,0,0,08-05-2025 10:27,0,0,0
08-05-2025 10:27,0,0,0,08-05-2025 10:27,0,0,0,08-05-2025 10:27,0,0,0
08-05-2025 10:27,0,0,0,08-05-2025 10:27,0,0,0,08-05-2025 10:27,0,0,0
08-05-2025 10:27,0,0,0,08-05-2025 10:27,0,0,0,08-05-2025 10:27,0,0,0
08-05-2025 10:27,0,0,0,08-05-2025 10:27,0,0,0,08-05-2025 10:27,0,0,0
08-05-2025 10:28,0,0,0,08-05-2025 10:28,0,0,0,08-05-2025 10:28,0,0,0
08-05-2025 10:28,0,0,0,08-05-2025 10:28,0,0,0,08-05-2025 10:28,0,0,0
08-05-2025 10:28,0,0,0,08-05-2025 10:28,0,0,0,08-05-2025 10:28,0,0,0
08-05-2025 10:28,0,0,0,08-05-2025 10:28,0,0,0,08-05-2025 10:28,0,0,0
08-05-2025 10:28,0,0,0,08-05-2025 10:28,0,0,0,08-05-2025 10:28,0,0,0
08-05-2025 10:28,0,0,0,08-05-2025 10:28,0,0,0,08-05-2025 10:28,0,0,0
08-05-2025 10:29,0,0,0,08-05-2025 10:29,0,0,0,08-05-2025 10:29,0,0,0
08-05-2025 10:29,0,0,0,08-05-2025 10:29,0,0,0,08-05-2025 10:29,0,0,0
08-05-2025 10:29,0,0,0,08-05-2025 10:29,0,0,0,08-05-2025 10:29,0,0,0
08-05-2025 10:29,0,0,0,08-05-2025 10:29,0,0,0,08-05-2025 10:29,0,0,0
08-05-2025 10:29,0,0,0,08-05-2025 10:29,0,0,0,08-05-2025 10:29,0,0,0
08-05-2025 10:29,0,0,0,08-05-2025 10:29,0,0,0,08-05-2025 10:29,0,0,0
08-05-2025 10:30,0,0,0,08-05-2025 10:30,0,0,0,08-05-2025 10:30,0,0,0
08-05-2025 10:30,0,0,0,08-05-2025 10:30,0,0,0,08-05-2025 10:30,0,0,0
08-05-2025 10:30,0,0,0,08-05-2025 10:30,0,0,0,08-05-2025 10:30,0,0,0
08-05-2025 10:30,0,0,0,08-05-2025 10:30,0,0,0,08-05-2025 10:30,0,0,0
08-05-2025 10:30,0,0,0,08-05-2025 10:30,91.35,28649400,1167900,08-05-2025 10:30,0,0,0
08-05-2025 10:30,0,0,0,08-05-2025 10:30,91.3,28650525,1167075,08-05-2025 10:30,4.3,42036825,5850150
08-05-2025 10:31,24477.4,609300,572250,08-05-2025 10:31,93.45,28658775,1154475,08-05-2025 10:31,4.35,42292500,5716200
08-05-2025 10:31,24476.3,608175,573900,08-05-2025 10:31,92.7,28674150,1138125,08-05-2025 10:31,4.35,42117075,5856000
08-05-2025 10:31,24476.3,608475,574050,08-05-2025 10:31,91.7,28641000,1149375,08-05-2025 10:31,4.35,42133425,5746050
08-05-2025 10:31,24475.7,607350,574275,08-05-2025 10:31,90.25,28625475,1170150,08-05-2025 10:31,4.4,42205275,5746050
08-05-2025 10:31,24474.9,606300,575325,08-05-2025 10:31,88.7,28608075,1170375,08-05-2025 10:31,4.35,42218400,5695575
08-05-2025 10:31,24473,609150,573825,08-05-2025 10:31,90.45,28556775,1158900,08-05-2025 10:31,4.35,42175875,5871150
08-05-2025 10:32,24476,608850,574350,08-05-2025 10:32,91.5,28586025,1150575,08-05-2025 10:32,4.3,42092475,5859300
08-05-2025 10:32,24476,608700,575400,08-05-2025 10:32,91.4,28599975,1164825,08-05-2025 10:32,4.2,42078150,5952600
08-05-2025 10:32,24476,606675,572400,08-05-2025 10:32,91.85,28797150,1171275,08-05-2025 10:32,4.2,42092250,5967300
08-05-2025 10:32,24476,606675,571500,08-05-2025 10:32,91.65,28805025,1178400,08-05-2025 10:32,4.3,41941500,5881500
08-05-2025 10:32,24480,609450,572100,08-05-2025 10:32,93,28829775,1178475,08-05-2025 10:32,4.15,41919750,5948925
08-05-2025 10:32,24480,610650,572175,08-05-2025 10:32,94.35,28832625,1160025,08-05-2025 10:32,4.2,41844675,5947275
08-05-2025 10:33,24480,610125,571050,08-05-2025 10:33,94.6,28830150,1141725,08-05-2025 10:33,4.05,41839350,6064950
08-05-2025 10:33,24478.2,608550,573450,08-05-2025 10:33,93.25,28828725,1137975,08-05-2025 10:33,4,41700675,6114675
08-05-2025 10:33,24480,607650,571050,08-05-2025 10:33,94.1,28777575,1152600,08-05-2025 10:33,4.05,41682300,6058800
08-05-2025 10:33,24481.9,607800,571575,08-05-2025 10:33,94.5,28696275,1161600,08-05-2025 10:33,3.95,41571450,6108375
08-05-2025 10:33,24483,610950,571875,08-05-2025 10:33,95.15,28606650,1168425,08-05-2025 10:33,4,41596500,6120300
08-05-2025 10:33,0,0,0,08-05-2025 10:33,95.95,28625025,1149900,08-05-2025 10:33,4,41825400,6064200
08-05-2025 10:34,24484,609375,568425,08-05-2025 10:34,98.25,28648275,1148700,08-05-2025 10:34,4,41641800,5936775
08-05-2025 10:34,24487.9,609450,569700,08-05-2025 10:34,98.15,28843500,1140450,08-05-2025 10:34,4,41830125,5885475
08-05-2025 10:34,24487,607650,574425,08-05-2025 10:34,96.65,28785150,1171125,08-05-2025 10:34,4,41838975,5822850
08-05-2025 10:34,24488,606825,572025,08-05-2025 10:34,96.9,28634475,1181550,08-05-2025 10:34,4,41793225,5875275
08-05-2025 10:34,24487.9,607950,571575,08-05-2025 10:34,96.95,28638300,1178475,08-05-2025 10:34,3.95,41712750,5861775
08-05-2025 10:34,24485.1,607200,572850,08-05-2025 10:34,96.75,28638825,1191825,08-05-2025 10:34,4,41729475,5826150
08-05-2025 10:35,24485.2,606450,571350,08-05-2025 10:35,95.4,28638075,1206000,08-05-2025 10:35,3.95,41682000,5865225
08-05-2025 10:35,24481,605625,574800,08-05-2025 10:35,94.85,28599975,1209900,08-05-2025 10:35,4,41664900,5879100
08-05-2025 10:35,24480.6,605850,570825,08-05-2025 10:35,94.25,28585050,1215900,08-05-2025 10:35,4,41703900,5857050
08-05-2025 10:35,24483.6,606750,575850,08-05-2025 10:35,94.3,28582350,1216500,08-05-2025 10:35,3.95,41670075,5862375
08-05-2025 10:35,0,0,0,08-05-2025 10:35,93.25,28580025,1222050,08-05-2025 10:35,4,41703525,5899275
08-05-2025 10:35,24478,606150,577350,08-05-2025 10:35,91.95,28568925,1236225,08-05-2025 10:35,4,42089850,5855925
08-05-2025 10:36,24479.2,605250,573825,08-05-2025 10:36,91.85,28556775,1230900,08-05-2025 10:36,4.05,42114450,5771550
08-05-2025 10:36,24478.3,611400,573750,08-05-2025 10:36,95.45,28628850,1235025,08-05-2025 10:36,3.9,42144375,5946525
08-05-2025 10:36,24480,608550,572025,08-05-2025 10:36,94.55,28639800,1211475,08-05-2025 10:36,4.05,42038400,5809950
08-05-2025 10:36,24481.9,607125,576450,08-05-2025 10:36,93.8,28626075,1230450,08-05-2025 10:36,4.05,42040500,5690925
08-05-2025 10:36,24476,605250,571125,08-05-2025 10:36,92,28619850,1240350,08-05-2025 10:36,4.1,42097350,5660325
08-05-2025 10:36,24479.4,608250,571425,08-05-2025 10:36,92.65,28613775,1241850,08-05-2025 10:36,4.25,42349275,5599875
08-05-2025 10:37,24477.9,608175,571200,08-05-2025 10:37,93,28623525,1237425,08-05-2025 10:37,4.25,42346425,5440050
08-05-2025 10:37,24476.4,608175,571050,08-05-2025 10:37,93.05,28634250,1240125,08-05-2025 10:37,4.25,42329925,5428500
08-05-2025 10:37,24476.4,607575,575175,08-05-2025 10:37,91.65,28635900,1240800,08-05-2025 10:37,4.25,42332250,5392725
08-05-2025 10:37,24474.9,607875,573075,08-05-2025 10:37,90.9,28621050,1243350,08-05-2025 10:37,4.3,42365625,5437875
08-05-2025 10:37,24475.7,608025,573075,08-05-2025 10:37,91.2,28608225,1242300,08-05-2025 10:37,4.35,42535800,5320425
08-05-2025 10:37,24475.3,609300,577350,08-05-2025 10:37,92.15,28619850,1240125,08-05-2025 10:37,4.4,42590775,5316525
08-05-2025 10:38,24475.4,609150,581475,08-05-2025 10:38,92.65,28620375,1233450,08-05-2025 10:38,4.35,42514500,5392425
08-05-2025 10:38,24476.9,609075,581925,08-05-2025 10:38,92.45,28628100,1244100,08-05-2025 10:38,4.45,42497775,5404500
08-05-2025 10:38,24474.6,610500,580350,08-05-2025 10:38,92.95,28632300,1239975,08-05-2025 10:38,4.35,42530475,5365650
08-05-2025 10:38,24477.9,611475,582150,08-05-2025 10:38,93,28626975,1205325,08-05-2025 10:38,4.4,42655125,5380800
08-05-2025 10:38,24476.5,611175,581100,08-05-2025 10:38,93.15,28636950,1213200,08-05-2025 10:38,4.45,42623625,5420325
08-05-2025 10:38,24476.5,611325,579975,08-05-2025 10:38,93.8,28647225,1209600,08-05-2025 10:38,4.4,42632550,5399700
08-05-2025 10:39,24476.5,611025,581250,08-05-2025 10:39,93.9,28647150,1218300,08-05-2025 10:39,4.4,42705600,5434500
08-05-2025 10:39,24479,611625,580125,08-05-2025 10:39,94.3,28663200,1210950,08-05-2025 10:39,4.4,42653700,5397750
08-05-2025 10:39,24478.9,610950,582150,08-05-2025 10:39,93.9,28660275,1214325,08-05-2025 10:39,4.35,42632850,5464125
08-05-2025 10:39,24477,610650,579750,08-05-2025 10:39,94.5,28640550,1226175,08-05-2025 10:39,4.35,42549975,5528400
08-05-2025 10:39,24476,610725,580350,08-05-2025 10:39,93,28639575,1222650,08-05-2025 10:39,4.35,42285000,5631000
08-05-2025 10:39,24476,610200,580275,08-05-2025 10:39,92.15,28638000,1237200,08-05-2025 10:39,4.4,42403350,5606100
08-05-2025 10:40,24475,610125,580425,08-05-2025 10:40,93.1,28652100,1242225,08-05-2025 10:40,4.45,42431550,5580150
08-05-2025 10:40,24475,609525,580500,08-05-2025 10:40,92.2,28648200,1251525,08-05-2025 10:40,4.45,42494025,5552100
08-05-2025 10:40,24475,609300,583425,08-05-2025 10:40,91.05,28626525,1263675,08-05-2025 10:40,4.45,42351675,5677650
08-05-2025 10:40,24476.9,608550,581400,08-05-2025 10:40,90.5,28605675,1262625,08-05-2025 10:40,4.45,42468975,5592150
08-05-2025 10:40,24476,609150,584025,08-05-2025 10:40,91.65,28590675,1259925,08-05-2025 10:40,4.4,42437925,5604825
08-05-2025 10:40,24476,610275,580350,08-05-2025 10:40,92.65,28617675,1266900,08-05-2025 10:40,4.35,42334200,5643975
08-05-2025 10:41,24475.3,610050,578925,08-05-2025 10:41,92.8,28621500,1278300,08-05-2025 10:41,4.35,42260100,5627400
08-05-2025 10:41,24478.9,610050,577950,08-05-2025 10:41,93.7,28622850,1276875,08-05-2025 10:41,4.3,42209025,5740500
08-05-2025 10:41,24476.5,611025,578475,08-05-2025 10:41,93.2,28630125,1276350,08-05-2025 10:41,4.3,42192750,5788800
08-05-2025 10:41,24478,608700,578400,08-05-2025 10:41,92.6,28623525,1282050,08-05-2025 10:41,4.3,42260325,5728425
08-05-2025 10:41,24479.9,609375,581175,08-05-2025 10:41,92,28602525,1288800,08-05-2025 10:41,4.35,42184500,5659875
08-05-2025 10:41,24476.1,608100,583125,08-05-2025 10:41,92,28605825,1298550,08-05-2025 10:41,4.35,42127500,5703600
08-05-2025 10:42,24476.1,608400,579825,08-05-2025 10:42,92,28646925,1303425,08-05-2025 10:42,4.35,42118950,5715600
08-05-2025 10:42,24476.3,609525,581850,08-05-2025 10:42,92.8,28654725,1300650,08-05-2025 10:42,4.25,42090900,5802450
08-05-2025 10:42,24479,608550,581775,08-05-2025 10:42,92.6,28664550,1293075,08-05-2025 10:42,4.3,42015525,5822175
08-05-2025 10:42,24479,608250,580650,08-05-2025 10:42,92.75,28659825,1286475,08-05-2025 10:42,4.3,42041475,5849850
08-05-2025 10:42,24476.3,609525,580800,08-05-2025 10:42,93.7,28663425,1282275,08-05-2025 10:42,4.3,42075750,5873175
08-05-2025 10:42,24476.3,608925,581175,08-05-2025 10:42,93.2,28659075,1274700,08-05-2025 10:42,4.35,42226875,5808450
08-05-2025 10:43,24478.8,609075,581325,08-05-2025 10:43,92.7,28653900,1287075,08-05-2025 10:43,4.3,42187575,5748150
08-05-2025 10:43,24478.8,608550,581100,08-05-2025 10:43,92.6,28651575,1295550,08-05-2025 10:43,4.3,42230100,5775900
08-05-2025 10:43,24476.3,609000,579300,08-05-2025 10:43,92.8,28633725,1301100,08-05-2025 10:43,4.3,42106950,5829525
08-05-2025 10:43,24478,610575,581550,08-05-2025 10:43,91.55,28631550,1315275,08-05-2025 10:43,4.3,42162375,5817975
08-05-2025 10:43,24477.7,608100,581175,08-05-2025 10:43,90.85,28607400,1317000,08-05-2025 10:43,4.4,42227925,5732100
08-05-2025 10:43,24477,607500,580425,08-05-2025 10:43,91.6,28599900,1310925,08-05-2025 10:43,4.3,42288450,5729850
08-05-2025 10:44,24477,608925,580200,08-05-2025 10:44,91.95,28615875,1312350,08-05-2025 10:44,4.35,42124500,5691300
08-05-2025 10:44,24475.1,609150,580050,08-05-2025 10:44,92.1,28635750,1311450,08-05-2025 10:44,4.3,42138825,5709375
08-05-2025 10:44,24475.1,609150,581550,08-05-2025 10:44,91.85,28634925,1318500,08-05-2025 10:44,4.35,42279300,5714625
08-05-2025 10:44,24475,609600,579975,08-05-2025 10:44,92.25,28640025,1319550,08-05-2025 10:44,4.35,42255750,5603025
08-05-2025 10:44,24476.8,609750,579825,08-05-2025 10:44,92.35,28641600,1316325,08-05-2025 10:44,4.35,42224325,5593950
08-05-2025 10:44,24476.9,609750,576750,08-05-2025 10:44,92.15,28630950,1328700,08-05-2025 10:44,4.35,42241200,5607150
08-05-2025 10:45,24476.9,609675,576450,08-05-2025 10:45,92.65,28628925,1329375,08-05-2025 10:45,4.35,42195375,5629350
08-05-2025 10:45,24478.2,610650,577125,08-05-2025 10:45,93.25,28626150,1332450,08-05-2025 10:45,4.25,42247800,5621625
08-05-2025 10:45,24479.8,610050,574725,08-05-2025 10:45,94.3,28624500,1285575,08-05-2025 10:45,4.25,42136725,5654850
08-05-2025 10:45,24478.2,609975,574725,08-05-2025 10:45,94.05,28619475,1255500,08-05-2025 10:45,4.3,42159600,5692125
08-05-2025 10:45,24478.2,611400,576000,08-05-2025 10:45,93.65,28621050,1267425,08-05-2025 10:45,4.35,42212250,5678250
08-05-2025 10:45,24479.8,612150,575175,08-05-2025 10:45,93.75,28620900,1275600,08-05-2025 10:45,4.35,42280800,5659575
08-05-2025 10:46,24478.2,612375,576075,08-05-2025 10:46,92.4,28620525,1265700,08-05-2025 10:46,4.45,42365775,5675175
08-05-2025 10:46,0,0,0,08-05-2025 10:46,91.95,28597650,1273650,08-05-2025 10:46,4.3,42349800,5631075
08-05-2025 10:46,24475.1,609675,576600,08-05-2025 10:46,91,28583175,1278675,08-05-2025 10:46,4.35,42314550,5638275
08-05-2025 10:46,24475.1,609825,576300,08-05-2025 10:46,90.9,28568250,1279725,08-05-2025 10:46,4.3,42288150,5671350
08-05-2025 10:46,24476,610500,575700,08-05-2025 10:46,91,28552575,1278900,08-05-2025 10:46,4.3,42241575,5788050
08-05-2025 10:46,24475.1,611550,575100,08-05-2025 10:46,91.35,28574100,1301325,08-05-2025 10:46,4.35,42194100,5805525
08-05-2025 10:47,24475.2,610500,577050,08-05-2025 10:47,90.2,28567425,1312200,08-05-2025 10:47,4.35,42292950,5711475
08-05-2025 10:47,24471,608325,582000,08-05-2025 10:47,87,28545225,1334400,08-05-2025 10:47,4.4,42508500,5615550
08-05-2025 10:47,24470,609075,577275,08-05-2025 10:47,85.65,28423650,1327425,08-05-2025 10:47,4.45,42487725,5546250
08-05-2025 10:47,24473.1,609675,582225,08-05-2025 10:47,86.05,28391775,1320525,08-05-2025 10:47,4.45,42358425,5356125
08-05-2025 10:47,24470,609300,582075,08-05-2025 10:47,86.4,28421625,1307850,08-05-2025 10:47,4.5,42374025,5344425
08-05-2025 10:47,24470.7,610350,581025,08-05-2025 10:47,87,28455300,1301100,08-05-2025 10:47,4.5,42350700,5322450
08-05-2025 10:48,24471.9,608625,577425,08-05-2025 10:48,87.95,28493250,1307850,08-05-2025 10:48,4.55,42338700,5300100
08-05-2025 10:48,24474.4,609450,577800,08-05-2025 10:48,90.15,28506375,1294875,08-05-2025 10:48,4.25,42320550,5498550
08-05-2025 10:48,24476,610275,575625,08-05-2025 10:48,90.75,28545825,1276350,08-05-2025 10:48,4.15,41913750,5647275
08-05-2025 10:48,24476,604200,577425,08-05-2025 10:48,89.9,28538400,1279500,08-05-2025 10:48,4.25,42168375,5533725
08-05-2025 10:48,24473.5,604275,577425,08-05-2025 10:48,90.2,28511250,1298100,08-05-2025 10:48,4.25,42124200,5491350
08-05-2025 10:48,24471.8,604350,579000,08-05-2025 10:48,90.1,28510500,1318350,08-05-2025 10:48,4.2,42134700,5534400
08-05-2025 10:49,24475,604200,575850,08-05-2025 10:49,89.9,28530075,1324125,08-05-2025 10:49,4.25,42051750,5569800
08-05-2025 10:49,24472.8,604650,575475,08-05-2025 10:49,90.6,28537125,1319775,08-05-2025 10:49,4.15,42019875,5616600
08-05-2025 10:49,24474.6,605700,575100,08-05-2025 10:49,92.3,28551975,1319325,08-05-2025 10:49,4,41965650,5776125
08-05-2025 10:49,24474,604725,572550,08-05-2025 10:49,92,28553550,1288350,08-05-2025 10:49,4.1,41858400,5768925
08-05-2025 10:49,24475,604125,573225,08-05-2025 10:49,91.6,28558650,1311450,08-05-2025 10:49,4.15,42022125,5747850
08-05-2025 10:49,0,0,0,08-05-2025 10:49,91.3,28550325,1314750,08-05-2025 10:49,4.15,42135900,5633100
08-05-2025 10:50,24475,604275,572625,08-05-2025 10:50,91.25,28555350,1318725,08-05-2025 10:50,4.15,42145950,5655900
08-05-2025 10:50,24474.1,604125,573375,08-05-2025 10:50,91.25,28563150,1324950,08-05-2025 10:50,4.1,42119025,5712900
08-05-2025 10:50,24473.8,604650,573825,08-05-2025 10:50,91.75,28587675,1311825,08-05-2025 10:50,4.15,42116325,5739450
08-05-2025 10:50,24474.3,604950,573075,08-05-2025 10:50,91.8,28583550,1311600,08-05-2025 10:50,4.2,42217125,5675475
08-05-2025 10:50,24474.9,605625,574125,08-05-2025 10:50,92.1,28588125,1307250,08-05-2025 10:50,4.2,42119850,5640150
08-05-2025 10:50,24476,606000,574425,08-05-2025 10:50,92.1,28633800,1310700,08-05-2025 10:50,4.2,42094350,5651400
08-05-2025 10:51,24476.4,605700,574425,08-05-2025 10:51,92.4,28683675,1314225,08-05-2025 10:51,4.1,42083250,5722425
08-05-2025 10:51,24477,605700,574050,08-05-2025 10:51,92.6,28689600,1309575,08-05-2025 10:51,4.15,41972400,5771850
08-05-2025 10:51,24476.8,605250,574425,08-05-2025 10:51,92,28688775,1312200,08-05-2025 10:51,4.05,42001800,5776875
08-05-2025 10:51,24477,604350,573525,08-05-2025 10:51,91.75,28710825,1315050,08-05-2025 10:51,4.05,41922150,5771475
08-05-2025 10:51,24477,605100,575850,08-05-2025 10:51,90.9,28754775,1317750,08-05-2025 10:51,4.1,41963325,5841525
08-05-2025 10:51,24476,603600,575400,08-05-2025 10:51,90.45,28714050,1328100,08-05-2025 10:51,4.1,42080025,5689875
08-05-2025 10:52,24475,604200,531675,08-05-2025 10:52,90.55,28755000,1329000,08-05-2025 10:52,4.1,42100425,5692500
08-05-2025 10:52,24472,604725,537825,08-05-2025 10:52,88.5,28748250,1344225,08-05-2025 10:52,4.2,42181575,5677650
08-05-2025 10:52,24471.1,603450,537225,08-05-2025 10:52,88,28706250,1344075,08-05-2025 10:52,4.25,42258150,5593575
08-05-2025 10:52,24472,605025,536100,08-05-2025 10:52,89,28733475,1341075,08-05-2025 10:52,4.2,42230100,5632050
08-05-2025 10:52,24474,605625,535800,08-05-2025 10:52,89.8,28775700,1335900,08-05-2025 10:52,4.1,42163800,5721600
08-05-2025 10:52,24474,605625,533250,08-05-2025 10:52,89.9,28781625,1343775,08-05-2025 10:52,4.1,42062700,5743200
08-05-2025 10:53,24474,606075,534150,08-05-2025 10:53,90.3,28788000,1343475,08-05-2025 10:53,4.1,42097350,5752425
08-05-2025 10:53,24472.2,605700,537075,08-05-2025 10:53,89.5,28785525,1340550,08-05-2025 10:53,4.1,42074400,5806950
08-05-2025 10:53,24472.9,606150,535200,08-05-2025 10:53,89.95,28762125,1335600,08-05-2025 10:53,4,41942625,5900925
08-05-2025 10:53,0,0,0,08-05-2025 10:53,89.9,28764375,1332300,08-05-2025 10:53,4.05,41883825,5857350
08-05-2025 10:53,24473,606000,535500,08-05-2025 10:53,89.95,28754550,1339350,08-05-2025 10:53,4.05,41973000,5878425
08-05-2025 10:53,24474,606225,534300,08-05-2025 10:53,89.8,28759275,1342125,08-05-2025 10:53,3.95,41880000,5959200
08-05-2025 10:54,0,0,0,08-05-2025 10:54,89.75,28759125,1343250,08-05-2025 10:54,3.8,41931300,6071100
08-05-2025 10:54,24473.9,606300,532800,08-05-2025 10:54,89.85,28766925,1339800,08-05-2025 10:54,3.9,41957775,6003000
08-05-2025 10:54,24473.7,606000,535275,08-05-2025 10:54,89.7,28762875,1345050,08-05-2025 10:54,3.85,41918025,6011925
08-05-2025 10:54,24475,607425,536100,08-05-2025 10:54,91.55,28770975,1343325,08-05-2025 10:54,3.75,41895525,6143700
08-05-2025 10:54,24475,607200,534975,08-05-2025 10:54,91,28767150,1315725,08-05-2025 10:54,3.7,41859975,6176925
08-05-2025 10:54,24475,606225,533850,08-05-2025 10:54,90.9,28770750,1329675,08-05-2025 10:54,3.8,41960625,6152475
08-05-2025 10:55,24475,606375,537000,08-05-2025 10:55,90,28773750,1338075,08-05-2025 10:55,3.85,42032175,6011700
08-05-2025 10:55,24475,606300,535575,08-05-2025 10:55,90.2,28766400,1334100,08-05-2025 10:55,3.85,42083025,5941650
08-05-2025 10:55,0,0,0,08-05-2025 10:55,89.95,28765125,1339275,08-05-2025 10:55,3.8,42065550,5960325
08-05-2025 10:55,24477,607350,535650,08-05-2025 10:55,90.95,28766850,1332000,08-05-2025 10:55,3.7,41880450,6175200
08-05-2025 10:55,24477,607050,535800,08-05-2025 10:55,91.15,28772325,1327950,08-05-2025 10:55,3.75,41916075,6212625
08-05-2025 10:55,24477,607800,536175,08-05-2025 10:55,91.25,28760700,1326375,08-05-2025 10:55,3.7,41993325,6092625
08-05-2025 10:56,24477,607950,534975,08-05-2025 10:56,90.95,28764825,1322475,08-05-2025 10:56,3.8,42049575,6125925
08-05-2025 10:56,24476,607425,539400,08-05-2025 10:56,90.25,28763175,1329975,08-05-2025 10:56,3.9,42169425,5928825
08-05-2025 10:56,24476,607800,539550,08-05-2025 10:56,90.5,28765950,1328850,08-05-2025 10:56,3.8,42115275,6030300
08-05-2025 10:56,24475,606825,538950,08-05-2025 10:56,89.6,28764600,1334475,08-05-2025 10:56,3.9,42148425,5973900
08-05-2025 10:56,24475.1,606750,538725,08-05-2025 10:56,90.35,28759650,1329225,08-05-2025 10:56,3.85,42213975,5886075
08-05-2025 10:56,24475,607050,539625,08-05-2025 10:56,89.5,28757175,1334550,08-05-2025 10:56,3.9,42282600,5847075
08-05-2025 10:57,24470.7,605625,541650,08-05-2025 10:57,88.1,28737450,1337700,08-05-2025 10:57,4,42493650,5706750
08-05-2025 10:57,24471.6,605175,539325,08-05-2025 10:57,89.3,28730925,1343100,08-05-2025 10:57,4,42530025,5634000
08-05-2025 10:57,24472.7,605475,540600,08-05-2025 10:57,88.7,28732575,1353225,08-05-2025 10:57,4,42516075,5750925
08-05-2025 10:57,24475,606225,541500,08-05-2025 10:57,90.1,28746900,1352325,08-05-2025 10:57,3.95,42378975,5868750
08-05-2025 10:57,24474.9,605850,537975,08-05-2025 10:57,89.5,28754700,1345500,08-05-2025 10:57,3.9,42317475,5879475
08-05-2025 10:57,0,0,0,08-05-2025 10:57,89.6,28749075,1353075,08-05-2025 10:57,3.95,42208425,5921025
08-05-2025 10:58,0,0,0,08-05-2025 10:58,89.8,28748325,1355400,08-05-2025 10:58,3.8,42138825,6051375
08-05-2025 10:58,24470.7,605250,539550,08-05-2025 10:58,88.6,28750950,1356525,08-05-2025 10:58,3.85,42076050,6041625
08-05-2025 10:58,0,0,0,08-05-2025 10:58,88.2,28733850,1355925,08-05-2025 10:58,3.9,42133125,5948175
08-05-2025 10:58,24469.9,603600,540675,08-05-2025 10:58,87,28720425,1362900,08-05-2025 10:58,3.95,42264075,5761350
08-05-2025 10:58,24469.9,603975,536850,08-05-2025 10:58,86.95,28687350,1358400,08-05-2025 10:58,4,42275625,5755125
08-05-2025 10:58,24471,604500,538950,08-05-2025 10:58,86.9,28708500,1361100,08-05-2025 10:58,4,42267075,5779650
08-05-2025 10:59,24470.2,604350,538425,08-05-2025 10:59,87.3,28727850,1359825,08-05-2025 10:59,3.95,42279225,5826450
08-05-2025 10:59,24471.9,604275,539325,08-05-2025 10:59,87.25,28739100,1351275,08-05-2025 10:59,3.9,42265425,5859450
08-05-2025 10:59,24471.9,605400,537750,08-05-2025 10:59,88.4,28758600,1358325,08-05-2025 10:59,3.75,42156750,6049725
08-05-2025 10:59,24472.1,605625,536400,08-05-2025 10:59,88.75,28763400,1328400,08-05-2025 10:59,3.75,42001425,6105375
08-05-2025 10:59,24473,605175,535200,08-05-2025 10:59,89,28780275,1337700,08-05-2025 10:59,3.85,42171525,6058725
08-05-2025 10:59,24472,604950,537375,08-05-2025 10:59,88.65,28781700,1338900,08-05-2025 10:59,3.8,42207000,5876700
08-05-2025 11:00,24473.2,605100,538800,08-05-2025 11:00,88.65,28792575,1344600,08-05-2025 11:00,3.75,42295800,6064200
08-05-2025 11:00,24473.9,604575,539625,08-05-2025 11:00,88.8,28794225,1333200,08-05-2025 11:00,3.75,42067275,6063825
08-05-2025 11:00,24473.9,604500,539475,08-05-2025 11:00,89.1,28802475,1336875,08-05-2025 11:00,3.7,42040650,5979975
08-05-2025 11:00,24473.9,603975,537975,08-05-2025 11:00,88.8,28804200,1341150,08-05-2025 11:00,3.75,41942925,5964900
08-05-2025 11:00,0,0,0,08-05-2025 11:00,89.75,28818825,1335825,08-05-2025 11:00,3.6,41903925,6120525
08-05-2025 11:00,24473.4,604200,535575,08-05-2025 11:00,89.65,28821000,1328475,08-05-2025 11:00,3.6,41930400,6128400
08-05-2025 11:01,24473.9,603600,537000,08-05-2025 11:01,89.4,28814250,1316250,08-05-2025 11:01,3.7,42037500,6171225
08-05-2025 11:01,24471.3,601200,538875,08-05-2025 11:01,88,28797375,1329525,08-05-2025 11:01,3.8,42314550,5846925
08-05-2025 11:01,24471.2,600075,537075,08-05-2025 11:01,88.1,28787700,1329300,08-05-2025 11:01,3.85,42297450,5688975
08-05-2025 11:01,24473.9,602925,540825,08-05-2025 11:01,88,28797375,1325625,08-05-2025 11:01,3.9,42359325,5665800
08-05-2025 11:01,0,0,0,08-05-2025 11:01,88.2,28804875,1525575,08-05-2025 11:01,3.8,42271275,5721300
08-05-2025 11:01,0,0,0,08-05-2025 11:01,88.6,28817250,1526175,08-05-2025 11:01,3.7,42280275,5904675
08-05-2025 11:02,24473,601950,543000,08-05-2025 11:02,87.6,28816800,1527375,08-05-2025 11:02,3.9,42308550,5769375
08-05-2025 11:02,24470.6,602025,543975,08-05-2025 11:02,87.15,28801350,1531800,08-05-2025 11:02,3.9,42488700,5622525
08-05-2025 11:02,24471.2,602175,541575,08-05-2025 11:02,88.2,28803975,1529475,08-05-2025 11:02,3.9,42409050,5657250
08-05-2025 11:02,24471.1,602325,543375,08-05-2025 11:02,87.7,28812675,1532850,08-05-2025 11:02,4,42501900,5647350
08-05-2025 11:02,24472.3,603300,540900,08-05-2025 11:02,88.9,28834650,1535325,08-05-2025 11:02,3.9,42496575,5613900
08-05-2025 11:02,0,0,0,08-05-2025 11:02,88.65,28835700,1458000,08-05-2025 11:02,3.9,42455850,5623200
08-05-2025 11:03,24472,603600,540975,08-05-2025 11:03,88.55,28838550,1363725,08-05-2025 11:03,3.95,42444675,5736150
08-05-2025 11:03,24472,603600,539550,08-05-2025 11:03,88.15,28836225,1352475,08-05-2025 11:03,3.85,42303225,5735175
08-05-2025 11:03,24471.2,602550,539550,08-05-2025 11:03,88.5,28828800,1357575,08-05-2025 11:03,3.9,42317250,5788500
08-05-2025 11:03,24471.4,602625,541425,08-05-2025 11:03,87.65,28823475,1515150,08-05-2025 11:03,3.9,42311775,5800050
08-05-2025 11:03,24471.4,601275,540525,08-05-2025 11:03,87.55,28805475,1520250,08-05-2025 11:03,3.9,42449175,5679000
08-05-2025 11:03,24471.2,601500,539550,08-05-2025 11:03,87.1,28811925,1523325,08-05-2025 11:03,3.9,42312075,5814600
08-05-2025 11:04,24471,601125,542775,08-05-2025 11:04,86.5,28807650,1529550,08-05-2025 11:04,4.05,42504900,5704425
08-05-2025 11:04,24472,601200,543225,08-05-2025 11:04,86.8,28782150,1523250,08-05-2025 11:04,4,42620700,5520075
08-05-2025 11:04,24470.4,600975,543300,08-05-2025 11:04,86.9,28783500,1528500,08-05-2025 11:04,4,42535650,5554200
08-05-2025 11:04,24470.5,602250,544350,08-05-2025 11:04,87.8,28805175,1518450,08-05-2025 11:04,3.9,42413850,5660925
08-05-2025 11:04,24471,602775,544875,08-05-2025 11:04,87.65,28814250,1493025,08-05-2025 11:04,3.9,42388875,5674200
08-05-2025 11:04,24471,602775,547050,08-05-2025 11:04,87.5,28817700,1513800,08-05-2025 11:04,3.9,42310125,5751150
08-05-2025 11:05,24470.9,602625,546600,08-05-2025 11:05,87.95,28814850,1510950,08-05-2025 11:05,3.85,42293700,5779125
08-05-2025 11:05,24470,601725,542400,08-05-2025 11:05,87.85,28820100,1487850,08-05-2025 11:05,3.8,42170775,5843475
08-05-2025 11:05,24470,601650,542250,08-05-2025 11:05,87.85,28822500,1464825,08-05-2025 11:05,3.85,42151125,5844900
08-05-2025 11:05,24469.9,601050,543300,08-05-2025 11:05,87.3,28815750,1441875,08-05-2025 11:05,3.9,42301050,5856375
08-05-2025 11:05,24470.4,600900,542625,08-05-2025 11:05,88.15,28797600,1439850,08-05-2025 11:05,3.75,42330750,5984250
08-05-2025 11:05,24470.4,601425,543900,08-05-2025 11:05,88.2,28807425,1326300,08-05-2025 11:05,3.75,42108900,5975475
08-05-2025 11:06,24470.9,602475,540600,08-05-2025 11:06,89.15,28808700,1323075,08-05-2025 11:06,3.65,42090825,6067875
08-05-2025 11:06,24473,601650,541725,08-05-2025 11:06,88.6,28796700,1331550,08-05-2025 11:06,3.7,42162975,6030750
08-05-2025 11:06,24471.3,602775,542475,08-05-2025 11:06,88.4,28781700,1335525,08-05-2025 11:06,3.75,42152175,5945175
08-05-2025 11:06,24472.9,602925,541425,08-05-2025 11:06,89.2,28811475,1335450,08-05-2025 11:06,3.65,42153750,6076650
08-05-2025 11:06,24473,604200,541275,08-05-2025 11:06,89,28804725,1322925,08-05-2025 11:06,3.65,41977725,6148875
08-05-2025 11:06,24472.9,605550,536850,08-05-2025 11:06,90,28799325,1326075,08-05-2025 11:06,3.55,42019575,6102900
08-05-2025 11:07,24473,605325,537075,08-05-2025 11:07,90.2,28801650,1295925,08-05-2025 11:07,3.65,41957325,6162600
08-05-2025 11:07,24473,605925,535800,08-05-2025 11:07,91.3,28801575,1295400,08-05-2025 11:07,3.6,41983350,6073650
08-05-2025 11:07,24474.9,605850,541125,08-05-2025 11:07,89.85,28806675,1275675,08-05-2025 11:07,3.7,42155550,5993700
08-05-2025 11:07,24473.9,605700,539175,08-05-2025 11:07,90.7,28793175,1274775,08-05-2025 11:07,3.55,42081975,6040425
08-05-2025 11:07,24476.3,606300,540225,08-05-2025 11:07,90.2,28788300,1290675,08-05-2025 11:07,3.6,41909550,6039075
08-05-2025 11:07,24475,607800,539850,08-05-2025 11:07,90.4,28785975,1297125,08-05-2025 11:07,3.5,41932575,6113025
08-05-2025 11:08,24477.6,608700,539925,08-05-2025 11:08,90.6,28791600,1296675,08-05-2025 11:08,3.45,41895900,6173925
08-05-2025 11:08,24477.4,610950,537825,08-05-2025 11:08,90.5,28796250,1296225,08-05-2025 11:08,3.5,41913000,6194775
08-05-2025 11:08,24475,611850,537375,08-05-2025 11:08,90.6,28796325,1301775,08-05-2025 11:08,3.45,41922825,6122850
08-05-2025 11:08,24475.2,611775,538125,08-05-2025 11:08,90.35,28790700,1309950,08-05-2025 11:08,3.65,42207825,6054450
08-05-2025 11:08,24478,611925,538275,08-05-2025 11:08,91.2,28793325,1303575,08-05-2025 11:08,3.6,42264525,5868450
08-05-2025 11:08,24478.7,612075,538275,08-05-2025 11:08,90.8,28793400,1286625,08-05-2025 11:08,3.6,42165000,5878125
08-05-2025 11:09,24478,612450,537600,08-05-2025 11:09,90.95,28795050,1285275,08-05-2025 11:09,3.6,42097725,5862525
08-05-2025 11:09,24478,612450,538125,08-05-2025 11:09,90.85,28791450,1283475,08-05-2025 11:09,3.55,42119325,5944275
08-05-2025 11:09,24478.4,613050,537825,08-05-2025 11:09,90.45,28771650,1293825,08-05-2025 11:09,3.6,42059925,5915550
08-05-2025 11:09,24475.9,612825,537000,08-05-2025 11:09,90.5,28776600,1304550,08-05-2025 11:09,3.5,42064650,6036150
08-05-2025 11:09,24476.3,612900,536775,08-05-2025 11:09,90.5,28774050,1311750,08-05-2025 11:09,3.6,42030075,6028050
08-05-2025 11:09,24476,611925,539400,08-05-2025 11:09,90,28760550,1313025,08-05-2025 11:09,3.6,42170250,5984025
08-05-2025 11:10,24478,614400,537675,08-05-2025 11:10,91.25,28737150,1306950,08-05-2025 11:10,3.6,42156525,5971500
08-05-2025 11:10,24480,614550,537150,08-05-2025 11:10,92.2,28739925,1284300,08-05-2025 11:10,3.55,42066525,6076275
08-05-2025 11:10,24480,614625,538950,08-05-2025 11:10,93.15,28946475,1243800,08-05-2025 11:10,3.7,42108525,6109875
08-05-2025 11:10,24480,613350,534825,08-05-2025 11:10,93,28959375,1244475,08-05-2025 11:10,3.55,42120750,5709750
08-05-2025 11:10,24480,614025,536850,08-05-2025 11:10,92.85,28964025,1247100,08-05-2025 11:10,3.65,42066150,5836800
08-05-2025 11:10,24476.1,614325,538125,08-05-2025 11:10,92.65,28962300,1261125,08-05-2025 11:10,3.65,42075975,5809275
08-05-2025 11:11,24476,612750,538425,08-05-2025 11:11,92.7,28969200,1267200,08-05-2025 11:11,3.6,42055575,5850675
08-05-2025 11:11,24476,613575,536625,08-05-2025 11:11,93,28975575,1260600,08-05-2025 11:11,3.6,42017775,5940975
08-05-2025 11:11,24477,613050,536475,08-05-2025 11:11,93.2,28971825,1260300,08-05-2025 11:11,3.65,42060525,5925825
08-05-2025 11:11,24478,612900,536100,08-05-2025 11:11,91.3,28966125,1265625,08-05-2025 11:11,3.65,42168150,5788950
08-05-2025 11:11,24478,611550,537375,08-05-2025 11:11,91,28931175,1271250,08-05-2025 11:11,3.7,42193425,5828175
08-05-2025 11:11,24478.3,611625,538125,08-05-2025 11:11,90.35,28910025,1282950,08-05-2025 11:11,3.65,42191625,5854500
08-05-2025 11:12,24476,610575,539100,08-05-2025 11:12,89.55,28725675,1302900,08-05-2025 11:12,3.7,42194550,5889225
08-05-2025 11:12,24477.9,610275,538275,08-05-2025 11:12,89.15,28702650,1296825,08-05-2025 11:12,3.7,42235275,5896050
08-05-2025 11:12,24476,610425,538725,08-05-2025 11:12,89.8,28706475,1296225,08-05-2025 11:12,3.65,42223650,5941425
08-05-2025 11:12,24476,610950,540750,08-05-2025 11:12,89.8,28714125,1287525,08-05-2025 11:12,3.7,42237450,5955375
08-05-2025 11:12,0,0,0,08-05-2025 11:12,90.2,28721175,1269675,08-05-2025 11:12,3.7,42303675,5767275
08-05-2025 11:12,24475,610875,537375,08-05-2025 11:12,90.9,28724025,1261800,08-05-2025 11:12,3.7,42323475,5765250
08-05-2025 11:13,24475,610800,539550,08-05-2025 11:13,90.6,28723200,1267725,08-05-2025 11:13,3.8,42412875,5718525
08-05-2025 11:13,24473.7,610875,539550,08-05-2025 11:13,90,28730475,1282500,08-05-2025 11:13,3.8,42395700,5731350
08-05-2025 11:13,24473.7,610275,537975,08-05-2025 11:13,89.65,28729575,1286175,08-05-2025 11:13,3.85,42489750,5681700
08-05-2025 11:13,24474.9,610500,539250,08-05-2025 11:13,89.5,28715775,1285200,08-05-2025 11:13,3.85,42511200,5672850
08-05-2025 11:13,24473,610875,538200,08-05-2025 11:13,90.45,28731000,1286250,08-05-2025 11:13,3.9,42608250,5623200
08-05-2025 11:13,24475,611100,540150,08-05-2025 11:13,89.8,28731150,1275300,08-05-2025 11:13,3.9,42582675,5638125
08-05-2025 11:14,24473,612375,542550,08-05-2025 11:14,90,28735275,1279425,08-05-2025 11:14,3.85,42509175,5627250
08-05-2025 11:14,0,0,0,08-05-2025 11:14,90.35,28735275,1275825,08-05-2025 11:14,3.85,42451725,5765925
08-05-2025 11:14,24474.9,612675,539850,08-05-2025 11:14,90.4,28740900,1288125,08-05-2025 11:14,3.85,42424575,5705250
08-05-2025 11:14,24474.9,612150,539625,08-05-2025 11:14,89.75,28739175,1289175,08-05-2025 11:14,3.85,42498525,5714175
08-05-2025 11:14,24474.9,612825,538350,08-05-2025 11:14,89.6,28733250,1290300,08-05-2025 11:14,3.85,42473925,5698650
08-05-2025 11:14,24474.5,613275,541575,08-05-2025 11:14,89.25,28730550,1294950,08-05-2025 11:14,3.85,42474075,5756250
08-05-2025 11:15,24474,613275,538800,08-05-2025 11:15,90.1,28750800,1292250,08-05-2025 11:15,3.9,42468450,5757450
08-05-2025 11:15,24474.9,614400,543900,08-05-2025 11:15,89.95,28751700,1286325,08-05-2025 11:15,3.9,42467400,5754900
08-05-2025 11:15,24472.5,613875,541125,08-05-2025 11:15,90.65,28753425,1284225,08-05-2025 11:15,3.8,42452700,5791800
08-05-2025 11:15,0,0,0,08-05-2025 11:15,90.15,28751100,1288575,08-05-2025 11:15,3.9,42548625,5753400
08-05-2025 11:15,24474.5,614775,539850,08-05-2025 11:15,89.9,28778400,1292250,08-05-2025 11:15,4,42560025,5660325
08-05-2025 11:15,0,0,0,08-05-2025 11:15,90,28783500,1290075,08-05-2025 11:15,4,42568950,5695050
08-05-2025 11:16,24474.5,614325,539325,08-05-2025 11:16,90.3,28783575,1294350,08-05-2025 11:16,3.95,42585675,5748525
08-05-2025 11:16,24472.6,614100,538875,08-05-2025 11:16,90.6,28783350,1288875,08-05-2025 11:16,3.95,42484425,5707650
08-05-2025 11:16,24474.5,614025,539325,08-05-2025 11:16,90.1,28777125,1288275,08-05-2025 11:16,3.95,42474150,5709375
08-05-2025 11:16,24475,614250,540600,08-05-2025 11:16,90.5,28773975,1286925,08-05-2025 11:16,3.85,42437475,5730225
08-05-2025 11:16,24474,615075,538650,08-05-2025 11:16,90.5,28778625,1281300,08-05-2025 11:16,3.85,42341850,5789175
08-05-2025 11:16,24474,615375,537975,08-05-2025 11:16,91,28778100,1279350,08-05-2025 11:16,3.85,42338100,5812125
08-05-2025 11:17,24476.7,614100,538725,08-05-2025 11:17,91.4,28777275,1261275,08-05-2025 11:17,3.9,42370725,5802375
08-05-2025 11:17,24474,615225,542175,08-05-2025 11:17,91.5,28779525,1253700,08-05-2025 11:17,3.9,42381675,5821950
08-05-2025 11:17,0,0,0,08-05-2025 11:17,91.85,28776075,1252500,08-05-2025 11:17,3.95,42586125,5692350
08-05-2025 11:17,24477.9,616950,541800,08-05-2025 11:17,91.9,28775400,1251525,08-05-2025 11:17,4,42548850,5604375
08-05-2025 11:17,24478,615975,544425,08-05-2025 11:17,91.2,28768275,1247400,08-05-2025 11:17,3.95,42545250,5583600
08-05-2025 11:17,24479.4,619425,542625,08-05-2025 11:17,91.55,28765275,1253250,08-05-2025 11:17,3.9,42386625,5633925
08-05-2025 11:18,24478.8,618600,541050,08-05-2025 11:18,92.15,28769175,1255725,08-05-2025 11:18,3.85,42239625,5702400
08-05-2025 11:18,24475,615075,542850,08-05-2025 11:18,93.05,28773300,1241025,08-05-2025 11:18,3.8,42175800,5868450
08-05-2025 11:18,24478,615150,543300,08-05-2025 11:18,93,28779075,1205475,08-05-2025 11:18,3.9,42334575,5750400
08-05-2025 11:18,24479,614025,541125,08-05-2025 11:18,93.35,28779375,1209825,08-05-2025 11:18,3.85,42349950,5646525
08-05-2025 11:18,24475,615225,540825,08-05-2025 11:18,93.9,28796175,1208850,08-05-2025 11:18,3.9,42392025,5613150
08-05-2025 11:18,24478,614550,542400,08-05-2025 11:18,93.65,28805100,1213650,08-05-2025 11:18,3.95,42340575,5556150
08-05-2025 11:19,24480,616275,542025,08-05-2025 11:19,95.9,28810350,1210050,08-05-2025 11:19,3.75,42307950,5654925
08-05-2025 11:19,24482.8,616500,541125,08-05-2025 11:19,96.2,28825050,1119075,08-05-2025 11:19,3.9,42420525,5666325
08-05-2025 11:19,24484.3,615675,541425,08-05-2025 11:19,95.25,28821675,1129425,08-05-2025 11:19,3.95,42388500,5554425
08-05-2025 11:19,24482.8,615825,542250,08-05-2025 11:19,95.55,28830450,1136700,08-05-2025 11:19,3.95,42331950,5599575
08-05-2025 11:19,24483.5,615225,540825,08-05-2025 11:19,95.15,28825275,1146150,08-05-2025 11:19,3.9,42228600,5618550
08-05-2025 11:19,24480.1,615225,541200,08-05-2025 11:19,95.55,28809675,1150650,08-05-2025 11:19,3.85,42175425,5710800
08-05-2025 11:20,24483,616575,541425,08-05-2025 11:20,95.45,28816275,1139250,08-05-2025 11:20,3.85,42109800,5722200
08-05-2025 11:20,24482,616875,540825,08-05-2025 11:20,95.15,28824300,1130475,08-05-2025 11:20,3.8,42073350,5731500
08-05-2025 11:20,24482,616050,540825,08-05-2025 11:20,95.8,28809075,1133700,08-05-2025 11:20,3.8,42077475,5775150
08-05-2025 11:20,24484,616650,540675,08-05-2025 11:20,97.3,28822500,1118925,08-05-2025 11:20,3.75,42090000,5834550
08-05-2025 11:20,24485,615375,541875,08-05-2025 11:20,96.15,28817625,1108650,08-05-2025 11:20,3.9,42219825,5714475
08-05-2025 11:20,24479.5,614925,543150,08-05-2025 11:20,96.65,28812825,1129875,08-05-2025 11:20,3.85,42243675,5664375
08-05-2025 11:21,24485,616650,543600,08-05-2025 11:21,96.8,28822350,1130400,08-05-2025 11:21,3.85,42255450,5655750
08-05-2025 11:21,0,0,0,08-05-2025 11:21,97.1,28828950,1106325,08-05-2025 11:21,3.85,42229050,5722950
08-05-2025 11:21,24485,616425,543900,08-05-2025 11:21,97.25,28819500,1117500,08-05-2025 11:21,3.85,42250575,5720175
08-05-2025 11:21,24484.9,616050,543525,08-05-2025 11:21,96.8,28826625,1115700,08-05-2025 11:21,3.85,42275100,5728275
08-05-2025 11:21,0,0,0,08-05-2025 11:21,96.2,28810875,1131600,08-05-2025 11:21,3.8,42188550,5832750
08-05-2025 11:21,24484.9,617100,543375,08-05-2025 11:21,96.1,28802925,1140600,08-05-2025 11:21,3.75,42088500,5849475
08-05-2025 11:22,24484.9,617700,542700,08-05-2025 11:22,96.05,28785675,1148025,08-05-2025 11:22,3.8,42068775,5870325
08-05-2025 11:22,24483.9,617325,542775,08-05-2025 11:22,96.6,28792125,1150725,08-05-2025 11:22,3.75,42087675,5955450
08-05-2025 11:22,24484,616275,546075,08-05-2025 11:22,95.65,28794150,1153125,08-05-2025 11:22,3.7,42042675,5956950
08-05-2025 11:22,24480.6,616200,548025,08-05-2025 11:22,94.75,28787550,1159425,08-05-2025 11:22,3.7,42048075,5934525
08-05-2025 11:22,0,0,0,08-05-2025 11:22,94.75,28764750,1171200,08-05-2025 11:22,3.7,42043950,5938200
08-05-2025 11:22,24480,618075,546300,08-05-2025 11:22,95.6,28761300,1169250,08-05-2025 11:22,3.7,42024900,5960100
08-05-2025 11:23,24482.9,618600,546375,08-05-2025 11:23,95.8,28765050,1159200,08-05-2025 11:23,3.65,41944125,6030300
08-05-2025 11:23,24484,615900,546675,08-05-2025 11:23,95.4,28775025,1163625,08-05-2025 11:23,3.65,41926800,5994750
08-05-2025 11:23,24482.9,616275,546450,08-05-2025 11:23,95.3,28777350,1172175,08-05-2025 11:23,3.7,41982150,6048975
08-05-2025 11:23,24480.6,616800,546000,08-05-2025 11:23,95.2,28778325,1179900,08-05-2025 11:23,3.65,41982975,6012450
08-05-2025 11:23,24480.6,618150,545925,08-05-2025 11:23,95.85,28773975,1179600,08-05-2025 11:23,3.6,41976075,6028050
08-05-2025 11:23,24483,618975,545775,08-05-2025 11:23,96.9,28778025,1164975,08-05-2025 11:23,3.65,41988150,5960850
08-05-2025 11:24,24483,618300,545625,08-05-2025 11:24,96.75,28774725,1146450,08-05-2025 11:24,3.7,42058575,5880375
08-05-2025 11:24,24483,617925,545925,08-05-2025 11:24,96.1,28781850,1157775,08-05-2025 11:24,3.7,42040125,5897325
08-05-2025 11:24,24483,617700,545700,08-05-2025 11:24,96.25,28772700,1169025,08-05-2025 11:24,3.65,42073200,5904225
08-05-2025 11:24,24483,617925,545925,08-05-2025 11:24,96.3,28774575,1176375,08-05-2025 11:24,3.6,42023100,5935350
08-05-2025 11:24,24483,617775,545850,08-05-2025 11:24,96.3,28776450,1185150,08-05-2025 11:24,3.65,42023175,5955525
08-05-2025 11:24,24483.3,618000,545475,08-05-2025 11:24,96.75,28777500,1170900,08-05-2025 11:24,3.7,42094125,5947875
08-05-2025 11:25,24485.3,618375,545325,08-05-2025 11:25,98.6,28776525,1169700,08-05-2025 11:25,3.7,42313800,5846325
08-05-2025 11:25,24487,618600,544425,08-05-2025 11:25,99.65,28785900,1038900,08-05-2025 11:25,3.8,42519900,5703000
08-05-2025 11:25,24485.7,619800,546675,08-05-2025 11:25,99.2,28771950,999675,08-05-2025 11:25,3.7,42380400,5886075
08-05-2025 11:25,24487.8,619425,545775,08-05-2025 11:25,99.15,28791375,1005450,08-05-2025 11:25,3.75,42171975,5882700
08-05-2025 11:25,24487.2,618525,549450,08-05-2025 11:25,98.8,28798200,1012950,08-05-2025 11:25,3.7,42189525,5886150
08-05-2025 11:25,24486.9,620100,547575,08-05-2025 11:25,100.5,28813125,1013400,08-05-2025 11:25,3.7,42185325,5915400
08-05-2025 11:26,24488,620025,544875,08-05-2025 11:26,100.75,28823700,988425,08-05-2025 11:26,3.85,42429600,5903025
08-05-2025 11:26,24488,622200,545025,08-05-2025 11:26,101.95,28837050,964875,08-05-2025 11:26,3.8,42392025,5700975
08-05-2025 11:26,24486,623100,543900,08-05-2025 11:26,100.8,28828500,967575,08-05-2025 11:26,3.8,42439950,5741250
08-05-2025 11:26,24488.9,620175,543675,08-05-2025 11:26,100.35,28815075,984000,08-05-2025 11:26,3.75,42364200,5676750
08-05-2025 11:26,24488,618300,540825,08-05-2025 11:26,99.95,28770975,1004700,08-05-2025 11:26,3.75,42306000,5781300
08-05-2025 11:26,24483.7,615975,544950,08-05-2025 11:26,99.6,28763475,1008000,08-05-2025 11:26,3.75,42238200,5828250
08-05-2025 11:27,24485.8,617700,543825,08-05-2025 11:27,100.6,28772175,1008975,08-05-2025 11:27,3.75,42177975,5793225
08-05-2025 11:27,24485,617850,546000,08-05-2025 11:27,100.5,28769250,1017600,08-05-2025 11:27,3.75,42240150,5796375
08-05-2025 11:27,24486,617550,545250,08-05-2025 11:27,99.65,28773675,1020150,08-05-2025 11:27,3.75,42257400,5825250
08-05-2025 11:27,24488,617625,545850,08-05-2025 11:27,100.9,28779000,1029750,08-05-2025 11:27,3.75,42216525,5777700
08-05-2025 11:27,24487.9,617775,545025,08-05-2025 11:27,100.7,28787175,1001850,08-05-2025 11:27,3.75,42335250,5771400
08-05-2025 11:27,24488,617175,543975,08-05-2025 11:27,100.95,28789125,1005225,08-05-2025 11:27,3.75,42362625,5719800
08-05-2025 11:28,24486,616725,543900,08-05-2025 11:28,100.35,28788150,1014150,08-05-2025 11:28,3.75,42341775,5705100
08-05-2025 11:28,24485.5,613125,541950,08-05-2025 11:28,100.1,28780425,1017150,08-05-2025 11:28,3.8,42364650,5722050
08-05-2025 11:28,24487.9,613200,541650,08-05-2025 11:28,100.1,28784625,1022775,08-05-2025 11:28,3.75,42287475,5726775
08-05-2025 11:28,24487,612450,541650,08-05-2025 11:28,99.7,28785000,1019100,08-05-2025 11:28,3.8,42319500,5731275
08-05-2025 11:28,24487,611700,542625,08-05-2025 11:28,99.95,28780275,1019325,08-05-2025 11:28,3.75,42272775,5645250
08-05-2025 11:28,24487.9,611700,542025,08-05-2025 11:28,99.95,28780050,1015425,08-05-2025 11:28,3.75,42335925,5588850
08-05-2025 11:29,24487.9,611400,541875,08-05-2025 11:29,99.15,28754475,1017675,08-05-2025 11:29,3.8,42396750,5528775
08-05-2025 11:29,24487.9,611400,542775,08-05-2025 11:29,99.05,28760100,1024725,08-05-2025 11:29,3.8,42349425,5679675
08-05-2025 11:29,24485.3,611325,542775,08-05-2025 11:29,99.65,28765425,1023000,08-05-2025 11:29,3.75,42341475,5727675
08-05-2025 11:29,24485.3,611100,542400,08-05-2025 11:29,98.7,28764075,1033800,08-05-2025 11:29,3.85,42332850,5505225
08-05-2025 11:29,24485.3,610950,541500,08-05-2025 11:29,98.8,28766625,1030875,08-05-2025 11:29,3.85,42413700,5453250
08-05-2025 11:29,24485.3,614850,544875,08-05-2025 11:29,99.6,28769100,1033200,08-05-2025 11:29,3.75,42433050,5479950
08-05-2025 11:30,24488,616125,545775,08-05-2025 11:30,99.65,28778775,1023225,08-05-2025 11:30,3.75,42366675,5502675
08-05-2025 11:30,24487,616725,546225,08-05-2025 11:30,99.7,28779525,1020300,08-05-2025 11:30,3.8,42284550,5498775
08-05-2025 11:30,24489.6,615225,546675,08-05-2025 11:30,98.6,28777950,1014600,08-05-2025 11:30,3.8,42196650,5500125
08-05-2025 11:30,24489.1,615225,546825,08-05-2025 11:30,98.55,28766550,1021350,08-05-2025 11:30,3.7,42180000,5576925
08-05-2025 11:30,24490,615825,546075,08-05-2025 11:30,98.9,28753125,1034025,08-05-2025 11:30,3.8,42252375,5568150
08-05-2025 11:30,24486,616050,545850,08-05-2025 11:30,99.05,28785600,1037850,08-05-2025 11:30,3.7,42244425,5528025
08-05-2025 11:31,24488,615300,542025,08-05-2025 11:31,98.75,28796775,1050750,08-05-2025 11:31,3.7,42149475,5513250
08-05-2025 11:31,24486,616200,541875,08-05-2025 11:31,98.8,28803750,1052625,08-05-2025 11:31,3.8,42180525,5470950
08-05-2025 11:31,0,0,0,08-05-2025 11:31,98.4,28805625,1044675,08-05-2025 11:31,3.75,42195300,5541375
08-05-2025 11:31,24488,615900,542850,08-05-2025 11:31,98,28801350,1043850,08-05-2025 11:31,3.7,42137400,5516325
08-05-2025 11:31,24486,615375,546075,08-05-2025 11:31,98.25,28806225,1035975,08-05-2025 11:31,3.8,42212850,5491350
08-05-2025 11:31,24486,616125,546450,08-05-2025 11:31,100.3,28800150,1034925,08-05-2025 11:31,3.7,42196350,5591550
08-05-2025 11:32,24486.1,615675,545850,08-05-2025 11:32,100,28799850,1002150,08-05-2025 11:32,3.75,42188775,5533800
08-05-2025 11:32,24486.5,615450,545400,08-05-2025 11:32,99.75,28785900,1014075,08-05-2025 11:32,3.8,42333525,5427825
08-05-2025 11:32,24485.1,616800,545625,08-05-2025 11:32,99.95,28798425,1006950,08-05-2025 11:32,3.75,42285150,5521050
08-05-2025 11:32,24485,616875,545100,08-05-2025 11:32,100.05,28803000,1007700,08-05-2025 11:32,3.75,42154575,5618475
08-05-2025 11:32,24489.9,617700,548025,08-05-2025 11:32,100.45,28813500,1007100,08-05-2025 11:32,3.65,42084225,5703150
08-05-2025 11:32,24485,616425,549300,08-05-2025 11:32,99.25,28799400,1010700,08-05-2025 11:32,3.65,42039375,5691450
08-05-2025 11:33,24487.8,617475,547950,08-05-2025 11:33,99,28781400,1018200,08-05-2025 11:33,3.65,42085125,5698425
08-05-2025 11:33,24487.7,616350,548775,08-05-2025 11:33,98.6,28785825,1026150,08-05-2025 11:33,3.55,41938650,5702550
08-05-2025 11:33,24488.4,617400,548175,08-05-2025 11:33,99.3,28790550,1024800,08-05-2025 11:33,3.6,41903475,5719950
08-05-2025 11:33,24487.6,616275,549000,08-05-2025 11:33,98.55,28800900,1025175,08-05-2025 11:33,3.6,41884800,5701575
08-05-2025 11:33,24481.8,616425,549375,08-05-2025 11:33,97.9,28798275,1029000,08-05-2025 11:33,3.55,41879475,5686875
08-05-2025 11:33,24485.8,617250,544800,08-05-2025 11:33,97,28774275,1033425,08-05-2025 11:33,3.5,41826750,5780325
08-05-2025 11:34,24480.8,615600,546000,08-05-2025 11:34,97.2,28773750,1039575,08-05-2025 11:34,3.4,41797950,5928600
08-05-2025 11:34,24480.8,615450,548175,08-05-2025 11:34,96.2,28775325,1035600,08-05-2025 11:34,3.55,41996325,5906775
08-05-2025 11:34,24484.6,615600,544725,08-05-2025 11:34,97,28770150,1040325,08-05-2025 11:34,3.55,42146400,5755800
08-05-2025 11:34,24484.6,616425,545025,08-05-2025 11:34,97.3,28791600,1047225,08-05-2025 11:34,3.6,42158250,5658300
08-05-2025 11:34,24481.6,615900,543225,08-05-2025 11:34,97.4,28781175,1051575,08-05-2025 11:34,3.6,42160725,5592900
08-05-2025 11:34,24484,616200,544950,08-05-2025 11:34,97.85,28786050,1044825,08-05-2025 11:34,3.55,42163425,5630700
08-05-2025 11:35,24482.7,616725,543000,08-05-2025 11:35,97.85,28777425,1048650,08-05-2025 11:35,3.65,42192900,5650050
08-05-2025 11:35,24480.9,617625,546000,08-05-2025 11:35,97.5,28777875,1053600,08-05-2025 11:35,3.65,42303225,5556150
08-05-2025 11:35,24480.4,618000,544725,08-05-2025 11:35,97.65,28783275,1053000,08-05-2025 11:35,3.6,42274275,5522100
08-05-2025 11:35,0,0,0,08-05-2025 11:35,97.7,28791375,1061475,08-05-2025 11:35,3.7,42272550,5495850
08-05-2025 11:35,24480.4,617775,544050,08-05-2025 11:35,97.55,28796625,1066050,08-05-2025 11:35,3.7,42361500,5519550
08-05-2025 11:35,24480.4,616875,545325,08-05-2025 11:35,97.4,28796625,1065600,08-05-2025 11:35,3.7,42342300,5492850
08-05-2025 11:36,0,0,0,08-05-2025 11:36,97,28788525,1063125,08-05-2025 11:36,3.7,42352425,5443350
08-05-2025 11:36,24484,617775,545100,08-05-2025 11:36,97.45,28781550,1061475,08-05-2025 11:36,3.75,42342750,5454975
08-05-2025 11:36,24483.4,621075,544725,08-05-2025 11:36,99.3,28780725,1057950,08-05-2025 11:36,3.65,42355050,5515275
08-05-2025 11:36,24483.4,619200,543675,08-05-2025 11:36,99.5,28773825,1017150,08-05-2025 11:36,3.75,42214425,5555925
08-05-2025 11:36,24482.4,619725,544425,08-05-2025 11:36,99.5,28769850,1016175,08-05-2025 11:36,3.7,42199350,5506725
08-05-2025 11:36,24482.4,619050,543450,08-05-2025 11:36,99.6,28777725,1005900,08-05-2025 11:36,3.7,42216225,5588175
08-05-2025 11:37,24482.2,619650,543750,08-05-2025 11:37,100.2,28803225,994725,08-05-2025 11:37,3.65,42151575,5574825
08-05-2025 11:37,24485,620175,544050,08-05-2025 11:37,99.65,28801425,1013625,08-05-2025 11:37,3.65,42213075,5572800
08-05-2025 11:37,24486.7,619800,544275,08-05-2025 11:37,98.85,28783350,1025475,08-05-2025 11:37,3.7,42157950,5566425
08-05-2025 11:37,24485,618975,543975,08-05-2025 11:37,99,28771950,1026300,08-05-2025 11:37,3.65,42151725,5560050
08-05-2025 11:37,24485,619500,544200,08-05-2025 11:37,98.8,28776600,1027725,08-05-2025 11:37,3.65,42087375,5601600
08-05-2025 11:37,24483.4,619650,543825,08-05-2025 11:37,99.1,28778475,1027950,08-05-2025 11:37,3.6,42087450,5665125
08-05-2025 11:38,24486,620550,544350,08-05-2025 11:38,98.45,28785075,1022400,08-05-2025 11:38,3.6,42039075,5653500
08-05-2025 11:38,0,0,0,08-05-2025 11:38,98.65,28788825,1029225,08-05-2025 11:38,3.65,42051000,5637825
08-05-2025 11:38,24486,620550,544275,08-05-2025 11:38,98.7,28788975,1033200,08-05-2025 11:38,3.55,42054975,5629200
08-05-2025 11:38,24482.1,620850,548850,08-05-2025 11:38,98.85,28786650,1029675,08-05-2025 11:38,3.45,41991150,5733525
08-05-2025 11:38,24482.1,621375,547200,08-05-2025 11:38,98.2,28782375,1033575,08-05-2025 11:38,3.5,41927775,5752875
08-05-2025 11:38,24481.3,619350,546000,08-05-2025 11:38,96.95,28767675,1037100,08-05-2025 11:38,3.5,41948775,5657925
08-05-2025 11:39,24480.7,620025,545700,08-05-2025 11:39,96.55,28766775,1035600,08-05-2025 11:39,3.55,42085275,5566725
08-05-2025 11:39,24480.6,621075,545550,08-05-2025 11:39,97.75,28784925,1023525,08-05-2025 11:39,3.5,42107175,5623200
08-05-2025 11:39,24480.6,621975,546225,08-05-2025 11:39,97.9,28786425,1014825,08-05-2025 11:39,3.5,41887800,5632500
08-05-2025 11:39,0,0,0,08-05-2025 11:39,97.8,28789125,1023525,08-05-2025 11:39,3.5,41812950,5674725
08-05-2025 11:39,24481,621675,544800,08-05-2025 11:39,97.6,28807800,1027425,08-05-2025 11:39,3.5,41829525,5645400
08-05-2025 11:39,24481.1,621450,544725,08-05-2025 11:39,97.35,28806600,1034475,08-05-2025 11:39,3.55,41905350,5590050
08-05-2025 11:40,24480.6,622050,544575,08-05-2025 11:40,97.7,28801425,1031550,08-05-2025 11:40,3.55,41899650,5622900
08-05-2025 11:40,24480.4,621975,545325,08-05-2025 11:40,97.6,28801350,1026075,08-05-2025 11:40,3.5,41921175,5569200
08-05-2025 11:40,24480.3,621450,545025,08-05-2025 11:40,97.35,28791825,1027950,08-05-2025 11:40,3.55,42034575,5564325
08-05-2025 11:40,24480.2,622800,544950,08-05-2025 11:40,97.8,28798725,1028700,08-05-2025 11:40,3.5,42040725,5593500
08-05-2025 11:40,24484,623025,544575,08-05-2025 11:40,98.25,28807125,1029000,08-05-2025 11:40,3.55,42085350,5599200
08-05-2025 11:40,0,0,0,08-05-2025 11:40,98.35,28805625,1017450,08-05-2025 11:40,3.55,42021900,5596650
08-05-2025 11:41,24484,624675,544800,08-05-2025 11:41,98.75,28803300,1015425,08-05-2025 11:41,3.5,42026325,5616450
08-05-2025 11:41,24481,622200,544575,08-05-2025 11:41,98.8,28809150,1010025,08-05-2025 11:41,3.55,42087300,5589750
08-05-2025 11:41,24482,621150,543525,08-05-2025 11:41,98.9,28805325,1008750,08-05-2025 11:41,3.5,42130800,5543550
08-05-2025 11:41,24485,621900,543000,08-05-2025 11:41,98.65,28803975,1014225,08-05-2025 11:41,3.55,42128400,5543175
08-05-2025 11:41,24480.7,622950,543000,08-05-2025 11:41,98.5,28803825,1016100,08-05-2025 11:41,3.5,42135375,5559825
08-05-2025 11:41,0,0,0,08-05-2025 11:41,98.55,28809825,1020150,08-05-2025 11:41,3.5,42092775,5584725
08-05-2025 11:42,24482.4,623850,542400,08-05-2025 11:42,99.5,28812075,1015575,08-05-2025 11:42,3.5,42041925,5603400
08-05-2025 11:42,0,0,0,08-05-2025 11:42,98.6,28808775,1015500,08-05-2025 11:42,3.45,42046875,5614350
08-05-2025 11:42,24482.4,620775,543750,08-05-2025 11:42,98.4,28796025,1025025,08-05-2025 11:42,3.45,41966625,5661525
08-05-2025 11:42,24482.6,621150,542475,08-05-2025 11:42,98.5,28797000,1024275,08-05-2025 11:42,3.45,41984850,5666100
08-05-2025 11:42,24482,622425,543900,08-05-2025 11:42,98.4,28795125,1026150,08-05-2025 11:42,3.5,41977050,5654850
08-05-2025 11:42,24485,623175,543975,08-05-2025 11:42,98.3,28799175,1028400,08-05-2025 11:42,3.45,41982450,5785050
08-05-2025 11:43,24485,624300,544500,08-05-2025 11:43,98.25,28808175,1028400,08-05-2025 11:43,3.4,41864475,5822550
08-05-2025 11:43,24485,624825,544650,08-05-2025 11:43,98,28788075,1034250,08-05-2025 11:43,3.4,41896200,5817525
08-05-2025 11:43,24481,625275,544725,08-05-2025 11:43,97.95,28769700,1030200,08-05-2025 11:43,3.35,41944500,5762775
08-05-2025 11:43,0,0,0,08-05-2025 11:43,98.05,28774350,1027125,08-05-2025 11:43,3.35,41899950,5816325
08-05-2025 11:43,24481,625125,544875,08-05-2025 11:43,98.6,28775550,1029600,08-05-2025 11:43,3.2,41858400,5973825
08-05-2025 11:43,24484,624750,544800,08-05-2025 11:43,98.5,28776450,1025775,08-05-2025 11:43,3.3,41895225,5943000
08-05-2025 11:44,24484,624600,544650,08-05-2025 11:44,98.25,28777725,1031925,08-05-2025 11:44,3.25,41924475,5833875
08-05-2025 11:44,24485,624300,545700,08-05-2025 11:44,98.25,28774725,1034625,08-05-2025 11:44,3.35,42005700,5819700
08-05-2025 11:44,24481.1,623925,545250,08-05-2025 11:44,98,28768500,1031775,08-05-2025 11:44,3.3,42016275,5727300
08-05-2025 11:44,24482.3,624600,545700,08-05-2025 11:44,97.5,28767300,1037700,08-05-2025 11:44,3.35,42042450,5701050
08-05-2025 11:44,24482,624375,545250,08-05-2025 11:44,98.75,28772175,1035525,08-05-2025 11:44,3.25,41966100,5894100
08-05-2025 11:44,24481.5,624375,545250,08-05-2025 11:44,98.35,28767450,1019700,08-05-2025 11:44,3.2,41850375,5952375
08-05-2025 11:45,24483.8,625125,545250,08-05-2025 11:45,98,28764075,1025700,08-05-2025 11:45,3.2,41931150,5925900
08-05-2025 11:45,24481.1,625125,545175,08-05-2025 11:45,97.85,28732200,1031775,08-05-2025 11:45,3.15,41858700,5925750
08-05-2025 11:45,24484,624675,545025,08-05-2025 11:45,98.25,28735425,1025400,08-05-2025 11:45,3.2,41863650,5863650
08-05-2025 11:45,24480.8,626250,546150,08-05-2025 11:45,98.05,28735500,1031775,08-05-2025 11:45,3.2,41892675,5922675
08-05-2025 11:45,0,0,0,08-05-2025 11:45,98.15,28740900,1030125,08-05-2025 11:45,3.15,41920725,5782800
08-05-2025 11:45,24484,625650,547050,08-05-2025 11:45,96.15,28738125,1034400,08-05-2025 11:45,3.2,41921850,5797575
08-05-2025 11:46,24484,624825,547050,08-05-2025 11:46,96.65,28716825,1038825,08-05-2025 11:46,3.25,41957400,5786475
08-05-2025 11:46,24480,624075,547875,08-05-2025 11:46,97,28732950,1045125,08-05-2025 11:46,3.25,42056250,5715075
08-05-2025 11:46,24484,630750,546900,08-05-2025 11:46,98.4,28739325,1044900,08-05-2025 11:46,3.15,42084075,5827500
08-05-2025 11:46,24484.9,624525,546750,08-05-2025 11:46,98.05,28736100,1016175,08-05-2025 11:46,3.15,41973075,5835900
08-05-2025 11:46,24484.9,623625,547575,08-05-2025 11:46,97.65,28731525,1025925,08-05-2025 11:46,3.2,42078225,5749275
08-05-2025 11:46,24484.4,621825,547425,08-05-2025 11:46,97,28740450,1026825,08-05-2025 11:46,3.3,42239250,5604225
08-05-2025 11:47,24483.1,622725,549150,08-05-2025 11:47,95.6,28737750,1034025,08-05-2025 11:47,3.3,42250200,5490975
08-05-2025 11:47,24477,622650,551100,08-05-2025 11:47,94.8,28688175,1041825,08-05-2025 11:47,3.3,42256425,5527200
08-05-2025 11:47,24477.1,625650,548850,08-05-2025 11:47,95.6,28686375,1030950,08-05-2025 11:47,3.25,42397350,5592075
08-05-2025 11:47,24477.4,626325,548625,08-05-2025 11:47,96.05,28692750,1020000,08-05-2025 11:47,3.2,42212475,5616900
08-05-2025 11:47,24480,627000,546675,08-05-2025 11:47,97.25,28688400,1009575,08-05-2025 11:47,3.2,42170850,5692950
08-05-2025 11:47,24484.3,622800,547875,08-05-2025 11:47,96.4,28689525,1021650,08-05-2025 11:47,3.2,42287550,5575125
08-05-2025 11:48,24478.6,623700,548700,08-05-2025 11:48,96.4,28698300,1026450,08-05-2025 11:48,3.3,42423000,5542875
08-05-2025 11:48,24478.6,624525,546600,08-05-2025 11:48,96.6,28746225,1023075,08-05-2025 11:48,3.3,42528075,5508450
08-05-2025 11:48,24480,625575,546750,08-05-2025 11:48,97.3,28665675,1020075,08-05-2025 11:48,3.3,42575850,5493675
08-05-2025 11:48,24479.1,625725,547200,08-05-2025 11:48,97.45,28660050,1003725,08-05-2025 11:48,3.3,42602850,5534175
08-05-2025 11:48,24479.1,624375,546600,08-05-2025 11:48,97.3,28657350,1009050,08-05-2025 11:48,3.2,42554550,5631075
08-05-2025 11:48,24479.6,623925,546450,08-05-2025 11:48,97.65,28659300,994650,08-05-2025 11:48,3.2,42430950,5745300
08-05-2025 11:49,24480.4,625350,544950,08-05-2025 11:49,99.55,28631925,983025,08-05-2025 11:49,3,42358950,5887500
08-05-2025 11:49,0,0,0,08-05-2025 11:49,99.45,28641150,918300,08-05-2025 11:49,3.1,42362100,5873850
08-05-2025 11:49,0,0,0,08-05-2025 11:49,99.8,28641525,916200,08-05-2025 11:49,3.1,42345675,5823900
08-05-2025 11:49,24483.6,624675,545700,08-05-2025 11:49,99.2,28643850,929025,08-05-2025 11:49,3.1,42328875,5776725
08-05-2025 11:49,24480,624225,546750,08-05-2025 11:49,98.65,28633950,937425,08-05-2025 11:49,3.1,42308400,5767800
08-05-2025 11:49,24480.2,624825,547275,08-05-2025 11:49,98.5,28633650,928725,08-05-2025 11:49,3.05,42272550,5750325
08-05-2025 11:50,24479.9,624600,547275,08-05-2025 11:50,99,28635750,945750,08-05-2025 11:50,3,42197400,5856450
08-05-2025 11:50,24483.6,624375,547050,08-05-2025 11:50,99.45,28640025,949200,08-05-2025 11:50,2.95,42083400,5804775
08-05-2025 11:50,24484,624375,546900,08-05-2025 11:50,98.95,28640025,951150,08-05-2025 11:50,2.95,42140925,5790450
08-05-2025 11:50,24480.6,624075,547125,08-05-2025 11:50,98.9,28633275,960825,08-05-2025 11:50,3,42135975,5796825
08-05-2025 11:50,24482,623850,546675,08-05-2025 11:50,98.8,28638075,961425,08-05-2025 11:50,2.95,42097050,5791800
08-05-2025 11:50,24482,623775,546600,08-05-2025 11:50,98.7,28641225,960000,08-05-2025 11:50,2.9,42068925,5838975
08-05-2025 11:51,24480.6,624375,546675,08-05-2025 11:51,99.1,28642050,963975,08-05-2025 11:51,2.9,42135075,5862075
08-05-2025 11:51,24480.7,624450,546825,08-05-2025 11:51,99.35,28647000,964725,08-05-2025 11:51,2.9,42141525,5817525
08-05-2025 11:51,24480.4,624900,546825,08-05-2025 11:51,99.05,28641450,976500,08-05-2025 11:51,2.95,42335325,5783100
08-05-2025 11:51,24480.5,624825,546450,08-05-2025 11:51,99.3,28649550,973650,08-05-2025 11:51,2.95,42352050,5771925
08-05-2025 11:51,24480.5,624075,546450,08-05-2025 11:51,99,28649475,977175,08-05-2025 11:51,2.95,42232725,5813925
08-05-2025 11:51,24483,624075,547050,08-05-2025 11:51,99,28648275,968175,08-05-2025 11:51,2.9,42199350,5844675
08-05-2025 11:52,0,0,0,08-05-2025 11:52,98.85,28648725,976500,08-05-2025 11:52,2.95,42198675,5823750
08-05-2025 11:52,24483,624600,546675,08-05-2025 11:52,100.05,28657800,970875,08-05-2025 11:52,2.9,42243225,5838300
08-05-2025 11:52,24483,624300,552600,08-05-2025 11:52,99.8,28670475,913875,08-05-2025 11:52,3,42437250,5736750
08-05-2025 11:52,24483,623625,552750,08-05-2025 11:52,100.25,28677675,914475,08-05-2025 11:52,3,42479775,5455725
08-05-2025 11:52,24483,623175,552150,08-05-2025 11:52,99.7,28681200,912075,08-05-2025 11:52,2.95,42411975,5472375
08-05-2025 11:52,24483,623100,551250,08-05-2025 11:52,100,28684500,919575,08-05-2025 11:52,2.95,42545775,5428425
08-05-2025 11:53,0,0,0,08-05-2025 11:53,99.8,28683375,917775,08-05-2025 11:53,2.9,42288000,5550825
08-05-2025 11:53,24480.5,622725,552000,08-05-2025 11:53,98.75,28677525,924525,08-05-2025 11:53,2.9,42228675,5613525
08-05-2025 11:53,24479.8,622350,552600,08-05-2025 11:53,98,28657800,925875,08-05-2025 11:53,2.9,42187425,5649375
08-05-2025 11:53,24480.1,623475,552450,08-05-2025 11:53,98.65,28642875,935550,08-05-2025 11:53,2.9,42142425,5697150
08-05-2025 11:53,24480,622875,556050,08-05-2025 11:53,98.8,28643100,939450,08-05-2025 11:53,2.9,42168525,5729250
08-05-2025 11:53,24483,622275,553575,08-05-2025 11:53,98.7,28653525,935025,08-05-2025 11:53,2.75,42093225,5722800
08-05-2025 11:54,24480,622575,549825,08-05-2025 11:54,98.3,28653375,934950,08-05-2025 11:54,2.75,42114975,5740725
08-05-2025 11:54,24485.5,622950,547350,08-05-2025 11:54,97.8,28652550,938175,08-05-2025 11:54,2.8,42096150,5683350
08-05-2025 11:54,24485,623250,546525,08-05-2025 11:54,98.45,28654650,941025,08-05-2025 11:54,2.8,42125475,5715525
08-05-2025 11:54,24485,622575,545925,08-05-2025 11:54,97.6,28648050,944250,08-05-2025 11:54,2.8,42151575,5661000
08-05-2025 11:54,24479.8,622950,546600,08-05-2025 11:54,98.15,28653600,945750,08-05-2025 11:54,2.85,42266775,5668125
08-05-2025 11:54,24480.2,622950,546825,08-05-2025 11:54,98.7,28657650,942675,08-05-2025 11:54,2.8,42240075,5652000
08-05-2025 11:55,24480.4,623250,546300,08-05-2025 11:55,99.4,28692000,943650,08-05-2025 11:55,2.85,42127275,5669700
08-05-2025 11:55,24480.7,624675,546825,08-05-2025 11:55,99,28696800,936075,08-05-2025 11:55,2.8,42091575,5733075
08-05-2025 11:55,24480.8,624075,547950,08-05-2025 11:55,99.3,28693125,939450,08-05-2025 11:55,2.8,42129975,5696400
08-05-2025 11:55,24484.9,622650,548325,08-05-2025 11:55,99.1,28669125,943275,08-05-2025 11:55,2.8,42112425,5758875
08-05-2025 11:55,24480.5,618600,545100,08-05-2025 11:55,99,28665300,945300,08-05-2025 11:55,2.75,42035475,5790000
08-05-2025 11:55,24480.5,618000,545700,08-05-2025 11:55,98.6,28667475,948300,08-05-2025 11:55,2.8,42063375,5783625
08-05-2025 11:56,24480.3,618225,545625,08-05-2025 11:56,99.35,28673550,951825,08-05-2025 11:56,2.75,42062400,5867700
08-05-2025 11:56,24483,617700,545550,08-05-2025 11:56,99.3,28715925,942750,08-05-2025 11:56,2.65,42034875,6010575
08-05-2025 11:56,24482.7,617400,545850,08-05-2025 11:56,98.7,28712700,948000,08-05-2025 11:56,2.7,42014100,5897925
08-05-2025 11:56,24480.7,617325,545700,08-05-2025 11:56,98.9,28707600,953025,08-05-2025 11:56,2.7,42001950,5963850
08-05-2025 11:56,24480.5,617100,545625,08-05-2025 11:56,98.6,28708800,948900,08-05-2025 11:56,2.6,42029700,5937375
08-05-2025 11:56,24481.3,617175,545925,08-05-2025 11:56,99,28708200,954150,08-05-2025 11:56,2.6,42005325,5890350
08-05-2025 11:57,24484.8,617400,545100,08-05-2025 11:57,99.3,28708200,955350,08-05-2025 11:57,2.5,42019950,5920875
08-05-2025 11:57,24482.9,617400,544950,08-05-2025 11:57,99,28707150,951300,08-05-2025 11:57,2.55,41926200,5923050
08-05-2025 11:57,24481,618150,544725,08-05-2025 11:57,99.2,28697025,949425,08-05-2025 11:57,2.5,41970750,5886300
08-05-2025 11:57,24480.2,618150,545775,08-05-2025 11:57,98.8,28707150,950250,08-05-2025 11:57,2.5,41840025,5953275
08-05-2025 11:57,0,0,0,08-05-2025 11:57,98.35,28704450,955725,08-05-2025 11:57,2.5,41848800,5953050
08-05-2025 11:57,0,0,0,08-05-2025 11:57,98.25,28697700,957450,08-05-2025 11:57,2.55,41969175,5865225
08-05-2025 11:58,0,0,0,08-05-2025 11:58,98,28689525,954600,08-05-2025 11:58,2.55,42026175,5589900
08-05-2025 11:58,24480.5,616725,546150,08-05-2025 11:58,98.9,28693350,952650,08-05-2025 11:58,2.45,42021525,5761650
08-05-2025 11:58,24481,617400,545175,08-05-2025 11:58,99.5,28699950,938025,08-05-2025 11:58,2.4,41858550,5963025
08-05-2025 11:58,24483.9,617100,544425,08-05-2025 11:58,99.2,28702350,929625,08-05-2025 11:58,2.45,41946825,5815725
08-05-2025 11:58,24483.7,616950,545100,08-05-2025 11:58,99.1,28700325,936975,08-05-2025 11:58,2.45,42024000,5580300
08-05-2025 11:58,24481,616500,545250,08-05-2025 11:58,99,28698300,935025,08-05-2025 11:58,2.45,42041400,5478900
08-05-2025 11:59,24480,616350,545400,08-05-2025 11:59,98.2,28699650,945300,08-05-2025 11:59,2.5,42124650,5436450
08-05-2025 11:59,24480,615450,545250,08-05-2025 11:59,98,28699275,947925,08-05-2025 11:59,2.45,42281175,5356725
08-05-2025 11:59,24480,614850,544800,08-05-2025 11:59,97.8,28688100,951600,08-05-2025 11:59,2.5,42227325,5350575
08-05-2025 11:59,24480,614250,545475,08-05-2025 11:59,98.3,28696800,951150,08-05-2025 11:59,2.5,42280050,5360100
08-05-2025 11:59,24482,614025,545400,08-05-2025 11:59,99.2,28700925,953700,08-05-2025 11:59,2.5,42270375,5397075
08-05-2025 11:59,24480.6,615000,544200,08-05-2025 11:59,99.45,28700400,942300,08-05-2025 11:59,2.5,42301875,5516775
08-05-2025 12:00,24480.5,614250,543075,08-05-2025 12:00,99.2,28703100,949200,08-05-2025 12:00,2.5,42164550,5487150
08-05-2025 12:00,24480.4,613650,543225,08-05-2025 12:00,98.6,28700175,952575,08-05-2025 12:00,2.45,42242625,5387400
08-05-2025 12:00,24480.6,616800,543600,08-05-2025 12:00,99.25,28715775,952500,08-05-2025 12:00,2.45,42099825,5518875
08-05-2025 12:00,24480.6,615750,542850,08-05-2025 12:00,99.5,28718250,921225,08-05-2025 12:00,2.5,42096075,5567175
08-05-2025 12:00,24480,614925,544125,08-05-2025 12:00,99,28710525,917400,08-05-2025 12:00,2.5,42090150,5476125
08-05-2025 12:00,24483.3,614325,544050,08-05-2025 12:00,98.25,28709700,922875,08-05-2025 12:00,2.5,42153525,5436975
08-05-2025 12:01,24483.5,614400,544275,08-05-2025 12:01,99,28714425,920250,08-05-2025 12:01,2.45,42236850,5511750
08-05-2025 12:01,24481.5,614175,544275,08-05-2025 12:01,98.45,28712175,919500,08-05-2025 12:01,2.55,42122625,5483400
08-05-2025 12:01,24480.4,614700,544500,08-05-2025 12:01,98,28709325,925050,08-05-2025 12:01,2.55,42164175,5332050
08-05-2025 12:01,0,0,0,08-05-2025 12:01,98.85,28691625,927975,08-05-2025 12:01,2.5,42158025,5463300
08-05-2025 12:01,24483.1,614625,543525,08-05-2025 12:01,99,28695975,916125,08-05-2025 12:01,2.5,42157050,5458425
08-05-2025 12:01,24479.9,614400,543300,08-05-2025 12:01,98.3,28694250,926625,08-05-2025 12:01,2.5,42180075,5408475
08-05-2025 12:02,24480,614775,544275,08-05-2025 12:02,98.05,28695450,930675,08-05-2025 12:02,2.5,42251925,5467800
08-05-2025 12:02,24480,614250,544200,08-05-2025 12:02,98.1,28698675,935700,08-05-2025 12:02,2.5,42069450,5460750
08-05-2025 12:02,24480,614100,544200,08-05-2025 12:02,98.05,28693650,935325,08-05-2025 12:02,2.55,42110175,5484450
08-05-2025 12:02,24478.4,613425,544050,08-05-2025 12:02,98.05,28695450,939675,08-05-2025 12:02,2.5,42241200,5490075
08-05-2025 12:02,24480,614175,544125,08-05-2025 12:02,97.85,28698300,938100,08-05-2025 12:02,2.5,41981400,5515800
08-05-2025 12:02,24480.1,617325,543450,08-05-2025 12:02,99.4,28705575,930225,08-05-2025 12:02,2.35,42022200,5687025
08-05-2025 12:03,24480.1,617550,543150,08-05-2025 12:03,99.65,28710150,896925,08-05-2025 12:03,2.35,41901000,5700375
08-05-2025 12:03,24480.7,615450,543225,08-05-2025 12:03,99.9,28706850,879000,08-05-2025 12:03,2.45,42068475,5581275
08-05-2025 12:03,24482.9,615600,543225,08-05-2025 12:03,100.25,28702575,878175,08-05-2025 12:03,2.4,42104325,5502600
08-05-2025 12:03,24483.4,614775,543750,08-05-2025 12:03,99.3,28674000,881625,08-05-2025 12:03,2.45,42051150,5501400
08-05-2025 12:03,24482.1,615075,544050,08-05-2025 12:03,99.15,28683600,883050,08-05-2025 12:03,2.4,42078300,5615475
08-05-2025 12:03,24483.3,613800,543750,08-05-2025 12:03,99.1,28684125,885675,08-05-2025 12:03,2.35,41913525,5688300
08-05-2025 12:04,24482,614700,543675,08-05-2025 12:04,99.3,28692450,885975,08-05-2025 12:04,2.35,41837025,5771400
08-05-2025 12:04,24482.1,614775,543825,08-05-2025 12:04,99.3,28688400,888075,08-05-2025 12:04,2.35,41667300,5796525
08-05-2025 12:04,24483.4,615075,543750,08-05-2025 12:04,99.05,28761075,888450,08-05-2025 12:04,2.35,41842350,5756100
08-05-2025 12:04,24483.1,616800,543825,08-05-2025 12:04,99.5,28757925,891150,08-05-2025 12:04,2.35,41787750,5720100
08-05-2025 12:04,24483,616425,543900,08-05-2025 12:04,99.3,28756950,895725,08-05-2025 12:04,2.35,41802300,5717475
08-05-2025 12:04,24480.3,617475,544050,08-05-2025 12:04,99.5,28758450,898575,08-05-2025 12:04,2.3,41872875,5773050
08-05-2025 12:05,24480.3,616500,544050,08-05-2025 12:05,99.25,28760400,889125,08-05-2025 12:05,2.3,41902275,5695575
08-05-2025 12:05,24483.4,616425,542850,08-05-2025 12:05,98.9,28760925,897975,08-05-2025 12:05,2.3,41922600,5638050
08-05-2025 12:05,24480.4,616275,543150,08-05-2025 12:05,98.35,28759575,897375,08-05-2025 12:05,2.3,41867100,5588700
08-05-2025 12:05,24480.4,615750,543525,08-05-2025 12:05,98.8,28765950,896325,08-05-2025 12:05,2.3,41915325,5625750
08-05-2025 12:05,24482.9,616875,543525,08-05-2025 12:05,99.8,28771425,894825,08-05-2025 12:05,2.25,41863725,5610225
08-05-2025 12:05,0,0,0,08-05-2025 12:05,100,28773150,875850,08-05-2025 12:05,2.25,41942100,5771625
08-05-2025 12:06,24483,617100,543150,08-05-2025 12:06,100,28773525,871500,08-05-2025 12:06,2.3,42031650,5683500
08-05-2025 12:06,24480.5,617250,543075,08-05-2025 12:06,100.25,28772550,855150,08-05-2025 12:06,2.3,41977875,5575350
08-05-2025 12:06,0,0,0,08-05-2025 12:06,100,28780575,855450,08-05-2025 12:06,2.25,41946900,5661675
08-05-2025 12:06,24480.8,617625,543075,08-05-2025 12:06,99.65,28763025,860250,08-05-2025 12:06,2.3,41996850,5580150
08-05-2025 12:06,24481.2,617475,542850,08-05-2025 12:06,99.75,28760700,866475,08-05-2025 12:06,2.3,41929050,5577150
08-05-2025 12:06,24481.1,617175,543450,08-05-2025 12:06,100.25,28762650,861900,08-05-2025 12:06,2.3,41904975,5614650
08-05-2025 12:07,24481.5,617400,543975,08-05-2025 12:07,101,28763625,859800,08-05-2025 12:07,2.35,41933325,5635050
08-05-2025 12:07,0,0,0,08-05-2025 12:07,101.15,28768350,830025,08-05-2025 12:07,2.35,42229350,5466525
08-05-2025 12:07,24481.9,617550,544350,08-05-2025 12:07,101.1,28778100,829350,08-05-2025 12:07,2.4,42103425,5500200
08-05-2025 12:07,24481.1,617925,544800,08-05-2025 12:07,100.9,28782750,834975,08-05-2025 12:07,2.35,42172575,5545575
08-05-2025 12:07,24483.6,617550,544950,08-05-2025 12:07,100.25,28784100,837375,08-05-2025 12:07,2.3,42014925,5751000
08-05-2025 12:07,24483.5,617400,546675,08-05-2025 12:07,99.9,28709850,842775,08-05-2025 12:07,2.25,41812500,5804400
08-05-2025 12:08,24481.1,617625,546900,08-05-2025 12:08,99.3,28685100,845475,08-05-2025 12:08,2.3,41983500,5688075
08-05-2025 12:08,24480,616875,547050,08-05-2025 12:08,98.75,28663500,848550,08-05-2025 12:08,2.35,42002025,5627700
08-05-2025 12:08,24480.1,615825,547425,08-05-2025 12:08,97.8,28650600,855300,08-05-2025 12:08,2.45,42385800,5446500
08-05-2025 12:08,24478.1,617175,547575,08-05-2025 12:08,97,28622925,860625,08-05-2025 12:08,2.4,42233025,5368350
08-05-2025 12:08,24478.2,617400,546750,08-05-2025 12:08,97,28606425,870150,08-05-2025 12:08,2.45,42222750,5376000
08-05-2025 12:08,24478,617475,546900,08-05-2025 12:08,97.2,28615050,870300,08-05-2025 12:08,2.45,42316725,5336475
08-05-2025 12:09,0,0,0,08-05-2025 12:09,97.3,28623300,876525,08-05-2025 12:09,2.45,42191475,5334900
08-05-2025 12:09,24478,618150,547500,08-05-2025 12:09,97.2,28639725,877500,08-05-2025 12:09,2.45,42184350,5346225
08-05-2025 12:09,24478,617925,547425,08-05-2025 12:09,97.25,28646775,885300,08-05-2025 12:09,2.4,42186600,5399625
08-05-2025 12:09,24478.8,618375,547800,08-05-2025 12:09,97.85,28657350,883275,08-05-2025 12:09,2.4,42155925,5393400
08-05-2025 12:09,0,0,0,08-05-2025 12:09,97.75,28656525,881325,08-05-2025 12:09,2.45,42183750,5380050
08-05-2025 12:09,24478.8,617850,547500,08-05-2025 12:09,97.8,28658550,883725,08-05-2025 12:09,2.4,42326925,5342850
08-05-2025 12:10,24479.9,618150,547125,08-05-2025 12:10,98.25,28668075,888075,08-05-2025 12:10,2.4,42310950,5403450
08-05-2025 12:10,24479.2,617850,547575,08-05-2025 12:10,98.4,28675575,881175,08-05-2025 12:10,2.45,42351450,5294250
08-05-2025 12:10,24479.4,617850,547125,08-05-2025 12:10,98.55,28676400,888975,08-05-2025 12:10,2.4,42388500,5386500
08-05-2025 12:10,24481.9,618525,546525,08-05-2025 12:10,98.9,28668450,889200,08-05-2025 12:10,2.45,42135450,5382225
08-05-2025 12:10,24484,618525,546825,08-05-2025 12:10,99.2,28681950,879150,08-05-2025 12:10,2.4,42098475,5462850
08-05-2025 12:10,24480,619350,546375,08-05-2025 12:10,99.65,28686900,870600,08-05-2025 12:10,2.4,42200850,5385000
08-05-2025 12:11,24480.2,617100,546525,08-05-2025 12:11,99.45,28683750,871350,08-05-2025 12:11,2.4,42309750,5368350
08-05-2025 12:11,24480.3,617175,546150,08-05-2025 12:11,99.3,28666500,876000,08-05-2025 12:11,2.4,42261000,5280075
08-05-2025 12:11,0,0,0,08-05-2025 12:11,99.6,28663500,883800,08-05-2025 12:11,2.4,42188775,5267625
08-05-2025 12:11,24480.4,618000,546075,08-05-2025 12:11,99.8,28666650,879300,08-05-2025 12:11,2.4,42143250,5339400
08-05-2025 12:11,24482,617850,546075,08-05-2025 12:11,100,28673400,860700,08-05-2025 12:11,2.4,42145725,5331525
08-05-2025 12:11,24481.5,617625,545925,08-05-2025 12:11,100,28663275,861300,08-05-2025 12:11,2.4,42146625,5230350
08-05-2025 12:12,0,0,0,08-05-2025 12:12,99.8,28657200,863475,08-05-2025 12:12,2.4,42131400,5284725
08-05-2025 12:12,24482.1,617850,544950,08-05-2025 12:12,99.7,28658475,866025,08-05-2025 12:12,2.4,42122475,5267775
08-05-2025 12:12,24481.2,617925,545250,08-05-2025 12:12,99.5,28652700,870225,08-05-2025 12:12,2.3,42081900,5442825
08-05-2025 12:12,24481.1,617775,544875,08-05-2025 12:12,99.45,28652700,878475,08-05-2025 12:12,2.3,41911950,5484000
08-05-2025 12:12,24481,617550,545100,08-05-2025 12:12,99.65,28653075,875550,08-05-2025 12:12,2.35,41935425,5391825
08-05-2025 12:12,24481,617700,544575,08-05-2025 12:12,99.7,28670925,881700,08-05-2025 12:12,2.35,41944050,5358525
08-05-2025 12:13,24482,617775,544800,08-05-2025 12:13,99.55,28672500,888000,08-05-2025 12:13,2.4,42045600,5331225
08-05-2025 12:13,24483.9,617550,544875,08-05-2025 12:13,99.5,28650300,882075,08-05-2025 12:13,2.4,42000375,5366025
08-05-2025 12:13,24483.9,617775,545475,08-05-2025 12:13,99.05,28650375,883350,08-05-2025 12:13,2.4,42035775,5346375
08-05-2025 12:13,24483.8,618600,545250,08-05-2025 12:13,99.35,28647300,880725,08-05-2025 12:13,2.35,42029025,5353050
08-05-2025 12:13,24482,617775,546375,08-05-2025 12:13,99.4,28647825,883125,08-05-2025 12:13,2.35,42042375,5399025
08-05-2025 12:13,24479.4,617625,547275,08-05-2025 12:13,99.3,28640925,884550,08-05-2025 12:13,2.4,42169950,5357475
08-05-2025 12:14,24481.9,616650,547950,08-05-2025 12:14,99.4,28641975,888675,08-05-2025 12:14,2.45,42296925,5313150
08-05-2025 12:14,24481.9,617325,548175,08-05-2025 12:14,99.1,28647075,890625,08-05-2025 12:14,2.4,42323850,5229225
08-05-2025 12:14,24480.9,616575,547725,08-05-2025 12:14,99.1,28650600,897075,08-05-2025 12:14,2.45,42322575,5263125
08-05-2025 12:14,24481.8,615600,547425,08-05-2025 12:14,99.6,28650300,896475,08-05-2025 12:14,2.4,42331050,5196075
08-05-2025 12:14,24480,615375,548400,08-05-2025 12:14,100.5,28649700,889875,08-05-2025 12:14,2.45,42177825,5251275
08-05-2025 12:14,24482,617850,546675,08-05-2025 12:14,100.55,28652625,864675,08-05-2025 12:14,2.4,42224850,5247000
08-05-2025 12:15,24480,618300,546450,08-05-2025 12:15,100.65,28657875,871725,08-05-2025 12:15,2.45,42417975,5122425
08-05-2025 12:15,24480.5,616425,546900,08-05-2025 12:15,100.4,28668000,880575,08-05-2025 12:15,2.4,42411825,5132700
08-05-2025 12:15,24484,616875,547125,08-05-2025 12:15,100.75,28674825,870150,08-05-2025 12:15,2.45,42355800,5127075
08-05-2025 12:15,24485,618600,544200,08-05-2025 12:15,103.8,28687050,856125,08-05-2025 12:15,2.7,42762075,5126025
08-05-2025 12:15,24486,618075,544350,08-05-2025 12:15,104.15,28678575,756075,08-05-2025 12:15,2.75,42583500,4857825
08-05-2025 12:15,24487,617400,543450,08-05-2025 12:15,106.75,28678575,759450,08-05-2025 12:15,2.9,42810000,4763850
08-05-2025 12:16,24490,617175,542625,08-05-2025 12:16,108.2,28694475,699225,08-05-2025 12:16,3,43073325,4714875
08-05-2025 12:16,24487.3,616275,546075,08-05-2025 12:16,106.95,28695675,681825,08-05-2025 12:16,2.9,42832950,4615875
08-05-2025 12:16,24486,616200,546975,08-05-2025 12:16,105.7,28678125,702375,08-05-2025 12:16,2.7,42777900,4971525
08-05-2025 12:16,24486.1,617925,547950,08-05-2025 12:16,105.95,28663650,712050,08-05-2025 12:16,2.75,42526425,4999050
08-05-2025 12:16,24489.8,614925,547950,08-05-2025 12:16,105.9,28672950,725775,08-05-2025 12:16,2.8,42678150,4913175
08-05-2025 12:16,24486,615300,548250,08-05-2025 12:16,105.35,28676700,742725,08-05-2025 12:16,2.75,42652050,4926750
08-05-2025 12:17,24489.6,614850,548625,08-05-2025 12:17,104.65,28665750,752400,08-05-2025 12:17,2.65,42519900,5147025
08-05-2025 12:17,24487,615300,551700,08-05-2025 12:17,104.5,28665750,757125,08-05-2025 12:17,2.65,42279525,5231100
08-05-2025 12:17,24485.1,615600,552000,08-05-2025 12:17,102.55,28677825,753900,08-05-2025 12:17,2.65,42322800,5101125
08-05-2025 12:17,0,0,0,08-05-2025 12:17,102.5,28652700,753525,08-05-2025 12:17,2.65,42201075,5080050
08-05-2025 12:17,24483,612975,552825,08-05-2025 12:17,101,28637775,757050,08-05-2025 12:17,2.6,42161775,5155500
08-05-2025 12:17,24483,612750,551175,08-05-2025 12:17,100.8,28622850,760050,08-05-2025 12:17,2.6,42025050,5103150
08-05-2025 12:18,24483,612150,553125,08-05-2025 12:18,100.6,28628100,766050,08-05-2025 12:18,2.6,42092625,5079150
08-05-2025 12:18,24483,610875,552525,08-05-2025 12:18,100.65,28657875,767325,08-05-2025 12:18,2.6,42155025,5060025
08-05-2025 12:18,24482.8,610125,552750,08-05-2025 12:18,100.35,28665975,771750,08-05-2025 12:18,2.65,42118950,5027550
08-05-2025 12:18,24482,610050,552825,08-05-2025 12:18,99.3,28641900,778800,08-05-2025 12:18,2.6,42119325,5029500
08-05-2025 12:18,24482,610200,549600,08-05-2025 12:18,100.2,28654875,779325,08-05-2025 12:18,2.6,42179550,5027700
08-05-2025 12:18,24482.2,609375,548550,08-05-2025 12:18,99.8,28661550,787125,08-05-2025 12:18,2.6,42206700,4977300
08-05-2025 12:19,24482,609975,548100,08-05-2025 12:19,100.8,28680600,793950,08-05-2025 12:19,2.65,42236925,5046000
08-05-2025 12:19,24482,609600,549825,08-05-2025 12:19,100.5,28688400,801225,08-05-2025 12:19,2.7,42431400,4948725
08-05-2025 12:19,24482,609600,549450,08-05-2025 12:19,100.3,28690200,803775,08-05-2025 12:19,2.75,42446175,4886100
08-05-2025 12:19,24481.8,609750,549450,08-05-2025 12:19,100.1,28689150,807525,08-05-2025 12:19,2.75,42572025,4871700
08-05-2025 12:19,24481.8,609900,548250,08-05-2025 12:19,100.55,28672800,810150,08-05-2025 12:19,2.7,42484200,4993800
08-05-2025 12:19,24481.8,609675,549450,08-05-2025 12:19,100.25,28668000,820875,08-05-2025 12:19,2.7,42451800,4990950
08-05-2025 12:20,24481.9,608700,548100,08-05-2025 12:20,100.45,28656900,823275,08-05-2025 12:20,2.75,42521550,4960125
08-05-2025 12:20,24482.1,609000,549300,08-05-2025 12:20,100.9,28682850,827250,08-05-2025 12:20,2.75,42399900,4957875
08-05-2025 12:20,24482.1,609450,547950,08-05-2025 12:20,100.8,28685025,820050,08-05-2025 12:20,2.65,42418950,4951950
08-05-2025 12:20,24482.4,609600,547725,08-05-2025 12:20,100.6,28689975,817725,08-05-2025 12:20,2.65,42319050,5044275
08-05-2025 12:20,0,0,0,08-05-2025 12:20,100.5,28688400,825150,08-05-2025 12:20,2.75,42330450,5047650
08-05-2025 12:20,24483,609600,547650,08-05-2025 12:20,100.45,28691625,826725,08-05-2025 12:20,2.7,42332400,5004675
08-05-2025 12:21,24483.8,609750,549450,08-05-2025 12:21,100.5,28688325,823950,08-05-2025 12:21,2.7,42328425,5090325
08-05-2025 12:21,24483.8,610575,548700,08-05-2025 12:21,100.7,28686150,824700,08-05-2025 12:21,2.7,42310650,5096400
08-05-2025 12:21,24482,610800,548625,08-05-2025 12:21,100.5,28684650,824925,08-05-2025 12:21,2.75,42500400,5098275
08-05-2025 12:21,24482,609675,548325,08-05-2025 12:21,100.7,28663875,825375,08-05-2025 12:21,2.7,42491625,4987800
08-05-2025 12:21,24481.9,609675,548850,08-05-2025 12:21,100.85,28665150,816075,08-05-2025 12:21,2.7,42407325,5023200
08-05-2025 12:21,24482,609000,547800,08-05-2025 12:21,100.65,28665675,811800,08-05-2025 12:21,2.75,42468300,4951575
08-05-2025 12:22,24482,610350,548850,08-05-2025 12:22,100.55,28668600,821100,08-05-2025 12:22,2.75,42561300,4888800
08-05-2025 12:22,24483.8,610875,548250,08-05-2025 12:22,100.65,28670025,821175,08-05-2025 12:22,2.8,42506925,4950825
08-05-2025 12:22,24483.8,610650,548850,08-05-2025 12:22,100.7,28670325,814650,08-05-2025 12:22,2.75,42478500,4885350
08-05-2025 12:22,24482,611625,548775,08-05-2025 12:22,101.2,28667475,816900,08-05-2025 12:22,2.75,42477675,4915500
08-05-2025 12:22,24482,611100,549750,08-05-2025 12:22,100.85,28665375,817050,08-05-2025 12:22,2.75,42467250,4915425
08-05-2025 12:22,24482,611700,551700,08-05-2025 12:22,102.25,28671900,813000,08-05-2025 12:22,2.75,42428850,4962000
08-05-2025 12:23,0,0,0,08-05-2025 12:23,101.85,28678800,802875,08-05-2025 12:23,2.75,42480600,4948725
08-05-2025 12:23,24482,610575,548175,08-05-2025 12:23,101.4,28682625,813075,08-05-2025 12:23,2.75,42492450,4866300
08-05-2025 12:23,24481.7,616275,550125,08-05-2025 12:23,100.55,28681950,816375,08-05-2025 12:23,2.8,42498075,4895175
08-05-2025 12:23,24482.7,616050,548100,08-05-2025 12:23,101.5,28681275,814275,08-05-2025 12:23,2.7,42497625,4989525
08-05-2025 12:23,0,0,0,08-05-2025 12:23,101.85,28683750,812625,08-05-2025 12:23,2.65,42299475,4998825
08-05-2025 12:23,24482,607725,546975,08-05-2025 12:23,100.85,28681500,815475,08-05-2025 12:23,2.7,42377775,4932375
08-05-2025 12:24,24482.7,615900,547575,08-05-2025 12:24,100.6,28676700,823425,08-05-2025 12:24,2.75,42391800,4886550
08-05-2025 12:24,24482.7,615600,547800,08-05-2025 12:24,101.35,28682925,824700,08-05-2025 12:24,2.7,42393450,4948875
08-05-2025 12:24,24483.9,616725,548025,08-05-2025 12:24,101.6,28677900,820650,08-05-2025 12:24,2.65,42303075,5036775
08-05-2025 12:24,0,0,0,08-05-2025 12:24,102.5,28683675,822150,08-05-2025 12:24,2.55,42224850,5049150
08-05-2025 12:24,0,0,0,08-05-2025 12:24,102.2,28682925,795000,08-05-2025 12:24,2.6,42103425,5147925
08-05-2025 12:24,24483.9,616725,547575,08-05-2025 12:24,102.3,28682775,807075,08-05-2025 12:24,2.65,42193950,5093100
08-05-2025 12:25,24486.9,616875,547950,08-05-2025 12:25,102.75,28695375,806175,08-05-2025 12:25,2.65,42231000,5137650
08-05-2025 12:25,0,0,0,08-05-2025 12:25,103.05,28703475,806400,08-05-2025 12:25,2.75,42371025,5025675
08-05-2025 12:25,24486.9,617100,547800,08-05-2025 12:25,103.6,28700775,797625,08-05-2025 12:25,2.75,42374025,5046750
08-05-2025 12:25,24487,616950,546975,08-05-2025 12:25,103.25,28701075,798750,08-05-2025 12:25,2.7,42338175,4988550
08-05-2025 12:25,0,0,0,08-05-2025 12:25,0,0,0,08-05-2025 12:25,0,0,0
08-05-2025 12:25,0,0,0,08-05-2025 12:25,0,0,0,08-05-2025 12:25,0,0,0
08-05-2025 12:26,0,0,0,08-05-2025 12:26,0,0,0,08-05-2025 12:26,0,0,0
08-05-2025 12:26,0,0,0,08-05-2025 12:26,0,0,0,08-05-2025 12:26,0,0,0
08-05-2025 12:26,0,0,0,08-05-2025 12:26,0,0,0,08-05-2025 12:26,0,0,0
08-05-2025 12:26,0,0,0,08-05-2025 12:26,0,0,0,08-05-2025 12:26,0,0,0
08-05-2025 12:26,0,0,0,08-05-2025 12:26,0,0,0,08-05-2025 12:26,0,0,0
08-05-2025 12:26,0,0,0,08-05-2025 12:26,0,0,0,08-05-2025 12:26,0,0,0
08-05-2025 12:27,0,0,0,08-05-2025 12:27,0,0,0,08-05-2025 12:27,0,0,0
08-05-2025 12:27,0,0,0,08-05-2025 12:27,0,0,0,08-05-2025 12:27,0,0,0
08-05-2025 12:27,0,0,0,08-05-2025 12:27,0,0,0,08-05-2025 12:27,0,0,0
08-05-2025 12:27,0,0,0,08-05-2025 12:27,0,0,0,08-05-2025 12:27,0,0,0
08-05-2025 12:27,0,0,0,08-05-2025 12:27,0,0,0,08-05-2025 12:27,0,0,0
08-05-2025 12:27,0,0,0,08-05-2025 12:27,0,0,0,08-05-2025 12:27,0,0,0
08-05-2025 12:28,0,0,0,08-05-2025 12:28,0,0,0,08-05-2025 12:28,0,0,0
08-05-2025 12:28,0,0,0,08-05-2025 12:28,0,0,0,08-05-2025 12:28,0,0,0
08-05-2025 12:28,0,0,0,08-05-2025 12:28,0,0,0,08-05-2025 12:28,0,0,0
08-05-2025 12:28,0,0,0,08-05-2025 12:28,0,0,0,08-05-2025 12:28,0,0,0
08-05-2025 12:28,0,0,0,08-05-2025 12:28,0,0,0,08-05-2025 12:28,0,0,0
08-05-2025 12:28,0,0,0,08-05-2025 12:28,0,0,0,08-05-2025 12:28,0,0,0
08-05-2025 12:29,0,0,0,08-05-2025 12:29,0,0,0,08-05-2025 12:29,0,0,0
08-05-2025 12:29,0,0,0,08-05-2025 12:29,0,0,0,08-05-2025 12:29,0,0,0
08-05-2025 12:29,0,0,0,08-05-2025 12:29,0,0,0,08-05-2025 12:29,0,0,0
08-05-2025 12:29,0,0,0,08-05-2025 12:29,0,0,0,08-05-2025 12:29,0,0,0
08-05-2025 12:29,0,0,0,08-05-2025 12:29,0,0,0,08-05-2025 12:29,0,0,0
08-05-2025 12:29,0,0,0,08-05-2025 12:29,0,0,0,08-05-2025 12:29,0,0,0
08-05-2025 12:30,0,0,0,08-05-2025 12:30,0,0,0,08-05-2025 12:30,0,0,0
08-05-2025 12:30,0,0,0,08-05-2025 12:30,0,0,0,08-05-2025 12:30,0,0,0
08-05-2025 12:30,0,0,0,08-05-2025 12:30,0,0,0,08-05-2025 12:30,0,0,0
08-05-2025 12:30,0,0,0,08-05-2025 12:30,0,0,0,08-05-2025 12:30,0,0,0
08-05-2025 12:30,0,0,0,08-05-2025 12:30,0,0,0,08-05-2025 12:30,0,0,0
08-05-2025 12:30,0,0,0,08-05-2025 12:30,0,0,0,08-05-2025 12:30,0,0,0
08-05-2025 12:31,0,0,0,08-05-2025 12:31,0,0,0,08-05-2025 12:31,0,0,0
08-05-2025 12:31,0,0,0,08-05-2025 12:31,0,0,0,08-05-2025 12:31,0,0,0
08-05-2025 12:31,0,0,0,08-05-2025 12:31,0,0,0,08-05-2025 12:31,0,0,0
08-05-2025 12:31,0,0,0,08-05-2025 12:31,0,0,0,08-05-2025 12:31,0,0,0
08-05-2025 12:31,0,0,0,08-05-2025 12:31,0,0,0,08-05-2025 12:31,0,0,0
08-05-2025 12:31,0,0,0,08-05-2025 12:31,0,0,0,08-05-2025 12:31,0,0,0
08-05-2025 12:32,0,0,0,08-05-2025 12:32,0,0,0,08-05-2025 12:32,0,0,0
08-05-2025 12:32,0,0,0,08-05-2025 12:32,0,0,0,08-05-2025 12:32,0,0,0
08-05-2025 12:32,0,0,0,08-05-2025 12:32,0,0,0,08-05-2025 12:32,0,0,0
08-05-2025 12:32,0,0,0,08-05-2025 12:32,0,0,0,08-05-2025 12:32,0,0,0
08-05-2025 12:32,0,0,0,08-05-2025 12:32,0,0,0,08-05-2025 12:32,0,0,0
08-05-2025 12:32,24484.7,618150,548475,08-05-2025 12:32,0,0,0,08-05-2025 12:32,2.5,42126225,5138325
08-05-2025 12:33,24482.5,618000,548250,08-05-2025 12:33,102,28377150,841800,08-05-2025 12:33,2.45,42077550,5301000
08-05-2025 12:33,24482.5,617325,548850,08-05-2025 12:33,101.2,28383975,846000,08-05-2025 12:33,2.45,41963325,5174625
08-05-2025 12:33,24482.7,617550,549225,08-05-2025 12:33,101.6,28390275,855750,08-05-2025 12:33,2.5,42135600,5256300
08-05-2025 12:33,24482,618300,548325,08-05-2025 12:33,102.35,28390500,854325,08-05-2025 12:33,2.55,42135600,5162100
08-05-2025 12:33,24482,616800,546075,08-05-2025 12:33,102.15,28373850,857625,08-05-2025 12:33,2.5,42078450,5177400
08-05-2025 12:33,24482,616575,546150,08-05-2025 12:33,101.7,28369200,865725,08-05-2025 12:33,2.45,42080850,5176200
08-05-2025 12:34,24483,615975,542400,08-05-2025 12:34,102,28377750,875475,08-05-2025 12:34,2.55,42173775,5233575
08-05-2025 12:34,24481.1,615900,540900,08-05-2025 12:34,101.55,28376850,874500,08-05-2025 12:34,2.5,42176475,5185500
08-05-2025 12:34,24482.5,615750,539100,08-05-2025 12:34,102,28374075,876150,08-05-2025 12:34,2.55,42161625,5187075
08-05-2025 12:34,24482.4,615075,539325,08-05-2025 12:34,101.8,28373550,874275,08-05-2025 12:34,2.5,42203625,5152575
08-05-2025 12:34,24483,615450,538800,08-05-2025 12:34,101.8,28371225,877050,08-05-2025 12:34,2.5,42224925,5154300
08-05-2025 12:34,24482.8,615300,538500,08-05-2025 12:34,101.9,28371900,878700,08-05-2025 12:34,2.55,42264075,5157075
08-05-2025 12:35,24482.7,615225,539250,08-05-2025 12:35,101.85,28371000,879900,08-05-2025 12:35,2.5,42212550,5163600
08-05-2025 12:35,24482.9,615225,539250,08-05-2025 12:35,102,28373475,877500,08-05-2025 12:35,2.5,42261525,5148975
08-05-2025 12:35,24482.7,613275,538125,08-05-2025 12:35,101.5,28374525,875700,08-05-2025 12:35,2.55,42219375,5156625
08-05-2025 12:35,24482.5,612150,538575,08-05-2025 12:35,101.8,28371075,874350,08-05-2025 12:35,2.55,42447300,5053050
08-05-2025 12:35,24483,612300,537600,08-05-2025 12:35,102,28374000,858900,08-05-2025 12:35,2.6,42496650,5034675
08-05-2025 12:35,24482.4,612450,537750,08-05-2025 12:35,101.85,28376325,861150,08-05-2025 12:35,2.6,42385950,5055075
08-05-2025 12:36,24482.5,612300,537300,08-05-2025 12:36,101.85,28377525,862800,08-05-2025 12:36,2.55,42395775,5042025
08-05-2025 12:36,24480,613275,538650,08-05-2025 12:36,101.75,28368225,863775,08-05-2025 12:36,2.65,42471825,5002875
08-05-2025 12:36,24482.5,615375,538575,08-05-2025 12:36,102,28375275,860100,08-05-2025 12:36,2.65,42483375,4937025
08-05-2025 12:36,24482.8,613050,538650,08-05-2025 12:36,102,28372875,848100,08-05-2025 12:36,2.65,42430575,4943250
08-05-2025 12:36,24480.1,613575,538425,08-05-2025 12:36,101.85,28364775,852450,08-05-2025 12:36,2.65,42390975,4940025
08-05-2025 12:36,24483,613500,539925,08-05-2025 12:36,102,28356150,849600,08-05-2025 12:36,2.65,42482475,4907175
08-05-2025 12:37,24481.3,613725,538800,08-05-2025 12:37,102.3,28359075,844050,08-05-2025 12:37,2.55,42387975,5014275
08-05-2025 12:37,24482,615000,537750,08-05-2025 12:37,102.15,28358775,836475,08-05-2025 12:37,2.6,42465075,5002500
08-05-2025 12:37,24482.7,614625,537675,08-05-2025 12:37,102.2,28354125,840600,08-05-2025 12:37,2.6,42481200,4911750
08-05-2025 12:37,24482.2,614775,538800,08-05-2025 12:37,101.8,28354650,840075,08-05-2025 12:37,2.65,42532050,4907850
08-05-2025 12:37,24482.3,614775,538575,08-05-2025 12:37,102.25,28354275,841425,08-05-2025 12:37,2.6,42541950,4874625
08-05-2025 12:37,24484.6,614625,538875,08-05-2025 12:37,102.15,28359450,839100,08-05-2025 12:37,2.6,42474375,4875525
08-05-2025 12:38,24482.2,614775,539100,08-05-2025 12:38,102.25,28357500,840225,08-05-2025 12:38,2.65,42498900,4901025
08-05-2025 12:38,24483.9,614700,539100,08-05-2025 12:38,102.2,28355025,838725,08-05-2025 12:38,2.6,42474900,4881750
08-05-2025 12:38,24483.9,615300,538500,08-05-2025 12:38,102,28348650,844425,08-05-2025 12:38,2.65,42517125,4864875
08-05-2025 12:38,24483.9,615375,538575,08-05-2025 12:38,101.7,28339275,848550,08-05-2025 12:38,2.7,42511650,4814775
08-05-2025 12:38,24482.7,615450,538875,08-05-2025 12:38,102.1,28340400,846525,08-05-2025 12:38,2.65,42569400,4824225
08-05-2025 12:38,24482.7,615150,537750,08-05-2025 12:38,101.8,28340025,848175,08-05-2025 12:38,2.75,42731250,4769325
08-05-2025 12:39,24483.4,615375,538350,08-05-2025 12:39,101.7,28338975,850275,08-05-2025 12:39,2.75,42807225,4716600
08-05-2025 12:39,0,0,0,08-05-2025 12:39,102.05,28341075,847200,08-05-2025 12:39,2.8,42745200,4689375
08-05-2025 12:39,0,0,0,08-05-2025 12:39,102.4,28346850,840075,08-05-2025 12:39,2.7,42740100,4807500
08-05-2025 12:39,24482.8,613500,538650,08-05-2025 12:39,102.35,28353450,839550,08-05-2025 12:39,2.75,42631725,4828200
08-05-2025 12:39,24483.4,613425,538575,08-05-2025 12:39,102.1,28349250,840600,08-05-2025 12:39,2.75,42589350,4815825
08-05-2025 12:39,24482.9,613950,539100,08-05-2025 12:39,102.15,28353450,842325,08-05-2025 12:39,2.75,42634875,4778175
08-05-2025 12:40,24482.1,613350,539100,08-05-2025 12:40,101.7,28352850,851175,08-05-2025 12:40,2.8,42744300,4739850
08-05-2025 12:40,24482.6,614025,538875,08-05-2025 12:40,102,28344000,848250,08-05-2025 12:40,2.8,42727575,4731675
08-05-2025 12:40,24483.5,614100,538725,08-05-2025 12:40,102.45,28350150,844050,08-05-2025 12:40,2.7,42618525,4850025
08-05-2025 12:40,24482.1,613875,537975,08-05-2025 12:40,102.3,28355025,824175,08-05-2025 12:40,2.75,42627975,4892775
08-05-2025 12:40,24481.1,613650,538350,08-05-2025 12:40,102.45,28365825,821925,08-05-2025 12:40,2.75,42642600,4794375
08-05-2025 12:40,0,0,0,08-05-2025 12:40,102.45,28359675,824025,08-05-2025 12:40,2.65,42570375,4848300
08-05-2025 12:41,24481.1,614025,539175,08-05-2025 12:41,102.6,28343625,816825,08-05-2025 12:41,2.7,42472050,4908675
08-05-2025 12:41,24482.2,613575,538800,08-05-2025 12:41,102.5,28335750,818850,08-05-2025 12:41,2.7,42532425,4833300
08-05-2025 12:41,24482.1,613650,539850,08-05-2025 12:41,102.15,28335000,818775,08-05-2025 12:41,2.7,42519975,4821000
08-05-2025 12:41,0,0,0,08-05-2025 12:41,101.75,28324650,822150,08-05-2025 12:41,2.7,42518325,4843725
08-05-2025 12:41,0,0,0,08-05-2025 12:41,101.45,28321875,823200,08-05-2025 12:41,2.7,42512475,4879875
08-05-2025 12:41,24483.1,612825,538875,08-05-2025 12:41,101.1,28321350,822150,08-05-2025 12:41,2.75,42494100,4807125
08-05-2025 12:42,24483,613500,539325,08-05-2025 12:42,101.9,28335825,820875,08-05-2025 12:42,2.7,42475500,4898700
08-05-2025 12:42,24482.8,614400,540075,08-05-2025 12:42,102.05,28326075,813150,08-05-2025 12:42,2.65,42526650,4886475
08-05-2025 12:42,24481.5,613575,540000,08-05-2025 12:42,101.8,28313025,810150,08-05-2025 12:42,2.7,42511575,4890300
08-05-2025 12:42,24482.9,613800,539925,08-05-2025 12:42,102.2,28314750,807975,08-05-2025 12:42,2.65,42470475,4875000
08-05-2025 12:42,24482.9,613275,539400,08-05-2025 12:42,102.05,28324725,805800,08-05-2025 12:42,2.7,42497400,4888350
08-05-2025 12:42,0,0,0,08-05-2025 12:42,102,28320000,804300,08-05-2025 12:42,2.7,42487125,4886100
08-05-2025 12:43,24481.5,613425,541050,08-05-2025 12:43,102,28318350,822075,08-05-2025 12:43,2.7,42450600,4896225
08-05-2025 12:43,24480.1,614100,540975,08-05-2025 12:43,101.8,28318950,821550,08-05-2025 12:43,2.65,42468975,4882950
08-05-2025 12:43,24480.1,614475,541200,08-05-2025 12:43,102,28323600,820350,08-05-2025 12:43,2.7,42468675,4899150
08-05-2025 12:43,0,0,0,08-05-2025 12:43,101.7,28326750,818925,08-05-2025 12:43,2.75,42588600,4887825
08-05-2025 12:43,0,0,0,08-05-2025 12:43,101.65,28326150,822525,08-05-2025 12:43,2.7,42600375,4852725
08-05-2025 12:43,24482,614175,541275,08-05-2025 12:43,101.35,28324875,823200,08-05-2025 12:43,2.7,42564450,4849200
08-05-2025 12:44,24481.4,613875,543375,08-05-2025 12:44,101.1,28321950,826200,08-05-2025 12:44,2.7,42617025,4866900
08-05-2025 12:44,0,0,0,08-05-2025 12:44,99.65,28321200,824250,08-05-2025 12:44,2.7,42576600,4893225
08-05-2025 12:44,24479,613050,541725,08-05-2025 12:44,99.25,28283550,820350,08-05-2025 12:44,2.7,42578850,4879875
08-05-2025 12:44,24478,613575,543600,08-05-2025 12:44,98.7,28271700,822225,08-05-2025 12:44,2.7,42549600,4885425
08-05-2025 12:44,24477,613500,543225,08-05-2025 12:44,97.45,28221075,818775,08-05-2025 12:44,2.8,42720825,4827900
08-05-2025 12:44,24479.9,613575,542850,08-05-2025 12:44,98,28229775,822300,08-05-2025 12:44,2.8,42867075,4698525
08-05-2025 12:45,24476.6,612825,542325,08-05-2025 12:45,98.5,28278375,821925,08-05-2025 12:45,2.9,42993450,4560825
08-05-2025 12:45,24476.1,611625,542175,08-05-2025 12:45,98.75,28292475,813150,08-05-2025 12:45,2.85,42730350,4704675
08-05-2025 12:45,24477.1,612450,542700,08-05-2025 12:45,98.8,28304625,814275,08-05-2025 12:45,2.85,42674025,4716150
08-05-2025 12:45,24477.2,611925,542325,08-05-2025 12:45,98.9,28292550,825675,08-05-2025 12:45,2.9,42701700,4659375
08-05-2025 12:45,24477.7,612450,543000,08-05-2025 12:45,99.15,28315500,826725,08-05-2025 12:45,2.85,42742350,4631325
08-05-2025 12:45,24477.7,612000,543075,08-05-2025 12:45,99,28325100,824175,08-05-2025 12:45,2.85,42708150,4674225
08-05-2025 12:46,24477.1,611175,542925,08-05-2025 12:46,98.85,28323600,836925,08-05-2025 12:46,2.9,42794025,4582050
08-05-2025 12:46,24477.2,611850,544125,08-05-2025 12:46,99.35,28320750,837375,08-05-2025 12:46,2.9,42793575,4640250
08-05-2025 12:46,24477.9,612375,545400,08-05-2025 12:46,99.5,28320450,834450,08-05-2025 12:46,2.9,42794175,4639875
08-05-2025 12:46,24477.9,613125,545775,08-05-2025 12:46,99.5,28330125,838950,08-05-2025 12:46,2.9,42722475,4639125
08-05-2025 12:46,24477.7,613200,545775,08-05-2025 12:46,99.55,28321575,836175,08-05-2025 12:46,2.8,42745125,4710300
08-05-2025 12:46,24477.8,612000,546075,08-05-2025 12:46,99.8,28320825,841950,08-05-2025 12:46,2.8,42642825,4719825
08-05-2025 12:47,24477.4,612375,546825,08-05-2025 12:47,99.8,28327650,843975,08-05-2025 12:47,2.8,42671175,4742400
08-05-2025 12:47,24476,612825,546225,08-05-2025 12:47,100.2,28335600,841725,08-05-2025 12:47,2.8,42647175,4777275
08-05-2025 12:47,24476,613350,547050,08-05-2025 12:47,100.55,28336875,816825,08-05-2025 12:47,2.75,42548025,4834500
08-05-2025 12:47,24476.1,613200,545850,08-05-2025 12:47,100.4,28334475,829950,08-05-2025 12:47,2.8,42535425,4888500
08-05-2025 12:47,24475.2,612000,544200,08-05-2025 12:47,99.65,28325475,836100,08-05-2025 12:47,2.9,42667125,4671450
08-05-2025 12:47,24475.8,612750,544800,08-05-2025 12:47,99.7,28320075,837300,08-05-2025 12:47,2.8,42532050,4782000
08-05-2025 12:48,24475.7,613650,547275,08-05-2025 12:48,99.95,28325400,840600,08-05-2025 12:48,2.75,42521850,4815675
08-05-2025 12:48,24476,611925,545175,08-05-2025 12:48,100,28328850,839100,08-05-2025 12:48,2.75,42419100,4875525
08-05-2025 12:48,24476,612825,545925,08-05-2025 12:48,99.85,28330125,834975,08-05-2025 12:48,2.7,42452550,4884975
08-05-2025 12:48,24476.9,612825,544500,08-05-2025 12:48,99.55,28326150,837525,08-05-2025 12:48,2.75,42367800,4866375
08-05-2025 12:48,24476.5,612225,544650,08-05-2025 12:48,99.75,28331175,839400,08-05-2025 12:48,2.7,42395325,4841625
08-05-2025 12:48,24476.9,612150,545100,08-05-2025 12:48,99.85,28333350,837750,08-05-2025 12:48,2.75,42418725,4803600
08-05-2025 12:49,24475.7,613950,545100,08-05-2025 12:49,100,28324650,839175,08-05-2025 12:49,2.65,42421650,4941600
08-05-2025 12:49,24475.5,613200,544650,08-05-2025 12:49,99.55,28323150,827475,08-05-2025 12:49,2.6,42310050,5004375
08-05-2025 12:49,24475.8,613350,544800,08-05-2025 12:49,99.7,28318950,832125,08-05-2025 12:49,2.6,42240150,4977525
08-05-2025 12:49,24475.5,613425,544575,08-05-2025 12:49,99.8,28315725,833775,08-05-2025 12:49,2.6,42290475,4938075
08-05-2025 12:49,24475.2,613050,544350,08-05-2025 12:49,100,28327575,834750,08-05-2025 12:49,2.6,42238050,4978575
08-05-2025 12:49,24475.6,613125,544125,08-05-2025 12:49,100.2,28365750,830250,08-05-2025 12:49,2.55,42313500,5028450
08-05-2025 12:50,24475.1,613275,544425,08-05-2025 12:50,99.95,28369650,837150,08-05-2025 12:50,2.55,42150150,5090625
08-05-2025 12:50,24476.5,613500,543450,08-05-2025 12:50,100.65,28361325,834525,08-05-2025 12:50,2.5,42149025,5130075
08-05-2025 12:50,24476.2,614100,544425,08-05-2025 12:50,100.2,28349775,822600,08-05-2025 12:50,2.5,41955825,5279850
08-05-2025 12:50,24476.2,613800,543525,08-05-2025 12:50,100.15,28344750,824400,08-05-2025 12:50,2.6,42116850,5149650
08-05-2025 12:50,24476.7,613575,543825,08-05-2025 12:50,100.55,28345050,827325,08-05-2025 12:50,2.6,42309075,4974375
08-05-2025 12:50,24476.3,612525,544200,08-05-2025 12:50,100.2,28344825,825900,08-05-2025 12:50,2.6,42395025,4957875
08-05-2025 12:51,24476.9,612075,544350,08-05-2025 12:51,100,28335750,828900,08-05-2025 12:51,2.6,42336225,4965075
08-05-2025 12:51,24476.7,611700,544500,08-05-2025 12:51,99.9,28338450,825975,08-05-2025 12:51,2.6,42265575,5072925
08-05-2025 12:51,24476.2,613125,544350,08-05-2025 12:51,99.95,28342125,823650,08-05-2025 12:51,2.55,42231525,5071050
08-05-2025 12:51,24476.1,613275,543900,08-05-2025 12:51,100.8,28336725,821400,08-05-2025 12:51,2.55,42172800,5138925
08-05-2025 12:51,24476,612825,544725,08-05-2025 12:51,100.45,28333500,817650,08-05-2025 12:51,2.55,42190725,5098050
08-05-2025 12:51,24476.2,611925,544200,08-05-2025 12:51,100.6,28338150,816675,08-05-2025 12:51,2.6,42297750,4974750
08-05-2025 12:52,24475.8,611625,544050,08-05-2025 12:52,100.55,28334850,817725,08-05-2025 12:52,2.55,42321075,4989375
08-05-2025 12:52,24476,613200,543375,08-05-2025 12:52,101.3,28335375,815175,08-05-2025 12:52,2.5,42184500,5113350
08-05-2025 12:52,24475.9,613500,543300,08-05-2025 12:52,100.95,28339125,795900,08-05-2025 12:52,2.6,42249975,5045700
08-05-2025 12:52,24475.8,611400,543225,08-05-2025 12:52,101,28338600,805350,08-05-2025 12:52,2.6,42294825,5021625
08-05-2025 12:52,24475.7,610950,543150,08-05-2025 12:52,101,28341225,806175,08-05-2025 12:52,2.65,42389700,5006175
08-05-2025 12:52,24476.5,611475,542850,08-05-2025 12:52,101.4,28349625,801675,08-05-2025 12:52,2.6,42360075,5094900
08-05-2025 12:53,24476.6,612075,543150,08-05-2025 12:53,101.2,28347825,808350,08-05-2025 12:53,2.6,42238575,5077050
08-05-2025 12:53,24475.5,611550,543600,08-05-2025 12:53,100.8,28342950,808425,08-05-2025 12:53,2.6,42283050,5014500
08-05-2025 12:53,24475.2,611400,544275,08-05-2025 12:53,100.95,28345950,809325,08-05-2025 12:53,2.65,42488100,4917300
08-05-2025 12:53,24475.2,611475,545100,08-05-2025 12:53,100.6,28345725,811500,08-05-2025 12:53,2.7,42544500,4869900
08-05-2025 12:53,24475.9,611550,543750,08-05-2025 12:53,101.4,28369200,807675,08-05-2025 12:53,2.65,42531525,4902750
08-05-2025 12:53,24476.5,608550,544125,08-05-2025 12:53,101.25,28369875,804975,08-05-2025 12:53,2.7,42425025,4888050
08-05-2025 12:54,24476.6,609975,543900,08-05-2025 12:54,101.1,28440675,812250,08-05-2025 12:54,2.7,42375900,4911675
08-05-2025 12:54,24476.2,609975,544125,08-05-2025 12:54,101.3,28491900,813900,08-05-2025 12:54,2.6,42379125,4944750
08-05-2025 12:54,24477.8,610350,543300,08-05-2025 12:54,101.8,28483575,809625,08-05-2025 12:54,2.65,42293325,4978950
08-05-2025 12:54,24475.1,610425,543375,08-05-2025 12:54,101.8,28481325,809925,08-05-2025 12:54,2.75,42466800,4895100
08-05-2025 12:54,24477,610125,542850,08-05-2025 12:54,101.8,28480950,812850,08-05-2025 12:54,2.65,42523500,4846950
08-05-2025 12:54,24478.5,610350,542625,08-05-2025 12:54,101.6,28475850,824775,08-05-2025 12:54,2.7,42452025,4902075
08-05-2025 12:55,24475.4,608925,544125,08-05-2025 12:55,101.3,28476675,821775,08-05-2025 12:55,2.7,42564600,4904775
08-05-2025 12:55,24475.5,608250,543900,08-05-2025 12:55,101.3,28471350,816900,08-05-2025 12:55,2.75,42564075,4844100
08-05-2025 12:55,24475.5,608925,543300,08-05-2025 12:55,101.45,28478400,824925,08-05-2025 12:55,2.7,42631800,4878300
08-05-2025 12:55,24477.8,608700,544275,08-05-2025 12:55,101.3,28490100,825600,08-05-2025 12:55,2.7,42560700,4913025
08-05-2025 12:55,24476,608250,543750,08-05-2025 12:55,101.6,28491675,830700,08-05-2025 12:55,2.7,42549750,4875375
08-05-2025 12:55,24477.7,608400,544200,08-05-2025 12:55,101.7,28497675,824700,08-05-2025 12:55,2.65,42441000,4898775
08-05-2025 12:56,24477,609600,544425,08-05-2025 12:56,101.7,28494600,827400,08-05-2025 12:56,2.7,42508725,4859250
08-05-2025 12:56,24479.2,612150,544275,08-05-2025 12:56,102.2,28494525,823725,08-05-2025 12:56,2.7,42439200,4890975
08-05-2025 12:56,0,0,0,08-05-2025 12:56,102.5,28489950,790200,08-05-2025 12:56,2.7,42417825,4953300
08-05-2025 12:56,24476.5,610575,543150,08-05-2025 12:56,101.9,28477650,774000,08-05-2025 12:56,2.7,42469425,4941750
08-05-2025 12:56,24477,608550,543900,08-05-2025 12:56,101.25,28458900,775650,08-05-2025 12:56,2.7,42540750,4895025
08-05-2025 12:56,0,0,0,08-05-2025 12:56,101.25,28457175,777750,08-05-2025 12:56,2.7,42504525,4888650
08-05-2025 12:57,24476.9,609825,543225,08-05-2025 12:57,101.7,28464525,777900,08-05-2025 12:57,2.7,42494550,4934625
08-05-2025 12:57,24476.6,609450,541950,08-05-2025 12:57,102,28463175,776100,08-05-2025 12:57,2.6,42331575,4935825
08-05-2025 12:57,24477,611925,542475,08-05-2025 12:57,101.85,28468425,768300,08-05-2025 12:57,2.65,42225975,4951650
08-05-2025 12:57,24477.6,610500,542475,08-05-2025 12:57,101.8,28457475,774000,08-05-2025 12:57,2.65,42283425,4879425
08-05-2025 12:57,24477,609750,542625,08-05-2025 12:57,101.4,28452000,775950,08-05-2025 12:57,2.7,42406800,4862400
08-05-2025 12:57,24476.3,609375,543150,08-05-2025 12:57,101.35,28456950,778950,08-05-2025 12:57,2.7,42457725,4842375
08-05-2025 12:58,24476.4,610050,542850,08-05-2025 12:58,101.8,28461825,775950,08-05-2025 12:58,2.75,42560700,4847250
08-05-2025 12:58,24476.3,611100,542475,08-05-2025 12:58,102,28458075,781425,08-05-2025 12:58,2.7,42474450,4852425
08-05-2025 12:58,24476.5,610575,542925,08-05-2025 12:58,101.5,28461975,782625,08-05-2025 12:58,2.7,42500550,4828800
08-05-2025 12:58,24475.7,609150,543075,08-05-2025 12:58,101.5,28466100,784350,08-05-2025 12:58,2.75,42542850,4777350
08-05-2025 12:58,24475.9,611025,542850,08-05-2025 12:58,101.8,28468575,784275,08-05-2025 12:58,2.75,42610950,4770150
08-05-2025 12:58,24476.6,611100,543450,08-05-2025 12:58,101.8,28472925,783300,08-05-2025 12:58,2.85,42668925,4802700
08-05-2025 12:59,24476.6,610200,542850,08-05-2025 12:59,102.8,28534200,784650,08-05-2025 12:59,2.85,42757950,4651050
08-05-2025 12:59,24476.7,612150,544725,08-05-2025 12:59,102.6,28529625,757125,08-05-2025 12:59,2.85,42876300,4669275
08-05-2025 12:59,24477.8,611775,543675,08-05-2025 12:59,102.4,28526700,754650,08-05-2025 12:59,2.75,42695475,4886400
08-05-2025 12:59,24476.7,611775,543375,08-05-2025 12:59,102.4,28541925,750300,08-05-2025 12:59,2.85,42685650,4815525
08-05-2025 12:59,24477.3,613500,543150,08-05-2025 12:59,103.45,28544025,755325,08-05-2025 12:59,2.8,42677400,4800450
08-05-2025 12:59,24478.2,612825,542025,08-05-2025 12:59,104.3,28547250,736500,08-05-2025 12:59,2.9,42835350,4795125
08-05-2025 13:00,24478,612375,542475,08-05-2025 13:00,103,28536975,735450,08-05-2025 13:00,2.85,42956700,4756800
08-05-2025 13:00,24478.2,613500,542250,08-05-2025 13:00,102.85,28534125,738600,08-05-2025 13:00,2.85,42812100,4742250
08-05-2025 13:00,24477.3,615150,543000,08-05-2025 13:00,102.8,28536675,746325,08-05-2025 13:00,2.85,42911325,4747800
08-05-2025 13:00,0,0,0,08-05-2025 13:00,102.55,28533225,752325,08-05-2025 13:00,2.85,42847950,4779750
08-05-2025 13:00,24477.4,613575,543750,08-05-2025 13:00,102,28539075,754800,08-05-2025 13:00,2.85,42846300,4746375
08-05-2025 13:00,24477.3,613500,543525,08-05-2025 13:00,102.4,28523175,763200,08-05-2025 13:00,2.85,42750525,4802250
08-05-2025 13:01,24477.3,613500,543600,08-05-2025 13:01,101.75,28523025,770400,08-05-2025 13:01,2.8,42767250,4837350
08-05-2025 13:01,24477.3,613350,543075,08-05-2025 13:01,101.85,28516650,774750,08-05-2025 13:01,2.8,42480975,4914075
08-05-2025 13:01,0,0,0,08-05-2025 13:01,101.9,28523550,773550,08-05-2025 13:01,2.8,42541275,4842300
08-05-2025 13:01,24476.2,613425,543825,08-05-2025 13:01,101.05,28523700,781500,08-05-2025 13:01,2.75,42649350,4819650
08-05-2025 13:01,24476.1,611400,543975,08-05-2025 13:01,100.8,28519875,787650,08-05-2025 13:01,2.85,42481350,4779825
08-05-2025 13:01,24476,611325,543525,08-05-2025 13:01,101.25,28525575,786300,08-05-2025 13:01,2.8,42609900,4721925
08-05-2025 13:02,24476,609825,543975,08-05-2025 13:02,100.45,28523400,777675,08-05-2025 13:02,2.85,42665250,4716600
08-05-2025 13:02,24474.3,608100,545175,08-05-2025 13:02,100,28516650,773325,08-05-2025 13:02,2.9,42651750,4773675
08-05-2025 13:02,24474.3,608025,543825,08-05-2025 13:02,99.9,28504800,773850,08-05-2025 13:02,2.9,42648075,4685475
08-05-2025 13:02,24474.4,609075,542325,08-05-2025 13:02,100.05,28511850,769500,08-05-2025 13:02,2.9,42696750,4710150
08-05-2025 13:02,0,0,0,08-05-2025 13:02,100.7,28512750,761925,08-05-2025 13:02,2.9,42672600,4728300
08-05-2025 13:02,24475.4,609150,542775,08-05-2025 13:02,100.65,28516425,765750,08-05-2025 13:02,2.95,42703500,4658925
08-05-2025 13:03,24475.1,609975,543525,08-05-2025 13:03,100.75,28533675,773925,08-05-2025 13:03,2.9,42693000,4643025
08-05-2025 13:03,24475.1,608400,543600,08-05-2025 13:03,100.45,28526925,782175,08-05-2025 13:03,3,42846450,4555275
08-05-2025 13:03,24475.9,608250,542625,08-05-2025 13:03,100.4,28530150,783375,08-05-2025 13:03,2.95,42797550,4626075
08-05-2025 13:03,24475.8,610725,542700,08-05-2025 13:03,100.75,28519800,785625,08-05-2025 13:03,2.95,42795900,4553700
08-05-2025 13:03,24475.9,610725,542700,08-05-2025 13:03,100.95,28557225,784725,08-05-2025 13:03,2.9,42750000,4639725
08-05-2025 13:03,24475.8,609525,543000,08-05-2025 13:03,100.5,28566375,775500,08-05-2025 13:03,2.95,42760950,4665525
08-05-2025 13:04,24475.5,609600,543000,08-05-2025 13:04,101.05,28571025,776925,08-05-2025 13:04,2.85,42740175,4667475
08-05-2025 13:04,24475.5,609675,542550,08-05-2025 13:04,100.6,28571850,773775,08-05-2025 13:04,2.75,42498525,4786275
08-05-2025 13:04,24475.5,609225,543075,08-05-2025 13:04,100.7,28531950,788775,08-05-2025 13:04,2.75,42339225,4798800
08-05-2025 13:04,24475.2,609975,543300,08-05-2025 13:04,100.2,28526775,791775,08-05-2025 13:04,2.75,42375750,4845675
08-05-2025 13:04,24475.1,609675,544275,08-05-2025 13:04,99.3,28526775,793500,08-05-2025 13:04,2.8,42332925,4809750
08-05-2025 13:04,24473.3,610725,544500,08-05-2025 13:04,100,28503900,786675,08-05-2025 13:04,2.9,42446325,4745850
08-05-2025 13:05,24473.7,610650,544050,08-05-2025 13:05,99.85,28513575,785025,08-05-2025 13:05,2.85,42547125,4717950
08-05-2025 13:05,24473.8,610950,545325,08-05-2025 13:05,100.4,28521375,785250,08-05-2025 13:05,2.75,42543825,4852200
08-05-2025 13:05,24474.5,610500,543225,08-05-2025 13:05,100.25,28527525,786900,08-05-2025 13:05,2.75,42276300,4889475
08-05-2025 13:05,24474.9,610200,543375,08-05-2025 13:05,100.4,28529175,791550,08-05-2025 13:05,2.75,42358350,4859700
08-05-2025 13:05,24474.9,609675,543225,08-05-2025 13:05,100.05,28530150,792150,08-05-2025 13:05,2.8,42358650,4861275
08-05-2025 13:05,24474.9,611625,543150,08-05-2025 13:05,100.35,28527900,796050,08-05-2025 13:05,2.75,42342450,4962150
08-05-2025 13:06,24474.5,611550,542775,08-05-2025 13:06,99.7,28524600,800775,08-05-2025 13:06,2.8,42387675,4986525
08-05-2025 13:06,24473.6,611925,542400,08-05-2025 13:06,99.05,28518525,851025,08-05-2025 13:06,2.9,42433575,4881225
08-05-2025 13:06,24472.8,609375,542475,08-05-2025 13:06,98.65,28511625,848325,08-05-2025 13:06,2.9,42746175,4714875
08-05-2025 13:06,24472.6,609450,542700,08-05-2025 13:06,99.1,28507875,850950,08-05-2025 13:06,2.9,42793950,4640925
08-05-2025 13:06,24473,610125,542550,08-05-2025 13:06,99,28506825,834525,08-05-2025 13:06,2.85,42638700,4719150
08-05-2025 13:06,24473,610125,542475,08-05-2025 13:06,99.05,28512225,802500,08-05-2025 13:06,2.9,42582075,4728900
08-05-2025 13:07,24473,609300,543000,08-05-2025 13:07,98,28509150,806025,08-05-2025 13:07,3.05,42809850,4646400
08-05-2025 13:07,24467,607200,543300,08-05-2025 13:07,95,28462875,808125,08-05-2025 13:07,3.4,42987225,4440375
08-05-2025 13:07,24469.7,604725,541275,08-05-2025 13:07,95.75,28371750,796500,08-05-2025 13:07,3.3,42876525,4634100
08-05-2025 13:07,24470,606300,543750,08-05-2025 13:07,96.15,28402125,796800,08-05-2025 13:07,3.4,42898800,4595025
08-05-2025 13:07,24469.9,607500,541800,08-05-2025 13:07,96.5,28411575,795750,08-05-2025 13:07,3.4,42842325,4600050
08-05-2025 13:07,24468.8,606300,540675,08-05-2025 13:07,96.75,28418550,791475,08-05-2025 13:07,3.25,42706200,4589925
08-05-2025 13:08,24469,607275,540900,08-05-2025 13:08,96.45,28430025,799575,08-05-2025 13:08,3.35,42588600,4587000
08-05-2025 13:08,24468.6,607650,540225,08-05-2025 13:08,96.3,28443600,804675,08-05-2025 13:08,3.3,42653550,4556925
08-05-2025 13:08,24472.2,600150,534900,08-05-2025 13:08,94.8,28440900,819675,08-05-2025 13:08,3.55,42827775,4524375
08-05-2025 13:08,24467.7,598425,533025,08-05-2025 13:08,95.55,28416150,815400,08-05-2025 13:08,3.4,42913650,4515600
08-05-2025 13:08,24469,599625,534375,08-05-2025 13:08,96.3,28424025,822225,08-05-2025 13:08,3.3,42663900,4595850
08-05-2025 13:08,24467,602250,533325,08-05-2025 13:08,95.25,28424775,821025,08-05-2025 13:08,3.6,42785700,4600500
08-05-2025 13:09,24468.8,600900,533475,08-05-2025 13:09,95.85,28420725,877050,08-05-2025 13:09,3.5,42911100,4473450
08-05-2025 13:09,24470.6,601500,533475,08-05-2025 13:09,96.4,28441725,825300,08-05-2025 13:09,3.45,42700650,4522725
08-05-2025 13:09,24470.7,603075,532650,08-05-2025 13:09,96,28458000,819075,08-05-2025 13:09,3.5,42724950,4547925
08-05-2025 13:09,24470.8,601650,532875,08-05-2025 13:09,96.8,28464975,821250,08-05-2025 13:09,3.4,42679725,4699725
08-05-2025 13:09,24467.5,601650,533475,08-05-2025 13:09,96.1,28470375,830325,08-05-2025 13:09,3.55,42664425,4725675
08-05-2025 13:09,24469.8,602100,532650,08-05-2025 13:09,96.95,28473825,832200,08-05-2025 13:09,3.45,42719475,4568850
08-05-2025 13:10,24470,603975,534150,08-05-2025 13:10,97,28460775,825675,08-05-2025 13:10,3.4,42676200,4590900
08-05-2025 13:10,24468.1,603675,533925,08-05-2025 13:10,96.45,28461525,830550,08-05-2025 13:10,3.45,42638625,4685700
08-05-2025 13:10,24469.7,600150,533850,08-05-2025 13:10,96.35,28463400,836250,08-05-2025 13:10,3.45,42733425,4599675
08-05-2025 13:10,24470.7,600600,533700,08-05-2025 13:10,96.75,28454850,829350,08-05-2025 13:10,3.5,42807225,4551150
08-05-2025 13:10,24470.7,601275,532350,08-05-2025 13:10,97,28458675,819075,08-05-2025 13:10,3.5,42846150,4545375
08-05-2025 13:10,24471.3,603000,532350,08-05-2025 13:10,97.25,28460475,821850,08-05-2025 13:10,3.55,42948075,4554975
08-05-2025 13:11,24469.9,602025,533925,08-05-2025 13:11,97.1,28465425,830175,08-05-2025 13:11,3.5,42890925,4502625
08-05-2025 13:11,24469.7,600525,533700,08-05-2025 13:11,96.4,28468800,832050,08-05-2025 13:11,3.55,42900450,4563975
08-05-2025 13:11,24469,600150,533775,08-05-2025 13:11,97,28475400,831375,08-05-2025 13:11,3.6,42952275,4553325
08-05-2025 13:11,24469.6,601275,532875,08-05-2025 13:11,97,28477425,809475,08-05-2025 13:11,3.55,42822975,4545525
08-05-2025 13:11,24469.7,600150,532350,08-05-2025 13:11,96.6,28470750,818175,08-05-2025 13:11,3.55,42863025,4506375
08-05-2025 13:11,24469.7,599850,532275,08-05-2025 13:11,96.5,28508175,817575,08-05-2025 13:11,3.6,42828525,4521300
08-05-2025 13:12,24468.1,600450,534900,08-05-2025 13:12,96.65,28507650,819750,08-05-2025 13:12,3.45,42809625,4680750
08-05-2025 13:12,24468,600675,535650,08-05-2025 13:12,95,28471725,818325,08-05-2025 13:12,3.7,43038675,4660800
08-05-2025 13:12,24462,597075,555075,08-05-2025 13:12,92.55,28429950,822750,08-05-2025 13:12,4.05,43035450,4450125
08-05-2025 13:12,24460,592800,556800,08-05-2025 13:12,89.45,28374075,819600,08-05-2025 13:12,4.65,43088025,4398675
08-05-2025 13:12,24459.9,588525,550650,08-05-2025 13:12,91.05,28312200,805725,08-05-2025 13:12,4.3,42625950,4619325
08-05-2025 13:12,24458.4,590925,548100,08-05-2025 13:12,91.9,28355250,799950,08-05-2025 13:12,4,42567150,4598775
08-05-2025 13:13,24460,591150,546975,08-05-2025 13:13,91.95,28376100,796650,08-05-2025 13:13,3.85,42328725,4715175
08-05-2025 13:13,24460,592725,545250,08-05-2025 13:13,92,28396500,802950,08-05-2025 13:13,3.85,42307575,4725750
08-05-2025 13:13,24460,591225,543525,08-05-2025 13:13,92.25,28399800,815925,08-05-2025 13:13,3.7,42473400,4718400
08-05-2025 13:13,24460,592125,544050,08-05-2025 13:13,92.5,28413900,820200,08-05-2025 13:13,3.75,42365250,4805400
08-05-2025 13:13,24460,591600,538650,08-05-2025 13:13,92.95,28432050,818925,08-05-2025 13:13,3.6,42301575,4832625
08-05-2025 13:13,24460,591150,539175,08-05-2025 13:13,92.85,28426125,853350,08-05-2025 13:13,3.65,42435750,4769100
08-05-2025 13:14,24460,592500,535575,08-05-2025 13:14,93.25,28431525,854025,08-05-2025 13:14,3.6,42344175,4813575
08-05-2025 13:14,24463.8,593550,534300,08-05-2025 13:14,93,28443300,859800,08-05-2025 13:14,3.5,42268275,4825950
08-05-2025 13:14,24461.9,597300,533025,08-05-2025 13:14,94.65,28455000,860925,08-05-2025 13:14,3.3,42264600,4857600
08-05-2025 13:14,24461.9,596550,533400,08-05-2025 13:14,93.9,28462575,828675,08-05-2025 13:14,3.45,42480300,4877625
08-05-2025 13:14,24461.9,596100,534450,08-05-2025 13:14,94.4,28459200,833475,08-05-2025 13:14,3.4,42349650,4818375
08-05-2025 13:14,24462.8,596625,533250,08-05-2025 13:14,94.35,28471125,840675,08-05-2025 13:14,3.4,42340500,4857675
08-05-2025 13:15,24460.1,595725,535425,08-05-2025 13:15,92.9,28469025,846300,08-05-2025 13:15,3.55,42594600,4802400
08-05-2025 13:15,24460,591300,535875,08-05-2025 13:15,92.3,28443900,856200,08-05-2025 13:15,3.6,43193625,4587375
08-05-2025 13:15,24460,589350,536625,08-05-2025 13:15,92,28436700,859575,08-05-2025 13:15,3.85,43956600,4544175
08-05-2025 13:15,24462.7,590625,537525,08-05-2025 13:15,92.7,28449450,860325,08-05-2025 13:15,3.75,43960275,4610100
08-05-2025 13:15,24460,590175,537075,08-05-2025 13:15,93.45,28471050,843450,08-05-2025 13:15,3.55,43883700,4811625
08-05-2025 13:15,24460,589200,536775,08-05-2025 13:15,92.85,28476300,855300,08-05-2025 13:15,3.6,43662300,4864500
08-05-2025 13:16,24456.9,588675,536700,08-05-2025 13:16,90.95,28470600,870825,08-05-2025 13:16,3.85,43967775,4879500
08-05-2025 13:16,24454.7,586800,537525,08-05-2025 13:16,91.05,28427700,855675,08-05-2025 13:16,3.95,44017125,4561500
08-05-2025 13:16,24454.9,588525,536325,08-05-2025 13:16,91.65,28442100,851025,08-05-2025 13:16,3.9,43894350,4609050
08-05-2025 13:16,24454.5,591075,535425,08-05-2025 13:16,92.25,28458225,853875,08-05-2025 13:16,3.7,43760025,4835175
08-05-2025 13:16,24455,594900,534900,08-05-2025 13:16,92.1,28464375,867225,08-05-2025 13:16,3.65,43658475,4807125
08-05-2025 13:16,24454.4,592950,535350,08-05-2025 13:16,91,28467600,869100,08-05-2025 13:16,3.9,43890375,4792575
08-05-2025 13:17,24454.1,590325,534300,08-05-2025 13:17,91.05,28470900,868875,08-05-2025 13:17,3.9,43932600,4755525
08-05-2025 13:17,24453,586950,536850,08-05-2025 13:17,88.8,28398600,870600,08-05-2025 13:17,4.05,44100225,4691025
08-05-2025 13:17,24451.1,587250,536775,08-05-2025 13:17,88,28380975,870150,08-05-2025 13:17,4.2,44062350,4625475
08-05-2025 13:17,24445.3,578100,547650,08-05-2025 13:17,86.15,28372650,859500,08-05-2025 13:17,4.5,43942125,4568175
08-05-2025 13:17,24446.9,572925,551325,08-05-2025 13:17,87.1,28364250,837450,08-05-2025 13:17,4.55,43980600,4438725
08-05-2025 13:17,24447.5,574650,537825,08-05-2025 13:17,87.5,28383300,873525,08-05-2025 13:17,4.35,44064300,4383150
08-05-2025 13:18,24448,575400,535575,08-05-2025 13:18,87.7,28408275,868275,08-05-2025 13:18,4.25,43722675,4530825
08-05-2025 13:18,24445.4,574200,535575,08-05-2025 13:18,87.35,28409550,874725,08-05-2025 13:18,4.3,44042475,4502550
08-05-2025 13:18,24447.8,575100,535425,08-05-2025 13:18,86.65,28345125,874650,08-05-2025 13:18,4.35,43866675,4513350
08-05-2025 13:18,24447.8,575400,536400,08-05-2025 13:18,86.85,28361475,883125,08-05-2025 13:18,4.4,43929150,4477050
08-05-2025 13:18,24445.5,574950,538050,08-05-2025 13:18,87.1,28386675,878775,08-05-2025 13:18,4.4,43967025,4458150
08-05-2025 13:18,24446.8,574350,536550,08-05-2025 13:18,88.3,28396350,867900,08-05-2025 13:18,4.15,44133000,4578900
08-05-2025 13:19,24448,579450,535125,08-05-2025 13:19,89.65,28399425,846300,08-05-2025 13:19,3.9,43742775,4683000
08-05-2025 13:19,24446.1,579300,535875,08-05-2025 13:19,89.65,28412175,856125,08-05-2025 13:19,4,43775400,4646625
08-05-2025 13:19,24447.5,578175,534225,08-05-2025 13:19,90.75,28423575,862575,08-05-2025 13:19,3.8,43636200,4738950
08-05-2025 13:19,24449,579750,533325,08-05-2025 13:19,90.15,28436775,860850,08-05-2025 13:19,3.9,43764300,4772325
08-05-2025 13:19,24450,581925,534000,08-05-2025 13:19,89.9,28427100,871200,08-05-2025 13:19,3.95,43783950,4690575
08-05-2025 13:19,24450,581025,533250,08-05-2025 13:19,90.3,28435425,870450,08-05-2025 13:19,3.9,43660350,4648725
08-05-2025 13:20,24446.4,581550,532875,08-05-2025 13:20,88.95,28435425,886425,08-05-2025 13:20,4.1,43937625,4675125
08-05-2025 13:20,24446.6,579075,532500,08-05-2025 13:20,89.2,28418400,884850,08-05-2025 13:20,4.2,43963125,4622175
08-05-2025 13:20,24446.1,576750,533700,08-05-2025 13:20,87.3,28416750,888225,08-05-2025 13:20,4.45,44174100,4475475
08-05-2025 13:20,24445.2,577575,535650,08-05-2025 13:20,87.4,28413075,893700,08-05-2025 13:20,4.45,44116875,4481850
08-05-2025 13:20,24445,578100,534225,08-05-2025 13:20,88.35,28432800,894900,08-05-2025 13:20,4.3,44020575,4524000
08-05-2025 13:20,24446,576600,532875,08-05-2025 13:20,87.75,28449300,902550,08-05-2025 13:20,4.45,43920825,4563150
08-05-2025 13:21,24446.2,578550,532275,08-05-2025 13:21,89.3,28459800,900450,08-05-2025 13:21,4.25,43895850,4683000
08-05-2025 13:21,24449.9,580575,530550,08-05-2025 13:21,89.3,28469700,893325,08-05-2025 13:21,4.25,43764300,4643100
08-05-2025 13:21,24452.8,580575,531000,08-05-2025 13:21,88.85,28469400,901800,08-05-2025 13:21,4.35,43971975,4545225
08-05-2025 13:21,24450,579000,531525,08-05-2025 13:21,88,28472925,919500,08-05-2025 13:21,4.35,44022525,4544700
08-05-2025 13:21,24447.9,579075,534225,08-05-2025 13:21,87.05,28453425,923850,08-05-2025 13:21,4.7,44172675,4521375
08-05-2025 13:21,24446.1,579450,534600,08-05-2025 13:21,87.65,28446975,918900,08-05-2025 13:21,4.4,44224950,4535025
08-05-2025 13:22,24445.2,578850,534825,08-05-2025 13:22,87.6,28462050,915225,08-05-2025 13:22,4.45,43929600,4612050
08-05-2025 13:22,24443.5,570900,535050,08-05-2025 13:22,88.5,28469775,923100,08-05-2025 13:22,4.3,43916625,4616700
08-05-2025 13:22,24444,571875,535500,08-05-2025 13:22,88.8,28480275,913500,08-05-2025 13:22,4.35,43927950,4747875
08-05-2025 13:22,24443.5,572850,533775,08-05-2025 13:22,87.7,28483650,922650,08-05-2025 13:22,4.55,44227725,4536975
08-05-2025 13:22,24444.5,571725,535200,08-05-2025 13:22,88.1,28482975,928200,08-05-2025 13:22,4.45,44021700,4533750
08-05-2025 13:22,24442.1,571050,534225,08-05-2025 13:22,88.3,28489950,939675,08-05-2025 13:22,4.6,44135025,4445250
08-05-2025 13:23,24441.5,571425,534825,08-05-2025 13:23,88.2,28505850,922725,08-05-2025 13:23,4.6,44100825,4528800
08-05-2025 13:23,24441.3,572250,536025,08-05-2025 13:23,88.05,28504725,923550,08-05-2025 13:23,4.55,44040525,4496925
08-05-2025 13:23,24443,570600,537525,08-05-2025 13:23,86,28503900,925200,08-05-2025 13:23,5.25,44384625,4448025
08-05-2025 13:23,24432.5,563400,537150,08-05-2025 13:23,79.75,28339800,921675,08-05-2025 13:23,6,44271075,3898575
08-05-2025 13:23,24431,548550,536625,08-05-2025 13:23,76.65,28212150,924975,08-05-2025 13:23,7.05,44109900,3666075
08-05-2025 13:23,24431,546975,536850,08-05-2025 13:23,76.8,28186875,923025,08-05-2025 13:23,7,43922550,3668700
08-05-2025 13:24,24433,547425,537975,08-05-2025 13:24,75.3,28194750,952125,08-05-2025 13:24,6.85,43948875,3873375
08-05-2025 13:24,24425.1,548625,536475,08-05-2025 13:24,71.65,28207350,942750,08-05-2025 13:24,7.95,44030475,3902400
08-05-2025 13:24,24422.3,536775,536625,08-05-2025 13:24,69.95,28137900,957600,08-05-2025 13:24,7.95,43926225,3571875
08-05-2025 13:24,24426,544200,535725,08-05-2025 13:24,73,28203300,938700,08-05-2025 13:24,7,43867350,3751425
08-05-2025 13:24,24432.5,541950,534600,08-05-2025 13:24,72.2,28247400,948675,08-05-2025 13:24,6.85,43866900,4141125
08-05-2025 13:24,24430.9,542250,535725,08-05-2025 13:24,71.9,28276275,990150,08-05-2025 13:24,7.2,43916550,4022925
08-05-2025 13:25,24426.5,539625,538050,08-05-2025 13:25,70.15,28278075,1015950,08-05-2025 13:25,7.95,44176050,3872250
08-05-2025 13:25,24430,543075,536625,08-05-2025 13:25,72.75,28341225,1010325,08-05-2025 13:25,7.05,44150100,3991650
08-05-2025 13:25,24435.3,543000,535050,08-05-2025 13:25,75.15,28375125,921525,08-05-2025 13:25,6.2,43759200,4029825
08-05-2025 13:25,24438,544425,533700,08-05-2025 13:25,76.7,28396725,955575,08-05-2025 13:25,5.4,43701150,4324725
08-05-2025 13:25,24440.8,545625,533850,08-05-2025 13:25,75.15,28419525,975450,08-05-2025 13:25,6,43842375,4339950
08-05-2025 13:25,24435,546975,536850,08-05-2025 13:25,73.4,28404900,1003350,08-05-2025 13:25,6.3,43993125,4093050
08-05-2025 13:26,24437.3,545100,538050,08-05-2025 13:26,74.9,28413975,1012875,08-05-2025 13:26,6.35,44175975,4011300
08-05-2025 13:26,24439.7,549225,536475,08-05-2025 13:26,76.8,28465650,1000500,08-05-2025 13:26,5.65,44071725,4001100
08-05-2025 13:26,24442.5,550050,535500,08-05-2025 13:26,77.9,28499850,982650,08-05-2025 13:26,5.1,43854300,4270950
08-05-2025 13:26,24442.5,548250,534750,08-05-2025 13:26,77.4,28497150,1003200,08-05-2025 13:26,5.15,43858575,4199400
08-05-2025 13:26,24441.9,552300,535950,08-05-2025 13:26,77.05,28507500,1032675,08-05-2025 13:26,4.8,43890150,4466400
08-05-2025 13:26,24443,554325,538350,08-05-2025 13:26,79.05,28579650,1031400,08-05-2025 13:26,4.6,43830600,4583550
08-05-2025 13:27,24449,556350,539700,08-05-2025 13:27,81.3,28587075,960825,08-05-2025 13:27,4.45,43799250,4582350
08-05-2025 13:27,24447,555975,541500,08-05-2025 13:27,82.2,28606950,914550,08-05-2025 13:27,4.25,43754625,4590450
08-05-2025 13:27,24445.5,555975,540375,08-05-2025 13:27,81.45,28602600,907650,08-05-2025 13:27,4.4,43671150,4601625
08-05-2025 13:27,24444.4,556125,542475,08-05-2025 13:27,80.75,28543425,961575,08-05-2025 13:27,4.3,43745625,4571100
08-05-2025 13:27,24446,557700,544200,08-05-2025 13:27,80.65,28548975,959475,08-05-2025 13:27,4.25,43678800,4655100
08-05-2025 13:27,24446,555900,544800,08-05-2025 13:27,81.1,28539450,978750,08-05-2025 13:27,4.1,43681500,4556250
08-05-2025 13:28,24447.2,557700,546075,08-05-2025 13:28,81,28545000,968475,08-05-2025 13:28,4.15,43765200,4691550
08-05-2025 13:28,24445,553800,547650,08-05-2025 13:28,79.85,28524675,964725,08-05-2025 13:28,4.65,44235300,4337625
08-05-2025 13:28,24444.5,556425,547875,08-05-2025 13:28,81.15,28517325,1003650,08-05-2025 13:28,4.45,44225325,4446450
08-05-2025 13:28,24443,557025,551850,08-05-2025 13:28,80.95,28543425,1021425,08-05-2025 13:28,4.25,43788675,4665300
08-05-2025 13:28,24444.4,558525,551925,08-05-2025 13:28,81.7,28551225,1039800,08-05-2025 13:28,4,43683825,4866225
08-05-2025 13:28,24443.1,558000,554550,08-05-2025 13:28,79.8,28562100,1060050,08-05-2025 13:28,4.15,43676925,4809450
08-05-2025 13:29,24443.9,556800,554850,08-05-2025 13:29,80.3,28536225,1056900,08-05-2025 13:29,4.15,43765500,4876125
08-05-2025 13:29,24442.1,557100,554625,08-05-2025 13:29,80,28545675,1064025,08-05-2025 13:29,4.3,43940475,4717425
08-05-2025 13:29,24442,555600,555450,08-05-2025 13:29,79.45,28536150,1069350,08-05-2025 13:29,4.7,44103375,4363050
08-05-2025 13:29,24438.5,555375,554100,08-05-2025 13:29,80.8,28549425,1069650,08-05-2025 13:29,4.3,43971375,4650600
08-05-2025 13:29,24439,555150,559050,08-05-2025 13:29,79.6,28560150,1072575,08-05-2025 13:29,4.5,43876725,4707375
08-05-2025 13:29,24439,556125,558750,08-05-2025 13:29,79.25,28563450,1078050,08-05-2025 13:29,4.7,44218350,4497600
08-05-2025 13:30,24438.9,556125,557250,08-05-2025 13:30,79.25,28587525,1081050,08-05-2025 13:30,4.85,44484375,4381575
08-05-2025 13:30,24435,554100,555450,08-05-2025 13:30,79.35,28603425,1081500,08-05-2025 13:30,5.2,44525700,4409325
08-05-2025 13:30,24434,556500,553725,08-05-2025 13:30,80.05,28596600,1089300,08-05-2025 13:30,5.05,44358000,4290900
08-05-2025 13:30,24435.3,556350,553125,08-05-2025 13:30,81.3,28624200,1090725,08-05-2025 13:30,4.75,43901625,4474125
08-05-2025 13:30,24431,549750,554925,08-05-2025 13:30,76.95,28611075,1063575,08-05-2025 13:30,6,44037075,4210050
08-05-2025 13:30,24432,555825,555675,08-05-2025 13:30,78.2,28561650,1083375,08-05-2025 13:30,5.25,43831875,4398075
08-05-2025 13:31,24433,555525,553950,08-05-2025 13:31,77.6,28603725,1082100,08-05-2025 13:31,5.2,43706025,4386225
08-05-2025 13:31,24433,556575,554400,08-05-2025 13:31,78.1,28598325,1089375,08-05-2025 13:31,5.05,43776825,4407525
08-05-2025 13:31,24434.9,559500,554400,08-05-2025 13:31,76.35,28592400,1086225,08-05-2025 13:31,5.2,43800000,4421100
08-05-2025 13:31,24431.1,556350,555975,08-05-2025 13:31,76.2,28573650,1086675,08-05-2025 13:31,5.15,43813800,4488750
08-05-2025 13:31,24431,560625,554700,08-05-2025 13:31,74.15,28576350,1098675,08-05-2025 13:31,5.6,43971000,4539150
08-05-2025 13:31,24430.1,554625,557625,08-05-2025 13:31,75.55,28489275,1100625,08-05-2025 13:31,5.35,44075400,4268025
08-05-2025 13:32,24433,557550,553575,08-05-2025 13:32,75.9,28542675,1099800,08-05-2025 13:32,5.1,43921500,4500600
08-05-2025 13:32,24434.9,559200,553350,08-05-2025 13:32,76.9,28570800,1107825,08-05-2025 13:32,4.9,43749375,4588950
08-05-2025 13:32,24436.1,558750,554175,08-05-2025 13:32,76.1,28572300,1142850,08-05-2025 13:32,5.1,43735425,4519875
08-05-2025 13:32,24432.7,560400,554175,08-05-2025 13:32,75.9,28589550,1160700,08-05-2025 13:32,5,43688025,4605600
08-05-2025 13:32,24435.7,562500,555450,08-05-2025 13:32,75.1,28578075,1193400,08-05-2025 13:32,5.05,43828800,4572450
08-05-2025 13:32,24431.3,557775,557550,08-05-2025 13:32,73,28573800,1198575,08-05-2025 13:32,5.4,43900575,4525275
08-05-2025 13:33,24430.9,559575,556875,08-05-2025 13:33,74.35,28578675,1189650,08-05-2025 13:33,5,43722675,4551750
08-05-2025 13:33,24434.9,560475,556800,08-05-2025 13:33,73.4,28588500,1183725,08-05-2025 13:33,5.25,43943850,4465275
08-05-2025 13:33,24432.4,562350,555825,08-05-2025 13:33,75.05,28608825,1184700,08-05-2025 13:33,5.05,43701150,4591875
08-05-2025 13:33,24437.3,563250,555900,08-05-2025 13:33,75.3,28649850,1155075,08-05-2025 13:33,4.9,43765575,4685400
08-05-2025 13:33,24437.9,562350,554100,08-05-2025 13:33,74.6,28635525,1137825,08-05-2025 13:33,5.25,44004225,4668600
08-05-2025 13:33,24439.5,563250,553725,08-05-2025 13:33,75.45,28673625,1145775,08-05-2025 13:33,5.05,44008875,4631625
08-05-2025 13:34,24439.7,563700,553950,08-05-2025 13:34,76.4,28681575,1173900,08-05-2025 13:34,4.9,43990575,4690350
08-05-2025 13:34,24440,564450,553800,08-05-2025 13:34,77.75,28710675,1082475,08-05-2025 13:34,4.8,43971675,4751400
08-05-2025 13:34,24439.7,565500,553200,08-05-2025 13:34,79,28718700,1081200,08-05-2025 13:34,4.35,43678950,4975725
08-05-2025 13:34,24439.5,565200,552975,08-05-2025 13:34,77.45,28728525,1064400,08-05-2025 13:34,4.7,44152200,5039100
08-05-2025 13:34,24439.5,562350,553500,08-05-2025 13:34,76.4,28689900,1077750,08-05-2025 13:34,4.8,44399400,4762350
08-05-2025 13:34,24440.3,563700,553500,08-05-2025 13:34,76.35,28731675,1087500,08-05-2025 13:34,5,44438700,4584300
08-05-2025 13:35,24442,563925,551475,08-05-2025 13:35,76.5,28695600,1093200,08-05-2025 13:35,4.9,44479200,4739475
08-05-2025 13:35,24442,563925,551850,08-05-2025 13:35,76.05,28708275,1094475,08-05-2025 13:35,4.95,44325000,4750725
08-05-2025 13:35,24442,564375,553575,08-05-2025 13:35,75.75,28705425,1094400,08-05-2025 13:35,5.35,44427150,4586775
08-05-2025 13:35,24442.1,563700,554100,08-05-2025 13:35,76.7,28695375,1093800,08-05-2025 13:35,5,44401575,4543200
08-05-2025 13:35,24442.1,564750,554025,08-05-2025 13:35,76.05,28696425,1088625,08-05-2025 13:35,5.25,44252325,4689075
08-05-2025 13:35,24442.1,563925,555525,08-05-2025 13:35,75.5,28698225,1103475,08-05-2025 13:35,5.45,44428050,4352475
08-05-2025 13:36,24436.4,563850,555450,08-05-2025 13:36,74.2,28688475,1104000,08-05-2025 13:36,6.1,44495325,4258125
08-05-2025 13:36,24438.9,566250,552825,08-05-2025 13:36,76,28697475,1115850,08-05-2025 13:36,5.45,44370750,4336950
08-05-2025 13:36,24440,565275,553725,08-05-2025 13:36,75.85,28723650,1107525,08-05-2025 13:36,5.9,44311650,4250400
08-05-2025 13:36,24440.9,565050,551400,08-05-2025 13:36,75.4,28747350,1116600,08-05-2025 13:36,5.9,44286300,4228725
08-05-2025 13:36,24440,565650,551625,08-05-2025 13:36,75.8,28753500,1119825,08-05-2025 13:36,5.9,44257950,4169850
08-05-2025 13:36,24440,565125,554475,08-05-2025 13:36,75.9,28759275,1114425,08-05-2025 13:36,5.9,44268300,4160475
08-05-2025 13:37,24440,566175,555675,08-05-2025 13:37,75.4,28739625,1116750,08-05-2025 13:37,5.95,44193600,4219875
08-05-2025 13:37,24440.1,567375,555150,08-05-2025 13:37,75.65,28755675,1116975,08-05-2025 13:37,5.75,44093475,4260450
08-05-2025 13:37,24435,566625,556800,08-05-2025 13:37,73.9,28755450,1121325,08-05-2025 13:37,6.65,44292300,4234350
08-05-2025 13:37,24425.1,562875,563850,08-05-2025 13:37,66.8,28681200,1122075,08-05-2025 13:37,8.7,44364000,3968550
08-05-2025 13:37,24425.1,557625,556875,08-05-2025 13:37,69.25,28580250,1125000,08-05-2025 13:37,8,44282775,3509625
08-05-2025 13:37,24424.9,558225,557325,08-05-2025 13:37,67.75,28596675,1121700,08-05-2025 13:37,8.6,44356275,3505725
08-05-2025 13:38,24420,534300,556050,08-05-2025 13:38,63,28509975,1110900,08-05-2025 13:38,10.6,44354550,3475275
08-05-2025 13:38,24413.5,528975,555150,08-05-2025 13:38,63.35,28387275,1096275,08-05-2025 13:38,10.75,44420850,2604225
08-05-2025 13:38,24419,533250,553950,08-05-2025 13:38,66.4,28483800,1075200,08-05-2025 13:38,10.1,44417550,2736825
08-05-2025 13:38,24411.8,512325,557625,08-05-2025 13:38,63,28503675,1115250,08-05-2025 13:38,12.65,44412750,2651550
08-05-2025 13:38,24413,512175,553275,08-05-2025 13:38,62.9,28498275,1118325,08-05-2025 13:38,15.1,44578650,2555775
08-05-2025 13:38,24407.3,517425,554475,08-05-2025 13:38,63.15,28556925,1104825,08-05-2025 13:38,17,44539500,2519775
08-05-2025 13:39,24401,496125,552075,08-05-2025 13:39,61,28545900,1094250,08-05-2025 13:39,17.15,44649075,2284800
08-05-2025 13:39,24403.7,499500,558975,08-05-2025 13:39,61.75,28434750,1114200,08-05-2025 13:39,15.9,44589300,2373675
08-05-2025 13:39,24395,495600,557250,08-05-2025 13:39,60.25,28475175,1133625,08-05-2025 13:39,16.3,44548050,2478675
08-05-2025 13:39,24403,502575,552375,08-05-2025 13:39,64,28500375,1132575,08-05-2025 13:39,13.7,44633775,2683650
08-05-2025 13:39,24406.9,507525,547950,08-05-2025 13:39,66.2,28530000,1059075,08-05-2025 13:39,12.3,44221425,2778225
08-05-2025 13:39,24403.9,507300,548625,08-05-2025 13:39,64.85,28553175,1092675,08-05-2025 13:39,13.15,44301075,2887650
08-05-2025 13:40,24400,506325,551250,08-05-2025 13:40,66,28576725,1122600,08-05-2025 13:40,11.85,44382900,2934750
08-05-2025 13:40,24395.3,505725,549300,08-05-2025 13:40,63.95,28581000,1160775,08-05-2025 13:40,13,44649525,2942775
08-05-2025 13:40,24397.2,501075,548550,08-05-2025 13:40,63.95,28559400,1162650,08-05-2025 13:40,12.75,44779875,2854125
08-05-2025 13:40,24403,503100,549375,08-05-2025 13:40,66.75,28614450,1157550,08-05-2025 13:40,10.8,44644275,2979900
08-05-2025 13:40,24400,503250,553425,08-05-2025 13:40,65.35,28613850,1139700,08-05-2025 13:40,11.2,44374275,3024600
08-05-2025 13:40,24400,504750,555300,08-05-2025 13:40,64.6,28603725,1177200,08-05-2025 13:40,10.8,44438775,3054825
08-05-2025 13:41,24401,504750,559500,08-05-2025 13:41,63.1,28613700,1183125,08-05-2025 13:41,11.4,44488575,3112725
08-05-2025 13:41,24398.9,503550,558675,08-05-2025 13:41,61.45,28582200,1222125,08-05-2025 13:41,13.1,44794650,2949000
08-05-2025 13:41,24397,502050,558300,08-05-2025 13:41,60,28584525,1218000,08-05-2025 13:41,15.25,44853075,2867550
08-05-2025 13:41,24393.7,505125,557850,08-05-2025 13:41,62.1,28555725,1180500,08-05-2025 13:41,14.3,44888700,2863725
08-05-2025 13:41,24393.2,506025,555225,08-05-2025 13:41,61.75,28625100,1181850,08-05-2025 13:41,14.5,44801775,2911050
08-05-2025 13:41,24395.9,506850,555900,08-05-2025 13:41,62.2,28649475,1202025,08-05-2025 13:41,13.45,44793750,3100875
08-05-2025 13:42,24391.7,504975,559275,08-05-2025 13:42,61.25,28659375,1222950,08-05-2025 13:42,14.65,44986275,3101400
08-05-2025 13:42,24392.3,506175,559200,08-05-2025 13:42,61.3,28637475,1208100,08-05-2025 13:42,14.05,45063675,3034800
08-05-2025 13:42,24399,513300,555600,08-05-2025 13:42,63,28586625,1192275,08-05-2025 13:42,12.55,44792700,3118950
08-05-2025 13:42,24399,511800,553650,08-05-2025 13:42,61.9,28611150,1197225,08-05-2025 13:42,13.3,44904300,3053100
08-05-2025 13:42,24400,510525,553050,08-05-2025 13:42,62.4,28654575,1234200,08-05-2025 13:42,13.55,45035325,3126000
08-05-2025 13:42,24398.1,510900,556050,08-05-2025 13:42,60.95,28663350,1227825,08-05-2025 13:42,14.2,45161475,3141375
08-05-2025 13:43,24400,512400,557850,08-05-2025 13:43,61.25,28699875,1245825,08-05-2025 13:43,14,45183600,3142200
08-05-2025 13:43,24398,512550,558075,08-05-2025 13:43,61.1,28725300,1252725,08-05-2025 13:43,14.45,45212550,3184650
08-05-2025 13:43,24399.8,513750,562275,08-05-2025 13:43,61,28727175,1275150,08-05-2025 13:43,14.15,45105150,3247275
08-05-2025 13:43,24395,513150,565125,08-05-2025 13:43,60.95,28690950,1294200,08-05-2025 13:43,13.45,45160500,3226350
08-05-2025 13:43,24400,515325,561150,08-05-2025 13:43,64.25,28704750,1258575,08-05-2025 13:43,11.75,44971800,3313575
08-05-2025 13:43,24402.9,514575,559125,08-05-2025 13:43,62,28716900,1264800,08-05-2025 13:43,13.05,44985825,3338625
08-05-2025 13:44,24399.8,513600,559875,08-05-2025 13:44,62.1,28738500,1312650,08-05-2025 13:44,12.55,45082650,3263325
08-05-2025 13:44,24397.3,515550,556275,08-05-2025 13:44,61.65,28737975,1316775,08-05-2025 13:44,12.85,45135600,3320850
08-05-2025 13:44,24398.9,515475,556650,08-05-2025 13:44,62.75,28755975,1322625,08-05-2025 13:44,12.3,45142725,3315825
08-05-2025 13:44,24398,513525,556350,08-05-2025 13:44,61.05,28759200,1336125,08-05-2025 13:44,13.75,45214575,3323550
08-05-2025 13:44,24397.4,511950,553500,08-05-2025 13:44,60.75,28689375,1334850,08-05-2025 13:44,14.5,45181425,3226125
08-05-2025 13:44,24401.8,510825,555225,08-05-2025 13:44,61.1,28736850,1337475,08-05-2025 13:44,14.75,45235950,3268275
08-05-2025 13:45,24392,508575,553425,08-05-2025 13:45,59,28733475,1335300,08-05-2025 13:45,14.95,45219750,3197775
08-05-2025 13:45,24397.4,498450,552675,08-05-2025 13:45,56.8,28625700,1371975,08-05-2025 13:45,16.85,45315675,3107475
08-05-2025 13:45,24391.3,500775,556650,08-05-2025 13:45,56.95,28469475,1331925,08-05-2025 13:45,16.95,45257100,2780775
08-05-2025 13:45,24387.1,499575,557775,08-05-2025 13:45,58.35,28542900,1356300,08-05-2025 13:45,16.5,45200400,2814825
08-05-2025 13:45,24396,501450,559350,08-05-2025 13:45,60.15,28600425,1312875,08-05-2025 13:45,15.85,45055425,2891850
08-05-2025 13:45,24394.9,503775,559725,08-05-2025 13:45,61.15,29075700,1330500,08-05-2025 13:45,14.45,45006600,3023475
08-05-2025 13:46,24400,508350,553200,08-05-2025 13:46,63,29593275,1319250,08-05-2025 13:46,12.55,44836800,3151650
08-05-2025 13:46,24403.1,510525,552525,08-05-2025 13:46,63.15,29618175,1269525,08-05-2025 13:46,13.2,44728200,3159825
08-05-2025 13:46,24404,508200,556275,08-05-2025 13:46,61.85,29634750,1310625,08-05-2025 13:46,13.6,44910525,3215700
08-05-2025 13:46,24404.4,508725,556875,08-05-2025 13:46,60.55,29648100,1361175,08-05-2025 13:46,12.9,44902725,3239250
08-05-2025 13:46,24405,510075,553575,08-05-2025 13:46,60.8,29660250,1371300,08-05-2025 13:46,12.2,44774775,3300825
08-05-2025 13:46,24409,510675,553275,08-05-2025 13:46,61,29676825,1398525,08-05-2025 13:46,10.9,44676450,3295650
08-05-2025 13:47,24407.9,512025,554625,08-05-2025 13:47,61.4,29641425,1408050,08-05-2025 13:47,11.3,44720400,3242850
08-05-2025 13:47,24414,513675,551400,08-05-2025 13:47,63.7,29699250,1379625,08-05-2025 13:47,10.25,44709150,3329625
08-05-2025 13:47,24418.7,514275,555000,08-05-2025 13:47,65.35,29746500,1329300,08-05-2025 13:47,9.15,44637525,3340350
08-05-2025 13:47,24422,515100,544275,08-05-2025 13:47,67.2,29783550,1147575,08-05-2025 13:47,8.65,44210400,3519375
08-05-2025 13:47,24420.9,512475,552075,08-05-2025 13:47,65.75,29808600,1127400,08-05-2025 13:47,8.8,44305650,3404850
08-05-2025 13:47,24422.7,514650,552975,08-05-2025 13:47,66.95,29770500,1154025,08-05-2025 13:47,8.15,44355225,3504525
08-05-2025 13:48,24415.6,514425,557325,08-05-2025 13:48,65.45,29762625,1202025,08-05-2025 13:48,8.15,44145225,3442050
08-05-2025 13:48,24415,514350,549450,08-05-2025 13:48,64.5,29726775,1225050,08-05-2025 13:48,7.95,44099625,3630375
08-05-2025 13:48,24410.2,513750,553125,08-05-2025 13:48,63.45,29710725,1260900,08-05-2025 13:48,8,44100375,3405375
08-05-2025 13:48,24412.9,511575,553875,08-05-2025 13:48,63.1,29731200,1278225,08-05-2025 13:48,8.2,44281575,3323625
08-05-2025 13:48,24410,513225,556575,08-05-2025 13:48,65.75,29717700,1281825,08-05-2025 13:48,8.05,44396475,3407700
08-05-2025 13:48,24415.2,516975,552075,08-05-2025 13:48,67.5,29737125,1257075,08-05-2025 13:48,7,44077125,3522675
08-05-2025 13:49,24419,517350,556800,08-05-2025 13:49,66.3,29735400,1215600,08-05-2025 13:49,7.45,44026725,3446325
08-05-2025 13:49,24415,520500,554850,08-05-2025 13:49,64.35,29753100,1254900,08-05-2025 13:49,7.5,44159475,3547350
08-05-2025 13:49,24412.8,522375,550875,08-05-2025 13:49,65.5,29747550,1267800,08-05-2025 13:49,7.15,44323425,3410475
08-05-2025 13:49,24420.4,522525,554025,08-05-2025 13:49,65.75,29762250,1263675,08-05-2025 13:49,7.2,44229300,3477450
08-05-2025 13:49,24410.8,519300,553500,08-05-2025 13:49,65.6,29765700,1279200,08-05-2025 13:49,6.9,44078925,3574275
08-05-2025 13:49,24419.8,520875,555225,08-05-2025 13:49,66.25,29765025,1298250,08-05-2025 13:49,6.85,44265075,3567075
08-05-2025 13:50,24417,520575,553275,08-05-2025 13:50,64.4,29766225,1295775,08-05-2025 13:50,7.55,44442600,3620925
08-05-2025 13:50,24414,521775,553350,08-05-2025 13:50,64.9,29768625,1320750,08-05-2025 13:50,7.55,44470350,3483675
08-05-2025 13:50,24412.2,520875,554700,08-05-2025 13:50,63.65,29747100,1322100,08-05-2025 13:50,7.85,44427525,3471300
08-05-2025 13:50,24413.4,521850,556800,08-05-2025 13:50,65.15,29802075,1329375,08-05-2025 13:50,8.05,44564550,3352125
08-05-2025 13:50,24412,519150,557475,08-05-2025 13:50,63.15,29812200,1316700,08-05-2025 13:50,8.35,44541825,3474300
08-05-2025 13:50,24409.5,519300,557325,08-05-2025 13:50,64.1,29770875,1313250,08-05-2025 13:50,8.25,44543775,3434400
08-05-2025 13:51,24408.9,520575,558375,08-05-2025 13:51,62.75,29773575,1314750,08-05-2025 13:51,8.4,44583450,3459150
08-05-2025 13:51,24400.8,518100,558150,08-05-2025 13:51,58.85,29733750,1345500,08-05-2025 13:51,9.8,44718675,3445725
08-05-2025 13:51,24401.5,519750,555750,08-05-2025 13:51,60.5,29568000,1328925,08-05-2025 13:51,9.45,44735025,3343875
08-05-2025 13:51,24400,516675,554925,08-05-2025 13:51,58.6,29585700,1344300,08-05-2025 13:51,10.75,44746950,3289875
08-05-2025 13:51,24396,514950,556350,08-05-2025 13:51,58,29596575,1335450,08-05-2025 13:51,10.8,44790225,3391350
08-05-2025 13:51,24396.1,516825,557325,08-05-2025 13:51,59,29641650,1333725,08-05-2025 13:51,10.95,44860575,3330900
08-05-2025 13:52,24399,518175,556575,08-05-2025 13:52,59.3,29779950,1314225,08-05-2025 13:52,11,44765850,3402525
08-05-2025 13:52,24398.9,518325,561900,08-05-2025 13:52,59.2,29787975,1319175,08-05-2025 13:52,10.65,44817000,3402900
08-05-2025 13:52,24396.1,516825,559275,08-05-2025 13:52,56.75,29806050,1328700,08-05-2025 13:52,11.95,44845575,3421725
08-05-2025 13:52,24395,516075,559500,08-05-2025 13:52,57.4,29718525,1359900,08-05-2025 13:52,11.15,44887875,3406575
08-05-2025 13:52,24395,516150,559950,08-05-2025 13:52,56.75,29778825,1360875,08-05-2025 13:52,11.5,44825250,3413775
08-05-2025 13:52,24397,516000,559275,08-05-2025 13:52,57,29855325,1398450,08-05-2025 13:52,11.2,44812500,3458475
08-05-2025 13:53,24394.9,520350,558825,08-05-2025 13:53,57.15,29918475,1404825,08-05-2025 13:53,10.55,44752800,3597000
08-05-2025 13:53,24399,523950,558600,08-05-2025 13:53,56.85,29907900,1410525,08-05-2025 13:53,10.05,44624400,3645900
08-05-2025 13:53,24397.3,525825,560700,08-05-2025 13:53,57.4,29804700,1422675,08-05-2025 13:53,9.8,44728500,3822300
08-05-2025 13:53,24404.8,525000,560325,08-05-2025 13:53,56.65,29838225,1431750,08-05-2025 13:53,9.55,44665200,3963075
08-05-2025 13:53,24400,525525,560100,08-05-2025 13:53,55.75,29870625,1440900,08-05-2025 13:53,9.8,44742750,3966675
08-05-2025 13:53,24396,525825,563250,08-05-2025 13:53,55.4,29855775,1453050,08-05-2025 13:53,10.6,44950575,3900900
08-05-2025 13:54,24395.3,524925,561900,08-05-2025 13:54,56.8,29896425,1470600,08-05-2025 13:54,9.7,44899800,3960000
08-05-2025 13:54,24396,526200,561675,08-05-2025 13:54,55.5,30074325,1502175,08-05-2025 13:54,10.6,44937750,3978825
08-05-2025 13:54,24395,523275,562050,08-05-2025 13:54,56.05,30071025,1505325,08-05-2025 13:54,10.4,45021600,3900675
08-05-2025 13:54,24393.1,525750,562125,08-05-2025 13:54,56.35,30086625,1506450,08-05-2025 13:54,10.2,45065400,3894000
08-05-2025 13:54,24394.2,528450,562875,08-05-2025 13:54,57.1,30132225,1501650,08-05-2025 13:54,9.75,45016575,3940800
08-05-2025 13:54,24394.5,529500,562275,08-05-2025 13:54,57.05,30132375,1457100,08-05-2025 13:54,10.4,44977275,4011000
08-05-2025 13:55,24396,530775,562050,08-05-2025 13:55,57,30122325,1465950,08-05-2025 13:55,10.5,44982525,3924600
08-05-2025 13:55,24394.5,531000,561900,08-05-2025 13:55,57.1,30113925,1485900,08-05-2025 13:55,10.65,45034425,3850650
08-05-2025 13:55,24393.7,529875,561150,08-05-2025 13:55,56.7,30129750,1460175,08-05-2025 13:55,11,45173025,3864375
08-05-2025 13:55,24395,528300,561750,08-05-2025 13:55,56.65,30137850,1477350,08-05-2025 13:55,11.9,45184650,3847950
08-05-2025 13:55,24393.8,530025,562350,08-05-2025 13:55,55.85,30133425,1483575,08-05-2025 13:55,12.25,45221325,3734850
08-05-2025 13:55,24392.1,527625,561375,08-05-2025 13:55,57.65,30159300,1486875,08-05-2025 13:55,11.85,45253950,3719925
08-05-2025 13:56,24392.2,527175,562950,08-05-2025 13:56,57.1,30192750,1443750,08-05-2025 13:56,12.1,45192225,3816375
08-05-2025 13:56,24393,523650,567300,08-05-2025 13:56,55.75,30221775,1435950,08-05-2025 13:56,14.05,45290175,3875325
08-05-2025 13:56,24384,521475,569925,08-05-2025 13:56,52.8,30124350,1444425,08-05-2025 13:56,15.05,45385125,3456675
08-05-2025 13:56,24389.9,524100,565500,08-05-2025 13:56,54.35,30102375,1439550,08-05-2025 13:56,14.15,45378450,3446550
08-05-2025 13:56,24384.4,524325,564450,08-05-2025 13:56,54.8,30321000,1432050,08-05-2025 13:56,13.6,45333675,3562200
08-05-2025 13:56,24385,522750,565425,08-05-2025 13:56,53.7,30339075,1473525,08-05-2025 13:56,14.35,45262950,3514875
08-05-2025 13:57,24387.1,523575,564900,08-05-2025 13:57,53.7,30322425,1482975,08-05-2025 13:57,13.9,45242850,3502575
08-05-2025 13:57,24382,522225,568575,08-05-2025 13:57,52.75,30372450,1507875,08-05-2025 13:57,14.05,45327300,3566775
08-05-2025 13:57,24381.2,517425,568725,08-05-2025 13:57,53.15,30378300,1510950,08-05-2025 13:57,13.35,45346050,3666900
08-05-2025 13:57,24381.1,513900,566850,08-05-2025 13:57,53.65,30441150,1486875,08-05-2025 13:57,13.4,45323775,3695550
08-05-2025 13:57,24381.9,512400,564525,08-05-2025 13:57,53.45,30462375,1498050,08-05-2025 13:57,13.15,45343200,3733425
08-05-2025 13:57,24386.4,516675,563100,08-05-2025 13:57,54.6,30527100,1518825,08-05-2025 13:57,11.8,45329625,3913575
08-05-2025 13:58,24389.4,517875,559800,08-05-2025 13:58,55.7,30540150,1432350,08-05-2025 13:58,11.25,44794950,3930375
08-05-2025 13:58,24393.6,521550,558375,08-05-2025 13:58,56.75,30616350,1408125,08-05-2025 13:58,10.85,44706900,3989550
08-05-2025 13:58,24394,520725,558600,08-05-2025 13:58,56.55,30627825,1437450,08-05-2025 13:58,11.15,44875725,3916275
08-05-2025 13:58,24391.2,522075,560925,08-05-2025 13:58,55.15,30546300,1477725,08-05-2025 13:58,12.1,45070125,3892200
08-05-2025 13:58,24390,523200,564300,08-05-2025 13:58,54.9,30547800,1487925,08-05-2025 13:58,11.9,45172425,3870300
08-05-2025 13:58,24387.9,522600,565725,08-05-2025 13:58,54.2,30501300,1506975,08-05-2025 13:58,12.35,45187350,3924675
08-05-2025 13:59,24387.9,523650,567300,08-05-2025 13:59,54.3,30537300,1508550,08-05-2025 13:59,12.9,45243525,3921225
08-05-2025 13:59,24386.8,525825,567150,08-05-2025 13:59,54.95,32362200,1512375,08-05-2025 13:59,12.25,45206700,3986025
08-05-2025 13:59,24387,527475,564825,08-05-2025 13:59,55.2,32491650,1546575,08-05-2025 13:59,12.4,45129900,4046325
08-05-2025 13:59,24390,528000,564300,08-05-2025 13:59,56.55,32523750,1532325,08-05-2025 13:59,11.7,45066000,4111350
08-05-2025 13:59,24389,528150,561750,08-05-2025 13:59,55.05,32511150,1502175,08-05-2025 13:59,12.85,45201900,4127700
08-05-2025 13:59,24390,525375,563325,08-05-2025 13:59,55.75,32505450,1509825,08-05-2025 13:59,12,45237225,4148625
08-05-2025 14:00,24388.6,523425,563775,08-05-2025 14:00,55.1,32526600,1510275,08-05-2025 14:00,12.05,45186450,4151850
08-05-2025 14:00,24385.2,522600,563700,08-05-2025 14:00,54.85,32536650,1521825,08-05-2025 14:00,11.75,45137925,4204800
08-05-2025 14:00,24386.6,521550,564300,08-05-2025 14:00,54.95,32546550,1519125,08-05-2025 14:00,11.35,45074700,4259700
08-05-2025 14:00,24385.1,523800,564750,08-05-2025 14:00,54.85,32534025,1562550,08-05-2025 14:00,11.9,45322050,4234725
08-05-2025 14:00,24391.8,523200,563700,08-05-2025 14:00,55.35,32516550,1526400,08-05-2025 14:00,12,45289275,4225575
08-05-2025 14:00,24385.4,522075,563700,08-05-2025 14:00,55.85,32573175,1541625,08-05-2025 14:00,11.55,45307875,4270125
08-05-2025 14:01,24390,525975,563475,08-05-2025 14:01,56.3,32602875,1538925,08-05-2025 14:01,11.35,45310275,4265625
08-05-2025 14:01,24386.2,524325,564375,08-05-2025 14:01,55.45,32605725,1538250,08-05-2025 14:01,11.55,45285300,4254000
08-05-2025 14:01,24386.3,524775,565725,08-05-2025 14:01,55.55,32596500,1545900,08-05-2025 14:01,11.75,45252375,4275375
08-05-2025 14:01,24388.5,526650,564225,08-05-2025 14:01,54.35,32540250,1549875,08-05-2025 14:01,11.9,45237600,4260825
08-05-2025 14:01,24390,525600,565950,08-05-2025 14:01,55.6,32542500,1561500,08-05-2025 14:01,11.25,45293100,4261725
08-05-2025 14:01,24391,530025,563325,08-05-2025 14:01,57,32595150,1544175,08-05-2025 14:01,10,45196650,4350675
08-05-2025 14:02,24393.7,529350,562050,08-05-2025 14:02,56.5,32614125,1449000,08-05-2025 14:02,10,44701350,4319550
08-05-2025 14:02,24390.8,531000,562275,08-05-2025 14:02,55.75,32563500,1492200,08-05-2025 14:02,10.2,44842050,4313550
08-05-2025 14:02,24395,534900,562275,08-05-2025 14:02,56.5,32627250,1497000,08-05-2025 14:02,9.3,44863050,4418925
08-05-2025 14:02,24395,534675,561975,08-05-2025 14:02,54.2,32622825,1540650,08-05-2025 14:02,10.4,44887650,4444575
08-05-2025 14:02,24394.4,530025,564750,08-05-2025 14:02,52.2,32500275,1556175,08-05-2025 14:02,10.95,44780625,4272150
08-05-2025 14:02,24393,532500,563250,08-05-2025 14:02,53.05,32402625,1546800,08-05-2025 14:02,9.6,44728725,4407675
08-05-2025 14:03,24393.8,535350,562350,08-05-2025 14:03,54.4,32517750,1514175,08-05-2025 14:03,9.5,44704125,4442100
08-05-2025 14:03,24395,536025,561750,08-05-2025 14:03,54.65,32540175,1503675,08-05-2025 14:03,9.25,44658450,4520925
08-05-2025 14:03,24394.3,536325,561225,08-05-2025 14:03,55,32502675,1556100,08-05-2025 14:03,9.05,44622375,4505475
08-05-2025 14:03,24396.3,537300,563475,08-05-2025 14:03,55.4,32513175,1565250,08-05-2025 14:03,8.65,44586525,4672500
08-05-2025 14:03,24395.1,536925,562800,08-05-2025 14:03,56,32537175,1595250,08-05-2025 14:03,8.45,44709900,4673550
08-05-2025 14:03,24398,536100,562050,08-05-2025 14:03,55.4,32555250,1555800,08-05-2025 14:03,8.6,44728800,4666575
08-05-2025 14:04,24395,534825,563175,08-05-2025 14:04,54.05,32485425,1586775,08-05-2025 14:04,9.35,44920725,4593675
08-05-2025 14:04,24395,531675,564750,08-05-2025 14:04,54.4,32489850,1631175,08-05-2025 14:04,9.35,44962050,4556175
08-05-2025 14:04,24395.6,531150,565950,08-05-2025 14:04,53,32490600,1623300,08-05-2025 14:04,10.2,45032325,4530525
08-05-2025 14:04,24393,528975,566025,08-05-2025 14:04,53.75,32413350,1660875,08-05-2025 14:04,10.05,45072900,4549500
08-05-2025 14:04,24396,529500,565275,08-05-2025 14:04,53.4,32453850,1657125,08-05-2025 14:04,9.95,45058575,4578975
08-05-2025 14:04,24392,527250,567450,08-05-2025 14:04,52.9,32477175,1670775,08-05-2025 14:04,10.3,45082950,4481400
08-05-2025 14:05,24391,527325,567150,08-05-2025 14:05,53.3,32472375,1677000,08-05-2025 14:05,10.05,45070125,4553700
08-05-2025 14:05,24388.3,525975,568425,08-05-2025 14:05,53.2,32498475,1687425,08-05-2025 14:05,9.9,45029175,4647150
08-05-2025 14:05,24390,527025,568425,08-05-2025 14:05,53.9,32617500,1692150,08-05-2025 14:05,9.45,44938425,4675425
08-05-2025 14:05,24392,527700,567975,08-05-2025 14:05,54.2,32648550,1738725,08-05-2025 14:05,9.25,45017475,4727850
08-05-2025 14:05,24390.2,527925,567150,08-05-2025 14:05,54.25,32643000,1724475,08-05-2025 14:05,9.05,44976600,4750800
08-05-2025 14:05,24391.1,527925,566100,08-05-2025 14:05,54.5,32643075,1720950,08-05-2025 14:05,8.95,44750325,4777575
08-05-2025 14:06,24391.1,528450,566925,08-05-2025 14:06,53.45,32693400,1743900,08-05-2025 14:06,9.75,44944875,4704825
08-05-2025 14:06,24389.9,528600,569100,08-05-2025 14:06,53.6,32619450,1743525,08-05-2025 14:06,9.7,44972100,4678800
08-05-2025 14:06,24388,528375,569625,08-05-2025 14:06,53.1,32793450,1747275,08-05-2025 14:06,9.9,45070200,4690350
08-05-2025 14:06,24386.5,526125,569475,08-05-2025 14:06,53,32701200,1741350,08-05-2025 14:06,10.1,45101250,4605450
08-05-2025 14:06,24388,529800,569775,08-05-2025 14:06,54.6,32770125,1731750,08-05-2025 14:06,9.9,45099150,4585275
08-05-2025 14:06,24394,526950,568725,08-05-2025 14:06,55.45,32863650,1632900,08-05-2025 14:06,9.3,45026325,4653900
08-05-2025 14:07,24392.8,526425,568950,08-05-2025 14:07,55.25,32883900,1653300,08-05-2025 14:07,9.55,44917425,4718925
08-05-2025 14:07,24393,526950,571425,08-05-2025 14:07,54.85,32809875,1661625,08-05-2025 14:07,9.3,44956275,4791975
08-05-2025 14:07,24387.8,527475,571050,08-05-2025 14:07,55,32842350,1686975,08-05-2025 14:07,9.35,45187875,4889550
08-05-2025 14:07,24392,528000,570600,08-05-2025 14:07,56.55,32851500,1689675,08-05-2025 14:07,8.25,45014325,4942575
08-05-2025 14:07,24392,527100,571125,08-05-2025 14:07,55,32832750,1538400,08-05-2025 14:07,8.25,44874075,4997025
08-05-2025 14:07,24393.9,526125,568500,08-05-2025 14:07,55.7,32813700,1564725,08-05-2025 14:07,7.35,44835450,5058900
08-05-2025 14:08,24390,525450,570600,08-05-2025 14:08,54.75,32794050,1598325,08-05-2025 14:08,8,44633625,4957125
08-05-2025 14:08,24392.5,525150,572475,08-05-2025 14:08,55.35,32822325,1590525,08-05-2025 14:08,7.85,44728425,4845225
08-05-2025 14:08,24387.1,524400,570975,08-05-2025 14:08,54.65,32829375,1620150,08-05-2025 14:08,8.3,44766450,5016000
08-05-2025 14:08,24387.9,526050,570900,08-05-2025 14:08,55.25,32826000,1622325,08-05-2025 14:08,7.8,44772600,5112000
08-05-2025 14:08,24385,525525,570750,08-05-2025 14:08,53.75,32836875,1635300,08-05-2025 14:08,8.4,44745450,5156850
08-05-2025 14:08,24385,524400,570900,08-05-2025 14:08,53.25,32770875,1633650,08-05-2025 14:08,8.75,44816100,4826400
08-05-2025 14:09,24381.1,522750,570975,08-05-2025 14:09,52.5,32766450,1633725,08-05-2025 14:09,9.2,44832675,4845600
08-05-2025 14:09,24381.5,520800,571950,08-05-2025 14:09,49.75,32653500,1620000,08-05-2025 14:09,10.05,44867325,4616325
08-05-2025 14:09,24376,512775,569775,08-05-2025 14:09,48.8,32415600,1608000,08-05-2025 14:09,11.1,44712975,4403625
08-05-2025 14:09,24377,520200,569550,08-05-2025 14:09,50.1,32536725,1572750,08-05-2025 14:09,10.8,44744100,4339275
08-05-2025 14:09,24378,520425,570225,08-05-2025 14:09,50.6,32603925,1590375,08-05-2025 14:09,10.9,44842500,4415100
08-05-2025 14:09,24380,519975,569550,08-05-2025 14:09,50.4,32613750,1624500,08-05-2025 14:09,11,44745075,4489125
08-05-2025 14:10,24380,522075,569325,08-05-2025 14:10,50.1,32606325,1656225,08-05-2025 14:10,10.85,44814300,4596600
08-05-2025 14:10,24377,522975,569475,08-05-2025 14:10,50.2,32656125,1652850,08-05-2025 14:10,10.6,44654400,4756575
08-05-2025 14:10,24377,518700,569475,08-05-2025 14:10,49.75,32682600,1678500,08-05-2025 14:10,11.4,44728050,4590225
08-05-2025 14:10,24376,520875,573750,08-05-2025 14:10,49.5,32892750,1659750,08-05-2025 14:10,11.2,44779425,4629375
08-05-2025 14:10,24375,521475,573300,08-05-2025 14:10,49.5,32974350,1647375,08-05-2025 14:10,11,44807625,4699650
08-05-2025 14:10,24373.2,518175,573675,08-05-2025 14:10,49.8,32962875,1659150,08-05-2025 14:10,11.05,44868375,4688325
08-05-2025 14:11,24372.6,520875,574050,08-05-2025 14:11,50.95,33006450,1626075,08-05-2025 14:11,10.3,44752125,4826700
08-05-2025 14:11,24373.1,520125,572850,08-05-2025 14:11,50.3,33001050,1657650,08-05-2025 14:11,11,44486775,4787025
08-05-2025 14:11,24372,520275,573300,08-05-2025 14:11,49.7,32997975,1688250,08-05-2025 14:11,10.65,44533050,4844025
08-05-2025 14:11,24372,519600,565500,08-05-2025 14:11,49.55,33074775,1712250,08-05-2025 14:11,10.8,44555775,4883475
08-05-2025 14:11,24370.8,520575,566775,08-05-2025 14:11,50.15,33106725,1725675,08-05-2025 14:11,10.5,44624925,4848300
08-05-2025 14:11,24370,521625,568800,08-05-2025 14:11,49.4,33102000,1712325,08-05-2025 14:11,11,44638725,4823550
08-05-2025 14:12,24367,516150,570450,08-05-2025 14:12,47.3,33082125,1735575,08-05-2025 14:12,12.05,44779275,4759350
08-05-2025 14:12,24370,510825,569700,08-05-2025 14:12,47.65,32978625,1762650,08-05-2025 14:12,12.05,44735025,4207950
08-05-2025 14:12,24360,510525,574425,08-05-2025 14:12,44.7,33002850,1753425,08-05-2025 14:12,13.7,44833425,4252125
08-05-2025 14:12,24360,487125,567750,08-05-2025 14:12,45.15,32788050,1709475,08-05-2025 14:12,13.8,44814750,3970500
08-05-2025 14:12,24360.2,486525,567825,08-05-2025 14:12,45.15,32840025,1694925,08-05-2025 14:12,13.85,44648475,3738675
08-05-2025 14:12,24356.6,486600,568575,08-05-2025 14:12,44.25,32867775,1708275,08-05-2025 14:12,14.7,44735625,3858825
08-05-2025 14:13,24356,482100,571575,08-05-2025 14:13,44.65,32852325,1718325,08-05-2025 14:13,13.55,44704200,3917325
08-05-2025 14:13,24360,486075,569700,08-05-2025 14:13,45.8,33015825,1671075,08-05-2025 14:13,13.2,44606700,4016475
08-05-2025 14:13,24366.5,486600,569850,08-05-2025 14:13,46.5,33079575,1620150,08-05-2025 14:13,12.5,44285925,4121850
08-05-2025 14:13,24363.4,486075,569400,08-05-2025 14:13,45.7,33086250,1661400,08-05-2025 14:13,12.95,44330400,4262550
08-05-2025 14:13,24359.1,483000,567750,08-05-2025 14:13,45.7,33079875,1686375,08-05-2025 14:13,12.7,44468775,4240575
08-05-2025 14:13,24358,482550,566550,08-05-2025 14:13,44.8,33090375,1699425,08-05-2025 14:13,12.7,44508450,4378575
08-05-2025 14:14,24359,477225,567000,08-05-2025 14:14,44,33086550,1725000,08-05-2025 14:14,12.85,44649750,4356600
08-05-2025 14:14,24357.1,478425,566175,08-05-2025 14:14,45.85,33178200,1736475,08-05-2025 14:14,12.6,44695275,4291725
08-05-2025 14:14,24355.1,480450,567825,08-05-2025 14:14,45.55,33322725,1670475,08-05-2025 14:14,13.3,44665725,4348950
08-05-2025 14:14,24360,476850,567300,08-05-2025 14:14,45.3,33682350,1700025,08-05-2025 14:14,12.8,44757825,4435050
08-05-2025 14:14,24360,476925,565275,08-05-2025 14:14,45.3,33686325,1712400,08-05-2025 14:14,12.4,44724600,4498425
08-05-2025 14:14,24356.7,476850,565500,08-05-2025 14:14,44.4,33680025,1743000,08-05-2025 14:14,12.5,44686350,4515600
08-05-2025 14:15,24356,475725,565350,08-05-2025 14:15,44.25,33610200,1738200,08-05-2025 14:15,12,44684100,4635825
08-05-2025 14:15,24355,467325,565575,08-05-2025 14:15,43.8,33593700,1753500,08-05-2025 14:15,12.85,44757825,4578525
08-05-2025 14:15,24359.8,496725,564600,08-05-2025 14:15,45.05,33668250,1734600,08-05-2025 14:15,11.9,44706150,4701900
08-05-2025 14:15,24363.9,500025,562275,08-05-2025 14:15,46.2,33707775,1692300,08-05-2025 14:15,10.25,44586975,4857975
08-05-2025 14:15,24360.1,613650,567450,08-05-2025 14:15,45.6,33684075,1714650,08-05-2025 14:15,10.85,44366325,4770075
08-05-2025 14:15,24364.6,614925,564375,08-05-2025 14:15,46.4,33677175,1727400,08-05-2025 14:15,10.3,44463825,4770750
08-05-2025 14:16,24364.8,612825,564975,08-05-2025 14:16,46.15,33705450,1710750,08-05-2025 14:16,10.1,44338350,4783200
08-05-2025 14:16,24361,613425,564000,08-05-2025 14:16,46.25,33703200,1735125,08-05-2025 14:16,9.8,44346300,4885950
08-05-2025 14:16,24364.6,614775,564075,08-05-2025 14:16,47.85,33713550,1704375,08-05-2025 14:16,8.95,44462100,4917525
08-05-2025 14:16,24363.2,614175,564750,08-05-2025 14:16,48.2,33732225,1645575,08-05-2025 14:16,8.5,44344575,4927575
08-05-2025 14:16,24363,614925,561525,08-05-2025 14:16,47.95,33749475,1579950,08-05-2025 14:16,8.7,44308875,5043675
08-05-2025 14:16,24361.7,613950,562200,08-05-2025 14:16,47.9,33719250,1619325,08-05-2025 14:16,8.8,44553300,5041875
08-05-2025 14:17,24363.4,616275,568575,08-05-2025 14:17,49.3,33754875,1617300,08-05-2025 14:17,8.2,44465700,5061075
08-05-2025 14:17,24368,617550,566550,08-05-2025 14:17,49.75,33786975,1597800,08-05-2025 14:17,7.7,44323050,5160000
08-05-2025 14:17,24370,619800,561825,08-05-2025 14:17,50.65,33771450,1515225,08-05-2025 14:17,7.35,44503875,5115975
08-05-2025 14:17,24370,619800,558750,08-05-2025 14:17,50,33789675,1517100,08-05-2025 14:17,8,44639025,5094450
08-05-2025 14:17,24373.5,620850,559425,08-05-2025 14:17,51.6,33722475,1528500,08-05-2025 14:17,7.45,44859000,5020800
08-05-2025 14:17,24374.6,622950,557475,08-05-2025 14:17,52.6,33762150,1415250,08-05-2025 14:17,7.4,44709300,4995225
08-05-2025 14:18,24382.1,621450,558975,08-05-2025 14:18,52.35,33745650,1430700,08-05-2025 14:18,7.6,44939925,5075100
08-05-2025 14:18,24378.5,623025,559125,08-05-2025 14:18,53.1,33743175,1435050,08-05-2025 14:18,7.3,44980275,5375550
08-05-2025 14:18,24381.7,623925,559650,08-05-2025 14:18,52.25,33749850,1493700,08-05-2025 14:18,6.7,44805975,5465475
08-05-2025 14:18,24379.1,626400,562350,08-05-2025 14:18,51.45,33579375,1521375,08-05-2025 14:18,6.75,44507325,5326950
08-05-2025 14:18,24382,624750,566175,08-05-2025 14:18,49.75,33569175,1600425,08-05-2025 14:18,6.8,44560650,5412900
08-05-2025 14:18,24375.1,622500,568200,08-05-2025 14:18,50,33440700,1603575,08-05-2025 14:18,7.1,44932650,5079825
08-05-2025 14:19,24379,620475,568050,08-05-2025 14:19,50.9,33467475,1608150,08-05-2025 14:19,6.85,44923125,5206125
08-05-2025 14:19,24375.5,622500,567150,08-05-2025 14:19,50.8,33478500,1623525,08-05-2025 14:19,6.75,44805900,5297475
08-05-2025 14:19,24373.5,622125,567600,08-05-2025 14:19,50.45,33481275,1614525,08-05-2025 14:19,6.6,44749875,5258550
08-05-2025 14:19,24375.9,621750,570375,08-05-2025 14:19,48.65,33453750,1733925,08-05-2025 14:19,7.55,45255600,5068425
08-05-2025 14:19,24368.1,619950,574125,08-05-2025 14:19,46.6,33361725,1731825,08-05-2025 14:19,8.25,45351750,4780125
08-05-2025 14:19,24366.2,618450,570900,08-05-2025 14:19,47.75,33283500,1730175,08-05-2025 14:19,8.1,45237675,4845225
08-05-2025 14:20,24368.5,620475,567825,08-05-2025 14:20,49.4,33415650,1740225,08-05-2025 14:20,7.75,45100275,5113050
08-05-2025 14:20,24368.9,621600,565500,08-05-2025 14:20,48.8,33420600,1770000,08-05-2025 14:20,7.9,45059475,5059725
08-05-2025 14:20,24375.3,620025,561975,08-05-2025 14:20,48.95,33437250,1801425,08-05-2025 14:20,7.95,45028050,5126325
08-05-2025 14:20,24370.6,621450,562350,08-05-2025 14:20,49.6,33487800,1778700,08-05-2025 14:20,7.2,44996100,5373975
08-05-2025 14:20,24372,621150,566100,08-05-2025 14:20,48,33488550,1806675,08-05-2025 14:20,7.8,45017775,5404875
08-05-2025 14:20,24368.1,620100,565875,08-05-2025 14:20,48.05,33478500,1813800,08-05-2025 14:20,7.9,45146100,5433750
08-05-2025 14:21,24366.7,622050,565350,08-05-2025 14:21,48.5,33523950,1803375,08-05-2025 14:21,7.65,45115950,5481450
08-05-2025 14:21,24370.6,619800,565425,08-05-2025 14:21,47.75,33511950,1812675,08-05-2025 14:21,7.95,45557250,5360025
08-05-2025 14:21,24368,622275,568950,08-05-2025 14:21,48.65,33522825,1814025,08-05-2025 14:21,8.05,45706575,5295750
08-05-2025 14:21,24368.1,623550,567975,08-05-2025 14:21,49.1,33560925,1770150,08-05-2025 14:21,7.7,45324450,5388225
08-05-2025 14:21,24370,627450,567150,08-05-2025 14:21,48.95,33562425,1794975,08-05-2025 14:21,7.6,45453675,5420700
08-05-2025 14:21,24370,627525,565500,08-05-2025 14:21,49.1,33560175,1794975,08-05-2025 14:21,7.35,45342450,5487075
08-05-2025 14:22,24368.8,628125,564225,08-05-2025 14:22,48.8,33555825,1800750,08-05-2025 14:22,7.1,45016950,5516625
08-05-2025 14:22,24374.9,630600,562950,08-05-2025 14:22,49.7,33519750,1790850,08-05-2025 14:22,6,44974350,5626275
08-05-2025 14:22,24374.9,631275,559350,08-05-2025 14:22,50.65,33551400,1760175,08-05-2025 14:22,5.85,44375550,5726400
08-05-2025 14:22,24379,631875,560850,08-05-2025 14:22,51.8,33535650,1692675,08-05-2025 14:22,5.8,44499150,5667000
08-05-2025 14:22,24379.5,631200,559725,08-05-2025 14:22,51.4,33546150,1668525,08-05-2025 14:22,6,44816325,5680350
08-05-2025 14:22,24379.5,630450,560775,08-05-2025 14:22,51,33530925,1709250,08-05-2025 14:22,6,44902350,5701125
08-05-2025 14:23,24379.5,631050,561600,08-05-2025 14:23,51.85,33560925,1730550,08-05-2025 14:23,5.8,44895600,5754750
08-05-2025 14:23,24378,631425,563175,08-05-2025 14:23,51.25,33578625,1718925,08-05-2025 14:23,5.8,44882025,5810850
08-05-2025 14:23,24377,631650,595350,08-05-2025 14:23,49.6,33526275,1765575,08-05-2025 14:23,6.15,45046800,5725725
08-05-2025 14:23,24377,633525,596250,08-05-2025 14:23,50.85,33512550,1771125,08-05-2025 14:23,5.85,44986725,5803875
08-05-2025 14:23,24379.6,633075,595350,08-05-2025 14:23,50.5,33547650,1804350,08-05-2025 14:23,5.65,44824425,5833725
08-05-2025 14:23,24379.6,631950,595500,08-05-2025 14:23,49.95,33547575,1816650,08-05-2025 14:23,5.8,44930325,5845875
08-05-2025 14:24,24376.7,631350,591975,08-05-2025 14:24,48.85,33494700,1822350,08-05-2025 14:24,5.85,45038850,5760450
08-05-2025 14:24,24376.5,633075,591225,08-05-2025 14:24,48.3,33440025,1835550,08-05-2025 14:24,6.2,45189750,5675175
08-05-2025 14:24,24375.2,631875,590475,08-05-2025 14:24,48.3,33474225,1859625,08-05-2025 14:24,6.05,45206775,5651100
08-05-2025 14:24,24375.2,632475,590625,08-05-2025 14:24,49.2,33476250,1859100,08-05-2025 14:24,5.9,45101175,5699100
08-05-2025 14:24,24378.5,632775,591675,08-05-2025 14:24,49.25,33529950,1838325,08-05-2025 14:24,5.5,44908425,5865075
08-05-2025 14:24,24375,633300,591075,08-05-2025 14:24,48.9,33512175,1879725,08-05-2025 14:24,5.7,44998275,5776500
08-05-2025 14:25,24375.9,632625,591150,08-05-2025 14:25,49.1,33547575,1876425,08-05-2025 14:25,5.2,44994750,5918400
08-05-2025 14:25,24379,636450,590700,08-05-2025 14:25,50,33564525,1850250,08-05-2025 14:25,4.75,44393625,6197625
08-05-2025 14:25,24378,634500,592350,08-05-2025 14:25,48.35,33590175,1848300,08-05-2025 14:25,5.3,44640900,6174150
08-05-2025 14:25,24371.2,630525,594750,08-05-2025 14:25,47.35,33462300,1881225,08-05-2025 14:25,5.55,44657775,5699550
08-05-2025 14:25,24371.4,631350,593775,08-05-2025 14:25,48.65,33488475,1877100,08-05-2025 14:25,5.2,44570100,5947725
08-05-2025 14:25,24374.9,633225,592575,08-05-2025 14:25,48.95,33513900,1878975,08-05-2025 14:25,5,44547225,6015075
08-05-2025 14:26,24376.1,634050,591675,08-05-2025 14:26,50.25,33564000,1871475,08-05-2025 14:26,4.45,44477475,6332850
08-05-2025 14:26,24377,634425,592350,08-05-2025 14:26,49.8,33555675,1849575,08-05-2025 14:26,4.6,44594100,6224625
08-05-2025 14:26,24378.2,634875,595950,08-05-2025 14:26,49.25,33510750,1884075,08-05-2025 14:26,4.65,44877900,6203550
08-05-2025 14:26,24377.9,635175,593025,08-05-2025 14:26,49.15,33524025,1905450,08-05-2025 14:26,4.6,44925600,6207750
08-05-2025 14:26,24375.1,635850,591900,08-05-2025 14:26,48.8,33480225,1932075,08-05-2025 14:26,4.65,45077400,6145050
08-05-2025 14:26,24373.3,635625,594075,08-05-2025 14:26,49.2,33441975,1949475,08-05-2025 14:26,4.65,45312600,6128025
08-05-2025 14:27,24378,636975,595125,08-05-2025 14:27,48.85,33462600,1938975,08-05-2025 14:27,5,45249000,6202725
08-05-2025 14:27,24378.7,636525,592050,08-05-2025 14:27,50.35,33479175,1907250,08-05-2025 14:27,4.7,45090600,6032475
08-05-2025 14:27,24381.9,638700,591750,08-05-2025 14:27,53.3,33480525,1741425,08-05-2025 14:27,4.05,44467350,6175350
08-05-2025 14:27,24384.3,640275,587850,08-05-2025 14:27,54.9,33534525,1550025,08-05-2025 14:27,4,44486475,6315900
08-05-2025 14:27,24386,642375,588900,08-05-2025 14:27,55.3,33540750,1444200,08-05-2025 14:27,4,44598000,6037275
08-05-2025 14:27,24386.9,640725,589950,08-05-2025 14:27,56.65,33531000,1445775,08-05-2025 14:27,3.9,44559750,6173625
08-05-2025 14:28,24392.2,642150,585075,08-05-2025 14:28,62.4,33634425,1351875,08-05-2025 14:28,3.65,44614350,6297375
08-05-2025 14:28,24390.3,642450,584175,08-05-2025 14:28,60.9,33660975,1115400,08-05-2025 14:28,3.75,44553450,6362625
08-05-2025 14:28,24380,639600,587700,08-05-2025 14:28,58.65,33315525,1181250,08-05-2025 14:28,4.05,44993325,5881500
08-05-2025 14:28,24385,639000,588300,08-05-2025 14:28,60.4,33282675,1199100,08-05-2025 14:28,3.95,44804475,5860050
08-05-2025 14:28,24390,640575,592200,08-05-2025 14:28,60.75,33374550,1190775,08-05-2025 14:28,3.8,44419050,6056250
08-05-2025 14:28,24390,640425,593925,08-05-2025 14:28,61.35,33392925,1217925,08-05-2025 14:28,3.8,44540550,6348900
08-05-2025 14:29,24390,639375,594750,08-05-2025 14:29,58.55,33421500,1272150,08-05-2025 14:29,4,44791725,6098625
08-05-2025 14:29,24385.7,641175,597000,08-05-2025 14:29,59.45,33239550,1298700,08-05-2025 14:29,3.8,44717250,6090000
08-05-2025 14:29,24391.2,642525,596325,08-05-2025 14:29,61.65,33307800,1258275,08-05-2025 14:29,3.55,44372550,6330600
08-05-2025 14:29,24391.7,643050,597075,08-05-2025 14:29,59.5,33300600,1282800,08-05-2025 14:29,3.75,44132325,6330825
08-05-2025 14:29,24390,642900,598275,08-05-2025 14:29,59.9,33018750,1330275,08-05-2025 14:29,3.7,44272425,6078825
08-05-2025 14:29,24389.9,642225,600150,08-05-2025 14:29,58.6,33026625,1349475,08-05-2025 14:29,3.8,44399400,6137625
08-05-2025 14:30,24392,642450,599400,08-05-2025 14:30,61.65,33079500,1348950,08-05-2025 14:30,3.45,44366175,6311850
08-05-2025 14:30,24391.8,643725,592125,08-05-2025 14:30,61.9,33134325,1304925,08-05-2025 14:30,3.3,44380200,6303150
08-05-2025 14:30,24393,644850,595575,08-05-2025 14:30,61.3,33123825,1330350,08-05-2025 14:30,3.05,44061825,6700350
08-05-2025 14:30,24393.2,644850,595275,08-05-2025 14:30,61.15,33148950,1353000,08-05-2025 14:30,2.95,43670475,6567525
08-05-2025 14:30,24388,647700,595275,08-05-2025 14:30,59.3,33111450,1389825,08-05-2025 14:30,3,43758225,6462075
08-05-2025 14:30,24388.1,647100,595725,08-05-2025 14:30,58.5,32804025,1408650,08-05-2025 14:30,3.25,44094600,5997975
08-05-2025 14:31,24388,644475,598350,08-05-2025 14:31,55.85,32777250,1413375,08-05-2025 14:31,3.3,44357025,5731275
08-05-2025 14:31,24388,644625,597675,08-05-2025 14:31,57.2,32653125,1367550,08-05-2025 14:31,3.3,44234775,5888175
08-05-2025 14:31,24389,644925,598575,08-05-2025 14:31,58.45,32710425,1370325,08-05-2025 14:31,3.25,44095200,6023700
08-05-2025 14:31,24391.4,647550,597675,08-05-2025 14:31,59.9,32778525,1390275,08-05-2025 14:31,2.9,44016750,6456675
08-05-2025 14:31,24387.1,647850,597000,08-05-2025 14:31,60.8,32782425,1377225,08-05-2025 14:31,3.1,43900875,6519825
08-05-2025 14:31,24392.6,647700,599100,08-05-2025 14:31,59.1,32782650,1419450,08-05-2025 14:31,3.15,44114850,6239250
08-05-2025 14:32,24393.8,648675,595725,08-05-2025 14:32,60.85,32782350,1428450,08-05-2025 14:32,2.95,43828650,6541575
08-05-2025 14:32,24395,650025,594900,08-05-2025 14:32,60.35,32794800,1442550,08-05-2025 14:32,2.85,43896075,6616350
08-05-2025 14:32,24394.9,650700,593700,08-05-2025 14:32,59.2,32768250,1467450,08-05-2025 14:32,2.9,43708875,6486675
08-05-2025 14:32,24394.9,649500,593400,08-05-2025 14:32,59.25,32722575,1483500,08-05-2025 14:32,3,43962675,6418500
08-05-2025 14:32,24392,650550,594225,08-05-2025 14:32,58.8,32715900,1474950,08-05-2025 14:32,3.05,44174100,6182250
08-05-2025 14:32,24392,650025,594900,08-05-2025 14:32,59.15,32722350,1483125,08-05-2025 14:32,2.9,44086425,6365325
08-05-2025 14:33,24390,649875,594600,08-05-2025 14:33,57.9,32731425,1521900,08-05-2025 14:33,3,44273100,6250200
08-05-2025 14:33,24389.2,650250,594075,08-05-2025 14:33,58.4,32709750,1528800,08-05-2025 14:33,3,44193900,6050625
08-05-2025 14:33,24393.6,652050,593925,08-05-2025 14:33,59.9,32760075,1511175,08-05-2025 14:33,2.75,43941825,6776400
08-05-2025 14:33,24394,652275,596550,08-05-2025 14:33,60,32763450,1538400,08-05-2025 14:33,2.85,43728450,6765375
08-05-2025 14:33,24393.8,651975,595125,08-05-2025 14:33,60,32730300,1548600,08-05-2025 14:33,2.75,43816275,6678900
08-05-2025 14:33,24393.3,651600,596250,08-05-2025 14:33,58,32702475,1500075,08-05-2025 14:33,2.85,43950300,6561675
08-05-2025 14:34,24392,650400,599025,08-05-2025 14:34,56.55,32687850,1514850,08-05-2025 14:34,2.9,44049450,6255375
08-05-2025 14:34,24390,650325,605100,08-05-2025 14:34,54.9,32633475,1509975,08-05-2025 14:34,3.05,44574000,6235350
08-05-2025 14:34,24383.2,646800,610050,08-05-2025 14:34,51.9,32481450,1491900,08-05-2025 14:34,3.6,45063600,5592450
08-05-2025 14:34,24379.3,645225,607575,08-05-2025 14:34,51.65,32362350,1451250,08-05-2025 14:34,3.65,44850600,5413200
08-05-2025 14:34,24378.1,644625,608925,08-05-2025 14:34,52.3,32431500,1447500,08-05-2025 14:34,3.75,44892375,5527200
08-05-2025 14:34,24376.2,646200,606900,08-05-2025 14:34,52.25,32499525,1472550,08-05-2025 14:34,3.8,45008850,5549700
08-05-2025 14:35,24378,646125,608250,08-05-2025 14:35,51.3,32528625,1489575,08-05-2025 14:35,4.05,45011100,5485500
08-05-2025 14:35,24376.1,646050,609900,08-05-2025 14:35,50.9,32513550,1513500,08-05-2025 14:35,4,45326925,5559675
08-05-2025 14:35,24379,646500,609675,08-05-2025 14:35,50.25,32492250,1554150,08-05-2025 14:35,4.2,45088200,5652975
08-05-2025 14:35,24379,648225,608625,08-05-2025 14:35,51.25,32508450,1573425,08-05-2025 14:35,3.9,45408150,5754900
08-05-2025 14:35,24380.2,650700,605175,08-05-2025 14:35,51.6,32539575,1479150,08-05-2025 14:35,3.55,44261175,6120675
08-05-2025 14:35,24384,652875,601125,08-05-2025 14:35,53.1,32643600,1489350,08-05-2025 14:35,3.1,44404875,6267975
08-05-2025 14:36,24383.4,652050,601800,08-05-2025 14:36,52.5,32675250,1482525,08-05-2025 14:36,3.4,44270025,6094650
08-05-2025 14:36,24383.7,651975,602025,08-05-2025 14:36,51.6,32656800,1504875,08-05-2025 14:36,3.8,44789100,5775150
08-05-2025 14:36,24383.7,652050,602700,08-05-2025 14:36,52.4,32695725,1490550,08-05-2025 14:36,3.8,44504325,5837325
08-05-2025 14:36,24384,652650,605325,08-05-2025 14:36,52.65,32692725,1506375,08-05-2025 14:36,3.9,44413050,5926125
08-05-2025 14:36,24385,653325,607350,08-05-2025 14:36,51.95,32732775,1551150,08-05-2025 14:36,3.85,44353575,5934825
08-05-2025 14:36,24385,655050,603975,08-05-2025 14:36,52.85,32758200,1511700,08-05-2025 14:36,3.65,43842375,6319875
08-05-2025 14:37,24387.8,654375,605250,08-05-2025 14:37,54.1,32774775,1516950,08-05-2025 14:37,3.2,43650675,6504525
08-05-2025 14:37,24386.8,651975,608325,08-05-2025 14:37,53.4,32768700,1483650,08-05-2025 14:37,3.45,43404675,6447150
08-05-2025 14:37,24385.8,651525,609075,08-05-2025 14:37,52.85,32707800,1519575,08-05-2025 14:37,3.7,43761450,6071100
08-05-2025 14:37,24380.9,652500,609450,08-05-2025 14:37,53.35,32722350,1545225,08-05-2025 14:37,3.85,43805475,5908875
08-05-2025 14:37,24379.9,653100,609075,08-05-2025 14:37,50.8,32727525,1574175,08-05-2025 14:37,4.05,43771650,6053775
08-05-2025 14:37,24380,650550,608325,08-05-2025 14:37,51.8,32626500,1551675,08-05-2025 14:37,3.85,43956600,6045375
08-05-2025 14:38,24376.4,650250,610200,08-05-2025 14:38,49.1,32640525,1593450,08-05-2025 14:38,4.6,43771500,5973750
08-05-2025 14:38,24378,646350,609225,08-05-2025 14:38,50.55,32462400,1553550,08-05-2025 14:38,4.7,43595625,5274825
08-05-2025 14:38,24376.1,647925,608100,08-05-2025 14:38,50.55,32545875,1569525,08-05-2025 14:38,4.55,43374825,5330775
08-05-2025 14:38,24376.7,651225,603900,08-05-2025 14:38,50.05,32614125,1586175,08-05-2025 14:38,4.35,43367625,5654550
08-05-2025 14:38,24380,650925,605400,08-05-2025 14:38,50.35,32605350,1611900,08-05-2025 14:38,4.15,43353750,5597700
08-05-2025 14:38,24381.4,650925,600900,08-05-2025 14:38,50.1,32620650,1639350,08-05-2025 14:38,4.1,43449600,5851725
08-05-2025 14:39,24385.9,652725,600525,08-05-2025 14:39,52.3,32664300,1608525,08-05-2025 14:39,3.35,43023600,6004875
08-05-2025 14:39,24380.4,653925,604725,08-05-2025 14:39,51.65,32671575,1495275,08-05-2025 14:39,3.45,43447425,6008700
08-05-2025 14:39,24383,652950,604875,08-05-2025 14:39,49.85,32702625,1576275,08-05-2025 14:39,3.85,43829325,5822400
08-05-2025 14:39,24378,652200,606075,08-05-2025 14:39,50.1,32649225,1582275,08-05-2025 14:39,3.9,43814025,5852400
08-05-2025 14:39,24382.2,652350,604725,08-05-2025 14:39,50.7,32701050,1611375,08-05-2025 14:39,3.8,44088675,5933625
08-05-2025 14:39,24380,651450,608925,08-05-2025 14:39,50.25,32699400,1644825,08-05-2025 14:39,3.9,44050275,5976150
08-05-2025 14:40,24382,652875,605250,08-05-2025 14:40,50.7,32726700,1644600,08-05-2025 14:40,3.9,44065950,6014700
08-05-2025 14:40,24381.8,653625,603675,08-05-2025 14:40,50.35,32732775,1643925,08-05-2025 14:40,3.9,43980675,5996100
08-05-2025 14:40,24376,651525,603600,08-05-2025 14:40,49.8,32730375,1637100,08-05-2025 14:40,4.25,44101200,5962350
08-05-2025 14:40,24376.6,649575,606150,08-05-2025 14:40,50.35,32740725,1642800,08-05-2025 14:40,4.1,44144100,5800575
08-05-2025 14:40,24376,649575,604200,08-05-2025 14:40,50.25,32756475,1644075,08-05-2025 14:40,4,43688700,5912175
08-05-2025 14:40,24378.8,649725,605625,08-05-2025 14:40,49.95,32761575,1672800,08-05-2025 14:40,4.1,43827825,5946975
08-05-2025 14:41,24375.6,648750,607500,08-05-2025 14:41,48.55,32724825,1679625,08-05-2025 14:41,4.4,43695000,5827650
08-05-2025 14:41,24372.5,647400,609225,08-05-2025 14:41,48,32663400,1709850,08-05-2025 14:41,4.7,43981425,5699550
08-05-2025 14:41,24371.2,647475,607125,08-05-2025 14:41,47.35,32492025,1721625,08-05-2025 14:41,4.75,43883325,5611800
08-05-2025 14:41,24373.9,645300,605850,08-05-2025 14:41,48.15,32506050,1722750,08-05-2025 14:41,4.35,43437600,5554350
08-05-2025 14:41,24374,644700,605100,08-05-2025 14:41,48.5,32541225,1728975,08-05-2025 14:41,4,43404825,6014325
08-05-2025 14:41,24375,645825,603525,08-05-2025 14:41,48.9,32582775,1731075,08-05-2025 14:41,3.6,42806175,6321075
08-05-2025 14:42,24379.5,647850,603975,08-05-2025 14:42,49.45,32628825,1755300,08-05-2025 14:42,3.65,43137675,6264150
08-05-2025 14:42,24379.5,648375,606150,08-05-2025 14:42,49.35,32675400,1688925,08-05-2025 14:42,3.65,43347750,6343200
08-05-2025 14:42,24379.1,647325,611175,08-05-2025 14:42,48.05,32651325,1716000,08-05-2025 14:42,3.95,43559625,6285450
08-05-2025 14:42,24375,647625,608325,08-05-2025 14:42,48.55,32634150,1745325,08-05-2025 14:42,4,43666800,6119400
08-05-2025 14:42,24372.1,646500,606300,08-05-2025 14:42,49.2,32694450,1769250,08-05-2025 14:42,3.65,43634025,6365850
08-05-2025 14:42,24372.8,647100,607875,08-05-2025 14:42,48.7,32696325,1780800,08-05-2025 14:42,3.75,43470150,6393750
08-05-2025 14:43,24373.4,648450,604425,08-05-2025 14:43,48.8,32694450,1775625,08-05-2025 14:43,3.7,43505400,6172275
08-05-2025 14:43,24375,647775,604200,08-05-2025 14:43,49.35,32735475,1768425,08-05-2025 14:43,3.45,43441500,6300975
08-05-2025 14:43,24372,648450,607050,08-05-2025 14:43,48.65,32739675,1774275,08-05-2025 14:43,3.65,43396575,6278625
08-05-2025 14:43,24372.1,649950,607050,08-05-2025 14:43,47.8,32747250,1793700,08-05-2025 14:43,3.7,43430100,6139725
08-05-2025 14:43,24372,650025,608700,08-05-2025 14:43,47.75,32718375,1764825,08-05-2025 14:43,3.8,43724400,6075525
08-05-2025 14:43,24372.2,651000,608175,08-05-2025 14:43,48.8,32798475,1731525,08-05-2025 14:43,3.45,43651350,6249675
08-05-2025 14:44,24373.2,650700,609675,08-05-2025 14:44,47.8,32803200,1740150,08-05-2025 14:44,3.5,43270275,6278550
08-05-2025 14:44,24374.9,649500,607950,08-05-2025 14:44,47.25,32713125,1760100,08-05-2025 14:44,3.4,43485075,6040875
08-05-2025 14:44,24369,649350,608025,08-05-2025 14:44,47.6,32736150,1758750,08-05-2025 14:44,3.45,43338825,6175575
08-05-2025 14:44,24372.4,650025,605400,08-05-2025 14:44,48.05,32782575,1742475,08-05-2025 14:44,3.2,43211325,6265875
08-05-2025 14:44,24372.4,649575,608850,08-05-2025 14:44,48.1,32785350,1758000,08-05-2025 14:44,3.2,43207500,6296325
08-05-2025 14:44,24372.4,648750,607125,08-05-2025 14:44,48.2,32835300,1755000,08-05-2025 14:44,3.2,43219800,6340875
08-05-2025 14:45,24373.1,647925,605775,08-05-2025 14:45,46.7,32828850,1763100,08-05-2025 14:45,3.2,43221075,6576675
08-05-2025 14:45,24371.1,648000,605625,08-05-2025 14:45,46.7,32691150,1766175,08-05-2025 14:45,3.15,43166100,6380925
08-05-2025 14:45,24371.1,648975,605475,08-05-2025 14:45,47.1,32779725,1774650,08-05-2025 14:45,3.15,43326900,6443850
08-05-2025 14:45,24370.8,647925,604500,08-05-2025 14:45,46.8,32774400,1798200,08-05-2025 14:45,3.15,43293975,6414600
08-05-2025 14:45,24370,648150,605250,08-05-2025 14:45,45.45,32727600,1848225,08-05-2025 14:45,3.45,43427700,6330600
08-05-2025 14:45,24366.9,647475,607650,08-05-2025 14:45,43.25,32702475,2383200,08-05-2025 14:45,4.2,43682850,6149400
08-05-2025 14:46,24363.8,643425,610275,08-05-2025 14:46,42.35,32401650,2394525,08-05-2025 14:46,4.9,43588650,5645250
08-05-2025 14:46,24363.7,641475,610200,08-05-2025 14:46,41.25,32349750,2265825,08-05-2025 14:46,5.5,43509150,5523675
08-05-2025 14:46,24363.1,636075,612900,08-05-2025 14:46,41.7,32391225,2273925,08-05-2025 14:46,5.25,43348275,5553825
08-05-2025 14:46,24362.5,635850,615225,08-05-2025 14:46,41.4,32457975,1812750,08-05-2025 14:46,5.2,43225950,5683200
08-05-2025 14:46,24360.1,625725,614625,08-05-2025 14:46,38.6,32486925,1850925,08-05-2025 14:46,7.2,43457925,5494725
08-05-2025 14:46,24359.4,618225,614850,08-05-2025 14:46,38.85,32343825,1839000,08-05-2025 14:46,7.35,43467300,5150250
08-05-2025 14:47,24359,613275,612900,08-05-2025 14:47,40.8,32417325,1783275,08-05-2025 14:47,5.95,43548900,5227500
08-05-2025 14:47,24359,611400,608925,08-05-2025 14:47,40.3,32538075,1770450,08-05-2025 14:47,5.95,43183950,5421000
08-05-2025 14:47,24359.8,609150,608250,08-05-2025 14:47,39.3,32593575,1836225,08-05-2025 14:47,6.35,43375350,5334600
08-05-2025 14:47,24358,607275,611325,08-05-2025 14:47,38.9,32619825,1889850,08-05-2025 14:47,7.1,43789575,5235675
08-05-2025 14:47,24358,603300,608400,08-05-2025 14:47,39.55,32589375,1895175,08-05-2025 14:47,5.95,43705500,5478300
08-05-2025 14:47,24356.2,603300,606675,08-05-2025 14:47,40.2,32718075,1872675,08-05-2025 14:47,6.1,43421400,5515350
08-05-2025 14:48,24355.9,602775,607425,08-05-2025 14:48,41.1,32829600,1866675,08-05-2025 14:48,5.2,43531650,5774475
08-05-2025 14:48,24358.9,597975,606375,08-05-2025 14:48,39.55,32833500,1874400,08-05-2025 14:48,6.25,43555800,5574825
08-05-2025 14:48,24357.4,594300,608175,08-05-2025 14:48,38.95,32823750,1943025,08-05-2025 14:48,6.25,43714350,5618325
08-05-2025 14:48,24355.4,593400,607425,08-05-2025 14:48,39.65,32936250,1967400,08-05-2025 14:48,6.15,43728525,5753400
08-05-2025 14:48,24357,594225,605850,08-05-2025 14:48,39.95,33038700,1929450,08-05-2025 14:48,5.8,43675950,5795175
08-05-2025 14:48,24349.4,593475,619275,08-05-2025 14:48,36.95,33043200,1953600,08-05-2025 14:48,7.05,43785150,5775300
08-05-2025 14:49,24347.8,548400,615450,08-05-2025 14:49,37.65,32311350,1976250,08-05-2025 14:49,6.45,43850775,5338275
08-05-2025 14:49,24340,546675,611925,08-05-2025 14:49,36.95,32394450,1940025,08-05-2025 14:49,6.65,43827525,5292225
08-05-2025 14:49,24347.6,546675,610650,08-05-2025 14:49,37.75,32689425,1948425,08-05-2025 14:49,6.65,44083500,5459400
08-05-2025 14:49,24345.8,550125,638775,08-05-2025 14:49,37.8,32922900,1957425,08-05-2025 14:49,6.35,44082900,5625075
08-05-2025 14:49,24345.3,551925,660375,08-05-2025 14:49,37.65,33022425,1989675,08-05-2025 14:49,6.3,44117775,5718600
08-05-2025 14:49,24342,549675,680175,08-05-2025 14:49,37.8,33037725,1986900,08-05-2025 14:49,6.25,44262825,5819175
08-05-2025 14:50,24334.6,547500,688125,08-05-2025 14:50,36.25,33017025,2016075,08-05-2025 14:50,7.05,44473200,5757825
08-05-2025 14:50,24335.1,547800,693150,08-05-2025 14:50,36.25,33020550,2009400,08-05-2025 14:50,6.85,44530200,5502675
08-05-2025 14:50,24331.1,539475,692625,08-05-2025 14:50,35.9,33022875,2027100,08-05-2025 14:50,8.4,44618025,5519250
08-05-2025 14:50,24325.3,535800,686775,08-05-2025 14:50,32.5,32993775,2041425,08-05-2025 14:50,10.1,44707875,5034150
08-05-2025 14:50,24324.2,516375,694650,08-05-2025 14:50,30.35,32545725,2013000,08-05-2025 14:50,10.15,44659350,4156800
08-05-2025 14:50,24332,523575,683025,08-05-2025 14:50,32.55,32581275,1952775,08-05-2025 14:50,8.7,44352375,4520325
08-05-2025 14:51,24325.7,523275,690300,08-05-2025 14:51,31.2,32617050,1964700,08-05-2025 14:51,9.85,44525850,4515075
08-05-2025 14:51,24321,519225,691725,08-05-2025 14:51,31.05,32676750,2068200,08-05-2025 14:51,9.9,44473500,4677225
08-05-2025 14:51,24325,521175,691800,08-05-2025 14:51,31.35,32118525,2037675,08-05-2025 14:51,9.75,43857975,4869600
08-05-2025 14:51,24319.6,522375,692475,08-05-2025 14:51,31.6,32243325,2050050,08-05-2025 14:51,9.35,43792275,5008050
08-05-2025 14:51,24320.3,521625,679950,08-05-2025 14:51,30.85,32341425,2022225,08-05-2025 14:51,9.9,43710900,5098200
08-05-2025 14:51,24323,524100,678375,08-05-2025 14:51,31.9,32407875,2053875,08-05-2025 14:51,9.6,43930425,5240250
08-05-2025 14:52,24315.1,519525,678975,08-05-2025 14:52,26.7,32412900,2109825,08-05-2025 14:52,12.25,44063700,5206125
08-05-2025 14:52,24305.6,513225,683100,08-05-2025 14:52,23.9,32071725,2079375,08-05-2025 14:52,14.15,44034750,4211550
08-05-2025 14:52,24301,488325,688425,08-05-2025 14:52,24.3,31943325,2073225,08-05-2025 14:52,15.7,44051025,3525975
08-05-2025 14:52,24313.5,492675,703275,08-05-2025 14:52,25.4,32501850,1955325,08-05-2025 14:52,12.65,43622475,3634875
08-05-2025 14:52,24309.8,491775,716100,08-05-2025 14:52,22.75,32687775,2035725,08-05-2025 14:52,13.9,43483650,3775050
08-05-2025 14:52,24300.6,492450,728400,08-05-2025 14:52,20.1,32550150,2181450,08-05-2025 14:52,17.3,43879350,3610725
08-05-2025 14:53,24288,474525,731625,08-05-2025 14:53,16.8,32337225,2399475,08-05-2025 14:53,22.8,44229750,3470100
08-05-2025 14:53,24290,479250,755625,08-05-2025 14:53,17.65,32507850,2325900,08-05-2025 14:53,20,43867275,2481975
08-05-2025 14:53,24291.1,481425,763050,08-05-2025 14:53,15.8,32551350,2187750,08-05-2025 14:53,20.6,43507200,2729250
08-05-2025 14:53,24290,477375,747300,08-05-2025 14:53,16.75,32723175,2233800,08-05-2025 14:53,18.55,43507725,2727975
08-05-2025 14:53,24287.6,478800,738975,08-05-2025 14:53,15.35,32916600,2291700,08-05-2025 14:53,20.3,43315125,2866050
08-05-2025 14:53,24288,481800,737175,08-05-2025 14:53,14.25,33001125,2340900,08-05-2025 14:53,20.75,43415700,3010125
08-05-2025 14:54,24286,481650,742425,08-05-2025 14:54,13.45,32803350,2435325,08-05-2025 14:54,20.05,43571700,2893875
08-05-2025 14:54,24285,480600,743400,08-05-2025 14:54,12.35,32861325,2542275,08-05-2025 14:54,21.7,43809375,2881650
08-05-2025 14:54,24277.1,478950,739575,08-05-2025 14:54,11.6,33077850,2465775,08-05-2025 14:54,23.5,43934025,2980800
08-05-2025 14:54,24270,464700,740475,08-05-2025 14:54,11.75,32998350,2490750,08-05-2025 14:54,26.95,43933350,2389200
08-05-2025 14:54,24269.9,461850,741675,08-05-2025 14:54,11.6,33301725,2400000,08-05-2025 14:54,29.1,43506225,2287275
08-05-2025 14:54,24265.3,461775,740700,08-05-2025 14:54,12.35,34313700,2356425,08-05-2025 14:54,32.2,43636425,1984950
08-05-2025 14:55,24256.4,450000,726900,08-05-2025 14:55,10.1,34238925,2491800,08-05-2025 14:55,42.1,43452675,1579425
08-05-2025 14:55,24254.5,420750,723000,08-05-2025 14:55,10.6,33484425,2574525,08-05-2025 14:55,35.5,42172050,1125675
08-05-2025 14:55,24270,426000,708825,08-05-2025 14:55,13.25,33880950,2185950,08-05-2025 14:55,31.2,41326350,1254600
08-05-2025 14:55,24274.7,425250,678825,08-05-2025 14:55,13.9,34056075,1974525,08-05-2025 14:55,34.05,40680750,1402800
08-05-2025 14:55,24275,426975,677850,08-05-2025 14:55,13.4,33885000,2345175,08-05-2025 14:55,34.3,40883100,1437075
08-05-2025 14:55,24290.4,419700,670875,08-05-2025 14:55,15.4,34102200,2312775,08-05-2025 14:55,27.35,40678725,1645425
08-05-2025 14:56,24294.5,427575,674400,08-05-2025 14:56,15.55,34164600,2164650,08-05-2025 14:56,25.25,39958425,1659225
08-05-2025 14:56,24307.1,431550,663375,08-05-2025 14:56,15.95,34533975,2286675,08-05-2025 14:56,19.85,40136625,1904925
08-05-2025 14:56,24301.9,435075,674175,08-05-2025 14:56,14.9,34542000,2405850,08-05-2025 14:56,22.7,40009875,1976550
08-05-2025 14:56,24298.2,442725,673575,08-05-2025 14:56,14.7,34438950,2534175,08-05-2025 14:56,24.15,40362450,1996275
08-05-2025 14:56,24293.6,440400,681675,08-05-2025 14:56,15.2,34586325,2627475,08-05-2025 14:56,22.15,40637550,2027700
08-05-2025 14:56,24303.9,446475,676950,08-05-2025 14:56,15.5,34831050,2749125,08-05-2025 14:56,20.3,40789725,2151300
08-05-2025 14:57,24298,443250,684900,08-05-2025 14:57,13,34858950,2916525,08-05-2025 14:57,24.75,40987875,2202900
08-05-2025 14:57,24288.9,442350,693900,08-05-2025 14:57,10.95,34428000,3029400,08-05-2025 14:57,27.15,41238375,2093625
08-05-2025 14:57,24285.6,446550,693300,08-05-2025 14:57,12.15,34455825,2966250,08-05-2025 14:57,26.65,41259750,1986225
08-05-2025 14:57,24284,446325,698475,08-05-2025 14:57,11.55,34641300,3086925,08-05-2025 14:57,25.35,41088300,2031300
08-05-2025 14:57,24285,442425,698025,08-05-2025 14:57,12.25,34892925,2990475,08-05-2025 14:57,23.85,40955250,2228850
08-05-2025 14:57,24280,446550,719100,08-05-2025 14:57,11.25,35361225,3172950,08-05-2025 14:57,26.5,41301975,2270625
08-05-2025 14:58,24275.7,450525,759525,08-05-2025 14:58,11.8,35508375,3234150,08-05-2025 14:58,23.95,41320650,2377725
08-05-2025 14:58,24279.7,459225,759000,08-05-2025 14:58,11.45,35687250,3240675,08-05-2025 14:58,23.95,41308875,2411925
08-05-2025 14:58,24280.2,463725,758625,08-05-2025 14:58,10.95,35810700,3248025,08-05-2025 14:58,25,41395275,2427900
08-05-2025 14:58,24277.9,466050,759600,08-05-2025 14:58,10.25,35775075,3247425,08-05-2025 14:58,25.75,41464200,2467500
08-05-2025 14:58,24276.2,467100,759825,08-05-2025 14:58,9.15,35300325,3390525,08-05-2025 14:58,26.5,41666250,2404200
08-05-2025 14:58,24277.9,465000,755100,08-05-2025 14:58,9,34770750,3441375,08-05-2025 14:58,26.25,41683200,2232750
08-05-2025 14:59,24277.2,470250,752775,08-05-2025 14:59,7.8,35000550,3471300,08-05-2025 14:59,28.25,41441625,2418225
08-05-2025 14:59,24268,453825,758550,08-05-2025 14:59,5.85,34221825,3586125,08-05-2025 14:59,33.35,41510925,2139225
08-05-2025 14:59,24272.4,467775,760800,08-05-2025 14:59,8,33983625,3469050,08-05-2025 14:59,25.6,41332275,1958625
08-05-2025 14:59,24270.8,466575,744300,08-05-2025 14:59,8.15,34431600,3260400,08-05-2025 14:59,25.55,40876125,2126025
08-05-2025 14:59,24273.8,468675,753000,08-05-2025 14:59,7.6,34647150,3349425,08-05-2025 14:59,26.75,40887075,2143650
08-05-2025 14:59,24274.1,469725,754350,08-05-2025 14:59,7.1,34697175,3554250,08-05-2025 14:59,29.3,41201025,2221425
08-05-2025 15:00,24269.3,463800,764475,08-05-2025 15:00,5,34610475,3647475,08-05-2025 15:00,32.3,41328525,2045475
08-05-2025 15:00,24259.3,459975,761700,08-05-2025 15:00,3.65,33890775,3766725,08-05-2025 15:00,38.4,41367225,1862025
08-05-2025 15:00,24256.1,455175,763875,08-05-2025 15:00,3.2,33706275,3943950,08-05-2025 15:00,40,41198550,1407975
08-05-2025 15:00,24257.8,461550,751425,08-05-2025 15:00,4.3,34427850,3833100,08-05-2025 15:00,35,40758825,1654650
08-05-2025 15:00,24270.5,464625,750150,08-05-2025 15:00,6.25,34709925,3471300,08-05-2025 15:00,24.25,40245375,1886100
08-05-2025 15:00,24270.8,465450,757350,08-05-2025 15:00,4.35,34756950,3644925,08-05-2025 15:00,30.4,40279950,1855800
08-05-2025 15:01,24273.7,473100,749250,08-05-2025 15:01,4.65,35271825,3922050,08-05-2025 15:01,30.3,40624725,1938825
08-05-2025 15:01,24273.6,480150,746025,08-05-2025 15:01,4.7,35730600,4028475,08-05-2025 15:01,30.05,40718475,2024625
08-05-2025 15:01,24292,485400,735225,08-05-2025 15:01,7.95,36204675,3700875,08-05-2025 15:01,20,40635300,2289975
08-05-2025 15:01,24295.8,486750,730800,08-05-2025 15:01,11.4,36086625,2409900,08-05-2025 15:01,13.85,38580600,2420925
08-05-2025 15:01,24294.2,480075,743025,08-05-2025 15:01,7.8,35781750,2950275,08-05-2025 15:01,16.3,39059550,2392500
08-05-2025 15:01,24291.8,486600,722925,08-05-2025 15:01,6.45,36786150,3163275,08-05-2025 15:01,19.3,39576600,2395875
08-05-2025 15:02,24279.1,484950,737550,08-05-2025 15:02,5.6,37019625,3184200,08-05-2025 15:02,20.65,40011075,2444025
08-05-2025 15:02,24274.6,481500,743400,08-05-2025 15:02,4.35,36979200,3475500,08-05-2025 15:02,23.1,40240575,2503050
08-05-2025 15:02,24285,489825,742875,08-05-2025 15:02,5.65,37188000,3355425,08-05-2025 15:02,20.3,40199550,2719200
08-05-2025 15:02,24282.9,490125,739650,08-05-2025 15:02,6.75,37772775,3490125,08-05-2025 15:02,17.95,40453650,2961300
08-05-2025 15:02,24292.6,492450,740850,08-05-2025 15:02,7.55,38236200,3525825,08-05-2025 15:02,15.55,40452000,3093600
08-05-2025 15:02,24290,493500,746325,08-05-2025 15:02,5.5,38315925,3744450,08-05-2025 15:02,18,40637625,3131700
08-05-2025 15:03,24289.8,487125,751800,08-05-2025 15:03,5.25,38120025,3866625,08-05-2025 15:03,18.8,40958025,3192300
08-05-2025 15:03,24290,490425,751200,08-05-2025 15:03,5.95,38238525,3906450,08-05-2025 15:03,17.65,41166300,3276750
08-05-2025 15:03,24287.7,489375,752625,08-05-2025 15:03,4.8,38245050,4184700,08-05-2025 15:03,19.2,41230650,3242325
08-05-2025 15:03,24287,488325,753150,08-05-2025 15:03,5.75,38274300,4163775,08-05-2025 15:03,16.4,41231850,3189450
08-05-2025 15:03,24290.2,490350,750600,08-05-2025 15:03,5.65,38659275,4042650,08-05-2025 15:03,16.35,40903350,3355725
08-05-2025 15:03,24290,493650,751950,08-05-2025 15:03,4.9,38661450,4105950,08-05-2025 15:03,17.55,40860075,3386625
08-05-2025 15:04,24294.4,496800,749100,08-05-2025 15:04,6.05,38892525,4223775,08-05-2025 15:04,15.35,40776600,3553950
08-05-2025 15:04,24305,502200,737700,08-05-2025 15:04,8.85,39155400,4084650,08-05-2025 15:04,11.3,40721025,3666300
08-05-2025 15:04,24311.4,502350,736650,08-05-2025 15:04,7.05,39141075,3425625,08-05-2025 15:04,12.5,39935475,3684375
08-05-2025 15:04,24305.3,496875,744375,08-05-2025 15:04,6.45,38730600,3570600,08-05-2025 15:04,13.8,40333200,3576900
08-05-2025 15:04,24301.2,497700,745425,08-05-2025 15:04,6.6,38865750,3792300,08-05-2025 15:04,13.45,40647150,3544800
08-05-2025 15:04,24308.3,532725,744900,08-05-2025 15:04,8.05,39169200,3761475,08-05-2025 15:04,11.15,40683150,3625575
08-05-2025 15:05,24310.4,533025,742650,08-05-2025 15:05,8.75,39516750,3723375,08-05-2025 15:05,10.1,40569600,3781575
08-05-2025 15:05,24306.3,533850,741075,08-05-2025 15:05,11.55,39807075,3518400,08-05-2025 15:05,8.5,40192200,3869250
08-05-2025 15:05,24316,533175,742875,08-05-2025 15:05,12.75,39795300,3212775,08-05-2025 15:05,7.4,39726900,3930900
08-05-2025 15:05,24314,534300,744075,08-05-2025 15:05,10.1,39579525,2915100,08-05-2025 15:05,7.7,39181575,3965925
08-05-2025 15:05,24323,536700,739800,08-05-2025 15:05,18.2,39333225,2843625,08-05-2025 15:05,4.95,39110700,4146900
08-05-2025 15:05,24333.7,534825,726150,08-05-2025 15:05,23.55,39395025,1772250,08-05-2025 15:05,4.55,38209950,4087500
08-05-2025 15:06,24330.4,533475,724950,08-05-2025 15:06,18.25,39159975,1483875,08-05-2025 15:06,5.3,38859825,4032900
08-05-2025 15:06,24324.3,533250,732450,08-05-2025 15:06,17.55,38135550,1530450,08-05-2025 15:06,5.2,39467775,3987675
08-05-2025 15:06,24320.9,528225,734625,08-05-2025 15:06,14.05,37969650,1725600,08-05-2025 15:06,5.3,39944475,4002675
08-05-2025 15:06,24328.8,534450,733200,08-05-2025 15:06,15.1,38253225,1690275,08-05-2025 15:06,5.5,39819375,4291650
08-05-2025 15:06,24323.9,533775,740100,08-05-2025 15:06,14.25,38529600,1941750,08-05-2025 15:06,6.2,40238925,4348875
08-05-2025 15:06,24317.7,529500,739800,08-05-2025 15:06,10.55,38393250,2135625,08-05-2025 15:06,6.55,40532700,4200900
08-05-2025 15:07,24314.2,525450,748425,08-05-2025 15:07,12.6,38220675,2156550,08-05-2025 15:07,5.65,40684725,4461750
08-05-2025 15:07,24316.8,528450,747225,08-05-2025 15:07,10.05,38333400,2383950,08-05-2025 15:07,6.7,41005275,4628400
08-05-2025 15:07,24324.2,533175,742500,08-05-2025 15:07,16.05,38449800,2337450,08-05-2025 15:07,5.15,41029500,4947750
08-05-2025 15:07,24320,537525,750300,08-05-2025 15:07,14.1,38508150,2252250,08-05-2025 15:07,5.2,41088975,5137800
08-05-2025 15:07,24322.8,541350,752400,08-05-2025 15:07,13.85,38590875,2421225,08-05-2025 15:07,5.2,41401200,5183100
08-05-2025 15:07,24325,543300,753375,08-05-2025 15:07,15.9,39105300,2516700,08-05-2025 15:07,4.75,41200800,5224350
08-05-2025 15:08,24324.9,545025,748575,08-05-2025 15:08,12.1,39230250,2462175,08-05-2025 15:08,5.1,40373025,5337225
08-05-2025 15:08,24323.3,542100,748350,08-05-2025 15:08,14.8,39161625,2527125,08-05-2025 15:08,5.15,40365525,5281800
08-05-2025 15:08,24324.5,543300,747975,08-05-2025 15:08,13.45,39444075,2619675,08-05-2025 15:08,5.05,40591575,5631750
08-05-2025 15:08,24325.8,544500,748950,08-05-2025 15:08,17.55,39523125,2652450,08-05-2025 15:08,4.1,40649100,5958075
08-05-2025 15:08,24328.4,546900,747150,08-05-2025 15:08,18.9,39473025,2251575,08-05-2025 15:08,4.55,40668750,5776500
08-05-2025 15:08,24330,546150,746925,08-05-2025 15:08,20.25,39142725,2031900,08-05-2025 15:08,3.65,40506825,6035100
08-05-2025 15:09,24327.4,542400,745950,08-05-2025 15:09,16.65,39089625,2218875,08-05-2025 15:09,4.55,40232550,5968875
08-05-2025 15:09,24324.8,540525,748500,08-05-2025 15:09,15.95,38589450,2254950,08-05-2025 15:09,4.5,40672125,5600925
08-05-2025 15:09,24322.2,540975,749175,08-05-2025 15:09,15.35,38552475,2273850,08-05-2025 15:09,4.75,40605000,5490375
08-05-2025 15:09,24325,543825,749250,08-05-2025 15:09,17.55,38431875,2374275,08-05-2025 15:09,4.1,40882875,5812500
08-05-2025 15:09,24333.6,544650,741075,08-05-2025 15:09,20.5,38505150,2223825,08-05-2025 15:09,3.9,40679175,5913000
08-05-2025 15:09,24329.2,544725,747900,08-05-2025 15:09,18.1,38472675,2259450,08-05-2025 15:09,4.2,40855800,5738400
08-05-2025 15:10,24325.6,541275,748500,08-05-2025 15:10,17.6,38321700,2207175,08-05-2025 15:10,4.4,40857975,5957100
08-05-2025 15:10,24320,540375,749250,08-05-2025 15:10,16.95,38224200,2366550,08-05-2025 15:10,4.2,40765800,6015750
08-05-2025 15:10,24324,541200,749925,08-05-2025 15:10,16.9,38116125,2493600,08-05-2025 15:10,4.1,41001000,6180825
08-05-2025 15:10,24323.3,543075,745575,08-05-2025 15:10,18.7,38344275,2402325,08-05-2025 15:10,3.75,40428675,6464250
08-05-2025 15:10,24323.6,541350,746475,08-05-2025 15:10,18.85,38405775,2440650,08-05-2025 15:10,3.15,40527675,6517875
08-05-2025 15:10,24322.8,541800,746550,08-05-2025 15:10,16.25,38557725,2543850,08-05-2025 15:10,3.2,39778875,6552450
08-05-2025 15:11,24320,540375,755475,08-05-2025 15:11,15.25,38335125,2652900,08-05-2025 15:11,3.4,39900000,5988825
08-05-2025 15:11,24318,537750,759825,08-05-2025 15:11,14.2,38048925,2750625,08-05-2025 15:11,3.75,40464900,5880075
08-05-2025 15:11,24311.2,536100,762900,08-05-2025 15:11,11.2,37765575,2816775,08-05-2025 15:11,4.15,40839300,5657550
08-05-2025 15:11,24320,539625,761025,08-05-2025 15:11,14.05,37664100,2708100,08-05-2025 15:11,3.5,40581675,5797350
08-05-2025 15:11,24313.3,543600,761325,08-05-2025 15:11,12.5,37730625,2981625,08-05-2025 15:11,3.9,41032500,5806500
08-05-2025 15:11,24312.9,545400,761400,08-05-2025 15:11,10.9,37943025,3045300,08-05-2025 15:11,4.35,41268825,5862675
08-05-2025 15:12,24315,543825,765825,08-05-2025 15:12,10.15,37952625,3085725,08-05-2025 15:12,4.15,41153025,5805000
08-05-2025 15:12,24315,540000,767550,08-05-2025 15:12,8.95,37530300,3190800,08-05-2025 15:12,4.3,40880100,5657625
08-05-2025 15:12,24319.9,544875,767400,08-05-2025 15:12,11,37757250,3077475,08-05-2025 15:12,3.4,40717650,5947500
08-05-2025 15:12,24324.7,548175,759900,08-05-2025 15:12,14.05,38198925,2800875,08-05-2025 15:12,2.75,39932325,6333675
08-05-2025 15:12,24320.2,546375,763275,08-05-2025 15:12,10.25,38224425,2916525,08-05-2025 15:12,3.75,40055400,6369525
08-05-2025 15:12,24318.6,547050,764925,08-05-2025 15:12,10.15,37889550,3122325,08-05-2025 15:12,3.4,40146525,6171075
08-05-2025 15:13,24319.3,549750,767325,08-05-2025 15:13,10.6,38422425,3140925,08-05-2025 15:13,3.1,40266600,6382125
08-05-2025 15:13,24315.8,550050,763125,08-05-2025 15:13,10.95,38585100,3214275,08-05-2025 15:13,2.9,39474825,6482625
08-05-2025 15:13,24322.8,550875,762900,08-05-2025 15:13,12.35,38612700,3234375,08-05-2025 15:13,3,39687675,6762525
08-05-2025 15:13,24324.1,553050,762225,08-05-2025 15:13,12.15,38669475,3050250,08-05-2025 15:13,2.9,39735975,6724425
08-05-2025 15:13,24324.9,552750,761700,08-05-2025 15:13,11.6,38505750,3110250,08-05-2025 15:13,2.75,39636450,6982200
08-05-2025 15:13,24323.2,554325,762600,08-05-2025 15:13,11.7,38548500,3194475,08-05-2025 15:13,2.55,39855450,7070325
08-05-2025 15:14,24320.5,551925,760200,08-05-2025 15:14,11.95,38747550,3203850,08-05-2025 15:14,2.45,39345225,7277775
08-05-2025 15:14,24321,552375,759900,08-05-2025 15:14,12.95,38829075,3193200,08-05-2025 15:14,1.85,38855550,7383075
08-05-2025 15:14,24328,551775,760200,08-05-2025 15:14,12,37989975,3198300,08-05-2025 15:14,1.75,38424375,7107750
08-05-2025 15:14,24327.3,554175,760200,08-05-2025 15:14,11.95,37939650,3126600,08-05-2025 15:14,1.95,39147300,7120425
08-05-2025 15:14,24322.1,551475,759825,08-05-2025 15:14,10,37710300,3281025,08-05-2025 15:14,2.2,39296850,6510900
08-05-2025 15:14,24323.5,548400,762600,08-05-2025 15:14,10.7,37129125,3258075,08-05-2025 15:14,2.15,39384225,6569700
08-05-2025 15:15,24324.8,549075,757650,08-05-2025 15:15,10.55,37141725,3141075,08-05-2025 15:15,2.25,39565650,6937725
08-05-2025 15:15,24319,548250,764025,08-05-2025 15:15,10.5,37008225,3244050,08-05-2025 15:15,2.1,39674400,6497625
08-05-2025 15:15,24317.9,547650,766950,08-05-2025 15:15,9.65,37123950,3326850,08-05-2025 15:15,2.65,40127025,6539400
08-05-2025 15:15,24311.2,548100,768525,08-05-2025 15:15,7.75,36888975,3410925,08-05-2025 15:15,3.1,40560675,5813100
08-05-2025 15:15,24310.5,548625,767850,08-05-2025 15:15,7.35,36183750,3320325,08-05-2025 15:15,3.35,40048500,5594700
08-05-2025 15:15,24308,549750,773850,08-05-2025 15:15,5.55,35996550,3600825,08-05-2025 15:15,4.05,40037175,5392125
08-05-2025 15:16,24311,543675,770850,08-05-2025 15:16,5.55,35501475,3580950,08-05-2025 15:16,4.05,39825900,4914825
08-05-2025 15:16,24308.7,544800,772275,08-05-2025 15:16,4.85,35324025,3661275,08-05-2025 15:16,4.95,39950775,4672575
08-05-2025 15:16,24301,543000,777825,08-05-2025 15:16,3.65,34904925,3760950,08-05-2025 15:16,6.65,40251075,4217175
08-05-2025 15:16,24304.7,540000,774975,08-05-2025 15:16,3.6,34710075,3714450,08-05-2025 15:16,7.3,40099050,3754875
08-05-2025 15:16,24299.1,543375,809475,08-05-2025 15:16,3.2,34687350,3823350,08-05-2025 15:16,6.95,39905550,3837000
08-05-2025 15:16,24300,542775,810600,08-05-2025 15:16,2.65,34311750,3666450,08-05-2025 15:16,7.3,39527025,4007850
08-05-2025 15:17,24300,544500,805050,08-05-2025 15:17,2.5,33904350,3724875,08-05-2025 15:17,6.7,38998950,4144125
08-05-2025 15:17,24298.4,543450,804600,08-05-2025 15:17,2.2,34036050,3741225,08-05-2025 15:17,7.85,38768625,4062150
08-05-2025 15:17,24295,543225,798975,08-05-2025 15:17,1.85,33827175,4168875,08-05-2025 15:17,8.5,38863575,3352425
08-05-2025 15:17,24300.5,547275,763425,08-05-2025 15:17,2,34973700,3692625,08-05-2025 15:17,7.25,37974825,3638100
08-05-2025 15:17,24299.4,548400,770100,08-05-2025 15:17,1.75,35001750,4161300,08-05-2025 15:17,8,37953900,3742800
08-05-2025 15:17,24298.8,548100,768600,08-05-2025 15:17,1.25,34782675,4774425,08-05-2025 15:17,8.9,38175075,3815325
08-05-2025 15:18,24297.8,543375,768750,08-05-2025 15:18,1.35,35705625,4615200,08-05-2025 15:18,8.55,37391550,3808800
08-05-2025 15:18,24293.3,540750,771300,08-05-2025 15:18,1.6,36509250,4503450,08-05-2025 15:18,9.45,37448025,3748500
08-05-2025 15:18,24290,539325,775800,08-05-2025 15:18,1.25,36701700,4640475,08-05-2025 15:18,9.95,36972975,3187575
08-05-2025 15:18,24290,530400,776025,08-05-2025 15:18,1,35371425,4933725,08-05-2025 15:18,9.8,36258975,3420450
08-05-2025 15:18,24287.2,519750,788025,08-05-2025 15:18,1.2,35798100,4892250,08-05-2025 15:18,7.4,36205125,3668850
08-05-2025 15:18,24295,525525,781425,08-05-2025 15:18,1.65,36561825,4280925,08-05-2025 15:18,7.1,35422125,3721125
08-05-2025 15:19,24297,525675,769650,08-05-2025 15:19,1.75,36883200,3786150,08-05-2025 15:19,7.5,35242425,3853125
08-05-2025 15:19,24290,527550,767400,08-05-2025 15:19,1.35,36785625,4269300,08-05-2025 15:19,8.65,35799300,3838800
08-05-2025 15:19,24288.1,523575,770850,08-05-2025 15:19,1.2,35591775,4810275,08-05-2025 15:19,8.75,35875875,3955950
08-05-2025 15:19,24292.4,525450,781950,08-05-2025 15:19,1.1,35289675,5008350,08-05-2025 15:19,8.85,36053250,4013550
08-05-2025 15:19,24291.9,524325,778125,08-05-2025 15:19,0.7,35053050,5246850,08-05-2025 15:19,10,36012825,3858000
08-05-2025 15:19,24287.3,526200,779550,08-05-2025 15:19,0.75,33712875,5270700,08-05-2025 15:19,10.65,35995425,3337275
08-05-2025 15:20,24285,526575,781200,08-05-2025 15:20,0.8,35081025,5000850,08-05-2025 15:20,9.95,35965575,3313575
08-05-2025 15:20,24285,525450,782550,08-05-2025 15:20,0.75,33887925,5299125,08-05-2025 15:20,9.35,35460150,3424350
08-05-2025 15:20,24288.5,524325,786675,08-05-2025 15:20,0.7,33808350,4958325,08-05-2025 15:20,9.75,35260050,3434850
08-05-2025 15:20,24288,525150,790275,08-05-2025 15:20,0.6,33697875,5138175,08-05-2025 15:20,10,35415225,3377025
08-05-2025 15:20,24280,520950,780900,08-05-2025 15:20,0.5,32689725,5425800,08-05-2025 15:20,10.6,35551725,3349575
08-05-2025 15:20,24276.8,514575,784875,08-05-2025 15:20,0.5,33293175,5364900,08-05-2025 15:20,10.9,35599275,3210300
08-05-2025 15:21,24274.6,511575,782325,08-05-2025 15:21,0.55,32860575,5244450,08-05-2025 15:21,12.9,35355375,2882325
08-05-2025 15:21,24271.4,505275,774825,08-05-2025 15:21,0.8,34129275,4863525,08-05-2025 15:21,14.7,35246175,2353575
08-05-2025 15:21,24268.9,501450,773550,08-05-2025 15:21,0.65,34337100,4763475,08-05-2025 15:21,15.1,34989975,2241375
08-05-2025 15:21,24262.6,486075,768675,08-05-2025 15:21,0.5,32362350,5329050,08-05-2025 15:21,15.35,34389450,2072700
08-05-2025 15:21,24269,491850,768375,08-05-2025 15:21,0.35,31784775,5880525,08-05-2025 15:21,14.8,33801150,2196075
08-05-2025 15:21,24269.5,489375,770850,08-05-2025 15:21,0.3,30870675,5984700,08-05-2025 15:21,16.3,33062400,2129550
08-05-2025 15:22,24265.1,487800,774525,08-05-2025 15:22,0.4,31953675,5776950,08-05-2025 15:22,16.2,32677725,2163525
08-05-2025 15:22,24264.9,490350,777600,08-05-2025 15:22,0.4,32941050,4981800,08-05-2025 15:22,17.9,32673750,2210700
08-05-2025 15:22,24262.7,492075,772350,08-05-2025 15:22,0.35,33089325,5118075,08-05-2025 15:22,16.5,32622300,2095500
08-05-2025 15:22,24261.6,491700,770025,08-05-2025 15:22,0.35,33778275,4990200,08-05-2025 15:22,15.65,32190000,2189175
08-05-2025 15:22,24260.2,484125,770325,08-05-2025 15:22,0.35,33048675,5025600,08-05-2025 15:22,15.25,31807425,2264250
08-05-2025 15:22,24260.3,493350,769425,08-05-2025 15:22,0.5,33644775,4888725,08-05-2025 15:22,15.6,31177200,2341650
08-05-2025 15:23,24265,492975,766200,08-05-2025 15:23,0.6,34155150,3642975,08-05-2025 15:23,14.8,31118325,2377650
08-05-2025 15:23,24260,501675,767625,08-05-2025 15:23,0.4,33679650,4057350,08-05-2025 15:23,16.15,30674550,2423325
08-05-2025 15:23,24254.8,501225,769275,08-05-2025 15:23,0.4,32575275,4273650,08-05-2025 15:23,17.65,30148875,2247525
08-05-2025 15:23,24255,477525,767025,08-05-2025 15:23,0.35,32980500,4213650,08-05-2025 15:23,18,29998275,2107650
08-05-2025 15:23,24255.1,481875,766200,08-05-2025 15:23,0.4,32741400,4308150,08-05-2025 15:23,16.75,29475075,2107425
08-05-2025 15:23,24255.9,487875,765975,08-05-2025 15:23,0.35,32448375,4599600,08-05-2025 15:23,17.85,29181900,2103375
08-05-2025 15:24,24253.1,487275,764700,08-05-2025 15:24,0.3,32909250,3767850,08-05-2025 15:24,18.75,28764675,1987125
08-05-2025 15:24,24252.4,485100,764475,08-05-2025 15:24,0.25,32660625,4548975,08-05-2025 15:24,18.6,28654275,1984725
08-05-2025 15:24,24251.1,483975,767175,08-05-2025 15:24,0.3,31877700,4547550,08-05-2025 15:24,18.8,28323900,2036100
08-05-2025 15:24,24251.1,481500,769125,08-05-2025 15:24,0.2,32473050,4556475,08-05-2025 15:24,20.1,28365675,2003850
08-05-2025 15:24,24251,474675,770025,08-05-2025 15:24,0.25,30660375,5022075,08-05-2025 15:24,22.05,28304850,1630800
08-05-2025 15:24,24251,439875,775800,08-05-2025 15:24,0.25,30116550,4627125,08-05-2025 15:24,23.35,28093950,1432275
08-05-2025 15:25,24251,396600,769725,08-05-2025 15:25,0.2,30172200,4695750,08-05-2025 15:25,21.35,24303675,1593750
08-05-2025 15:25,24256,364800,767250,08-05-2025 15:25,0.2,26406000,4627650,08-05-2025 15:25,20.8,23497500,1640325
08-05-2025 15:25,24251.5,360600,754050,08-05-2025 15:25,0.15,26224575,4355925,08-05-2025 15:25,21.25,21787350,1673850
08-05-2025 15:25,24250,358725,757725,08-05-2025 15:25,0.2,25112775,4535925,08-05-2025 15:25,20.85,21691800,1720875
08-05-2025 15:25,24248.5,355200,757350,08-05-2025 15:25,0.15,24297675,4599300,08-05-2025 15:25,21.65,21497625,1750650
08-05-2025 15:25,24244.3,348750,763650,08-05-2025 15:25,0.15,24536175,4472175,08-05-2025 15:25,21.45,21523125,1654050
08-05-2025 15:26,24242.2,345675,762150,08-05-2025 15:26,0.1,24440175,4468350,08-05-2025 15:26,21.65,21366900,1692375
08-05-2025 15:26,24243,345525,759225,08-05-2025 15:26,0.2,22973700,4505550,08-05-2025 15:26,21.65,21194025,1720875
08-05-2025 15:26,24240,348975,761100,08-05-2025 15:26,0.15,22354425,3594600,08-05-2025 15:26,22.9,20177775,1806450
08-05-2025 15:26,24236,334800,768075,08-05-2025 15:26,0.1,21355275,4929225,08-05-2025 15:26,24.15,20159400,1546200
08-05-2025 15:26,24232.4,331650,770400,08-05-2025 15:26,0.1,20287200,4797825,08-05-2025 15:26,24.25,19711350,1465875
08-05-2025 15:26,24230,331650,771150,08-05-2025 15:26,0.15,18942225,4883475,08-05-2025 15:26,24.25,18170475,1510725
08-05-2025 15:27,24226,338100,770400,08-05-2025 15:27,0.15,19000350,4844325,08-05-2025 15:27,23.45,17826675,1611225
08-05-2025 15:27,24225,337050,769350,08-05-2025 15:27,0.1,18828525,4659075,08-05-2025 15:27,24.25,17233200,1449000
08-05-2025 15:27,24220.1,317625,775950,08-05-2025 15:27,0.1,18640125,4603425,08-05-2025 15:27,24.75,16422750,1555725
08-05-2025 15:27,24218,303075,777000,08-05-2025 15:27,0.1,18222975,4589850,08-05-2025 15:27,25.15,15952425,1363650
08-05-2025 15:27,24216.2,298500,778200,08-05-2025 15:27,0.15,17574300,4646625,08-05-2025 15:27,26.3,15978375,1092975
08-05-2025 15:27,24211,292650,780525,08-05-2025 15:27,0.1,16265025,4639050,08-05-2025 15:27,26.25,15559950,1056825
08-05-2025 15:28,24208.8,285750,780525,08-05-2025 15:28,0.1,10208700,4266150,08-05-2025 15:28,26.8,15265500,1128825
08-05-2025 15:28,24205,277050,781125,08-05-2025 15:28,0.15,9236400,3085575,08-05-2025 15:28,26.3,13444950,1142625
08-05-2025 15:28,24202,273750,772500,08-05-2025 15:28,0.15,8672625,3005100,08-05-2025 15:28,25.8,12970125,1263825
08-05-2025 15:28,24201.9,266550,767775,08-05-2025 15:28,0.1,7846725,3488100,08-05-2025 15:28,25.95,11802900,1239600
08-05-2025 15:28,24199.7,333225,766050,08-05-2025 15:28,0.1,7023825,3475050,08-05-2025 15:28,26.15,11736600,1169475
08-05-2025 15:28,24198.8,344775,768300,08-05-2025 15:28,0.1,6237375,3433275,08-05-2025 15:28,26.5,11645700,1146075
08-05-2025 15:29,24199.5,340500,764400,08-05-2025 15:29,0.05,5171775,3030375,08-05-2025 15:29,25.7,11597700,1093200
08-05-2025 15:29,24196.1,343500,763125,08-05-2025 15:29,0.1,4944150,2997600,08-05-2025 15:29,26.4,9436875,1045800
08-05-2025 15:29,24200,344175,760200,08-05-2025 15:29,0.1,4225725,2921850,08-05-2025 15:29,25.8,8532375,984975
08-05-2025 15:29,24204,344625,750900,08-05-2025 15:29,0.05,1688400,2550750,08-05-2025 15:29,26,6047325,966900
08-05-2025 15:29,24206.4,344625,749475,08-05-2025 15:29,0.05,702375,2122725,08-05-2025 15:29,26.2,6371025,890850
08-05-2025 15:29,24207.5,333825,723150,08-05-2025 15:29,0.05,476475,1981275,08-05-2025 15:29,26.4,8148600,833850
