last_traded_time,ltp,tot_buy_qty,tot_sell_qty,last_traded_time,ltp,tot_buy_qty,tot_sell_qty,last_traded_time,ltp,tot_buy_qty,tot_sell_qty
13-05-2025 09:16,25027.4,562500,268425,13-05-2025 09:16,278.25,503700,149025,13-05-2025 09:16,130.1,2879475,376425
13-05-2025 09:17,25015.9,558750,274050,13-05-2025 09:17,274.35,494850,158775,13-05-2025 09:17,135.4,2898075,371100
13-05-2025 09:17,25010,544875,279825,13-05-2025 09:17,268.5,487500,167175,13-05-2025 09:17,138,2910375,361950
13-05-2025 09:17,25010.6,550350,286050,13-05-2025 09:17,271.4,482925,170475,13-05-2025 09:17,139.5,2915175,368325
13-05-2025 09:17,25011.9,557475,287775,13-05-2025 09:17,273.9,494100,169800,13-05-2025 09:17,137.9,2919075,375075
13-05-2025 09:17,25007.9,544800,293025,13-05-2025 09:17,268.3,496500,167475,13-05-2025 09:17,141,2907300,390450
13-05-2025 09:17,25000,556650,307575,13-05-2025 09:17,266,488625,170925,13-05-2025 09:17,142.2,2901600,396525
13-05-2025 09:18,24975,516525,303225,13-05-2025 09:18,249.7,2427225,183525,13-05-2025 09:18,153.15,2921850,372450
13-05-2025 09:18,24951.4,482925,304800,13-05-2025 09:18,235.8,2877600,200025,13-05-2025 09:18,168.3,2923725,322875
13-05-2025 09:18,24943.7,460950,306450,13-05-2025 09:18,234.5,2986725,192525,13-05-2025 09:18,169.1,2921475,296175
13-05-2025 09:18,24946.2,433275,296025,13-05-2025 09:18,232.5,2997900,185700,13-05-2025 09:18,167,2903400,312150
13-05-2025 09:18,24940,415350,301050,13-05-2025 09:18,231.6,3006600,188250,13-05-2025 09:18,168.35,2905200,327750
13-05-2025 09:18,24925,430500,299400,13-05-2025 09:18,224.25,2999475,195000,13-05-2025 09:18,177.95,2944200,326550
13-05-2025 09:19,24927.2,405600,298500,13-05-2025 09:19,222.55,2999175,201825,13-05-2025 09:19,177.3,2952675,286650
13-05-2025 09:19,24930,407850,317325,13-05-2025 09:19,221.8,3003450,204375,13-05-2025 09:19,176.35,2968050,292500
13-05-2025 09:19,24938.9,439725,309525,13-05-2025 09:19,225,3024000,204375,13-05-2025 09:19,173.4,2934225,305625
13-05-2025 09:19,24932,450075,310800,13-05-2025 09:19,225.65,3042975,210675,13-05-2025 09:19,175.3,2947650,341550
13-05-2025 09:19,24932.2,455475,316125,13-05-2025 09:19,228.55,3059250,207000,13-05-2025 09:19,172.9,2964225,373650
13-05-2025 09:19,24940.6,464775,303450,13-05-2025 09:19,232.45,3056400,207825,13-05-2025 09:19,164.35,2948925,400125
13-05-2025 09:20,24941,460575,312975,13-05-2025 09:20,225,3099825,213825,13-05-2025 09:20,166.8,2919150,418275
13-05-2025 09:20,24916,434550,325800,13-05-2025 09:20,213.7,3089550,216450,13-05-2025 09:20,182,2923425,404925
13-05-2025 09:20,24917,453375,316950,13-05-2025 09:20,219.45,3068475,212700,13-05-2025 09:20,177.2,2927925,366300
13-05-2025 09:20,24924.4,451800,317625,13-05-2025 09:20,218.2,3089100,230625,13-05-2025 09:20,177.55,2942550,399600
13-05-2025 09:20,24926.1,481575,319425,13-05-2025 09:20,221.7,3103650,226050,13-05-2025 09:20,174.9,2952675,435525
13-05-2025 09:20,24923,478350,331500,13-05-2025 09:20,213.25,3110625,236250,13-05-2025 09:20,179.75,2974875,459525
13-05-2025 09:21,24915.9,466200,328725,13-05-2025 09:21,210.9,3092700,245025,13-05-2025 09:21,181.35,2983950,426975
13-05-2025 09:21,24893.4,434550,334500,13-05-2025 09:21,200.5,3073425,263625,13-05-2025 09:21,188.8,3020250,390750
13-05-2025 09:21,24890.7,428025,327225,13-05-2025 09:21,198.75,3039075,272325,13-05-2025 09:21,188.35,3034200,305025
13-05-2025 09:21,24891.3,424125,331050,13-05-2025 09:21,199.6,3052950,288900,13-05-2025 09:21,193.45,3033450,325125
13-05-2025 09:21,24889.8,433500,331350,13-05-2025 09:21,197.85,3076350,270525,13-05-2025 09:21,195.15,3049875,307725
13-05-2025 09:21,24887.7,444000,347250,13-05-2025 09:21,195.75,3088725,269550,13-05-2025 09:21,194,3055050,316725
13-05-2025 09:22,24871,429150,339600,13-05-2025 09:22,187.3,3070575,279075,13-05-2025 09:22,203.1,3098025,308025
13-05-2025 09:22,24870,434775,343425,13-05-2025 09:22,185.25,3060900,284400,13-05-2025 09:22,204,3100725,250425
13-05-2025 09:22,24876.3,443925,349425,13-05-2025 09:22,188.25,3062850,284775,13-05-2025 09:22,201.95,3086850,269400
13-05-2025 09:22,24884.1,455025,349650,13-05-2025 09:22,193.6,3091050,278925,13-05-2025 09:22,197.3,3050925,293925
13-05-2025 09:22,24880,457200,341400,13-05-2025 09:22,190.75,3100500,296625,13-05-2025 09:22,200.7,3024675,301500
13-05-2025 09:22,24880.1,474150,355425,13-05-2025 09:22,189.8,3132375,315600,13-05-2025 09:22,200.5,3060075,325950
13-05-2025 09:23,24881.2,472125,338025,13-05-2025 09:23,191.4,3117150,337725,13-05-2025 09:23,196.85,3054000,335325
13-05-2025 09:23,24880,467475,352875,13-05-2025 09:23,189.85,3122250,333975,13-05-2025 09:23,197.75,3068400,356250
13-05-2025 09:23,24886.6,460425,333525,13-05-2025 09:23,192.55,3118800,337575,13-05-2025 09:23,193.95,3062325,381900
13-05-2025 09:23,24888.7,480675,343050,13-05-2025 09:23,197.45,3146550,331425,13-05-2025 09:23,192.15,3046425,391350
13-05-2025 09:23,24903.4,484950,333375,13-05-2025 09:23,202.15,3150375,331425,13-05-2025 09:23,185.25,3041400,417675
13-05-2025 09:23,24909.9,478800,332025,13-05-2025 09:23,204.75,3155850,332625,13-05-2025 09:23,184.2,2972250,420075
13-05-2025 09:24,24906,462450,340575,13-05-2025 09:24,196.8,3172425,330600,13-05-2025 09:24,184.95,2943375,423975
13-05-2025 09:24,24881.2,452550,344700,13-05-2025 09:24,189.8,3101850,363825,13-05-2025 09:24,193.6,2995875,415350
13-05-2025 09:24,24877,460875,333075,13-05-2025 09:24,187,3050025,378825,13-05-2025 09:24,197.35,3055425,398325
13-05-2025 09:24,24878.3,469575,340875,13-05-2025 09:24,186.4,3073725,393300,13-05-2025 09:24,196.8,3054825,424800
13-05-2025 09:24,24866.7,475125,350100,13-05-2025 09:24,181,3064650,395100,13-05-2025 09:24,200.7,3075450,443625
13-05-2025 09:24,24868.1,457350,359700,13-05-2025 09:24,177.85,2999700,397350,13-05-2025 09:24,200.55,3090450,377400
13-05-2025 09:25,24861.8,441825,356250,13-05-2025 09:25,174.7,3013500,414825,13-05-2025 09:25,201,3104850,383025
13-05-2025 09:25,24871.1,461250,341550,13-05-2025 09:25,176.4,3049650,402525,13-05-2025 09:25,202.95,3081075,413700
13-05-2025 09:25,24871.1,465675,362550,13-05-2025 09:25,181.75,3089925,412275,13-05-2025 09:25,195.55,3072975,433350
13-05-2025 09:25,24870,465225,367575,13-05-2025 09:25,179.5,3088950,421050,13-05-2025 09:25,198.65,3073275,457500
13-05-2025 09:25,24875,468450,363225,13-05-2025 09:25,181.2,3102975,430350,13-05-2025 09:25,193.95,3087675,482250
13-05-2025 09:25,24880.3,475950,361875,13-05-2025 09:25,182.5,3138600,434925,13-05-2025 09:25,192.45,3085050,509550
13-05-2025 09:26,24897.9,486450,359925,13-05-2025 09:26,191.45,3148950,425850,13-05-2025 09:26,183.9,3048225,505875
13-05-2025 09:26,24888.8,483825,359700,13-05-2025 09:26,188.15,3170850,429750,13-05-2025 09:26,188.4,3012300,498750
13-05-2025 09:26,24887.6,498000,368100,13-05-2025 09:26,184.85,3185925,444675,13-05-2025 09:26,188.8,3029475,516600
13-05-2025 09:26,24885,484200,373275,13-05-2025 09:26,184.45,3163650,466050,13-05-2025 09:26,189.65,3051675,512175
13-05-2025 09:26,24892.6,498825,370500,13-05-2025 09:26,187.75,3167625,469875,13-05-2025 09:26,187.35,3054900,539775
13-05-2025 09:26,24876.1,492150,376800,13-05-2025 09:26,180.1,3179850,483150,13-05-2025 09:26,193.45,3059775,536550
13-05-2025 09:27,24872,490350,377250,13-05-2025 09:27,180,3127725,494550,13-05-2025 09:27,197.4,3076800,510900
13-05-2025 09:27,24871,488625,376575,13-05-2025 09:27,180.5,3105900,510450,13-05-2025 09:27,196.75,3100275,497325
13-05-2025 09:27,24885,494250,373275,13-05-2025 09:27,187.5,3205200,521325,13-05-2025 09:27,188.2,3080025,513675
13-05-2025 09:27,24882.3,503400,380475,13-05-2025 09:27,183.05,3212700,532725,13-05-2025 09:27,190.85,3075225,534825
13-05-2025 09:27,24881,504150,392325,13-05-2025 09:27,185.65,3230175,573750,13-05-2025 09:27,188.55,3081225,548475
13-05-2025 09:27,24898.8,510825,378450,13-05-2025 09:27,192.45,3258675,538650,13-05-2025 09:27,181.7,3059175,566625
13-05-2025 09:28,24885.1,495375,384150,13-05-2025 09:28,185.75,3184275,540750,13-05-2025 09:28,187.45,3061125,563025
13-05-2025 09:28,24877.4,505575,397200,13-05-2025 09:28,181.5,3176550,573600,13-05-2025 09:28,191.3,3155775,590400
13-05-2025 09:28,24880.2,508950,388350,13-05-2025 09:28,184.6,3183225,576300,13-05-2025 09:28,188.65,3175725,616425
13-05-2025 09:28,24883.3,519375,393075,13-05-2025 09:28,185.85,3203250,576300,13-05-2025 09:28,188.25,3174675,623100
13-05-2025 09:28,24876.8,509025,396150,13-05-2025 09:28,180.7,3211875,593400,13-05-2025 09:28,192.4,3180450,629400
13-05-2025 09:28,24872.4,514575,400050,13-05-2025 09:28,179.4,3200475,613650,13-05-2025 09:28,192.35,3191400,617175
13-05-2025 09:29,24864,511275,397350,13-05-2025 09:29,174.25,3162375,619050,13-05-2025 09:29,201.1,3210000,586275
13-05-2025 09:29,24861.2,514425,388875,13-05-2025 09:29,176.55,3142050,627075,13-05-2025 09:29,199.8,3225750,553425
13-05-2025 09:29,24851,504150,395175,13-05-2025 09:29,165.7,3149400,632400,13-05-2025 09:29,211.8,3256425,549525
13-05-2025 09:29,24852.2,457575,387000,13-05-2025 09:29,173.15,3059700,637275,13-05-2025 09:29,206.85,3267900,378225
13-05-2025 09:29,24853.9,464700,396000,13-05-2025 09:29,169.8,3107850,642600,13-05-2025 09:29,208.1,3263325,419775
13-05-2025 09:29,24857,475650,394725,13-05-2025 09:29,168.9,3122775,650550,13-05-2025 09:29,206.4,3269625,443250
13-05-2025 09:30,24843.2,470550,396825,13-05-2025 09:30,162.2,3103050,673575,13-05-2025 09:30,213.15,3291075,437100
13-05-2025 09:30,24835.7,457425,405825,13-05-2025 09:30,160.05,3059400,681525,13-05-2025 09:30,221.6,3316875,390600
13-05-2025 09:30,24828.4,429825,408900,13-05-2025 09:30,159.35,3039525,697950,13-05-2025 09:30,218.65,3313125,275475
13-05-2025 09:30,24830.1,437400,390525,13-05-2025 09:30,156.8,3058425,702225,13-05-2025 09:30,222.55,3274950,287325
13-05-2025 09:30,24832.1,434850,396600,13-05-2025 09:30,161.25,3065700,695700,13-05-2025 09:30,218.75,3260625,312975
13-05-2025 09:30,24830.2,448800,396300,13-05-2025 09:30,159.25,3098925,708675,13-05-2025 09:30,221.15,3236475,320250
13-05-2025 09:31,24815.3,429075,395775,13-05-2025 09:31,153.1,3050400,731550,13-05-2025 09:31,228.45,3246900,312075
13-05-2025 09:31,24815.2,422550,382125,13-05-2025 09:31,151.5,3056925,743925,13-05-2025 09:31,229.25,3257625,247875
13-05-2025 09:31,24799.8,377325,374175,13-05-2025 09:31,144.5,3006600,745650,13-05-2025 09:31,244.65,3274275,192075
13-05-2025 09:31,24792.6,361425,386175,13-05-2025 09:31,144.45,3012000,773025,13-05-2025 09:31,248.45,3273075,156150
13-05-2025 09:31,24784.8,385125,384600,13-05-2025 09:31,140.4,3020625,766800,13-05-2025 09:31,250.55,3262500,153825
13-05-2025 09:31,24782.9,396525,390375,13-05-2025 09:31,139.5,3026100,769575,13-05-2025 09:31,252.6,3253350,177375
13-05-2025 09:32,24775,399750,384900,13-05-2025 09:32,135.75,3036225,805275,13-05-2025 09:32,261.45,3276000,182250
13-05-2025 09:32,24772,389250,381000,13-05-2025 09:32,142.2,3024375,812175,13-05-2025 09:32,255.8,3275700,144975
13-05-2025 09:32,24778.4,393975,384975,13-05-2025 09:32,140.6,3037725,810975,13-05-2025 09:32,258.7,3220350,150900
13-05-2025 09:32,24771.3,395850,384750,13-05-2025 09:32,141.3,3054825,809250,13-05-2025 09:32,262.6,3194100,183900
13-05-2025 09:32,24779.9,411900,379500,13-05-2025 09:32,142.3,3066675,796275,13-05-2025 09:32,257.9,3185025,162525
13-05-2025 09:32,24780,420375,381375,13-05-2025 09:32,141.75,3081450,786825,13-05-2025 09:32,261.75,3181725,177975
13-05-2025 09:33,24784.2,430800,384525,13-05-2025 09:33,144.6,3102300,768525,13-05-2025 09:33,259.55,3189075,184050
13-05-2025 09:33,24800.9,445500,371250,13-05-2025 09:33,150.3,3108525,763875,13-05-2025 09:33,246.45,3168525,202725
13-05-2025 09:33,24805.5,442725,377400,13-05-2025 09:33,153,3118575,705825,13-05-2025 09:33,242.2,3115875,204900
13-05-2025 09:33,24808.7,451350,378375,13-05-2025 09:33,152.2,3130800,719175,13-05-2025 09:33,240.3,3112575,224625
13-05-2025 09:33,24816,468300,383025,13-05-2025 09:33,155.55,3125400,734850,13-05-2025 09:33,231.85,3112800,236100
13-05-2025 09:33,24809.6,464775,391350,13-05-2025 09:33,150.8,3128250,749025,13-05-2025 09:33,239.65,3103500,240975
13-05-2025 09:34,24804.6,448800,385950,13-05-2025 09:34,149.8,3115875,757350,13-05-2025 09:34,242.5,3105300,240525
13-05-2025 09:34,24801.1,453750,391725,13-05-2025 09:34,148.15,3127200,785100,13-05-2025 09:34,243.1,3118200,243525
13-05-2025 09:34,24802.3,454125,395475,13-05-2025 09:34,149.95,3127875,791400,13-05-2025 09:34,239.4,3120375,239775
13-05-2025 09:34,24809,461100,390375,13-05-2025 09:34,151.7,3141000,782475,13-05-2025 09:34,235.05,3120525,247050
13-05-2025 09:34,24835.6,464025,371100,13-05-2025 09:34,160.9,3164925,770250,13-05-2025 09:34,224.2,3111825,248400
13-05-2025 09:34,24829,466500,395925,13-05-2025 09:34,161.1,3168150,714000,13-05-2025 09:34,224.75,3078825,244350
13-05-2025 09:35,24847,472275,375600,13-05-2025 09:35,171.1,3192300,714825,13-05-2025 09:35,214.5,3075825,288525
13-05-2025 09:35,24847.9,468075,385200,13-05-2025 09:35,170.85,3202800,583650,13-05-2025 09:35,217.7,3052275,285825
13-05-2025 09:35,24852,466050,372150,13-05-2025 09:35,174.6,3205875,618825,13-05-2025 09:35,214.05,3063075,288975
13-05-2025 09:35,24855,475650,386850,13-05-2025 09:35,175,3216750,641850,13-05-2025 09:35,212.6,3078900,305250
13-05-2025 09:35,24849.3,479175,386625,13-05-2025 09:35,170.35,3203550,677775,13-05-2025 09:35,216.45,3084150,307875
13-05-2025 09:35,24858.1,482550,393750,13-05-2025 09:35,174.3,3199875,684450,13-05-2025 09:35,211.05,3093150,315075
13-05-2025 09:36,24863.4,497025,370725,13-05-2025 09:36,176.75,3217200,646275,13-05-2025 09:36,207.5,3075300,323100
13-05-2025 09:36,24877.6,488250,362925,13-05-2025 09:36,184.15,3235800,616125,13-05-2025 09:36,198.1,3076350,326025
13-05-2025 09:36,24875.2,480975,371925,13-05-2025 09:36,183.1,3256200,553875,13-05-2025 09:36,197.55,3036300,326325
13-05-2025 09:36,24864,465975,382500,13-05-2025 09:36,177.5,3265950,581175,13-05-2025 09:36,205.45,3049050,316275
13-05-2025 09:36,24868.3,497325,381600,13-05-2025 09:36,183.6,3194100,609525,13-05-2025 09:36,198.5,3081075,375975
13-05-2025 09:36,24873.7,496575,380175,13-05-2025 09:36,183.85,3226200,626175,13-05-2025 09:36,197.8,3076575,376875
13-05-2025 09:37,24884,496350,377625,13-05-2025 09:37,188.25,3237225,620625,13-05-2025 09:37,191.7,3072975,403425
13-05-2025 09:37,24896.6,498975,367350,13-05-2025 09:37,195,3257250,576375,13-05-2025 09:37,187.7,3055725,401700
13-05-2025 09:37,24893.5,504375,373650,13-05-2025 09:37,195.35,3275475,490800,13-05-2025 09:37,185.85,3028350,409800
13-05-2025 09:37,24893.8,486300,365400,13-05-2025 09:37,191.5,3283500,520650,13-05-2025 09:37,188.65,3057225,417225
13-05-2025 09:37,24902.8,492300,361350,13-05-2025 09:37,197.4,3285525,515700,13-05-2025 09:37,183.2,3059625,422325
13-05-2025 09:37,24896.6,489375,354450,13-05-2025 09:37,193.85,3286275,557925,13-05-2025 09:37,185.7,3077550,400875
13-05-2025 09:38,24904.1,501300,349575,13-05-2025 09:38,198.6,3292950,562575,13-05-2025 09:38,178.6,3078975,423750
13-05-2025 09:38,24908,497100,348525,13-05-2025 09:38,199.65,3308925,553800,13-05-2025 09:38,178.85,3044325,424650
13-05-2025 09:38,24905,490200,355200,13-05-2025 09:38,201.75,3313875,488250,13-05-2025 09:38,179.6,3051750,426000
13-05-2025 09:38,24915,497550,358125,13-05-2025 09:38,205.55,3328125,482175,13-05-2025 09:38,178.95,3071625,434025
13-05-2025 09:38,24918.3,505725,354375,13-05-2025 09:38,210.25,3345675,407175,13-05-2025 09:38,177.3,3044625,448875
13-05-2025 09:38,24931.1,501525,345525,13-05-2025 09:38,217.5,3347400,398100,13-05-2025 09:38,170.8,3047925,459600
13-05-2025 09:39,24930,500700,337200,13-05-2025 09:39,217.45,3344175,373950,13-05-2025 09:39,171.15,3014550,449550
13-05-2025 09:39,24914.4,499350,352350,13-05-2025 09:39,208.25,3302850,403050,13-05-2025 09:39,177,3042825,442650
13-05-2025 09:39,24902.7,481425,358200,13-05-2025 09:39,202.05,3248550,426000,13-05-2025 09:39,183.5,3069825,429300
13-05-2025 09:39,24919,497925,353550,13-05-2025 09:39,211.5,3251325,421800,13-05-2025 09:39,176.5,3070800,445575
13-05-2025 09:39,24919.4,503025,371850,13-05-2025 09:39,212.9,3259200,414750,13-05-2025 09:39,176.35,3061650,456075
13-05-2025 09:39,24921.7,507600,375000,13-05-2025 09:39,215.25,3277350,426300,13-05-2025 09:39,173.85,3082125,490275
13-05-2025 09:40,24916.2,503250,372075,13-05-2025 09:40,209.1,3274125,445425,13-05-2025 09:40,179.15,3096450,487200
13-05-2025 09:40,24910.3,499275,382425,13-05-2025 09:40,208.9,3269850,464925,13-05-2025 09:40,179.05,3114825,503400
13-05-2025 09:40,24888.3,505500,384075,13-05-2025 09:40,198.35,3261600,477600,13-05-2025 09:40,189.75,3146925,485400
13-05-2025 09:40,24887,490200,392850,13-05-2025 09:40,198.9,3183900,480750,13-05-2025 09:40,193.4,3158400,405225
13-05-2025 09:40,24865.1,497925,404100,13-05-2025 09:40,182,3189600,493425,13-05-2025 09:40,204.65,3157050,406125
13-05-2025 09:40,24852.6,473550,402075,13-05-2025 09:40,178.25,3136275,492225,13-05-2025 09:40,207.1,3164025,334800
13-05-2025 09:41,24870.7,492750,405300,13-05-2025 09:41,180.95,3124875,492000,13-05-2025 09:41,203.6,3167100,335250
13-05-2025 09:41,24870,502425,366000,13-05-2025 09:41,184.9,3167625,485100,13-05-2025 09:41,202.1,3114375,365400
13-05-2025 09:41,24875.6,500100,389925,13-05-2025 09:41,187.75,3193350,491925,13-05-2025 09:41,198.9,3102600,384300
13-05-2025 09:41,24880,518850,403200,13-05-2025 09:41,188.8,3209025,509400,13-05-2025 09:41,198,3113325,392850
13-05-2025 09:41,24860.2,513675,409950,13-05-2025 09:41,180.15,3213300,515475,13-05-2025 09:41,207,3125325,399525
13-05-2025 09:41,24863.2,511200,409950,13-05-2025 09:41,180.95,3177300,532050,13-05-2025 09:41,203.4,3125925,403875
13-05-2025 09:42,24852.3,507075,415575,13-05-2025 09:42,173.9,3165300,545025,13-05-2025 09:42,209.35,3152400,396900
13-05-2025 09:42,24840,491100,423450,13-05-2025 09:42,167.2,3138375,555000,13-05-2025 09:42,215.25,3211575,359625
13-05-2025 09:42,24838.5,496350,420900,13-05-2025 09:42,166.95,3144225,565275,13-05-2025 09:42,216.85,3199800,336825
13-05-2025 09:42,24844,506925,413850,13-05-2025 09:42,168.8,3177525,574425,13-05-2025 09:42,214.95,3182400,378000
13-05-2025 09:42,24840.8,506025,420225,13-05-2025 09:42,166.6,3203850,579450,13-05-2025 09:42,217.1,3175950,390450
13-05-2025 09:42,24847.3,511800,425025,13-05-2025 09:42,169.75,3210975,585525,13-05-2025 09:42,212.5,3168450,382875
13-05-2025 09:43,24854,518925,418200,13-05-2025 09:43,171.85,3226500,595500,13-05-2025 09:43,208.25,3164775,399225
13-05-2025 09:43,24860,515850,429825,13-05-2025 09:43,171.3,3241050,584850,13-05-2025 09:43,208.2,3161700,407250
13-05-2025 09:43,24865,528150,432675,13-05-2025 09:43,177.15,3267600,577575,13-05-2025 09:43,200.25,3154275,406800
13-05-2025 09:43,24868.2,527775,426750,13-05-2025 09:43,178.15,3284700,565200,13-05-2025 09:43,199.35,3138525,419100
13-05-2025 09:43,24847.7,505425,438450,13-05-2025 09:43,168.55,3286650,580575,13-05-2025 09:43,209.5,3138750,411300
13-05-2025 09:43,24846.7,505800,438375,13-05-2025 09:43,168.85,3243150,600525,13-05-2025 09:43,206.5,3137475,406425
13-05-2025 09:44,24851,528225,440625,13-05-2025 09:44,169.35,3238575,603825,13-05-2025 09:44,207.65,3148500,406050
13-05-2025 09:44,24850.1,529575,429375,13-05-2025 09:44,170,3263325,608250,13-05-2025 09:44,206.3,3186000,417450
13-05-2025 09:44,24850.1,531300,430650,13-05-2025 09:44,169.4,3261600,624150,13-05-2025 09:44,206.9,3198225,426150
13-05-2025 09:44,24842.8,519150,440475,13-05-2025 09:44,162.5,3255750,617175,13-05-2025 09:44,212.4,3200625,422925
13-05-2025 09:44,24833.6,526800,430275,13-05-2025 09:44,161.3,3190200,627150,13-05-2025 09:44,215.85,3209175,401175
13-05-2025 09:44,24837.8,531150,433950,13-05-2025 09:44,160.95,3206625,635775,13-05-2025 09:44,214.5,3172200,407400
13-05-2025 09:45,24833.9,532800,429300,13-05-2025 09:45,156.35,3226950,644100,13-05-2025 09:45,213.5,3183750,428400
13-05-2025 09:45,24819.5,514875,445200,13-05-2025 09:45,152.9,3194775,658950,13-05-2025 09:45,222.05,3178575,417825
13-05-2025 09:45,24820.2,522300,441225,13-05-2025 09:45,155.7,3211050,657075,13-05-2025 09:45,221.3,3179775,367500
13-05-2025 09:45,24823.1,532200,439875,13-05-2025 09:45,154.45,3247800,655350,13-05-2025 09:45,221.45,3173475,379650
13-05-2025 09:45,24835.4,538650,446925,13-05-2025 09:45,159.4,3270600,666225,13-05-2025 09:45,216.05,3168075,390450
13-05-2025 09:45,24844.1,542400,424575,13-05-2025 09:45,163.25,3289425,656250,13-05-2025 09:45,210.9,3166650,402150
13-05-2025 09:46,24830,527325,450075,13-05-2025 09:46,156.25,3284250,661650,13-05-2025 09:46,219,3148800,400800
13-05-2025 09:46,24828.8,535425,445725,13-05-2025 09:46,155.75,3260175,680550,13-05-2025 09:46,220,3166500,391875
13-05-2025 09:46,24822.4,543450,450525,13-05-2025 09:46,154.85,3275775,689475,13-05-2025 09:46,220.9,3167850,399975
13-05-2025 09:46,24822.9,558525,449925,13-05-2025 09:46,153.3,3285600,695475,13-05-2025 09:46,222.85,3175800,409200
13-05-2025 09:46,24806.8,555225,454950,13-05-2025 09:46,148,3285150,701700,13-05-2025 09:46,232.85,3187125,394275
13-05-2025 09:46,24798.9,524475,456450,13-05-2025 09:46,146,3192825,711825,13-05-2025 09:46,237.85,3198525,289950
13-05-2025 09:47,24801.9,491325,446475,13-05-2025 09:47,146.45,3217200,709575,13-05-2025 09:47,239.75,3154350,266775
13-05-2025 09:47,24810.1,510675,445875,13-05-2025 09:47,151.35,3245700,707625,13-05-2025 09:47,234.4,3149025,280800
13-05-2025 09:47,24816.9,518550,455700,13-05-2025 09:47,152,3266700,718425,13-05-2025 09:47,231.8,3138525,314175
13-05-2025 09:47,24818.9,509100,452325,13-05-2025 09:47,153.6,3309450,706275,13-05-2025 09:47,232,3127200,319275
13-05-2025 09:47,24812.2,513900,458850,13-05-2025 09:47,150.15,3315375,712875,13-05-2025 09:47,237.6,3136275,319650
13-05-2025 09:47,24815,511800,464775,13-05-2025 09:47,152.25,3294900,722175,13-05-2025 09:47,233.15,3149325,327975
13-05-2025 09:48,24812.5,515400,453150,13-05-2025 09:48,151.9,3307800,745125,13-05-2025 09:48,235.5,3145575,333900
13-05-2025 09:48,24811,523800,456450,13-05-2025 09:48,149.25,3309300,751425,13-05-2025 09:48,239,3149625,330075
13-05-2025 09:48,24801.3,523275,461775,13-05-2025 09:48,147.65,3292575,762975,13-05-2025 09:48,242.1,3150825,314625
13-05-2025 09:48,24796.1,511875,460575,13-05-2025 09:48,146.4,3289800,779925,13-05-2025 09:48,245.15,3156825,316275
13-05-2025 09:48,24801.3,536550,457650,13-05-2025 09:48,147.2,3303075,784800,13-05-2025 09:48,242.85,3154725,304575
13-05-2025 09:48,24803.5,531675,463275,13-05-2025 09:48,147.85,3301200,785400,13-05-2025 09:48,243.55,3161475,302100
13-05-2025 09:49,24799.7,535950,462525,13-05-2025 09:49,147.1,3305400,792075,13-05-2025 09:49,242.45,3167475,310575
13-05-2025 09:49,24790,533400,469575,13-05-2025 09:49,144.15,3303525,790200,13-05-2025 09:49,250.55,3166725,311175
13-05-2025 09:49,24784,515025,461400,13-05-2025 09:49,141.4,3247500,799200,13-05-2025 09:49,255.65,3143625,243300
13-05-2025 09:49,24775.9,516375,467550,13-05-2025 09:49,139.05,3194400,802575,13-05-2025 09:49,261.4,3152025,228600
13-05-2025 09:49,24770.3,503325,453825,13-05-2025 09:49,139.25,3193050,811425,13-05-2025 09:49,269.05,3167775,198225
13-05-2025 09:49,24781.3,499725,460875,13-05-2025 09:49,142.4,3222900,808875,13-05-2025 09:49,259.25,3152700,170475
13-05-2025 09:50,24770.4,484425,454125,13-05-2025 09:50,141,3229200,813525,13-05-2025 09:50,267.05,3138750,186450
13-05-2025 09:50,24771.7,490725,457425,13-05-2025 09:50,140.75,3249750,824850,13-05-2025 09:50,267.95,3147750,189300
13-05-2025 09:50,24778.9,495450,464775,13-05-2025 09:50,143.2,3270975,825525,13-05-2025 09:50,263.85,3152850,195450
13-05-2025 09:50,24800.6,507600,459225,13-05-2025 09:50,151.4,3282975,824850,13-05-2025 09:50,250.1,3139875,209325
13-05-2025 09:50,24797.9,511875,459075,13-05-2025 09:50,150.2,3285900,791025,13-05-2025 09:50,247.5,3107025,211200
13-05-2025 09:50,24796.5,511950,457650,13-05-2025 09:50,147.5,3285300,801525,13-05-2025 09:50,253.25,3084675,218100
13-05-2025 09:51,24798.9,521400,459525,13-05-2025 09:51,149.4,3283125,815100,13-05-2025 09:51,247.05,3093000,215025
13-05-2025 09:51,24803.6,527850,462150,13-05-2025 09:51,152.35,3309150,812550,13-05-2025 09:51,246.85,3098250,229050
13-05-2025 09:51,24795,533325,458025,13-05-2025 09:51,150.4,3316725,823350,13-05-2025 09:51,249.15,3104325,232725
13-05-2025 09:51,24799.3,540750,467475,13-05-2025 09:51,150.35,3314625,855300,13-05-2025 09:51,250.4,3103275,233325
13-05-2025 09:51,24791.5,521475,466800,13-05-2025 09:51,147.6,3310275,869775,13-05-2025 09:51,256,3109875,226200
13-05-2025 09:51,24792.2,529800,469125,13-05-2025 09:51,147.7,3322125,874950,13-05-2025 09:51,256.05,3112950,218325
13-05-2025 09:52,24794.3,526875,464775,13-05-2025 09:52,151.85,3336225,877575,13-05-2025 09:52,256.95,3115650,218025
13-05-2025 09:52,24819.3,542775,441450,13-05-2025 09:52,163.4,3350325,859950,13-05-2025 09:52,239.45,3113100,228450
13-05-2025 09:52,24819,538350,454800,13-05-2025 09:52,163.35,3344850,740775,13-05-2025 09:52,242.05,3080625,237600
13-05-2025 09:52,24819.8,528300,456750,13-05-2025 09:52,161.75,3345825,736500,13-05-2025 09:52,241,3076125,238500
13-05-2025 09:52,24813.7,538200,460725,13-05-2025 09:52,158.6,3324975,762000,13-05-2025 09:52,245.75,3091500,244650
13-05-2025 09:52,24817.3,547275,474150,13-05-2025 09:52,162.4,3318450,777000,13-05-2025 09:52,241.05,3107550,246000
13-05-2025 09:53,24825,547200,462075,13-05-2025 09:53,165.95,3322950,783675,13-05-2025 09:53,235.95,3102375,258825
13-05-2025 09:53,24825.4,572775,465675,13-05-2025 09:53,164.95,3330225,762150,13-05-2025 09:53,237,3097950,264675
13-05-2025 09:53,24821.5,563475,481350,13-05-2025 09:53,162.45,3329025,787425,13-05-2025 09:53,238.45,3111450,259725
13-05-2025 09:53,24817,569775,476925,13-05-2025 09:53,161.7,3314925,807525,13-05-2025 09:53,239.35,3119175,261525
13-05-2025 09:53,24818.5,574725,472800,13-05-2025 09:53,163.1,3303150,813675,13-05-2025 09:53,238.5,3126150,262800
13-05-2025 09:53,24823.1,577575,471975,13-05-2025 09:53,166.9,3321150,816525,13-05-2025 09:53,231.35,3122025,264300
13-05-2025 09:54,24830,581175,468300,13-05-2025 09:54,168.55,3326025,795375,13-05-2025 09:54,230.8,3107850,263175
13-05-2025 09:54,24826,574800,475575,13-05-2025 09:54,165.8,3327975,796800,13-05-2025 09:54,230.85,3105300,259650
13-05-2025 09:54,24838.1,576675,472050,13-05-2025 09:54,168.35,3320925,800550,13-05-2025 09:54,225.65,3104925,264525
13-05-2025 09:54,24841.6,572775,473475,13-05-2025 09:54,170.35,3324000,742575,13-05-2025 09:54,225.15,3074175,265875
13-05-2025 09:54,24830.3,579225,480075,13-05-2025 09:54,168.3,3316425,755250,13-05-2025 09:54,226.8,3084675,263100
13-05-2025 09:54,24824.6,571275,483600,13-05-2025 09:54,161,3311550,784500,13-05-2025 09:54,233.6,3100500,262500
13-05-2025 09:55,24819.9,566475,493425,13-05-2025 09:55,162.9,3293100,792900,13-05-2025 09:55,232.45,3102225,262200
13-05-2025 09:55,24805,580875,482175,13-05-2025 09:55,155.7,3301875,806475,13-05-2025 09:55,242.4,3108075,262650
13-05-2025 09:55,24819.5,583200,489225,13-05-2025 09:55,161.7,3292800,805800,13-05-2025 09:55,232.95,3107625,259950
13-05-2025 09:55,24832.5,577500,488400,13-05-2025 09:55,166.7,3319350,806550,13-05-2025 09:55,228.5,3100200,270600
13-05-2025 09:55,24831,582750,484950,13-05-2025 09:55,167,3321675,810525,13-05-2025 09:55,227.85,3097050,271725
13-05-2025 09:55,24834.9,581100,488250,13-05-2025 09:55,165.75,3348450,797775,13-05-2025 09:55,227.55,3104775,268650
13-05-2025 09:56,24834,583575,499275,13-05-2025 09:56,168.4,3348150,784575,13-05-2025 09:56,224.35,3115050,271350
13-05-2025 09:56,24840,578850,489900,13-05-2025 09:56,170.25,3366750,783000,13-05-2025 09:56,221.4,3110700,273150
13-05-2025 09:56,24834,587475,495450,13-05-2025 09:56,166.05,3365325,769500,13-05-2025 09:56,226.1,3121650,273450
13-05-2025 09:56,24828.9,591075,502500,13-05-2025 09:56,164.35,3343500,781350,13-05-2025 09:56,226.85,3123000,276525
13-05-2025 09:56,24820.7,579675,497400,13-05-2025 09:56,162.35,3321600,794475,13-05-2025 09:56,230,3131625,268425
13-05-2025 09:56,24828.9,589050,494025,13-05-2025 09:56,161.9,3324225,799125,13-05-2025 09:56,229.1,3132300,276300
13-05-2025 09:57,24825.7,588300,498300,13-05-2025 09:57,162.3,3331875,810300,13-05-2025 09:57,229.45,3137550,284100
13-05-2025 09:57,24807.4,585675,503400,13-05-2025 09:57,155.3,3314025,819450,13-05-2025 09:57,237.6,3142875,265875
13-05-2025 09:57,24810.2,594975,498525,13-05-2025 09:57,156.25,3313575,819750,13-05-2025 09:57,234.45,3154200,275550
13-05-2025 09:57,24816.9,583500,499575,13-05-2025 09:57,156,3318150,823425,13-05-2025 09:57,233.95,3155550,286500
13-05-2025 09:57,24809.7,590700,510975,13-05-2025 09:57,153.3,3318900,832275,13-05-2025 09:57,235.5,3166950,291525
13-05-2025 09:57,24810,583650,511200,13-05-2025 09:57,156.6,3337650,836925,13-05-2025 09:57,232.15,3182025,295050
13-05-2025 09:58,24808.3,582675,503100,13-05-2025 09:58,155.25,3348300,841125,13-05-2025 09:58,232.45,3183675,299625
13-05-2025 09:58,24823.7,586650,498900,13-05-2025 09:58,159.4,3361500,845775,13-05-2025 09:58,227.4,3186000,303825
13-05-2025 09:58,24825.6,585900,496800,13-05-2025 09:58,162.95,3370725,847350,13-05-2025 09:58,223.05,3174750,312000
13-05-2025 09:58,24830,591675,498075,13-05-2025 09:58,162.4,3376800,852450,13-05-2025 09:58,223,3150750,313350
13-05-2025 09:58,24823.5,587925,494100,13-05-2025 09:58,157.25,3394125,858300,13-05-2025 09:58,225.9,3145200,314625
13-05-2025 09:58,24809.7,578775,505050,13-05-2025 09:58,151.95,3369150,860925,13-05-2025 09:58,233,3147000,310950
13-05-2025 09:59,24806,575475,501450,13-05-2025 09:59,148.5,3313950,864750,13-05-2025 09:59,235.65,3151875,315450
13-05-2025 09:59,24803.8,577800,504225,13-05-2025 09:59,150.35,3309750,866175,13-05-2025 09:59,232.4,3163425,312450
13-05-2025 09:59,24800,569700,509400,13-05-2025 09:59,146.25,3312600,862050,13-05-2025 09:59,234.55,3162300,317100
13-05-2025 09:59,24803.6,578400,506625,13-05-2025 09:59,145.2,3298350,872175,13-05-2025 09:59,235.45,3162750,319125
13-05-2025 09:59,24803.5,576825,491925,13-05-2025 09:59,144.9,3294225,879750,13-05-2025 09:59,236,3156000,318300
13-05-2025 09:59,24793.5,576600,503175,13-05-2025 09:59,141.4,3288150,886050,13-05-2025 09:59,240.65,3142425,334875
13-05-2025 10:00,24792.4,581475,502725,13-05-2025 10:00,142.65,3281700,892200,13-05-2025 10:00,241.8,3148800,301200
13-05-2025 10:00,24796,575175,510750,13-05-2025 10:00,145.55,3308925,899925,13-05-2025 10:00,240,3148050,298725
13-05-2025 10:00,24801.3,584250,505800,13-05-2025 10:00,147.95,3331125,898950,13-05-2025 10:00,236.75,3153750,296850
13-05-2025 10:00,24801.3,581175,503325,13-05-2025 10:00,148.3,3343800,889950,13-05-2025 10:00,236.45,3158025,306825
13-05-2025 10:00,24804.9,581700,503100,13-05-2025 10:00,151.4,3352125,893625,13-05-2025 10:00,231.2,3156450,312825
13-05-2025 10:00,24811,584775,507600,13-05-2025 10:00,151.85,3350175,886875,13-05-2025 10:00,230.15,3142950,315600
13-05-2025 10:01,24800,584700,514650,13-05-2025 10:01,148.3,3345075,894300,13-05-2025 10:01,236.95,3147300,307725
13-05-2025 10:01,24800,584550,513300,13-05-2025 10:01,149.25,3347475,903975,13-05-2025 10:01,235.9,3155550,311025
13-05-2025 10:01,24797.2,582450,518250,13-05-2025 10:01,145.6,3352500,910425,13-05-2025 10:01,240.7,3155775,312300
13-05-2025 10:01,24787.9,582825,517875,13-05-2025 10:01,142.85,3353250,914550,13-05-2025 10:01,244.1,3160350,307050
13-05-2025 10:01,24772.8,579825,524625,13-05-2025 10:01,136.95,3334050,918600,13-05-2025 10:01,255.9,3161400,287325
13-05-2025 10:01,24778.1,568425,522075,13-05-2025 10:01,138.65,3247650,922425,13-05-2025 10:01,253.35,3151950,253875
13-05-2025 10:02,24775.3,576450,519450,13-05-2025 10:02,140.8,3272700,931050,13-05-2025 10:02,251.1,3147225,263250
13-05-2025 10:02,24782.7,579300,515475,13-05-2025 10:02,142.7,3288900,938550,13-05-2025 10:02,248.1,3144825,266925
13-05-2025 10:02,24787,575325,519525,13-05-2025 10:02,141.25,3295725,942675,13-05-2025 10:02,248.15,3144375,268950
13-05-2025 10:02,24792,584175,519675,13-05-2025 10:02,143.45,3312525,955425,13-05-2025 10:02,246.85,3145875,269400
13-05-2025 10:02,24787.2,583800,525450,13-05-2025 10:02,143.8,3318525,954525,13-05-2025 10:02,245.1,3144375,277725
13-05-2025 10:02,24788.7,586725,521325,13-05-2025 10:02,143.4,3318600,964725,13-05-2025 10:02,245.15,3156600,278850
13-05-2025 10:03,24790,585750,526200,13-05-2025 10:03,145.45,3320325,951750,13-05-2025 10:03,242.05,3154575,282000
13-05-2025 10:03,24783.9,582075,532875,13-05-2025 10:03,141.4,3323700,959325,13-05-2025 10:03,250.7,3151575,283500
13-05-2025 10:03,24790,584700,530850,13-05-2025 10:03,142.45,3310875,964950,13-05-2025 10:03,247.2,3158475,271575
13-05-2025 10:03,24790,588975,531300,13-05-2025 10:03,145.15,3324150,971400,13-05-2025 10:03,243.55,3164250,285450
13-05-2025 10:03,24790,589875,530925,13-05-2025 10:03,145.2,3326550,970575,13-05-2025 10:03,243.1,3163575,294450
13-05-2025 10:03,24788.5,590475,534000,13-05-2025 10:03,142.5,3327525,974850,13-05-2025 10:03,247.1,3164775,293775
13-05-2025 10:04,24781.4,587625,531375,13-05-2025 10:04,143.1,3325500,991875,13-05-2025 10:04,246.65,3159525,292725
13-05-2025 10:04,24779.9,592125,529575,13-05-2025 10:04,139.75,3331425,1001625,13-05-2025 10:04,250.7,3166200,292875
13-05-2025 10:04,24777,587100,534525,13-05-2025 10:04,140.35,3323475,1000500,13-05-2025 10:04,249.8,3168075,281400
13-05-2025 10:04,24772.7,572775,535425,13-05-2025 10:04,137.35,3295575,1019550,13-05-2025 10:04,260.55,3176100,276525
13-05-2025 10:04,24770,574725,528375,13-05-2025 10:04,139,3294000,1016550,13-05-2025 10:04,261.15,3175050,244350
13-05-2025 10:04,24771.8,579750,537000,13-05-2025 10:04,138.55,3310350,1020075,13-05-2025 10:04,261.85,3166200,245100
13-05-2025 10:05,24786.6,591225,529950,13-05-2025 10:05,143.9,3333375,1015425,13-05-2025 10:05,252.1,3159225,260475
13-05-2025 10:05,24798.1,596400,514800,13-05-2025 10:05,149.75,3337725,997950,13-05-2025 10:05,242.65,3154200,265875
13-05-2025 10:05,24800,586950,525150,13-05-2025 10:05,151.2,3332625,946950,13-05-2025 10:05,238.3,3150825,265950
13-05-2025 10:05,24797.4,593325,532050,13-05-2025 10:05,146.05,3331350,963075,13-05-2025 10:05,244.05,3138000,272475
13-05-2025 10:05,24791.5,597675,535875,13-05-2025 10:05,145.75,3331800,981375,13-05-2025 10:05,243.85,3145725,267300
13-05-2025 10:05,24787.3,601725,528900,13-05-2025 10:05,146.9,3349125,983250,13-05-2025 10:05,244.9,3152175,274200
13-05-2025 10:06,24790.2,586425,530775,13-05-2025 10:06,144.15,3352950,1009050,13-05-2025 10:06,248.35,3158025,278175
13-05-2025 10:06,24792.2,595050,526500,13-05-2025 10:06,148.45,3365400,1012275,13-05-2025 10:06,244,3157425,290100
13-05-2025 10:06,24799.1,599625,527850,13-05-2025 10:06,151.05,3377775,994650,13-05-2025 10:06,237.2,3132000,296850
13-05-2025 10:06,24799.1,596475,536325,13-05-2025 10:06,149.35,3393525,998625,13-05-2025 10:06,239.4,3131475,298125
13-05-2025 10:06,24803,602250,537150,13-05-2025 10:06,151.55,3387075,1012050,13-05-2025 10:06,238.3,3138000,304950
13-05-2025 10:06,24810,606975,533475,13-05-2025 10:06,154.05,3390675,972675,13-05-2025 10:06,234.8,3127350,316200
13-05-2025 10:07,24816.5,604725,525750,13-05-2025 10:07,158.85,3398250,959850,13-05-2025 10:07,231.5,3126225,310275
13-05-2025 10:07,24820.7,606600,522450,13-05-2025 10:07,164.8,3394575,896100,13-05-2025 10:07,226.3,3135675,311925
13-05-2025 10:07,24817.3,606150,530700,13-05-2025 10:07,162.15,3392100,885825,13-05-2025 10:07,231.55,3123825,310200
13-05-2025 10:07,24809.6,611175,530775,13-05-2025 10:07,160.7,3380175,917700,13-05-2025 10:07,233.65,3143400,303750
13-05-2025 10:07,24816,603525,527925,13-05-2025 10:07,162.4,3377475,921750,13-05-2025 10:07,230.55,3143550,309300
13-05-2025 10:07,24814,605400,527025,13-05-2025 10:07,162.05,3377550,943050,13-05-2025 10:07,229.4,3142875,312900
13-05-2025 10:08,24819.9,605775,524175,13-05-2025 10:08,165.7,3387375,927825,13-05-2025 10:08,227,3138600,317100
13-05-2025 10:08,24829.9,590325,525825,13-05-2025 10:08,171.45,3393900,897900,13-05-2025 10:08,222,3136050,313500
13-05-2025 10:08,24839.6,589575,516075,13-05-2025 10:08,169.15,3390975,816600,13-05-2025 10:08,221.95,3122475,315375
13-05-2025 10:08,24834.8,599475,521925,13-05-2025 10:08,172.8,3377850,822300,13-05-2025 10:08,218.85,3124275,321450
13-05-2025 10:08,24835.1,587700,515775,13-05-2025 10:08,169.45,3375900,832425,13-05-2025 10:08,221.9,3121425,323025
13-05-2025 10:08,24831.1,599100,521700,13-05-2025 10:08,172,3372300,849075,13-05-2025 10:08,222.5,3128325,319350
13-05-2025 10:09,24832,593550,518925,13-05-2025 10:09,171.9,3377025,846675,13-05-2025 10:09,223.15,3133800,323925
13-05-2025 10:09,24824,596925,538350,13-05-2025 10:09,165.7,3387825,789750,13-05-2025 10:09,229.65,3129900,322350
13-05-2025 10:09,24830.5,591900,547575,13-05-2025 10:09,165.25,3348000,804825,13-05-2025 10:09,226.35,3129375,313725
13-05-2025 10:09,24825.5,592125,544350,13-05-2025 10:09,167.3,3357375,813225,13-05-2025 10:09,227.8,3145425,318450
13-05-2025 10:09,24838,601950,537375,13-05-2025 10:09,174,3368625,808050,13-05-2025 10:09,221.25,3141300,326025
13-05-2025 10:09,24858.8,593925,535575,13-05-2025 10:09,190.3,3378825,797700,13-05-2025 10:09,211.2,3138225,319950
13-05-2025 10:10,24866,593625,475275,13-05-2025 10:10,194.7,3389175,590325,13-05-2025 10:10,211.3,3088575,322050
13-05-2025 10:10,24853.7,587925,492075,13-05-2025 10:10,187.65,3370125,604425,13-05-2025 10:10,219.15,3107175,322950
13-05-2025 10:10,24848,593775,492600,13-05-2025 10:10,186.75,3353100,666675,13-05-2025 10:10,220.9,3111300,319350
13-05-2025 10:10,24849.9,592800,497250,13-05-2025 10:10,185.95,3355350,703350,13-05-2025 10:10,221.1,3112800,323250
13-05-2025 10:10,24853,590100,501375,13-05-2025 10:10,186.2,3344550,728625,13-05-2025 10:10,218.7,3118650,336750
13-05-2025 10:10,24837.8,587025,506175,13-05-2025 10:10,178.2,3333600,740400,13-05-2025 10:10,222.65,3128850,333525
13-05-2025 10:11,24833.8,586350,501750,13-05-2025 10:11,176.75,3329250,774975,13-05-2025 10:11,223.95,3142950,335700
13-05-2025 10:11,24844.1,599475,500850,13-05-2025 10:11,181.35,3328350,771525,13-05-2025 10:11,218.55,3144450,348450
13-05-2025 10:11,24845.6,589125,499575,13-05-2025 10:11,180.15,3341775,769875,13-05-2025 10:11,222.25,3141900,352125
13-05-2025 10:11,24835,592200,510600,13-05-2025 10:11,176,3339600,778800,13-05-2025 10:11,224.3,3153900,351300
13-05-2025 10:11,24828.5,586500,514650,13-05-2025 10:11,171.75,3326550,794175,13-05-2025 10:11,227.3,3158025,350925
13-05-2025 10:11,24831.2,588750,513450,13-05-2025 10:11,169.45,3331350,813825,13-05-2025 10:11,227.05,3163950,359775
13-05-2025 10:12,24828,594000,516375,13-05-2025 10:12,171.3,3339900,820050,13-05-2025 10:12,223.7,3153225,367650
13-05-2025 10:12,24835.6,600375,509325,13-05-2025 10:12,175.9,3358125,819750,13-05-2025 10:12,220.1,3148275,372375
13-05-2025 10:12,24839,586425,517650,13-05-2025 10:12,177.2,3368850,811050,13-05-2025 10:12,218.8,3135225,372750
13-05-2025 10:12,24852.3,597600,510975,13-05-2025 10:12,182.8,3380700,796500,13-05-2025 10:12,215.85,3125775,379050
13-05-2025 10:12,24854.2,596700,507675,13-05-2025 10:12,187.25,3383700,781275,13-05-2025 10:12,210.1,3124650,378075
13-05-2025 10:12,24860,598950,503175,13-05-2025 10:12,188.35,3406800,772950,13-05-2025 10:12,210.35,3106350,378300
13-05-2025 10:13,24864.8,593175,509850,13-05-2025 10:13,187.8,3388200,781125,13-05-2025 10:13,207.65,3111075,381375
13-05-2025 10:13,24854.7,591600,513300,13-05-2025 10:13,184.45,3377475,794325,13-05-2025 10:13,209.25,3118800,384825
13-05-2025 10:13,24861,591525,512850,13-05-2025 10:13,184.65,3371850,803625,13-05-2025 10:13,208.45,3123975,396375
13-05-2025 10:13,24860.2,589950,511650,13-05-2025 10:13,186.4,3383850,811275,13-05-2025 10:13,210.95,3142200,391800
13-05-2025 10:13,24860,586950,510075,13-05-2025 10:13,186.3,3382725,818175,13-05-2025 10:13,209.35,3150000,407775
13-05-2025 10:13,24850,586500,519075,13-05-2025 10:13,179.8,3381225,830100,13-05-2025 10:13,216.35,3163800,383400
13-05-2025 10:14,24849.4,590100,517950,13-05-2025 10:14,180.75,3354075,841425,13-05-2025 10:14,214.45,3171450,382950
13-05-2025 10:14,24863,593925,513525,13-05-2025 10:14,188.75,3370200,841425,13-05-2025 10:14,207.45,3179025,388200
13-05-2025 10:14,24874,590475,509625,13-05-2025 10:14,192,3379875,822825,13-05-2025 10:14,204.8,3153450,391650
13-05-2025 10:14,24866.8,577650,504450,13-05-2025 10:14,187.55,3375975,781950,13-05-2025 10:14,207.85,3142125,395175
13-05-2025 10:14,24860,583275,512025,13-05-2025 10:14,184.8,3366225,797550,13-05-2025 10:14,209.95,3158250,399225
13-05-2025 10:14,24855,595050,507675,13-05-2025 10:14,184.25,3377925,816075,13-05-2025 10:14,211.6,3169350,395175
13-05-2025 10:15,24858,592050,516000,13-05-2025 10:15,186.8,3388050,819450,13-05-2025 10:15,208.7,3182025,407625
13-05-2025 10:15,24846.9,583725,513375,13-05-2025 10:15,177.85,3373050,828975,13-05-2025 10:15,216.25,3183525,404475
13-05-2025 10:15,24855,596475,511650,13-05-2025 10:15,182.35,3360450,835275,13-05-2025 10:15,211.1,3182100,408975
13-05-2025 10:15,24850.2,591225,514275,13-05-2025 10:15,177.75,3366225,843000,13-05-2025 10:15,213,3190575,401100
13-05-2025 10:15,24850,596025,515700,13-05-2025 10:15,178.1,3349350,846375,13-05-2025 10:15,213.15,3196725,395100
13-05-2025 10:15,24851.7,597150,517050,13-05-2025 10:15,182,3354675,846150,13-05-2025 10:15,207.9,3197625,417300
13-05-2025 10:16,24860.7,594000,510075,13-05-2025 10:16,186.85,3369525,838650,13-05-2025 10:16,205,3166800,423375
13-05-2025 10:16,24865,595875,507225,13-05-2025 10:16,188.4,3388200,831525,13-05-2025 10:16,204.8,3162900,425475
13-05-2025 10:16,24869.1,597075,503775,13-05-2025 10:16,190.5,3397875,809850,13-05-2025 10:16,201.35,3149250,429450
13-05-2025 10:16,24868.5,597675,505950,13-05-2025 10:16,186.3,3398400,737550,13-05-2025 10:16,205.25,3125700,426975
13-05-2025 10:16,24870,594975,503100,13-05-2025 10:16,187.65,3377625,752700,13-05-2025 10:16,203.95,3143550,419175
13-05-2025 10:16,24865.7,593700,500925,13-05-2025 10:16,189.25,3391350,762675,13-05-2025 10:16,206,3150975,426900
13-05-2025 10:17,24860.2,590550,525150,13-05-2025 10:17,186.75,3400425,777000,13-05-2025 10:17,208.2,3162450,431700
13-05-2025 10:17,24860,594300,526500,13-05-2025 10:17,186.8,3416700,792900,13-05-2025 10:17,208.4,3164700,436350
13-05-2025 10:17,24848,592725,532275,13-05-2025 10:17,179.65,3414150,808800,13-05-2025 10:17,214.1,3163950,433575
13-05-2025 10:17,24848.1,590175,528300,13-05-2025 10:17,178.9,3369975,815400,13-05-2025 10:17,215.45,3166800,390300
13-05-2025 10:17,24855.3,595575,528000,13-05-2025 10:17,180.9,3379800,824775,13-05-2025 10:17,213.2,3173400,399525
13-05-2025 10:17,24858,598500,523500,13-05-2025 10:17,183.55,3394575,825825,13-05-2025 10:17,211.7,3171000,402450
13-05-2025 10:18,24850.2,588600,533250,13-05-2025 10:18,179,3394650,830700,13-05-2025 10:18,216.5,3176250,403350
13-05-2025 10:18,24850,594300,527325,13-05-2025 10:18,181.85,3395175,829800,13-05-2025 10:18,215,3170775,397875
13-05-2025 10:18,24850,592650,528675,13-05-2025 10:18,180.25,3398850,838425,13-05-2025 10:18,216.55,3185100,398700
13-05-2025 10:18,24858,597075,530550,13-05-2025 10:18,185.5,3404400,841800,13-05-2025 10:18,212.35,3177150,401925
13-05-2025 10:18,24854,593175,524925,13-05-2025 10:18,184.75,3407700,837600,13-05-2025 10:18,213.75,3176250,408900
13-05-2025 10:18,24838.9,591075,532875,13-05-2025 10:18,173.35,3402975,851625,13-05-2025 10:18,222.4,3183300,404325
13-05-2025 10:19,24835.3,594675,531900,13-05-2025 10:19,173.2,3340500,864975,13-05-2025 10:19,223.25,3181350,370800
13-05-2025 10:19,24843.9,597225,531900,13-05-2025 10:19,178.55,3346050,871875,13-05-2025 10:19,216.9,3191025,373200
13-05-2025 10:19,24835.1,594150,527250,13-05-2025 10:19,175,3368925,878775,13-05-2025 10:19,220.85,3192975,384750
13-05-2025 10:19,24841.9,599925,513225,13-05-2025 10:19,174.8,3371775,885075,13-05-2025 10:19,220.15,3195300,400725
13-05-2025 10:19,24830,595800,518175,13-05-2025 10:19,169,3369300,875175,13-05-2025 10:19,226.6,3199500,396675
13-05-2025 10:19,24826,588600,514650,13-05-2025 10:19,169.5,3334575,871950,13-05-2025 10:19,226.85,3203250,378225
13-05-2025 10:20,24831.1,598125,506775,13-05-2025 10:20,171.95,3349350,869775,13-05-2025 10:20,222.55,3202575,377400
13-05-2025 10:20,24840,597525,512700,13-05-2025 10:20,175.95,3367050,864900,13-05-2025 10:20,219.65,3189825,378600
13-05-2025 10:20,24840,596700,520725,13-05-2025 10:20,173.05,3371850,867300,13-05-2025 10:20,222.65,3184425,380325
13-05-2025 10:20,24840.4,602100,509100,13-05-2025 10:20,176.5,3367125,869550,13-05-2025 10:20,218.9,3182775,397350
13-05-2025 10:20,24840.5,602250,514725,13-05-2025 10:20,177.8,3380775,867525,13-05-2025 10:20,217.9,3169575,395250
13-05-2025 10:20,24838.4,593925,518775,13-05-2025 10:20,173.85,3386850,891525,13-05-2025 10:20,221.4,3175950,392475
13-05-2025 10:21,24840.9,601350,517350,13-05-2025 10:21,175,3389625,897825,13-05-2025 10:21,219.5,3184500,398250
13-05-2025 10:21,24828.9,595500,519975,13-05-2025 10:21,171,3382200,911625,13-05-2025 10:21,225.15,3185025,391725
13-05-2025 10:21,24836.7,602700,518025,13-05-2025 10:21,171.8,3353250,912825,13-05-2025 10:21,224.5,3187200,389175
13-05-2025 10:21,24830.2,605175,515475,13-05-2025 10:21,171.05,3362400,922800,13-05-2025 10:21,224.55,3188475,387150
13-05-2025 10:21,24836.3,606150,518250,13-05-2025 10:21,170.35,3370725,933150,13-05-2025 10:21,223.6,3186525,396750
13-05-2025 10:21,24821.1,592425,520650,13-05-2025 10:21,166.5,3370500,935175,13-05-2025 10:21,228.85,3190275,388950
13-05-2025 10:22,24831.9,607125,516600,13-05-2025 10:22,171.4,3347100,934425,13-05-2025 10:22,224.2,3185625,352200
13-05-2025 10:22,24831.9,607800,515250,13-05-2025 10:22,169.7,3352125,942900,13-05-2025 10:22,224.8,3188400,355350
13-05-2025 10:22,24830,608700,519225,13-05-2025 10:22,170.6,3357150,942375,13-05-2025 10:22,223,3198375,360750
13-05-2025 10:22,24822.5,597225,522450,13-05-2025 10:22,165.9,3357075,953775,13-05-2025 10:22,227.85,3186975,361125
13-05-2025 10:22,24819.8,592725,518925,13-05-2025 10:22,164,3354525,957075,13-05-2025 10:22,232.1,3190050,354900
13-05-2025 10:22,24824.9,603825,519825,13-05-2025 10:22,167.75,3346125,960075,13-05-2025 10:22,228,3191400,350775
13-05-2025 10:23,24830,593625,516750,13-05-2025 10:23,169.65,3352650,959175,13-05-2025 10:23,225.9,3179325,357900
13-05-2025 10:23,24837,595500,519075,13-05-2025 10:23,173.9,3369750,931875,13-05-2025 10:23,221.8,3177825,361575
13-05-2025 10:23,24834,591150,532800,13-05-2025 10:23,172.5,3373800,914400,13-05-2025 10:23,222.45,3169725,361650
13-05-2025 10:23,24834.7,597900,537525,13-05-2025 10:23,175.4,3382725,922425,13-05-2025 10:23,222.3,3186225,363300
13-05-2025 10:23,24848.8,597000,538350,13-05-2025 10:23,180.25,3398550,915225,13-05-2025 10:23,218.5,3177300,378075
13-05-2025 10:23,24843.8,597750,540525,13-05-2025 10:23,178.5,3399150,873525,13-05-2025 10:23,221.75,3174150,375225
13-05-2025 10:24,24848.9,590850,516750,13-05-2025 10:24,182,3392700,878700,13-05-2025 10:24,219.15,3172200,380775
13-05-2025 10:24,24834.6,586650,528150,13-05-2025 10:24,176.4,3393300,871275,13-05-2025 10:24,224.4,3176625,378150
13-05-2025 10:24,24830.1,593175,532500,13-05-2025 10:24,174.05,3376425,892575,13-05-2025 10:24,228,3184500,363750
13-05-2025 10:24,24824,594900,533625,13-05-2025 10:24,170.6,3370875,907050,13-05-2025 10:24,229.5,3190800,358650
13-05-2025 10:24,24824.6,593250,528075,13-05-2025 10:24,167.4,3358800,910050,13-05-2025 10:24,232,3189975,353175
13-05-2025 10:24,24822,596325,527250,13-05-2025 10:24,169.8,3369150,912225,13-05-2025 10:24,228.35,3193050,350775
13-05-2025 10:25,24828.4,601350,530100,13-05-2025 10:25,169.65,3389400,917700,13-05-2025 10:25,229.2,3180525,344475
13-05-2025 10:25,24827.4,598650,528075,13-05-2025 10:25,171.55,3395775,928500,13-05-2025 10:25,227.45,3189975,347025
13-05-2025 10:25,24830.8,598275,530250,13-05-2025 10:25,170.9,3405525,919875,13-05-2025 10:25,227.3,3191250,349575
13-05-2025 10:25,24831.8,591825,519450,13-05-2025 10:25,172.15,3406200,935025,13-05-2025 10:25,226,3195825,350100
13-05-2025 10:25,24835,593325,534525,13-05-2025 10:25,169.7,3409425,937350,13-05-2025 10:25,228.5,3194550,349875
13-05-2025 10:25,24815,593400,540525,13-05-2025 10:25,164.45,3403500,944175,13-05-2025 10:25,233.85,3195375,348000
13-05-2025 10:26,24810,589500,527700,13-05-2025 10:26,161.6,3363825,944250,13-05-2025 10:26,237.4,3196425,328500
13-05-2025 10:26,24810,580425,529800,13-05-2025 10:26,162.05,3350925,952275,13-05-2025 10:26,236.15,3197250,326400
13-05-2025 10:26,24800,582525,532950,13-05-2025 10:26,155.45,3330150,967725,13-05-2025 10:26,244.5,3197550,324825
13-05-2025 10:26,24800.1,579975,534675,13-05-2025 10:26,156.15,3334275,970425,13-05-2025 10:26,244.15,3196350,312375
13-05-2025 10:26,24799.6,586950,529275,13-05-2025 10:26,157.3,3330750,975450,13-05-2025 10:26,243,3196800,305325
13-05-2025 10:26,24798.4,592125,527475,13-05-2025 10:26,157.1,3342000,979200,13-05-2025 10:26,243.55,3201300,308025
13-05-2025 10:27,24792.1,592800,531750,13-05-2025 10:27,154.35,3332475,980850,13-05-2025 10:27,249.65,3194700,296100
13-05-2025 10:27,24790.4,581100,521775,13-05-2025 10:27,153.4,3336750,990000,13-05-2025 10:27,251.5,3195600,283050
13-05-2025 10:27,24795.1,580425,530850,13-05-2025 10:27,155.2,3310500,990975,13-05-2025 10:27,248.45,3190425,273225
13-05-2025 10:27,24797.3,578625,532050,13-05-2025 10:27,155.4,3337725,991425,13-05-2025 10:27,248.6,3186525,285900
13-05-2025 10:27,24790,577875,532650,13-05-2025 10:27,152.4,3336225,1002225,13-05-2025 10:27,252.25,3184200,281775
13-05-2025 10:27,24785,579375,532500,13-05-2025 10:27,149.8,3335175,1004250,13-05-2025 10:27,255.2,3192525,286725
13-05-2025 10:28,24774.1,572550,532275,13-05-2025 10:28,146.85,3311850,1005675,13-05-2025 10:28,261.55,3193125,273750
13-05-2025 10:28,24774,545250,533850,13-05-2025 10:28,147.85,3301950,1006050,13-05-2025 10:28,264.05,3188475,248925
13-05-2025 10:28,24770,555750,535425,13-05-2025 10:28,145.25,3315075,1011075,13-05-2025 10:28,267.85,3182475,241425
13-05-2025 10:28,24768,544125,537900,13-05-2025 10:28,146.5,3311250,1018050,13-05-2025 10:28,264.8,3179100,235050
13-05-2025 10:28,24777.5,554325,536550,13-05-2025 10:28,148.7,3344400,1015950,13-05-2025 10:28,263.15,3166050,244125
13-05-2025 10:28,24773.3,550200,539625,13-05-2025 10:28,148.35,3369000,1029975,13-05-2025 10:28,265.3,3159450,243750
13-05-2025 10:29,24750.3,521475,542925,13-05-2025 10:29,144.3,3358875,1039950,13-05-2025 10:29,278.55,3167625,231075
13-05-2025 10:29,24752.1,496875,533550,13-05-2025 10:29,143.1,3337275,1049025,13-05-2025 10:29,283.45,3162750,196275
13-05-2025 10:29,24750,492975,533475,13-05-2025 10:29,141.45,3340950,1052250,13-05-2025 10:29,285.8,3160875,192225
13-05-2025 10:29,24755.2,466200,534600,13-05-2025 10:29,145.45,3335400,1052175,13-05-2025 10:29,280.05,3162225,197175
13-05-2025 10:29,24753.6,469800,534975,13-05-2025 10:29,142.4,3360825,1052400,13-05-2025 10:29,281.75,3152775,199500
13-05-2025 10:29,24740.1,463500,546675,13-05-2025 10:29,136.95,3349275,1061850,13-05-2025 10:29,293.9,3162525,193425
13-05-2025 10:30,24731.8,446250,542475,13-05-2025 10:30,138,3246675,1057275,13-05-2025 10:30,295.15,3156600,176550
13-05-2025 10:30,24745.2,454875,535050,13-05-2025 10:30,139.25,3269550,1063800,13-05-2025 10:30,285,3149625,187275
13-05-2025 10:30,24748.9,453000,524025,13-05-2025 10:30,138.85,3267225,1073775,13-05-2025 10:30,286.2,3140625,195450
13-05-2025 10:30,24748.3,451200,542775,13-05-2025 10:30,138.6,3279750,1088100,13-05-2025 10:30,286.8,3137400,184425
13-05-2025 10:30,24743.3,461550,541125,13-05-2025 10:30,139.9,3294525,1064550,13-05-2025 10:30,286.4,3137475,182475
13-05-2025 10:30,24751,470850,544125,13-05-2025 10:30,141.65,3317925,1065525,13-05-2025 10:30,283.35,3132075,191775
13-05-2025 10:31,24739,454125,545475,13-05-2025 10:31,137.1,3302325,1085700,13-05-2025 10:31,295,3134325,182625
13-05-2025 10:31,24721.2,453375,549075,13-05-2025 10:31,131.4,3285900,1096350,13-05-2025 10:31,308.2,3148050,179400
13-05-2025 10:31,24715,411375,550050,13-05-2025 10:31,130.45,3141750,1101450,13-05-2025 10:31,308.4,3150300,135075
13-05-2025 10:31,24718.1,413925,546750,13-05-2025 10:31,130.15,3145200,1104075,13-05-2025 10:31,311.85,3154725,135300
13-05-2025 10:31,24721.7,422400,546675,13-05-2025 10:31,133.2,3171375,1104750,13-05-2025 10:31,304.7,3157500,136425
13-05-2025 10:31,24725,413625,551175,13-05-2025 10:31,133.9,3198000,1095900,13-05-2025 10:31,301.35,3149400,149100
13-05-2025 10:32,24726.7,437250,552450,13-05-2025 10:32,133.8,3203175,1098525,13-05-2025 10:32,300.6,3126075,153450
13-05-2025 10:32,24737.7,447300,546675,13-05-2025 10:32,136.7,3236475,1096500,13-05-2025 10:32,294.35,3109950,161100
13-05-2025 10:32,24736.5,455775,550800,13-05-2025 10:32,137.55,3237150,1102800,13-05-2025 10:32,292.8,3109500,170100
13-05-2025 10:32,24726.4,453600,550050,13-05-2025 10:32,133.65,3233325,1116075,13-05-2025 10:32,300.25,3122025,165000
13-05-2025 10:32,24742,462000,549300,13-05-2025 10:32,138.35,3234300,1126050,13-05-2025 10:32,290.85,3116175,162825
13-05-2025 10:32,24741.6,461775,551925,13-05-2025 10:32,139.45,3244125,1127400,13-05-2025 10:32,286.8,3113625,163650
13-05-2025 10:33,24751.9,469950,541800,13-05-2025 10:33,141,3248325,1112250,13-05-2025 10:33,279.9,3111300,167250
13-05-2025 10:33,24758.6,477000,545850,13-05-2025 10:33,142.2,3254850,1112100,13-05-2025 10:33,281.55,3098025,165000
13-05-2025 10:33,24760,481650,547125,13-05-2025 10:33,144.1,3258600,1121850,13-05-2025 10:33,276.6,3110325,167775
13-05-2025 10:33,24758.6,480675,549900,13-05-2025 10:33,145.5,3274725,1117500,13-05-2025 10:33,276.3,3104775,165450
13-05-2025 10:33,24759.5,486075,559650,13-05-2025 10:33,142.3,3282525,1120800,13-05-2025 10:33,279.15,3104775,169050
13-05-2025 10:33,24752.9,486000,554400,13-05-2025 10:33,141.8,3277275,1138425,13-05-2025 10:33,281.6,3110175,166125
13-05-2025 10:34,24745.5,480675,571200,13-05-2025 10:34,141.35,3269100,1155450,13-05-2025 10:34,283.6,3119100,160350
13-05-2025 10:34,24737.9,471075,575175,13-05-2025 10:34,138.35,3240825,1160625,13-05-2025 10:34,288.15,3117975,151275
13-05-2025 10:34,24740.8,477000,572550,13-05-2025 10:34,139.2,3249300,1165275,13-05-2025 10:34,289.1,3119175,154725
13-05-2025 10:34,24745.5,482250,570975,13-05-2025 10:34,138.7,3264075,1165575,13-05-2025 10:34,288.9,3118875,160500
13-05-2025 10:34,24747.3,469125,577050,13-05-2025 10:34,140.6,3276150,1165875,13-05-2025 10:34,287.75,3120225,167625
13-05-2025 10:34,24743.5,480000,577200,13-05-2025 10:34,137.4,3282600,1175400,13-05-2025 10:34,293.3,3119400,172725
13-05-2025 10:35,24737.6,486450,571425,13-05-2025 10:35,139,3277725,1185300,13-05-2025 10:35,291.85,3117450,176400
13-05-2025 10:35,24736.9,484050,576675,13-05-2025 10:35,138,3283575,1190700,13-05-2025 10:35,294.8,3120750,177975
13-05-2025 10:35,24744.3,489825,569925,13-05-2025 10:35,142.25,3290250,1184625,13-05-2025 10:35,287.4,3121500,180900
13-05-2025 10:35,24755.9,493275,575400,13-05-2025 10:35,146.15,3304125,1171575,13-05-2025 10:35,278.9,3113175,187800
13-05-2025 10:35,24752,493800,575100,13-05-2025 10:35,145.05,3308925,1152600,13-05-2025 10:35,280.85,3108450,183525
13-05-2025 10:35,24751.7,492975,578100,13-05-2025 10:35,143.55,3312600,1163400,13-05-2025 10:35,281.9,3107925,183975
13-05-2025 10:36,24745.8,491025,579900,13-05-2025 10:36,138.9,3305100,1181325,13-05-2025 10:36,292.15,3112050,181275
13-05-2025 10:36,24744,494100,573450,13-05-2025 10:36,141,3308250,1185075,13-05-2025 10:36,287.15,3112725,177300
13-05-2025 10:36,24748,497550,573300,13-05-2025 10:36,144.45,3331275,1185225,13-05-2025 10:36,282.05,3115575,184650
13-05-2025 10:36,24751,492675,573900,13-05-2025 10:36,145.35,3337425,1178850,13-05-2025 10:36,282,3111975,187650
13-05-2025 10:36,24750.2,495600,580500,13-05-2025 10:36,143.7,3345000,1173300,13-05-2025 10:36,283.05,3114075,186825
13-05-2025 10:36,24740.3,491100,582000,13-05-2025 10:36,140.8,3343350,1189875,13-05-2025 10:36,289.8,3117075,183750
13-05-2025 10:37,24742.9,493575,576600,13-05-2025 10:37,140.9,3328950,1194300,13-05-2025 10:37,289.05,3116850,184575
13-05-2025 10:37,24744.2,494475,579075,13-05-2025 10:37,140.9,3338850,1205700,13-05-2025 10:37,291.6,3125250,183675
13-05-2025 10:37,24744.4,499650,579150,13-05-2025 10:37,141.7,3349575,1214250,13-05-2025 10:37,287,3118350,190350
13-05-2025 10:37,24745,498975,580725,13-05-2025 10:37,140.2,3363075,1211775,13-05-2025 10:37,290.4,3118275,191925
13-05-2025 10:37,24738.4,496650,589275,13-05-2025 10:37,140.7,3356400,1218525,13-05-2025 10:37,290.35,3121050,186375
13-05-2025 10:37,24745.5,499575,585075,13-05-2025 10:37,142.8,3364425,1218825,13-05-2025 10:37,288.15,3122250,184425
13-05-2025 10:38,24744.1,502200,582225,13-05-2025 10:38,142.6,3371850,1219500,13-05-2025 10:38,288,3117975,190575
13-05-2025 10:38,24746.6,502800,587925,13-05-2025 10:38,142.65,3375375,1229100,13-05-2025 10:38,288.65,3119850,183975
13-05-2025 10:38,24741.9,499275,590550,13-05-2025 10:38,141.6,3376800,1237950,13-05-2025 10:38,289.4,3119175,180900
13-05-2025 10:38,24745,499875,585075,13-05-2025 10:38,142.3,3379350,1226250,13-05-2025 10:38,287.55,3119400,183750
13-05-2025 10:38,24742,503400,584925,13-05-2025 10:38,141.95,3378900,1235325,13-05-2025 10:38,288.5,3120525,180450
13-05-2025 10:38,24731.4,496350,591600,13-05-2025 10:38,139.25,3354150,1242450,13-05-2025 10:38,296.3,3123300,175125
13-05-2025 10:39,24729.2,498150,587475,13-05-2025 10:39,140.25,3338400,1244700,13-05-2025 10:39,297.35,3129600,163950
13-05-2025 10:39,24747,500250,587100,13-05-2025 10:39,144.15,3352125,1243650,13-05-2025 10:39,287.85,3125400,163425
13-05-2025 10:39,24740,499500,591450,13-05-2025 10:39,143.65,3355125,1207575,13-05-2025 10:39,289.35,3117450,164775
13-05-2025 10:39,24749.8,497550,586650,13-05-2025 10:39,146.25,3356475,1206300,13-05-2025 10:39,285.35,3117450,172650
13-05-2025 10:39,24770,497550,589950,13-05-2025 10:39,153.2,3357600,1156650,13-05-2025 10:39,269.4,3105375,178500
13-05-2025 10:39,24770,497100,588675,13-05-2025 10:39,152.8,3356100,1110525,13-05-2025 10:39,272.6,3082500,181275
13-05-2025 10:40,24770,494700,576900,13-05-2025 10:40,152.55,3353175,1132650,13-05-2025 10:40,271.65,3091650,183450
13-05-2025 10:40,24772.3,496875,580950,13-05-2025 10:40,153.65,3357525,1153200,13-05-2025 10:40,270.05,3098025,184650
13-05-2025 10:40,24785.1,505725,584325,13-05-2025 10:40,157.85,3368250,1152975,13-05-2025 10:40,260.7,3101025,183900
13-05-2025 10:40,24779.6,495450,587400,13-05-2025 10:40,154.1,3360975,1070925,13-05-2025 10:40,268,3077925,185025
13-05-2025 10:40,24771,504075,582225,13-05-2025 10:40,154.95,3359100,1092900,13-05-2025 10:40,268.7,3083400,182250
13-05-2025 10:40,24777.2,505950,579975,13-05-2025 10:40,157.2,3359100,1096500,13-05-2025 10:40,264,3085950,189375
13-05-2025 10:41,24777.3,506175,578400,13-05-2025 10:41,157.5,3363750,1086675,13-05-2025 10:41,263.8,3085725,193800
13-05-2025 10:41,24778.8,504525,575250,13-05-2025 10:41,155.85,3357150,1092975,13-05-2025 10:41,263.6,3089025,191775
13-05-2025 10:41,24779.6,504900,581025,13-05-2025 10:41,155.85,3350625,1118550,13-05-2025 10:41,264.9,3095400,190875
13-05-2025 10:41,24757,499575,591150,13-05-2025 10:41,148.45,3346875,1129725,13-05-2025 10:41,277,3093150,190725
13-05-2025 10:41,24768.9,509625,582300,13-05-2025 10:41,153.45,3324525,1139550,13-05-2025 10:41,268.75,3091650,182700
13-05-2025 10:41,24774.5,504225,588975,13-05-2025 10:41,154.55,3336150,1133325,13-05-2025 10:41,268.9,3091050,189450
13-05-2025 10:42,24765.1,505425,582900,13-05-2025 10:42,151.3,3340350,1137750,13-05-2025 10:42,273.7,3095400,195675
13-05-2025 10:42,24764.7,507300,583950,13-05-2025 10:42,152.65,3337125,1146150,13-05-2025 10:42,270.25,3091650,193125
13-05-2025 10:42,24770.9,506775,589950,13-05-2025 10:42,154.05,3343125,1148700,13-05-2025 10:42,269.3,3096975,195075
13-05-2025 10:42,24765,504750,589425,13-05-2025 10:42,153.7,3343800,1152900,13-05-2025 10:42,269.9,3095475,196200
13-05-2025 10:42,24780.1,507825,580050,13-05-2025 10:42,157.9,3349275,1153200,13-05-2025 10:42,260,3094725,196050
13-05-2025 10:42,24780,505125,584925,13-05-2025 10:42,157.75,3354000,1145625,13-05-2025 10:42,261.15,3096600,193725
13-05-2025 10:43,24777.9,509100,589950,13-05-2025 10:43,155.45,3353775,1136550,13-05-2025 10:43,266.25,3101100,195225
13-05-2025 10:43,24779.8,508950,584550,13-05-2025 10:43,156.9,3350175,1113825,13-05-2025 10:43,264.2,3111675,194550
13-05-2025 10:43,24774,505650,591825,13-05-2025 10:43,155.65,3349500,1131225,13-05-2025 10:43,266.8,3114525,192750
13-05-2025 10:43,24768.3,506625,590925,13-05-2025 10:43,153.35,3351150,1137225,13-05-2025 10:43,268.35,3114150,192675
13-05-2025 10:43,24764,504375,587700,13-05-2025 10:43,149.6,3341925,1140375,13-05-2025 10:43,275.45,3113625,186975
13-05-2025 10:43,24759.4,506175,589350,13-05-2025 10:43,149.95,3322050,1144500,13-05-2025 10:43,273.55,3107325,192525
13-05-2025 10:44,24759.4,509400,590325,13-05-2025 10:44,149.2,3321150,1145625,13-05-2025 10:44,272.25,3109050,186825
13-05-2025 10:44,24750.2,505650,590025,13-05-2025 10:44,146,3331800,1150125,13-05-2025 10:44,277.8,3112425,189825
13-05-2025 10:44,24754.5,506325,599925,13-05-2025 10:44,145.35,3328875,1151100,13-05-2025 10:44,276.8,3109800,189150
13-05-2025 10:44,24756.9,509100,594900,13-05-2025 10:44,146.35,3325575,1159125,13-05-2025 10:44,274.15,3111600,189975
13-05-2025 10:44,24768.4,511500,591750,13-05-2025 10:44,151.35,3339825,1143675,13-05-2025 10:44,268.75,3105075,193500
13-05-2025 10:44,24777.7,507675,586875,13-05-2025 10:44,155.65,3340800,1135275,13-05-2025 10:44,260.25,3093375,196125
13-05-2025 10:45,24770.6,503100,591825,13-05-2025 10:45,153.35,3337200,1121100,13-05-2025 10:45,264,3094350,203625
13-05-2025 10:45,24776,514500,587550,13-05-2025 10:45,155.4,3337200,1124100,13-05-2025 10:45,260.5,3091425,202200
13-05-2025 10:45,24782.7,511425,588900,13-05-2025 10:45,155.4,3334050,1113150,13-05-2025 10:45,259.7,3091050,207600
13-05-2025 10:45,24775.8,511425,588600,13-05-2025 10:45,154.8,3329250,1114425,13-05-2025 10:45,260.7,3092250,210600
13-05-2025 10:45,24770.7,514575,594675,13-05-2025 10:45,152,3327675,1129050,13-05-2025 10:45,264.65,3091650,201375
13-05-2025 10:45,24759,504000,595200,13-05-2025 10:45,145.7,3327900,1134525,13-05-2025 10:45,270.8,3098775,192900
13-05-2025 10:46,24759.1,508425,593775,13-05-2025 10:46,145.1,3305625,1137450,13-05-2025 10:46,270,3101100,192150
13-05-2025 10:46,24760,514875,601725,13-05-2025 10:46,146.65,3306225,1135950,13-05-2025 10:46,269.15,3103200,198675
13-05-2025 10:46,24761.6,517875,608025,13-05-2025 10:46,146.95,3317175,1135650,13-05-2025 10:46,269.45,3101175,207600
13-05-2025 10:46,24770,522675,597300,13-05-2025 10:46,150.3,3331575,1138125,13-05-2025 10:46,265.35,3097875,209775
13-05-2025 10:46,24780,519150,589650,13-05-2025 10:46,154.05,3335325,1129425,13-05-2025 10:46,259.05,3096225,214200
13-05-2025 10:46,24782.2,519150,583575,13-05-2025 10:46,156.3,3341625,1113825,13-05-2025 10:46,254.75,3090075,211350
13-05-2025 10:47,24780,522000,582525,13-05-2025 10:47,152.8,3341325,1119600,13-05-2025 10:47,257.6,3093300,211875
13-05-2025 10:47,24770.5,524550,591150,13-05-2025 10:47,149.5,3336375,1126425,13-05-2025 10:47,261.1,3098325,204750
13-05-2025 10:47,24775,527400,591750,13-05-2025 10:47,151.55,3365100,1131675,13-05-2025 10:47,257.55,3098175,205350
13-05-2025 10:47,24777.8,533625,593625,13-05-2025 10:47,151.9,3378300,1137000,13-05-2025 10:47,256.85,3093525,208650
13-05-2025 10:47,24783.2,528900,593850,13-05-2025 10:47,155,3393825,1137600,13-05-2025 10:47,252.7,3097050,210000
13-05-2025 10:47,24785,529950,588075,13-05-2025 10:47,154.5,3394125,1129200,13-05-2025 10:47,254.25,3102075,213825
13-05-2025 10:48,24781.5,528825,594525,13-05-2025 10:48,152.6,3382350,1141050,13-05-2025 10:48,256,3098550,208575
13-05-2025 10:48,24781,530100,592275,13-05-2025 10:48,152.15,3364200,1142025,13-05-2025 10:48,257.1,3102525,202500
13-05-2025 10:48,24790.2,533850,591300,13-05-2025 10:48,155.8,3371850,1136625,13-05-2025 10:48,249.35,3096300,208650
13-05-2025 10:48,24785,532425,591300,13-05-2025 10:48,154.9,3374325,1099800,13-05-2025 10:48,249.95,3096375,211725
13-05-2025 10:48,24781,526950,596100,13-05-2025 10:48,151.9,3365325,1113675,13-05-2025 10:48,254.95,3099900,209100
13-05-2025 10:48,24772.8,528825,599550,13-05-2025 10:48,149.5,3360525,1119900,13-05-2025 10:48,257.55,3101775,198825
13-05-2025 10:49,24774.5,532500,596850,13-05-2025 10:49,151.5,3344475,1118925,13-05-2025 10:49,255,3109125,203625
13-05-2025 10:49,24775.8,536475,599625,13-05-2025 10:49,150.3,3357375,1122675,13-05-2025 10:49,255.55,3103500,201150
13-05-2025 10:49,24779.9,534900,597600,13-05-2025 10:49,151.15,3362100,1135275,13-05-2025 10:49,255.2,3104325,202200
13-05-2025 10:49,24778.8,535575,599925,13-05-2025 10:49,150.85,3361725,1141650,13-05-2025 10:49,254,3108150,208125
13-05-2025 10:49,24784.5,538350,603900,13-05-2025 10:49,152.2,3368850,1137600,13-05-2025 10:49,252.15,3105150,214200
13-05-2025 10:49,24785,531225,598575,13-05-2025 10:49,155,3367650,1138275,13-05-2025 10:49,247.45,3107400,213750
13-05-2025 10:50,24788.9,541575,593325,13-05-2025 10:50,156.05,3375150,1119000,13-05-2025 10:50,248,3107700,215475
13-05-2025 10:50,24805,538200,585975,13-05-2025 10:50,162.45,3381000,1113225,13-05-2025 10:50,237.1,3109575,216450
13-05-2025 10:50,24802,538650,582450,13-05-2025 10:50,160.85,3376350,1059525,13-05-2025 10:50,239.55,3094350,214950
13-05-2025 10:50,24808.9,533925,575250,13-05-2025 10:50,164.45,3376950,1063200,13-05-2025 10:50,234.05,3095175,215250
13-05-2025 10:50,24817.5,527700,567825,13-05-2025 10:50,166.85,3399150,973875,13-05-2025 10:50,232.55,3083550,216000
13-05-2025 10:50,24814,528225,566175,13-05-2025 10:50,167.95,3398700,961950,13-05-2025 10:50,233.45,3087600,217125
13-05-2025 10:51,24822.3,532650,560475,13-05-2025 10:51,175.1,3401850,962325,13-05-2025 10:51,229.15,3094350,219150
13-05-2025 10:51,24829.4,525975,560550,13-05-2025 10:51,179.4,3405600,840525,13-05-2025 10:51,226.15,3100200,219225
13-05-2025 10:51,24829.3,524850,562725,13-05-2025 10:51,175.25,3403050,814800,13-05-2025 10:51,229.6,3097800,216825
13-05-2025 10:51,24825,530025,567075,13-05-2025 10:51,174,3401550,817800,13-05-2025 10:51,231.15,3103200,222900
13-05-2025 10:51,24822.8,531975,547275,13-05-2025 10:51,173.5,3383100,822225,13-05-2025 10:51,232.05,3119175,222525
13-05-2025 10:51,24810,532500,555375,13-05-2025 10:51,167.6,3368400,844650,13-05-2025 10:51,238.15,3131025,219225
13-05-2025 10:52,24808.6,535125,555975,13-05-2025 10:52,168.3,3347700,861750,13-05-2025 10:52,236.8,3139650,211050
13-05-2025 10:52,24819,532950,558600,13-05-2025 10:52,172.7,3352200,864375,13-05-2025 10:52,232.7,3132450,223050
13-05-2025 10:52,24815.1,530325,564750,13-05-2025 10:52,172,3359175,861075,13-05-2025 10:52,232.5,3127650,225075
13-05-2025 10:52,24821,533400,563475,13-05-2025 10:52,174.85,3367275,870225,13-05-2025 10:52,230.3,3130200,228450
13-05-2025 10:52,24820.2,538050,564825,13-05-2025 10:52,172.3,3372900,851250,13-05-2025 10:52,232.8,3130350,227400
13-05-2025 10:52,24815.3,539475,569700,13-05-2025 10:52,172.3,3365625,873825,13-05-2025 10:52,233.65,3135225,226650
13-05-2025 10:53,24820,539100,571950,13-05-2025 10:53,172,3368925,885525,13-05-2025 10:53,233,3146775,233775
13-05-2025 10:53,24809.9,539325,569625,13-05-2025 10:53,169.05,3370575,892050,13-05-2025 10:53,236.9,3147525,236175
13-05-2025 10:53,24794.1,534450,574800,13-05-2025 10:53,162,3347550,905100,13-05-2025 10:53,243.55,3142425,217650
13-05-2025 10:53,24791,536325,574125,13-05-2025 10:53,160.5,3319875,896625,13-05-2025 10:53,244.8,3134175,220200
13-05-2025 10:53,24790.3,538575,576075,13-05-2025 10:53,158.4,3332700,894225,13-05-2025 10:53,247.3,3146025,222675
13-05-2025 10:53,24793.6,536400,577575,13-05-2025 10:53,159.75,3332625,895500,13-05-2025 10:53,245.3,3147750,219975
13-05-2025 10:54,24790.3,541875,607875,13-05-2025 10:54,159.3,3336375,896775,13-05-2025 10:54,245.4,3144075,224475
13-05-2025 10:54,24797.2,542175,606000,13-05-2025 10:54,159.65,3344775,903600,13-05-2025 10:54,243.7,3141150,227250
13-05-2025 10:54,24795.5,549375,605775,13-05-2025 10:54,161.4,3348150,909600,13-05-2025 10:54,241.4,3142800,229800
13-05-2025 10:54,24792.8,542550,604275,13-05-2025 10:54,158.45,3352425,908775,13-05-2025 10:54,244.35,3155025,230850
13-05-2025 10:54,24798.4,544725,607725,13-05-2025 10:54,161,3346200,912075,13-05-2025 10:54,241.15,3145800,229500
13-05-2025 10:54,24800.6,543075,605400,13-05-2025 10:54,161.3,3349875,914550,13-05-2025 10:54,240.9,3133050,233925
13-05-2025 10:55,24802.2,544350,603525,13-05-2025 10:55,162.85,3357300,921525,13-05-2025 10:55,238.4,3134100,233250
13-05-2025 10:55,24807.8,540750,598800,13-05-2025 10:55,165.75,3369000,915750,13-05-2025 10:55,235.25,3132150,237525
13-05-2025 10:55,24791.5,541650,608625,13-05-2025 10:55,156.5,3371250,899475,13-05-2025 10:55,248.9,3133350,231150
13-05-2025 10:55,24783.5,532200,607800,13-05-2025 10:55,153.35,3332025,908475,13-05-2025 10:55,252.65,3139125,205200
13-05-2025 10:55,24785.8,542175,605100,13-05-2025 10:55,156.4,3336450,913800,13-05-2025 10:55,249.55,3128775,212475
13-05-2025 10:55,24794,543900,609075,13-05-2025 10:55,158,3346875,920625,13-05-2025 10:55,246.3,3132150,220575
13-05-2025 10:56,24785.6,537000,608250,13-05-2025 10:56,154.75,3356400,923850,13-05-2025 10:56,250.6,3131850,223725
13-05-2025 10:56,24784.9,545100,608550,13-05-2025 10:56,156,3352650,933150,13-05-2025 10:56,249.2,3138375,218400
13-05-2025 10:56,24777,547125,612975,13-05-2025 10:56,152.3,3351225,935625,13-05-2025 10:56,251.9,3138450,220050
13-05-2025 10:56,24780,541125,610950,13-05-2025 10:56,149.8,3337425,937425,13-05-2025 10:56,253,3138600,223350
13-05-2025 10:56,24778.4,538350,609150,13-05-2025 10:56,152,3326400,938700,13-05-2025 10:56,251.6,3138900,212400
13-05-2025 10:56,24781.8,548625,607725,13-05-2025 10:56,151.8,3329775,944700,13-05-2025 10:56,251.75,3138375,221550
13-05-2025 10:57,24775.1,546525,613950,13-05-2025 10:57,150.8,3353325,949575,13-05-2025 10:57,253.45,3139050,222000
13-05-2025 10:57,24779.3,546600,610875,13-05-2025 10:57,151.75,3345000,950400,13-05-2025 10:57,251.9,3135525,216075
13-05-2025 10:57,24779.2,547800,608400,13-05-2025 10:57,151.35,3352950,955425,13-05-2025 10:57,253.05,3132675,212925
13-05-2025 10:57,24785.1,545250,610875,13-05-2025 10:57,155.55,3364500,958500,13-05-2025 10:57,247,3133650,228000
13-05-2025 10:57,24787.6,549675,606600,13-05-2025 10:57,155.75,3369675,949125,13-05-2025 10:57,246.35,3127575,230175
13-05-2025 10:57,24786.2,545025,611850,13-05-2025 10:57,155.85,3372975,959175,13-05-2025 10:57,246.6,3128550,234000
13-05-2025 10:58,24791.3,549075,618825,13-05-2025 10:58,157.25,3373500,955800,13-05-2025 10:58,243.15,3122325,238425
13-05-2025 10:58,24797,549075,611700,13-05-2025 10:58,159.8,3372375,955125,13-05-2025 10:58,240.65,3122925,239100
13-05-2025 10:58,24802.9,549525,611550,13-05-2025 10:58,161.4,3378300,935400,13-05-2025 10:58,238.95,3114375,238425
13-05-2025 10:58,24802.6,546000,613875,13-05-2025 10:58,162.45,3368550,944700,13-05-2025 10:58,236.75,3117750,240375
13-05-2025 10:58,24814.8,542700,597750,13-05-2025 10:58,167.9,3369300,951900,13-05-2025 10:58,230.3,3118050,240900
13-05-2025 10:58,24811.1,538725,610500,13-05-2025 10:58,167.5,3374250,927225,13-05-2025 10:58,231.5,3112200,241200
13-05-2025 10:59,24808.2,535350,612225,13-05-2025 10:59,164.9,3380400,947100,13-05-2025 10:59,234.8,3120825,238275
13-05-2025 10:59,24815.9,535125,610050,13-05-2025 10:59,166.6,3370575,944475,13-05-2025 10:59,232.15,3121575,238800
13-05-2025 10:59,24817.8,546975,605475,13-05-2025 10:59,169.6,3374100,928575,13-05-2025 10:59,228.65,3118800,244800
13-05-2025 10:59,24818.5,540900,604275,13-05-2025 10:59,171.3,3383175,926250,13-05-2025 10:59,228.65,3117075,249450
13-05-2025 10:59,24820.4,543975,600000,13-05-2025 10:59,173.8,3385950,918450,13-05-2025 10:59,226.15,3120900,249450
13-05-2025 10:59,24829,536250,600075,13-05-2025 10:59,176.2,3396375,912375,13-05-2025 10:59,226,3118950,249750
13-05-2025 11:00,24816.7,543375,613425,13-05-2025 11:00,170,3394050,908025,13-05-2025 11:00,232.05,3136500,248700
13-05-2025 11:00,24812,548250,612300,13-05-2025 11:00,167.85,3362775,911325,13-05-2025 11:00,235.45,3144675,239100
13-05-2025 11:00,24803.7,538125,618525,13-05-2025 11:00,163.5,3347100,915075,13-05-2025 11:00,237.55,3130800,235425
13-05-2025 11:00,24805.3,543750,619200,13-05-2025 11:00,166.15,3344925,917550,13-05-2025 11:00,234.8,3127725,237750
13-05-2025 11:00,24813.6,543300,617475,13-05-2025 11:00,168.4,3349650,928950,13-05-2025 11:00,233.85,3131325,236850
13-05-2025 11:00,24811,543375,614475,13-05-2025 11:00,170.25,3359625,928200,13-05-2025 11:00,232.95,3126375,242175
13-05-2025 11:01,24810.5,546900,619575,13-05-2025 11:01,169.75,3356925,933000,13-05-2025 11:01,232.9,3127650,249450
13-05-2025 11:01,24818.1,544350,615525,13-05-2025 11:01,172.4,3366525,936375,13-05-2025 11:01,230.3,3122850,253725
13-05-2025 11:01,24844,542850,575400,13-05-2025 11:01,186.5,3365625,918750,13-05-2025 11:01,215.05,3112650,258675
13-05-2025 11:01,24840.8,531000,571875,13-05-2025 11:01,183.7,3371175,746175,13-05-2025 11:01,221,3069525,256425
13-05-2025 11:01,24839,539700,571725,13-05-2025 11:01,184.05,3368250,756900,13-05-2025 11:01,219.4,3078675,258525
13-05-2025 11:01,24840.6,539025,571725,13-05-2025 11:01,183.25,3375300,774075,13-05-2025 11:01,220.15,3092625,256575
13-05-2025 11:02,24845,544950,565050,13-05-2025 11:02,187.3,3381375,767775,13-05-2025 11:02,215.95,3098475,264675
13-05-2025 11:02,24844,534975,564675,13-05-2025 11:02,186.95,3387150,746100,13-05-2025 11:02,215,3092250,266625
13-05-2025 11:02,24857,540675,550350,13-05-2025 11:02,189.55,3396600,740925,13-05-2025 11:02,212.65,3085725,270525
13-05-2025 11:02,24851.8,543825,542925,13-05-2025 11:02,186.95,3401475,727575,13-05-2025 11:02,213.65,3106500,282750
13-05-2025 11:02,24855.4,543225,542250,13-05-2025 11:02,190.5,3404250,736275,13-05-2025 11:02,207.9,3106350,293700
13-05-2025 11:02,24865.5,533550,533850,13-05-2025 11:02,193.35,3398400,740700,13-05-2025 11:02,204.05,3104325,291225
13-05-2025 11:03,24880,537300,519300,13-05-2025 11:03,202.15,3424350,626325,13-05-2025 11:03,196.3,3051225,297150
13-05-2025 11:03,24860,529725,525450,13-05-2025 11:03,193.9,3424125,551925,13-05-2025 11:03,205.35,3087225,294900
13-05-2025 11:03,24869,536175,520800,13-05-2025 11:03,195.2,3385800,592725,13-05-2025 11:03,202.9,3091200,312975
13-05-2025 11:03,24862.6,534900,524475,13-05-2025 11:03,194.15,3403425,619650,13-05-2025 11:03,205.95,3099825,314700
13-05-2025 11:03,24870.6,542025,527175,13-05-2025 11:03,198.4,3415050,638025,13-05-2025 11:03,202.55,3106425,323850
13-05-2025 11:03,24870.8,543075,525600,13-05-2025 11:03,200.2,3419625,612825,13-05-2025 11:03,200.85,3103050,340800
13-05-2025 11:04,24888,542925,514425,13-05-2025 11:04,207.65,3430425,622500,13-05-2025 11:04,194.7,3100725,347025
13-05-2025 11:04,24897.8,541800,487125,13-05-2025 11:04,212.35,3438300,557175,13-05-2025 11:04,191.85,3066600,352125
13-05-2025 11:04,24883.4,552900,489525,13-05-2025 11:04,208.05,3433500,527100,13-05-2025 11:04,195.65,3082800,366150
13-05-2025 11:04,24882.8,537975,486300,13-05-2025 11:04,205.9,3400125,543750,13-05-2025 11:04,196.9,3099375,378600
13-05-2025 11:04,24864.9,540975,489975,13-05-2025 11:04,196.75,3381750,571500,13-05-2025 11:04,204.15,3111900,362025
13-05-2025 11:04,24865.8,538050,492000,13-05-2025 11:04,196.4,3338400,584100,13-05-2025 11:04,203.45,3115200,341025
13-05-2025 11:05,24863.7,530925,500775,13-05-2025 11:05,191,3342225,597300,13-05-2025 11:05,206.45,3136800,348675
13-05-2025 11:05,24849.6,544125,504525,13-05-2025 11:05,181.25,3318750,603000,13-05-2025 11:05,212.3,3151425,330450
13-05-2025 11:05,24850,537300,508275,13-05-2025 11:05,186.75,3317775,605400,13-05-2025 11:05,209.35,3152250,341100
13-05-2025 11:05,24846.5,546300,514125,13-05-2025 11:05,182.65,3324975,611100,13-05-2025 11:05,213,3160650,356850
13-05-2025 11:05,24845.4,551250,512925,13-05-2025 11:05,183.45,3325950,614925,13-05-2025 11:05,211.5,3165600,356550
13-05-2025 11:05,24851.4,547575,512925,13-05-2025 11:05,188.15,3349725,621150,13-05-2025 11:05,208.6,3166875,372975
13-05-2025 11:06,24854.9,553125,510975,13-05-2025 11:06,189.3,3371175,617325,13-05-2025 11:06,209.6,3151200,377550
13-05-2025 11:06,24849.5,559050,514875,13-05-2025 11:06,189.15,3379950,627375,13-05-2025 11:06,209.35,3157050,392175
13-05-2025 11:06,24853.4,554925,517800,13-05-2025 11:06,188.7,3383775,628950,13-05-2025 11:06,209.95,3160275,395325
13-05-2025 11:06,24842.1,545250,517200,13-05-2025 11:06,183.55,3386700,638775,13-05-2025 11:06,215.95,3161400,385425
13-05-2025 11:06,24838.7,550575,518100,13-05-2025 11:06,182.15,3357075,637800,13-05-2025 11:06,216.75,3170025,339975
13-05-2025 11:06,24840,550425,515775,13-05-2025 11:06,182.05,3341550,640575,13-05-2025 11:06,217.8,3172125,341475
13-05-2025 11:07,24839.3,549900,523950,13-05-2025 11:07,182.15,3343125,651300,13-05-2025 11:07,216.1,3175875,341475
13-05-2025 11:07,24829.2,549300,516825,13-05-2025 11:07,175.55,3340725,670050,13-05-2025 11:07,221.35,3179250,350625
13-05-2025 11:07,24829.2,551475,518850,13-05-2025 11:07,175.85,3315075,666000,13-05-2025 11:07,220.95,3174375,318375
13-05-2025 11:07,24831.5,549600,524475,13-05-2025 11:07,175.95,3332925,666150,13-05-2025 11:07,221.75,3173925,321600
13-05-2025 11:07,24829.1,548625,520200,13-05-2025 11:07,175,3329700,671475,13-05-2025 11:07,220.35,3180300,320775
13-05-2025 11:07,24831.9,552000,523500,13-05-2025 11:07,176.15,3336150,672975,13-05-2025 11:07,218.8,3171075,336900
13-05-2025 11:08,24834.9,555825,524775,13-05-2025 11:08,177.6,3343425,670125,13-05-2025 11:08,220.2,3157200,342375
13-05-2025 11:08,24839.3,559725,523350,13-05-2025 11:08,180.05,3357075,668325,13-05-2025 11:08,216,3148050,363600
13-05-2025 11:08,24837.1,550650,526275,13-05-2025 11:08,178.8,3358725,672975,13-05-2025 11:08,217.95,3143775,377850
13-05-2025 11:08,24830,561600,534150,13-05-2025 11:08,177.55,3360525,693225,13-05-2025 11:08,220.6,3150300,370875
13-05-2025 11:08,24821.3,552600,529050,13-05-2025 11:08,172.9,3347625,699975,13-05-2025 11:08,225.25,3158925,353625
13-05-2025 11:08,24818,552675,533700,13-05-2025 11:08,170.85,3343125,699000,13-05-2025 11:08,227.05,3156750,318300
13-05-2025 11:09,24812.5,547650,534375,13-05-2025 11:09,167.6,3314400,694875,13-05-2025 11:09,230.8,3157050,309075
13-05-2025 11:09,24806.2,539025,532800,13-05-2025 11:09,160.8,3325425,700575,13-05-2025 11:09,235.05,3158700,302925
13-05-2025 11:09,24818.8,548100,528675,13-05-2025 11:09,167.55,3325875,701850,13-05-2025 11:09,228.1,3157350,299700
13-05-2025 11:09,24815.3,546975,534450,13-05-2025 11:09,165.6,3338700,715125,13-05-2025 11:09,231.2,3142125,303000
13-05-2025 11:09,24813.4,550050,536550,13-05-2025 11:09,164.5,3341925,733800,13-05-2025 11:09,232,3144300,308400
13-05-2025 11:09,24813.8,551400,530850,13-05-2025 11:09,166.3,3344775,741525,13-05-2025 11:09,229.8,3143850,319350
13-05-2025 11:10,24800.1,542850,538425,13-05-2025 11:10,159.55,3354150,733275,13-05-2025 11:10,237.3,3134775,316275
13-05-2025 11:10,24795,537225,538950,13-05-2025 11:10,158.65,3308925,735225,13-05-2025 11:10,239.85,3067875,277500
13-05-2025 11:10,24796.6,542400,532425,13-05-2025 11:10,158.9,3315750,733500,13-05-2025 11:10,240.35,3068700,277050
13-05-2025 11:10,24803.9,552225,534750,13-05-2025 11:10,162.85,3333750,738450,13-05-2025 11:10,234.65,3068250,286800
13-05-2025 11:10,24796.1,546375,539775,13-05-2025 11:10,158.45,3336075,752175,13-05-2025 11:10,241.9,3065100,291975
13-05-2025 11:10,24790,548775,542475,13-05-2025 11:10,156.95,3323550,761625,13-05-2025 11:10,242.8,3069525,276750
13-05-2025 11:11,24786,546375,546300,13-05-2025 11:11,153.75,3320925,767775,13-05-2025 11:11,248.25,3075375,283350
13-05-2025 11:11,24787,541950,546900,13-05-2025 11:11,154.55,3319950,779700,13-05-2025 11:11,247.95,3078750,256275
13-05-2025 11:11,24790,548850,542925,13-05-2025 11:11,157.4,3339750,780675,13-05-2025 11:11,245.45,3062850,253650
13-05-2025 11:11,24784.9,549525,544275,13-05-2025 11:11,154,3346950,788475,13-05-2025 11:11,250.35,3057225,252900
13-05-2025 11:11,24790.4,558600,538725,13-05-2025 11:11,157.9,3367575,793350,13-05-2025 11:11,245,3056775,254325
13-05-2025 11:11,24790,558150,541650,13-05-2025 11:11,157,3388950,797775,13-05-2025 11:11,247.85,3052725,252975
13-05-2025 11:12,24789.5,552825,545100,13-05-2025 11:12,155.7,3386025,806925,13-05-2025 11:12,250.55,3055575,245925
13-05-2025 11:12,24785,553875,545325,13-05-2025 11:12,155.45,3391800,806400,13-05-2025 11:12,249.05,3054075,244950
13-05-2025 11:12,24783.9,552150,546300,13-05-2025 11:12,154.7,3402675,811875,13-05-2025 11:12,251.25,3040950,243150
13-05-2025 11:12,24775.6,553575,542400,13-05-2025 11:12,149.65,3406350,809700,13-05-2025 11:12,257.7,3044925,233250
13-05-2025 11:12,24773,548550,546825,13-05-2025 11:12,148.5,3323475,815250,13-05-2025 11:12,261.75,3042225,218925
13-05-2025 11:12,24767,537600,551325,13-05-2025 11:12,148,3323850,823275,13-05-2025 11:12,262.2,3047775,196200
13-05-2025 11:13,24764,532950,552825,13-05-2025 11:13,147.25,3313875,834525,13-05-2025 11:13,265.45,3045825,195600
13-05-2025 11:13,24764,527025,550275,13-05-2025 11:13,147.5,3297300,836475,13-05-2025 11:13,268.45,3040350,188175
13-05-2025 11:13,24771.9,534525,552900,13-05-2025 11:13,151.25,3306450,842625,13-05-2025 11:13,259.95,3037200,207300
13-05-2025 11:13,24778.8,534825,554250,13-05-2025 11:13,152.1,3344475,851700,13-05-2025 11:13,257.3,3018750,208575
13-05-2025 11:13,24768.3,534675,553500,13-05-2025 11:13,149.85,3347475,857625,13-05-2025 11:13,260.95,3012525,208950
13-05-2025 11:13,24768.3,538575,553575,13-05-2025 11:13,150,3334125,863550,13-05-2025 11:13,260.3,3015375,207075
13-05-2025 11:14,24768,536400,555225,13-05-2025 11:14,149.1,3334200,871275,13-05-2025 11:14,263.3,3019500,203175
13-05-2025 11:14,24777.1,539325,555675,13-05-2025 11:14,151.75,3357450,868800,13-05-2025 11:14,258.9,3020925,206475
13-05-2025 11:14,24778,544200,555450,13-05-2025 11:14,154.1,3370650,872100,13-05-2025 11:14,255.8,3012525,231300
13-05-2025 11:14,24776.9,552825,564600,13-05-2025 11:14,152.75,3384600,866625,13-05-2025 11:14,258.45,3016200,232650
13-05-2025 11:14,24783,555000,556500,13-05-2025 11:14,154.7,3388275,865050,13-05-2025 11:14,253,3015225,239025
13-05-2025 11:14,24784.9,556575,565350,13-05-2025 11:14,155.85,3386175,861975,13-05-2025 11:14,251.1,3015525,239175
13-05-2025 11:15,24785,555675,566775,13-05-2025 11:15,154.15,3386175,867000,13-05-2025 11:15,253.9,3011925,244575
13-05-2025 11:15,24781.6,555900,570150,13-05-2025 11:15,154.85,3387450,871125,13-05-2025 11:15,253.35,3005850,237075
13-05-2025 11:15,24788.2,563550,561450,13-05-2025 11:15,157.4,3397650,869700,13-05-2025 11:15,249.25,3002475,239025
13-05-2025 11:15,24798,561150,560850,13-05-2025 11:15,161.5,3403575,862800,13-05-2025 11:15,242.15,2987700,241050
13-05-2025 11:15,24795.1,553350,568275,13-05-2025 11:15,158.1,3397575,841350,13-05-2025 11:15,247.1,2988525,241125
13-05-2025 11:15,24804,559725,563025,13-05-2025 11:15,162,3399150,848025,13-05-2025 11:15,241.15,2989200,256800
13-05-2025 11:16,24803.2,552450,576900,13-05-2025 11:16,162.75,3399450,848550,13-05-2025 11:16,238.9,2987925,253350
13-05-2025 11:16,24800.3,557700,563100,13-05-2025 11:16,162.6,3413250,853500,13-05-2025 11:16,239.5,2993400,250425
13-05-2025 11:16,24799,553200,570150,13-05-2025 11:16,160.35,3411375,859575,13-05-2025 11:16,241.35,2998650,247875
13-05-2025 11:16,24805,561375,562875,13-05-2025 11:16,161.25,3399225,863250,13-05-2025 11:16,240.85,3004875,254625
13-05-2025 11:16,24810,559575,562425,13-05-2025 11:16,165.05,3409275,862950,13-05-2025 11:16,236.15,3002550,250500
13-05-2025 11:16,24808.5,557700,570600,13-05-2025 11:16,166.15,3423900,836175,13-05-2025 11:16,234.05,2987775,253650
13-05-2025 11:17,24814.5,563475,570525,13-05-2025 11:17,168.05,3421050,837900,13-05-2025 11:17,229.55,2987100,253725
13-05-2025 11:17,24822,562725,566100,13-05-2025 11:17,169.35,3423975,805275,13-05-2025 11:17,226.95,2980950,255525
13-05-2025 11:17,24828.5,563175,560700,13-05-2025 11:17,170.95,3456225,810000,13-05-2025 11:17,222.15,2983950,254625
13-05-2025 11:17,24830,560850,559725,13-05-2025 11:17,172.85,3456600,800325,13-05-2025 11:17,220,2981700,256875
13-05-2025 11:17,24822.1,559125,565275,13-05-2025 11:17,170.45,3460125,801075,13-05-2025 11:17,224.65,2983050,259650
13-05-2025 11:17,24827.5,565425,572850,13-05-2025 11:17,171.6,3433200,806175,13-05-2025 11:17,225.35,2993400,253425
13-05-2025 11:18,24833.2,564000,567900,13-05-2025 11:18,175.3,3449850,814425,13-05-2025 11:18,221.85,3003375,261600
13-05-2025 11:18,24824.4,563700,571950,13-05-2025 11:18,173.25,3449775,808950,13-05-2025 11:18,225.2,3028800,263775
13-05-2025 11:18,24826.2,561600,571275,13-05-2025 11:18,172.4,3448950,822600,13-05-2025 11:18,225.8,3032925,267375
13-05-2025 11:18,24833.8,561675,573675,13-05-2025 11:18,179,3444300,829275,13-05-2025 11:18,219,3025650,270825
13-05-2025 11:18,24835.8,559050,558150,13-05-2025 11:18,179.8,3427125,783525,13-05-2025 11:18,217.6,3010875,271500
13-05-2025 11:18,24834,562650,568950,13-05-2025 11:18,178.6,3429675,772050,13-05-2025 11:18,220.3,3015750,274125
13-05-2025 11:19,24833.2,557475,563025,13-05-2025 11:19,175.75,3424500,789075,13-05-2025 11:19,222.95,3027525,274500
13-05-2025 11:19,24827,560325,564450,13-05-2025 11:19,176.95,3413025,796875,13-05-2025 11:19,223.25,3037500,267525
13-05-2025 11:19,24827.8,564975,564825,13-05-2025 11:19,174.55,3415875,807600,13-05-2025 11:19,226.4,3048075,241200
13-05-2025 11:19,24834.6,564900,564600,13-05-2025 11:19,178.7,3413550,801825,13-05-2025 11:19,222.9,3051075,249075
13-05-2025 11:19,24840,559650,561150,13-05-2025 11:19,181.95,3427725,782175,13-05-2025 11:19,220.1,3059250,251400
13-05-2025 11:19,24837.3,561675,557625,13-05-2025 11:19,178.35,3431175,746325,13-05-2025 11:19,223.5,3049725,257325
13-05-2025 11:20,24830.1,557775,570075,13-05-2025 11:20,176.85,3413550,757575,13-05-2025 11:20,224.1,3060225,253800
13-05-2025 11:20,24833,571575,563550,13-05-2025 11:20,181.4,3425250,773775,13-05-2025 11:20,219.6,3067950,255825
13-05-2025 11:20,24822.7,559575,564600,13-05-2025 11:20,172.05,3424500,758025,13-05-2025 11:20,229.6,3090000,257625
13-05-2025 11:20,24819,563475,566775,13-05-2025 11:20,170.5,3410625,777225,13-05-2025 11:20,229.95,3129075,247275
13-05-2025 11:20,24822.6,564150,565650,13-05-2025 11:20,173.75,3384150,779550,13-05-2025 11:20,226.7,3127575,238125
13-05-2025 11:20,24823.1,561000,568650,13-05-2025 11:20,174,3392775,781800,13-05-2025 11:20,224.15,3120225,248775
13-05-2025 11:21,24830,560550,573450,13-05-2025 11:21,175.95,3406950,789450,13-05-2025 11:21,220.75,3125100,263400
13-05-2025 11:21,24831.4,562650,573525,13-05-2025 11:21,177.05,3418200,794550,13-05-2025 11:21,220.75,3119325,268650
13-05-2025 11:21,24828,560550,568575,13-05-2025 11:21,174,3419775,811500,13-05-2025 11:21,224.25,3126000,269700
13-05-2025 11:21,24824.5,558825,571575,13-05-2025 11:21,170.35,3415125,823800,13-05-2025 11:21,227.35,3131100,267600
13-05-2025 11:21,24819,559500,571275,13-05-2025 11:21,169.35,3396150,827325,13-05-2025 11:21,228.95,3130275,266700
13-05-2025 11:21,24816,563325,570300,13-05-2025 11:21,168.55,3406500,828825,13-05-2025 11:21,228.7,3131025,274725
13-05-2025 11:22,24813.9,557550,575100,13-05-2025 11:22,166.6,3409950,831075,13-05-2025 11:22,229.95,3138375,272400
13-05-2025 11:22,24810.9,560925,577125,13-05-2025 11:22,168.75,3396450,839025,13-05-2025 11:22,228.25,3140700,268200
13-05-2025 11:22,24817.9,565575,583575,13-05-2025 11:22,168.75,3402675,845850,13-05-2025 11:22,227.5,3142050,274125
13-05-2025 11:22,24820,565725,575175,13-05-2025 11:22,170,3420225,842100,13-05-2025 11:22,227.05,3132450,276825
13-05-2025 11:22,24827.5,564450,577275,13-05-2025 11:22,171.75,3426225,842850,13-05-2025 11:22,225.45,3130050,281925
13-05-2025 11:22,24824.4,561225,574875,13-05-2025 11:22,170.45,3426300,844050,13-05-2025 11:22,226.65,3162675,283500
13-05-2025 11:23,24811.4,560925,577425,13-05-2025 11:23,166,3413850,850575,13-05-2025 11:23,232,3204975,275100
13-05-2025 11:23,24807,558150,576750,13-05-2025 11:23,163.75,3394200,853275,13-05-2025 11:23,233.15,3227925,267600
13-05-2025 11:23,24806.2,559650,577575,13-05-2025 11:23,163,3395550,859875,13-05-2025 11:23,235.2,3232575,259125
13-05-2025 11:23,24802.4,559725,576825,13-05-2025 11:23,162.55,3397650,860850,13-05-2025 11:23,236,3255600,259050
13-05-2025 11:23,24804.5,557850,577875,13-05-2025 11:23,161.25,3396150,858450,13-05-2025 11:23,235.5,3252225,263100
13-05-2025 11:23,24805.3,555450,585075,13-05-2025 11:23,162.85,3400800,861975,13-05-2025 11:23,232.5,3236325,270225
13-05-2025 11:24,24801.4,555075,576900,13-05-2025 11:24,159.6,3382275,865425,13-05-2025 11:24,238.25,3230025,266400
13-05-2025 11:24,24793.3,551100,579750,13-05-2025 11:24,156.55,3370650,875625,13-05-2025 11:24,243.5,3233775,242325
13-05-2025 11:24,24796.8,549825,574275,13-05-2025 11:24,159,3397875,884700,13-05-2025 11:24,240.15,3230475,250725
13-05-2025 11:24,24796.7,552525,580575,13-05-2025 11:24,159.2,3415875,889125,13-05-2025 11:24,239.05,3226200,254400
13-05-2025 11:24,24795.7,549300,582900,13-05-2025 11:24,157.9,3418050,899775,13-05-2025 11:24,240.2,3230175,258825
13-05-2025 11:24,24797.8,551700,581550,13-05-2025 11:24,157.35,3414825,907050,13-05-2025 11:24,241.55,3231600,256650
13-05-2025 11:25,24797.1,552375,578550,13-05-2025 11:25,159.35,3424275,902400,13-05-2025 11:25,240.9,3224625,261300
13-05-2025 11:25,24795,550500,584025,13-05-2025 11:25,158.7,3424875,909450,13-05-2025 11:25,243,3219600,260925
13-05-2025 11:25,24800,547500,582000,13-05-2025 11:25,160.4,3433575,910425,13-05-2025 11:25,241.75,3217650,246150
13-05-2025 11:25,24794.6,549900,586125,13-05-2025 11:25,160.25,3441375,911475,13-05-2025 11:25,241.5,3215250,258600
13-05-2025 11:25,24802.7,551925,583875,13-05-2025 11:25,161.05,3430950,911175,13-05-2025 11:25,241.85,3214575,259875
13-05-2025 11:25,24803.6,556125,580425,13-05-2025 11:25,163.5,3440325,906750,13-05-2025 11:25,239.25,3208200,257025
13-05-2025 11:26,24806.9,553050,581925,13-05-2025 11:26,164.5,3452700,881100,13-05-2025 11:26,236.8,3214725,261225
13-05-2025 11:26,24814.6,554775,575775,13-05-2025 11:26,166.1,3454425,888600,13-05-2025 11:26,234.3,3216075,262950
13-05-2025 11:26,24815,559650,577125,13-05-2025 11:26,168.45,3456900,889800,13-05-2025 11:26,230.9,3204450,269175
13-05-2025 11:26,24813.9,551850,582150,13-05-2025 11:26,168.05,3455250,872250,13-05-2025 11:26,233,3203325,268425
13-05-2025 11:26,24817.4,558825,577425,13-05-2025 11:26,168.35,3447150,890475,13-05-2025 11:26,232.25,3205200,271950
13-05-2025 11:26,24815,557850,584850,13-05-2025 11:26,167.5,3455250,897000,13-05-2025 11:26,232.9,3202725,279075
13-05-2025 11:27,24819.1,557100,567375,13-05-2025 11:27,170,3460050,902400,13-05-2025 11:27,228.65,3204225,280500
13-05-2025 11:27,24822.7,558675,569475,13-05-2025 11:27,173.15,3469350,894450,13-05-2025 11:27,225.5,3203400,283200
13-05-2025 11:27,24821,558600,575025,13-05-2025 11:27,171.9,3468675,882075,13-05-2025 11:27,227,3193725,283275
13-05-2025 11:27,24829.9,560775,568350,13-05-2025 11:27,177.85,3472275,886200,13-05-2025 11:27,223.2,3199575,282750
13-05-2025 11:27,24827.5,556350,568050,13-05-2025 11:27,177.9,3475950,851100,13-05-2025 11:27,224.1,3198750,285600
13-05-2025 11:27,24841.8,558750,563775,13-05-2025 11:27,182.25,3474450,837300,13-05-2025 11:27,218.55,3179925,285825
13-05-2025 11:28,24831.1,553350,567675,13-05-2025 11:28,178.65,3473550,798225,13-05-2025 11:28,222.35,3212250,284850
13-05-2025 11:28,24828,556725,570600,13-05-2025 11:28,178.3,3456825,822150,13-05-2025 11:28,224.35,3278925,292800
13-05-2025 11:28,24830,556125,566775,13-05-2025 11:28,176.85,3461250,825300,13-05-2025 11:28,223.65,3277875,297300
13-05-2025 11:28,24835,560100,570600,13-05-2025 11:28,181.15,3456750,830700,13-05-2025 11:28,220.6,3220950,299175
13-05-2025 11:28,24855,559950,563250,13-05-2025 11:28,188.7,3464550,821250,13-05-2025 11:28,213.75,3210150,303375
13-05-2025 11:28,24848.6,553875,558225,13-05-2025 11:28,184.7,3467625,722100,13-05-2025 11:28,216.15,3176100,305100
13-05-2025 11:29,24847.1,560175,553725,13-05-2025 11:29,185.15,3456675,736500,13-05-2025 11:29,215.65,3184125,311400
13-05-2025 11:29,24850,560400,559425,13-05-2025 11:29,187.25,3459600,738525,13-05-2025 11:29,213.6,3187050,315225
13-05-2025 11:29,24841.9,557175,563700,13-05-2025 11:29,181.6,3455175,763275,13-05-2025 11:29,218,3212100,317850
13-05-2025 11:29,24843.4,561075,556725,13-05-2025 11:29,186.2,3453300,760500,13-05-2025 11:29,214.95,3205500,324975
13-05-2025 11:29,24851.8,563175,560850,13-05-2025 11:29,185.7,3464700,765450,13-05-2025 11:29,214.6,3206775,333750
13-05-2025 11:29,24851.8,560550,564075,13-05-2025 11:29,186.3,3457425,784500,13-05-2025 11:29,214.25,3215100,328950
13-05-2025 11:30,24849.9,563625,567975,13-05-2025 11:30,184.85,3458475,783750,13-05-2025 11:30,214.8,3220050,335775
13-05-2025 11:30,24851,562650,557250,13-05-2025 11:30,189.3,3471675,782250,13-05-2025 11:30,213.4,3219150,335475
13-05-2025 11:30,24850,557700,563925,13-05-2025 11:30,185.7,3469800,752100,13-05-2025 11:30,216.45,3219900,335625
13-05-2025 11:30,24843,555300,567675,13-05-2025 11:30,184.65,3460950,774150,13-05-2025 11:30,217.9,3230250,336750
13-05-2025 11:30,24845,567600,563325,13-05-2025 11:30,186.75,3465375,778425,13-05-2025 11:30,217,3234375,334350
13-05-2025 11:30,24838.5,566700,560250,13-05-2025 11:30,180.5,3474300,774450,13-05-2025 11:30,221,3230100,335625
13-05-2025 11:31,24841,564675,563550,13-05-2025 11:31,182.9,3444675,782550,13-05-2025 11:31,218.1,3240225,329475
13-05-2025 11:31,24846.1,564000,559125,13-05-2025 11:31,187.5,3445650,787350,13-05-2025 11:31,214.4,3241200,345975
13-05-2025 11:31,24857.4,561900,553200,13-05-2025 11:31,189.05,3450825,748275,13-05-2025 11:31,212.5,3224475,351600
13-05-2025 11:31,24855.8,563625,557025,13-05-2025 11:31,188.85,3446775,699600,13-05-2025 11:31,213.45,3207675,338625
13-05-2025 11:31,24851.4,566700,555600,13-05-2025 11:31,189.05,3465375,708375,13-05-2025 11:31,212.7,3218250,341625
13-05-2025 11:31,24843.4,562125,555450,13-05-2025 11:31,182.95,3463650,726975,13-05-2025 11:31,218.5,3229050,344775
13-05-2025 11:32,24847.6,565350,558975,13-05-2025 11:32,184.15,3448425,731625,13-05-2025 11:32,217.5,3237525,342075
13-05-2025 11:32,24841.2,562200,559650,13-05-2025 11:32,184.35,3460350,747150,13-05-2025 11:32,217.65,3243300,350550
13-05-2025 11:32,24843.3,567525,555825,13-05-2025 11:32,186.05,3466125,752400,13-05-2025 11:32,215.3,3251775,361875
13-05-2025 11:32,24849,570075,554850,13-05-2025 11:32,185.1,3470550,754125,13-05-2025 11:32,215.55,3246675,363000
13-05-2025 11:32,24843.5,560250,559200,13-05-2025 11:32,181.5,3461025,762075,13-05-2025 11:32,219.3,3253800,357900
13-05-2025 11:32,24827.9,558525,557400,13-05-2025 11:32,174.5,3449475,766950,13-05-2025 11:32,224.25,3259125,345675
13-05-2025 11:33,24826.8,558150,561375,13-05-2025 11:33,176.35,3410175,777300,13-05-2025 11:33,221.9,3254925,322425
13-05-2025 11:33,24829.3,568275,555525,13-05-2025 11:33,173.1,3425475,776325,13-05-2025 11:33,222.9,3259275,330150
13-05-2025 11:33,24827,563325,556200,13-05-2025 11:33,173.4,3420225,783000,13-05-2025 11:33,222.75,3264225,334050
13-05-2025 11:33,24819,558450,560700,13-05-2025 11:33,167.85,3426075,787500,13-05-2025 11:33,227.85,3271725,340725
13-05-2025 11:33,24825,569400,562500,13-05-2025 11:33,170.05,3400425,788250,13-05-2025 11:33,225.15,3267525,312750
13-05-2025 11:33,24829.2,570750,557700,13-05-2025 11:33,175.6,3422100,789075,13-05-2025 11:33,218.65,3264300,330825
13-05-2025 11:34,24828.7,566475,562800,13-05-2025 11:34,175.7,3435375,784725,13-05-2025 11:34,220.4,3250050,340275
13-05-2025 11:34,24830,569550,556800,13-05-2025 11:34,178.25,3435075,791625,13-05-2025 11:34,220.2,3251325,348450
13-05-2025 11:34,24844,567600,552975,13-05-2025 11:34,184.05,3452100,788700,13-05-2025 11:34,214.35,3251475,350175
13-05-2025 11:34,24857.4,568650,551550,13-05-2025 11:34,193.6,3457050,759900,13-05-2025 11:34,207,3230400,348450
13-05-2025 11:34,24845,553050,563250,13-05-2025 11:34,183.2,3457875,737775,13-05-2025 11:34,217.6,3207900,347250
13-05-2025 11:34,24848.1,568575,556875,13-05-2025 11:34,185.05,3444300,755325,13-05-2025 11:34,215.55,3219300,360000
13-05-2025 11:35,24835,575775,563850,13-05-2025 11:35,178.55,3445575,768825,13-05-2025 11:35,220.7,3233550,369525
13-05-2025 11:35,24838.9,567150,557400,13-05-2025 11:35,179.7,3429300,780300,13-05-2025 11:35,219,3248250,365775
13-05-2025 11:35,24839.3,567300,557325,13-05-2025 11:35,184,3448800,775350,13-05-2025 11:35,215.25,3242475,377475
13-05-2025 11:35,24840.4,568425,557400,13-05-2025 11:35,184.1,3457950,782925,13-05-2025 11:35,215.25,3243000,378675
13-05-2025 11:35,24837.3,561450,559125,13-05-2025 11:35,180.45,3451500,799575,13-05-2025 11:35,219.1,3249075,386325
13-05-2025 11:35,24831.1,564225,557025,13-05-2025 11:35,174.3,3454200,813450,13-05-2025 11:35,223.9,3248850,387000
13-05-2025 11:36,24830.4,572700,559725,13-05-2025 11:36,178.2,3444900,820125,13-05-2025 11:36,220.95,3283500,365625
13-05-2025 11:36,24829,570600,559575,13-05-2025 11:36,177.8,3453825,822225,13-05-2025 11:36,220.8,3283500,375000
13-05-2025 11:36,24834.6,578775,558075,13-05-2025 11:36,179.65,3468975,830400,13-05-2025 11:36,219.1,3250500,392925
13-05-2025 11:36,24833.7,577800,563175,13-05-2025 11:36,180.2,3466425,815775,13-05-2025 11:36,219.4,3249075,394800
13-05-2025 11:36,24825.1,571125,564750,13-05-2025 11:36,175.2,3463575,815700,13-05-2025 11:36,225.35,3247350,388725
13-05-2025 11:36,24823.9,564675,562425,13-05-2025 11:36,172.55,3446475,817650,13-05-2025 11:36,227,3131250,352575
13-05-2025 11:37,24823.9,560175,552225,13-05-2025 11:37,175.05,3451650,821100,13-05-2025 11:37,223.85,3133575,361425
13-05-2025 11:37,24827.4,570375,560925,13-05-2025 11:37,175.3,3452400,824325,13-05-2025 11:37,224.05,3130125,357675
13-05-2025 11:37,24823.2,562650,554475,13-05-2025 11:37,174.45,3458175,824475,13-05-2025 11:37,224.9,3129825,354900
13-05-2025 11:37,24813.5,560325,565425,13-05-2025 11:37,166.5,3455550,827400,13-05-2025 11:37,233.45,3129375,351150
13-05-2025 11:37,24817.3,566400,565500,13-05-2025 11:37,168.85,3422025,836850,13-05-2025 11:37,229.35,3129300,311100
13-05-2025 11:37,24817.4,571725,562800,13-05-2025 11:37,168.45,3439575,831075,13-05-2025 11:37,231.05,3119625,323250
13-05-2025 11:38,24820.9,573075,560850,13-05-2025 11:38,171.35,3456375,828525,13-05-2025 11:38,228,3120000,329025
13-05-2025 11:38,24814.3,558000,561675,13-05-2025 11:38,168,3455700,829575,13-05-2025 11:38,232.15,3116775,334050
13-05-2025 11:38,24815,568200,561075,13-05-2025 11:38,168.1,3450150,839400,13-05-2025 11:38,232.75,3121125,315900
13-05-2025 11:38,24819,568575,559125,13-05-2025 11:38,169.7,3453975,831675,13-05-2025 11:38,230.15,3120825,363600
13-05-2025 11:38,24808.9,564300,564525,13-05-2025 11:38,165.9,3456300,837075,13-05-2025 11:38,234.5,3121500,363525
13-05-2025 11:38,24805,561075,562125,13-05-2025 11:38,164.7,3433125,841050,13-05-2025 11:38,235,3120900,304725
13-05-2025 11:39,24809.9,566475,566475,13-05-2025 11:39,166.15,3446700,851175,13-05-2025 11:39,234,3119400,301650
13-05-2025 11:39,24797.8,560025,563025,13-05-2025 11:39,160.3,3440775,851775,13-05-2025 11:39,240.2,3113025,302175
13-05-2025 11:39,24800,559500,561675,13-05-2025 11:39,162.4,3399675,857925,13-05-2025 11:39,239.95,3113025,262350
13-05-2025 11:39,24801.9,563625,561525,13-05-2025 11:39,163.6,3417000,860700,13-05-2025 11:39,238,3107700,273075
13-05-2025 11:39,24804,565575,571125,13-05-2025 11:39,163.95,3431850,866775,13-05-2025 11:39,237.7,3103350,277800
13-05-2025 11:39,24804.4,565200,563700,13-05-2025 11:39,164.8,3441225,871725,13-05-2025 11:39,237.4,3102900,281325
13-05-2025 11:40,24797.5,561150,565350,13-05-2025 11:40,160.25,3426675,889650,13-05-2025 11:40,243.7,3103275,272250
13-05-2025 11:40,24796.3,564225,565575,13-05-2025 11:40,161.25,3424725,889125,13-05-2025 11:40,240.8,3099150,259275
13-05-2025 11:40,24793.5,562575,567150,13-05-2025 11:40,160.7,3441375,890025,13-05-2025 11:40,241.65,3102450,270225
13-05-2025 11:40,24794.9,562800,564075,13-05-2025 11:40,162.4,3463125,887325,13-05-2025 11:40,240.85,3100200,269025
13-05-2025 11:40,24795.4,565800,566100,13-05-2025 11:40,162,3465600,903825,13-05-2025 11:40,242.4,3104475,275025
13-05-2025 11:40,24805.3,578925,560700,13-05-2025 11:40,164.05,3479025,907050,13-05-2025 11:40,239.5,3104775,286725
13-05-2025 11:41,24813.4,575250,558450,13-05-2025 11:41,167.8,3486375,879600,13-05-2025 11:41,235.05,3089550,286275
13-05-2025 11:41,24815.9,577350,554175,13-05-2025 11:41,173.1,3482400,876600,13-05-2025 11:41,230.05,3085500,286200
13-05-2025 11:41,24827.2,581400,562350,13-05-2025 11:41,178,3484350,852525,13-05-2025 11:41,224.85,3082425,288375
13-05-2025 11:41,24826.4,577575,562500,13-05-2025 11:41,175.4,3477525,841500,13-05-2025 11:41,226.9,3080025,292800
13-05-2025 11:41,24829.4,572850,566400,13-05-2025 11:41,177.75,3465675,857775,13-05-2025 11:41,222.5,3088275,291150
13-05-2025 11:41,24833,573900,564075,13-05-2025 11:41,178.15,3461250,848550,13-05-2025 11:41,220,3084825,294225
13-05-2025 11:42,24826.3,573525,562950,13-05-2025 11:42,174.6,3458775,878100,13-05-2025 11:42,225.55,3076425,295950
13-05-2025 11:42,24826.6,572250,563475,13-05-2025 11:42,175.95,3450225,881325,13-05-2025 11:42,223.75,3086250,295425
13-05-2025 11:42,24826.6,562275,568575,13-05-2025 11:42,171.65,3456600,896550,13-05-2025 11:42,229.05,3098175,282225
13-05-2025 11:42,24823,572625,570000,13-05-2025 11:42,174.55,3447225,904650,13-05-2025 11:42,225.5,3098550,281175
13-05-2025 11:42,24825,566025,574425,13-05-2025 11:42,171.95,3449550,913050,13-05-2025 11:42,226,3106500,280425
13-05-2025 11:42,24825,573000,563250,13-05-2025 11:42,172.45,3454050,911325,13-05-2025 11:42,226.45,3104400,284625
13-05-2025 11:43,24803.1,568650,571050,13-05-2025 11:43,162.2,3448200,922125,13-05-2025 11:43,236.55,3119550,283350
13-05-2025 11:43,24795,568200,572100,13-05-2025 11:43,158.2,3409050,920550,13-05-2025 11:43,242.75,3119250,276525
13-05-2025 11:43,24799,558450,565350,13-05-2025 11:43,159.75,3388425,922125,13-05-2025 11:43,242.95,3107325,268125
13-05-2025 11:43,24799.9,562950,572250,13-05-2025 11:43,161.25,3418125,932625,13-05-2025 11:43,243.1,3103500,262575
13-05-2025 11:43,24800,577275,572325,13-05-2025 11:43,161.45,3426675,932475,13-05-2025 11:43,242.65,3105600,255750
13-05-2025 11:43,24795.9,579000,574200,13-05-2025 11:43,161.5,3432300,930000,13-05-2025 11:43,243.5,3111000,256575
13-05-2025 11:44,24801.2,574950,568800,13-05-2025 11:44,162.3,3426825,939900,13-05-2025 11:44,241.9,3116025,249450
13-05-2025 11:44,24806.4,579825,571125,13-05-2025 11:44,163.7,3435075,939750,13-05-2025 11:44,237,3106725,253875
13-05-2025 11:44,24808.8,578250,567675,13-05-2025 11:44,166.6,3449925,938625,13-05-2025 11:44,233.55,3102000,260025
13-05-2025 11:44,24810,577425,573450,13-05-2025 11:44,164.9,3451575,937650,13-05-2025 11:44,236.95,3105000,260850
13-05-2025 11:44,24804.5,576675,570900,13-05-2025 11:44,165.35,3450675,940350,13-05-2025 11:44,236.85,3105900,264450
13-05-2025 11:44,24791,568425,573225,13-05-2025 11:44,157.6,3447750,955875,13-05-2025 11:44,247.7,3108975,256800
13-05-2025 11:45,24791.7,569850,569775,13-05-2025 11:45,159.5,3403875,960300,13-05-2025 11:45,244.1,3112575,238725
13-05-2025 11:45,24794.2,571125,570225,13-05-2025 11:45,157.35,3401850,972525,13-05-2025 11:45,247.9,3116175,243225
13-05-2025 11:45,24797,571875,571575,13-05-2025 11:45,159.1,3422025,972525,13-05-2025 11:45,243.75,3112200,248700
13-05-2025 11:45,24798.7,569775,572325,13-05-2025 11:45,160.85,3426150,969750,13-05-2025 11:45,243,3121050,251700
13-05-2025 11:45,24797.7,569700,572700,13-05-2025 11:45,159.35,3443625,965100,13-05-2025 11:45,244.65,3120375,251625
13-05-2025 11:45,24795,573600,573000,13-05-2025 11:45,158.8,3458775,971325,13-05-2025 11:45,244.45,3123375,246900
13-05-2025 11:46,24804.5,579750,568650,13-05-2025 11:46,163.7,3464550,965775,13-05-2025 11:46,240,3104550,250125
13-05-2025 11:46,24808.8,577725,571650,13-05-2025 11:46,164.3,3474750,956475,13-05-2025 11:46,236.7,3101325,256950
13-05-2025 11:46,24812,578775,568725,13-05-2025 11:46,167.2,3434700,956625,13-05-2025 11:46,234,3100200,266400
13-05-2025 11:46,24810,572850,572925,13-05-2025 11:46,165.7,3437175,951150,13-05-2025 11:46,235.3,3101700,262500
13-05-2025 11:46,24810,579150,573975,13-05-2025 11:46,165.05,3439650,968625,13-05-2025 11:46,235.75,3109950,262050
13-05-2025 11:46,24813.9,576675,573525,13-05-2025 11:46,165.3,3438825,968025,13-05-2025 11:46,233.55,3106425,265350
13-05-2025 11:47,24807.2,577725,571350,13-05-2025 11:47,163.35,3439875,966975,13-05-2025 11:47,236.7,3112200,261825
13-05-2025 11:47,24807.1,579225,574275,13-05-2025 11:47,161.85,3426450,977775,13-05-2025 11:47,238.35,3114450,253575
13-05-2025 11:47,24806,581250,573375,13-05-2025 11:47,164.05,3429600,975375,13-05-2025 11:47,236.05,3114750,258075
13-05-2025 11:47,24809.9,583275,575100,13-05-2025 11:47,163.8,3424650,975075,13-05-2025 11:47,234.75,3118275,261750
13-05-2025 11:47,24810,577950,573375,13-05-2025 11:47,164.25,3426600,970350,13-05-2025 11:47,233.7,3110925,262200
13-05-2025 11:47,24804.6,577425,575550,13-05-2025 11:47,162.65,3420675,977250,13-05-2025 11:47,236.7,3117825,259875
13-05-2025 11:48,24814,576600,574725,13-05-2025 11:48,166.75,3421800,971775,13-05-2025 11:48,230.95,3120750,265950
13-05-2025 11:48,24813,583575,571725,13-05-2025 11:48,165,3436050,955350,13-05-2025 11:48,230.85,3107550,264600
13-05-2025 11:48,24809.3,577800,572475,13-05-2025 11:48,164.25,3447150,968625,13-05-2025 11:48,232.05,3113325,268650
13-05-2025 11:48,24799.9,579825,570000,13-05-2025 11:48,158.3,3446250,978375,13-05-2025 11:48,235.7,3108600,277875
13-05-2025 11:48,24792,569625,571125,13-05-2025 11:48,153,3379800,978075,13-05-2025 11:48,242.55,3106950,259875
13-05-2025 11:48,24791.1,579750,577125,13-05-2025 11:48,151.4,3377925,978825,13-05-2025 11:48,244.35,3109800,256350
13-05-2025 11:49,24785,576975,578400,13-05-2025 11:49,151.75,3385650,992100,13-05-2025 11:49,246.4,3111075,251100
13-05-2025 11:49,24778,557925,571350,13-05-2025 11:49,152.15,3368475,991800,13-05-2025 11:49,250.25,3120000,242025
13-05-2025 11:49,24784.9,560925,574350,13-05-2025 11:49,150.25,3320925,1006050,13-05-2025 11:49,249.4,3109800,230700
13-05-2025 11:49,24785,565350,574200,13-05-2025 11:49,152.05,3350925,1008300,13-05-2025 11:49,250.15,3115350,232575
13-05-2025 11:49,24788,563850,569775,13-05-2025 11:49,152.5,3370650,1012800,13-05-2025 11:49,250,3113325,245925
13-05-2025 11:49,24790.5,567750,572475,13-05-2025 11:49,154.2,3362250,1013250,13-05-2025 11:49,246.8,3110325,244275
13-05-2025 11:50,24774.9,560775,573525,13-05-2025 11:50,151.05,3366975,1026150,13-05-2025 11:50,253.35,3101850,235950
13-05-2025 11:50,24784.7,564150,567975,13-05-2025 11:50,153.95,3381375,1026600,13-05-2025 11:50,247.45,3105825,226275
13-05-2025 11:50,24789,567600,574200,13-05-2025 11:50,154.35,3386700,1026975,13-05-2025 11:50,246.85,3105825,226950
13-05-2025 11:50,24799,564750,573375,13-05-2025 11:50,157.3,3402300,1022550,13-05-2025 11:50,243.7,3112425,234150
13-05-2025 11:50,24794.5,567150,571725,13-05-2025 11:50,159.85,3406125,1008825,13-05-2025 11:50,239.7,3108300,230775
13-05-2025 11:50,24796,568200,572700,13-05-2025 11:50,159.1,3408750,995250,13-05-2025 11:50,239.9,3090600,239475
13-05-2025 11:51,24795,568425,569025,13-05-2025 11:51,159.15,3408675,1005525,13-05-2025 11:51,238.5,3086325,243750
13-05-2025 11:51,24797.8,566175,571800,13-05-2025 11:51,156,3407400,1012650,13-05-2025 11:51,242.2,3088125,243375
13-05-2025 11:51,24798.1,567825,581925,13-05-2025 11:51,158.4,3409800,1014450,13-05-2025 11:51,237.85,3094425,241650
13-05-2025 11:51,24804.5,567000,581775,13-05-2025 11:51,159.05,3413175,1022700,13-05-2025 11:51,237.7,3095025,242700
13-05-2025 11:51,24798,563100,587700,13-05-2025 11:51,155.8,3412350,1028850,13-05-2025 11:51,239.1,3092550,243525
13-05-2025 11:51,24803,564975,582225,13-05-2025 11:51,157,3408300,1026300,13-05-2025 11:51,238.5,3094275,238800
13-05-2025 11:52,24801.6,572100,586650,13-05-2025 11:52,157.8,3419850,1020525,13-05-2025 11:52,238.6,3100125,241725
13-05-2025 11:52,24795.6,564600,589875,13-05-2025 11:52,155.15,3419475,1024875,13-05-2025 11:52,241.4,3100200,250650
13-05-2025 11:52,24799.8,567000,587250,13-05-2025 11:52,154.85,3430950,1024200,13-05-2025 11:52,239.7,3096600,251700
13-05-2025 11:52,24799.8,566100,577425,13-05-2025 11:52,155.1,3445500,1028925,13-05-2025 11:52,238.75,3096975,253050
13-05-2025 11:52,24803,576150,571725,13-05-2025 11:52,157.85,3454200,1032450,13-05-2025 11:52,235.3,3097425,253050
13-05-2025 11:52,24803,565650,574800,13-05-2025 11:52,159.95,3459600,1024275,13-05-2025 11:52,234.8,3093300,254850
13-05-2025 11:53,24796.7,563700,579975,13-05-2025 11:53,156.1,3462975,1032525,13-05-2025 11:53,238.5,3098025,255525
13-05-2025 11:53,24797.7,563175,577425,13-05-2025 11:53,156.8,3461850,1033500,13-05-2025 11:53,241.15,3097275,252300
13-05-2025 11:53,24795,563700,579525,13-05-2025 11:53,154.5,3469425,1041900,13-05-2025 11:53,242.65,3101925,251625
13-05-2025 11:53,24785,561975,579750,13-05-2025 11:53,150.8,3465750,1041825,13-05-2025 11:53,249.3,3103950,247875
13-05-2025 11:53,24778.6,551175,581100,13-05-2025 11:53,150.3,3397050,1047675,13-05-2025 11:53,251.3,3105450,237300
13-05-2025 11:53,24789.1,560025,579525,13-05-2025 11:53,153.3,3411525,1045875,13-05-2025 11:53,246.3,3101925,239400
13-05-2025 11:54,24782.6,555675,588150,13-05-2025 11:54,149.3,3421950,1052400,13-05-2025 11:54,252,3102825,244425
13-05-2025 11:54,24783.4,553725,580050,13-05-2025 11:54,149.4,3405975,1057500,13-05-2025 11:54,251.45,3101025,241725
13-05-2025 11:54,24782.6,563700,582150,13-05-2025 11:54,151.6,3419700,1063200,13-05-2025 11:54,247.65,3094800,235125
13-05-2025 11:54,24789.2,561825,577650,13-05-2025 11:54,154,3432975,1056150,13-05-2025 11:54,243.9,3096375,247500
13-05-2025 11:54,24794,562125,577500,13-05-2025 11:54,156.2,3447000,1056900,13-05-2025 11:54,240.05,3101250,249300
13-05-2025 11:54,24795,557175,579750,13-05-2025 11:54,154.25,3458850,1057200,13-05-2025 11:54,242.45,3102750,259200
13-05-2025 11:55,24798,561525,578700,13-05-2025 11:55,153.1,3454200,1061175,13-05-2025 11:55,239.8,3095025,255225
13-05-2025 11:55,24800,566700,580950,13-05-2025 11:55,155,3458325,1060425,13-05-2025 11:55,238.35,3096600,258900
13-05-2025 11:55,24801.8,566475,577425,13-05-2025 11:55,155,3461625,1064325,13-05-2025 11:55,237.9,3098400,257175
13-05-2025 11:55,24792.6,561825,577125,13-05-2025 11:55,153.1,3459225,1065450,13-05-2025 11:55,240.4,3098400,255450
13-05-2025 11:55,24798,565275,577650,13-05-2025 11:55,155.3,3465975,1068675,13-05-2025 11:55,235.4,3097800,260325
13-05-2025 11:55,24803,569775,574500,13-05-2025 11:55,155.75,3479325,1061550,13-05-2025 11:55,235.4,3094725,262125
13-05-2025 11:56,24801,562725,573975,13-05-2025 11:56,154,3474300,1064250,13-05-2025 11:56,237.8,3092400,260925
13-05-2025 11:56,24800.6,562425,575400,13-05-2025 11:56,154,3478725,1067175,13-05-2025 11:56,238.3,3097425,265125
13-05-2025 11:56,24780.8,561825,576825,13-05-2025 11:56,145.7,3450375,1070850,13-05-2025 11:56,251.35,3097875,253950
13-05-2025 11:56,24780.9,559200,575625,13-05-2025 11:56,146.65,3404700,1082925,13-05-2025 11:56,251.25,3097275,242250
13-05-2025 11:56,24775.4,559650,576000,13-05-2025 11:56,144.2,3427500,1085850,13-05-2025 11:56,255,3094575,228975
13-05-2025 11:56,24782.8,566175,575100,13-05-2025 11:56,146.3,3372900,1087950,13-05-2025 11:56,251.05,3088500,223275
13-05-2025 11:57,24780,542175,581625,13-05-2025 11:57,145.35,3392475,1102500,13-05-2025 11:57,252.3,3086700,233400
13-05-2025 11:57,24781.4,568500,576225,13-05-2025 11:57,146.6,3410025,1113000,13-05-2025 11:57,253,3092925,230925
13-05-2025 11:57,24781.7,567900,579450,13-05-2025 11:57,147.8,3416775,1109250,13-05-2025 11:57,250.55,3090525,227925
13-05-2025 11:57,24771.7,560400,578925,13-05-2025 11:57,143.5,3422025,1121325,13-05-2025 11:57,256.6,3093600,232200
13-05-2025 11:57,24769.2,544725,575250,13-05-2025 11:57,145,3382575,1126275,13-05-2025 11:57,255.5,3094875,203775
13-05-2025 11:57,24781.2,556650,576825,13-05-2025 11:57,147.6,3393750,1124400,13-05-2025 11:57,252.35,3091125,210225
13-05-2025 11:58,24780,560475,577875,13-05-2025 11:58,148.35,3404850,1121775,13-05-2025 11:58,249.45,3090825,214350
13-05-2025 11:58,24785,559800,578025,13-05-2025 11:58,148.5,3411525,1125000,13-05-2025 11:58,248.65,3088725,219975
13-05-2025 11:58,24792,564675,576600,13-05-2025 11:58,152.15,3422625,1121025,13-05-2025 11:58,244.55,3088650,230775
13-05-2025 11:58,24798.7,563325,574425,13-05-2025 11:58,153.35,3437925,1095075,13-05-2025 11:58,240.55,3097125,224250
13-05-2025 11:58,24798.9,570225,577800,13-05-2025 11:58,153.75,3437400,1095075,13-05-2025 11:58,239.8,3094800,227325
13-05-2025 11:58,24798.9,568425,572775,13-05-2025 11:58,154.45,3435750,1089675,13-05-2025 11:58,238.2,3092400,229275
13-05-2025 11:59,24795.3,565650,574500,13-05-2025 11:59,151.1,3440100,1100175,13-05-2025 11:59,242.5,3095850,232275
13-05-2025 11:59,24791.3,558075,582075,13-05-2025 11:59,148.85,3421875,1104375,13-05-2025 11:59,245.4,3100200,236325
13-05-2025 11:59,24786.2,555825,581175,13-05-2025 11:59,149.65,3416175,1114650,13-05-2025 11:59,243.5,3101325,240750
13-05-2025 11:59,24793.2,560400,578400,13-05-2025 11:59,149.95,3431175,1120050,13-05-2025 11:59,240,3098925,238275
13-05-2025 11:59,24795.8,556425,581625,13-05-2025 11:59,150.1,3433200,1122825,13-05-2025 11:59,240.6,3097050,241500
13-05-2025 11:59,24787.7,560925,582225,13-05-2025 11:59,148,3437100,1125450,13-05-2025 11:59,244.85,3099375,244575
13-05-2025 12:00,24782.7,555450,584175,13-05-2025 12:00,147.65,3426300,1140150,13-05-2025 12:00,245.4,3102075,238725
13-05-2025 12:00,24786.4,557250,591600,13-05-2025 12:00,147.55,3430800,1144725,13-05-2025 12:00,247.25,3104175,241800
13-05-2025 12:00,24797,559875,578550,13-05-2025 12:00,151,3439275,1143000,13-05-2025 12:00,241.35,3103125,244650
13-05-2025 12:00,24802,560775,574275,13-05-2025 12:00,154.3,3451425,1130250,13-05-2025 12:00,235.9,3092925,245625
13-05-2025 12:00,24782.8,552675,582750,13-05-2025 12:00,146.2,3445650,1124250,13-05-2025 12:00,248.45,3089625,246675
13-05-2025 12:00,24778.9,559575,579825,13-05-2025 12:00,143.55,3405450,1117650,13-05-2025 12:00,250.75,3089925,234000
13-05-2025 12:01,24779.3,554250,579750,13-05-2025 12:01,144,3405900,1127250,13-05-2025 12:01,247.6,3089550,235875
13-05-2025 12:01,24781.4,553800,579600,13-05-2025 12:01,142.9,3420375,1133700,13-05-2025 12:01,246,3087000,242925
13-05-2025 12:01,24777.4,552225,579450,13-05-2025 12:01,142.65,3401925,1143675,13-05-2025 12:01,246.45,3089700,246900
13-05-2025 12:01,24772,553875,585225,13-05-2025 12:01,139.9,3405750,1147425,13-05-2025 12:01,250.5,3093000,251925
13-05-2025 12:01,24767.4,553575,583275,13-05-2025 12:01,138.2,3289500,1157100,13-05-2025 12:01,252.15,3092850,235200
13-05-2025 12:01,24775,555900,577950,13-05-2025 12:01,137.7,3299700,1193625,13-05-2025 12:01,253,3094050,223125
13-05-2025 12:02,24773,552375,578250,13-05-2025 12:02,137.85,3314550,1202550,13-05-2025 12:02,250,3088350,231450
13-05-2025 12:02,24778.3,556125,576150,13-05-2025 12:02,138.65,3323925,1199250,13-05-2025 12:02,246.55,3083700,237750
13-05-2025 12:02,24775,555675,576825,13-05-2025 12:02,139.3,3336375,1216350,13-05-2025 12:02,247,3087450,249300
13-05-2025 12:02,24777.8,559500,577275,13-05-2025 12:02,138,3330300,1214025,13-05-2025 12:02,249.15,3086625,245175
13-05-2025 12:02,24784.8,553575,577875,13-05-2025 12:02,140.85,3336675,1224675,13-05-2025 12:02,242.45,3080250,244350
13-05-2025 12:02,24782.8,557700,579750,13-05-2025 12:02,139,3338925,1220925,13-05-2025 12:02,243.9,3072750,241200
13-05-2025 12:03,24775,561750,590475,13-05-2025 12:03,138,3356625,1229925,13-05-2025 12:03,246.7,3081000,249900
13-05-2025 12:03,24765.5,553200,583350,13-05-2025 12:03,136.45,3333675,1239075,13-05-2025 12:03,251.05,3079425,238275
13-05-2025 12:03,24766.9,551925,585375,13-05-2025 12:03,135.35,3275175,1238775,13-05-2025 12:03,249.85,3087150,224550
13-05-2025 12:03,24778,561675,587625,13-05-2025 12:03,137.25,3293325,1238250,13-05-2025 12:03,248.8,3083475,225075
13-05-2025 12:03,24781.2,562500,582900,13-05-2025 12:03,137.55,3294900,1236600,13-05-2025 12:03,247.2,3086475,230925
13-05-2025 12:03,24780,560325,579825,13-05-2025 12:03,138.75,3297075,1241325,13-05-2025 12:03,248.05,3083400,232350
13-05-2025 12:04,24784.4,562500,578400,13-05-2025 12:04,140.25,3314850,1235550,13-05-2025 12:04,244.5,3082050,231675
13-05-2025 12:04,24784.4,568500,579900,13-05-2025 12:04,142,3328350,1232025,13-05-2025 12:04,241.9,3082500,240075
13-05-2025 12:04,24786.9,563475,579825,13-05-2025 12:04,142.7,3334725,1212225,13-05-2025 12:04,240.9,3085875,247800
13-05-2025 12:04,24786.9,564525,583050,13-05-2025 12:04,141.95,3329175,1223850,13-05-2025 12:04,239,3083700,247875
13-05-2025 12:04,24788,565500,583125,13-05-2025 12:04,142.3,3323325,1230525,13-05-2025 12:04,238.3,3076650,249525
13-05-2025 12:04,24788.7,566025,589125,13-05-2025 12:04,142.15,3323775,1230075,13-05-2025 12:04,239,3078375,252000
13-05-2025 12:05,24788.7,564525,591150,13-05-2025 12:05,142.1,3327375,1224900,13-05-2025 12:05,239.2,3082425,256350
13-05-2025 12:05,24789.2,569100,597225,13-05-2025 12:05,143,3326925,1223925,13-05-2025 12:05,236.25,3079425,252900
13-05-2025 12:05,24797,571500,584700,13-05-2025 12:05,145.5,3339900,1200675,13-05-2025 12:05,234.5,3075975,265950
13-05-2025 12:05,24792.1,561375,595575,13-05-2025 12:05,142.95,3339225,1177200,13-05-2025 12:05,237.05,3069450,255450
13-05-2025 12:05,24797.8,569400,599775,13-05-2025 12:05,145.25,3341325,1179750,13-05-2025 12:05,232.55,3066075,249975
13-05-2025 12:05,24798.9,565425,601350,13-05-2025 12:05,146.1,3341250,1167150,13-05-2025 12:05,232.4,3066675,252000
13-05-2025 12:06,24807.8,565350,592125,13-05-2025 12:06,150.7,3340425,1168725,13-05-2025 12:06,228.75,3063375,254325
13-05-2025 12:06,24804.1,562425,598950,13-05-2025 12:06,149.5,3341400,1139775,13-05-2025 12:06,232,3050550,253275
13-05-2025 12:06,24806,566250,577350,13-05-2025 12:06,150.6,3347325,1153125,13-05-2025 12:06,228.75,3052725,252900
13-05-2025 12:06,24805.3,565050,602175,13-05-2025 12:06,150.55,3354975,1144650,13-05-2025 12:06,228.5,3057450,250350
13-05-2025 12:06,24807.6,566700,603300,13-05-2025 12:06,149.75,3349350,1145250,13-05-2025 12:06,229.9,3066600,256800
13-05-2025 12:06,24805.9,566325,600525,13-05-2025 12:06,151.25,3341775,1154700,13-05-2025 12:06,227.4,3066000,259350
13-05-2025 12:07,24804.7,568125,594000,13-05-2025 12:07,152.8,3349800,1137975,13-05-2025 12:07,227.3,3065625,260175
13-05-2025 12:07,24804.6,563400,604875,13-05-2025 12:07,151,3348150,1126725,13-05-2025 12:07,230.9,3069000,259200
13-05-2025 12:07,24805.1,570750,612000,13-05-2025 12:07,153.6,3357900,1132275,13-05-2025 12:07,228.1,3072300,258150
13-05-2025 12:07,24804.7,566475,605400,13-05-2025 12:07,153.4,3354750,1142475,13-05-2025 12:07,228.95,3073950,260625
13-05-2025 12:07,24815.9,568500,600675,13-05-2025 12:07,157.6,3356850,1143375,13-05-2025 12:07,223.15,3071550,260250
13-05-2025 12:07,24821,566325,583050,13-05-2025 12:07,159.55,3358275,1098750,13-05-2025 12:07,221.8,3061275,262125
13-05-2025 12:08,24811.2,567600,587400,13-05-2025 12:08,159.2,3354825,1068525,13-05-2025 12:08,224.5,3042675,262125
13-05-2025 12:08,24822.3,567750,575400,13-05-2025 12:08,160.15,3379800,1065375,13-05-2025 12:08,222.1,3041625,265125
13-05-2025 12:08,24817.5,574200,578550,13-05-2025 12:08,160.55,3387525,1047675,13-05-2025 12:08,221.75,3046125,269025
13-05-2025 12:08,24817.3,569550,578925,13-05-2025 12:08,159.7,3353100,1066950,13-05-2025 12:08,222.25,3056775,267750
13-05-2025 12:08,24826,571425,573375,13-05-2025 12:08,161.55,3352500,1068975,13-05-2025 12:08,219.2,3055800,265050
13-05-2025 12:08,24831,576225,581250,13-05-2025 12:08,162,3352875,1071225,13-05-2025 12:08,216.75,3046275,266550
13-05-2025 12:09,24829,569850,574575,13-05-2025 12:09,164.85,3377400,992175,13-05-2025 12:09,214.2,3031725,265425
13-05-2025 12:09,24839,570825,572250,13-05-2025 12:09,167.25,3390600,1006650,13-05-2025 12:09,212.1,3033375,268950
13-05-2025 12:09,24831.6,574500,574050,13-05-2025 12:09,165.9,3397350,1015200,13-05-2025 12:09,214.9,3027450,274650
13-05-2025 12:09,24835.6,571350,571800,13-05-2025 12:09,166.75,3388725,1021650,13-05-2025 12:09,213.75,3026400,273675
13-05-2025 12:09,24820.7,568725,576150,13-05-2025 12:09,161.75,3353475,1056525,13-05-2025 12:09,219.1,3040650,267600
13-05-2025 12:09,24819,570525,571875,13-05-2025 12:09,161.9,3333150,1063950,13-05-2025 12:09,219.5,3045150,274500
13-05-2025 12:10,24819,564675,573450,13-05-2025 12:10,157.6,3320775,1075200,13-05-2025 12:10,223.3,3049500,270450
13-05-2025 12:10,24818.8,571200,570075,13-05-2025 12:10,159.05,3310125,1078425,13-05-2025 12:10,219.8,3055350,277125
13-05-2025 12:10,24825,573600,574575,13-05-2025 12:10,159.9,3325500,1080000,13-05-2025 12:10,219.15,3052500,280950
13-05-2025 12:10,24829,574500,571125,13-05-2025 12:10,163,3338700,1075050,13-05-2025 12:10,216,3051900,291075
13-05-2025 12:10,24829,573150,573225,13-05-2025 12:10,162.85,3340200,1082400,13-05-2025 12:10,215.35,3055575,292200
13-05-2025 12:10,24834.2,575550,570900,13-05-2025 12:10,166.55,3355575,1073625,13-05-2025 12:10,212.85,3050475,294600
13-05-2025 12:11,24829.7,572625,573450,13-05-2025 12:11,165.4,3356700,1076400,13-05-2025 12:11,214.3,3058650,299550
13-05-2025 12:11,24829.2,571425,575475,13-05-2025 12:11,163.95,3340650,1088925,13-05-2025 12:11,215.55,3069450,299625
13-05-2025 12:11,24838,573300,570525,13-05-2025 12:11,168.35,3350475,1089300,13-05-2025 12:11,210.65,3061275,293100
13-05-2025 12:11,24840,570525,565500,13-05-2025 12:11,168.35,3362325,1011525,13-05-2025 12:11,209.3,3053025,296625
13-05-2025 12:11,24840,572475,565125,13-05-2025 12:11,170,3394875,1025325,13-05-2025 12:11,208.4,3057225,297075
13-05-2025 12:11,24843,570525,563700,13-05-2025 12:11,168.95,3396525,1021350,13-05-2025 12:11,208.9,3053175,304650
13-05-2025 12:12,24842.8,571425,563850,13-05-2025 12:12,170,3395175,1034250,13-05-2025 12:12,208.6,3055875,312825
13-05-2025 12:12,24846.4,576750,563175,13-05-2025 12:12,170.3,3412575,1041300,13-05-2025 12:12,207,3057975,315375
13-05-2025 12:12,24842.8,577050,561600,13-05-2025 12:12,169.95,3417750,1023525,13-05-2025 12:12,206.2,3063075,322200
13-05-2025 12:12,24826.6,569775,564525,13-05-2025 12:12,161,3373950,1048350,13-05-2025 12:12,215.6,3069825,312000
13-05-2025 12:12,24830.5,573900,565875,13-05-2025 12:12,159.9,3334875,1047150,13-05-2025 12:12,215.7,3076950,307275
13-05-2025 12:12,24824.9,575325,572325,13-05-2025 12:12,159.6,3351600,1051950,13-05-2025 12:12,215.65,3083025,311100
13-05-2025 12:13,24829.9,581100,575925,13-05-2025 12:13,158.3,3348975,1066500,13-05-2025 12:13,217.6,3090450,312600
13-05-2025 12:13,24829.8,577800,571800,13-05-2025 12:13,161.5,3360975,1063800,13-05-2025 12:13,215.5,3075975,313200
13-05-2025 12:13,24837,584325,568050,13-05-2025 12:13,165.2,3376350,1066650,13-05-2025 12:13,213.75,3077325,323325
13-05-2025 12:13,24834.1,579825,573750,13-05-2025 12:13,166.85,3375825,1063425,13-05-2025 12:13,211.85,3076050,330750
13-05-2025 12:13,24838,584625,572850,13-05-2025 12:13,167.6,3377100,1064850,13-05-2025 12:13,210.45,3078075,335250
13-05-2025 12:13,24840.4,582825,574575,13-05-2025 12:13,167.55,3378375,1058400,13-05-2025 12:13,210.5,3066225,341700
13-05-2025 12:14,24836.4,582525,578625,13-05-2025 12:14,166,3378600,1064475,13-05-2025 12:14,211.2,3073800,350400
13-05-2025 12:14,24838,587550,574425,13-05-2025 12:14,167.4,3383925,1067400,13-05-2025 12:14,209.75,3079425,352350
13-05-2025 12:14,24837.9,582450,576075,13-05-2025 12:14,165.85,3381825,1073475,13-05-2025 12:14,211.2,3086550,349425
13-05-2025 12:14,24840.4,585600,574500,13-05-2025 12:14,168.75,3385350,1081125,13-05-2025 12:14,208.8,3082275,355725
13-05-2025 12:14,24839.9,583725,577575,13-05-2025 12:14,166.5,3393300,1078200,13-05-2025 12:14,210.1,3079425,359475
13-05-2025 12:14,24835.2,583650,579825,13-05-2025 12:14,163.6,3382425,1090500,13-05-2025 12:14,213.05,3089325,355350
13-05-2025 12:15,24836,583350,576975,13-05-2025 12:15,164.2,3383775,1094550,13-05-2025 12:15,212.6,3093600,358725
13-05-2025 12:15,24836,578775,575175,13-05-2025 12:15,164.55,3382650,1092975,13-05-2025 12:15,211.15,3094425,352425
13-05-2025 12:15,24831.7,582900,575250,13-05-2025 12:15,160.9,3387675,1100850,13-05-2025 12:15,214.2,3099825,359550
13-05-2025 12:15,24834.9,581325,575775,13-05-2025 12:15,163.95,3379425,1100850,13-05-2025 12:15,211.1,3101175,358125
13-05-2025 12:15,24838,583725,572550,13-05-2025 12:15,165.55,3385725,1101750,13-05-2025 12:15,210.1,3092100,357750
13-05-2025 12:15,24841.9,579900,571125,13-05-2025 12:15,167.95,3403500,1081725,13-05-2025 12:15,207,3077175,361875
13-05-2025 12:16,24846,582825,577800,13-05-2025 12:16,170.1,3399675,1083750,13-05-2025 12:16,205.2,3079800,360525
13-05-2025 12:16,24842.4,582675,574800,13-05-2025 12:16,168.6,3401625,1067175,13-05-2025 12:16,206.6,3065925,366450
13-05-2025 12:16,24844.6,584850,571350,13-05-2025 12:16,167.3,3407325,1076250,13-05-2025 12:16,207,3069675,373650
13-05-2025 12:16,24848,588825,573150,13-05-2025 12:16,171.4,3403425,1078350,13-05-2025 12:16,203.75,3076800,361125
13-05-2025 12:16,24839.2,587325,575700,13-05-2025 12:16,165.85,3402750,1068375,13-05-2025 12:16,209,3087900,362400
13-05-2025 12:16,24835,590925,577125,13-05-2025 12:16,161.95,3386775,1074075,13-05-2025 12:16,212.4,3095400,358200
13-05-2025 12:17,24835.5,588150,575625,13-05-2025 12:17,162.3,3376950,1074375,13-05-2025 12:17,210.4,3093075,359550
13-05-2025 12:17,24831,586575,586125,13-05-2025 12:17,159.3,3382650,1083450,13-05-2025 12:17,212.7,3090450,368550
13-05-2025 12:17,24827.8,590550,577800,13-05-2025 12:17,158.2,3354825,1085775,13-05-2025 12:17,213.5,3093600,353325
13-05-2025 12:17,24834.9,587250,576075,13-05-2025 12:17,158.95,3356100,1077975,13-05-2025 12:17,213,3094650,357150
13-05-2025 12:17,24830,586725,581775,13-05-2025 12:17,154.9,3360525,1085325,13-05-2025 12:17,216.35,3095700,360150
13-05-2025 12:17,24820,587250,576600,13-05-2025 12:17,153.5,3341850,1085250,13-05-2025 12:17,215.6,3093000,351600
13-05-2025 12:18,24825,589125,573450,13-05-2025 12:18,154.5,3344100,1082100,13-05-2025 12:18,214.5,3093675,354075
13-05-2025 12:18,24826,589275,574500,13-05-2025 12:18,156.5,3362850,1083300,13-05-2025 12:18,212,3096450,364350
13-05-2025 12:18,24832.9,590400,573525,13-05-2025 12:18,157.05,3371775,1087050,13-05-2025 12:18,211.4,3084750,374700
13-05-2025 12:18,24838.9,593400,574200,13-05-2025 12:18,160.2,3384000,1089225,13-05-2025 12:18,207.2,3074325,379350
13-05-2025 12:18,24838.4,593775,572475,13-05-2025 12:18,161.5,3400350,1089375,13-05-2025 12:18,205.2,3076200,378750
13-05-2025 12:18,24840,592950,577500,13-05-2025 12:18,159.4,3402600,1094850,13-05-2025 12:18,203.9,3066150,382950
13-05-2025 12:19,24835,587325,579075,13-05-2025 12:19,156.9,3384225,1106700,13-05-2025 12:19,206.95,3070575,380175
13-05-2025 12:19,24833,587175,578550,13-05-2025 12:19,151.75,3370725,1107375,13-05-2025 12:19,209.85,3075225,386175
13-05-2025 12:19,24830.1,588750,575775,13-05-2025 12:19,152.65,3346950,1114125,13-05-2025 12:19,208.35,3081375,379425
13-05-2025 12:19,24822,579600,580050,13-05-2025 12:19,149.95,3328800,1112775,13-05-2025 12:19,210.95,3091725,379125
13-05-2025 12:19,24814,582150,579975,13-05-2025 12:19,146.55,3325350,1119075,13-05-2025 12:19,214.15,3096075,384300
13-05-2025 12:19,24820,585300,579150,13-05-2025 12:19,147.95,3334650,1121250,13-05-2025 12:19,213.45,3096825,373500
13-05-2025 12:20,24815.1,586275,578475,13-05-2025 12:20,147.8,3340425,1123500,13-05-2025 12:20,214.65,3100875,381150
13-05-2025 12:20,24815.1,588900,583350,13-05-2025 12:20,145.05,3347475,1129425,13-05-2025 12:20,214.15,3105450,372000
13-05-2025 12:20,24807.5,579300,579150,13-05-2025 12:20,141,3311475,1137750,13-05-2025 12:20,219.5,3088125,364950
13-05-2025 12:20,24813.6,580275,575925,13-05-2025 12:20,143.4,3270975,1125075,13-05-2025 12:20,216.75,3089850,339750
13-05-2025 12:20,24812.2,581325,582225,13-05-2025 12:20,142.25,3274425,1131825,13-05-2025 12:20,216.9,3082800,343650
13-05-2025 12:20,24813.2,578775,571350,13-05-2025 12:20,142.8,3294900,1138200,13-05-2025 12:20,215.9,3085050,339675
13-05-2025 12:21,24813.2,578775,570375,13-05-2025 12:21,144.4,3305550,1142625,13-05-2025 12:21,214.6,3081975,351225
13-05-2025 12:21,24813.2,576450,571800,13-05-2025 12:21,143.8,3313350,1146075,13-05-2025 12:21,215.95,3081150,350025
13-05-2025 12:21,24812.3,578550,571275,13-05-2025 12:21,145.2,3325050,1159050,13-05-2025 12:21,213.8,3082200,349200
13-05-2025 12:21,24815,582975,572175,13-05-2025 12:21,145,3333675,1148400,13-05-2025 12:21,217.1,3079350,353400
13-05-2025 12:21,24810,581700,575250,13-05-2025 12:21,143.55,3343650,1155525,13-05-2025 12:21,221.45,3086025,341175
13-05-2025 12:21,24812,582375,572100,13-05-2025 12:21,142.3,3344400,1159800,13-05-2025 12:21,220.25,3082575,331125
13-05-2025 12:22,24820,584625,570075,13-05-2025 12:22,146.7,3354900,1165350,13-05-2025 12:22,215.35,3081375,340725
13-05-2025 12:22,24814.9,580500,573600,13-05-2025 12:22,143.6,3354825,1169325,13-05-2025 12:22,218.2,3081600,349200
13-05-2025 12:22,24814.8,581775,573600,13-05-2025 12:22,144.55,3358800,1175700,13-05-2025 12:22,218.15,3085950,345600
13-05-2025 12:22,24817.5,588375,571275,13-05-2025 12:22,145.65,3382950,1174050,13-05-2025 12:22,216.5,3082800,346050
13-05-2025 12:22,24815.2,588750,575250,13-05-2025 12:22,144.85,3382875,1179525,13-05-2025 12:22,219.15,3083475,352425
13-05-2025 12:22,24810.1,586800,577575,13-05-2025 12:22,143.7,3381750,1180725,13-05-2025 12:22,218.55,3087675,351225
13-05-2025 12:23,24810.8,597825,579075,13-05-2025 12:23,142.5,3378675,1185825,13-05-2025 12:23,220.8,3094125,332550
13-05-2025 12:23,24804.7,599625,576525,13-05-2025 12:23,139.6,3370275,1187175,13-05-2025 12:23,225.55,3091200,318900
13-05-2025 12:23,24802.9,587700,576150,13-05-2025 12:23,139.8,3331275,1194750,13-05-2025 12:23,225.7,3089400,290475
13-05-2025 12:23,24800,579900,572850,13-05-2025 12:23,140.7,3344175,1199475,13-05-2025 12:23,225.8,3089925,282975
13-05-2025 12:23,24804.8,580275,580125,13-05-2025 12:23,141,3351675,1205325,13-05-2025 12:23,226.5,3092250,283425
13-05-2025 12:23,24807.9,597675,576000,13-05-2025 12:23,142.9,3369450,1204200,13-05-2025 12:23,221.8,3086175,291375
13-05-2025 12:24,24806.9,598575,578850,13-05-2025 12:24,142.75,3374850,1209450,13-05-2025 12:24,223.05,3078375,297300
13-05-2025 12:24,24808.2,597000,577200,13-05-2025 12:24,141.65,3377325,1221450,13-05-2025 12:24,224.5,3082200,296100
13-05-2025 12:24,24809.8,605175,572025,13-05-2025 12:24,141.85,3395325,1220550,13-05-2025 12:24,222,3080700,306825
13-05-2025 12:24,24813.9,625125,574950,13-05-2025 12:24,144.65,3397800,1224300,13-05-2025 12:24,221.55,3082875,308925
13-05-2025 12:24,24805,622275,580500,13-05-2025 12:24,141.45,3402000,1215900,13-05-2025 12:24,225.7,3074700,308175
13-05-2025 12:24,24802.4,619725,582900,13-05-2025 12:24,139.5,3397200,1222200,13-05-2025 12:24,226.9,3080925,311325
13-05-2025 12:25,24805,614625,581625,13-05-2025 12:25,139.5,3374475,1225425,13-05-2025 12:25,226.4,3092475,302775
13-05-2025 12:25,24805,598650,579000,13-05-2025 12:25,140,3382350,1229400,13-05-2025 12:25,224.75,3089400,308475
13-05-2025 12:25,24800.1,599250,585450,13-05-2025 12:25,139.05,3394725,1229925,13-05-2025 12:25,227.05,3077400,305850
13-05-2025 12:25,24802.4,599625,578550,13-05-2025 12:25,140.15,3403125,1235925,13-05-2025 12:25,225.5,3077925,306975
13-05-2025 12:25,24813.9,627075,580500,13-05-2025 12:25,143.15,3423450,1233750,13-05-2025 12:25,220.9,3071100,310725
13-05-2025 12:25,24806.3,625125,584775,13-05-2025 12:25,143.05,3422700,1232175,13-05-2025 12:25,221.65,3064725,320550
13-05-2025 12:26,24810.5,620850,580350,13-05-2025 12:26,141.75,3420675,1243350,13-05-2025 12:26,221.35,3063825,319275
13-05-2025 12:26,24807,618600,587475,13-05-2025 12:26,139.8,3422400,1243875,13-05-2025 12:26,224.55,3069225,311175
13-05-2025 12:26,24803.8,614475,584250,13-05-2025 12:26,139.65,3420975,1250100,13-05-2025 12:26,226,3072600,309075
13-05-2025 12:26,24800.1,579000,586650,13-05-2025 12:26,138.2,3405075,1260225,13-05-2025 12:26,227.3,3068025,309150
13-05-2025 12:26,24803.3,596925,585825,13-05-2025 12:26,137.25,3377250,1265475,13-05-2025 12:26,226.65,3071175,302700
13-05-2025 12:26,24800,595875,583050,13-05-2025 12:26,135.2,3376875,1269975,13-05-2025 12:26,225.95,3078825,300300
13-05-2025 12:27,24803.8,607575,587025,13-05-2025 12:27,137.9,3333000,1275300,13-05-2025 12:27,222.3,3070950,308100
13-05-2025 12:27,24805.3,606525,580875,13-05-2025 12:27,138,3340725,1280550,13-05-2025 12:27,221.65,3063675,309750
13-05-2025 12:27,24804,604050,584025,13-05-2025 12:27,135.7,3338475,1283850,13-05-2025 12:27,222.65,3057150,306225
13-05-2025 12:27,24795.1,601650,588900,13-05-2025 12:27,132.25,3332475,1289775,13-05-2025 12:27,226.6,3053775,306075
13-05-2025 12:27,24795.9,595725,587700,13-05-2025 12:27,131.6,3291675,1292625,13-05-2025 12:27,227.05,3051750,303000
13-05-2025 12:27,24794,584400,588225,13-05-2025 12:27,131.55,3293325,1298325,13-05-2025 12:27,228,3057900,299175
13-05-2025 12:28,24793,582675,587925,13-05-2025 12:28,130.9,3305925,1301550,13-05-2025 12:28,227.1,3056775,303150
13-05-2025 12:28,24793,583425,589575,13-05-2025 12:28,129.35,3323175,1307025,13-05-2025 12:28,226.9,3051150,315300
13-05-2025 12:28,24798.9,589500,590250,13-05-2025 12:28,131.05,3239850,1314075,13-05-2025 12:28,224.45,3050625,314325
13-05-2025 12:28,24792.4,586575,588000,13-05-2025 12:28,130.95,3262950,1311225,13-05-2025 12:28,224.3,3053100,323925
13-05-2025 12:28,24786,581775,595725,13-05-2025 12:28,127.8,3254475,1313475,13-05-2025 12:28,229.05,3052350,320400
13-05-2025 12:28,24785,584325,591225,13-05-2025 12:28,126.6,3224100,1323300,13-05-2025 12:28,231,3048450,301650
13-05-2025 12:29,24784.7,579825,590400,13-05-2025 12:29,125.8,3230925,1334400,13-05-2025 12:29,231.85,3047775,298200
13-05-2025 12:29,24780,580650,591000,13-05-2025 12:29,126.5,3201675,1333725,13-05-2025 12:29,231.5,3049125,301725
13-05-2025 12:29,24787.2,588825,587775,13-05-2025 12:29,128.15,3205875,1322700,13-05-2025 12:29,228.4,3042900,305175
13-05-2025 12:29,24786.9,592050,587625,13-05-2025 12:29,132.05,3237000,1316325,13-05-2025 12:29,223.65,3042600,318525
13-05-2025 12:29,24794,598125,586350,13-05-2025 12:29,132,3244650,1318875,13-05-2025 12:29,223.45,3036150,319800
13-05-2025 12:29,24794.9,592275,589350,13-05-2025 12:29,131.7,3251700,1327500,13-05-2025 12:29,224.25,3044325,323550
13-05-2025 12:30,24791.3,597600,586575,13-05-2025 12:30,132.45,3250275,1324200,13-05-2025 12:30,223.7,3039900,320250
13-05-2025 12:30,24794,601575,587550,13-05-2025 12:30,132.4,3263025,1329825,13-05-2025 12:30,224.5,3040050,326475
13-05-2025 12:30,24796.3,593775,588525,13-05-2025 12:30,132.8,3265500,1339050,13-05-2025 12:30,224.55,3040800,327750
13-05-2025 12:30,24790,594825,596025,13-05-2025 12:30,131.55,3260775,1353525,13-05-2025 12:30,227.7,3044400,326625
13-05-2025 12:30,24791.3,602400,588750,13-05-2025 12:30,133.35,3257925,1353600,13-05-2025 12:30,224.3,3044925,327825
13-05-2025 12:30,24798.9,603375,584625,13-05-2025 12:30,135.4,3265575,1344975,13-05-2025 12:30,220.05,3041400,326625
13-05-2025 12:31,24798.9,595275,589725,13-05-2025 12:31,133.95,3268800,1330350,13-05-2025 12:31,222.05,3035250,323325
13-05-2025 12:31,24796,592950,592125,13-05-2025 12:31,134.1,3270825,1340250,13-05-2025 12:31,222.55,3035625,326925
13-05-2025 12:31,24800,591000,590025,13-05-2025 12:31,133.2,3266775,1353225,13-05-2025 12:31,221.7,3047175,329775
13-05-2025 12:31,24797.9,611700,591750,13-05-2025 12:31,134.05,3265200,1358925,13-05-2025 12:31,218.7,3042300,329625
13-05-2025 12:31,24805.7,612750,592650,13-05-2025 12:31,135.55,3272850,1360500,13-05-2025 12:31,214.9,3028575,335550
13-05-2025 12:31,24805.7,612150,592125,13-05-2025 12:31,135.55,3268650,1362150,13-05-2025 12:31,215.75,3025725,329550
13-05-2025 12:32,24807.3,608550,608325,13-05-2025 12:32,134.25,3264450,1357200,13-05-2025 12:32,215.5,3033525,325650
13-05-2025 12:32,24808.9,617250,589275,13-05-2025 12:32,136.4,3272925,1353750,13-05-2025 12:32,214.15,3028425,330225
13-05-2025 12:32,24800,602925,601350,13-05-2025 12:32,131,3271050,1351800,13-05-2025 12:32,220.25,3031425,326025
13-05-2025 12:32,24786,587550,606300,13-05-2025 12:32,126.9,3238125,1356075,13-05-2025 12:32,225.95,3034650,319950
13-05-2025 12:32,24785.3,601200,609900,13-05-2025 12:32,124.35,3214950,1361175,13-05-2025 12:32,227.6,3035925,318075
13-05-2025 12:32,24781,604275,605550,13-05-2025 12:32,123.7,3184500,1366350,13-05-2025 12:32,229.1,3036225,311025
13-05-2025 12:33,24783.4,603000,606975,13-05-2025 12:33,122.2,3203175,1371900,13-05-2025 12:33,227,3030525,313200
13-05-2025 12:33,24771,602475,612375,13-05-2025 12:33,116.85,3207900,1382250,13-05-2025 12:33,235.75,3029700,312150
13-05-2025 12:33,24767,579150,611550,13-05-2025 12:33,114.95,3102825,1378275,13-05-2025 12:33,236.45,3024150,278250
13-05-2025 12:33,24764.3,568200,622425,13-05-2025 12:33,113.75,3102375,1380075,13-05-2025 12:33,242,3024750,282600
13-05-2025 12:33,24757.5,562575,613875,13-05-2025 12:33,112.3,3117000,1376625,13-05-2025 12:33,246.6,3034050,262800
13-05-2025 12:33,24752.5,546150,611775,13-05-2025 12:33,111.3,3119775,1377600,13-05-2025 12:33,249.8,3034350,245775
13-05-2025 12:34,24751.6,539100,612375,13-05-2025 12:34,113.65,3125700,1380900,13-05-2025 12:34,248.5,3042450,228000
13-05-2025 12:34,24762,531450,612450,13-05-2025 12:34,115.25,3142575,1370925,13-05-2025 12:34,246,3027375,224250
13-05-2025 12:34,24756.2,539025,616350,13-05-2025 12:34,115.2,3158250,1374375,13-05-2025 12:34,245.5,3009900,224625
13-05-2025 12:34,24751.9,539775,620025,13-05-2025 12:34,113.8,3154275,1376025,13-05-2025 12:34,252.7,3012000,225525
13-05-2025 12:34,24750.4,539325,623775,13-05-2025 12:34,114.9,3161850,1428225,13-05-2025 12:34,250.95,3012300,216600
13-05-2025 12:34,24750,541350,615450,13-05-2025 12:34,113.75,3176100,1395525,13-05-2025 12:34,251.6,3014250,215325
13-05-2025 12:35,24754.6,539550,619725,13-05-2025 12:35,113.95,3177000,1394100,13-05-2025 12:35,251.4,3021150,215475
13-05-2025 12:35,24754.3,538950,621150,13-05-2025 12:35,114.3,3189825,1395900,13-05-2025 12:35,252.1,3018225,219150
13-05-2025 12:35,24750.2,534450,626025,13-05-2025 12:35,114,3190125,1411425,13-05-2025 12:35,258.7,3018750,207675
13-05-2025 12:35,24745.1,535200,614250,13-05-2025 12:35,115.65,3208350,1400100,13-05-2025 12:35,256.5,3016800,189600
13-05-2025 12:35,24747,536925,622650,13-05-2025 12:35,114.5,3212100,1403850,13-05-2025 12:35,256,3014475,185175
13-05-2025 12:35,24745,536925,620400,13-05-2025 12:35,113.15,3210450,1398300,13-05-2025 12:35,259,3014250,189450
13-05-2025 12:36,24730,518250,618600,13-05-2025 12:36,110.75,3204750,1406700,13-05-2025 12:36,270.2,3018825,180975
13-05-2025 12:36,24739.7,501600,618525,13-05-2025 12:36,113.4,3127650,1411050,13-05-2025 12:36,263.35,3019725,165900
13-05-2025 12:36,24740,512025,615375,13-05-2025 12:36,114.55,3141750,1407900,13-05-2025 12:36,258.95,3014625,171750
13-05-2025 12:36,24740,510225,621900,13-05-2025 12:36,114.1,3150225,1412025,13-05-2025 12:36,260.9,3010125,172350
13-05-2025 12:36,24747.6,510300,622875,13-05-2025 12:36,115.75,3157725,1409325,13-05-2025 12:36,258.25,3013950,176025
13-05-2025 12:36,24751,511125,616725,13-05-2025 12:36,115.8,3170175,1399800,13-05-2025 12:36,256.65,3010350,181500
13-05-2025 12:37,24756.5,522600,618525,13-05-2025 12:37,120.4,3186225,1359450,13-05-2025 12:37,247.6,2991825,179625
13-05-2025 12:37,24764,520800,621675,13-05-2025 12:37,122.55,3210225,1371150,13-05-2025 12:37,244.3,2993175,185400
13-05-2025 12:37,24757,516900,626325,13-05-2025 12:37,120.45,3211350,1369050,13-05-2025 12:37,246.85,2995200,191550
13-05-2025 12:37,24765,523275,626475,13-05-2025 12:37,121.45,3221325,1374750,13-05-2025 12:37,243.1,2991450,192825
13-05-2025 12:37,24762.1,523050,628350,13-05-2025 12:37,122.5,3220275,1367775,13-05-2025 12:37,241.95,2988975,193575
13-05-2025 12:37,24759,517350,635475,13-05-2025 12:37,119,3208275,1389375,13-05-2025 12:37,247.95,2999175,197775
13-05-2025 12:38,24756,521775,631125,13-05-2025 12:38,120.35,3196875,1388700,13-05-2025 12:38,245.65,3001425,202725
13-05-2025 12:38,24755.7,521400,636675,13-05-2025 12:38,118.5,3197250,1396575,13-05-2025 12:38,246.65,3006600,203700
13-05-2025 12:38,24755.7,520200,634875,13-05-2025 12:38,119.1,3212100,1404975,13-05-2025 12:38,246.95,3011325,205050
13-05-2025 12:38,24755,517650,632850,13-05-2025 12:38,117.85,3213000,1410525,13-05-2025 12:38,249.1,3015000,206325
13-05-2025 12:38,24755,517950,639300,13-05-2025 12:38,119.25,3211575,1411200,13-05-2025 12:38,250.2,3009000,208950
13-05-2025 12:38,24752,518550,639525,13-05-2025 12:38,118.85,3214950,1415925,13-05-2025 12:38,248.6,3016050,203850
13-05-2025 12:39,24754.1,519225,634200,13-05-2025 12:39,118.95,3218325,1418475,13-05-2025 12:39,249.45,3017550,223050
13-05-2025 12:39,24759.8,521175,637200,13-05-2025 12:39,120.15,3220050,1413825,13-05-2025 12:39,248.7,3018150,227700
13-05-2025 12:39,24753,519075,644625,13-05-2025 12:39,118.4,3222300,1434225,13-05-2025 12:39,251.5,3018825,220575
13-05-2025 12:39,24753,517425,643650,13-05-2025 12:39,118.55,3213975,1439700,13-05-2025 12:39,251.3,3022725,228825
13-05-2025 12:39,24757,518400,646725,13-05-2025 12:39,118.7,3200625,1445775,13-05-2025 12:39,251.1,3023475,222975
13-05-2025 12:39,24751.8,516450,647550,13-05-2025 12:39,117,3209175,1455150,13-05-2025 12:39,252.4,3022800,212925
13-05-2025 12:40,24744,517650,650850,13-05-2025 12:40,115.45,3211125,1458300,13-05-2025 12:40,257.9,3028650,212325
13-05-2025 12:40,24744,521700,647625,13-05-2025 12:40,115.95,3199050,1456725,13-05-2025 12:40,256.85,3029025,214275
13-05-2025 12:40,24742,517725,650625,13-05-2025 12:40,114.5,3201075,1464225,13-05-2025 12:40,259.85,3031050,211350
13-05-2025 12:40,24738.5,518325,646800,13-05-2025 12:40,114.1,3195975,1459725,13-05-2025 12:40,261.45,3026175,204225
13-05-2025 12:40,24736,512775,651600,13-05-2025 12:40,113.35,3199950,1462425,13-05-2025 12:40,264.7,3024375,193650
13-05-2025 12:40,24738,516675,650550,13-05-2025 12:40,112.7,3199800,1463175,13-05-2025 12:40,264.05,3024675,184800
13-05-2025 12:41,24742,515700,645825,13-05-2025 12:41,115.5,3210600,1463625,13-05-2025 12:41,260.2,3022350,182400
13-05-2025 12:41,24744.9,528075,640125,13-05-2025 12:41,118.45,3224925,1453575,13-05-2025 12:41,255.75,3008625,191100
13-05-2025 12:41,24750,523425,643875,13-05-2025 12:41,118.65,3230700,1446750,13-05-2025 12:41,253.2,3008325,190350
13-05-2025 12:41,24750,523125,648450,13-05-2025 12:41,117.95,3227775,1446375,13-05-2025 12:41,253.75,3012600,191925
13-05-2025 12:41,24746.7,519075,649425,13-05-2025 12:41,116,3217650,1455450,13-05-2025 12:41,256.65,3020175,189900
13-05-2025 12:41,24740.6,517950,650175,13-05-2025 12:41,115.95,3221550,1460100,13-05-2025 12:41,258.25,3022800,191550
13-05-2025 12:42,24738,516900,652125,13-05-2025 12:42,114.8,3218025,1462050,13-05-2025 12:42,260.45,3021300,190500
13-05-2025 12:42,24728.8,512100,649875,13-05-2025 12:42,111.4,3218925,1460625,13-05-2025 12:42,267.2,3024675,184800
13-05-2025 12:42,24730.2,525750,651075,13-05-2025 12:42,113.45,3203025,1464000,13-05-2025 12:42,264.1,3022650,175500
13-05-2025 12:42,24738,525000,649950,13-05-2025 12:42,114.1,3216000,1469775,13-05-2025 12:42,264.15,3021375,178950
13-05-2025 12:42,24736.8,525150,654750,13-05-2025 12:42,113.55,3222900,1472025,13-05-2025 12:42,266.7,3021000,177450
13-05-2025 12:42,24732.2,523275,655725,13-05-2025 12:42,114.45,3225900,1476975,13-05-2025 12:42,268.15,3025125,174900
13-05-2025 12:43,24744.9,523650,651825,13-05-2025 12:43,116.45,3236175,1467000,13-05-2025 12:43,261.1,3016350,166050
13-05-2025 12:43,24738,524025,650025,13-05-2025 12:43,117.3,3238575,1447125,13-05-2025 12:43,260.5,3003825,170700
13-05-2025 12:43,24736.4,522075,652725,13-05-2025 12:43,114.95,3240000,1458150,13-05-2025 12:43,264.05,3008700,174375
13-05-2025 12:43,24739.4,525150,655800,13-05-2025 12:43,114.2,3226800,1463175,13-05-2025 12:43,263.2,3013425,177450
13-05-2025 12:43,24738,524550,653325,13-05-2025 12:43,114.6,3243600,1467675,13-05-2025 12:43,262.8,3014850,179850
13-05-2025 12:43,24733.8,526725,664275,13-05-2025 12:43,114.45,3253350,1467000,13-05-2025 12:43,264.7,3015375,178275
13-05-2025 12:44,24737,527775,655650,13-05-2025 12:44,115.15,3253275,1467825,13-05-2025 12:44,263.05,3013725,182850
13-05-2025 12:44,24740,523950,655950,13-05-2025 12:44,115.4,3255525,1471650,13-05-2025 12:44,261.4,3013725,184050
13-05-2025 12:44,24732,524775,658275,13-05-2025 12:44,113.05,3254550,1474275,13-05-2025 12:44,266.75,3012525,183675
13-05-2025 12:44,24730,525300,659250,13-05-2025 12:44,113.55,3253425,1479825,13-05-2025 12:44,268.9,3016875,180600
13-05-2025 12:44,24730.9,525825,660600,13-05-2025 12:44,112.75,3251550,1488600,13-05-2025 12:44,269.6,3018000,180225
13-05-2025 12:44,24727,530775,659625,13-05-2025 12:44,112.65,3262050,1490775,13-05-2025 12:44,269.85,3016575,182100
13-05-2025 12:45,24722.5,524250,659025,13-05-2025 12:45,112.15,3263250,1486875,13-05-2025 12:45,268.8,3018825,189075
13-05-2025 12:45,24728.6,526350,659850,13-05-2025 12:45,111.45,3261675,1491525,13-05-2025 12:45,269.2,3019350,185850
13-05-2025 12:45,24725,524250,659325,13-05-2025 12:45,112.05,3268500,1496100,13-05-2025 12:45,268.15,3023025,187050
13-05-2025 12:45,24728.5,531450,657525,13-05-2025 12:45,113.4,3275175,1500375,13-05-2025 12:45,263.45,3017250,188775
13-05-2025 12:45,24735.2,527100,658500,13-05-2025 12:45,114.1,3279000,1491900,13-05-2025 12:45,262.45,3016050,193275
13-05-2025 12:45,24740,531750,659175,13-05-2025 12:45,115.7,3289875,1485600,13-05-2025 12:45,257.65,3009525,191850
13-05-2025 12:46,24744,550200,660525,13-05-2025 12:46,115.55,3286425,1478625,13-05-2025 12:46,257.4,3003450,192750
13-05-2025 12:46,24748.7,548700,656925,13-05-2025 12:46,117.55,3296925,1471500,13-05-2025 12:46,255.55,3001800,191700
13-05-2025 12:46,24748,552225,660000,13-05-2025 12:46,118.75,3295650,1457475,13-05-2025 12:46,253.1,3001650,196050
13-05-2025 12:46,24745.6,546900,666375,13-05-2025 12:46,116.3,3273900,1464075,13-05-2025 12:46,258.65,3004200,191175
13-05-2025 12:46,24737.6,533100,663450,13-05-2025 12:46,116.6,3267525,1473900,13-05-2025 12:46,257.75,3004575,190575
13-05-2025 12:46,24739.1,531750,666600,13-05-2025 12:46,116.45,3270675,1475775,13-05-2025 12:46,256.7,3004500,196650
13-05-2025 12:47,24738.7,531600,663900,13-05-2025 12:47,116.45,3273975,1483125,13-05-2025 12:47,256.25,2998575,192675
13-05-2025 12:47,24732.4,525450,665025,13-05-2025 12:47,113.15,3270300,1482225,13-05-2025 12:47,263.25,3003000,191625
13-05-2025 12:47,24731,523500,661800,13-05-2025 12:47,113.55,3258825,1482225,13-05-2025 12:47,262.4,3001875,190800
13-05-2025 12:47,24737.2,526875,662025,13-05-2025 12:47,114.05,3267225,1486875,13-05-2025 12:47,260.7,2999175,195000
13-05-2025 12:47,24737.3,530325,660600,13-05-2025 12:47,114.15,3275475,1498125,13-05-2025 12:47,258,3000000,199875
13-05-2025 12:47,24735.9,530250,665400,13-05-2025 12:47,113.35,3279450,1500375,13-05-2025 12:47,261.4,3003075,201450
13-05-2025 12:48,24731.8,526125,663825,13-05-2025 12:48,113.3,3280875,1502100,13-05-2025 12:48,259.65,3002025,196050
13-05-2025 12:48,24732,524175,662700,13-05-2025 12:48,111.85,3297975,1505025,13-05-2025 12:48,263.7,3007800,199650
13-05-2025 12:48,24739.9,522825,664200,13-05-2025 12:48,115.1,3282525,1506525,13-05-2025 12:48,258.35,3001500,197775
13-05-2025 12:48,24746.9,535275,662625,13-05-2025 12:48,115.65,3286275,1499325,13-05-2025 12:48,254.55,2997750,198150
13-05-2025 12:48,24740,529275,666825,13-05-2025 12:48,114,3293550,1494000,13-05-2025 12:48,258.8,2998950,199050
13-05-2025 12:48,24744.8,530475,665325,13-05-2025 12:48,115.8,3295425,1499250,13-05-2025 12:48,255.5,3000450,197550
13-05-2025 12:49,24736.9,527250,669075,13-05-2025 12:49,115,3299775,1500300,13-05-2025 12:49,259.6,2997975,194925
13-05-2025 12:49,24737.3,529950,669150,13-05-2025 12:49,114.3,3299850,1503600,13-05-2025 12:49,259.4,2999850,195150
13-05-2025 12:49,24736.7,525075,669975,13-05-2025 12:49,113.95,3302475,1507500,13-05-2025 12:49,261.35,3003450,191100
13-05-2025 12:49,24731,525975,666450,13-05-2025 12:49,114.5,3307725,1509675,13-05-2025 12:49,261.2,3006075,193875
13-05-2025 12:49,24732.7,536550,665625,13-05-2025 12:49,113.9,3309375,1509975,13-05-2025 12:49,260.05,3001200,199200
13-05-2025 12:49,24740,534450,666975,13-05-2025 12:49,115.15,3323550,1505475,13-05-2025 12:49,258.75,2999400,195750
13-05-2025 12:50,24735.9,522975,671100,13-05-2025 12:50,113.1,3318675,1503975,13-05-2025 12:50,262.85,2998650,190275
13-05-2025 12:50,24731,526500,668700,13-05-2025 12:50,114.35,3316125,1505250,13-05-2025 12:50,264.55,2998275,191400
13-05-2025 12:50,24738.5,531450,668100,13-05-2025 12:50,114.3,3318150,1499100,13-05-2025 12:50,260.85,2998350,196875
13-05-2025 12:50,24735.5,530700,672300,13-05-2025 12:50,113.95,3328800,1496925,13-05-2025 12:50,265.45,3000075,194925
13-05-2025 12:50,24731.4,534600,671325,13-05-2025 12:50,115.6,3323400,1498350,13-05-2025 12:50,260.55,3000300,202950
13-05-2025 12:50,24732,526050,671400,13-05-2025 12:50,114.65,3328050,1500150,13-05-2025 12:50,261.95,2996325,202275
13-05-2025 12:51,24734.6,534675,669825,13-05-2025 12:51,115.2,3323400,1499550,13-05-2025 12:51,260.9,2995350,207750
13-05-2025 12:51,24732.1,529875,673950,13-05-2025 12:51,115.4,3329775,1491150,13-05-2025 12:51,260.35,2999700,206625
13-05-2025 12:51,24737,535800,668925,13-05-2025 12:51,115.75,3319800,1486725,13-05-2025 12:51,259.85,2997450,205725
13-05-2025 12:51,24735.9,533625,670800,13-05-2025 12:51,114.75,3321375,1492350,13-05-2025 12:51,263.3,2998050,210375
13-05-2025 12:51,24725,529275,676350,13-05-2025 12:51,112.2,3311325,1514625,13-05-2025 12:51,270.05,2999550,204450
13-05-2025 12:51,24735.8,529500,667575,13-05-2025 12:51,114.85,3285600,1516050,13-05-2025 12:51,263,2999850,189825
13-05-2025 12:52,24733.5,527925,669225,13-05-2025 12:52,114.75,3294675,1516200,13-05-2025 12:52,262.6,3001275,193725
13-05-2025 12:52,24730,524550,670650,13-05-2025 12:52,113.45,3293475,1522050,13-05-2025 12:52,265,3007275,193725
13-05-2025 12:52,24731,521325,670950,13-05-2025 12:52,112.7,3292050,1524450,13-05-2025 12:52,266.85,3006450,189825
13-05-2025 12:52,24730,525150,667125,13-05-2025 12:52,114.05,3302025,1521750,13-05-2025 12:52,262.65,3002775,192225
13-05-2025 12:52,24732,527100,672675,13-05-2025 12:52,113.35,3303525,1533300,13-05-2025 12:52,265.3,3004275,195075
13-05-2025 12:52,24732.5,521625,668700,13-05-2025 12:52,113.7,3302100,1532400,13-05-2025 12:52,264,3000600,195150
13-05-2025 12:53,24735.9,528525,669150,13-05-2025 12:53,115.85,3305175,1528800,13-05-2025 12:53,258.45,2997450,199950
13-05-2025 12:53,24734.8,524175,678150,13-05-2025 12:53,114.3,3302925,1529100,13-05-2025 12:53,263.75,2991225,202425
13-05-2025 12:53,24734,521925,681075,13-05-2025 12:53,114.3,3302775,1533600,13-05-2025 12:53,264.7,2995350,202125
13-05-2025 12:53,24733,525600,677775,13-05-2025 12:53,116,3311700,1540500,13-05-2025 12:53,262.85,2993700,204375
13-05-2025 12:53,24731,522900,678750,13-05-2025 12:53,115.3,3308175,1522650,13-05-2025 12:53,265.45,2994300,200400
13-05-2025 12:53,24728,522075,680475,13-05-2025 12:53,114.65,3311100,1524750,13-05-2025 12:53,265.9,2997375,203400
13-05-2025 12:54,24729.2,522900,681675,13-05-2025 12:54,114.15,3310575,1529025,13-05-2025 12:54,267,2997225,202650
13-05-2025 12:54,24726,521550,681375,13-05-2025 12:54,113.4,3315675,1533825,13-05-2025 12:54,269.75,2999625,201600
13-05-2025 12:54,24705.9,505725,679575,13-05-2025 12:54,110.25,3306525,1535400,13-05-2025 12:54,289.95,2997825,182700
13-05-2025 12:54,24705.5,456225,683550,13-05-2025 12:54,110.45,3200700,1527450,13-05-2025 12:54,281.05,2999700,142800
13-05-2025 12:54,24701,443850,685575,13-05-2025 12:54,107,3198225,1534575,13-05-2025 12:54,285.95,2995425,144750
13-05-2025 12:54,24700,431475,681000,13-05-2025 12:54,105.15,3181125,1548300,13-05-2025 12:54,294.1,3002325,147375
13-05-2025 12:55,24700,410400,677400,13-05-2025 12:55,108.9,3157125,1535625,13-05-2025 12:55,286,3000150,144525
13-05-2025 12:55,24707,417825,676125,13-05-2025 12:55,109.35,3171000,1530000,13-05-2025 12:55,281.2,2993850,153450
13-05-2025 12:55,24707.3,417225,673875,13-05-2025 12:55,109.9,3179100,1526400,13-05-2025 12:55,282.45,2981775,160575
13-05-2025 12:55,24707,406950,682725,13-05-2025 12:55,107.65,3171900,1537800,13-05-2025 12:55,288.4,2989125,152625
13-05-2025 12:55,24704.7,410625,685200,13-05-2025 12:55,108.15,3182250,1542450,13-05-2025 12:55,288.1,2992275,155475
13-05-2025 12:55,24711,423375,683175,13-05-2025 12:55,110.9,3196950,1539600,13-05-2025 12:55,283.4,2989650,160875
13-05-2025 12:56,24705,421500,686400,13-05-2025 12:56,109.35,3200475,1533375,13-05-2025 12:56,284.55,2990625,162225
13-05-2025 12:56,24705,417675,691950,13-05-2025 12:56,109.2,3203175,1536525,13-05-2025 12:56,285.9,2994150,163125
13-05-2025 12:56,24705.2,425400,690300,13-05-2025 12:56,110,3219000,1537350,13-05-2025 12:56,283.6,2995650,164400
13-05-2025 12:56,24709.8,428925,686775,13-05-2025 12:56,110.45,3223125,1535475,13-05-2025 12:56,285.95,2994600,160875
13-05-2025 12:56,24706.7,432300,687750,13-05-2025 12:56,111,3235350,1526400,13-05-2025 12:56,284,2991825,167175
13-05-2025 12:56,24710.6,431700,682875,13-05-2025 12:56,113.3,3231225,1523700,13-05-2025 12:56,280.35,2987250,169200
13-05-2025 12:57,24710.3,441150,687450,13-05-2025 12:57,113.2,3237300,1510425,13-05-2025 12:57,281.95,2980425,170325
13-05-2025 12:57,24711,444225,686250,13-05-2025 12:57,113.4,3236925,1516425,13-05-2025 12:57,284.4,2982000,170775
13-05-2025 12:57,24712,441075,688650,13-05-2025 12:57,113.45,3232650,1520850,13-05-2025 12:57,285,2987025,174150
13-05-2025 12:57,24709.8,438900,685500,13-05-2025 12:57,112.05,3218925,1538475,13-05-2025 12:57,287.1,2991300,170100
13-05-2025 12:57,24708.1,436275,689400,13-05-2025 12:57,111.25,3213750,1541625,13-05-2025 12:57,289.45,2989200,167100
13-05-2025 12:57,24706.2,445350,681525,13-05-2025 12:57,112.65,3221775,1544775,13-05-2025 12:57,285.75,2989950,164775
13-05-2025 12:58,24702,437700,688725,13-05-2025 12:58,110,3222300,1542975,13-05-2025 12:58,288.95,2988225,160425
13-05-2025 12:58,24708,444750,684600,13-05-2025 12:58,110.75,3217425,1543650,13-05-2025 12:58,286.35,2989350,164250
13-05-2025 12:58,24706.1,449100,687225,13-05-2025 12:58,111.05,3223500,1542825,13-05-2025 12:58,287.3,2989200,162300
13-05-2025 12:58,24698.9,446100,689175,13-05-2025 12:58,108.7,3228000,1546425,13-05-2025 12:58,291.55,2995800,161625
13-05-2025 12:58,24693.6,435525,688725,13-05-2025 12:58,107.4,3206925,1552050,13-05-2025 12:58,296.5,2993475,147075
13-05-2025 12:58,24688,427125,689625,13-05-2025 12:58,106.2,3207675,1560825,13-05-2025 12:58,302.2,2996025,139425
13-05-2025 12:59,24683.7,420975,685050,13-05-2025 12:59,103.35,3206325,1561575,13-05-2025 12:59,310,2999775,114450
13-05-2025 12:59,24688.1,409950,685725,13-05-2025 12:59,105.4,3180825,1563900,13-05-2025 12:59,301.15,2998875,109800
13-05-2025 12:59,24686,413700,685125,13-05-2025 12:59,101.25,3183525,1561500,13-05-2025 12:59,300.8,2985000,114225
13-05-2025 12:59,24685.7,410325,692925,13-05-2025 12:59,100.45,3078975,1564725,13-05-2025 12:59,302.1,2982225,117675
13-05-2025 12:59,24680.6,415275,688425,13-05-2025 12:59,100.25,3081900,1567950,13-05-2025 12:59,303.15,2989050,122250
13-05-2025 12:59,24683.4,421875,691050,13-05-2025 12:59,99.9,3105225,1574400,13-05-2025 12:59,304.95,3002250,125475
13-05-2025 13:00,24682.9,412650,692400,13-05-2025 13:00,99.95,3104775,1574250,13-05-2025 13:00,304.1,3002625,129375
13-05-2025 13:00,24682.4,416100,691350,13-05-2025 13:00,101.15,3119550,1581525,13-05-2025 13:00,297.25,2998725,132450
13-05-2025 13:00,24691.1,423900,688425,13-05-2025 13:00,102,3113475,1564275,13-05-2025 13:00,296.7,2976300,136950
13-05-2025 13:00,24690.7,427650,691725,13-05-2025 13:00,100.7,3125175,1565025,13-05-2025 13:00,296.1,2971200,137175
13-05-2025 13:00,24685,421050,697800,13-05-2025 13:00,100,3121125,1578825,13-05-2025 13:00,296.25,2968125,136350
13-05-2025 13:00,24685,416250,694200,13-05-2025 13:00,98,3120975,1587675,13-05-2025 13:00,294.55,2967750,142125
13-05-2025 13:01,24683.7,429150,694650,13-05-2025 13:01,98.6,3091875,1589550,13-05-2025 13:01,294.5,2970075,145425
13-05-2025 13:01,24685,418275,696075,13-05-2025 13:01,99.7,3122850,1578975,13-05-2025 13:01,296.15,2972850,144150
13-05-2025 13:01,24688,435750,697350,13-05-2025 13:01,100.15,3133050,1579800,13-05-2025 13:01,296.95,2966925,141225
13-05-2025 13:01,24688,430875,697950,13-05-2025 13:01,100.6,3144675,1584150,13-05-2025 13:01,297.4,2970225,142800
13-05-2025 13:01,24685.7,432450,697125,13-05-2025 13:01,101.7,3161175,1590150,13-05-2025 13:01,294.2,2965500,144150
13-05-2025 13:01,24690,445275,696975,13-05-2025 13:01,101.7,3163050,1589400,13-05-2025 13:01,293.25,2961075,142875
13-05-2025 13:02,24695,450000,698850,13-05-2025 13:02,101.85,3164100,1593225,13-05-2025 13:02,293,2961300,142125
13-05-2025 13:02,24702,448500,699900,13-05-2025 13:02,104.65,3168450,1591800,13-05-2025 13:02,286.7,2957400,146700
13-05-2025 13:02,24705,432075,696075,13-05-2025 13:02,105,3169725,1569750,13-05-2025 13:02,285.15,2954025,143475
13-05-2025 13:02,24709.9,439125,706650,13-05-2025 13:02,105.4,3173325,1568475,13-05-2025 13:02,281,2954850,141150
13-05-2025 13:02,24709,440850,701775,13-05-2025 13:02,105.65,3180000,1572600,13-05-2025 13:02,281.2,2954400,138300
13-05-2025 13:02,24715,449250,700950,13-05-2025 13:02,107.5,3186150,1558575,13-05-2025 13:02,276.6,2945400,141525
13-05-2025 13:03,24716.2,438825,707100,13-05-2025 13:03,107.1,3181425,1565700,13-05-2025 13:03,278.75,2947650,141975
13-05-2025 13:03,24718,445275,699525,13-05-2025 13:03,108,3190950,1568775,13-05-2025 13:03,274.3,2945175,146625
13-05-2025 13:03,24718,453225,696975,13-05-2025 13:03,108.8,3179925,1567125,13-05-2025 13:03,273.15,2944725,147825
13-05-2025 13:03,24718,450075,695625,13-05-2025 13:03,108.55,3200925,1567425,13-05-2025 13:03,275.6,2940825,148875
13-05-2025 13:03,24720,457575,704400,13-05-2025 13:03,108.7,3178725,1564950,13-05-2025 13:03,272.05,2933250,143925
13-05-2025 13:03,24717,453525,708450,13-05-2025 13:03,107.9,3188250,1575975,13-05-2025 13:03,274.15,2942475,145950
13-05-2025 13:04,24717.3,462300,708675,13-05-2025 13:04,106.9,3159150,1584900,13-05-2025 13:04,274.15,2947125,144975
13-05-2025 13:04,24719.6,462975,708975,13-05-2025 13:04,107.4,3158325,1586550,13-05-2025 13:04,273.1,2946825,151050
13-05-2025 13:04,24720,465975,708375,13-05-2025 13:04,107.05,3181650,1583775,13-05-2025 13:04,273.1,2940825,146475
13-05-2025 13:04,24714,457650,707250,13-05-2025 13:04,107,3180600,1593000,13-05-2025 13:04,276.3,2944200,145275
13-05-2025 13:04,24718,467175,719175,13-05-2025 13:04,108,3186825,1600875,13-05-2025 13:04,274.05,2945475,146700
13-05-2025 13:04,24710,456975,716775,13-05-2025 13:04,105.55,3186300,1596225,13-05-2025 13:04,279.05,2945925,147150
13-05-2025 13:05,24708.2,460350,709950,13-05-2025 13:05,105.7,3169200,1601100,13-05-2025 13:05,278.75,2939400,138600
13-05-2025 13:05,24710,468900,728475,13-05-2025 13:05,104.3,3169875,1602675,13-05-2025 13:05,281.15,2944575,141000
13-05-2025 13:05,24707.1,452250,725925,13-05-2025 13:05,105.65,3166125,1604625,13-05-2025 13:05,279.3,2945625,143025
13-05-2025 13:05,24712.1,459150,717825,13-05-2025 13:05,107.1,3179250,1604700,13-05-2025 13:05,277.8,2942625,139350
13-05-2025 13:05,24711.3,462000,715500,13-05-2025 13:05,107,3182550,1600800,13-05-2025 13:05,276.05,2939400,140850
13-05-2025 13:05,24713.1,460500,716550,13-05-2025 13:05,106.5,3173925,1593975,13-05-2025 13:05,277,2943300,142050
13-05-2025 13:06,24718.7,461625,711450,13-05-2025 13:06,108.75,3178200,1587675,13-05-2025 13:06,273.15,2944050,141600
13-05-2025 13:06,24718,469950,705825,13-05-2025 13:06,108.05,3180825,1579275,13-05-2025 13:06,274.1,2937300,143100
13-05-2025 13:06,24715,464550,708075,13-05-2025 13:06,107.7,3180150,1583025,13-05-2025 13:06,273,2939925,147225
13-05-2025 13:06,24723,470325,707925,13-05-2025 13:06,108.8,3180225,1590450,13-05-2025 13:06,271.15,2938350,148350
13-05-2025 13:06,24725.5,464250,700725,13-05-2025 13:06,109.5,3184800,1586400,13-05-2025 13:06,268.65,2939625,149700
13-05-2025 13:06,24724.8,465075,711600,13-05-2025 13:06,108.45,3183450,1579650,13-05-2025 13:06,270.35,2937150,150600
13-05-2025 13:07,24725,467925,710850,13-05-2025 13:07,109.95,3176025,1584600,13-05-2025 13:07,266.25,2938575,150225
13-05-2025 13:07,24726.3,466950,709500,13-05-2025 13:07,108.55,3176250,1586100,13-05-2025 13:07,268.8,2940750,151200
13-05-2025 13:07,24712.4,466725,712950,13-05-2025 13:07,103.75,3172950,1598100,13-05-2025 13:07,279.9,2952675,151275
13-05-2025 13:07,24710,463950,705825,13-05-2025 13:07,102.5,3137925,1606725,13-05-2025 13:07,279.35,2952300,141225
13-05-2025 13:07,24706.1,463800,715425,13-05-2025 13:07,99.75,3141150,1608675,13-05-2025 13:07,280.05,2953725,141525
13-05-2025 13:07,24702.1,463575,716325,13-05-2025 13:07,100,3116925,1608525,13-05-2025 13:07,281,2949075,141300
13-05-2025 13:08,24706.6,463800,717375,13-05-2025 13:08,100.8,3122700,1605525,13-05-2025 13:08,279.7,2947500,142950
13-05-2025 13:08,24701,454200,709575,13-05-2025 13:08,99.8,3136725,1611450,13-05-2025 13:08,281.55,2951925,139950
13-05-2025 13:08,24695.7,450600,708975,13-05-2025 13:08,98.15,3124725,1615800,13-05-2025 13:08,287.5,2949750,133275
13-05-2025 13:08,24695.3,455775,715575,13-05-2025 13:08,98.75,3110925,1614150,13-05-2025 13:08,285.45,2954400,131925
13-05-2025 13:08,24695.6,457350,721275,13-05-2025 13:08,98.4,3116325,1617750,13-05-2025 13:08,284.5,2945100,133725
13-05-2025 13:08,24696.6,456825,722475,13-05-2025 13:08,98.45,3123375,1623075,13-05-2025 13:08,284.95,2948625,142425
13-05-2025 13:09,24696.8,451500,716025,13-05-2025 13:09,97.95,3124875,1625250,13-05-2025 13:09,287.4,2949525,143475
13-05-2025 13:09,24691.1,457275,723375,13-05-2025 13:09,98.15,3130125,1629150,13-05-2025 13:09,286.25,2947950,146475
13-05-2025 13:09,24694.8,456750,714375,13-05-2025 13:09,96.2,3133650,1629300,13-05-2025 13:09,290.4,2948625,142500
13-05-2025 13:09,24690,455175,725250,13-05-2025 13:09,96.45,3124350,1630500,13-05-2025 13:09,289.1,2947725,141525
13-05-2025 13:09,24694.9,459300,722175,13-05-2025 13:09,98,3137625,1631625,13-05-2025 13:09,287.6,2947650,140625
13-05-2025 13:09,24698,459525,712350,13-05-2025 13:09,99.55,3148950,1621275,13-05-2025 13:09,283.55,2945325,140175
13-05-2025 13:10,24695.6,458325,718725,13-05-2025 13:10,99.75,3158850,1625700,13-05-2025 13:10,284.3,2942550,139575
13-05-2025 13:10,24700,466725,714975,13-05-2025 13:10,101.35,3172275,1615500,13-05-2025 13:10,279.35,2943375,147225
13-05-2025 13:10,24700,465150,719550,13-05-2025 13:10,99.45,3173475,1621800,13-05-2025 13:10,280.3,2941800,146550
13-05-2025 13:10,24694.3,454875,718050,13-05-2025 13:10,96.8,3150900,1634700,13-05-2025 13:10,287.7,2948250,142875
13-05-2025 13:10,24695,457200,715575,13-05-2025 13:10,96.5,3142875,1643775,13-05-2025 13:10,287.1,2951850,141300
13-05-2025 13:10,24691,459075,723075,13-05-2025 13:10,95.25,3139275,1648200,13-05-2025 13:10,286.6,2950350,139500
13-05-2025 13:11,24695,462975,720300,13-05-2025 13:11,95.6,3120075,1650375,13-05-2025 13:11,285.75,2948700,140400
13-05-2025 13:11,24690.1,460650,717375,13-05-2025 13:11,95.05,3126600,1655775,13-05-2025 13:11,286,2949375,144300
13-05-2025 13:11,24692.5,462075,716625,13-05-2025 13:11,96.05,3138750,1655325,13-05-2025 13:11,283.6,2949525,148500
13-05-2025 13:11,24695,460125,724425,13-05-2025 13:11,95.45,3146325,1659225,13-05-2025 13:11,286.75,2950950,143250
13-05-2025 13:11,24692.4,467475,719625,13-05-2025 13:11,96.25,3152775,1635900,13-05-2025 13:11,286.85,2951175,145275
13-05-2025 13:11,24694,458850,717300,13-05-2025 13:11,95.5,3154350,1652250,13-05-2025 13:11,287.35,2952750,142575
13-05-2025 13:12,24693.2,464850,720825,13-05-2025 13:12,96.6,3151950,1648500,13-05-2025 13:12,285,2950050,143475
13-05-2025 13:12,24698.9,477225,714075,13-05-2025 13:12,97.9,3160500,1636800,13-05-2025 13:12,282.55,2946750,144525
13-05-2025 13:12,24705.8,486300,712875,13-05-2025 13:12,100.25,3170400,1633125,13-05-2025 13:12,277.3,2945175,148725
13-05-2025 13:12,24702.2,485025,720675,13-05-2025 13:12,99.45,3176100,1621875,13-05-2025 13:12,278.1,2944500,146025
13-05-2025 13:12,24701.5,490950,717000,13-05-2025 13:12,99.3,3165525,1624875,13-05-2025 13:12,277.8,2940450,148575
13-05-2025 13:12,24710,489675,711375,13-05-2025 13:12,102.15,3199125,1628175,13-05-2025 13:12,270,2942550,153300
13-05-2025 13:13,24713.3,486225,716775,13-05-2025 13:13,101,3196050,1620600,13-05-2025 13:13,271.95,2932575,150900
13-05-2025 13:13,24710.7,490725,713025,13-05-2025 13:13,102.75,3181575,1623225,13-05-2025 13:13,268.2,2933625,153000
13-05-2025 13:13,24714.4,488325,721875,13-05-2025 13:13,101.1,3186150,1616475,13-05-2025 13:13,270.05,2935350,150000
13-05-2025 13:13,24710,486000,719175,13-05-2025 13:13,101.15,3183375,1622700,13-05-2025 13:13,269.3,2937150,153900
13-05-2025 13:13,24709,483675,734250,13-05-2025 13:13,98.1,3181800,1635900,13-05-2025 13:13,277,2943825,152700
13-05-2025 13:13,24703.3,485850,720825,13-05-2025 13:13,98.1,3156900,1635375,13-05-2025 13:13,276.1,2941500,149850
13-05-2025 13:14,24707.1,489900,717225,13-05-2025 13:14,99.05,3165675,1637325,13-05-2025 13:14,275.4,2942250,151875
13-05-2025 13:14,24703.2,481350,723150,13-05-2025 13:14,96.95,3172050,1645650,13-05-2025 13:14,277.75,2943975,153000
13-05-2025 13:14,24703,482325,719025,13-05-2025 13:14,95.95,3152100,1645050,13-05-2025 13:14,275.9,2943975,144975
13-05-2025 13:14,24703.3,488700,716775,13-05-2025 13:14,96.4,3161700,1644150,13-05-2025 13:14,273.45,2944500,148500
13-05-2025 13:14,24709.7,492225,715800,13-05-2025 13:14,96.75,3173850,1644525,13-05-2025 13:14,272.6,2944950,150900
13-05-2025 13:14,24711.5,493425,716700,13-05-2025 13:14,100.75,3188925,1646850,13-05-2025 13:14,265.85,2938725,151950
13-05-2025 13:15,24718.8,486600,712350,13-05-2025 13:15,100.4,3193725,1631325,13-05-2025 13:15,267.05,2932500,153000
13-05-2025 13:15,24711.5,487950,716550,13-05-2025 13:15,98.55,3191250,1637250,13-05-2025 13:15,270.75,2933775,154275
13-05-2025 13:15,24717.5,494550,715950,13-05-2025 13:15,100.25,3198975,1637175,13-05-2025 13:15,267.15,2929875,155550
13-05-2025 13:15,24712,489075,717225,13-05-2025 13:15,100.3,3197550,1649400,13-05-2025 13:15,266.4,2931900,155025
13-05-2025 13:15,24715,492375,720375,13-05-2025 13:15,98.65,3192975,1653450,13-05-2025 13:15,268.75,2934150,153000
13-05-2025 13:15,24715,496350,710775,13-05-2025 13:15,100.05,3198600,1649475,13-05-2025 13:15,265.85,2933325,153450
13-05-2025 13:16,24718,493950,715200,13-05-2025 13:16,101.1,3217200,1649700,13-05-2025 13:16,263.95,2934300,154725
13-05-2025 13:16,24720,498300,717525,13-05-2025 13:16,100.95,3218175,1648950,13-05-2025 13:16,263.5,2934750,159225
13-05-2025 13:16,24722,497175,714975,13-05-2025 13:16,101.3,3228075,1645500,13-05-2025 13:16,263.7,2933175,162225
13-05-2025 13:16,24720,496575,716250,13-05-2025 13:16,100.15,3241575,1642725,13-05-2025 13:16,260.55,2932200,160125
13-05-2025 13:16,24707.9,499575,721800,13-05-2025 13:16,98.5,3230250,1647675,13-05-2025 13:16,265.2,2928675,158700
13-05-2025 13:16,24704.8,480150,720750,13-05-2025 13:16,93.3,3193875,1651725,13-05-2025 13:16,275.85,2933325,147000
13-05-2025 13:17,24702.5,488550,722400,13-05-2025 13:17,91.6,3149775,1661700,13-05-2025 13:17,275.6,2934975,140850
13-05-2025 13:17,24695.9,486225,729225,13-05-2025 13:17,90.7,3132525,1659300,13-05-2025 13:17,273.9,2933475,141600
13-05-2025 13:17,24693,485250,734700,13-05-2025 13:17,89.1,3118575,1668525,13-05-2025 13:17,279.35,2935950,144450
13-05-2025 13:17,24689,482250,732000,13-05-2025 13:17,87.9,3055500,1668375,13-05-2025 13:17,281.5,2939250,142950
13-05-2025 13:17,24692.9,481275,729375,13-05-2025 13:17,88.05,3060975,1668825,13-05-2025 13:17,280.9,2942025,135300
13-05-2025 13:17,24693,486975,726525,13-05-2025 13:17,88.55,3070650,1647750,13-05-2025 13:17,278.75,2935575,137100
13-05-2025 13:18,24693.7,489525,731925,13-05-2025 13:18,87.7,3075600,1660500,13-05-2025 13:18,283.15,2939400,137550
13-05-2025 13:18,24690,489900,732375,13-05-2025 13:18,88.85,3077550,1663875,13-05-2025 13:18,281,2937075,139275
13-05-2025 13:18,24692,490800,734925,13-05-2025 13:18,89.05,3087300,1671975,13-05-2025 13:18,280.9,2935725,142350
13-05-2025 13:18,24692,489600,731700,13-05-2025 13:18,89.95,3104100,1656150,13-05-2025 13:18,281.15,2932650,142650
13-05-2025 13:18,24696,499050,726975,13-05-2025 13:18,91.05,3117600,1660500,13-05-2025 13:18,279.8,2934525,144450
13-05-2025 13:18,24681.6,492675,731550,13-05-2025 13:18,89.7,3124950,1664025,13-05-2025 13:18,286.15,2936850,147000
13-05-2025 13:19,24682.5,472500,729450,13-05-2025 13:19,90.25,3103200,1667025,13-05-2025 13:19,285.65,2938425,137850
13-05-2025 13:19,24682.5,472350,736575,13-05-2025 13:19,89.35,3106275,1686675,13-05-2025 13:19,289.65,2935650,137925
13-05-2025 13:19,24680.6,471375,734625,13-05-2025 13:19,88.3,3107700,1710300,13-05-2025 13:19,289.7,2940375,136575
13-05-2025 13:19,24680.5,472350,726150,13-05-2025 13:19,87.55,3105075,1706400,13-05-2025 13:19,287.05,2937675,145725
13-05-2025 13:19,24683.4,469500,731925,13-05-2025 13:19,86.25,3104100,1704300,13-05-2025 13:19,289.95,2942100,153225
13-05-2025 13:19,24679.4,470025,741375,13-05-2025 13:19,85.25,3096600,1699650,13-05-2025 13:19,292.35,2951325,152625
13-05-2025 13:20,24679.9,466425,739275,13-05-2025 13:20,86.1,3079500,1709400,13-05-2025 13:20,292.35,2954775,154425
13-05-2025 13:20,24680,470175,741225,13-05-2025 13:20,86.3,3099975,1707150,13-05-2025 13:20,290.85,2952300,157125
13-05-2025 13:20,24685,471300,744525,13-05-2025 13:20,87.9,3106575,1703175,13-05-2025 13:20,287.4,2949225,161250
13-05-2025 13:20,24690,475125,749250,13-05-2025 13:20,89.4,3116925,1735125,13-05-2025 13:20,282.85,2945175,163350
13-05-2025 13:20,24688.3,478950,749925,13-05-2025 13:20,88.85,3125175,1696875,13-05-2025 13:20,282.65,2928000,166200
13-05-2025 13:20,24690,482850,746475,13-05-2025 13:20,89.1,3120450,1703100,13-05-2025 13:20,280.65,2927550,164550
13-05-2025 13:21,24690.2,483750,744825,13-05-2025 13:21,89.25,3127350,1702425,13-05-2025 13:21,280.45,2926725,169650
13-05-2025 13:21,24692.2,484425,743775,13-05-2025 13:21,90.7,3124275,1678650,13-05-2025 13:21,276.7,2924250,166125
13-05-2025 13:21,24691,482025,745425,13-05-2025 13:21,89.3,3132600,1679850,13-05-2025 13:21,278.85,2927325,164100
13-05-2025 13:21,24691,481650,749700,13-05-2025 13:21,89.15,3128700,1682475,13-05-2025 13:21,278.4,2930475,170100
13-05-2025 13:21,24696.3,485400,747675,13-05-2025 13:21,89.05,3130125,1682925,13-05-2025 13:21,279.5,2935125,166725
13-05-2025 13:21,24695,480825,753825,13-05-2025 13:21,89.8,3126750,1679400,13-05-2025 13:21,278.8,2931300,166650
13-05-2025 13:22,24686.2,475575,758325,13-05-2025 13:22,86.1,3123300,1717875,13-05-2025 13:22,286.85,2941275,164850
13-05-2025 13:22,24681,475050,757350,13-05-2025 13:22,85.65,3113250,1721625,13-05-2025 13:22,287.85,2941650,163575
13-05-2025 13:22,24680,473625,758250,13-05-2025 13:22,85.25,3125700,1692525,13-05-2025 13:22,289.9,2941725,155175
13-05-2025 13:22,24675.2,474225,756375,13-05-2025 13:22,85.2,3102375,1699350,13-05-2025 13:22,289.6,2940975,152850
13-05-2025 13:22,24678.1,474750,753525,13-05-2025 13:22,86.3,3103200,1699275,13-05-2025 13:22,287.8,2940075,163575
13-05-2025 13:22,24689,484875,751500,13-05-2025 13:22,87.1,3113775,1694700,13-05-2025 13:22,283.6,2937075,165825
13-05-2025 13:23,24691.3,486225,753750,13-05-2025 13:23,87.7,3115800,1692375,13-05-2025 13:23,282.75,2935125,172650
13-05-2025 13:23,24692,487200,753000,13-05-2025 13:23,87.95,3119775,1696575,13-05-2025 13:23,282.45,2933400,178800
13-05-2025 13:23,24693.4,490650,747750,13-05-2025 13:23,88.15,3129075,1723875,13-05-2025 13:23,282.5,2932575,185775
13-05-2025 13:23,24692.6,489375,755025,13-05-2025 13:23,87.8,3128550,1697400,13-05-2025 13:23,280.8,2934525,188700
13-05-2025 13:23,24688,484725,762450,13-05-2025 13:23,86.65,3122625,1698750,13-05-2025 13:23,285,2940375,184650
13-05-2025 13:23,24689,484725,760350,13-05-2025 13:23,86.9,3136725,1711800,13-05-2025 13:23,285.45,2937900,178575
13-05-2025 13:24,24687.4,484950,760650,13-05-2025 13:24,86.45,3132675,1715925,13-05-2025 13:24,286.05,2939625,175275
13-05-2025 13:24,24687.4,485925,754050,13-05-2025 13:24,87.1,3138900,1717575,13-05-2025 13:24,285.4,2938575,177675
13-05-2025 13:24,24687.4,483225,758100,13-05-2025 13:24,87,3146250,1719300,13-05-2025 13:24,284.85,2933400,183075
13-05-2025 13:24,24688.9,487725,754800,13-05-2025 13:24,87.3,3143850,1714350,13-05-2025 13:24,283.05,2945625,183000
13-05-2025 13:24,24688,488400,749700,13-05-2025 13:24,87.75,3147750,1719075,13-05-2025 13:24,281.45,2938800,186750
13-05-2025 13:24,24688.1,489900,753375,13-05-2025 13:24,87.75,3142500,1715925,13-05-2025 13:24,281,2937450,189300
13-05-2025 13:25,24693,492075,748800,13-05-2025 13:25,88.45,3149850,1697625,13-05-2025 13:25,280,2934075,191100
13-05-2025 13:25,24690.2,492675,753300,13-05-2025 13:25,88.85,3154200,1701525,13-05-2025 13:25,279.35,2928750,188475
13-05-2025 13:25,24695,495675,750675,13-05-2025 13:25,89.35,3158625,1693875,13-05-2025 13:25,277.5,2930850,190650
13-05-2025 13:25,24695.9,500250,749850,13-05-2025 13:25,90.75,3160875,1672800,13-05-2025 13:25,274.8,2929650,193350
13-05-2025 13:25,24695,496200,755850,13-05-2025 13:25,88.75,3162825,1671900,13-05-2025 13:25,281.55,2928075,194250
13-05-2025 13:25,24695.1,499200,759225,13-05-2025 13:25,88.95,3153000,1677375,13-05-2025 13:25,281.7,2926575,192975
13-05-2025 13:26,24689.8,501750,756300,13-05-2025 13:26,88.6,3161400,1685550,13-05-2025 13:26,282.05,2925825,199275
13-05-2025 13:26,24691.5,491025,754800,13-05-2025 13:26,89.15,3165000,1688475,13-05-2025 13:26,281.6,2926650,197175
13-05-2025 13:26,24686.3,492525,757350,13-05-2025 13:26,90.15,3168150,1689675,13-05-2025 13:26,283.65,2927100,197025
13-05-2025 13:26,24689,495225,756450,13-05-2025 13:26,90.35,3173175,1686450,13-05-2025 13:26,284.2,2928000,191325
13-05-2025 13:26,24688,486600,759900,13-05-2025 13:26,89.5,3176475,1689525,13-05-2025 13:26,283.3,2926125,193425
13-05-2025 13:26,24689.8,489825,758925,13-05-2025 13:26,89.05,3168900,1694550,13-05-2025 13:26,284.15,2927025,197400
13-05-2025 13:27,24685.2,484875,764250,13-05-2025 13:27,88.9,3163575,1697850,13-05-2025 13:27,285.75,2929275,196125
13-05-2025 13:27,24686.8,484800,763575,13-05-2025 13:27,87.5,3162900,1708050,13-05-2025 13:27,286.15,2930925,195525
13-05-2025 13:27,24683,482550,764700,13-05-2025 13:27,87.15,3159000,1708950,13-05-2025 13:27,288,2931150,199650
13-05-2025 13:27,24686.8,489225,760875,13-05-2025 13:27,88.3,3167550,1703400,13-05-2025 13:27,282.5,2928225,199125
13-05-2025 13:27,24686.5,489975,763425,13-05-2025 13:27,87.9,3173025,1697250,13-05-2025 13:27,286,2929875,201975
13-05-2025 13:27,24688,494850,757050,13-05-2025 13:27,90.2,3180975,1700400,13-05-2025 13:27,278.9,2929725,203775
13-05-2025 13:28,24693,507525,756675,13-05-2025 13:28,90.1,3188925,1682250,13-05-2025 13:28,277.45,2928150,206025
13-05-2025 13:28,24695,498300,753300,13-05-2025 13:28,90.6,3193800,1690200,13-05-2025 13:28,277.2,2929200,202500
13-05-2025 13:28,24694.9,494925,755175,13-05-2025 13:28,90.2,3198600,1694625,13-05-2025 13:28,279.15,2931450,203850
13-05-2025 13:28,24690,496350,756750,13-05-2025 13:28,89.4,3194250,1703550,13-05-2025 13:28,282,2930775,200400
13-05-2025 13:28,24690.1,497775,758325,13-05-2025 13:28,89.8,3193875,1707225,13-05-2025 13:28,281.9,2936025,202275
13-05-2025 13:28,24681.3,492900,761850,13-05-2025 13:28,86.4,3195900,1704300,13-05-2025 13:28,293.5,2935950,201525
13-05-2025 13:29,24671,482625,767925,13-05-2025 13:29,85.4,3158400,1747275,13-05-2025 13:29,294.9,2936775,192225
13-05-2025 13:29,24670,473475,757575,13-05-2025 13:29,84.7,3124125,1751100,13-05-2025 13:29,296.35,2940525,182475
13-05-2025 13:29,24667.2,478500,759600,13-05-2025 13:29,84.6,3128550,1719000,13-05-2025 13:29,295.8,2935425,180300
13-05-2025 13:29,24666.7,480225,761925,13-05-2025 13:29,85,3138450,1711725,13-05-2025 13:29,296.1,2932725,191025
13-05-2025 13:29,24667,478800,760650,13-05-2025 13:29,85.25,3139575,1719375,13-05-2025 13:29,296.75,2936475,188325
13-05-2025 13:29,24666,475950,760650,13-05-2025 13:29,84.5,3143250,1724025,13-05-2025 13:29,298.6,2931825,187125
13-05-2025 13:30,24665.2,478650,759900,13-05-2025 13:30,84.4,3147075,1722750,13-05-2025 13:30,297.8,2929950,176250
13-05-2025 13:30,24669,477675,758625,13-05-2025 13:30,84.2,3145500,1725300,13-05-2025 13:30,299.5,2931525,177675
13-05-2025 13:30,24678.1,488100,753900,13-05-2025 13:30,87.25,3143550,1722600,13-05-2025 13:30,287.25,2928450,173625
13-05-2025 13:30,24678.3,484950,759825,13-05-2025 13:30,86.45,3147825,1713000,13-05-2025 13:30,293.05,2927850,174075
13-05-2025 13:30,24672.5,483375,762375,13-05-2025 13:30,86,3150450,1728900,13-05-2025 13:30,292.4,2929875,176550
13-05-2025 13:30,24683,498975,751875,13-05-2025 13:30,86.95,3165300,1733775,13-05-2025 13:30,289.7,2928225,181200
13-05-2025 13:31,24679.8,489975,756000,13-05-2025 13:31,86.5,3164700,1729875,13-05-2025 13:31,290.85,2925375,181275
13-05-2025 13:31,24679.8,486675,757200,13-05-2025 13:31,86.5,3173700,1774425,13-05-2025 13:31,294.1,2926875,182175
13-05-2025 13:31,24677.1,491775,755025,13-05-2025 13:31,87.9,3177075,1739775,13-05-2025 13:31,289.05,2931825,178725
13-05-2025 13:31,24682.2,498675,751500,13-05-2025 13:31,87.9,3174675,1728825,13-05-2025 13:31,289.2,2927250,181800
13-05-2025 13:31,24680,501375,751950,13-05-2025 13:31,88.35,3177150,1725450,13-05-2025 13:31,288.15,2927100,179625
13-05-2025 13:31,24680,501975,753750,13-05-2025 13:31,87.4,3176625,1730925,13-05-2025 13:31,290.65,2926725,179925
13-05-2025 13:32,24683,498450,756900,13-05-2025 13:32,88.3,3173100,1727775,13-05-2025 13:32,288.6,2929575,183075
13-05-2025 13:32,24680.5,496275,762075,13-05-2025 13:32,87.1,3174750,1737375,13-05-2025 13:32,293.35,2933625,179250
13-05-2025 13:32,24680,490275,766500,13-05-2025 13:32,87.2,3176550,1740000,13-05-2025 13:32,293.7,2936625,178950
13-05-2025 13:32,24679.8,484575,759150,13-05-2025 13:32,87.15,3181200,1743750,13-05-2025 13:32,292.7,2935200,180825
13-05-2025 13:32,24680.1,484275,760650,13-05-2025 13:32,86.65,3186225,1744725,13-05-2025 13:32,293,2934000,179475
13-05-2025 13:32,24680.1,482625,762675,13-05-2025 13:32,88.2,3195600,1744425,13-05-2025 13:32,289.25,2934000,180600
13-05-2025 13:33,24682.3,478575,765825,13-05-2025 13:33,87.25,3199425,1738500,13-05-2025 13:33,292.05,2936025,183150
13-05-2025 13:33,24687,489675,758325,13-05-2025 13:33,88.35,3197475,1741125,13-05-2025 13:33,287.7,2939700,220050
13-05-2025 13:33,24689.3,490725,759750,13-05-2025 13:33,88.85,3200400,1741125,13-05-2025 13:33,284.35,2937675,220800
13-05-2025 13:33,24687,492300,762825,13-05-2025 13:33,88.6,3197925,1739400,13-05-2025 13:33,287.1,2934675,216450
13-05-2025 13:33,24685.6,488025,767025,13-05-2025 13:33,87.15,3196125,1747875,13-05-2025 13:33,288.55,2936850,214050
13-05-2025 13:33,24679.9,486975,762300,13-05-2025 13:33,85.35,3193950,1766400,13-05-2025 13:33,292,2942250,183975
13-05-2025 13:34,24676,486675,762225,13-05-2025 13:34,85.2,3191250,1763400,13-05-2025 13:34,292.15,2938050,175200
13-05-2025 13:34,24680,492000,759300,13-05-2025 13:34,85.35,3194925,1761075,13-05-2025 13:34,288.35,2937000,181275
13-05-2025 13:34,24677,491475,761625,13-05-2025 13:34,83,3186300,1770975,13-05-2025 13:34,290,2937825,181650
13-05-2025 13:34,24677,486675,760275,13-05-2025 13:34,81.55,3156525,1777050,13-05-2025 13:34,293,2940600,179100
13-05-2025 13:34,24674.4,487275,762900,13-05-2025 13:34,81.8,3150300,1774950,13-05-2025 13:34,292.9,2944200,178350
13-05-2025 13:34,24672.1,492225,762600,13-05-2025 13:34,81.7,3166350,1773150,13-05-2025 13:34,292.55,2942475,187425
13-05-2025 13:35,24676.3,490350,761250,13-05-2025 13:35,81.15,3141600,1785525,13-05-2025 13:35,294.15,2942475,180975
13-05-2025 13:35,24676.4,483900,760800,13-05-2025 13:35,82.1,3146400,1786200,13-05-2025 13:35,293.3,2940750,183000
13-05-2025 13:35,24676.9,488400,760875,13-05-2025 13:35,82.7,3149775,1787400,13-05-2025 13:35,291.05,2938575,183375
13-05-2025 13:35,24677,487500,759375,13-05-2025 13:35,82.55,3155550,1799100,13-05-2025 13:35,292,2941200,185175
13-05-2025 13:35,24680.6,489975,761100,13-05-2025 13:35,82.3,3162375,1798800,13-05-2025 13:35,292.1,2938425,184275
13-05-2025 13:35,24680.6,494400,763650,13-05-2025 13:35,83.4,3156075,1775850,13-05-2025 13:35,290,2937975,180675
13-05-2025 13:36,24675.9,483675,759450,13-05-2025 13:36,81.85,3157275,1785825,13-05-2025 13:36,293.85,2940375,183825
13-05-2025 13:36,24675.5,486525,760800,13-05-2025 13:36,82.45,3156300,1779975,13-05-2025 13:36,293,2938950,177075
13-05-2025 13:36,24675,485400,764250,13-05-2025 13:36,81.9,3152325,1783200,13-05-2025 13:36,293.2,2941050,178275
13-05-2025 13:36,24667.1,480900,763275,13-05-2025 13:36,80.25,3145800,1787625,13-05-2025 13:36,297.05,2939550,172200
13-05-2025 13:36,24667.9,484950,762150,13-05-2025 13:36,81.05,3125625,1780725,13-05-2025 13:36,295,2939325,158700
13-05-2025 13:36,24670,484050,764925,13-05-2025 13:36,80.1,3134025,1776150,13-05-2025 13:36,297,2942025,155850
13-05-2025 13:37,24666.4,481875,762300,13-05-2025 13:37,80.05,3130725,1777725,13-05-2025 13:37,296.8,2940675,159075
13-05-2025 13:37,24665,482550,767550,13-05-2025 13:37,79.55,3135150,1771125,13-05-2025 13:37,297.15,2942250,158775
13-05-2025 13:37,24669.7,486450,764100,13-05-2025 13:37,79.55,3145725,1769400,13-05-2025 13:37,296.65,2941650,158025
13-05-2025 13:37,24667.2,482625,765075,13-05-2025 13:37,80.75,3157350,1759050,13-05-2025 13:37,294.1,2936700,163425
13-05-2025 13:37,24673,489900,766500,13-05-2025 13:37,81.6,3159900,1750500,13-05-2025 13:37,292.7,2933475,164775
13-05-2025 13:37,24676.4,487650,763500,13-05-2025 13:37,81.85,3166425,1739925,13-05-2025 13:37,292.95,2931075,164850
13-05-2025 13:38,24672.9,488925,767850,13-05-2025 13:38,81.4,3167100,1738500,13-05-2025 13:38,293.9,2932350,165900
13-05-2025 13:38,24671,481500,766200,13-05-2025 13:38,80.8,3164700,1844025,13-05-2025 13:38,293.2,2931600,162450
13-05-2025 13:38,24680,493950,762525,13-05-2025 13:38,81.25,3160725,1845900,13-05-2025 13:38,288.65,2928825,168000
13-05-2025 13:38,24680,489300,767025,13-05-2025 13:38,80.65,3159150,1742925,13-05-2025 13:38,286.2,2921700,168675
13-05-2025 13:38,24686,491775,772275,13-05-2025 13:38,82.75,3174300,1740150,13-05-2025 13:38,280.25,2919600,172425
13-05-2025 13:38,24681,482775,768225,13-05-2025 13:38,81.05,3180900,1737750,13-05-2025 13:38,285.5,2919075,171225
13-05-2025 13:39,24687.6,489450,767775,13-05-2025 13:39,82.25,3180150,1729425,13-05-2025 13:39,282.65,2916300,169650
13-05-2025 13:39,24689,488850,764400,13-05-2025 13:39,83.4,3192075,1723650,13-05-2025 13:39,278.7,2914425,168825
13-05-2025 13:39,24685,482400,767400,13-05-2025 13:39,81.15,3187275,1736850,13-05-2025 13:39,284.65,2919075,163575
13-05-2025 13:39,24676.6,485775,773325,13-05-2025 13:39,79.3,3170175,1742850,13-05-2025 13:39,289.55,2923200,165375
13-05-2025 13:39,24668.1,483150,771675,13-05-2025 13:39,78.45,3141450,1745100,13-05-2025 13:39,291.05,2924325,161775
13-05-2025 13:39,24675.9,484500,772050,13-05-2025 13:39,78.35,3121800,1744800,13-05-2025 13:39,288,2927775,163950
13-05-2025 13:40,24675.2,485475,770250,13-05-2025 13:40,76.85,3129375,1757925,13-05-2025 13:40,287.8,2928000,164850
13-05-2025 13:40,24679.5,485400,769800,13-05-2025 13:40,79.7,3137550,1763550,13-05-2025 13:40,281.45,2927925,168075
13-05-2025 13:40,24681.3,485400,771825,13-05-2025 13:40,78.85,3143625,1770225,13-05-2025 13:40,282.05,2923950,169050
13-05-2025 13:40,24682.1,489900,771525,13-05-2025 13:40,80.6,3153150,1778775,13-05-2025 13:40,279,2926125,168675
13-05-2025 13:40,24685,488850,767700,13-05-2025 13:40,80.85,3158850,1757625,13-05-2025 13:40,278.75,2921100,169725
13-05-2025 13:40,24683.9,486600,765150,13-05-2025 13:40,81.6,3159150,1758525,13-05-2025 13:40,277.75,2920275,171375
13-05-2025 13:41,24684.7,482175,773025,13-05-2025 13:41,80.3,3161175,1761075,13-05-2025 13:41,282.2,2924025,169425
13-05-2025 13:41,24677,481875,771525,13-05-2025 13:41,79,3155175,1881150,13-05-2025 13:41,285,2927625,171825
13-05-2025 13:41,24685.5,492225,771825,13-05-2025 13:41,81.95,3155250,1847475,13-05-2025 13:41,275.95,2928000,173625
13-05-2025 13:41,24686.3,494400,766125,13-05-2025 13:41,81.1,3172500,1770975,13-05-2025 13:41,278.55,2926875,173025
13-05-2025 13:41,24680,485850,767325,13-05-2025 13:41,80,3175125,1773750,13-05-2025 13:41,278.15,2929575,173025
13-05-2025 13:41,24685,495300,768375,13-05-2025 13:41,79.9,3171675,1771200,13-05-2025 13:41,278.4,2926425,172200
13-05-2025 13:42,24689.4,497025,771150,13-05-2025 13:42,82.5,3172200,1764450,13-05-2025 13:42,272.25,2923350,175125
13-05-2025 13:42,24695,492600,762750,13-05-2025 13:42,82.55,3178200,1762275,13-05-2025 13:42,270.75,2919375,172950
13-05-2025 13:42,24689.2,489525,764925,13-05-2025 13:42,81.6,3180225,1759650,13-05-2025 13:42,273.85,2913450,171375
13-05-2025 13:42,24689,496950,768375,13-05-2025 13:42,83.15,3195000,1761000,13-05-2025 13:42,273.75,2913825,167925
13-05-2025 13:42,24687.6,498975,763875,13-05-2025 13:42,82.75,3202575,1758000,13-05-2025 13:42,274.9,2919150,172200
13-05-2025 13:42,24690,505275,765675,13-05-2025 13:42,83.15,3206250,1754400,13-05-2025 13:42,274.65,2919450,176775
13-05-2025 13:43,24688.4,506100,770175,13-05-2025 13:43,83.35,3202425,1762650,13-05-2025 13:43,273.5,2917950,181425
13-05-2025 13:43,24694,518325,770175,13-05-2025 13:43,82.95,3200325,1763025,13-05-2025 13:43,273.3,2916450,178350
13-05-2025 13:43,24690.2,517425,769950,13-05-2025 13:43,82.5,3216225,1764375,13-05-2025 13:43,273.15,2921100,181125
13-05-2025 13:43,24696.3,515625,770250,13-05-2025 13:43,82.25,3216825,1763550,13-05-2025 13:43,275.85,2922225,177825
13-05-2025 13:43,24691,515850,768600,13-05-2025 13:43,83.5,3205875,1771800,13-05-2025 13:43,272,2921625,175950
13-05-2025 13:43,24694,515325,766725,13-05-2025 13:43,83.35,3211200,1770975,13-05-2025 13:43,270.5,2923200,180600
13-05-2025 13:44,24689.1,503325,772425,13-05-2025 13:44,82,3203925,1783275,13-05-2025 13:44,277,2926875,173175
13-05-2025 13:44,24686.8,509175,770400,13-05-2025 13:44,82.35,3204150,1798650,13-05-2025 13:44,276.55,2928750,177075
13-05-2025 13:44,24694,510750,766125,13-05-2025 13:44,82.55,3216600,1795125,13-05-2025 13:44,273.2,2924100,183975
13-05-2025 13:44,24694,510600,764550,13-05-2025 13:44,82.55,3206250,1800075,13-05-2025 13:44,273.1,2925000,182925
13-05-2025 13:44,24693.9,504525,767850,13-05-2025 13:44,81.3,3203400,1803300,13-05-2025 13:44,273.6,2925450,182475
13-05-2025 13:44,24690.1,507375,766950,13-05-2025 13:44,82.25,3201300,1808175,13-05-2025 13:44,274.05,2932275,178875
13-05-2025 13:45,24690.1,500100,765750,13-05-2025 13:45,82.35,3201450,1817325,13-05-2025 13:45,273.95,2936025,182400
13-05-2025 13:45,24691.1,506850,767775,13-05-2025 13:45,82.85,3209925,1811325,13-05-2025 13:45,271.1,2934975,183600
13-05-2025 13:45,24690.6,492300,770625,13-05-2025 13:45,80.85,3203775,1820175,13-05-2025 13:45,276.75,2941050,177525
13-05-2025 13:45,24687.9,499575,767475,13-05-2025 13:45,82.45,3200625,1825500,13-05-2025 13:45,274,2935875,183675
13-05-2025 13:45,24690.1,499350,769425,13-05-2025 13:45,82.5,3210000,1828950,13-05-2025 13:45,274.2,2934000,183300
13-05-2025 13:45,24695.1,502725,768375,13-05-2025 13:45,82.75,3216900,1825650,13-05-2025 13:45,274.05,2934300,181350
13-05-2025 13:46,24690.4,498300,769575,13-05-2025 13:46,82.55,3213900,1821225,13-05-2025 13:46,272.65,2935350,181725
13-05-2025 13:46,24691.7,499050,767700,13-05-2025 13:46,83,3212400,1823850,13-05-2025 13:46,273.8,2935650,178875
13-05-2025 13:46,24697.5,499800,771225,13-05-2025 13:46,82.3,3213000,1827075,13-05-2025 13:46,272.8,2932425,176925
13-05-2025 13:46,24693.9,502350,778725,13-05-2025 13:46,83.75,3210375,1835625,13-05-2025 13:46,271,2927625,179700
13-05-2025 13:46,24693.9,496950,776850,13-05-2025 13:46,83.35,3219750,1797900,13-05-2025 13:46,269.6,2928525,180900
13-05-2025 13:46,24697.4,498300,776100,13-05-2025 13:46,83.7,3214125,1800225,13-05-2025 13:46,269.6,2929350,183450
13-05-2025 13:47,24699.8,501150,777150,13-05-2025 13:47,83.75,3216900,1806600,13-05-2025 13:47,269.4,2928150,183975
13-05-2025 13:47,24698,500475,774150,13-05-2025 13:47,83.95,3218025,1804425,13-05-2025 13:47,268.5,2932425,179250
13-05-2025 13:47,24691,498225,781350,13-05-2025 13:47,81.9,3222225,1811775,13-05-2025 13:47,275.15,2934300,178500
13-05-2025 13:47,24694.2,495525,779175,13-05-2025 13:47,82.7,3204300,1811250,13-05-2025 13:47,273.75,2935275,176025
13-05-2025 13:47,24690,493650,780900,13-05-2025 13:47,82.35,3206475,1813275,13-05-2025 13:47,274.5,2935575,175875
13-05-2025 13:47,24688,502275,784800,13-05-2025 13:47,80.9,3217200,1819950,13-05-2025 13:47,277.4,2938950,175050
13-05-2025 13:48,24686.1,495525,784500,13-05-2025 13:48,81.15,3210600,1832625,13-05-2025 13:48,276.25,2939025,174225
13-05-2025 13:48,24686.1,497175,789225,13-05-2025 13:48,80.75,3208575,1844625,13-05-2025 13:48,277.8,2937075,174000
13-05-2025 13:48,24691,496050,785175,13-05-2025 13:48,80.15,3206850,1842300,13-05-2025 13:48,277.4,2939400,174450
13-05-2025 13:48,24681.5,493950,785700,13-05-2025 13:48,78.8,3207600,1845975,13-05-2025 13:48,282.55,2940675,175200
13-05-2025 13:48,24687.5,489675,788550,13-05-2025 13:48,79,3184350,1849725,13-05-2025 13:48,278.5,2940300,172575
13-05-2025 13:48,24680.5,487125,788550,13-05-2025 13:48,78.2,3184050,1845225,13-05-2025 13:48,281.55,2935275,175425
13-05-2025 13:49,24683,491100,779400,13-05-2025 13:49,78.9,3185475,1852875,13-05-2025 13:49,277.2,2938725,176550
13-05-2025 13:49,24685.3,498225,777600,13-05-2025 13:49,79.1,3226500,1851750,13-05-2025 13:49,278.05,2934600,176025
13-05-2025 13:49,24688.5,493350,781275,13-05-2025 13:49,78.5,3230925,1855275,13-05-2025 13:49,278,2934975,177675
13-05-2025 13:49,24689.9,497250,776100,13-05-2025 13:49,80.75,3244650,1852425,13-05-2025 13:49,273.75,2931000,181350
13-05-2025 13:49,24689.7,500775,776550,13-05-2025 13:49,80.25,3245400,1842300,13-05-2025 13:49,274.85,2936475,178275
13-05-2025 13:49,24691.4,494400,781125,13-05-2025 13:49,80.35,3241500,1845075,13-05-2025 13:49,273.9,2945550,177825
13-05-2025 13:50,24692.8,497700,780825,13-05-2025 13:50,80.95,3250200,1829925,13-05-2025 13:50,271.3,2935125,182775
13-05-2025 13:50,24692.8,502125,778575,13-05-2025 13:50,80.8,3249600,1848525,13-05-2025 13:50,270,2937375,177975
13-05-2025 13:50,24693,495000,779250,13-05-2025 13:50,79.9,3245850,1851750,13-05-2025 13:50,272.45,2936025,178875
13-05-2025 13:50,24684.9,490950,783900,13-05-2025 13:50,78.75,3237825,1855200,13-05-2025 13:50,274.35,2939175,180900
13-05-2025 13:50,24685,497850,781575,13-05-2025 13:50,78,3237450,1858575,13-05-2025 13:50,278.1,2941650,178575
13-05-2025 13:50,24684.7,495675,785175,13-05-2025 13:50,76.2,3217350,1858050,13-05-2025 13:50,279.3,2944125,175350
13-05-2025 13:51,24685,490800,781575,13-05-2025 13:51,77,3194550,1862400,13-05-2025 13:51,278.15,2945475,177900
13-05-2025 13:51,24684.6,493050,782175,13-05-2025 13:51,76.7,3203475,1860150,13-05-2025 13:51,279,2946900,180000
13-05-2025 13:51,24684.6,489000,781575,13-05-2025 13:51,75.7,3197700,1859550,13-05-2025 13:51,279.05,2947575,180150
13-05-2025 13:51,24681.3,494100,783225,13-05-2025 13:51,76.2,3189825,1866525,13-05-2025 13:51,277,2948625,181875
13-05-2025 13:51,24680.4,494325,780075,13-05-2025 13:51,75.55,3136725,1877700,13-05-2025 13:51,278.1,2948250,185250
13-05-2025 13:51,24679.3,488250,784650,13-05-2025 13:51,74.65,3131175,1884150,13-05-2025 13:51,280.25,2956050,177900
13-05-2025 13:52,24680.2,492375,782175,13-05-2025 13:52,75.6,3119475,1871625,13-05-2025 13:52,276.9,2948325,181725
13-05-2025 13:52,24684.7,501225,783450,13-05-2025 13:52,76.3,3129075,1866150,13-05-2025 13:52,274.75,2949000,184800
13-05-2025 13:52,24685.5,499650,782100,13-05-2025 13:52,77.6,3137400,1849125,13-05-2025 13:52,274,2941650,188775
13-05-2025 13:52,24683.6,493875,786675,13-05-2025 13:52,77,3131925,1857300,13-05-2025 13:52,274.9,2941725,189000
13-05-2025 13:52,24683.9,492975,787725,13-05-2025 13:52,76.1,3132225,1867800,13-05-2025 13:52,278.9,2948850,180750
13-05-2025 13:52,24678,493350,791475,13-05-2025 13:52,76.15,3139350,1861050,13-05-2025 13:52,279.4,2949075,182100
13-05-2025 13:53,24678.1,489000,791250,13-05-2025 13:53,75.25,3146400,1862175,13-05-2025 13:53,280.6,2948775,181800
13-05-2025 13:53,24676,487950,789375,13-05-2025 13:53,74.1,3136950,1863825,13-05-2025 13:53,281.45,2950275,179925
13-05-2025 13:53,24675.1,490575,787950,13-05-2025 13:53,74.35,3122700,1862700,13-05-2025 13:53,282.5,2950800,177000
13-05-2025 13:53,24676.6,495225,785700,13-05-2025 13:53,75.4,3159525,1845450,13-05-2025 13:53,278.55,2948700,183750
13-05-2025 13:53,24679.9,491100,785025,13-05-2025 13:53,75.75,3165900,1845975,13-05-2025 13:53,277.35,2947050,185850
13-05-2025 13:53,24688,502350,784125,13-05-2025 13:53,77.55,3180075,1840050,13-05-2025 13:53,275,2946900,182325
13-05-2025 13:54,24682.5,494850,784500,13-05-2025 13:54,77.55,3180525,1832250,13-05-2025 13:54,274.95,2947200,183825
13-05-2025 13:54,24682,499125,785850,13-05-2025 13:54,77.4,3163425,1833975,13-05-2025 13:54,277,2948250,182250
13-05-2025 13:54,24688.6,499575,784650,13-05-2025 13:54,77.2,3162375,1833075,13-05-2025 13:54,277.9,2946150,182100
13-05-2025 13:54,24683,509250,789975,13-05-2025 13:54,77.45,3168450,1840950,13-05-2025 13:54,276.6,2946075,181875
13-05-2025 13:54,24683.4,496875,785100,13-05-2025 13:54,77.35,3164925,1834950,13-05-2025 13:54,276.15,2944275,180900
13-05-2025 13:54,24686.1,510900,789000,13-05-2025 13:54,78.7,3171150,1836675,13-05-2025 13:54,273.8,2942850,183375
13-05-2025 13:55,24687.7,501975,780900,13-05-2025 13:55,79.25,3172800,1819050,13-05-2025 13:55,271.6,2940225,187275
13-05-2025 13:55,24690,497250,781050,13-05-2025 13:55,79.55,3181500,1816875,13-05-2025 13:55,272.5,2940525,184425
13-05-2025 13:55,24691.4,496800,794700,13-05-2025 13:55,80.05,3185100,1812675,13-05-2025 13:55,274.9,2939625,185325
13-05-2025 13:55,24690.9,492675,786150,13-05-2025 13:55,79.55,3185325,1815900,13-05-2025 13:55,274.4,2944200,182400
13-05-2025 13:55,24689.1,492900,785775,13-05-2025 13:55,79.75,3180000,1814175,13-05-2025 13:55,273.6,2940975,185550
13-05-2025 13:55,24690,491700,788925,13-05-2025 13:55,79.55,3178650,1812300,13-05-2025 13:55,273.6,2943300,184425
13-05-2025 13:56,24688,494925,787950,13-05-2025 13:56,79.25,3178425,1816500,13-05-2025 13:56,274.8,2946975,184500
13-05-2025 13:56,24687.2,495150,788400,13-05-2025 13:56,78.65,3179250,1828050,13-05-2025 13:56,275,2951325,188550
13-05-2025 13:56,24683.9,492900,787950,13-05-2025 13:56,77.35,3178050,1829925,13-05-2025 13:56,280.95,2952150,181500
13-05-2025 13:56,24684.7,496950,794250,13-05-2025 13:56,77.7,3168375,1827375,13-05-2025 13:56,280.5,2949450,182625
13-05-2025 13:56,24683.9,495975,789300,13-05-2025 13:56,77.35,3167325,1832925,13-05-2025 13:56,280.05,2951250,183375
13-05-2025 13:56,24677.2,493050,790125,13-05-2025 13:56,77,3167850,1833675,13-05-2025 13:56,280.7,2955000,180525
13-05-2025 13:57,24675.9,497475,792000,13-05-2025 13:57,77.15,3177750,1827375,13-05-2025 13:57,281.8,2953725,182100
13-05-2025 13:57,24683.9,495750,790125,13-05-2025 13:57,78.2,3185475,1825875,13-05-2025 13:57,278,2953500,187200
13-05-2025 13:57,24684.5,504900,789525,13-05-2025 13:57,79.15,3191700,1818975,13-05-2025 13:57,275.1,2952375,189075
13-05-2025 13:57,24689.2,510600,786825,13-05-2025 13:57,79.45,3207300,1814925,13-05-2025 13:57,275.4,2953650,190725
13-05-2025 13:57,24687.9,488250,788775,13-05-2025 13:57,79.05,3217050,1822725,13-05-2025 13:57,277.65,2957925,182175
13-05-2025 13:57,24687.3,492450,789000,13-05-2025 13:57,79.15,3222975,1824675,13-05-2025 13:57,277.4,2956425,179400
13-05-2025 13:58,24683.7,490725,791550,13-05-2025 13:58,78.5,3225375,1830750,13-05-2025 13:58,279.95,2959875,181650
13-05-2025 13:58,24675.4,489075,793725,13-05-2025 13:58,76.95,3215400,1830150,13-05-2025 13:58,286.15,2960550,181650
13-05-2025 13:58,24672,484350,791775,13-05-2025 13:58,77.25,3206400,1827600,13-05-2025 13:58,285.75,2957550,168225
13-05-2025 13:58,24672.7,468300,790425,13-05-2025 13:58,79.5,3226125,1826925,13-05-2025 13:58,284.25,2959275,163800
13-05-2025 13:58,24672,483375,790425,13-05-2025 13:58,79.7,3224700,1819875,13-05-2025 13:58,289.55,2957400,140700
13-05-2025 13:58,24667,485325,787275,13-05-2025 13:58,79.65,3226350,1829550,13-05-2025 13:58,293.5,2956425,140475
13-05-2025 13:59,24664.6,493050,779775,13-05-2025 13:59,78.75,3217200,1817625,13-05-2025 13:59,294.05,2958375,136425
13-05-2025 13:59,24664.8,487275,786075,13-05-2025 13:59,79.3,3219675,1814175,13-05-2025 13:59,293.75,2958450,138000
13-05-2025 13:59,24671.1,493050,784275,13-05-2025 13:59,79.4,3219675,1816500,13-05-2025 13:59,287.7,2938950,143475
13-05-2025 13:59,24669.9,492600,781200,13-05-2025 13:59,78.15,3217425,1827300,13-05-2025 13:59,291.8,2937000,142275
13-05-2025 13:59,24667,486900,780225,13-05-2025 13:59,77.6,3213300,1828725,13-05-2025 13:59,291,2935875,145875
13-05-2025 13:59,24670.6,491250,782775,13-05-2025 13:59,77.3,3212250,1830525,13-05-2025 13:59,291.45,2937900,147975
13-05-2025 14:00,24670,483825,783525,13-05-2025 14:00,77.85,3212175,1826775,13-05-2025 14:00,290.55,2939025,147900
13-05-2025 14:00,24670,482475,781425,13-05-2025 14:00,77,3197775,1827525,13-05-2025 14:00,291.35,2934825,144675
13-05-2025 14:00,24663.2,480450,786000,13-05-2025 14:00,76.05,3198075,1826925,13-05-2025 14:00,298.75,2939100,142650
13-05-2025 14:00,24657.7,474450,782925,13-05-2025 14:00,76.4,3187500,1785525,13-05-2025 14:00,297.05,2936325,119175
13-05-2025 14:00,24662.1,477375,785025,13-05-2025 14:00,76.15,3200325,1791075,13-05-2025 14:00,295.45,2936625,126000
13-05-2025 14:00,24662.1,464100,786300,13-05-2025 14:00,76.3,3201300,1794825,13-05-2025 14:00,295.4,2937900,126600
13-05-2025 14:01,24657,466875,784800,13-05-2025 14:01,76.1,3211350,1804725,13-05-2025 14:01,296.4,2940525,128175
13-05-2025 14:01,24662.1,475350,783300,13-05-2025 14:01,77.35,3219975,1799100,13-05-2025 14:01,293.45,2938650,132000
13-05-2025 14:01,24669.9,477525,780975,13-05-2025 14:01,78.15,3222675,1786200,13-05-2025 14:01,293.6,2935575,135825
13-05-2025 14:01,24670,483225,781950,13-05-2025 14:01,78.45,3224775,1780725,13-05-2025 14:01,291.9,2935800,135075
13-05-2025 14:01,24669.8,480600,760575,13-05-2025 14:01,77.7,3219150,1792650,13-05-2025 14:01,291.55,2934075,135975
13-05-2025 14:01,24669.8,484650,759750,13-05-2025 14:01,77.5,3221025,1794300,13-05-2025 14:01,287.55,2934000,137400
13-05-2025 14:02,24669.9,485250,770775,13-05-2025 14:02,76.55,3221550,1800450,13-05-2025 14:02,289.4,2930775,137700
13-05-2025 14:02,24673,484800,768525,13-05-2025 14:02,76.8,3222600,1795425,13-05-2025 14:02,287.65,2930625,137400
13-05-2025 14:02,24673.5,483600,768075,13-05-2025 14:02,76.05,3223425,1799400,13-05-2025 14:02,288.3,2936325,137250
13-05-2025 14:02,24674.3,484350,768300,13-05-2025 14:02,75.4,3209850,1805175,13-05-2025 14:02,286.65,2934225,138825
13-05-2025 14:02,24674,482325,764700,13-05-2025 14:02,75.35,3181800,1803375,13-05-2025 14:02,287.05,2931975,141225
13-05-2025 14:02,24675,487425,763875,13-05-2025 14:02,75.45,3174225,1802775,13-05-2025 14:02,284,2930625,141450
13-05-2025 14:03,24674.3,489900,767250,13-05-2025 14:03,75.45,3184200,1806900,13-05-2025 14:03,283.35,2930925,140925
13-05-2025 14:03,24675,485775,765825,13-05-2025 14:03,75.8,3176325,1802475,13-05-2025 14:03,283.95,2931450,138300
13-05-2025 14:03,24679.9,486150,763125,13-05-2025 14:03,76.7,3181050,1800450,13-05-2025 14:03,281.75,2927550,141675
13-05-2025 14:03,24679.9,482775,763425,13-05-2025 14:03,76.75,3198825,1797225,13-05-2025 14:03,282.9,2928750,144000
13-05-2025 14:03,24677.8,482025,767250,13-05-2025 14:03,77.4,3195600,1788150,13-05-2025 14:03,280.05,2927400,141600
13-05-2025 14:03,24683,482325,774225,13-05-2025 14:03,77.35,3197400,1790250,13-05-2025 14:03,279.6,2926125,140400
13-05-2025 14:04,24680,480075,774975,13-05-2025 14:04,77.25,3194325,1787475,13-05-2025 14:04,280.85,2926500,141675
13-05-2025 14:04,24679,481050,780300,13-05-2025 14:04,76.7,3197175,1788225,13-05-2025 14:04,282.8,2929050,142050
13-05-2025 14:04,24679,477600,785850,13-05-2025 14:04,77.8,3197850,1790175,13-05-2025 14:04,281.3,2931750,138900
13-05-2025 14:04,24682,487725,786150,13-05-2025 14:04,78.1,3208200,1772925,13-05-2025 14:04,280.2,2924475,147300
13-05-2025 14:04,24678,480600,784950,13-05-2025 14:04,77.85,3205200,1783650,13-05-2025 14:04,280.95,2926875,141450
13-05-2025 14:04,24678,480375,785175,13-05-2025 14:04,77.2,3206775,1783200,13-05-2025 14:04,281.5,2926950,146475
13-05-2025 14:05,24682.8,485775,781725,13-05-2025 14:05,78.3,3211050,1780575,13-05-2025 14:05,278.55,2924025,145800
13-05-2025 14:05,24680.4,480525,785625,13-05-2025 14:05,77.45,3212625,1774350,13-05-2025 14:05,279.95,2926800,144525
13-05-2025 14:05,24675.1,480225,788175,13-05-2025 14:05,77,3204900,1783650,13-05-2025 14:05,282.6,2928675,142050
13-05-2025 14:05,24674.8,486150,786525,13-05-2025 14:05,75.7,3208875,1784625,13-05-2025 14:05,284,2932125,144600
13-05-2025 14:05,24674.7,486900,785100,13-05-2025 14:05,76.4,3201975,1788075,13-05-2025 14:05,283.8,2929875,139200
13-05-2025 14:05,24673.8,487800,785025,13-05-2025 14:05,76.55,3210450,1788000,13-05-2025 14:05,280.5,2923875,142125
13-05-2025 14:06,24677.7,492675,781950,13-05-2025 14:06,77.95,3222300,1782450,13-05-2025 14:06,279.8,2919525,144675
13-05-2025 14:06,24679,492675,786975,13-05-2025 14:06,78.3,3225150,1771725,13-05-2025 14:06,278.2,2917575,141675
13-05-2025 14:06,24680.7,490650,783750,13-05-2025 14:06,78.3,3222300,1778700,13-05-2025 14:06,279.05,2917875,141825
13-05-2025 14:06,24681.1,492000,783975,13-05-2025 14:06,78.5,3222600,1777350,13-05-2025 14:06,278.9,2921550,141075
13-05-2025 14:06,24681.9,490575,783525,13-05-2025 14:06,78.7,3226725,1780875,13-05-2025 14:06,277.9,2923725,141600
13-05-2025 14:06,24685,494550,783000,13-05-2025 14:06,79.4,3221025,1789725,13-05-2025 14:06,275.6,2919750,142200
13-05-2025 14:07,24685,495150,781875,13-05-2025 14:07,79.05,3223800,1767825,13-05-2025 14:07,276.05,2917125,142500
13-05-2025 14:07,24685,485475,782700,13-05-2025 14:07,79.1,3223350,1767300,13-05-2025 14:07,277.2,2922000,143325
13-05-2025 14:07,24690,492900,785625,13-05-2025 14:07,79.75,3223650,1769100,13-05-2025 14:07,275.65,2918025,144225
13-05-2025 14:07,24688.9,488850,782775,13-05-2025 14:07,79.5,3228150,1763850,13-05-2025 14:07,276.5,2918325,145575
13-05-2025 14:07,24684.9,488700,784875,13-05-2025 14:07,79.65,3230700,1763025,13-05-2025 14:07,275.35,2924850,146325
13-05-2025 14:07,24684.8,488850,789825,13-05-2025 14:07,78.8,3222900,1771050,13-05-2025 14:07,276,2921625,146250
13-05-2025 14:08,24686,494175,784800,13-05-2025 14:08,79.5,3222525,1769175,13-05-2025 14:08,272.9,2920500,151950
13-05-2025 14:08,24687.8,489600,784425,13-05-2025 14:08,80.3,3229800,1753500,13-05-2025 14:08,271.7,2911500,151500
13-05-2025 14:08,24691,494625,784350,13-05-2025 14:08,81.65,3237000,1754925,13-05-2025 14:08,269.05,2913375,145350
13-05-2025 14:08,24690,492000,778650,13-05-2025 14:08,81.75,3241575,1730550,13-05-2025 14:08,270.65,2907375,146550
13-05-2025 14:08,24689,491325,781575,13-05-2025 14:08,80.95,3231675,1742700,13-05-2025 14:08,273.05,2914050,141375
13-05-2025 14:08,24691,497550,781425,13-05-2025 14:08,82.6,3243375,1737900,13-05-2025 14:08,269.15,2911725,147225
13-05-2025 14:09,24687.9,497325,786075,13-05-2025 14:09,81.8,3245250,1745025,13-05-2025 14:09,272,2910300,144600
13-05-2025 14:09,24685,494850,783375,13-05-2025 14:09,80.65,3247050,1751700,13-05-2025 14:09,275.2,2910600,145500
13-05-2025 14:09,24684.9,486000,781575,13-05-2025 14:09,80.5,3242775,1764975,13-05-2025 14:09,274.45,2914275,145425
13-05-2025 14:09,24686.5,494775,782175,13-05-2025 14:09,80.4,3255450,1756350,13-05-2025 14:09,274.6,2913150,146100
13-05-2025 14:09,24685.8,494475,782250,13-05-2025 14:09,81.05,3245775,1759200,13-05-2025 14:09,273.45,2915550,144975
13-05-2025 14:09,24688,492225,781725,13-05-2025 14:09,81.2,3247500,1747725,13-05-2025 14:09,272.35,2915175,147825
13-05-2025 14:10,24690,492525,778425,13-05-2025 14:10,81.6,3252300,1747875,13-05-2025 14:10,271,2911275,150750
13-05-2025 14:10,24691.2,489300,778200,13-05-2025 14:10,81.45,3255900,1740600,13-05-2025 14:10,272,2915325,151125
13-05-2025 14:10,24687.6,492000,785175,13-05-2025 14:10,79.6,3235125,1761375,13-05-2025 14:10,277,2917950,151125
13-05-2025 14:10,24681.2,483675,788325,13-05-2025 14:10,79.2,3227475,1765875,13-05-2025 14:10,278.75,2919900,146025
13-05-2025 14:10,24682,488475,783225,13-05-2025 14:10,79,3228825,1764525,13-05-2025 14:10,278.5,2913450,147000
13-05-2025 14:10,24685.2,493125,784950,13-05-2025 14:10,78.95,3232200,1773525,13-05-2025 14:10,277.5,2915250,154950
13-05-2025 14:11,24682.2,484950,786675,13-05-2025 14:11,78.5,3222975,1769925,13-05-2025 14:11,279.6,2916225,156600
13-05-2025 14:11,24682.2,485175,790350,13-05-2025 14:11,78.5,3215550,1764525,13-05-2025 14:11,278.5,2914650,153975
13-05-2025 14:11,24682.5,487125,785175,13-05-2025 14:11,78.95,3212025,1764000,13-05-2025 14:11,276.9,2913225,152325
13-05-2025 14:11,24687.7,489300,783825,13-05-2025 14:11,79.35,3219825,1760925,13-05-2025 14:11,277.4,2910825,154050
13-05-2025 14:11,24685,489375,782700,13-05-2025 14:11,79.2,3218025,1770225,13-05-2025 14:11,276.7,2913900,154125
13-05-2025 14:11,24682.6,494100,780750,13-05-2025 14:11,80,3224025,1770225,13-05-2025 14:11,276.2,2913000,155775
13-05-2025 14:12,24685,494475,782175,13-05-2025 14:12,80,3223800,1762650,13-05-2025 14:12,276.6,2909400,160650
13-05-2025 14:12,24686.5,487200,785400,13-05-2025 14:12,79.65,3229050,1776750,13-05-2025 14:12,279.25,2914200,153825
13-05-2025 14:12,24684.9,486150,784200,13-05-2025 14:12,79,3221775,1825950,13-05-2025 14:12,279.25,2911950,153675
13-05-2025 14:12,24684.9,484200,786450,13-05-2025 14:12,78.65,3220500,1829025,13-05-2025 14:12,280.6,2916450,150375
13-05-2025 14:12,24684,483150,786225,13-05-2025 14:12,79.3,3222825,1827300,13-05-2025 14:12,279.5,2914200,156825
13-05-2025 14:12,24683,483450,794025,13-05-2025 14:12,78.8,3223650,1822650,13-05-2025 14:12,281,2910225,158100
13-05-2025 14:13,24682.2,482625,788475,13-05-2025 14:13,79,3221175,1815450,13-05-2025 14:13,281,2914950,162375
13-05-2025 14:13,24675,481425,793650,13-05-2025 14:13,77.65,3219375,1823250,13-05-2025 14:13,284.5,2916900,155925
13-05-2025 14:13,24674.8,472950,799575,13-05-2025 14:13,76.25,3203925,1827750,13-05-2025 14:13,288.5,2913750,147825
13-05-2025 14:13,24670,472200,792900,13-05-2025 14:13,75.45,3184950,1841100,13-05-2025 14:13,290.3,2911875,138375
13-05-2025 14:13,24671.7,478125,794025,13-05-2025 14:13,75.85,3185775,1836900,13-05-2025 14:13,288.95,2914275,138225
13-05-2025 14:13,24670,476025,791100,13-05-2025 14:13,75.6,3191925,1802925,13-05-2025 14:13,289.8,2911650,137400
13-05-2025 14:14,24667.1,473925,791325,13-05-2025 14:14,75.1,3164400,1797225,13-05-2025 14:14,291,2917050,137925
13-05-2025 14:14,24663,472200,788100,13-05-2025 14:14,74.55,3168000,1790175,13-05-2025 14:14,293.35,2923650,138225
13-05-2025 14:14,24661,471525,789975,13-05-2025 14:14,73.8,3154875,1809450,13-05-2025 14:14,294.4,2930325,133275
13-05-2025 14:14,24661,469800,788700,13-05-2025 14:14,73.55,3155550,1807800,13-05-2025 14:14,295,2924100,135000
13-05-2025 14:14,24660,472050,790650,13-05-2025 14:14,73.7,3171300,1808100,13-05-2025 14:14,295.65,2925150,134175
13-05-2025 14:14,24660,473625,788700,13-05-2025 14:14,73.8,3172500,1805325,13-05-2025 14:14,295.45,2927700,139050
13-05-2025 14:15,24660,470475,789750,13-05-2025 14:15,72.9,3171375,1818825,13-05-2025 14:15,297.5,2922600,136575
13-05-2025 14:15,24653,468825,791100,13-05-2025 14:15,72.1,3165525,1818600,13-05-2025 14:15,300.5,2922225,133125
13-05-2025 14:15,24651,458025,787875,13-05-2025 14:15,71.3,3155925,1798275,13-05-2025 14:15,304.6,2922825,124275
13-05-2025 14:15,24644.8,455325,788100,13-05-2025 14:15,69.75,3150600,1798425,13-05-2025 14:15,310.55,2921775,112425
13-05-2025 14:15,24644.8,425025,791925,13-05-2025 14:15,70.2,3107625,1798725,13-05-2025 14:15,309,2920200,105750
13-05-2025 14:15,24643.4,427575,788775,13-05-2025 14:15,70.5,3118875,1785000,13-05-2025 14:15,307.25,2921700,105600
13-05-2025 14:16,24648,437025,791250,13-05-2025 14:16,71.55,3143775,1780950,13-05-2025 14:16,304.35,2919825,114450
13-05-2025 14:16,24647.9,437550,797850,13-05-2025 14:16,71.3,3159900,1790400,13-05-2025 14:16,304.95,2919675,115350
13-05-2025 14:16,24646.2,431325,797475,13-05-2025 14:16,70.85,3138525,1819950,13-05-2025 14:16,304.3,2918175,113175
13-05-2025 14:16,24649.9,432150,809700,13-05-2025 14:16,70.4,3144825,1823475,13-05-2025 14:16,304.5,2920950,114300
13-05-2025 14:16,24647,425850,812400,13-05-2025 14:16,70,3147900,1829775,13-05-2025 14:16,305.65,2920950,116775
13-05-2025 14:16,24645.5,429000,811050,13-05-2025 14:16,70.55,3136800,1823850,13-05-2025 14:16,303.3,2921475,118125
13-05-2025 14:17,24651,433275,796275,13-05-2025 14:17,71.15,3139800,1817775,13-05-2025 14:17,302,2916225,123450
13-05-2025 14:17,24653,422325,802275,13-05-2025 14:17,69.85,3136275,1815900,13-05-2025 14:17,303.25,2917275,120750
13-05-2025 14:17,24645,421950,808575,13-05-2025 14:17,68.6,3125325,1881225,13-05-2025 14:17,305.95,2917725,120075
13-05-2025 14:17,24639.8,427125,812625,13-05-2025 14:17,68.2,3107700,1870950,13-05-2025 14:17,307.8,2911875,113175
13-05-2025 14:17,24645,420450,814125,13-05-2025 14:17,67.7,3107025,1867500,13-05-2025 14:17,306.95,2911950,115200
13-05-2025 14:17,24637.6,418650,818625,13-05-2025 14:17,66.6,3098850,1798200,13-05-2025 14:17,310.4,2912775,116400
13-05-2025 14:18,24642.5,417150,817875,13-05-2025 14:18,66.65,3114600,1797150,13-05-2025 14:18,312.6,2918550,116475
13-05-2025 14:18,24640.9,414825,818475,13-05-2025 14:18,66.2,3109650,1793250,13-05-2025 14:18,313.05,2919225,108225
13-05-2025 14:18,24636,419250,821325,13-05-2025 14:18,66.8,3118425,1797000,13-05-2025 14:18,312.4,2920050,109050
13-05-2025 14:18,24635,418950,824025,13-05-2025 14:18,66.6,3116025,1786350,13-05-2025 14:18,314.9,2925900,107475
13-05-2025 14:18,24634,413475,821100,13-05-2025 14:18,65.05,3111450,1794150,13-05-2025 14:18,318.2,2927400,100500
13-05-2025 14:18,24634,413625,819600,13-05-2025 14:18,64.5,3092775,1806225,13-05-2025 14:18,317.4,2923425,107400
13-05-2025 14:19,24638.7,415350,817050,13-05-2025 14:19,65.2,3095025,1803000,13-05-2025 14:19,315,2921850,111525
13-05-2025 14:19,24633,410925,813450,13-05-2025 14:19,65.5,3104850,1798200,13-05-2025 14:19,316.2,2919375,113250
13-05-2025 14:19,24639.2,412800,806775,13-05-2025 14:19,66.45,3127725,1788525,13-05-2025 14:19,316.45,2919825,116850
13-05-2025 14:19,24639.6,414600,804225,13-05-2025 14:19,67.05,3147750,1772700,13-05-2025 14:19,315.75,2919450,113850
13-05-2025 14:19,24630.8,413250,804075,13-05-2025 14:19,67.1,3136350,1760400,13-05-2025 14:19,319.85,2922300,112575
13-05-2025 14:19,24634.5,408300,808725,13-05-2025 14:19,67.25,3127200,1753350,13-05-2025 14:19,319.5,2922975,107400
13-05-2025 14:20,24634.6,414375,793050,13-05-2025 14:20,67.4,3142725,1755975,13-05-2025 14:20,316.4,2923725,109200
13-05-2025 14:20,24635,412125,797625,13-05-2025 14:20,67.35,3143175,1763475,13-05-2025 14:20,320,2926275,110850
13-05-2025 14:20,24637,417600,795525,13-05-2025 14:20,67.95,3144825,1762575,13-05-2025 14:20,318.2,2922750,113475
13-05-2025 14:20,24639.1,421425,799575,13-05-2025 14:20,67.95,3154125,1773900,13-05-2025 14:20,315.35,2926275,112950
13-05-2025 14:20,24637.8,424875,803850,13-05-2025 14:20,67.8,3155100,1765050,13-05-2025 14:20,318.2,2919675,117075
13-05-2025 14:20,24638,428775,805725,13-05-2025 14:20,68.2,3164700,1766775,13-05-2025 14:20,317.15,2920725,113625
13-05-2025 14:21,24636.6,427650,801075,13-05-2025 14:21,66.6,3167775,1768200,13-05-2025 14:21,318.25,2921325,119700
13-05-2025 14:21,24635.2,430875,801000,13-05-2025 14:21,66.9,3158175,1774125,13-05-2025 14:21,316.6,2920425,119400
13-05-2025 14:21,24643.7,435075,796350,13-05-2025 14:21,67.75,3177600,1772250,13-05-2025 14:21,308.85,2918850,123975
13-05-2025 14:21,24642.9,437325,791925,13-05-2025 14:21,67.9,3183525,1758000,13-05-2025 14:21,310.2,2907225,121200
13-05-2025 14:21,24643.8,438075,795450,13-05-2025 14:21,67.65,3182400,1763250,13-05-2025 14:21,311,2909550,122250
13-05-2025 14:21,24643.9,437700,798375,13-05-2025 14:21,67.95,3190425,1763625,13-05-2025 14:21,311.7,2912325,120975
13-05-2025 14:22,24644,440850,796125,13-05-2025 14:22,68.9,3195150,1756425,13-05-2025 14:22,306.8,2907375,122925
13-05-2025 14:22,24648,445350,797100,13-05-2025 14:22,68.8,3191700,1740675,13-05-2025 14:22,306.4,2900850,121875
13-05-2025 14:22,24653,445950,798675,13-05-2025 14:22,69.1,3187950,1744650,13-05-2025 14:22,304.45,2897250,123375
13-05-2025 14:22,24655,447000,797700,13-05-2025 14:22,69.4,3188700,1744800,13-05-2025 14:22,302.25,2897625,120225
13-05-2025 14:22,24655.1,446325,798000,13-05-2025 14:22,69.6,3187875,1744425,13-05-2025 14:22,301.35,2900700,119625
13-05-2025 14:22,24655,447600,801675,13-05-2025 14:22,69.4,3192375,1753500,13-05-2025 14:22,303,2900475,118425
13-05-2025 14:23,24653.2,447600,803700,13-05-2025 14:23,70.2,3197400,1751250,13-05-2025 14:23,306,2903925,121575
13-05-2025 14:23,24653.1,445725,804975,13-05-2025 14:23,70.05,3200175,1733250,13-05-2025 14:23,306.45,2904675,116400
13-05-2025 14:23,24655,447525,808200,13-05-2025 14:23,70.55,3204450,1732950,13-05-2025 14:23,304.4,2907075,117975
13-05-2025 14:23,24651.1,443250,806475,13-05-2025 14:23,70.75,3211650,1727475,13-05-2025 14:23,304.3,2905650,118725
13-05-2025 14:23,24655,443550,808125,13-05-2025 14:23,71.15,3216000,1725750,13-05-2025 14:23,303.85,2906625,116175
13-05-2025 14:23,24662,472125,801600,13-05-2025 14:23,73.85,3212775,1722000,13-05-2025 14:23,295.7,2904450,119475
13-05-2025 14:24,24669.9,469875,788325,13-05-2025 14:24,75.15,3227100,1688325,13-05-2025 14:24,293.45,2894175,121950
13-05-2025 14:24,24669.6,463275,798075,13-05-2025 14:24,75.75,3206850,1669500,13-05-2025 14:24,293.55,2886000,123150
13-05-2025 14:24,24670,460200,785850,13-05-2025 14:24,76,3207375,1679775,13-05-2025 14:24,288.9,2889600,123225
13-05-2025 14:24,24678,458700,780825,13-05-2025 14:24,78.4,3194850,1672050,13-05-2025 14:24,285.75,2886900,125625
13-05-2025 14:24,24678,452850,787125,13-05-2025 14:24,78.45,3196650,1652850,13-05-2025 14:24,287.25,2893425,126600
13-05-2025 14:24,24677.8,452925,786675,13-05-2025 14:24,78.25,3195375,1656750,13-05-2025 14:24,290.35,2899725,123000
13-05-2025 14:25,24678,452100,785400,13-05-2025 14:25,77.9,3189975,1664025,13-05-2025 14:25,288.35,2895750,129075
13-05-2025 14:25,24676,446475,792300,13-05-2025 14:25,77.05,3182550,1678650,13-05-2025 14:25,291.15,2904825,127950
13-05-2025 14:25,24672,448500,791400,13-05-2025 14:25,76.1,3185250,1691700,13-05-2025 14:25,294.2,2913525,124500
13-05-2025 14:25,24670,441450,795150,13-05-2025 14:25,75.95,3184050,1698150,13-05-2025 14:25,294.9,2913750,123375
13-05-2025 14:25,24670,450225,789300,13-05-2025 14:25,77.15,3193725,1696800,13-05-2025 14:25,290.55,2905500,126150
13-05-2025 14:25,24673.9,450225,788175,13-05-2025 14:25,78.65,3209775,1692150,13-05-2025 14:25,287,2905425,127875
13-05-2025 14:26,24676.3,450300,785925,13-05-2025 14:26,78.15,3209775,1677825,13-05-2025 14:26,288.15,2901000,127425
13-05-2025 14:26,24676,452625,789450,13-05-2025 14:26,78.7,3205350,1683150,13-05-2025 14:26,286.3,2902200,124350
13-05-2025 14:26,24680.5,455925,785475,13-05-2025 14:26,78.9,3211425,1687650,13-05-2025 14:26,287.5,2901150,125925
13-05-2025 14:26,24675.8,453975,790950,13-05-2025 14:26,79.6,3228600,1654800,13-05-2025 14:26,286.8,2898900,130050
13-05-2025 14:26,24675.5,449925,788250,13-05-2025 14:26,79,3225675,1670850,13-05-2025 14:26,289.4,2902050,121575
13-05-2025 14:26,24681.1,447000,779850,13-05-2025 14:26,79.95,3225825,1670850,13-05-2025 14:26,288,2899425,126000
13-05-2025 14:27,24684,448425,780975,13-05-2025 14:27,81.1,3223800,1656900,13-05-2025 14:27,283.95,2899500,129375
13-05-2025 14:27,24689,448800,778650,13-05-2025 14:27,82.75,3231975,1621500,13-05-2025 14:27,279.05,2890200,132375
13-05-2025 14:27,24688,449250,775650,13-05-2025 14:27,82,3214650,1611150,13-05-2025 14:27,280.6,2888550,127275
13-05-2025 14:27,24690,453000,774750,13-05-2025 14:27,82.5,3200250,1620000,13-05-2025 14:27,279.8,2892750,124800
13-05-2025 14:27,24683,448275,780525,13-05-2025 14:27,81.35,3200025,1632675,13-05-2025 14:27,281.55,2895300,123300
13-05-2025 14:27,24680,449475,784050,13-05-2025 14:27,79.55,3200250,1633350,13-05-2025 14:27,283.65,2897625,123825
13-05-2025 14:28,24675.8,444300,784050,13-05-2025 14:28,78.2,3200100,1648125,13-05-2025 14:28,289.8,2901675,122325
13-05-2025 14:28,24676,439950,783075,13-05-2025 14:28,77.75,3185250,1647450,13-05-2025 14:28,289.65,2902500,121125
13-05-2025 14:28,24664.4,444900,787800,13-05-2025 14:28,76.65,3180600,1640625,13-05-2025 14:28,294.25,2901675,117600
13-05-2025 14:28,24670,452250,787200,13-05-2025 14:28,76.85,3191850,1637100,13-05-2025 14:28,293.25,2899875,123375
13-05-2025 14:28,24671.7,461475,794700,13-05-2025 14:28,77.6,3202350,1651050,13-05-2025 14:28,292.15,2906175,125250
13-05-2025 14:28,24670.7,443100,789825,13-05-2025 14:28,77.2,3212775,1653525,13-05-2025 14:28,294.3,2904300,128850
13-05-2025 14:29,24672,446700,782850,13-05-2025 14:29,77.65,3215100,1654350,13-05-2025 14:29,291.95,2905350,130050
13-05-2025 14:29,24672.9,445050,787125,13-05-2025 14:29,77.5,3215625,1663575,13-05-2025 14:29,291.95,2901300,132075
13-05-2025 14:29,24671.9,446475,789000,13-05-2025 14:29,77.45,3213600,1658475,13-05-2025 14:29,293.05,2905500,129150
13-05-2025 14:29,24670.9,444075,786525,13-05-2025 14:29,76.85,3218775,1678575,13-05-2025 14:29,295.65,2907375,131400
13-05-2025 14:29,24676.2,447750,794475,13-05-2025 14:29,78.8,3233250,1671375,13-05-2025 14:29,289.3,2900775,131475
13-05-2025 14:29,24675,444750,790500,13-05-2025 14:29,78.6,3241950,1663125,13-05-2025 14:29,290.7,2900775,128625
13-05-2025 14:30,24677.4,448575,781950,13-05-2025 14:30,79.8,3242400,1661550,13-05-2025 14:30,287,2898225,130275
13-05-2025 14:30,24675.9,443625,788250,13-05-2025 14:30,78.5,3218700,1666200,13-05-2025 14:30,286.4,2895750,132375
13-05-2025 14:30,24675.9,454875,787950,13-05-2025 14:30,78.4,3214725,1665975,13-05-2025 14:30,289.45,2901375,132000
13-05-2025 14:30,24670,453600,791100,13-05-2025 14:30,75.6,3205875,1678200,13-05-2025 14:30,295,2904525,129300
13-05-2025 14:30,24665,453900,793950,13-05-2025 14:30,75.25,3194775,1676550,13-05-2025 14:30,295.2,2903850,126750
13-05-2025 14:30,24662.6,458700,786150,13-05-2025 14:30,75.35,3194850,1678800,13-05-2025 14:30,295.5,2906025,128925
13-05-2025 14:31,24662.2,463500,784650,13-05-2025 14:31,76.1,3207600,1675875,13-05-2025 14:31,293.4,2906925,133725
13-05-2025 14:31,24663.7,459900,787275,13-05-2025 14:31,75.85,3203400,1673700,13-05-2025 14:31,293.55,2901975,129750
13-05-2025 14:31,24668,462975,784875,13-05-2025 14:31,75.6,3204150,1672575,13-05-2025 14:31,291.4,2903250,132750
13-05-2025 14:31,24665,458925,783825,13-05-2025 14:31,75.95,3210375,1672200,13-05-2025 14:31,292,2902425,133425
13-05-2025 14:31,24665.5,458250,779925,13-05-2025 14:31,74.75,3209850,1700550,13-05-2025 14:31,292.55,2909025,129000
13-05-2025 14:31,24663.9,457800,784125,13-05-2025 14:31,75.15,3197250,1715025,13-05-2025 14:31,292,2914200,126975
13-05-2025 14:32,24667,458700,780900,13-05-2025 14:32,75.2,3203325,1705725,13-05-2025 14:32,290.25,2910150,129450
13-05-2025 14:32,24664,455775,785700,13-05-2025 14:32,74.3,3204075,1719975,13-05-2025 14:32,292.3,2911125,128475
13-05-2025 14:32,24665,454875,783900,13-05-2025 14:32,73.9,3204825,1723350,13-05-2025 14:32,289,2910975,129075
13-05-2025 14:32,24667,461625,782625,13-05-2025 14:32,74.9,3215325,1711350,13-05-2025 14:32,289,2907225,132150
13-05-2025 14:32,24672,465825,780675,13-05-2025 14:32,76.5,3220500,1709625,13-05-2025 14:32,284.35,2910075,133350
13-05-2025 14:32,24682,461475,784050,13-05-2025 14:32,79.65,3228000,1699125,13-05-2025 14:32,279.55,2901075,135900
13-05-2025 14:33,24679.9,466200,781800,13-05-2025 14:33,79,3224100,1675800,13-05-2025 14:33,281.2,2895825,133725
13-05-2025 14:33,24678,465825,786600,13-05-2025 14:33,78.35,3226650,1662975,13-05-2025 14:33,284.35,2896575,132975
13-05-2025 14:33,24678.2,462150,783300,13-05-2025 14:33,77.6,3231075,1669800,13-05-2025 14:33,284.4,2901150,134850
13-05-2025 14:33,24677.9,464775,782700,13-05-2025 14:33,78.6,3228600,1673400,13-05-2025 14:33,283.15,2897925,138000
13-05-2025 14:33,24680,470850,780750,13-05-2025 14:33,78.9,3239175,1676550,13-05-2025 14:33,281.85,2902200,139125
13-05-2025 14:33,24675.1,461175,784350,13-05-2025 14:33,77,3238050,1686000,13-05-2025 14:33,286,2906100,138600
13-05-2025 14:34,24677.7,467475,781125,13-05-2025 14:34,77.5,3239775,1686825,13-05-2025 14:34,284,2901600,139800
13-05-2025 14:34,24677.7,463050,779025,13-05-2025 14:34,77.25,3236400,1691775,13-05-2025 14:34,284.1,2898075,141450
13-05-2025 14:34,24677,461850,783750,13-05-2025 14:34,76.65,3232425,1696275,13-05-2025 14:34,285,2898150,142875
13-05-2025 14:34,24670.2,467475,785550,13-05-2025 14:34,76.1,3231750,1705050,13-05-2025 14:34,285.6,2900625,142725
13-05-2025 14:34,24677,468975,779775,13-05-2025 14:34,77,3238350,1706625,13-05-2025 14:34,282,2896725,144150
13-05-2025 14:34,24675.5,464175,780450,13-05-2025 14:34,77.7,3241725,1711125,13-05-2025 14:34,282.45,2897475,141750
13-05-2025 14:35,24677,465975,780900,13-05-2025 14:35,77.75,3244275,1711350,13-05-2025 14:35,281.95,2898600,145125
13-05-2025 14:35,24679.1,463800,782550,13-05-2025 14:35,78.4,3259650,1715475,13-05-2025 14:35,279.8,2897775,149550
13-05-2025 14:35,24678.7,459750,782775,13-05-2025 14:35,78.15,3262875,1707375,13-05-2025 14:35,279.6,2896500,148575
13-05-2025 14:35,24681,463050,786375,13-05-2025 14:35,79.05,3263100,1700925,13-05-2025 14:35,280,2897100,147450
13-05-2025 14:35,24677,459000,794250,13-05-2025 14:35,77.1,3257550,1709850,13-05-2025 14:35,285.4,2901300,143850
13-05-2025 14:35,24675,458625,793500,13-05-2025 14:35,77.8,3248100,1714125,13-05-2025 14:35,283.85,2898150,142575
13-05-2025 14:36,24675.7,468825,790725,13-05-2025 14:36,77.75,3241575,1712325,13-05-2025 14:36,281.55,2897325,146700
13-05-2025 14:36,24679.9,469575,789975,13-05-2025 14:36,77.6,3240900,1719450,13-05-2025 14:36,281.5,2901000,149400
13-05-2025 14:36,24681,468000,789450,13-05-2025 14:36,77.7,3243075,1720125,13-05-2025 14:36,279.9,2901750,149400
13-05-2025 14:36,24682.9,463725,784500,13-05-2025 14:36,77.75,3252225,1718475,13-05-2025 14:36,279.85,2897400,148425
13-05-2025 14:36,24682,467175,782175,13-05-2025 14:36,77.9,3242025,1716300,13-05-2025 14:36,281.45,2897175,148125
13-05-2025 14:36,24679.9,464700,786225,13-05-2025 14:36,77.8,3234825,1720050,13-05-2025 14:36,281.55,2899275,145725
13-05-2025 14:37,24675,463200,788175,13-05-2025 14:37,77.25,3231600,1723875,13-05-2025 14:37,284.75,2902875,141675
13-05-2025 14:37,24676.3,467550,788400,13-05-2025 14:37,77.65,3234975,1724250,13-05-2025 14:37,281.7,2906025,143475
13-05-2025 14:37,24679.9,466575,783975,13-05-2025 14:37,77.85,3250050,1723350,13-05-2025 14:37,282.7,2904000,144150
13-05-2025 14:37,24677,462300,791025,13-05-2025 14:37,76.5,3242700,1731300,13-05-2025 14:37,286,2904225,143550
13-05-2025 14:37,24676,463950,792375,13-05-2025 14:37,76.45,3233175,1733625,13-05-2025 14:37,286.5,2911350,139125
13-05-2025 14:37,24679.9,462075,791325,13-05-2025 14:37,77.7,3234075,1738050,13-05-2025 14:37,283,2911275,139425
13-05-2025 14:38,24680.6,459600,788700,13-05-2025 14:38,78.3,3252675,1730775,13-05-2025 14:38,282.15,2905425,145275
13-05-2025 14:38,24679.9,463800,790500,13-05-2025 14:38,77.8,3261300,1731900,13-05-2025 14:38,283.35,2901825,141225
13-05-2025 14:38,24682.8,472350,791100,13-05-2025 14:38,78.85,3262875,1728825,13-05-2025 14:38,281.3,2901375,141075
13-05-2025 14:38,24679.9,468075,791550,13-05-2025 14:38,78.1,3263250,1731000,13-05-2025 14:38,281.75,2913825,142350
13-05-2025 14:38,24684.7,469950,784125,13-05-2025 14:38,78.7,3263175,1730100,13-05-2025 14:38,280.85,2909025,143700
13-05-2025 14:38,24683.3,472350,787875,13-05-2025 14:38,78.85,3232200,1707150,13-05-2025 14:38,280.8,2898750,141150
13-05-2025 14:39,24694,464025,781050,13-05-2025 14:39,83.45,3231900,1701750,13-05-2025 14:39,271,2900400,147300
13-05-2025 14:39,24695,465225,774600,13-05-2025 14:39,83.35,3240225,1611750,13-05-2025 14:39,269.85,2873925,145275
13-05-2025 14:39,24689.4,460725,782100,13-05-2025 14:39,80.5,3229800,1613100,13-05-2025 14:39,275.6,2879775,142950
13-05-2025 14:39,24688,464325,779325,13-05-2025 14:39,81.75,3223125,1648650,13-05-2025 14:39,274.35,2875500,146400
13-05-2025 14:39,24693.4,468975,772050,13-05-2025 14:39,82.75,3236100,1684875,13-05-2025 14:39,271.5,2876775,146175
13-05-2025 14:39,24697,464250,770025,13-05-2025 14:39,84,3247350,1692600,13-05-2025 14:39,268.4,2875125,149550
13-05-2025 14:40,24695,465675,767250,13-05-2025 14:40,82.05,3243825,1630650,13-05-2025 14:40,271.9,2879925,148800
13-05-2025 14:40,24692.1,457500,770625,13-05-2025 14:40,83.1,3238875,1638450,13-05-2025 14:40,270,2882775,145800
13-05-2025 14:40,24691.8,464325,770925,13-05-2025 14:40,83.3,3259350,1636200,13-05-2025 14:40,269.45,2878275,151575
13-05-2025 14:40,24694.7,460125,773475,13-05-2025 14:40,82.5,3251100,1630800,13-05-2025 14:40,272.4,2885850,147825
13-05-2025 14:40,24681.2,463575,784050,13-05-2025 14:40,80.3,3227100,1655700,13-05-2025 14:40,277.5,2892150,146025
13-05-2025 14:40,24691.5,465900,774750,13-05-2025 14:40,81.9,3219450,1647900,13-05-2025 14:40,272.95,2887950,149850
13-05-2025 14:41,24688.4,461250,776325,13-05-2025 14:41,80.75,3223500,1644900,13-05-2025 14:41,275,2887350,151050
13-05-2025 14:41,24688.4,459000,776325,13-05-2025 14:41,80.85,3232050,1651050,13-05-2025 14:41,273,2886000,145425
13-05-2025 14:41,24690,464100,774075,13-05-2025 14:41,82,3239925,1667325,13-05-2025 14:41,273.9,2885475,149925
13-05-2025 14:41,24689,459975,776625,13-05-2025 14:41,81.55,3239175,1684275,13-05-2025 14:41,273.8,2884200,148800
13-05-2025 14:41,24687,456150,777450,13-05-2025 14:41,80.65,3240450,1689900,13-05-2025 14:41,276,2879100,145275
13-05-2025 14:41,24680,453450,782925,13-05-2025 14:41,77.8,3215775,1697475,13-05-2025 14:41,281,2887875,137625
13-05-2025 14:42,24680,463800,789825,13-05-2025 14:42,77.85,3205725,1691175,13-05-2025 14:42,281,2891625,137850
13-05-2025 14:42,24678.4,464775,785250,13-05-2025 14:42,77.95,3215250,1696500,13-05-2025 14:42,279.7,2888550,144000
13-05-2025 14:42,24679.4,457800,780000,13-05-2025 14:42,78,3217650,1700175,13-05-2025 14:42,279.3,2887275,143550
13-05-2025 14:42,24684.1,463050,779775,13-05-2025 14:42,77.4,3214575,1702800,13-05-2025 14:42,280,2892525,142800
13-05-2025 14:42,24683.4,458625,786450,13-05-2025 14:42,76.7,3193050,1709700,13-05-2025 14:42,280.55,2894175,139125
13-05-2025 14:42,24685,467475,788100,13-05-2025 14:42,77.9,3195900,1717200,13-05-2025 14:42,275.65,2891400,147450
13-05-2025 14:43,24688,463350,781650,13-05-2025 14:43,79.2,3203775,1711050,13-05-2025 14:43,272.85,2888400,146400
13-05-2025 14:43,24690,457875,782850,13-05-2025 14:43,78.65,3213825,1726875,13-05-2025 14:43,275.45,2884650,147000
13-05-2025 14:43,24685,460650,791175,13-05-2025 14:43,78.3,3214200,1735350,13-05-2025 14:43,275,2887650,149475
13-05-2025 14:43,24686.1,465375,783150,13-05-2025 14:43,78.5,3210600,1733925,13-05-2025 14:43,274.8,2887800,150150
13-05-2025 14:43,24690,469200,778425,13-05-2025 14:43,79.95,3219450,1733700,13-05-2025 14:43,271.3,2884350,149550
13-05-2025 14:43,24692,466200,778875,13-05-2025 14:43,80,3228825,1720125,13-05-2025 14:43,273.5,2887425,149400
13-05-2025 14:44,24690,465300,778350,13-05-2025 14:44,80.1,3225600,1724775,13-05-2025 14:44,271,2888850,148200
13-05-2025 14:44,24691.3,465675,775200,13-05-2025 14:44,80.4,3233925,1724550,13-05-2025 14:44,269.9,2888250,149025
13-05-2025 14:44,24692,463050,776475,13-05-2025 14:44,78.7,3235500,1724775,13-05-2025 14:44,273,2886300,150225
13-05-2025 14:44,24685,456450,779625,13-05-2025 14:44,78.5,3228225,1732800,13-05-2025 14:44,275,2888850,149100
13-05-2025 14:44,24686.6,456300,780300,13-05-2025 14:44,78.1,3229425,1731600,13-05-2025 14:44,273.15,2893725,148200
13-05-2025 14:44,24684,459975,788925,13-05-2025 14:44,77,3226950,1732050,13-05-2025 14:44,276.9,2889150,149250
13-05-2025 14:45,24688.5,459525,777300,13-05-2025 14:45,79.9,3225075,1734750,13-05-2025 14:45,270.65,2884800,153075
13-05-2025 14:45,24692.5,459225,772275,13-05-2025 14:45,80.6,3224625,1722600,13-05-2025 14:45,268.15,2876925,151350
13-05-2025 14:45,24691.2,458625,779850,13-05-2025 14:45,79.95,3219150,1736175,13-05-2025 14:45,268,2877975,154650
13-05-2025 14:45,24697,458400,771300,13-05-2025 14:45,81.65,3236175,1733325,13-05-2025 14:45,263.45,2874675,153300
13-05-2025 14:45,24699.5,463200,771000,13-05-2025 14:45,82.5,3229425,1717050,13-05-2025 14:45,260.95,2865225,156450
13-05-2025 14:45,24703.6,469200,755625,13-05-2025 14:45,82.2,3239925,1666500,13-05-2025 14:45,261.4,2860650,155250
13-05-2025 14:46,24704.7,473550,757500,13-05-2025 14:46,83.15,3236850,1671225,13-05-2025 14:46,259.95,2863500,154800
13-05-2025 14:46,24705.8,470250,760950,13-05-2025 14:46,83.5,3242625,1666650,13-05-2025 14:46,258.5,2864025,156150
13-05-2025 14:46,24703.3,467025,758175,13-05-2025 14:46,83.2,3244875,1655475,13-05-2025 14:46,260,2871075,152850
13-05-2025 14:46,24701,465375,762675,13-05-2025 14:46,82.4,3245775,1681425,13-05-2025 14:46,260.95,2870550,153450
13-05-2025 14:46,24701.3,468600,763125,13-05-2025 14:46,82.25,3239175,1693050,13-05-2025 14:46,261.7,2868150,152775
13-05-2025 14:46,24707.7,470775,761400,13-05-2025 14:46,83.65,3247500,1696800,13-05-2025 14:46,255.9,2866350,154050
13-05-2025 14:47,24717.9,473325,746625,13-05-2025 14:47,85.6,3251475,1681200,13-05-2025 14:47,249.3,2853300,155400
13-05-2025 14:47,24714,461100,752100,13-05-2025 14:47,84.2,3248175,1614975,13-05-2025 14:47,252.95,2855175,152925
13-05-2025 14:47,24706.9,465975,756750,13-05-2025 14:47,83.15,3250950,1622925,13-05-2025 14:47,254.7,2856450,155625
13-05-2025 14:47,24705,465600,753225,13-05-2025 14:47,82.35,3233850,1628325,13-05-2025 14:47,257.35,2859075,151650
13-05-2025 14:47,24704.1,470400,752400,13-05-2025 14:47,82.25,3234600,1635525,13-05-2025 14:47,256.55,2855475,152925
13-05-2025 14:47,24704.9,468525,757800,13-05-2025 14:47,81,3231075,1656900,13-05-2025 14:47,260,2862900,149775
13-05-2025 14:48,24695,461925,758100,13-05-2025 14:48,79.75,3240450,1664850,13-05-2025 14:48,261.4,2868375,146700
13-05-2025 14:48,24699.4,467400,756525,13-05-2025 14:48,81.2,3223425,1664325,13-05-2025 14:48,259.3,2868975,154050
13-05-2025 14:48,24699.1,463350,763800,13-05-2025 14:48,79.6,3235050,1677975,13-05-2025 14:48,263.6,2869350,154275
13-05-2025 14:48,24692.4,465825,766125,13-05-2025 14:48,79.7,3256875,1678350,13-05-2025 14:48,263.5,2870250,150300
13-05-2025 14:48,24693.7,464775,768375,13-05-2025 14:48,79.95,3252225,1685025,13-05-2025 14:48,263.95,2870625,150450
13-05-2025 14:48,24698,463500,762075,13-05-2025 14:48,79.8,3226275,1679325,13-05-2025 14:48,264.6,2875950,150900
13-05-2025 14:49,24697.2,463725,764100,13-05-2025 14:49,81.25,3230175,1680375,13-05-2025 14:49,261.7,2871525,155250
13-05-2025 14:49,24699,463875,764625,13-05-2025 14:49,81.35,3236325,1672575,13-05-2025 14:49,260.65,2869875,156000
13-05-2025 14:49,24697,464850,761850,13-05-2025 14:49,81.55,3242025,1680975,13-05-2025 14:49,262.35,2870775,153675
13-05-2025 14:49,24696,464175,764550,13-05-2025 14:49,80.65,3239400,1691775,13-05-2025 14:49,263.1,2876550,150450
13-05-2025 14:49,24692,469650,767100,13-05-2025 14:49,79.6,3234825,1706700,13-05-2025 14:49,265.75,2881050,148500
13-05-2025 14:49,24691.5,464550,769575,13-05-2025 14:49,79.45,3236400,1706025,13-05-2025 14:49,265.7,2880150,148950
13-05-2025 14:50,24698.1,467925,761175,13-05-2025 14:50,81.7,3246150,1696500,13-05-2025 14:50,261.2,2879475,150750
13-05-2025 14:50,24696.4,466125,765075,13-05-2025 14:50,81.45,3244350,1687725,13-05-2025 14:50,262.5,2877675,149025
13-05-2025 14:50,24697.1,470850,765075,13-05-2025 14:50,82,3245250,1695825,13-05-2025 14:50,260.45,2883075,154125
13-05-2025 14:50,24702.9,477450,761925,13-05-2025 14:50,84.05,3253425,1686075,13-05-2025 14:50,256.8,2874825,155925
13-05-2025 14:50,24700.7,470625,761700,13-05-2025 14:50,82.75,3250125,1682400,13-05-2025 14:50,259.15,2869350,154950
13-05-2025 14:50,24705,470700,761550,13-05-2025 14:50,83.9,3257100,1678350,13-05-2025 14:50,257.55,2868975,158475
13-05-2025 14:51,24707.9,474975,764025,13-05-2025 14:51,83.65,3271350,1677525,13-05-2025 14:51,257,2876025,155550
13-05-2025 14:51,24700.2,475875,764775,13-05-2025 14:51,83.55,3277050,1682475,13-05-2025 14:51,256.6,2878350,156750
13-05-2025 14:51,24702.8,475650,769575,13-05-2025 14:51,81.6,3280800,1691025,13-05-2025 14:51,261.25,2874975,155700
13-05-2025 14:51,24700.8,472350,766950,13-05-2025 14:51,82.4,3277875,1694775,13-05-2025 14:51,259.45,2877150,155700
13-05-2025 14:51,24700,471900,770925,13-05-2025 14:51,81.65,3282225,1699950,13-05-2025 14:51,259.7,2879100,156750
13-05-2025 14:51,24700,474750,767025,13-05-2025 14:51,82,3278100,1698600,13-05-2025 14:51,259.45,2878125,157575
13-05-2025 14:52,24706.6,470625,769125,13-05-2025 14:52,82,3280875,1695900,13-05-2025 14:52,257.85,2875200,157575
13-05-2025 14:52,24700,468150,773850,13-05-2025 14:52,80.75,3280575,1698675,13-05-2025 14:52,261.25,2871300,155925
13-05-2025 14:52,24700.6,472950,769950,13-05-2025 14:52,81.3,3267150,1697175,13-05-2025 14:52,260.6,2873025,152475
13-05-2025 14:52,24700,471675,768825,13-05-2025 14:52,81.8,3274725,1695375,13-05-2025 14:52,260.7,2870925,157125
13-05-2025 14:52,24700.6,478275,767100,13-05-2025 14:52,81.45,3275700,1694775,13-05-2025 14:52,260.15,2870400,153000
13-05-2025 14:52,24700.6,474300,768600,13-05-2025 14:52,81,3278100,1696500,13-05-2025 14:52,259,2867100,152175
13-05-2025 14:53,24704.9,476850,767925,13-05-2025 14:53,79,3283575,1696500,13-05-2025 14:53,265.05,2870100,157200
13-05-2025 14:53,24696.3,476850,769275,13-05-2025 14:53,80.45,3216450,1701000,13-05-2025 14:53,262.15,2868075,146475
13-05-2025 14:53,24696,469425,774450,13-05-2025 14:53,79.25,3243750,1698225,13-05-2025 14:53,264.4,2873025,155925
13-05-2025 14:53,24693.8,468675,769500,13-05-2025 14:53,79.2,3222675,1703700,13-05-2025 14:53,264.25,2869275,154050
13-05-2025 14:53,24695,473925,771075,13-05-2025 14:53,79.1,3226275,1704000,13-05-2025 14:53,264.6,2866950,152625
13-05-2025 14:53,24698,469875,770550,13-05-2025 14:53,79.95,3225900,1705650,13-05-2025 14:53,262.85,2868075,142800
13-05-2025 14:54,24700,467775,771075,13-05-2025 14:54,79.8,3227700,1709775,13-05-2025 14:54,262.55,2868600,144525
13-05-2025 14:54,24698.9,464850,769725,13-05-2025 14:54,78.9,3234000,1714800,13-05-2025 14:54,264.6,2869275,142950
13-05-2025 14:54,24694.5,467325,776625,13-05-2025 14:54,78.2,3244875,1715400,13-05-2025 14:54,266.3,2870550,141900
13-05-2025 14:54,24693.3,462750,778425,13-05-2025 14:54,78,3249825,1724175,13-05-2025 14:54,266.75,2873175,146100
13-05-2025 14:54,24692.5,461325,784125,13-05-2025 14:54,77.3,3260775,1737150,13-05-2025 14:54,267.7,2871900,141750
13-05-2025 14:54,24691.5,464775,780375,13-05-2025 14:54,78.65,3262800,1738350,13-05-2025 14:54,265.3,2877975,144750
13-05-2025 14:55,24692.5,463800,777525,13-05-2025 14:55,77.05,3261300,1729575,13-05-2025 14:55,268,2867475,145275
13-05-2025 14:55,24685.5,459225,788175,13-05-2025 14:55,76.1,3254550,1739550,13-05-2025 14:55,273.15,2875650,138150
13-05-2025 14:55,24680,459000,780675,13-05-2025 14:55,74,3246150,1750575,13-05-2025 14:55,278.15,2877750,130650
13-05-2025 14:55,24677.5,457950,783675,13-05-2025 14:55,75.05,3208650,1773600,13-05-2025 14:55,275.7,2876625,126525
13-05-2025 14:55,24679,456525,780150,13-05-2025 14:55,73.95,3222975,1758975,13-05-2025 14:55,279.4,2876850,127875
13-05-2025 14:55,24671.1,455175,780300,13-05-2025 14:55,72.9,3213000,1769700,13-05-2025 14:55,280.25,2883075,120825
13-05-2025 14:56,24674,459000,780975,13-05-2025 14:56,73.45,3221250,1770150,13-05-2025 14:56,278.6,2881350,120525
13-05-2025 14:56,24680.5,464550,776325,13-05-2025 14:56,75.4,3242475,1763700,13-05-2025 14:56,273.6,2867850,127800
13-05-2025 14:56,24685,462600,776325,13-05-2025 14:56,75.35,3243300,1732950,13-05-2025 14:56,272.8,2863350,126000
13-05-2025 14:56,24684,458325,776400,13-05-2025 14:56,75.05,3240975,1732425,13-05-2025 14:56,272.85,2866425,127950
13-05-2025 14:56,24682,457725,777975,13-05-2025 14:56,74.3,3235050,1716000,13-05-2025 14:56,275.85,2865750,128250
13-05-2025 14:56,24681,462975,781650,13-05-2025 14:56,74.95,3229125,1722450,13-05-2025 14:56,272.95,2865300,131925
13-05-2025 14:57,24678.3,457050,778275,13-05-2025 14:57,74.8,3231225,1714575,13-05-2025 14:57,274.05,2862075,134175
13-05-2025 14:57,24674.6,462750,791250,13-05-2025 14:57,72.25,3214950,1706175,13-05-2025 14:57,280,2856300,123000
13-05-2025 14:57,24679,456900,778275,13-05-2025 14:57,73.65,3216000,1710900,13-05-2025 14:57,278.85,2852700,123300
13-05-2025 14:57,24676,459375,783450,13-05-2025 14:57,72.75,3207075,1705425,13-05-2025 14:57,277.55,2853600,119850
13-05-2025 14:57,24673.5,457500,775875,13-05-2025 14:57,72.2,3212625,1708275,13-05-2025 14:57,277.55,2855700,121950
13-05-2025 14:57,24673,466275,779700,13-05-2025 14:57,71.65,3219750,1712475,13-05-2025 14:57,279.55,2860125,123150
13-05-2025 14:58,24677.4,461700,769800,13-05-2025 14:58,73.45,3206175,1699050,13-05-2025 14:58,271.65,2852925,135225
13-05-2025 14:58,24680,462225,777825,13-05-2025 14:58,73.05,3227175,1715550,13-05-2025 14:58,273,2850075,131400
13-05-2025 14:58,24684,459975,776775,13-05-2025 14:58,73,3226125,1719450,13-05-2025 14:58,270,2855925,133425
13-05-2025 14:58,24684.5,458175,773475,13-05-2025 14:58,72.9,3224400,1730850,13-05-2025 14:58,269.35,2847975,133725
13-05-2025 14:58,24681.5,458025,780000,13-05-2025 14:58,71.8,3224250,1734600,13-05-2025 14:58,268.2,2851950,132975
13-05-2025 14:58,24685,461775,773250,13-05-2025 14:58,74.1,3240000,1726650,13-05-2025 14:58,265.5,2851800,139050
13-05-2025 14:59,24695,464175,763800,13-05-2025 14:59,75.3,3250425,1708875,13-05-2025 14:59,262.5,2848275,134700
13-05-2025 14:59,24696.3,463275,765975,13-05-2025 14:59,76.95,3254625,1687650,13-05-2025 14:59,258.75,2842875,138900
13-05-2025 14:59,24688.1,459975,775575,13-05-2025 14:59,74.3,3250650,1689750,13-05-2025 14:59,264.5,2847900,131550
13-05-2025 14:59,24686.1,463125,774150,13-05-2025 14:59,72.25,3231300,1695675,13-05-2025 14:59,268.25,2850900,133800
13-05-2025 14:59,24681,457725,779475,13-05-2025 14:59,71.7,3221700,1705875,13-05-2025 14:59,268.9,2858100,130275
13-05-2025 14:59,24687.3,462750,775050,13-05-2025 14:59,71.8,3229125,1703400,13-05-2025 14:59,268.65,2859150,135000
13-05-2025 15:00,24691.2,458775,770250,13-05-2025 15:00,72.3,3249825,1706325,13-05-2025 15:00,265.9,2855700,135975
13-05-2025 15:00,24683.4,464625,774000,13-05-2025 15:00,72.4,3297825,1744875,13-05-2025 15:00,267.35,2865300,140025
13-05-2025 15:00,24687,457875,774450,13-05-2025 15:00,71.5,3311625,1749675,13-05-2025 15:00,268.35,2867775,142800
13-05-2025 15:00,24685.4,464250,777450,13-05-2025 15:00,71.05,3313125,1756200,13-05-2025 15:00,267,2873400,143325
13-05-2025 15:00,24675,457050,777675,13-05-2025 15:00,68.25,3302850,1760475,13-05-2025 15:00,272.15,2871075,140400
13-05-2025 15:00,24676.1,455100,777525,13-05-2025 15:00,67.5,3184200,1766325,13-05-2025 15:00,273.35,2877300,139725
13-05-2025 15:01,24676.4,454200,773400,13-05-2025 15:01,69.3,3187500,1790175,13-05-2025 15:01,269.25,2874300,133125
13-05-2025 15:01,24677.6,453000,778050,13-05-2025 15:01,67.8,3195300,1792200,13-05-2025 15:01,270.75,2869200,133125
13-05-2025 15:01,24677,460350,775950,13-05-2025 15:01,67.1,3241350,1800150,13-05-2025 15:01,271.5,2868900,133425
13-05-2025 15:01,24682,457050,774375,13-05-2025 15:01,68.6,3256650,1813575,13-05-2025 15:01,269.5,2864850,138225
13-05-2025 15:01,24680,454125,777225,13-05-2025 15:01,68.55,3252000,1834650,13-05-2025 15:01,268.4,2865750,137925
13-05-2025 15:01,24681.7,456675,779250,13-05-2025 15:01,69,3259500,1821825,13-05-2025 15:01,268.5,2865075,137925
13-05-2025 15:02,24685.1,457800,769425,13-05-2025 15:02,70.4,3270900,1800600,13-05-2025 15:02,263.1,2863800,140100
13-05-2025 15:02,24685,457800,774225,13-05-2025 15:02,70.6,3265200,1753950,13-05-2025 15:02,262,2861475,140850
13-05-2025 15:02,24685,457125,778425,13-05-2025 15:02,69.6,3262800,1776375,13-05-2025 15:02,262.8,2865825,138525
13-05-2025 15:02,24683.2,459525,773775,13-05-2025 15:02,69.8,3269250,1757775,13-05-2025 15:02,268.95,2865225,140700
13-05-2025 15:02,24673.1,455775,782925,13-05-2025 15:02,66.45,3264150,1766250,13-05-2025 15:02,275.35,2865225,136125
13-05-2025 15:02,24673,458550,777750,13-05-2025 15:02,67.1,3204150,1790700,13-05-2025 15:02,273.6,2870325,129225
13-05-2025 15:03,24671.3,454875,777675,13-05-2025 15:03,66.65,3216150,1803075,13-05-2025 15:03,272.75,2866650,139800
13-05-2025 15:03,24669.2,454650,786300,13-05-2025 15:03,64.6,3213675,1810875,13-05-2025 15:03,278.1,2869050,138150
13-05-2025 15:03,24666.1,448125,780900,13-05-2025 15:03,63.65,3156225,1816200,13-05-2025 15:03,279.85,2871300,126450
13-05-2025 15:03,24664.1,445125,779850,13-05-2025 15:03,63.45,3156825,1837950,13-05-2025 15:03,280.65,2871225,127575
13-05-2025 15:03,24661,442050,779625,13-05-2025 15:03,63.15,3153375,1844625,13-05-2025 15:03,279.75,2868150,124050
13-05-2025 15:03,24656.4,440175,780300,13-05-2025 15:03,62.2,3151650,1847625,13-05-2025 15:03,285.9,2872875,118050
13-05-2025 15:04,24652,436050,782925,13-05-2025 15:04,61.2,3147075,1844175,13-05-2025 15:04,291.5,2871225,117600
13-05-2025 15:04,24644,429000,782625,13-05-2025 15:04,61.15,3107700,1863225,13-05-2025 15:04,294.05,2873025,112800
13-05-2025 15:04,24645.3,424500,783600,13-05-2025 15:04,61.45,3117825,1865850,13-05-2025 15:04,292.5,2865000,110625
13-05-2025 15:04,24648.5,426675,779325,13-05-2025 15:04,62.1,3131025,1834275,13-05-2025 15:04,291.45,2865075,118950
13-05-2025 15:04,24641.7,424500,781875,13-05-2025 15:04,61.25,3137250,1840875,13-05-2025 15:04,296.15,2862675,116025
13-05-2025 15:04,24640,400575,777375,13-05-2025 15:04,61,3131250,1849500,13-05-2025 15:04,302,2860350,114900
13-05-2025 15:05,24642.1,406425,776775,13-05-2025 15:05,61.4,3136350,1840875,13-05-2025 15:05,296.85,2856600,107475
13-05-2025 15:05,24640,405075,780225,13-05-2025 15:05,60.5,3138450,1857450,13-05-2025 15:05,301.25,2858925,104025
13-05-2025 15:05,24640,406950,780300,13-05-2025 15:05,59.6,3134250,1852425,13-05-2025 15:05,299.85,2859075,105900
13-05-2025 15:05,24642.9,410325,778875,13-05-2025 15:05,60.05,3105675,1847925,13-05-2025 15:05,299.4,2857350,107250
13-05-2025 15:05,24639.9,414375,779325,13-05-2025 15:05,59.65,3119325,1856025,13-05-2025 15:05,299.95,2857350,113025
13-05-2025 15:05,24638,410250,780450,13-05-2025 15:05,59.1,3115350,1862700,13-05-2025 15:05,301.45,2855250,110775
13-05-2025 15:06,24642,417300,784275,13-05-2025 15:06,60.1,3129150,1832850,13-05-2025 15:06,299.6,2852025,113850
13-05-2025 15:06,24638,415050,783825,13-05-2025 15:06,59.05,3129975,1841175,13-05-2025 15:06,301.55,2853000,111525
13-05-2025 15:06,24635.8,410925,786000,13-05-2025 15:06,58.95,3128475,1844625,13-05-2025 15:06,303.95,2851275,107175
13-05-2025 15:06,24639.9,408825,781800,13-05-2025 15:06,59.9,3135750,1837725,13-05-2025 15:06,299.45,2849400,114375
13-05-2025 15:06,24639.9,408450,787800,13-05-2025 15:06,59.6,3138525,1835400,13-05-2025 15:06,300.25,2849400,113400
13-05-2025 15:06,24639.5,402525,761625,13-05-2025 15:06,60.5,3136875,1818525,13-05-2025 15:06,297.2,2846850,117675
13-05-2025 15:07,24647.1,409950,753525,13-05-2025 15:07,62,3148350,1797975,13-05-2025 15:07,293.75,2844450,116850
13-05-2025 15:07,24650,411825,754950,13-05-2025 15:07,62.85,3148725,1775325,13-05-2025 15:07,289.9,2840175,117075
13-05-2025 15:07,24652.4,419025,750300,13-05-2025 15:07,62.75,3153225,1760025,13-05-2025 15:07,288.85,2847375,115950
13-05-2025 15:07,24653.4,415200,753000,13-05-2025 15:07,62.5,3162300,1764525,13-05-2025 15:07,289.55,2845350,116925
13-05-2025 15:07,24651.5,415050,756975,13-05-2025 15:07,62.25,3159525,1776225,13-05-2025 15:07,289,2844375,117450
13-05-2025 15:07,24650.5,416550,756375,13-05-2025 15:07,61.65,3158175,1777125,13-05-2025 15:07,292,2845350,119325
13-05-2025 15:08,24646.5,413400,760200,13-05-2025 15:08,61.2,3147750,1782000,13-05-2025 15:08,293.85,2852100,114225
13-05-2025 15:08,24646.1,417600,753825,13-05-2025 15:08,61.4,3158850,1775850,13-05-2025 15:08,291.55,2846550,115800
13-05-2025 15:08,24647.5,417000,760725,13-05-2025 15:08,60.65,3156825,1782300,13-05-2025 15:08,291.1,2844300,114900
13-05-2025 15:08,24646.4,416700,757275,13-05-2025 15:08,60.9,3169950,1784175,13-05-2025 15:08,290.4,2845350,116325
13-05-2025 15:08,24644,415425,763725,13-05-2025 15:08,59.6,3168300,1788600,13-05-2025 15:08,295.6,2856975,108900
13-05-2025 15:08,24643.1,410400,765000,13-05-2025 15:08,59.85,3149400,1789050,13-05-2025 15:08,295.1,2851875,112050
13-05-2025 15:09,24640.1,410700,767925,13-05-2025 15:09,59.55,3149100,1786050,13-05-2025 15:09,299.6,2851125,106125
13-05-2025 15:09,24639.8,405975,764400,13-05-2025 15:09,59.15,3156300,1749300,13-05-2025 15:09,298.45,2851350,109200
13-05-2025 15:09,24640,407550,763500,13-05-2025 15:09,59.85,3160950,1751925,13-05-2025 15:09,296.8,2852100,113925
13-05-2025 15:09,24641.9,408600,766875,13-05-2025 15:09,58.9,3171375,1754250,13-05-2025 15:09,298.65,2853000,109875
13-05-2025 15:09,24645.9,409125,765525,13-05-2025 15:09,60.3,3171525,1754325,13-05-2025 15:09,295.5,2851425,114675
13-05-2025 15:09,24644.7,408225,763425,13-05-2025 15:09,60.15,3177225,1748325,13-05-2025 15:09,295.05,2860950,119025
13-05-2025 15:10,24639,405525,767400,13-05-2025 15:10,58.85,3173700,1764675,13-05-2025 15:10,301.45,2850225,116550
13-05-2025 15:10,24636.8,403050,765450,13-05-2025 15:10,58.3,3153600,1762650,13-05-2025 15:10,302.35,2853225,107775
13-05-2025 15:10,24631.8,401250,770100,13-05-2025 15:10,57.05,3129600,1777275,13-05-2025 15:10,307.1,2852700,103875
13-05-2025 15:10,24630,396300,768450,13-05-2025 15:10,57.05,3134250,1791000,13-05-2025 15:10,306.15,2852325,104325
13-05-2025 15:10,24627.1,394275,770100,13-05-2025 15:10,56.5,3136650,1792950,13-05-2025 15:10,310.75,2856150,99750
13-05-2025 15:10,24621.9,382425,774525,13-05-2025 15:10,56.45,3142575,1803000,13-05-2025 15:10,311.25,2856525,97800
13-05-2025 15:11,24627.1,385275,770475,13-05-2025 15:11,56.95,3139800,1814850,13-05-2025 15:11,308.3,2850900,97575
13-05-2025 15:11,24625.3,388350,766725,13-05-2025 15:11,57.3,3143175,1806150,13-05-2025 15:11,308.2,2853150,105225
13-05-2025 15:11,24622.8,387675,777600,13-05-2025 15:11,55.75,3138600,1824975,13-05-2025 15:11,312.6,2856825,96600
13-05-2025 15:11,24624.4,377850,774600,13-05-2025 15:11,55.55,3130800,1837425,13-05-2025 15:11,311.75,2860875,102750
13-05-2025 15:11,24625,360450,774900,13-05-2025 15:11,55.85,3153525,1830750,13-05-2025 15:11,312.1,2863050,104925
13-05-2025 15:11,24625.1,366825,775275,13-05-2025 15:11,56.5,3166650,1817100,13-05-2025 15:11,309.35,2855475,111675
13-05-2025 15:12,24625,364050,774975,13-05-2025 15:12,56.3,3168900,1799250,13-05-2025 15:12,311.3,2854725,106050
13-05-2025 15:12,24624.9,364800,778500,13-05-2025 15:12,56.2,3169125,1805175,13-05-2025 15:12,310.15,2857950,109500
13-05-2025 15:12,24622.4,365325,779475,13-05-2025 15:12,55.6,3164850,1822200,13-05-2025 15:12,313.4,2856900,103650
13-05-2025 15:12,24622.4,364575,780300,13-05-2025 15:12,55.65,3164025,1813425,13-05-2025 15:12,312.8,2856375,101475
13-05-2025 15:12,24616.7,362625,780300,13-05-2025 15:12,55.05,3152850,1806750,13-05-2025 15:12,314.45,2852925,98025
13-05-2025 15:12,24616.1,344250,780000,13-05-2025 15:12,54.4,3103575,1802475,13-05-2025 15:12,315.95,2851275,101550
13-05-2025 15:13,24617.5,345900,780750,13-05-2025 15:13,54.45,3116400,1843425,13-05-2025 15:13,316.35,2852400,103575
13-05-2025 15:13,24622.2,352350,774150,13-05-2025 15:13,55.75,3123075,1842900,13-05-2025 15:13,310.5,2852325,110175
13-05-2025 15:13,24621.2,356550,773925,13-05-2025 15:13,55.7,3126600,1782000,13-05-2025 15:13,310.7,2847450,107475
13-05-2025 15:13,24621.2,355950,774750,13-05-2025 15:13,55.55,3122175,1775775,13-05-2025 15:13,312.05,2846925,109050
13-05-2025 15:13,24621.4,353100,778725,13-05-2025 15:13,55.15,3107175,1797825,13-05-2025 15:13,314,2846625,107700
13-05-2025 15:13,24620.1,354825,788625,13-05-2025 15:13,55.75,3112800,1796925,13-05-2025 15:13,311.55,2846850,107025
13-05-2025 15:14,24620.2,353400,788775,13-05-2025 15:14,55.8,3118875,1774500,13-05-2025 15:14,312.7,2845500,109650
13-05-2025 15:14,24620,355425,790800,13-05-2025 15:14,55.3,3123300,1779450,13-05-2025 15:14,314.45,2850525,111000
13-05-2025 15:14,24622.3,350625,790875,13-05-2025 15:14,55.4,3135300,1787025,13-05-2025 15:14,315.25,2852100,104475
13-05-2025 15:14,24620,361800,787800,13-05-2025 15:14,56.05,3161700,1779900,13-05-2025 15:14,313,2851800,105675
13-05-2025 15:14,24619,358650,789150,13-05-2025 15:14,56.1,3167475,1762275,13-05-2025 15:14,312.4,2848200,108225
13-05-2025 15:14,24622,357225,791625,13-05-2025 15:14,55.85,3162600,1765500,13-05-2025 15:14,313,2850375,109950
13-05-2025 15:15,24620.1,358425,797025,13-05-2025 15:15,55.95,3162450,1752375,13-05-2025 15:15,317,2847825,109275
13-05-2025 15:15,24623.5,365175,794250,13-05-2025 15:15,57.15,3159225,1756050,13-05-2025 15:15,311.85,2847300,112725
13-05-2025 15:15,24621.7,366150,793425,13-05-2025 15:15,57.6,3161700,1706100,13-05-2025 15:15,309.95,2843550,112575
13-05-2025 15:15,24634.1,370950,782775,13-05-2025 15:15,58.55,3168225,1654800,13-05-2025 15:15,303,2836350,123375
13-05-2025 15:15,24637.9,369750,778650,13-05-2025 15:15,59.5,3176325,1627650,13-05-2025 15:15,297.2,2831550,120450
13-05-2025 15:15,24639.1,367125,776325,13-05-2025 15:15,60.05,3178050,1625100,13-05-2025 15:15,292,2832225,115350
13-05-2025 15:16,24646.1,367350,768975,13-05-2025 15:16,59.95,3173100,1575600,13-05-2025 15:16,291.7,2830650,126525
13-05-2025 15:16,24654,368250,767325,13-05-2025 15:16,61.7,3167250,1568175,13-05-2025 15:16,283.85,2825700,119550
13-05-2025 15:16,24649.1,362850,761700,13-05-2025 15:16,61,3160725,1572525,13-05-2025 15:16,285.55,2829825,113850
13-05-2025 15:16,24654.4,366825,761475,13-05-2025 15:16,62.6,3162525,1568775,13-05-2025 15:16,280.85,2824950,114900
13-05-2025 15:16,24657,362775,756000,13-05-2025 15:16,61.9,3154800,1556250,13-05-2025 15:16,283.5,2830650,115575
13-05-2025 15:16,24653.3,367425,757350,13-05-2025 15:16,62.7,3146475,1558350,13-05-2025 15:16,282.15,2832900,108375
13-05-2025 15:17,24657.7,368925,751200,13-05-2025 15:17,64,3160800,1531125,13-05-2025 15:17,279.1,2831025,111300
13-05-2025 15:17,24659.8,367350,753900,13-05-2025 15:17,63.4,3162900,1527525,13-05-2025 15:17,280.95,2827425,111600
13-05-2025 15:17,24659,363900,759375,13-05-2025 15:17,64.05,3168375,1533600,13-05-2025 15:17,281.1,2829075,107550
13-05-2025 15:17,24661,367425,756525,13-05-2025 15:17,63.9,3164775,1530825,13-05-2025 15:17,279.85,2829450,111750
13-05-2025 15:17,24649.1,357600,763125,13-05-2025 15:17,63.45,3150375,1535325,13-05-2025 15:17,287.35,2835225,109950
13-05-2025 15:17,24650.7,363450,756825,13-05-2025 15:17,63.5,3151500,1536750,13-05-2025 15:17,285.95,2834850,106800
13-05-2025 15:18,24656,364575,755700,13-05-2025 15:18,63.85,3150750,1551000,13-05-2025 15:18,283.45,2833275,116025
13-05-2025 15:18,24650.9,357375,762375,13-05-2025 15:18,62.05,3142875,1572075,13-05-2025 15:18,287.5,2833950,110400
13-05-2025 15:18,24651.3,366525,761775,13-05-2025 15:18,62.9,3133725,1573650,13-05-2025 15:18,284.3,2833725,111825
13-05-2025 15:18,24658,366450,758250,13-05-2025 15:18,63.95,3135450,1562175,13-05-2025 15:18,280.35,2827575,112575
13-05-2025 15:18,24656,366375,754275,13-05-2025 15:18,64.8,3149775,1521750,13-05-2025 15:18,282.4,2827200,112350
13-05-2025 15:18,24657.9,366225,744750,13-05-2025 15:18,64.8,3156675,1520175,13-05-2025 15:18,282,2827500,113700
13-05-2025 15:19,24655,355575,750900,13-05-2025 15:19,63.5,3155100,1522125,13-05-2025 15:19,285.8,2831700,115200
13-05-2025 15:19,24654.7,361350,749400,13-05-2025 15:19,64.6,3160725,1523325,13-05-2025 15:19,283.4,2833575,111000
13-05-2025 15:19,24657,365550,748500,13-05-2025 15:19,64.6,3169500,1517850,13-05-2025 15:19,281,2828400,112275
13-05-2025 15:19,24656,364050,750450,13-05-2025 15:19,64.15,3169575,1523250,13-05-2025 15:19,282.75,2828625,115950
13-05-2025 15:19,24655.5,359325,750000,13-05-2025 15:19,63.8,3161625,1524600,13-05-2025 15:19,282,2827575,112050
13-05-2025 15:19,24655,358050,751725,13-05-2025 15:19,63.3,3158775,1533750,13-05-2025 15:19,284,2828325,110250
13-05-2025 15:20,24661,371925,745350,13-05-2025 15:20,64.7,3160725,1517700,13-05-2025 15:20,281.75,2828325,112725
13-05-2025 15:20,24658.5,368925,745350,13-05-2025 15:20,65.85,3159600,1513800,13-05-2025 15:20,280.95,2827800,111375
13-05-2025 15:20,24658.4,368475,744225,13-05-2025 15:20,65.4,3143925,1496700,13-05-2025 15:20,279.65,2832825,113400
13-05-2025 15:20,24658.2,366975,746925,13-05-2025 15:20,64.65,3141300,1505550,13-05-2025 15:20,282.4,2829600,113625
13-05-2025 15:20,24652.9,364275,748425,13-05-2025 15:20,64.15,3134400,1511025,13-05-2025 15:20,283.8,2830875,107550
13-05-2025 15:20,24652.4,358500,750900,13-05-2025 15:20,63.45,3129825,1523250,13-05-2025 15:20,285,2833350,107700
13-05-2025 15:21,24650,360225,754050,13-05-2025 15:21,63.55,3136050,1522575,13-05-2025 15:21,286.1,2833875,106575
13-05-2025 15:21,24651,361200,751875,13-05-2025 15:21,64.15,3157725,1520100,13-05-2025 15:21,284.4,2833725,105000
13-05-2025 15:21,24651.9,358425,750300,13-05-2025 15:21,64.45,3162975,1507050,13-05-2025 15:21,283.85,2833575,109800
13-05-2025 15:21,24655,365775,747900,13-05-2025 15:21,64.1,3151425,1509975,13-05-2025 15:21,282.65,2826000,111450
13-05-2025 15:21,24655.1,363525,750225,13-05-2025 15:21,64.7,3164850,1509525,13-05-2025 15:21,282.45,2825250,116325
13-05-2025 15:21,24655,361875,747450,13-05-2025 15:21,64.45,3149325,1512225,13-05-2025 15:21,283.1,2825550,123750
13-05-2025 15:22,24651,356625,756525,13-05-2025 15:22,63.15,3146700,1516725,13-05-2025 15:22,286.8,2827200,121875
13-05-2025 15:22,24648,362775,765375,13-05-2025 15:22,63.2,3131850,1516725,13-05-2025 15:22,287.6,2828100,118350
13-05-2025 15:22,24647.6,365475,764175,13-05-2025 15:22,62.55,3133125,1525650,13-05-2025 15:22,289.05,2825625,118650
13-05-2025 15:22,24641,353250,768750,13-05-2025 15:22,61.4,3114075,1531350,13-05-2025 15:22,292.7,2827500,109650
13-05-2025 15:22,24640.1,359550,773775,13-05-2025 15:22,59.5,3104325,1527150,13-05-2025 15:22,298,2828775,95250
13-05-2025 15:22,24632,357225,774525,13-05-2025 15:22,58.9,3069450,1529325,13-05-2025 15:22,302.6,2828700,91275
13-05-2025 15:23,24631.7,358800,766800,13-05-2025 15:23,59.5,3082125,1520925,13-05-2025 15:23,300.25,2827500,94050
13-05-2025 15:23,24634.5,360900,761850,13-05-2025 15:23,60.8,3095175,1509825,13-05-2025 15:23,299.15,2823450,99975
13-05-2025 15:23,24635.8,359400,761175,13-05-2025 15:23,60.95,3107925,1509975,13-05-2025 15:23,300.7,2824125,97200
13-05-2025 15:23,24632.4,354825,761400,13-05-2025 15:23,61.15,3137550,1498050,13-05-2025 15:23,300.05,2826300,97425
13-05-2025 15:23,24632.6,352800,762225,13-05-2025 15:23,60.8,3135675,1501950,13-05-2025 15:23,301.6,2828175,87525
13-05-2025 15:23,24630,355200,765075,13-05-2025 15:23,61.2,3111300,1500675,13-05-2025 15:23,304,2826525,85050
13-05-2025 15:24,24628.1,346875,748050,13-05-2025 15:24,61.4,3125025,1488300,13-05-2025 15:24,308.3,2830275,86400
13-05-2025 15:24,24624,354000,745500,13-05-2025 15:24,60.65,3139650,1491675,13-05-2025 15:24,309,2828175,85800
13-05-2025 15:24,24621,352500,748350,13-05-2025 15:24,58.5,3122475,1500525,13-05-2025 15:24,315.15,2829900,82350
13-05-2025 15:24,24619,345300,746400,13-05-2025 15:24,59.8,3140175,1493400,13-05-2025 15:24,314.1,2829675,83325
13-05-2025 15:24,24623.8,350475,740700,13-05-2025 15:24,60.3,3159975,1491000,13-05-2025 15:24,310.9,2822250,87525
13-05-2025 15:24,24620.9,343125,739800,13-05-2025 15:24,60.55,3158625,1487550,13-05-2025 15:24,312.15,2827125,95250
13-05-2025 15:25,24623.3,343200,740025,13-05-2025 15:25,60.6,1177425,1483650,13-05-2025 15:25,308.7,861225,92700
13-05-2025 15:25,24623.9,344100,739125,13-05-2025 15:25,60.15,648375,1478025,13-05-2025 15:25,307.7,858150,95475
13-05-2025 15:25,24623.8,341175,736800,13-05-2025 15:25,60,641025,1477050,13-05-2025 15:25,309.6,315675,93525
13-05-2025 15:25,24628.2,343425,738525,13-05-2025 15:25,60.2,630600,1479675,13-05-2025 15:25,307.9,315075,95475
13-05-2025 15:25,24625.2,344025,739575,13-05-2025 15:25,61.5,639525,1477350,13-05-2025 15:25,308.5,314250,86475
13-05-2025 15:25,24629,345900,735675,13-05-2025 15:25,60.55,635700,1448475,13-05-2025 15:25,305.25,311625,90750
13-05-2025 15:26,24625.6,344925,736650,13-05-2025 15:26,60.95,641925,1454175,13-05-2025 15:26,305,313425,93300
13-05-2025 15:26,24630,349050,736125,13-05-2025 15:26,61.4,645600,1448175,13-05-2025 15:26,300.6,311700,93300
13-05-2025 15:26,24630,344775,728175,13-05-2025 15:26,60.6,642450,1445100,13-05-2025 15:26,303.35,313950,93000
13-05-2025 15:26,24632,346200,731625,13-05-2025 15:26,61.2,649875,1448100,13-05-2025 15:26,301.8,309900,91125
13-05-2025 15:26,24630.3,349575,729075,13-05-2025 15:26,61.5,650475,1443450,13-05-2025 15:26,302,307500,90525
13-05-2025 15:26,24632,350250,728325,13-05-2025 15:26,61.85,637650,1435650,13-05-2025 15:26,301.7,302550,84300
13-05-2025 15:27,24636,351975,727200,13-05-2025 15:27,61.35,630600,1424550,13-05-2025 15:27,298.85,302850,86400
13-05-2025 15:27,24634.6,351150,723975,13-05-2025 15:27,60.9,626925,1387125,13-05-2025 15:27,298.55,300375,83250
13-05-2025 15:27,24634,351675,725175,13-05-2025 15:27,61.25,613650,1386150,13-05-2025 15:27,298.25,299775,80475
13-05-2025 15:27,24634.8,351375,721350,13-05-2025 15:27,60.85,610125,1373850,13-05-2025 15:27,297.85,295950,79725
13-05-2025 15:27,24637,352800,720825,13-05-2025 15:27,61.6,626850,1376775,13-05-2025 15:27,299.4,295350,82500
13-05-2025 15:27,24635.5,348300,718425,13-05-2025 15:27,61.8,653625,1358550,13-05-2025 15:27,297,295725,79350
13-05-2025 15:28,24637.6,348150,712800,13-05-2025 15:28,63.15,652650,1313175,13-05-2025 15:28,299.1,293475,80025
13-05-2025 15:28,24640,352050,709275,13-05-2025 15:28,63.1,670275,1288650,13-05-2025 15:28,293.65,290475,83625
13-05-2025 15:28,24644.3,353325,705600,13-05-2025 15:28,62.55,576675,1300500,13-05-2025 15:28,294.4,296475,85875
13-05-2025 15:28,24641.9,336075,705525,13-05-2025 15:28,61.95,566925,1315050,13-05-2025 15:28,295.7,293250,80325
13-05-2025 15:28,24643,338550,705000,13-05-2025 15:28,62.25,577500,1298025,13-05-2025 15:28,295.15,290925,80775
13-05-2025 15:28,24644,336675,705675,13-05-2025 15:28,62.6,561150,1294050,13-05-2025 15:28,294.95,290175,80250
13-05-2025 15:29,24640.1,333450,703350,13-05-2025 15:29,61.6,558300,1287525,13-05-2025 15:29,292.3,287775,75900
13-05-2025 15:29,24642.7,326100,696225,13-05-2025 15:29,61.05,539100,1293075,13-05-2025 15:29,288.7,287175,77925
13-05-2025 15:29,24645,328425,694050,13-05-2025 15:29,61.6,531300,1300725,13-05-2025 15:29,290.55,283350,68475
13-05-2025 15:29,24644.5,323400,693375,13-05-2025 15:29,61.6,306150,1262625,13-05-2025 15:29,290.6,83250,55350
13-05-2025 15:29,24644.6,318525,682125,13-05-2025 15:29,62,306750,1246650,13-05-2025 15:29,290,79650,60075
13-05-2025 15:29,24646.7,307500,672225,13-05-2025 15:29,61.7,297600,1234725,13-05-2025 15:29,288,78900,58200
