last_traded_time,ltp,tot_buy_qty,tot_sell_qty,last_traded_time,ltp,tot_buy_qty,tot_sell_qty,last_traded_time,ltp,tot_buy_qty,tot_sell_qty
15-05-2025 09:17,24708.4,278100,375225,15-05-2025 09:17,85.4,36192000,436950,15-05-2025 09:17,59.5,39859800,590250
15-05-2025 09:17,24709.7,273525,380775,15-05-2025 09:17,84.55,36697050,459225,15-05-2025 09:17,62.3,40009350,577800
15-05-2025 09:17,24700,254850,390375,15-05-2025 09:17,80.8,36853950,521400,15-05-2025 09:17,66.1,40132800,540975
15-05-2025 09:17,24692.9,265575,387525,15-05-2025 09:17,80.05,36883950,542175,15-05-2025 09:17,74.45,40455900,444825
15-05-2025 09:17,24691,273450,386100,15-05-2025 09:17,77.3,37237725,552525,15-05-2025 09:17,75.3,40627800,437550
15-05-2025 09:18,24683.6,275850,394650,15-05-2025 09:18,73.85,37391625,574875,15-05-2025 09:18,76.4,40609275,485250
15-05-2025 09:18,24682,285075,396450,15-05-2025 09:18,73.3,37714425,582900,15-05-2025 09:18,78.3,40617225,495150
15-05-2025 09:18,24690,297150,391125,15-05-2025 09:18,78.55,37930500,593100,15-05-2025 09:18,72.9,40725075,481200
15-05-2025 09:18,24688,304500,399375,15-05-2025 09:18,77.55,38034900,611550,15-05-2025 09:18,77.05,41197575,523950
15-05-2025 09:18,24688,301575,395250,15-05-2025 09:18,77.6,38078625,663450,15-05-2025 09:18,77.15,41377800,564525
15-05-2025 09:18,24685,306450,395175,15-05-2025 09:18,76.4,38699775,691200,15-05-2025 09:18,77.7,41366700,558000
15-05-2025 09:19,24682,299100,392925,15-05-2025 09:19,75.45,39059550,710625,15-05-2025 09:19,80,41404950,545925
15-05-2025 09:19,24683.3,304200,392250,15-05-2025 09:19,74.9,39299925,722025,15-05-2025 09:19,81.15,41474175,606600
15-05-2025 09:19,24687,312975,400575,15-05-2025 09:19,75.05,39308850,757350,15-05-2025 09:19,77.95,41733375,691050
15-05-2025 09:19,24686.5,308850,402900,15-05-2025 09:19,73.85,39342300,776775,15-05-2025 09:19,80.35,41991675,717750
15-05-2025 09:19,24685.1,311250,403800,15-05-2025 09:19,73.7,39718425,797850,15-05-2025 09:19,79.2,42242700,743625
15-05-2025 09:19,24700.6,323700,399975,15-05-2025 09:19,76.95,39972000,800925,15-05-2025 09:19,72.6,42319800,825075
15-05-2025 09:20,24680,311175,406125,15-05-2025 09:20,70.6,40297050,762900,15-05-2025 09:20,78.05,41956650,816375
15-05-2025 09:20,24667.9,307950,400875,15-05-2025 09:20,69,40904700,830325,15-05-2025 09:20,91.05,42160350,765000
15-05-2025 09:20,24676.2,304875,396750,15-05-2025 09:20,73,41149500,860475,15-05-2025 09:20,87.1,42242175,475800
15-05-2025 09:20,24677.3,332850,400800,15-05-2025 09:20,72.15,41406000,886500,15-05-2025 09:20,92.85,42224625,556800
15-05-2025 09:20,24683.2,335700,396450,15-05-2025 09:20,75.7,41563350,916275,15-05-2025 09:20,86.7,42268800,619350
15-05-2025 09:20,24672.8,333000,413850,15-05-2025 09:20,70.4,41580075,941025,15-05-2025 09:20,88.45,42118875,661275
15-05-2025 09:21,24671,329400,407775,15-05-2025 09:21,68.95,41557950,1005450,15-05-2025 09:21,90.5,42217200,729600
15-05-2025 09:21,24681.4,344775,407925,15-05-2025 09:21,76,42903450,985500,15-05-2025 09:21,81.95,42229050,789450
15-05-2025 09:21,24690.1,345525,411975,15-05-2025 09:21,76.35,42973650,958500,15-05-2025 09:21,83.1,42144375,809100
15-05-2025 09:21,24683.1,348225,407250,15-05-2025 09:21,74.95,42984600,1058400,15-05-2025 09:21,83.25,42241200,860325
15-05-2025 09:21,24690,359100,419625,15-05-2025 09:21,78.5,43186875,1064025,15-05-2025 09:21,79.6,42222750,902850
15-05-2025 09:21,24695.8,357450,406350,15-05-2025 09:21,78.25,43227075,990975,15-05-2025 09:21,77.15,42191550,946650
15-05-2025 09:22,24690.8,364425,397350,15-05-2025 09:22,79.15,42860475,943500,15-05-2025 09:22,76,41905425,960450
15-05-2025 09:22,24693,366600,419475,15-05-2025 09:22,75.9,42888900,1001625,15-05-2025 09:22,80.9,42003825,995100
15-05-2025 09:22,24685,358575,425400,15-05-2025 09:22,74,42869400,1093200,15-05-2025 09:22,80.8,42099375,1002600
15-05-2025 09:22,24687.3,362475,417825,15-05-2025 09:22,73.25,42799725,1127550,15-05-2025 09:22,80.1,42213000,1020675
15-05-2025 09:22,24680,367500,421650,15-05-2025 09:22,71.55,42987600,1177350,15-05-2025 09:22,85.3,42266925,1067925
15-05-2025 09:22,24677,364275,428400,15-05-2025 09:22,68.25,43293300,1212150,15-05-2025 09:22,81.85,42248175,1037850
15-05-2025 09:23,24675,359925,422325,15-05-2025 09:23,67.55,43425975,1241700,15-05-2025 09:23,83.65,42237525,1067175
15-05-2025 09:23,24670.6,355650,430350,15-05-2025 09:23,67.05,43369950,1272825,15-05-2025 09:23,87.95,42309225,1038300
15-05-2025 09:23,24672.1,359850,423675,15-05-2025 09:23,68.5,43513875,1284000,15-05-2025 09:23,86.25,42312300,871425
15-05-2025 09:23,24677.9,363450,425775,15-05-2025 09:23,70.1,43715925,1311075,15-05-2025 09:23,85.25,42127275,941775
15-05-2025 09:23,24677.7,371025,421800,15-05-2025 09:23,69.2,43793025,1362450,15-05-2025 09:23,85.3,42212175,993450
15-05-2025 09:23,24680,372900,425400,15-05-2025 09:23,72,43933800,1386075,15-05-2025 09:23,80.4,42278175,1043850
15-05-2025 09:24,24692.3,380925,414525,15-05-2025 09:24,76.5,43993500,1392000,15-05-2025 09:24,73.75,42127425,1066125
15-05-2025 09:24,24692.3,377325,421650,15-05-2025 09:24,75.2,44019825,1309200,15-05-2025 09:24,77.05,42015000,1072650
15-05-2025 09:24,24692.3,380025,427725,15-05-2025 09:24,73.4,44203500,1313700,15-05-2025 09:24,76.45,42083025,1107075
15-05-2025 09:24,24692.2,376875,423675,15-05-2025 09:24,74.85,44199450,1355550,15-05-2025 09:24,74.95,42127275,1135950
15-05-2025 09:24,24699.3,380025,416550,15-05-2025 09:24,78.9,44243925,1354950,15-05-2025 09:24,70.4,41990775,1175700
15-05-2025 09:24,24698.8,385275,425025,15-05-2025 09:24,75.45,44232675,1257825,15-05-2025 09:24,71.65,41809725,1240275
15-05-2025 09:25,24698.9,389100,422250,15-05-2025 09:25,78.6,44262150,1302075,15-05-2025 09:25,67.6,41877975,1306875
15-05-2025 09:25,24700,387075,424875,15-05-2025 09:25,76.6,44290500,1282050,15-05-2025 09:25,71.4,41922750,1308075
15-05-2025 09:25,24697.6,395775,421800,15-05-2025 09:25,78.9,44245275,1338525,15-05-2025 09:25,70.05,42083700,1294275
15-05-2025 09:25,24689.3,394125,432525,15-05-2025 09:25,70.75,44285100,1460550,15-05-2025 09:25,76.9,42204300,1310700
15-05-2025 09:25,24694,386925,426150,15-05-2025 09:25,76.05,44170575,1501950,15-05-2025 09:25,72.3,42232725,1246800
15-05-2025 09:25,24698.3,391125,435375,15-05-2025 09:25,77,44253900,1504575,15-05-2025 09:25,67,42178425,1300050
15-05-2025 09:26,24692.8,399300,431475,15-05-2025 09:26,70.6,44294700,1572900,15-05-2025 09:26,71.85,42219300,1337550
15-05-2025 09:26,24692.5,389475,435525,15-05-2025 09:26,67.1,44042400,1609800,15-05-2025 09:26,74.25,42327000,1329525
15-05-2025 09:26,24694.2,387750,436575,15-05-2025 09:26,70,44046450,1627500,15-05-2025 09:26,70.4,42388800,1306200
15-05-2025 09:26,24688.4,389025,436425,15-05-2025 09:26,69.15,44097675,1660725,15-05-2025 09:26,74.95,42384750,1362975
15-05-2025 09:26,24689.3,389775,436200,15-05-2025 09:26,68.45,44154000,1690875,15-05-2025 09:26,74.15,42418275,1425975
15-05-2025 09:26,24695.9,396150,434100,15-05-2025 09:26,73.95,44205900,1720650,15-05-2025 09:26,68.05,42448500,1470450
15-05-2025 09:27,24695.9,392025,429975,15-05-2025 09:27,73.05,44239725,1638225,15-05-2025 09:27,68.4,42303075,1485750
15-05-2025 09:27,24700.8,401850,432450,15-05-2025 09:27,75.7,44236950,1718400,15-05-2025 09:27,64.15,42390075,1516575
15-05-2025 09:27,24702.9,396750,439500,15-05-2025 09:27,74.5,44275125,1752675,15-05-2025 09:27,62.75,42177300,1546800
15-05-2025 09:27,24703.6,394650,429225,15-05-2025 09:27,74.95,44328825,1743000,15-05-2025 09:27,62.3,42181200,1583550
15-05-2025 09:27,24703,391050,433650,15-05-2025 09:27,71.45,44360100,1738800,15-05-2025 09:27,63.7,42184800,1641300
15-05-2025 09:27,24697.5,390900,435750,15-05-2025 09:27,68.15,44401125,1796175,15-05-2025 09:27,65.2,42254475,1668450
15-05-2025 09:28,24692.5,389850,437850,15-05-2025 09:28,64.85,44277975,1814625,15-05-2025 09:28,65.5,42355875,1659600
15-05-2025 09:28,24696.2,397350,436650,15-05-2025 09:28,68.4,44011950,1810575,15-05-2025 09:28,64.25,42359850,1689975
15-05-2025 09:28,24690,386550,436950,15-05-2025 09:28,65,44024850,1846425,15-05-2025 09:28,70.05,42448425,1679325
15-05-2025 09:28,24684.5,382125,435450,15-05-2025 09:28,60.7,43946925,1866825,15-05-2025 09:28,74.6,42438600,1554675
15-05-2025 09:28,24683.7,390225,430350,15-05-2025 09:28,61.8,43962000,1864125,15-05-2025 09:28,73.65,42425250,1491825
15-05-2025 09:28,24685,395100,445050,15-05-2025 09:28,61.3,44088150,1895850,15-05-2025 09:28,72.05,42375075,1542150
15-05-2025 09:29,24688.7,400500,437925,15-05-2025 09:29,63.2,44130075,1929075,15-05-2025 09:29,70.65,42369975,1585500
15-05-2025 09:29,24690.5,396900,439500,15-05-2025 09:29,63.45,44166525,1953600,15-05-2025 09:29,68.8,42361500,1635750
15-05-2025 09:29,24690,398625,442500,15-05-2025 09:29,60.8,44240475,1955025,15-05-2025 09:29,71.1,42382500,1655775
15-05-2025 09:29,24688.7,399975,438600,15-05-2025 09:29,64,44068875,1957650,15-05-2025 09:29,66.45,42408000,1679925
15-05-2025 09:29,24685,397575,441150,15-05-2025 09:29,62.15,44134125,1962225,15-05-2025 09:29,68.2,42400800,1711350
15-05-2025 09:29,24687.1,407175,442200,15-05-2025 09:29,62.55,44187675,2018250,15-05-2025 09:29,67.05,42445125,1725225
15-05-2025 09:30,24690.8,406050,441525,15-05-2025 09:30,65.85,44378475,2043225,15-05-2025 09:30,63.7,42450525,1776300
15-05-2025 09:30,24691.6,406500,441150,15-05-2025 09:30,65.7,44374875,1987650,15-05-2025 09:30,64.1,42424125,1788375
15-05-2025 09:30,24689,411000,441600,15-05-2025 09:30,62.65,44380500,2019525,15-05-2025 09:30,67.35,42457875,1825725
15-05-2025 09:30,24682,400800,442500,15-05-2025 09:30,58.2,44374575,2075925,15-05-2025 09:30,72.6,42549600,1791600
15-05-2025 09:30,24682.1,401775,431400,15-05-2025 09:30,60.55,44211525,2085675,15-05-2025 09:30,69.25,42576225,1656675
15-05-2025 09:30,24685,398850,439275,15-05-2025 09:30,58.55,44263500,2152950,15-05-2025 09:30,69.25,42586800,1602525
15-05-2025 09:31,24686.7,403950,437850,15-05-2025 09:31,61.35,44314575,2170425,15-05-2025 09:31,65.35,42595425,1690125
15-05-2025 09:31,24691.8,405900,439800,15-05-2025 09:31,64.7,44389350,2182950,15-05-2025 09:31,62.3,42517875,1751850
15-05-2025 09:31,24704,410400,437250,15-05-2025 09:31,65.1,44414625,2010300,15-05-2025 09:31,61.4,42416175,1785675
15-05-2025 09:31,24697,408450,437400,15-05-2025 09:31,62.5,44401950,2020050,15-05-2025 09:31,64.55,42350025,1791525
15-05-2025 09:31,24695.3,405000,438900,15-05-2025 09:31,63.95,44423925,2051325,15-05-2025 09:31,62.35,42433275,1836225
15-05-2025 09:31,24695,408300,444750,15-05-2025 09:31,59.15,44442450,2116275,15-05-2025 09:31,65.1,42461700,1850775
15-05-2025 09:32,24697,406425,439275,15-05-2025 09:32,58.25,44420475,2129925,15-05-2025 09:32,62.8,42486150,1880775
15-05-2025 09:32,24687.2,389250,442650,15-05-2025 09:32,56.35,44377350,2175750,15-05-2025 09:32,65.4,42499875,1894650
15-05-2025 09:32,24690.9,399750,444150,15-05-2025 09:32,56.2,44324400,2259225,15-05-2025 09:32,62.55,42549150,1865775
15-05-2025 09:32,24687.8,391125,440850,15-05-2025 09:32,52.85,44144850,2287125,15-05-2025 09:32,67.3,42599850,1895475
15-05-2025 09:32,24682.4,391500,439650,15-05-2025 09:32,53.4,44193525,2285625,15-05-2025 09:32,63.05,42609150,1922325
15-05-2025 09:32,24686.7,397200,438900,15-05-2025 09:32,53.6,44389350,2340450,15-05-2025 09:32,63.3,42614325,1943850
15-05-2025 09:33,24685.9,402525,438375,15-05-2025 09:33,51.6,44417100,2412450,15-05-2025 09:33,67.15,42697425,1939725
15-05-2025 09:33,24684.5,399075,456075,15-05-2025 09:33,51.55,44475375,2430600,15-05-2025 09:33,69.9,42699975,1943625
15-05-2025 09:33,24682.7,396525,450750,15-05-2025 09:33,52.15,44511525,2443575,15-05-2025 09:33,67.85,42701850,1794750
15-05-2025 09:33,24686.9,401925,450375,15-05-2025 09:33,54.6,44595675,2479200,15-05-2025 09:33,65.75,42770925,1810650
15-05-2025 09:33,24686.9,403050,440700,15-05-2025 09:33,56,44681550,2387475,15-05-2025 09:33,63.55,42768675,1883850
15-05-2025 09:33,24691,400275,439350,15-05-2025 09:33,54.7,44677650,2413650,15-05-2025 09:33,64.75,42729150,1926525
15-05-2025 09:34,24689.7,404625,446775,15-05-2025 09:34,52.15,44644200,2463750,15-05-2025 09:34,68.7,42752325,1939200
15-05-2025 09:34,24690,401475,450375,15-05-2025 09:34,54.7,44612625,2492850,15-05-2025 09:34,64.85,42794100,1930875
15-05-2025 09:34,24690.3,405375,451275,15-05-2025 09:34,54.9,44687550,2527125,15-05-2025 09:34,64.8,42811950,1976100
15-05-2025 09:34,24690.3,406275,453300,15-05-2025 09:34,55.2,44744025,2526000,15-05-2025 09:34,64.25,42853050,2008500
15-05-2025 09:34,24685,408900,448875,15-05-2025 09:34,53.15,44791650,2580075,15-05-2025 09:34,67,42782850,2008350
15-05-2025 09:34,24677.6,406275,455100,15-05-2025 09:34,49.25,44791950,2628900,15-05-2025 09:34,73,42825975,2023350
15-05-2025 09:35,24666.6,375525,453150,15-05-2025 09:35,49.9,44307525,2644950,15-05-2025 09:35,83.15,42892350,1477800
15-05-2025 09:35,24667.3,380550,454350,15-05-2025 09:35,50.85,44401575,2597100,15-05-2025 09:35,87.8,42789825,1212825
15-05-2025 09:35,24666.5,376500,451200,15-05-2025 09:35,52.9,44503575,2623200,15-05-2025 09:35,85.5,42724650,922050
15-05-2025 09:35,24671.8,391875,452100,15-05-2025 09:35,52.2,44528475,2625825,15-05-2025 09:35,85.6,42672300,1025400
15-05-2025 09:35,24667.9,381675,459075,15-05-2025 09:35,49.9,44562225,2646225,15-05-2025 09:35,87.25,42800550,1095600
15-05-2025 09:35,24663.1,375075,454050,15-05-2025 09:35,48.6,44550375,2685525,15-05-2025 09:35,90.85,42854550,1095450
15-05-2025 09:36,24666.3,370650,455400,15-05-2025 09:36,48.85,44514525,2746425,15-05-2025 09:36,87.35,42824850,1045350
15-05-2025 09:36,24660,386775,453600,15-05-2025 09:36,48.35,44556525,2794425,15-05-2025 09:36,88.75,42846975,1066725
15-05-2025 09:36,24665,397425,459975,15-05-2025 09:36,49.9,44603400,2773500,15-05-2025 09:36,88.15,42820725,1143300
15-05-2025 09:36,24670,399450,449025,15-05-2025 09:36,51,44681775,2744325,15-05-2025 09:36,86.55,42696750,1193475
15-05-2025 09:36,24666.2,396000,459225,15-05-2025 09:36,50.15,44667900,2787075,15-05-2025 09:36,88.25,42753750,1214625
15-05-2025 09:36,24668.2,407325,452775,15-05-2025 09:36,50.85,44713275,2817225,15-05-2025 09:36,85.75,42799125,1202850
15-05-2025 09:37,24666.1,402450,456900,15-05-2025 09:37,50.75,44779725,2798925,15-05-2025 09:37,90.65,42806925,1206225
15-05-2025 09:37,24665,408450,457800,15-05-2025 09:37,50.9,44812875,2795400,15-05-2025 09:37,88.5,42817575,1287600
15-05-2025 09:37,24663.3,418500,463050,15-05-2025 09:37,50.6,44847900,2828175,15-05-2025 09:37,90.3,42829650,1295025
15-05-2025 09:37,24663.3,425850,458175,15-05-2025 09:37,50.8,44903175,2817075,15-05-2025 09:37,88.6,42851925,1183425
15-05-2025 09:37,24652.8,417150,465150,15-05-2025 09:37,47.65,44893275,2842200,15-05-2025 09:37,97.8,43004475,1206000
15-05-2025 09:37,24658.8,392625,441300,15-05-2025 09:37,50.5,44766375,2846025,15-05-2025 09:37,90.8,42998475,723225
15-05-2025 09:38,24655,397275,456825,15-05-2025 09:38,48.9,44751450,2953275,15-05-2025 09:38,94.1,42705375,773925
15-05-2025 09:38,24655,402825,455400,15-05-2025 09:38,47.1,44826975,2996925,15-05-2025 09:38,97.95,42755925,858375
15-05-2025 09:38,24651.8,399450,455250,15-05-2025 09:38,47.6,44802900,3014850,15-05-2025 09:38,95.45,42829725,827175
15-05-2025 09:38,24654.9,404775,451125,15-05-2025 09:38,46,44796225,3022950,15-05-2025 09:38,96.95,42779100,865200
15-05-2025 09:38,24654.9,403800,454200,15-05-2025 09:38,44.5,44827050,3112500,15-05-2025 09:38,98.05,42789375,924150
15-05-2025 09:38,24652,407775,455700,15-05-2025 09:38,45.05,44634975,3099450,15-05-2025 09:38,97.8,42806775,950100
15-05-2025 09:39,24652,401625,451950,15-05-2025 09:39,44.7,44712600,3081750,15-05-2025 09:39,99.25,42844050,948975
15-05-2025 09:39,24660.5,405900,450600,15-05-2025 09:39,45.55,44685975,3089025,15-05-2025 09:39,96.1,42841425,921000
15-05-2025 09:39,24658,412125,452250,15-05-2025 09:39,45.3,44762550,3087525,15-05-2025 09:39,95.95,42667875,949425
15-05-2025 09:39,24661,407775,450750,15-05-2025 09:39,47,44768775,3070200,15-05-2025 09:39,91.35,42372375,996375
15-05-2025 09:39,24656.6,400800,461400,15-05-2025 09:39,43.5,44787075,3123900,15-05-2025 09:39,94.35,42292575,999600
15-05-2025 09:39,24655.4,405975,451800,15-05-2025 09:39,42.4,44534025,3193800,15-05-2025 09:39,96.4,42351750,1021500
15-05-2025 09:40,24650,411375,453225,15-05-2025 09:40,42.25,44521875,3212700,15-05-2025 09:40,97.7,42385500,1029000
15-05-2025 09:40,24650.1,403200,460425,15-05-2025 09:40,41.95,44628075,3212025,15-05-2025 09:40,96.45,42435675,980775
15-05-2025 09:40,24656.6,416025,455550,15-05-2025 09:40,44.4,44764275,3203025,15-05-2025 09:40,91.55,42443250,1055700
15-05-2025 09:40,24655.8,422325,451275,15-05-2025 09:40,44.35,44799600,3245775,15-05-2025 09:40,92.55,42415350,1077000
15-05-2025 09:40,24660.5,421350,451500,15-05-2025 09:40,44.5,44842275,3252075,15-05-2025 09:40,91.5,42432075,1131975
15-05-2025 09:40,24655.1,429000,457800,15-05-2025 09:40,43.45,44839575,3192600,15-05-2025 09:40,93,42299325,1150500
15-05-2025 09:41,24658.8,436350,458625,15-05-2025 09:41,43.75,44820225,3249000,15-05-2025 09:41,93.6,42343125,1174125
15-05-2025 09:41,24651,426975,464175,15-05-2025 09:41,42.35,44806125,3260625,15-05-2025 09:41,98.5,42397125,1140750
15-05-2025 09:41,24659.4,425700,459975,15-05-2025 09:41,44.05,44897925,3249450,15-05-2025 09:41,93.95,42402075,1093725
15-05-2025 09:41,24663,441000,458025,15-05-2025 09:41,44.4,44954850,3241575,15-05-2025 09:41,91.55,42365250,1125900
15-05-2025 09:41,24664.3,432000,460875,15-05-2025 09:41,45.45,44966625,3205050,15-05-2025 09:41,90.05,42395475,1156800
15-05-2025 09:41,24664.3,438075,459750,15-05-2025 09:41,45.5,45011475,3180000,15-05-2025 09:41,89.7,42392475,1171200
15-05-2025 09:42,24660,425325,466350,15-05-2025 09:42,44.5,44985600,3191250,15-05-2025 09:42,92.3,42366825,1195950
15-05-2025 09:42,24661.2,431700,467475,15-05-2025 09:42,44.15,44977050,3222975,15-05-2025 09:42,95.5,42406875,1164075
15-05-2025 09:42,24655,431100,487500,15-05-2025 09:42,43.5,44985900,3258000,15-05-2025 09:42,96.8,42409650,1128900
15-05-2025 09:42,24654.9,421875,486075,15-05-2025 09:42,41.7,44265150,3298650,15-05-2025 09:42,97.2,41963475,1114200
15-05-2025 09:42,24652.7,428025,485850,15-05-2025 09:42,42.95,44128425,3291900,15-05-2025 09:42,95.5,41986050,1024200
15-05-2025 09:42,24642,427275,485700,15-05-2025 09:42,40.85,44159775,3332700,15-05-2025 09:42,111,42031650,1035975
15-05-2025 09:43,24649.9,385725,484650,15-05-2025 09:43,41.9,44175150,3338625,15-05-2025 09:43,102.7,42046725,616125
15-05-2025 09:43,24651.7,390150,481725,15-05-2025 09:43,43.95,44263575,3321750,15-05-2025 09:43,98,42032100,700875
15-05-2025 09:43,24652.8,392175,492150,15-05-2025 09:43,43.3,44283300,3318300,15-05-2025 09:43,102.2,42006825,715200
15-05-2025 09:43,24655.4,393525,488400,15-05-2025 09:43,42.15,44290950,3367875,15-05-2025 09:43,101.7,42020700,767550
15-05-2025 09:43,24651.3,397350,485250,15-05-2025 09:43,41.65,44326350,3406425,15-05-2025 09:43,103.7,42029250,791325
15-05-2025 09:43,24652.1,406050,465525,15-05-2025 09:43,42.35,44388600,3420825,15-05-2025 09:43,100.7,42061350,798000
15-05-2025 09:44,24647.6,405150,462750,15-05-2025 09:44,41.65,44427675,3395700,15-05-2025 09:44,104.9,42049200,816000
15-05-2025 09:44,24648.8,405000,466350,15-05-2025 09:44,40.35,44418300,3510525,15-05-2025 09:44,105.35,42069825,810825
15-05-2025 09:44,24632.8,378675,460500,15-05-2025 09:44,39.15,43972500,3470175,15-05-2025 09:44,113.85,42118875,730650
15-05-2025 09:44,24634.9,379950,464250,15-05-2025 09:44,38.25,43898925,3484575,15-05-2025 09:44,118.45,42045900,432750
15-05-2025 09:44,24631.8,389325,463200,15-05-2025 09:44,38.25,43944675,3473550,15-05-2025 09:44,116.05,42042900,493050
15-05-2025 09:44,24640,413550,465000,15-05-2025 09:44,40.35,44023350,3484575,15-05-2025 09:44,114.15,42038550,519150
15-05-2025 09:45,24634.3,405150,469800,15-05-2025 09:45,39.75,44095875,3460125,15-05-2025 09:45,123.1,42172125,521925
15-05-2025 09:45,24613.4,379200,470550,15-05-2025 09:45,38.1,44096700,3580875,15-05-2025 09:45,140.35,42223275,383625
15-05-2025 09:45,24615.5,341025,449700,15-05-2025 09:45,40.65,44026725,3584025,15-05-2025 09:45,142.7,42238350,216000
15-05-2025 09:45,24612.9,347250,467700,15-05-2025 09:45,39.45,44074125,3465825,15-05-2025 09:45,151.55,42079950,190200
15-05-2025 09:45,24612.1,337200,471975,15-05-2025 09:45,39.55,44160975,3533175,15-05-2025 09:45,148.9,42052425,221475
15-05-2025 09:45,24613.8,340725,472425,15-05-2025 09:45,35.75,44137200,3560025,15-05-2025 09:45,152.65,41892600,239025
15-05-2025 09:46,24606.1,318675,477975,15-05-2025 09:46,35.85,43883475,3567375,15-05-2025 09:46,161.45,41610150,227325
15-05-2025 09:46,24600,313800,470550,15-05-2025 09:46,37.55,44028300,3520875,15-05-2025 09:46,162.1,41659575,165975
15-05-2025 09:46,24623.3,310650,480525,15-05-2025 09:46,39.9,44140650,3457275,15-05-2025 09:46,145.95,41575425,210450
15-05-2025 09:46,24620,320850,465975,15-05-2025 09:46,40.7,44118750,3477225,15-05-2025 09:46,145.9,41438475,216600
15-05-2025 09:46,24621.8,315225,469275,15-05-2025 09:46,40,44070300,3443550,15-05-2025 09:46,148.85,41446800,237750
15-05-2025 09:46,24625.4,318075,473325,15-05-2025 09:46,40.35,44103150,3463275,15-05-2025 09:46,145.95,41463075,260850
15-05-2025 09:47,24627.9,327600,462675,15-05-2025 09:47,41.35,44188950,3432075,15-05-2025 09:47,141.1,41411700,287775
15-05-2025 09:47,24627,333225,468075,15-05-2025 09:47,40.65,44177475,3402750,15-05-2025 09:47,144.25,41346450,301575
15-05-2025 09:47,24627,339825,472200,15-05-2025 09:47,42.45,44184975,3413025,15-05-2025 09:47,141.9,41336250,311775
15-05-2025 09:47,24634.7,339000,465450,15-05-2025 09:47,45,44280900,3305325,15-05-2025 09:47,132.45,41326500,337125
15-05-2025 09:47,24644.9,352950,460725,15-05-2025 09:47,46.05,44301450,3093975,15-05-2025 09:47,127.55,41276625,350325
15-05-2025 09:47,24644.1,359175,460800,15-05-2025 09:47,47.1,44288850,3016650,15-05-2025 09:47,123.2,41219850,375450
15-05-2025 09:48,24649.7,347700,472950,15-05-2025 09:48,47.8,44240550,3036900,15-05-2025 09:48,122.45,41211150,382500
15-05-2025 09:48,24649.5,336825,467025,15-05-2025 09:48,48.85,44220975,2957850,15-05-2025 09:48,122.55,41210775,390225
15-05-2025 09:48,24654,334800,468750,15-05-2025 09:48,49.7,44256075,2740125,15-05-2025 09:48,120.55,41235375,421275
15-05-2025 09:48,24652.5,332625,483000,15-05-2025 09:48,51.2,44248650,2852700,15-05-2025 09:48,117.55,41244975,427200
15-05-2025 09:48,24653.5,338100,474300,15-05-2025 09:48,50.7,44280975,2840625,15-05-2025 09:48,117.85,41267475,430350
15-05-2025 09:48,24648,330225,492525,15-05-2025 09:48,49.4,44306175,2836125,15-05-2025 09:48,120.8,41266500,440325
15-05-2025 09:49,24650,332175,485325,15-05-2025 09:49,51.5,44332125,2823225,15-05-2025 09:49,117.6,41287425,433650
15-05-2025 09:49,24646.8,328050,498525,15-05-2025 09:49,50.5,44350125,2892675,15-05-2025 09:49,121.3,41346075,436050
15-05-2025 09:49,24644,335625,496200,15-05-2025 09:49,50.6,44374500,2927325,15-05-2025 09:49,118.05,41353500,476250
15-05-2025 09:49,24643.3,331125,500625,15-05-2025 09:49,47.45,44379150,2934975,15-05-2025 09:49,122.9,41351775,475875
15-05-2025 09:49,24641,336825,501375,15-05-2025 09:49,46.9,44300475,2986725,15-05-2025 09:49,123.5,41370825,498375
15-05-2025 09:49,24641,339900,509700,15-05-2025 09:49,48.4,44326425,2993850,15-05-2025 09:49,120.45,41371575,516975
15-05-2025 09:50,24645.6,346500,484875,15-05-2025 09:50,50.65,44404425,2977950,15-05-2025 09:50,119.95,41381025,523500
15-05-2025 09:50,24646.4,344925,495375,15-05-2025 09:50,50.4,44457000,2915250,15-05-2025 09:50,122.1,41371650,522975
15-05-2025 09:50,24641.6,342600,504525,15-05-2025 09:50,48.7,44453250,2962050,15-05-2025 09:50,123.5,41392650,521850
15-05-2025 09:50,24646.5,348600,498300,15-05-2025 09:50,50.45,44476350,2976150,15-05-2025 09:50,121.95,41381850,516300
15-05-2025 09:50,24635,336000,510975,15-05-2025 09:50,45.3,44467125,3054825,15-05-2025 09:50,134.85,41402925,502050
15-05-2025 09:50,24632.2,339075,504525,15-05-2025 09:50,47.7,44231775,3009300,15-05-2025 09:50,133.85,41396250,387000
15-05-2025 09:51,24637,346050,499500,15-05-2025 09:51,48.35,44372700,3068475,15-05-2025 09:51,128.85,41417550,420900
15-05-2025 09:51,24639.7,346800,501450,15-05-2025 09:51,49.55,44431650,3052725,15-05-2025 09:51,127.1,41390250,452775
15-05-2025 09:51,24636.1,346650,504450,15-05-2025 09:51,47.7,44465850,3084075,15-05-2025 09:51,128.85,41389950,471825
15-05-2025 09:51,24643.7,349125,500850,15-05-2025 09:51,48.95,44509050,3106200,15-05-2025 09:51,125.4,41402925,490350
15-05-2025 09:51,24645,350550,506775,15-05-2025 09:51,52.8,44592375,3099375,15-05-2025 09:51,120.25,41400750,509325
15-05-2025 09:51,24648.8,352050,495600,15-05-2025 09:51,53.15,44562225,2772225,15-05-2025 09:51,119.3,41397375,525375
15-05-2025 09:52,24664.3,347250,497025,15-05-2025 09:52,58.1,44582850,2780250,15-05-2025 09:52,111,41359725,558750
15-05-2025 09:52,24660.5,345750,487050,15-05-2025 09:52,59.65,44580300,2221275,15-05-2025 09:52,110.5,41231625,574575
15-05-2025 09:52,24670,354525,489975,15-05-2025 09:52,64.4,44578950,2227125,15-05-2025 09:52,107.1,41220375,590700
15-05-2025 09:52,24675.1,360225,480750,15-05-2025 09:52,70.1,44568000,2022975,15-05-2025 09:52,105.35,41203275,601950
15-05-2025 09:52,24668.9,362550,494625,15-05-2025 09:52,65.1,44606325,1727850,15-05-2025 09:52,108.25,41236800,610725
15-05-2025 09:52,24663.4,359175,507450,15-05-2025 09:52,63.55,44491125,1961850,15-05-2025 09:52,111.75,41301750,593925
15-05-2025 09:53,24661.4,350775,504525,15-05-2025 09:53,59.25,44434200,2070225,15-05-2025 09:53,116.1,41315700,595050
15-05-2025 09:53,24667.7,355200,502350,15-05-2025 09:53,63.6,44363250,2037975,15-05-2025 09:53,109.85,41183700,612900
15-05-2025 09:53,24660,354975,515175,15-05-2025 09:53,62.05,44368725,2077650,15-05-2025 09:53,113.65,41209275,633825
15-05-2025 09:53,24664.8,361575,503625,15-05-2025 09:53,65,44362350,2100450,15-05-2025 09:53,111.65,41224350,630675
15-05-2025 09:53,24665,359775,511425,15-05-2025 09:53,64.6,44430450,2076150,15-05-2025 09:53,112.55,41252850,655125
15-05-2025 09:53,24667,360300,505200,15-05-2025 09:53,64.8,44484300,2082825,15-05-2025 09:53,110.1,41270175,674025
15-05-2025 09:54,24662.8,365925,514500,15-05-2025 09:54,61.95,44476350,2126550,15-05-2025 09:54,111.85,41237475,684225
15-05-2025 09:54,24659.7,367800,512100,15-05-2025 09:54,60.5,44430300,2171775,15-05-2025 09:54,112.4,41268750,678675
15-05-2025 09:54,24657.5,367950,519525,15-05-2025 09:54,58.65,44358600,2213250,15-05-2025 09:54,115.95,41287800,681975
15-05-2025 09:54,24648,360525,518325,15-05-2025 09:54,53.6,44257725,2264925,15-05-2025 09:54,121.7,41331300,635325
15-05-2025 09:54,24644.1,372225,536100,15-05-2025 09:54,55.15,44172075,2280225,15-05-2025 09:54,121,41343225,555675
15-05-2025 09:54,24648.2,366825,528675,15-05-2025 09:54,55.65,44260425,2270475,15-05-2025 09:54,119.1,41291175,588450
15-05-2025 09:55,24648,368175,533325,15-05-2025 09:55,54.4,44283600,2285100,15-05-2025 09:55,118.2,41300625,624975
15-05-2025 09:55,24654.6,367650,530550,15-05-2025 09:55,58.05,44369175,2315325,15-05-2025 09:55,113,41279025,644100
15-05-2025 09:55,24653.7,373050,529425,15-05-2025 09:55,56.6,44458350,2295300,15-05-2025 09:55,115.2,41248875,664950
15-05-2025 09:55,24658.1,373350,526500,15-05-2025 09:55,59.55,44476425,2339625,15-05-2025 09:55,111.45,41255775,679800
15-05-2025 09:55,24662.9,372900,525225,15-05-2025 09:55,60.75,44523750,2321025,15-05-2025 09:55,114.15,41263050,695400
15-05-2025 09:55,24653.6,371550,531900,15-05-2025 09:55,61.4,44487825,2274900,15-05-2025 09:55,116.55,41263350,693075
15-05-2025 09:56,24653,378600,529350,15-05-2025 09:56,60.35,44533725,2331900,15-05-2025 09:56,117.7,41284425,715275
15-05-2025 09:56,24650,365625,532425,15-05-2025 09:56,60.7,44537775,2445750,15-05-2025 09:56,119.55,41321850,714600
15-05-2025 09:56,24655.2,373875,523125,15-05-2025 09:56,60.25,44508975,2465025,15-05-2025 09:56,122.5,41336475,672525
15-05-2025 09:56,24657.9,370800,528450,15-05-2025 09:56,63.6,44617575,2447850,15-05-2025 09:56,114.85,41317950,626850
15-05-2025 09:56,24664,363075,523500,15-05-2025 09:56,64.95,44567400,2297550,15-05-2025 09:56,114.2,41318550,651900
15-05-2025 09:56,24664.3,367425,528750,15-05-2025 09:56,64.35,44580900,2087325,15-05-2025 09:56,114,41311875,659550
15-05-2025 09:57,24660,375450,530475,15-05-2025 09:57,64.4,44579400,2127525,15-05-2025 09:57,113.35,41328450,684525
15-05-2025 09:57,24663.5,371250,522000,15-05-2025 09:57,66.75,44603700,2141925,15-05-2025 09:57,112.5,41325450,710175
15-05-2025 09:57,24665,364125,539175,15-05-2025 09:57,67.5,44639625,2139975,15-05-2025 09:57,112.7,41335800,707400
15-05-2025 09:57,24658.4,367950,538425,15-05-2025 09:57,66.8,44648700,2135325,15-05-2025 09:57,116.1,41365800,696975
15-05-2025 09:57,24655,364725,538125,15-05-2025 09:57,63.2,44679900,2162325,15-05-2025 09:57,119.7,41379900,702975
15-05-2025 09:57,24650.5,370050,544800,15-05-2025 09:57,64.5,44673975,2180625,15-05-2025 09:57,117.2,41394825,669750
15-05-2025 09:58,24656.1,376800,543750,15-05-2025 09:58,64.3,44681625,2165925,15-05-2025 09:58,119.3,41392575,688050
15-05-2025 09:58,24651.2,375375,538725,15-05-2025 09:58,63.6,44622075,2113275,15-05-2025 09:58,121.15,41400600,677250
15-05-2025 09:58,24642,363900,530175,15-05-2025 09:58,62.35,44658000,2137125,15-05-2025 09:58,125.25,41429775,666375
15-05-2025 09:58,24634.9,356550,543675,15-05-2025 09:58,57,44578575,2174325,15-05-2025 09:58,133.5,41461425,488625
15-05-2025 09:58,24637.3,360750,540975,15-05-2025 09:58,57.2,44462625,2187150,15-05-2025 09:58,130.5,41417700,476775
15-05-2025 09:58,24642.5,366525,540900,15-05-2025 09:58,59.75,44548125,2225700,15-05-2025 09:58,129.9,41356050,480300
15-05-2025 09:59,24643.7,372375,542100,15-05-2025 09:59,58.9,44593650,2258250,15-05-2025 09:59,127.75,41316450,510225
15-05-2025 09:59,24648.7,371100,540225,15-05-2025 09:59,60.15,44657475,2270850,15-05-2025 09:59,125.8,41299800,539025
15-05-2025 09:59,24642,363150,545700,15-05-2025 09:59,58.7,44702100,2295225,15-05-2025 09:59,127.8,41295150,544275
15-05-2025 09:59,24646.1,374100,543825,15-05-2025 09:59,61.25,44751675,2326350,15-05-2025 09:59,123.05,41305125,559500
15-05-2025 09:59,24650,367650,535275,15-05-2025 09:59,61.6,44788125,2274975,15-05-2025 09:59,118.55,41282025,565350
15-05-2025 09:59,24654.9,367575,542325,15-05-2025 09:59,61.2,44801700,2276325,15-05-2025 09:59,120,41261775,568875
15-05-2025 10:00,24650.5,368400,542700,15-05-2025 10:00,62.75,44816100,2304375,15-05-2025 10:00,116.7,41261325,600750
15-05-2025 10:00,24657,376050,538725,15-05-2025 10:00,63.35,44842500,2253750,15-05-2025 10:00,113.9,41248350,607725
15-05-2025 10:00,24653,374475,545475,15-05-2025 10:00,62.1,44862225,2232525,15-05-2025 10:00,117.45,41264775,614250
15-05-2025 10:00,24658.3,377550,543825,15-05-2025 10:00,65.1,44848950,2234025,15-05-2025 10:00,116.2,41279625,622650
15-05-2025 10:00,24650,370800,543600,15-05-2025 10:00,59.8,44834175,2199525,15-05-2025 10:00,121.5,41313075,614250
15-05-2025 10:00,24635.3,364500,542175,15-05-2025 10:00,54.4,44701050,2264475,15-05-2025 10:00,132.4,41330400,607050
15-05-2025 10:01,24638.8,364950,541725,15-05-2025 10:01,55.2,44561400,2278500,15-05-2025 10:01,134.35,41338350,525300
15-05-2025 10:01,24632.3,369150,557850,15-05-2025 10:01,53.4,44619975,2319375,15-05-2025 10:01,134.9,41322750,509250
15-05-2025 10:01,24641.3,376350,551700,15-05-2025 10:01,55.35,44647200,2334075,15-05-2025 10:01,126.7,41313900,526500
15-05-2025 10:01,24647.7,383100,551625,15-05-2025 10:01,57.95,44683950,2327025,15-05-2025 10:01,118.2,41275425,552600
15-05-2025 10:01,24657.6,381075,537900,15-05-2025 10:01,58.9,44734350,2356500,15-05-2025 10:01,113.2,41266125,568800
15-05-2025 10:01,24657.7,373800,545475,15-05-2025 10:01,59.4,44769300,2324175,15-05-2025 10:01,113.1,41266950,573375
15-05-2025 10:02,24655.6,374775,547200,15-05-2025 10:02,58.45,44786175,2339100,15-05-2025 10:02,114.5,41282700,582225
15-05-2025 10:02,24655.2,378450,543600,15-05-2025 10:02,59.45,44805375,2335575,15-05-2025 10:02,114.25,41325975,613800
15-05-2025 10:02,24654.2,382050,543675,15-05-2025 10:02,58.85,44808150,2397000,15-05-2025 10:02,115.15,41365425,626025
15-05-2025 10:02,24648.4,374625,545925,15-05-2025 10:02,55.7,44809200,2442525,15-05-2025 10:02,117.15,41383575,639225
15-05-2025 10:02,24649.6,383550,543900,15-05-2025 10:02,55.85,44775300,2429700,15-05-2025 10:02,118,41401275,641025
15-05-2025 10:02,24647.2,381900,552450,15-05-2025 10:02,55.35,44693550,2444700,15-05-2025 10:02,116.55,41409900,647775
15-05-2025 10:03,24645.3,374025,544650,15-05-2025 10:03,50.95,44684325,2502000,15-05-2025 10:03,121.85,41422275,658500
15-05-2025 10:03,24651.6,382500,543525,15-05-2025 10:03,55.2,44676675,2513100,15-05-2025 10:03,112.45,41434500,661875
15-05-2025 10:03,24650,387300,549675,15-05-2025 10:03,52.65,44678025,2533575,15-05-2025 10:03,116.55,41381025,685800
15-05-2025 10:03,24652,382050,542925,15-05-2025 10:03,54.45,44724825,2534775,15-05-2025 10:03,112.6,41399400,714675
15-05-2025 10:03,24648.3,380775,550350,15-05-2025 10:03,50.55,44737425,2584950,15-05-2025 10:03,117.3,41385000,721650
15-05-2025 10:03,24645,317550,549150,15-05-2025 10:03,47.4,44675550,2603250,15-05-2025 10:03,120.5,41393025,721200
15-05-2025 10:04,24643.8,380625,543900,15-05-2025 10:04,46.75,44357025,2637375,15-05-2025 10:04,120.7,41418000,673275
15-05-2025 10:04,24640.6,380475,553800,15-05-2025 10:04,46.55,44413725,2645400,15-05-2025 10:04,119.4,41409075,679350
15-05-2025 10:04,24640.3,385425,559950,15-05-2025 10:04,45.7,44533125,2672100,15-05-2025 10:04,120.3,41406300,696825
15-05-2025 10:04,24638.4,375750,561675,15-05-2025 10:04,44.45,44531700,2721525,15-05-2025 10:04,123.95,41412900,700575
15-05-2025 10:04,24636,384075,562575,15-05-2025 10:04,44.95,44421150,2768850,15-05-2025 10:04,127.1,41422950,651075
15-05-2025 10:04,24635,378675,562350,15-05-2025 10:04,45.1,44472975,2792925,15-05-2025 10:04,123.9,41417550,662250
15-05-2025 10:05,24636,385800,561825,15-05-2025 10:05,47.25,44572050,2838375,15-05-2025 10:05,120.4,41425350,671925
15-05-2025 10:05,24642.5,384225,558600,15-05-2025 10:05,48.2,44613975,2712750,15-05-2025 10:05,118.15,41399325,680175
15-05-2025 10:05,24642.5,383850,567300,15-05-2025 10:05,48.05,44630625,2769825,15-05-2025 10:05,119.25,41388225,695700
15-05-2025 10:05,24642.5,388275,565050,15-05-2025 10:05,49.05,44719950,2785425,15-05-2025 10:05,117.05,41397975,696150
15-05-2025 10:05,24634.7,380850,557475,15-05-2025 10:05,45.25,44668425,2804550,15-05-2025 10:05,127.35,41417250,686250
15-05-2025 10:05,24622.3,369225,564300,15-05-2025 10:05,42.9,44601525,2842875,15-05-2025 10:05,138.4,41430375,633450
15-05-2025 10:06,24619,371475,566325,15-05-2025 10:06,42.9,44525100,2844150,15-05-2025 10:06,144.75,41440125,518325
15-05-2025 10:06,24621,369150,575850,15-05-2025 10:06,43.8,44636025,2867850,15-05-2025 10:06,139.1,41440950,404850
15-05-2025 10:06,24617.8,365025,561675,15-05-2025 10:06,42.5,44697750,2834625,15-05-2025 10:06,142.8,41366025,399750
15-05-2025 10:06,24620,367875,569250,15-05-2025 10:06,42.75,44738700,2883450,15-05-2025 10:06,142.4,41380875,395100
15-05-2025 10:06,24622.1,377175,567750,15-05-2025 10:06,43.25,44645100,2875950,15-05-2025 10:06,141.8,41366100,416400
15-05-2025 10:06,24615.9,371475,576075,15-05-2025 10:06,43.35,44636550,2888850,15-05-2025 10:06,143.55,41349900,412575
15-05-2025 10:07,24620,371325,563700,15-05-2025 10:07,44,44696400,2893725,15-05-2025 10:07,140.1,41350350,433950
15-05-2025 10:07,24615.9,366300,573150,15-05-2025 10:07,42.65,44706900,2931450,15-05-2025 10:07,144.7,41303850,447000
15-05-2025 10:07,24617.2,369450,567975,15-05-2025 10:07,41.7,44687925,2923425,15-05-2025 10:07,145.55,41303850,451950
15-05-2025 10:07,24614.1,375000,571650,15-05-2025 10:07,41.45,44666250,2957925,15-05-2025 10:07,145.2,41302200,467550
15-05-2025 10:07,24616,377025,568500,15-05-2025 10:07,41.05,44715000,2965575,15-05-2025 10:07,144.9,41296425,477525
15-05-2025 10:07,24618,375000,567825,15-05-2025 10:07,42.25,44697525,2976375,15-05-2025 10:07,144.1,41295825,482250
15-05-2025 10:08,24610,375000,572625,15-05-2025 10:08,40.8,44503800,2995800,15-05-2025 10:08,148.9,41295000,419175
15-05-2025 10:08,24612,377025,569250,15-05-2025 10:08,41.65,44581275,3003300,15-05-2025 10:08,147,41037300,434100
15-05-2025 10:08,24611,378825,573750,15-05-2025 10:08,40.35,44572200,2995650,15-05-2025 10:08,150.5,41033325,458025
15-05-2025 10:08,24616.9,379125,568500,15-05-2025 10:08,40.45,44514525,3002850,15-05-2025 10:08,147.6,41013150,429225
15-05-2025 10:08,24611.1,380625,576525,15-05-2025 10:08,40.65,44537025,3018825,15-05-2025 10:08,145.75,40991775,444300
15-05-2025 10:08,24617.2,381675,565800,15-05-2025 10:08,41.75,44624925,3005625,15-05-2025 10:08,143.25,40979400,453975
15-05-2025 10:09,24612,372450,572850,15-05-2025 10:09,41.1,44637150,3045675,15-05-2025 10:09,148.7,40982175,452025
15-05-2025 10:09,24616.3,388725,569475,15-05-2025 10:09,42.1,44635425,3038250,15-05-2025 10:09,145.5,40983000,464025
15-05-2025 10:09,24635.3,395325,554775,15-05-2025 10:09,46.1,44692275,2984250,15-05-2025 10:09,131.6,40959000,478500
15-05-2025 10:09,24627.2,384075,566400,15-05-2025 10:09,44,44671425,2857425,15-05-2025 10:09,138.85,40802475,474600
15-05-2025 10:09,24627.6,389175,572325,15-05-2025 10:09,44.95,44619075,2923200,15-05-2025 10:09,134.35,40817850,493050
15-05-2025 10:09,24627.4,384825,562575,15-05-2025 10:09,42.6,44604000,2955000,15-05-2025 10:09,137.6,40843575,494325
15-05-2025 10:10,24627.1,388800,573600,15-05-2025 10:10,44.1,44669025,2966700,15-05-2025 10:10,135.9,40849200,496725
15-05-2025 10:10,24626,391500,571350,15-05-2025 10:10,44.15,44666550,2979150,15-05-2025 10:10,135,40858500,500250
15-05-2025 10:10,24618,390600,574875,15-05-2025 10:10,42.65,44713425,3011475,15-05-2025 10:10,143.8,40879350,497100
15-05-2025 10:10,24625.8,396450,552750,15-05-2025 10:10,44.8,44720325,3043125,15-05-2025 10:10,139,40884300,505425
15-05-2025 10:10,24625,394350,570150,15-05-2025 10:10,45.85,44763750,3038700,15-05-2025 10:10,138.75,40897275,516450
15-05-2025 10:10,24630,397350,553725,15-05-2025 10:10,48.4,44750100,2911050,15-05-2025 10:10,133.25,40894875,525075
15-05-2025 10:11,24639.3,394950,562575,15-05-2025 10:11,51.45,44768625,2805150,15-05-2025 10:11,125.75,40839600,530625
15-05-2025 10:11,24630,386400,566400,15-05-2025 10:11,46.55,44709300,2803125,15-05-2025 10:11,133,40798800,522525
15-05-2025 10:11,24639,405075,563025,15-05-2025 10:11,50.15,44594625,2831025,15-05-2025 10:11,126.2,40813875,546525
15-05-2025 10:11,24649,404925,560025,15-05-2025 10:11,53.65,44651325,2790600,15-05-2025 10:11,119.75,40796175,558150
15-05-2025 10:11,24643.1,399975,565425,15-05-2025 10:11,52.2,44625000,2576625,15-05-2025 10:11,120.7,40729950,560025
15-05-2025 10:11,24643.1,400350,574725,15-05-2025 10:11,52.25,44566200,2659050,15-05-2025 10:11,119.85,40797975,557400
15-05-2025 10:12,24644,405225,563175,15-05-2025 10:12,54.5,44609475,2666550,15-05-2025 10:12,117.25,40805925,575175
15-05-2025 10:12,24652.5,411975,566400,15-05-2025 10:12,54.4,44616975,2616825,15-05-2025 10:12,115.65,40806525,597150
15-05-2025 10:12,24656,413175,573975,15-05-2025 10:12,57.1,44647950,2616300,15-05-2025 10:12,113.7,40808025,611775
15-05-2025 10:12,24653,399825,573525,15-05-2025 10:12,55.3,44693700,2499975,15-05-2025 10:12,117.35,40829100,614175
15-05-2025 10:12,24650,405300,575025,15-05-2025 10:12,56.3,44602875,2536800,15-05-2025 10:12,116.5,40874700,625050
15-05-2025 10:12,24656,403725,573000,15-05-2025 10:12,60.2,44645100,2535150,15-05-2025 10:12,115.2,40887300,638700
15-05-2025 10:13,24652.3,400800,578850,15-05-2025 10:13,57.9,44641725,2245350,15-05-2025 10:13,119.8,40900125,642975
15-05-2025 10:13,24654.9,404100,573150,15-05-2025 10:13,60.95,44658150,2276850,15-05-2025 10:13,117.75,40938825,633900
15-05-2025 10:13,24652.5,404025,579450,15-05-2025 10:13,60.35,44761875,2198925,15-05-2025 10:13,119.65,40976925,644850
15-05-2025 10:13,24657.9,406425,565425,15-05-2025 10:13,61.95,44801175,2197800,15-05-2025 10:13,117.75,40977600,657975
15-05-2025 10:13,24653.3,404025,570750,15-05-2025 10:13,64.7,44834475,2217450,15-05-2025 10:13,120,40990725,649350
15-05-2025 10:13,24657.9,402825,569850,15-05-2025 10:13,65.85,44850675,1988700,15-05-2025 10:13,119.55,40999200,657450
15-05-2025 10:14,24654.4,402750,576375,15-05-2025 10:14,62.45,44786625,1958850,15-05-2025 10:14,121.75,41005275,672300
15-05-2025 10:14,24648.9,400725,583200,15-05-2025 10:14,62.3,44765550,1959750,15-05-2025 10:14,124.9,41053800,664575
15-05-2025 10:14,24649.5,400350,571425,15-05-2025 10:14,64.85,44782200,1968000,15-05-2025 10:14,124.75,41059650,629025
15-05-2025 10:14,24645.7,406275,576750,15-05-2025 10:14,64.95,44805675,1943925,15-05-2025 10:14,126.5,41047950,633600
15-05-2025 10:14,24640.3,401625,575100,15-05-2025 10:14,62.85,44799750,1997850,15-05-2025 10:14,130.4,41066100,638775
15-05-2025 10:14,24650,410550,573000,15-05-2025 10:14,65.9,44785650,1967250,15-05-2025 10:14,126.9,41044800,610350
15-05-2025 10:15,24645,405000,580125,15-05-2025 10:15,64.35,44784900,1936200,15-05-2025 10:15,127,41002425,619125
15-05-2025 10:15,24651.7,410100,584175,15-05-2025 10:15,66.25,44589825,1905750,15-05-2025 10:15,125.45,40995225,634950
15-05-2025 10:15,24647.9,404850,580800,15-05-2025 10:15,64.3,44575650,1911675,15-05-2025 10:15,126.6,41012700,631800
15-05-2025 10:15,24661.5,408225,579000,15-05-2025 10:15,75.7,44588700,1904925,15-05-2025 10:15,122.85,41006100,646050
15-05-2025 10:15,24663.5,405300,562725,15-05-2025 10:15,77.35,44561925,1185225,15-05-2025 10:15,121.35,40992600,656850
15-05-2025 10:15,24661.5,403575,573075,15-05-2025 10:15,73.4,44537625,1207350,15-05-2025 10:15,119.95,40974750,668475
15-05-2025 10:16,24661.7,408975,569850,15-05-2025 10:16,75.6,44500650,1227525,15-05-2025 10:16,118.75,40946550,687000
15-05-2025 10:16,24659.2,407550,573600,15-05-2025 10:16,73.65,44490075,1247025,15-05-2025 10:16,120.7,40965900,700425
15-05-2025 10:16,24663,406650,574950,15-05-2025 10:16,72.3,44479275,1283550,15-05-2025 10:16,117.9,40986375,716850
15-05-2025 10:16,24664.3,415725,577500,15-05-2025 10:16,72.3,44495400,1343400,15-05-2025 10:16,117.85,40993500,717600
15-05-2025 10:16,24665.8,411225,575850,15-05-2025 10:16,72.05,44495925,1387275,15-05-2025 10:16,116.4,41001675,728025
15-05-2025 10:16,24666,412425,572925,15-05-2025 10:16,73.65,44509350,1401150,15-05-2025 10:16,114.6,40967925,748650
15-05-2025 10:17,24666,411150,563175,15-05-2025 10:17,74.15,44564100,1348050,15-05-2025 10:17,116.3,40962900,759300
15-05-2025 10:17,24665.7,412650,574050,15-05-2025 10:17,73.45,44564700,1365225,15-05-2025 10:17,116.55,40993875,765900
15-05-2025 10:17,24666.9,410850,573225,15-05-2025 10:17,77,44618775,1376850,15-05-2025 10:17,115.1,41053200,768750
15-05-2025 10:17,24669.2,415200,571500,15-05-2025 10:17,77.7,44632575,1340925,15-05-2025 10:17,113.3,41022675,790200
15-05-2025 10:17,24666,411225,565350,15-05-2025 10:17,74.9,44655300,1345950,15-05-2025 10:17,116,41032200,768900
15-05-2025 10:17,24660.5,410925,569400,15-05-2025 10:17,72.75,44567475,1405275,15-05-2025 10:17,117.55,41066925,758250
15-05-2025 10:18,24645,403425,574725,15-05-2025 10:18,61.3,44432625,1457775,15-05-2025 10:18,126.1,41091675,741750
15-05-2025 10:18,24643,399675,576975,15-05-2025 10:18,59.15,44089650,1459575,15-05-2025 10:18,125.75,41101125,673425
15-05-2025 10:18,24645.3,404175,577500,15-05-2025 10:18,60,44354925,1460625,15-05-2025 10:18,124.6,41075775,671925
15-05-2025 10:18,24649.7,408300,574725,15-05-2025 10:18,60.95,44474775,1464150,15-05-2025 10:18,122.65,41033850,699525
15-05-2025 10:18,24649.8,410025,568125,15-05-2025 10:18,62.15,44564925,1464000,15-05-2025 10:18,117.65,41020950,719475
15-05-2025 10:18,24649.4,412725,571875,15-05-2025 10:18,61.35,44564025,1504575,15-05-2025 10:18,121,40948650,727800
15-05-2025 10:19,24646,406425,567375,15-05-2025 10:19,57.85,44496525,1581450,15-05-2025 10:19,123.7,41003475,728925
15-05-2025 10:19,24644.7,416175,569550,15-05-2025 10:19,59.5,44463750,1603650,15-05-2025 10:19,122.5,41016300,743025
15-05-2025 10:19,24642.1,409800,563475,15-05-2025 10:19,57.85,44433375,1628700,15-05-2025 10:19,124.5,41058825,764025
15-05-2025 10:19,24635.1,406875,567900,15-05-2025 10:19,55.7,44407575,1653675,15-05-2025 10:19,129.4,41082600,738075
15-05-2025 10:19,24635.4,405075,562050,15-05-2025 10:19,55.6,44371125,1673325,15-05-2025 10:19,128.75,41096625,696450
15-05-2025 10:19,24635.2,406725,569025,15-05-2025 10:19,54.3,44429550,1710000,15-05-2025 10:19,130.6,41106450,719550
15-05-2025 10:20,24630.8,401475,570150,15-05-2025 10:20,52.55,44391900,1719525,15-05-2025 10:20,137,41121150,649275
15-05-2025 10:20,24630,397875,567300,15-05-2025 10:20,53.9,44411100,1719000,15-05-2025 10:20,136.25,41111325,580650
15-05-2025 10:20,24625.4,408150,568950,15-05-2025 10:20,53.8,44435475,1741950,15-05-2025 10:20,136.85,41076900,565200
15-05-2025 10:20,24627.8,402375,565575,15-05-2025 10:20,53.3,44468850,1823550,15-05-2025 10:20,138.85,41065125,576375
15-05-2025 10:20,24623,405000,569100,15-05-2025 10:20,52.75,44498850,1834200,15-05-2025 10:20,137.3,41082000,566700
15-05-2025 10:20,24630,410250,563550,15-05-2025 10:20,54.35,44574150,1817700,15-05-2025 10:20,133.5,41067225,564150
15-05-2025 10:21,24628.8,409725,565725,15-05-2025 10:21,53.9,44603925,1830375,15-05-2025 10:21,137.15,41027625,579225
15-05-2025 10:21,24634.4,412875,566250,15-05-2025 10:21,54.2,44650725,1845825,15-05-2025 10:21,133.6,41017875,597600
15-05-2025 10:21,24638,418125,563925,15-05-2025 10:21,56.9,44724000,1850625,15-05-2025 10:21,126.65,40992975,603900
15-05-2025 10:21,24640,413700,565425,15-05-2025 10:21,56.4,44711700,1749000,15-05-2025 10:21,127.8,40933500,600825
15-05-2025 10:21,24632.3,409125,573600,15-05-2025 10:21,53.7,44688525,1791675,15-05-2025 10:21,130.55,40955550,579600
15-05-2025 10:21,24627,411300,572925,15-05-2025 10:21,51.75,44603475,1837950,15-05-2025 10:21,133.95,40965450,576075
15-05-2025 10:22,24628,411900,570225,15-05-2025 10:22,51.45,44598300,1843275,15-05-2025 10:22,131.7,40970925,573300
15-05-2025 10:22,24640,408900,570375,15-05-2025 10:22,53.85,44664975,1848600,15-05-2025 10:22,126.65,40958325,596700
15-05-2025 10:22,24633,410850,578775,15-05-2025 10:22,52.65,44688300,1876425,15-05-2025 10:22,128.25,40917525,596550
15-05-2025 10:22,24639.9,421200,570600,15-05-2025 10:22,54.7,44707575,1881150,15-05-2025 10:22,122.8,40913700,603750
15-05-2025 10:22,24635.5,414525,574350,15-05-2025 10:22,53,44712375,1903575,15-05-2025 10:22,129.15,40911450,612975
15-05-2025 10:22,24638.5,415425,582600,15-05-2025 10:22,53.75,44709675,1917225,15-05-2025 10:22,127.9,40925250,613275
15-05-2025 10:23,24638.7,413925,574950,15-05-2025 10:23,53.15,44714925,1922775,15-05-2025 10:23,123.3,40924725,626400
15-05-2025 10:23,24634,410400,579450,15-05-2025 10:23,49.6,44690175,1956675,15-05-2025 10:23,126.15,40935825,627300
15-05-2025 10:23,24644,417600,574275,15-05-2025 10:23,55.1,44526825,1928550,15-05-2025 10:23,120.35,40937025,639450
15-05-2025 10:23,24657,418425,558975,15-05-2025 10:23,59.2,44554875,1836000,15-05-2025 10:23,112,40871925,645825
15-05-2025 10:23,24652.6,417225,573900,15-05-2025 10:23,57.1,44583450,1744800,15-05-2025 10:23,115.6,40742175,647250
15-05-2025 10:23,24654.4,417600,571200,15-05-2025 10:23,60.35,44619600,1787925,15-05-2025 10:23,114.4,40792575,646350
15-05-2025 10:24,24659,416475,567150,15-05-2025 10:24,63.8,44615850,1741125,15-05-2025 10:24,113,40810200,673050
15-05-2025 10:24,24655.2,414450,569175,15-05-2025 10:24,64.4,44781600,1677000,15-05-2025 10:24,114.25,40866825,677925
15-05-2025 10:24,24654.4,411000,571950,15-05-2025 10:24,63.6,44804325,1701075,15-05-2025 10:24,114.4,40906800,699975
15-05-2025 10:24,24654.4,410475,579150,15-05-2025 10:24,62.5,44806725,1750500,15-05-2025 10:24,115,40916550,714750
15-05-2025 10:24,24655.3,409500,576225,15-05-2025 10:24,62.75,44738400,1791375,15-05-2025 10:24,114.8,40932450,721800
15-05-2025 10:24,24654.2,419850,579900,15-05-2025 10:24,63.35,44708400,1808700,15-05-2025 10:24,113.7,40956675,723075
15-05-2025 10:25,24650.8,420675,577050,15-05-2025 10:25,60.5,44686650,1826775,15-05-2025 10:25,118.7,40963575,735075
15-05-2025 10:25,24651.1,418425,579825,15-05-2025 10:25,63.15,44689875,1834875,15-05-2025 10:25,117,40972200,732300
15-05-2025 10:25,24656.2,418350,580275,15-05-2025 10:25,64,44749200,1720350,15-05-2025 10:25,117.25,40983450,750600
15-05-2025 10:25,24650,414225,582975,15-05-2025 10:25,63.6,44760225,1710750,15-05-2025 10:25,120.15,41004750,759375
15-05-2025 10:25,24641,401325,578850,15-05-2025 10:25,58.5,44734575,1731975,15-05-2025 10:25,126.05,41014425,691575
15-05-2025 10:25,24637.9,412725,575925,15-05-2025 10:25,58,44615325,1753125,15-05-2025 10:25,125.1,40989750,668475
15-05-2025 10:26,24645,415875,582900,15-05-2025 10:26,58.85,44675400,1782300,15-05-2025 10:26,123.2,40964250,692925
15-05-2025 10:26,24653.7,416025,579750,15-05-2025 10:26,64.3,44731725,1752900,15-05-2025 10:26,116.05,40942275,715350
15-05-2025 10:26,24641.5,410100,587025,15-05-2025 10:26,59,44739675,1763550,15-05-2025 10:26,125.75,40965975,713475
15-05-2025 10:26,24646.9,412125,583425,15-05-2025 10:26,61.05,44756625,1798875,15-05-2025 10:26,123.4,40971750,689025
15-05-2025 10:26,24649,424725,573900,15-05-2025 10:26,63.15,44837325,1807275,15-05-2025 10:26,122.25,40966650,690525
15-05-2025 10:26,24649,423000,573300,15-05-2025 10:26,67.9,44858175,1796775,15-05-2025 10:26,122.5,40968825,702300
15-05-2025 10:27,24655.8,418800,570300,15-05-2025 10:27,68.6,42949050,1641900,15-05-2025 10:27,117.8,39162075,718125
15-05-2025 10:27,24659.3,418200,568350,15-05-2025 10:27,72.15,42965100,1554600,15-05-2025 10:27,117.35,39191175,718200
15-05-2025 10:27,24659,419925,567525,15-05-2025 10:27,76.9,42968625,1528125,15-05-2025 10:27,118.95,39208950,721500
15-05-2025 10:27,24660,418425,572925,15-05-2025 10:27,74.35,42964050,1411275,15-05-2025 10:27,119,39228450,724575
15-05-2025 10:27,24659.9,421575,576375,15-05-2025 10:27,71.95,42936675,1430175,15-05-2025 10:27,118.45,39232350,731625
15-05-2025 10:27,24656.8,418350,578925,15-05-2025 10:27,68.8,42920925,1477800,15-05-2025 10:27,119.45,39238050,726375
15-05-2025 10:28,24658.9,419325,579300,15-05-2025 10:28,73.65,42877050,1500000,15-05-2025 10:28,116.25,39231300,730275
15-05-2025 10:28,24661,421725,581775,15-05-2025 10:28,73.25,42912525,1514850,15-05-2025 10:28,116.25,39237750,742575
15-05-2025 10:28,24655,417225,579750,15-05-2025 10:28,71.45,42915450,1558050,15-05-2025 10:28,118.8,39241800,750525
15-05-2025 10:28,24660.8,413175,575475,15-05-2025 10:28,71.55,40795425,1581825,15-05-2025 10:28,118.6,37675125,746025
15-05-2025 10:28,24657,416625,577575,15-05-2025 10:28,69.85,40803600,1599975,15-05-2025 10:28,119.3,37685700,759825
15-05-2025 10:28,24653.7,414525,581925,15-05-2025 10:28,66.8,40782525,1622625,15-05-2025 10:28,119.2,37691025,767325
15-05-2025 10:29,24650.4,417000,583950,15-05-2025 10:29,66.1,40735875,1631625,15-05-2025 10:29,121.9,37701225,755325
15-05-2025 10:29,24650.5,414150,586200,15-05-2025 10:29,65.8,40741725,1648725,15-05-2025 10:29,120.2,37697475,770700
15-05-2025 10:29,24648.5,420375,581100,15-05-2025 10:29,64.5,40733100,1676400,15-05-2025 10:29,119.75,37689675,770025
15-05-2025 10:29,24655,420075,578400,15-05-2025 10:29,69.1,40794825,1652100,15-05-2025 10:29,115.65,37653150,786000
15-05-2025 10:29,24662.3,422925,581325,15-05-2025 10:29,71.9,40829550,1632450,15-05-2025 10:29,113.35,37628325,792975
15-05-2025 10:29,24649,417825,580725,15-05-2025 10:29,64.25,40830225,1622925,15-05-2025 10:29,121.8,37557975,806475
15-05-2025 10:30,24659,423075,571800,15-05-2025 10:30,67.45,40826850,1632075,15-05-2025 10:30,116.9,37576875,811875
15-05-2025 10:30,24659,419250,576825,15-05-2025 10:30,67.9,40858425,1654125,15-05-2025 10:30,116.7,37574775,827625
15-05-2025 10:30,24659,418500,574650,15-05-2025 10:30,70.6,40876500,1631850,15-05-2025 10:30,115.2,37599525,837225
15-05-2025 10:30,24659,423000,579750,15-05-2025 10:30,71.9,40920450,1638675,15-05-2025 10:30,117.1,37594050,853200
15-05-2025 10:30,24660,423150,577275,15-05-2025 10:30,74.55,40945725,1628175,15-05-2025 10:30,115.7,37598775,858975
15-05-2025 10:30,24665.5,423225,573900,15-05-2025 10:30,74.4,40945425,1485375,15-05-2025 10:30,115.65,37604025,871575
15-05-2025 10:31,24665.7,422550,574650,15-05-2025 10:31,76.8,40947525,1475175,15-05-2025 10:31,112.8,37604625,877650
15-05-2025 10:31,24660,419400,578925,15-05-2025 10:31,77.9,40941000,1408125,15-05-2025 10:31,114.7,37559400,876075
15-05-2025 10:31,24679,422250,571350,15-05-2025 10:31,89.5,40956225,1387275,15-05-2025 10:31,108.4,37564125,906075
15-05-2025 10:31,24681.6,426600,525900,15-05-2025 10:31,90.4,40955025,886350,15-05-2025 10:31,105.35,37372500,924000
15-05-2025 10:31,24697.2,422025,522900,15-05-2025 10:31,98.6,40922175,880350,15-05-2025 10:31,100.4,37291275,911925
15-05-2025 10:31,24696.4,419475,523050,15-05-2025 10:31,97.05,40898250,624600,15-05-2025 10:31,99.55,37147275,925500
15-05-2025 10:32,24703.9,423375,521925,15-05-2025 10:32,107.45,40889100,646350,15-05-2025 10:32,95.2,37138425,948675
15-05-2025 10:32,24696.1,423750,498675,15-05-2025 10:32,99.9,40934175,603975,15-05-2025 10:32,94.75,37142700,966225
15-05-2025 10:32,24697.2,420225,505050,15-05-2025 10:32,102.45,40831200,652350,15-05-2025 10:32,94.15,37223100,934425
15-05-2025 10:32,24701.6,422850,499050,15-05-2025 10:32,102.4,40855575,650700,15-05-2025 10:32,94.95,37322250,950250
15-05-2025 10:32,24680,422700,505050,15-05-2025 10:32,87.3,40837800,765825,15-05-2025 10:32,100.25,37477725,947100
15-05-2025 10:32,24672.4,406875,504150,15-05-2025 10:32,80.2,40524150,776175,15-05-2025 10:32,101.7,37482525,913125
15-05-2025 10:33,24680,415875,507750,15-05-2025 10:33,82.55,40561425,758550,15-05-2025 10:33,99.3,37478700,983850
15-05-2025 10:33,24684.1,426525,510675,15-05-2025 10:33,88.05,40623900,784050,15-05-2025 10:33,94.2,37433325,1040625
15-05-2025 10:33,24684.8,424725,520200,15-05-2025 10:33,86.25,40672875,778050,15-05-2025 10:33,94.2,37349775,1070775
15-05-2025 10:33,24690,423525,519075,15-05-2025 10:33,86.6,40696425,830250,15-05-2025 10:33,93.2,37415325,1077675
15-05-2025 10:33,24686.3,425775,505425,15-05-2025 10:33,87.2,40782750,838875,15-05-2025 10:33,91.6,37377975,1091550
15-05-2025 10:33,24697.4,428100,504225,15-05-2025 10:33,96.85,40834275,876225,15-05-2025 10:33,90.3,37427325,1112925
15-05-2025 10:34,24700.5,428850,503325,15-05-2025 10:34,97.8,40825425,783675,15-05-2025 10:34,86.7,37430250,1152375
15-05-2025 10:34,24698,424125,509025,15-05-2025 10:34,93.25,40786050,836850,15-05-2025 10:34,89,37332600,1159275
15-05-2025 10:34,24701.1,434025,498300,15-05-2025 10:34,98.4,40761225,862875,15-05-2025 10:34,86.85,37381725,1176450
15-05-2025 10:34,24700,431550,495225,15-05-2025 10:34,97.3,40792725,764925,15-05-2025 10:34,86.45,37331850,1189950
15-05-2025 10:34,24703,433800,511725,15-05-2025 10:34,96.9,40782300,825600,15-05-2025 10:34,86.8,37347000,1194675
15-05-2025 10:34,24704.9,425325,513675,15-05-2025 10:34,98.8,40760100,846225,15-05-2025 10:34,84.55,37354800,1250100
15-05-2025 10:35,24704.6,432675,517725,15-05-2025 10:35,98.55,40761375,836850,15-05-2025 10:35,84.6,37347225,1238475
15-05-2025 10:35,24709,435675,511125,15-05-2025 10:35,101.65,40770750,807600,15-05-2025 10:35,82.8,37357275,1240275
15-05-2025 10:35,24707.6,434100,511425,15-05-2025 10:35,103.4,40778100,765900,15-05-2025 10:35,79.7,37381050,1269975
15-05-2025 10:35,24708.2,433050,515625,15-05-2025 10:35,99.4,40765350,809250,15-05-2025 10:35,82.65,37300200,1280250
15-05-2025 10:35,24697.1,425325,532275,15-05-2025 10:35,89.95,40659225,883350,15-05-2025 10:35,86.15,37409700,1268850
15-05-2025 10:35,24695,432375,526650,15-05-2025 10:35,89.95,40529550,891225,15-05-2025 10:35,86.75,37437900,1265550
15-05-2025 10:36,24700,429750,518325,15-05-2025 10:36,95.45,40589175,888525,15-05-2025 10:36,84.75,37475100,1315275
15-05-2025 10:36,24701,432750,522450,15-05-2025 10:36,98.3,40636950,893400,15-05-2025 10:36,84,37523625,1350525
15-05-2025 10:36,24706.5,439800,518025,15-05-2025 10:36,100.95,40662675,842100,15-05-2025 10:36,84.45,37485900,1386000
15-05-2025 10:36,24722.9,440400,520950,15-05-2025 10:36,114.55,40736775,845850,15-05-2025 10:36,80.15,37522650,1410675
15-05-2025 10:36,24715,436425,510225,15-05-2025 10:36,106.55,40742625,655725,15-05-2025 10:36,82.9,37502025,1411350
15-05-2025 10:36,24714,440700,511575,15-05-2025 10:36,108.9,40650150,703050,15-05-2025 10:36,81.25,37560825,1427400
15-05-2025 10:37,24710,430875,516525,15-05-2025 10:37,105.35,40715400,714450,15-05-2025 10:37,80.95,37540425,1464675
15-05-2025 10:37,24713.4,442575,513150,15-05-2025 10:37,107.5,40787550,771225,15-05-2025 10:37,81.5,37522725,1493625
15-05-2025 10:37,24711.4,442050,514350,15-05-2025 10:37,108.15,40793475,801675,15-05-2025 10:37,81,37648800,1497450
15-05-2025 10:37,24718.6,447075,512550,15-05-2025 10:37,110.6,40607100,779625,15-05-2025 10:37,77.95,37628550,1536825
15-05-2025 10:37,24717,438825,512400,15-05-2025 10:37,110.8,40599300,774075,15-05-2025 10:37,78.4,37542075,1538700
15-05-2025 10:37,24724.4,444150,511125,15-05-2025 10:37,114,40640625,778725,15-05-2025 10:37,77,37558800,1558200
15-05-2025 10:38,24721.7,431550,494925,15-05-2025 10:38,111.5,40618425,606525,15-05-2025 10:38,75.7,37473375,1586250
15-05-2025 10:38,24720,437925,492075,15-05-2025 10:38,109.7,40594800,659400,15-05-2025 10:38,76.9,37519125,1612125
15-05-2025 10:38,24725.6,451800,484575,15-05-2025 10:38,117.15,40544700,671025,15-05-2025 10:38,72.8,37567500,1577250
15-05-2025 10:38,24726,439650,480150,15-05-2025 10:38,116.05,40535400,683775,15-05-2025 10:38,74.1,37593375,1638075
15-05-2025 10:38,24729.8,449625,487500,15-05-2025 10:38,114,40552725,713550,15-05-2025 10:38,72.4,37628475,1632525
15-05-2025 10:38,24727,438300,486825,15-05-2025 10:38,111.95,40554450,745200,15-05-2025 10:38,72.9,37625850,1648575
15-05-2025 10:39,24731.2,440700,471450,15-05-2025 10:39,118.8,40528350,755475,15-05-2025 10:39,70.15,37676175,1665750
15-05-2025 10:39,24731.1,445650,480825,15-05-2025 10:39,116.95,40513425,756075,15-05-2025 10:39,70.05,37509375,1669950
15-05-2025 10:39,24743.9,452925,478050,15-05-2025 10:39,130.6,40521900,770025,15-05-2025 10:39,61.85,37556325,1706850
15-05-2025 10:39,24774.2,445350,415575,15-05-2025 10:39,149.95,40537350,416775,15-05-2025 10:39,55.25,37206600,1755000
15-05-2025 10:39,24780,441675,389775,15-05-2025 10:39,155.8,40512000,297675,15-05-2025 10:39,53.25,37163250,1793325
15-05-2025 10:39,24815,449325,355650,15-05-2025 10:39,193.6,40491300,281250,15-05-2025 10:39,49.4,37196550,1755675
15-05-2025 10:40,24867,443925,295125,15-05-2025 10:40,234.3,40524300,150975,15-05-2025 10:40,38.6,37014600,1799625
15-05-2025 10:40,24833.4,445200,292500,15-05-2025 10:40,202.65,40492200,172950,15-05-2025 10:40,44.1,36963150,1755525
15-05-2025 10:40,24810,420150,299775,15-05-2025 10:40,196.75,40285950,195825,15-05-2025 10:40,45.8,37195350,1662900
15-05-2025 10:40,24817.2,430725,290400,15-05-2025 10:40,195.35,40158075,203700,15-05-2025 10:40,48.05,37333800,1642800
15-05-2025 10:40,24799.8,426825,311925,15-05-2025 10:40,183.75,40137450,184050,15-05-2025 10:40,53.4,37378500,1652700
15-05-2025 10:40,24814.8,427650,317400,15-05-2025 10:40,203.05,40089900,211200,15-05-2025 10:40,48.9,37439775,1650300
15-05-2025 10:41,24822.1,428325,315825,15-05-2025 10:41,208,40098000,198300,15-05-2025 10:41,47.95,37423350,1717350
15-05-2025 10:41,24832.9,441300,309600,15-05-2025 10:41,213.3,40096050,198450,15-05-2025 10:41,46.55,37392000,1749750
15-05-2025 10:41,24827,444750,336600,15-05-2025 10:41,210,40089975,227325,15-05-2025 10:41,50.25,37387050,1746825
15-05-2025 10:41,24822,441225,343500,15-05-2025 10:41,206.8,40082850,228975,15-05-2025 10:41,51.05,37412550,1702350
15-05-2025 10:41,24823.8,429900,351600,15-05-2025 10:41,208.2,40002750,243375,15-05-2025 10:41,50.4,37433100,1711200
15-05-2025 10:41,24824.3,429075,352500,15-05-2025 10:41,211.45,40012050,258300,15-05-2025 10:41,49.5,37463325,1755300
15-05-2025 10:42,24829.1,436575,350475,15-05-2025 10:42,210.3,39950325,251100,15-05-2025 10:42,49.5,37415325,1806075
15-05-2025 10:42,24826,432375,357150,15-05-2025 10:42,212.05,39979575,247875,15-05-2025 10:42,49.65,37478550,1804950
15-05-2025 10:42,24808.7,423000,374325,15-05-2025 10:42,194.4,39936600,264075,15-05-2025 10:42,51.4,37558125,1805625
15-05-2025 10:42,24813,420000,379125,15-05-2025 10:42,199.7,39836850,282075,15-05-2025 10:42,51.7,37565400,1771125
15-05-2025 10:42,24816.8,439575,382650,15-05-2025 10:42,204.6,39843150,264750,15-05-2025 10:42,51.9,37501050,1793100
15-05-2025 10:42,24821.5,454275,389025,15-05-2025 10:42,209,39851550,269100,15-05-2025 10:42,51.85,37475400,1786875
15-05-2025 10:43,24829,441600,388500,15-05-2025 10:43,213.95,39859125,255975,15-05-2025 10:43,51.55,37465650,1831425
15-05-2025 10:43,24828,447300,390975,15-05-2025 10:43,211.9,39862875,246075,15-05-2025 10:43,51.05,37561875,1838175
15-05-2025 10:43,24828.4,443400,386475,15-05-2025 10:43,214.35,39863775,227175,15-05-2025 10:43,51.2,37582800,1877325
15-05-2025 10:43,24822.6,447000,394500,15-05-2025 10:43,208.8,39888150,217125,15-05-2025 10:43,52.6,37604325,1878900
15-05-2025 10:43,24817.8,448200,400875,15-05-2025 10:43,204.4,39856425,224325,15-05-2025 10:43,53.55,37643100,1823775
15-05-2025 10:43,24834.6,456600,386925,15-05-2025 10:43,219.85,39887700,225150,15-05-2025 10:43,49.65,37665225,1851975
15-05-2025 10:44,24832.4,453975,390150,15-05-2025 10:44,216.9,39891675,179025,15-05-2025 10:44,51.75,37604025,1864800
15-05-2025 10:44,24825.5,453900,398625,15-05-2025 10:44,209.2,39886350,186900,15-05-2025 10:44,52.2,37629525,1857000
15-05-2025 10:44,24831,457725,396600,15-05-2025 10:44,217.1,39716025,203250,15-05-2025 10:44,51.4,37625700,1904100
15-05-2025 10:44,24830,458550,402600,15-05-2025 10:44,210.55,39717075,200325,15-05-2025 10:44,51.6,37560675,1940700
15-05-2025 10:44,24822,457575,409875,15-05-2025 10:44,205.95,39720600,217200,15-05-2025 10:44,53.9,37602225,1932150
15-05-2025 10:44,24814.8,454350,406650,15-05-2025 10:44,195.75,39686550,221250,15-05-2025 10:44,56.45,37626825,1801800
15-05-2025 10:45,24796.9,468225,408375,15-05-2025 10:45,182.6,39624300,234000,15-05-2025 10:45,62.55,37641375,1691550
15-05-2025 10:45,24810.5,451950,400125,15-05-2025 10:45,198.1,39653175,234750,15-05-2025 10:45,56.8,37643100,1579800
15-05-2025 10:45,24807.8,443850,421350,15-05-2025 10:45,189.9,39655875,232425,15-05-2025 10:45,58.7,37627425,1650825
15-05-2025 10:45,24802.8,461850,419325,15-05-2025 10:45,180.7,39641700,242325,15-05-2025 10:45,62.55,37681650,1657200
15-05-2025 10:45,24800.8,455250,427200,15-05-2025 10:45,185.55,39622875,255900,15-05-2025 10:45,60.55,37712625,1611075
15-05-2025 10:45,24806,457575,424350,15-05-2025 10:45,188.1,39624150,247350,15-05-2025 10:45,59.7,37674300,1679100
15-05-2025 10:46,24829.2,480075,401100,15-05-2025 10:46,207.9,39556275,238800,15-05-2025 10:46,50.9,37645725,1737600
15-05-2025 10:46,24825,466650,416175,15-05-2025 10:46,202.55,39563025,225000,15-05-2025 10:46,52.65,37454100,1759350
15-05-2025 10:46,24811.8,474225,424725,15-05-2025 10:46,184.75,39560700,265050,15-05-2025 10:46,57.05,37565175,1767675
15-05-2025 10:46,24795,463800,431250,15-05-2025 10:46,176.25,39549000,269400,15-05-2025 10:46,59.55,37611525,1777425
15-05-2025 10:46,24800,462600,436800,15-05-2025 10:46,177,39545325,264900,15-05-2025 10:46,58.5,37626300,1757400
15-05-2025 10:46,24802.1,473850,431775,15-05-2025 10:46,177,39562500,264225,15-05-2025 10:46,58.55,37635525,1807500
15-05-2025 10:47,24794.3,457350,445050,15-05-2025 10:47,168.9,39575475,268200,15-05-2025 10:47,59.5,37721550,1801950
15-05-2025 10:47,24785.7,456750,442725,15-05-2025 10:47,162.2,39553575,279225,15-05-2025 10:47,59.9,37824375,1809300
15-05-2025 10:47,24783.9,451275,427425,15-05-2025 10:47,160.8,39555675,290925,15-05-2025 10:47,60.55,37836375,1841325
15-05-2025 10:47,24777,469500,441600,15-05-2025 10:47,157.45,39560700,293925,15-05-2025 10:47,60.4,37837800,1817850
15-05-2025 10:47,24775,476625,451125,15-05-2025 10:47,154.4,39556500,295125,15-05-2025 10:47,60.8,37806075,1848150
15-05-2025 10:47,24771.1,459975,444225,15-05-2025 10:47,150.15,39552750,301425,15-05-2025 10:47,61.05,37861350,1837575
15-05-2025 10:48,24774,464850,436875,15-05-2025 10:48,153.4,39549000,309450,15-05-2025 10:48,60.9,37888725,1862700
15-05-2025 10:48,24776.6,458400,442650,15-05-2025 10:48,154.25,39542625,315300,15-05-2025 10:48,60.55,37898025,1828950
15-05-2025 10:48,24776.1,470250,448725,15-05-2025 10:48,150,39567675,317850,15-05-2025 10:48,62.85,37905900,1783800
15-05-2025 10:48,24774.1,474525,453525,15-05-2025 10:48,152.8,39583500,316950,15-05-2025 10:48,61.75,37908225,1688400
15-05-2025 10:48,24771.6,471750,454800,15-05-2025 10:48,153.5,39581775,341250,15-05-2025 10:48,60.9,37893150,1701750
15-05-2025 10:48,24797.9,489675,406125,15-05-2025 10:48,170.85,39597825,328950,15-05-2025 10:48,51.75,37878225,1754475
15-05-2025 10:49,24804.9,486525,440700,15-05-2025 10:49,174.45,39588225,278850,15-05-2025 10:49,50.95,37553175,1751925
15-05-2025 10:49,24790,459675,443625,15-05-2025 10:49,161.55,39569325,291000,15-05-2025 10:49,54.65,37663425,1743000
15-05-2025 10:49,24801.6,479625,443175,15-05-2025 10:49,175.95,39580050,287100,15-05-2025 10:49,52.7,37685775,1788000
15-05-2025 10:49,24800,476100,445575,15-05-2025 10:49,174.1,39575475,294300,15-05-2025 10:49,53.4,37740975,1842525
15-05-2025 10:49,24803,486000,434700,15-05-2025 10:49,175,39589050,307725,15-05-2025 10:49,52.5,37738200,1878750
15-05-2025 10:49,24794.4,478275,449475,15-05-2025 10:49,170,39573375,338925,15-05-2025 10:49,53.75,37805325,1860525
15-05-2025 10:50,24800.6,473100,447075,15-05-2025 10:50,174.9,39576075,346275,15-05-2025 10:50,54.2,37831650,1855275
15-05-2025 10:50,24807.9,476325,439125,15-05-2025 10:50,183.3,39586800,336525,15-05-2025 10:50,52.75,37869150,1874775
15-05-2025 10:50,24797.5,486675,460200,15-05-2025 10:50,172.4,39579600,304725,15-05-2025 10:50,56.8,37894575,1872600
15-05-2025 10:50,24795,476475,450600,15-05-2025 10:50,170.85,39607425,305700,15-05-2025 10:50,57.7,37914075,1803900
15-05-2025 10:50,24795.3,469125,447225,15-05-2025 10:50,170.05,39614100,310425,15-05-2025 10:50,56.65,37893825,1827900
15-05-2025 10:50,24796.5,484575,460800,15-05-2025 10:50,168.6,39559125,324525,15-05-2025 10:50,58.05,37974225,1848975
15-05-2025 10:51,24791.3,468900,468075,15-05-2025 10:51,163.8,39549525,332175,15-05-2025 10:51,60.7,38163825,1843725
15-05-2025 10:51,24790.3,481425,478500,15-05-2025 10:51,166.55,39517425,342225,15-05-2025 10:51,59.25,38165550,1808400
15-05-2025 10:51,24790,479025,465600,15-05-2025 10:51,161.85,39525300,345375,15-05-2025 10:51,59.55,38121825,1820025
15-05-2025 10:51,24790.1,481725,472050,15-05-2025 10:51,165.75,39513675,346350,15-05-2025 10:51,57.7,38115375,1858050
15-05-2025 10:51,24797,499500,469125,15-05-2025 10:51,167.95,39518400,354600,15-05-2025 10:51,56.8,38101875,1884600
15-05-2025 10:51,24791.5,499425,465900,15-05-2025 10:51,167.15,39520275,347550,15-05-2025 10:51,56.95,38111925,1887150
15-05-2025 10:52,24790.1,503250,462975,15-05-2025 10:52,168.7,39525750,335550,15-05-2025 10:52,57.5,37924725,1913775
15-05-2025 10:52,24789.7,498900,472050,15-05-2025 10:52,162.1,39516525,340875,15-05-2025 10:52,58.7,37948350,1947675
15-05-2025 10:52,24788,502650,473175,15-05-2025 10:52,161.1,39505200,343725,15-05-2025 10:52,59.25,37966425,1956150
15-05-2025 10:52,24783,492300,474000,15-05-2025 10:52,156.75,39501525,345975,15-05-2025 10:52,59.55,37955775,1955700
15-05-2025 10:52,24775.3,496275,470475,15-05-2025 10:52,154.2,39492150,347475,15-05-2025 10:52,61.9,37946325,1957425
15-05-2025 10:52,24779.6,500850,474225,15-05-2025 10:52,154.5,39495225,348000,15-05-2025 10:52,59.6,37944675,1835550
15-05-2025 10:53,24775.1,494100,476475,15-05-2025 10:53,149.25,39485325,351375,15-05-2025 10:53,61.7,37940175,1850550
15-05-2025 10:53,24778.1,509250,472875,15-05-2025 10:53,154.4,39493200,351300,15-05-2025 10:53,58.95,37962075,1855650
15-05-2025 10:53,24780,509700,480075,15-05-2025 10:53,149.35,39499200,364500,15-05-2025 10:53,60.15,37944900,1868175
15-05-2025 10:53,24781.2,503550,479475,15-05-2025 10:53,156.35,39496575,365325,15-05-2025 10:53,56.8,37930500,1886850
15-05-2025 10:53,24781,505275,477975,15-05-2025 10:53,154.35,39501900,364725,15-05-2025 10:53,58.65,37927575,1919250
15-05-2025 10:53,24780,511350,480675,15-05-2025 10:53,150.05,39510750,368700,15-05-2025 10:53,60.25,37952700,1923075
15-05-2025 10:54,24783.5,515025,479550,15-05-2025 10:54,156.2,39509775,370200,15-05-2025 10:54,58.1,37952175,1905000
15-05-2025 10:54,24780,505875,483000,15-05-2025 10:54,154.55,39512175,375525,15-05-2025 10:54,58.75,37961700,1911150
15-05-2025 10:54,24781.4,515100,485250,15-05-2025 10:54,155.45,39509175,391800,15-05-2025 10:54,58.75,37971525,1911900
15-05-2025 10:54,24785,520200,483825,15-05-2025 10:54,157.4,39534675,378525,15-05-2025 10:54,55.75,37964400,1932000
15-05-2025 10:54,24781,512025,483450,15-05-2025 10:54,154,39529425,382350,15-05-2025 10:54,56,37937250,1947075
15-05-2025 10:54,24783,515025,485175,15-05-2025 10:54,156.6,39527700,382200,15-05-2025 10:54,56.5,37928325,1966650
15-05-2025 10:55,24783.3,515400,481725,15-05-2025 10:55,154.35,39532275,383325,15-05-2025 10:55,56.9,37900125,1973100
15-05-2025 10:55,24790,526275,494175,15-05-2025 10:55,157.9,39542925,377625,15-05-2025 10:55,57.55,37922850,1981350
15-05-2025 10:55,24787.8,524700,481650,15-05-2025 10:55,162.45,39562425,365700,15-05-2025 10:55,57.65,37941375,2001525
15-05-2025 10:55,24792,523425,491925,15-05-2025 10:55,164,39564600,379650,15-05-2025 10:55,56.15,37946550,2012850
15-05-2025 10:55,24785,523950,485475,15-05-2025 10:55,156.45,39554325,383475,15-05-2025 10:55,58.9,37990650,2012475
15-05-2025 10:55,24794,527400,484050,15-05-2025 10:55,163.6,39505050,386925,15-05-2025 10:55,54.25,38015250,1986750
15-05-2025 10:56,24805.9,527550,479325,15-05-2025 10:56,177.25,39513450,357975,15-05-2025 10:56,51.05,37948200,2008275
15-05-2025 10:56,24802.9,523800,486825,15-05-2025 10:56,169.65,39508950,332100,15-05-2025 10:56,54.4,37948125,2007000
15-05-2025 10:56,24801.1,524475,492450,15-05-2025 10:56,173.4,39483600,343350,15-05-2025 10:56,53,37984200,2041425
15-05-2025 10:56,24803.1,525525,491700,15-05-2025 10:56,166.5,39477750,355125,15-05-2025 10:56,53.45,37985475,2060250
15-05-2025 10:56,24798,517275,497400,15-05-2025 10:56,165.05,39478725,366300,15-05-2025 10:56,54.6,37966575,2064450
15-05-2025 10:56,24800,525825,493425,15-05-2025 10:56,169.65,39471825,367800,15-05-2025 10:56,53.8,37978650,2041425
15-05-2025 10:57,24799.4,527550,493950,15-05-2025 10:57,163.5,39480675,363825,15-05-2025 10:57,53.25,37971300,2070600
15-05-2025 10:57,24791.4,527175,501750,15-05-2025 10:57,165.2,39473550,369300,15-05-2025 10:57,54.6,37987875,2052825
15-05-2025 10:57,24797,524850,492075,15-05-2025 10:57,166.8,39468000,369600,15-05-2025 10:57,53,37983900,2083125
15-05-2025 10:57,24800,517875,500400,15-05-2025 10:57,168.65,39478200,374925,15-05-2025 10:57,52.4,37995675,2096625
15-05-2025 10:57,24800,520875,494550,15-05-2025 10:57,169.05,39473250,371025,15-05-2025 10:57,52,38017800,2093625
15-05-2025 10:57,24796.1,517350,505425,15-05-2025 10:57,166.5,39472125,369225,15-05-2025 10:57,52.8,37980675,2102400
15-05-2025 10:58,24800.7,525825,498525,15-05-2025 10:58,169.95,39472425,367950,15-05-2025 10:58,50.8,37979925,2120550
15-05-2025 10:58,24811.7,529275,490875,15-05-2025 10:58,183.1,39471975,355050,15-05-2025 10:58,49.05,37977300,2152275
15-05-2025 10:58,24820.3,528825,478575,15-05-2025 10:58,192.3,39475725,284400,15-05-2025 10:58,49.2,37768500,2169675
15-05-2025 10:58,24829.9,527550,466350,15-05-2025 10:58,201.8,39483075,273600,15-05-2025 10:58,47.75,37752225,2135325
15-05-2025 10:58,24832.9,525825,466350,15-05-2025 10:58,209.1,39481425,244125,15-05-2025 10:58,47.45,37810050,2159175
15-05-2025 10:58,24843,535500,465225,15-05-2025 10:58,209.3,39469950,222525,15-05-2025 10:58,44.8,37802025,2170800
15-05-2025 10:59,24843.4,524700,454050,15-05-2025 10:59,218.6,39411225,205950,15-05-2025 10:59,43.6,37652850,2175675
15-05-2025 10:59,24857.4,531525,426375,15-05-2025 10:59,230.9,39405825,203250,15-05-2025 10:59,41.8,37602750,2188650
15-05-2025 10:59,24839.9,530550,449100,15-05-2025 10:59,214.5,39374100,186525,15-05-2025 10:59,44.8,37621500,2199975
15-05-2025 10:59,24846.7,531825,450600,15-05-2025 10:59,225.25,39363300,194700,15-05-2025 10:59,44.4,37650375,2190825
15-05-2025 10:59,24849.9,526650,455775,15-05-2025 10:59,222.95,39347925,208425,15-05-2025 10:59,44.25,37693875,2183475
15-05-2025 10:59,24845,520650,468300,15-05-2025 10:59,220.25,39387450,224475,15-05-2025 10:59,43.2,37723725,2188500
15-05-2025 11:00,24844.2,524925,456150,15-05-2025 11:00,219.2,39383250,233625,15-05-2025 11:00,42.9,37718475,2199600
15-05-2025 11:00,24839.2,516225,472200,15-05-2025 11:00,210,39372525,248250,15-05-2025 11:00,44.3,37766475,2178450
15-05-2025 11:00,24826.8,511950,464250,15-05-2025 11:00,203.1,39319500,250125,15-05-2025 11:00,45.65,37813650,2144700
15-05-2025 11:00,24823.7,513300,468975,15-05-2025 11:00,202,39309825,252150,15-05-2025 11:00,47.1,37858200,2119875
15-05-2025 11:00,24820,509325,473625,15-05-2025 11:00,195.85,39310050,256125,15-05-2025 11:00,47.5,37872750,2119500
15-05-2025 11:00,24832.9,521850,456750,15-05-2025 11:00,210.75,39316500,252600,15-05-2025 11:00,44.45,37874925,2183625
15-05-2025 11:01,24821,510750,474450,15-05-2025 11:01,199.1,39317325,244650,15-05-2025 11:01,46.25,37782600,2195850
15-05-2025 11:01,24820,509400,475500,15-05-2025 11:01,190.85,39311700,255525,15-05-2025 11:01,47.45,37808175,2198925
15-05-2025 11:01,24815.1,510000,472425,15-05-2025 11:01,192.1,39306675,260550,15-05-2025 11:01,46.95,37836675,2190075
15-05-2025 11:01,24815.5,516825,481800,15-05-2025 11:01,191,39297975,263925,15-05-2025 11:01,46.05,37836075,2216250
15-05-2025 11:01,24810.1,515325,485025,15-05-2025 11:01,184.25,39311550,265725,15-05-2025 11:01,47.1,37820550,2218275
15-05-2025 11:01,24816.2,513150,492450,15-05-2025 11:01,186.3,39314700,271650,15-05-2025 11:01,47,37837125,2218350
15-05-2025 11:02,24805.2,515925,492675,15-05-2025 11:02,183.7,39312150,277950,15-05-2025 11:02,47.6,37843875,2212275
15-05-2025 11:02,24809.5,517500,485475,15-05-2025 11:02,181.9,39312225,282150,15-05-2025 11:02,46.85,37840200,2216325
15-05-2025 11:02,24810,523800,486450,15-05-2025 11:02,183.35,39298500,276750,15-05-2025 11:02,46.2,37834575,2246175
15-05-2025 11:02,24800.4,511950,494025,15-05-2025 11:02,168.95,39292200,280050,15-05-2025 11:02,50.4,37837650,2242125
15-05-2025 11:02,24788.2,508425,491850,15-05-2025 11:02,165.15,39273750,283725,15-05-2025 11:02,52.3,37847025,2108550
15-05-2025 11:02,24794.9,508575,489525,15-05-2025 11:02,169.05,39281400,285075,15-05-2025 11:02,50.4,37819050,2067675
15-05-2025 11:03,24792,507150,488325,15-05-2025 11:03,164.1,39280425,294300,15-05-2025 11:03,52.4,37821225,2101425
15-05-2025 11:03,24789.4,522300,497625,15-05-2025 11:03,166.1,39278100,292950,15-05-2025 11:03,52.15,37838550,2110725
15-05-2025 11:03,24788,510300,489300,15-05-2025 11:03,159.05,39271050,302775,15-05-2025 11:03,52.65,37863150,2107050
15-05-2025 11:03,24792.6,516075,487725,15-05-2025 11:03,162.75,39276975,307650,15-05-2025 11:03,51.05,37839150,2060025
15-05-2025 11:03,24790.8,520875,483150,15-05-2025 11:03,164.05,39310800,305925,15-05-2025 11:03,49.8,37827000,2112075
15-05-2025 11:03,24797.2,521625,491400,15-05-2025 11:03,160.35,39310950,310800,15-05-2025 11:03,50.75,37817550,2112000
15-05-2025 11:04,24785.7,520200,498450,15-05-2025 11:04,160.25,39294450,316575,15-05-2025 11:04,51,37831800,2119350
15-05-2025 11:04,24786,529725,503325,15-05-2025 11:04,158,39298425,330000,15-05-2025 11:04,52.05,37855500,2152275
15-05-2025 11:04,24785,530025,502125,15-05-2025 11:04,154,39283200,334275,15-05-2025 11:04,52.65,37882950,2132400
15-05-2025 11:04,24781,531825,498675,15-05-2025 11:04,155,39288975,338100,15-05-2025 11:04,51.75,37891800,2145600
15-05-2025 11:04,24781.5,522825,496950,15-05-2025 11:04,152,39294600,338325,15-05-2025 11:04,51.95,37895700,2145675
15-05-2025 11:04,24779.1,512925,495150,15-05-2025 11:04,149.25,39293550,340575,15-05-2025 11:04,52.85,37888800,2155725
15-05-2025 11:05,24772.1,508050,500250,15-05-2025 11:05,143.45,39245625,346950,15-05-2025 11:05,53.45,37893000,2130075
15-05-2025 11:05,24772,514350,501525,15-05-2025 11:05,144.85,39246675,350925,15-05-2025 11:05,52.05,37914450,2122500
15-05-2025 11:05,24772,511725,490875,15-05-2025 11:05,141.75,39258600,351600,15-05-2025 11:05,53.15,37910025,2164725
15-05-2025 11:05,24769.5,506850,491475,15-05-2025 11:05,140,39260100,349725,15-05-2025 11:05,53.55,37940475,2152050
15-05-2025 11:05,24766.2,497325,494625,15-05-2025 11:05,138.6,39261675,353775,15-05-2025 11:05,55.95,37968075,2125425
15-05-2025 11:05,24775,514050,488475,15-05-2025 11:05,142.45,39285075,350400,15-05-2025 11:05,56.3,37979700,2047650
15-05-2025 11:06,24773.4,510525,494100,15-05-2025 11:06,143.85,39289125,359550,15-05-2025 11:06,55.45,37972575,2050200
15-05-2025 11:06,24775.3,515625,488700,15-05-2025 11:06,146.8,39295050,363525,15-05-2025 11:06,52.65,37968975,2079900
15-05-2025 11:06,24788,520350,489000,15-05-2025 11:06,153.15,39305550,368625,15-05-2025 11:06,52.15,37925325,2117025
15-05-2025 11:06,24784.2,520725,495675,15-05-2025 11:06,154,39314775,358575,15-05-2025 11:06,51.2,37884000,2137575
15-05-2025 11:06,24785,523425,491550,15-05-2025 11:06,154,39321750,353400,15-05-2025 11:06,50.5,37895925,2157750
15-05-2025 11:06,24785,523500,496500,15-05-2025 11:06,153.45,39320625,369450,15-05-2025 11:06,52.2,37865325,2160600
15-05-2025 11:07,24785.5,518250,500850,15-05-2025 11:07,150.6,39312450,383325,15-05-2025 11:07,52.7,38079000,2159475
15-05-2025 11:07,24788.7,520575,494475,15-05-2025 11:07,152.9,39305925,385500,15-05-2025 11:07,52.8,38076750,2142975
15-05-2025 11:07,24780,519000,500250,15-05-2025 11:07,150.75,39314700,383475,15-05-2025 11:07,54.4,38060400,2160450
15-05-2025 11:07,24783.5,529200,497625,15-05-2025 11:07,150.45,39313125,386625,15-05-2025 11:07,53.15,38043000,2210775
15-05-2025 11:07,24777.1,523275,498300,15-05-2025 11:07,148.2,39314475,425775,15-05-2025 11:07,53.05,38062500,2224425
15-05-2025 11:07,24779.1,523575,507000,15-05-2025 11:07,147.4,39302175,406050,15-05-2025 11:07,54.4,38092575,2228175
15-05-2025 11:08,24775,507750,506100,15-05-2025 11:08,143.6,39295800,417450,15-05-2025 11:08,54.15,38093625,2212650
15-05-2025 11:08,24763.3,504450,510600,15-05-2025 11:08,131.1,39276300,418425,15-05-2025 11:08,60.55,38091300,2182125
15-05-2025 11:08,24753.3,478650,504675,15-05-2025 11:08,129.9,39210150,418950,15-05-2025 11:08,60.4,38114025,1770150
15-05-2025 11:08,24760,478575,504525,15-05-2025 11:08,133.25,39208050,415875,15-05-2025 11:08,58.5,38084400,1747050
15-05-2025 11:08,24763.8,488850,500250,15-05-2025 11:08,134.55,39268950,414300,15-05-2025 11:08,58.05,38040750,1828650
15-05-2025 11:08,24751.7,490875,508950,15-05-2025 11:08,119.75,39275100,429375,15-05-2025 11:08,63.5,38042250,1870050
15-05-2025 11:09,24745.3,465375,512625,15-05-2025 11:09,121.75,39264600,426975,15-05-2025 11:09,60.7,38078100,1696275
15-05-2025 11:09,24759.7,471225,504000,15-05-2025 11:09,129.6,39344325,401550,15-05-2025 11:09,56.05,38059500,1700625
15-05-2025 11:09,24765.2,481575,505500,15-05-2025 11:09,129.1,39367275,400500,15-05-2025 11:09,57.45,37997775,1724025
15-05-2025 11:09,24763.8,478800,506775,15-05-2025 11:09,131.2,39371325,402300,15-05-2025 11:09,56.65,37993125,1761150
15-05-2025 11:09,24766.3,484875,507675,15-05-2025 11:09,133.8,39386250,418125,15-05-2025 11:09,55.7,38049525,1776000
15-05-2025 11:09,24767.2,492300,500850,15-05-2025 11:09,135.75,39387000,394950,15-05-2025 11:09,53.95,38011275,1799250
15-05-2025 11:10,24760.9,481800,516075,15-05-2025 11:10,128.8,39384825,425700,15-05-2025 11:10,57.8,38038725,1807425
15-05-2025 11:10,24759,481650,517425,15-05-2025 11:10,128.35,39384225,432525,15-05-2025 11:10,57.85,38079150,1759500
15-05-2025 11:10,24756.9,481575,513075,15-05-2025 11:10,123.35,39386025,441375,15-05-2025 11:10,62.05,38150850,1768350
15-05-2025 11:10,24751.5,482625,525000,15-05-2025 11:10,116.25,39390900,445950,15-05-2025 11:10,63.3,38163900,1734075
15-05-2025 11:10,24750,482175,528900,15-05-2025 11:10,120.25,39373125,449850,15-05-2025 11:10,60.95,38178900,1711800
15-05-2025 11:10,24750,482775,512550,15-05-2025 11:10,119.15,39382425,442725,15-05-2025 11:10,62,38179200,1719975
15-05-2025 11:11,24745,479850,512700,15-05-2025 11:11,113.2,39381600,450375,15-05-2025 11:11,64.5,38197200,1700550
15-05-2025 11:11,24727,465225,515775,15-05-2025 11:11,104.65,39344775,455625,15-05-2025 11:11,73.8,38261700,1611000
15-05-2025 11:11,24730,446550,516300,15-05-2025 11:11,103.1,39314250,453900,15-05-2025 11:11,76.95,38198925,1278825
15-05-2025 11:11,24724,438825,519750,15-05-2025 11:11,102.7,39309225,434700,15-05-2025 11:11,76,38228475,1243650
15-05-2025 11:11,24734.8,444150,521175,15-05-2025 11:11,106.2,39311700,439800,15-05-2025 11:11,72.3,38208525,1231425
15-05-2025 11:11,24743,447300,511200,15-05-2025 11:11,111.2,39334875,438225,15-05-2025 11:11,68.8,38141775,1307625
15-05-2025 11:12,24732.2,447000,529350,15-05-2025 11:12,109.1,39347025,461175,15-05-2025 11:12,72.3,38122950,1300950
15-05-2025 11:12,24739.6,457275,513975,15-05-2025 11:12,112.4,39400950,464775,15-05-2025 11:12,68.9,38148300,1354725
15-05-2025 11:12,24735.2,450750,518550,15-05-2025 11:12,109.45,39415350,492075,15-05-2025 11:12,73.85,38158650,1379400
15-05-2025 11:12,24735.2,452250,519675,15-05-2025 11:12,106.15,39390450,520275,15-05-2025 11:12,73.75,38183175,1359375
15-05-2025 11:12,24738.1,458250,517575,15-05-2025 11:12,108.1,39390225,515550,15-05-2025 11:12,73.6,38181075,1362750
15-05-2025 11:12,24733.2,457575,527400,15-05-2025 11:12,103.8,39404175,524925,15-05-2025 11:12,74.8,38232675,1383975
15-05-2025 11:13,24734.4,447450,526350,15-05-2025 11:13,104.5,39390150,532800,15-05-2025 11:13,76,38262450,1346475
15-05-2025 11:13,24707,436425,532650,15-05-2025 11:13,87.3,39394425,543975,15-05-2025 11:13,85.75,38282025,1291050
15-05-2025 11:13,24706,424725,517500,15-05-2025 11:13,85.65,39309975,560025,15-05-2025 11:13,83.9,38243250,990975
15-05-2025 11:13,24705.2,438525,520125,15-05-2025 11:13,81.8,39355950,549450,15-05-2025 11:13,87.1,38179200,991650
15-05-2025 11:13,24691.1,419850,527100,15-05-2025 11:13,75.75,39339450,552375,15-05-2025 11:13,92.6,38231175,974250
15-05-2025 11:13,24695,418800,516975,15-05-2025 11:13,79.75,39410175,578250,15-05-2025 11:13,90.9,38240625,923775
15-05-2025 11:14,24700,418650,526800,15-05-2025 11:14,79.8,39409875,612300,15-05-2025 11:14,87.2,38236875,974475
15-05-2025 11:14,24705.2,423450,535875,15-05-2025 11:14,83.3,39491100,583200,15-05-2025 11:14,83.3,38104650,1208325
15-05-2025 11:14,24704.4,427125,532200,15-05-2025 11:14,84,39537825,571800,15-05-2025 11:14,83.5,38031675,1236675
15-05-2025 11:14,24707.3,428325,538200,15-05-2025 11:14,82.2,39595500,612300,15-05-2025 11:14,86.35,38077800,1258350
15-05-2025 11:14,24708.8,428775,535575,15-05-2025 11:14,82.55,39612675,629175,15-05-2025 11:14,85.95,38112450,1290375
15-05-2025 11:14,24704.9,427575,538350,15-05-2025 11:14,84.5,39677925,602700,15-05-2025 11:14,87.25,38149650,1310625
15-05-2025 11:15,24704,426000,540450,15-05-2025 11:15,83.9,39707475,635550,15-05-2025 11:15,87.2,38143725,1326600
15-05-2025 11:15,24706.8,432300,536850,15-05-2025 11:15,82.9,39628350,664875,15-05-2025 11:15,86.3,38143125,1313025
15-05-2025 11:15,24713.1,437700,541500,15-05-2025 11:15,91.45,39707625,659625,15-05-2025 11:15,80.05,38097375,1135725
15-05-2025 11:15,24716.1,437775,531300,15-05-2025 11:15,89.15,39716025,603300,15-05-2025 11:15,80.3,37924575,1174500
15-05-2025 11:15,24717.6,436650,538200,15-05-2025 11:15,90.75,39690150,671325,15-05-2025 11:15,79.6,38002200,1198650
15-05-2025 11:15,24717.3,440025,546375,15-05-2025 11:15,87.3,39674850,698850,15-05-2025 11:15,83.1,38019675,1227825
15-05-2025 11:16,24710,441525,550800,15-05-2025 11:16,87.55,39670500,721650,15-05-2025 11:16,82.65,38040975,1201350
15-05-2025 11:16,24711.3,444375,559650,15-05-2025 11:16,88.2,39655500,733275,15-05-2025 11:16,81.25,38035350,1198650
15-05-2025 11:16,24721.4,449400,549225,15-05-2025 11:16,90.85,39698850,751575,15-05-2025 11:16,79.15,38059200,1231275
15-05-2025 11:16,24729.8,446700,538575,15-05-2025 11:16,96.25,39750450,685125,15-05-2025 11:16,76.15,38009250,1253025
15-05-2025 11:16,24725,445425,546750,15-05-2025 11:16,95.6,39754050,629175,15-05-2025 11:16,75.8,37931100,1268100
15-05-2025 11:16,24728.2,449025,557775,15-05-2025 11:16,97.8,39757350,625725,15-05-2025 11:16,72.9,37967325,1304850
15-05-2025 11:17,24731.3,457800,550875,15-05-2025 11:17,100.2,39767550,660900,15-05-2025 11:17,70.3,37993725,1329375
15-05-2025 11:17,24739,458775,551400,15-05-2025 11:17,102.35,39816150,687000,15-05-2025 11:17,68.6,37908975,1358400
15-05-2025 11:17,24747,456750,545625,15-05-2025 11:17,111.45,39850050,645150,15-05-2025 11:17,66.95,37877550,1379550
15-05-2025 11:17,24747,459225,544725,15-05-2025 11:17,114.1,39848550,523875,15-05-2025 11:17,65.5,37861425,1386450
15-05-2025 11:17,24755.6,462000,544275,15-05-2025 11:17,124.25,39799725,493575,15-05-2025 11:17,64.5,37847850,1393650
15-05-2025 11:17,24758,462075,553350,15-05-2025 11:17,119.65,39764475,471075,15-05-2025 11:17,65.35,37850700,1378125
15-05-2025 11:18,24743.8,454800,546525,15-05-2025 11:18,113,39694425,506475,15-05-2025 11:18,66.3,37896900,1379100
15-05-2025 11:18,24753.7,465525,548475,15-05-2025 11:18,121.5,39638700,522525,15-05-2025 11:18,61.75,37934250,1350075
15-05-2025 11:18,24759,472125,560250,15-05-2025 11:18,125.55,39648675,529950,15-05-2025 11:18,58.4,37886400,1364850
15-05-2025 11:18,24755,470625,551100,15-05-2025 11:18,123.2,39662700,507600,15-05-2025 11:18,60.25,37847475,1392900
15-05-2025 11:18,24750,465675,557100,15-05-2025 11:18,118.65,39638775,537375,15-05-2025 11:18,64.25,37939575,1406025
15-05-2025 11:18,24746.6,458400,557400,15-05-2025 11:18,114.55,39603225,557775,15-05-2025 11:18,65.8,37974525,1400100
15-05-2025 11:19,24751.7,466050,565800,15-05-2025 11:19,116.8,39647325,563775,15-05-2025 11:19,66.05,37984800,1420125
15-05-2025 11:19,24734.4,465675,567225,15-05-2025 11:19,107.9,39678300,597975,15-05-2025 11:19,70.1,38032575,1439100
15-05-2025 11:19,24735.8,457350,572250,15-05-2025 11:19,106.3,39592200,610725,15-05-2025 11:19,69.5,38034675,1358925
15-05-2025 11:19,24740,467175,573150,15-05-2025 11:19,108.05,39585675,626400,15-05-2025 11:19,68.15,38019075,1388475
15-05-2025 11:19,24743.4,465825,590175,15-05-2025 11:19,109.2,39595200,630750,15-05-2025 11:19,63.5,37977150,1420500
15-05-2025 11:19,24735,464700,588825,15-05-2025 11:19,101.8,39600225,653250,15-05-2025 11:19,65.7,38001825,1471050
15-05-2025 11:20,24741,473700,573675,15-05-2025 11:20,107.9,39632100,661125,15-05-2025 11:20,60.55,38039700,1504425
15-05-2025 11:20,24738.8,474975,593400,15-05-2025 11:20,101,39638550,680625,15-05-2025 11:20,63.4,38021400,1530300
15-05-2025 11:20,24737,477300,590550,15-05-2025 11:20,102.1,39627150,686250,15-05-2025 11:20,62.6,38046825,1551600
15-05-2025 11:20,24731.9,476625,591450,15-05-2025 11:20,98.75,39552075,701325,15-05-2025 11:20,62.5,38009175,1582875
15-05-2025 11:20,24736.3,481950,590925,15-05-2025 11:20,100.5,39583575,715275,15-05-2025 11:20,62.35,38015325,1589400
15-05-2025 11:20,24731.7,483825,599025,15-05-2025 11:20,100.25,39591825,723525,15-05-2025 11:20,63.45,38051325,1603500
15-05-2025 11:21,24729.7,486825,592350,15-05-2025 11:21,98.1,39584850,750900,15-05-2025 11:21,65.55,38077125,1592325
15-05-2025 11:21,24733.4,490200,587925,15-05-2025 11:21,101.15,39623250,762675,15-05-2025 11:21,62.9,38067075,1539525
15-05-2025 11:21,24733.8,493350,588150,15-05-2025 11:21,100.3,39648075,758700,15-05-2025 11:21,63.85,38087550,1551450
15-05-2025 11:21,24718.6,479550,593550,15-05-2025 11:21,91.7,39654300,750600,15-05-2025 11:21,68.7,38131575,1564050
15-05-2025 11:21,24710,485850,586350,15-05-2025 11:21,87.7,39544950,762525,15-05-2025 11:21,72.55,38164200,1455825
15-05-2025 11:21,24709.1,480675,595425,15-05-2025 11:21,86.8,39540000,756000,15-05-2025 11:21,72.55,38156625,1351425
15-05-2025 11:22,24705.7,470475,590625,15-05-2025 11:22,79.95,39535875,760800,15-05-2025 11:22,78.2,38185650,1340550
15-05-2025 11:22,24693.9,466200,596025,15-05-2025 11:22,76.2,39552825,779550,15-05-2025 11:22,90.05,38202750,1201350
15-05-2025 11:22,24696.3,468675,586050,15-05-2025 11:22,76.6,39574350,790200,15-05-2025 11:22,86.45,38189400,1018800
15-05-2025 11:22,24705.3,474450,582750,15-05-2025 11:22,81.45,39633975,807900,15-05-2025 11:22,83,38126325,1110300
15-05-2025 11:22,24703.7,482400,599325,15-05-2025 11:22,82.4,39699525,804225,15-05-2025 11:22,83.8,38115675,1133925
15-05-2025 11:22,24710.1,477000,591975,15-05-2025 11:22,87.25,39777675,831450,15-05-2025 11:22,78.7,38113500,1178475
15-05-2025 11:23,24711,484425,596550,15-05-2025 11:23,86.45,39797625,803925,15-05-2025 11:23,79.75,38014650,1194150
15-05-2025 11:23,24715,481500,591075,15-05-2025 11:23,85.45,39790500,838200,15-05-2025 11:23,77.4,38068500,1199850
15-05-2025 11:23,24705,486375,606600,15-05-2025 11:23,81.5,39767400,865425,15-05-2025 11:23,78.15,38052450,1213500
15-05-2025 11:23,24713.7,486825,590850,15-05-2025 11:23,86.35,39712875,881325,15-05-2025 11:23,74.8,38092575,1233075
15-05-2025 11:23,24696.2,459375,605250,15-05-2025 11:23,74.6,39727125,898125,15-05-2025 11:23,90,38075175,1239375
15-05-2025 11:23,24702,480375,590175,15-05-2025 11:23,78.2,39728025,920550,15-05-2025 11:23,85.35,38083125,1113675
15-05-2025 11:24,24705.5,480825,602700,15-05-2025 11:24,80.4,39813975,929850,15-05-2025 11:24,84.4,38117325,1158525
15-05-2025 11:24,24702.8,483675,603375,15-05-2025 11:24,78.35,39836325,948600,15-05-2025 11:24,86.8,38153100,1182150
15-05-2025 11:24,24704.1,485925,597975,15-05-2025 11:24,82.45,39840375,948000,15-05-2025 11:24,87,38170275,1180125
15-05-2025 11:24,24699.5,487350,594000,15-05-2025 11:24,83.15,39894600,945450,15-05-2025 11:24,86.8,38189325,1201950
15-05-2025 11:24,24706.2,487575,594300,15-05-2025 11:24,85.65,39906525,959025,15-05-2025 11:24,82.05,38183475,1215150
15-05-2025 11:24,24705.3,493575,600225,15-05-2025 11:24,83,39910350,933300,15-05-2025 11:24,84.1,38173350,1221375
15-05-2025 11:25,24708,493200,601275,15-05-2025 11:25,84.7,39922875,952125,15-05-2025 11:25,83.95,38179200,1229025
15-05-2025 11:25,24704.9,489375,602175,15-05-2025 11:25,86.7,39953625,936525,15-05-2025 11:25,83.15,38200200,1237650
15-05-2025 11:25,24709,492300,597300,15-05-2025 11:25,88.35,39966450,916950,15-05-2025 11:25,81.2,38204550,1297425
15-05-2025 11:25,24708.7,471825,601050,15-05-2025 11:25,89.7,39975675,891975,15-05-2025 11:25,85,38166975,1302375
15-05-2025 11:25,24713.3,499125,602250,15-05-2025 11:25,97.25,40002750,840075,15-05-2025 11:25,83.05,38186925,1228275
15-05-2025 11:25,24720,493425,598350,15-05-2025 11:25,95.5,40001625,768675,15-05-2025 11:25,84.8,38182875,1250550
15-05-2025 11:26,24732.4,499200,598650,15-05-2025 11:26,107.6,39985500,765000,15-05-2025 11:26,76.2,38183625,1274250
15-05-2025 11:26,24735,491700,597825,15-05-2025 11:26,106.7,39979875,688275,15-05-2025 11:26,74.65,38075325,1290975
15-05-2025 11:26,24724.6,492150,604575,15-05-2025 11:26,103.8,39925725,694050,15-05-2025 11:26,73.5,38104275,1311225
15-05-2025 11:26,24733,483900,605850,15-05-2025 11:26,104.75,39863250,727575,15-05-2025 11:26,70.7,38134650,1311450
15-05-2025 11:26,24739.5,497175,601650,15-05-2025 11:26,104.6,39819075,732150,15-05-2025 11:26,71.35,38155800,1333725
15-05-2025 11:26,24740,499275,600600,15-05-2025 11:26,108.45,39833775,699900,15-05-2025 11:26,69.8,38098425,1336875
15-05-2025 11:27,24726.9,493500,598050,15-05-2025 11:27,105.75,39815700,729225,15-05-2025 11:27,71.8,38139000,1338075
15-05-2025 11:27,24741.2,503400,598200,15-05-2025 11:27,113.7,39837150,727800,15-05-2025 11:27,68.85,38124750,1386525
15-05-2025 11:27,24738.6,507750,598500,15-05-2025 11:27,107.6,39845700,683400,15-05-2025 11:27,71.4,38186475,1390200
15-05-2025 11:27,24740,508800,602325,15-05-2025 11:27,106.45,39871875,705825,15-05-2025 11:27,72,38225550,1404675
15-05-2025 11:27,24729.8,500850,600450,15-05-2025 11:27,105.05,39872925,728325,15-05-2025 11:27,73.3,38262825,1396050
15-05-2025 11:27,24735,517500,607200,15-05-2025 11:27,109.6,39822600,734475,15-05-2025 11:27,73.05,38301750,1345725
15-05-2025 11:28,24737.8,521475,609975,15-05-2025 11:28,110.75,39840075,708075,15-05-2025 11:28,72.6,38315625,1366500
15-05-2025 11:28,24735.5,513150,606750,15-05-2025 11:28,109.25,39832275,720900,15-05-2025 11:28,70.75,38339250,1379175
15-05-2025 11:28,24738.3,521775,603450,15-05-2025 11:28,111.95,39848100,739950,15-05-2025 11:28,69.45,38364600,1394625
15-05-2025 11:28,24739.2,516300,604800,15-05-2025 11:28,105.2,39850425,744675,15-05-2025 11:28,72.3,38331150,1391775
15-05-2025 11:28,24728.6,511875,607725,15-05-2025 11:28,109.2,39807150,754050,15-05-2025 11:28,73.25,38347575,1384875
15-05-2025 11:28,24739.8,519525,606450,15-05-2025 11:28,107.65,39812325,737025,15-05-2025 11:28,74.3,38342925,1347000
15-05-2025 11:29,24736.3,513525,600075,15-05-2025 11:29,109.25,39803250,742575,15-05-2025 11:29,74.1,38368650,1362300
15-05-2025 11:29,24738.6,520050,594075,15-05-2025 11:29,116.35,39818550,760350,15-05-2025 11:29,71.5,38361600,1380000
15-05-2025 11:29,24734.7,514500,602550,15-05-2025 11:29,109.75,39800325,705450,15-05-2025 11:29,74.95,38391000,1366350
15-05-2025 11:29,24733,513825,605400,15-05-2025 11:29,109.45,39789525,720675,15-05-2025 11:29,75.6,38393100,1341450
15-05-2025 11:29,24727.8,516450,611475,15-05-2025 11:29,107.95,39788025,747450,15-05-2025 11:29,81.15,38395425,1325850
15-05-2025 11:29,24727.1,510150,610275,15-05-2025 11:29,103.65,39775650,750750,15-05-2025 11:29,82.5,38386650,1257675
15-05-2025 11:30,24720,519375,607200,15-05-2025 11:30,102.4,39796200,750825,15-05-2025 11:30,80,38395575,1265025
15-05-2025 11:30,24719.8,514350,614775,15-05-2025 11:30,100.75,39856200,754275,15-05-2025 11:30,82.35,38391825,1271025
15-05-2025 11:30,24719.8,518250,609375,15-05-2025 11:30,101.25,39891975,768525,15-05-2025 11:30,78.25,38409900,1201725
15-05-2025 11:30,24718.4,519975,607725,15-05-2025 11:30,99.1,39909000,781650,15-05-2025 11:30,80.1,38371125,1245375
15-05-2025 11:30,24717,512925,612600,15-05-2025 11:30,94.2,39915675,800325,15-05-2025 11:30,81.9,38407650,1275150
15-05-2025 11:30,24712,518325,609825,15-05-2025 11:30,93.55,39931350,801825,15-05-2025 11:30,82.15,38415300,1274175
15-05-2025 11:31,24710.5,514200,606450,15-05-2025 11:31,91.1,39912675,813525,15-05-2025 11:31,84.4,38425650,1261950
15-05-2025 11:31,24710.5,525300,606600,15-05-2025 11:31,93.25,39941475,817425,15-05-2025 11:31,80.8,38392575,1294725
15-05-2025 11:31,24717.1,521100,615675,15-05-2025 11:31,91.05,39954150,822150,15-05-2025 11:31,80.55,38356500,1310100
15-05-2025 11:31,24714.4,515175,612975,15-05-2025 11:31,88.85,39954225,819900,15-05-2025 11:31,81.75,38372325,1314000
15-05-2025 11:31,24705,512175,611325,15-05-2025 11:31,84.25,39936300,835800,15-05-2025 11:31,85,38406825,1307850
15-05-2025 11:31,24707.1,513375,608250,15-05-2025 11:31,84,39925050,836550,15-05-2025 11:31,84.4,38408475,1211550
15-05-2025 11:32,24701,510300,610950,15-05-2025 11:32,80.25,39944400,852075,15-05-2025 11:32,87.9,38413950,1223775
15-05-2025 11:32,24699.3,504225,604350,15-05-2025 11:32,79.25,39841500,873900,15-05-2025 11:32,91,38427975,1139925
15-05-2025 11:32,24697,510075,607875,15-05-2025 11:32,83.25,39915750,873300,15-05-2025 11:32,87.1,38408250,1071000
15-05-2025 11:32,24702,513600,605175,15-05-2025 11:32,80.9,39938250,900000,15-05-2025 11:32,85.95,38405025,1096800
15-05-2025 11:32,24703.3,516900,611025,15-05-2025 11:32,84.3,39982875,906600,15-05-2025 11:32,82.8,38366700,1112400
15-05-2025 11:32,24712,516450,610125,15-05-2025 11:32,88.1,40040100,908925,15-05-2025 11:32,81.25,38340225,1133175
15-05-2025 11:33,24711.8,516225,612825,15-05-2025 11:33,85.2,40038900,879000,15-05-2025 11:33,85.95,38292825,1139550
15-05-2025 11:33,24711.8,522975,612525,15-05-2025 11:33,90.6,40055100,888000,15-05-2025 11:33,82.55,38319300,1131975
15-05-2025 11:33,24720,523200,604800,15-05-2025 11:33,95.95,40075200,862425,15-05-2025 11:33,81.45,38338575,1155075
15-05-2025 11:33,24720,524850,606225,15-05-2025 11:33,93.05,40071525,845250,15-05-2025 11:33,80.55,38343975,1165950
15-05-2025 11:33,24720,520125,607275,15-05-2025 11:33,96.9,40084725,849375,15-05-2025 11:33,83,38332125,1168875
15-05-2025 11:33,24725,523800,607125,15-05-2025 11:33,98.2,40093500,796125,15-05-2025 11:33,80.05,38352825,1179900
15-05-2025 11:34,24713.7,518625,608700,15-05-2025 11:34,92,40076550,825150,15-05-2025 11:34,85.55,38326725,1189650
15-05-2025 11:34,24711.1,524325,601650,15-05-2025 11:34,94.75,40036575,839400,15-05-2025 11:34,82.75,38443650,1149375
15-05-2025 11:34,24715,525150,604800,15-05-2025 11:34,92.35,40069875,858825,15-05-2025 11:34,84.4,38463675,1166325
15-05-2025 11:34,24711.8,519675,606300,15-05-2025 11:34,91.2,40065600,872550,15-05-2025 11:34,85.65,38478825,1172775
15-05-2025 11:34,24706,517650,606975,15-05-2025 11:34,87.9,40058400,892800,15-05-2025 11:34,88.85,38496000,1162125
15-05-2025 11:34,24705,523125,610950,15-05-2025 11:34,88.95,40031400,910125,15-05-2025 11:34,88.2,38495550,1130175
15-05-2025 11:35,24704.1,520125,606975,15-05-2025 11:35,91.75,40070475,912975,15-05-2025 11:35,87.8,38509725,1121250
15-05-2025 11:35,24705,519900,604650,15-05-2025 11:35,91,40087050,918150,15-05-2025 11:35,89.2,38489250,1095000
15-05-2025 11:35,24706.5,519750,605025,15-05-2025 11:35,90.45,40095450,929550,15-05-2025 11:35,87.85,38514225,1101525
15-05-2025 11:35,24710,519225,608025,15-05-2025 11:35,93,40122900,932775,15-05-2025 11:35,86.5,38524650,1109100
15-05-2025 11:35,24713.7,522075,607350,15-05-2025 11:35,93.3,40147050,926250,15-05-2025 11:35,84.4,38546400,1141425
15-05-2025 11:35,24709.7,519000,603225,15-05-2025 11:35,94.1,40153425,927300,15-05-2025 11:35,86.5,38513925,1146900
15-05-2025 11:36,24715,524775,606750,15-05-2025 11:36,93.4,40155300,923025,15-05-2025 11:36,88.15,38549625,1145775
15-05-2025 11:36,24707.1,526125,603225,15-05-2025 11:36,92.35,40166775,912450,15-05-2025 11:36,86.65,38545350,1172700
15-05-2025 11:36,24710.9,524700,606150,15-05-2025 11:36,92.75,40160775,897000,15-05-2025 11:36,86.55,38549550,1164225
15-05-2025 11:36,24692.8,509475,610950,15-05-2025 11:36,86.7,40122225,927075,15-05-2025 11:36,98.85,38591550,1170825
15-05-2025 11:36,24694.7,503700,607200,15-05-2025 11:36,88.45,40056000,937575,15-05-2025 11:36,98.7,38592150,810750
15-05-2025 11:36,24702.8,511200,610500,15-05-2025 11:36,92.8,40087425,943125,15-05-2025 11:36,92.4,38495475,827625
15-05-2025 11:37,24707.4,510825,598350,15-05-2025 11:37,95.7,40125000,940425,15-05-2025 11:37,86.7,38486925,840825
15-05-2025 11:37,24705,509250,610050,15-05-2025 11:37,93.45,40138500,905325,15-05-2025 11:37,86.85,38481375,856275
15-05-2025 11:37,24716,511275,608625,15-05-2025 11:37,94.85,40161900,917025,15-05-2025 11:37,83.35,38514450,879225
15-05-2025 11:37,24707,511725,616800,15-05-2025 11:37,95.75,40173375,908100,15-05-2025 11:37,84.6,38443800,892350
15-05-2025 11:37,24709.9,516975,607350,15-05-2025 11:37,98.45,40203825,905775,15-05-2025 11:37,83,38488500,933525
15-05-2025 11:37,24722.9,520275,604200,15-05-2025 11:37,104.6,40223100,855825,15-05-2025 11:37,81.7,38490450,961950
15-05-2025 11:38,24720,518550,603075,15-05-2025 11:38,103.15,40219800,807375,15-05-2025 11:38,83.7,38480550,963900
15-05-2025 11:38,24715,517875,610575,15-05-2025 11:38,99.2,40188825,835125,15-05-2025 11:38,85.35,38522700,960300
15-05-2025 11:38,24704,510075,611400,15-05-2025 11:38,95.35,40159200,851850,15-05-2025 11:38,93.5,38553225,957150
15-05-2025 11:38,24703.9,513375,613125,15-05-2025 11:38,91.75,40139400,863175,15-05-2025 11:38,93.55,38555925,890775
15-05-2025 11:38,24701,518175,609150,15-05-2025 11:38,90.65,40136325,888300,15-05-2025 11:38,92.2,38555775,915600
15-05-2025 11:38,24703.6,513825,601650,15-05-2025 11:38,91.9,40151850,896400,15-05-2025 11:38,92.4,38529825,931425
15-05-2025 11:39,24703.8,513675,610575,15-05-2025 11:39,92,40147800,888750,15-05-2025 11:39,91.55,38539050,928725
15-05-2025 11:39,24706.3,508725,609375,15-05-2025 11:39,91.85,40169475,919725,15-05-2025 11:39,93.45,38550000,950325
15-05-2025 11:39,24696,504825,619575,15-05-2025 11:39,89.6,40176600,922800,15-05-2025 11:39,99.3,38613075,946425
15-05-2025 11:39,24702.3,509025,619950,15-05-2025 11:39,92.65,40183950,927075,15-05-2025 11:39,93,38626125,935475
15-05-2025 11:39,24705.9,513375,621975,15-05-2025 11:39,94.1,40219275,919800,15-05-2025 11:39,92.75,38559975,965700
15-05-2025 11:39,24708.4,508275,614025,15-05-2025 11:39,98.25,40265700,883125,15-05-2025 11:39,89.2,38553225,989550
15-05-2025 11:40,24709.1,504975,621075,15-05-2025 11:40,98.25,40234200,871650,15-05-2025 11:40,90.3,38521200,992250
15-05-2025 11:40,24705,508875,624300,15-05-2025 11:40,98.15,40209525,874200,15-05-2025 11:40,89.9,38540025,1016025
15-05-2025 11:40,24704.9,510075,627600,15-05-2025 11:40,95.3,40192050,905925,15-05-2025 11:40,92.7,38570025,1024950
15-05-2025 11:40,24707.8,507600,613875,15-05-2025 11:40,96.85,40202775,911700,15-05-2025 11:40,90.7,38569500,1056900
15-05-2025 11:40,24695.6,507450,628275,15-05-2025 11:40,91.5,40198575,932775,15-05-2025 11:40,97.35,38600325,1054500
15-05-2025 11:40,24700,504600,618000,15-05-2025 11:40,94.2,40214175,928800,15-05-2025 11:40,93.45,38595825,947325
15-05-2025 11:41,24703,511425,621600,15-05-2025 11:41,93.65,40216275,930375,15-05-2025 11:41,93.1,38615400,947400
15-05-2025 11:41,24707.8,506775,612300,15-05-2025 11:41,96,40258200,922350,15-05-2025 11:41,90.5,38605725,974400
15-05-2025 11:41,24713,507750,607050,15-05-2025 11:41,99,40248375,896925,15-05-2025 11:41,89.1,38524800,981375
15-05-2025 11:41,24714.2,507000,615300,15-05-2025 11:41,99.6,40235850,881625,15-05-2025 11:41,88.35,38528925,999075
15-05-2025 11:41,24719,508575,616425,15-05-2025 11:41,105.8,40230150,864075,15-05-2025 11:41,87.55,38531025,998700
15-05-2025 11:41,24722,507975,608925,15-05-2025 11:41,109.15,40224525,818550,15-05-2025 11:41,84.4,38543025,1014600
15-05-2025 11:42,24711.9,504750,620325,15-05-2025 11:42,99.8,40208775,822075,15-05-2025 11:42,93.05,38522175,1012725
15-05-2025 11:42,24704.4,503325,619500,15-05-2025 11:42,95.9,40146300,838875,15-05-2025 11:42,92.7,38536125,1020975
15-05-2025 11:42,24715.1,512325,614700,15-05-2025 11:42,101,40159650,852675,15-05-2025 11:42,89.75,38543025,1042800
15-05-2025 11:42,24719,517800,625275,15-05-2025 11:42,106.25,40193850,857700,15-05-2025 11:42,88,38530575,1064775
15-05-2025 11:42,24734.5,515775,616050,15-05-2025 11:42,115.8,40213200,836325,15-05-2025 11:42,86.3,38566500,1084275
15-05-2025 11:42,24725.6,503775,623250,15-05-2025 11:42,107.5,40199475,655950,15-05-2025 11:42,88.35,38545125,1103250
15-05-2025 11:43,24721.3,511425,619050,15-05-2025 11:43,107.7,40176300,664275,15-05-2025 11:43,88.1,38556675,1129950
15-05-2025 11:43,24725.7,518100,608850,15-05-2025 11:43,112.45,40217625,668175,15-05-2025 11:43,82.55,38557650,1150725
15-05-2025 11:43,24732.1,516825,606075,15-05-2025 11:43,114.9,40235250,662250,15-05-2025 11:43,83.15,38477100,1162500
15-05-2025 11:43,24721.5,517350,622425,15-05-2025 11:43,110.1,40222200,659100,15-05-2025 11:43,84.7,38396925,1164525
15-05-2025 11:43,24721.1,512700,622200,15-05-2025 11:43,105.3,40178625,674400,15-05-2025 11:43,87.2,38452575,1177950
15-05-2025 11:43,24712,508500,624000,15-05-2025 11:43,99.15,40139400,692175,15-05-2025 11:43,89.65,38474925,1148325
15-05-2025 11:44,24710,514575,621000,15-05-2025 11:44,98.85,40096425,698550,15-05-2025 11:44,89.5,38464425,1114050
15-05-2025 11:44,24710.4,514650,615975,15-05-2025 11:44,100.1,40120425,712650,15-05-2025 11:44,89.5,38486025,1117050
15-05-2025 11:44,24715.7,518925,619200,15-05-2025 11:44,107.05,40150650,717000,15-05-2025 11:44,89.75,38506725,1100700
15-05-2025 11:44,24710,517500,626175,15-05-2025 11:44,101.25,40164900,724575,15-05-2025 11:44,91.25,38508975,1087275
15-05-2025 11:44,24712.8,520800,621900,15-05-2025 11:44,103.8,40171050,742500,15-05-2025 11:44,88.5,38492475,1063650
15-05-2025 11:44,24715,521100,618000,15-05-2025 11:44,105.1,40197150,754725,15-05-2025 11:44,89,38514750,1087050
15-05-2025 11:45,24716.9,518550,622350,15-05-2025 11:45,106.75,40203150,750450,15-05-2025 11:45,88.7,38511450,1082175
15-05-2025 11:45,24719.9,520650,627300,15-05-2025 11:45,106.9,40209750,769275,15-05-2025 11:45,88,38531025,1098375
15-05-2025 11:45,24725,520500,628350,15-05-2025 11:45,109.35,40250025,759750,15-05-2025 11:45,89.2,38523075,1098600
15-05-2025 11:45,24732,518250,620625,15-05-2025 11:45,117.15,40248525,724725,15-05-2025 11:45,83.95,38519625,1111350
15-05-2025 11:45,24733.4,517575,615675,15-05-2025 11:45,119.3,40229925,676575,15-05-2025 11:45,82.55,38484825,1122975
15-05-2025 11:45,24729.9,517275,619950,15-05-2025 11:45,112.85,40224750,661650,15-05-2025 11:45,85.9,38508675,1137225
15-05-2025 11:46,24725,516675,632025,15-05-2025 11:46,112.35,40181175,681900,15-05-2025 11:46,84.25,38556675,1123275
15-05-2025 11:46,24734.5,519825,622350,15-05-2025 11:46,116.55,40186650,670050,15-05-2025 11:46,81.2,38534775,1177200
15-05-2025 11:46,24737.1,516000,618150,15-05-2025 11:46,122.9,40225800,670575,15-05-2025 11:46,78.3,38418450,1177425
15-05-2025 11:46,24740,515550,623400,15-05-2025 11:46,122.25,40229400,617700,15-05-2025 11:46,76,38386500,1188750
15-05-2025 11:46,24738,518250,619725,15-05-2025 11:46,116.1,40217250,643350,15-05-2025 11:46,76.45,38346975,1174800
15-05-2025 11:46,24728.9,517650,623475,15-05-2025 11:46,112.65,40157325,657300,15-05-2025 11:46,79.05,38407275,1158225
15-05-2025 11:47,24726,517050,619725,15-05-2025 11:47,106.65,40139100,668175,15-05-2025 11:47,81.7,38455500,1170000
15-05-2025 11:47,24724.2,522825,625950,15-05-2025 11:47,103.95,40136925,692325,15-05-2025 11:47,81.3,38443200,1215150
15-05-2025 11:47,24725,522450,618975,15-05-2025 11:47,103.6,40075800,707475,15-05-2025 11:47,79.2,38467500,1216425
15-05-2025 11:47,24719.1,517650,628650,15-05-2025 11:47,98.7,40051800,737400,15-05-2025 11:47,82.6,38491350,1227000
15-05-2025 11:47,24718,518775,626250,15-05-2025 11:47,98.85,40038600,759750,15-05-2025 11:47,81,38506425,1218975
15-05-2025 11:47,24719.9,520650,621900,15-05-2025 11:47,102.55,40062450,764550,15-05-2025 11:47,77.05,38521050,1253325
15-05-2025 11:48,24729.4,521550,620700,15-05-2025 11:48,106.3,40086900,751725,15-05-2025 11:48,75.1,38451075,1279575
15-05-2025 11:48,24724.5,517800,624825,15-05-2025 11:48,100.9,40096425,760050,15-05-2025 11:48,76.7,38435400,1291275
15-05-2025 11:48,24715,518625,623700,15-05-2025 11:48,92.05,40092900,765225,15-05-2025 11:48,79.8,38472900,1306275
15-05-2025 11:48,24714.8,516750,616275,15-05-2025 11:48,96,39980850,775950,15-05-2025 11:48,75.35,38505300,1277850
15-05-2025 11:48,24725,524850,617700,15-05-2025 11:48,98.9,40028925,767400,15-05-2025 11:48,73.6,38495625,1293450
15-05-2025 11:48,24729,523725,609900,15-05-2025 11:48,103.45,40056375,764025,15-05-2025 11:48,71.45,38462625,1306950
15-05-2025 11:49,24730,524250,626700,15-05-2025 11:49,105.75,40064475,762525,15-05-2025 11:49,71.5,38354100,1300650
15-05-2025 11:49,24723,519675,624075,15-05-2025 11:49,101.1,40080750,773250,15-05-2025 11:49,74.75,38410950,1318650
15-05-2025 11:49,24723.6,523200,619650,15-05-2025 11:49,101.4,40089600,780450,15-05-2025 11:49,75.35,38425425,1332450
15-05-2025 11:49,24719.7,519225,628050,15-05-2025 11:49,98.1,40080900,800475,15-05-2025 11:49,78.15,38434500,1303875
15-05-2025 11:49,24717.6,519975,623700,15-05-2025 11:49,95.9,40055925,814275,15-05-2025 11:49,79.15,38437650,1306575
15-05-2025 11:49,24706.9,520950,624075,15-05-2025 11:49,91.9,40061025,820875,15-05-2025 11:49,82.6,38448600,1284825
15-05-2025 11:50,24706,518400,624225,15-05-2025 11:50,93.1,40061475,829200,15-05-2025 11:50,84.6,38446350,1197750
15-05-2025 11:50,24707.3,517800,630975,15-05-2025 11:50,89.95,40080150,843075,15-05-2025 11:50,85.9,38444100,1121250
15-05-2025 11:50,24705.5,517575,627675,15-05-2025 11:50,89.75,40007100,848550,15-05-2025 11:50,85.5,38428275,1056225
15-05-2025 11:50,24706.2,521325,628800,15-05-2025 11:50,92.85,40063425,864300,15-05-2025 11:50,82.5,38418075,1089675
15-05-2025 11:50,24710.3,518850,625350,15-05-2025 11:50,91.55,40091400,857850,15-05-2025 11:50,80.4,38389950,1168350
15-05-2025 11:50,24710.3,517500,630825,15-05-2025 11:50,90.3,40132425,862500,15-05-2025 11:50,82.35,38356200,1187775
15-05-2025 11:51,24714.6,519525,628275,15-05-2025 11:51,91.85,40142400,876900,15-05-2025 11:51,83.55,38382675,1203375
15-05-2025 11:51,24713.4,519450,631125,15-05-2025 11:51,92.9,40167525,872175,15-05-2025 11:51,83.15,38404800,1211175
15-05-2025 11:51,24708.9,517125,635175,15-05-2025 11:51,92.15,40176075,870675,15-05-2025 11:51,89.2,38433525,1209450
15-05-2025 11:51,24702,519000,634500,15-05-2025 11:51,88,40165650,898425,15-05-2025 11:51,87.4,38434950,1125225
15-05-2025 11:51,24702,511125,637950,15-05-2025 11:51,87.3,40131600,905850,15-05-2025 11:51,87.7,38433300,1133250
15-05-2025 11:51,24702,513750,638250,15-05-2025 11:51,87.8,40144350,925875,15-05-2025 11:51,86.75,38446275,1143600
15-05-2025 11:52,24704.9,513975,637800,15-05-2025 11:52,87.85,40178175,926775,15-05-2025 11:52,87.25,38462550,1153950
15-05-2025 11:52,24707.4,520725,635400,15-05-2025 11:52,89.45,40225050,928275,15-05-2025 11:52,86.6,38473650,1174125
15-05-2025 11:52,24705,517275,637725,15-05-2025 11:52,88,40245000,918600,15-05-2025 11:52,87.65,38473800,1187400
15-05-2025 11:52,24706,522375,638175,15-05-2025 11:52,90.45,40245825,922800,15-05-2025 11:52,85.2,38474550,1197000
15-05-2025 11:52,24701,516600,634125,15-05-2025 11:52,87.1,40240875,939525,15-05-2025 11:52,88.35,38518200,1191675
15-05-2025 11:52,24702.9,515025,633150,15-05-2025 11:52,86.25,40242450,960150,15-05-2025 11:52,87.55,38530275,1150425
15-05-2025 11:53,24702,514050,635550,15-05-2025 11:53,85.75,40213575,973125,15-05-2025 11:53,87.35,38549850,1155450
15-05-2025 11:53,24701,520800,625125,15-05-2025 11:53,86.8,40163025,998700,15-05-2025 11:53,85.6,38549025,1165275
15-05-2025 11:53,24701.9,523050,629775,15-05-2025 11:53,89.85,40176450,1010400,15-05-2025 11:53,84.2,38549475,1161825
15-05-2025 11:53,24701,516375,636000,15-05-2025 11:53,88.4,40211700,1035375,15-05-2025 11:53,85.4,38506050,1170600
15-05-2025 11:53,24705,521400,635325,15-05-2025 11:53,89,40231275,1039425,15-05-2025 11:53,86.4,38489625,1183725
15-05-2025 11:53,24701.8,519675,629175,15-05-2025 11:53,90.6,40241025,974775,15-05-2025 11:53,85.55,38508825,1228725
15-05-2025 11:54,24703.8,522300,623850,15-05-2025 11:54,88.5,40239750,967500,15-05-2025 11:54,87.45,38513625,1234875
15-05-2025 11:54,24704,522750,624600,15-05-2025 11:54,91,40223775,968700,15-05-2025 11:54,87.35,38513625,1153200
15-05-2025 11:54,24706,520275,632700,15-05-2025 11:54,90.85,40230525,961425,15-05-2025 11:54,87.05,38529075,1164300
15-05-2025 11:54,24710,522750,631050,15-05-2025 11:54,95.15,40236675,958200,15-05-2025 11:54,84,38540025,1187625
15-05-2025 11:54,24709.7,525600,625575,15-05-2025 11:54,97.3,40256025,876525,15-05-2025 11:54,84.15,38497200,1190175
15-05-2025 11:54,0,0,0,15-05-2025 11:54,98.15,40246950,869925,15-05-2025 11:54,83.45,38515500,1202400
15-05-2025 11:55,24727.6,524400,618375,15-05-2025 11:55,104.3,40242825,858825,15-05-2025 11:55,79.3,38509200,1209075
15-05-2025 11:55,24727.7,524625,626550,15-05-2025 11:55,108.45,40244850,759375,15-05-2025 11:55,78.35,38410650,1219350
15-05-2025 11:55,24728.5,525975,637950,15-05-2025 11:55,106.45,40209975,739500,15-05-2025 11:55,78.65,38433975,1215450
15-05-2025 11:55,24735,527250,629775,15-05-2025 11:55,112.75,40195800,725925,15-05-2025 11:55,75.5,38464875,1229175
15-05-2025 11:55,24724.2,523800,632700,15-05-2025 11:55,110.6,40197675,711600,15-05-2025 11:55,76.1,38408850,1233000
15-05-2025 11:55,24720.2,523575,634125,15-05-2025 11:55,106.05,40200375,741450,15-05-2025 11:55,79.05,38463750,1261500
15-05-2025 11:56,24728.7,527250,633450,15-05-2025 11:56,100.55,40168500,749775,15-05-2025 11:56,79.35,38500875,1227000
15-05-2025 11:56,24739,530700,617475,15-05-2025 11:56,113.95,40100925,752025,15-05-2025 11:56,69.2,38490750,1252050
15-05-2025 11:56,24734.5,523125,627300,15-05-2025 11:56,109.15,40093575,756000,15-05-2025 11:56,71.3,38304450,1255500
15-05-2025 11:56,24725.1,527250,633075,15-05-2025 11:56,100.75,40096575,782025,15-05-2025 11:56,73.2,38384775,1269075
15-05-2025 11:56,24716,527325,633600,15-05-2025 11:56,95,40059975,794775,15-05-2025 11:56,75.45,38453775,1273275
15-05-2025 11:56,24729.3,531675,628050,15-05-2025 11:56,100.3,40054725,801375,15-05-2025 11:56,72.3,38461650,1321950
15-05-2025 11:57,24730.5,530925,624825,15-05-2025 11:57,105.3,40083975,800475,15-05-2025 11:57,73.25,38426925,1327425
15-05-2025 11:57,24725.6,528750,629175,15-05-2025 11:57,105.65,40174125,799950,15-05-2025 11:57,73.3,38467650,1348350
15-05-2025 11:57,24724.5,528600,634875,15-05-2025 11:57,103.3,40102800,810300,15-05-2025 11:57,74.3,38520225,1364625
15-05-2025 11:57,24716,521775,634200,15-05-2025 11:57,96.3,40084575,852300,15-05-2025 11:57,76.55,38546250,1343175
15-05-2025 11:57,24711.2,519900,635475,15-05-2025 11:57,91.8,40046775,861375,15-05-2025 11:57,80.45,38554050,1308750
15-05-2025 11:57,24709.1,528450,633075,15-05-2025 11:57,93.35,40065450,865350,15-05-2025 11:57,79.4,38519700,1268175
15-05-2025 11:58,24709.2,528450,630450,15-05-2025 11:58,96.05,40094175,865950,15-05-2025 11:58,78.8,38523900,1304100
15-05-2025 11:58,24713,526725,629250,15-05-2025 11:58,98.65,40128000,859725,15-05-2025 11:58,76.2,38523150,1323600
15-05-2025 11:58,24718.5,522825,630975,15-05-2025 11:58,96.1,40236675,873000,15-05-2025 11:58,77,38527575,1332300
15-05-2025 11:58,24714,523200,627375,15-05-2025 11:58,98,40235625,873825,15-05-2025 11:58,77.5,38554050,1328550
15-05-2025 11:58,24721.8,529575,623475,15-05-2025 11:58,99.95,40237425,848400,15-05-2025 11:58,75.8,38559525,1338900
15-05-2025 11:58,0,0,0,15-05-2025 11:58,101.75,40259175,841950,15-05-2025 11:58,75.1,38552325,1350075
15-05-2025 11:59,24725,530025,624750,15-05-2025 11:59,103.8,40260675,849075,15-05-2025 11:59,75,38554050,1361400
15-05-2025 11:59,24716.6,522825,629400,15-05-2025 11:59,98.2,40257825,886800,15-05-2025 11:59,79.55,38597775,1346400
15-05-2025 11:59,24715,531600,625425,15-05-2025 11:59,98.8,40240950,893625,15-05-2025 11:59,77.4,38597175,1317825
15-05-2025 11:59,24715,533175,631200,15-05-2025 11:59,96.2,40244700,909150,15-05-2025 11:59,77.7,38585850,1333725
15-05-2025 11:59,0,0,0,15-05-2025 11:59,97.85,40263975,913350,15-05-2025 11:59,79.15,38655600,1335750
15-05-2025 11:59,24706,526425,632025,15-05-2025 11:59,92.6,40257900,927900,15-05-2025 11:59,81.5,38657700,1339200
15-05-2025 12:00,24702,519150,617400,15-05-2025 12:00,86.35,40208100,929850,15-05-2025 12:00,82.55,38646375,1246425
15-05-2025 12:00,24709.8,523650,628875,15-05-2025 12:00,93.5,40124250,917550,15-05-2025 12:00,80.45,38618025,1111800
15-05-2025 12:00,24701.1,527550,622425,15-05-2025 12:00,88,40142025,929325,15-05-2025 12:00,85.75,38588025,1125525
15-05-2025 12:00,24705,523875,622050,15-05-2025 12:00,89.25,40184925,945600,15-05-2025 12:00,84.55,38608500,1151625
15-05-2025 12:00,24705,525375,613800,15-05-2025 12:00,90.45,40247700,946725,15-05-2025 12:00,86.6,38629050,1160025
15-05-2025 12:00,24701.9,524475,613950,15-05-2025 12:00,91.65,40286550,933675,15-05-2025 12:00,83.15,38616825,1158975
15-05-2025 12:01,24705,533025,627225,15-05-2025 12:01,91,40298925,958500,15-05-2025 12:01,83.3,38582325,1166700
15-05-2025 12:01,24703.5,519375,619200,15-05-2025 12:01,88.95,40306575,979425,15-05-2025 12:01,87.85,38606850,1167225
15-05-2025 12:01,24704.8,526125,622725,15-05-2025 12:01,90.85,40319700,980925,15-05-2025 12:01,84.55,38612775,1154025
15-05-2025 12:01,24704.1,522975,622050,15-05-2025 12:01,89.5,40337700,994425,15-05-2025 12:01,86.2,38631600,1164675
15-05-2025 12:01,24710.1,523500,623775,15-05-2025 12:01,91.85,40356375,998925,15-05-2025 12:01,86.45,38637900,1162650
15-05-2025 12:01,24704.2,513825,627075,15-05-2025 12:01,90.6,40376550,966675,15-05-2025 12:01,88.8,38631150,1163550
15-05-2025 12:02,24709.1,525900,624825,15-05-2025 12:02,93.8,40378425,952800,15-05-2025 12:02,87.45,38633175,1150200
15-05-2025 12:02,24705,524250,616050,15-05-2025 12:02,93.7,40393800,962775,15-05-2025 12:02,88.1,38642850,1072875
15-05-2025 12:02,24705.8,527925,621300,15-05-2025 12:02,94.15,40405500,974475,15-05-2025 12:02,87.55,38647275,1071750
15-05-2025 12:02,24709.9,524925,615375,15-05-2025 12:02,93.25,40419075,995025,15-05-2025 12:02,86.65,38622000,1050450
15-05-2025 12:02,24706,529200,616200,15-05-2025 12:02,93.4,40441875,995925,15-05-2025 12:02,86.45,38612325,1055625
15-05-2025 12:02,24705.3,512700,617625,15-05-2025 12:02,90.85,40442700,971850,15-05-2025 12:02,89.05,38628525,1062600
15-05-2025 12:03,24707.5,521250,621300,15-05-2025 12:03,91.65,40391700,981075,15-05-2025 12:03,87.4,38617500,1110375
15-05-2025 12:03,24701.2,517725,619200,15-05-2025 12:03,92.2,40409850,994050,15-05-2025 12:03,88.2,38615400,1118625
15-05-2025 12:03,24704.8,525900,619950,15-05-2025 12:03,94.45,40458975,983025,15-05-2025 12:03,85.9,38628825,1062825
15-05-2025 12:03,24710,527775,614025,15-05-2025 12:03,97.85,40449225,962025,15-05-2025 12:03,83.1,38601150,1071825
15-05-2025 12:03,24713.2,532500,612375,15-05-2025 12:03,102.7,40419675,886500,15-05-2025 12:03,82.5,38582550,1069800
15-05-2025 12:03,24718.9,532200,612375,15-05-2025 12:03,97.55,40388325,875550,15-05-2025 12:03,81.8,38581275,1097100
15-05-2025 12:04,24722,533925,610875,15-05-2025 12:04,103.4,40373700,881100,15-05-2025 12:04,79.35,38578275,1101450
15-05-2025 12:04,24724,538875,609975,15-05-2025 12:04,108.95,40380225,832650,15-05-2025 12:04,78.75,38563500,1099800
15-05-2025 12:04,24721,526650,618225,15-05-2025 12:04,101.6,40384950,913050,15-05-2025 12:04,82.2,38627625,1092075
15-05-2025 12:04,24723,534675,608400,15-05-2025 12:04,107.3,40352850,926175,15-05-2025 12:04,80.5,38640225,1116000
15-05-2025 12:04,24723,531825,607650,15-05-2025 12:04,108,40358400,930600,15-05-2025 12:04,76.9,38638275,1133775
15-05-2025 12:04,24726,525675,608625,15-05-2025 12:04,109.45,40355325,832125,15-05-2025 12:04,77.6,38574150,1143825
15-05-2025 12:05,24727.4,530475,609225,15-05-2025 12:05,113.8,40349025,738300,15-05-2025 12:05,76.8,38605575,1172475
15-05-2025 12:05,24729.4,534300,612900,15-05-2025 12:05,113,40344600,743625,15-05-2025 12:05,75.55,38619750,1183875
15-05-2025 12:05,24731,532350,610350,15-05-2025 12:05,112.95,40336425,738300,15-05-2025 12:05,76.3,38656350,1185900
15-05-2025 12:05,24725.4,530775,616350,15-05-2025 12:05,108,40324950,722550,15-05-2025 12:05,76.3,38584500,1196700
15-05-2025 12:05,24724.2,529725,615675,15-05-2025 12:05,107.15,40278525,712275,15-05-2025 12:05,75.5,38601375,1188600
15-05-2025 12:05,24733,538500,610500,15-05-2025 12:05,113.95,40279275,714375,15-05-2025 12:05,75.05,38627625,1208925
15-05-2025 12:06,24728.5,522300,619125,15-05-2025 12:06,113.95,40279200,705600,15-05-2025 12:06,74.15,38628825,1222350
15-05-2025 12:06,24727.9,519600,619275,15-05-2025 12:06,108.4,40277625,731925,15-05-2025 12:06,77.7,38669625,1229325
15-05-2025 12:06,24734.6,529875,619050,15-05-2025 12:06,115.55,40296975,727275,15-05-2025 12:06,74.95,38705025,1209675
15-05-2025 12:06,24732.3,528825,619275,15-05-2025 12:06,112.75,40325250,706575,15-05-2025 12:06,75.95,38732700,1238475
15-05-2025 12:06,24729,525975,619350,15-05-2025 12:06,111.8,40320075,657150,15-05-2025 12:06,77.6,38788425,1215900
15-05-2025 12:06,24725,519375,620400,15-05-2025 12:06,106,40342350,682350,15-05-2025 12:06,78.25,38777775,1214775
15-05-2025 12:07,24729,529125,609600,15-05-2025 12:07,111.75,40302000,695700,15-05-2025 12:07,75.55,38791350,1223250
15-05-2025 12:07,24734,526350,619500,15-05-2025 12:07,119.05,40316250,695850,15-05-2025 12:07,72.9,38733525,1245525
15-05-2025 12:07,24747,529575,601575,15-05-2025 12:07,128.4,40317300,634875,15-05-2025 12:07,70.9,38593425,1249425
15-05-2025 12:07,24747.6,533850,607200,15-05-2025 12:07,131.55,40333500,557400,15-05-2025 12:07,69.9,38455425,1283700
15-05-2025 12:07,24754.5,529275,597375,15-05-2025 12:07,138.5,40299525,497625,15-05-2025 12:07,65.95,38408550,1304625
15-05-2025 12:07,24746.2,521475,604125,15-05-2025 12:07,131.75,40296000,484800,15-05-2025 12:07,69.6,38304525,1326675
15-05-2025 12:08,24761.5,525975,589500,15-05-2025 12:08,146,40287600,489525,15-05-2025 12:08,66.5,38346900,1344000
15-05-2025 12:08,24772,526875,594525,15-05-2025 12:08,152.65,40292625,445800,15-05-2025 12:08,63.7,38364000,1371450
15-05-2025 12:08,24768.8,524550,588075,15-05-2025 12:08,149.3,40284075,401175,15-05-2025 12:08,63.1,38286975,1377675
15-05-2025 12:08,24767.8,523800,594975,15-05-2025 12:08,148.5,40254750,418200,15-05-2025 12:08,64.75,38346750,1374525
15-05-2025 12:08,24774,532800,581700,15-05-2025 12:08,158.05,40268850,421875,15-05-2025 12:08,61.25,38358000,1367175
15-05-2025 12:08,24768.2,523125,597675,15-05-2025 12:08,149,40241850,396750,15-05-2025 12:08,64.95,38340975,1377600
15-05-2025 12:09,24770,519600,594075,15-05-2025 12:09,150.6,40198275,414525,15-05-2025 12:09,62.6,38356800,1367400
15-05-2025 12:09,24777.9,527475,586575,15-05-2025 12:09,158.45,40203225,393150,15-05-2025 12:09,60.55,38369925,1378575
15-05-2025 12:09,24771.6,524700,588600,15-05-2025 12:09,156.7,40162425,419475,15-05-2025 12:09,60.15,38255550,1414200
15-05-2025 12:09,24775.6,533550,594750,15-05-2025 12:09,162,40172175,429825,15-05-2025 12:09,59.4,38251650,1435875
15-05-2025 12:09,24779,530175,595275,15-05-2025 12:09,163.15,40174275,419175,15-05-2025 12:09,60.35,38307225,1444950
15-05-2025 12:09,24771.3,525600,599925,15-05-2025 12:09,155.85,40140825,406575,15-05-2025 12:09,61.3,38334975,1511400
15-05-2025 12:10,24759.1,517350,604725,15-05-2025 12:10,143.55,40098675,425775,15-05-2025 12:10,63.05,38377125,1454550
15-05-2025 12:10,24751.7,523500,607950,15-05-2025 12:10,140.5,40011675,445200,15-05-2025 12:10,64.85,38415600,1398525
15-05-2025 12:10,24755,520350,598575,15-05-2025 12:10,140.45,40012800,437475,15-05-2025 12:10,64.45,38403825,1373025
15-05-2025 12:10,24755,524850,605775,15-05-2025 12:10,137.55,39997800,446250,15-05-2025 12:10,64.8,38404950,1396125
15-05-2025 12:10,24759.1,525525,607575,15-05-2025 12:10,140.6,40012125,449700,15-05-2025 12:10,64.7,38408250,1441200
15-05-2025 12:10,24756,531675,605775,15-05-2025 12:10,140.6,40014075,468600,15-05-2025 12:10,63.7,38444025,1452300
15-05-2025 12:11,24763.6,529575,605550,15-05-2025 12:11,146.75,40039875,474750,15-05-2025 12:11,62.6,38444100,1484775
15-05-2025 12:11,24756.4,531750,612675,15-05-2025 12:11,144.65,40042425,462000,15-05-2025 12:11,63.7,38502075,1500300
15-05-2025 12:11,24756.4,522600,610950,15-05-2025 12:11,137.4,40008450,500025,15-05-2025 12:11,65.3,38541450,1489500
15-05-2025 12:11,24755.1,523800,615075,15-05-2025 12:11,139.8,39998475,503775,15-05-2025 12:11,63.8,38547900,1501275
15-05-2025 12:11,24748.4,523050,611550,15-05-2025 12:11,130.1,39871800,512850,15-05-2025 12:11,66.45,38527575,1495050
15-05-2025 12:11,24732.5,513225,613725,15-05-2025 12:11,117.4,39826200,522450,15-05-2025 12:11,70.4,38561025,1404750
15-05-2025 12:12,24739.2,522450,605775,15-05-2025 12:12,119.95,39790275,527850,15-05-2025 12:12,71,38551425,1274025
15-05-2025 12:12,24741.7,518925,608025,15-05-2025 12:12,121.15,39815475,521475,15-05-2025 12:12,69.45,38502825,1311675
15-05-2025 12:12,24741.5,524475,603300,15-05-2025 12:12,123.5,39840900,519075,15-05-2025 12:12,68.3,38456775,1377000
15-05-2025 12:12,24745,525300,606450,15-05-2025 12:12,125.6,39855300,522225,15-05-2025 12:12,66.8,38467275,1395300
15-05-2025 12:12,24744,520275,603000,15-05-2025 12:12,125.85,39880800,514125,15-05-2025 12:12,66.85,38442150,1408800
15-05-2025 12:12,24747,522675,606450,15-05-2025 12:12,124.95,39882750,522300,15-05-2025 12:12,68.3,38474475,1421550
15-05-2025 12:13,24738.7,520875,605550,15-05-2025 12:13,115.7,39901650,538650,15-05-2025 12:13,72.65,38479725,1446300
15-05-2025 12:13,24725,517725,599100,15-05-2025 12:13,113.8,39840150,540450,15-05-2025 12:13,72.2,38504175,1329825
15-05-2025 12:13,24728.6,524250,606600,15-05-2025 12:13,110.65,39816900,556350,15-05-2025 12:13,73.5,38460075,1279500
15-05-2025 12:13,24728.8,530850,607875,15-05-2025 12:13,112.4,39814050,542700,15-05-2025 12:13,72.1,38463075,1293600
15-05-2025 12:13,24737.5,541350,604725,15-05-2025 12:13,116.7,39844425,542775,15-05-2025 12:13,68.9,38451075,1342050
15-05-2025 12:13,24738.2,543450,604650,15-05-2025 12:13,115.5,39849225,551475,15-05-2025 12:13,71.05,38471550,1348725
15-05-2025 12:14,24741.7,534975,600750,15-05-2025 12:14,118.65,39867975,545325,15-05-2025 12:14,68.75,38462625,1378800
15-05-2025 12:14,24739.3,537450,602250,15-05-2025 12:14,119.6,39875250,536025,15-05-2025 12:14,71.15,38454600,1377300
15-05-2025 12:14,24734.6,530175,604500,15-05-2025 12:14,115.45,39866625,554625,15-05-2025 12:14,72.15,38488050,1382775
15-05-2025 12:14,24743.4,544050,603300,15-05-2025 12:14,122.1,39888075,557625,15-05-2025 12:14,68.8,38488050,1410000
15-05-2025 12:14,24738.1,534975,609075,15-05-2025 12:14,118.35,39894525,559725,15-05-2025 12:14,72.25,38494800,1406925
15-05-2025 12:14,24744.9,538200,606300,15-05-2025 12:14,124.2,39901125,559875,15-05-2025 12:14,70.6,38508900,1398750
15-05-2025 12:15,24749,538950,596775,15-05-2025 12:15,130.6,39923025,538800,15-05-2025 12:15,67.1,38495925,1416375
15-05-2025 12:15,24745,531975,606750,15-05-2025 12:15,125.2,39920400,514950,15-05-2025 12:15,69.65,38463375,1422450
15-05-2025 12:15,24747.2,543300,605700,15-05-2025 12:15,126.5,39932250,527400,15-05-2025 12:15,70.3,38473200,1430025
15-05-2025 12:15,24751,546450,605625,15-05-2025 12:15,128.55,39953700,526275,15-05-2025 12:15,68.6,38493600,1438125
15-05-2025 12:15,24751.8,538725,604650,15-05-2025 12:15,128.05,39938550,539250,15-05-2025 12:15,66.55,38521425,1451925
15-05-2025 12:15,24775.5,552975,579975,15-05-2025 12:15,153.45,39955500,537000,15-05-2025 12:15,55.2,38483175,1497000
15-05-2025 12:16,24780,537975,584700,15-05-2025 12:16,154.35,39955800,416925,15-05-2025 12:16,53.7,38059350,1493400
15-05-2025 12:16,24784.3,532350,591300,15-05-2025 12:16,166.7,39924525,410925,15-05-2025 12:16,49.5,38047800,1488450
15-05-2025 12:16,24792.8,536100,591825,15-05-2025 12:16,163.25,39898200,381450,15-05-2025 12:16,51.1,38071425,1473375
15-05-2025 12:16,24782,531075,595200,15-05-2025 12:16,153.1,39907650,384375,15-05-2025 12:16,53.4,38131725,1511625
15-05-2025 12:16,24784.2,534600,591450,15-05-2025 12:16,158.7,39872475,428325,15-05-2025 12:16,49.95,38196075,1531950
15-05-2025 12:16,24791.9,531825,598200,15-05-2025 12:16,162.95,39880275,432825,15-05-2025 12:16,45.55,38158200,1573275
15-05-2025 12:17,24807.6,537150,581400,15-05-2025 12:17,176.45,39876975,416325,15-05-2025 12:17,43.9,38002725,1579200
15-05-2025 12:17,24797.8,537675,580200,15-05-2025 12:17,170,39873600,350175,15-05-2025 12:17,45.2,38061975,1624125
15-05-2025 12:17,24795.6,543525,580800,15-05-2025 12:17,170.1,39865950,370725,15-05-2025 12:17,45.85,38164350,1607775
15-05-2025 12:17,24793.9,534150,584325,15-05-2025 12:17,166.3,39845625,392025,15-05-2025 12:17,47.3,38193225,1583775
15-05-2025 12:17,24780.2,543675,590100,15-05-2025 12:17,157.4,39845475,403575,15-05-2025 12:17,47.05,38232000,1609725
15-05-2025 12:17,24781.9,532800,580425,15-05-2025 12:17,158.95,39814800,403125,15-05-2025 12:17,45.7,38251650,1660725
15-05-2025 12:18,24791.5,540075,577575,15-05-2025 12:18,168.85,39856950,403350,15-05-2025 12:18,45.3,38237550,1685175
15-05-2025 12:18,24790.1,545025,580275,15-05-2025 12:18,165.95,39865650,425175,15-05-2025 12:18,46.2,38221425,1677225
15-05-2025 12:18,24790.5,542475,589650,15-05-2025 12:18,164.5,39851400,433050,15-05-2025 12:18,46,38254800,1687425
15-05-2025 12:18,24794.1,545100,585450,15-05-2025 12:18,164.5,39834975,435225,15-05-2025 12:18,45.3,38240025,1701675
15-05-2025 12:18,24794.9,546375,578625,15-05-2025 12:18,168,39828525,444675,15-05-2025 12:18,44.45,38197650,1717125
15-05-2025 12:18,24786.7,544425,584400,15-05-2025 12:18,160,39822675,426825,15-05-2025 12:18,46.1,38237550,1722075
15-05-2025 12:19,24776.4,546375,585150,15-05-2025 12:19,153.35,39803925,437325,15-05-2025 12:19,47.5,38267550,1708050
15-05-2025 12:19,24771,535350,591975,15-05-2025 12:19,142.75,39767175,440100,15-05-2025 12:19,49.7,38296350,1662825
15-05-2025 12:19,24768,539475,592800,15-05-2025 12:19,139.9,39726075,442200,15-05-2025 12:19,49,38306850,1609125
15-05-2025 12:19,24769,547200,587700,15-05-2025 12:19,140.9,39737925,442350,15-05-2025 12:19,48.65,38274150,1649550
15-05-2025 12:19,24770,546825,602175,15-05-2025 12:19,141.65,39738975,452700,15-05-2025 12:19,50.2,38313600,1654125
15-05-2025 12:19,24767,543150,603975,15-05-2025 12:19,136.45,39732525,460725,15-05-2025 12:19,50.85,38314050,1652850
15-05-2025 12:20,24761.4,540675,605700,15-05-2025 12:20,133.25,39727950,461325,15-05-2025 12:20,51,38343225,1630200
15-05-2025 12:20,24758.3,537750,605025,15-05-2025 12:20,130.65,39724050,457350,15-05-2025 12:20,51.6,38329500,1656000
15-05-2025 12:20,24752,536250,605475,15-05-2025 12:20,120.3,39706500,460350,15-05-2025 12:20,53.5,38358525,1616850
15-05-2025 12:20,24747.4,529650,611775,15-05-2025 12:20,118.5,39674475,456300,15-05-2025 12:20,53.8,38373600,1625700
15-05-2025 12:20,24739.1,525225,608925,15-05-2025 12:20,110.1,39666600,451650,15-05-2025 12:20,58.9,38399475,1611150
15-05-2025 12:20,24732.3,528900,610950,15-05-2025 12:20,106.15,39643125,448800,15-05-2025 12:20,63.95,38411400,1476150
15-05-2025 12:21,24739.2,527850,600225,15-05-2025 12:21,109.75,39679725,454425,15-05-2025 12:21,61.5,38353275,1454625
15-05-2025 12:21,24745.9,543075,601950,15-05-2025 12:21,114.4,39718125,452025,15-05-2025 12:21,57.7,38330775,1561275
15-05-2025 12:21,24747.8,546975,590250,15-05-2025 12:21,113.45,39742275,443850,15-05-2025 12:21,57.2,38240250,1578375
15-05-2025 12:21,24749.9,547350,602100,15-05-2025 12:21,115.85,39764625,460575,15-05-2025 12:21,55.35,38273925,1569450
15-05-2025 12:21,24750.1,556050,596175,15-05-2025 12:21,116.45,39806325,467700,15-05-2025 12:21,54.4,38271000,1588500
15-05-2025 12:21,24748.5,548025,604800,15-05-2025 12:21,113.5,39817500,466500,15-05-2025 12:21,57.15,38302125,1596450
15-05-2025 12:22,24759.2,552750,597825,15-05-2025 12:22,120.4,39838350,464775,15-05-2025 12:22,52.95,38302350,1627350
15-05-2025 12:22,24754.8,553275,600150,15-05-2025 12:22,118.55,39856500,461250,15-05-2025 12:22,54,38304000,1630500
15-05-2025 12:22,24751.2,561225,600825,15-05-2025 12:22,117.1,39846900,479700,15-05-2025 12:22,54.65,38317800,1708650
15-05-2025 12:22,24749.6,554175,605550,15-05-2025 12:22,119.8,39845400,486600,15-05-2025 12:22,55.1,38355900,1655475
15-05-2025 12:22,24748,539775,608700,15-05-2025 12:22,114.15,39855825,502800,15-05-2025 12:22,57.15,38366925,1688775
15-05-2025 12:22,24747.6,555225,607575,15-05-2025 12:22,119,39848850,504600,15-05-2025 12:22,56.3,38394975,1672125
15-05-2025 12:23,24749,556725,607050,15-05-2025 12:23,116.95,39861000,505875,15-05-2025 12:23,57.9,38383950,1653975
15-05-2025 12:23,24745,548550,607500,15-05-2025 12:23,115.45,39867525,515025,15-05-2025 12:23,58.75,38393625,1664625
15-05-2025 12:23,24741,553425,603825,15-05-2025 12:23,113.9,39863475,524175,15-05-2025 12:23,59.4,38409150,1654050
15-05-2025 12:23,24740,551775,604725,15-05-2025 12:23,113.45,39862875,527775,15-05-2025 12:23,58.8,38430975,1659450
15-05-2025 12:23,24744.4,549525,604575,15-05-2025 12:23,110.1,39862125,527100,15-05-2025 12:23,59.8,38427825,1670175
15-05-2025 12:23,24724.1,532575,607200,15-05-2025 12:23,96.5,39811275,539100,15-05-2025 12:23,68.45,38440950,1648425
15-05-2025 12:24,24715,518550,613500,15-05-2025 12:24,91.8,39646500,558750,15-05-2025 12:24,71.6,38456550,1265850
15-05-2025 12:24,24729.7,541050,604425,15-05-2025 12:24,98.05,39652800,555675,15-05-2025 12:24,65.3,38422050,1311000
15-05-2025 12:24,24726.5,539550,600075,15-05-2025 12:24,97.25,39684825,553200,15-05-2025 12:24,65.6,38363550,1332150
15-05-2025 12:24,24727.9,544800,608325,15-05-2025 12:24,98.25,39723900,558225,15-05-2025 12:24,64.4,38374275,1377750
15-05-2025 12:24,24734.1,555075,601875,15-05-2025 12:24,102.2,39779325,551250,15-05-2025 12:24,58.75,38371500,1415100
15-05-2025 12:24,24735.4,568350,606150,15-05-2025 12:24,100.6,39785400,555675,15-05-2025 12:24,59.55,38282850,1419600
15-05-2025 12:25,24735.5,556425,606225,15-05-2025 12:25,99.35,39782100,580875,15-05-2025 12:25,58.2,38311425,1448400
15-05-2025 12:25,24725,544800,610575,15-05-2025 12:25,94.5,39783075,597300,15-05-2025 12:25,62.4,38420700,1461375
15-05-2025 12:25,24729.1,545100,616425,15-05-2025 12:25,96,39769875,599850,15-05-2025 12:25,57.45,38416725,1489275
15-05-2025 12:25,24729.1,545550,619425,15-05-2025 12:25,92.7,39810525,605625,15-05-2025 12:25,59.75,38356875,1504125
15-05-2025 12:25,24725,539250,623175,15-05-2025 12:25,89.75,39820500,629775,15-05-2025 12:25,60.8,38395950,1537425
15-05-2025 12:25,24717,540975,614850,15-05-2025 12:25,83,39723525,637575,15-05-2025 12:25,64.6,38425050,1528950
15-05-2025 12:26,24721.2,546000,611700,15-05-2025 12:26,85.4,39701025,657525,15-05-2025 12:26,62.4,38435100,1534275
15-05-2025 12:26,24724.9,541200,616350,15-05-2025 12:26,84,39785025,674250,15-05-2025 12:26,61.3,38424150,1574250
15-05-2025 12:26,24721.4,546225,615075,15-05-2025 12:26,85.8,39818850,684750,15-05-2025 12:26,62.1,38466750,1588500
15-05-2025 12:26,24720,542475,609975,15-05-2025 12:26,84.6,39842475,688200,15-05-2025 12:26,62.05,38460375,1607625
15-05-2025 12:26,24716,532650,615000,15-05-2025 12:26,80.8,39843000,697725,15-05-2025 12:26,64.9,38513775,1604625
15-05-2025 12:26,24722.1,542625,613350,15-05-2025 12:26,86.9,39865500,702675,15-05-2025 12:26,59,38505525,1573050
15-05-2025 12:27,24726,546450,612900,15-05-2025 12:27,85.5,39895950,718200,15-05-2025 12:27,61.6,38492400,1599150
15-05-2025 12:27,24728.4,549225,610950,15-05-2025 12:27,89.8,39908925,717225,15-05-2025 12:27,58.65,38491875,1640925
15-05-2025 12:27,24726.3,548700,606900,15-05-2025 12:27,88,39915600,714300,15-05-2025 12:27,58.9,38497875,1660725
15-05-2025 12:27,24730,552375,607200,15-05-2025 12:27,89.8,39949875,722850,15-05-2025 12:27,56.4,38505075,1698375
15-05-2025 12:27,24732,558750,616050,15-05-2025 12:27,90.6,39951525,703350,15-05-2025 12:27,52.7,38447175,1697025
15-05-2025 12:27,24726.3,545925,610950,15-05-2025 12:27,83.75,39955425,734775,15-05-2025 12:27,55.8,38429625,1700175
15-05-2025 12:28,24726.9,550350,608550,15-05-2025 12:28,83.65,39921600,743025,15-05-2025 12:28,55,38435100,1717200
15-05-2025 12:28,24723.5,534975,613425,15-05-2025 12:28,78.3,39920625,767475,15-05-2025 12:28,56.1,38471550,1734075
15-05-2025 12:28,24715,533025,616125,15-05-2025 12:28,73.75,39812175,801750,15-05-2025 12:28,60.15,38537250,1737675
15-05-2025 12:28,24714.7,540225,612075,15-05-2025 12:28,75.65,39768375,799200,15-05-2025 12:28,63.25,38549700,1680525
15-05-2025 12:28,24715,540975,608550,15-05-2025 12:28,79.8,39840525,805650,15-05-2025 12:28,61.7,38540625,1622250
15-05-2025 12:28,24717.6,544350,616575,15-05-2025 12:28,77.3,39873375,791400,15-05-2025 12:28,63.25,38521875,1662000
15-05-2025 12:29,24720.2,546600,619125,15-05-2025 12:29,78.6,39876150,809625,15-05-2025 12:29,61.7,38612175,1653375
15-05-2025 12:29,24715.9,548850,627300,15-05-2025 12:29,80.6,39913650,823500,15-05-2025 12:29,59.2,38604150,1695375
15-05-2025 12:29,24722.2,549225,611625,15-05-2025 12:29,81.4,40045500,842775,15-05-2025 12:29,58.5,38604525,1719525
15-05-2025 12:29,24722,549750,622200,15-05-2025 12:29,79.95,40059900,851025,15-05-2025 12:29,58,38568150,1729725
15-05-2025 12:29,24713,539700,624300,15-05-2025 12:29,74.65,40061175,863775,15-05-2025 12:29,63.55,38605875,1719300
15-05-2025 12:29,24715,548100,625725,15-05-2025 12:29,79.5,40047750,863175,15-05-2025 12:29,60.1,38609550,1624050
15-05-2025 12:30,24717,541575,621150,15-05-2025 12:30,76.9,40074825,870600,15-05-2025 12:30,62.6,38627925,1607475
15-05-2025 12:30,24715.5,539775,617325,15-05-2025 12:30,76.55,40077450,879375,15-05-2025 12:30,64.55,38682150,1588800
15-05-2025 12:30,24715,547275,620100,15-05-2025 12:30,79.7,40109700,864000,15-05-2025 12:30,66.45,38708325,1590450
15-05-2025 12:30,24722,548550,616200,15-05-2025 12:30,84.15,40132050,836550,15-05-2025 12:30,63.2,38700525,1523400
15-05-2025 12:30,24722,548850,616875,15-05-2025 12:30,87.85,40145625,752400,15-05-2025 12:30,62.85,38662500,1539075
15-05-2025 12:30,24722.1,550650,615450,15-05-2025 12:30,87.3,40135500,763125,15-05-2025 12:30,62.3,38689800,1553325
15-05-2025 12:31,24720.5,556200,606900,15-05-2025 12:31,83.2,40145325,784725,15-05-2025 12:31,63,38669100,1567350
15-05-2025 12:31,24712,536925,627150,15-05-2025 12:31,79.4,40100175,806400,15-05-2025 12:31,65.4,38700375,1550100
15-05-2025 12:31,24713.1,537450,614625,15-05-2025 12:31,79.35,40103775,818625,15-05-2025 12:31,64.75,38692650,1531725
15-05-2025 12:31,24718.5,545325,622500,15-05-2025 12:31,83.45,40161750,820950,15-05-2025 12:31,62.9,38707800,1546200
15-05-2025 12:31,24710,535425,629625,15-05-2025 12:31,80.3,40166550,842925,15-05-2025 12:31,69.2,38753325,1531950
15-05-2025 12:31,24719,531450,627975,15-05-2025 12:31,81.95,40146750,859800,15-05-2025 12:31,66.1,38751300,1390500
15-05-2025 12:32,24719,539475,616725,15-05-2025 12:32,84.35,40187175,867750,15-05-2025 12:32,65.45,38753100,1423425
15-05-2025 12:32,24718.3,538950,612750,15-05-2025 12:32,86.15,40195800,859275,15-05-2025 12:32,64.45,38780775,1444800
15-05-2025 12:32,24722,541500,623025,15-05-2025 12:32,87.3,40204500,836775,15-05-2025 12:32,62.3,38766000,1462800
15-05-2025 12:32,24720,526875,613425,15-05-2025 12:32,85,40206375,854775,15-05-2025 12:32,65.55,38740350,1461600
15-05-2025 12:32,24724,543300,626550,15-05-2025 12:32,87.3,40222800,856575,15-05-2025 12:32,64.25,38743275,1479825
15-05-2025 12:32,24728.9,546825,609450,15-05-2025 12:32,90.35,40221075,773175,15-05-2025 12:32,60.6,38739525,1498125
15-05-2025 12:33,24733.3,549750,617925,15-05-2025 12:33,94,40238250,734100,15-05-2025 12:33,60.15,38680875,1521150
15-05-2025 12:33,24734.9,542475,610425,15-05-2025 12:33,92.8,40235025,735225,15-05-2025 12:33,62.9,38742075,1517925
15-05-2025 12:33,24731.5,550050,613575,15-05-2025 12:33,92.7,40215000,742950,15-05-2025 12:33,63.05,38757225,1517925
15-05-2025 12:33,24727.3,544875,618750,15-05-2025 12:33,89.3,40088475,781050,15-05-2025 12:33,65.45,38787675,1526400
15-05-2025 12:33,24725.2,544275,627075,15-05-2025 12:33,90,40053225,795900,15-05-2025 12:33,64.65,38791200,1467750
15-05-2025 12:33,24722,545325,625650,15-05-2025 12:33,88.95,40086300,799050,15-05-2025 12:33,64.3,38800500,1475850
15-05-2025 12:34,24720,532500,621675,15-05-2025 12:34,85.5,40077000,814650,15-05-2025 12:34,68.15,38838075,1454700
15-05-2025 12:34,24721.9,545775,625650,15-05-2025 12:34,88.2,40068975,819300,15-05-2025 12:34,65.15,38843400,1416375
15-05-2025 12:34,24728.3,550050,618900,15-05-2025 12:34,91.25,40095150,823275,15-05-2025 12:34,61.6,38809050,1447875
15-05-2025 12:34,24732,546675,628575,15-05-2025 12:34,92.9,40127550,819300,15-05-2025 12:34,61.8,38808825,1449375
15-05-2025 12:34,24723.1,550425,634050,15-05-2025 12:34,89.85,40134675,840525,15-05-2025 12:34,63.7,38856675,1446225
15-05-2025 12:34,24727,545775,621225,15-05-2025 12:34,90.4,40121250,851325,15-05-2025 12:34,63.65,38884425,1459725
15-05-2025 12:35,24727,540675,631500,15-05-2025 12:35,88.7,40124325,876975,15-05-2025 12:35,64,38865225,1475550
15-05-2025 12:35,24727,550725,633525,15-05-2025 12:35,90.8,40133775,877875,15-05-2025 12:35,63.3,38882550,1488525
15-05-2025 12:35,24726.8,549375,628425,15-05-2025 12:35,90.5,40133100,875550,15-05-2025 12:35,63.65,38915025,1461525
15-05-2025 12:35,24725.2,552600,617850,15-05-2025 12:35,91.5,40124325,861900,15-05-2025 12:35,63,38902650,1472475
15-05-2025 12:35,24726.9,556500,623325,15-05-2025 12:35,90.95,40127550,864450,15-05-2025 12:35,63.5,38904225,1491150
15-05-2025 12:35,24730,559575,631875,15-05-2025 12:35,92.9,40157400,851475,15-05-2025 12:35,62.4,38915325,1516650
15-05-2025 12:36,24755,556050,589725,15-05-2025 12:36,108.8,40166850,810075,15-05-2025 12:36,57.45,38840925,1543425
15-05-2025 12:36,24747.6,536400,603975,15-05-2025 12:36,109.8,40144125,540225,15-05-2025 12:36,56.3,38577075,1504650
15-05-2025 12:36,24750,540300,618000,15-05-2025 12:36,109.3,40107825,564525,15-05-2025 12:36,56.15,38612625,1527750
15-05-2025 12:36,24746.1,544725,622500,15-05-2025 12:36,109.25,40085175,595725,15-05-2025 12:36,54.8,38611500,1538850
15-05-2025 12:36,24759.2,550425,618150,15-05-2025 12:36,117.85,40078050,596700,15-05-2025 12:36,51,38576475,1538100
15-05-2025 12:36,24755.7,546600,605550,15-05-2025 12:36,115.3,40091850,562275,15-05-2025 12:36,53.65,38543700,1537575
15-05-2025 12:37,24753.2,541575,622800,15-05-2025 12:37,112.55,40097475,561225,15-05-2025 12:37,53.1,38549550,1548075
15-05-2025 12:37,24757.6,541050,621750,15-05-2025 12:37,113.55,40039950,579000,15-05-2025 12:37,49.6,38474550,1614825
15-05-2025 12:37,24755.7,535875,627750,15-05-2025 12:37,111.4,40032750,603150,15-05-2025 12:37,48.55,38449950,1633050
15-05-2025 12:37,24765.3,548625,613350,15-05-2025 12:37,119.4,40056825,602400,15-05-2025 12:37,47.15,38470800,1643025
15-05-2025 12:37,24771.2,546975,616050,15-05-2025 12:37,123.2,40051350,530475,15-05-2025 12:37,45.7,38498775,1658625
15-05-2025 12:37,24774.4,544275,627975,15-05-2025 12:37,126.25,40052625,513675,15-05-2025 12:37,44.1,38434800,1660725
15-05-2025 12:38,24782.2,550125,621300,15-05-2025 12:38,133.1,40040100,506400,15-05-2025 12:38,44,38492550,1654125
15-05-2025 12:38,24770.6,541575,627675,15-05-2025 12:38,126.9,40061850,456225,15-05-2025 12:38,45.4,38502825,1627650
15-05-2025 12:38,24770.1,543225,632475,15-05-2025 12:38,126.35,39910125,456075,15-05-2025 12:38,45.85,38582100,1606200
15-05-2025 12:38,24761.5,546525,621000,15-05-2025 12:38,123.2,39891300,487950,15-05-2025 12:38,47.15,38685075,1605300
15-05-2025 12:38,24762,552750,627525,15-05-2025 12:38,122.25,39856725,491175,15-05-2025 12:38,48.4,38768850,1646025
15-05-2025 12:38,24758.7,541725,623325,15-05-2025 12:38,123.5,39855600,491775,15-05-2025 12:38,50.65,38784000,1617150
15-05-2025 12:39,24764,547650,622500,15-05-2025 12:39,124.6,39858750,498675,15-05-2025 12:39,47.85,38692125,1628025
15-05-2025 12:39,24769,553950,622050,15-05-2025 12:39,124.85,39831000,499050,15-05-2025 12:39,48.25,38709300,1682700
15-05-2025 12:39,24767.8,552825,613125,15-05-2025 12:39,123.2,39829500,469575,15-05-2025 12:39,48.25,38725725,1699950
15-05-2025 12:39,24767.9,554925,625125,15-05-2025 12:39,129.5,39833625,480075,15-05-2025 12:39,46.8,38744625,1707375
15-05-2025 12:39,24764,549300,616425,15-05-2025 12:39,127.85,39830625,484575,15-05-2025 12:39,47.5,38755875,1715925
15-05-2025 12:39,24762,547500,620625,15-05-2025 12:39,124.4,39820200,490725,15-05-2025 12:39,48.15,38795325,1708425
15-05-2025 12:40,24748.8,528450,623625,15-05-2025 12:40,110.85,39795600,511725,15-05-2025 12:40,53.8,38828175,1701150
15-05-2025 12:40,24744.4,542925,619050,15-05-2025 12:40,106.35,39698250,515925,15-05-2025 12:40,53.8,38823450,1576875
15-05-2025 12:40,24755.2,550050,622650,15-05-2025 12:40,111.95,39707100,511125,15-05-2025 12:40,50.9,38751225,1595400
15-05-2025 12:40,24749,550500,621075,15-05-2025 12:40,112.5,39749100,504150,15-05-2025 12:40,50.8,38678550,1614000
15-05-2025 12:40,24753,548100,621225,15-05-2025 12:40,112.2,39753900,513300,15-05-2025 12:40,49.15,38681175,1655550
15-05-2025 12:40,24753.2,561900,621600,15-05-2025 12:40,112.25,39806025,520050,15-05-2025 12:40,49.55,38635875,1694175
15-05-2025 12:41,24761.2,551175,613200,15-05-2025 12:41,117.65,39856875,526875,15-05-2025 12:41,47,38630475,1724250
15-05-2025 12:41,24763.3,555375,619875,15-05-2025 12:41,121.4,39861825,508950,15-05-2025 12:41,46.1,38671050,1731900
15-05-2025 12:41,24765,552675,619575,15-05-2025 12:41,119.5,39851550,506175,15-05-2025 12:41,47.9,38751375,1735275
15-05-2025 12:41,24758.1,552300,629175,15-05-2025 12:41,117,39858075,520575,15-05-2025 12:41,48.7,38790750,1747800
15-05-2025 12:41,24750,546450,628950,15-05-2025 12:41,107,39849450,536400,15-05-2025 12:41,50.7,38808150,1749675
15-05-2025 12:41,24749,549675,628425,15-05-2025 12:41,106.9,39785550,535275,15-05-2025 12:41,48.5,38798400,1759725
15-05-2025 12:42,24746.4,553950,621900,15-05-2025 12:42,105.3,39777450,547200,15-05-2025 12:42,47.35,38810175,1775325
15-05-2025 12:42,24745,550425,615750,15-05-2025 12:42,102,39765975,560550,15-05-2025 12:42,47.3,38810550,1794075
15-05-2025 12:42,24743.1,551175,623625,15-05-2025 12:42,99.2,39738525,565050,15-05-2025 12:42,48,38819625,1823625
15-05-2025 12:42,24742.4,548475,637425,15-05-2025 12:42,95.15,39744450,566325,15-05-2025 12:42,48.8,38864700,1835850
15-05-2025 12:42,24747.9,549075,626925,15-05-2025 12:42,98,39764400,566550,15-05-2025 12:42,47.1,38874600,1840725
15-05-2025 12:42,24746.3,556425,634500,15-05-2025 12:42,97.6,39783225,575175,15-05-2025 12:42,48.7,38797425,1872225
15-05-2025 12:43,24735,549000,626100,15-05-2025 12:43,91.65,39803700,589200,15-05-2025 12:43,48.95,38817600,1835850
15-05-2025 12:43,24736,543675,625575,15-05-2025 12:43,89.6,39753150,594675,15-05-2025 12:43,48.55,38801250,1812525
15-05-2025 12:43,24731,550050,625275,15-05-2025 12:43,84.6,39745500,608475,15-05-2025 12:43,49.8,38794575,1866525
15-05-2025 12:43,24731,545700,620025,15-05-2025 12:43,85.8,39748200,617175,15-05-2025 12:43,47.45,38790075,1871700
15-05-2025 12:43,24730,545850,626850,15-05-2025 12:43,81,39760725,627525,15-05-2025 12:43,50.5,38842425,1886400
15-05-2025 12:43,24729,545475,621450,15-05-2025 12:43,84.6,39741825,643500,15-05-2025 12:43,49.4,38864475,1795350
15-05-2025 12:44,24723.5,530325,622050,15-05-2025 12:44,77,39746250,647850,15-05-2025 12:44,54.15,38801475,1768500
15-05-2025 12:44,24718,537900,624225,15-05-2025 12:44,77,39717900,666525,15-05-2025 12:44,55.3,38801850,1701075
15-05-2025 12:44,24718,545400,625200,15-05-2025 12:44,76.45,39779850,677550,15-05-2025 12:44,53.85,38816325,1634925
15-05-2025 12:44,24720,554400,624675,15-05-2025 12:44,76.05,39806700,694275,15-05-2025 12:44,54.35,38806050,1659000
15-05-2025 12:44,24717,549450,628125,15-05-2025 12:44,73.7,39771825,708975,15-05-2025 12:44,56.55,38789175,1644075
15-05-2025 12:44,24724,550875,630075,15-05-2025 12:44,79.15,39818850,717525,15-05-2025 12:44,50.7,38795700,1634175
15-05-2025 12:45,24732,558075,619950,15-05-2025 12:45,83.35,39882075,703875,15-05-2025 12:45,50.35,38662950,1691850
15-05-2025 12:45,24730,567450,623250,15-05-2025 12:45,87.2,39904575,677175,15-05-2025 12:45,48.15,38616675,1708425
15-05-2025 12:45,24733,576300,628950,15-05-2025 12:45,88.4,39891825,682050,15-05-2025 12:45,48.9,38660400,1737075
15-05-2025 12:45,24729,558375,630300,15-05-2025 12:45,86.1,39903975,715350,15-05-2025 12:45,50.9,38704050,1737900
15-05-2025 12:45,24732.9,570750,626250,15-05-2025 12:45,86.9,39918900,728925,15-05-2025 12:45,52,38737575,1721550
15-05-2025 12:45,24730,558525,627675,15-05-2025 12:45,80.7,39918825,753825,15-05-2025 12:45,54.4,38767425,1716225
15-05-2025 12:46,24732.2,552450,630600,15-05-2025 12:46,84.6,39901725,754650,15-05-2025 12:46,52.2,38775375,1763400
15-05-2025 12:46,24732.8,566325,628800,15-05-2025 12:46,85.95,39953325,748275,15-05-2025 12:46,51.4,38774700,1799400
15-05-2025 12:46,24728.7,565050,634425,15-05-2025 12:46,86.65,39980550,758925,15-05-2025 12:46,52.45,38805675,1793925
15-05-2025 12:46,24729,568350,622575,15-05-2025 12:46,87.1,39993375,759825,15-05-2025 12:46,51.85,38815950,1792125
15-05-2025 12:46,24730,569925,636000,15-05-2025 12:46,85.55,39991275,765300,15-05-2025 12:46,54.25,38860275,1793550
15-05-2025 12:46,24729,567975,631875,15-05-2025 12:46,86.55,39989475,764175,15-05-2025 12:46,53.45,38869575,1704900
15-05-2025 12:47,24729.8,564375,635475,15-05-2025 12:47,86.4,40026525,767700,15-05-2025 12:47,54.7,38882850,1698675
15-05-2025 12:47,24728,564450,634050,15-05-2025 12:47,87.4,40050450,762150,15-05-2025 12:47,56.6,38899575,1659900
15-05-2025 12:47,24725,555150,638100,15-05-2025 12:47,84.85,40058925,756450,15-05-2025 12:47,58,38914200,1640100
15-05-2025 12:47,24725.5,564450,631800,15-05-2025 12:47,85.1,40031475,764175,15-05-2025 12:47,55.55,38885850,1602675
15-05-2025 12:47,24722,574950,638325,15-05-2025 12:47,81.95,40039125,795975,15-05-2025 12:47,58,38872725,1607550
15-05-2025 12:47,24724,557775,640200,15-05-2025 12:47,85.2,40037850,793950,15-05-2025 12:47,56.1,38896275,1634250
15-05-2025 12:48,24718.6,561975,637650,15-05-2025 12:48,82.9,40045125,794175,15-05-2025 12:48,57,38869500,1629675
15-05-2025 12:48,24722,551700,635925,15-05-2025 12:48,80.25,39984075,810750,15-05-2025 12:48,56.85,38810775,1541775
15-05-2025 12:48,24720,565350,632550,15-05-2025 12:48,81.1,40002225,819525,15-05-2025 12:48,55.35,38808075,1588500
15-05-2025 12:48,24723.5,544875,635700,15-05-2025 12:48,79.1,40009275,825675,15-05-2025 12:48,54.9,38763225,1590000
15-05-2025 12:48,24720,578100,633225,15-05-2025 12:48,76.4,39997200,836475,15-05-2025 12:48,55.8,38799675,1585275
15-05-2025 12:48,24716,568350,637500,15-05-2025 12:48,73.75,39954300,853575,15-05-2025 12:48,56.8,38783250,1606500
15-05-2025 12:49,24725,570975,636075,15-05-2025 12:49,81.15,39870225,861450,15-05-2025 12:49,50.25,38781225,1621500
15-05-2025 12:49,24729,566700,635775,15-05-2025 12:49,81.05,39892725,855600,15-05-2025 12:49,51.1,38605050,1639125
15-05-2025 12:49,24727.3,565425,635175,15-05-2025 12:49,78.35,39910050,877200,15-05-2025 12:49,51.5,38654925,1663800
15-05-2025 12:49,24723,564375,638625,15-05-2025 12:49,78.3,39923250,886200,15-05-2025 12:49,51.85,38671875,1668900
15-05-2025 12:49,24720,566475,639675,15-05-2025 12:49,79.15,39990750,892200,15-05-2025 12:49,51.95,38693100,1681875
15-05-2025 12:49,24728,569625,633450,15-05-2025 12:49,80.75,40011150,881700,15-05-2025 12:49,50.55,38678325,1714425
15-05-2025 12:50,24724.4,573825,637725,15-05-2025 12:50,81.95,40033050,834900,15-05-2025 12:50,49.4,38660025,1748250
15-05-2025 12:50,24721.1,566850,642225,15-05-2025 12:50,76.4,40032600,877200,15-05-2025 12:50,53.6,38690775,1756350
15-05-2025 12:50,24722,556200,638250,15-05-2025 12:50,79.25,40036050,888825,15-05-2025 12:50,56.95,38740575,1659075
15-05-2025 12:50,24724.7,569550,639525,15-05-2025 12:50,82.85,40088325,876900,15-05-2025 12:50,56.1,38715600,1599000
15-05-2025 12:50,24719.8,566400,637650,15-05-2025 12:50,83.55,40104675,856050,15-05-2025 12:50,57.25,38736675,1602675
15-05-2025 12:50,24721.2,547575,636450,15-05-2025 12:50,84.1,40094700,837750,15-05-2025 12:50,60.1,38776875,1592100
15-05-2025 12:51,24719.3,564150,638250,15-05-2025 12:51,83.6,40113375,855900,15-05-2025 12:51,57.8,38784000,1515075
15-05-2025 12:51,24732,566700,632250,15-05-2025 12:51,93.4,40139100,843900,15-05-2025 12:51,54.5,38715075,1539450
15-05-2025 12:51,24733,560850,624600,15-05-2025 12:51,96.65,40134150,698925,15-05-2025 12:51,53.9,38669025,1557825
15-05-2025 12:51,24742.8,572850,629175,15-05-2025 12:51,101.9,40098675,679050,15-05-2025 12:51,53.8,38681625,1580100
15-05-2025 12:51,24731,564000,634575,15-05-2025 12:51,94.05,40072650,617625,15-05-2025 12:51,56.4,38701875,1581375
15-05-2025 12:51,24737.2,565500,628650,15-05-2025 12:51,99.1,40021350,633300,15-05-2025 12:51,52.55,38736225,1592100
15-05-2025 12:52,24739,566475,630525,15-05-2025 12:52,92.15,40021050,655650,15-05-2025 12:52,55.4,38724075,1605750
15-05-2025 12:52,24731,556125,638850,15-05-2025 12:52,89.1,39994050,691200,15-05-2025 12:52,54.1,38744250,1606500
15-05-2025 12:52,24735.7,569475,633975,15-05-2025 12:52,92.05,39975975,695250,15-05-2025 12:52,52.75,38755275,1636050
15-05-2025 12:52,24737,576225,626775,15-05-2025 12:52,99.3,40003275,698475,15-05-2025 12:52,50.05,38773800,1660050
15-05-2025 12:52,24743.1,580200,625800,15-05-2025 12:52,102.05,40024125,646500,15-05-2025 12:52,49.1,38696550,1669200
15-05-2025 12:52,24743,571800,630825,15-05-2025 12:52,100.5,40036200,641400,15-05-2025 12:52,50.9,38719350,1694475
15-05-2025 12:53,24740.1,574575,640875,15-05-2025 12:53,100.7,40016925,657675,15-05-2025 12:53,51.3,38755800,1687575
15-05-2025 12:53,24739.2,559275,623250,15-05-2025 12:53,102.35,40049325,658725,15-05-2025 12:53,50.55,38798700,1681500
15-05-2025 12:53,24748.4,562725,633300,15-05-2025 12:53,110.65,40085925,678975,15-05-2025 12:53,49.35,38785200,1687500
15-05-2025 12:53,24751,552525,630225,15-05-2025 12:53,109.25,40105950,566625,15-05-2025 12:53,48.45,38763750,1699650
15-05-2025 12:53,24755.4,563475,631650,15-05-2025 12:53,115.5,40086375,573750,15-05-2025 12:53,47.7,38715300,1702575
15-05-2025 12:53,24755.7,567000,624000,15-05-2025 12:53,117.25,40039725,548025,15-05-2025 12:53,46.7,38740275,1718175
15-05-2025 12:54,24755.9,563550,627675,15-05-2025 12:54,115.6,39986925,576375,15-05-2025 12:54,46.4,38777625,1720275
15-05-2025 12:54,24748,557175,641025,15-05-2025 12:54,105.3,39959025,603975,15-05-2025 12:54,46.7,38788350,1733325
15-05-2025 12:54,24748,560025,637875,15-05-2025 12:54,103.55,39855450,614400,15-05-2025 12:54,47,38796975,1727625
15-05-2025 12:54,24746.2,558375,638925,15-05-2025 12:54,102.4,39862275,614400,15-05-2025 12:54,46.5,38834850,1748700
15-05-2025 12:54,24746.5,571800,632025,15-05-2025 12:54,108.3,39886350,621375,15-05-2025 12:54,45.15,38841900,1778025
15-05-2025 12:54,24752.5,566400,635100,15-05-2025 12:54,109.45,39934275,616875,15-05-2025 12:54,44.85,38795775,1802100
15-05-2025 12:55,24755.5,562275,637125,15-05-2025 12:55,111.85,39949425,612750,15-05-2025 12:55,46.9,38813175,1818675
15-05-2025 12:55,24750,562275,640500,15-05-2025 12:55,112.95,39937125,625725,15-05-2025 12:55,46.35,38835000,1799625
15-05-2025 12:55,24754.2,561375,640425,15-05-2025 12:55,113.1,39951000,622575,15-05-2025 12:55,46.5,38831550,1830600
15-05-2025 12:55,24756,557550,634425,15-05-2025 12:55,115.35,39956850,608325,15-05-2025 12:55,45.65,38825850,1863750
15-05-2025 12:55,24755.2,563475,641100,15-05-2025 12:55,116.5,39956100,588225,15-05-2025 12:55,46,38694750,1878825
15-05-2025 12:55,24763,566250,625575,15-05-2025 12:55,126.15,39950925,520800,15-05-2025 12:55,44.5,38711775,1896000
15-05-2025 12:56,24765,553650,649200,15-05-2025 12:56,123.2,39946650,496200,15-05-2025 12:56,44.2,38748600,1926300
15-05-2025 12:56,24763,559125,639900,15-05-2025 12:56,126.4,39944100,499200,15-05-2025 12:56,44.8,38764425,1922400
15-05-2025 12:56,24768.6,561450,634275,15-05-2025 12:56,129.35,39938325,490275,15-05-2025 12:56,45.3,38788275,1914750
15-05-2025 12:56,24767,566475,639150,15-05-2025 12:56,131.15,39936825,471750,15-05-2025 12:56,44.25,38803800,1886925
15-05-2025 12:56,24764,562950,628575,15-05-2025 12:56,126.7,39922200,484950,15-05-2025 12:56,45.05,38772300,1910850
15-05-2025 12:56,24762.1,567675,640050,15-05-2025 12:56,126.6,39899325,503100,15-05-2025 12:56,44.8,38791650,1896975
15-05-2025 12:57,24757.6,558975,642225,15-05-2025 12:57,118.9,39870375,518475,15-05-2025 12:57,46.25,38837325,1883625
15-05-2025 12:57,24758.5,562275,640875,15-05-2025 12:57,124.3,39849000,527550,15-05-2025 12:57,45.7,38852325,1881375
15-05-2025 12:57,24755.3,557700,647475,15-05-2025 12:57,121.2,39847200,536775,15-05-2025 12:57,46.3,38868150,1875900
15-05-2025 12:57,24763.5,559350,641400,15-05-2025 12:57,124.25,39860250,539025,15-05-2025 12:57,46.65,38874000,1876800
15-05-2025 12:57,24761,563925,640575,15-05-2025 12:57,125.4,39859050,532800,15-05-2025 12:57,45.45,38904150,1877400
15-05-2025 12:57,24761.2,561900,643200,15-05-2025 12:57,125.9,39868350,530850,15-05-2025 12:57,46.1,38891250,1881450
15-05-2025 12:58,24763,556050,643950,15-05-2025 12:58,123.3,39860550,546525,15-05-2025 12:58,46.05,38873175,1896150
15-05-2025 12:58,24761.2,567000,648300,15-05-2025 12:58,124.15,39859425,544350,15-05-2025 12:58,46.2,38872275,1913700
15-05-2025 12:58,24756.2,562500,641325,15-05-2025 12:58,125.8,39848250,537600,15-05-2025 12:58,45.3,38883600,1909875
15-05-2025 12:58,24762.3,568050,617700,15-05-2025 12:58,126.6,39858675,545925,15-05-2025 12:58,45.7,38916525,1908525
15-05-2025 12:58,24763,565875,641700,15-05-2025 12:58,125.2,39862200,565425,15-05-2025 12:58,45.35,38913600,1912350
15-05-2025 12:58,24762.8,559875,649500,15-05-2025 12:58,125.75,39857775,572475,15-05-2025 12:58,45.1,38902350,1918125
15-05-2025 12:59,24763,559575,643050,15-05-2025 12:59,124.55,39860025,569850,15-05-2025 12:59,45.15,38911575,1920975
15-05-2025 12:59,24760,558000,643500,15-05-2025 12:59,123.55,39846375,564600,15-05-2025 12:59,46,38938200,1913475
15-05-2025 12:59,24757.2,565650,631425,15-05-2025 12:59,124.1,39851850,564900,15-05-2025 12:59,45.6,38930925,1923150
15-05-2025 12:59,24762.3,562950,630525,15-05-2025 12:59,125.95,39846750,560100,15-05-2025 12:59,45.45,38921775,1922250
15-05-2025 12:59,24760,571275,633075,15-05-2025 12:59,122.65,39852075,542925,15-05-2025 12:59,44.95,38916300,1918200
15-05-2025 12:59,24761.3,563400,638025,15-05-2025 12:59,119.9,39839100,550575,15-05-2025 12:59,45.7,38910975,1926375
15-05-2025 13:00,24764,557475,627450,15-05-2025 13:00,122.35,39820500,551625,15-05-2025 13:00,42.1,38901750,1965750
15-05-2025 13:00,24762.9,566925,633000,15-05-2025 13:00,122.9,39829275,559500,15-05-2025 13:00,39.9,38622225,1936350
15-05-2025 13:00,24790,568200,607425,15-05-2025 13:00,144.6,39847875,553725,15-05-2025 13:00,35,38414325,1954425
15-05-2025 13:00,24797.9,557625,609600,15-05-2025 13:00,155.75,39843000,382050,15-05-2025 13:00,32.25,38159700,1963800
15-05-2025 13:00,24795.7,543450,606150,15-05-2025 13:00,153.6,39835200,354375,15-05-2025 13:00,35.3,38209950,1975275
15-05-2025 13:00,24805,564750,597825,15-05-2025 13:00,167.9,39827700,332850,15-05-2025 13:00,35.15,38254425,1945200
15-05-2025 13:01,24818,566025,560925,15-05-2025 13:01,182.3,39824100,310500,15-05-2025 13:01,35.05,38304075,1949025
15-05-2025 13:01,24789.5,551775,578925,15-05-2025 13:01,147.25,39785400,295200,15-05-2025 13:01,40.45,38367600,1944600
15-05-2025 13:01,24778.5,542700,560475,15-05-2025 13:01,143.7,39702525,322275,15-05-2025 13:01,40.8,38421075,1801200
15-05-2025 13:01,24791.5,566700,577875,15-05-2025 13:01,158.55,39692775,329325,15-05-2025 13:01,38.45,38439375,1836075
15-05-2025 13:01,24784,566175,586200,15-05-2025 13:01,147.1,39704850,378375,15-05-2025 13:01,40.05,38427300,1878975
15-05-2025 13:01,24775,567525,587475,15-05-2025 13:01,141.95,39686700,379650,15-05-2025 13:01,40.5,38480475,1880475
15-05-2025 13:02,24782.6,572400,588150,15-05-2025 13:02,149.55,39698925,385800,15-05-2025 13:02,37.45,38551500,1927575
15-05-2025 13:02,24780.1,558450,586575,15-05-2025 13:02,141.2,39719025,388875,15-05-2025 13:02,37.05,38500425,1923675
15-05-2025 13:02,24780.4,567150,580200,15-05-2025 13:02,143.7,39723750,392925,15-05-2025 13:02,37.85,38539200,1959750
15-05-2025 13:02,24775,569775,591900,15-05-2025 13:02,139.4,39719250,404550,15-05-2025 13:02,38.7,38587575,1978650
15-05-2025 13:02,24775,572250,585825,15-05-2025 13:02,137.05,39706275,411300,15-05-2025 13:02,38.35,38613150,1989450
15-05-2025 13:02,24779.4,582075,588075,15-05-2025 13:02,142.5,39717675,412575,15-05-2025 13:02,36.05,38602950,2000325
15-05-2025 13:03,24788.4,580650,581025,15-05-2025 13:03,145.8,39719700,402525,15-05-2025 13:03,34.9,38561400,2024625
15-05-2025 13:03,24800,576300,573525,15-05-2025 13:03,156.55,39727800,398325,15-05-2025 13:03,34,38543325,2022300
15-05-2025 13:03,24798.9,577350,578025,15-05-2025 13:03,165.85,39738525,346425,15-05-2025 13:03,33.65,38443575,2050200
15-05-2025 13:03,24800,578025,590250,15-05-2025 13:03,160.95,39746400,363000,15-05-2025 13:03,33.75,38524725,2049075
15-05-2025 13:03,24800.1,575700,587175,15-05-2025 13:03,166.2,39720225,368325,15-05-2025 13:03,32.25,38547375,2081025
15-05-2025 13:03,24796.9,571950,584850,15-05-2025 13:03,162.9,39731925,365325,15-05-2025 13:03,32.25,38523375,2078025
15-05-2025 13:04,24805,575550,587100,15-05-2025 13:04,162.85,39724125,382050,15-05-2025 13:04,31.95,38531100,2083350
15-05-2025 13:04,24803,576150,592125,15-05-2025 13:04,160.6,39717150,391875,15-05-2025 13:04,32.9,38601675,2060325
15-05-2025 13:04,24802.2,567225,586200,15-05-2025 13:04,160.5,39704850,401025,15-05-2025 13:04,32.45,38637075,2048400
15-05-2025 13:04,24802.2,568050,583875,15-05-2025 13:04,161.65,39691575,380475,15-05-2025 13:04,32.7,38643750,2047800
15-05-2025 13:04,24799,571875,593025,15-05-2025 13:04,158.75,39695700,396300,15-05-2025 13:04,33,38689275,2086275
15-05-2025 13:04,24799,572025,593700,15-05-2025 13:04,164.2,39715125,395250,15-05-2025 13:04,32.35,38728800,2085600
15-05-2025 13:05,24798,574575,589500,15-05-2025 13:05,161.3,39718425,396600,15-05-2025 13:05,33.05,38721525,2087550
15-05-2025 13:05,24802,571875,588000,15-05-2025 13:05,166.4,39688500,396075,15-05-2025 13:05,31.95,38724375,2103975
15-05-2025 13:05,24802.6,570675,590625,15-05-2025 13:05,165.9,39691050,381225,15-05-2025 13:05,32,38725050,2109150
15-05-2025 13:05,24805,571875,600525,15-05-2025 13:05,164.2,39683925,395175,15-05-2025 13:05,32.2,38736600,2120700
15-05-2025 13:05,24797.5,572925,599100,15-05-2025 13:05,163.45,39680025,391050,15-05-2025 13:05,32.9,38779050,2116200
15-05-2025 13:05,24815,576225,599175,15-05-2025 13:05,179.6,39679500,392100,15-05-2025 13:05,32.15,38793000,2090550
15-05-2025 13:06,24840,582150,545400,15-05-2025 13:06,204.7,39710250,311925,15-05-2025 13:06,28.35,38724600,2085150
15-05-2025 13:06,24828.4,559950,558225,15-05-2025 13:06,193.1,39665625,244125,15-05-2025 13:06,29.45,38365275,2076825
15-05-2025 13:06,24823.2,565875,544950,15-05-2025 13:06,192.75,39648225,225450,15-05-2025 13:06,30.45,38416200,2032800
15-05-2025 13:06,24822.6,571350,563100,15-05-2025 13:06,194.85,39644850,243375,15-05-2025 13:06,29.8,38499375,2023350
15-05-2025 13:06,24829.9,570675,549150,15-05-2025 13:06,195,39618000,248250,15-05-2025 13:06,29.85,38473350,2041575
15-05-2025 13:06,24828.1,571950,556875,15-05-2025 13:06,202,39615525,265125,15-05-2025 13:06,29.35,38538600,2058225
15-05-2025 13:07,24847.4,572175,545250,15-05-2025 13:07,225,39619500,257475,15-05-2025 13:07,27.5,38517075,2084175
15-05-2025 13:07,24841.1,557850,529650,15-05-2025 13:07,214.6,39615525,201750,15-05-2025 13:07,29.45,38563050,2077275
15-05-2025 13:07,24849.4,572850,526200,15-05-2025 13:07,223.25,39608100,234000,15-05-2025 13:07,29.6,38566200,2112975
15-05-2025 13:07,24859.1,578250,485025,15-05-2025 13:07,225.6,39627300,189150,15-05-2025 13:07,29.8,38570625,2101875
15-05-2025 13:07,24850.7,559875,496350,15-05-2025 13:07,230.4,39597750,149550,15-05-2025 13:07,28.6,38569800,2048100
15-05-2025 13:07,24850,575550,490875,15-05-2025 13:07,226.2,39584025,172050,15-05-2025 13:07,28.4,38526375,2057100
15-05-2025 13:08,24867.9,582750,474300,15-05-2025 13:08,253.4,39546075,167775,15-05-2025 13:08,27.95,38517450,2097075
15-05-2025 13:08,24884.3,598425,457425,15-05-2025 13:08,272.55,39553200,127125,15-05-2025 13:08,26.85,38477850,2119125
15-05-2025 13:08,24883.7,588900,402225,15-05-2025 13:08,265.95,39558525,101475,15-05-2025 13:08,25.5,38463150,2129625
15-05-2025 13:08,24889.9,576900,407850,15-05-2025 13:08,277.35,39533625,105900,15-05-2025 13:08,24.9,38434875,2125875
15-05-2025 13:08,24880.6,576825,411750,15-05-2025 13:08,260.05,39526350,128775,15-05-2025 13:08,24.85,38311050,2105100
15-05-2025 13:08,24881.6,591525,410625,15-05-2025 13:08,265.35,39183675,133050,15-05-2025 13:08,24.55,38348325,2107575
15-05-2025 13:09,24897,596850,400275,15-05-2025 13:09,284.8,38013750,123375,15-05-2025 13:09,22.9,38342550,2171550
15-05-2025 13:09,24884.3,585225,402525,15-05-2025 13:09,268,37995375,131325,15-05-2025 13:09,23.85,38382225,2147250
15-05-2025 13:09,24876,594000,411525,15-05-2025 13:09,254,37990950,158625,15-05-2025 13:09,24.6,38452425,2148225
15-05-2025 13:09,24866,586875,420675,15-05-2025 13:09,243.05,37974825,169800,15-05-2025 13:09,26.2,38522925,2060775
15-05-2025 13:09,24855.1,577650,427200,15-05-2025 13:09,239.7,37955550,171150,15-05-2025 13:09,25,38571750,1983225
15-05-2025 13:09,24860,584850,421575,15-05-2025 13:09,236.45,37957275,169875,15-05-2025 13:09,25.25,38562825,2023725
15-05-2025 13:10,24866.4,594975,415575,15-05-2025 13:10,244.1,37978425,161550,15-05-2025 13:10,25.3,38556825,2051850
15-05-2025 13:10,24882.8,608475,393600,15-05-2025 13:10,264.5,37985700,160500,15-05-2025 13:10,22.55,38561250,2070600
15-05-2025 13:10,24875.5,605325,410550,15-05-2025 13:10,256,37987200,158325,15-05-2025 13:10,23.35,38482200,2060700
15-05-2025 13:10,24879.2,617325,411225,15-05-2025 13:10,260.55,37952325,155400,15-05-2025 13:10,23.1,38514000,2081025
15-05-2025 13:10,24881.1,613425,413325,15-05-2025 13:10,256.5,37993875,155175,15-05-2025 13:10,21.45,38488425,2126925
15-05-2025 13:10,24880,612525,419475,15-05-2025 13:10,256.9,37979700,166125,15-05-2025 13:10,21.05,38252850,2111400
15-05-2025 13:11,24895,605025,408825,15-05-2025 13:11,270.25,38014575,168750,15-05-2025 13:11,19.1,38244075,2136000
15-05-2025 13:11,24896.8,612300,419700,15-05-2025 13:11,273.2,38019225,157950,15-05-2025 13:11,18.75,38209650,2172150
15-05-2025 13:11,24889.5,613500,412725,15-05-2025 13:11,273.55,37800075,161850,15-05-2025 13:11,19.15,38264100,2136225
15-05-2025 13:11,24892.3,629100,410700,15-05-2025 13:11,277.3,37762500,168525,15-05-2025 13:11,18.85,38300850,2132775
15-05-2025 13:11,24880.1,619950,435300,15-05-2025 13:11,260.15,37759500,153900,15-05-2025 13:11,20.3,38330850,2124675
15-05-2025 13:11,24879.2,618150,437175,15-05-2025 13:11,261.2,37745400,166200,15-05-2025 13:11,20.5,38374500,2113950
15-05-2025 13:12,24884.3,627150,430350,15-05-2025 13:12,268.4,37743450,166350,15-05-2025 13:12,20.05,38417550,2104050
15-05-2025 13:12,24882.2,613650,428250,15-05-2025 13:12,264.45,37730250,194250,15-05-2025 13:12,20.25,38437800,2105625
15-05-2025 13:12,24876,620550,436800,15-05-2025 13:12,252.35,37726500,197250,15-05-2025 13:12,20.95,38484075,2096850
15-05-2025 13:12,24871,620475,434625,15-05-2025 13:12,251.85,37671750,195000,15-05-2025 13:12,21.55,38488425,2102325
15-05-2025 13:12,24886.5,618600,441675,15-05-2025 13:12,264.55,37676925,192000,15-05-2025 13:12,19.65,38508150,2116275
15-05-2025 13:12,24886,623625,438825,15-05-2025 13:12,265.7,37680825,188700,15-05-2025 13:12,19.75,38460900,2163525
15-05-2025 13:13,24898.4,615000,427575,15-05-2025 13:13,275.6,37679625,186300,15-05-2025 13:13,18.1,38464800,2179125
15-05-2025 13:13,24885.2,612825,436200,15-05-2025 13:13,264.9,37717875,173400,15-05-2025 13:13,18.9,38357850,2163825
15-05-2025 13:13,24897.7,623850,431400,15-05-2025 13:13,271.1,37714200,156525,15-05-2025 13:13,18.85,38389725,2194575
15-05-2025 13:13,24892.4,634950,432150,15-05-2025 13:13,268.35,37690800,159900,15-05-2025 13:13,18.65,38404125,2155725
15-05-2025 13:13,24889.1,626175,435375,15-05-2025 13:13,272.5,37707675,161850,15-05-2025 13:13,18.3,38402400,2181000
15-05-2025 13:13,24888.3,634575,436350,15-05-2025 13:13,271.65,37712325,168300,15-05-2025 13:13,18.95,38224200,2210700
15-05-2025 13:14,24896.5,632100,430575,15-05-2025 13:14,286.85,37719075,150975,15-05-2025 13:14,18.6,38234925,2220300
15-05-2025 13:14,24907.1,615750,391125,15-05-2025 13:14,286.8,37718850,99975,15-05-2025 13:14,17.2,38095275,2231175
15-05-2025 13:14,24910.4,635400,402900,15-05-2025 13:14,289.55,37562325,98850,15-05-2025 13:14,17.8,38149125,2235300
15-05-2025 13:14,24917,629400,395700,15-05-2025 13:14,305.55,37449000,99600,15-05-2025 13:14,15.9,38196525,2253525
15-05-2025 13:14,24920.8,621675,378900,15-05-2025 13:14,312.7,37336275,78750,15-05-2025 13:14,15.05,38125950,2284050
15-05-2025 13:14,24920,622950,368925,15-05-2025 13:14,308.4,37342125,95475,15-05-2025 13:14,15.1,37971600,2255175
15-05-2025 13:15,24939.3,634800,331875,15-05-2025 13:15,333.95,37337325,92925,15-05-2025 13:15,14.9,37874400,2199225
15-05-2025 13:15,24954,630225,240825,15-05-2025 13:15,345,37240275,69675,15-05-2025 13:15,13.8,37865850,2202750
15-05-2025 13:15,24941.8,631125,247350,15-05-2025 13:15,344.45,37156125,69600,15-05-2025 13:15,13.15,37845750,2187300
15-05-2025 13:15,24950,645300,254025,15-05-2025 13:15,344.15,37105575,82800,15-05-2025 13:15,13.85,37883550,2156325
15-05-2025 13:15,24950,629475,249375,15-05-2025 13:15,343.6,37065375,85650,15-05-2025 13:15,14.45,37940700,2147625
15-05-2025 13:15,24944,637800,263175,15-05-2025 13:15,342.75,37063050,80475,15-05-2025 13:15,14.75,38002050,2145675
15-05-2025 13:16,24926.1,631350,271725,15-05-2025 13:16,321,37062075,83325,15-05-2025 13:16,15.75,38031675,2105550
15-05-2025 13:16,24924.8,630150,277725,15-05-2025 13:16,313.4,37046850,88725,15-05-2025 13:16,15.6,38051550,2059950
15-05-2025 13:16,24912.5,635025,278550,15-05-2025 13:16,306.95,37006050,88425,15-05-2025 13:16,15.35,38010150,2117025
15-05-2025 13:16,24910,616275,286650,15-05-2025 13:16,297.2,37004475,88800,15-05-2025 13:16,15.95,38027775,2112450
15-05-2025 13:16,24908.5,636900,292725,15-05-2025 13:16,297.95,36988800,91200,15-05-2025 13:16,16.85,38103225,2112225
15-05-2025 13:16,24910,629775,279825,15-05-2025 13:16,300.85,36986700,90225,15-05-2025 13:16,17,38118300,2051475
15-05-2025 13:17,24890.5,641325,291300,15-05-2025 13:17,279.3,36988200,94800,15-05-2025 13:17,18.45,38146350,2064450
15-05-2025 13:17,24892.3,614025,294450,15-05-2025 13:17,281.4,36968775,95475,15-05-2025 13:17,18.15,38153250,2001450
15-05-2025 13:17,24891.1,631275,296325,15-05-2025 13:17,280,36975375,99375,15-05-2025 13:17,18.6,37871025,2046300
15-05-2025 13:17,24910,641475,287475,15-05-2025 13:17,299.5,36989325,106050,15-05-2025 13:17,15.4,37839525,2108100
15-05-2025 13:17,24914,648225,287250,15-05-2025 13:17,297.85,36866550,92925,15-05-2025 13:17,15.2,37777875,2114925
15-05-2025 13:17,24924.6,643875,276675,15-05-2025 13:17,311.65,36826050,92100,15-05-2025 13:17,13.55,37783500,2161425
15-05-2025 13:18,24908.8,628650,291075,15-05-2025 13:18,291.4,36526950,97500,15-05-2025 13:18,15.6,37834725,2130375
15-05-2025 13:18,24903.9,642525,297525,15-05-2025 13:18,290.35,36492075,102300,15-05-2025 13:18,14.7,37813350,2169600
15-05-2025 13:18,24910.2,643425,293400,15-05-2025 13:18,295.05,36485625,110850,15-05-2025 13:18,14.55,37838625,2202075
15-05-2025 13:18,24912.9,654375,300750,15-05-2025 13:18,297.55,36456675,108225,15-05-2025 13:18,13.2,37873200,2203275
15-05-2025 13:18,24905.8,647700,301275,15-05-2025 13:18,293.35,36461400,105975,15-05-2025 13:18,14.05,37844550,2211975
15-05-2025 13:18,24906.1,643500,300075,15-05-2025 13:18,292,36471300,110025,15-05-2025 13:18,14.45,37947675,2197050
15-05-2025 13:19,24903,651150,307125,15-05-2025 13:19,282.65,36481425,111750,15-05-2025 13:19,15,37950375,2226225
15-05-2025 13:19,24900,648075,304500,15-05-2025 13:19,285.4,36458325,115425,15-05-2025 13:19,15.1,37913250,2181750
15-05-2025 13:19,24904,657750,301350,15-05-2025 13:19,291.15,36462150,118950,15-05-2025 13:19,14.55,37963725,2193225
15-05-2025 13:19,24915,642600,281325,15-05-2025 13:19,306.55,36461400,118275,15-05-2025 13:19,13.75,37934775,2270475
15-05-2025 13:19,24919.2,657075,296850,15-05-2025 13:19,307.95,36456000,105450,15-05-2025 13:19,13.8,37913400,2318325
15-05-2025 13:19,24926.5,649575,298425,15-05-2025 13:19,310.25,36451350,95850,15-05-2025 13:19,13.8,37920150,2290500
15-05-2025 13:20,24920.6,656625,299475,15-05-2025 13:20,309.1,36451800,99150,15-05-2025 13:20,14.15,37963650,2323050
15-05-2025 13:20,24923,664800,302325,15-05-2025 13:20,310.45,36448275,107025,15-05-2025 13:20,14,37976100,2262300
15-05-2025 13:20,24920.1,654900,306000,15-05-2025 13:20,309.6,36445725,102900,15-05-2025 13:20,14.2,37966275,2280000
15-05-2025 13:20,24917.8,658500,307575,15-05-2025 13:20,307.05,36440175,105900,15-05-2025 13:20,14.65,38019825,2270925
15-05-2025 13:20,24910,656925,310950,15-05-2025 13:20,296.7,36330675,113250,15-05-2025 13:20,15.7,38058750,2231700
15-05-2025 13:20,24910,656625,315975,15-05-2025 13:20,290.7,36316575,118350,15-05-2025 13:20,16.25,38070075,2169600
15-05-2025 13:21,24913,670125,318075,15-05-2025 13:21,299.95,36287775,118125,15-05-2025 13:21,15.8,38018925,2144100
15-05-2025 13:21,24902,652950,321000,15-05-2025 13:21,287.45,36288750,123000,15-05-2025 13:21,17,38026875,2168100
15-05-2025 13:21,24905,642150,317100,15-05-2025 13:21,284.4,36284550,122625,15-05-2025 13:21,17.4,38073525,2129925
15-05-2025 13:21,24899,663750,317250,15-05-2025 13:21,280.6,36131325,123975,15-05-2025 13:21,17.9,38112825,2201175
15-05-2025 13:21,24895.4,642450,319875,15-05-2025 13:21,282,36129975,125775,15-05-2025 13:21,17.9,38124450,2213250
15-05-2025 13:21,24891.5,651750,325725,15-05-2025 13:21,276.05,36126675,133125,15-05-2025 13:21,17.05,38055000,2138250
15-05-2025 13:22,24891,653100,326100,15-05-2025 13:22,273.35,36127650,129900,15-05-2025 13:22,18.55,38043600,2178000
15-05-2025 13:22,24900.5,670725,312750,15-05-2025 13:22,286.6,36106125,132975,15-05-2025 13:22,16.55,38057175,2169975
15-05-2025 13:22,24915.2,678450,309900,15-05-2025 13:22,301.35,35679900,134475,15-05-2025 13:22,14.75,38021250,2205825
15-05-2025 13:22,24904.1,666375,321300,15-05-2025 13:22,292.35,35680200,120375,15-05-2025 13:22,15.25,37921575,2237775
15-05-2025 13:22,24900.5,669450,318300,15-05-2025 13:22,290,35679225,119850,15-05-2025 13:22,15.9,38000850,2243925
15-05-2025 13:22,24904.3,666900,324150,15-05-2025 13:22,284.3,35678925,120450,15-05-2025 13:22,15.8,38064300,2199000
15-05-2025 13:23,24899.8,669150,324150,15-05-2025 13:23,286.8,35678400,118200,15-05-2025 13:23,16.15,38071875,2225475
15-05-2025 13:23,24902.2,674625,314850,15-05-2025 13:23,291.6,35681925,121200,15-05-2025 13:23,16.55,38096025,2239200
15-05-2025 13:23,24915,675450,319650,15-05-2025 13:23,296.3,35692050,118800,15-05-2025 13:23,15.8,38135250,2256675
15-05-2025 13:23,24915.1,669675,318525,15-05-2025 13:23,303.3,35659350,111975,15-05-2025 13:23,16.25,38126175,2271675
15-05-2025 13:23,24915.1,672675,311250,15-05-2025 13:23,302.05,35624775,113025,15-05-2025 13:23,15.65,38139975,2310600
15-05-2025 13:23,24910,678375,318750,15-05-2025 13:23,297.9,35624325,109875,15-05-2025 13:23,15.55,38145225,2329650
15-05-2025 13:24,24908.8,666075,324075,15-05-2025 13:24,300,35611200,117600,15-05-2025 13:24,16.4,38166375,2277600
15-05-2025 13:24,24913.9,675750,312750,15-05-2025 13:24,303.25,35612625,118950,15-05-2025 13:24,16.45,38195475,2257050
15-05-2025 13:24,24914.6,678525,323325,15-05-2025 13:24,305.45,35615325,120000,15-05-2025 13:24,16.55,38206725,2232375
15-05-2025 13:24,24912.3,673800,326250,15-05-2025 13:24,306.15,35616975,118800,15-05-2025 13:24,16.25,38218350,2268075
15-05-2025 13:24,24920,684900,322350,15-05-2025 13:24,309.1,35619075,121575,15-05-2025 13:24,16.1,38237400,2281125
15-05-2025 13:24,24916.7,675150,331800,15-05-2025 13:24,308.6,35619450,121950,15-05-2025 13:24,16.35,38233950,2261850
15-05-2025 13:25,24920.8,682725,324300,15-05-2025 13:25,310.75,35617575,121275,15-05-2025 13:25,15.9,38233275,2294250
15-05-2025 13:25,24918.1,670725,327600,15-05-2025 13:25,307,35624250,114675,15-05-2025 13:25,16,38184900,2276025
15-05-2025 13:25,24910.1,662700,324525,15-05-2025 13:25,302.05,35614875,113250,15-05-2025 13:25,16.55,38217000,2271450
15-05-2025 13:25,24910.9,678900,323775,15-05-2025 13:25,303.2,35608575,111150,15-05-2025 13:25,15.75,38201325,2326875
15-05-2025 13:25,24910.6,675525,328200,15-05-2025 13:25,296.7,35607675,117450,15-05-2025 13:25,16.55,38205150,2334225
15-05-2025 13:25,24909.2,679500,327150,15-05-2025 13:25,298,35608500,114300,15-05-2025 13:25,17.7,38244000,2305050
15-05-2025 13:26,24902.9,676800,327150,15-05-2025 13:26,295.1,35598975,117900,15-05-2025 13:26,18,38263875,2231850
15-05-2025 13:26,24903.2,669600,323400,15-05-2025 13:26,292.7,35596050,120675,15-05-2025 13:26,18.75,38226675,2197275
15-05-2025 13:26,24905.4,678600,337125,15-05-2025 13:26,297.8,35604600,126075,15-05-2025 13:26,19.4,38221350,2188200
15-05-2025 13:26,24911.3,681000,339225,15-05-2025 13:26,300.95,35607375,126150,15-05-2025 13:26,18.75,38243775,2129175
15-05-2025 13:26,24910,679650,337050,15-05-2025 13:26,298.75,35602425,124125,15-05-2025 13:26,18.4,38108625,2153325
15-05-2025 13:26,24914.1,685500,333375,15-05-2025 13:26,307.3,35585625,124425,15-05-2025 13:26,17.6,38102850,2168625
15-05-2025 13:27,24925,684900,334800,15-05-2025 13:27,314.75,35579550,118875,15-05-2025 13:27,16.65,38087700,2208825
15-05-2025 13:27,24916.5,671850,341475,15-05-2025 13:27,305.5,35526075,114300,15-05-2025 13:27,17.15,37874100,2209425
15-05-2025 13:27,24907.2,675825,344550,15-05-2025 13:27,298.55,35529000,122025,15-05-2025 13:27,17.55,37893150,2206875
15-05-2025 13:27,24907,664875,350325,15-05-2025 13:27,294.6,35516175,122850,15-05-2025 13:27,18.15,37913025,2196225
15-05-2025 13:27,24902,668625,351675,15-05-2025 13:27,290,35154975,123300,15-05-2025 13:27,19.95,37934850,2187750
15-05-2025 13:27,24903,679875,351300,15-05-2025 13:27,294.25,35134425,124950,15-05-2025 13:27,19.2,37954275,2169975
15-05-2025 13:28,24915,671625,349425,15-05-2025 13:28,300.25,35135775,127275,15-05-2025 13:28,17.45,37940775,2213775
15-05-2025 13:28,24915,676350,347850,15-05-2025 13:28,302.85,35140650,130275,15-05-2025 13:28,17.2,37908825,2205000
15-05-2025 13:28,24911.1,684000,350550,15-05-2025 13:28,297.1,35135025,131700,15-05-2025 13:28,18.4,37942275,2204325
15-05-2025 13:28,24917.7,684075,328275,15-05-2025 13:28,306.75,35138325,132225,15-05-2025 13:28,17.7,37958550,2226900
15-05-2025 13:28,24923,676350,344625,15-05-2025 13:28,307.45,35137725,124050,15-05-2025 13:28,17.75,37953600,2230500
15-05-2025 13:28,24925,678675,343950,15-05-2025 13:28,308.7,35140275,122625,15-05-2025 13:28,18.25,37974825,2235300
15-05-2025 13:29,24929.9,678300,334650,15-05-2025 13:29,318.9,35134200,103800,15-05-2025 13:29,17.05,37945650,2196000
15-05-2025 13:29,24931.5,679050,334650,15-05-2025 13:29,318.3,34989750,104250,15-05-2025 13:29,16.95,37907850,2245350
15-05-2025 13:29,24930,667200,333000,15-05-2025 13:29,315.4,34985625,106050,15-05-2025 13:29,16.65,37907850,2239500
15-05-2025 13:29,24934.6,673950,332700,15-05-2025 13:29,320.45,34811250,110475,15-05-2025 13:29,16.75,37894575,2227200
15-05-2025 13:29,24939,685350,332625,15-05-2025 13:29,327.6,34808625,101025,15-05-2025 13:29,16.15,37918950,2260575
15-05-2025 13:29,24942,681825,328800,15-05-2025 13:29,330.95,34814400,84375,15-05-2025 13:29,16.5,37907550,2232150
15-05-2025 13:30,24950.5,680400,312150,15-05-2025 13:30,339.05,34814175,88125,15-05-2025 13:30,15.3,37870725,2273775
15-05-2025 13:30,24955.3,675750,296625,15-05-2025 13:30,350.4,34803000,79800,15-05-2025 13:30,14.65,37867575,2249850
15-05-2025 13:30,24973,679125,291525,15-05-2025 13:30,370.4,35031075,62625,15-05-2025 13:30,13.8,37711350,2224125
15-05-2025 13:30,24972,677250,272550,15-05-2025 13:30,372,35033100,54750,15-05-2025 13:30,13.95,37672125,2209725
15-05-2025 13:30,24972.6,674100,271950,15-05-2025 13:30,369.65,34988550,58125,15-05-2025 13:30,12.4,37624350,2240025
15-05-2025 13:30,24974.5,684750,282525,15-05-2025 13:30,372.3,34984725,58650,15-05-2025 13:30,12.35,37508850,2246025
15-05-2025 13:31,24980,674325,282600,15-05-2025 13:31,384.5,34985775,59625,15-05-2025 13:31,11.2,37555650,2274000
15-05-2025 13:31,24980,670800,280050,15-05-2025 13:31,384.45,34895175,67200,15-05-2025 13:31,11.25,37491825,2259900
15-05-2025 13:31,24982.1,672300,279825,15-05-2025 13:31,391.5,34949925,64050,15-05-2025 13:31,11.2,37331925,2290650
15-05-2025 13:31,24987.7,677400,276675,15-05-2025 13:31,397.85,34985775,67500,15-05-2025 13:31,11.3,37291275,2235750
15-05-2025 13:31,24995,681525,266250,15-05-2025 13:31,397.6,34853850,64425,15-05-2025 13:31,11.55,37290375,2260125
15-05-2025 13:31,24986.3,674175,265875,15-05-2025 13:31,392.6,34752450,67275,15-05-2025 13:31,11.75,37326150,2199825
15-05-2025 13:32,24997.2,684150,267075,15-05-2025 13:32,404.05,34420725,65250,15-05-2025 13:32,11.1,37275300,2229525
15-05-2025 13:32,24992.4,660750,269400,15-05-2025 13:32,396.9,34409925,63300,15-05-2025 13:32,11.25,37223775,2223750
15-05-2025 13:32,24989.6,669825,268500,15-05-2025 13:32,397.6,34414350,64500,15-05-2025 13:32,11.15,37245000,2260575
15-05-2025 13:32,24988.8,674550,274275,15-05-2025 13:32,396.2,34410000,67125,15-05-2025 13:32,10.8,37233225,2290200
15-05-2025 13:32,24980.8,666675,279900,15-05-2025 13:32,387.15,34377075,69900,15-05-2025 13:32,11.15,37221600,2255025
15-05-2025 13:32,24984,668100,280725,15-05-2025 13:32,389.6,34372125,73575,15-05-2025 13:32,10.75,37230600,2284800
15-05-2025 13:33,24992,675825,282825,15-05-2025 13:33,393.4,34370850,68025,15-05-2025 13:33,10.6,37247175,2309475
15-05-2025 13:33,24995,678750,282975,15-05-2025 13:33,392.35,34369650,62025,15-05-2025 13:33,10.55,37256775,2289900
15-05-2025 13:33,24996,683475,284400,15-05-2025 13:33,398.7,34367625,63225,15-05-2025 13:33,10.05,37274325,2277000
15-05-2025 13:33,24991.2,678225,290175,15-05-2025 13:33,391.25,34367700,67425,15-05-2025 13:33,10.25,37208400,2261850
15-05-2025 13:33,24990.1,686550,277350,15-05-2025 13:33,401.5,34164975,67950,15-05-2025 13:33,9.2,37165425,2276925
15-05-2025 13:33,24990.1,682575,282300,15-05-2025 13:33,393.2,34167750,65700,15-05-2025 13:33,9.5,37185075,2226375
15-05-2025 13:34,24990.4,696600,284700,15-05-2025 13:34,399.1,34167825,64200,15-05-2025 13:34,10.2,37272300,2236500
15-05-2025 13:34,24986.1,694575,285825,15-05-2025 13:34,391.7,34059675,66900,15-05-2025 13:34,10.4,37320300,2172225
15-05-2025 13:34,24985.7,692250,284475,15-05-2025 13:34,395,34144725,71400,15-05-2025 13:34,10.3,37299450,2167275
15-05-2025 13:34,24991.7,690600,283200,15-05-2025 13:34,401.05,33616650,68550,15-05-2025 13:34,10.2,37261500,2190300
15-05-2025 13:34,24992.2,684675,287250,15-05-2025 13:34,395.05,33662325,64875,15-05-2025 13:34,10.65,37235325,2205900
15-05-2025 13:34,24985.2,693675,286275,15-05-2025 13:34,394.55,33697800,67875,15-05-2025 13:34,10.5,37236075,2187450
15-05-2025 13:35,24987.3,692775,284025,15-05-2025 13:35,393.6,33734025,69150,15-05-2025 13:35,10.9,37057725,2190600
15-05-2025 13:35,24982.2,683250,291450,15-05-2025 13:35,390.5,33733200,71775,15-05-2025 13:35,11.3,37104450,2172075
15-05-2025 13:35,24976,695400,294600,15-05-2025 13:35,390,33660300,73725,15-05-2025 13:35,11.95,37118700,2143425
15-05-2025 13:35,24970.5,673500,300675,15-05-2025 13:35,371.65,33178875,84150,15-05-2025 13:35,12.1,36497625,2123775
15-05-2025 13:35,24970,684300,296550,15-05-2025 13:35,370.55,33185550,82800,15-05-2025 13:35,12.05,36467475,2155725
15-05-2025 13:35,24980,688275,298200,15-05-2025 13:35,382.95,33308175,71100,15-05-2025 13:35,11.2,36500925,2179875
15-05-2025 13:36,24977.6,679500,299550,15-05-2025 13:36,379.9,33309225,67125,15-05-2025 13:36,11.25,36415575,2190975
15-05-2025 13:36,24989,696525,299925,15-05-2025 13:36,394.2,33310725,67050,15-05-2025 13:36,10.4,36337575,2231025
15-05-2025 13:36,24988.5,684300,288375,15-05-2025 13:36,393.85,33120075,68325,15-05-2025 13:36,10.6,36401250,2257050
15-05-2025 13:36,24995.2,692475,279675,15-05-2025 13:36,399.55,33117750,65250,15-05-2025 13:36,10.5,36406350,2297850
15-05-2025 13:36,25017,690975,238650,15-05-2025 13:36,420,33172200,63075,15-05-2025 13:36,9.05,36406575,2326425
15-05-2025 13:36,25015,682800,248625,15-05-2025 13:36,424.6,33169800,50850,15-05-2025 13:36,9.3,36292875,2304750
15-05-2025 13:37,25019.4,674475,249525,15-05-2025 13:37,422.45,33167400,53250,15-05-2025 13:37,9.15,36371100,2314950
15-05-2025 13:37,25015,686625,254550,15-05-2025 13:37,419.8,33157650,57525,15-05-2025 13:37,10,36481350,2308200
15-05-2025 13:37,25002,685650,266550,15-05-2025 13:37,409.7,33144600,56250,15-05-2025 13:37,9.6,36538575,2352375
15-05-2025 13:37,25000,676200,266625,15-05-2025 13:37,400.2,33136650,61875,15-05-2025 13:37,10.5,36486825,2336550
15-05-2025 13:37,24996,690375,267450,15-05-2025 13:37,406.2,33140325,60225,15-05-2025 13:37,10.5,36468075,2293950
15-05-2025 13:37,24996,688875,268725,15-05-2025 13:37,404.35,33143250,71325,15-05-2025 13:37,9.9,36450675,2425125
15-05-2025 13:38,25000,685575,271500,15-05-2025 13:38,409.7,33142800,63300,15-05-2025 13:38,9.9,36518175,2457525
15-05-2025 13:38,25006.7,693375,272625,15-05-2025 13:38,410.1,33144075,64125,15-05-2025 13:38,9.75,36586500,2441400
15-05-2025 13:38,25000,683775,288450,15-05-2025 13:38,402,32824050,65625,15-05-2025 13:38,10.45,36651825,2440275
15-05-2025 13:38,25000,690975,286275,15-05-2025 13:38,410.05,32825775,67050,15-05-2025 13:38,9.95,36631425,2429700
15-05-2025 13:38,25000,694575,284775,15-05-2025 13:38,410.7,32823000,69375,15-05-2025 13:38,9.8,36608475,2465325
15-05-2025 13:38,25006.4,696300,283050,15-05-2025 13:38,413.85,32827500,66075,15-05-2025 13:38,9.8,36588300,2468175
15-05-2025 13:39,25006.4,696300,293250,15-05-2025 13:39,408.65,32822475,66600,15-05-2025 13:39,9.7,36587175,2406675
15-05-2025 13:39,25010,703875,286500,15-05-2025 13:39,418,32826825,63600,15-05-2025 13:39,9.4,36580050,2425350
15-05-2025 13:39,25007.9,693225,288150,15-05-2025 13:39,416.4,32824650,65250,15-05-2025 13:39,9.15,36599925,2433000
15-05-2025 13:39,25006.1,688275,294600,15-05-2025 13:39,408.9,32821800,67800,15-05-2025 13:39,9.4,36792300,2449500
15-05-2025 13:39,25010,700950,295275,15-05-2025 13:39,415,32664150,67275,15-05-2025 13:39,9.2,36887850,2437725
15-05-2025 13:39,25006.2,694950,291450,15-05-2025 13:39,412.8,32606325,67125,15-05-2025 13:39,9.2,36720225,2459100
15-05-2025 13:40,25009.9,700875,295200,15-05-2025 13:40,414.1,32605575,67800,15-05-2025 13:40,9.3,36578550,2405250
15-05-2025 13:40,25016,706875,293175,15-05-2025 13:40,423.1,32612400,66750,15-05-2025 13:40,9.15,36552000,2410050
15-05-2025 13:40,25023.3,693675,285675,15-05-2025 13:40,433.45,32611275,58725,15-05-2025 13:40,9.75,36601200,2404275
15-05-2025 13:40,25025.1,691425,278550,15-05-2025 13:40,429.55,32611500,57150,15-05-2025 13:40,9.5,36592575,2319300
15-05-2025 13:40,25012.7,676950,286425,15-05-2025 13:40,416,32602275,66150,15-05-2025 13:40,9.6,36622650,2274450
15-05-2025 13:40,25017,686625,284250,15-05-2025 13:40,425.15,32596500,62625,15-05-2025 13:40,9.9,36655350,2287500
15-05-2025 13:41,25016.2,688425,284250,15-05-2025 13:41,421.1,32510625,71775,15-05-2025 13:41,9.9,36684000,2312700
15-05-2025 13:41,25020,690150,283500,15-05-2025 13:41,420.55,32495925,71400,15-05-2025 13:41,9.85,36677925,2289975
15-05-2025 13:41,25020,694725,284700,15-05-2025 13:41,421.05,32496600,71325,15-05-2025 13:41,9.6,36670500,2343000
15-05-2025 13:41,25015.3,692325,296025,15-05-2025 13:41,414.4,32495625,71250,15-05-2025 13:41,9.45,36620325,2368800
15-05-2025 13:41,25013,690450,288450,15-05-2025 13:41,417.4,32488650,71775,15-05-2025 13:41,8.7,36604800,2411400
15-05-2025 13:41,25011,682125,296400,15-05-2025 13:41,415.35,32482575,72150,15-05-2025 13:41,9.15,36558750,2388150
15-05-2025 13:42,25016,690000,292800,15-05-2025 13:42,420.25,32494950,73275,15-05-2025 13:42,8.75,36568650,2410500
15-05-2025 13:42,25011,692400,293100,15-05-2025 13:42,415.3,32523450,75300,15-05-2025 13:42,9.05,36568275,2446650
15-05-2025 13:42,25016,694275,296550,15-05-2025 13:42,418,32524575,82350,15-05-2025 13:42,9.25,36575250,2364900
15-05-2025 13:42,25015,698475,290925,15-05-2025 13:42,418.95,32525550,78150,15-05-2025 13:42,9.1,36612825,2371575
15-05-2025 13:42,25018.5,698100,290625,15-05-2025 13:42,419.6,32531325,76875,15-05-2025 13:42,8.85,36537525,2400450
15-05-2025 13:42,25018,697500,289575,15-05-2025 13:42,418.25,32527875,74925,15-05-2025 13:42,8.75,36517500,2408325
15-05-2025 13:43,25023.9,695100,291825,15-05-2025 13:43,420.75,32496825,76650,15-05-2025 13:43,8.6,36525675,2421975
15-05-2025 13:43,25019.5,692850,301650,15-05-2025 13:43,416.25,32497200,80775,15-05-2025 13:43,8.95,36574950,2403825
15-05-2025 13:43,25019,692550,298050,15-05-2025 13:43,416,32494200,78825,15-05-2025 13:43,8.95,36607800,2379450
15-05-2025 13:43,25017.9,693600,295650,15-05-2025 13:43,423.45,32462850,75300,15-05-2025 13:43,8.8,36596850,2414550
15-05-2025 13:43,25015.5,696450,303450,15-05-2025 13:43,419.2,31753275,75375,15-05-2025 13:43,8.85,36648300,2446725
15-05-2025 13:43,25016.1,700125,301500,15-05-2025 13:43,419.5,31728075,74700,15-05-2025 13:43,8.8,36669675,2474100
15-05-2025 13:44,25010.6,698775,311250,15-05-2025 13:44,404.55,31703550,78375,15-05-2025 13:44,9.3,36725175,2477025
15-05-2025 13:44,25005.4,695700,312450,15-05-2025 13:44,404.15,31694700,81675,15-05-2025 13:44,9.25,36789300,2420925
15-05-2025 13:44,25008.4,705150,307650,15-05-2025 13:44,406.3,31748325,79650,15-05-2025 13:44,8.9,36743475,2517975
15-05-2025 13:44,25005,696300,316575,15-05-2025 13:44,403.8,31747725,81375,15-05-2025 13:44,9.05,36741525,2533200
15-05-2025 13:44,25012,700275,311625,15-05-2025 13:44,409.85,31740975,81975,15-05-2025 13:44,8.35,36681750,2624400
15-05-2025 13:44,25015.5,704325,311700,15-05-2025 13:44,410,31740150,87825,15-05-2025 13:44,8.15,36649350,2556900
15-05-2025 13:45,25023,702750,301200,15-05-2025 13:45,420,31742625,80175,15-05-2025 13:45,7.6,36564900,2562075
15-05-2025 13:45,25018.3,694275,302700,15-05-2025 13:45,412.55,31735725,84375,15-05-2025 13:45,7.8,36645600,2452425
15-05-2025 13:45,25024.8,700575,303750,15-05-2025 13:45,420.8,31740300,83325,15-05-2025 13:45,7.15,36620325,2496300
15-05-2025 13:45,25024.8,699300,302175,15-05-2025 13:45,419.7,31738125,85125,15-05-2025 13:45,7,36543675,2556150
15-05-2025 13:45,25047.9,716250,287250,15-05-2025 13:45,447.6,31578675,78450,15-05-2025 13:45,6.45,36463125,2556600
15-05-2025 13:45,25074.1,718950,254400,15-05-2025 13:45,462.55,31576125,48750,15-05-2025 13:45,6.3,36450150,2502600
15-05-2025 13:46,25075.1,716550,244800,15-05-2025 13:46,472.55,31576800,45300,15-05-2025 13:46,5.95,36385950,2505975
15-05-2025 13:46,25069.1,714225,243525,15-05-2025 13:46,471.55,31483125,45900,15-05-2025 13:46,6.1,36495600,2473650
15-05-2025 13:46,25068.4,705900,254400,15-05-2025 13:46,461.2,31460250,52425,15-05-2025 13:46,6.3,36472575,2333775
15-05-2025 13:46,25066.2,699900,256650,15-05-2025 13:46,464.45,31461150,54675,15-05-2025 13:46,5.95,36518550,2301825
15-05-2025 13:46,25074.2,706350,252900,15-05-2025 13:46,470.25,31455675,45750,15-05-2025 13:46,5.85,36363750,2262900
15-05-2025 13:46,25069.5,708750,261975,15-05-2025 13:46,462.3,31395975,48975,15-05-2025 13:46,6.05,36435300,2209575
15-05-2025 13:47,25078,713325,257400,15-05-2025 13:47,473.3,31391925,47175,15-05-2025 13:47,6.05,36371700,2210700
15-05-2025 13:47,25078.8,707475,263025,15-05-2025 13:47,472.8,31388025,47925,15-05-2025 13:47,6,36159075,2159550
15-05-2025 13:47,25073.9,707550,265200,15-05-2025 13:47,472.25,31239375,47925,15-05-2025 13:47,6.15,36207900,2162925
15-05-2025 13:47,25071,694125,270600,15-05-2025 13:47,470.45,31234500,52575,15-05-2025 13:47,6.45,36185775,2100750
15-05-2025 13:47,25072.4,694875,277275,15-05-2025 13:47,465.75,31202700,54825,15-05-2025 13:47,6.55,36261225,2009700
15-05-2025 13:47,25078.7,697200,271575,15-05-2025 13:47,476.6,31359225,52200,15-05-2025 13:47,6.7,36274800,2081700
15-05-2025 13:48,25077.9,697425,266925,15-05-2025 13:48,478.75,31357500,50025,15-05-2025 13:48,6.55,36294600,2057325
15-05-2025 13:48,25075.7,705375,265425,15-05-2025 13:48,477,30933825,49050,15-05-2025 13:48,6.7,36300000,2064750
15-05-2025 13:48,25077.7,704325,270525,15-05-2025 13:48,481.05,30550650,52200,15-05-2025 13:48,6.65,36196875,2097000
15-05-2025 13:48,25085.7,706125,260025,15-05-2025 13:48,490,30539625,52875,15-05-2025 13:48,6.7,36256950,2088075
15-05-2025 13:48,25083.9,697875,266700,15-05-2025 13:48,486.65,30526200,54900,15-05-2025 13:48,6.6,36269475,2106000
15-05-2025 13:48,25091.9,709050,272175,15-05-2025 13:48,492.15,30654000,50475,15-05-2025 13:48,6.55,36209475,2083800
15-05-2025 13:49,25082.7,704400,277875,15-05-2025 13:49,486.2,30656325,71325,15-05-2025 13:49,6.55,36211275,2120175
15-05-2025 13:49,25079.5,699600,280275,15-05-2025 13:49,480.1,30520950,59700,15-05-2025 13:49,6.5,36197475,2092350
15-05-2025 13:49,25083,701925,283275,15-05-2025 13:49,481.25,30520050,51000,15-05-2025 13:49,6.55,36225600,2095575
15-05-2025 13:49,25081.1,698175,282075,15-05-2025 13:49,479.05,30420525,53025,15-05-2025 13:49,6.7,36221325,2032500
15-05-2025 13:49,25080.6,696225,284100,15-05-2025 13:49,475,30416175,52500,15-05-2025 13:49,6.9,36093450,1978125
15-05-2025 13:49,25071.2,700275,297600,15-05-2025 13:49,467.15,30411675,58725,15-05-2025 13:49,7.1,36128925,1982250
15-05-2025 13:50,25080,714075,289350,15-05-2025 13:50,477.55,30409875,54375,15-05-2025 13:50,6.9,36099525,1996125
15-05-2025 13:50,25071.5,706050,293925,15-05-2025 13:50,473.75,30413250,52725,15-05-2025 13:50,7.05,36070275,1995000
15-05-2025 13:50,25075,700275,293025,15-05-2025 13:50,475.8,30402825,53775,15-05-2025 13:50,7.05,36046725,2027850
15-05-2025 13:50,25073.6,703500,292050,15-05-2025 13:50,473.65,30238950,61500,15-05-2025 13:50,7.05,36067050,2009250
15-05-2025 13:50,25070.8,704250,297000,15-05-2025 13:50,469.75,30074250,59400,15-05-2025 13:50,7,36077550,2042775
15-05-2025 13:50,25071.4,709650,297525,15-05-2025 13:50,469.9,30069525,60525,15-05-2025 13:50,6.95,36031425,2049300
15-05-2025 13:51,25072.8,708675,303375,15-05-2025 13:51,471.05,30117750,60450,15-05-2025 13:51,7,36016425,2044725
15-05-2025 13:51,25077.9,718725,305250,15-05-2025 13:51,474.5,30120675,60750,15-05-2025 13:51,7,36040125,2087925
15-05-2025 13:51,25077.7,713100,296925,15-05-2025 13:51,474.45,30119925,60975,15-05-2025 13:51,7,35968050,2081400
15-05-2025 13:51,25081.6,717300,293775,15-05-2025 13:51,477.4,30166275,60450,15-05-2025 13:51,6.8,35933550,2086950
15-05-2025 13:51,25080,716250,291900,15-05-2025 13:51,472.7,30166950,60450,15-05-2025 13:51,6.9,35913900,2134125
15-05-2025 13:51,25080,718275,299700,15-05-2025 13:51,475.75,30118275,61875,15-05-2025 13:51,6.6,35908125,2155200
15-05-2025 13:52,25079.3,717750,296775,15-05-2025 13:52,480.15,30122100,58050,15-05-2025 13:52,6.3,35877975,2185500
15-05-2025 13:52,25082.9,713025,294525,15-05-2025 13:52,480.8,30119550,58875,15-05-2025 13:52,6.2,35832300,2251800
15-05-2025 13:52,25085.9,719175,297525,15-05-2025 13:52,480.8,30120375,58650,15-05-2025 13:52,6.05,35838825,2227350
15-05-2025 13:52,25090,723450,298275,15-05-2025 13:52,488,30121050,57825,15-05-2025 13:52,6.1,35788500,2285325
15-05-2025 13:52,25103.9,728400,287925,15-05-2025 13:52,498.55,30123750,49800,15-05-2025 13:52,5.95,35762625,2237925
15-05-2025 13:52,25099.6,716700,278325,15-05-2025 13:52,489.85,30121950,46725,15-05-2025 13:52,6,35862075,2221350
15-05-2025 13:53,25092,715050,273675,15-05-2025 13:53,489.3,30117300,46050,15-05-2025 13:53,5.9,35810700,2229000
15-05-2025 13:53,25089.9,706050,278775,15-05-2025 13:53,486,30114675,49050,15-05-2025 13:53,6,35853900,2159550
15-05-2025 13:53,25085,723300,280950,15-05-2025 13:53,480.4,30108000,48150,15-05-2025 13:53,6.05,35893800,2177700
15-05-2025 13:53,25085,730875,278925,15-05-2025 13:53,482.75,29965125,46725,15-05-2025 13:53,6.2,35928000,2162025
15-05-2025 13:53,25085,723600,279900,15-05-2025 13:53,483.7,29965200,46800,15-05-2025 13:53,6.1,35957325,2133975
15-05-2025 13:53,25085,718875,276300,15-05-2025 13:53,481,29965800,46500,15-05-2025 13:53,6,35917050,2198025
15-05-2025 13:54,25085.2,717450,282075,15-05-2025 13:54,485,29748000,47775,15-05-2025 13:54,5.9,35833500,2231700
15-05-2025 13:54,25083.4,720975,282450,15-05-2025 13:54,483.6,29668650,48825,15-05-2025 13:54,5.75,35858400,2246250
15-05-2025 13:54,25089,728625,280200,15-05-2025 13:54,481.25,29478075,47850,15-05-2025 13:54,5.75,35867625,2207700
15-05-2025 13:54,25087.8,724425,278250,15-05-2025 13:54,488.15,29406450,47400,15-05-2025 13:54,5.65,35826975,2231775
15-05-2025 13:54,25095,729150,275025,15-05-2025 13:54,489.2,29404275,47400,15-05-2025 13:54,5.55,35810175,2242725
15-05-2025 13:54,25097.3,720000,297600,15-05-2025 13:54,485.9,29402325,50775,15-05-2025 13:54,5.65,35877450,2186175
15-05-2025 13:55,25094.3,712875,294225,15-05-2025 13:55,483.1,29403225,51150,15-05-2025 13:55,5.55,35876925,2162250
15-05-2025 13:55,25091.8,711825,297000,15-05-2025 13:55,481,29196750,50850,15-05-2025 13:55,5.7,35915775,2134500
15-05-2025 13:55,25086.3,718575,293700,15-05-2025 13:55,479.7,29155350,55050,15-05-2025 13:55,5.95,35991225,2079450
15-05-2025 13:55,25096.6,722700,281775,15-05-2025 13:55,490.8,29144625,47325,15-05-2025 13:55,5.6,35981100,2135925
15-05-2025 13:55,25095,721125,286125,15-05-2025 13:55,487.7,29144700,47625,15-05-2025 13:55,5.65,35889075,2147475
15-05-2025 13:55,25092.7,723825,288075,15-05-2025 13:55,487.85,29143200,61275,15-05-2025 13:55,5.5,35866125,2183625
15-05-2025 13:56,25089.3,720375,285900,15-05-2025 13:56,485.85,29144325,64575,15-05-2025 13:56,5.55,35879250,2190675
15-05-2025 13:56,25087.2,728400,291525,15-05-2025 13:56,480,29142450,66075,15-05-2025 13:56,5.6,35888400,2131800
15-05-2025 13:56,25089.4,724125,290625,15-05-2025 13:56,485.1,29145975,64950,15-05-2025 13:56,5.65,35931975,2099775
15-05-2025 13:56,25086.4,723000,288600,15-05-2025 13:56,481.25,29142600,69525,15-05-2025 13:56,5.5,35926425,2155950
15-05-2025 13:56,25088.3,721200,288675,15-05-2025 13:56,481.75,29137875,71400,15-05-2025 13:56,5.65,35975850,2155800
15-05-2025 13:56,25084.9,724650,286725,15-05-2025 13:56,477.4,28695825,72225,15-05-2025 13:56,5.5,35934450,2170875
15-05-2025 13:57,25094,729150,285825,15-05-2025 13:57,484.05,28695675,71025,15-05-2025 13:57,5.15,35833275,2211225
15-05-2025 13:57,25094.8,733725,283725,15-05-2025 13:57,487.45,28697025,63900,15-05-2025 13:57,4.95,35796225,2297400
15-05-2025 13:57,25091.2,728400,286950,15-05-2025 13:57,481.95,28694475,65850,15-05-2025 13:57,5.15,35765550,2287575
15-05-2025 13:57,25094.2,739950,285225,15-05-2025 13:57,483.55,28697175,72450,15-05-2025 13:57,5,35753625,2187075
15-05-2025 13:57,25095.2,738900,285675,15-05-2025 13:57,487.1,28693875,56850,15-05-2025 13:57,4.85,35752950,2207250
15-05-2025 13:57,25092.3,740850,285975,15-05-2025 13:57,482,28695300,57825,15-05-2025 13:57,5,35817900,2262225
15-05-2025 13:58,25102,738600,284475,15-05-2025 13:58,485,28688775,56400,15-05-2025 13:58,5,35776575,2268075
15-05-2025 13:58,25100,726750,282750,15-05-2025 13:58,486.3,28608600,54000,15-05-2025 13:58,4.95,35840550,2187975
15-05-2025 13:58,25098.6,724200,284475,15-05-2025 13:58,485.2,28609500,53925,15-05-2025 13:58,4.85,35936775,2251350
15-05-2025 13:58,25111,729225,274950,15-05-2025 13:58,499.25,28606875,54675,15-05-2025 13:58,4.65,35906850,2420100
15-05-2025 13:58,25106,732000,258150,15-05-2025 13:58,491.75,28606875,50775,15-05-2025 13:58,4.7,36141150,2427000
15-05-2025 13:58,25105.7,729225,256725,15-05-2025 13:58,495.75,28604700,48825,15-05-2025 13:58,4.65,36013950,2439900
15-05-2025 13:59,25106.2,736950,261450,15-05-2025 13:59,490.05,28602300,50550,15-05-2025 13:59,4.85,36208425,2369925
15-05-2025 13:59,25111.2,737250,261300,15-05-2025 13:59,497.75,28606275,49575,15-05-2025 13:59,4.85,36148950,2309100
15-05-2025 13:59,25117.1,738300,253875,15-05-2025 13:59,503.3,28602525,52125,15-05-2025 13:59,4.7,36140700,2260725
15-05-2025 13:59,25116.1,731850,243150,15-05-2025 13:59,504,28604400,52125,15-05-2025 13:59,4.8,36168450,2289675
15-05-2025 13:59,25123.3,733350,245250,15-05-2025 13:59,504,28483500,54225,15-05-2025 13:59,4.85,36177525,2071950
15-05-2025 13:59,25110,725025,259350,15-05-2025 13:59,492.05,28450800,51450,15-05-2025 13:59,4.95,36146625,2097975
15-05-2025 14:00,25110.9,724200,255150,15-05-2025 14:00,493.1,28450200,53175,15-05-2025 14:00,4.75,36158100,2135400
15-05-2025 14:00,25107.5,729900,256200,15-05-2025 14:00,485,28449600,55950,15-05-2025 14:00,4.95,36083775,2172525
15-05-2025 14:00,25095.7,716850,261525,15-05-2025 14:00,470.25,28444425,57450,15-05-2025 14:00,5.25,36123000,1981950
15-05-2025 14:00,25075,702975,265950,15-05-2025 14:00,454.4,28434675,52950,15-05-2025 14:00,5.5,36119250,1906500
15-05-2025 14:00,25075,710925,263325,15-05-2025 14:00,456.5,28436175,51525,15-05-2025 14:00,5.9,36246225,1891125
15-05-2025 14:00,25072.9,724425,258600,15-05-2025 14:00,455.75,28440450,50175,15-05-2025 14:00,6.35,36183675,1815825
15-05-2025 14:01,25080.7,731775,266250,15-05-2025 14:01,460.95,28441875,48000,15-05-2025 14:01,6.15,36108600,1867875
15-05-2025 14:01,25083.5,739800,262575,15-05-2025 14:01,461.7,28440375,51300,15-05-2025 14:01,5.8,36034425,1926450
15-05-2025 14:01,25081.2,733125,270900,15-05-2025 14:01,461.55,28443225,48150,15-05-2025 14:01,5.85,35967300,1950225
15-05-2025 14:01,25099,735825,261300,15-05-2025 14:01,474.45,28578225,49350,15-05-2025 14:01,5.1,35967000,2034075
15-05-2025 14:01,25100,739875,255750,15-05-2025 14:01,480.85,28580475,50550,15-05-2025 14:01,5.05,35953275,2041725
15-05-2025 14:01,25100,733950,261300,15-05-2025 14:01,478.7,28493625,59175,15-05-2025 14:01,5.05,35965125,2040525
15-05-2025 14:02,25117.8,745050,257475,15-05-2025 14:02,499.55,28462050,54750,15-05-2025 14:02,4.3,35928450,2178075
15-05-2025 14:02,25103.8,739575,258675,15-05-2025 14:02,485.75,28461900,51375,15-05-2025 14:02,4.55,35974800,2106600
15-05-2025 14:02,25108,742350,258975,15-05-2025 14:02,491.05,28464375,52125,15-05-2025 14:02,4.4,35929050,2205450
15-05-2025 14:02,25108,741375,263325,15-05-2025 14:02,492.4,28461300,51900,15-05-2025 14:02,4.45,35972550,2220150
15-05-2025 14:02,25109.1,747525,263550,15-05-2025 14:02,494,28463850,54150,15-05-2025 14:02,4.5,35958075,2141100
15-05-2025 14:02,25107.6,743775,266850,15-05-2025 14:02,493.95,28462275,52950,15-05-2025 14:02,4.6,36026700,2071800
15-05-2025 14:03,25108.7,741225,272700,15-05-2025 14:03,489.9,28463175,60975,15-05-2025 14:03,4.5,36055200,2053575
15-05-2025 14:03,25106.7,745050,266850,15-05-2025 14:03,492.35,28471200,51225,15-05-2025 14:03,4.45,35963475,2065875
15-05-2025 14:03,25106,752025,268725,15-05-2025 14:03,491.15,28471200,51525,15-05-2025 14:03,4.4,36012750,2141100
15-05-2025 14:03,25105,741450,271575,15-05-2025 14:03,492.95,28474500,54000,15-05-2025 14:03,4.55,35985150,2126625
15-05-2025 14:03,25104.9,747750,272700,15-05-2025 14:03,490.1,28468425,51750,15-05-2025 14:03,4.45,35985975,2192025
15-05-2025 14:03,25105,748350,273150,15-05-2025 14:03,493.45,28469250,51825,15-05-2025 14:03,4.5,36018750,2171325
15-05-2025 14:04,25104,746625,272325,15-05-2025 14:04,491.35,28468500,51075,15-05-2025 14:04,4.5,36090750,2126475
15-05-2025 14:04,25101.1,740625,274200,15-05-2025 14:04,489,28464225,51600,15-05-2025 14:04,4.6,36173325,2145375
15-05-2025 14:04,25102.5,749100,280200,15-05-2025 14:04,489.95,28465050,53100,15-05-2025 14:04,4.7,36235950,2069925
15-05-2025 14:04,25102.5,749175,275550,15-05-2025 14:04,490.5,28465125,51300,15-05-2025 14:04,4.6,36139050,2166075
15-05-2025 14:04,25101.6,755325,283425,15-05-2025 14:04,492.85,28137375,52125,15-05-2025 14:04,4.45,36059400,2195325
15-05-2025 14:04,25101.7,747525,287175,15-05-2025 14:04,489.2,28135200,52725,15-05-2025 14:04,4.4,36013425,2257050
15-05-2025 14:05,25098,738750,286350,15-05-2025 14:05,487.95,27992700,55725,15-05-2025 14:05,4.45,36078600,2233950
15-05-2025 14:05,25095.2,745275,287250,15-05-2025 14:05,483.05,27975450,54225,15-05-2025 14:05,4.5,36052725,2261775
15-05-2025 14:05,25094.8,737475,288825,15-05-2025 14:05,480.2,27970725,57375,15-05-2025 14:05,4.8,36167475,2124825
15-05-2025 14:05,25085.1,726300,289800,15-05-2025 14:05,470,27967650,60150,15-05-2025 14:05,5.05,36200925,2087175
15-05-2025 14:05,25087.3,734625,292125,15-05-2025 14:05,471.25,27967725,60675,15-05-2025 14:05,5.1,36187200,2039250
15-05-2025 14:05,25092,746850,290100,15-05-2025 14:05,477.45,27966225,59775,15-05-2025 14:05,4.8,36196275,1994850
15-05-2025 14:06,25090.1,740475,293475,15-05-2025 14:06,474.95,27970275,54825,15-05-2025 14:06,5.1,36170700,2063400
15-05-2025 14:06,25095,743700,292800,15-05-2025 14:06,480,27971775,53700,15-05-2025 14:06,4.85,36134100,2057550
15-05-2025 14:06,25091.2,738075,295950,15-05-2025 14:06,473.6,27969525,56025,15-05-2025 14:06,4.8,36099750,2084625
15-05-2025 14:06,25087,740550,291600,15-05-2025 14:06,473,27972150,56925,15-05-2025 14:06,4.75,36069900,2145825
15-05-2025 14:06,25090,742500,290100,15-05-2025 14:06,477.6,27970050,57975,15-05-2025 14:06,4.7,36146025,2177550
15-05-2025 14:06,25094,749475,280875,15-05-2025 14:06,483,27969075,55650,15-05-2025 14:06,4.35,36004200,2362800
15-05-2025 14:07,25089.3,746850,288975,15-05-2025 14:07,476.95,27965400,60750,15-05-2025 14:07,4.65,36242100,2295375
15-05-2025 14:07,25093.5,752550,287700,15-05-2025 14:07,479.05,27967725,60000,15-05-2025 14:07,4.55,36216825,2261025
15-05-2025 14:07,25088,744075,292125,15-05-2025 14:07,472.95,27945150,61350,15-05-2025 14:07,4.65,36259425,2148000
15-05-2025 14:07,25085.5,747450,291600,15-05-2025 14:07,471.2,27944925,63150,15-05-2025 14:07,4.7,36309075,2261550
15-05-2025 14:07,25086.1,744975,294675,15-05-2025 14:07,474.3,27942600,66450,15-05-2025 14:07,4.7,36267675,2239425
15-05-2025 14:07,25086.2,743100,297075,15-05-2025 14:07,471.2,27866100,62025,15-05-2025 14:07,4.6,36219300,2233875
15-05-2025 14:08,25086.5,744825,299025,15-05-2025 14:08,467.45,27867300,64200,15-05-2025 14:08,4.65,36383625,2248800
15-05-2025 14:08,25088,750825,298050,15-05-2025 14:08,470.85,27865575,65400,15-05-2025 14:08,4.75,36238275,2218875
15-05-2025 14:08,25087.7,747525,293775,15-05-2025 14:08,471.2,27869550,64650,15-05-2025 14:08,4.65,36131550,2255700
15-05-2025 14:08,25087.8,744000,289050,15-05-2025 14:08,471,27868425,62700,15-05-2025 14:08,4.6,36072600,2270475
15-05-2025 14:08,25088.1,750225,298500,15-05-2025 14:08,472.15,27869250,67650,15-05-2025 14:08,4.6,36097050,2247000
15-05-2025 14:08,25085.8,750600,297300,15-05-2025 14:08,469.55,27870525,64350,15-05-2025 14:08,4.6,36101475,2263275
15-05-2025 14:09,25086.3,754050,294750,15-05-2025 14:09,473.5,27872100,66525,15-05-2025 14:09,4.35,36062100,2440575
15-05-2025 14:09,25085,753225,297750,15-05-2025 14:09,470.65,27864375,66150,15-05-2025 14:09,4.25,36233325,2466300
15-05-2025 14:09,25090,761025,299925,15-05-2025 14:09,474.65,26514825,61275,15-05-2025 14:09,4.2,36130200,2467125
15-05-2025 14:09,25090.6,767325,287025,15-05-2025 14:09,478.55,26491575,61800,15-05-2025 14:09,4.1,36002325,2522175
15-05-2025 14:09,25095.5,755400,294675,15-05-2025 14:09,478,26171475,65175,15-05-2025 14:09,3.95,35991450,2478150
15-05-2025 14:09,25090,753975,296325,15-05-2025 14:09,478.3,26172675,62775,15-05-2025 14:09,3.85,35866725,2546475
15-05-2025 14:10,25100,755925,286650,15-05-2025 14:10,485.7,26176200,60525,15-05-2025 14:10,3.8,35984175,2605350
15-05-2025 14:10,25096,757125,290625,15-05-2025 14:10,483.75,26172900,61200,15-05-2025 14:10,3.9,36092325,2262675
15-05-2025 14:10,25097.4,760125,288675,15-05-2025 14:10,489,26174100,65775,15-05-2025 14:10,3.7,36071175,2464800
15-05-2025 14:10,25100,760575,290175,15-05-2025 14:10,488.7,26171475,61650,15-05-2025 14:10,3.6,35808225,2521200
15-05-2025 14:10,25104.4,758775,281400,15-05-2025 14:10,494,26175825,52200,15-05-2025 14:10,3.5,35728800,2595900
15-05-2025 14:10,25108.2,758025,281625,15-05-2025 14:10,498.9,26172975,53925,15-05-2025 14:10,3.4,35788875,2601225
15-05-2025 14:11,25120.5,755475,278850,15-05-2025 14:11,514.75,26179050,46650,15-05-2025 14:11,3.35,35843325,2618475
15-05-2025 14:11,25125,753375,268500,15-05-2025 14:11,512.9,26175750,49800,15-05-2025 14:11,3.3,35763450,2602200
15-05-2025 14:11,25129.5,754125,268350,15-05-2025 14:11,521.6,26174925,48975,15-05-2025 14:11,3.2,35756925,2584725
15-05-2025 14:11,25128,751125,266100,15-05-2025 14:11,514.5,26175975,52125,15-05-2025 14:11,3.3,35938950,2602200
15-05-2025 14:11,25126.1,746700,269775,15-05-2025 14:11,514.6,26025000,50550,15-05-2025 14:11,3.3,35950275,2474925
15-05-2025 14:11,25128.4,749700,263925,15-05-2025 14:11,519,26025225,47100,15-05-2025 14:11,3.25,35893650,2538600
15-05-2025 14:12,25127.7,737550,271725,15-05-2025 14:12,518.65,25948350,51525,15-05-2025 14:12,3.35,35970300,2550000
15-05-2025 14:12,25124.5,739650,275550,15-05-2025 14:12,517.1,25948650,50175,15-05-2025 14:12,3.3,35903250,2258850
15-05-2025 14:12,25125.1,743550,278250,15-05-2025 14:12,517.5,25949625,51075,15-05-2025 14:12,3.25,35889000,2455350
15-05-2025 14:12,25127,746175,276975,15-05-2025 14:12,515,25949550,52725,15-05-2025 14:12,3.3,35894100,2438700
15-05-2025 14:12,25131.2,746925,272850,15-05-2025 14:12,519.4,25951050,52050,15-05-2025 14:12,3.25,35909550,2500425
15-05-2025 14:12,25114.1,743100,287175,15-05-2025 14:12,505.6,25945875,57825,15-05-2025 14:12,3.4,36104325,2341800
15-05-2025 14:13,25111.1,736275,287250,15-05-2025 14:13,503.65,25942875,54975,15-05-2025 14:13,3.25,35884650,2438475
15-05-2025 14:13,25109.5,735825,288825,15-05-2025 14:13,496.95,25937775,57600,15-05-2025 14:13,3.1,35792925,2569125
15-05-2025 14:13,25115.6,743400,285000,15-05-2025 14:13,503.4,25934475,51675,15-05-2025 14:13,3,35702250,2673150
15-05-2025 14:13,25116.7,747150,286200,15-05-2025 14:13,508.3,25934475,53550,15-05-2025 14:13,3,35747925,2772225
15-05-2025 14:13,25119.8,743925,283125,15-05-2025 14:13,508.95,25932750,50700,15-05-2025 14:13,2.95,35758425,2689050
15-05-2025 14:13,25120.2,745800,282825,15-05-2025 14:13,510.5,25874475,53625,15-05-2025 14:13,2.95,35613600,2791500
15-05-2025 14:14,25127,742725,284400,15-05-2025 14:14,512,25857150,52800,15-05-2025 14:14,2.9,35573925,2794425
15-05-2025 14:14,25122.8,740550,284325,15-05-2025 14:14,512.45,25854150,57750,15-05-2025 14:14,2.9,35652825,2859075
15-05-2025 14:14,25123.2,742050,289875,15-05-2025 14:14,512.2,25852275,56775,15-05-2025 14:14,2.85,35533350,2823375
15-05-2025 14:14,25121.5,746250,288375,15-05-2025 14:14,508.65,25854075,59325,15-05-2025 14:14,2.8,35522325,2901975
15-05-2025 14:14,25121.3,739950,291825,15-05-2025 14:14,507.3,25848000,57750,15-05-2025 14:14,2.9,35576325,2846700
15-05-2025 14:14,25120.7,743850,296550,15-05-2025 14:14,504.15,25846500,61125,15-05-2025 14:14,2.95,35872275,2623425
15-05-2025 14:15,25122,748500,296175,15-05-2025 14:15,508.1,25849050,57450,15-05-2025 14:15,2.85,35779650,2633700
15-05-2025 14:15,25127,757050,291225,15-05-2025 14:15,508.8,25742775,55125,15-05-2025 14:15,2.9,35696850,2671350
15-05-2025 14:15,25124.3,750525,289575,15-05-2025 14:15,510.5,25737975,57225,15-05-2025 14:15,2.85,35766300,2620050
15-05-2025 14:15,25128.9,749325,289725,15-05-2025 14:15,508.75,25732500,58725,15-05-2025 14:15,2.9,35889750,2547600
15-05-2025 14:15,25126.3,751425,287100,15-05-2025 14:15,513,25692975,57975,15-05-2025 14:15,2.95,35866425,2544075
15-05-2025 14:15,25127.6,748950,285300,15-05-2025 14:15,512.8,25691175,61875,15-05-2025 14:15,2.9,36000000,2535675
15-05-2025 14:16,25134.1,749100,289050,15-05-2025 14:16,514.2,25634700,59325,15-05-2025 14:16,2.9,35838900,2686725
15-05-2025 14:16,25135,749325,285675,15-05-2025 14:16,517,25635600,58050,15-05-2025 14:16,2.9,35904450,2553600
15-05-2025 14:16,25131.3,747825,287775,15-05-2025 14:16,515.1,25634550,56025,15-05-2025 14:16,2.95,36017175,2653800
15-05-2025 14:16,25134,750150,290475,15-05-2025 14:16,514,25630125,57600,15-05-2025 14:16,2.95,35970975,2515200
15-05-2025 14:16,25130.8,745575,289950,15-05-2025 14:16,512.35,25628700,57075,15-05-2025 14:16,2.85,35994900,2625450
15-05-2025 14:16,25132.4,752175,289800,15-05-2025 14:16,515,25634175,55500,15-05-2025 14:16,2.8,35760075,2720700
15-05-2025 14:17,25128.9,751500,294900,15-05-2025 14:17,511.8,25632600,58425,15-05-2025 14:17,2.95,35951175,2894175
15-05-2025 14:17,25123.7,746175,293925,15-05-2025 14:17,508.4,25634550,58650,15-05-2025 14:17,2.9,36033750,2571825
15-05-2025 14:17,25125.6,741300,296025,15-05-2025 14:17,509.5,25574175,61500,15-05-2025 14:17,2.8,36051525,2731950
15-05-2025 14:17,25128,741225,293775,15-05-2025 14:17,508.7,25574775,58350,15-05-2025 14:17,2.75,35903925,2728800
15-05-2025 14:17,25125,747300,294375,15-05-2025 14:17,509.2,25552050,60000,15-05-2025 14:17,2.75,35658375,2801400
15-05-2025 14:17,25124.4,744150,293850,15-05-2025 14:17,505.85,25547025,62325,15-05-2025 14:17,2.75,35911200,2856975
15-05-2025 14:18,25125,742875,292125,15-05-2025 14:18,508.4,25548675,60600,15-05-2025 14:18,2.7,35917350,2674650
15-05-2025 14:18,25124.7,744750,293175,15-05-2025 14:18,506.15,25548375,63825,15-05-2025 14:18,2.8,35803500,2730525
15-05-2025 14:18,25114,741825,300750,15-05-2025 14:18,491.55,25548750,64725,15-05-2025 14:18,2.85,35757525,2548725
15-05-2025 14:18,25111.3,742125,300900,15-05-2025 14:18,489.2,25539300,63600,15-05-2025 14:18,2.8,35760075,2641650
15-05-2025 14:18,25104.4,739425,299025,15-05-2025 14:18,485.25,25530525,64275,15-05-2025 14:18,2.75,35714850,2753325
15-05-2025 14:18,25115.3,750225,293550,15-05-2025 14:18,492.3,25499475,63825,15-05-2025 14:18,2.6,35637450,2797350
15-05-2025 14:19,25120.9,752475,288825,15-05-2025 14:19,502.3,25497675,55275,15-05-2025 14:19,2.45,35547375,2985600
15-05-2025 14:19,25125,753975,282975,15-05-2025 14:19,507.9,25497600,53625,15-05-2025 14:19,2.35,35537175,2986050
15-05-2025 14:19,25128.4,749475,288300,15-05-2025 14:19,505.7,25492950,60450,15-05-2025 14:19,2.2,35346150,3032850
15-05-2025 14:19,25128.8,744825,286650,15-05-2025 14:19,508,25390800,56175,15-05-2025 14:19,2.2,35447550,3071400
15-05-2025 14:19,25128.3,739650,289575,15-05-2025 14:19,503,25287375,58725,15-05-2025 14:19,2.3,35511075,3075000
15-05-2025 14:19,25128.8,741300,288825,15-05-2025 14:19,506.5,25283625,56550,15-05-2025 14:19,2.3,35703525,2897400
15-05-2025 14:20,25127.2,743250,292650,15-05-2025 14:20,508.2,25233750,55650,15-05-2025 14:20,2.15,35740650,2997450
15-05-2025 14:20,25135,746625,287250,15-05-2025 14:20,518.65,25235250,52950,15-05-2025 14:20,2.15,35390925,3063450
15-05-2025 14:20,25128.5,736875,286800,15-05-2025 14:20,515.3,25233450,53625,15-05-2025 14:20,2.15,35624550,2944725
15-05-2025 14:20,25127.9,737025,291375,15-05-2025 14:20,510.1,25228425,54975,15-05-2025 14:20,2.25,35651100,2867850
15-05-2025 14:20,25130,740850,292350,15-05-2025 14:20,509.3,25033875,56250,15-05-2025 14:20,2.2,35708625,2794200
15-05-2025 14:20,25116.6,740925,294300,15-05-2025 14:20,499.6,25030950,64275,15-05-2025 14:20,2.15,35622225,2838900
15-05-2025 14:21,25118.8,737175,291375,15-05-2025 14:21,499.95,25046250,55800,15-05-2025 14:21,2.1,35536200,2998125
15-05-2025 14:21,25119.3,736875,293925,15-05-2025 14:21,493.5,25045425,61125,15-05-2025 14:21,2.1,35383800,2968050
15-05-2025 14:21,25117,750000,294900,15-05-2025 14:21,495,25047150,60600,15-05-2025 14:21,2.1,35380125,2958225
15-05-2025 14:21,25118.1,751050,290325,15-05-2025 14:21,491.6,25044000,63675,15-05-2025 14:21,1.9,35391675,3130050
15-05-2025 14:21,25115,753525,294300,15-05-2025 14:21,491.8,25039275,59625,15-05-2025 14:21,1.95,35373300,3087450
15-05-2025 14:21,25114.9,744075,296100,15-05-2025 14:21,489.75,25036425,60150,15-05-2025 14:21,1.95,35372925,2890050
15-05-2025 14:22,25111.1,748875,297750,15-05-2025 14:22,486.1,25036575,59850,15-05-2025 14:22,2,35471250,2900400
15-05-2025 14:22,25111.5,748500,300300,15-05-2025 14:22,485.35,25038975,62100,15-05-2025 14:22,2,35717850,2741100
15-05-2025 14:22,25116.5,751650,301200,15-05-2025 14:22,489.95,25035900,58575,15-05-2025 14:22,2,35563800,2855325
15-05-2025 14:22,25112.9,749400,310575,15-05-2025 14:22,489.8,25032225,61425,15-05-2025 14:22,2,35545875,2801775
15-05-2025 14:22,25119.2,751425,309300,15-05-2025 14:22,498,25035150,63750,15-05-2025 14:22,1.95,35636775,2974350
15-05-2025 14:22,25120.8,750825,308700,15-05-2025 14:22,496.95,25034400,60000,15-05-2025 14:22,1.9,35567475,3056475
15-05-2025 14:23,25120,754500,312975,15-05-2025 14:23,496.85,25036350,58650,15-05-2025 14:23,1.9,35519100,3147975
15-05-2025 14:23,25117,751275,315600,15-05-2025 14:23,495.8,25037025,61125,15-05-2025 14:23,1.85,35599725,3053175
15-05-2025 14:23,25121.7,754275,307575,15-05-2025 14:23,498.75,25035675,59850,15-05-2025 14:23,1.75,35535525,3109500
15-05-2025 14:23,25120,755475,310050,15-05-2025 14:23,496.95,25038000,55425,15-05-2025 14:23,1.75,35657550,3141600
15-05-2025 14:23,25120,750225,310350,15-05-2025 14:23,493.15,25033500,59325,15-05-2025 14:23,1.7,35490750,3086100
15-05-2025 14:23,25117.7,747675,314400,15-05-2025 14:23,494.25,24233175,59175,15-05-2025 14:23,1.7,35448525,3096900
15-05-2025 14:24,25124.5,748200,307800,15-05-2025 14:24,502.4,24233550,57900,15-05-2025 14:24,1.65,35499750,3069750
15-05-2025 14:24,25125,749925,309150,15-05-2025 14:24,503.95,24239325,56925,15-05-2025 14:24,1.7,35514825,3015075
15-05-2025 14:24,25120.7,744075,311025,15-05-2025 14:24,496.6,24235050,58875,15-05-2025 14:24,1.8,35583000,2699400
15-05-2025 14:24,25121.5,745575,311175,15-05-2025 14:24,499.45,24234975,59400,15-05-2025 14:24,1.8,35626725,2724675
15-05-2025 14:24,25116.5,747375,315150,15-05-2025 14:24,496.45,24237375,60525,15-05-2025 14:24,1.8,35762625,2746800
15-05-2025 14:24,25120,752625,318300,15-05-2025 14:24,502.45,24233100,59175,15-05-2025 14:24,1.8,35748075,2533350
15-05-2025 14:25,25115.9,749025,315225,15-05-2025 14:25,496.1,24234900,59550,15-05-2025 14:25,1.85,35406600,2506200
15-05-2025 14:25,25115,745425,316725,15-05-2025 14:25,495.75,24231075,58500,15-05-2025 14:25,1.8,35329050,2453850
15-05-2025 14:25,25117.4,754050,314175,15-05-2025 14:25,497,24231225,62550,15-05-2025 14:25,2,35572425,2425800
15-05-2025 14:25,25119.9,752850,316050,15-05-2025 14:25,497.35,24234525,62700,15-05-2025 14:25,2,35872950,2398125
15-05-2025 14:25,25118.6,752475,313575,15-05-2025 14:25,498.8,24229950,59775,15-05-2025 14:25,2,35652975,2373975
15-05-2025 14:25,25119.5,756000,310650,15-05-2025 14:25,500.25,24228525,59400,15-05-2025 14:25,1.95,35706750,2453100
15-05-2025 14:26,25117.5,753525,310125,15-05-2025 14:26,497.7,24231150,59550,15-05-2025 14:26,1.9,35372925,2564700
15-05-2025 14:26,25117.4,751650,311400,15-05-2025 14:26,496.95,24229200,57000,15-05-2025 14:26,1.75,35347050,2863950
15-05-2025 14:26,25121.3,754800,309450,15-05-2025 14:26,503.25,24232800,55500,15-05-2025 14:26,1.75,35214150,2864475
15-05-2025 14:26,25123.5,749550,306000,15-05-2025 14:26,509.15,24231150,52575,15-05-2025 14:26,1.8,35246400,2660775
15-05-2025 14:26,25123.6,752550,304500,15-05-2025 14:26,507.85,24203025,56325,15-05-2025 14:26,1.8,35381925,2646900
15-05-2025 14:26,25133.2,752775,300825,15-05-2025 14:26,514.15,24132900,52800,15-05-2025 14:26,1.8,35358150,2679375
15-05-2025 14:27,25140,751875,298500,15-05-2025 14:27,526.95,24085800,51525,15-05-2025 14:27,1.95,35622900,2649525
15-05-2025 14:27,25139.9,748275,296100,15-05-2025 14:27,520.15,24085800,49575,15-05-2025 14:27,1.8,35651475,2467575
15-05-2025 14:27,25130.9,742950,296850,15-05-2025 14:27,515.65,24082800,49800,15-05-2025 14:27,1.85,35350950,2561700
15-05-2025 14:27,25124.5,739275,297900,15-05-2025 14:27,508,24044025,54675,15-05-2025 14:27,1.8,35188125,2228625
15-05-2025 14:27,25130.3,752775,286350,15-05-2025 14:27,507.95,23989200,53925,15-05-2025 14:27,1.75,35180850,2302275
15-05-2025 14:27,25128.4,752925,291375,15-05-2025 14:27,505,23946825,50700,15-05-2025 14:27,1.8,34826850,2342625
15-05-2025 14:28,25120.6,756000,288825,15-05-2025 14:28,505.3,23945100,54675,15-05-2025 14:28,1.8,34848900,2191050
15-05-2025 14:28,25116.8,752850,291975,15-05-2025 14:28,502.95,23945475,54675,15-05-2025 14:28,1.8,34841025,2349525
15-05-2025 14:28,25126.2,753675,291375,15-05-2025 14:28,504.05,23943750,58500,15-05-2025 14:28,1.8,34880850,2309625
15-05-2025 14:28,25122.9,755850,292350,15-05-2025 14:28,507.7,23625525,52800,15-05-2025 14:28,1.75,34556400,2276400
15-05-2025 14:28,25120.3,758475,296475,15-05-2025 14:28,505.75,23607000,55950,15-05-2025 14:28,1.8,34478400,2284425
15-05-2025 14:28,25132.1,756300,291900,15-05-2025 14:28,510.2,23484300,49575,15-05-2025 14:28,1.8,34483875,2201775
15-05-2025 14:29,25125.3,759300,291150,15-05-2025 14:29,507.25,23488200,53625,15-05-2025 14:29,1.75,34483125,2226075
15-05-2025 14:29,25124,760200,291450,15-05-2025 14:29,508.6,23486100,56850,15-05-2025 14:29,1.8,34535550,2255475
15-05-2025 14:29,25134.9,762075,291300,15-05-2025 14:29,509.75,23331150,49800,15-05-2025 14:29,1.75,34625100,2285700
15-05-2025 14:29,25129,762600,294300,15-05-2025 14:29,511.95,23337825,55725,15-05-2025 14:29,1.8,34580400,2276475
15-05-2025 14:29,25135,762150,291825,15-05-2025 14:29,511.4,23331825,51000,15-05-2025 14:29,1.85,34699650,2088525
15-05-2025 14:29,25130,759900,293850,15-05-2025 14:29,512.9,23333925,52950,15-05-2025 14:29,1.8,34684575,2212350
15-05-2025 14:30,25129.2,762450,289800,15-05-2025 14:30,511.45,23335050,49725,15-05-2025 14:30,1.9,34681575,2174925
15-05-2025 14:30,25134.4,757275,295350,15-05-2025 14:30,508.55,23334075,54600,15-05-2025 14:30,1.8,34670475,2199675
15-05-2025 14:30,25132,759525,295575,15-05-2025 14:30,510.85,23327925,50550,15-05-2025 14:30,1.8,34585725,2171700
15-05-2025 14:30,25129,760500,300150,15-05-2025 14:30,509,23325975,50400,15-05-2025 14:30,1.85,34636950,2152875
15-05-2025 14:30,25129,761400,301350,15-05-2025 14:30,506.15,23330625,53625,15-05-2025 14:30,1.8,34562400,2165550
15-05-2025 14:30,25125.2,754500,308550,15-05-2025 14:30,495.65,23318625,56100,15-05-2025 14:30,1.85,34530300,2158425
15-05-2025 14:31,25122,750450,309075,15-05-2025 14:31,497.65,23313975,53100,15-05-2025 14:31,1.6,34490100,2505000
15-05-2025 14:31,25112.3,746700,310650,15-05-2025 14:31,492.55,23313525,57225,15-05-2025 14:31,1.8,34746225,2453175
15-05-2025 14:31,25111.5,737775,302925,15-05-2025 14:31,482.4,23313225,56175,15-05-2025 14:31,1.8,34810500,2186325
15-05-2025 14:31,25112.6,745425,302700,15-05-2025 14:31,488.7,23314425,51450,15-05-2025 14:31,1.85,35067975,2179275
15-05-2025 14:31,25102,739125,307650,15-05-2025 14:31,472.55,23309175,57825,15-05-2025 14:31,2.2,35183625,2150025
15-05-2025 14:31,25102.7,739050,300000,15-05-2025 14:31,476.8,23311050,53475,15-05-2025 14:31,2.3,35180700,1854900
15-05-2025 14:32,25110,746475,302550,15-05-2025 14:32,486.9,23316375,52200,15-05-2025 14:32,2.1,35016825,1891650
15-05-2025 14:32,25110,745050,296925,15-05-2025 14:32,487.2,23313750,53925,15-05-2025 14:32,2.05,34948275,1920000
15-05-2025 14:32,25103.8,742350,294975,15-05-2025 14:32,477.35,23312400,58950,15-05-2025 14:32,2.15,34953600,1917300
15-05-2025 14:32,25111.6,744600,293550,15-05-2025 14:32,487.2,23313600,54750,15-05-2025 14:32,2,34931250,1964925
15-05-2025 14:32,25108,750225,294375,15-05-2025 14:32,480.45,23315550,60150,15-05-2025 14:32,2,34696200,2079750
15-05-2025 14:32,25105.2,747600,294150,15-05-2025 14:32,483,23316675,57000,15-05-2025 14:32,2.1,34837050,1962000
15-05-2025 14:33,25110,742800,294225,15-05-2025 14:33,484.45,23315700,55950,15-05-2025 14:33,2.05,34854300,2017950
15-05-2025 14:33,25108.9,744075,299250,15-05-2025 14:33,480.05,23312625,58350,15-05-2025 14:33,2.1,34807050,1991700
15-05-2025 14:33,25103.6,748650,298125,15-05-2025 14:33,481.4,23313525,55875,15-05-2025 14:33,2.05,34823925,2022000
15-05-2025 14:33,25110,744225,298200,15-05-2025 14:33,481.15,23315550,55275,15-05-2025 14:33,2.05,34794525,1983075
15-05-2025 14:33,25106.8,747900,295875,15-05-2025 14:33,480.8,23316300,57525,15-05-2025 14:33,2.15,34856325,2016000
15-05-2025 14:33,25107,752400,299925,15-05-2025 14:33,481.55,23315100,57450,15-05-2025 14:33,2.1,34852875,1941375
15-05-2025 14:34,25092.5,750150,303300,15-05-2025 14:34,470,23315400,60675,15-05-2025 14:34,2.15,34856850,1953525
15-05-2025 14:34,25084.7,732075,300450,15-05-2025 14:34,459.45,23303700,55350,15-05-2025 14:34,2.4,34896525,1697775
15-05-2025 14:34,25091.9,742125,294075,15-05-2025 14:34,468.85,23304450,55200,15-05-2025 14:34,2.4,34856400,1669800
15-05-2025 14:34,25098.1,740700,293550,15-05-2025 14:34,471.9,23313600,54075,15-05-2025 14:34,2.2,34603050,1726350
15-05-2025 14:34,25092.5,746850,302475,15-05-2025 14:34,466.75,23307675,55800,15-05-2025 14:34,2.1,34663200,1698675
15-05-2025 14:34,25094.7,750525,299175,15-05-2025 14:34,463.6,23307750,57750,15-05-2025 14:34,2.1,34627275,1703025
15-05-2025 14:35,25092,750825,303450,15-05-2025 14:35,467.95,23308500,55875,15-05-2025 14:35,2.05,34626300,1738050
15-05-2025 14:35,25091,748875,305700,15-05-2025 14:35,463.5,23307225,56775,15-05-2025 14:35,2.05,34608975,1734075
15-05-2025 14:35,25088.1,755700,304425,15-05-2025 14:35,463.55,23306400,56250,15-05-2025 14:35,2.05,34583700,1749600
15-05-2025 14:35,25093,756600,308700,15-05-2025 14:35,466.05,22582125,57750,15-05-2025 14:35,1.85,34437300,1882350
15-05-2025 14:35,25094.8,754575,307050,15-05-2025 14:35,469.95,22283400,56925,15-05-2025 14:35,1.85,34189575,1881075
15-05-2025 14:35,25100.5,761100,305175,15-05-2025 14:35,477.5,22005150,55275,15-05-2025 14:35,1.6,34191000,1925550
15-05-2025 14:36,25109,762750,296625,15-05-2025 14:36,485.9,22008225,56100,15-05-2025 14:36,1.6,34022550,1979250
15-05-2025 14:36,25105,760275,312150,15-05-2025 14:36,480.95,22000500,60300,15-05-2025 14:36,1.5,33824925,2035275
15-05-2025 14:36,25111.2,768000,305700,15-05-2025 14:36,490.95,21999600,55875,15-05-2025 14:36,1.45,33779775,2202225
15-05-2025 14:36,25115,761175,308850,15-05-2025 14:36,490.55,21980175,61575,15-05-2025 14:36,1.6,33791925,2024925
15-05-2025 14:36,25114.9,765750,307200,15-05-2025 14:36,488.4,21976575,57225,15-05-2025 14:36,1.55,33852150,1976475
15-05-2025 14:36,25116,758850,306525,15-05-2025 14:36,491.15,21972750,59925,15-05-2025 14:36,1.55,33700800,2032425
15-05-2025 14:37,25108.7,762150,310350,15-05-2025 14:37,482.75,21969075,60075,15-05-2025 14:37,1.45,33753600,2038050
15-05-2025 14:37,25111.1,758475,310200,15-05-2025 14:37,482.3,21968325,55875,15-05-2025 14:37,1.45,33728700,2106000
15-05-2025 14:37,25105.9,758850,310050,15-05-2025 14:37,480.15,21966450,56850,15-05-2025 14:37,1.55,33928950,2107500
15-05-2025 14:37,25112.9,762675,311475,15-05-2025 14:37,484.45,21967350,56400,15-05-2025 14:37,1.45,33940575,2070450
15-05-2025 14:37,25110,763050,314400,15-05-2025 14:37,481.45,21966975,58575,15-05-2025 14:37,1.6,34063425,2081850
15-05-2025 14:37,25108.4,764700,315975,15-05-2025 14:37,484.45,21968325,57825,15-05-2025 14:37,1.55,34185525,1931625
15-05-2025 14:38,25112.6,764175,314775,15-05-2025 14:38,485.5,21967650,57000,15-05-2025 14:38,1.55,34187025,1891950
15-05-2025 14:38,25111.7,761625,313575,15-05-2025 14:38,483.15,21966600,57900,15-05-2025 14:38,1.55,34118550,1909500
15-05-2025 14:38,25110.8,761775,315600,15-05-2025 14:38,482.55,21966150,58200,15-05-2025 14:38,1.5,34116000,1898850
15-05-2025 14:38,25110,766725,313275,15-05-2025 14:38,485.5,21966600,57975,15-05-2025 14:38,1.5,34093725,2011800
15-05-2025 14:38,25111.4,758550,315300,15-05-2025 14:38,482.65,21965850,58650,15-05-2025 14:38,1.5,34039425,2020125
15-05-2025 14:38,25104.7,758550,314475,15-05-2025 14:38,474.95,21965025,58950,15-05-2025 14:38,1.6,34199475,1992225
15-05-2025 14:39,25098,761025,312675,15-05-2025 14:39,465.6,21958425,59475,15-05-2025 14:39,1.6,34249950,1812450
15-05-2025 14:39,25096.7,763125,315750,15-05-2025 14:39,465.9,21959775,58575,15-05-2025 14:39,1.55,34263525,1828800
15-05-2025 14:39,25098,761475,312300,15-05-2025 14:39,468.85,21960900,57075,15-05-2025 14:39,1.55,34199400,1888725
15-05-2025 14:39,25098.8,765675,312150,15-05-2025 14:39,476.05,21961725,56850,15-05-2025 14:39,1.45,34140075,2010750
15-05-2025 14:39,25100,765975,311175,15-05-2025 14:39,471.95,21963225,56700,15-05-2025 14:39,1.5,34198800,2009775
15-05-2025 14:39,25104.4,765525,315750,15-05-2025 14:39,473.35,21963375,57600,15-05-2025 14:39,1.65,34243575,2018850
15-05-2025 14:40,25104,768825,315900,15-05-2025 14:40,477.15,21907650,56775,15-05-2025 14:40,1.6,34286100,1947525
15-05-2025 14:40,25100,764625,315750,15-05-2025 14:40,471.5,21855675,59625,15-05-2025 14:40,1.65,34402575,1839900
15-05-2025 14:40,25100,764925,314250,15-05-2025 14:40,470.6,21855150,60750,15-05-2025 14:40,1.65,34416900,1869000
15-05-2025 14:40,25099.9,761700,316350,15-05-2025 14:40,469.75,21854700,61350,15-05-2025 14:40,1.6,34389825,1872000
15-05-2025 14:40,25099.7,772125,317550,15-05-2025 14:40,470.25,21653400,61275,15-05-2025 14:40,1.65,34356450,1942050
15-05-2025 14:40,25100.1,771225,315675,15-05-2025 14:40,475,21653550,61200,15-05-2025 14:40,1.6,34421925,1894275
15-05-2025 14:41,25103.7,769500,311625,15-05-2025 14:41,476,21477975,60675,15-05-2025 14:41,1.6,34380450,1975500
15-05-2025 14:41,25098.4,768675,315150,15-05-2025 14:41,472.25,21477525,60450,15-05-2025 14:41,1.5,34300875,2013300
15-05-2025 14:41,25097,766275,316950,15-05-2025 14:41,467.65,20822175,62175,15-05-2025 14:41,1.55,34236600,2054400
15-05-2025 14:41,25090.2,758100,316350,15-05-2025 14:41,463.7,20811075,62925,15-05-2025 14:41,1.65,34366500,1945200
15-05-2025 14:41,25096.1,765375,316275,15-05-2025 14:41,464,20791950,59775,15-05-2025 14:41,1.7,34367250,1881225
15-05-2025 14:41,25098.4,767775,311850,15-05-2025 14:41,469.5,20793375,58425,15-05-2025 14:41,1.55,34384800,1892700
15-05-2025 14:42,25096,764700,314175,15-05-2025 14:42,466.4,20792175,57150,15-05-2025 14:42,1.6,34347150,1923900
15-05-2025 14:42,25097.2,765000,320400,15-05-2025 14:42,469.05,20790900,59700,15-05-2025 14:42,1.65,34315650,1923075
15-05-2025 14:42,25098,766800,321750,15-05-2025 14:42,468.25,20790525,59100,15-05-2025 14:42,1.6,34350300,1941975
15-05-2025 14:42,25099,767550,313500,15-05-2025 14:42,469,20791800,59775,15-05-2025 14:42,1.55,34318200,1970025
15-05-2025 14:42,25095,767700,316875,15-05-2025 14:42,465.1,20792250,60375,15-05-2025 14:42,1.6,34279125,2112150
15-05-2025 14:42,25099,765375,316050,15-05-2025 14:42,469.05,20786925,64350,15-05-2025 14:42,1.5,34273050,2044350
15-05-2025 14:43,25096,763800,317700,15-05-2025 14:43,469.8,20788650,65100,15-05-2025 14:43,1.5,34191975,2047725
15-05-2025 14:43,25099,765375,316275,15-05-2025 14:43,472.6,20792175,62325,15-05-2025 14:43,1.45,34222500,2045925
15-05-2025 14:43,25099,767475,317175,15-05-2025 14:43,468.65,20792100,62025,15-05-2025 14:43,1.4,34089450,2119500
15-05-2025 14:43,25100,766725,316050,15-05-2025 14:43,471,20564625,61275,15-05-2025 14:43,1.4,34032825,2161050
15-05-2025 14:43,25100,772500,314325,15-05-2025 14:43,472,20519775,61125,15-05-2025 14:43,1.35,33941700,2279925
15-05-2025 14:43,25096,772875,318300,15-05-2025 14:43,468.65,20516475,62400,15-05-2025 14:43,1.35,33846750,2270175
15-05-2025 14:44,25097,770175,316200,15-05-2025 14:44,466.5,20358825,62325,15-05-2025 14:44,1.4,33884250,2226675
15-05-2025 14:44,25097.1,772725,314625,15-05-2025 14:44,470.6,20291100,62775,15-05-2025 14:44,1.35,33827625,2255475
15-05-2025 14:44,25107,774825,308475,15-05-2025 14:44,484.75,20294025,58725,15-05-2025 14:44,1.3,33813450,2260575
15-05-2025 14:44,25115.9,780900,308550,15-05-2025 14:44,491.35,20292375,55575,15-05-2025 14:44,1.25,33730725,2266650
15-05-2025 14:44,25120,775050,306825,15-05-2025 14:44,496.45,20295750,54525,15-05-2025 14:44,1.2,33787425,2387475
15-05-2025 14:44,25117.5,775050,307500,15-05-2025 14:44,494.25,20291700,56550,15-05-2025 14:44,1.2,33724725,2432325
15-05-2025 14:45,25110,771825,316350,15-05-2025 14:45,484.65,20291100,57900,15-05-2025 14:45,1.25,33573075,2505750
15-05-2025 14:45,25113.3,771900,311475,15-05-2025 14:45,489.95,20290125,57825,15-05-2025 14:45,1.2,33549825,2427525
15-05-2025 14:45,25113.7,773475,318900,15-05-2025 14:45,486.05,20290800,56325,15-05-2025 14:45,1.05,33451125,2495325
15-05-2025 14:45,25116.2,775200,315900,15-05-2025 14:45,487.95,20292675,57600,15-05-2025 14:45,1.05,33301200,2557425
15-05-2025 14:45,25112,772425,314325,15-05-2025 14:45,487.45,20291550,57750,15-05-2025 14:45,1.15,33129300,2526975
15-05-2025 14:45,25115,771150,310275,15-05-2025 14:45,486.05,20291325,58575,15-05-2025 14:45,1.1,33208800,2272875
15-05-2025 14:46,25110.3,770175,316725,15-05-2025 14:46,481.05,20291400,60675,15-05-2025 14:46,1.15,32894625,2254350
15-05-2025 14:46,25104.2,764550,310575,15-05-2025 14:46,471.2,20059650,59850,15-05-2025 14:46,1.2,32971200,2244900
15-05-2025 14:46,25105,773775,317700,15-05-2025 14:46,473.25,20058750,57525,15-05-2025 14:46,1.15,32896800,2163975
15-05-2025 14:46,25100.2,770025,317925,15-05-2025 14:46,475.3,20016000,57375,15-05-2025 14:46,1.1,32852775,2204475
15-05-2025 14:46,25100,770325,320100,15-05-2025 14:46,472.8,20015100,57300,15-05-2025 14:46,1.05,32775750,2220225
15-05-2025 14:46,25102.3,772350,317025,15-05-2025 14:46,474.3,19940625,57300,15-05-2025 14:46,1,32776275,2313975
15-05-2025 14:47,25102.3,771900,322425,15-05-2025 14:47,475,19942350,58575,15-05-2025 14:47,1.05,32832300,2313000
15-05-2025 14:47,25104.8,777300,316800,15-05-2025 14:47,479.5,19942125,57075,15-05-2025 14:47,1,32577300,2288175
15-05-2025 14:47,25110.2,777450,320475,15-05-2025 14:47,478.45,19941675,58125,15-05-2025 14:47,0.9,32285550,2446650
15-05-2025 14:47,25112.5,776175,317850,15-05-2025 14:47,484.2,19942350,57825,15-05-2025 14:47,0.8,32271750,2342250
15-05-2025 14:47,25106,773175,321225,15-05-2025 14:47,480.35,19941300,59175,15-05-2025 14:47,0.85,32262150,2306775
15-05-2025 14:47,25106,774225,318675,15-05-2025 14:47,477.55,19943100,58275,15-05-2025 14:47,0.85,32003550,2289225
15-05-2025 14:48,25103.1,780750,320775,15-05-2025 14:48,478.55,19941300,58950,15-05-2025 14:48,0.75,32017800,2413650
15-05-2025 14:48,25103.1,775500,314100,15-05-2025 14:48,478.35,19940850,64425,15-05-2025 14:48,0.75,31816950,2456700
15-05-2025 14:48,25103.1,780375,316050,15-05-2025 14:48,480.5,19940100,58200,15-05-2025 14:48,0.7,31872225,2446275
15-05-2025 14:48,25102,778725,318075,15-05-2025 14:48,478,19941525,58575,15-05-2025 14:48,0.75,31840800,2435400
15-05-2025 14:48,25101,777150,319575,15-05-2025 14:48,477.8,19630200,58425,15-05-2025 14:48,0.7,31922925,2411925
15-05-2025 14:48,25100,775800,317325,15-05-2025 14:48,473.15,19628925,59025,15-05-2025 14:48,0.75,31913700,2398275
15-05-2025 14:49,25100.9,774000,317550,15-05-2025 14:49,471.85,19625925,59100,15-05-2025 14:49,0.75,32079300,2365575
15-05-2025 14:49,25098.3,775425,320850,15-05-2025 14:49,475,19625550,57300,15-05-2025 14:49,0.75,32085675,2181000
15-05-2025 14:49,25095.9,774825,318675,15-05-2025 14:49,473.05,19628925,58200,15-05-2025 14:49,0.7,31982325,2182800
15-05-2025 14:49,25100,779775,317850,15-05-2025 14:49,478.95,19630275,57900,15-05-2025 14:49,0.75,31797150,2172000
15-05-2025 14:49,25099,783300,318525,15-05-2025 14:49,476.05,19629225,58875,15-05-2025 14:49,0.75,31549050,2189025
15-05-2025 14:49,25100,783150,316575,15-05-2025 14:49,475.65,19630350,58050,15-05-2025 14:49,0.7,31552950,2184675
15-05-2025 14:50,25097,783375,317175,15-05-2025 14:50,474.8,19629450,58125,15-05-2025 14:50,0.75,31526550,2202825
15-05-2025 14:50,25098.4,781125,317550,15-05-2025 14:50,473.1,19628925,58500,15-05-2025 14:50,0.7,31411800,2173125
15-05-2025 14:50,25095.2,776850,319950,15-05-2025 14:50,470.45,19624800,58650,15-05-2025 14:50,0.8,31568700,2138550
15-05-2025 14:50,25096,777450,320700,15-05-2025 14:50,470.05,18282900,58500,15-05-2025 14:50,0.75,31550550,2046825
15-05-2025 14:50,25095,777900,317700,15-05-2025 14:50,476.15,18281700,60000,15-05-2025 14:50,0.8,31542075,2043075
15-05-2025 14:50,25098.9,786450,314775,15-05-2025 14:50,477.3,18075150,59850,15-05-2025 14:50,0.75,31565175,2035575
15-05-2025 14:51,25100,790275,315075,15-05-2025 14:51,479,17497500,58275,15-05-2025 14:51,0.85,31732200,2031675
15-05-2025 14:51,25098.9,786000,320025,15-05-2025 14:51,476.45,17212275,57675,15-05-2025 14:51,0.8,31746225,2206350
15-05-2025 14:51,25098.9,785925,324975,15-05-2025 14:51,474,17210175,59325,15-05-2025 14:51,0.8,31561875,2085750
15-05-2025 14:51,25095.4,785175,322125,15-05-2025 14:51,472.5,17210700,58200,15-05-2025 14:51,0.75,31466775,2058225
15-05-2025 14:51,25098.9,790125,320400,15-05-2025 14:51,476,17211075,57225,15-05-2025 14:51,0.8,31462800,2197950
15-05-2025 14:51,25096,789600,321450,15-05-2025 14:51,472.75,17216025,57000,15-05-2025 14:51,0.75,31518375,2062875
15-05-2025 14:52,25096,794025,321375,15-05-2025 14:52,474.25,17214750,58200,15-05-2025 14:52,0.7,31372350,1989000
15-05-2025 14:52,25095.3,794400,319425,15-05-2025 14:52,476,17209050,59700,15-05-2025 14:52,0.7,31331100,1992225
15-05-2025 14:52,25096,790575,321300,15-05-2025 14:52,469.65,17088075,58500,15-05-2025 14:52,0.7,31280400,2120325
15-05-2025 14:52,25095.5,782100,308100,15-05-2025 14:52,473.8,17078325,58650,15-05-2025 14:52,0.75,31302675,2074575
15-05-2025 14:52,25098.9,783075,307275,15-05-2025 14:52,471.25,17024100,59625,15-05-2025 14:52,0.7,31315575,2044875
15-05-2025 14:52,25100,783525,312450,15-05-2025 14:52,472.75,17030550,59775,15-05-2025 14:52,0.7,31236375,2063325
15-05-2025 14:53,25101,783525,312225,15-05-2025 14:53,475,17021625,59325,15-05-2025 14:53,0.65,31151700,2031150
15-05-2025 14:53,25097.4,781050,313275,15-05-2025 14:53,475.45,17021400,60525,15-05-2025 14:53,0.65,31151400,2043075
15-05-2025 14:53,25101,785100,309675,15-05-2025 14:53,475.9,17018775,58350,15-05-2025 14:53,0.65,31178325,2023200
15-05-2025 14:53,25103.9,787125,309600,15-05-2025 14:53,476.55,16943400,57450,15-05-2025 14:53,0.65,31192425,2029725
15-05-2025 14:53,25100,788175,306750,15-05-2025 14:53,474.1,16946625,61125,15-05-2025 14:53,0.75,31321125,2038950
15-05-2025 14:53,25098.9,783600,310875,15-05-2025 14:53,471.7,16928850,60675,15-05-2025 14:53,0.75,31398525,1895250
15-05-2025 14:54,25102.4,782400,314625,15-05-2025 14:54,473.65,16925700,60900,15-05-2025 14:54,0.75,31399350,1900125
15-05-2025 14:54,25103,783075,311475,15-05-2025 14:54,475.5,16830675,60900,15-05-2025 14:54,0.7,31365675,1933200
15-05-2025 14:54,25100.1,783075,313725,15-05-2025 14:54,474,16830900,58875,15-05-2025 14:54,0.7,31363200,1931850
15-05-2025 14:54,25104.7,783450,312075,15-05-2025 14:54,476.15,16786950,59850,15-05-2025 14:54,0.75,31389825,2027025
15-05-2025 14:54,25104,784275,311025,15-05-2025 14:54,474.8,16785750,60150,15-05-2025 14:54,0.7,31370250,2029875
15-05-2025 14:54,25100.3,782700,315900,15-05-2025 14:54,471,16781625,63375,15-05-2025 14:54,0.7,31447200,1887900
15-05-2025 14:55,25093.1,774375,318000,15-05-2025 14:55,461.35,16329600,64125,15-05-2025 14:55,0.75,31453800,1966500
15-05-2025 14:55,25077.2,770475,315825,15-05-2025 14:55,447.75,16324875,61050,15-05-2025 14:55,0.8,31478700,1965000
15-05-2025 14:55,25086.2,763050,308025,15-05-2025 14:55,458.75,16323750,57600,15-05-2025 14:55,0.65,31348650,1829775
15-05-2025 14:55,25099.2,764925,306300,15-05-2025 14:55,466.5,16209600,59700,15-05-2025 14:55,0.75,31023150,1836975
15-05-2025 14:55,25090.4,762975,307050,15-05-2025 14:55,456.55,16208175,66750,15-05-2025 14:55,0.7,31002975,1674450
15-05-2025 14:55,25090,773700,307875,15-05-2025 14:55,457.2,16214250,65400,15-05-2025 14:55,0.75,30944775,1653000
15-05-2025 14:56,25091,775725,307200,15-05-2025 14:56,462.35,16214175,67350,15-05-2025 14:56,0.7,30702375,1669650
15-05-2025 14:56,25090.1,774450,310200,15-05-2025 14:56,458,16212375,68775,15-05-2025 14:56,0.7,30560250,1674300
15-05-2025 14:56,25090.1,782400,306075,15-05-2025 14:56,456.5,16216200,66825,15-05-2025 14:56,0.7,30514200,1657800
15-05-2025 14:56,25090.6,784950,302175,15-05-2025 14:56,457.15,16217100,66525,15-05-2025 14:56,0.7,30525525,1651200
15-05-2025 14:56,25094,784875,302700,15-05-2025 14:56,461.35,16182525,66075,15-05-2025 14:56,0.75,30532275,1658700
15-05-2025 14:56,25091.5,785925,306075,15-05-2025 14:56,456.5,15867075,66075,15-05-2025 14:56,0.75,30681150,1670175
15-05-2025 14:57,25091.8,789300,301950,15-05-2025 14:57,460,15868050,61200,15-05-2025 14:57,0.75,30542025,1645950
15-05-2025 14:57,25106.9,798375,299325,15-05-2025 14:57,472.25,15780600,65475,15-05-2025 14:57,0.9,30767025,1629075
15-05-2025 14:57,25104.2,795300,302025,15-05-2025 14:57,468,15508125,60750,15-05-2025 14:57,0.9,30710550,1663350
15-05-2025 14:57,25105,790725,305775,15-05-2025 14:57,471.75,15377925,57150,15-05-2025 14:57,0.8,30598200,1656525
15-05-2025 14:57,25104.2,786975,303675,15-05-2025 14:57,470.8,15060675,54975,15-05-2025 14:57,0.75,30433650,1721025
15-05-2025 14:57,25098.5,793050,306825,15-05-2025 14:57,468,14907000,58875,15-05-2025 14:57,0.75,30358200,1716675
15-05-2025 14:58,25097.6,792150,310650,15-05-2025 14:58,463.15,14757600,58050,15-05-2025 14:58,0.7,30323400,1693350
15-05-2025 14:58,25093.6,786900,310200,15-05-2025 14:58,459.25,14685300,57600,15-05-2025 14:58,0.65,30329550,1807800
15-05-2025 14:58,25092,788625,309600,15-05-2025 14:58,462.95,14685750,58125,15-05-2025 14:58,0.7,30251475,1818975
15-05-2025 14:58,25091.3,800475,302100,15-05-2025 14:58,466.5,14685675,56475,15-05-2025 14:58,0.6,30256200,1844700
15-05-2025 14:58,25091.2,799200,302850,15-05-2025 14:58,461,14682000,58725,15-05-2025 14:58,0.65,30343425,1846275
15-05-2025 14:58,25092.9,786600,303150,15-05-2025 14:58,463.7,14684175,62400,15-05-2025 14:58,0.6,30285750,1873650
15-05-2025 14:59,25094,790500,299700,15-05-2025 14:59,467.9,14684625,57675,15-05-2025 14:59,0.65,30282000,1853925
15-05-2025 14:59,25097.2,791850,298425,15-05-2025 14:59,472,14687475,57300,15-05-2025 14:59,0.55,30187125,1875675
15-05-2025 14:59,25098.5,788775,297300,15-05-2025 14:59,468,14685675,60975,15-05-2025 14:59,0.6,29792175,1824150
15-05-2025 14:59,25097,786375,298500,15-05-2025 14:59,467.75,14686200,58425,15-05-2025 14:59,0.6,29769375,1857450
15-05-2025 14:59,25095.8,785175,301575,15-05-2025 14:59,465.85,14680350,61800,15-05-2025 14:59,0.6,29633400,1843350
15-05-2025 14:59,25096.7,787875,300225,15-05-2025 14:59,470.7,14684850,60150,15-05-2025 14:59,0.65,29671650,1883850
15-05-2025 15:00,25100.2,786300,301275,15-05-2025 15:00,470.45,14681850,59325,15-05-2025 15:00,0.65,29637525,1873725
15-05-2025 15:00,25099,785700,303750,15-05-2025 15:00,470.5,14678700,59025,15-05-2025 15:00,0.65,29766675,1725825
15-05-2025 15:00,25094.3,781125,306975,15-05-2025 15:00,466.8,14616675,60750,15-05-2025 15:00,0.7,29759925,1728300
15-05-2025 15:00,25090.1,779025,311400,15-05-2025 15:00,455.25,14613000,61275,15-05-2025 15:00,0.7,29885400,1580850
15-05-2025 15:00,25088.2,776475,310200,15-05-2025 15:00,451.85,14498400,57150,15-05-2025 15:00,0.7,29892600,1639125
15-05-2025 15:00,25091,782625,306750,15-05-2025 15:00,460.85,14359800,55350,15-05-2025 15:00,0.65,29908125,1634625
15-05-2025 15:01,25088,776250,313875,15-05-2025 15:01,457.3,14257275,61725,15-05-2025 15:01,0.7,29919975,1640175
15-05-2025 15:01,25090,776700,306975,15-05-2025 15:01,459.05,14264025,61575,15-05-2025 15:01,0.65,29598225,1715475
15-05-2025 15:01,25086.7,774825,311400,15-05-2025 15:01,456.45,14261175,66825,15-05-2025 15:01,0.7,29618925,1723800
15-05-2025 15:01,25083.8,777375,313200,15-05-2025 15:01,456.4,14258850,69900,15-05-2025 15:01,0.65,28809525,1719450
15-05-2025 15:01,25088.9,777600,312525,15-05-2025 15:01,454.15,14260875,62100,15-05-2025 15:01,0.65,28266450,1727925
15-05-2025 15:01,25083,775125,315900,15-05-2025 15:01,454.1,14260875,63825,15-05-2025 15:01,0.65,28184175,1724250
15-05-2025 15:02,25085.2,772950,318225,15-05-2025 15:02,456,14259900,67275,15-05-2025 15:02,0.6,28180800,1827000
15-05-2025 15:02,25083,773025,317850,15-05-2025 15:02,454.6,14259825,62550,15-05-2025 15:02,0.6,28270275,1863075
15-05-2025 15:02,25085,769875,320700,15-05-2025 15:02,457.45,14262750,59325,15-05-2025 15:02,0.6,28266525,1896675
15-05-2025 15:02,25084,770550,324150,15-05-2025 15:02,457,14131575,60600,15-05-2025 15:02,0.65,28354425,1866000
15-05-2025 15:02,25090,773700,320175,15-05-2025 15:02,464.25,14130150,59400,15-05-2025 15:02,0.6,28404750,1883775
15-05-2025 15:02,25088.1,772200,309675,15-05-2025 15:02,459.55,14087250,62250,15-05-2025 15:02,0.6,28268325,1906275
15-05-2025 15:03,25090,772050,307800,15-05-2025 15:03,462.1,14087325,60075,15-05-2025 15:03,0.5,28276950,2009775
15-05-2025 15:03,25089.6,769275,302925,15-05-2025 15:03,465.8,14089050,57750,15-05-2025 15:03,0.55,28210200,2092275
15-05-2025 15:03,25094,767625,307200,15-05-2025 15:03,467.7,14088825,56775,15-05-2025 15:03,0.5,27804000,2071875
15-05-2025 15:03,25094.1,772200,295200,15-05-2025 15:03,470.55,14090925,52800,15-05-2025 15:03,0.5,27751425,2013750
15-05-2025 15:03,25100,772950,297975,15-05-2025 15:03,475,14090250,57600,15-05-2025 15:03,0.55,27646050,2043150
15-05-2025 15:03,25105.5,778200,301500,15-05-2025 15:03,481.1,14095125,51750,15-05-2025 15:03,0.5,27956400,1951050
15-05-2025 15:04,25109.6,776625,296175,15-05-2025 15:04,485.1,14093100,49350,15-05-2025 15:04,0.6,27862875,1946475
15-05-2025 15:04,25107,773775,306450,15-05-2025 15:04,485.6,14097750,52050,15-05-2025 15:04,0.45,27818700,2100000
15-05-2025 15:04,25106.5,778500,298800,15-05-2025 15:04,483,14092800,54225,15-05-2025 15:04,0.45,27501300,2202525
15-05-2025 15:04,25107,776025,297075,15-05-2025 15:04,482.9,14093250,55575,15-05-2025 15:04,0.45,27387975,2251050
15-05-2025 15:04,25106.4,778575,297450,15-05-2025 15:04,484.15,14093400,54975,15-05-2025 15:04,0.4,27361875,2393700
15-05-2025 15:04,25106.5,776400,298800,15-05-2025 15:04,483.8,14092950,57675,15-05-2025 15:04,0.4,27520800,2419125
15-05-2025 15:05,25106.4,777000,298950,15-05-2025 15:05,489.3,14095650,53550,15-05-2025 15:05,0.4,27655200,2388150
15-05-2025 15:05,25105.8,783300,298125,15-05-2025 15:05,485.45,14093550,53100,15-05-2025 15:05,0.4,27623475,2390025
15-05-2025 15:05,25104.2,780075,296625,15-05-2025 15:05,488.4,14098125,54750,15-05-2025 15:05,0.4,27589425,2073825
15-05-2025 15:05,25105,777075,299550,15-05-2025 15:05,485.6,14091300,57675,15-05-2025 15:05,0.45,27621600,2067825
15-05-2025 15:05,25105,774600,305550,15-05-2025 15:05,482.9,14091975,51450,15-05-2025 15:05,0.45,27542100,2024025
15-05-2025 15:05,25105,772950,304725,15-05-2025 15:05,485.85,13604925,54750,15-05-2025 15:05,0.45,27456225,1982925
15-05-2025 15:06,25101,770475,304800,15-05-2025 15:06,483,13603125,55725,15-05-2025 15:06,0.4,27061275,2113200
15-05-2025 15:06,25104,770250,308100,15-05-2025 15:06,484.65,13607175,52650,15-05-2025 15:06,0.35,27634875,2157450
15-05-2025 15:06,25105,768825,306525,15-05-2025 15:06,486.65,13604625,51225,15-05-2025 15:06,0.35,27598800,2159400
15-05-2025 15:06,25103.2,766950,305400,15-05-2025 15:06,487,13601550,51000,15-05-2025 15:06,0.4,27661650,2126550
15-05-2025 15:06,25095.1,763725,313800,15-05-2025 15:06,481.75,13602450,54600,15-05-2025 15:06,0.35,27609525,2180250
15-05-2025 15:06,25096.8,759375,311850,15-05-2025 15:06,480.6,13602525,57600,15-05-2025 15:06,0.3,27460050,2435400
15-05-2025 15:07,25094,759450,311700,15-05-2025 15:07,483.2,13601100,56100,15-05-2025 15:07,0.3,27202200,2495175
15-05-2025 15:07,25097,761550,306675,15-05-2025 15:07,486,13600050,54750,15-05-2025 15:07,0.3,27144825,2509575
15-05-2025 15:07,25092,757800,308100,15-05-2025 15:07,478.05,13597725,56850,15-05-2025 15:07,0.3,27032025,2484150
15-05-2025 15:07,25096.1,759750,317025,15-05-2025 15:07,483.95,13599825,58125,15-05-2025 15:07,0.3,26966550,2118675
15-05-2025 15:07,25097.8,759900,314325,15-05-2025 15:07,481.8,13603950,57225,15-05-2025 15:07,0.3,26717700,2123475
15-05-2025 15:07,25097,759525,322050,15-05-2025 15:07,482.5,13601175,57675,15-05-2025 15:07,0.3,26737350,2113800
15-05-2025 15:08,25095.1,761100,315225,15-05-2025 15:08,481.65,13602750,64125,15-05-2025 15:08,0.3,26575350,2099325
15-05-2025 15:08,25093.6,760350,315150,15-05-2025 15:08,479.65,13602750,64875,15-05-2025 15:08,0.3,26691750,2076075
15-05-2025 15:08,25091,759225,311700,15-05-2025 15:08,481.1,13594800,63825,15-05-2025 15:08,0.35,26714175,1987050
15-05-2025 15:08,25093.8,759525,313200,15-05-2025 15:08,481.5,13236375,61425,15-05-2025 15:08,0.3,26857350,1925625
15-05-2025 15:08,25092.4,760725,315150,15-05-2025 15:08,480,13231200,57450,15-05-2025 15:08,0.35,26827725,1972575
15-05-2025 15:08,25094.4,761475,312900,15-05-2025 15:08,484,11906700,56100,15-05-2025 15:08,0.35,26311350,1993500
15-05-2025 15:09,25096.7,762600,314025,15-05-2025 15:09,484,11902800,52200,15-05-2025 15:09,0.3,26215575,2003850
15-05-2025 15:09,25095.1,763500,309675,15-05-2025 15:09,482.25,11854950,58650,15-05-2025 15:09,0.3,26220900,2220000
15-05-2025 15:09,25094.4,761400,312150,15-05-2025 15:09,482,11857725,54000,15-05-2025 15:09,0.25,26022900,2241975
15-05-2025 15:09,25093.5,759600,309075,15-05-2025 15:09,482,11859525,58425,15-05-2025 15:09,0.25,28219950,2228400
15-05-2025 15:09,25095,761775,311775,15-05-2025 15:09,481.5,11860275,61425,15-05-2025 15:09,0.25,28068750,2210400
15-05-2025 15:09,25095.1,761325,311700,15-05-2025 15:09,484,11858175,60300,15-05-2025 15:09,0.25,27998325,2224125
15-05-2025 15:10,25092.3,761100,310425,15-05-2025 15:10,480.75,11856375,57525,15-05-2025 15:10,0.25,27770325,2208225
15-05-2025 15:10,25094,761100,311100,15-05-2025 15:10,480,11854650,52725,15-05-2025 15:10,0.25,27606375,2218200
15-05-2025 15:10,25084.4,760200,314475,15-05-2025 15:10,474,11854950,60225,15-05-2025 15:10,0.25,27511800,2215200
15-05-2025 15:10,25081.1,745125,312150,15-05-2025 15:10,472.75,11849175,56175,15-05-2025 15:10,0.3,27474150,2164200
15-05-2025 15:10,25076.1,744600,308400,15-05-2025 15:10,464.55,11845050,57000,15-05-2025 15:10,0.3,27469050,2161425
15-05-2025 15:10,25080,737850,312750,15-05-2025 15:10,469.6,11844600,57750,15-05-2025 15:10,0.25,27408975,2489475
15-05-2025 15:11,25078.1,749100,309600,15-05-2025 15:11,470.55,11841675,58800,15-05-2025 15:11,0.2,27105825,2461350
15-05-2025 15:11,25079.8,741825,309525,15-05-2025 15:11,467.9,11591625,63600,15-05-2025 15:11,0.2,26341200,2301525
15-05-2025 15:11,25080,733650,312450,15-05-2025 15:11,466.25,11591775,63225,15-05-2025 15:11,0.3,26625000,2320050
15-05-2025 15:11,25077.3,733275,315525,15-05-2025 15:11,470.6,11533275,62250,15-05-2025 15:11,0.25,26561550,1864800
15-05-2025 15:11,25077.5,733800,310125,15-05-2025 15:11,470.75,11537700,56175,15-05-2025 15:11,0.25,26532225,1860300
15-05-2025 15:11,25083.2,735825,307575,15-05-2025 15:11,470.85,11534850,58725,15-05-2025 15:11,0.2,26539425,2306025
15-05-2025 15:12,25080.1,735975,310575,15-05-2025 15:12,468.3,11533200,59700,15-05-2025 15:12,0.25,26246325,2332500
15-05-2025 15:12,25082,736125,320775,15-05-2025 15:12,468.6,11538000,62025,15-05-2025 15:12,0.25,26428575,2411700
15-05-2025 15:12,25082.5,734700,316500,15-05-2025 15:12,468.7,11534850,63600,15-05-2025 15:12,0.2,26431275,2205000
15-05-2025 15:12,25080,734475,310500,15-05-2025 15:12,469.75,11540700,56325,15-05-2025 15:12,0.25,26160225,2270400
15-05-2025 15:12,25080,736275,306375,15-05-2025 15:12,469,11533125,65700,15-05-2025 15:12,0.25,26086350,2292525
15-05-2025 15:12,25079.5,737100,301275,15-05-2025 15:12,471.6,11535000,59775,15-05-2025 15:12,0.25,26099250,2297475
15-05-2025 15:13,25079.7,733350,302250,15-05-2025 15:13,471,11380050,57000,15-05-2025 15:13,0.2,25729275,2274975
15-05-2025 15:13,25078.5,735525,309075,15-05-2025 15:13,469.1,11379975,62250,15-05-2025 15:13,0.2,25459275,2276775
15-05-2025 15:13,25077.6,736875,312825,15-05-2025 15:13,468.85,11309250,61275,15-05-2025 15:13,0.2,25475175,2286000
15-05-2025 15:13,25079.4,735075,309525,15-05-2025 15:13,467.4,11305500,62625,15-05-2025 15:13,0.2,25404600,2273250
15-05-2025 15:13,25078.5,736950,306825,15-05-2025 15:13,469.2,11306250,57225,15-05-2025 15:13,0.25,25398600,2311500
15-05-2025 15:13,25078,741750,307050,15-05-2025 15:13,468.3,11304750,59475,15-05-2025 15:13,0.25,25361775,2303175
15-05-2025 15:14,25077.9,740850,313050,15-05-2025 15:14,471,11077200,63150,15-05-2025 15:14,0.25,25161225,2236050
15-05-2025 15:14,25078,737700,309000,15-05-2025 15:14,468,11076675,57600,15-05-2025 15:14,0.2,25088775,2215425
15-05-2025 15:14,25077,737475,309825,15-05-2025 15:14,468.55,11049600,59250,15-05-2025 15:14,0.2,25124700,2206800
15-05-2025 15:14,25076.4,738225,309825,15-05-2025 15:14,466.35,11043300,57825,15-05-2025 15:14,0.2,25110525,2194050
15-05-2025 15:14,25075.8,735225,310800,15-05-2025 15:14,465.2,11037300,60525,15-05-2025 15:14,0.2,25103775,2142300
15-05-2025 15:14,25074.3,734850,313875,15-05-2025 15:14,465,11039325,58275,15-05-2025 15:14,0.25,25181775,2139675
15-05-2025 15:15,25073.5,724650,311475,15-05-2025 15:15,466,11038725,65625,15-05-2025 15:15,0.25,24927300,2099025
15-05-2025 15:15,25066.1,724125,314100,15-05-2025 15:15,460,11035575,57375,15-05-2025 15:15,0.25,24891900,2127900
15-05-2025 15:15,25062.8,717375,327600,15-05-2025 15:15,457.25,11030400,61725,15-05-2025 15:15,0.35,25376550,2110725
15-05-2025 15:15,25060,713475,329550,15-05-2025 15:15,460.4,11029800,63075,15-05-2025 15:15,0.35,25435875,1247250
15-05-2025 15:15,25061,711300,323250,15-05-2025 15:15,461.25,11032425,55575,15-05-2025 15:15,0.35,25418325,1208400
15-05-2025 15:15,25061,723825,316050,15-05-2025 15:15,460.9,11032950,61275,15-05-2025 15:15,0.3,25150425,1308600
15-05-2025 15:16,25060,722175,314850,15-05-2025 15:16,461.6,11033250,61050,15-05-2025 15:16,0.3,25187925,1350300
15-05-2025 15:16,25061,733950,313275,15-05-2025 15:16,462.4,11034075,55575,15-05-2025 15:16,0.3,25159725,1366800
15-05-2025 15:16,25071.1,733425,309900,15-05-2025 15:16,465,11037825,58800,15-05-2025 15:16,0.3,25077825,1305825
15-05-2025 15:16,25071.1,743925,306075,15-05-2025 15:16,466.25,11034675,54825,15-05-2025 15:16,0.3,25097700,1317750
15-05-2025 15:16,25069.2,746250,307350,15-05-2025 15:16,465.2,11038800,54150,15-05-2025 15:16,0.3,24988200,1500750
15-05-2025 15:16,25075,758100,305925,15-05-2025 15:16,468,11042550,49575,15-05-2025 15:16,0.3,24790200,1546050
15-05-2025 15:17,25073,751500,303825,15-05-2025 15:17,468,11057850,55200,15-05-2025 15:17,0.2,24583500,1835025
15-05-2025 15:17,25075,751650,303600,15-05-2025 15:17,468.65,11037375,50400,15-05-2025 15:17,0.2,24148875,1850250
15-05-2025 15:17,25076.3,754350,301425,15-05-2025 15:17,469.45,11035275,52200,15-05-2025 15:17,0.2,24052500,1911000
15-05-2025 15:17,25075,754425,302625,15-05-2025 15:17,469.5,10735275,51150,15-05-2025 15:17,0.2,24034500,1998750
15-05-2025 15:17,25075,757650,308175,15-05-2025 15:17,467.4,10720275,52725,15-05-2025 15:17,0.2,23969100,2005050
15-05-2025 15:17,25076.9,754575,306975,15-05-2025 15:17,466.9,10584825,53700,15-05-2025 15:17,0.2,23958150,1969425
15-05-2025 15:18,25075.9,748950,311850,15-05-2025 15:18,467,10581225,54000,15-05-2025 15:18,0.2,23607825,1937850
15-05-2025 15:18,25074,748200,312750,15-05-2025 15:18,468.85,10586250,63975,15-05-2025 15:18,0.2,23574375,1926900
15-05-2025 15:18,25072.9,726375,313275,15-05-2025 15:18,468.9,10582050,58500,15-05-2025 15:18,0.2,23488200,1918125
15-05-2025 15:18,25072,726825,312600,15-05-2025 15:18,466.6,10364025,59850,15-05-2025 15:18,0.2,23592600,1842900
15-05-2025 15:18,25072,730650,311850,15-05-2025 15:18,465.65,10362975,55950,15-05-2025 15:18,0.2,23511975,1872300
15-05-2025 15:18,25073,727200,308925,15-05-2025 15:18,463.95,10266600,58200,15-05-2025 15:18,0.2,23376450,1878000
15-05-2025 15:19,25072.7,727350,312900,15-05-2025 15:19,465.25,10093050,57600,15-05-2025 15:19,0.2,23353350,1880775
15-05-2025 15:19,25070,725850,312600,15-05-2025 15:19,463.5,9996825,58575,15-05-2025 15:19,0.2,23344725,1879575
15-05-2025 15:19,25068.1,723075,320025,15-05-2025 15:19,463.05,9993600,62625,15-05-2025 15:19,0.2,23438475,1887600
15-05-2025 15:19,25066.7,725100,317400,15-05-2025 15:19,464.9,9997125,60150,15-05-2025 15:19,0.2,23452200,1897125
15-05-2025 15:19,25066,727725,314325,15-05-2025 15:19,463.95,9997725,61725,15-05-2025 15:19,0.2,23251350,1891650
15-05-2025 15:19,25066,728775,310125,15-05-2025 15:19,463.15,9994800,61800,15-05-2025 15:19,0.15,23205000,2576550
15-05-2025 15:20,25064.5,731475,309825,15-05-2025 15:20,462.85,9997050,69825,15-05-2025 15:20,0.2,22313550,2562525
15-05-2025 15:20,25066,734325,309450,15-05-2025 15:20,464.1,9996450,66975,15-05-2025 15:20,0.2,22022250,2558100
15-05-2025 15:20,25066,743475,306450,15-05-2025 15:20,466.2,9996300,59400,15-05-2025 15:20,0.2,21825000,2563500
15-05-2025 15:20,25066,741675,301425,15-05-2025 15:20,465.1,9996750,62250,15-05-2025 15:20,0.15,21782550,2572575
15-05-2025 15:20,25066.7,743250,300900,15-05-2025 15:20,464.05,9988725,66900,15-05-2025 15:20,0.15,21818850,2664375
15-05-2025 15:20,25069,748800,299700,15-05-2025 15:20,463.85,9985200,69075,15-05-2025 15:20,0.2,21346650,2683500
15-05-2025 15:21,25069,749475,300075,15-05-2025 15:21,465.35,9987600,67275,15-05-2025 15:21,0.15,20158425,2646825
15-05-2025 15:21,25074.4,751050,300750,15-05-2025 15:21,465.2,9990750,63000,15-05-2025 15:21,0.1,19674300,3303075
15-05-2025 15:21,25070,752025,301350,15-05-2025 15:21,466.45,9994650,73575,15-05-2025 15:21,0.1,18306525,3252075
15-05-2025 15:21,25070.5,755775,297375,15-05-2025 15:21,466.75,9988275,72825,15-05-2025 15:21,0.15,18059025,3174375
15-05-2025 15:21,25070.7,756750,297825,15-05-2025 15:21,466.45,9990450,65475,15-05-2025 15:21,0.15,17857200,3157800
15-05-2025 15:21,25074,751650,299700,15-05-2025 15:21,466.45,9987525,61950,15-05-2025 15:21,0.15,16412025,3155550
15-05-2025 15:22,25077.2,750675,301950,15-05-2025 15:22,466,9991125,64350,15-05-2025 15:22,0.15,16313100,3135600
15-05-2025 15:22,25072.2,755400,303375,15-05-2025 15:22,465.55,9990300,64425,15-05-2025 15:22,0.1,16259850,3174525
15-05-2025 15:22,25076.6,754650,300600,15-05-2025 15:22,465.4,9988200,61950,15-05-2025 15:22,0.15,16184775,3194700
15-05-2025 15:22,25073.1,736050,298575,15-05-2025 15:22,466.25,9992400,58650,15-05-2025 15:22,0.15,16237425,3244725
15-05-2025 15:22,25073.9,737100,299475,15-05-2025 15:22,465.25,9986850,59625,15-05-2025 15:22,0.1,16079250,3241350
15-05-2025 15:22,25072.4,738600,300375,15-05-2025 15:22,465.05,9989850,56775,15-05-2025 15:22,0.15,15798150,3272925
15-05-2025 15:23,25077,736275,300225,15-05-2025 15:23,466,9989025,57300,15-05-2025 15:23,0.15,14763600,3208425
15-05-2025 15:23,25078,736725,301200,15-05-2025 15:23,465.65,9982500,55800,15-05-2025 15:23,0.1,12616050,3260325
15-05-2025 15:23,25074.3,739050,297900,15-05-2025 15:23,466,9982800,54000,15-05-2025 15:23,0.1,12511200,3343650
15-05-2025 15:23,25073.1,743625,297975,15-05-2025 15:23,465.2,9987000,55875,15-05-2025 15:23,0.1,11763375,3364125
15-05-2025 15:23,25079,745350,296850,15-05-2025 15:23,465.5,9984750,56925,15-05-2025 15:23,0.1,11739300,3363975
15-05-2025 15:23,25073.1,744000,296175,15-05-2025 15:23,465.45,9984600,54075,15-05-2025 15:23,0.1,11410125,3357975
15-05-2025 15:24,25076.1,745200,296250,15-05-2025 15:24,465.65,9985050,58350,15-05-2025 15:24,0.1,11379000,3341700
15-05-2025 15:24,25076.5,750000,295350,15-05-2025 15:24,465.55,9982800,55125,15-05-2025 15:24,0.15,10720800,3056025
15-05-2025 15:24,25079.6,749550,293400,15-05-2025 15:24,465.85,9985950,55275,15-05-2025 15:24,0.1,10610550,3048000
15-05-2025 15:24,25080,741750,285750,15-05-2025 15:24,465.8,9986400,56175,15-05-2025 15:24,0.15,10551975,3033900
15-05-2025 15:24,25075,740850,287400,15-05-2025 15:24,466.25,9981825,54525,15-05-2025 15:24,0.15,10258950,2997825
15-05-2025 15:24,25075.8,738150,290625,15-05-2025 15:24,465.5,9980025,56775,15-05-2025 15:24,0.15,10204350,2868900
15-05-2025 15:25,25076.3,737025,293100,15-05-2025 15:25,465.2,8091675,52950,15-05-2025 15:25,0.1,9246075,2824350
15-05-2025 15:25,25075.4,733950,288450,15-05-2025 15:25,464.15,8084850,56625,15-05-2025 15:25,0.1,9093675,2784225
15-05-2025 15:25,25077.4,730275,288225,15-05-2025 15:25,465.55,7087725,56100,15-05-2025 15:25,0.1,7215000,2662800
15-05-2025 15:25,25076.3,742950,285675,15-05-2025 15:25,464.75,7091925,55200,15-05-2025 15:25,0.05,7727625,2608125
15-05-2025 15:25,25075.9,744975,284400,15-05-2025 15:25,465.9,7085400,49125,15-05-2025 15:25,0.1,7432200,2594025
15-05-2025 15:25,25081.7,748800,282750,15-05-2025 15:25,465.6,7091400,52725,15-05-2025 15:25,0.05,7188675,2610300
15-05-2025 15:26,25075,747525,282600,15-05-2025 15:26,465.1,7089975,54450,15-05-2025 15:26,0.05,6959250,2652300
15-05-2025 15:26,25080.9,744450,284625,15-05-2025 15:26,465,7086525,54600,15-05-2025 15:26,0.05,6906600,2706600
15-05-2025 15:26,25076,744000,281775,15-05-2025 15:26,465.5,7084275,57450,15-05-2025 15:26,0.05,6863100,2731500
15-05-2025 15:26,25080,742575,282525,15-05-2025 15:26,465.7,7082175,62550,15-05-2025 15:26,0.05,6808650,2774850
15-05-2025 15:26,25075.1,745350,282525,15-05-2025 15:26,465.7,7078725,65925,15-05-2025 15:26,0.05,6758850,2811825
15-05-2025 15:26,25076,746250,282300,15-05-2025 15:26,465.05,7073625,69000,15-05-2025 15:26,0.05,6715125,2815425
15-05-2025 15:27,25075.2,746250,281250,15-05-2025 15:27,465.45,7078875,67575,15-05-2025 15:27,0.05,6667350,2790525
15-05-2025 15:27,25075.2,742650,275325,15-05-2025 15:27,464.4,7077750,61200,15-05-2025 15:27,0.05,6588075,2841375
15-05-2025 15:27,25080,747600,274875,15-05-2025 15:27,465,7078125,53925,15-05-2025 15:27,0.05,6517500,2825100
15-05-2025 15:27,25075.8,748200,272925,15-05-2025 15:27,464.9,7073550,53775,15-05-2025 15:27,0.05,6400800,2859375
15-05-2025 15:27,25078,744225,270225,15-05-2025 15:27,464.4,7070400,52800,15-05-2025 15:27,0.05,6218850,2923650
15-05-2025 15:27,25080,743175,269850,15-05-2025 15:27,464.7,5440350,54075,15-05-2025 15:27,0.05,5317425,2923425
15-05-2025 15:28,25080,736425,270825,15-05-2025 15:28,464.05,5437800,50700,15-05-2025 15:28,0.05,4192950,2464350
15-05-2025 15:28,25079.3,737025,272025,15-05-2025 15:28,464,5197575,58950,15-05-2025 15:28,0.05,2884275,2084325
15-05-2025 15:28,25076.4,744000,268500,15-05-2025 15:28,463.2,5194725,52875,15-05-2025 15:28,0.1,1125750,1728900
15-05-2025 15:28,25077,744675,266700,15-05-2025 15:28,463.3,5184450,40350,15-05-2025 15:28,0.05,889200,1664625
15-05-2025 15:28,25078,741825,263400,15-05-2025 15:28,463.3,5149800,43800,15-05-2025 15:28,0.05,412500,1326000
15-05-2025 15:28,25077,741600,262575,15-05-2025 15:28,463.3,5148525,44025,15-05-2025 15:28,0.1,288825,1262100
15-05-2025 15:29,25076,717975,259050,15-05-2025 15:29,462.8,5129550,37050,15-05-2025 15:29,0.05,221100,1191825
15-05-2025 15:29,25077,716325,259500,15-05-2025 15:29,463,5126400,32025,15-05-2025 15:29,0.05,0,1187625
15-05-2025 15:29,25075,711075,257175,15-05-2025 15:29,462.05,5102400,30975,15-05-2025 15:29,0.05,0,1098825
15-05-2025 15:29,25075,693975,243825,15-05-2025 15:29,461.7,3066900,31125,15-05-2025 15:29,0.05,0,910650
15-05-2025 15:29,25075.3,684450,240975,15-05-2025 15:29,461.9,3064950,30150,15-05-2025 15:29,0.1,0,741150
15-05-2025 15:29,25075,673275,225375,15-05-2025 15:29,462,3063300,23925,15-05-2025 15:29,0.1,171525,712200
