last_traded_time,ltp,tot_buy_qty,tot_sell_qty,ltp,tot_buy_qty,tot_sell_qty,ltp,tot_buy_qty,tot_sell_qty
20-05-2025 09:15,25040,222075,227625,133.95,4282650,1135950,142.15,2370825,202275
20-05-2025 09:15,25039.9,233100,236400,136.15,3696750,1173975,139.05,2364900,217500
20-05-2025 09:16,25044.1,226350,228525,131.95,3718350,1216350,143.45,2367075,253050
20-05-2025 09:16,25034.9,235350,245775,133.05,3700800,1244325,141.05,2389350,230700
20-05-2025 09:16,25044.6,250875,248025,136,3722850,1246650,140.15,2373825,268950
20-05-2025 09:16,25038.8,235650,253050,133.15,4146150,1300350,145.05,2386500,281475
20-05-2025 09:16,25038.2,251475,252600,133.85,4119450,1313625,144,2807700,287175
20-05-2025 09:16,25035,252825,252375,130.6,3612675,1401900,142.35,2805675,304950
20-05-2025 09:17,25030,247425,261675,130.4,3635250,1428300,144.9,2794575,317925
20-05-2025 09:17,25030,252150,260025,128.6,3593025,1446975,145.8,2804100,316800
20-05-2025 09:17,25033,251175,266025,130.3,3636000,1458300,145,2815575,347175
20-05-2025 09:17,25030,255825,275100,128.4,3652950,1482000,148.35,2810925,337875
20-05-2025 09:17,25025.4,259500,266175,130.65,3691575,1504500,145.45,2833050,337425
20-05-2025 09:17,25031,265575,268875,128.75,3740400,1538400,147.05,2837850,355350
20-05-2025 09:18,25026.7,259350,267975,128.45,3744450,1611450,146.4,2854500,365025
20-05-2025 09:18,25031.5,260550,265350,130.4,3764400,1560525,143.5,2849775,390600
20-05-2025 09:18,25032.8,259725,270675,128.75,3694875,1582125,143.95,2810775,386325
20-05-2025 09:18,25035,251850,273375,129.85,3599925,1597575,143.55,2783775,390600
20-05-2025 09:18,25031.1,255525,274575,126.75,3549225,1624875,145.2,2736825,390675
20-05-2025 09:18,25028.1,258750,275775,127.45,3508125,1628925,143.75,2682900,414375
20-05-2025 09:19,25032,257550,275625,128.1,3470850,1637775,143.15,2668800,415950
20-05-2025 09:19,25033.7,265425,271575,128.7,3206700,1644975,142.05,2662350,431850
20-05-2025 09:19,25032,252150,280725,127.95,3192450,1657275,143.1,2261325,431925
20-05-2025 09:19,25033.6,261975,276975,127.05,3161700,1679475,143.4,2276100,452925
20-05-2025 09:19,25030,264975,275850,126.35,3180525,1707150,143.65,2268375,460875
20-05-2025 09:19,25031.4,264450,283350,125.35,3196950,1724100,143.2,2269200,477150
20-05-2025 09:20,25022,264900,284325,123.75,3074400,1736325,143.35,2285925,441600
20-05-2025 09:20,25023,261825,278700,122.4,3074850,1750425,144.15,2283225,452700
20-05-2025 09:20,25015.4,248475,286800,117.95,3069675,1744050,153.25,2330700,456150
20-05-2025 09:20,25007.2,250575,277500,117.65,2875500,1753725,156.3,2350650,322575
20-05-2025 09:20,25010,254175,282075,117.35,2909925,1770000,157.65,2347125,346650
20-05-2025 09:20,25006,256950,283425,117.25,2949675,1788150,156.8,2314575,366075
20-05-2025 09:21,25003.6,254925,285000,113.75,2970900,1795950,162.3,2353875,377400
20-05-2025 09:21,25003.1,250050,288750,114.05,2945475,1826925,162.55,2403675,311025
20-05-2025 09:21,25001.6,256350,292200,115.85,3015525,1828125,160.3,2367600,357600
20-05-2025 09:21,25001.6,263250,289875,116.05,3022275,1835475,162.45,2310825,389250
20-05-2025 09:21,25006.6,259725,293175,116.5,3062175,1850925,160.85,2315850,410700
20-05-2025 09:21,25003.8,258300,296250,113.85,3082275,1871400,163,2336400,424500
20-05-2025 09:22,24999,262125,297000,113.2,3033225,1898175,166,2301375,392925
20-05-2025 09:22,24999,262575,293550,112.65,3060600,1912125,166.15,2309250,381750
20-05-2025 09:22,24995.9,270000,291750,113.25,3096600,1916700,161.65,2302125,427125
20-05-2025 09:22,25004.9,267900,283500,117.25,3150975,1901400,162.45,2235450,435825
20-05-2025 09:22,25007.4,266025,296175,118.75,3190800,1854225,157.85,2177775,449625
20-05-2025 09:22,25015.5,265800,290250,121.25,3219975,1856250,152.1,2163600,462075
20-05-2025 09:23,25024.8,273300,295050,123.75,3233400,1822800,148.2,2139825,473400
20-05-2025 09:23,25025.5,280500,295350,125.4,3269775,1795275,148.75,2119050,471300
20-05-2025 09:23,25027,282375,296775,127.75,3286875,1790250,147,2159625,480150
20-05-2025 09:23,25030,283575,292425,127.2,3259425,1827150,147.45,2139750,483075
20-05-2025 09:23,25025.5,276750,294150,123.9,3224625,1936200,149.75,2163225,490950
20-05-2025 09:23,25027.8,278925,291675,123.95,3111300,1975875,148.25,2168625,533100
20-05-2025 09:24,25032,280200,288825,125.55,3154725,1979175,146.6,2176425,547425
20-05-2025 09:24,25028.4,280350,292575,126.55,3170325,1971675,146.45,2136225,567900
20-05-2025 09:24,25026,275025,294000,125.65,3202275,1988925,148.75,2165700,572550
20-05-2025 09:24,25022,277125,312300,120.25,3147450,2073450,154.6,2219100,554325
20-05-2025 09:24,25010,273225,312000,118.7,3093600,2072850,156.85,2215500,508050
20-05-2025 09:24,25014.3,279000,302175,118.3,3051675,2099550,155.85,2244525,525225
20-05-2025 09:25,25015,276150,302475,119,3076875,2108775,153.3,2205075,556500
20-05-2025 09:25,25013.2,279600,306450,117.7,3083175,2143500,155.8,2218200,568200
20-05-2025 09:25,25008.5,277875,311850,115.65,3084975,2162100,159.05,2234775,560400
20-05-2025 09:25,25001.4,275400,310575,114.3,3025200,2178900,161.75,2275500,540600
20-05-2025 09:25,25006,286350,318300,116.2,3088350,2181900,159.8,2271525,530925
20-05-2025 09:25,25007.3,283350,323400,115.8,3130050,2205825,160.1,2247225,545325
20-05-2025 09:26,25004.5,286650,320250,114.75,3133875,2243250,161.85,2245575,561450
20-05-2025 09:26,25004.6,287550,320100,114.55,3111225,2249325,161.05,2234250,561450
20-05-2025 09:26,25009.5,288525,319350,116.95,3148125,2250900,158.5,2238750,587400
20-05-2025 09:26,25010.1,292725,323025,118.3,3181425,2252925,155.9,2202150,606825
20-05-2025 09:26,25009.6,290925,313875,118.25,3207525,2248800,154.5,2194800,622500
20-05-2025 09:26,25011.6,290100,317925,117.55,3202050,2279700,152.1,2187600,627375
20-05-2025 09:27,25019,293775,307125,118.6,3211875,2273250,150.1,2162025,629850
20-05-2025 09:27,25010.5,291150,320925,114.35,3212250,2281125,154.95,2132850,620625
20-05-2025 09:27,25002,292050,318375,111.3,3139350,2305200,158.4,2159850,624900
20-05-2025 09:27,25001.5,290775,322125,110,3041100,2312775,159.9,2185650,620850
20-05-2025 09:27,25000,291675,319875,108.35,2933850,2314650,160.1,2194650,623175
20-05-2025 09:27,25002,283725,321000,108.9,2941200,2336400,158.35,2202450,650400
20-05-2025 09:28,25003.6,289725,321150,109.2,2993550,2346525,156.45,2175450,663300
20-05-2025 09:28,24997.4,288450,319050,107.1,2925225,2366400,161.35,2202525,663600
20-05-2025 09:28,24994.1,282675,316200,108.6,2939025,2376525,160.9,2222100,658650
20-05-2025 09:28,24996.1,290475,322425,107.05,2955000,2393700,161.15,2240325,668550
20-05-2025 09:28,24998.4,290850,315525,107.2,2961225,2400525,161.1,2241975,666150
20-05-2025 09:28,25000,293700,319200,108.6,2938725,2408250,158.7,2255775,687000
20-05-2025 09:29,24997.7,293325,318375,106.8,2950650,2397450,162,2243025,699450
20-05-2025 09:29,24998.2,294750,316200,106.4,2938800,2409225,161.9,2265600,687075
20-05-2025 09:29,24990.9,294225,319875,104.95,2871300,2419425,166.35,2269725,697500
20-05-2025 09:29,24990.2,294900,316050,105.3,2868900,2422950,164.6,2286600,594600
20-05-2025 09:29,24991,292350,316575,104.5,2892825,2422425,164,2304300,605400
20-05-2025 09:29,24990,296025,314025,104.7,2909700,2427150,164.7,2318325,612900
20-05-2025 09:30,24987.1,289050,316425,102.95,4830375,2427225,168.7,3181875,562875
20-05-2025 09:30,24985.3,292800,306825,105.8,4680000,2421975,167.3,3166200,505425
20-05-2025 09:30,24990.7,299100,307725,106.3,4719450,2433000,167.5,3144750,513075
20-05-2025 09:30,24992.7,297525,309600,106.8,4776900,2369250,162.9,3124950,533700
20-05-2025 09:30,24985.1,293625,316650,104.75,4776300,2396175,168.2,3107250,529050
20-05-2025 09:30,24985,294150,310200,102.75,4738500,2411475,170.25,3134550,534375
20-05-2025 09:31,24981.3,290475,316875,100.45,4697550,2423550,173.85,3166725,516075
20-05-2025 09:31,24977,289575,309675,100.6,4517550,2436600,171.8,3176025,489075
20-05-2025 09:31,24982.9,293625,312450,101.95,4562475,2434050,170.5,3159300,529425
20-05-2025 09:31,24991,295425,309450,104.6,4620000,2426400,166.6,3140400,549075
20-05-2025 09:31,24993,305850,309375,107.45,4681950,2400600,162.45,3080025,566625
20-05-2025 09:31,24995,307350,309975,108.15,4701600,2406150,160.05,3048750,575475
20-05-2025 09:32,25005,307650,310875,110.25,4687200,2417100,155.25,3045375,578025
20-05-2025 09:32,25000.8,302325,311550,109.3,4692975,2355900,159.25,3020775,573750
20-05-2025 09:32,25006.7,310350,311100,110.1,4710525,2360550,158.25,3030975,589650
20-05-2025 09:32,25006.9,314850,311700,107.7,4706400,2427225,160,3033450,602850
20-05-2025 09:32,25001.6,310650,314700,107.45,4656525,2439825,160.6,3070425,601350
20-05-2025 09:32,25005.5,305625,307800,110.95,4689750,2464875,155.7,3084525,608625
20-05-2025 09:33,25005.5,306150,311925,109.15,4697775,2476050,158.35,3095400,619875
20-05-2025 09:33,24996.6,304950,308850,108.15,4692450,2498400,159.7,3114525,612150
20-05-2025 09:33,24997.2,300975,312600,106,4654575,2533125,162.05,3124125,626175
20-05-2025 09:33,24991.5,305250,313725,104.55,4652700,2562600,162.95,3146475,614625
20-05-2025 09:33,24993.6,304425,304350,102.7,4640475,2569200,164.9,3154275,621600
20-05-2025 09:33,24989.9,304800,313800,101.05,4651200,2586975,167.15,3162450,631200
20-05-2025 09:34,24984.4,302550,309150,99.9,4621875,2590350,168.7,3208200,611775
20-05-2025 09:34,24980,304125,313200,99.75,4574475,2586300,168.8,3208125,611175
20-05-2025 09:34,24987.6,302925,309225,100.75,4649400,2592225,167.35,3185625,630150
20-05-2025 09:34,24989.9,306825,306525,101.05,4697100,2585625,166.9,3171750,648750
20-05-2025 09:34,24989.9,309375,306600,101.4,4734450,2629275,163.7,3162450,661725
20-05-2025 09:34,24990,306900,313125,101.35,4757550,2649675,164.4,3139575,637050
20-05-2025 09:35,24990.1,309375,311850,103.45,4775850,2650650,162.9,3147300,638250
20-05-2025 09:35,24989.7,306975,303225,103.1,4782600,2672850,162.75,3152925,658050
20-05-2025 09:35,24990.1,310350,309675,101.65,4798800,2655975,165.3,3133800,666000
20-05-2025 09:35,24990.2,308625,301200,101.55,4791600,2681250,165.35,3164775,663900
20-05-2025 09:35,24990.8,303000,311325,103.75,4811850,2692725,162.1,3174600,675825
20-05-2025 09:35,24991.1,308700,308550,101.65,4825950,2696475,163.95,3164700,683250
20-05-2025 09:36,24992.5,308550,310800,101.45,4854150,2714325,165.75,3177600,684525
20-05-2025 09:36,24993.7,311925,305250,104.55,4870800,2705850,160,3180450,692850
20-05-2025 09:36,24993.8,312675,302625,105.6,4879050,2658525,157.45,3089775,709875
20-05-2025 09:36,24998.9,311625,296850,104.65,4899750,2659650,157.05,3082050,713550
20-05-2025 09:36,25000,313050,297975,106,4884825,2665575,156.25,3089700,726225
20-05-2025 09:36,25002.1,315000,290475,108.65,4911975,2660550,152.95,3083400,742200
20-05-2025 09:37,25010,315600,292350,110,4912575,2637825,149.85,3022650,732975
20-05-2025 09:37,25006,314925,299175,106.1,4921200,2630100,154.2,2985525,723375
20-05-2025 09:37,25012,313500,303975,108.95,4867125,2640450,151.4,3006750,740925
20-05-2025 09:37,25003.4,313650,286800,109.25,4897950,2634075,150.25,2996100,744675
20-05-2025 09:37,25009.2,314325,285225,107.8,4896825,2668425,152.6,3027300,759525
20-05-2025 09:37,25007.5,315075,288375,108.05,4903050,2694900,152.8,3042900,771750
20-05-2025 09:38,25009.9,315750,291150,108.2,4898700,2705625,152.15,3054750,778275
20-05-2025 09:38,25008,315300,290250,107.7,4918200,2730150,152.75,3066450,781425
20-05-2025 09:38,25010,314025,288900,108.05,4906725,2747025,151.6,3076800,791925
20-05-2025 09:38,25007.7,317925,288525,107.9,4910475,2750400,151.8,3076800,799950
20-05-2025 09:38,25001.6,312450,291525,105.2,4905675,2704875,155.6,3080775,794925
20-05-2025 09:38,25002,312825,299775,104.5,4835925,2722950,156.35,3082425,775125
20-05-2025 09:39,25006.2,315375,288000,106.65,4839075,2731125,154.9,3096525,773025
20-05-2025 09:39,25004.8,317475,287400,107.6,4874850,2759775,152.7,3086700,797400
20-05-2025 09:39,0,0,0,107.4,4878000,2751375,153.35,3085725,796275
20-05-2025 09:39,0,0,0,0,0,0,0,0,0
20-05-2025 09:39,25012.1,319725,259500,0,0,0,0,0,0
20-05-2025 09:39,25005.8,319875,296100,108.4,4909350,2745300,151.55,3105300,817575
20-05-2025 09:40,25003.2,318750,281700,105.9,4893675,2766075,154.8,3118125,811725
20-05-2025 09:40,25002,315900,298050,105.35,4865625,2772675,155.5,3141825,808275
20-05-2025 09:40,25003.2,313575,292875,103.2,4846275,2793450,156.35,3142275,802800
20-05-2025 09:40,24999.7,313200,296175,102.7,4837275,2803500,156.9,3142425,804375
20-05-2025 09:40,24997.6,316500,300000,101.35,4820625,2817300,158.9,3178650,797400
20-05-2025 09:40,24992,317550,297375,100,4796325,2820750,160.65,3174975,763125
20-05-2025 09:41,24989.1,314475,298875,98.5,4749450,2834100,163.75,3172500,766500
20-05-2025 09:41,24987.9,311700,302175,96.85,4657650,2838450,165.65,3169875,742725
20-05-2025 09:41,24987.5,312675,300300,98.15,4675800,2839725,164.55,3167025,680700
20-05-2025 09:41,24985,314250,305925,98,4700850,2838750,165.45,3142950,705675
20-05-2025 09:41,24986.9,313875,300750,98.4,4742250,2870175,165.55,3167100,719700
20-05-2025 09:41,24988.1,318525,301575,99,4760775,2882700,165.25,3174525,724875
20-05-2025 09:42,24987.6,317250,304350,99.15,4784625,2879175,167,3167850,721800
20-05-2025 09:42,24980,312375,288675,97.45,4751550,2881650,169.15,3182925,661725
20-05-2025 09:42,24981,309750,290400,97.9,4777500,2938725,171.45,3172725,591675
20-05-2025 09:42,24981,312450,288300,99.5,4819800,2935650,167.7,3165000,634575
20-05-2025 09:42,24985,312225,290700,99.25,4825350,2943900,165.8,3146850,639900
20-05-2025 09:42,24984.5,313725,298725,97.3,4829325,2960250,169.35,3148875,662250
20-05-2025 09:43,24987.8,314775,297825,99,4841175,2962500,166.5,3164250,685050
20-05-2025 09:43,24985,320475,295050,99,4857675,2975550,165.65,3162825,694200
20-05-2025 09:43,24985.4,320925,296400,100.55,4888725,2989500,164.75,3124650,699600
20-05-2025 09:43,24991.6,322500,299700,99.2,4893000,2969025,166.15,3120900,704325
20-05-2025 09:43,24980,319500,302850,97.55,4866975,2975850,168.75,3124725,694425
20-05-2025 09:43,24979.3,317625,300150,98.55,4827600,2997750,173.85,3149850,672375
20-05-2025 09:44,24982.1,318150,298800,97.9,4826400,2996850,171,3147675,656025
20-05-2025 09:44,24982,317475,303825,100.1,4845600,2993700,168.95,3142200,690375
20-05-2025 09:44,24982,317925,303675,99.4,4868475,2980650,170.3,3134025,689775
20-05-2025 09:44,24980.3,319725,306975,100.15,4877475,3012000,170.55,3149100,678675
20-05-2025 09:44,24976,319050,307725,97.15,4880025,3027975,174.2,3169125,684150
20-05-2025 09:44,24975.1,317700,309450,97.45,4856250,3050400,174.6,3182100,705150
20-05-2025 09:45,24966,315375,309150,92.9,4866975,3066450,181.3,3207600,681750
20-05-2025 09:45,24961,299550,305850,92.95,4643625,3062100,185.95,3231300,498300
20-05-2025 09:45,24964.6,305850,314175,92.3,4657200,3086100,183.3,3229125,484950
20-05-2025 09:45,24960.1,301650,314100,92.9,4622700,3112500,187,3237975,512175
20-05-2025 09:45,24968.2,311925,311175,92.9,4675275,3069375,182,3234225,532650
20-05-2025 09:45,24960,309300,316125,91.3,4690725,3115875,185.1,3192900,537675
20-05-2025 09:46,24947.5,307650,317100,89.15,4678650,3203700,190.25,3212775,515100
20-05-2025 09:46,24952.9,303300,303600,90.05,4536975,3225825,186.35,3204975,480825
20-05-2025 09:46,24960,306975,307125,91.25,4619100,3135675,186,3185175,506550
20-05-2025 09:46,24961.7,309900,307425,92.2,4653675,3131175,183.25,3187575,596775
20-05-2025 09:46,24965,313125,306825,92.7,4678650,3140925,182.1,3154725,601800
20-05-2025 09:46,24967.4,315300,302325,93.75,4696350,3139350,178.65,3147900,639675
20-05-2025 09:47,24969.8,319950,304425,94.2,4720500,3106575,177.7,3077475,648750
20-05-2025 09:47,24965.8,324300,306075,93.55,4713675,3138075,181.4,3120975,644625
20-05-2025 09:47,24967.9,322950,306600,93.95,4721850,3146250,180.45,3126675,567075
20-05-2025 09:47,24962.6,325275,307050,93.6,4734075,3136050,180.5,3124575,580050
20-05-2025 09:47,24961,320475,315450,91.35,4736175,3161550,186.95,3130950,575400
20-05-2025 09:47,24960,321150,317175,91.85,4706400,3179550,185.9,3151575,545775
20-05-2025 09:48,24955.1,320175,316350,91.55,4753350,3176550,189.7,3161025,555075
20-05-2025 09:48,24954.7,319875,311400,92.15,4747275,3257175,188.1,3171150,550425
20-05-2025 09:48,24955,319275,314700,91.3,4747725,3276600,189.85,3161325,538650
20-05-2025 09:48,24956.1,323100,307575,92.15,4830900,3283125,184.8,3160350,568950
20-05-2025 09:48,24960,327075,309450,93.3,4844700,3170325,184.8,3124500,584025
20-05-2025 09:48,24955.1,326100,313050,92.9,4778775,3162375,188.4,3135300,582900
20-05-2025 09:49,24960,328125,309675,93,4775250,3170175,187.55,3138900,558600
20-05-2025 09:49,24957.4,323400,317100,91.9,4801800,3173250,191.35,3150825,647475
20-05-2025 09:49,24953.3,323550,311400,93,4785375,3184050,189.65,3166350,529425
20-05-2025 09:49,24953.2,325650,309600,92.95,4806075,3174525,189.4,3164250,556650
20-05-2025 09:49,24956.2,328950,311925,93.3,4830525,3171600,186.35,3168225,579375
20-05-2025 09:49,24959.9,328500,311025,94,4848675,3150450,186.4,3159375,581325
20-05-2025 09:50,24956.4,329700,308550,93.25,4837875,3129825,187.6,3159075,583350
20-05-2025 09:50,24951.3,328500,313500,93.95,4836975,3141975,192.4,3178575,582675
20-05-2025 09:50,24955,319425,311700,93.8,4846650,3118200,193.8,3177000,508125
20-05-2025 09:50,24950.3,329700,308175,94.05,4848450,3101700,192.9,3208650,519750
20-05-2025 09:50,24955,334875,307575,94.75,4845150,3118800,191.25,3218625,520425
20-05-2025 09:50,24960,338025,308175,96,4857900,3097350,189.35,3185475,552750
20-05-2025 09:51,24961,336525,302925,96.2,4927275,3017850,189.5,3172200,552600
20-05-2025 09:51,24964.8,335400,308775,97.55,4918125,3022725,184.1,3165525,568875
20-05-2025 09:51,24963.1,334575,310050,96.9,4920375,3015825,186.1,3126225,569475
20-05-2025 09:51,24961.2,338400,308400,97.25,4888950,3041100,186.35,3125250,568875
20-05-2025 09:51,24964,337800,318675,96,4902150,3006600,186.95,3132075,580800
20-05-2025 09:51,24960,337350,307500,95.5,4864050,3042300,190,3143325,610275
20-05-2025 09:52,24958,343200,305025,96,4876500,3083625,188.5,3148500,622350
20-05-2025 09:52,24955,336450,319575,95,4872975,3086550,192.6,3149475,649500
20-05-2025 09:52,24955,339600,313875,93.8,4847925,3103500,194.2,3156450,643200
20-05-2025 09:52,24950.8,337125,314700,95.2,4840575,3114000,195.85,3152850,649200
20-05-2025 09:52,24956.5,338850,309825,95.25,4869750,3085200,195.35,3149400,566550
20-05-2025 09:52,24949.1,338250,318300,93.55,4896075,3083775,200.6,3161850,564525
20-05-2025 09:53,24943.2,327900,311325,91.8,4869825,3095475,206.1,3166050,434925
20-05-2025 09:53,24935.4,320325,325725,90.8,4827450,3105975,208.1,3165075,375075
20-05-2025 09:53,24935.7,319725,311700,91.35,4743225,3099300,207.2,3150375,376800
20-05-2025 09:53,24933.1,319875,308850,90.85,4753875,3119475,207.8,3148875,386025
20-05-2025 09:53,24932.5,320550,312525,90.65,4765650,3110175,209,3148125,388875
20-05-2025 09:53,24933,319200,312150,90,4749525,3122775,212.1,3141750,348825
20-05-2025 09:54,24930,316575,314175,89.75,4776525,3114225,213.95,3151050,352725
20-05-2025 09:54,24930.4,323025,317250,88.9,4780800,3132900,216.8,3171450,347625
20-05-2025 09:54,24925,312600,321225,89.5,4719300,3160200,217.55,3152250,339300
20-05-2025 09:54,24932.3,338325,314700,91.65,4757100,3159000,209.65,3138300,357450
20-05-2025 09:54,24937,345300,312300,92.15,4776600,3125550,207.35,3071250,370350
20-05-2025 09:54,24933.3,343875,317775,91.9,4788300,3148200,209.05,3077700,367725
20-05-2025 09:55,24930,345075,320475,91.55,4788600,3172425,212.8,3106350,370425
20-05-2025 09:55,24931,343200,321825,92.65,4816350,3191100,213.2,3121725,381900
20-05-2025 09:55,24936,340575,320175,92.8,4790775,3148800,210.7,3115200,398850
20-05-2025 09:55,24936,347175,316575,92.4,4784625,3146775,209.8,3112950,410850
20-05-2025 09:55,24942.1,353250,313050,93.2,4810875,3140100,206.3,3103650,429525
20-05-2025 09:55,24936.9,345225,310725,93.25,4809300,3159750,202.7,3087375,435375
20-05-2025 09:56,24942.4,355275,309150,94,4831650,3141675,202.95,3062100,438675
20-05-2025 09:56,24945.1,358425,302475,93.3,4843500,3136200,201.7,3048600,455100
20-05-2025 09:56,24943.4,357150,303675,93.6,4830375,3148500,201.15,3032625,448275
20-05-2025 09:56,24948.8,357975,306825,94,4847400,3157425,200.75,3032025,453300
20-05-2025 09:56,24947.4,356700,305325,94.95,4857375,3157500,200.1,3039225,451500
20-05-2025 09:56,24959.2,359325,304125,96.75,4871250,3100350,192.7,3032175,463350
20-05-2025 09:57,24956,360900,305700,96.75,4878300,3057975,193.15,3008925,466950
20-05-2025 09:57,24957.1,356550,311175,96.5,4879950,3088050,191.6,3008250,473550
20-05-2025 09:57,24962.8,354825,309600,95.25,4851675,3119925,189.55,3012150,465075
20-05-2025 09:57,24956.9,356700,311475,95.6,4846425,3144150,189.65,2992275,473550
20-05-2025 09:57,24956,360150,317700,94.35,4847175,3181725,193.5,3023325,471150
20-05-2025 09:57,24960,365700,323700,94.65,4876050,3188175,193,3052950,487575
20-05-2025 09:58,24960,367125,324975,96.15,4893075,3192000,190.8,3057000,488025
20-05-2025 09:58,24960,369450,317250,95.95,4901550,3166725,190.55,3054450,498675
20-05-2025 09:58,24959.9,370125,318750,95.75,4912650,3186825,191.4,3062925,496425
20-05-2025 09:58,24957.1,367200,320925,95.05,4922550,3202500,194.8,3035175,500475
20-05-2025 09:58,24952,364950,326625,94.5,4916925,3216075,195.3,3072450,490275
20-05-2025 09:58,24950,363300,331275,94,4909500,3226425,197.25,3096375,462225
20-05-2025 09:59,24944.3,364200,334650,93.3,4847625,3236550,203.5,3104475,460575
20-05-2025 09:59,24950,358575,326850,94.75,4853175,3233925,202.4,3102750,461025
20-05-2025 09:59,24944.3,360150,332175,94.8,4872000,3211800,200.8,3093300,477975
20-05-2025 09:59,24947.2,363600,324825,96.15,4888725,3209475,198.95,3092325,494100
20-05-2025 09:59,24956,364125,318525,97.35,4887675,3180900,194.25,3072075,500175
20-05-2025 09:59,24956,368175,317625,96.35,4892850,3130950,194.4,3058725,509400
20-05-2025 10:00,24950.5,359550,323250,95,4862625,3159000,198.45,3071700,503700
20-05-2025 10:00,24951.9,363825,320025,95.3,4862175,3151725,200.3,3082125,502200
20-05-2025 10:00,24954.9,366225,324450,96.7,4893150,3157500,198,3082050,518400
20-05-2025 10:00,24955,364575,321375,95.85,4891575,3166800,198.85,3050550,530475
20-05-2025 10:00,24954.8,367425,318900,97.35,4903725,3173775,195.35,3046650,538050
20-05-2025 10:00,24954,367200,316125,96.15,4903725,3170700,197.05,3048450,553050
20-05-2025 10:01,24952.9,370725,316200,96.35,4894500,3186375,198,3041850,543750
20-05-2025 10:01,24952.9,369375,327000,96.15,4903275,3184575,200.65,3052500,538725
20-05-2025 10:01,24952.9,363375,316125,96.4,4910400,3173250,200.65,3050025,548100
20-05-2025 10:01,24951.2,363000,330000,95.95,4916700,3187650,201.4,3055425,526500
20-05-2025 10:01,24945,367500,332700,95.15,4907625,3198525,204,3058875,528375
20-05-2025 10:01,24945.6,364200,334050,95.25,4891275,3209550,203.85,3043725,496200
20-05-2025 10:02,24944.1,365700,330600,94.9,4887975,3236475,205,3040425,502725
20-05-2025 10:02,24947.6,362025,321300,94.65,4887975,3238800,203.55,3037875,496650
20-05-2025 10:02,24941,361650,321750,93.7,4889250,3247350,205,3043425,501825
20-05-2025 10:02,24942.6,366075,328275,94.2,4866675,3248475,203.2,3051225,497400
20-05-2025 10:02,24944,372075,312900,95.45,4879650,3240825,201.25,3038250,518400
20-05-2025 10:02,24945.5,374925,312300,95.8,4901700,3226800,200.25,3028575,530925
20-05-2025 10:03,24942.2,371925,312450,95.05,4903875,3205500,200.7,3020325,536475
20-05-2025 10:03,24951.3,374775,309975,96.75,4933050,3208800,197.45,3016125,537075
20-05-2025 10:03,24948.2,381225,315225,96.6,4916325,3151875,196.1,3006750,534900
20-05-2025 10:03,24951,381900,310350,96.5,4930200,3161475,197,3005400,546000
20-05-2025 10:03,24958,382050,308625,97.55,4939275,3166500,194.75,2998200,551025
20-05-2025 10:03,24953,376200,312675,97.95,4945050,3131625,194.4,2988750,558000
20-05-2025 10:04,24955,381750,313425,96.8,4918050,3151200,194.9,2999550,559200
20-05-2025 10:04,24949.8,369975,320475,94,4887900,3161100,200.8,3002025,544350
20-05-2025 10:04,24953,371775,323475,96.4,4893000,3167400,195.9,3006450,535425
20-05-2025 10:04,24955.5,375000,318900,98.45,4906200,3166575,191.9,3012075,549300
20-05-2025 10:04,24960,372225,315075,97.9,4926825,3146700,193.25,2998950,550425
20-05-2025 10:04,24953,373350,319200,97.35,4930125,3161700,195.35,3012675,546600
20-05-2025 10:05,24952,371775,324150,96.1,4921575,3185100,197.2,3015075,548850
20-05-2025 10:05,24954.6,384225,317325,97.55,4973850,3189150,193.45,3010350,553950
20-05-2025 10:05,24959.3,378675,317325,97.95,4987350,3163725,193.65,3015150,551700
20-05-2025 10:05,24954,376425,313650,98.25,4974525,3157350,194.8,3017775,559800
20-05-2025 10:05,24957,377475,317775,98.6,4993050,3128100,192.9,3019275,559350
20-05-2025 10:05,24955.5,384750,316575,98.75,5008050,3094275,192.35,3020700,560175
20-05-2025 10:06,24965,381450,320475,97.75,4989750,3110625,193,3033300,557775
20-05-2025 10:06,24967,375825,319725,99.95,4983600,3112500,188.25,3031650,555675
20-05-2025 10:06,24965.7,375750,320250,99.15,4989750,3039300,190.2,2939400,556200
20-05-2025 10:06,24964,375825,326550,99,4966875,3070800,188.9,2947050,564225
20-05-2025 10:06,24966.2,374025,323025,99.05,4968975,3091350,188.7,2960625,581625
20-05-2025 10:06,24967,377400,310650,100.8,4994100,3105825,183.25,2954775,592725
20-05-2025 10:07,24967,376500,316725,101.5,5016825,3064575,182.9,2923800,587475
20-05-2025 10:07,24969,375525,316950,101.4,5022900,3112575,182.85,2929200,582675
20-05-2025 10:07,24966,374025,328425,98.7,5004300,3143700,184.95,2947500,582000
20-05-2025 10:07,24962,376875,329775,98.25,4934100,3151350,186.8,2950650,577950
20-05-2025 10:07,24966.5,375000,330225,98.45,4912575,3164925,186.75,2973750,582900
20-05-2025 10:07,24961,375000,334725,98.1,4935600,3177075,187.6,2982825,588525
20-05-2025 10:08,24961.7,372975,327075,98.75,4939125,3169950,187.95,2988000,598050
20-05-2025 10:08,24962,372675,329475,96.55,4938825,3184350,191.3,3001725,593550
20-05-2025 10:08,24961.7,372225,332250,96.45,4887375,3196800,191.95,3009075,572250
20-05-2025 10:08,24965,371175,328350,98,4900125,3182250,189.35,3012450,599250
20-05-2025 10:08,24956.2,368325,333525,96.25,4909200,3175500,192.8,2996400,606675
20-05-2025 10:08,24951,362175,332400,94.05,4893075,3181425,196,3002475,587100
20-05-2025 10:09,24948,360825,332175,92.7,4802850,3193500,198.5,3015225,553425
20-05-2025 10:09,0,0,0,93.9,4779450,3175350,196.65,3014250,550350
20-05-2025 10:09,24950,362850,335475,94.4,4826100,3187950,196,3008025,558300
20-05-2025 10:09,24954,365775,319650,95.45,4850325,3190500,193.25,2997450,569400
20-05-2025 10:09,24959,366225,321300,97.2,4857300,3194025,186.8,2984325,567525
20-05-2025 10:09,24959,364875,329925,96,4851150,3187425,189.15,2963550,576225
20-05-2025 10:10,24964.3,365775,329925,96.2,4833600,3221400,188.65,2967075,577425
20-05-2025 10:10,24963.8,364350,323775,96.65,4856550,3228525,188.1,2972250,583200
20-05-2025 10:10,24963.8,365700,320250,97.2,4886475,3224850,186.95,2974800,582375
20-05-2025 10:10,24963.8,365250,332850,95.65,4879125,3243225,188.65,2982675,585075
20-05-2025 10:10,24956.9,364650,333000,96.7,4871100,3255075,188.35,2988900,577350
20-05-2025 10:10,24957.4,369075,324300,96.8,4874775,3263325,188.3,2997675,583275
20-05-2025 10:11,24962.1,371400,327000,99.3,4889625,3258450,184.5,2999925,578550
20-05-2025 10:11,24966,372525,327825,98.15,4885725,3200925,184.7,2963175,586950
20-05-2025 10:11,24962.2,366525,326850,97,4884900,3211725,184,2967675,589950
20-05-2025 10:11,24968.1,365775,333675,96.4,4868700,3225600,184.65,2943825,587700
20-05-2025 10:11,24965.2,364050,332250,94.9,4844625,3242175,186.8,2949975,588225
20-05-2025 10:11,24958.6,363900,337650,93.1,4833750,3240150,190.7,2958150,591450
20-05-2025 10:12,24958.6,365925,328575,94.9,4825650,3246300,188.15,2967000,587025
20-05-2025 10:12,0,0,0,94.45,4835625,3262725,188.45,2960550,590775
20-05-2025 10:12,24955.1,367650,328500,94.6,4846050,3254175,187.25,2967150,590775
20-05-2025 10:12,24955.1,366375,334950,95.8,4851375,3260700,184.15,2955750,601050
20-05-2025 10:12,24964.9,367725,332100,93.15,4861050,3262950,190.2,2974800,602325
20-05-2025 10:12,24964.9,365550,330300,92.65,4818525,3273375,191.5,2973450,584475
20-05-2025 10:13,24955,366975,327300,92,4804050,3280425,190.4,2973075,586125
20-05-2025 10:13,24955,346050,325200,92.8,4808925,3290925,189.75,2977575,590775
20-05-2025 10:13,24952,363825,329850,91.65,4805475,3302400,191.2,2992425,592725
20-05-2025 10:13,24949.2,363525,331275,89.25,4789875,3333150,193.95,3004875,583950
20-05-2025 10:13,24948,366075,331200,89.8,4655175,3332325,193.35,3002700,550275
20-05-2025 10:13,24952.8,367425,328425,90.6,4682475,3320100,192.65,3006900,563850
20-05-2025 10:14,24952.3,367950,326475,90.3,4725600,3310950,191,3005025,579375
20-05-2025 10:14,24952.3,366525,324225,90.75,4742400,3346950,189,2992125,587625
20-05-2025 10:14,24955.1,367950,327975,88.8,4752225,3368625,191.1,2990850,589200
20-05-2025 10:14,24951.8,368325,276675,90.6,4739850,3360075,188.4,2993250,585900
20-05-2025 10:14,24955,370725,324225,91.55,4774575,3354000,184.15,2986125,596925
20-05-2025 10:14,24963.8,369300,324075,93.7,4741575,3357900,179.35,2969250,600600
20-05-2025 10:15,24967.5,368850,323775,94,4746375,3335400,180.4,2889825,612375
20-05-2025 10:15,24962.7,367425,329250,91.75,4737375,3392550,182.85,2907375,606675
20-05-2025 10:15,24960,367125,325200,91.65,4727250,3387975,184.35,2929050,610950
20-05-2025 10:15,24957.9,365175,330525,90.55,4732200,3399375,187.75,2932350,616950
20-05-2025 10:15,24954,366675,330525,90.2,4713600,3399975,186.9,2940075,605100
20-05-2025 10:15,24958,367875,328350,91,4753425,3397275,184.95,2940675,626175
20-05-2025 10:16,24955,369900,320850,91.05,4782150,3386475,183.95,2925000,633450
20-05-2025 10:16,24952,366075,321375,89.2,4777875,3403200,187.15,2933700,635850
20-05-2025 10:16,24952,368475,321000,89.75,4758750,3409275,186,2938350,625425
20-05-2025 10:16,24954.9,368175,322500,89.35,4756950,3416325,187.8,2954250,627450
20-05-2025 10:16,24950,367800,324375,88.95,4776675,3432300,190.8,2953875,619050
20-05-2025 10:16,24950,365625,332850,88.2,4787100,3441150,190.75,2955525,599400
20-05-2025 10:17,24954,367575,330075,88.8,4746225,3439350,190.95,2953050,609150
20-05-2025 10:17,24950,369225,327600,87.8,4754025,3443325,193.55,2963925,608100
20-05-2025 10:17,24945.4,365250,326175,86.25,4741425,3424800,197.2,2971575,596475
20-05-2025 10:17,24946.3,365700,326325,88.05,4702875,3421200,193.75,2982525,567525
20-05-2025 10:17,0,0,0,88.5,4721775,3416175,192.55,2988750,572025
20-05-2025 10:17,24951.9,365475,332325,88.1,4718700,3433350,192.75,2991525,582150
20-05-2025 10:18,24948,366000,338100,87.8,4726500,3429075,193.3,2989350,591750
20-05-2025 10:18,24947.2,365100,334725,86.75,4743900,3437025,196.2,2996700,593775
20-05-2025 10:18,24940,362700,335025,85.2,4715025,3442425,198,3003825,567600
20-05-2025 10:18,24941,362400,333525,85.45,4630875,3444075,197.2,3008625,562950
20-05-2025 10:18,24945,365325,330225,86.7,4654725,3436350,194.7,3001650,567150
20-05-2025 10:18,24950.3,368175,330750,87,4673400,3433125,192.95,2985450,587250
20-05-2025 10:19,0,0,0,87.35,4675050,3453375,192,2979300,588225
20-05-2025 10:19,24956,369300,325500,89.4,4696050,3414000,187.8,2943900,595200
20-05-2025 10:19,24951.3,368175,329550,88.9,4699650,3433425,188,2949225,607350
20-05-2025 10:19,24951.3,367125,329925,89.05,4701900,3429450,188,2951250,602250
20-05-2025 10:19,24956.8,366600,334800,88.55,4711125,3457200,189.1,2964675,604500
20-05-2025 10:19,0,0,0,90.3,4736250,3445575,185.6,2960925,612825
20-05-2025 10:20,0,0,0,89.85,4730100,3423225,187.2,2951850,613050
20-05-2025 10:20,24957.6,366450,331425,90.2,4742175,3429975,186,2922600,624900
20-05-2025 10:20,24957.9,366975,333300,91,4726350,3430950,185.4,2929800,631200
20-05-2025 10:20,24955,364125,325125,91,4725975,3419400,186.2,2935950,626850
20-05-2025 10:20,24955,364725,334275,91.1,4731975,3441225,186.65,2945700,615375
20-05-2025 10:20,24955,364950,332250,91.35,4738275,3422625,186.2,2954325,618450
20-05-2025 10:21,24958.3,367200,340425,90.75,4747050,3419250,187.25,2963250,621075
20-05-2025 10:21,24955.4,365550,340875,90,4728300,3447750,187.55,2963250,615525
20-05-2025 10:21,24958.5,365850,330150,89.65,4719300,3440400,187.6,2959800,615825
20-05-2025 10:21,24954,366675,307425,90.75,4744725,3436200,185.65,2952900,621375
20-05-2025 10:21,24955.1,368025,331650,90.8,4749900,3420300,185.5,2954400,625350
20-05-2025 10:21,24954,366900,330375,90.45,4754175,3432975,185.85,2960025,632175
20-05-2025 10:22,24956.4,366975,337500,90.2,4729350,3437400,186.7,2960550,629550
20-05-2025 10:22,24956.3,368700,334575,89.5,4739100,3440475,188.4,2966625,633375
20-05-2025 10:22,0,0,0,90.4,4762125,3436425,189.6,2966550,624300
20-05-2025 10:22,24956.3,368400,324150,91.5,4763700,3432300,184.7,2959575,642075
20-05-2025 10:22,24958.5,367350,330000,91.2,4763925,3395550,184.85,2942850,641400
20-05-2025 10:22,24958.9,368850,329625,91.45,4783650,3407925,184.9,2948325,643350
20-05-2025 10:23,24957.8,368100,335775,91,4785450,3416850,185.6,2951325,644250
20-05-2025 10:23,24955,368550,342000,90.4,4782675,3441825,187.35,2958450,654225
20-05-2025 10:23,0,0,0,90.85,4773300,3449775,185.95,2951475,645300
20-05-2025 10:23,24955,369225,334650,91,4776375,3444450,185.35,2954100,654975
20-05-2025 10:23,24955.1,370725,334875,91.2,4777350,3443550,186.5,2956200,649875
20-05-2025 10:23,24952,369225,333900,90.65,4787700,3439800,187.05,2960625,649725
20-05-2025 10:24,24955.1,369225,327825,90.85,4790850,3433575,185.85,2961225,657000
20-05-2025 10:24,24953.5,369225,331950,91.15,4795500,3435825,185.15,2958525,664125
20-05-2025 10:24,24958.5,369675,339825,91.05,4808250,3432225,186.05,2962500,658050
20-05-2025 10:24,24955.3,369300,332175,91.4,4790400,3446325,185.3,2968950,657675
20-05-2025 10:24,24956,368625,334275,91,4816800,3442275,186.5,2970675,667050
20-05-2025 10:24,24955,369000,339750,90.8,4823400,3440100,187,2971800,663000
20-05-2025 10:25,24955.5,368850,341700,89.85,4803675,3441900,187.85,2977950,670125
20-05-2025 10:25,0,0,0,90.2,4800375,3438300,187,2976675,654825
20-05-2025 10:25,24955.5,369825,335475,91.3,4824375,3446325,184.7,2976600,669675
20-05-2025 10:25,24954.7,370275,329475,91.7,4815300,3409800,184.2,2948700,668625
20-05-2025 10:25,24957.6,369225,341025,91,4822200,3421200,184.9,2947350,674175
20-05-2025 10:25,24960,370950,326325,92.4,4839600,3421800,182.4,2950575,676200
20-05-2025 10:26,24965,371775,327150,93.9,4854900,3361725,179.7,2922375,676950
20-05-2025 10:26,24964.1,371925,335550,92.85,4857675,3358425,182,2879925,678600
20-05-2025 10:26,24955,320100,333675,91.8,4842900,3378975,184,2885775,680850
20-05-2025 10:26,24953.5,370050,331650,90,4814250,3400950,186.6,2901675,674325
20-05-2025 10:26,24954,368625,329625,91.65,4836300,3404100,184.4,2902575,684000
20-05-2025 10:26,24954,370800,333450,92.15,4847175,3412500,186.4,2902575,682650
20-05-2025 10:27,24954,370275,333525,92,4853550,3412800,186.35,2905275,687450
20-05-2025 10:27,24955,369375,337875,90.8,4861725,3429000,189.9,2917275,691275
20-05-2025 10:27,24952,371325,337800,91.15,4836750,3438225,187.75,2910675,659400
20-05-2025 10:27,0,0,0,91.8,4847550,3440325,186.7,2910525,670650
20-05-2025 10:27,24950,373575,337800,91.35,4856175,3426225,187.7,2911800,673950
20-05-2025 10:27,0,0,0,89.6,4841625,3443325,192.65,2919525,660225
20-05-2025 10:28,24948,368925,330750,89.1,4787925,3462600,192.4,2919450,626025
20-05-2025 10:28,24946,371550,338700,88.95,4773750,3458925,192.1,2919000,631275
20-05-2025 10:28,0,0,0,89.85,4798575,3462975,190.1,2923275,639300
20-05-2025 10:28,24950,369900,324675,89.75,4806300,3477525,190.4,2909100,641700
20-05-2025 10:28,24950,372375,331725,90.7,4839450,3476925,188,2911500,656400
20-05-2025 10:28,0,0,0,90.35,4844850,3468150,189.75,2909100,657375
20-05-2025 10:29,24946.8,370575,332400,90.1,4862025,3477825,190,2912550,655125
20-05-2025 10:29,24945,369075,330675,89.6,4842675,3484575,191.75,2926725,650475
20-05-2025 10:29,24950,370500,333300,91.05,4829775,3485175,192.3,2926425,626700
20-05-2025 10:29,24950.9,369600,330675,91.7,4832475,3475725,190.35,2919675,604050
20-05-2025 10:29,24952.2,368250,330975,91.3,4834125,3487425,192,2928000,615675
20-05-2025 10:29,24946.4,369150,335100,91.4,4835175,3491250,192.05,2933850,618525
20-05-2025 10:30,24949.3,369450,342900,90.25,4845525,3504300,194.35,2942550,625650
20-05-2025 10:30,24950.6,370800,337200,91.3,4856175,3503100,192.65,2944275,631875
20-05-2025 10:30,24951.8,370875,326625,92.7,4883025,3500025,189.4,2932200,635625
20-05-2025 10:30,24955,369300,332175,93.3,4884750,3440475,189.35,2924700,643350
20-05-2025 10:30,24959.4,369450,333750,93.75,4894725,3429300,189.05,2925000,643125
20-05-2025 10:30,24958.4,369450,334725,93.05,4932225,3424125,186.65,2922750,646500
20-05-2025 10:31,24958.4,368550,334350,93.35,4929000,3436200,187.55,2927700,650325
20-05-2025 10:31,24962.3,369750,332550,94.35,4933500,3441900,183.3,2928600,657750
20-05-2025 10:31,24964.4,369525,334500,94.95,4957350,3402450,183.15,2895900,669150
20-05-2025 10:31,24961.2,368025,337200,93.95,5020650,3343800,185.45,2906475,658875
20-05-2025 10:31,24961.8,369600,332775,93.1,5024550,3357600,186.1,2917275,656700
20-05-2025 10:31,0,0,0,93.8,5037750,3364500,185.65,2915625,659850
20-05-2025 10:32,24961.8,369900,324975,94.75,5047275,3356250,183.4,2913525,665625
20-05-2025 10:32,24964,371400,330525,94.9,5140275,3349425,183.55,2914575,666675
20-05-2025 10:32,24964.1,371025,338625,93.5,5145750,3341775,186.45,2923500,662175
20-05-2025 10:32,24963.1,371400,327075,94.9,5142000,3350325,184.15,2929575,659775
20-05-2025 10:32,24962.2,371325,335700,93.25,5142675,3371775,186,2944800,658575
20-05-2025 10:32,24962.2,371475,330975,94.9,5142450,3372000,183.5,2939475,660900
20-05-2025 10:33,24962.2,369525,330075,94.65,5152725,3350925,184.1,2938200,666525
20-05-2025 10:33,24962.2,369150,333600,94.7,5153250,3350025,183.85,2946075,668700
20-05-2025 10:33,24962.2,371100,331275,94.45,5153925,3350625,184.6,2951925,674550
20-05-2025 10:33,24955.6,371175,334425,94,5145225,3367800,185.35,2965575,662475
20-05-2025 10:33,24962,371850,330525,94.3,4927575,3371475,184.6,2964450,660975
20-05-2025 10:33,0,0,0,94.45,4919700,3373200,185.25,2965650,664800
20-05-2025 10:34,24962,371100,327525,93.85,4914600,3389550,185.75,2967000,664725
20-05-2025 10:34,24959.4,370950,328950,92.7,4907700,3393000,186.6,2972400,662250
20-05-2025 10:34,24959.4,371550,323400,94.3,4910850,3401250,183.8,2976375,660225
20-05-2025 10:34,24959.4,374925,326925,94.25,4920225,3390150,185.25,2962575,664275
20-05-2025 10:34,24962,376125,324225,95.15,4920450,3391125,183.3,2953500,667050
20-05-2025 10:34,24962,376200,328050,94.1,4921425,3330900,184.25,2952450,668250
20-05-2025 10:35,24960,374175,322200,94.25,4913700,3329325,182.55,2955300,670125
20-05-2025 10:35,24969,376350,322200,95.8,4914075,3380550,177.45,2947725,673800
20-05-2025 10:35,24965.6,373575,326100,95.95,4925775,3339225,177.05,2819175,677175
20-05-2025 10:35,24966.2,375750,323550,96.85,4925700,3316575,176.9,2830800,682875
20-05-2025 10:35,24971.6,375225,319875,95.85,4925625,3304275,175.9,2836125,684300
20-05-2025 10:35,0,0,0,95.55,4916850,3317925,177.7,2837325,686100
20-05-2025 10:36,24971.4,375675,320325,96,4935975,3331575,176.7,2843700,684375
20-05-2025 10:36,24975,377550,317325,97.95,4949100,3338475,171.5,2847525,690450
20-05-2025 10:36,24983,378150,312975,99.8,4964475,3257250,165.9,2803275,702900
20-05-2025 10:36,24979.3,379050,315375,99.8,4937025,3126975,167.1,2769975,702600
20-05-2025 10:36,24986.4,379800,314775,100.75,4950150,3141375,166.6,2789250,702450
20-05-2025 10:36,24995.5,380925,312150,104.6,4979775,3142350,161,2785650,691950
20-05-2025 10:37,25000,375975,309675,105.75,5028300,2932350,157.95,2744850,710625
20-05-2025 10:37,25000.5,377850,310875,106.8,5062725,2940000,159.85,2770125,700275
20-05-2025 10:37,24996,377925,310725,107.55,5059875,2960175,160.35,2786325,681825
20-05-2025 10:37,24994,376050,316200,103.6,5037975,3027600,164.2,2807325,683250
20-05-2025 10:37,24996,378375,312825,105.55,5014650,3033600,163.15,2812650,673200
20-05-2025 10:37,24989.2,376125,325350,101.45,5021475,3059475,167,2812725,678150
20-05-2025 10:38,24989.2,377025,315525,101.95,4977300,3144600,166.2,2847675,664275
20-05-2025 10:38,24989.2,376725,318825,104.75,4994025,3153450,162.95,2842800,676350
20-05-2025 10:38,24988.7,379575,312900,104.65,5004750,3056475,162.85,2832675,689700
20-05-2025 10:38,24993.9,380325,319875,104.5,4990500,3056775,164.15,2848200,692325
20-05-2025 10:38,24993.9,378675,321375,105.6,4989075,3068625,162.6,2856300,693225
20-05-2025 10:38,24992.4,380100,319425,105.8,4989975,3042600,161.85,2852775,707250
20-05-2025 10:39,24990.8,379500,315675,107.4,5002800,3071475,160.35,2863200,705975
20-05-2025 10:39,24992.6,380850,327150,106.35,5018400,3048525,162.25,2856075,713325
20-05-2025 10:39,24997.9,380475,325575,105.75,5017950,3099375,163.4,2868900,720225
20-05-2025 10:39,24995,378300,318675,106.45,5018250,3107325,162.4,2874525,726600
20-05-2025 10:39,24997,384600,327075,108.25,5029425,3093750,160.1,2874075,739575
20-05-2025 10:39,25002.8,382800,323625,108.65,5037525,2985675,159.1,2833950,738600
20-05-2025 10:40,25005,385050,326850,112.7,5049600,3003525,156.8,2841900,740775
20-05-2025 10:40,25005,381075,322200,110.05,5063775,2758575,158.8,2820375,730725
20-05-2025 10:40,25002.5,379350,322650,109.15,5023725,2792925,160.4,2844600,727425
20-05-2025 10:40,25003.5,381225,324900,109.25,5005875,2834925,160.1,2847675,731775
20-05-2025 10:40,25004.2,380025,328275,109.45,5039550,2865600,160,2870775,734700
20-05-2025 10:40,25004,380250,320250,110.6,5023050,2899050,159.55,2869725,730350
20-05-2025 10:41,25003.8,383025,322275,110.2,5024625,2955975,158.75,2873850,736200
20-05-2025 10:41,25004,380100,320325,109.5,5034000,2959875,159.2,2874075,744075
20-05-2025 10:41,25003.1,384075,319650,110.4,5050200,2999175,157.4,2883750,752775
20-05-2025 10:41,25000.3,383925,328575,108.1,5025900,2977125,159.2,2874300,745125
20-05-2025 10:41,24993.6,383250,327675,107.05,4967250,3001800,160.8,2895300,748125
20-05-2025 10:41,24992,377400,329625,103.9,4934625,3009975,164.1,2903925,728925
20-05-2025 10:42,24989.7,382200,330975,105.75,4857975,3016650,162.25,2910000,703125
20-05-2025 10:42,24991.3,385950,320325,106.25,4903950,2991450,162.55,2879250,709050
20-05-2025 10:42,24998.9,386925,321525,108.6,4938750,3010575,160.75,2880675,724650
20-05-2025 10:42,25000,388350,319800,109.75,4948050,2985525,159.65,2871375,724800
20-05-2025 10:42,25004,387450,320400,110.25,4961925,2953950,159.3,2877675,729525
20-05-2025 10:42,25005,385425,321225,110.15,4973025,2973975,158.35,2881725,740850
20-05-2025 10:43,25005,384825,323475,109.7,4979550,2941800,160,2868000,739350
20-05-2025 10:43,25003.5,387000,325425,109,4950375,2956425,160.5,2873850,726675
20-05-2025 10:43,25002,385575,327525,108.4,4944075,2980500,161.05,2889450,738750
20-05-2025 10:43,25001,384750,323925,108.3,4936500,2997825,161.45,2890500,739875
20-05-2025 10:43,24996.9,384225,324150,108.3,4941150,3003600,161.35,2890350,746025
20-05-2025 10:43,25003.8,385875,325800,108.5,4942875,3004575,160.75,2894025,748125
20-05-2025 10:44,25000,385125,324300,107.5,4944000,3012375,161.95,2885400,759825
20-05-2025 10:44,25000,384150,326550,108.25,4943700,3020025,160.55,2895075,749250
20-05-2025 10:44,25000,383175,323850,107.15,4942275,3024375,161.7,2902050,740325
20-05-2025 10:44,24995.6,386100,328575,106.5,4951950,3023925,162.6,2905125,739650
20-05-2025 10:44,24999.8,385350,324750,107.65,4953900,3025875,161.4,2905350,747750
20-05-2025 10:44,25000,379800,316500,108.7,4980150,3028875,162.4,2920650,767475
20-05-2025 10:45,24998.2,385650,324000,109.45,4990500,3002775,161.3,2919900,749250
20-05-2025 10:45,25000,386175,321975,110,5003175,2996550,161.15,2907000,756825
20-05-2025 10:45,25018,385500,326250,118.7,5010225,2960175,154.7,2905350,767625
20-05-2025 10:45,25025,385350,307275,120.15,5010525,2485575,146.25,2817900,784050
20-05-2025 10:45,25028.9,384675,313200,119.15,4989975,2327625,147.2,2718225,785400
20-05-2025 10:45,25029,386175,311700,122,4997925,2368500,143.3,2699325,768300
20-05-2025 10:46,25035,387525,297675,122.75,5028600,2273025,140.2,2688450,766425
20-05-2025 10:46,25033.2,387150,294450,121.75,5022375,2226900,141.05,2670825,761475
20-05-2025 10:46,25027.7,386925,295800,118.8,5000400,2304975,143.65,2706675,770850
20-05-2025 10:46,25030,388575,292725,119.4,4903575,2326950,141.4,2738775,757200
20-05-2025 10:46,25026.6,394875,298575,122.3,4962900,2338500,141.95,2758950,780225
20-05-2025 10:46,25030.4,395925,299100,124.6,5002350,2369475,140.35,2762400,788775
20-05-2025 10:47,25030.9,392550,302325,120.3,4996350,2377425,143.65,2776275,784650
20-05-2025 10:47,25029,397200,304425,120.6,4973475,2409825,143.8,2779950,793575
20-05-2025 10:47,25021.1,392250,310125,119.7,4968600,2446050,145.35,2807925,779925
20-05-2025 10:47,25021.1,390525,312525,116.45,4940475,2484525,147.95,2808000,754200
20-05-2025 10:47,25021,388575,315150,116.1,4941450,2483625,148.25,2823150,750600
20-05-2025 10:47,25020,391875,312975,116.3,4900425,2482875,148.1,2828400,776550
20-05-2025 10:48,25020.1,391125,313350,118.1,4930050,2491425,145.7,2831250,794475
20-05-2025 10:48,25024.9,392100,310425,119.5,4959900,2480100,146.1,2818650,796425
20-05-2025 10:48,25021.1,391950,314550,119.7,4971300,2475450,146.6,2824500,811200
20-05-2025 10:48,25026.2,392325,314250,120.4,4967700,2454900,148.55,2836125,805725
20-05-2025 10:48,25021.6,391725,313650,121.8,4980825,2454675,147.1,2838300,801450
20-05-2025 10:48,25025,392400,310575,120.85,4991025,2464275,146.8,2838075,811125
20-05-2025 10:49,25026,393750,315075,121,4981200,2487450,146.85,2842275,819750
20-05-2025 10:49,25025.3,392250,329175,119.6,4999950,2484600,147.55,2843550,833850
20-05-2025 10:49,25019.8,390975,326400,119.75,4964100,2518125,147.05,2866425,817200
20-05-2025 10:49,25020,391650,335100,117.35,4976925,2491800,149.6,2882625,825300
20-05-2025 10:49,25017.7,390975,336600,117.9,4951125,2503575,148.5,2873700,804525
20-05-2025 10:49,25022,391950,337650,117.95,4963800,2511525,148.55,2870475,812475
20-05-2025 10:50,25022,384900,329475,118.75,4975125,2520675,148.35,2871150,825900
20-05-2025 10:50,25022,392775,332625,119,4989675,2497050,148.75,2878725,831150
20-05-2025 10:50,25022,392400,330000,118.9,5004975,2515275,148.2,2879850,834075
20-05-2025 10:50,25019,392550,334575,120,5007750,2528100,148,2880450,835575
20-05-2025 10:50,25021,392625,335100,120.6,5020125,2517975,147.6,2873250,827250
20-05-2025 10:50,25020,394650,339375,120.7,5023575,2503350,146.95,2863125,828825
20-05-2025 10:51,25019.4,394425,339900,119.65,5010525,2515200,148.4,2874450,829275
20-05-2025 10:51,25018.4,394650,342225,119.15,4981650,2532825,148.85,2882775,822600
20-05-2025 10:51,25018,395025,344325,119.4,4972200,2546100,148,2887200,816000
20-05-2025 10:51,25020,393750,343500,119.25,4979625,2525175,148.5,2870925,835725
20-05-2025 10:51,25020,393975,340800,119.85,4993200,2527500,147.6,2866950,839775
20-05-2025 10:51,25020,394275,340350,120.2,4999425,2500275,147.75,2860575,840150
20-05-2025 10:52,25017.4,394800,338550,119.35,5000325,2529300,149.15,2868975,842100
20-05-2025 10:52,25021.5,394800,343125,117.75,4966125,2546700,150.45,2878200,817050
20-05-2025 10:52,25016,393675,343050,118.5,4971450,2556300,149.75,2898375,814800
20-05-2025 10:52,25016.2,393000,345975,116.5,4970400,2557725,151.8,2891325,816750
20-05-2025 10:52,25016.2,393525,344025,117.45,4952025,2567025,151.65,2901225,825225
20-05-2025 10:52,25012,391725,347175,112.3,4952475,2577450,155.35,2915850,810225
20-05-2025 10:53,25003,386625,360600,111.75,4851375,2584275,156.2,2942250,772650
20-05-2025 10:53,24995.6,385425,342900,106.85,4835925,2570625,161.3,2944800,760500
20-05-2025 10:53,25000.6,392175,345375,108.65,4805250,2545200,158.2,2933850,745725
20-05-2025 10:53,25000.7,388350,346500,109.15,4815600,2548050,156.2,2904375,770250
20-05-2025 10:53,25009.7,401325,340125,111.4,4866825,2543475,154.8,2910750,788025
20-05-2025 10:53,25009,400500,343125,111.5,4884525,2526900,154.9,2896575,799875
20-05-2025 10:54,25000,374325,348750,110.45,4887600,2538000,158.65,2917200,794325
20-05-2025 10:54,25001.9,397200,341625,110.25,4898625,2538375,158.1,2925750,805800
20-05-2025 10:54,25005,397500,345900,111.8,4903875,2550825,157.4,2933850,805050
20-05-2025 10:54,0,0,0,111.7,4907925,2548800,158.25,2936625,822600
20-05-2025 10:54,25002,396225,345075,110.1,4911975,2558100,159.25,2945925,826500
20-05-2025 10:54,24998.2,393900,344925,109.75,4874025,2573625,160.25,2943300,779100
20-05-2025 10:55,24998.6,396375,345225,110.1,4888125,2577375,159.7,2960625,780750
20-05-2025 10:55,0,0,0,112.15,4911075,2570850,158.1,2947275,795000
20-05-2025 10:55,24997,394275,348075,111.7,4923600,2562600,159.3,2948325,814350
20-05-2025 10:55,24996,377625,352200,107.35,4919100,2578350,164.45,2956050,804525
20-05-2025 10:55,24993,387825,355350,104.75,4838700,2597250,167.4,2963850,719325
20-05-2025 10:55,24992,381975,356250,105.3,4803450,2599800,165.8,2962275,697650
20-05-2025 10:56,24993,386625,354075,107.35,4825050,2590575,164,2961150,716700
20-05-2025 10:56,24990,386850,354300,106.55,4808775,2590800,166.9,2949450,716100
20-05-2025 10:56,24990.2,382350,363825,105.25,4814175,2600025,169.5,2962500,714900
20-05-2025 10:56,24990,384675,360300,105.05,4828725,2599575,170,2955525,712050
20-05-2025 10:56,24985.4,381900,355350,105.5,4842600,2614575,169.05,2970075,672975
20-05-2025 10:56,24990.6,398400,351525,108.2,4869600,2586525,166.15,2972100,700050
20-05-2025 10:57,24994.8,394350,347475,108.55,4876350,2569125,166.25,2932200,716775
20-05-2025 10:57,24998.5,389850,348750,108.85,4891500,2571150,165.65,2936400,718725
20-05-2025 10:57,24994.8,391500,345450,109,4898775,2560725,165.65,2934375,726900
20-05-2025 10:57,24995,392850,348075,109,4904325,2570400,165.5,2889525,731175
20-05-2025 10:57,24992,396225,346500,109.7,4936125,2565975,164.9,2878350,733725
20-05-2025 10:57,24991.7,385950,345600,108.05,4931850,2568975,167.25,2881350,723975
20-05-2025 10:58,24990,401100,342600,108.6,4868325,2579625,165.7,2883525,724050
20-05-2025 10:58,24991.5,396750,345300,107.85,4875375,2585325,166.4,2887350,732450
20-05-2025 10:58,24990.6,395400,344925,109.1,4876725,2589900,165.25,2890950,734700
20-05-2025 10:58,24998,399600,341625,110.3,4886325,2569500,163.85,2871150,746775
20-05-2025 10:58,24998.9,396375,342975,110.7,4887225,2560800,163.3,2866725,747900
20-05-2025 10:58,24996,394050,347925,110.25,4868100,2557275,164.45,2864175,750750
20-05-2025 10:59,24998.2,392100,351750,109.6,4879650,2562225,165.65,2872725,732525
20-05-2025 10:59,24998.9,393225,357450,109.3,4888125,2568825,165.75,2877225,731175
20-05-2025 10:59,24998.9,390675,357075,110.9,4955625,2573775,165.4,2884800,733050
20-05-2025 10:59,24999,396900,350850,112.9,4950300,2557725,163.65,2886300,736875
20-05-2025 10:59,25003.8,399300,348750,114.55,4983900,2525550,161.45,2879325,743475
20-05-2025 10:59,25009,398025,350325,114.35,4992975,2492850,159.85,2865450,743775
20-05-2025 11:00,25015.9,392925,346275,116.85,5001225,2493225,156.8,2842800,750000
20-05-2025 11:00,25017.1,392625,353100,117.9,4999350,2486925,156.4,2830200,747825
20-05-2025 11:00,25017.1,398100,359025,121.05,4959900,2479950,153,2831325,758175
20-05-2025 11:00,25019.1,395400,349800,119.6,4957425,2378925,153.5,2816775,749475
20-05-2025 11:00,25019.3,392775,350325,118.9,4941300,2402625,155,2835675,757275
20-05-2025 11:00,25019.3,393900,344475,120.8,4961250,2402175,153.4,2839800,769275
20-05-2025 11:01,25013,392475,347700,119.5,4954800,2416800,154.45,2844825,768075
20-05-2025 11:01,25013.8,391275,354825,117.2,4945500,2460825,157.6,2871075,765225
20-05-2025 11:01,25012.4,392700,353175,116.7,4869000,2488200,157.6,2878275,763800
20-05-2025 11:01,25000.1,395100,363900,114.4,4852725,2491800,161.8,2888550,748200
20-05-2025 11:01,25000,390450,354000,114.5,4836150,2486325,161.9,2898525,741300
20-05-2025 11:01,25001.1,392700,358050,114.8,4842450,2493825,162,2905500,751575
20-05-2025 11:02,25000.9,394950,362100,113.6,4846425,2534325,161.15,2902800,754200
20-05-2025 11:02,25005.9,392925,356475,115.5,4855575,2541750,159.9,2907525,771900
20-05-2025 11:02,25002,393825,355875,114.85,4853400,2526525,160.95,2897175,771525
20-05-2025 11:02,25000.7,395925,355425,114.95,4859775,2531175,162.15,2904225,769350
20-05-2025 11:02,24998.3,395175,351150,114,4865775,2546925,163.45,2910900,767700
20-05-2025 11:02,24996.2,396375,353700,112.8,4879275,2554650,164.25,2907825,775725
20-05-2025 11:03,24996,398925,356325,113.45,4870050,2590125,163.95,2912175,775350
20-05-2025 11:03,24999.5,399450,352650,113.3,4865100,2548275,163.05,2907750,777450
20-05-2025 11:03,24997.4,381975,344550,113.5,4877925,2598525,163.3,2908575,775500
20-05-2025 11:03,24990,394875,357675,110.05,4881300,2609100,167.2,2908200,777525
20-05-2025 11:03,24991.4,403950,354600,110.5,4845075,2597175,167.1,2912925,733050
20-05-2025 11:03,24989.3,399375,352800,109.85,4884600,2575050,168,2920350,742275
20-05-2025 11:04,24989.8,391875,353325,110.6,4886100,2567550,168.2,2918625,726675
20-05-2025 11:04,24997.8,400950,357975,110.55,4909575,2562150,167.7,2920800,732225
20-05-2025 11:04,24995.6,399750,351675,113.05,4932225,2555850,165.2,2921700,745800
20-05-2025 11:04,25000.7,396750,354075,113.35,4936575,2549475,165.1,2903625,753300
20-05-2025 11:04,24995.8,402075,352275,113.15,4946775,2548800,165.4,2908050,753900
20-05-2025 11:04,25003,400350,354675,114.35,4947375,2560350,163.7,2930175,759975
20-05-2025 11:05,25003,400800,355050,114.75,4960725,2570250,162.5,2925225,773400
20-05-2025 11:05,25003,398625,352725,115.25,4950375,2558850,162.25,2930250,770325
20-05-2025 11:05,25002.8,395850,357300,114.7,4928925,2552625,163.2,2931675,773700
20-05-2025 11:05,25003.2,404625,354375,117.3,4926000,2571300,160.4,2932950,775950
20-05-2025 11:05,25000.9,400875,352725,115.55,4934625,2552625,162,2932425,783600
20-05-2025 11:05,25000,401775,355725,113.45,4936950,2576700,165.6,2939475,777075
20-05-2025 11:06,25000,401850,357825,113.1,4914375,2586375,165.15,2944125,770250
20-05-2025 11:06,24995.8,403950,356250,113.55,4904400,2584500,164.15,2941725,779850
20-05-2025 11:06,24995.8,403800,356700,114,4919400,2589900,163.75,2937450,781800
20-05-2025 11:06,24997.2,399075,361200,113.7,4938375,2603325,166.45,2949750,779850
20-05-2025 11:06,24997.9,403050,358425,115.2,4944000,2601975,164.25,2954175,790125
20-05-2025 11:06,25011.5,398325,357600,118.15,4948200,2579475,160.7,2944500,792825
20-05-2025 11:07,25010.2,396150,363750,117.25,4943775,2552625,161.6,2956200,796875
20-05-2025 11:07,25007.4,396150,362475,115.7,4930200,2592075,164.2,2969475,797850
20-05-2025 11:07,25000,394425,366075,114.7,4929000,2593950,165.9,2975775,802125
20-05-2025 11:07,25005,396825,361575,115.75,4930650,2588700,164.9,2980350,800550
20-05-2025 11:07,24996.5,393450,364575,115.8,4937700,2605275,164.9,2985600,802950
20-05-2025 11:07,0,0,0,115,4942500,2620350,166,2998200,802500
20-05-2025 11:08,25004,393075,366750,116.25,4953600,2618175,164.8,2997675,788400
20-05-2025 11:08,25001.1,392700,362100,116.15,4949025,2612325,164.6,2992425,784125
20-05-2025 11:08,25004,395850,362100,116.8,4950225,2590800,164.1,2981850,787725
20-05-2025 11:08,25004,396375,356925,116.35,4963125,2595075,164.75,2986275,787350
20-05-2025 11:08,25002.5,393675,356025,116.1,4957425,2604150,165.15,3000450,783225
20-05-2025 11:08,25002.3,395025,359400,115.65,4959750,2617800,166.2,2996325,789375
20-05-2025 11:09,25004,401850,357675,116.5,4942575,2612400,165.9,3004350,776025
20-05-2025 11:09,25000,404400,357900,117.4,4950075,2597025,164.15,2999850,792225
20-05-2025 11:09,25003.9,405675,355275,117.5,4958100,2572050,164.1,2996925,791250
20-05-2025 11:09,25005,401925,357375,117.9,4958775,2572500,163.65,3004425,788100
20-05-2025 11:09,24996.7,394125,361425,114.25,4955325,2584125,169.7,2996625,788625
20-05-2025 11:09,24997.8,392550,362400,116.1,4951650,2578200,168.75,3001500,731925
20-05-2025 11:10,0,0,0,115.95,4961475,2592450,170.95,3009225,706200
20-05-2025 11:10,24997.8,393150,359775,116.45,4971750,2605500,171.65,3016650,689400
20-05-2025 11:10,24994,381900,358800,113.9,4978950,2616825,176.9,3025500,689250
20-05-2025 11:10,24981.1,386625,363600,113,4936800,2617875,178.85,3026325,650700
20-05-2025 11:10,24982.1,384750,362850,112.4,4939050,2623575,181.95,3031650,638625
20-05-2025 11:10,24981.5,391125,360525,114.75,4959000,2624850,180.3,3026325,633750
20-05-2025 11:11,24973,385350,362775,114.35,4970475,2606400,185.55,3001050,643200
20-05-2025 11:11,24978.7,390975,360750,114.8,4955775,2631000,184.3,3010575,523425
20-05-2025 11:11,24979.9,384975,361350,116.1,4962000,2608425,187.15,2999925,531225
20-05-2025 11:11,24976.6,390450,361575,114.15,4952025,2606625,186.5,3009750,529875
20-05-2025 11:11,24984.5,383925,361950,114.85,4962375,2607675,185.6,2985825,542175
20-05-2025 11:11,24983,380925,357675,115.2,4976475,2599350,185.6,2977950,551325
20-05-2025 11:12,24980,376950,357450,114.35,4952025,2577000,187.3,2973375,542250
20-05-2025 11:12,24980,380100,354900,115.1,4960275,2573550,183.55,2970450,565875
20-05-2025 11:12,24978.9,377550,360900,114.1,4959300,2571300,185.7,2962875,566025
20-05-2025 11:12,24975,369825,358575,112.9,4967325,2583900,187.85,2969400,563025
20-05-2025 11:12,24975,374400,357375,112.4,4948350,2570325,188,2968800,544350
20-05-2025 11:12,24976,374550,357825,111.2,4957725,2581050,189.55,2973750,546375
20-05-2025 11:13,24977.1,380175,362175,111.55,4962450,2569275,187.05,2974050,556050
20-05-2025 11:13,24976.9,378150,353700,113,4989900,2556900,185.05,2972400,562725
20-05-2025 11:13,24975.6,382050,356025,111.2,4455375,2552175,185.1,2964000,561375
20-05-2025 11:13,24981,377100,357225,111.3,4455825,2562675,184.4,2961225,583950
20-05-2025 11:13,24981.7,382125,356175,112.8,4464600,2563350,179.4,2948700,584025
20-05-2025 11:13,24987.2,384300,358950,112.15,4470075,2564100,181.35,2935725,584025
20-05-2025 11:14,24987.7,382275,364500,113.5,4470300,2567700,176.9,2935875,589275
20-05-2025 11:14,24992.2,381975,355950,113.85,4483800,2554275,177,2924025,590100
20-05-2025 11:14,24992.2,381675,357000,114.65,4500900,2570025,174.45,2929650,589425
20-05-2025 11:14,24998.3,382950,364575,115.2,4507050,2559300,173.2,2915850,593025
20-05-2025 11:14,24993.7,381900,369300,113.6,4490400,2549325,173.75,2923125,589725
20-05-2025 11:14,24990,377700,372525,111.95,4454325,2569950,176.1,2933925,590250
20-05-2025 11:15,24984.6,376875,372825,108.5,4424325,2571300,178.3,2940600,580050
20-05-2025 11:15,24980.2,378750,360375,109.3,4316325,2578950,179,2945700,594825
20-05-2025 11:15,24980.2,376800,366075,107.45,4321275,2596575,181.7,2959800,595950
20-05-2025 11:15,24980.2,376050,360975,108.2,4331775,2593425,181.3,2955600,602400
20-05-2025 11:15,24982.1,379350,360300,108.45,4339125,2605575,180.35,2959275,612075
20-05-2025 11:15,24979.2,379575,362175,109.85,4366350,2591250,180.1,2948100,623700
20-05-2025 11:16,24986.8,389700,358425,110.8,4368675,2593650,176.65,2950200,626325
20-05-2025 11:16,24987.7,380400,357975,110.35,4365075,2600175,176.55,2925450,627450
20-05-2025 11:16,24975,375075,363300,107.35,4358925,2624475,181.75,2941200,617625
20-05-2025 11:16,24974.4,371775,369075,105.5,4328025,2629275,183.7,2946900,603450
20-05-2025 11:16,24970,371025,377100,104.75,4302000,2649000,185.5,2967825,588450
20-05-2025 11:16,24971,374475,367425,106.2,4307025,2645250,184.1,2967900,592425
20-05-2025 11:17,24970,378450,369225,104.95,4317375,2656725,184.9,2968500,604050
20-05-2025 11:17,24970,379575,371400,104.55,4317750,2669625,185.35,2976300,610350
20-05-2025 11:17,24970,379125,377175,104.8,4309725,2672850,185,2975700,611850
20-05-2025 11:17,0,0,0,103.55,4274475,2698425,186.8,2979525,611400
20-05-2025 11:17,24977,378375,377925,105.05,4294875,2700525,185.2,2981025,616575
20-05-2025 11:17,24966,374775,375675,102.3,4305900,2678625,187.55,2966400,617400
20-05-2025 11:18,24961,375600,369900,100.25,4282575,2681625,192.2,2974425,592875
20-05-2025 11:18,24961,381150,371325,101.65,4304100,2677725,189.55,2988900,562050
20-05-2025 11:18,24961.4,377400,369825,102,4328400,2667225,189.3,2987475,576825
20-05-2025 11:18,24962.7,377100,369825,102.75,4381650,2649225,188.35,2977425,587700
20-05-2025 11:18,24964,374475,376200,102.1,4378050,2661075,189.65,2984175,592575
20-05-2025 11:18,24966,381375,371175,104.35,4395150,2672400,185.85,2981775,608550
20-05-2025 11:19,24965,377775,368100,103.4,4390950,2675700,185.95,2962950,623925
20-05-2025 11:19,24971.5,385275,366525,103.6,4401825,2681025,186.15,2966550,631125
20-05-2025 11:19,24965,381000,366975,102.65,4383975,2693400,186.4,2958975,632925
20-05-2025 11:19,24974.7,387750,363525,103.5,4401075,2699550,184.55,2961375,635325
20-05-2025 11:19,24974,386550,362925,102.55,4403400,2695125,183.7,2949375,634575
20-05-2025 11:19,24970,384675,366375,101.85,4407600,2698125,184.7,2956950,644100
20-05-2025 11:20,24970,384375,362700,102.2,4413150,2705325,184.55,2963100,658950
20-05-2025 11:20,24965.4,380850,365850,102,4407000,2730450,185.95,2962725,657975
20-05-2025 11:20,24972,380025,370050,102.7,4408575,2736450,185.05,2973525,632175
20-05-2025 11:20,24972,380400,364350,102.65,4410150,2733300,185,2970975,635250
20-05-2025 11:20,24970,379875,364425,102.55,4417575,2743200,185.4,2974275,636300
20-05-2025 11:20,24968,376350,372750,102.4,4418175,2765250,186,2978325,650850
20-05-2025 11:21,24971.5,381600,368175,102.7,4415625,2746800,184.75,2975400,641325
20-05-2025 11:21,24963.8,375825,375300,101.05,4407450,2761650,188.85,2974725,641775
20-05-2025 11:21,24967.7,376350,377475,100.85,4392375,2763000,189.1,2982075,624675
20-05-2025 11:21,24967.3,378075,372000,101.45,4305225,2743275,189,2972025,608550
20-05-2025 11:21,24961,378675,379800,101,4313625,2764800,189,2978475,615150
20-05-2025 11:21,24957.5,365925,387375,99.3,4308675,2774925,193.7,2986950,610950
20-05-2025 11:22,24956.8,375450,374100,100,4352850,2771175,191.4,2982450,544425
20-05-2025 11:22,24957.7,381675,366975,100.7,4361925,2774850,190.5,2984025,552075
20-05-2025 11:22,24961,385725,366150,101.65,4375500,2764050,189.6,2970375,561600
20-05-2025 11:22,24961.6,379350,365850,101.55,4346775,2760750,188.4,2976375,565425
20-05-2025 11:22,24956.1,379425,376950,100.1,4357125,2784975,191.8,2975475,574125
20-05-2025 11:22,24956.6,367950,370650,98.1,4328175,2792325,194.95,2990700,558225
20-05-2025 11:23,24955,377100,373125,98.25,4296075,2784750,193.4,2997000,557925
20-05-2025 11:23,24960.5,375825,367275,98.3,4326600,2799750,193.15,2995500,565725
20-05-2025 11:23,24962.3,378075,370800,99.55,4441500,2792550,191.8,3000450,586650
20-05-2025 11:23,24960.5,379425,375075,99.95,4466250,2795250,190.4,3000675,588975
20-05-2025 11:23,24965,379125,369825,100.2,4476975,2798775,189.35,2989500,577125
20-05-2025 11:23,24960,382500,371625,100.35,4460400,2784750,188.65,2979375,581925
20-05-2025 11:24,24959.9,382275,367050,100.45,4462725,2790375,188.2,2977200,587700
20-05-2025 11:24,24965.8,384000,366450,100.25,4463400,2784975,188.5,2973375,590400
20-05-2025 11:24,24964.7,384450,370950,100.75,4474500,2788800,188.75,2974350,593775
20-05-2025 11:24,24965.5,381300,370725,101.15,4479150,2806800,187.8,2986725,591675
20-05-2025 11:24,24966.4,373800,375675,101,4611075,2806200,189.05,2979150,595575
20-05-2025 11:24,24962.4,372975,377175,99.75,4610025,2809575,190.45,2993475,596175
20-05-2025 11:25,24962.4,375600,375375,100.95,4598175,2811975,188.6,2992725,595575
20-05-2025 11:25,24965.9,380775,371925,100.9,4607625,2815200,188.95,2996475,601875
20-05-2025 11:25,24962.1,379650,376725,102.3,4625700,2824800,186.5,2992275,610500
20-05-2025 11:25,24968.2,379275,370275,101.2,4589775,2806500,188.35,2965200,608250
20-05-2025 11:25,24970,378375,371850,101.25,4600200,2819025,186.95,2966175,612300
20-05-2025 11:25,0,0,0,102.4,4596000,2831250,183.7,2967225,612975
20-05-2025 11:26,24969,381675,363375,102.15,4607400,2780325,183.1,2939700,619950
20-05-2025 11:26,24970.1,383850,360000,102.6,4595775,2803950,181.45,2941350,613200
20-05-2025 11:26,24972,389025,358275,103.65,4626225,2795475,180.2,2939850,608775
20-05-2025 11:26,24974.9,378075,368400,102.1,4620375,2791500,180.7,2919600,599775
20-05-2025 11:26,24974.8,379875,370200,101.15,4587225,2818125,182.3,2928225,596775
20-05-2025 11:26,24974.5,379050,371400,103,4591275,2807925,180.35,2931675,606975
20-05-2025 11:27,24974.9,382050,361725,103.25,4596825,2810625,177.8,2925900,614925
20-05-2025 11:27,24976.7,383025,362550,102.95,4608225,2816175,178,2921400,617700
20-05-2025 11:27,24975,378825,367500,101.4,4605450,2850450,181.2,2930625,613200
20-05-2025 11:27,24972,375675,377400,100.25,4597500,2871450,184.35,2943675,610500
20-05-2025 11:27,24969,379575,377400,101.15,4584075,2874825,183.05,2948550,618975
20-05-2025 11:27,24969,376500,374925,100.35,4591350,2901150,183.95,2960175,616425
20-05-2025 11:28,24969,375075,374250,99.65,4588875,2901225,185.05,2962350,613875
20-05-2025 11:28,24962.2,374400,377475,97.65,4530900,2918700,188.55,2967975,606825
20-05-2025 11:28,24957.1,379200,374550,97.85,4482000,2928225,188.45,2970225,599700
20-05-2025 11:28,24957.3,378525,375450,97.85,4495425,2930175,190.1,2967375,609150
20-05-2025 11:28,24963.3,378375,373050,97.05,4488150,2958225,189.6,2968575,571725
20-05-2025 11:28,24962.5,378600,370725,96.95,4489050,2930625,189.45,2962725,582150
20-05-2025 11:29,24959.8,379200,372600,97.5,4505400,2931975,190.05,2964600,580350
20-05-2025 11:29,24956,380400,370275,98.95,4536150,2924100,187.9,2964300,594375
20-05-2025 11:29,24956.1,383625,373050,98.5,4536975,2920425,189.3,2956650,602325
20-05-2025 11:29,24964.1,381900,371850,98.25,4544400,2923350,189.2,2957625,608700
20-05-2025 11:29,24960.9,381075,374025,97.3,4544775,2929575,191.05,2963250,614625
20-05-2025 11:29,24961,379500,373350,97.4,4546275,2942325,189.75,2962425,593700
20-05-2025 11:30,24956.8,378975,372600,96.7,4546650,2940300,190.6,2965500,593775
20-05-2025 11:30,24951.8,369075,376275,93.3,4442625,2950575,197.45,2972925,583800
20-05-2025 11:30,24949.2,357225,381825,92.65,4384725,2938500,198.35,2974500,528900
20-05-2025 11:30,24949.8,365550,373875,93.7,4419225,2917350,196.25,2958825,504375
20-05-2025 11:30,24949.9,371700,370200,94,4451250,2917425,196.9,2961900,512700
20-05-2025 11:30,24947.5,369750,376800,93.5,4449975,2929125,198.05,2959875,513300
20-05-2025 11:31,24942.4,371625,369000,93.6,4472775,2946825,198.4,2939250,517875
20-05-2025 11:31,24945.7,372525,372150,94.4,4495800,2941800,196.6,2929875,522525
20-05-2025 11:31,24952.9,373275,370050,95.05,4515075,2935500,194.25,2924925,533250
20-05-2025 11:31,24952,375750,370125,94.2,4531800,2937900,195.85,2915850,528525
20-05-2025 11:31,24948.4,374850,375075,94.85,4553400,2938725,193.7,2915100,523875
20-05-2025 11:31,24948.4,363300,372525,92.95,4564050,2957100,197.95,2917500,531675
20-05-2025 11:32,24952,377775,371400,94.2,4546425,2954325,195.3,2917425,536100
20-05-2025 11:32,24950,372300,372075,93.6,4549875,2966850,196.15,2922975,546675
20-05-2025 11:32,24950,378900,371325,93.75,4556550,2970900,195.6,2927025,547425
20-05-2025 11:32,24948,378300,372000,94.3,4559025,2986050,194.4,2929575,533550
20-05-2025 11:32,0,0,0,93,4564650,2981550,196.95,2929350,535950
20-05-2025 11:32,24948,375150,369600,93.6,4568325,2985675,195.6,2938350,538125
20-05-2025 11:33,24950.3,388275,370950,93,4564875,2996475,196.7,2947200,546375
20-05-2025 11:33,24952.9,392400,365175,95.1,4349775,2983650,191.4,2942775,552675
20-05-2025 11:33,24955,383850,365475,96,4365150,2970150,188.5,2931675,554175
20-05-2025 11:33,24960,383925,363150,96,4357500,2956725,187.2,2909925,564075
20-05-2025 11:33,24957.1,380925,363975,95.8,4379550,2974800,188.05,2909400,567375
20-05-2025 11:33,24965,387000,366825,96.45,4381800,2984100,187.05,2911500,566100
20-05-2025 11:34,24964.1,377850,367875,96.4,4370325,2987025,187.3,2910525,558300
20-05-2025 11:34,24964.3,384375,364050,97.75,4388250,2977875,184.05,2910450,573450
20-05-2025 11:34,24964.3,384600,364500,97.3,4379100,2954625,184.65,2915025,583500
20-05-2025 11:34,24966.1,384225,367350,97.45,4383525,2965950,184.55,2913675,578625
20-05-2025 11:34,24968.8,378825,370875,97.4,4383225,2964750,185,2926425,576450
20-05-2025 11:34,24968.9,381825,366225,97.5,4386900,2956650,184.05,2932125,578925
20-05-2025 11:35,0,0,0,97.65,4404975,2962425,185.65,2939475,591225
20-05-2025 11:35,24960.2,376500,372150,97.4,4406175,2957625,186.15,2939925,574350
20-05-2025 11:35,24970,383625,368175,99.3,4393350,2962125,182.4,2942550,578325
20-05-2025 11:35,24970,384225,365025,99.3,4403625,2942400,182.4,2939550,582825
20-05-2025 11:35,24964.6,384000,364875,99.3,4402425,2956950,182.3,2940075,585450
20-05-2025 11:35,24971.1,375300,368475,99.3,4539300,2970075,182.1,2942250,580275
20-05-2025 11:36,24968.1,376425,368325,98.9,4523175,3017700,182.75,2962275,581025
20-05-2025 11:36,24970,382650,369975,99.65,4527375,3023700,182.5,2960250,580275
20-05-2025 11:36,24976.3,385275,371625,100.65,4534725,2999175,180,2950950,582900
20-05-2025 11:36,0,0,0,100.2,4538850,2961450,179.9,2895000,589800
20-05-2025 11:36,24972.5,385650,369075,99.5,4576275,3013200,181.75,2907225,583875
20-05-2025 11:36,24960,381525,376950,96.1,4560750,3032100,188.4,2922750,585450
20-05-2025 11:37,24957.6,381750,369075,96.4,4528500,3017550,187.3,2917425,558750
20-05-2025 11:37,24955,380850,370575,94.45,4531050,3019650,188.8,2938575,556350
20-05-2025 11:37,24955,378300,369075,94.25,4480500,3017475,190.6,2945925,546450
20-05-2025 11:37,24955,384900,374175,94.6,4513425,3014850,191.9,2959275,535200
20-05-2025 11:37,24955,382650,369375,95.2,4536975,3007800,191.35,2938575,543525
20-05-2025 11:37,24955,386250,370575,95.75,4538100,3013875,190.2,2925375,553875
20-05-2025 11:38,24953.7,388500,364725,95.45,4565100,3017025,190.2,2913150,557325
20-05-2025 11:38,24960,391350,364725,95.75,4553250,3013800,188.1,2914650,572025
20-05-2025 11:38,0,0,0,96.35,4583700,3013275,186.8,2914575,568500
20-05-2025 11:38,24960,389625,365850,97,4597950,3004500,186.4,2910075,571200
20-05-2025 11:38,24964.1,383175,371925,97,4588650,3002700,185.95,2910600,573975
20-05-2025 11:38,0,0,0,96.2,4591125,3017100,188.35,2910600,578025
20-05-2025 11:39,24956.7,384825,367125,96.7,4595175,3016350,186.05,2911125,583350
20-05-2025 11:39,24959.1,389175,368325,95.75,4601625,3050325,189.6,2916975,575250
20-05-2025 11:39,24953.4,382725,372825,95.05,4587450,3060975,190.25,2924625,575025
20-05-2025 11:39,0,0,0,93.85,4578375,3064650,191.75,2930925,571800
20-05-2025 11:39,24953.1,387075,371250,93.1,4543875,3071400,192,2929275,572475
20-05-2025 11:39,24952,378600,373800,92.95,4521075,3075375,192.45,2932350,569475
20-05-2025 11:40,24952.5,381675,366900,92.75,4493250,3072825,192.85,2933925,568050
20-05-2025 11:40,24952.5,387375,364200,93.1,4500675,3084000,192.6,2939475,557925
20-05-2025 11:40,24945.1,384900,372900,91.25,4490700,3088800,195,2940525,553575
20-05-2025 11:40,24948.8,382800,369075,90.9,4475700,3089850,194.25,2938500,544725
20-05-2025 11:40,24943.7,392700,371025,90.95,4506750,3097875,194.8,2937150,549000
20-05-2025 11:40,24943.2,382575,366300,89.95,4505400,3100200,196.95,2945250,546300
20-05-2025 11:41,24943,374625,374925,90.2,4356300,3107850,196.45,2947950,543075
20-05-2025 11:41,24943.7,385050,368850,90.45,4370775,3099300,195.1,2949825,552075
20-05-2025 11:41,24945.9,384675,365475,91.3,4401450,3115050,193.25,2948325,560250
20-05-2025 11:41,24945.3,383325,368550,90.85,4410450,3116325,193.8,2932050,567900
20-05-2025 11:41,24948.8,382500,352575,91.75,4437825,3137700,191.85,2930475,570375
20-05-2025 11:41,24938,382575,375375,87.4,4448475,3128400,199.85,2944350,580500
20-05-2025 11:42,24938,370350,369675,86.6,4282200,3116100,202,2943150,495975
20-05-2025 11:42,24934.4,370500,367725,87,4356525,3138000,200.95,2955450,489975
20-05-2025 11:42,24934.2,374850,368100,87.2,4381050,3115950,201.35,2952450,506475
20-05-2025 11:42,24947.1,378300,366300,88.85,4423575,3109125,195.65,2948475,521175
20-05-2025 11:42,24940,376050,367650,88.75,4465875,3133275,195.4,2920650,522900
20-05-2025 11:42,24942.8,381225,369675,87.75,4461375,3138750,198.85,2922825,524925
20-05-2025 11:43,24941.6,381525,368550,88.8,4449450,3147000,196.35,2926200,532950
20-05-2025 11:43,24945,380175,370125,88.35,4460475,3158625,197.6,2928825,544200
20-05-2025 11:43,24947.1,372825,368100,89.6,4485525,3156675,196.55,2929200,543975
20-05-2025 11:43,24945,376125,371475,89,4485000,3158625,197.2,2929425,555375
20-05-2025 11:43,24939,382875,372150,88.55,4482600,3173325,198.45,2930100,554025
20-05-2025 11:43,0,0,0,88.85,4502100,3166350,197,2932950,562350
20-05-2025 11:44,24945.1,382500,371025,88.55,4492275,3176250,198.35,2929125,564600
20-05-2025 11:44,24945.6,385050,369450,88.85,4505475,3186975,196.85,2932875,555300
20-05-2025 11:44,24940,382500,369600,86.6,4497900,3204975,200.45,2940525,554400
20-05-2025 11:44,24940,380625,371700,87.45,4489350,3192825,198.75,2945250,534600
20-05-2025 11:44,24940,381225,371250,88.1,4506750,3189750,197.5,2943075,539400
20-05-2025 11:44,24936.8,371025,377625,87.25,4511625,3192375,198.95,2943975,543075
20-05-2025 11:45,24935.1,376800,375825,86.95,4498275,3219525,200,2945625,538350
20-05-2025 11:45,24939.8,383775,374550,87.5,4523775,3210150,199.45,2945025,536175
20-05-2025 11:45,24935,373950,378600,87.4,4509075,3191100,200.9,2950350,527550
20-05-2025 11:45,24931.4,375375,377625,86.8,4494975,3196650,201.8,2960025,510750
20-05-2025 11:45,24942,380625,376800,88.15,4482675,3192675,198.6,2961975,521475
20-05-2025 11:45,24937.1,382500,373200,87.4,4475250,3185550,199.7,2938425,523275
20-05-2025 11:46,24940,384000,373125,88.8,4511925,3189825,196.55,2940750,530250
20-05-2025 11:46,24940.1,384300,367725,89.25,4536825,3174675,194.05,2928450,534075
20-05-2025 11:46,24940.1,384675,368850,89.3,4561950,3171900,195,2915850,531000
20-05-2025 11:46,24946.1,384900,368700,90.6,4560300,3171450,191.2,2915175,531300
20-05-2025 11:46,24947,387075,366150,90.95,4582050,3158775,190.5,2907975,529650
20-05-2025 11:46,24950,384600,367875,91.75,4594725,3143100,188.5,2897025,539850
20-05-2025 11:47,24954.1,383025,372900,91.1,4600350,3163500,190.25,2893500,532800
20-05-2025 11:47,24952,382950,371025,91.05,4568925,3180750,190,2904075,535650
20-05-2025 11:47,24950,383025,371850,90.65,4567050,3205200,191.35,2903250,529425
20-05-2025 11:47,24950,384075,368925,89.75,4557675,3236250,191.05,2905875,532650
20-05-2025 11:47,24951.8,391425,367500,90.65,4568775,3221400,190.2,2909475,538725
20-05-2025 11:47,24951.2,388725,370875,89.85,4559925,3244500,192.75,2914200,533925
20-05-2025 11:48,24947,390900,369900,89.85,4564350,3243000,191.6,2913675,544350
20-05-2025 11:48,24946,379725,372525,88.4,4556325,3253950,194.6,2916750,526050
20-05-2025 11:48,24945,380325,373950,88.6,4398600,3267675,195.4,2921400,519600
20-05-2025 11:48,24946,378900,374325,88.25,4408275,3280050,196.15,2929125,517950
20-05-2025 11:48,24939.2,387075,373650,88.4,4398375,3295050,197.2,2932500,518250
20-05-2025 11:48,24939.4,383700,376650,88.7,4390125,3287400,197,2931675,520500
20-05-2025 11:49,24943,384525,377325,89.2,4497150,3277800,196.15,2931600,522150
20-05-2025 11:49,24944.5,383550,376275,88.75,4586100,3282525,196.95,2925225,519900
20-05-2025 11:49,24943,384225,371925,88.6,4791525,3273675,197.7,2922975,527775
20-05-2025 11:49,24943.5,382800,373950,88.6,4886850,3274950,197.65,2924475,527550
20-05-2025 11:49,24943.7,385200,377100,88.4,4976175,3294450,197.3,2921400,530100
20-05-2025 11:49,24940,386700,368625,89,4985400,3302925,196.15,2933325,533700
20-05-2025 11:50,24943.7,391875,368925,88.7,4975950,3282975,196.2,2948100,540450
20-05-2025 11:50,24943.7,390225,367200,89.8,4974825,3285975,193.35,2940525,548625
20-05-2025 11:50,24943.1,391875,367350,90.2,4927575,3286200,193.1,2912475,550425
20-05-2025 11:50,24945.8,391650,367650,90.55,4879275,3274425,191.1,2911950,549975
20-05-2025 11:50,24945.8,391575,368775,90.1,4828275,3283800,192,2906175,550275
20-05-2025 11:50,24947.4,386400,372150,90.45,4753350,3303750,191.8,2911425,545400
20-05-2025 11:51,24949.8,387450,370200,90.25,4697850,3299625,191.65,2908275,546675
20-05-2025 11:51,24950,386550,370200,90.45,4680525,3299475,191.2,2912475,546525
20-05-2025 11:51,24952,386850,374625,90.65,4666650,3306450,190,2912175,550950
20-05-2025 11:51,24953,387975,369825,91.05,4661625,3276900,189.1,2898825,556875
20-05-2025 11:51,24952,386175,372225,91.65,4660425,3283125,186.75,2899725,557625
20-05-2025 11:51,24954,385650,368475,91,4671825,3292725,188.15,2900100,556575
20-05-2025 11:52,24954,385650,372900,91.2,4679325,3281625,188.15,2905125,558450
20-05-2025 11:52,24953,385950,375300,91,4676775,3271725,188,2904525,560175
20-05-2025 11:52,24944.5,385800,376575,89.45,4666575,3295200,190.05,2905875,555675
20-05-2025 11:52,24936.4,382650,378900,85.55,4619475,3305100,197.6,2923050,553500
20-05-2025 11:52,24935.2,385725,376425,84,4385625,3293175,199.2,2917275,503925
20-05-2025 11:52,24934.1,364275,379800,81.35,4394250,3302325,202.55,2927850,507150
20-05-2025 11:53,24930,368925,381375,82.2,4369500,3295275,202.6,2920275,511575
20-05-2025 11:53,24913.6,373875,375600,78.15,4397325,3302100,209.9,2924025,511050
20-05-2025 11:53,24918.4,352050,371625,79.55,4222650,3312000,208.85,2932950,415275
20-05-2025 11:53,24923.8,356625,372075,80.15,4280700,3264000,205.6,2926650,437250
20-05-2025 11:53,24921.7,350850,371775,79.6,4305675,3269175,206.4,2933175,458025
20-05-2025 11:53,24922,350550,372150,80.3,4328475,3261750,206.9,2940300,467400
20-05-2025 11:54,24923.2,354975,372675,79.55,4336800,3268050,208.35,2945850,465675
20-05-2025 11:54,24919.8,352500,376200,78.7,4341450,3308700,208.9,2953275,460425
20-05-2025 11:54,24924.6,356025,373425,80.15,4378800,3309075,206.35,2948250,450750
20-05-2025 11:54,24934.4,358275,372000,82,4420650,3278100,201.15,2934375,458100
20-05-2025 11:54,24935,349200,371025,82.3,4433175,3260175,200.9,2889225,461775
20-05-2025 11:54,24931,352875,372300,82.05,4429500,3281925,199.55,2886675,469875
20-05-2025 11:55,24933.5,357975,370650,80.8,4434525,3300825,199.95,2895600,464400
20-05-2025 11:55,24934.1,360750,371325,81.1,4430700,3304125,198.8,2888775,473100
20-05-2025 11:55,24932.5,363450,374925,80.6,4427025,3305625,200.7,2907675,477150
20-05-2025 11:55,24934.8,361425,370950,81.7,4429575,3305550,198.75,2905800,473250
20-05-2025 11:55,24930,360975,374250,80.25,4439475,3337650,201.65,2911725,479625
20-05-2025 11:55,24934.5,354825,372975,80.45,4428375,3350475,201.35,2917650,473025
20-05-2025 11:56,24934.8,358125,376425,81.2,4456125,3336300,201.9,2920575,488175
20-05-2025 11:56,24934.8,355125,372225,81,4472025,3331125,200.8,2918850,484800
20-05-2025 11:56,24929.5,359250,376950,79.9,4463625,3356400,201.95,2916975,491475
20-05-2025 11:56,24931.9,363975,377925,80.1,4441350,3346875,202.35,2919075,487350
20-05-2025 11:56,24925,358725,379500,79.45,4434450,3353475,204.65,2930175,478500
20-05-2025 11:56,24924.3,357075,381000,78,4440600,3362850,208.35,2948250,474075
20-05-2025 11:57,24921.2,360900,381975,78.3,4406775,3341775,207.7,2955750,462075
20-05-2025 11:57,24923.9,364500,380025,78.5,4425225,3348975,207.25,2955975,464625
20-05-2025 11:57,24925,357750,379200,77.3,4424325,3339900,208.6,2943225,469125
20-05-2025 11:57,24922.9,355950,385725,76.85,4401900,3324750,209.5,2936775,461100
20-05-2025 11:57,24922.2,357150,387300,77.05,3915525,3325800,208.6,2938125,465225
20-05-2025 11:57,24919.5,359250,384675,77.2,3933000,3333000,207.4,2928900,473250
20-05-2025 11:58,24922.9,358575,384600,76.55,3928575,3341700,206.9,2926725,477000
20-05-2025 11:58,24919.9,360375,394725,75.25,3906750,3357300,208.75,2926800,477600
20-05-2025 11:58,24920.6,366225,384450,75.85,3831075,3352425,205.9,2926950,491100
20-05-2025 11:58,24925,373425,364800,77,3837300,3348675,202.9,2926050,494700
20-05-2025 11:58,24930,373500,385650,77.6,3869700,3318525,200.5,2905500,501825
20-05-2025 11:58,24929,372225,386475,76.95,3870750,3326025,202.65,2891025,498450
20-05-2025 11:59,24924.5,376875,382275,77.3,3882750,3335400,203.05,2900850,501750
20-05-2025 11:59,24923,376800,383925,76.8,3901725,3356550,203.95,2901900,501375
20-05-2025 11:59,24929.1,381825,383025,77.85,3913575,3354300,200.7,2904825,509475
20-05-2025 11:59,24930,393825,376125,77.8,3933900,3332850,200.55,2902200,519900
20-05-2025 11:59,24931,390300,374550,78.4,3939300,3329775,199.05,2914350,524550
20-05-2025 11:59,24934,387600,373500,79.35,4035675,3317550,196,2889000,513750
20-05-2025 12:00,24934.2,387900,379725,78.65,4024725,3349350,197.6,2880975,510000
20-05-2025 12:00,24933.1,381375,376500,80.2,4019700,3385200,193.9,2884275,514575
20-05-2025 12:00,24939.4,380550,380100,80.45,4028475,3358350,193.45,2877825,519825
20-05-2025 12:00,24943.5,379200,377100,81.45,4066800,3332250,192.55,2873550,519075
20-05-2025 12:00,24940,378375,381750,79.75,4049850,3378000,194,2881350,512250
20-05-2025 12:00,24940,379575,384750,79.95,4025250,3402300,193.4,2892975,510450
20-05-2025 12:01,24941.3,383775,382200,81.2,4056300,3405675,190.7,2898150,507000
20-05-2025 12:01,24947.4,382500,385800,81.6,4056600,3362325,189.5,2867850,528000
20-05-2025 12:01,24944.2,375225,388500,80.15,4038525,3393525,192.65,2878275,516975
20-05-2025 12:01,24937.9,374625,390375,78.75,4021875,3399525,196.2,2895900,514650
20-05-2025 12:01,24937.3,379350,393075,79.45,3997425,3404025,195,2907225,511875
20-05-2025 12:01,24939.5,374625,382875,79.45,4020825,3407250,196.4,2900025,517950
20-05-2025 12:02,24937,376875,387000,79.95,4023750,3419625,195.75,2898375,518475
20-05-2025 12:02,24935,379500,388050,79.9,4034625,3405300,195.9,2892375,521175
20-05-2025 12:02,24940,377625,387900,80,4048500,3405600,195.65,2889450,533625
20-05-2025 12:02,24935.5,382125,393975,80.4,4040100,3413550,196.2,2889300,526500
20-05-2025 12:02,24933.7,382125,386100,80.15,4044225,3420975,194.75,2881200,533025
20-05-2025 12:02,24942,389700,384975,81.35,4049400,3419175,190.35,2881425,538200
20-05-2025 12:03,24945,384075,381300,82.35,4059825,3380025,188,2862825,539925
20-05-2025 12:03,24949,381600,390900,81.95,4044150,3353475,187.5,2865000,535050
20-05-2025 12:03,24949,385650,375750,82.65,4146825,3357150,184.1,2869575,549675
20-05-2025 12:03,24950,387450,384300,82.5,4164000,3372600,186.6,2837700,540000
20-05-2025 12:03,24951.4,385500,387000,82.9,4147500,3391275,185.5,2847150,532950
20-05-2025 12:03,24948.9,386775,385650,81.85,4157550,3407850,187.25,2853900,535425
20-05-2025 12:04,24948,383400,390300,81.8,4131300,3372225,187.7,2860425,533700
20-05-2025 12:04,24941.4,379350,394875,79.95,4129425,3382650,192.4,2868150,534900
20-05-2025 12:04,24940.1,379350,395325,79.85,4093575,3400050,193,2870925,528675
20-05-2025 12:04,24941.9,379425,391950,79.85,4109250,3401775,192.25,2871750,540225
20-05-2025 12:04,24941.9,378675,397575,78.05,4115325,3410325,193.5,2874450,545400
20-05-2025 12:04,24935.6,384150,396525,79.5,4093875,3408525,191.55,2875500,548100
20-05-2025 12:05,24939.3,380325,396525,77.85,4106250,3419550,194.9,2884950,543900
20-05-2025 12:05,24939.3,385200,385050,79.25,4102425,3410775,192.55,2882325,547950
20-05-2025 12:05,24936.4,382650,388650,79.05,4113225,3425325,193.35,2882700,547200
20-05-2025 12:05,24943,388425,389925,80.05,4145550,3433050,192.2,2881350,554100
20-05-2025 12:05,0,0,0,80.9,4125675,3430275,188.5,2878950,555600
20-05-2025 12:05,24943,392025,388500,82.3,4122825,3424275,186.7,2870250,559425
20-05-2025 12:06,24951,385500,385125,82.8,4135350,3415350,186.15,2868525,557775
20-05-2025 12:06,24951.9,387000,387150,82.6,4148925,3418500,186.3,2871675,559350
20-05-2025 12:06,24951.2,385950,384825,83,4149300,3435300,186.4,2882775,557175
20-05-2025 12:06,24950,382350,395775,82.5,4147725,3454950,187.35,2855700,558750
20-05-2025 12:06,24949.8,383025,392775,82.1,4156500,3469950,186.95,2854350,563850
20-05-2025 12:06,24951.9,382725,387450,82.95,4162425,3462975,181.65,2851125,571350
20-05-2025 12:07,24955,386625,390675,83.25,4167300,3425775,180.2,2809050,573675
20-05-2025 12:07,24955,389850,390750,83.85,4175700,3431850,178.1,2771850,565050
20-05-2025 12:07,24959,384375,389025,83.55,4175175,3428775,178.8,2759625,561000
20-05-2025 12:07,24952.2,384825,390750,83.35,4171125,3456825,179.3,2768100,554625
20-05-2025 12:07,24957.7,387975,384600,83.75,4170600,3460725,177.5,2770425,552750
20-05-2025 12:07,24953.6,389625,381150,83.65,4180575,3448125,178.15,2775525,558975
20-05-2025 12:08,24953.1,390375,382800,83.2,4200000,3452025,178,2779350,571125
20-05-2025 12:08,24955,384600,387975,82.5,4199025,3461100,180.25,2790375,565500
20-05-2025 12:08,24955,388950,389550,84.1,4165050,3453975,178.8,2791425,565650
20-05-2025 12:08,24958,388950,386025,84.7,4184850,3415425,175.7,2792550,571275
20-05-2025 12:08,24955,388125,384075,84.5,4189050,3371025,177.8,2765100,571575
20-05-2025 12:08,24958,387975,389025,83.9,4171500,3393900,178.1,2774175,577350
20-05-2025 12:09,24957.8,389475,385425,84.35,4191225,3389775,176.45,2779050,578625
20-05-2025 12:09,24956,388425,390150,83,4190775,3427800,178.15,2780175,582225
20-05-2025 12:09,24957,389175,384300,83.55,4269675,3450900,177,2787000,576750
20-05-2025 12:09,24957,387000,386925,83.1,4277325,3478425,178.35,2796975,578475
20-05-2025 12:09,24959,387450,389925,83,4263000,3479100,177.75,2795025,574575
20-05-2025 12:09,24959.2,386625,390600,83.3,4274700,3474000,176.65,2796075,577275
20-05-2025 12:10,24952,383625,403800,81.2,4271925,3473025,180.95,2800875,578625
20-05-2025 12:10,24950.5,384000,393225,79.3,4232175,3487725,183.6,2805675,567300
20-05-2025 12:10,24950.3,383175,390675,79.8,4171500,3485475,182.8,2811225,572400
20-05-2025 12:10,24945,385500,395250,78,4187550,3501975,186.75,2808075,581025
20-05-2025 12:10,24940,379500,399450,77.8,4138650,3519450,186.75,2809575,546075
20-05-2025 12:10,24939.3,382950,399450,77.4,4159275,3517125,185.95,2816700,550350
20-05-2025 12:11,0,0,0,76.95,4159050,3505350,190.35,2820675,551700
20-05-2025 12:11,24939,383700,393000,77.2,4157175,3495525,190.05,2825625,534300
20-05-2025 12:11,24937,385500,387900,77.65,4187175,3469200,189,2813775,557175
20-05-2025 12:11,24940,386100,380775,77.4,4197825,3483900,187,2816025,566550
20-05-2025 12:11,24940.5,388350,391050,78.25,4192875,3501600,184.9,2817675,572850
20-05-2025 12:11,24940.6,389025,387075,77.65,4202325,3482100,185.25,2810100,577950
20-05-2025 12:12,24944.1,390750,386625,78.35,4205100,3485775,183.3,2810175,578550
20-05-2025 12:12,24936,384000,401775,75,4207275,3512625,189.1,2817675,574950
20-05-2025 12:12,24935,374625,392475,72.6,4095225,3517425,192.1,2830350,570375
20-05-2025 12:12,24936,378750,397725,73.05,4127100,3520500,193.4,2843775,552525
20-05-2025 12:12,24935,380700,392850,73.25,4170750,3500775,192.25,2844750,565500
20-05-2025 12:12,24931.3,381000,392775,72.85,4166100,3522750,193.4,2851425,559425
20-05-2025 12:13,24932.9,384600,385875,74.05,4157775,3510750,191,2847375,558000
20-05-2025 12:13,24933,384900,387750,73.45,4176750,3518775,192.05,2841075,555825
20-05-2025 12:13,24930,381225,393450,73.25,4178625,3493875,193.05,2847975,558000
20-05-2025 12:13,24930,389550,388125,73.95,4194675,3495600,192.35,2851875,555375
20-05-2025 12:13,24937.1,388875,391200,73.7,4197150,3489150,192.3,2844150,559425
20-05-2025 12:13,24931,390300,386550,74.6,4200900,3485700,190,2844000,563175
20-05-2025 12:14,24935.8,392400,386925,74.45,4202100,3479625,192,2826675,569100
20-05-2025 12:14,24935.9,392475,385950,74,4216875,3499200,192.55,2828700,560400
20-05-2025 12:14,24937.2,396750,386250,74.5,4227900,3499875,191.8,2829225,567450
20-05-2025 12:14,24935.8,393300,387075,73.65,4228050,3487275,192.35,2824650,580125
20-05-2025 12:14,24935,397350,393000,73.7,4212075,3564825,193.8,2825625,578100
20-05-2025 12:14,24927.9,390450,389700,74.35,4227450,3566475,193.45,2828250,562200
20-05-2025 12:15,24930.2,397725,389925,73.45,4238925,3539025,193.8,2829225,562200
20-05-2025 12:15,24930.2,399675,391875,73.85,4253250,3544950,192.25,2828100,564150
20-05-2025 12:15,24928.6,398625,392775,73.95,4254450,3550575,192.85,2829825,566700
20-05-2025 12:15,24929.2,398775,389550,74.35,4259475,3555075,192.5,2838225,563850
20-05-2025 12:15,24934,400500,387375,75.2,4271925,3535350,188.55,2824350,581325
20-05-2025 12:15,0,0,0,74.3,4272300,3556125,190.55,2814075,575175
20-05-2025 12:16,24930,396450,388350,72.6,4279050,3563325,195.1,2828475,581850
20-05-2025 12:16,24930,401250,390375,73.1,4330650,3563025,193.2,2834325,544575
20-05-2025 12:16,24930,399825,384525,73.1,4327875,3559650,192.35,2829375,547875
20-05-2025 12:16,24930,408300,380925,73.55,4343100,3568200,191.15,2829450,555000
20-05-2025 12:16,0,0,0,74.65,4352850,3574425,189.5,2827125,557325
20-05-2025 12:16,24937.4,399375,386250,73.75,4342500,3592125,191.95,2817975,563625
20-05-2025 12:17,24938.1,403950,383250,75.95,4366800,3603000,186.8,2829225,570525
20-05-2025 12:17,24942.5,397500,383475,75.75,4364550,3558900,186.4,2816475,572775
20-05-2025 12:17,24941.1,396150,390225,75.15,4358850,3571800,187,2818425,578250
20-05-2025 12:17,24940.1,393375,389325,75.4,4357875,3574125,187.5,2823975,576300
20-05-2025 12:17,24944.8,397425,390900,76.35,4382550,3581700,184.8,2829150,580275
20-05-2025 12:17,0,0,0,76.7,4375875,3561525,184.5,2811225,585075
20-05-2025 12:18,24945,396975,386850,77.1,4393425,3567825,183.1,2815500,581550
20-05-2025 12:18,24945.6,397575,392625,76.5,4392000,3574350,184.75,2826150,587400
20-05-2025 12:18,24945,396450,387450,76.6,4399200,3591675,185.2,2824950,582375
20-05-2025 12:18,24945,397950,385425,76.9,4398975,3596175,184.1,2830125,587925
20-05-2025 12:18,24940.6,398100,391200,76,4387800,3605925,184.2,2834325,585300
20-05-2025 12:18,24938.1,398550,392775,77.45,4395000,3590475,184.6,2839350,585450
20-05-2025 12:19,0,0,0,77.4,4404600,3594675,186.7,2843775,587700
20-05-2025 12:19,24942.5,398925,388425,76.95,4407750,3608400,188.9,2845575,585450
20-05-2025 12:19,24936,395850,390750,77,4417725,3603000,188.2,2851200,587775
20-05-2025 12:19,24935.1,392925,390900,76,4406625,3640350,191.75,2857800,580875
20-05-2025 12:19,24937.6,394950,395025,76,4390875,3626100,192.8,2856525,561075
20-05-2025 12:19,24935.1,391500,388200,76.45,4392675,3617550,191.8,2857125,565125
20-05-2025 12:20,24935.2,395400,391575,77.9,4380300,3610575,195.55,2847975,565725
20-05-2025 12:20,24930.1,394650,389850,78.35,4389450,3587775,193.6,2857800,526275
20-05-2025 12:20,24937.6,397650,387450,78.95,4398825,3585300,191.55,2856600,547950
20-05-2025 12:20,0,0,0,80.4,4402275,3574575,188.9,2855400,550050
20-05-2025 12:20,24937.6,395700,391725,78.75,4392450,3516000,190.2,2846925,554625
20-05-2025 12:20,24935,396825,388200,78.7,4383375,3528075,192.65,2849625,552825
20-05-2025 12:21,24940,406500,384900,79.7,4408950,3525075,189.6,2847825,557400
20-05-2025 12:21,24940,406500,385500,79.65,4411950,3524325,189.9,2846325,566100
20-05-2025 12:21,0,0,0,79.35,4414950,3529500,191.05,2849325,567750
20-05-2025 12:21,24939.9,401700,385425,79.85,4420875,3531750,189.75,2850150,568650
20-05-2025 12:21,0,0,0,79.7,4424025,3527475,190.2,2848500,571950
20-05-2025 12:21,24939,404250,387225,79.7,4413675,3545025,190.9,2852775,575475
20-05-2025 12:22,0,0,0,79.25,4412100,3550725,191,2853375,577050
20-05-2025 12:22,24935,406350,386175,79.2,4364625,3564975,191.25,2856525,574275
20-05-2025 12:22,24935,389400,391275,77.85,4362750,3580050,195.2,2862000,567075
20-05-2025 12:22,24932,390525,388875,77.4,4348050,3589425,196.8,2869800,529350
20-05-2025 12:22,24926.9,391575,386625,77.1,4348050,3586050,197.65,2874825,525300
20-05-2025 12:22,24927.4,394425,385425,77.1,4345275,3592800,198.1,2874075,489075
20-05-2025 12:23,24934,403200,383025,77.9,4353600,3583125,195.95,2866950,493425
20-05-2025 12:23,24935,404325,382125,78.45,4362900,3580800,193.65,2855025,506475
20-05-2025 12:23,24935,406050,385500,78.2,4357575,3595275,194.6,2855175,511125
20-05-2025 12:23,24933.9,406650,386475,78.5,4356375,3594150,194,2855025,516150
20-05-2025 12:23,24937,405450,383775,78.8,4371225,3581250,193.7,2851800,518625
20-05-2025 12:23,24932.9,406500,384450,78.7,4362450,3578850,192.8,2844750,525450
20-05-2025 12:24,24931,406500,384675,78.3,4356075,3597750,193.6,2858325,521925
20-05-2025 12:24,24930.2,407025,383850,78.3,4353225,3612900,194.9,2861175,517500
20-05-2025 12:24,24931,403275,384375,77.9,4351875,3602550,195.8,2863350,510225
20-05-2025 12:24,24933.9,410400,386250,77.8,4355250,3612675,195.3,2865600,513750
20-05-2025 12:24,0,0,0,77.9,4368000,3611625,193.8,2866050,512025
20-05-2025 12:24,0,0,0,77.15,4353225,3627825,192.8,2861100,512700
20-05-2025 12:25,24933.9,403575,383625,77.5,4366725,3623175,192,2853150,518325
20-05-2025 12:25,24938,407475,384825,78.2,4371225,3620550,190.35,2849475,527100
20-05-2025 12:25,0,0,0,78.9,4370850,3612000,189.65,2840175,527700
20-05-2025 12:25,0,0,0,77.8,4378500,3630375,191.5,2845050,526425
20-05-2025 12:25,24933,401100,390150,76.9,4362525,3626700,196.7,2848500,517800
20-05-2025 12:25,24933,389475,388725,75.95,4369350,3637125,198.85,2859900,501600
20-05-2025 12:26,24933.9,398550,388275,76.8,4379775,3632775,196,2861025,490275
20-05-2025 12:26,24933.9,398250,384300,77.1,4392150,3626475,196,2857725,493650
20-05-2025 12:26,24931.1,399450,388650,78,4392150,3627675,194.4,2856750,511650
20-05-2025 12:26,24937.9,403725,382575,78.7,4395825,3627600,191.4,2852700,507225
20-05-2025 12:26,24935,401700,385800,79.45,4400175,3594525,190.6,2847000,510000
20-05-2025 12:26,24938,403950,381150,78.95,4401000,3611925,192.25,2856150,513825
20-05-2025 12:27,24939,405600,383250,79.8,4427250,3610425,191.65,2874225,515850
20-05-2025 12:27,24940,400725,384150,79.55,4430625,3570975,191.95,2863425,511200
20-05-2025 12:27,24940,399375,383325,79.6,4406625,3573900,192.1,2864550,508950
20-05-2025 12:27,24939,400425,382350,81,4427700,3578625,189.9,2868150,518175
20-05-2025 12:27,24943.2,401025,386250,80.5,4427025,3551100,190.9,2845125,522075
20-05-2025 12:27,24940,399375,388725,80.2,4423050,3593475,192.9,2850675,518400
20-05-2025 12:28,24942.1,396825,388800,80.7,4367850,3596325,192.3,2853075,520200
20-05-2025 12:28,24943.1,397575,389025,81.5,4378125,3592425,192,2857725,514650
20-05-2025 12:28,24942,397950,389175,81.8,4402425,3537300,190.9,2853375,519375
20-05-2025 12:28,24942,399075,391125,81.65,4396425,3543975,191.25,2857200,517125
20-05-2025 12:28,0,0,0,81.4,4384275,3563175,191.1,2852250,522900
20-05-2025 12:28,24941.4,398325,394875,80.6,4377450,3581700,194.75,2862000,509400
20-05-2025 12:29,24936,393075,393900,79.8,4370325,3593100,196.95,2870700,492150
20-05-2025 12:29,24934.1,396075,392775,79.15,4369125,3600000,198.55,2871075,493950
20-05-2025 12:29,24931,396300,400050,79.35,4374900,3595650,197.3,2869425,490875
20-05-2025 12:29,24933.2,399225,393825,79.55,4392825,3590325,196.8,2861925,493500
20-05-2025 12:29,0,0,0,79.85,4396500,3585900,197.25,2862300,495225
20-05-2025 12:29,24939.2,395400,391050,80.35,4383825,3587625,196,2861850,492075
20-05-2025 12:30,24939.8,400275,390075,81.85,4408350,3577350,192.1,2853825,504900
20-05-2025 12:30,24939.8,402225,391650,81.65,4400175,3567900,193.8,2858400,501225
20-05-2025 12:30,24939.8,398025,394500,81.6,4390350,3565650,194,2862450,509175
20-05-2025 12:30,24939.9,400650,387825,81.55,4399350,3557100,193,2862750,511425
20-05-2025 12:30,24949.9,403200,392700,84.45,4416525,3557550,190.8,2856450,520350
20-05-2025 12:30,24949.4,396675,393600,84.3,4422600,3455550,190.6,2832600,517425
20-05-2025 12:31,24940.4,396300,397200,83.35,4398675,3374550,191.05,2839575,522600
20-05-2025 12:31,24940.4,382725,385950,83,4397325,3419925,190.8,2843100,523575
20-05-2025 12:31,24944.8,397875,395325,82.65,4385625,3430350,192.9,2854350,524175
20-05-2025 12:31,24944.8,395475,392550,82.2,4388400,3439275,192.9,2853975,527850
20-05-2025 12:31,24942.8,395325,396825,81.25,4392375,3444300,194.5,2865450,527700
20-05-2025 12:31,24942.8,395475,392175,81.2,4392825,3440775,194.9,2860875,516300
20-05-2025 12:32,24941.8,394650,394725,81.1,4377900,3449175,195,2866350,514350
20-05-2025 12:32,24942.1,395250,396450,81.05,4387125,3452550,194.85,2865225,521400
20-05-2025 12:32,24939.9,397350,393825,80.65,4378425,3459525,195.1,2869275,512925
20-05-2025 12:32,24939.9,398175,391500,80.6,4375125,3455250,195.45,2868075,512850
20-05-2025 12:32,24940,398625,396900,80.65,4383825,3453750,195.9,2865600,511275
20-05-2025 12:32,24937,399825,396675,79.6,4384575,3460350,198,2874825,513975
20-05-2025 12:33,24937.7,399750,395550,80.3,4361775,3460650,197.3,2882850,509100
20-05-2025 12:33,24936.4,399150,396300,80.7,4368525,3456150,197.35,2883150,507975
20-05-2025 12:33,24938.4,399975,388575,81,4380075,3448950,196.55,2880825,499800
20-05-2025 12:33,24940,398775,395100,80.9,4383375,3449550,195.85,2873850,503325
20-05-2025 12:33,24936.4,398325,401025,79.6,4388475,3471450,198.6,2876850,498150
20-05-2025 12:33,24936.9,394575,397125,79.3,4368900,3469725,199,2879250,477675
20-05-2025 12:34,24937.7,395100,395175,79.65,4370475,3467175,198.85,2877300,488550
20-05-2025 12:34,24934,392475,399825,78.95,4376325,3471000,200.3,2874900,489225
20-05-2025 12:34,24930.7,396000,403725,79.05,4369650,3471300,200.55,2877675,479925
20-05-2025 12:34,24930,397275,395775,79.7,4370475,3464775,200.55,2879250,478800
20-05-2025 12:34,24930.4,398475,393675,79.9,4388850,3452925,198.85,2873625,489900
20-05-2025 12:34,24940,407400,393750,81.45,4401975,3454350,194.65,2869950,492150
20-05-2025 12:35,24940,403125,393900,80.9,4393200,3457050,194.95,2859150,497475
20-05-2025 12:35,24940,403650,392850,81.8,4390575,3455175,194,2859525,498600
20-05-2025 12:35,24943.5,400200,394800,82.15,4397550,3450750,194.3,2867625,501150
20-05-2025 12:35,24943,397200,394425,81.5,4396275,3454800,195.6,2865600,497625
20-05-2025 12:35,24942.3,399525,397050,82.15,4401225,3462675,195.35,2866050,500100
20-05-2025 12:35,0,0,0,81.8,4415850,3473775,196.55,2869125,501075
20-05-2025 12:36,24941.1,396900,395175,81.2,4408875,3480150,196.45,2872275,498300
20-05-2025 12:36,24933,403875,397350,81.85,4398450,3484050,195,2872425,497625
20-05-2025 12:36,24943,401250,399975,82.1,4409175,3488025,194.7,2871150,502125
20-05-2025 12:36,24941,400800,399975,82,4408125,3489300,194.8,2877075,506100
20-05-2025 12:36,24943.5,402000,401250,81.95,4400100,3489300,195.75,2882475,507300
20-05-2025 12:36,24941,403875,396300,81.85,4402950,3489900,196.15,2885700,506775
20-05-2025 12:37,0,0,0,83,4415400,3484500,193.6,2878425,511800
20-05-2025 12:37,24946,407325,399375,82.8,4417650,3460050,194,2871375,513675
20-05-2025 12:37,24945.6,398175,394350,83,4415400,3464475,193.75,2870925,521475
20-05-2025 12:37,24941,404250,395775,83.2,4424400,3466125,193.25,2875500,518400
20-05-2025 12:37,24941,397125,395550,83.15,4423125,3475950,194.8,2874750,518775
20-05-2025 12:37,24940,398850,398100,82.7,4420275,3485100,195.8,2876700,514650
20-05-2025 12:38,24935,399900,400050,82.25,4420425,3490275,196.6,2876025,507300
20-05-2025 12:38,24941,398025,399225,82.1,4408875,3504300,197.2,2877675,500925
20-05-2025 12:38,24941,399525,404850,81.85,4445100,3504675,196.1,2873475,506400
20-05-2025 12:38,24941,400725,402975,81.65,4440075,3499125,196.4,2872800,505650
20-05-2025 12:38,24940.4,398700,401775,81.6,4436850,3549150,196.45,2877750,504675
20-05-2025 12:38,24940,398475,396525,81.1,4421025,3556725,197.65,2879550,497775
20-05-2025 12:39,24938.5,399900,397425,81.8,4425450,3554700,195.1,2879175,498450
20-05-2025 12:39,24943,403650,394725,82.15,4437150,3567825,194.15,2863575,505200
20-05-2025 12:39,0,0,0,82.8,4438125,3568425,193.95,2873100,507750
20-05-2025 12:39,24938.9,399075,392400,82.3,4440900,3567750,194.5,2867775,503175
20-05-2025 12:39,24942.1,399975,403800,81.6,4426425,3578325,197.8,2874525,504750
20-05-2025 12:39,24935.3,403575,399600,82,4415775,3586650,197.7,2878425,499575
20-05-2025 12:40,24932,399825,397425,81.5,4415025,3586800,198.9,2872950,499350
20-05-2025 12:40,24938.3,397050,394725,81,4427700,3583725,199.2,2883675,493350
20-05-2025 12:40,24932.3,399825,398250,81.05,4416600,3586275,198.7,2876025,499575
20-05-2025 12:40,24935.3,399975,399825,81.2,4423950,3582975,198,2875050,498675
20-05-2025 12:40,24935.3,393900,400800,80.25,4428900,3582750,199.4,2875875,496275
20-05-2025 12:40,24932.3,394350,395850,80.6,4411725,3595500,200.95,2874825,486375
20-05-2025 12:41,24932.4,401550,398100,81.4,4393725,3592575,199.1,2870625,514950
20-05-2025 12:41,24940,401325,397425,82.15,4400850,3587700,195.75,2865150,515700
20-05-2025 12:41,0,0,0,82.9,4398300,3575850,194.55,2860275,518325
20-05-2025 12:41,0,0,0,82.7,4404375,3575025,194.7,2860200,497250
20-05-2025 12:41,24940,402525,395850,82.7,4413975,3589500,194.3,2861700,504225
20-05-2025 12:41,0,0,0,82.45,4408200,3601950,194.75,2866350,507000
20-05-2025 12:42,24941,398250,394350,82.2,4406325,3613425,195.55,2872725,502950
20-05-2025 12:42,24941,398175,394800,82.5,4408125,3609825,196.3,2884575,506025
20-05-2025 12:42,24941.1,400275,394050,82.25,4408125,3606975,195.6,2883975,503475
20-05-2025 12:42,24940,396375,398325,82.5,4419825,3597450,196.4,2879400,509850
20-05-2025 12:42,24941.8,403275,401175,82.75,4418475,3516600,195.3,2876850,504525
20-05-2025 12:42,24941.8,396450,393525,82.6,4428825,3514500,196.2,2874900,504225
20-05-2025 12:43,24942,401700,394875,82.85,4426950,3520575,196.05,2872950,505800
20-05-2025 12:43,0,0,0,83.6,4445100,3515175,194.25,2984250,508800
20-05-2025 12:43,24942,400125,399600,82.85,4438875,3478950,196,3309300,505575
20-05-2025 12:43,24937.5,399300,402525,83.2,4421550,3482250,196,3666600,506325
20-05-2025 12:43,24941.8,400950,394125,82.75,4427925,3491175,194.85,3672525,499500
20-05-2025 12:43,24935,393675,407700,81.35,4424850,3509400,199.6,3678900,500325
20-05-2025 12:44,24931,396225,405450,80.15,4397775,3510825,202.85,3682725,505725
20-05-2025 12:44,24928.9,391500,400275,79.8,4373475,3506550,206.35,3335325,455550
20-05-2025 12:44,24928,392100,393900,80.15,4379175,3496275,203.75,3333825,440700
20-05-2025 12:44,24933.1,395925,402075,80.6,4417350,3496875,202.6,3333750,441525
20-05-2025 12:44,24933.1,396300,394650,81.65,4419525,3493500,200.45,3328575,448050
20-05-2025 12:44,24937.9,395775,394650,82.05,4421850,3496800,198.35,3323475,451500
20-05-2025 12:45,24937.9,393600,395625,81.5,4438350,3499275,198.75,3324075,457650
20-05-2025 12:45,24938,394950,397050,82.15,4444800,3506625,197.3,3319800,452625
20-05-2025 12:45,24935,393600,400725,81.5,4443075,3525450,198,3325950,449025
20-05-2025 12:45,0,0,0,81.3,4440900,3534225,199.35,3176325,450300
20-05-2025 12:45,0,0,0,81.8,4437900,3530625,198.7,2970225,450600
20-05-2025 12:45,24938.2,392550,403275,81.8,4446975,3532050,198.65,2971875,450675
20-05-2025 12:46,0,0,0,81.9,4478475,3521850,199.6,2972550,451200
20-05-2025 12:46,0,0,0,81.85,4480875,3524475,199.85,2973900,453375
20-05-2025 12:46,24934.4,392100,400500,81.85,4489950,3518550,200.1,2982525,455100
20-05-2025 12:46,24932,388200,406350,80.5,4479150,3530700,203.45,2991300,443475
20-05-2025 12:46,24932,386550,401850,81,4472100,3532800,203.5,2989875,445725
20-05-2025 12:46,24931,385200,394650,80.6,4468125,3528375,205.1,2985825,442575
20-05-2025 12:47,24927.5,386025,397800,81.1,4466100,3528375,203.65,3114225,440775
20-05-2025 12:47,24927.5,386775,397725,80.55,4478850,3528150,203.85,3106950,443700
20-05-2025 12:47,24928.4,385425,401850,80.75,4478250,3530850,203.65,2633775,448950
20-05-2025 12:47,24927.3,386325,402000,80.9,4487325,3533250,203.1,2626200,452475
20-05-2025 12:47,24922.5,387300,409050,81,4489200,3531825,202.8,2630700,455625
20-05-2025 12:47,0,0,0,79.35,4479075,3542700,207.35,2626875,452775
20-05-2025 12:48,24923.9,385575,403575,78.8,4383075,3543225,208.25,2630775,435750
20-05-2025 12:48,24919.8,378525,406275,78.35,4359375,3600375,211.05,2633775,387375
20-05-2025 12:48,24917,375675,407250,76.8,4354650,3637425,215.05,2642400,386175
20-05-2025 12:48,24910,360525,409500,75.9,4335825,3641700,217.3,2649675,348975
20-05-2025 12:48,24919.1,372675,406650,77.2,4347000,3629250,214.3,2644275,342975
20-05-2025 12:48,24912,366375,405075,76.45,4381650,3644700,217.5,2634825,344175
20-05-2025 12:49,24907.7,360075,401925,74,4379625,3663375,227.1,2638500,346800
20-05-2025 12:49,24902.5,346350,405000,74.4,4286625,3669750,224.8,2649300,275400
20-05-2025 12:49,24903.5,347850,396600,74.1,4312650,3675225,223.6,2647500,277725
20-05-2025 12:49,24905,356925,410250,75,4329450,3641475,223,2648325,287250
20-05-2025 12:49,24908.3,363600,408300,75.4,4356150,3624825,220.7,2645700,303675
20-05-2025 12:49,24908.8,363675,401475,75.1,4362225,3624825,223.75,2632575,298275
20-05-2025 12:50,24903,354300,412275,74.15,4355175,3643425,225.65,2642550,295725
20-05-2025 12:50,24906.9,355125,406575,74.1,4343775,3657375,225,2648400,280350
20-05-2025 12:50,24906,355875,402075,74.25,4344600,3651225,224.5,2643675,292725
20-05-2025 12:50,24907,358650,409500,74.4,4363800,3634575,224.9,2649825,293250
20-05-2025 12:50,24908.9,370950,405450,76,4386000,3588900,219.25,2647200,300225
20-05-2025 12:50,24910,370050,414150,75.3,4404075,3553200,219.95,2621100,303000
20-05-2025 12:51,24912.6,366900,409350,75.9,4404450,3582450,219.4,2624475,299250
20-05-2025 12:51,24910,365400,414150,75.65,4411050,3577275,220.3,2621775,302400
20-05-2025 12:51,24911.4,364800,404250,75.9,4418025,3580725,218.35,2614275,303375
20-05-2025 12:51,24912.8,365700,407850,75.55,4438725,3594375,218.55,2612475,312000
20-05-2025 12:51,24910,363300,411600,75.5,4417050,3603375,222.8,2606250,308700
20-05-2025 12:51,24884,365400,433875,73.05,4402575,3614175,238.9,2607375,301050
20-05-2025 12:52,24890.2,300000,422775,72.4,4262625,3613575,239.3,2612550,216375
20-05-2025 12:52,24891.9,309375,416625,72.5,4274775,3620475,237.55,2607225,224250
20-05-2025 12:52,24884.9,304500,416925,71.35,4267950,3613950,236.1,2609250,238575
20-05-2025 12:52,24886.9,298725,417375,71.45,4276425,3606150,240.8,2609175,236775
20-05-2025 12:52,24883,292800,420450,70.3,4266225,3605025,244.45,2609700,218850
20-05-2025 12:52,24882,306600,416175,70.5,4236375,3605550,242.45,2620200,228750
20-05-2025 12:53,24888,311550,417225,71.75,4272900,3588225,239.05,2595525,234600
20-05-2025 12:53,24891,309000,417525,71.6,4283550,3574425,235.1,2623050,249825
20-05-2025 12:53,24886,318675,412875,71.15,4329000,3574950,234.65,2617200,257325
20-05-2025 12:53,24890,315000,415950,70.75,4336275,3591600,235.5,2614425,268050
20-05-2025 12:53,24887,310875,419850,71.15,4319400,3593325,234.65,2621475,265575
20-05-2025 12:53,24885,313200,420300,70.15,4305075,3570750,237.3,2608350,264900
20-05-2025 12:54,24880,315675,416250,69.35,4214700,3581100,238.9,2604975,263550
20-05-2025 12:54,24884,322875,415650,69.65,4244325,3555675,236.35,2594850,270225
20-05-2025 12:54,24885,322425,417675,69.95,4255875,3551475,236.9,2588475,273750
20-05-2025 12:54,24885,315825,418875,69.3,4256475,3557925,240.75,2594325,271275
20-05-2025 12:54,24884.6,317550,425700,69.85,4305150,3564525,236.9,2594025,264975
20-05-2025 12:54,24880.6,315675,422850,69.95,4321200,3553425,239,2594100,271875
20-05-2025 12:55,24885.5,313275,421275,70.4,4313850,3565500,238.9,2591400,269400
20-05-2025 12:55,24888,319725,422250,71.4,4307100,3538650,236.7,2587500,272400
20-05-2025 12:55,24889.7,312450,423075,70.8,4316250,3542175,236.5,2586150,279825
20-05-2025 12:55,24890,316350,419400,70.95,4317000,3554400,236.6,2586825,302925
20-05-2025 12:55,24886,317100,422925,70.7,4348200,3550425,239.25,2584725,304125
20-05-2025 12:55,24880.1,317700,428025,70.15,4329075,3570750,244.55,2586975,285000
20-05-2025 12:56,24881.7,309075,431400,70.95,4322400,3558000,248.55,2594025,247950
20-05-2025 12:56,24879.7,309750,423075,70.55,4322100,3555975,249.2,2611575,230325
20-05-2025 12:56,24876.9,308550,419250,70.7,4326675,3565350,247.05,2604750,224625
20-05-2025 12:56,24873,313125,419100,69.8,4324125,3611925,251.65,2588925,219150
20-05-2025 12:56,24872.1,305400,411825,70,4300125,3605100,248.4,2596200,206325
20-05-2025 12:56,24875,318225,416400,70.3,4303650,3596925,247.95,2588700,215850
20-05-2025 12:57,24880,317700,416100,71.1,4316100,3573525,246,2595300,225900
20-05-2025 12:57,24880,316125,418425,71,4318575,3585300,246.2,2588025,230250
20-05-2025 12:57,24875.5,314025,423525,70.8,4327650,3593025,246.95,2588925,220800
20-05-2025 12:57,24872.9,313275,419175,71.45,4311975,3594825,248,2595675,219225
20-05-2025 12:57,24875,316275,423300,71.35,4318425,3576375,247.15,2601075,229050
20-05-2025 12:57,24880,319575,419325,71.45,4341150,3588675,247.2,2604675,228300
20-05-2025 12:58,24880.8,319125,425100,71.45,4338975,3606600,246.1,2605800,229275
20-05-2025 12:58,24875.1,323925,421275,71.3,4341900,3626775,246.55,2601750,226050
20-05-2025 12:58,24880,323700,418575,71,4339950,3628500,245.45,2587500,233475
20-05-2025 12:58,24875.1,325125,420900,69.75,4390050,3634050,250.65,2586975,237750
20-05-2025 12:58,24872.9,321375,429300,69.85,4373175,3628575,251,2641950,219900
20-05-2025 12:58,24860,316950,424425,66.55,4380825,3630900,263.8,2644425,220425
20-05-2025 12:59,24865,283500,417675,67.75,4242900,3642225,259.95,2639100,153975
20-05-2025 12:59,24863,288225,442650,67.55,4254975,3610875,259.6,2594550,176100
20-05-2025 12:59,24860,289650,428625,66.7,4248375,3672750,262.8,2606850,177225
20-05-2025 12:59,24860,290700,439050,67.8,4310700,3674475,258.1,2603175,184725
20-05-2025 12:59,24870.2,291900,434700,68.35,4344600,3627750,255.35,2584425,188850
20-05-2025 12:59,24871.9,290175,435750,68.75,4352475,3641100,254.85,2587275,195975
20-05-2025 13:00,24875.3,296550,431175,69.4,4376400,3634725,249.2,2566875,201525
20-05-2025 13:00,24873.9,296925,430125,69,4372950,3650400,246.4,2566425,213300
20-05-2025 13:00,24879.2,296100,432825,69.2,4365675,3658500,245.15,2566200,203250
20-05-2025 13:00,24879,299850,432075,69.15,4356300,3660600,246.55,2572575,205200
20-05-2025 13:00,24880,306900,426675,69.15,4367100,3661875,246.8,2568600,207825
20-05-2025 13:00,24880.2,301650,433575,68.8,4360200,3665775,245,2563575,217050
20-05-2025 13:01,24879,294150,435075,68.75,4358775,3694875,249.2,2561625,206550
20-05-2025 13:01,24875,296925,434775,68.5,4344675,3693075,249.7,2561400,203925
20-05-2025 13:01,24877.1,297375,422775,68.8,4377075,3688650,249.85,2563650,208575
20-05-2025 13:01,24874.4,296250,429375,68.35,4369650,3682350,250,2563950,205875
20-05-2025 13:01,24871.7,297525,434850,68,4375800,3689025,254.9,2569950,207750
20-05-2025 13:01,24865,296400,438450,67.1,4318275,3694950,256.85,2574075,201900
20-05-2025 13:02,24870,297675,429825,67.85,4334925,3679575,254.85,2570025,207375
20-05-2025 13:02,24872,299400,432750,67.9,4354200,3678975,253.9,2559900,210375
20-05-2025 13:02,24867.5,297525,439350,67.8,4339275,3688575,256.55,2567400,209025
20-05-2025 13:02,24867.5,299325,437850,68.2,4351575,3663000,254.05,2561850,224550
20-05-2025 13:02,24865,297225,440025,67.45,4348875,3672375,257.1,2562000,219375
20-05-2025 13:02,24867.5,297075,431775,67.7,4362525,3665025,256.15,2554650,222300
20-05-2025 13:03,24867.4,301350,435300,68,4377375,3658725,256.35,2558175,223050
20-05-2025 13:03,0,0,0,68.45,4386825,3652125,253,2556750,227850
20-05-2025 13:03,24870,299625,437775,67.95,4376100,3670950,254.6,2556375,231375
20-05-2025 13:03,24866.4,302100,439650,68,4381200,3676125,253.75,2555850,237300
20-05-2025 13:03,24869.6,306375,431550,68.15,4398000,3664425,250.65,2553225,241275
20-05-2025 13:03,24873.4,306225,433800,68.1,4397475,3675750,252.85,2556750,241800
20-05-2025 13:04,24878.8,311175,438750,69.6,4405575,3649650,246.35,2556825,244050
20-05-2025 13:04,24880.8,309525,438225,69.6,4402800,3594675,245.65,2546250,249675
20-05-2025 13:04,24880,310425,438450,70.35,4420125,3600300,242.1,2544300,249600
20-05-2025 13:04,24880.3,308850,437025,69.4,4411275,3579450,245,2541075,248625
20-05-2025 13:04,24875,306075,438900,68.7,4392975,3591525,246.8,2550375,247575
20-05-2025 13:04,24876.2,307350,437400,67.7,4380975,3595350,251.05,2558100,248475
20-05-2025 13:05,24875.3,308325,440925,67.85,4386750,3588375,250.25,2564625,252075
20-05-2025 13:05,24875.9,309825,441225,68,4386825,3604050,248.15,2556975,254325
20-05-2025 13:05,24876.8,309525,433125,68,4410375,3612450,249.35,2558925,258150
20-05-2025 13:05,24876.5,309600,437400,68.5,4419750,3618225,249,2555100,256800
20-05-2025 13:05,24874.7,313950,440250,68.75,4425150,3607950,246,2552100,263550
20-05-2025 13:05,24874.7,314550,428700,69.4,4436775,3594600,244.4,2545275,264750
20-05-2025 13:06,24884.5,314175,430800,69.65,4436925,3593925,242.1,2541450,263850
20-05-2025 13:06,24884.4,312825,437250,69.65,4441200,3595425,242.5,2539275,262500
20-05-2025 13:06,24884.5,314400,434925,69.55,4431225,3602625,242.4,2540925,260175
20-05-2025 13:06,24876.9,305850,434475,67.7,4432050,3622425,243.4,2539650,261600
20-05-2025 13:06,24885,312075,426675,68.55,4426875,3618375,238.5,2528925,260700
20-05-2025 13:06,24884,314100,436500,68.95,4440150,3626175,241.2,2531475,263850
20-05-2025 13:07,24882,315150,442800,68.9,4455375,3610500,243.25,2533275,262350
20-05-2025 13:07,24880,309750,444600,69.1,4453800,3625575,243.95,2543850,257550
20-05-2025 13:07,24880,314100,434325,69.4,4472550,3629775,242.45,2545200,260025
20-05-2025 13:07,24880,315300,437700,69.8,4480350,3632250,239.95,2541375,264975
20-05-2025 13:07,24884.9,317325,439800,70.05,4493550,3626025,240.35,2538300,266025
20-05-2025 13:07,24889.6,316275,440775,70.25,4504125,3619650,235,2530800,266925
20-05-2025 13:08,24889.6,317475,443550,70.3,4503675,3615075,235,2520825,268650
20-05-2025 13:08,24887.8,319200,445275,69.25,4490175,3623100,237.65,2526900,263250
20-05-2025 13:08,24887,316125,440250,69.05,4461600,3645825,238.5,2526150,248100
20-05-2025 13:08,24886.8,313575,434175,69,4452600,3642825,236.6,2532075,251250
20-05-2025 13:08,24875,312075,439800,66.65,4445025,3661050,246,2539050,249300
20-05-2025 13:08,24873,312900,445575,67,4392225,3657300,246,2538600,242400
20-05-2025 13:09,24872,309000,438225,67.3,4487175,3625275,248.5,2537850,244650
20-05-2025 13:09,24871.6,305625,439875,65.95,4457550,3635550,251.9,2542350,219225
20-05-2025 13:09,24866,311700,442800,65.55,4341000,3648225,251.65,2543850,230850
20-05-2025 13:09,24869.8,311025,437025,65.3,4339125,3685425,251.9,2541300,227850
20-05-2025 13:09,24866.4,311475,447525,64.85,4351200,3675075,252.4,2543925,228825
20-05-2025 13:09,24866.8,308850,446775,63.65,4323300,3669675,255.5,2548125,222750
20-05-2025 13:10,24867.9,316125,436350,66,4350075,3654825,251.45,2545950,218400
20-05-2025 13:10,24873.5,316875,433875,65.75,4379250,3639450,248.85,2539050,235950
20-05-2025 13:10,24874,319125,437475,66.05,4384425,3656025,248.9,2533950,236550
20-05-2025 13:10,24872.5,314625,444450,65.45,4388325,3682875,248.95,2538750,231975
20-05-2025 13:10,24869,316950,444075,65.7,4400025,3685800,246.75,2548575,231975
20-05-2025 13:10,24873.4,316050,429000,66.8,4418625,3664200,241.9,2544825,236100
20-05-2025 13:11,24878.9,321075,435975,66.15,4414800,3668925,243.25,2526750,236175
20-05-2025 13:11,24880,315750,437250,65.65,4421925,3692550,244.05,2531775,240075
20-05-2025 13:11,24880,318000,434025,65.85,4419300,3686400,242.75,2538600,241800
20-05-2025 13:11,24879.1,318000,428550,65.85,4420575,3690825,241.4,2536875,245925
20-05-2025 13:11,24880,318825,441375,65.65,4412400,3691950,241.6,2540700,243825
20-05-2025 13:11,24873.5,315900,444300,64.45,4413150,3690225,248.15,2543325,242550
20-05-2025 13:12,24870,313800,447075,63.9,4382175,3705750,247.7,2545125,239400
20-05-2025 13:12,24867.6,314250,446775,63,4340475,3723075,250.45,2549925,232800
20-05-2025 13:12,24857.9,309600,445425,62,4323450,3710475,253.8,2554875,231150
20-05-2025 13:12,24860.2,310200,440475,60.4,4297725,3745500,254.8,2552250,228450
20-05-2025 13:12,24862.3,303375,442425,59.6,4217850,3739425,255.25,2551500,222150
20-05-2025 13:12,24862.2,306150,446250,60.15,4173075,3725400,254.7,2544450,225750
20-05-2025 13:13,24864.5,314100,434550,61.9,4204125,3725850,249,2546625,231675
20-05-2025 13:13,24865.2,314400,441825,62.2,4236825,3695175,247.45,2539350,238725
20-05-2025 13:13,24867,311325,447375,62.2,4246425,3684975,249.65,2542950,234525
20-05-2025 13:13,24867.9,313650,448725,62.3,4252500,3682125,250.85,2545875,234825
20-05-2025 13:13,24867.7,313650,446475,62.45,4253400,3692250,250.15,2545650,238650
20-05-2025 13:13,24862,309300,444525,62.4,4256100,3701250,249.95,2544225,240300
20-05-2025 13:14,24866.9,315675,447450,62.45,4262175,3705825,249.95,2543175,236400
20-05-2025 13:14,24865.1,317175,452850,62.05,4265625,3715200,251.4,2548125,239925
20-05-2025 13:14,24862,311100,446325,61.55,4246650,3712050,252.15,2545125,236775
20-05-2025 13:14,24861.6,318900,441375,62.25,4275225,3714450,249.2,2545650,241200
20-05-2025 13:14,24866.7,316500,442725,62.35,4290300,3706875,250.05,2552700,245025
20-05-2025 13:14,24865.6,317325,452025,61.95,4290300,3716025,251.9,2560650,249675
20-05-2025 13:15,24862.7,313425,451125,61.7,4288425,3726450,253.05,2563125,242625
20-05-2025 13:15,24858.3,317250,450750,61.95,4305975,3727950,252.75,2567325,243375
20-05-2025 13:15,24857.9,320775,444600,62.25,4311450,3721200,250.1,2564925,245475
20-05-2025 13:15,24858.6,320100,452550,62.1,4339500,3729450,250.4,2557350,247875
20-05-2025 13:15,24860,321825,454125,61.15,4306800,3738450,253.6,2561025,249225
20-05-2025 13:15,24864.7,318825,446325,61.45,4296825,3740400,251.05,2559300,244275
20-05-2025 13:16,24864.7,321150,456600,60.7,4286925,3755025,255.25,2560725,252600
20-05-2025 13:16,24856.8,314475,453075,59.35,4244625,3755700,260.25,2566350,237075
20-05-2025 13:16,24850.6,289350,445875,60.3,4205775,3754275,257.25,2565675,208950
20-05-2025 13:16,24850.9,291150,438750,60.55,4223475,3759375,255.45,2565825,211200
20-05-2025 13:16,24860,291075,434550,61.95,4258875,3747450,251.2,2558325,219525
20-05-2025 13:16,24857.3,293400,439575,61.1,4235700,3739725,252.6,2557200,235050
20-05-2025 13:17,24860,293175,448575,61.1,4220325,3755400,251.9,2564850,239700
20-05-2025 13:17,24860.4,291375,448875,60.5,4233300,3747375,254.15,2564775,237450
20-05-2025 13:17,24852.5,292200,446550,59.8,4213500,3754950,255.3,2573025,235650
20-05-2025 13:17,24852.2,292800,448350,59.5,4215375,3753150,254.35,2573925,243975
20-05-2025 13:17,24857,293550,446550,59.65,4224075,3740775,253.6,2577300,239025
20-05-2025 13:17,24852.5,296100,444225,60,4239450,3727050,254.5,2575200,245475
20-05-2025 13:18,24853.3,294675,445200,58.2,4243125,3730125,259.6,2570850,241950
20-05-2025 13:18,24850,286800,453300,58.05,4226400,3747450,259.4,2576850,211575
20-05-2025 13:18,24841,283350,454950,57.35,4182825,3748050,263.6,2585925,195150
20-05-2025 13:18,24842.4,281475,451200,56.65,4170225,3757500,263.55,2574225,196050
20-05-2025 13:18,24842,278775,451350,56.7,4153650,3745950,263.8,2581050,194400
20-05-2025 13:18,24842,278850,463425,55.5,4179825,3734550,265.8,2580525,197850
20-05-2025 13:19,24842.1,282150,449025,56.2,4177725,3730350,261.85,2584800,205800
20-05-2025 13:19,24841.9,281925,455025,55.55,4176600,3716250,263.25,2578800,214800
20-05-2025 13:19,24836,277650,470700,54.15,4161150,3729450,268.25,2586375,218325
20-05-2025 13:19,24832.1,261225,456225,54.9,4113000,3726000,267.7,2580750,187200
20-05-2025 13:19,24833,260850,455175,54.5,4132350,3720450,267.55,2570850,198975
20-05-2025 13:19,24835.9,265800,457425,54.15,4142550,3722625,267.5,2566350,202125
20-05-2025 13:20,24836.1,265650,456375,54.25,4123500,3732675,267.9,2567325,198975
20-05-2025 13:20,24842.4,273600,447150,55.7,4149600,3676950,261.15,2555325,204975
20-05-2025 13:20,24845,274350,447525,55.95,4166550,3663525,260,2546925,210900
20-05-2025 13:20,24846,276750,447150,56.3,4187850,3675150,259.2,2548725,225000
20-05-2025 13:20,24847.3,272400,456300,55.9,4231125,3708225,260.5,2553750,217800
20-05-2025 13:20,24847,275850,449400,56.45,4254075,3707400,259.95,2552250,213600
20-05-2025 13:21,24848.9,276750,451575,56.4,4213875,3718800,257.55,2547525,219825
20-05-2025 13:21,24852,280950,455325,56.65,4223025,3708750,256.15,2547750,234525
20-05-2025 13:21,24852,285150,454575,56.25,4212450,3716400,256.1,2547750,228000
20-05-2025 13:21,24852,284700,458550,56.05,4213575,3731025,256.35,2542350,230400
20-05-2025 13:21,24845,285150,450450,55.95,4209450,3741225,257.3,2544750,224925
20-05-2025 13:21,24850.8,286050,453900,56.5,4225650,3722325,255.6,2546850,235650
20-05-2025 13:22,24854.9,286200,437325,56.85,4233975,3711150,254.2,2541825,233700
20-05-2025 13:22,24850,286350,456375,56.65,4213125,3703500,254.35,2541075,236625
20-05-2025 13:22,24855,287850,452100,56.8,4206225,3720675,251.05,2540850,235575
20-05-2025 13:22,24851.5,284850,467925,55.1,4187625,3725175,257.85,2542350,234825
20-05-2025 13:22,24850,282450,465600,54.75,4110525,3729150,257.85,2548425,230550
20-05-2025 13:22,24846.8,282825,458250,54.7,4140075,3717975,255.3,2553150,233700
20-05-2025 13:23,24847.7,284775,448275,54.7,4109700,3729750,254.7,2551500,234675
20-05-2025 13:23,24845,285375,457500,54.35,4144350,3738375,254.8,2558175,234600
20-05-2025 13:23,24845,285900,454725,54.7,4143450,3749250,254.7,2556600,234150
20-05-2025 13:23,24848,284925,451125,56.4,4172700,3707850,252.7,2556600,237825
20-05-2025 13:23,24852,286275,452100,56.3,4198350,3703800,254.2,2551275,234750
20-05-2025 13:23,24853,288600,452550,56.1,4187400,3710325,253.9,2553975,239250
20-05-2025 13:24,24854,276825,443775,56.8,4190625,3705225,248.7,2555325,240450
20-05-2025 13:24,24857,288600,448725,57,4179600,3699600,249.95,2539650,237600
20-05-2025 13:24,24856,290325,448950,56.9,4203000,3699300,248.45,2535300,243675
20-05-2025 13:24,24852,289575,462675,55.35,4194675,3721425,252.65,2542650,245550
20-05-2025 13:24,24850.5,288600,468675,54.4,4180425,3711075,256.05,2544900,248250
20-05-2025 13:24,24848.6,283050,465525,54.15,4134150,3724125,256.65,2549925,242625
20-05-2025 13:25,24847.4,283350,460650,54.8,4173000,3721125,255.8,2553600,245850
20-05-2025 13:25,24847.5,290475,454725,55.4,4213650,3727050,254.15,2552250,249375
20-05-2025 13:25,24845,287550,462150,55.1,4208475,3721275,256.1,2549625,251850
20-05-2025 13:25,24849.1,290850,463575,55.35,4201350,3721425,258,2552325,251700
20-05-2025 13:25,24846.2,288750,455400,55.4,4217625,3721425,254.95,2550075,245025
20-05-2025 13:25,24850,287775,453525,55.8,4232100,3722550,253.3,2545200,247050
20-05-2025 13:26,24854.1,288450,456150,56.75,4236225,3723300,249.3,2543775,252825
20-05-2025 13:26,24854.1,289875,452175,56.5,4250850,3701325,248.6,2535225,248625
20-05-2025 13:26,24852.4,288750,452475,56.3,4247850,3715950,249.15,2534475,252900
20-05-2025 13:26,24857.1,289875,451200,56.5,4241250,3720150,247.1,2537175,255750
20-05-2025 13:26,24860.9,289425,451425,56.4,4248975,3707025,245.9,2535750,255900
20-05-2025 13:26,24857.8,289800,455025,56.05,4222500,3735900,247.5,2536575,254925
20-05-2025 13:27,24854.4,289425,458175,56.6,4244925,3716550,245.9,2538225,256725
20-05-2025 13:27,24859.7,289275,454050,56.7,4241775,3718275,243.3,2534850,264075
20-05-2025 13:27,24863,289875,453975,56.8,4238175,3727275,243.7,2529000,264225
20-05-2025 13:27,24859.4,289950,461250,56.1,4234425,3731175,243.9,2532450,261525
20-05-2025 13:27,24859.4,289575,460200,55.35,4217850,3744675,247.65,2534850,263025
20-05-2025 13:27,24857.6,290325,456375,55.8,4217175,3744900,245.4,2535150,258750
20-05-2025 13:28,24857.6,291150,448200,56.15,4240425,3734250,245,2536950,260100
20-05-2025 13:28,24857.9,289500,459600,55.8,4218000,3742725,249.55,2544000,257175
20-05-2025 13:28,24861.9,292200,460875,56.35,4245825,3737100,246.85,2545575,253725
20-05-2025 13:28,24860,290550,456675,56.35,4255650,3732675,247,2541825,255225
20-05-2025 13:28,24862,289425,463275,56.45,4253325,3734625,246.55,2543550,259950
20-05-2025 13:28,24857.9,288900,467700,55.8,4231500,3748875,249.6,2545200,265500
20-05-2025 13:29,24860.1,290775,460500,56.7,4227375,3742050,245.45,2543025,262875
20-05-2025 13:29,24857.9,291075,457125,56.6,4231425,3748950,245.15,2542125,263550
20-05-2025 13:29,24858,290700,462450,56.15,4224450,3747450,248.25,2538375,263850
20-05-2025 13:29,0,0,0,55.95,4220775,3759150,247.45,2540250,266850
20-05-2025 13:29,24858,296025,459375,55.8,4209825,3753825,248.6,2541525,271350
20-05-2025 13:29,24850,295200,465075,54.9,4196175,3784725,251.75,2546100,253800
20-05-2025 13:30,24851.7,291675,455100,55.25,4203225,3775725,250.3,2544450,248775
20-05-2025 13:30,24851.2,291525,450900,55.3,4214175,3768525,250.95,2545425,251400
20-05-2025 13:30,24845.6,291000,457125,54.55,4213125,3782550,254,2544525,248100
20-05-2025 13:30,24847,288750,454275,54.45,4202400,3785700,253.25,2544600,242625
20-05-2025 13:30,24846.8,287850,456450,54.5,4197675,3767700,254.25,2543475,249375
20-05-2025 13:30,24848.6,282825,463200,54.1,4219575,3765075,258.95,2542800,251100
20-05-2025 13:31,24852.5,293400,452250,55.5,4232400,3756675,252.3,2542875,241725
20-05-2025 13:31,24852.5,293625,466725,56.05,4240875,3749175,249.25,2539425,252525
20-05-2025 13:31,24855,293925,456600,55.85,4238175,3721200,249.15,2535450,249150
20-05-2025 13:31,24853,293775,459450,55.3,4220625,3771975,252.2,2540550,253050
20-05-2025 13:31,24850.5,290925,466275,54.8,4201950,3786900,252.5,2544900,252525
20-05-2025 13:31,24850,289800,469425,53.7,4202325,3796950,257.1,2546250,252000
20-05-2025 13:32,24847.2,291525,463500,53.95,4192125,3795825,255.8,2545800,249600
20-05-2025 13:32,24845.6,289800,462000,54,4218600,3789675,255,2548350,255150
20-05-2025 13:32,24846.2,290625,461025,54.15,4231425,3785100,254.2,2547750,253500
20-05-2025 13:32,24848.4,290925,458325,54.7,4227450,3790200,252.65,2552475,255300
20-05-2025 13:32,24851,293625,460875,54.35,4226325,3780450,252.95,2554725,256500
20-05-2025 13:32,24845.5,294225,459525,54.2,4203675,3789900,255,2552400,255900
20-05-2025 13:33,24851.8,296025,461175,54.65,4210425,3778575,251.8,2551875,255075
20-05-2025 13:33,24851.4,301950,452025,55.15,4237275,3744675,249.4,2545875,255450
20-05-2025 13:33,24855,300525,453150,55.85,4257525,3750675,246.05,2547150,255900
20-05-2025 13:33,24859,299850,449400,56.35,4266975,3747375,245.05,2539500,254025
20-05-2025 13:33,24855.8,300375,456975,55.85,4267500,3762000,248.5,2539200,250875
20-05-2025 13:33,24859.2,299175,455925,55.4,4239300,3780525,249,2546700,253725
20-05-2025 13:34,24849.9,300075,462900,54.6,4228875,3784050,252.85,2549175,249675
20-05-2025 13:34,24851.2,297000,458475,53.9,4210575,3801450,254.85,2553300,251550
20-05-2025 13:34,24850,295875,457875,53.5,4190250,3804975,254.45,2551425,250650
20-05-2025 13:34,24845,294225,463500,53.4,4191075,3805950,254.75,2553300,251175
20-05-2025 13:34,24845.1,293550,464250,53.05,4158450,3796950,255.3,2555475,245625
20-05-2025 13:34,24845,295950,462825,53.4,4167150,3783600,255.7,2547225,250725
20-05-2025 13:35,24843,294300,457200,53.3,4178925,3795300,255.15,2534625,250425
20-05-2025 13:35,0,0,0,52.4,4171800,3783300,259.75,2540700,241725
20-05-2025 13:35,24837.5,294750,455475,52.4,4065300,3782400,264.05,2543925,235050
20-05-2025 13:35,24832.7,291000,458550,51.55,4047975,3768675,265.4,2550975,210675
20-05-2025 13:35,24837.1,298200,454200,52.5,4087200,3779325,263,2545275,211500
20-05-2025 13:35,24840.9,295500,462750,52.55,4078800,3772650,262.85,2541975,214275
20-05-2025 13:36,24841.1,302925,457200,52.9,4083075,3752250,258.5,2538000,224475
20-05-2025 13:36,24842.2,300150,461700,53,4093950,3771225,258.55,2528100,224475
20-05-2025 13:36,24842.2,294000,462675,52.75,4098675,3780075,259.3,2532375,226650
20-05-2025 13:36,24842.2,296550,462825,52.9,4117050,3789600,258.05,2534400,226875
20-05-2025 13:36,24842.2,303975,459300,52.6,4120800,3805425,260.2,2545350,228975
20-05-2025 13:36,24842.2,301050,459600,52.3,4094325,3807075,260,2533650,224475
20-05-2025 13:37,24842,297675,466725,52.15,4104450,3835350,260.55,2537325,225450
20-05-2025 13:37,24842.1,303525,458850,53.35,4126125,3792300,256.1,2534625,242700
20-05-2025 13:37,24849.2,302250,454725,53.8,4143900,3760575,255.05,2526450,235800
20-05-2025 13:37,24842.2,302550,459150,53.15,4146450,3783075,257.5,2527500,235425
20-05-2025 13:37,24843,303225,457050,53.3,4140750,3776175,257,2526900,236100
20-05-2025 13:37,24842,300300,462225,52.65,4132425,3796875,260.35,2537700,229575
20-05-2025 13:38,24838.4,295275,457950,53,4124775,3766200,260,2534625,229575
20-05-2025 13:38,24844.2,295575,456225,52.6,4122150,3780525,260.95,2534550,226500
20-05-2025 13:38,24843.8,296850,458250,52.3,4116450,3800100,261.6,2535975,230700
20-05-2025 13:38,24839.3,300450,456600,52.5,4114875,3801600,261.7,2535750,234375
20-05-2025 13:38,24840,299550,460650,52.15,4110825,3802350,261.95,2535450,236700
20-05-2025 13:38,24839.9,295425,457200,51.75,4119300,3837000,263.75,2540250,229650
20-05-2025 13:39,24845,295425,464550,52,4118775,3825075,261.25,2537550,237300
20-05-2025 13:39,24840,293625,471600,51.85,4117275,3838125,261.55,2497425,234525
20-05-2025 13:39,24843.9,294675,462675,52.2,4135575,3824625,259.55,2500575,235500
20-05-2025 13:39,24845.2,296400,467475,51.65,4144275,3829650,261.7,2497800,236175
20-05-2025 13:39,24844,293775,464250,51.5,4120425,3849975,260.75,2496000,235950
20-05-2025 13:39,24844,294900,466500,51.4,4129950,3851775,260,2497425,243000
20-05-2025 13:40,24845.8,293775,461700,51.6,4108050,3823875,260,2495475,246750
20-05-2025 13:40,24845,294225,461250,51.7,4124925,3828900,259.35,2502975,247800
20-05-2025 13:40,24846.8,296175,471375,51.65,4116300,3858900,260.05,2502450,244575
20-05-2025 13:40,24847.3,294225,466650,52.55,4147125,3865800,256.4,2500350,251400
20-05-2025 13:40,24847,294525,467925,51.4,4155750,3826875,260.6,2492475,248325
20-05-2025 13:40,24846.8,293175,461250,51.65,4119975,3838350,259.55,2493075,250575
20-05-2025 13:41,24840.6,293925,464475,51.4,4127250,3838875,261.8,2496825,248625
20-05-2025 13:41,24840,294375,465150,51.15,4100025,3833850,263.1,2505600,240750
20-05-2025 13:41,24838,293925,459075,51.5,4132875,3837225,262.65,2501325,240975
20-05-2025 13:41,24837,297300,460875,51.2,4105500,3850350,263.75,2514825,236400
20-05-2025 13:41,24831,293250,465525,50.25,4094325,3870975,267.65,2516400,237975
20-05-2025 13:41,24837,293850,462150,50.3,3989625,3857250,267.95,2513700,193800
20-05-2025 13:42,24831,292800,460875,50.15,3986850,3876825,266.8,2508750,199800
20-05-2025 13:42,24830,290850,459450,49.8,3981000,3868725,268.7,2517075,200250
20-05-2025 13:42,24825,293025,458475,49,3960975,3887175,272,2516775,196125
20-05-2025 13:42,24825,288675,458475,49.2,3969525,3890025,270.85,2522025,189450
20-05-2025 13:42,24827.3,297450,453075,49.4,3979275,3861750,267.85,2507850,198075
20-05-2025 13:42,24835.4,290175,450900,49.6,3998850,3835650,267.2,2495550,201975
20-05-2025 13:43,24836,295425,452550,49.85,3998475,3848550,264.8,2496525,200100
20-05-2025 13:43,24835.9,292350,456525,50.15,4029000,3819750,265.4,2493525,201000
20-05-2025 13:43,24838.9,292950,457950,50.1,4038300,3818775,264.75,2508675,202050
20-05-2025 13:43,24841.1,293850,459375,50.1,4039725,3829875,262.15,2508000,206700
20-05-2025 13:43,24840.9,293550,461625,49.8,4035000,3813150,263.85,2507325,199050
20-05-2025 13:43,24835,294750,469500,49.8,3997650,3826800,265.3,2511600,197850
20-05-2025 13:44,24834.9,296250,456750,49.65,4021425,3781050,264.45,2505225,197100
20-05-2025 13:44,24840,295950,457950,49.55,4018875,3815775,263.65,2506125,204450
20-05-2025 13:44,24834.6,294675,463050,49.6,4011150,3838800,264.8,2508900,200925
20-05-2025 13:44,24834,308025,456450,49.9,4028925,3809025,262.05,2504475,202050
20-05-2025 13:44,24835,305625,456075,50.85,4047375,3784800,263.4,2497575,203325
20-05-2025 13:44,24834.1,305625,453675,50.45,4047000,3766500,262.85,2499450,202500
20-05-2025 13:45,24832,303225,454725,50.45,4048500,3777225,264.6,2503275,203100
20-05-2025 13:45,24834,302700,457275,50.5,4050900,3767025,265.05,2502150,208200
20-05-2025 13:45,24837.2,298050,458250,50.6,4053825,3765825,265.75,2507025,202125
20-05-2025 13:45,24834,295875,460275,50.55,4057950,3774375,265.3,2501250,201750
20-05-2025 13:45,24834,295575,459150,50.7,4059375,3778875,264.55,2501475,208425
20-05-2025 13:45,24839.1,297975,464250,51,4079025,3746100,263,2499225,210525
20-05-2025 13:46,24839.1,296400,460800,51,4067400,3752325,263.35,2501400,210300
20-05-2025 13:46,24834,299175,460350,50.75,4076325,3744450,264.6,2501025,216225
20-05-2025 13:46,24832,297600,474825,49.8,4057050,3767550,267.3,2507325,212100
20-05-2025 13:46,24839.9,305850,474375,49.7,4024575,3770700,267.05,2507925,209550
20-05-2025 13:46,24841.2,305175,470700,50.55,4045875,3749175,263.3,2493375,218100
20-05-2025 13:46,24842.7,298125,470625,51.1,4071300,3730800,259.85,2488275,212250
20-05-2025 13:47,24838.6,299625,470625,51.15,4067325,3735450,259.35,2475825,213000
20-05-2025 13:47,24842.7,301350,469875,51.4,4085250,3712650,257.2,2475000,213225
20-05-2025 13:47,24842.8,302025,472425,51.2,4085250,3745425,257.65,2479725,215250
20-05-2025 13:47,24847.9,301350,474525,51.2,4073250,3741150,257.35,2479350,219975
20-05-2025 13:47,24843.1,307050,469275,51.7,4096950,3752325,255.6,2479575,224700
20-05-2025 13:47,24844.8,306300,471375,51.1,4090950,3740775,259.55,2475225,229350
20-05-2025 13:48,24844.7,299250,470475,51.4,4078725,3756150,257.65,2476725,225075
20-05-2025 13:48,24844,299850,469650,51.15,4092300,3770625,258.5,2477700,229350
20-05-2025 13:48,24845.7,309975,468900,51.65,4119450,3764550,255.8,2474100,237975
20-05-2025 13:48,24845.6,309000,473175,51.65,4132275,3712650,255.65,2467950,240975
20-05-2025 13:48,24850.6,305025,474075,51.9,4117350,3711000,253.4,2468850,236925
20-05-2025 13:48,24850.6,300075,471750,52.2,4125225,3704100,254.1,2472975,232875
20-05-2025 13:49,24851.8,301425,474000,52.4,4135275,3689625,253.35,2467875,235275
20-05-2025 13:49,24850.6,298875,479325,51.7,4120725,3702900,254.55,2472300,232350
20-05-2025 13:49,24847.1,300675,477375,51.4,4098300,3735675,256.45,2475525,235425
20-05-2025 13:49,24849.9,299250,480000,51.5,4087275,3732300,256.75,2478600,228825
20-05-2025 13:49,24849.8,300375,478425,51.8,4098600,3715275,256.5,2475600,230325
20-05-2025 13:49,24849.8,300000,478950,52.05,4112850,3706875,255.65,2472300,232050
20-05-2025 13:50,24845,300150,476850,52.35,4120125,3690375,256.2,2480625,235275
20-05-2025 13:50,24850.7,300375,481725,52.6,4130550,3690075,257.65,2480475,233625
20-05-2025 13:50,24845,299325,482850,52.3,4111800,3705675,255.85,2485800,236175
20-05-2025 13:50,0,0,0,51.85,4103175,3720975,256.4,2481375,230475
20-05-2025 13:50,24845,298425,481050,51.9,4086900,3750075,257.8,2485200,234525
20-05-2025 13:50,24846.1,299925,482775,51.95,4095675,3733650,257.1,2481450,237600
20-05-2025 13:51,24846.1,299325,480225,52.95,4109250,3709500,253.9,2480850,232725
20-05-2025 13:51,24851.9,302100,473475,52.9,4135200,3657000,250.65,2469600,241050
20-05-2025 13:51,24857.1,303000,475800,53.25,4112025,3652275,250.15,2465625,238650
20-05-2025 13:51,24855.1,310650,481050,53.3,4120575,3671025,250.15,2466150,243600
20-05-2025 13:51,24855.2,302175,478875,53.45,4098450,3670875,249.7,2464575,236325
20-05-2025 13:51,24855,301800,480375,53.45,4103250,3660150,248.4,2462850,237825
20-05-2025 13:52,24855,300600,487425,53,4086900,3693525,249.45,2459175,234225
20-05-2025 13:52,24852.3,299625,486450,52.4,4080000,3709425,252.45,2466675,235950
20-05-2025 13:52,24850.9,300000,483600,52.85,4096650,3704025,252,2470350,234300
20-05-2025 13:52,24850.9,298425,480750,52.35,4110450,3696675,253,2472975,235875
20-05-2025 13:52,24850,299400,481875,52.55,4093500,3704025,252.2,2470050,236325
20-05-2025 13:52,24850,300600,483375,53.05,4114125,3679425,249.55,2466225,244050
20-05-2025 13:53,24853.3,301875,478200,53.5,4124250,3689475,248.25,2469600,243900
20-05-2025 13:53,24853.3,301500,480900,53.1,4117200,3684750,250.5,2470875,241725
20-05-2025 13:53,24854,301200,477975,53.45,4126800,3686025,249.05,2474850,230925
20-05-2025 13:53,24853.3,302025,478650,52.9,4139250,3690150,251.4,2473875,236550
20-05-2025 13:53,24851.3,299625,481875,52.4,4132650,3710625,252.45,2477625,238500
20-05-2025 13:53,24848.2,300450,486675,52,4112475,3713400,256.1,2483475,234225
20-05-2025 13:54,24851.1,302100,484200,52.6,4124925,3696300,252.8,2477475,238575
20-05-2025 13:54,24852.5,299850,485025,52.4,4110075,3714750,252.5,2475525,236700
20-05-2025 13:54,24850.8,302175,487500,52.7,4124325,3708675,252.4,2478000,238350
20-05-2025 13:54,24847,298575,482025,52.3,4116750,3754725,254.1,2479950,239025
20-05-2025 13:54,24846.8,302850,479625,52.55,4122975,3756300,252.45,2480475,242175
20-05-2025 13:54,24847.8,300900,483675,51.65,4126950,3766725,256.7,2484825,240225
20-05-2025 13:55,0,0,0,51.65,4072425,3768450,255,2486625,237375
20-05-2025 13:55,24847.8,300300,480150,51.2,4077300,3765600,256.15,2484600,238725
20-05-2025 13:55,24846,299700,479625,51.05,4067700,3773925,257.65,2475000,240150
20-05-2025 13:55,24840,300525,481725,51.35,4090950,3765300,257.7,2475075,237900
20-05-2025 13:55,24840.2,299850,480300,51.15,4098750,3760875,258.5,2471775,238725
20-05-2025 13:55,24844,304875,478350,51.45,4094475,3770550,256.6,2473725,249150
20-05-2025 13:56,24840.6,301950,481800,51.4,4101075,3774450,255.9,2465400,249825
20-05-2025 13:56,24845,301575,481425,51.65,4110750,3783600,255,2463525,250350
20-05-2025 13:56,24844,301500,487350,50.65,4102500,3799425,257.85,2466825,245475
20-05-2025 13:56,24843,297450,482325,50.2,4053150,3799725,260.55,2470650,232725
20-05-2025 13:56,24840.3,298425,481575,50.1,4043550,3828000,260.05,2472825,236850
20-05-2025 13:56,24840.3,302325,481650,50,4034250,3825750,260.5,2470200,241875
20-05-2025 13:57,24835.2,299625,483525,49.8,4055100,3821775,261.35,2468175,249000
20-05-2025 13:57,24838,300750,478950,49.95,4013700,3821025,261.15,2468850,241425
20-05-2025 13:57,24838,303525,481425,50.7,4085400,3796125,258.45,2462550,251775
20-05-2025 13:57,24838.7,301350,483675,50.6,4061175,3803475,259.85,2462400,250500
20-05-2025 13:57,24841.8,299475,481125,50.25,4063500,3812400,261.3,2468850,250575
20-05-2025 13:57,24841.8,300600,480225,50.2,4080675,3825750,260.65,2468925,254775
20-05-2025 13:58,24840,301275,477825,50.5,4092675,3820050,259.1,2472750,260025
20-05-2025 13:58,24840,300300,478275,50.65,4099125,3812625,259,2467275,259350
20-05-2025 13:58,24843.4,300300,488025,50.65,4115775,3805425,259.95,2469450,259650
20-05-2025 13:58,24842.3,300075,483450,50.25,4101375,3777975,260.1,2473650,260775
20-05-2025 13:58,24839,298575,487575,49.45,4065450,3849750,263.65,2483550,257925
20-05-2025 13:58,24840.1,298800,483675,49.6,4035675,3878550,262,2481900,237600
20-05-2025 13:59,24840.4,299400,486600,49.7,4055775,3826425,261.35,2484075,238200
20-05-2025 13:59,24841.7,300675,486750,49.75,4047375,3831450,261.4,2484150,234975
20-05-2025 13:59,24835.5,302475,484575,49.85,4063275,3814500,261.6,2480850,240000
20-05-2025 13:59,24842.1,304050,483600,49.9,4088400,3804750,260.85,2481000,245475
20-05-2025 13:59,24835.6,304125,480225,49.9,4086600,3803475,260.8,2476875,244425
20-05-2025 13:59,24839,298050,482925,49.65,4093875,3809625,262.55,2471700,249150
20-05-2025 14:00,24839,302325,479175,49.7,4077225,3823575,262,2474400,240225
20-05-2025 14:00,24839,303675,482550,49.7,4088925,3814725,260.85,2470725,239100
20-05-2025 14:00,24836.9,303000,483150,49.95,4134000,3811575,261,2495925,250425
20-05-2025 14:00,24835.6,301725,483375,49.35,4088100,3826050,262.8,2471100,244125
20-05-2025 14:00,24835.6,299925,481125,49.15,4064400,3870825,263.25,2491500,237525
20-05-2025 14:00,24835.3,303000,480900,48.9,4062600,3854400,263.45,2498775,243900
20-05-2025 14:01,24832.8,304500,478125,49.1,4071000,3830325,262.95,2495475,243750
20-05-2025 14:01,24832.7,303000,480675,49,4065150,3855975,262.35,2494125,250350
20-05-2025 14:01,24832.7,302625,479925,48.75,4055925,3872250,263,2498850,246075
20-05-2025 14:01,24831.6,304950,479400,48.95,4078275,3859875,262.65,2485275,250500
20-05-2025 14:01,24829,304800,482850,47.95,4077525,3860850,267.05,2482425,250500
20-05-2025 14:01,24826,296175,476700,47.6,4003950,3860925,266.9,2480550,216750
20-05-2025 14:02,24826.5,291975,477000,47.05,3999075,3877200,268.4,2484600,222150
20-05-2025 14:02,24824.7,292200,475200,47,3976425,3888900,268.2,2502900,224400
20-05-2025 14:02,24830,294750,481725,47.7,4015500,3826650,267.35,2498475,229650
20-05-2025 14:02,24830.9,293025,480525,47.55,4010175,3810675,266.9,2503950,231225
20-05-2025 14:02,24830,291375,481800,46.85,4004100,3838350,269.05,2511300,235575
20-05-2025 14:02,24830,291000,488025,47,3989550,3847350,268.35,2510175,221850
20-05-2025 14:03,24824,293550,491325,46.75,4008825,3845475,270.5,2558625,230400
20-05-2025 14:03,24821.6,287100,489525,46.1,3978900,3836625,273.2,2565150,215775
20-05-2025 14:03,24815.9,287325,485175,45.65,3962550,3848175,274.45,2568525,221250
20-05-2025 14:03,24820,292125,478875,45.4,3960225,3856350,272.9,2566950,206400
20-05-2025 14:03,24819,287025,483675,46.05,3973950,3860700,272.95,2559450,202725
20-05-2025 14:03,24818.2,287625,475500,46.35,3996525,3780750,273.65,2566275,194475
20-05-2025 14:04,24824,288000,476325,46.7,4025850,3763725,272.45,2562300,197850
20-05-2025 14:04,24827.5,291675,474375,47.1,4044375,3757575,269.15,2556900,211650
20-05-2025 14:04,24823,292725,473250,47.05,4048575,3731925,270.2,2534775,213150
20-05-2025 14:04,24822,287700,473850,46.95,4053225,3743700,272.5,2538225,214275
20-05-2025 14:04,24822.9,289200,467475,46.9,4049025,3785175,273.1,2547450,201975
20-05-2025 14:04,24825.6,289500,470850,46.9,4069950,3763725,272.55,2542800,210450
20-05-2025 14:05,24820,291975,467175,47,4074000,3745275,271,2538300,213450
20-05-2025 14:05,24816.7,288075,469275,46.5,4063650,3734175,274.95,2542950,215400
20-05-2025 14:05,24815.9,286425,468525,45.7,4037475,3744300,281.9,2544900,194325
20-05-2025 14:05,24810.2,280950,469725,45.9,4010625,3746775,279.45,2548800,164925
20-05-2025 14:05,24810.3,277275,469350,45.75,4005525,3751875,280,2547750,163725
20-05-2025 14:05,24810,275325,468150,45.7,4005750,3762600,280.45,2549400,163350
20-05-2025 14:06,24808.9,279150,468225,45.6,4020000,3753225,281.2,2543325,163650
20-05-2025 14:06,24811.6,280500,467550,45.65,4041600,3761025,279.45,2549925,174075
20-05-2025 14:06,24810,278625,464550,45.65,4059825,3726750,280,2542275,172275
20-05-2025 14:06,24808,279900,466500,44.85,4064325,3758325,283.85,2547750,173550
20-05-2025 14:06,24807.9,275025,466575,44.6,3957150,3756450,282.85,2557050,152250
20-05-2025 14:06,24805.7,272475,466725,44.15,3952800,3782100,284.5,2569200,159675
20-05-2025 14:07,24803.7,272250,464550,43.75,3960750,3785025,283.15,2573475,148950
20-05-2025 14:07,24805.2,270375,463950,43.7,3964950,3782250,283,2576550,154350
20-05-2025 14:07,24806,274650,462375,43.8,4011075,3763650,283.15,2578125,157500
20-05-2025 14:07,24805,271950,462750,43.7,3977250,3754725,284.1,2579700,155925
20-05-2025 14:07,24802,271050,467025,43.15,3976500,3770025,286.15,2583975,155175
20-05-2025 14:07,24804,275400,464700,43.45,3986625,3750450,285,2583150,152175
20-05-2025 14:08,24800.9,275175,467625,43.45,4001400,3748800,284.85,2575425,157200
20-05-2025 14:08,24797.3,263325,467475,42.95,3986475,3751950,288.4,2581575,163200
20-05-2025 14:08,24799.6,261525,469575,43,4001325,3717450,286.1,2580450,165825
20-05-2025 14:08,24800,265800,463575,43.2,4056300,3696675,285.4,2574150,173700
20-05-2025 14:08,24800.1,268575,463275,43,4107600,3703950,286.8,2570850,167925
20-05-2025 14:08,24806.5,268875,463125,43.25,4051800,3696300,285.8,2566575,172350
20-05-2025 14:09,24803.4,264075,464325,43.05,4042800,3694200,287.8,2568225,171825
20-05-2025 14:09,24803,262875,469275,43.05,4030050,3681225,287.3,2565675,162750
20-05-2025 14:09,24810.9,272775,475050,43.9,4056450,3656325,281.15,2564100,164550
20-05-2025 14:09,24809.9,275250,471975,44.05,4077075,3610575,281.55,2545800,166875
20-05-2025 14:09,24806.1,274125,473475,43.95,4069875,3608325,282.95,2540325,168750
20-05-2025 14:09,24809,273075,474750,44.1,4065150,3631125,281.8,2547675,168675
20-05-2025 14:10,24811.5,270900,475275,44.05,4072875,3613200,283.5,2545425,165750
20-05-2025 14:10,24810.4,274200,479400,44,4085400,3615450,282.95,2542950,174075
20-05-2025 14:10,24807.3,274725,476625,43.95,4076325,3622575,281.85,2541600,174675
20-05-2025 14:10,24807.1,270675,476100,43.95,4081575,3633825,281.85,2538150,178275
20-05-2025 14:10,24809.9,268200,470775,43.6,4083150,3636600,283.15,2535525,183300
20-05-2025 14:10,24807,269925,472725,43.75,4069875,3653325,282.1,2538450,184050
20-05-2025 14:11,24810.1,279375,472725,44.5,4094475,3655200,277,2531850,189000
20-05-2025 14:11,24813.1,280350,471225,44.6,4117200,3602850,276.5,2518425,188700
20-05-2025 14:11,24817,281325,469725,44.55,4129500,3616875,277.1,2527125,189525
20-05-2025 14:11,24814.6,278025,475425,44.3,4128525,3630150,281.3,2532075,183450
20-05-2025 14:11,24814.1,273375,474525,44.35,4112925,3635400,280.3,2535375,181650
20-05-2025 14:11,24812.8,274125,477000,44.05,4111200,3649575,282.2,2536350,177450
20-05-2025 14:12,24810,272250,481725,44.2,4097325,3647475,281.45,2535600,179175
20-05-2025 14:12,24810.6,268200,480525,44,4091400,3657900,283.1,2539650,180450
20-05-2025 14:12,24809.8,272025,478350,44.35,4103775,3650550,282.2,2539800,180000
20-05-2025 14:12,24807.2,271050,481875,44.3,4117200,3627750,283.7,2541450,188850
20-05-2025 14:12,24810,289125,479250,44.95,4108575,3629850,280.1,2544000,191250
20-05-2025 14:12,0,0,0,44.9,4114350,3572175,278.65,2530275,194400
20-05-2025 14:13,24808.3,287550,476175,44.4,4099875,3577875,279.4,2535975,194175
20-05-2025 14:13,24810,291525,475275,44.5,4107975,3597225,279.6,2535375,197175
20-05-2025 14:13,24809.8,283050,475725,44.85,4134900,3597150,282.2,2537850,192975
20-05-2025 14:13,24809.7,274425,476175,44.1,4117725,3655275,282.85,2536950,186825
20-05-2025 14:13,24809.7,277950,476475,43.9,4077900,3651300,284.65,2534250,186000
20-05-2025 14:13,24804.5,273975,478275,43.9,4074675,3657525,285.85,2535375,181725
20-05-2025 14:14,24801.5,267450,478125,43.75,4070325,3699450,287.05,2543400,178875
20-05-2025 14:14,24802.5,281250,478425,44.15,4075950,3669300,286.85,2544375,174675
20-05-2025 14:14,24802.7,285450,477075,43.95,4097250,3681375,284.65,2549850,186000
20-05-2025 14:14,24807.9,273450,475650,43.8,4087050,3649500,285.5,2541300,181575
20-05-2025 14:14,24806.6,284175,476100,44.6,4104825,3647925,281.6,2543325,189900
20-05-2025 14:14,24806.5,288450,515100,44.5,4075125,3583875,281.15,2537325,193425
20-05-2025 14:15,24802.8,282450,517950,44.45,4063350,3589650,283.2,2541300,191925
20-05-2025 14:15,24804.1,282075,517350,44.4,4071450,3592050,283.5,2546400,190950
20-05-2025 14:15,24802.1,286050,515025,44.85,4088625,3564600,285.35,2547450,192000
20-05-2025 14:15,24802.1,283650,515100,44.5,4055775,3613125,286,2547450,188100
20-05-2025 14:15,24800,280575,517575,44.3,4044975,3594975,288.9,2555625,188625
20-05-2025 14:15,24799.9,267675,514275,44,4029750,3642150,286.75,2557950,173100
20-05-2025 14:16,24807.1,286350,514050,44.25,4037775,3605550,285.3,2546775,177750
20-05-2025 14:16,24808.3,277200,513450,44.4,4048950,3602925,285.25,2548500,188625
20-05-2025 14:16,24805,273450,515250,44.1,4063200,3610125,285,2552850,197850
20-05-2025 14:16,24807.9,280200,516600,44.05,4057800,3619125,284.7,2554200,187500
20-05-2025 14:16,24807.3,273525,513825,44.05,4049700,3621300,286.2,2556075,189975
20-05-2025 14:16,24803.3,269925,513075,43.9,4055475,3621600,286,2560275,193950
20-05-2025 14:17,24811.8,276075,512925,44.9,4064700,3620400,280.45,2556450,195225
20-05-2025 14:17,24812,277650,516900,44.9,4068000,3569400,279.6,2538300,193425
20-05-2025 14:17,24811.7,278175,519075,44.8,4061175,3571725,281.55,2535225,192600
20-05-2025 14:17,24807,278025,517950,44.7,4061250,3584100,282.2,2539950,196950
20-05-2025 14:17,24805,280875,523725,44.5,4059525,3586575,283.5,2544075,192900
20-05-2025 14:17,24805.4,286200,516375,44.75,4074300,3603000,282.15,2538975,193650
20-05-2025 14:18,24813.7,288375,514650,45.15,4093950,3578250,278.9,2533800,202275
20-05-2025 14:18,24815,285525,514950,45.15,4100550,3554700,279.45,2525775,203325
20-05-2025 14:18,24815.1,283575,521775,45.25,4105950,3566175,279.3,2531775,201900
20-05-2025 14:18,24815,281475,523950,45.7,4113675,3583350,276.8,2532900,207075
20-05-2025 14:18,24817,276975,516750,45.85,4112700,3537525,278,2523900,206175
20-05-2025 14:18,24814.8,276525,522300,45.65,4119000,3533475,280.5,2533800,215625
20-05-2025 14:19,24810,277200,525975,45.3,4107225,3551550,282.35,2539725,213150
20-05-2025 14:19,24810,282675,529350,45.3,4116750,3574875,283.15,2540400,211575
20-05-2025 14:19,24809.8,277575,518325,44.95,4088475,3578025,284.85,2553225,208875
20-05-2025 14:19,24806,274200,494025,44.6,4092675,3589500,285.2,2554050,206700
20-05-2025 14:19,24802.5,268200,493350,43.55,4083525,3594450,292.6,2562750,204000
20-05-2025 14:19,24803.7,269025,493350,43.85,4070925,3579825,290.75,2549025,174000
20-05-2025 14:20,24799.1,272250,488175,44.1,4100175,3581850,289,2552025,183750
20-05-2025 14:20,24797.6,273075,488100,43.8,4116000,3583575,290,2561700,185400
20-05-2025 14:20,24787.1,265050,495300,42.2,4095450,3618375,299.75,2580900,183075
20-05-2025 14:20,24786,255450,497250,42.7,3994125,3602475,304.35,2576775,112650
20-05-2025 14:20,24785,272625,495450,42.5,3995325,3619425,301.5,2570100,112875
20-05-2025 14:20,24788.5,279825,495900,42.5,3990525,3621675,300,2556825,117450
20-05-2025 14:21,24786.7,264375,502950,42.5,4017300,3618975,299.45,2546325,124425
20-05-2025 14:21,24787.5,271275,497175,42.1,4024125,3626250,302,2546850,132000
20-05-2025 14:21,24790.3,263700,497550,42.4,4022100,3617775,301,2557350,132600
20-05-2025 14:21,24785.8,269550,497850,42.75,4056450,3598650,299.55,2559225,141750
20-05-2025 14:21,24790,269625,496275,42.6,4075725,3620325,299.7,2558250,142350
20-05-2025 14:21,24794.2,273225,491025,43.2,4027050,3625950,296.25,2548275,138000
20-05-2025 14:22,24789.9,272025,496950,43.15,4014075,3566325,297.25,2554350,142800
20-05-2025 14:22,24790.8,271725,494175,42.9,4018725,3564675,299,2559600,144900
20-05-2025 14:22,24782,259575,496650,41.95,4006800,3599025,307,2562150,135825
20-05-2025 14:22,24781,257100,500400,42,3938025,3633975,309.9,2597250,123675
20-05-2025 14:22,24780,254025,498675,41.95,3963825,3611100,309.6,2564850,115200
20-05-2025 14:22,24784,250950,500025,41.65,3960525,3631950,311.5,2563200,114675
20-05-2025 14:23,24778.4,261675,497250,41.85,3962325,3635850,307,2558400,118500
20-05-2025 14:23,24780.6,260175,495900,42.1,3991500,3590100,305.75,2554950,116775
20-05-2025 14:23,24780,268050,497175,42.25,4014000,3593475,307.85,2554725,121200
20-05-2025 14:23,24784.8,269550,494475,42.2,3994125,3572550,303.1,2548350,124800
20-05-2025 14:23,24784.4,269625,492450,42.3,3997800,3602400,301.7,2547825,126075
20-05-2025 14:23,24784,263175,487350,42.4,4000200,3602250,302.5,2550375,128325
20-05-2025 14:24,24783.8,267300,486375,42.15,4005525,3599325,303.05,2551350,132075
20-05-2025 14:24,24785,276900,486000,41.85,4005000,3615150,300.8,2551275,135900
20-05-2025 14:24,24786.7,270450,487500,41.85,3966300,3600825,299.3,2539350,139125
20-05-2025 14:24,24784,257700,489975,41.25,3953550,3651525,304,2537625,139275
20-05-2025 14:24,24782.6,270375,486900,41.1,3965100,3649350,304.5,2538150,137700
20-05-2025 14:24,24783.9,269625,487725,41.7,4001025,3627600,303.35,2538675,131625
20-05-2025 14:25,24785,265650,488475,41.15,3990900,3613425,306.5,2532600,130875
20-05-2025 14:25,24785,262875,487050,41.45,3962250,3625275,303.4,2532075,133125
20-05-2025 14:25,24789,262650,486750,42,3985725,3589950,302.2,2530125,135225
20-05-2025 14:25,24787.2,264000,489150,42.05,3995925,3576975,302.7,2532675,135675
20-05-2025 14:25,24787.2,258000,492375,42.05,4007775,3565875,304.75,2562900,136650
20-05-2025 14:25,24785,264000,489675,42.25,4000425,3564000,302.45,2560050,138450
20-05-2025 14:26,24782.5,258300,491400,41.65,3986775,3619200,308.35,2539050,131175
20-05-2025 14:26,24782.1,263400,491550,41.2,3963825,3616425,312.35,2540550,127650
20-05-2025 14:26,24783,254700,493350,41.75,3987375,3620850,308.95,2540025,131550
20-05-2025 14:26,24783.1,256950,494850,41.35,3997425,3572175,309.65,2533125,135375
20-05-2025 14:26,24777.3,261900,499425,41.5,4022400,3603300,308.65,2530725,134925
20-05-2025 14:26,24779.8,268200,491850,41.35,4009650,3592725,310,2525100,140250
20-05-2025 14:27,24782,267975,491325,41.45,4036875,3606525,308.7,2527500,139500
20-05-2025 14:27,24780,259650,493125,41.15,4027125,3594525,315.7,2526600,137250
20-05-2025 14:27,24774.7,252975,497550,41.4,4015875,3603075,313.25,2523750,123975
20-05-2025 14:27,24775,252750,491250,41.4,4046475,3597375,313.75,2526600,130200
20-05-2025 14:27,24779.7,260400,490575,41.55,4055850,3600075,311.5,2531250,131625
20-05-2025 14:27,24775,258825,491775,41.4,4074075,3566925,313.5,2525100,136650
20-05-2025 14:28,24774.9,266625,495000,41.5,4039725,3582600,312.1,2523900,147825
20-05-2025 14:28,24775.8,270675,491775,41.6,4072425,3562350,311.15,2520300,149400
20-05-2025 14:28,24780,270900,491775,41.85,4094775,3558450,311.25,2528850,156150
20-05-2025 14:28,24778.4,276675,481950,42.2,4109325,3539400,309.85,2521425,164250
20-05-2025 14:28,24778.1,273225,480225,42.1,4137000,3531150,310.05,2516775,162375
20-05-2025 14:28,24776.8,270300,481275,42,4104600,3557550,312,2521050,163275
20-05-2025 14:29,24777,250200,485325,42,4089150,3566325,314.25,2520975,166650
20-05-2025 14:29,24777.8,270225,480750,42.25,4099950,3539700,312.8,2541900,154950
20-05-2025 14:29,24777.9,273525,480150,42.25,4117875,3548475,312.35,2540400,160725
20-05-2025 14:29,24774.5,260475,482925,41.85,4070550,3578775,315.55,2541975,156075
20-05-2025 14:29,24774,268500,488250,42.2,4065750,3580425,314.55,2532300,155700
20-05-2025 14:29,24779.6,274425,487275,42.4,4092225,3552675,312.95,2531175,164775
20-05-2025 14:30,24775.7,268575,486300,42.85,4105275,3511425,311.7,2524050,164775
20-05-2025 14:30,24776.2,277575,483600,43.35,4138425,3488025,309.25,2516400,168150
20-05-2025 14:30,24777,274200,484200,42.9,4142475,3516150,310.2,2506650,172350
20-05-2025 14:30,24778,283125,483750,43.05,4095975,3527625,310.25,2508225,167025
20-05-2025 14:30,24774,266850,485775,42.75,4086975,3571425,313.95,2514150,167550
20-05-2025 14:30,24775,261975,486225,42.5,4103550,3586275,315.85,2520525,166425
20-05-2025 14:31,24773.9,270900,485550,42.85,4126950,3577650,314.65,2519775,163950
20-05-2025 14:31,24773.2,272325,487350,42.85,4137975,3566700,314.7,2528175,164400
20-05-2025 14:31,24771.1,270900,488175,42.65,4134375,3592950,315.95,2523300,166725
20-05-2025 14:31,24771.1,270675,487725,42.2,4097475,3614850,318,2529150,160725
20-05-2025 14:31,24771.2,265950,487950,42.05,4114200,3615750,317.75,2526900,151575
20-05-2025 14:31,24773,275250,486000,42.4,4126125,3625350,314.8,2522700,156075
20-05-2025 14:32,24773.6,272925,485400,42.4,4125375,3606750,315.45,2523300,153225
20-05-2025 14:32,24772.2,273450,486150,42.45,4163100,3598950,314.05,2522475,156975
20-05-2025 14:32,24776.8,276225,484800,43.05,4211475,3579750,310.25,2513475,162750
20-05-2025 14:32,24775.4,268275,483675,43,4138500,3568575,311.85,2512875,168150
20-05-2025 14:32,24778.6,262950,485325,42.55,4139625,3592200,314.45,2514075,165600
20-05-2025 14:32,24776.4,268875,489075,42.75,4149825,3614475,311.85,2516100,170775
20-05-2025 14:33,24774.8,268125,487425,42.95,4163700,3584250,311.2,2507925,170475
20-05-2025 14:33,24776.2,271800,486900,43.35,4197300,3566100,309.6,2490975,176625
20-05-2025 14:33,24772.4,277950,488925,42.8,4176450,3597750,312.4,2492700,168825
20-05-2025 14:33,24771.8,278100,488400,42.65,4107825,3611625,312.9,2494425,171075
20-05-2025 14:33,24775.7,278925,487650,43,4163475,3600675,309.05,2497650,178200
20-05-2025 14:33,24776,267150,486225,43.05,4170225,3580350,310.85,2490675,187650
20-05-2025 14:34,24774.6,270975,484425,43.1,4179450,3592875,311.2,2495175,189150
20-05-2025 14:34,24771,275850,485775,42.65,4159350,3629625,313.25,2505825,184425
20-05-2025 14:34,24777.4,280650,486375,43.15,4140375,3611925,310.6,2496600,186150
20-05-2025 14:34,24775,280125,487050,43,4140075,3608775,310.6,2488500,183975
20-05-2025 14:34,24777.7,285000,485850,43.35,4165050,3584775,309.6,2487825,186975
20-05-2025 14:34,24776.9,280650,485625,43.4,4164975,3566775,307.15,2492475,187275
20-05-2025 14:35,24777.8,279300,484125,43.45,4173675,3561525,307.65,2482275,191100
20-05-2025 14:35,24776.4,278325,483900,43.6,4170375,3549750,306,2481975,190950
20-05-2025 14:35,24778.6,272400,483750,43.3,4158825,3559800,305.35,2481225,187650
20-05-2025 14:35,24775.6,269175,483150,42.6,4140075,3612375,309,2487375,183825
20-05-2025 14:35,24777.4,273675,485025,42.55,4096125,3605175,308.05,2484450,187050
20-05-2025 14:35,24775.1,278325,485550,42.4,4119300,3571575,310,2494200,193125
20-05-2025 14:36,24777.5,276525,487200,41.95,4002675,3595500,313.45,2496675,180150
20-05-2025 14:36,24777.5,268350,491100,42.3,4007175,3607125,312.95,2498400,180075
20-05-2025 14:36,24777.4,266400,487125,42.3,4020600,3561900,310.65,2493525,175800
20-05-2025 14:36,24775,265200,488175,42.45,4033050,3561525,312.85,2492550,178725
20-05-2025 14:36,24775,267225,486825,42.95,4036350,3532200,310.8,2492025,182100
20-05-2025 14:36,24773.8,272100,487725,42.8,4019625,3529800,311.45,2492775,183975
20-05-2025 14:37,24776.9,276450,486075,43.3,4032150,3517575,308.3,2493525,188550
20-05-2025 14:37,24778,279225,488925,43.3,4055250,3539325,308.75,2490150,184950
20-05-2025 14:37,24778,279300,485325,43.3,4051050,3537000,307.55,2492250,184050
20-05-2025 14:37,24778,281175,484650,42.65,4049925,3573150,306.8,2493900,185700
20-05-2025 14:37,24775.3,280875,481500,42.4,3987975,3570225,307.9,2491200,184500
20-05-2025 14:37,24776.6,275175,481350,42.45,3988050,3595125,306.6,2492850,185775
20-05-2025 14:38,24779.9,280500,483525,42.8,4005675,3569400,305.35,2490000,186150
20-05-2025 14:38,24779.8,270450,481200,42.7,4008525,3529125,304.6,2491500,189900
20-05-2025 14:38,24775.9,268350,483975,42.55,3988350,3552975,306,2490150,188625
20-05-2025 14:38,24779,275175,483600,42.3,3986025,3567300,306.55,2490000,181800
20-05-2025 14:38,24779.7,279975,481575,42.55,3994500,3579375,304,2490300,180150
20-05-2025 14:38,24777.7,280200,480600,42.6,3995775,3556800,305.55,2487750,175275
20-05-2025 14:39,24777.2,275700,482100,42.5,4004775,3568125,305,2487375,179775
20-05-2025 14:39,24777.6,275550,482925,42.45,4007325,3563100,305.9,2495925,179025
20-05-2025 14:39,24776.5,279975,482775,42.55,4017975,3571500,307.65,2492925,183750
20-05-2025 14:39,24774.9,274575,483675,42,3997125,3584400,308.3,2491650,180525
20-05-2025 14:39,24778.6,280050,482400,42.4,3992775,3578175,306.8,2495175,183300
20-05-2025 14:39,24777.9,272550,482925,42.6,4009725,3556050,305.8,2489775,184425
20-05-2025 14:40,24776.1,279525,486075,42.45,3997950,3580950,307.35,2495400,181875
20-05-2025 14:40,24777,272025,484275,42.25,3992775,3568650,306.55,2489775,185400
20-05-2025 14:40,24776.6,271875,485475,41.75,4008000,3630000,310.4,2492775,187650
20-05-2025 14:40,24770.7,274575,486825,40.85,3967350,3649050,315,2494950,179925
20-05-2025 14:40,24770.1,264750,487050,41.05,3955875,3639225,315.3,2493150,169275
20-05-2025 14:40,24761.3,261900,487650,40.2,3974475,3637650,322.15,2489625,160425
20-05-2025 14:41,24761.4,264450,487800,39.75,3921600,3639225,320.25,2489475,153300
20-05-2025 14:41,24759,264000,486750,39.2,3856200,3630525,326.2,2497725,144975
20-05-2025 14:41,24753.5,253125,484800,39.15,3866025,3603525,326.35,2501850,116475
20-05-2025 14:41,24750,234900,492450,38.5,3837675,3617100,328.75,2510025,117675
20-05-2025 14:41,24750.1,238425,490350,37.4,3826950,3653550,331.15,2508675,117075
20-05-2025 14:41,24750,236550,489825,37.8,3843300,3656175,329.9,2508075,114375
20-05-2025 14:42,24751.7,241650,490425,38.05,3879450,3555375,326.75,2501700,127725
20-05-2025 14:42,24750.4,238800,493575,37.75,3864450,3592950,329.7,2499975,127800
20-05-2025 14:42,24749.3,235050,492150,37.7,3835275,3598050,330,2505600,125100
20-05-2025 14:42,24747.8,244725,493425,37.55,3846150,3596025,330.75,2491500,123000
20-05-2025 14:42,24750.2,247800,491025,37.75,3880050,3589950,328.05,2483925,148950
20-05-2025 14:42,24750,242175,488025,37.7,3922875,3556725,329.15,2482200,156075
20-05-2025 14:43,24750,242850,484800,37.95,3935025,3545325,327.25,2484150,155400
20-05-2025 14:43,24750.8,239625,484575,37.9,3894225,3515100,327.3,2486625,160500
20-05-2025 14:43,24754,246375,482625,37.75,3900975,3541125,326.85,2483850,162075
20-05-2025 14:43,24751.8,244125,485175,37.35,3899475,3585600,328.6,2483250,157200
20-05-2025 14:43,24750.3,239025,486375,37.3,3874500,3587775,328.75,2481075,140625
20-05-2025 14:43,24750,246525,486750,37.35,3889200,3582300,327,2476350,137475
20-05-2025 14:44,24755,251700,487125,37.15,3891600,3595950,326.65,2474250,160575
20-05-2025 14:44,24751,254550,487650,37.1,3888825,3589350,326.5,2473725,156600
20-05-2025 14:44,24750,255225,486975,37.3,3885300,3581925,329,2477775,159450
20-05-2025 14:44,0,0,0,37.1,3878475,3522900,330,2480850,139350
20-05-2025 14:44,24749,252675,489300,37.25,3898575,3527925,328.6,2481150,145125
20-05-2025 14:44,24750,252075,490800,37.35,3892575,3573750,329.15,2494500,141150
20-05-2025 14:45,24750.1,251100,489825,37.45,3891225,3521550,329.55,2482950,141075
20-05-2025 14:45,24747.5,251925,491175,37.4,3890025,3555825,331.05,2478300,141975
20-05-2025 14:45,24750,252975,492375,37.15,3881250,3563100,329.55,2481375,139800
20-05-2025 14:45,24748.6,241425,491625,37.1,3871575,3612300,329.05,2480925,143475
20-05-2025 14:45,24752,242775,489525,37.75,3905775,3618075,323.7,2479275,146925
20-05-2025 14:45,24754.6,247950,488475,37.55,3949425,3562875,325.8,2466900,147300
20-05-2025 14:46,24752.3,239400,491550,37.65,3936750,3579300,325.1,2467275,147825
20-05-2025 14:46,24755,246525,485250,38.15,4005150,3553650,323.8,2466150,152775
20-05-2025 14:46,24757.9,252525,482025,38.5,4020675,3529275,322.15,2465775,155175
20-05-2025 14:46,24761.9,257250,482775,38.8,3995100,3438450,324,2474025,152175
20-05-2025 14:46,24752.1,253800,484950,38.65,3960750,3452850,326.1,2478675,148050
20-05-2025 14:46,24756,259200,484200,38.55,3989850,3445350,325.7,2477625,152625
20-05-2025 14:47,24759.7,258900,484875,38.6,3977550,3479250,324.35,2475075,147825
20-05-2025 14:47,24756.4,255825,483975,38.9,4024875,3441975,323.35,2470950,153975
20-05-2025 14:47,24764.1,260175,484425,39,4024575,3483150,322.75,2469975,153225
20-05-2025 14:47,24760.3,259350,484425,39.35,4020900,3530625,320.2,2472000,158850
20-05-2025 14:47,24760.4,255150,485625,39.4,4030725,3540975,320.05,2468625,156075
20-05-2025 14:47,0,0,0,39.9,4028700,3554700,319.05,2469000,155325
20-05-2025 14:48,24760.2,253200,484800,39.9,4027350,3550050,318.25,2463450,153150
20-05-2025 14:48,24760.1,258975,484050,39.95,4047375,3521475,320.2,2463525,151800
20-05-2025 14:48,24767.1,261300,483825,39.4,3973725,3577350,317,2458575,156600
20-05-2025 14:48,24766.5,254325,484800,39.35,3943125,3600900,316.2,2460150,150900
20-05-2025 14:48,24766.9,254100,484500,39.65,3958500,3576075,314.9,2459475,150300
20-05-2025 14:48,24766.5,257250,482700,39.95,3980025,3554475,314.8,2458800,150525
20-05-2025 14:49,24768,254025,483525,39.7,3976650,3534750,316.3,2449725,147225
20-05-2025 14:49,24765.6,250875,484500,40,3978225,3472575,317.05,2454000,150300
20-05-2025 14:49,24765.7,252900,484650,40.15,4001250,3435300,313.95,2452575,157800
20-05-2025 14:49,24766.2,250650,484425,40.4,3993150,3503025,314.05,2448525,163650
20-05-2025 14:49,24763.9,248550,485850,39.95,3982500,3550725,317,2450550,159300
20-05-2025 14:49,24766.4,251025,484725,39.9,3932250,3554925,317.15,2451150,155175
20-05-2025 14:50,24765,248925,486000,40.15,3942225,3562575,316.8,2451825,155100
20-05-2025 14:50,24765.5,250950,486450,40.45,3964725,3543825,314.9,2451600,160350
20-05-2025 14:50,24765,249000,487350,40.6,3987675,3516600,315.85,2449125,158475
20-05-2025 14:50,24766.3,259125,487650,41,3985800,3510975,314.35,2454675,166875
20-05-2025 14:50,24764.3,251850,487125,40.65,3986775,3517200,316.25,2452275,165825
20-05-2025 14:50,24767,251550,484575,41.2,4007100,3496875,314.1,2449575,161700
20-05-2025 14:51,24764.9,250275,486000,41.05,3983100,3532500,316,2453850,161925
20-05-2025 14:51,24765.6,251025,485325,41.1,3977250,3529650,315,2455200,165075
20-05-2025 14:51,24765.7,251850,486525,41.2,3979500,3534300,315.85,2452950,156375
20-05-2025 14:51,24762.8,250200,489075,40.9,3976875,3556800,317.4,2453400,147675
20-05-2025 14:51,24761,244500,485700,40.6,3956100,3551400,319.85,2452275,152475
20-05-2025 14:51,24761.1,257475,486525,40.85,3952125,3547650,317.95,2454150,150375
20-05-2025 14:52,24762.5,257025,484875,40.7,3964125,3544575,318.75,2452725,152925
20-05-2025 14:52,24765,248700,485625,40.75,3955875,3550875,318.15,2457450,154950
20-05-2025 14:52,24766.5,250425,486225,41.1,3994125,3564450,316.8,2453850,154800
20-05-2025 14:52,24765.2,251550,487125,41.75,4034475,3420975,314.6,2451000,157425
20-05-2025 14:52,24768.7,254025,486450,41.45,4030275,3396525,318.65,2452425,157425
20-05-2025 14:52,24761.3,246075,488325,40.8,3983100,3494550,321.6,2456400,155175
20-05-2025 14:53,24756.8,249750,489150,40.75,3973650,3545850,322.3,2454525,146700
20-05-2025 14:53,24758,249675,494100,40.6,3999075,3532500,321.25,2451075,162075
20-05-2025 14:53,24755,244275,492075,40.3,3992925,3564900,323.6,2457075,154650
20-05-2025 14:53,24756.8,256950,488700,40.6,4014825,3544275,321,2448975,162525
20-05-2025 14:53,24764.4,253350,488775,40.55,4026750,3537375,320.6,2448375,161025
20-05-2025 14:53,24756.2,252675,489975,40.4,4023375,3559875,322.2,2449050,163275
20-05-2025 14:54,24755.5,256650,491475,40.45,4005600,3574800,322.4,2457600,156300
20-05-2025 14:54,24757,253575,491175,40.4,4013625,3555675,321,2453700,151500
20-05-2025 14:54,24757.2,254700,490650,40.5,4041375,3538725,321.3,2450700,154125
20-05-2025 14:54,24761.9,256950,490500,40.6,4007700,3552900,320.05,2451825,154575
20-05-2025 14:54,24761.2,252225,493650,40.2,3988125,3566250,322.4,2452650,159075
20-05-2025 14:54,24755,256875,493725,40,3951975,3576525,323.25,2451600,159750
20-05-2025 14:55,24759.3,252450,492975,40.25,3933525,3571875,324.3,2453325,152025
20-05-2025 14:55,24755,256500,493575,40.15,3953700,3548625,323,2452350,150150
20-05-2025 14:55,24757.9,264675,494850,40.3,3952650,3549450,322.15,2453775,157725
20-05-2025 14:55,24759,266250,490800,40.65,3979050,3548700,319.25,2451675,162300
20-05-2025 14:55,24758.9,260700,492225,40.15,3978450,3596550,321.2,2444550,158550
20-05-2025 14:55,24755.3,263925,493275,40,3940275,3600525,322.65,2445600,156300
20-05-2025 14:56,24758.1,265575,489075,40.2,3957450,3552825,319.8,2443575,157800
20-05-2025 14:56,24758,266100,490650,40.2,3970500,3577125,321.4,2443650,160425
20-05-2025 14:56,24758,261450,493050,39.55,3954750,3587925,324.45,2447700,160950
20-05-2025 14:56,24752.9,251700,492375,39.6,3916800,3605025,324.55,2454675,149400
20-05-2025 14:56,24754.8,260925,492825,39.6,3939300,3585600,324.65,2449575,154425
20-05-2025 14:56,24755,259875,492075,39.65,3917925,3598425,322.25,2449950,160800
20-05-2025 14:57,24755.6,261450,492300,39.6,3932625,3601275,323,2449650,165000
20-05-2025 14:57,24754.5,265800,492075,39.35,3921300,3623775,324.5,2449800,163350
20-05-2025 14:57,24753.3,271125,492750,39.1,3909075,3623400,324.85,2452500,152625
20-05-2025 14:57,24753.7,260625,491475,38.85,3905250,3619875,326.85,2455200,151125
20-05-2025 14:57,24751.4,260100,492225,39.05,3912900,3612525,326.5,2455725,157650
20-05-2025 14:57,24748.2,255075,494925,38.7,3897375,3613650,329.1,2459250,150825
20-05-2025 14:58,24749,255825,493350,38.55,3910050,3609375,328,2458650,146175
20-05-2025 14:58,24748.9,256500,494025,38.15,3912450,3633825,327.9,2455800,146925
20-05-2025 14:58,24752.6,260025,491700,38.55,3910725,3628275,325.15,2453925,149475
20-05-2025 14:58,24753.7,259050,491025,38.3,3907725,3627525,325.1,2453475,151425
20-05-2025 14:58,24756.8,258375,492000,38.1,3909075,3633150,325.9,2451375,153825
20-05-2025 14:58,24753.7,254625,490950,38.3,3922275,3624450,326.4,2451300,152250
20-05-2025 14:59,24754,256350,491175,38.35,3943800,3625275,326.9,2454150,151800
20-05-2025 14:59,24758,252675,490500,38.4,3973500,3602100,324.85,2450700,158625
20-05-2025 14:59,24758,250725,489375,38.55,3977700,3602175,325,2448675,151050
20-05-2025 14:59,24758,247050,490050,38.35,3966525,3617925,326.4,2447925,149100
20-05-2025 14:59,24758.1,243825,491925,38.05,3959550,3609975,329.6,2448075,149775
20-05-2025 14:59,24753.4,247950,494100,37.85,3880350,3633000,329.05,2453175,134175
20-05-2025 15:00,24750,250575,489975,38.3,3925125,3606975,328.1,2451075,137175
20-05-2025 15:00,24758,260550,493425,38.95,3957750,3587775,321.8,2451150,143475
20-05-2025 15:00,24757.8,263925,489450,39,3932400,3562425,321,2442750,143400
20-05-2025 15:00,24760,261975,489225,39.2,3931425,3571800,320.45,2450550,145575
20-05-2025 15:00,24760,254925,487575,39.35,3940425,3558600,321,2445750,143100
20-05-2025 15:00,24760,256350,486150,39.25,3942300,3560325,321.35,2445150,144825
20-05-2025 15:01,24761,261600,486300,39.65,3967350,3551550,315.9,2441025,153825
20-05-2025 15:01,24762.1,257625,487725,39.9,3971100,3551400,316.2,2436900,158100
20-05-2025 15:01,24767.1,261300,488850,40.35,3995325,3542250,313,2438400,164475
20-05-2025 15:01,24772.3,268500,484725,41,3993300,3550800,308,2438100,165825
20-05-2025 15:01,24772.8,264150,486075,40.8,3996975,3557775,311.15,2432625,160125
20-05-2025 15:01,24769.8,260625,487275,40.85,3972525,3578550,311.85,2435700,158325
20-05-2025 15:02,24772.9,258525,486525,40.6,3973800,3609600,308,2429250,163950
20-05-2025 15:02,24773,261075,488250,40.9,3976125,3595275,307.35,2425950,167025
20-05-2025 15:02,24770,262200,487425,40.45,3973575,3622275,308.75,2427900,168975
20-05-2025 15:02,24770.6,254025,489375,40.25,3958650,3643050,310.7,2428350,167325
20-05-2025 15:02,24773.7,260700,488775,40.9,3971475,3633750,306.65,2427750,168225
20-05-2025 15:02,24776.3,264450,486525,40.95,3971475,3592950,304.35,2422500,172500
20-05-2025 15:03,24777,263550,489075,40.8,3974175,3594975,305.3,2410725,168075
20-05-2025 15:03,24777,263850,491100,40.5,3935400,3596775,307.4,2417175,166125
20-05-2025 15:03,24777,261300,490950,40.6,3948225,3596700,308,2417925,166125
20-05-2025 15:03,24772.8,262275,492900,40.2,3937875,3436350,311,2428350,164700
20-05-2025 15:03,24765,255150,494325,39.6,3920925,3455475,315.45,2438250,160125
20-05-2025 15:03,24764.4,255300,492600,39,3921000,3560175,318.95,2435025,160350
20-05-2025 15:04,24763.4,250575,492975,38.85,3883425,3619725,320,2434350,154800
20-05-2025 15:04,24761.9,250950,492300,38.7,3899925,3617625,319.3,2435175,158250
20-05-2025 15:04,24761.3,259575,491475,38.3,3897300,3621825,322.5,2431350,158325
20-05-2025 15:04,24758,256125,491100,38.3,3916350,3603825,321.2,2430900,155250
20-05-2025 15:04,24758.1,253575,489900,38.1,3915300,3611250,322,2430300,153750
20-05-2025 15:04,24763.6,257100,490875,38.45,3937425,3608625,319.65,2428800,159300
20-05-2025 15:05,24763,263850,489000,39.05,3944025,3586575,318,2423025,162900
20-05-2025 15:05,24761,263775,488250,39.2,3957975,3591900,318.15,2419350,160725
20-05-2025 15:05,24759.9,258225,487500,39.25,3955725,3602175,318,2422500,160425
20-05-2025 15:05,24761.9,259875,488475,39.1,3951225,3603225,317.5,2416575,161775
20-05-2025 15:05,24765,258600,488550,38.9,3960225,3607200,317.55,2417475,173475
20-05-2025 15:05,24763.7,263550,489975,39.15,3950625,3606300,318.05,2417550,175275
20-05-2025 15:06,24761.1,264000,487950,39.45,3984600,3584850,316.9,2414100,181800
20-05-2025 15:06,24756.6,257850,491550,38.45,3984150,3636150,321.6,2426025,184425
20-05-2025 15:06,24755.4,263325,490575,38.4,3930900,3632775,321.4,2423925,178275
20-05-2025 15:06,24750.9,258000,492450,37.75,3941700,3606300,325.5,2427150,171375
20-05-2025 15:06,24756,262050,490275,37.55,3901200,3618975,324.65,2421600,167550
20-05-2025 15:06,24752,258075,492750,37.65,3937800,3595350,325.7,2418750,175125
20-05-2025 15:07,24757,258000,492450,37.9,3960225,3594225,325,2424225,172425
20-05-2025 15:07,24755,257925,493800,37.95,3972675,3563100,324.6,2421900,167250
20-05-2025 15:07,24750.2,256725,493575,37.55,3924900,3548100,326.4,2423925,170325
20-05-2025 15:07,24751.9,260925,493425,37.95,3942000,3383250,323.95,2423325,171675
20-05-2025 15:07,24755.1,266625,492375,38.1,3958350,3369750,323.4,2421600,170175
20-05-2025 15:07,24752,258675,495000,37.9,3958125,3500475,325.15,2421000,171525
20-05-2025 15:08,24750.8,256875,496950,37.7,3928575,3544950,327,2422725,171075
20-05-2025 15:08,24753,263400,495900,37.95,3961575,3564150,322,2423700,171975
20-05-2025 15:08,24755,263400,492675,38.25,3981225,3504600,319.95,2417775,179850
20-05-2025 15:08,24755.2,264375,491175,37.9,3976650,3515025,322.9,2426400,178425
20-05-2025 15:08,24756.8,260100,491700,38.15,3939525,3526125,321.6,2420250,178650
20-05-2025 15:08,24759.3,260475,491625,38.3,3950475,3506100,322.5,2421300,181200
20-05-2025 15:09,24758,260475,491175,38.65,3997275,3471075,318.85,2420325,183525
20-05-2025 15:09,24764.9,262500,488475,39.05,4007025,3461250,317,2418300,184200
20-05-2025 15:09,24762.5,263475,477975,39.5,4019475,3458400,315.7,2409675,180000
20-05-2025 15:09,24759.9,266250,477525,39.3,4001550,3489975,316.3,2410950,185250
20-05-2025 15:09,24763,271050,476850,39.6,3970050,3494475,313.15,2414625,182025
20-05-2025 15:09,24770.8,263325,476475,40.05,3982200,3471150,312.5,2415300,182475
20-05-2025 15:10,24770.1,264375,478950,39.6,3998325,3468825,314.6,2415375,180750
20-05-2025 15:10,24762.8,261300,479850,39.4,3933675,3467625,315.6,2416425,178575
20-05-2025 15:10,24767.1,260625,480600,39.7,3940125,3450975,312.4,2415300,182400
20-05-2025 15:10,24769.1,263175,478200,39.6,3954000,3471900,311.85,2417700,184800
20-05-2025 15:10,24772,267000,477225,40.45,4002675,3442500,307.65,2414175,185775
20-05-2025 15:10,24772.9,269700,471000,40.1,3981675,3432750,309.4,2402475,185175
20-05-2025 15:11,24773.1,253650,471750,39.8,3938475,3471000,311,2404425,180750
20-05-2025 15:11,24774.3,254475,470175,40.25,3976275,3449775,309.35,2406675,186300
20-05-2025 15:11,24774.9,252525,462600,40,3952500,3440175,309.25,2403150,189300
20-05-2025 15:11,24776.8,252675,455550,40.45,3990075,3433125,306.75,2402475,187725
20-05-2025 15:11,24777.9,252750,453975,40.75,4012050,3395100,303.5,2402700,187350
20-05-2025 15:11,24779.9,259950,454725,40.8,4017900,3404550,302.3,2392425,183825
20-05-2025 15:12,24779,259500,453900,41,4004700,3401700,303.45,2390850,180675
20-05-2025 15:12,24782.6,255900,452175,41.1,4014300,3352275,302.3,2388450,180300
20-05-2025 15:12,24784,266175,450000,41.9,4046025,3343875,297,2392125,184050
20-05-2025 15:12,24784.1,281550,446250,42.15,4042050,3111225,298.65,2381250,183975
20-05-2025 15:12,24788,278625,445725,41.9,4041825,3163500,298.1,2385000,186000
20-05-2025 15:12,24788,274125,444750,42.35,4004550,3127725,298.85,2378925,182175
20-05-2025 15:13,24784.4,270525,453750,41.25,4026975,3173625,303.25,2402250,171900
20-05-2025 15:13,24784,254550,453900,41.25,3944100,3176550,304.05,2406675,171600
20-05-2025 15:13,24784.7,255150,457425,41.2,3923325,3201975,304,2406150,178725
20-05-2025 15:13,24781.8,254625,459000,40.95,3931125,3225000,305.5,2408100,174900
20-05-2025 15:13,24785,253950,455475,41.35,3950325,3149625,302.8,2381475,175950
20-05-2025 15:13,24785.1,254625,459225,41.05,3949875,3169125,304.3,2377875,180600
20-05-2025 15:14,24785,253950,457200,41.6,4038900,3145650,306,2382000,180300
20-05-2025 15:14,24776.8,254550,459975,41.65,3970800,3149550,306.6,2387025,178200
20-05-2025 15:14,24779,253275,457575,41.15,3983025,3168750,309.15,2391525,177750
20-05-2025 15:14,24779,256050,460125,41.7,3935775,3164925,307.4,2386200,174525
20-05-2025 15:14,24779.8,253425,458550,41.45,3980400,3177375,307.9,2386425,171825
20-05-2025 15:14,24779,252825,461550,41.45,3953175,3243525,310.1,2387025,166800
20-05-2025 15:15,24779,254025,459150,40.95,3955050,3214050,311.55,2386200,161025
20-05-2025 15:15,24775.8,253650,457725,40.6,3947025,3226650,311.35,2385825,163200
20-05-2025 15:15,24779.8,254325,456000,41.35,3953475,3211725,308.65,2379975,166425
20-05-2025 15:15,24779.8,254850,455925,41.85,3957225,3164025,307.2,2378025,166650
20-05-2025 15:15,24779.8,253575,465075,40.9,3958050,3224475,309.8,2392275,164550
20-05-2025 15:15,24779.8,254700,463725,41,3938100,3232575,308.2,2389725,163275
20-05-2025 15:16,24771.2,258375,457125,40.5,3947550,3253200,310.9,2389575,169875
20-05-2025 15:16,24773.2,262800,453300,41,3899325,3242475,307.35,2389800,168375
20-05-2025 15:16,24775.8,266925,451125,41.15,3912825,3204675,307.45,2385450,170100
20-05-2025 15:16,24777,265650,450000,41.1,3891525,3209625,306.3,2383350,172800
20-05-2025 15:16,24774.9,267075,451725,41,3881550,3218550,307.1,2384175,174375
20-05-2025 15:16,24774.7,261750,452625,40.55,3885375,3245250,309.2,2383275,171075
20-05-2025 15:17,24771,265875,454050,40.35,3899925,3257850,310.65,2389725,174675
20-05-2025 15:17,24775,264525,453825,40.3,3865050,3263400,310.35,2389050,167400
20-05-2025 15:17,24772.6,264000,449400,40.6,3893850,3239025,308.7,2389350,172275
20-05-2025 15:17,24773,265425,449475,40.85,3907950,3237825,307.9,2385525,174300
20-05-2025 15:17,24773.2,263475,450150,40.8,3905025,3218700,309.35,2387475,173550
20-05-2025 15:17,24774.1,260925,453075,40.2,3889725,3258000,309.95,2388975,169050
20-05-2025 15:18,24768.5,261300,453075,39.3,3853725,3298200,311.95,2392200,171825
20-05-2025 15:18,24767,260325,454200,38.85,3827100,3310950,313.9,2392200,160575
20-05-2025 15:18,24764.7,263100,454425,38.8,3826725,3302325,314.3,2393025,159300
20-05-2025 15:18,24764.8,259350,451050,38.5,3849150,3299025,314.65,2393700,158925
20-05-2025 15:18,24764.1,263250,451275,38.85,3842850,3295050,314.25,2392725,158325
20-05-2025 15:18,24765,262200,451575,39.35,3856500,3249900,315,2395875,158550
20-05-2025 15:19,24761.8,259050,455400,39.5,3860175,3232050,317.55,2392725,158250
20-05-2025 15:19,24762.9,265275,452700,39.9,3865050,3223200,316.05,2392650,155550
20-05-2025 15:19,24765.5,266025,451575,40,3870750,3223725,312.15,2391075,158550
20-05-2025 15:19,24766,263700,450300,39.85,3870750,3216375,313.1,2387625,162900
20-05-2025 15:19,24766,262425,449550,39.55,3858000,3236850,312.1,2387325,160275
20-05-2025 15:19,24769.3,267975,447750,39.75,3849975,3256500,308.9,2388375,163125
20-05-2025 15:20,24774.7,262650,444000,40.75,3878400,3210675,305.1,2382975,168225
20-05-2025 15:20,24777,258750,444900,40.85,3889275,3167175,304.15,2373525,166200
20-05-2025 15:20,24778,260250,444450,40.75,3901275,3168900,304.4,2378250,162450
20-05-2025 15:20,24777.4,256350,445950,40.5,3887025,3190350,306.35,2389200,159300
20-05-2025 15:20,24771,253575,447000,40,3866025,3207450,307.6,2392950,155175
20-05-2025 15:20,24775,256800,446700,40.2,3868050,3225075,306.8,2380125,156525
20-05-2025 15:21,24770.3,257025,450000,40.05,3882075,3211725,308.3,2386500,156675
20-05-2025 15:21,24770,259425,452250,39.8,3855600,3213450,308.4,2385600,147675
20-05-2025 15:21,24774.3,258600,450450,40.2,3877650,3236400,306.05,2379075,153375
20-05-2025 15:21,24773,261000,446400,40.25,3886125,3213975,305.3,2371950,154425
20-05-2025 15:21,24776,261525,445950,40.1,3876450,3239550,305.4,2372025,157350
20-05-2025 15:21,24772.5,260700,445950,40.4,3877050,3244500,305.75,2375475,158400
20-05-2025 15:22,24772.8,257625,449775,40,3886275,3258900,306.95,2374350,156750
20-05-2025 15:22,24772.8,262500,449775,40.45,3887400,3245325,306,2376375,150675
20-05-2025 15:22,24773,258750,449775,40.35,3883425,3227625,307,2372250,147975
20-05-2025 15:22,24772.3,262350,450225,40.05,3889275,3243225,308.8,2374800,147075
20-05-2025 15:22,24775,264450,450000,40.5,3892425,3240150,307.8,2374350,145650
20-05-2025 15:22,24772.3,262500,437250,40.5,3906450,3193575,309.2,2370900,148875
20-05-2025 15:23,24772,257625,437025,41.1,3928350,3177150,309.3,2373825,144225
20-05-2025 15:23,24770.3,258825,436950,41,3921600,3127425,309.6,2375325,148575
20-05-2025 15:23,24774,258525,437850,40.95,3893025,3131850,309,2371575,144825
20-05-2025 15:23,24774.3,258525,438075,41.2,3893475,3119025,308.45,2371500,147750
20-05-2025 15:23,24774.3,256275,438075,41.9,3894675,3124125,310.05,2372850,141300
20-05-2025 15:23,24774,255225,437625,41.3,3896700,3117150,310.45,2376075,140625
20-05-2025 15:24,24772.9,250875,438075,41.3,3886800,3131400,312.4,2374950,146775
20-05-2025 15:24,24775,252600,437250,41.3,3892575,3106425,311.75,2372700,138225
20-05-2025 15:24,24775,259575,435525,41.4,3894300,3125925,309.65,2376825,141450
20-05-2025 15:24,24770,256425,436125,40.85,3885975,3104175,312.45,2374350,145725
20-05-2025 15:24,24772.8,254850,436725,41,3869400,3099750,311.15,2377350,137850
20-05-2025 15:24,24774.8,257475,434250,41.5,3883950,3074775,309.6,2371950,140700
20-05-2025 15:25,24772.7,258900,433725,41.35,1793850,3049725,308.05,1114200,144075
20-05-2025 15:25,24773.2,260400,433275,41.15,1791000,3038850,307.6,1116975,144450
20-05-2025 15:25,24775,258825,432525,41.3,1799025,3040650,307.1,1111425,142050
20-05-2025 15:25,24775,259725,431700,41.1,1786275,3050250,307.3,1112775,147075
20-05-2025 15:25,24779.6,266550,429525,41.2,1766700,3040875,304.35,1111425,147975
20-05-2025 15:25,24781,264300,426225,40.75,1759275,3066825,306.55,1106400,147450
20-05-2025 15:26,24781.4,261825,425250,40.85,1761975,3060750,306.3,1107600,144825
20-05-2025 15:26,24781.9,257700,429600,41.05,1756050,3038175,305.85,1121700,145050
20-05-2025 15:26,24782.5,252150,429600,41.05,1761900,3027975,305.25,1107975,144075
20-05-2025 15:26,24782.7,251025,426900,40.95,1297650,3027000,305.6,1107900,146625
20-05-2025 15:26,24783,250125,426900,41.05,1288350,3013500,305.25,1098300,136425
20-05-2025 15:26,24780.1,250500,431775,41.1,1276800,3039450,305.85,1097700,132300
20-05-2025 15:27,24780.1,253800,435750,40.9,1260000,3024975,305,1096800,132525
20-05-2025 15:27,24780,255975,438150,40.95,1260375,3006000,303.95,1097850,135825
20-05-2025 15:27,24783,257925,437325,40.9,1259250,3009450,302.25,1092300,131175
20-05-2025 15:27,24782,258075,441675,41,1272750,2963775,302.45,1091625,129375
20-05-2025 15:27,24782.3,262725,443475,41.05,1267125,2968050,302.2,1089075,129600
20-05-2025 15:27,24784,258450,439500,41.2,1263075,2948925,303.6,1090875,122925
20-05-2025 15:28,24781.2,257550,439275,41.45,1260150,2923800,303,1090050,117450
20-05-2025 15:28,24781.6,256125,436350,41.7,1259475,2909850,302.4,1087800,118950
20-05-2025 15:28,24781.7,255750,434400,41.85,1298025,2875200,301.95,1092675,118950
20-05-2025 15:28,24780.4,251700,433425,41.75,1286475,2813550,302.65,1092600,109200
20-05-2025 15:28,24782,253350,431925,41.85,1282200,2829600,301.8,1091400,107325
20-05-2025 15:28,24782,248775,427050,41.8,1281525,2822400,302.35,1089450,110325
20-05-2025 15:29,24780.2,247950,423300,41.65,1260975,2805525,301.7,1088475,103125
20-05-2025 15:29,24780,245175,419475,41.05,1234200,2808150,302,1087200,95475
20-05-2025 15:29,24779.8,240825,412350,41.1,1196925,2783550,301.75,1084800,97200
20-05-2025 15:29,24780,236925,406275,41.5,541725,2762925,301.2,232425,92700
20-05-2025 15:29,24781,230175,399375,41.3,558075,2737875,301.95,240600,91125
20-05-2025 15:29,24782,218850,391050,41.4,543525,2726775,302.65,232200,85650
