last_traded_time,ltp,tot_buy_qty,tot_sell_qty,ltp,tot_buy_qty,tot_sell_qty,ltp,tot_buy_qty,tot_sell_qty
16-04-2025 09:16,23300.6,274425,337500,51.1,4645350,728925,84.35,5239275,1041750
16-04-2025 09:16,23299,271575,343875,48.95,4719075,780675,87.95,5292600,1047000
16-04-2025 09:16,23298,266175,351000,50.2,4759800,814650,85.65,5344650,1047150
16-04-2025 09:17,23306.9,273225,346500,53.05,4853025,802500,84.05,5258175,1082625
16-04-2025 09:17,23306.4,276675,337875,53.4,4917600,836925,84.5,5223900,1111125
16-04-2025 09:17,23305.2,283125,351375,52.35,4954875,885150,85.4,5293725,1133850
16-04-2025 09:17,23306.9,281850,355125,52.5,5010675,922425,82.9,5310300,1196700
16-04-2025 09:17,23306.3,281700,350850,53.2,5034750,971025,82.45,5320275,1214100
16-04-2025 09:17,23301.2,281025,356925,49.15,5029275,1033275,87.2,5379075,1221600
16-04-2025 09:18,23298,276975,356175,51.15,4992150,1023525,86.8,5386425,1150725
16-04-2025 09:18,23295,280950,353550,49.9,5079975,1068825,88.2,5438400,1150650
16-04-2025 09:18,23299,278025,351000,49.9,5142225,1074525,88.8,5417775,1208550
16-04-2025 09:18,23294.1,279150,356250,48.55,6140775,1093350,88.3,6088050,1250025
16-04-2025 09:18,23295,280200,353550,48.05,6111525,1076550,88.6,6099825,1301325
16-04-2025 09:18,23294.3,284775,355875,46.55,6084225,1113675,88.15,6112200,1317900
16-04-2025 09:19,23297.5,287850,352350,48.65,6179250,1115250,83.95,6123750,1314750
16-04-2025 09:19,23298.4,291150,345975,48.9,6239175,1138950,82.3,5978175,1356075
16-04-2025 09:19,23300,292575,353700,49.2,6253125,1156950,82.5,5995800,1374525
16-04-2025 09:19,23295.6,295650,353550,47.8,6265050,1203300,84.8,6045300,1395525
16-04-2025 09:19,23292.1,289275,357450,46.7,6226725,1237500,88.75,6167625,1361175
16-04-2025 09:19,23294.1,293325,353625,46.85,6229425,1243275,87.6,6183450,1321350
16-04-2025 09:20,23299,300750,353325,48.6,2720325,1237725,87.2,6171150,1363350
16-04-2025 09:20,23302,302550,352875,50.35,1517700,1222800,86.45,1344750,1409175
16-04-2025 09:20,23307.9,311400,350475,54.3,1575150,1159650,82.4,1307250,1454625
16-04-2025 09:20,23303.2,312225,357825,51.85,1576875,1134075,84.6,1299000,1503750
16-04-2025 09:20,23308.8,313575,358050,53.7,1619325,1150575,82.2,1317825,1520025
16-04-2025 09:20,23302,317775,362700,51.8,1641600,1237200,84.3,1313625,1551375
16-04-2025 09:21,23301.6,316425,360150,52.05,1604400,1269750,81.65,1362450,1543050
16-04-2025 09:21,23310,320550,354375,53.25,1641675,1271025,79.65,1325250,1580400
16-04-2025 09:21,23312.3,330825,362400,54.2,1700625,1309275,78.65,1171950,1586100
16-04-2025 09:21,23309.9,330225,363000,52.55,1708275,1275150,80.85,1185975,1609650
16-04-2025 09:21,23309,331050,368400,52.5,1696575,1329225,81,1242375,1631475
16-04-2025 09:21,23310,330975,359100,52.5,1779225,1328250,78.7,1244250,1663575
16-04-2025 09:22,23310.9,329475,361950,53.05,1780950,1335675,78.4,1308975,1695825
16-04-2025 09:22,23309.4,327225,365700,51,1838550,1379250,81.3,1350825,1696650
16-04-2025 09:22,23312.4,333975,365850,53.05,1818150,1382250,78.85,1343175,1702125
16-04-2025 09:22,23311.5,333375,369975,52.8,1822275,1433475,77.95,1355700,1747650
16-04-2025 09:22,23315,335850,367725,53.5,1876800,1428450,76.9,1327275,1764600
16-04-2025 09:22,23315,336450,369375,52.75,1879425,1415250,77.55,1311675,1755375
16-04-2025 09:23,23313,332550,370575,52.3,1816125,1454850,77.55,1336275,1756425
16-04-2025 09:23,23313,337950,370125,51.75,1877775,1466325,78.25,1342950,1762650
16-04-2025 09:23,23314.2,339300,366975,52.4,1868775,1483125,77.4,1361475,1773450
16-04-2025 09:23,23317.9,339750,366375,53.6,1906275,1491375,73.05,1355700,1795200
16-04-2025 09:23,23320,340725,362175,56.25,1958775,1397325,74.05,1109025,1781475
16-04-2025 09:23,23322.8,337050,363150,56.5,1962225,1229850,72.95,1172175,1789125
16-04-2025 09:24,23324.3,335325,360675,56.85,1995975,1241325,71.55,1134675,1823100
16-04-2025 09:24,23318.2,333750,364050,55.65,1983675,1341825,72.55,1190625,1796250
16-04-2025 09:24,23322.3,332925,360750,56.3,1959825,1329600,71.9,1180125,1824300
16-04-2025 09:24,23323.4,333825,367650,55.25,1975275,1389300,72.65,1237650,1842825
16-04-2025 09:24,23321.7,332400,366300,53.7,1980450,1424100,73.35,1281750,1855350
16-04-2025 09:24,23321.4,332175,366300,54.6,2010300,1419900,73,1296450,1858650
16-04-2025 09:25,23322,328950,372000,54.3,1991325,1417425,74,1382100,1854675
16-04-2025 09:25,23320,331200,371175,55.1,2040000,1457025,72.95,1387725,1867125
16-04-2025 09:25,23321.1,330225,375375,54.25,2038500,1457625,73.9,1412700,1872600
16-04-2025 09:25,23320,327450,387900,54.8,1998075,1496400,74.2,1473975,1835250
16-04-2025 09:25,23319.9,331350,378075,54.2,1945950,1435500,73.75,1342875,1854450
16-04-2025 09:25,23323.9,332700,380475,55,1984050,1441800,72.05,1358400,1883025
16-04-2025 09:26,23317.4,330600,386175,52.75,1981500,1510800,73.8,1351050,1882425
16-04-2025 09:26,23320,332550,384825,53.45,1958175,1522500,73.1,1384050,1931100
16-04-2025 09:26,23319.9,332775,380475,54.65,2028900,1516125,71.75,1442400,1960275
16-04-2025 09:26,23326.6,335775,376425,55.8,2046600,1516200,70,1426875,1988925
16-04-2025 09:26,23323.6,333600,377625,54.4,2067300,1515300,71.5,1309800,1988850
16-04-2025 09:26,23324,336300,376650,55.45,2061975,1520475,69.5,1329000,2014875
16-04-2025 09:27,23325.9,331650,378525,56.65,2075025,1528575,70.75,1249725,2021625
16-04-2025 09:27,23329.9,331800,371775,59.65,2093700,1402725,67.7,1253325,2036700
16-04-2025 09:27,23330,331725,368850,59.8,2057775,1243875,67.5,1160700,2036475
16-04-2025 09:27,23330.5,334950,372825,58.45,2099925,1319025,67.35,1217325,2026275
16-04-2025 09:27,23330.7,334950,372450,59.8,2164200,1342350,67.2,1274100,2034675
16-04-2025 09:27,23333,336150,374250,59.95,2216550,1346250,65.85,1295625,2067900
16-04-2025 09:28,23338.1,336525,369600,62.55,2276550,1382100,64.55,1267950,2098125
16-04-2025 09:28,23343.5,335100,362550,66.6,2294925,1233675,62.85,1087725,2114700
16-04-2025 09:28,23349,339225,365700,68.85,2325675,1138200,61.8,1091925,2118150
16-04-2025 09:28,23353.8,340200,360675,72.55,2344125,1024575,60,1025925,2124150
16-04-2025 09:28,23352,341400,371175,71.2,2290800,1076925,61.6,993150,2084700
16-04-2025 09:28,23348.5,334650,381300,69.3,2130900,1183425,61.7,1128900,2057250
16-04-2025 09:29,23344.4,350250,390375,67.75,1985175,1225800,61.6,1200075,2098425
16-04-2025 09:29,23345,347850,394950,68.35,1915200,1262850,62.05,1318200,2097150
16-04-2025 09:29,23347,350475,390525,67.8,1915650,1280325,62.1,1276575,2110725
16-04-2025 09:29,23348.1,350400,392100,69.05,2020350,1331325,61.05,1282650,2179425
16-04-2025 09:29,23350,352125,390600,71.45,2080125,1350975,60.1,1254975,2200725
16-04-2025 09:29,23343.5,352950,392775,68.5,2101725,1383300,61.7,1330800,2206725
16-04-2025 09:30,23347.5,353475,390450,70.8,2099025,1419975,61,1341000,2181450
16-04-2025 09:30,23347.6,351075,394950,69.1,2070000,1521150,61.05,1333275,2183550
16-04-2025 09:30,23348.3,350550,384900,69.3,2088900,1486950,60.6,1336050,2219700
16-04-2025 09:30,23346.1,351900,381525,67.6,2094975,1463025,60.7,1220400,2255700
16-04-2025 09:30,23344,346950,387450,66.7,1983300,1524300,61,1333800,2227725
16-04-2025 09:30,23343.1,344925,384375,66.9,1968600,1544325,61.45,1397625,2226525
16-04-2025 09:31,23345.9,349875,383925,66.95,1989300,1563075,61.05,1386900,2216700
16-04-2025 09:31,23340.8,347550,386100,67,1995375,1579725,61.4,1413075,2228400
16-04-2025 09:31,23341.2,348075,383325,67,1995525,1551000,61.5,1396275,2255250
16-04-2025 09:31,23347.5,349200,378900,70,2046000,1560225,58.95,1384875,2298525
16-04-2025 09:31,23347.4,351975,376575,69.9,2065350,1542675,58.55,1442325,2335725
16-04-2025 09:31,23346.1,350550,378600,69.7,2096175,1569075,57.9,1430550,2352525
16-04-2025 09:32,23348,351525,378225,70.2,2125050,1585425,58.25,1458075,2353425
16-04-2025 09:32,23347.2,354825,372450,71.25,2152575,1494975,57.45,1441350,2382225
16-04-2025 09:32,23345.6,349275,380850,69,2160450,1549575,59.25,1507275,2400900
16-04-2025 09:32,23349.7,352500,372450,72.3,2139450,1572525,58,1508400,2450925
16-04-2025 09:32,23350,352575,373425,72.35,2181975,1566450,56.75,1485900,2483850
16-04-2025 09:32,23350,355575,370950,74.5,2191725,1591800,56.4,1467300,2489775
16-04-2025 09:33,23354.8,358350,370275,75.2,2223525,1378200,55.55,1440825,2457225
16-04-2025 09:33,23351.5,349950,377925,70.7,2222250,1434075,58.8,1541100,2448075
16-04-2025 09:33,23346,352950,373500,70.55,2046375,1461525,58.8,1566750,2401050
16-04-2025 09:33,23352,351450,377775,69.75,2067000,1477125,58.95,1582350,2427900
16-04-2025 09:33,23349.4,356475,374925,73,2069850,1513125,57,1616025,2456100
16-04-2025 09:33,23352,351300,377625,74,2126850,1495650,57,1586100,2483550
16-04-2025 09:34,23352.4,351450,382050,73.75,2126850,1551150,57.2,1625925,2490375
16-04-2025 09:34,23350,350550,384075,70.8,2111775,1601925,58.7,1651875,2499975
16-04-2025 09:34,23348,350925,381225,69.85,2081550,1631100,58.65,1667325,2510250
16-04-2025 09:34,23345.3,351525,379200,70.1,2064450,1675500,58.35,1683825,2486625
16-04-2025 09:34,23348.1,349800,378075,72.2,2061750,1684200,57.5,1689600,2478825
16-04-2025 09:34,23347,350625,380775,70.3,2076750,1693950,60.05,1679475,2450550
16-04-2025 09:35,23345,350700,383550,70.2,2128425,1731825,60.2,1680600,2437425
16-04-2025 09:35,23349,348675,388200,71,2116800,1753200,60.1,1715325,2407650
16-04-2025 09:35,23345,349350,386850,70,2127150,1770750,60.4,1716600,2407125
16-04-2025 09:35,23347,349575,384750,69.75,2155575,1790250,61,1743375,2407575
16-04-2025 09:35,23347.9,349050,385800,70.1,2158425,1803600,60.8,1770075,2407875
16-04-2025 09:35,23346,349500,387675,69.45,2136825,1788075,60.9,1752900,2427675
16-04-2025 09:36,23342.1,348000,389775,68.9,2143350,1817100,61.9,1748325,2438850
16-04-2025 09:36,23341.6,346575,390975,66.3,2132625,1855575,64.6,1790025,2349975
16-04-2025 09:36,23337.3,346350,389325,67.05,1937475,1860375,63.75,1820475,2169300
16-04-2025 09:36,23342,350100,386700,68.8,1849200,1827675,62.65,1793700,2216400
16-04-2025 09:36,23344.3,353700,381450,70.45,1893000,1834800,60.9,1777275,2293725
16-04-2025 09:36,23349.9,352950,381825,73.1,1947450,1786050,59.95,1730025,2334750
16-04-2025 09:37,23353.9,354075,378750,76.35,1958775,1662750,58.25,1660200,2361450
16-04-2025 09:37,23350,350700,383400,72.95,1959375,1516650,61.65,1655400,2346525
16-04-2025 09:37,23349.6,355500,388425,72.4,1914225,1580250,61.85,1673775,2348025
16-04-2025 09:37,23349,351225,392625,71.75,1959600,1619475,62.35,1700625,2374275
16-04-2025 09:37,23349,358800,390000,73.15,2003775,1645275,61.15,1708650,2399850
16-04-2025 09:37,23355,356625,388275,75.9,2056875,1627125,61.1,1714800,2428800
16-04-2025 09:38,23355,358350,384675,81.25,2106150,1566825,59.85,1736250,2457300
16-04-2025 09:38,23357.3,357825,386925,80.15,2098350,1320750,59.25,1648350,2448675
16-04-2025 09:38,23358.7,356550,381675,79.65,2027400,1402800,59.7,1704375,2433000
16-04-2025 09:38,23357,356250,378300,81.8,2095125,1361850,58.6,1719975,2465775
16-04-2025 09:38,23368,358275,367275,85.1,2193675,1354350,58.4,1733475,2465850
16-04-2025 09:38,23364.1,356325,375900,85.75,2184450,1211700,57.8,1698600,2487000
16-04-2025 09:39,23364.8,355350,384075,84.45,2128500,1284375,58.7,1726200,2488200
16-04-2025 09:39,23368.5,358200,376875,84.15,2058075,1311675,58.2,1725900,2486100
16-04-2025 09:39,23362.4,355125,382050,80.25,2031000,1368750,59.7,1761525,2490600
16-04-2025 09:39,23364.6,354525,383925,81.95,1977375,1379250,58.8,1769550,2505750
16-04-2025 09:39,23364.4,355500,388650,80.45,2010075,1398675,59.1,1792350,2512125
16-04-2025 09:39,23360,356250,382125,81.05,2017050,1417200,58.6,1811850,2532900
16-04-2025 09:40,23363,357225,385650,80.95,1884750,1415775,58.4,1801950,2547300
16-04-2025 09:40,23363.6,354975,387300,80.55,1901100,1460925,58.15,1785600,2588025
16-04-2025 09:40,23358,351450,392025,78.55,1876725,1489650,59.65,1827525,2573100
16-04-2025 09:40,23358.4,351075,383475,81.45,1919250,1492200,58.4,1843350,2572425
16-04-2025 09:40,23360,350175,378000,81.4,1956900,1478325,58.75,1827150,2620275
16-04-2025 09:40,23359.7,352425,380400,81,1956375,1492650,58.95,1849200,2622600
16-04-2025 09:41,23359,349800,382125,82.3,1996125,1528650,58.4,1869825,2618925
16-04-2025 09:41,23359.4,351750,380400,82.55,2009625,1545825,58.8,1870800,2635125
16-04-2025 09:41,23358.9,354075,379275,83,2046975,1547775,58.65,1862400,2636475
16-04-2025 09:41,23359.6,351600,381150,82.4,2032725,1574100,58.6,1854225,2630325
16-04-2025 09:41,23363,353475,381825,82.8,2011050,1575450,58,1847925,2655750
16-04-2025 09:41,23356.5,356325,388725,82.55,1998300,1617375,57.75,1831950,2644125
16-04-2025 09:42,23359.5,357300,379800,83.4,1977600,1615875,57.4,1817025,2629500
16-04-2025 09:42,23364,355950,380325,84.6,2001900,1620675,56.35,1830450,2637825
16-04-2025 09:42,23365,356925,378675,85,2024925,1468125,55.9,1675200,2675550
16-04-2025 09:42,23365,356100,378075,85.4,2021175,1498800,56.35,1634325,2652450
16-04-2025 09:42,23372.3,359625,376800,88.9,2031000,1495275,53.6,1645575,2687775
16-04-2025 09:42,23375,356400,369075,94.4,2074725,1215150,52.1,1497825,2697300
16-04-2025 09:43,23380,355875,366675,95.1,2072625,1127100,53.15,1480425,2616000
16-04-2025 09:43,23377,360600,360450,96.8,2059800,1115325,53.2,1534050,2599050
16-04-2025 09:43,23376.2,359400,360975,97.55,2035350,1128000,53.15,1604100,2600175
16-04-2025 09:43,23380,359850,360000,99.55,2003625,1162500,53.1,1611525,2623725
16-04-2025 09:43,23380,358425,359850,96,2001450,1058400,54,1636800,2613525
16-04-2025 09:43,23374,357525,360225,96.2,1911150,1101750,54.35,1708875,2601525
16-04-2025 09:44,23376.4,358575,365775,94.2,1900275,1149975,54.8,1721400,2625150
16-04-2025 09:44,23377.1,366900,361650,96.9,1859400,1154550,54,1730400,2678850
16-04-2025 09:44,23379.5,366450,364275,97,1916775,1217700,53.45,1662825,2707875
16-04-2025 09:44,23377,369225,369975,95.8,1962825,1254450,53.65,1632525,2689950
16-04-2025 09:44,23377,371850,369000,95.3,1927200,1296975,53.75,1714350,2705475
16-04-2025 09:44,23381,371550,363825,98,1932900,1307025,52,1718325,2718225
16-04-2025 09:45,23383,373050,366375,97,1945650,1278825,52.65,1607700,2722875
16-04-2025 09:45,23376.4,374625,370050,96.6,1942800,1316625,53,1656450,2699700
16-04-2025 09:45,23382,376275,366375,101.9,1964775,1321725,51.8,1666950,2707875
16-04-2025 09:45,23388.9,371625,363000,100.2,1976100,1151775,52.05,1656975,2713800
16-04-2025 09:45,23381.3,370875,370425,100.1,1973700,1178475,53.05,1703475,2708775
16-04-2025 09:45,23383,367950,384825,98.75,1953000,1224975,54.1,1780200,2649525
16-04-2025 09:46,23380.4,368100,382350,99.2,1912725,1279425,53.45,1769175,2624175
16-04-2025 09:46,23380,366225,380100,97.75,1916775,1334100,53.7,1784925,2612025
16-04-2025 09:46,23384.6,365550,380625,97.85,1917075,1330500,53.3,1780875,2629425
16-04-2025 09:46,23380,367650,386100,96.8,1924725,1350525,53.85,1788075,2604600
16-04-2025 09:46,23380,366300,383625,97.15,1909200,1373250,53.5,1815450,2614500
16-04-2025 09:46,23383.6,360300,383625,97.2,1911600,1408650,53.75,1854450,2603775
16-04-2025 09:47,23378.5,360225,375450,98.45,1928400,1395000,53.95,1877925,2619075
16-04-2025 09:47,23384,363075,376875,98.55,1940100,1390575,53.75,1894125,2576325
16-04-2025 09:47,23379.5,360150,382425,96.65,1927500,1409175,54.35,1907850,2583000
16-04-2025 09:47,23375.6,360225,385200,94.9,1910775,1424475,55.25,1933125,2565975
16-04-2025 09:47,23374.3,357900,385425,93.75,1807050,1441650,55.65,1953825,2476875
16-04-2025 09:47,23369.9,359025,383175,92.5,1791525,1431300,56.2,1966050,2472675
16-04-2025 09:48,23374,364200,381075,94.85,1844100,1432200,55.3,1938525,2529975
16-04-2025 09:48,23371,362250,383475,92.85,1858425,1423350,56.45,1886775,2543100
16-04-2025 09:48,23365.6,359775,384450,91.15,1827900,1444500,57,1939125,2508825
16-04-2025 09:48,23367.4,356475,387525,89.5,1793175,1456950,57.75,1943850,2504625
16-04-2025 09:48,23362.6,358650,384300,89.6,1694700,1462575,56.6,1945275,2521500
16-04-2025 09:48,23366,362925,381900,91.1,1663275,1445775,55.9,1911075,2555250
16-04-2025 09:49,23367,361650,381825,89.25,1682025,1488000,56.35,1865625,2559750
16-04-2025 09:49,23368,360975,384375,88.05,1686525,1520925,56.7,1887225,2594175
16-04-2025 09:49,23360.9,361725,387150,86.6,1683975,1518525,57,1928925,2602125
16-04-2025 09:49,23364.3,365175,385500,88.7,1678050,1493625,56.1,1925325,2586000
16-04-2025 09:49,23368,362775,388875,89.2,1712400,1539150,55.45,1921425,2620200
16-04-2025 09:49,23369.1,363600,390150,88.3,1720575,1533075,55.85,1910925,2642400
16-04-2025 09:50,23362.3,362325,391650,85.3,1708350,1561350,55.6,1924200,2616525
16-04-2025 09:50,23362,362850,393675,85.45,1666800,1559475,56.05,1898325,2647275
16-04-2025 09:50,23360.7,362025,391575,85.8,1609800,1574475,56.2,1934325,2628150
16-04-2025 09:50,23365,362250,383700,88.85,1659975,1564275,55.2,1919550,2654325
16-04-2025 09:50,23369,362850,387675,91.1,1699950,1543425,54,1887750,2664300
16-04-2025 09:50,23365.1,363900,385500,89.2,1707750,1598475,54.8,1858500,2677725
16-04-2025 09:51,23369.6,363375,383625,88.3,1722375,1620000,54.8,1878375,2659350
16-04-2025 09:51,23370.5,365775,383475,90.5,1752750,1627200,53.3,1869975,2701800
16-04-2025 09:51,23369.2,366375,382950,90.7,1779825,1604325,53.5,1815450,2707725
16-04-2025 09:51,23373,369450,382725,91.75,1814025,1600950,52.95,1820100,2708775
16-04-2025 09:51,23375,370650,380700,92.6,1844325,1557375,52.4,1850250,2714625
16-04-2025 09:51,23370.1,370650,385200,91.3,1849350,1569675,53.1,1811550,2750100
16-04-2025 09:52,23371.1,366300,387825,89.2,1838400,1584075,54.5,1884075,2714100
16-04-2025 09:52,23374.9,371100,390750,89.9,1766700,1587825,54.3,1889850,2689125
16-04-2025 09:52,23370,371250,389250,90.45,1788900,1601475,54.35,1894875,2712525
16-04-2025 09:52,23372,372225,385200,89.8,1821675,1616025,54.4,1902150,2751075
16-04-2025 09:52,23369.1,374400,385725,91.9,1834875,1630875,53.3,1900800,2763150
16-04-2025 09:52,23372.6,373125,382950,93.45,1851600,1605975,52.15,1864875,2781075
16-04-2025 09:53,23372.8,373200,384000,93.05,1854600,1588275,52.2,1848750,2768550
16-04-2025 09:53,23372.3,374325,384750,92.3,1851600,1619325,52.7,1894500,2746275
16-04-2025 09:53,23375.1,374475,384675,92.9,1872600,1634025,52.65,1902525,2781000
16-04-2025 09:53,23375.1,373725,389325,92,1884900,1616175,53,1885575,2786550
16-04-2025 09:53,23375.2,370425,392475,90.6,1860600,1636200,53.2,1938675,2754975
16-04-2025 09:53,23375,370425,390450,92.25,1833075,1675275,52.5,1970325,2780025
16-04-2025 09:54,23379.8,374625,387900,94,1853175,1640475,51.2,1913850,2802000
16-04-2025 09:54,23380,374175,387675,93.9,1866375,1636500,51.5,1905150,2791425
16-04-2025 09:54,23382,374250,388275,95.15,1896000,1576050,51,1849575,2798625
16-04-2025 09:54,23380,371850,392775,94.15,1904175,1650900,51.55,1890900,2791650
16-04-2025 09:54,23376.1,369675,391425,92.45,1830825,1687800,52.2,1933800,2754825
16-04-2025 09:54,23375.5,368625,392100,92.05,1803000,1716600,52.05,1946625,2769450
16-04-2025 09:55,23375.4,370575,389850,91.25,1801275,1726650,52.75,1976625,2769375
16-04-2025 09:55,23375,370350,390225,90.3,1792050,1734225,53.1,2017800,2754975
16-04-2025 09:55,23376,368850,391800,89.9,1752450,1750500,53.5,2007675,2729850
16-04-2025 09:55,23372,368175,394500,89,1752825,1766850,53.5,2000775,2769150
16-04-2025 09:55,23376,369300,394800,88.5,1739250,1772250,53.8,1995375,2764650
16-04-2025 09:55,23375,369825,392550,90.8,1748100,1753500,52.9,2013975,2763975
16-04-2025 09:56,23374.3,370575,393000,88.75,1761675,1756125,54.2,1995750,2779425
16-04-2025 09:56,23374,372150,392550,90.1,1803000,1753500,53.6,1987725,2778675
16-04-2025 09:56,23370.6,373125,395700,90.5,1832100,1749450,53.05,2004375,2780475
16-04-2025 09:56,23370.2,373125,393075,90,1830825,1774725,53.05,2008050,2802075
16-04-2025 09:56,23371.4,374325,393450,89.7,1836750,1779300,53.3,2055300,2813550
16-04-2025 09:56,23376,378000,588975,93.3,1857000,1766775,51.5,2004450,2834925
16-04-2025 09:57,23376,377400,589050,93.2,1857375,1717200,51.45,1948500,2843475
16-04-2025 09:57,23378,375600,586200,92.6,1865400,1725375,50.85,1998150,2868900
16-04-2025 09:57,23379.9,379350,581400,95.5,1893075,1663650,49.75,1653375,2946450
16-04-2025 09:57,23379.9,375750,585300,94.25,1880100,1616775,50.1,1697400,2854125
16-04-2025 09:57,23384,375975,586200,97.95,1906725,1640475,48.1,1736700,2894550
16-04-2025 09:57,23384,378375,583650,98.1,1906875,1544475,47.75,1587600,2900625
16-04-2025 09:58,23385,379200,581625,97.95,1918650,1570500,47.2,1577175,2915250
16-04-2025 09:58,23386.2,378675,578325,98.7,1931400,1606425,47.05,1614300,2924250
16-04-2025 09:58,23387.1,380175,576975,98.3,1950225,1596525,47.8,1641900,2903625
16-04-2025 09:58,23385,377325,581325,95.05,1920750,1624125,49.35,1693050,2859600
16-04-2025 09:58,23385,379350,584175,93.1,1821975,1642950,49.65,1738425,2833350
16-04-2025 09:58,23380.1,376950,588600,91.65,1796250,1669500,50.55,1771500,2830050
16-04-2025 09:59,23375.1,367500,591450,86.4,1661475,1682100,52.65,1773300,2712225
16-04-2025 09:59,23365.2,370275,588900,82,1585125,1688775,53.4,1736100,2734650
16-04-2025 09:59,23365.1,378225,584400,83.65,1530450,1682025,53.6,1756650,2701125
16-04-2025 09:59,23370,378825,589500,84.25,1560825,1703700,53.4,1764150,2679675
16-04-2025 09:59,23365.5,375750,587475,83.1,1612575,1705875,53.7,1735275,2705250
16-04-2025 09:59,23368.6,377250,589425,83.8,1628550,1731450,52.85,1750275,2741550
16-04-2025 10:00,23373.5,380175,587100,85.65,1682250,1709325,51.85,1723950,2771325
16-04-2025 10:00,23374.4,379500,586650,85.6,1706925,1718175,52.75,1741425,2760900
16-04-2025 10:00,23370.1,380100,589350,86.1,1712550,1743000,52.3,1743375,2755575
16-04-2025 10:00,23371.5,378450,594600,83.7,1697325,1774275,53.4,1757850,2788200
16-04-2025 10:00,23373.2,381525,588450,85,1679625,1797075,52.35,1767000,2810100
16-04-2025 10:00,23371.3,383025,585300,86,1729575,1788525,51.6,1743750,2872650
16-04-2025 10:01,23368.2,378750,593700,82.75,1741650,1803675,53.4,1804800,2869500
16-04-2025 10:01,23366,375900,595500,80.8,1591200,1815825,54.3,1830225,2759325
16-04-2025 10:01,23370.2,376350,595650,81.75,1475850,1814625,53.75,1811925,2766750
16-04-2025 10:01,23367.7,376800,594150,83.25,1547175,1837050,53.2,1838400,2780100
16-04-2025 10:01,23371.6,384750,592950,84.7,1570725,1834875,52.1,1808925,2809350
16-04-2025 10:01,23374,385350,592200,88.3,1623150,1806825,49.85,1783275,2893650
16-04-2025 10:02,23375,374925,592350,87.6,1618275,1762275,50.75,1746900,2841975
16-04-2025 10:02,23381,375750,590100,88.4,1663125,1763325,50.8,1782600,2875800
16-04-2025 10:02,23383.7,377100,586050,89.85,1703700,1735725,49.45,1756875,2959350
16-04-2025 10:02,23380,377325,590850,91.05,1727700,1733175,48.9,1727025,2966475
16-04-2025 10:02,23381.6,374175,588975,90.55,1728900,1789125,49.5,1779600,2960100
16-04-2025 10:02,23381.8,374550,590025,89,1699275,1814025,50.2,1855050,2955150
16-04-2025 10:03,23380.9,374175,592350,88.1,1662525,1843725,51.15,1893225,2939700
16-04-2025 10:03,23380.6,374550,591600,89.3,1653450,1866600,50.9,1904250,2944350
16-04-2025 10:03,23380.6,374925,591675,90.1,1681500,1869375,50.55,1935450,2962275
16-04-2025 10:03,23378.3,376125,591150,90.5,1711275,1845900,50.75,1931550,2966475
16-04-2025 10:03,23379.6,374025,595050,88.5,1715700,1866525,51.7,1947300,2952525
16-04-2025 10:03,23378.5,372075,592200,87.3,1689075,1882575,52.3,1946850,2911500
16-04-2025 10:04,23375.8,375300,594300,88.3,1676625,1895025,52.05,1937775,2934375
16-04-2025 10:04,23380,375825,594000,88.35,1730475,1888350,52.2,1920150,2945400
16-04-2025 10:04,23380,376575,590925,89.85,1748025,1896300,51.45,1924200,2976150
16-04-2025 10:04,23381.9,375150,593550,90.2,1768350,1899600,51.7,1937925,2973675
16-04-2025 10:04,23380,375000,593250,89.5,1767525,1914150,51.55,1968075,2975850
16-04-2025 10:04,23380,373725,589050,90.45,1784700,1918800,51.05,1948800,2970675
16-04-2025 10:05,23383.8,374550,588750,90.6,1812375,1926900,51.1,1952400,2991225
16-04-2025 10:05,23383.8,375750,588675,91,1825650,1927125,51.15,1963275,2980350
16-04-2025 10:05,23380.7,376650,591150,91.25,1832775,1906200,50.95,1978125,2996325
16-04-2025 10:05,23380.1,373800,595350,89.5,1812900,1933650,51.75,1987875,2990400
16-04-2025 10:05,23377,374925,595050,88.4,1796475,1951275,52.4,2012475,2915100
16-04-2025 10:05,23372,371250,596925,87.1,1761600,1967775,53.05,2012625,2910225
16-04-2025 10:06,23380,379800,595950,89.1,1738050,1965825,52.1,1989150,2867250
16-04-2025 10:06,23380,375975,595500,89,1777500,1985625,52.55,1990725,2866350
16-04-2025 10:06,23380,374850,595200,89.2,1828050,2005500,52.3,2004825,2908875
16-04-2025 10:06,23376.5,373125,599775,87.35,1827825,2027250,53.5,2030475,2893575
16-04-2025 10:06,23377.1,377775,597675,88.45,1833525,2031525,52.8,2036625,2889000
16-04-2025 10:06,23371.1,379125,598875,85.15,1850400,2053050,54.8,2017800,2894850
16-04-2025 10:07,23373.9,374400,597525,84.6,1835325,2057325,55.3,2024025,2847750
16-04-2025 10:07,23373.5,378600,596250,86.5,1789350,2050500,54.5,1994325,2782875
16-04-2025 10:07,23371.1,378300,596250,84.8,1829325,2077725,55.35,2004825,2790075
16-04-2025 10:07,23374,375000,595800,84.35,1852125,2096325,55.2,2004450,2754450
16-04-2025 10:07,23371.1,375225,597825,84.4,1871175,2084700,54.9,1982400,2786325
16-04-2025 10:07,23371.3,375900,596625,84.15,1886175,2098425,55.05,1967475,2789775
16-04-2025 10:08,23372.7,379875,595050,86.4,1900725,2093325,53.85,1953300,2798475
16-04-2025 10:08,23375,378150,596025,87,1932900,2068200,53.65,1947225,2829075
16-04-2025 10:08,23376.4,375750,597750,87.5,1948950,2080425,54.05,1955175,2818575
16-04-2025 10:08,23375.6,373950,599775,86.05,1948725,2096250,55.2,1968825,2800725
16-04-2025 10:08,23369,374475,603450,84.3,1919100,2117700,56.3,1981350,2790825
16-04-2025 10:08,23372.4,372900,605775,83.6,1914825,2132250,56.85,1986750,2703075
16-04-2025 10:09,23370,374325,600900,83.75,1899675,2133750,56.1,1957875,2728050
16-04-2025 10:09,23366.7,373200,598425,84.1,1926300,2145000,56.15,1957125,2746050
16-04-2025 10:09,23374,376950,597825,86.55,1973475,2134200,54.8,1941375,2753400
16-04-2025 10:09,23370.6,377775,601725,86.15,1986375,2126550,54.95,1933125,2761875
16-04-2025 10:09,23369,373875,602925,83.5,1978875,2160750,56.5,1974975,2774250
16-04-2025 10:09,23369,374175,605025,82.15,1959375,2163900,57,2005275,2760075
16-04-2025 10:10,23370.6,377325,599025,83.6,1917825,2159175,56.05,1992525,2739675
16-04-2025 10:10,23369.1,374775,606825,82.6,1927350,2169600,56.45,2006325,2762175
16-04-2025 10:10,23369.6,375675,604725,83.55,1939500,2175150,55.7,1991625,2812800
16-04-2025 10:10,23369.6,374325,604650,82.45,1941750,2187675,56.25,2007975,2815275
16-04-2025 10:10,23366,373875,605475,80.15,1903575,2190675,57.5,2023350,2787675
16-04-2025 10:10,23365,371700,607125,78.9,1672875,2216850,58,2037075,2742000
16-04-2025 10:11,23365,375600,603375,80.4,1675200,2186775,56.5,2025600,2729700
16-04-2025 10:11,23367.9,374925,601350,81.85,1735275,2181225,56.1,2007675,2731575
16-04-2025 10:11,23367.5,376725,599400,82.95,1787700,2164050,55.55,2011050,2775675
16-04-2025 10:11,23368,373950,606225,80.45,1801875,2171475,57.2,2011275,2786700
16-04-2025 10:11,23370.9,374100,601050,82.5,1781700,2189175,56,2003400,2802900
16-04-2025 10:11,23371,373875,604575,82.75,1807350,2202975,55.7,2005875,2850750
16-04-2025 10:12,23370,374250,601125,83.9,1835400,2181000,54.35,1985850,2891325
16-04-2025 10:12,23370,374550,602550,83.6,1814250,2170275,55.25,1896075,2853375
16-04-2025 10:12,23370,373425,602325,83.25,1814100,2215650,55.9,1932750,2823450
16-04-2025 10:12,23370,373050,611700,82.2,1782600,2250900,56.4,1959075,2816775
16-04-2025 10:12,23369.7,375750,606225,84,1803450,2240025,55.25,1941600,2839275
16-04-2025 10:12,23369.5,377175,600000,84.3,1831725,2222475,54.7,1919400,2862000
16-04-2025 10:13,23370.8,392775,601425,84.2,1838475,2214225,55.15,1949100,2865000
16-04-2025 10:13,23373,392400,606225,84.1,1836975,2231100,55.3,1973775,2893875
16-04-2025 10:13,23371,392175,601575,84.1,1858050,2226225,55.15,1965225,2911575
16-04-2025 10:13,23371.2,390825,602400,82.7,1860675,2257875,56.4,2019675,2914800
16-04-2025 10:13,23369.6,390900,604950,83,1829100,2264625,56.05,2022300,2897175
16-04-2025 10:13,23371.6,392625,600450,84.5,1857825,2242725,54.8,1985175,2942700
16-04-2025 10:14,23371.6,393225,606075,83.65,1877700,2238675,55.5,1962000,2964525
16-04-2025 10:14,23365.4,389700,607275,81.65,1864275,2252700,56.65,2018550,2923725
16-04-2025 10:14,23366.7,393000,605250,81.55,1875375,2274675,56.65,2023800,2885400
16-04-2025 10:14,23365.1,395250,606150,81.9,1872750,2284200,56.8,2046225,2894400
16-04-2025 10:14,23367.2,393675,600675,82.4,1878900,2279400,56.65,2033250,2882475
16-04-2025 10:14,23369,393525,602250,82.2,1895025,2287125,56.8,2051925,2911725
16-04-2025 10:15,23369.8,393450,607950,81.55,1888275,2312925,56.95,2051400,2901900
16-04-2025 10:15,23369,394275,606750,83,1898325,2324025,56.05,2066625,2871675
16-04-2025 10:15,23367,394200,604875,81.9,1906275,2283300,57.1,2026200,2870850
16-04-2025 10:15,23365,391950,609675,79.7,1889625,2302650,58.35,2056800,2827800
16-04-2025 10:15,23363.1,419550,607725,80.7,1789200,2278125,57.75,2023275,2715375
16-04-2025 10:15,23356,392550,611625,75.5,1791750,2317050,62.25,2067300,2689575
16-04-2025 10:16,23359.9,389175,602250,78,1662750,2324925,60.15,2053950,2480850
16-04-2025 10:16,23357.5,417600,604050,78.6,1699425,2275200,59.75,2041875,2549475
16-04-2025 10:16,23357.2,417675,605550,77.2,1701900,2276400,60.7,2098800,2562225
16-04-2025 10:16,23360,419175,606750,76.75,1697325,2305050,61.1,2167800,2550450
16-04-2025 10:16,23358,419850,607500,77.2,1730325,2299725,60.55,2151750,2594400
16-04-2025 10:16,23358.1,417225,606975,75.4,1740225,2323125,61.35,2173275,2594475
16-04-2025 10:17,23351.9,416925,610950,74.45,1641975,2273250,62,2168700,2589225
16-04-2025 10:17,23354.6,419550,609075,72.5,1609050,2297475,63.95,2191500,2586075
16-04-2025 10:17,23350,409650,610800,70.55,1521300,2284275,65.6,2219625,2389200
16-04-2025 10:17,23338.2,404400,612450,69.3,1346175,2274300,69.75,2219175,1983600
16-04-2025 10:17,23340.4,397050,612975,66.95,1336575,2324775,72.05,2188575,2015175
16-04-2025 10:17,23340.9,402750,609450,66.05,1316775,2322075,71.35,2210775,1903950
16-04-2025 10:18,23335.1,403800,615000,65.2,1279350,2293050,71.9,2198175,1927950
16-04-2025 10:18,23338.4,405225,609450,65.35,1315350,2269500,71.05,2193525,1970400
16-04-2025 10:18,23336.7,410925,607725,66.55,1422075,2242575,69.6,2151675,1989750
16-04-2025 10:18,23341.3,407925,608475,65.9,1453500,2271375,71,2077125,2024625
16-04-2025 10:18,23336.4,412875,609300,67.05,1546875,2275650,69.1,2061600,2084250
16-04-2025 10:18,23338.5,405075,612300,65.55,1521825,2305950,72.9,2163225,2075400
16-04-2025 10:19,23335,407625,619950,62.9,1432350,2374800,73.65,2180325,1959525
16-04-2025 10:19,23335,407025,619425,63.75,1355700,2346375,73.2,2209875,1993425
16-04-2025 10:19,23324,403800,619425,59.55,1395300,2330250,79.25,2267250,1927950
16-04-2025 10:19,23327.5,405075,619275,61.55,1265175,2314725,77.5,2259150,1734825
16-04-2025 10:19,23326.2,406725,616650,59.6,1315950,2327925,79.75,2247600,1820850
16-04-2025 10:19,23325,407175,618225,60,1367025,2333250,78.05,2252700,1827375
16-04-2025 10:20,23325,410100,617925,61.9,1576500,2347575,75.4,2190225,1958850
16-04-2025 10:20,23323,411075,621150,59.8,1649100,2329350,77.95,2201700,1979400
16-04-2025 10:20,23329.3,412725,617475,61.45,1660725,2346750,76.65,2155800,1968975
16-04-2025 10:20,23326.7,414975,618300,60.2,1670475,2401650,78.75,2211450,1975050
16-04-2025 10:20,23326.7,410550,617775,60.35,1644375,2398200,79,2227050,1940250
16-04-2025 10:20,23327.2,415725,617100,60.95,1747275,2429250,77.65,2230275,1905825
16-04-2025 10:21,23321,414450,616875,59,1781625,2454600,80.45,2228700,1916400
16-04-2025 10:21,23325,419175,619350,59.15,1790175,2470425,80.1,2249625,1910025
16-04-2025 10:21,23312.5,423600,621300,56.8,1802400,2540025,84.1,2277975,1915575
16-04-2025 10:21,23315,419025,615450,57.6,1687050,2494350,82.6,2271975,1735050
16-04-2025 10:21,23313.2,414525,615825,57.45,1694100,2530725,82.75,2277525,1768725
16-04-2025 10:21,23312.3,414900,616650,56.8,1724250,2536575,83.75,2282475,1758825
16-04-2025 10:22,23319.8,420000,610575,56.85,1625625,2562150,82.45,2298525,1794750
16-04-2025 10:22,23319.8,423150,611325,58.45,1739925,2529375,80.8,2227650,1855575
16-04-2025 10:22,23317.9,426375,615225,57.65,1739100,2500350,81.65,2158875,1882725
16-04-2025 10:22,23322.2,422025,612075,58,1788075,2527575,81.25,2098575,1935750
16-04-2025 10:22,23316.7,419100,618375,56.1,1791525,2604075,85.15,2117850,1950225
16-04-2025 10:22,23318.4,420900,611925,57.05,1792950,2601750,83,2044275,1840425
16-04-2025 10:23,23315.3,425700,607650,57.4,1851450,2568750,82.7,2031375,1904475
16-04-2025 10:23,23315.1,423900,618300,55.65,1847325,2635875,85.6,2097300,1900650
16-04-2025 10:23,23313,425325,618750,55.3,1793550,2660475,85.8,2122575,1818375
16-04-2025 10:23,23315,420000,622275,55.5,1701150,2637000,85.45,2096475,1746825
16-04-2025 10:23,23314.7,419250,620025,55.95,1721175,2661000,85,2120100,1815000
16-04-2025 10:23,23315.8,425250,624825,56.55,1782150,2642550,85.25,2087100,1876275
16-04-2025 10:24,23315,422100,612375,57.35,1848000,2605950,84.6,2048325,1907400
16-04-2025 10:24,23318.2,420900,617175,56.6,1857375,2680950,85.6,2102100,1904925
16-04-2025 10:24,23317.9,420225,617400,57,1861875,2659575,86.5,2128125,1889325
16-04-2025 10:24,23312.6,420975,618525,56.2,1872225,2672025,87.25,2153925,1878150
16-04-2025 10:24,23310,419625,616650,56.9,1872225,2684250,87.4,2157750,1833300
16-04-2025 10:24,23306.1,414975,614025,56,1887525,2695275,89,2152650,1817100
16-04-2025 10:25,23308,418875,612750,56.8,1947375,2707725,88,2146800,1875525
16-04-2025 10:25,23310,419175,617025,56.85,1952700,2666850,87.55,2157825,1893900
16-04-2025 10:25,23310,419775,616950,57.5,1986975,2643150,86.2,2123250,1922325
16-04-2025 10:25,23316,421575,614925,57.55,2043150,2647200,86,2094375,1967925
16-04-2025 10:25,23310.1,420750,612525,57.55,2103525,2626500,86.4,2057175,1939425
16-04-2025 10:25,23315.9,422775,612825,58.45,2118900,2673375,85.9,2013525,1935300
16-04-2025 10:26,23316.5,421950,613200,58.7,2119575,2708325,84.4,2043975,1946250
16-04-2025 10:26,23318.5,426225,619200,59.25,2126700,2652300,83.3,1980075,1965900
16-04-2025 10:26,23320.7,429525,617625,59.5,2104650,2655675,83.25,1978650,1962075
16-04-2025 10:26,23320.7,435375,615900,59.8,2116725,2658075,83.1,1983975,1964775
16-04-2025 10:26,23321,435075,621375,59.6,2147925,2697225,83,1990125,1956525
16-04-2025 10:26,23317.9,437100,616350,60.6,2169150,2622075,80.8,1953900,1961700
16-04-2025 10:27,23324,438600,611400,62.15,2213700,2607525,79,1915500,1960875
16-04-2025 10:27,23328.2,439725,614700,62.7,2204550,2476800,78.35,1729350,1956825
16-04-2025 10:27,23318.1,435450,617175,61.55,2215800,2560650,80.75,1714650,1923150
16-04-2025 10:27,23323.8,434625,613275,60.5,2167875,2610225,81.8,1747275,1898100
16-04-2025 10:27,23322.4,432900,619050,60.75,2114850,2629875,81.65,1788225,1898625
16-04-2025 10:27,23325.3,436125,615600,61.65,2144025,2621625,79.6,1798875,1913250
16-04-2025 10:28,23321.1,434475,620775,61,2153550,2627400,81,1808100,1928100
16-04-2025 10:28,23321.3,436800,617025,61.75,2179050,2627700,80.15,1815450,1981950
16-04-2025 10:28,23327,437925,620175,61.75,2212650,2617950,79.9,1824075,2010450
16-04-2025 10:28,23322.4,439650,619650,61.7,2198550,2643825,79.3,1846875,2030850
16-04-2025 10:28,23325,436350,621825,61.4,2221050,2679000,80.15,1880250,2042025
16-04-2025 10:28,23323,439200,617775,61.3,2188800,2689950,80.45,1894050,2021625
16-04-2025 10:29,23322,440025,615450,61.9,2233575,2698425,79.1,1893300,2044725
16-04-2025 10:29,23326.2,439125,617475,61.2,2222175,2698425,79.9,1885275,2068800
16-04-2025 10:29,23323.1,440700,616575,62.1,2220600,2721150,79.45,1902975,2041650
16-04-2025 10:29,23325,440250,616725,62.25,2232075,2689350,79.7,1921125,2056725
16-04-2025 10:29,23325,436200,606600,62.7,2197950,2676075,78.4,1918500,2077350
16-04-2025 10:29,23323.8,437850,608775,62.95,2179425,2581200,77.65,1875300,2096175
16-04-2025 10:30,23323.4,438300,606525,62.95,2176725,2592375,78.25,1901550,2106225
16-04-2025 10:30,23321,436500,611700,62.05,2187975,2578575,79.8,1918875,2125125
16-04-2025 10:30,23320.1,436200,611475,61,2198550,2593350,83.65,1946550,2097225
16-04-2025 10:30,23318,429900,617700,59.65,2112150,2660175,83.9,1967475,1944300
16-04-2025 10:30,23320,431850,618375,61.5,1978050,2654400,82.35,1966800,1922700
16-04-2025 10:30,23320.1,435675,612600,59.95,1999125,2681175,84.05,1974075,1958925
16-04-2025 10:31,23315,432375,614700,58.9,2028600,2692425,84.5,2008050,1950375
16-04-2025 10:31,23310,434550,620025,58.3,2001300,2706000,86.55,2043975,1895250
16-04-2025 10:31,23310,440025,618300,58.7,2055450,2703600,87,2047125,1886100
16-04-2025 10:31,23310,437700,615450,58.9,2083725,2702025,86.3,2042100,1887375
16-04-2025 10:31,23309.1,440775,616650,57.85,2069025,2721525,86.9,2068500,1891725
16-04-2025 10:31,23313.8,437700,614475,59.1,2031450,2714250,85.85,2081325,1882575
16-04-2025 10:32,23315,440250,609675,59.35,2071200,2694750,85.25,1995600,1902000
16-04-2025 10:32,23315,445200,613875,60,2114925,2704350,84.45,1938975,1949025
16-04-2025 10:32,23321,442200,614700,61.6,2137575,2667300,82.1,1889100,2034600
16-04-2025 10:32,23322.2,442800,612375,62.35,2119650,2678325,81.4,1861200,2043450
16-04-2025 10:32,23320,443250,612225,62.4,2122200,2623125,80.75,1872525,2049825
16-04-2025 10:32,23326,442650,614025,62.3,2161875,2629500,80.9,1956225,2063175
16-04-2025 10:33,23325.5,443025,618600,61,2192550,2580075,83.5,1880925,2079000
16-04-2025 10:33,23319.1,439350,625650,60.85,2111925,2597775,84.15,1927575,2031600
16-04-2025 10:33,23319.8,438225,620025,61,2132700,2643525,84.6,1975050,2055600
16-04-2025 10:33,23319.8,438600,616425,61.15,2168775,2648100,84.25,1992450,2029800
16-04-2025 10:33,23319,438825,615675,61.1,2176425,2673450,84.3,2011725,2024475
16-04-2025 10:33,23321.6,438375,621750,61.45,2208300,2694450,84.7,2019900,2013000
16-04-2025 10:34,23318.2,434475,623400,60.3,2174025,2732925,86.35,2046525,2013075
16-04-2025 10:34,23310,436200,622200,59.5,2066025,2735775,94.65,2142975,1896825
16-04-2025 10:34,23302,424875,622500,57.7,2044425,2762100,101.9,2144175,1424325
16-04-2025 10:34,23292.4,402525,625875,55.9,1817550,2795100,107.35,2108025,1015800
16-04-2025 10:34,23295.3,405750,619800,57.4,1841850,2758950,102.9,2072400,1039800
16-04-2025 10:34,23300,409950,619350,57.55,1888575,2759100,100.15,1962000,1095000
16-04-2025 10:35,23299.9,408150,615525,56.8,1926525,2811525,100.95,1942125,1131225
16-04-2025 10:35,23305,417375,609000,58.2,1999125,2815800,96.7,1906500,1320000
16-04-2025 10:35,23309,417975,609075,57.9,2031525,2783850,95.5,1829775,1368600
16-04-2025 10:35,23306.6,414825,614550,57.6,2045025,2795400,95.95,1820850,1241475
16-04-2025 10:35,23310,418425,617625,59.35,2135550,2797125,94.1,1800300,1262250
16-04-2025 10:35,23305.1,414225,618825,58.35,2141850,2777850,96.95,1833375,1274250
16-04-2025 10:36,23302.5,415125,607575,58.9,2149050,2841975,95.45,1861275,1296450
16-04-2025 10:36,23305,413100,615375,57.4,2142375,2858475,97.5,1879275,1311750
16-04-2025 10:36,23305,416025,611175,57.3,2097675,2873700,96.55,1920675,1333500
16-04-2025 10:36,23305,416400,614250,57.1,2123325,2899800,95.15,1914825,1363875
16-04-2025 10:36,23304,415725,615975,56.85,2103975,2919075,96.35,1873275,1363575
16-04-2025 10:36,23309.5,416700,615300,57,2153625,2932050,95.5,1883550,1401450
16-04-2025 10:37,23308,416700,618600,57.3,2181450,2928300,96.2,1850025,1414950
16-04-2025 10:37,23307.8,416925,618375,57.8,2216475,2903400,96.1,1884300,1413225
16-04-2025 10:37,23301.1,413550,622125,57.15,2212425,2955600,98.75,1905075,1412475
16-04-2025 10:37,23304.8,417675,613500,57.4,2228925,2940750,98.35,1925475,1438950
16-04-2025 10:37,23302.7,419775,618075,57.6,2243025,2957475,98.95,1940625,1406850
16-04-2025 10:37,23302,417675,613950,57.7,2252475,2951925,98.15,1925925,1419225
16-04-2025 10:38,23303,417675,615225,57.3,2229075,2946900,99.45,1906050,1438275
16-04-2025 10:38,23299.2,413475,615300,56.2,2225925,2974275,102.65,1943700,1456725
16-04-2025 10:38,23296.8,415350,615525,57,2139675,2955450,103,1959750,1359000
16-04-2025 10:38,23295,411750,617325,56.5,2160975,2973525,105.4,2009100,1314600
16-04-2025 10:38,23295,412800,620100,57.15,2173950,2983275,105.85,1988775,1286250
16-04-2025 10:38,23300,419400,615975,57.45,2201850,2960325,104.2,2004825,1338000
16-04-2025 10:39,23301.7,419625,616200,58.3,2216100,2953875,101.6,1920900,1391700
16-04-2025 10:39,23304.9,418725,616800,59,2231700,2869650,99.75,1891425,1509750
16-04-2025 10:39,23301,416175,621825,57.9,2225700,2857650,104.25,1887225,1510125
16-04-2025 10:39,23299.4,417375,623175,57.85,2213400,2864925,104.9,1940475,1527300
16-04-2025 10:39,23300,416850,613650,58.45,2244900,2874300,102.8,1954650,1513425
16-04-2025 10:39,23305,419700,618075,59.45,2264625,2854125,100.45,1921875,1551075
16-04-2025 10:40,23305,419250,615675,60.1,2264700,2845050,99.4,1861125,1573950
16-04-2025 10:40,23304.3,422400,625950,58.95,2233575,2862900,101.2,1902375,1591875
16-04-2025 10:40,23305,419400,625275,59.75,2224125,2860275,101.25,1932750,1608750
16-04-2025 10:40,23305,421500,621975,60.4,2243175,2814300,98,1904700,1639200
16-04-2025 10:40,23308,423525,619725,60.15,2250450,2791725,97.55,1823025,1644225
16-04-2025 10:40,23308.9,422400,622275,60,2259675,2820525,97.3,1820250,1653525
16-04-2025 10:41,23306.5,417450,622575,59.55,2227650,2834550,98.35,1856100,1646625
16-04-2025 10:41,23303.4,415125,624750,57.55,2194725,2862150,101.95,1896900,1548000
16-04-2025 10:41,23304,417525,622950,59.1,2166300,2838750,100.2,1892550,1544475
16-04-2025 10:41,23302.3,417375,624375,58.6,2184450,2886450,100.45,1900050,1568325
16-04-2025 10:41,23304,420300,619950,58.75,2209425,2903025,99.4,1903500,1585875
16-04-2025 10:41,23307.5,419700,618900,60.4,2264100,2883825,95.4,1854150,1614075
16-04-2025 10:42,23307.5,418125,621000,60.35,2281050,2864250,96.25,1853925,1619775
16-04-2025 10:42,23308,420225,623850,59.85,2301675,2921175,97.2,1859325,1607550
16-04-2025 10:42,23305.4,418050,618750,59.9,2241600,2934150,96.75,1846875,1617075
16-04-2025 10:42,23309,419550,617175,60.1,2268300,2941050,95.65,1843650,1660950
16-04-2025 10:42,23308,420225,612900,60.1,2302350,2934975,95.1,1846950,1676550
16-04-2025 10:42,23309.1,421500,621600,59.45,2314275,2944350,95.65,1862925,1685775
16-04-2025 10:43,23310,421875,612000,60.25,2312700,2922525,94.35,1825425,1676100
16-04-2025 10:43,23309,420300,620475,59.75,2326200,2939100,95.5,1833525,1670550
16-04-2025 10:43,23308.7,419925,621600,59.3,2303100,2952675,95.45,1852575,1655400
16-04-2025 10:43,23308.7,436950,619950,59,2304075,2966400,96.2,1868325,1661700
16-04-2025 10:43,23303.1,420450,623475,59,2265450,2978025,96.7,1867725,1652400
16-04-2025 10:43,23307,422400,613050,59.25,2323350,2948250,95.7,1851450,1663650
16-04-2025 10:44,23311.5,422175,623025,59.4,2322075,2972550,95,1877175,1790625
16-04-2025 10:44,23306.4,423600,615075,59,2331300,2971725,95.3,1848300,1832700
16-04-2025 10:44,23310.7,425100,613425,60.9,2358975,2960925,90.75,1834650,1887525
16-04-2025 10:44,23311.7,423600,620475,59.9,2324625,2952750,92.55,1731525,1887300
16-04-2025 10:44,23308.2,424575,619650,60.1,2348700,2947800,92.2,1767525,1730775
16-04-2025 10:44,23311.6,421200,619500,59.65,2360550,2992350,93.35,1814850,1727400
16-04-2025 10:45,23308.3,421500,617175,59.8,2353800,3000825,92.95,1828350,1744200
16-04-2025 10:45,23312.4,420750,618000,59.15,2358525,3019950,93.5,1846725,1739100
16-04-2025 10:45,23310.2,421950,619125,60.2,2324700,3019950,91.15,1836300,1742325
16-04-2025 10:45,23314,425775,618300,60.75,2367825,2962800,90.45,1803825,1755675
16-04-2025 10:45,23312.6,422925,616275,61.15,2385225,2929575,89.8,1798725,1797600
16-04-2025 10:45,23320,425625,617775,63,2436975,2813325,87,1655475,1762350
16-04-2025 10:46,23317.7,423300,619125,62.1,2430750,2774400,89.3,1691025,1761075
16-04-2025 10:46,23316.9,421500,619725,61.8,2442300,2794425,90.1,1731750,1773525
16-04-2025 10:46,23319.4,423300,615000,62.75,2454450,2824800,89.2,1753200,1771425
16-04-2025 10:46,23319,424800,615300,62.65,2490675,2867700,88.9,1783575,1798725
16-04-2025 10:46,23319,425775,615675,62.2,2477100,2857500,89.1,1796475,1814700
16-04-2025 10:46,23318,426150,618600,61.9,2432850,2830725,88.95,1797075,1824150
16-04-2025 10:47,23318,424200,617325,62.4,2452800,2853450,88.55,1822125,1800600
16-04-2025 10:47,23315,423525,617550,61.7,2453550,2898450,90.3,1855575,1796925
16-04-2025 10:47,23318.5,422625,620475,61.7,2443200,2909550,90.2,1869600,1796850
16-04-2025 10:47,23320,425475,620250,62.95,2447475,2920575,88.2,1873350,1833675
16-04-2025 10:47,23320,424425,618975,63.1,2453100,2828550,87.2,1850100,1845675
16-04-2025 10:47,23317.2,422475,617325,62.95,2438625,2867550,87.6,1836450,1848600
16-04-2025 10:48,23315.7,424125,618300,61.9,2421975,2912400,89.25,1876125,1833150
16-04-2025 10:48,23315.4,424050,610800,63.4,2437875,2907375,87.25,1882725,1859325
16-04-2025 10:48,23318,431550,614100,63.65,2446875,2847750,86.65,1863750,1876275
16-04-2025 10:48,23321.9,435000,611775,64.3,2451600,2848650,85.75,1865775,1888950
16-04-2025 10:48,23316.4,433200,619050,63.5,2411475,2676975,87.5,1749975,1857525
16-04-2025 10:48,23321,434400,617025,64.55,2428575,2693700,85.65,1757025,1883700
16-04-2025 10:49,23319,435150,618675,63.6,2430375,2696025,88.3,1793775,1867725
16-04-2025 10:49,23317,434625,620400,63.7,2422500,2726625,88.45,1804575,1871400
16-04-2025 10:49,23316.2,431850,625575,62.4,2420025,2778900,90.6,1831125,1866000
16-04-2025 10:49,23311,432900,626100,63.1,2385525,2785950,90.9,1812075,1764300
16-04-2025 10:49,23314,432900,627075,62.95,2408475,2777475,92.2,1816275,1772175
16-04-2025 10:49,23310.8,430650,630375,62.45,2366550,2833200,91.6,1820325,1727475
16-04-2025 10:50,23312.7,429975,629625,61.8,2331675,2859150,93,1848600,1738125
16-04-2025 10:50,23313.6,432375,627000,63.05,2339025,2860050,92.5,1867200,1772025
16-04-2025 10:50,23316,433125,620850,63.4,2406300,2801775,92,1827375,1815150
16-04-2025 10:50,23316,433650,624300,64.35,2599725,2801925,90.3,1823400,1827075
16-04-2025 10:50,23316.8,434550,623850,63.35,2608500,2772900,91.75,1768500,1833300
16-04-2025 10:50,23315,433500,630825,63.3,2612250,2790750,92.65,1812000,1836600
16-04-2025 10:51,23316,433575,628350,63.75,2613525,2831700,90.6,1806975,1861425
16-04-2025 10:51,23316,435375,623250,65.25,2628675,2815200,89,1812000,1867500
16-04-2025 10:51,23323,436725,618675,67.4,2670900,2675325,86.15,1790025,1889250
16-04-2025 10:51,23322.2,433050,623475,67.1,2655450,2538675,88.1,1779900,1878975
16-04-2025 10:51,23322.2,435075,615975,66.3,2643150,2583675,88.8,1838400,1909575
16-04-2025 10:51,23313.1,405300,624825,64.45,2614425,2652900,92,1870200,1887075
16-04-2025 10:52,23313.1,387975,607500,65.5,2593425,2635800,90.8,1885800,1892475
16-04-2025 10:52,23319,392250,621750,66.1,2619450,2631150,89.95,1885800,1920150
16-04-2025 10:52,23315,389325,625875,66.45,2618700,2671350,90.4,1906125,1924425
16-04-2025 10:52,23315.2,390750,625425,66.25,2635575,2667450,89.9,1913400,1939125
16-04-2025 10:52,23314,390450,621600,65.75,2639100,2664750,92.1,1925700,1942950
16-04-2025 10:52,23315,388650,621525,64.8,2520825,2694225,92.95,1939500,2058300
16-04-2025 10:53,23311.3,388725,625275,64.35,2375925,2729700,94.05,1946325,2009400
16-04-2025 10:53,23309,384900,630750,62.9,2290200,2735100,95.3,1946025,1865400
16-04-2025 10:53,23309.1,383625,629850,62.15,2253450,2739600,96.3,1933875,1844850
16-04-2025 10:53,23308,384075,630000,62.15,2196675,2765175,95.8,1949250,1843650
16-04-2025 10:53,23310,388650,631125,62.95,2248350,2752275,95.2,1923525,1891500
16-04-2025 10:53,23309.7,386250,634950,61.6,2261475,2814225,96.65,1881750,1902375
16-04-2025 10:54,23307.3,383850,634800,61.9,2271300,2824950,96.45,1897200,1880925
16-04-2025 10:54,23310,385350,623400,62.85,2281500,2810700,95.1,1888800,1883925
16-04-2025 10:54,23310,385725,627825,62.3,2301900,2812500,96,1868925,1909875
16-04-2025 10:54,23306.8,385275,623850,63.2,2317350,2828400,94.75,1891875,1934400
16-04-2025 10:54,23305,384375,630750,62,2313975,2857200,97.45,1917000,1938150
16-04-2025 10:54,23302.5,386100,630300,61.3,2285250,2886525,97.7,1937100,1902450
16-04-2025 10:55,23303.4,385575,630150,61.1,2277450,2892975,98.6,1954425,1891800
16-04-2025 10:55,23301.5,386100,634575,60.75,2255325,2927175,98.75,1968525,1854075
16-04-2025 10:55,23303.1,387225,629400,61.8,2208150,2889600,97.05,1965300,1801950
16-04-2025 10:55,23307.1,389550,622875,62.9,2261400,2852250,95.75,1926300,1829400
16-04-2025 10:55,23310.3,390150,626400,64.15,2296725,2837550,93.65,1894050,1866075
16-04-2025 10:55,23319.2,392175,618375,65.65,2304600,2782275,90.9,1848225,1895400
16-04-2025 10:56,23317.8,393825,627450,65.15,2310750,2701275,92.6,1772325,1899975
16-04-2025 10:56,23308.3,390150,627825,64.3,2247900,2705775,94.3,1818000,1715700
16-04-2025 10:56,0,0,0,63.8,2249400,2727525,94.15,1841400,1762725
16-04-2025 10:56,23310,390450,625125,63.9,2315550,2749725,94.35,1862175,1749600
16-04-2025 10:56,23310,389250,629700,62.1,2313600,2770200,97.1,1898025,1747650
16-04-2025 10:56,23303.3,384600,635625,60.7,2254125,2787075,100.05,1895325,1677525
16-04-2025 10:57,23306.2,387225,625500,62.1,2217975,2784000,98.15,1888575,1667700
16-04-2025 10:57,23304,388950,629250,62.4,2279550,2808675,97.75,1857300,1705425
16-04-2025 10:57,23306.1,388350,627750,61.55,2289600,2836575,99.05,1891125,1712400
16-04-2025 10:57,23304,389025,625125,62.2,2328975,2842200,99,1913400,1723200
16-04-2025 10:57,23304,387300,626850,61.9,2353500,2856525,99.75,1929825,1704075
16-04-2025 10:57,23308.1,390000,625575,62.85,2382675,2855850,99,1933350,1680150
16-04-2025 10:58,23309.5,392025,623850,63.5,2392575,2838450,97.15,1912425,1657200
16-04-2025 10:58,23306.7,390900,627675,62.8,2387475,2865825,99.5,1921275,1658475
16-04-2025 10:58,23305.1,388125,628125,62.1,2378175,2903025,100.8,1944675,1664775
16-04-2025 10:58,23295.9,386850,627075,60.25,2354025,2905425,108,1951725,1646175
16-04-2025 10:58,23297.2,382500,619575,60.85,2205750,2868300,108.5,1946400,1214025
16-04-2025 10:58,23293,381225,620475,60.05,2197425,2929725,106.4,1908450,1238775
16-04-2025 10:59,23299.9,383625,621150,60.1,2244075,2954550,106.5,1884900,1284600
16-04-2025 10:59,23298,384000,621000,60.75,2304375,2945100,106.25,1896975,1320900
16-04-2025 10:59,23297.1,388275,622725,61,2337600,2933475,105.6,1885725,1344600
16-04-2025 10:59,23299,385650,626625,60.2,2388000,2965200,107.75,1893075,1350525
16-04-2025 10:59,23291.5,382200,628350,60,2323650,3017025,109.25,1922250,1451775
16-04-2025 10:59,23292.6,380925,633000,60.45,2223750,3021975,108,1892925,1220850
16-04-2025 11:00,23295.2,380700,619050,61,2272425,2982525,106.7,1875375,1276350
16-04-2025 11:00,23293.3,382275,629475,59.75,2281425,3047850,109.35,1899300,1295325
16-04-2025 11:00,23293.3,381150,630375,59.45,2258925,3046500,110.05,1933650,1279575
16-04-2025 11:00,23295,381675,630000,59.75,2267025,3063900,110.75,1912950,1271925
16-04-2025 11:00,23288.2,380775,637125,59.9,2285250,3071175,113.7,1941000,1340700
16-04-2025 11:00,23285.6,371925,634425,58.25,2273250,3079050,115.7,1973100,1145625
16-04-2025 11:01,23288.3,369000,633000,57.85,2246250,3091725,114,1972575,1177125
16-04-2025 11:01,23287,369000,640650,57.95,2162325,3078075,115,1934250,1200150
16-04-2025 11:01,23289,373725,629550,59.15,2215650,3038550,112.6,1915575,1228425
16-04-2025 11:01,23292,373500,629625,59.3,2240625,3061950,111.95,1876125,1248075
16-04-2025 11:01,23290.9,372825,634050,58.45,2232375,3107100,113.45,1903650,1240800
16-04-2025 11:01,23288.5,374550,636375,58.15,2230425,3148425,114.85,1931400,1247475
16-04-2025 11:02,23285.5,376425,640200,58.35,2230875,3151200,115.5,1940850,1217175
16-04-2025 11:02,23289.6,376500,637575,58.75,2289300,3114225,114.35,1928550,1248525
16-04-2025 11:02,23287.2,377475,643575,58.6,2294625,3115050,115.6,1911075,1262250
16-04-2025 11:02,23286.1,377250,640500,58.75,2298225,3131625,115.65,1923900,1208100
16-04-2025 11:02,23290,379350,635625,59.05,2322750,3094725,114.1,1915575,1216200
16-04-2025 11:02,23288,381525,640125,58.4,2326800,3131475,116.5,1892475,1225875
16-04-2025 11:03,23285,378825,640800,58.3,2314875,3148125,118.3,1914825,1200675
16-04-2025 11:03,23285,375150,643425,58.25,2296350,3146475,119.15,1925400,1173900
16-04-2025 11:03,23280,366600,644550,58.55,2308725,3158775,119.15,1935975,1137150
16-04-2025 11:03,23280,362700,643650,58.75,2365500,3137025,119.65,1931850,1047600
16-04-2025 11:03,23284,365100,635100,58.4,2368350,3163800,118.45,1920450,1070100
16-04-2025 11:03,23284,363000,631950,58.6,2358300,3138375,116.4,1885725,1104675
16-04-2025 11:04,23282.6,361875,632250,58.9,2373300,3114150,115,1863450,1127400
16-04-2025 11:04,23288.9,364575,632100,58.9,2398350,3082950,115.6,1803825,1141050
16-04-2025 11:04,23289,369000,642900,59.5,2408250,3091875,114.5,1801425,1158300
16-04-2025 11:04,23288,368475,633975,59.55,2410125,3072300,112.9,1796475,1188825
16-04-2025 11:04,23290.1,368700,635325,59.85,2421300,3048600,111.65,1735800,1190775
16-04-2025 11:04,23288,368400,640275,60.2,2419350,3042675,111.8,1739325,1194600
16-04-2025 11:05,23291.9,368700,636150,60.15,2431350,3006675,113,1747650,1207650
16-04-2025 11:05,23290.7,368325,641475,59.4,2358375,3061575,114.2,1787475,1196025
16-04-2025 11:05,23292,372000,631950,62.2,2403975,3038250,111.25,1787700,1201425
16-04-2025 11:05,23294.2,373350,639975,61.8,2400150,2905200,112.35,1791450,1219650
16-04-2025 11:05,23292.2,375075,640125,61.85,2400000,2879925,114,1809825,1228800
16-04-2025 11:05,23290.1,375375,636450,61.25,2599800,2885625,114.9,1821975,1236825
16-04-2025 11:06,23290,373500,643725,60.9,2559000,2944875,113.9,1842975,1233300
16-04-2025 11:06,23289,381900,636600,62,2599875,2940675,112.45,1835850,1264050
16-04-2025 11:06,23290,383325,638400,61.9,2600550,2941575,114.25,1832850,1278225
16-04-2025 11:06,23291.3,383775,627075,62.6,2575950,2946600,111.4,1854525,1284750
16-04-2025 11:06,23295.2,385875,632325,63.2,2571525,2852400,109.6,1785300,1292550
16-04-2025 11:06,23300,384525,629175,64.55,2569050,2851500,105.55,1682625,1301625
16-04-2025 11:07,23302.6,381750,633075,64.9,2492325,2783625,106.45,1563150,1290075
16-04-2025 11:07,23309,383250,629025,66.4,2382150,2703075,103.25,1568100,1323600
16-04-2025 11:07,23309,383475,628875,67.25,2406300,2538000,102.35,1551375,1326975
16-04-2025 11:07,23308.8,385575,633150,67.3,2390175,2540475,101.95,1581450,1316925
16-04-2025 11:07,23308.1,388425,636975,67.9,2404950,2552925,100.6,1615575,1343175
16-04-2025 11:07,23309.2,389100,635475,67.4,2404275,2565750,100.5,1627875,1345275
16-04-2025 11:08,23312.5,388725,631200,67.55,2392575,2572500,99.65,1625100,1367025
16-04-2025 11:08,23308.9,393975,632475,67.7,2374425,2504325,98,1554525,1368825
16-04-2025 11:08,23310.1,394500,635175,68.45,2433900,2514225,97.45,1566225,1380750
16-04-2025 11:08,23311.1,392625,631650,67.75,2442825,2524800,98.85,1599075,1381650
16-04-2025 11:08,23311.1,393150,645600,68,2356950,2541675,98.6,1618875,1384950
16-04-2025 11:08,23323.6,395850,621450,76.6,2398275,2550225,92.05,1637625,1400700
16-04-2025 11:09,23315.2,391875,636225,71.75,2406525,2047575,95.25,1477200,1386150
16-04-2025 11:09,23323.5,392850,634425,75.05,2406000,2064150,93.8,1509675,1377525
16-04-2025 11:09,23319.5,394950,636975,74.5,2421225,2151825,94.95,1571100,1394625
16-04-2025 11:09,23322.4,394650,639300,77,2427450,2169300,92.15,1608300,1427100
16-04-2025 11:09,23330.7,394350,625125,81.55,2458050,2100225,89,1379400,1449000
16-04-2025 11:09,23331.5,387450,622800,78.25,2455350,1915125,91,1444275,1459950
16-04-2025 11:10,23328.2,392400,636000,77.45,2348100,1980900,92.05,1535700,1436700
16-04-2025 11:10,23328.5,392175,635100,77.4,2366925,1997850,92.8,1547625,1453875
16-04-2025 11:10,23327,394425,629475,78.85,2364375,2020125,91.1,1578075,1491225
16-04-2025 11:10,23330,393675,632100,79.75,2367975,2024550,89.2,1573500,1499700
16-04-2025 11:10,23333,395700,626475,80,2380650,1985025,88,1492425,1507275
16-04-2025 11:10,23331.4,392925,638100,78.75,2371200,2023350,90.25,1551000,1503600
16-04-2025 11:11,23330.1,396825,631800,80.6,2412600,2046300,88.6,1580400,1492200
16-04-2025 11:11,23331,396975,629475,80.2,2413575,2018475,87.85,1580850,1527300
16-04-2025 11:11,23328,394650,636225,78.35,2394825,2041275,89.8,1604325,1563000
16-04-2025 11:11,23330,397800,639825,79.5,2379750,2053350,89.25,1636350,1588125
16-04-2025 11:11,23332,399975,639900,77.8,2376450,2055075,89.75,1685925,1570650
16-04-2025 11:11,23333,399000,632775,80.7,2367075,2051475,86.7,1650675,1588275
16-04-2025 11:12,23335,398775,627975,81.65,2375775,2044425,86.45,1618350,1603200
16-04-2025 11:12,23330,398325,635025,80.6,2391525,2013825,87.75,1609425,1635450
16-04-2025 11:12,23328.1,397050,635400,78.8,2323650,2040150,89.15,1617450,1626975
16-04-2025 11:12,23336.2,400350,628500,81.75,2350500,2049000,86.95,1626150,1646625
16-04-2025 11:12,23332,399300,632325,81.5,2376375,2033400,86.9,1603275,1661325
16-04-2025 11:12,23330.5,398475,635550,81.75,2427300,2039400,87.5,1665225,1660800
16-04-2025 11:13,23333.1,399675,626700,83.05,2454000,2025750,86.65,1686900,1685250
16-04-2025 11:13,23335.3,399300,631650,82.85,2452275,1993575,86.8,1733625,1698600
16-04-2025 11:13,23335.5,403650,634350,84.9,2434500,1918650,85.8,1752975,1731600
16-04-2025 11:13,23338.4,403275,634575,83.1,2463675,1920675,87.1,1768725,1729575
16-04-2025 11:13,23334,400725,637350,81.35,2465025,1968150,88,1783875,1747575
16-04-2025 11:13,23332.7,401400,636375,82.8,2395725,1994325,87.55,1798800,1708575
16-04-2025 11:14,23331,402900,629250,82.05,2398500,1985100,87.65,1796025,1722675
16-04-2025 11:14,23335.8,405150,634875,81.4,2402475,2006925,88.15,1808400,1739100
16-04-2025 11:14,23334.8,404100,635100,83.8,2409300,1999725,85.9,1801050,1744275
16-04-2025 11:14,23337,404025,632325,83,2403750,1988325,85.85,1779300,1732350
16-04-2025 11:14,23337.1,403500,625200,83.95,2419275,1991100,84.35,1701750,1739250
16-04-2025 11:14,23340.5,401625,623700,85.75,2451675,1980600,82.45,1687350,1775550
16-04-2025 11:15,23339.5,405300,634275,83.2,2442900,1901850,84.25,1648875,1776450
16-04-2025 11:15,23340,402300,635400,82.6,2417625,1962525,84.7,1691250,1800525
16-04-2025 11:15,23344.3,405375,633900,86.1,2461800,1973325,81.7,1711275,1819425
16-04-2025 11:15,23339.4,405150,628800,85.2,2462925,1915125,82.5,1673025,1809750
16-04-2025 11:15,23339.7,402075,629100,85.9,2465550,1926975,82.1,1733475,1818675
16-04-2025 11:15,23345,403425,617625,88.4,2496000,1913400,79.7,1734525,1895475
16-04-2025 11:16,23340.2,405825,625200,86.6,2478600,1875675,81.55,1668150,1858575
16-04-2025 11:16,23344,401550,628575,87.85,2458425,1909425,80.75,1706700,1861425
16-04-2025 11:16,23346.4,404250,622725,89.2,2504025,1898700,78.85,1698150,1900050
16-04-2025 11:16,23345.1,404025,624900,86.9,2489700,1933500,81.2,1721025,1909350
16-04-2025 11:16,23346,404100,626775,87.05,2459925,2000175,81.2,1741650,1885650
16-04-2025 11:16,23347.9,405150,624075,89.15,2491425,1998300,78.85,1739400,1916325
16-04-2025 11:17,23347,402675,626775,87.2,2476425,2030250,81.35,1767375,1876575
16-04-2025 11:17,23347,407400,625875,88.45,2462550,2047800,79.8,1781025,1932825
16-04-2025 11:17,23346.9,405300,631950,87.25,2457450,2074350,80.8,1828050,1944600
16-04-2025 11:17,23347.2,405150,636225,87.15,2451525,2104050,81.1,1857225,1925475
16-04-2025 11:17,23344.8,406650,635625,88.15,2433525,2111850,80.45,1888950,1926975
16-04-2025 11:17,23343,408075,623100,88.6,2367675,2051850,78.5,1819500,1947150
16-04-2025 11:18,23343.2,404925,625125,88.4,2340525,2018100,79.1,1673325,1938225
16-04-2025 11:18,23345.3,408525,625575,88.4,2360550,2023575,79.5,1698225,1951800
16-04-2025 11:18,23342,407400,626775,87.8,2367900,2066400,79.95,1744050,1911075
16-04-2025 11:18,23343.2,410325,626550,88.3,2389275,2099625,80.25,1779825,1938600
16-04-2025 11:18,23346,409650,624600,89.2,2396175,2104800,78.45,1768050,1980975
16-04-2025 11:18,23348,410475,622725,90.1,2458200,2026200,77.9,1745325,2003700
16-04-2025 11:19,23350,411900,617700,91.9,2423850,1892700,77,1742850,2017725
16-04-2025 11:19,23354.4,412275,624225,91.95,2429400,1783950,77.1,1687125,2045025
16-04-2025 11:19,23350.1,412575,620925,91.7,2382000,1767450,77.9,1682775,2034375
16-04-2025 11:19,23352.1,413175,624675,90.15,2430975,1810125,78.35,1740900,2016450
16-04-2025 11:19,23352,414150,631950,92,2327100,1850475,77.4,1749750,2033100
16-04-2025 11:19,23349.1,413850,623475,91.8,2352600,1872975,77,1756875,2050575
16-04-2025 11:20,23347.6,414375,619800,90.8,2339625,1883325,77.95,1766250,2063175
16-04-2025 11:20,23352.6,410325,621300,90.9,2311950,1926900,78.15,1789500,2068575
16-04-2025 11:20,23351.7,412425,620850,92.25,2274300,1920075,76.5,1766400,2057175
16-04-2025 11:20,23352.6,411150,621525,89.6,2267250,1901625,78.9,1765350,2053950
16-04-2025 11:20,23351.9,411150,621000,90.5,2245350,1931250,78.8,1789875,2056125
16-04-2025 11:20,23352.4,408600,627150,89.5,2262075,1966200,79.65,1836000,2055975
16-04-2025 11:21,23347,407475,620025,90.15,2240625,1974375,79.15,1835475,2047200
16-04-2025 11:21,23353,409650,620025,91.2,2243775,1984050,78.55,1825875,2047500
16-04-2025 11:21,23346.2,408150,621675,88.35,2236200,1997700,80.1,1861950,2040300
16-04-2025 11:21,23347.4,408750,621825,88.25,2112225,1985250,80.8,1883700,1997700
16-04-2025 11:21,23344,408675,623475,87.3,2099100,2013075,81.5,1908300,1971750
16-04-2025 11:21,23340.1,409275,623550,86.1,2077500,2020200,82.6,1922250,1949700
16-04-2025 11:22,23340.6,406725,623400,86.5,2064825,2015925,81.5,1934550,1980300
16-04-2025 11:22,23338,407400,625050,87.25,2108400,2010375,81.4,1915650,2043750
16-04-2025 11:22,23341,403875,622875,83.85,2097225,2032200,82.8,1920075,2013450
16-04-2025 11:22,23340,409500,624150,82.8,1945875,2030625,83.05,1930500,1973775
16-04-2025 11:22,23338.8,410700,624000,84.85,2008425,2005500,81.75,1919025,2022525
16-04-2025 11:22,23345,410775,622950,86.6,2028225,1982850,80.7,1897800,2049150
16-04-2025 11:23,23343.3,408300,625350,86,2046300,1981725,81.4,1884825,2063250
16-04-2025 11:23,23340,403650,624375,84.05,2025150,2047350,82.95,1932225,2039850
16-04-2025 11:23,23344.2,412425,621225,86.05,2055300,2035425,81.1,1924350,2068650
16-04-2025 11:23,23343.4,411525,621300,87.5,2096175,1999275,79.85,1890750,2085600
16-04-2025 11:23,23345,410400,623100,87.05,2103300,1979550,80.5,1822575,2092875
16-04-2025 11:23,23348.8,410250,622725,88.2,2118375,1995900,79.55,1844325,2107050
16-04-2025 11:24,23340.1,409650,624675,85.85,2102925,2000625,81,1869075,2105175
16-04-2025 11:24,23341.8,413550,623475,86.15,2085225,2023050,80.8,1869975,2124150
16-04-2025 11:24,23340.8,410625,625725,86.05,2099175,2031375,80.5,1866750,2131650
16-04-2025 11:24,23344,411900,623175,86.8,2136750,2029500,80,1865250,2176350
16-04-2025 11:24,23345,411525,623850,88.25,2142825,2023350,78.75,1856475,2189175
16-04-2025 11:24,23345.9,411150,623550,88.9,2150325,1993950,78.2,1840350,2189850
16-04-2025 11:25,23349.9,408450,624975,88.85,2151675,1986750,78.9,1852200,2190975
16-04-2025 11:25,23348,408600,623850,87.9,2125350,1997325,79.8,1888425,2194950
16-04-2025 11:25,23345.1,409575,623175,88.1,2100525,2017125,79.7,1911225,2183700
16-04-2025 11:25,23342.5,408825,624600,86.7,2109975,2034000,80.8,1920450,2180475
16-04-2025 11:25,23341,411225,625350,86,2110500,2043000,81.25,1937550,2162175
16-04-2025 11:25,23343.4,409725,625800,86.5,2079000,2056350,81.35,1949250,2175600
16-04-2025 11:26,23344.9,407025,625275,87.45,2111550,2056725,80.65,1937850,2163675
16-04-2025 11:26,23343.7,412725,624900,88,2127675,2060400,79.85,1960500,2145825
16-04-2025 11:26,23343.6,407175,624825,87.4,2126775,2056050,79.65,1937400,2146800
16-04-2025 11:26,23345,407475,626175,87.05,2123100,2070600,80.5,1947450,2176275
16-04-2025 11:26,23343.8,409050,624675,85.95,2102025,2091225,81.25,1952625,2174775
16-04-2025 11:26,23343.4,405375,626550,84.7,2080725,2109000,82.05,1967925,2140650
16-04-2025 11:27,23340.8,409875,626550,86.45,2037150,2104200,80.5,1958550,2104950
16-04-2025 11:27,23344,411525,624225,86.2,2059200,2098800,80.65,1949175,2158350
16-04-2025 11:27,23341.2,412125,623700,86.8,2091900,2104800,80,1951050,2171400
16-04-2025 11:27,23344,412950,623025,87,2107200,2100225,79.45,1948500,2196900
16-04-2025 11:27,23346.9,410025,625575,86.5,2095800,2116725,80.2,1952175,2193300
16-04-2025 11:27,23341.2,407925,627000,85.9,2088675,2129850,80.4,1963350,2201850
16-04-2025 11:28,23341.2,409725,625875,85.45,2100450,2133225,80.1,1967850,2189925
16-04-2025 11:28,23343,405375,625425,85.55,2098425,2121075,80.5,1961400,2208675
16-04-2025 11:28,23344.8,408750,623250,87.4,2125725,2122575,78.95,1940775,2228400
16-04-2025 11:28,23344.6,409650,623625,87.9,2134350,2071200,78.2,1916325,2241225
16-04-2025 11:28,23346,407925,626400,86.95,2120100,2067150,79.35,1928700,2230800
16-04-2025 11:28,23344.4,405900,628275,86.25,2125650,2087100,80,1929900,2224950
16-04-2025 11:29,23343,405150,629850,85.95,2121525,2106000,81.2,1933125,2223975
16-04-2025 11:29,23339,405450,632175,83.3,2096775,2123850,82.9,1954575,2188200
16-04-2025 11:29,23336,405300,632100,81.85,2045775,2132700,83.5,1957200,2051850
16-04-2025 11:29,23333.6,402075,633150,80.2,1969875,2134200,84.3,1954275,2071050
16-04-2025 11:29,23334.5,406275,627300,81.75,2013300,2092800,84.2,1952850,2101275
16-04-2025 11:29,23334,404250,627375,81.9,2025375,2085450,84.1,1988700,2104500
16-04-2025 11:30,23334.1,405150,626550,82.5,2037825,2095725,83.3,1974375,2161425
16-04-2025 11:30,23336.5,405975,625350,84.6,2081550,2080425,81.6,1917450,2187375
16-04-2025 11:30,23339.8,408225,624075,83.3,2089275,2066250,82.65,1897650,2185650
16-04-2025 11:30,23338.3,404775,619650,84.6,2062950,2072325,81.65,1918875,2168700
16-04-2025 11:30,23340.2,406950,622650,84.75,2066400,2057325,82,1905450,2187975
16-04-2025 11:30,23339.9,408525,624075,86.1,2009550,2074350,79.65,1922325,2209575
16-04-2025 11:31,23343.8,408750,620250,85.7,2025300,2057700,80.6,1878300,2218875
16-04-2025 11:31,23338,408300,626175,84.7,2023875,2060850,82.1,1910925,2205525
16-04-2025 11:31,23341.5,406725,623325,84.6,2002500,2087700,82.4,1959300,2184375
16-04-2025 11:31,23338.4,407550,624975,85.55,2018550,2090700,81.75,1965675,2203275
16-04-2025 11:31,23341.7,406875,627525,84.4,2028525,2111625,83,2006625,2208900
16-04-2025 11:31,23345,409575,614175,86.8,2033025,2110500,81,2015325,2210475
16-04-2025 11:32,23342.4,409800,619200,87.7,2056425,2078400,79.5,1971600,2259900
16-04-2025 11:32,23343,410250,620925,86.9,2073525,1999800,80.85,1901550,2276475
16-04-2025 11:32,23343,409500,618825,86.7,2020425,2018775,81.15,1931550,2263500
16-04-2025 11:32,23340.9,407775,624300,86,2015250,2058000,81.5,1938075,2292750
16-04-2025 11:32,23339.2,405150,624000,84.9,1987650,2089275,82.35,1971600,2279625
16-04-2025 11:32,23337.1,406275,625050,84.8,1971075,2095125,82.3,1972050,2263875
16-04-2025 11:33,23336,407625,626550,83.7,2004075,2096850,83.7,1990050,2234325
16-04-2025 11:33,23336.3,406200,626775,84.4,1984575,2105325,82.75,1999875,2186400
16-04-2025 11:33,23340,408075,622200,84.65,1995075,2096325,82.85,1992825,2193000
16-04-2025 11:33,23339.7,407775,622575,84.5,2021550,2081850,82.8,1990425,2240850
16-04-2025 11:33,23336.2,407175,624225,85.1,2020050,2104350,83,1991700,2223225
16-04-2025 11:33,23333.6,403275,624075,82.5,2014500,2132325,84.75,2003250,2219250
16-04-2025 11:34,23334,406950,627150,83.2,1963725,2132850,83.85,1992600,2126175
16-04-2025 11:34,23333.5,408975,623625,83.5,1987725,2148450,83.95,1989075,2091975
16-04-2025 11:34,23334,405750,621450,83.45,2005350,2145225,84,1992750,2129550
16-04-2025 11:34,23339.9,407175,620850,83.85,2040150,2150100,83.4,1981050,2145075
16-04-2025 11:34,23335,405000,623325,82.45,2038125,2173050,84.4,1994850,2151900
16-04-2025 11:34,23335,407625,622875,84.25,2056275,2168850,82.75,1990050,2124675
16-04-2025 11:35,23339,407025,621450,83.95,2066775,2162400,82.7,1960275,2159625
16-04-2025 11:35,23332.5,407925,626550,81.8,2068350,2185350,85.2,1988550,2157075
16-04-2025 11:35,23328.3,402300,627150,80.4,1995075,2187600,86.4,2028825,2048475
16-04-2025 11:35,23329.3,407250,624150,81.25,1852650,2175000,85.75,2009325,1967550
16-04-2025 11:35,23331.7,409875,621450,82.55,1906800,2170575,84.65,2012700,2016450
16-04-2025 11:35,23330.8,409500,621675,82.55,1916625,2201850,84.6,2008350,2009475
16-04-2025 11:36,23333.3,409800,623775,83.4,1933350,2215950,83.45,2041725,2001450
16-04-2025 11:36,23335,409800,620700,84,1956300,2178975,82.8,1993950,2028975
16-04-2025 11:36,23337,406425,618750,84.65,1959150,2157525,82.9,1948200,2019075
16-04-2025 11:36,23338.2,410925,619875,85.25,1979025,2161650,81.8,1949625,2051775
16-04-2025 11:36,23344,412575,621300,85.15,1961850,2094825,81.9,1943250,2077200
16-04-2025 11:36,23344.9,412725,622050,86.35,1946625,2074200,80.35,1929300,2091825
16-04-2025 11:37,23345,410175,622650,86.4,1943100,2088525,81,1969200,2079300
16-04-2025 11:37,23341.4,410400,630150,85,1969725,2077800,82.65,1970250,2095200
16-04-2025 11:37,23339.1,407400,624000,84.9,1913925,2083350,82.4,1935225,2060850
16-04-2025 11:37,23342.9,406875,615975,84.55,1914825,2126025,82.8,1945650,2088000
16-04-2025 11:37,23340.7,397725,614400,84.4,1920525,2140575,82.8,1955400,2082450
16-04-2025 11:37,23342.4,399300,612975,86,1927875,2143650,81.35,1958475,2106750
16-04-2025 11:38,23339.8,399600,623025,85.25,1941750,2122725,82.25,1971525,2114550
16-04-2025 11:38,23337.5,398475,616200,84.1,1945200,2146500,83,2003325,2129175
16-04-2025 11:38,23337.1,396825,619875,83.45,1942125,2153475,83.9,2004750,2101275
16-04-2025 11:38,23335,389025,616950,80.1,1909500,2177025,87.35,2011650,2066175
16-04-2025 11:38,23330,394725,618225,78.8,1755075,2175750,87.8,2015400,1843500
16-04-2025 11:38,23328,390450,617325,77.65,1746525,2171775,88.7,2008650,1815900
16-04-2025 11:39,23328,392400,614100,78.9,1794225,2152800,88.05,2002575,1805775
16-04-2025 11:39,23328.3,395925,614325,79.15,1822350,2168175,87.7,2007075,1843500
16-04-2025 11:39,23326.5,397275,614250,78.7,1847700,2173500,87.9,2004675,1872750
16-04-2025 11:39,23327,399375,613650,79.9,1886175,2178825,86.65,2002650,1888875
16-04-2025 11:39,23325.4,396525,623025,78.1,1899150,2230575,88.6,1989825,1878975
16-04-2025 11:39,23325.4,401250,622650,78.75,1846125,2251050,88.15,1999725,1844550
16-04-2025 11:40,23326,396525,622650,78.1,1839825,2249550,88.65,2003550,1854675
16-04-2025 11:40,23324,391725,624300,76.65,1949625,2273625,89.1,2014050,1856325
16-04-2025 11:40,23324.1,395850,624675,77.5,1988550,2251725,88.25,1993800,1802100
16-04-2025 11:40,23330,400275,626250,78.65,2014425,2221200,87.45,1982625,1858275
16-04-2025 11:40,23329.4,396075,625950,77.6,1903425,2239800,87.65,1951275,1902600
16-04-2025 11:40,23326.8,394575,626475,76.5,1886775,2277150,88.4,1978800,1896525
16-04-2025 11:41,23330.8,396900,626550,77.25,1853400,2275050,87.6,1982325,1900575
16-04-2025 11:41,23328.4,398325,626250,78.35,2072400,2282175,87,1983300,1916175
16-04-2025 11:41,23325.1,398700,625875,78.2,2095800,2251350,87.5,1972725,1927425
16-04-2025 11:41,23328.4,399900,627600,78,2074575,2273175,87.6,1985700,1935300
16-04-2025 11:41,23325.3,397725,627150,77.25,1930950,2286525,88.95,1997550,1927275
16-04-2025 11:41,23325,396525,630000,76,1894350,2301675,88.85,2012775,1908000
16-04-2025 11:42,23325.1,397575,628050,77.2,1896825,2288475,88.1,2016750,1843275
16-04-2025 11:42,23329.5,403050,624150,78.4,1911300,2241375,86.1,1954125,1890000
16-04-2025 11:42,23328.1,403875,618150,79.2,1927950,2219700,85.95,1927575,1900125
16-04-2025 11:42,23330,405000,617250,79.75,1946175,2197575,85,1925100,1919925
16-04-2025 11:42,23328,396600,618000,76.2,1941225,2236125,88.4,1923375,1909800
16-04-2025 11:42,23329.8,405900,617475,79.15,1922325,2233650,84.5,1933950,1901100
16-04-2025 11:43,23332.4,405300,615450,79.2,1939725,2197875,84.35,1905450,1926375
16-04-2025 11:43,23335,407625,615450,80.6,1972500,2203500,82.45,1878675,1942500
16-04-2025 11:43,23335,407025,614475,80.75,1959600,2141925,82.95,1833150,1944300
16-04-2025 11:43,23335,405525,613725,81.25,1962825,2166150,82.15,1877550,1949775
16-04-2025 11:43,23337.6,405300,613350,82.2,1980675,2162325,81.4,1884075,1959450
16-04-2025 11:43,23337.5,405675,613200,82.75,1986150,2125575,80.5,1889775,1961925
16-04-2025 11:44,23339.9,406200,612450,83.05,1997325,2105475,80.45,1827975,1949325
16-04-2025 11:44,23338,404925,613875,82.7,2013075,2121375,81.6,1964250,1971975
16-04-2025 11:44,23334.3,404400,616350,82.05,1993425,2159025,82.35,2054775,1967250
16-04-2025 11:44,23340,406425,616725,81.9,1934400,2161050,82,2068500,1954500
16-04-2025 11:44,23339.8,406050,613875,83.4,1931625,2150100,80.75,2082150,1979250
16-04-2025 11:44,23344,406425,612600,84.75,1961175,2103975,79.2,2085075,1989600
16-04-2025 11:45,23343.1,405300,612300,84.9,1983300,2071275,79.85,1994400,1998075
16-04-2025 11:45,23341.2,404775,613650,84.1,1990425,2061750,80.75,2054925,2008950
16-04-2025 11:45,23341.2,402900,612900,84.45,1960350,2094225,79.95,2067000,2040300
16-04-2025 11:45,23341.6,406875,613575,84.7,1979775,2087250,80.3,2073375,2055300
16-04-2025 11:45,23340.6,401175,615300,84.15,1952400,2118975,80.75,2111100,2038875
16-04-2025 11:45,23343.9,407025,611775,85.9,1957050,2121075,78.8,2104650,2041050
16-04-2025 11:46,23344.1,403425,614025,85.05,1965075,2066325,80.1,2087925,2037450
16-04-2025 11:46,23345.1,406650,614175,86,1990125,2064825,79.4,2104800,2044800
16-04-2025 11:46,23346.9,404775,613050,85.5,2001075,2066250,79.9,2113875,2052375
16-04-2025 11:46,23347,406725,613050,86.25,2027550,2078700,79.05,2140950,2074575
16-04-2025 11:46,23349.9,407850,612600,86.75,2036700,2077875,78.3,2131725,2084325
16-04-2025 11:46,23347.2,406575,608700,88.2,2070825,2049300,77.3,2102325,2094750
16-04-2025 11:47,23344,405375,615225,87,2064075,2031000,78.5,1987950,2095725
16-04-2025 11:47,23343,403350,617100,86.1,2020275,2063550,79.25,1987800,2096775
16-04-2025 11:47,23345,404850,612825,86,2002650,2091000,79.45,1997025,2095350
16-04-2025 11:47,23345,400950,615375,85.7,2001150,2119425,79.7,2008200,2090175
16-04-2025 11:47,23345,402075,612600,86,2015625,2121975,79.6,2010525,2118000
16-04-2025 11:47,23346,405525,613575,86.55,2026950,2134425,78.95,2016375,2133450
16-04-2025 11:48,23346.5,407100,611400,87,2043600,2104350,79.1,2010900,2146200
16-04-2025 11:48,23347,403275,610875,87.25,2043750,2118000,78.7,2028600,2130450
16-04-2025 11:48,23345,401625,613725,86.3,2048850,2136450,79.2,2057625,2119200
16-04-2025 11:48,23346.9,403200,618225,85.15,1993500,2129625,80.5,2068575,2091525
16-04-2025 11:48,23347,403425,618450,85.75,1967100,2132850,80.2,2087325,2080875
16-04-2025 11:48,23342.7,402825,613875,86.1,1935900,2150400,79.95,2097750,2086050
16-04-2025 11:49,23347.5,400275,616800,85.3,1941900,2163675,80.8,2105175,2079225
16-04-2025 11:49,23342.1,399375,621225,85.05,1921425,2186025,80.8,2104800,2057550
16-04-2025 11:49,23344,401175,619200,86.15,1937700,2166150,80.7,2083650,2063625
16-04-2025 11:49,23343.7,404400,613575,86.95,1952400,2155275,79.8,2073525,2072850
16-04-2025 11:49,23344,403725,613950,87.45,1948350,2117025,79.5,2063475,2086650
16-04-2025 11:49,23347.9,404175,613500,86.95,1964400,2124975,79.95,2078700,2109150
16-04-2025 11:50,23345.2,402525,618750,85.7,1943850,2147925,80.95,2090550,2083200
16-04-2025 11:50,23342.2,399375,621075,84.45,1908675,2153100,81.75,2093100,2038500
16-04-2025 11:50,23341.4,400125,615825,84.75,1880775,2154975,81.5,2101950,2009025
16-04-2025 11:50,23341.1,402225,615075,85.45,1902150,2149125,81.35,2106300,2043975
16-04-2025 11:50,23342.2,402225,616275,85.1,1917600,2150250,81.85,2099550,2046600
16-04-2025 11:50,23341.8,403650,619200,86.95,1948425,2149275,80.35,2094900,2057475
16-04-2025 11:51,23344,404475,621675,86,1950600,2122200,80.95,2001300,2060550
16-04-2025 11:51,23344,403950,624825,86.25,1936500,2138250,81.1,2019450,2078775
16-04-2025 11:51,23341,402525,621825,86.3,1943025,2146650,80.8,2028750,2084775
16-04-2025 11:51,23344,406800,609300,86.7,1941375,2156775,80.2,2030250,2103825
16-04-2025 11:51,23342.3,401025,618000,85.8,1946100,2132475,81.25,1984050,2104875
16-04-2025 11:51,23340.9,402900,620550,84.1,1935375,2127675,82.35,1997925,2112825
16-04-2025 11:52,23339.2,399975,620025,83.5,1888650,2163600,82.2,2098425,2044875
16-04-2025 11:52,23339.4,402075,620175,84.1,1840725,2161950,82.05,2097825,2045325
16-04-2025 11:52,23337.4,401475,619725,83,1867200,2143050,83.1,2113200,2039175
16-04-2025 11:52,0,0,0,84.8,1855575,2156850,81.8,2119425,2047350
16-04-2025 11:52,23339.6,405150,618900,86.05,1876950,2102850,81,2069025,2067825
16-04-2025 11:52,23339.6,403950,619050,85.1,1885800,2109975,81.75,2068950,2072850
16-04-2025 11:53,23338,403050,620775,84.8,1868325,2125650,82.55,2143950,2070825
16-04-2025 11:53,23338.1,401925,621375,84.5,1871400,2124225,82.95,2152200,2076150
16-04-2025 11:53,23339,402825,622200,83.3,1857825,2146650,83.8,2155875,2068425
16-04-2025 11:53,23334.1,401325,621225,83.4,1865550,2168475,83.7,2152800,2027775
16-04-2025 11:53,23333.7,405225,621150,82.8,1883175,2176575,84.35,2176500,2030550
16-04-2025 11:53,23332.5,403425,622350,81.95,1855575,2178750,85.05,2175225,1993350
16-04-2025 11:54,23334,402750,620325,83.25,1854900,2171325,83.8,2134800,1951875
16-04-2025 11:54,23334,404250,617625,83.45,1885200,2160600,83.9,2102850,1974300
16-04-2025 11:54,23335.6,405600,617550,84.2,1912125,2151600,83.55,2104950,1999200
16-04-2025 11:54,23338,405375,617250,84.3,1923825,2149275,83,2115375,2020575
16-04-2025 11:54,23338,401625,618825,83.65,1918800,2178075,83.6,2132175,2024025
16-04-2025 11:54,23336.1,399075,621975,82.35,1890450,2174100,84.9,2143875,2010675
16-04-2025 11:55,23339,403725,621750,84.4,1903050,2173050,83.35,2138550,1987125
16-04-2025 11:55,23339,405525,617025,85.8,1930650,2165625,81.8,2128125,2010975
16-04-2025 11:55,23339.5,408450,615675,86.7,1953600,2085525,80.9,2070375,2032650
16-04-2025 11:55,23344,406725,618075,86.35,1945425,2068500,81.8,2077125,2022750
16-04-2025 11:55,23343.3,402900,621300,86.2,1931550,2093025,82.25,2145150,2021100
16-04-2025 11:55,23344.2,403725,617625,86.4,1951350,2091675,82.2,2166300,2052150
16-04-2025 11:56,23344.8,405975,618675,86.65,1952550,2086800,81.95,2158650,2071350
16-04-2025 11:56,23345,405750,618450,87.05,1966575,2090925,81.4,2155425,2076750
16-04-2025 11:56,23345,406575,620850,86.8,1965150,2033475,81.65,2151900,2082000
16-04-2025 11:56,23339.2,405150,622425,84.9,1962525,2064750,83.1,2174325,2075775
16-04-2025 11:56,23343.1,406200,623925,85.3,1890525,2081400,82.5,2171700,2035200
16-04-2025 11:56,23339.4,406725,624150,85.45,1897200,2099400,81.95,2151750,2046000
16-04-2025 11:57,23344,405900,622200,85.3,1911750,2091975,81.9,2138625,2041800
16-04-2025 11:57,23342.8,404400,623025,85.4,1926975,2096250,82,2137500,2059725
16-04-2025 11:57,23342.7,404325,626625,84.35,1910400,2120400,82.55,2148975,2047125
16-04-2025 11:57,23344.5,405150,623475,84.6,1912500,2111850,81.95,2142600,2053350
16-04-2025 11:57,23344,406800,622200,85.35,1938000,2125125,80.85,2142975,2066250
16-04-2025 11:57,23344,406425,620100,85.7,1962600,2119575,80.5,2094900,2078025
16-04-2025 11:58,23340.5,404025,623700,84.95,1953750,2124375,81.1,2085150,2091975
16-04-2025 11:58,23344,406875,624075,85.5,1953225,2130525,80.2,2046600,2110950
16-04-2025 11:58,23341.4,401775,625500,82.65,1935525,2168400,82.25,2095650,2094450
16-04-2025 11:58,23338.4,406350,626100,82,1839525,2183100,82.05,2101500,2066625
16-04-2025 11:58,0,0,0,83.05,1847700,2151825,80.7,2068800,2093550
16-04-2025 11:58,23338,407325,624750,82.1,1847700,2190900,81.5,2093025,2098950
16-04-2025 11:59,23338,399000,624900,79.35,1821000,2214525,82.7,2141625,2082750
16-04-2025 11:59,23337.4,403875,625500,81,1712550,2209575,81.5,2154375,2068275
16-04-2025 11:59,23336.3,402825,625875,79.15,1734825,2218425,83,2145300,2072325
16-04-2025 11:59,23335,400050,628125,77.2,1750575,2232000,84.85,2169375,2048175
16-04-2025 11:59,23327,398250,630000,75.65,1690425,2235900,86.2,2087475,1977600
16-04-2025 11:59,23329.4,401550,623775,77,1718400,2238075,85.2,2091975,1947450
16-04-2025 12:00,23330.8,405225,626100,78.2,1779225,2237925,84.25,2056575,1967550
16-04-2025 12:00,23330,399375,612750,78.05,1848225,2241600,84.85,2042250,1990875
16-04-2025 12:00,23330,407250,625950,78.8,1859250,2236350,84.05,2049300,1998075
16-04-2025 12:00,0,0,0,77.55,1858125,2275425,84.7,2031300,2011275
16-04-2025 12:00,23333.6,404475,625650,77.95,1879275,2274675,83.9,2022750,2027550
16-04-2025 12:00,23336.8,404850,625725,78.45,1893750,2290425,83.5,2033625,2036625
16-04-2025 12:01,23336.8,403875,626400,77.7,1900500,2278425,83.6,1991550,2042250
16-04-2025 12:01,23331.4,407025,625125,78.35,1918125,2269125,82.8,1991250,2061000
16-04-2025 12:01,23334.5,404625,626175,78.7,1940250,2289975,82.1,2001075,2075400
16-04-2025 12:01,23335.4,403950,624450,79.55,1970925,2270475,81.05,1967925,2077500
16-04-2025 12:01,23336,402900,624750,79.25,1954350,2272575,81.3,1933950,2086425
16-04-2025 12:01,0,0,0,79.6,1951875,2265450,80.6,1951800,2089275
16-04-2025 12:02,23336.5,403275,623550,78.3,1945575,2294400,81.25,1963425,2096850
16-04-2025 12:02,23338,403275,622275,79.4,1921650,2292675,79.95,1963800,2095425
16-04-2025 12:02,23336.9,400200,623325,79.2,1935000,2278500,79.7,1861875,2118150
16-04-2025 12:02,23338,404925,623250,80.1,1963650,2274150,78.6,1862775,2119425
16-04-2025 12:02,23338.5,402075,621900,80.8,1956525,2258325,78.2,1876875,2139600
16-04-2025 12:02,23340.7,405375,620100,81.95,1985925,2233200,77.05,1864500,2173650
16-04-2025 12:03,23344,404925,620400,82,1962150,2221575,77.95,1779150,2157075
16-04-2025 12:03,23342.6,403800,619500,82.6,1963650,2228025,77.95,1831650,2172300
16-04-2025 12:03,23340.6,404850,619425,82.8,1977675,2232450,77.7,1869750,2172525
16-04-2025 12:03,23344,405975,619275,83.2,1954050,2218950,76.85,1867200,2186475
16-04-2025 12:03,23345,402600,620700,82.4,1947150,2246550,77.3,1828500,2219100
16-04-2025 12:03,23345,403725,617850,82.85,1965900,2235975,76.4,1834650,2248350
16-04-2025 12:04,23345.5,401850,617175,83.65,1969275,2232450,75.3,1830300,2251125
16-04-2025 12:04,23345,403500,624675,82.7,1955550,2218725,76.7,1773375,2293800
16-04-2025 12:04,23342.1,398475,621750,81.5,1920675,2246025,77,1729875,2219025
16-04-2025 12:04,23342.1,401250,619575,80.75,1863900,2263950,76.95,1752600,2244150
16-04-2025 12:04,23341.5,401700,624525,81.7,1857675,2267175,75.75,1771725,2285925
16-04-2025 12:04,23341.6,403500,618375,81.5,1905000,2268450,75,1728225,2316225
16-04-2025 12:05,23341.1,404700,623400,80.3,1921425,2274675,75.9,1773150,2302350
16-04-2025 12:05,23344.3,401175,622950,79.85,1880100,2300550,76.45,1793775,2301375
16-04-2025 12:05,23341.2,399600,622500,79.8,1846050,2284500,76.55,1791975,2349225
16-04-2025 12:05,23341.2,399075,620550,80.25,1874250,2284875,75.9,1800375,2363850
16-04-2025 12:05,23346,402750,621375,81.3,1901250,2297475,75.15,1804500,2446725
16-04-2025 12:05,23348.6,402975,621375,81.65,1915950,2264025,74.2,1770375,2463225
16-04-2025 12:06,23346.1,401100,622950,80.45,1896375,2285550,75.2,1740000,2428425
16-04-2025 12:06,23347.2,404025,624300,80.9,1898925,2310750,74.9,1760475,2424225
16-04-2025 12:06,23342.9,403275,620550,81.25,1914225,2308575,74.4,1767525,2438400
16-04-2025 12:06,23341.1,404625,625950,80.35,1929450,2309475,75.5,1773000,2446950
16-04-2025 12:06,23341,398025,623925,78.75,1867800,2324700,75.7,1794300,2403600
16-04-2025 12:06,23338,397350,625575,76.05,1794375,2349675,77,1797525,2342175
16-04-2025 12:07,23338,399075,625425,74.75,1583400,2346075,77.3,1822050,2295900
16-04-2025 12:07,23336.3,401850,624825,74.65,1606575,2360775,77.3,1829325,2298075
16-04-2025 12:07,23336.5,402825,622050,75.75,1685625,2312100,76.75,1819650,2340675
16-04-2025 12:07,23335.6,401775,623850,75.9,1668450,2352225,76.6,1812825,2342850
16-04-2025 12:07,23334.5,402600,623175,76.1,1703625,2369400,76.6,1815750,2358675
16-04-2025 12:07,23334.5,401325,621600,75.3,1742700,2373525,76.8,1833150,2374200
16-04-2025 12:08,23339,403275,618300,77.35,1772625,2373000,74.45,1833825,2382750
16-04-2025 12:08,23345,403650,617025,79.05,1779675,2315700,72.15,1738050,2395425
16-04-2025 12:08,23348,400575,617625,79.55,1762275,2314725,71.2,1642725,2399775
16-04-2025 12:08,23344.1,402375,619650,79.15,1741350,2372925,72,1666500,2396400
16-04-2025 12:08,23344.1,402375,620550,78,1769325,2347800,73.5,1728150,2377800
16-04-2025 12:08,23341.4,397875,620850,77.55,1749225,2361000,73.8,1759050,2385375
16-04-2025 12:09,23344,402375,619425,79.4,1793325,2357700,72.45,1760850,2450025
16-04-2025 12:09,23345,402750,615150,79.6,1829700,2349900,71.75,1762650,2469825
16-04-2025 12:09,23346.1,399000,614325,79.75,1835475,2357775,71.35,1750200,2475225
16-04-2025 12:09,23346.1,400875,617475,78.9,1831950,2397150,72.05,1789575,2436600
16-04-2025 12:09,23346.9,401475,616650,79.2,1835550,2407725,71.4,1802700,2446425
16-04-2025 12:09,23346.8,403125,616800,80.3,1839000,2399625,69.7,1765800,2455275
16-04-2025 12:10,23348,403200,618375,78.95,1837125,2357625,71,1611900,2447550
16-04-2025 12:10,23349,402750,615750,79.85,1828200,2364525,70.2,1617975,2446125
16-04-2025 12:10,23347,402000,617925,79.5,1845750,2378175,70.5,1646925,2479725
16-04-2025 12:10,23347.1,398925,619875,77.75,1835925,2415075,71.6,1696050,2482575
16-04-2025 12:10,23346.3,396450,620700,76.6,1785450,2415825,72.5,1719600,2454000
16-04-2025 12:10,23343.1,399075,621600,76.9,1776525,2391900,72.4,1732350,2409450
16-04-2025 12:11,23343,398025,621000,75.4,1763625,2400675,72.95,1756800,2404050
16-04-2025 12:11,23344.9,400200,619725,76.85,1795575,2390475,72.1,1741200,2396850
16-04-2025 12:11,23344.9,398025,620250,76.85,1816950,2394975,72.55,1756050,2414775
16-04-2025 12:11,23343.7,399300,620550,76.75,1851000,2430000,72.65,1790400,2399475
16-04-2025 12:11,23344.2,398175,617850,77.4,1856850,2413200,72.4,1790475,2422800
16-04-2025 12:11,23345,400875,619050,77.4,1860975,2423625,72,1785900,2430825
16-04-2025 12:12,0,0,0,77.95,1873875,2414700,71.6,1778400,2447325
16-04-2025 12:12,23345,402000,617700,77.9,1877025,2431725,71.45,1776300,2462550
16-04-2025 12:12,23346.9,400125,615225,78.65,1876275,2416200,70.8,1778250,2463375
16-04-2025 12:12,23347,399825,616500,79.45,1904250,2401425,70.65,1784850,2485725
16-04-2025 12:12,23350,400275,614475,79.95,1908675,2381850,69.6,1746825,2487525
16-04-2025 12:12,23349.1,400500,613800,80.8,1892775,2342025,68.3,1731900,2500500
16-04-2025 12:13,23350.3,399450,613125,81.25,1898850,2330400,68.3,1737525,2492475
16-04-2025 12:13,23352.3,399750,615675,81.1,1906650,2325750,68.8,1689675,2504775
16-04-2025 12:13,23350.3,398475,616725,79,1917900,2389950,70.25,1709250,2516625
16-04-2025 12:13,23345.1,401025,619350,77.8,1831275,2405175,70.8,1744275,2443725
16-04-2025 12:13,23345.5,401850,616650,76.75,1807650,2415075,70.8,1757475,2450700
16-04-2025 12:13,0,0,0,78.05,1833150,2412600,69.45,1747200,2476050
16-04-2025 12:14,23345.3,400575,616275,77.2,1858125,2432250,70.5,1763850,2504025
16-04-2025 12:14,23345.9,398175,617850,76.05,1824075,2443350,70.85,1795650,2479425
16-04-2025 12:14,23346,398625,618150,74.9,1809450,2447625,71.4,1796550,2468625
16-04-2025 12:14,23342,397275,617925,74.15,1733175,2462250,71.85,1787400,2452800
16-04-2025 12:14,23341,395925,619500,72.65,1713750,2458350,72.55,1804950,2404425
16-04-2025 12:14,23341,400125,618675,74.75,1727550,2435175,71.85,1795500,2418975
16-04-2025 12:15,23340,396750,618675,73.3,1744500,2433375,72.55,1796400,2420025
16-04-2025 12:15,23338,399525,618300,73.1,1739325,2451825,72.95,1840875,2420775
16-04-2025 12:15,23338.3,398925,618375,74.25,1771650,2438100,73,1846425,2386275
16-04-2025 12:15,23339.9,399450,617700,74.65,1809750,2420550,72.9,1841025,2396700
16-04-2025 12:15,23340.2,399150,616950,75.1,1827975,2427525,71.9,1837350,2434650
16-04-2025 12:15,23344.4,400800,618300,75.4,1832325,2430075,72.1,1786275,2440275
16-04-2025 12:16,23341.5,400050,617700,76,1847475,2441625,71.85,1784400,2437575
16-04-2025 12:16,23342.3,398250,615975,76.45,1840575,2435550,71.5,1780950,2467725
16-04-2025 12:16,23345,400725,617775,75.7,1848375,2465100,72,1792800,2475000
16-04-2025 12:16,23341.7,399750,618600,76.8,1849800,2466375,71.4,1816275,2478075
16-04-2025 12:16,23343,401850,614025,78.15,1856325,2417325,70.85,1817100,2485125
16-04-2025 12:16,23343,398775,613275,77.4,1843200,2406225,71.55,1815000,2493225
16-04-2025 12:17,23345,400425,617325,76.7,1845900,2437650,72.8,1847775,2500425
16-04-2025 12:17,23342,401775,613425,77.8,1833825,2449425,71.85,1849200,2479050
16-04-2025 12:17,23346,403650,612300,78.65,1842000,2428350,71,1835925,2495775
16-04-2025 12:17,23352,403650,612075,80.5,1887825,2381475,69.25,1832625,2519700
16-04-2025 12:17,23348,404250,615675,81.3,1884300,2299425,69.15,1759125,2530800
16-04-2025 12:17,0,0,0,81,1888125,2302200,69.9,1791900,2515200
16-04-2025 12:18,23352,402225,614400,81.4,1898100,2322000,69.8,1813950,2510175
16-04-2025 12:18,23348,402300,615375,81,1915275,2322675,70.45,1839975,2520075
16-04-2025 12:18,23347.1,400425,616050,79.7,1905225,2361900,71.15,1883850,2530050
16-04-2025 12:18,23345,401325,615825,80.35,1865250,2374725,70.7,1880625,2518575
16-04-2025 12:18,23350,402975,615900,81.2,1891950,2367525,69.95,1872525,2554800
16-04-2025 12:18,23352,405225,618075,81.75,1899075,2327925,69.8,1855950,2556900
16-04-2025 12:19,23348.9,399375,617325,80.8,1898550,2326200,70.4,1877850,2549625
16-04-2025 12:19,23350,402525,616350,81.3,1915125,2335125,70.35,1894350,2561550
16-04-2025 12:19,23347.9,401400,617775,82.1,1921650,2329425,71.35,1895325,2558400
16-04-2025 12:19,0,0,0,82.65,1943325,2223825,70.75,1883400,2522850
16-04-2025 12:19,23348.8,399675,614325,82.75,1920825,2168400,71,1887525,2523075
16-04-2025 12:19,23348,401775,613950,83.35,1931025,2182200,71.3,1925475,2537025
16-04-2025 12:20,23346,404925,613725,83.05,1922775,2166075,71.95,1925550,2534925
16-04-2025 12:20,23349.9,403200,612975,83.6,1938975,2153400,72.35,1923525,2519175
16-04-2025 12:20,23349.9,401475,612900,84.5,1981650,2119350,72.9,1924350,2482350
16-04-2025 12:20,23349,403425,612975,84.3,1980825,2039250,72.2,1911975,2493225
16-04-2025 12:20,23347.4,403650,613350,83.3,1927650,2071650,72.8,1909200,2496300
16-04-2025 12:20,23350,402000,612150,83.95,1904925,2100225,72,1908675,2490375
16-04-2025 12:21,23350,401475,612525,83.2,1916775,2108550,72.3,1899900,2502225
16-04-2025 12:21,23346.6,401175,611550,84,1912275,2130900,71.85,1908000,2499150
16-04-2025 12:21,23348,402225,609825,84.95,1925925,2095350,71.25,1897575,2511450
16-04-2025 12:21,23349.1,400650,610950,84.5,1916475,2086200,71.45,1904475,2515725
16-04-2025 12:21,23352,402975,608475,86.1,1946775,2080950,69.75,1902900,2536275
16-04-2025 12:21,23352.7,398475,608175,85.5,1953750,2019300,70.2,1869900,2537625
16-04-2025 12:22,23352.3,402900,608325,86,1957125,2038125,69.8,1877550,2556600
16-04-2025 12:22,23352.3,401925,608100,86.2,1959375,2040000,70.1,1897800,2558550
16-04-2025 12:22,23352.4,400875,608850,86.05,1964100,2019600,70.05,1919325,2558325
16-04-2025 12:22,23354.6,402975,607875,86.35,1956225,2021850,69.85,1928100,2580900
16-04-2025 12:22,23354,402675,607425,87.35,1976625,2007300,69.85,1949700,2581800
16-04-2025 12:22,23353.9,401625,606825,86.7,1988400,2005425,69.1,1967400,2586825
16-04-2025 12:23,23355,401700,607275,86.9,1967475,2009400,69.6,1967625,2586750
16-04-2025 12:23,23353.8,399750,606975,86.75,1959375,2027850,69.6,1984800,2590500
16-04-2025 12:23,23355,399300,606450,86.3,1960425,2038800,69.7,1999950,2591175
16-04-2025 12:23,23355.2,400725,606975,86.35,1955625,2036700,69.6,2005275,2585400
16-04-2025 12:23,23355,400275,607950,85.9,1963125,2059800,69.7,2008950,2589900
16-04-2025 12:23,23355,401250,606900,86.9,1956675,2059125,68.95,2002875,2583375
16-04-2025 12:24,23356,400500,606150,88.45,1974375,2014950,69.2,1986675,2583525
16-04-2025 12:24,23356,403950,606150,88.15,1989975,1942800,68.1,1992975,2584500
16-04-2025 12:24,23359.8,401850,604875,88.45,2009400,1958100,68.3,1891200,2589150
16-04-2025 12:24,23360.3,403050,606450,88.3,2013750,1950150,69.3,1918950,2596500
16-04-2025 12:24,23358,399000,609000,87.2,1993050,1938675,69.9,1937625,2567775
16-04-2025 12:24,23356.8,398700,607350,87,1945425,1947075,69.9,1963425,2572350
16-04-2025 12:25,23355.5,399450,607350,88,1960050,1953675,69.25,1972050,2597850
16-04-2025 12:25,23354.9,401775,607050,87.8,1965600,1955550,69.4,1974000,2604075
16-04-2025 12:25,23359,402600,607050,89.2,1967325,1959825,68.85,1981650,2624025
16-04-2025 12:25,23359,401775,603225,89.85,1975950,1918425,68.5,1978575,2623500
16-04-2025 12:25,23360,402075,603300,89.75,1974750,1822500,68.3,1977150,2640225
16-04-2025 12:25,23359,402825,606450,89.85,1972425,1832550,67.8,1974300,2638575
16-04-2025 12:26,23358.2,403275,607200,89.4,1975875,1855125,68.45,1968150,2648775
16-04-2025 12:26,23359.2,401475,606150,89.25,1977300,1863000,68.2,1946700,2629950
16-04-2025 12:26,23360,403275,606825,87.45,1951125,1916475,68.2,1956000,2610375
16-04-2025 12:26,23356,402600,608250,86.4,1875975,1948050,68.75,1964925,2615700
16-04-2025 12:26,23355,399225,610425,85.4,1857675,1969800,69.35,1992675,2600475
16-04-2025 12:26,23351.3,397125,611625,84.3,1845000,1986675,70.1,1991175,2604450
16-04-2025 12:27,23355,400650,609075,85.1,1829700,1980975,69.65,1983525,2533200
16-04-2025 12:27,23354.8,402600,608775,85.95,1857075,1945275,69.05,1962675,2552850
16-04-2025 12:27,23353.2,400800,611025,85.3,1864875,1964400,69.4,1988250,2560500
16-04-2025 12:27,23353.2,398175,608775,84.1,1858950,2000325,69.45,2007525,2558625
16-04-2025 12:27,23353.6,402075,608325,85.25,1855725,1998900,68.85,2007375,2565525
16-04-2025 12:27,23358,401175,610200,84.2,1876200,1975050,68.75,1990650,2571975
16-04-2025 12:28,23353.9,403200,608625,85.35,1877025,1993050,67.85,1998975,2574975
16-04-2025 12:28,23358,401250,609900,84.8,1867800,1998525,68.25,1957350,2573775
16-04-2025 12:28,23354.9,401250,608100,86.1,1896750,1989150,67.9,1960725,2584725
16-04-2025 12:28,23357.9,399525,610875,85,1908750,1979775,68.5,2003700,2586450
16-04-2025 12:28,23355.1,399450,613125,84.25,1893600,1999500,69.2,2037450,2558475
16-04-2025 12:28,23353,397950,610800,82.5,1866000,2011050,69.55,2042850,2557425
16-04-2025 12:29,23355.1,398550,609900,83.7,1798800,2003625,69,2034750,2564625
16-04-2025 12:29,23353,397875,611250,82.85,1826250,2005875,69.2,2031075,2567100
16-04-2025 12:29,23351.7,400650,612975,82.3,1821375,2022075,69.45,2040225,2571525
16-04-2025 12:29,23351.7,399000,612750,82.4,1830975,2013450,69.45,2034075,2582625
16-04-2025 12:29,23350.2,397575,609750,82.5,1860825,2028450,69.25,2023575,2568825
16-04-2025 12:29,23354.9,401175,613200,81.8,1889175,2021925,69.95,2025525,2569050
16-04-2025 12:30,23352.6,398325,609750,83.25,1892400,1997025,68.2,1998450,2533425
16-04-2025 12:30,23353.5,398325,613575,81.25,1881900,2030175,69.65,1985175,2533650
16-04-2025 12:30,23350.7,401925,615150,81.25,1864350,2027850,69.6,1996200,2567025
16-04-2025 12:30,23350.9,402375,613875,81.6,1892400,2029800,69.8,2001750,2587725
16-04-2025 12:30,23350.1,400350,613650,82.15,1880700,2054475,69.2,2008875,2574225
16-04-2025 12:30,23353.7,402000,610950,84.1,1924800,2047350,68.15,2017200,2589150
16-04-2025 12:31,23353.1,400650,610950,83.7,1903800,2031750,68.45,1953675,2580600
16-04-2025 12:31,0,0,0,83.75,1924950,2031675,69.05,2002125,2598450
16-04-2025 12:31,23354.8,400200,610500,83.7,1931325,2012475,69.1,2019600,2591025
16-04-2025 12:31,23356.4,399225,614400,82.95,1927575,2024025,69.75,2008200,2595975
16-04-2025 12:31,23352,398475,612975,82.25,1910925,2029725,69.7,2021250,2581725
16-04-2025 12:31,23349.7,397875,615750,81.5,1926300,2052750,70.25,2018700,2580000
16-04-2025 12:32,23348.5,396525,614025,80.3,1879950,2058150,70.85,2017725,2527950
16-04-2025 12:32,23346.7,398700,615000,79.95,1842000,2063025,71.4,2015475,2500800
16-04-2025 12:32,23346,394425,612225,79.65,1838625,2076600,71.6,2029650,2491200
16-04-2025 12:32,23346.1,396600,612450,79,1848150,2092725,72.2,2029050,2480625
16-04-2025 12:32,23347.6,397800,611775,80.05,1861575,2067600,71.7,2040600,2475150
16-04-2025 12:32,23350,396225,611325,80.5,1876050,2072700,71.3,2045925,2507925
16-04-2025 12:33,23347.3,399450,612225,81.4,1884150,2060475,71,2039925,2524200
16-04-2025 12:33,23350.7,399750,612300,82.75,1913325,2070300,70.05,2033100,2545125
16-04-2025 12:33,23352.1,401100,611325,83.3,1926975,2050500,69.7,2019225,2552025
16-04-2025 12:33,23350.1,399150,613950,82.45,1917900,2063550,70.2,1965900,2542350
16-04-2025 12:33,23350.6,399750,614175,82.65,1909950,2078700,70.3,1995525,2556375
16-04-2025 12:33,23350.7,399750,611325,82.2,1907025,2094300,70.2,1996350,2572350
16-04-2025 12:34,23351.1,400275,613950,82.7,1920750,2095725,69.7,1992600,2578950
16-04-2025 12:34,23352.7,401100,612975,83.65,1958325,2089050,68.8,1995975,2595300
16-04-2025 12:34,23354,400425,610275,83.9,1961175,2080575,68.6,1983300,2607825
16-04-2025 12:34,23356.5,401250,611775,84.5,1947525,2058075,67.15,1964475,2610150
16-04-2025 12:34,23356,400650,610725,84.6,1944600,2043675,67.75,1857750,2633550
16-04-2025 12:34,23356.5,403725,610950,84.85,1953300,2048550,67.4,1872375,2640450
16-04-2025 12:35,23356.1,403350,612525,85.15,1955250,1986900,67.15,1852350,2664750
16-04-2025 12:35,23358,402675,610425,84.7,1960650,1982475,67.45,1892175,2630250
16-04-2025 12:35,23359.3,402825,612900,85.7,1979850,1985325,66.8,1910925,2647500
16-04-2025 12:35,23359.4,403050,609450,86.35,1995150,1983375,65.8,1904475,2672775
16-04-2025 12:35,23359.5,403275,608925,86.35,1991100,1978200,65.6,1838100,2653575
16-04-2025 12:35,23359.5,404100,608025,86.5,1978575,1972650,66.2,1865400,2658900
16-04-2025 12:36,23360.1,404025,614850,85.6,1958025,2015025,66.6,1887150,2654250
16-04-2025 12:36,23357,402600,612975,85.15,1947150,2041500,67,1904550,2655450
16-04-2025 12:36,23356.8,404700,609525,85,1913700,2059425,66.9,1919850,2660475
16-04-2025 12:36,23358.9,405525,609600,86.1,1929750,2034225,66.05,1934100,2665875
16-04-2025 12:36,23360.5,406800,606225,87.5,1944000,2003625,64.2,1897200,2712900
16-04-2025 12:36,23363.9,408150,608175,87.6,1940475,1985250,64.35,1779000,2718075
16-04-2025 12:37,23364,405075,607950,86.8,1935900,1995300,64.9,1798500,2716725
16-04-2025 12:37,23366,404475,607425,87.4,1949925,2011950,64.65,1824600,2726325
16-04-2025 12:37,23364,408450,607200,88.9,1961175,1951125,62.85,1749900,2707800
16-04-2025 12:37,23369.3,406350,608250,88.5,1978350,1943700,63.4,1728750,2675400
16-04-2025 12:37,23368.9,408225,607050,88.65,1972725,1924800,63.6,1777875,2666925
16-04-2025 12:37,23364.5,405000,607125,87.7,1952400,1946625,63.95,1809300,2675550
16-04-2025 12:38,23361.1,403575,614175,85.75,1914600,2009175,64.7,1842525,2635575
16-04-2025 12:38,23362,404250,612600,86.45,1870575,2007000,64.9,1862475,2607000
16-04-2025 12:38,23362,403425,613125,85.75,1874325,2011875,65.3,1878075,2609475
16-04-2025 12:38,23361,403800,613125,85.05,1879575,2007375,65.3,1881225,2625375
16-04-2025 12:38,23357.1,400275,615750,83.95,1874175,2019375,66,1903725,2611575
16-04-2025 12:38,23357,400050,614475,83.95,1838175,2020725,66.35,1911825,2601225
16-04-2025 12:39,23354.1,398550,615975,82.35,1830300,2026875,66.55,1928625,2588700
16-04-2025 12:39,23357.3,402975,612900,84.4,1861725,2003700,65.65,1912875,2631150
16-04-2025 12:39,23357.3,404475,612450,84.85,1890300,1999500,65.45,1912200,2668275
16-04-2025 12:39,23357.3,402225,615000,84.7,1901400,2019375,65.6,1932600,2671650
16-04-2025 12:39,23362,402975,621225,83.5,1928625,2035800,66.5,1964400,2679150
16-04-2025 12:39,23356,405075,614400,83.6,1903575,2036625,66.15,1948425,2667525
16-04-2025 12:40,23358.8,406800,612525,85.6,1943100,2028150,65.05,1953525,2681700
16-04-2025 12:40,23360,404775,611325,85.8,1955850,2020350,64.8,1916250,2688450
16-04-2025 12:40,23361,404025,614175,84.9,1948950,2044500,64.75,1933725,2680125
16-04-2025 12:40,23361,404250,610950,85.4,1939875,2029200,64.3,1928400,2691450
16-04-2025 12:40,23360.2,404700,610800,85.7,1953300,2033325,64.2,1921725,2726025
16-04-2025 12:40,23363,404850,611925,87.3,1962225,2039775,63.05,1925100,2723175
16-04-2025 12:41,23363.1,402450,614550,86.95,1956525,1985250,63.65,1882275,2728200
16-04-2025 12:41,23360.8,405900,614400,87.25,1939425,1983825,63.4,1910175,2721675
16-04-2025 12:41,23365,405750,612450,86.8,1955175,1988250,63.45,1936125,2736900
16-04-2025 12:41,23365,405675,612450,87,1939650,1996275,63.2,1968975,2741700
16-04-2025 12:41,23367,406650,612900,88.05,1954425,2004150,62.05,1984050,2757600
16-04-2025 12:41,23367,406725,610725,88.45,1969050,1970400,61.6,1894200,2774550
16-04-2025 12:42,23367,406650,612975,87.8,1960050,1975350,62.3,1928250,2773200
16-04-2025 12:42,23367,405600,610875,88.9,1971900,1979100,62.25,1942800,2773275
16-04-2025 12:42,23369,408300,610500,90.7,1963350,1924950,61.4,1941525,2779275
16-04-2025 12:42,23366.1,406725,612450,89.5,1959600,1782000,62.1,1928850,2787900
16-04-2025 12:42,23367.9,407475,611400,90.35,1923975,1785150,61.75,1933725,2775450
16-04-2025 12:42,23369.9,406500,608175,91.4,1950975,1779450,60.8,1934775,2811150
16-04-2025 12:43,23369.9,406500,604500,90.05,1957125,1786350,61.85,1921950,2808300
16-04-2025 12:43,23367,404475,613275,89.45,1923225,1840800,62.15,1945425,2722200
16-04-2025 12:43,23371.1,403950,608325,89.6,1902450,1840425,62.15,1953900,2741775
16-04-2025 12:43,23371.6,405375,605625,90.65,1947675,1836975,62,1955775,2773950
16-04-2025 12:43,23373.5,404925,610725,89.95,2003175,1862700,62.35,1979625,2776800
16-04-2025 12:43,23367,402900,612900,88.8,1984050,1894275,63.35,2014950,2749650
16-04-2025 12:44,23371.6,404400,609375,89.6,1956150,1893675,63.05,2007000,2728800
16-04-2025 12:44,23369,400500,610125,89.4,1975725,1930800,63.05,2009400,2747700
16-04-2025 12:44,23368.2,401325,610500,89,1992375,1948350,63.55,2016150,2729100
16-04-2025 12:44,23370,402300,611400,90.4,1986675,1945050,63,2028375,2706000
16-04-2025 12:44,23365.6,403350,610650,89.15,1972125,1958325,63.55,2033400,2694150
16-04-2025 12:44,23369.1,402675,610500,87.6,1967250,1972200,64.7,2032950,2690250
16-04-2025 12:45,23366,402375,612750,88.8,1912800,1966950,64.6,2039175,2664150
16-04-2025 12:45,23369.6,403050,611250,88.65,1936200,1971225,65.2,2041425,2671200
16-04-2025 12:45,23365,400650,612225,87.9,1923375,1984725,65.3,2060550,2626800
16-04-2025 12:45,23365,403275,610950,89,2072025,1993425,64.65,2052825,2657775
16-04-2025 12:45,23366,404250,609675,89.25,2084700,1977000,64.55,2033925,2671800
16-04-2025 12:45,23364.4,402375,610275,88.1,2090025,1993950,65.3,2034075,2686425
16-04-2025 12:46,23364,402900,609900,88.15,2082450,2001600,65.4,2046300,2679750
16-04-2025 12:46,23361.4,405750,613725,87.8,1918050,2026275,65.5,2054175,2671350
16-04-2025 12:46,23361.3,408975,614250,86.8,1922775,2024100,65.9,2050200,2665725
16-04-2025 12:46,23361.1,405000,612975,86.85,1922775,1953000,65.85,2054025,2677950
16-04-2025 12:46,23361,404775,613425,86.1,1920075,1949475,66.6,2072775,2668350
16-04-2025 12:46,23360,406725,611775,86.35,1903275,1935450,66.8,2056275,2619900
16-04-2025 12:47,23360.1,404625,612900,85.7,1906125,1940550,66.95,2073300,2617050
16-04-2025 12:47,23359.3,404475,612225,85.9,1919325,1941600,67.05,2108250,2582325
16-04-2025 12:47,23358.2,402825,612150,86.2,1938975,1920675,67.2,2072325,2604975
16-04-2025 12:47,23360,404775,612375,86.25,1943400,1909350,67.15,2062275,2650200
16-04-2025 12:47,23360,406875,612600,86.75,1961475,1928925,66.6,2066100,2681325
16-04-2025 12:47,23359.2,405000,613350,85.15,1943625,1938525,67.4,2051175,2656050
16-04-2025 12:48,23357.6,405300,613125,85.15,1878750,1949625,67.4,2055300,2610975
16-04-2025 12:48,23359.7,406275,611775,85.95,1906275,1934700,66.9,2051550,2629275
16-04-2025 12:48,23359.6,406050,611700,86.6,1904700,1928475,66.2,2043450,2654400
16-04-2025 12:48,23360.5,409500,611175,87.15,1948350,1934775,65.95,2013000,2668125
16-04-2025 12:48,23361.6,411825,610950,87.7,1941825,1934475,65.3,2017425,2684400
16-04-2025 12:48,0,0,0,88,1940175,1924350,65.35,2007300,2683200
16-04-2025 12:49,23361.7,409950,611100,87.65,1923825,1889250,65.55,1980600,2673150
16-04-2025 12:49,0,0,0,85.9,1933350,1930200,65.95,2009325,2681475
16-04-2025 12:49,23360,406200,612600,85.25,1901475,1938150,66.65,2029500,2665125
16-04-2025 12:49,23360,403875,615000,84.1,1861200,1944000,67.1,2052900,2665650
16-04-2025 12:49,23356,403125,615750,83.9,1858650,1962675,67.1,2044575,2619600
16-04-2025 12:49,23356.2,404175,615825,84.3,1857600,1957050,67.05,2046525,2632350
16-04-2025 12:50,23357,404400,615225,83.8,1868175,1969800,67.5,2043000,2640600
16-04-2025 12:50,23356.2,407850,615675,84.15,1861650,1975950,67.05,2059050,2695125
16-04-2025 12:50,23357,403425,614700,83.85,1870275,1963350,67.45,2072550,2684475
16-04-2025 12:50,23358,401175,614625,83.3,1856250,1986825,67.65,2083725,2676375
16-04-2025 12:50,23356,401175,616500,82.75,1814025,1992825,67.9,2079075,2678475
16-04-2025 12:50,23358.5,401250,615900,83.6,1831650,1987500,67.2,2075100,2697300
16-04-2025 12:51,23358,402900,619875,82.6,1850325,1980750,67.9,2078250,2701500
16-04-2025 12:51,23358,406575,615525,84.95,1889025,1973925,65.75,2104350,2729250
16-04-2025 12:51,23358,406350,613800,85.2,1885425,1927275,65.65,1980150,2728425
16-04-2025 12:51,23356.9,405825,615225,84.35,1881900,1953600,66.25,2004675,2729100
16-04-2025 12:51,23358,405675,615975,83.8,1867500,1965150,66.7,2045175,2677500
16-04-2025 12:51,0,0,0,83.6,1851600,1980825,66.7,2053800,2682075
16-04-2025 12:52,23356.9,406350,615375,85.3,1887075,1958775,65.5,2037000,2700750
16-04-2025 12:52,23358.1,406575,613725,85.9,1913550,1933425,65.2,2012700,2719425
16-04-2025 12:52,23358.1,403800,614550,84.7,1923150,1951050,66.05,2027625,2720775
16-04-2025 12:52,23358.5,408075,613050,85.45,1908675,1950225,65.65,2046150,2711850
16-04-2025 12:52,23358.8,407400,613350,85.2,1917450,1965750,65.9,2058600,2718975
16-04-2025 12:52,23359,405000,612675,86.1,1923525,1990800,65.15,2072250,2729100
16-04-2025 12:53,23358.7,406875,612675,85.6,1914900,1970100,65.7,2068650,2737425
16-04-2025 12:53,23357,405075,613875,84.45,1893525,1993500,66.5,2120850,2713650
16-04-2025 12:53,23357,404250,614250,84.65,1870800,1997025,66.65,2130900,2701800
16-04-2025 12:53,23358.7,406350,614175,85.65,1898700,1984800,65.65,2126250,2723475
16-04-2025 12:53,23358.7,405825,612450,85.65,1906500,1960650,65.5,2084475,2736450
16-04-2025 12:53,23360,404775,611625,86.8,1896450,1954725,64.3,2059575,2737050
16-04-2025 12:54,23359.6,404400,613275,85.35,1886025,1979400,65.5,2030925,2729775
16-04-2025 12:54,23357.8,405075,612675,86.1,1886625,1971900,65.2,2037675,2740575
16-04-2025 12:54,23357.6,406050,615750,84.4,1891275,1995900,66.2,2056200,2748975
16-04-2025 12:54,23359.8,402600,616350,83.6,1860975,1992375,66.85,2074275,2693550
16-04-2025 12:54,23355,403650,616200,83.4,1835850,1992075,67.5,2089500,2676300
16-04-2025 12:54,23355,402525,617475,83.25,1838850,1998675,67.35,2093625,2669400
16-04-2025 12:55,23355,402375,614100,84.15,1854150,1991100,67.15,2080575,2649150
16-04-2025 12:55,23354.4,402825,614700,84.65,1871775,1996500,66.4,2077050,2657775
16-04-2025 12:55,0,0,0,83.7,1879575,2018550,67.05,2102775,2669475
16-04-2025 12:55,23357,402900,615000,83.95,1893450,2015025,67.2,2120775,2665125
16-04-2025 12:55,23358.9,404775,614625,83.6,1873200,2036400,67.55,2140200,2646450
16-04-2025 12:55,23355,402825,612600,84.1,1874175,2030775,67.05,2150100,2677575
16-04-2025 12:56,23355,404850,613800,84.3,1883025,2025825,66.75,2133075,2698650
16-04-2025 12:56,23358.9,404175,612900,85.2,1892700,2013075,66.25,2127750,2719650
16-04-2025 12:56,23358.9,401700,615525,83.05,1885050,2009700,67.85,2129250,2703300
16-04-2025 12:56,23355,400725,619200,81.9,1827975,2029350,68.2,2135175,2610600
16-04-2025 12:56,23355,399150,619275,81.8,1817025,2031300,68.4,2116950,2616600
16-04-2025 12:56,23354,398700,615675,81.95,1825575,2022075,68.55,2147475,2618850
16-04-2025 12:57,23354,399150,617175,82.4,1868325,2010975,68.25,2144175,2632425
16-04-2025 12:57,23353.2,400800,615975,82.75,1881300,2015925,67.9,2140425,2656425
16-04-2025 12:57,23353.2,400500,616500,83.05,1891650,2008500,67.7,2111250,2666925
16-04-2025 12:57,23353.2,399150,616275,82.85,1888500,2022525,67.85,2126700,2670675
16-04-2025 12:57,23354,401100,616275,82.8,1891200,2038875,68.1,2145000,2665125
16-04-2025 12:57,23353.3,402375,615375,83.45,1910175,2018775,67.2,2137800,2674050
16-04-2025 12:58,23353.5,401775,618150,83.8,1911825,2013750,66.8,2111250,2690850
16-04-2025 12:58,23353,399675,617700,81.75,1878300,2035950,68.4,2143200,2679225
16-04-2025 12:58,23352,398700,618375,81,1848000,2044500,69,2145675,2629350
16-04-2025 12:58,23350.1,399750,619125,80.2,1827150,2045025,69.9,2154525,2580075
16-04-2025 12:58,23352,400500,617925,80.9,1853025,2061975,69.7,2158575,2561625
16-04-2025 12:58,23352,401850,619725,79.9,1855950,2094750,70.05,2176500,2553825
16-04-2025 12:59,23352,404100,621375,79.95,1759950,2071725,70.45,2169075,2500500
16-04-2025 12:59,23350,402525,624825,78.2,1771425,2089800,71.85,2219475,2516025
16-04-2025 12:59,23350,400950,622350,79,1764675,2088825,70.85,2226225,2497950
16-04-2025 12:59,23347.5,401025,618075,79.65,1785075,2057775,71.2,2186775,2524725
16-04-2025 12:59,23345.7,402225,618675,79.6,1807200,2071425,70.95,2193150,2543250
16-04-2025 12:59,23347,402450,616425,79.65,1844475,2064675,70.7,2168250,2562225
16-04-2025 13:00,23347.6,399750,617475,78.1,1804200,2060325,71.85,2195775,2577450
16-04-2025 13:00,23347.5,399375,616725,80.65,1842675,2055150,69.5,2199450,2602275
16-04-2025 13:00,23349.9,400050,617250,81.2,1846050,2012400,69.2,2093325,2614500
16-04-2025 13:00,23350,396300,617175,80.8,1864275,2008125,69.6,2072850,2637225
16-04-2025 13:00,23350,395775,620775,80.2,1854675,2031225,70,2085825,2662425
16-04-2025 13:00,23350.3,395850,621000,80,1836075,2038500,70.05,2095050,2663700
16-04-2025 13:01,23351,396450,617925,80.3,1847625,2047125,69.6,2091600,2677050
16-04-2025 13:01,23351,395625,617850,80.35,1845375,2057475,69.6,2100600,2696175
16-04-2025 13:01,23350,396300,617625,80.15,1844175,2064600,69.9,2103525,2694525
16-04-2025 13:01,23349.9,397950,617550,80.25,1859175,2062650,69.75,2111625,2712675
16-04-2025 13:01,23348.7,400500,616050,81.25,1878075,2042175,68.6,2108850,2715750
16-04-2025 13:01,23349,400875,616800,81.6,1885650,2056725,68.45,2083050,2725800
16-04-2025 13:02,23349.2,397125,615825,81.6,1892550,2038425,69.1,2087625,2726925
16-04-2025 13:02,23350.1,399525,615900,82.65,1889475,2032500,68.2,2091150,2752425
16-04-2025 13:02,23354.7,400500,616650,82.25,1881675,2055900,68.35,2046525,2760300
16-04-2025 13:02,23350.4,399300,616800,81.9,1859925,2061075,68,2059425,2775825
16-04-2025 13:02,23350.4,401775,615750,81.8,1877325,2051025,67.8,2053500,2780775
16-04-2025 13:02,23352.2,398250,617100,80.05,1873200,2069475,69.6,2031075,2753475
16-04-2025 13:03,23346.9,401175,617400,80.1,1825800,2082750,69.3,2045550,2750250
16-04-2025 13:03,23350,401025,618300,80.6,1802475,2090325,69.05,2044425,2779425
16-04-2025 13:03,23346.6,399075,618600,80.4,1824525,2093400,69.2,2074500,2772225
16-04-2025 13:03,23351.5,385950,618000,80.25,1818450,2110200,69.4,2089275,2769000
16-04-2025 13:03,23345.6,399525,619200,79.2,1808925,2120475,69.85,2106675,2721525
16-04-2025 13:03,23345.6,396900,620625,79.1,1814475,2127750,70,2114550,2719275
16-04-2025 13:04,23345.1,396600,619800,79.25,1819800,2126100,70,2122500,2660700
16-04-2025 13:04,23345.1,396375,621300,79.55,1803375,2128500,70.25,2088675,2686875
16-04-2025 13:04,23349.6,396900,624075,79.4,1814325,2122425,70.4,2083875,2700525
16-04-2025 13:04,23347,399750,619950,79.4,1822425,2136600,70.2,2086575,2713650
16-04-2025 13:04,23346,396750,621525,79.55,1822425,2129175,70.4,2093550,2731350
16-04-2025 13:04,23347,397050,619125,80.8,1840950,2121000,68.8,2076450,2755650
16-04-2025 13:05,23344.6,397200,619650,78.2,1830075,2148525,70.8,2054025,2767725
16-04-2025 13:05,23343.7,394200,619575,78.3,1769100,2137125,71.05,2073600,2672700
16-04-2025 13:05,23345,395250,619575,78.65,1779900,2147250,70.7,2079000,2697000
16-04-2025 13:05,23344.5,395550,618150,78.85,1788600,2148000,70.8,2073150,2718525
16-04-2025 13:05,23344.5,395700,617625,79.65,1807350,2157750,70.4,2062125,2715675
16-04-2025 13:05,23343.4,395925,618375,78.9,1796325,2161800,70.85,2062425,2741700
16-04-2025 13:06,23344.1,395625,618900,79.3,1815825,2172300,70.4,2067375,2733750
16-04-2025 13:06,23345,395925,619050,79.6,1834425,2174550,70.15,2077575,2748300
16-04-2025 13:06,23343.5,396300,618825,78.8,1844250,2182725,70.35,2081925,2749575
16-04-2025 13:06,23342.5,395850,619875,77.6,1811475,2192100,71.4,2118300,2738100
16-04-2025 13:06,23342.1,397950,619500,79,1830750,2172300,70.35,2122575,2695350
16-04-2025 13:06,23342.2,397125,619200,78.8,1828050,2160600,70.7,2123400,2701050
16-04-2025 13:07,23342.1,397200,619800,78.5,1852950,2171625,70.6,2143200,2697375
16-04-2025 13:07,23343.2,397275,619275,78.3,1864125,2179650,70.8,2168175,2703375
16-04-2025 13:07,23341,396750,620400,76.8,1839150,2191725,71.6,2200800,2695950
16-04-2025 13:07,23341,395700,621750,76.5,1774950,2189250,71.95,2201925,2590425
16-04-2025 13:07,23340,396150,627900,75.8,1795575,2166075,72.55,2254200,2580075
16-04-2025 13:07,23336.7,396825,621300,76.1,1729875,2160150,72.7,2243850,2518875
16-04-2025 13:08,23338.8,396450,621750,76.6,1755375,2153325,72.35,2238375,2572275
16-04-2025 13:08,23342.2,399225,616725,77.6,1780950,2114025,70.9,2125050,2615775
16-04-2025 13:08,23342.6,396150,618675,77.05,1778175,2137650,71.15,2129775,2640300
16-04-2025 13:08,23342.6,396525,620775,76.35,1791150,2147850,71.9,2133375,2661825
16-04-2025 13:08,23340.5,396525,620250,76.6,1797975,2151000,71.7,2148225,2647425
16-04-2025 13:08,23340.5,396675,619575,76.6,1809225,2154225,71.65,2150700,2670375
16-04-2025 13:09,23339,396150,618825,76.05,1814850,2178375,72.1,2173575,2668350
16-04-2025 13:09,23338.1,399150,618975,76.5,1827675,2165775,72.1,2159400,2642550
16-04-2025 13:09,23339.1,398250,618675,76.6,1824900,2172000,71.2,2163075,2667675
16-04-2025 13:09,23338.2,397800,619200,75.5,1820850,2194575,72.15,2136600,2679900
16-04-2025 13:09,23338.2,398850,618375,76.5,1820550,2187075,71.65,2151375,2653650
16-04-2025 13:09,23340,397800,618225,76.9,1841625,2189325,71,2163450,2682525
16-04-2025 13:10,23340,399000,619800,76.15,1858800,2160225,72,2161875,2685300
16-04-2025 13:10,23337.4,399825,619650,76.15,1831275,2173500,72.1,2179650,2645625
16-04-2025 13:10,23337.5,399600,617550,75.6,1825500,2160675,72,2195175,2638125
16-04-2025 13:10,23340,403425,619350,76.15,1834050,2145000,72.2,2191575,2652525
16-04-2025 13:10,23340,398175,619125,76.3,1846200,2146950,71.75,2197275,2653800
16-04-2025 13:10,23338,403050,618225,76.7,1870800,2137800,70.85,2193825,2690100
16-04-2025 13:11,23339,401475,618225,76.65,1870875,2137200,70.9,2161050,2708550
16-04-2025 13:11,23339.4,402675,617925,76.9,1880025,2143650,70.7,2170725,2731500
16-04-2025 13:11,23340.5,403125,616950,77.7,1889625,2129475,70.2,2170725,2745375
16-04-2025 13:11,23344.9,404475,616875,78.1,1908975,2097900,70.15,2101050,2758050
16-04-2025 13:11,23344.9,405150,619725,78.3,1908000,2100375,70.15,2067000,2762550
16-04-2025 13:11,23342.5,407700,616725,79,1925475,2096850,69.35,2061375,2768925
16-04-2025 13:12,23342.1,408300,617325,79.3,1929000,2068575,68.8,2007000,2775750
16-04-2025 13:12,23342.2,407850,616725,79.05,1922700,2086575,69.85,2037825,2782950
16-04-2025 13:12,23342.5,408375,618375,78.6,1919775,2118375,69.8,2056050,2770950
16-04-2025 13:12,23342.7,407400,618900,78.35,1919175,2120700,69.85,2038575,2757525
16-04-2025 13:12,23348.4,407175,618975,78.8,1908225,2125050,69.2,2047950,2780100
16-04-2025 13:12,23348.4,408750,618600,79.35,1925100,2113350,68.4,2028825,2793450
16-04-2025 13:13,23345.8,409275,617850,79.4,1957050,2097225,68.5,2002800,2800875
16-04-2025 13:13,23347,408675,616725,79.7,1945575,2096325,68.6,1998600,2775000
16-04-2025 13:13,23349.9,408525,615450,80.4,1959075,2082675,68.15,1979625,2791200
16-04-2025 13:13,23352.9,409800,615825,81.25,1939650,2015850,67.05,1908525,2802900
16-04-2025 13:13,23354.8,411450,614175,81.95,1945125,1980375,66.1,1881375,2806350
16-04-2025 13:13,23355,412050,613050,82.85,1951800,1982550,65.15,1844250,2736675
16-04-2025 13:14,23353.9,410325,612825,83.4,1962375,1972725,65.75,1770675,2732025
16-04-2025 13:14,23355.8,410175,611325,85.45,2017725,1964850,64.2,1795425,2702625
16-04-2025 13:14,23360,408000,614700,84.2,2026050,1914150,65.05,1785300,2712300
16-04-2025 13:14,23360.2,410025,613050,85,1992900,1923300,64.75,1798725,2712825
16-04-2025 13:14,23357.7,405750,617550,84.2,1993125,1942050,66,1862850,2714250
16-04-2025 13:14,23358,404775,615075,84.6,1971075,1969725,65.55,1870875,2679675
16-04-2025 13:15,23361.8,405150,614475,84.8,1987950,1953825,65.5,1868025,2705250
16-04-2025 13:15,23354.5,405975,618225,84.2,1976250,1970175,65.9,1892850,2693100
16-04-2025 13:15,23355.3,406350,619125,83.7,1933575,1995225,65.95,1904475,2680125
16-04-2025 13:15,23356,405750,614400,83.2,1892175,2023125,66.2,1948575,2688075
16-04-2025 13:15,23354.4,404625,620550,83,1889700,2024775,66.6,1942725,2693625
16-04-2025 13:15,23354.1,405450,614400,82.45,1894350,2039100,66.9,1953750,2701425
16-04-2025 13:16,23355,404400,619500,80.9,1892550,2057850,68,1985625,2659875
16-04-2025 13:16,23355,398625,614700,81.3,1828125,2050275,68.45,1981500,2614875
16-04-2025 13:16,23350,402450,616275,79.6,1818600,2072475,69.8,1984950,2606925
16-04-2025 13:16,23346.3,402075,618675,79.55,1732425,2062725,70.05,1998825,2596800
16-04-2025 13:16,23345,401625,616275,77.75,1727025,2091450,71.6,2014275,2532000
16-04-2025 13:16,23345,401400,618675,76.45,1686825,2108925,72.65,2060100,2474175
16-04-2025 13:17,23343.1,401850,617925,76.3,1688475,2091525,73.2,2066625,2403675
16-04-2025 13:17,23340.7,399000,621075,74.25,1671675,2157150,74.8,2044050,2390475
16-04-2025 13:17,23338.1,398700,618150,73.35,1589175,2155575,75.15,2034000,2382450
16-04-2025 13:17,23340,399300,615675,74.5,1645425,2146125,74.85,2005725,2453550
16-04-2025 13:17,23338.3,398775,618150,73.95,1690800,2118450,75.55,2022600,2470200
16-04-2025 13:17,23335.1,392775,613725,72.1,1597800,2136975,77.8,2049000,2211525
16-04-2025 13:18,23331.3,392550,615525,70.95,1582050,2144100,78.45,2031150,2193375
16-04-2025 13:18,23332.1,393825,612600,71.5,1594725,2153925,78.5,2035575,2180100
16-04-2025 13:18,23332.6,394650,611775,71.9,1661700,2124375,78.05,2024250,2221650
16-04-2025 13:18,23334.4,395475,611025,71.4,1697325,2165550,79.75,2036775,2224350
16-04-2025 13:18,23333,394950,614025,71.75,1685625,2176275,79.45,2037300,2199900
16-04-2025 13:18,23332,396225,613575,72.5,1703400,2158425,78.3,2041575,2189325
16-04-2025 13:19,23336,398250,610650,72.75,1730250,2117475,77.45,2039700,2212950
16-04-2025 13:19,23335,398400,614700,72.1,1781325,2130675,78.8,1960125,2228475
16-04-2025 13:19,23330.8,396825,615150,71.6,1709550,2148000,79.85,1985325,2187900
16-04-2025 13:19,23330.1,397050,614925,71.85,1729200,2144250,79.45,1997325,2169375
16-04-2025 13:19,23330.3,399000,614175,71.7,1736700,2155125,79.75,2013225,2175450
16-04-2025 13:19,23332,398850,614475,71.25,1733625,2159025,80.8,2052150,2173950
16-04-2025 13:20,23333,401325,614100,72.15,1741500,2160225,79.4,2041275,2180325
16-04-2025 13:20,23330,404400,611775,72.2,1767075,2154525,79.6,2028000,2200575
16-04-2025 13:20,23330,399300,615975,69.6,1771050,2209125,81.95,2066025,2197950
16-04-2025 13:20,23328,395475,612825,69.45,1606500,2222775,83.25,2081625,2090700
16-04-2025 13:20,23325.6,390000,613875,69.8,1634325,2219625,85.05,2152800,2016600
16-04-2025 13:20,23327,390000,614775,69.65,1623975,2231400,84.7,2125725,1939350
16-04-2025 13:21,23325,390150,614850,69.8,1647000,2260800,84.2,2188275,1961100
16-04-2025 13:21,23323.7,391200,612000,69.45,1674225,2259300,83.5,2172075,2015175
16-04-2025 13:21,23324,392100,612375,69.8,1687725,2244375,85,2186175,2025750
16-04-2025 13:21,23325.7,394800,612675,70.3,1726575,2252100,83.5,2206350,2046675
16-04-2025 13:21,23325.6,394650,609600,71.2,1766175,2238450,81.3,2130750,2109075
16-04-2025 13:21,23325.8,397200,610650,71.1,1760475,2227350,82.15,2078475,2123025
16-04-2025 13:22,23327,396000,610275,71.05,1767525,2252325,82.15,2053725,2161125
16-04-2025 13:22,23325,395850,610875,70.75,1771050,2276250,82.8,2107275,2172825
16-04-2025 13:22,23325,395250,612225,69.65,1768350,2299350,83.4,2153100,2132925
16-04-2025 13:22,23325,394575,612450,70.95,1731375,2286225,81.15,2101500,2183850
16-04-2025 13:22,23323.5,394800,611100,69.75,1754925,2296575,81.9,2066550,2215125
16-04-2025 13:22,23326,396825,613350,68.5,1747200,2309100,83.4,2096175,2210475
16-04-2025 13:23,23321.8,395850,611850,68.45,1742325,2320575,83.95,2120250,2190375
16-04-2025 13:23,23321.4,392925,613425,69.55,1774575,2326875,82.7,2165025,2202225
16-04-2025 13:23,23320.2,390075,617475,67.6,1779450,2356425,84.75,2180925,2213025
16-04-2025 13:23,23318.8,391725,615450,68.9,1725675,2338800,83.9,2192325,2204025
16-04-2025 13:23,23320.5,393975,614400,69.2,1765125,2326350,83.1,2184825,2235750
16-04-2025 13:23,23323,395250,614025,69.2,1789050,2321700,82.2,2158875,2269275
16-04-2025 13:24,23323,393075,613800,68.1,1761450,2350275,83.55,2120700,2248350
16-04-2025 13:24,23322.1,393525,614550,67.5,1745100,2357775,84.1,2156775,2263275
16-04-2025 13:24,23312.5,392325,621600,64.7,1762200,2360325,88.55,2194200,2236875
16-04-2025 13:24,23313,393825,614775,65.1,1556400,2337750,87.7,2196900,1918050
16-04-2025 13:24,23314,393750,612450,66.05,1590450,2348325,85.45,2225325,1965300
16-04-2025 13:24,23314.5,394575,612825,66.1,1656525,2339250,85.5,2191350,2003400
16-04-2025 13:25,23315.1,396300,611625,66.15,1704150,2324625,85.35,2179875,2069775
16-04-2025 13:25,23316.8,394275,613800,65.05,1692225,2386575,86.4,2154450,2066325
16-04-2025 13:25,23313.1,396075,614925,64.4,1659900,2409300,86.4,2149875,2002125
16-04-2025 13:25,23312,395700,617250,63.85,1624050,2415150,87.2,2182500,2005350
16-04-2025 13:25,23311,392775,615750,63.15,1657725,2404500,88.25,2207775,1987800
16-04-2025 13:25,23310.9,393900,614925,64.15,1706625,2381475,86.9,2205525,2038275
16-04-2025 13:26,23310.8,395250,615825,63.3,1738350,2365575,88.25,2187450,2058525
16-04-2025 13:26,23312.9,390975,616650,63,1724175,2383875,88.55,2206950,2016150
16-04-2025 13:26,23311,388275,615300,62.8,1777800,2394225,89.2,2198325,1998525
16-04-2025 13:26,23315,393375,614475,64,1883550,2392125,87.75,2196300,2034000
16-04-2025 13:26,23315.8,393675,614250,64.3,1929675,2372325,87.3,2128500,2074725
16-04-2025 13:26,23310.7,394275,619200,63.4,1911600,2398200,89.3,2136525,2073225
16-04-2025 13:27,23312.1,394800,616500,64.5,1923975,2408925,87.3,2151075,2055975
16-04-2025 13:27,23315,396900,616125,64.35,1972725,2411775,87.1,2115225,2097225
16-04-2025 13:27,23316.9,396900,619275,64.65,1994475,2421975,86.6,2082075,2126550
16-04-2025 13:27,23313,396675,615375,64.8,2019000,2438475,86.55,2079750,2135625
16-04-2025 13:27,23319.2,400275,615825,64.9,2036100,2416350,85.7,2046675,2152350
16-04-2025 13:27,23315.3,394725,617550,63.35,2021400,2457000,88.35,2024100,2144775
16-04-2025 13:28,23313.8,394425,619875,62.5,1912950,2466375,88.95,2017575,2069400
16-04-2025 13:28,23306,393750,623025,60.2,1883625,2472600,91.65,2092575,2060025
16-04-2025 13:28,23305,386550,620625,58.85,1686750,2479425,93.3,2102925,1762125
16-04-2025 13:28,23304,394425,619800,60.3,1636200,2447250,92.25,2093550,1816125
16-04-2025 13:28,23308,391275,619350,60.4,1709925,2433825,91.95,2090700,1866900
16-04-2025 13:28,23303.2,391575,618300,60.6,1737000,2462475,92.4,2119725,1898325
16-04-2025 13:29,23304.9,393675,615900,61.05,1783200,2449575,90.2,2114325,1919475
16-04-2025 13:29,23310,396750,616650,61.7,1853400,2429400,90.15,1979550,1957200
16-04-2025 13:29,23309,394500,616275,61,1877250,2430075,91.05,2009175,1996125
16-04-2025 13:29,23305,391425,616575,60.55,1846950,2452425,91.75,2003775,1985400
16-04-2025 13:29,23303.1,391275,617850,59.6,1807350,2478900,92.85,2020950,1923450
16-04-2025 13:29,23308,394200,615225,60.7,1833675,2439900,91.7,2019900,1905750
16-04-2025 13:30,23303.7,393975,617475,60.9,1859175,2444025,90.8,1997175,1940325
16-04-2025 13:30,23308,397800,616950,61.4,1934325,2441250,90.75,1954500,1972650
16-04-2025 13:30,23305.1,398325,618075,61.05,1945125,2480550,91.7,1967100,1970025
16-04-2025 13:30,23302.7,397875,620100,60.65,1963425,2513625,91.9,1991250,1970550
16-04-2025 13:30,23308,399075,615975,61.2,1974450,2503050,91.4,1997475,1945800
16-04-2025 13:30,23312.1,398250,616800,62.4,2010450,2450400,89.7,1960275,1992150
16-04-2025 13:31,23310,397875,619650,61.4,2006250,2437725,91.05,1940175,1985925
16-04-2025 13:31,23310,398700,618150,61.65,2033700,2459850,91,1955475,2000025
16-04-2025 13:31,23311,399525,615300,62.4,2079000,2480775,89.6,1969275,2017275
16-04-2025 13:31,23308.4,395100,618375,61.55,2099700,2485050,91,1980900,2022000
16-04-2025 13:31,23306.2,400575,616875,61.45,2082000,2500275,91.25,1984200,1973550
16-04-2025 13:31,23309,397950,618975,60.4,2097300,2527800,92.8,1997550,1980975
16-04-2025 13:32,23305.6,394575,620850,59.6,2067975,2555100,93.85,1984200,1926825
16-04-2025 13:32,23301.4,392325,620850,59.05,1998975,2579550,98.2,2012925,1863450
16-04-2025 13:32,23300,387075,620325,59,1970325,2599800,97.55,2030025,1603125
16-04-2025 13:32,23300.8,383625,615075,60.3,2041275,2558400,95.35,1995225,1631625
16-04-2025 13:32,23303,387825,615825,61.15,2054325,2564025,94.35,1910550,1661625
16-04-2025 13:32,23308,389550,616200,61.6,2095650,2514675,93.55,1905225,1726425
16-04-2025 13:33,23303,392025,615225,62,2144550,2524425,93.6,1931625,1736700
16-04-2025 13:33,23302.1,390375,617400,61.7,2132175,2520825,95,1975275,1742625
16-04-2025 13:33,23304,387300,617250,60.7,2123625,2549625,96.15,1981725,1747500
16-04-2025 13:33,23303,388725,617175,60.55,2111325,2576025,95.35,1981350,1753650
16-04-2025 13:33,23303.8,387675,616575,61.7,2151975,2552250,93.4,1955775,1811850
16-04-2025 13:33,23303.5,387975,616800,61.9,2208525,2555025,93.05,1907175,1862100
16-04-2025 13:34,23306.9,386100,619650,61.15,2204850,2556225,94.3,1959375,1857825
16-04-2025 13:34,23305,384750,618075,60.9,2196900,2577300,95.05,1983675,1862700
16-04-2025 13:34,23301.2,386775,624750,61.25,2214375,2587950,94.65,1995600,1830300
16-04-2025 13:34,23305,385800,617325,61.25,2245950,2573700,94.45,1982700,1820550
16-04-2025 13:34,23302,389700,618825,60.95,2271750,2594175,95,1976175,1854300
16-04-2025 13:34,23300,386175,618825,59.8,2302350,2626875,97,2017575,1824300
16-04-2025 13:35,23303.9,386625,618975,60.25,2112450,2633400,95.75,2024175,1719600
16-04-2025 13:35,23302.6,389175,616125,61.45,2157000,2597700,93.9,1985925,1758225
16-04-2025 13:35,23304,390150,617325,61.75,2165850,2591400,93.1,1938150,1790475
16-04-2025 13:35,23306,392025,616200,62.35,2200500,2588925,92,1911225,1816725
16-04-2025 13:35,23306.8,392550,616275,61.2,2221200,2595150,94.15,1921125,1824975
16-04-2025 13:35,23305.4,393300,618225,62.25,2187225,2598075,93.7,1942575,1823175
16-04-2025 13:36,23306,392025,618675,62.05,2196675,2643300,93.75,1978350,1830300
16-04-2025 13:36,23305,394050,619575,62.5,2242275,2643450,92.15,1971300,1860525
16-04-2025 13:36,23309.2,393975,618000,62.8,2273325,2632500,91.8,1963125,1881375
16-04-2025 13:36,23309.2,393975,619275,62.8,2301150,2633925,90.9,1926525,1887975
16-04-2025 13:36,23310,395625,618525,63.45,2319900,2613150,90.2,1912425,1894725
16-04-2025 13:36,23314.9,392775,618975,63.3,2333025,2566425,90.5,1875975,1870125
16-04-2025 13:37,23310,394200,620250,62.7,2297550,2594100,91.9,1909125,1865625
16-04-2025 13:37,23314,390375,617250,63.35,2323050,2606100,90.2,1910250,1868175
16-04-2025 13:37,23319.2,392475,616275,64.1,2344800,2595150,87.9,1883025,1917375
16-04-2025 13:37,23315,391200,621750,64,2342700,2549100,88.8,1817550,1918800
16-04-2025 13:37,23315,391350,622875,63.65,2351400,2565075,89.9,1849575,1899450
16-04-2025 13:37,23315,392025,620325,63.65,2318175,2590875,89.8,1865700,1888500
16-04-2025 13:38,23315,390525,618375,63.1,2293200,2619450,90.5,1856250,1883850
16-04-2025 13:38,23310.5,391200,618675,62.9,2270925,2625450,91,1865925,1878825
16-04-2025 13:38,23310.4,388950,620550,62.3,2261550,2639925,91.85,1891950,1855425
16-04-2025 13:38,23310,391200,618450,61.9,2250225,2649825,91.65,1887975,1832625
16-04-2025 13:38,23309.9,390825,621150,61.2,2170200,2667525,92.95,1888425,1847250
16-04-2025 13:38,23308.4,388425,621375,60.3,2176875,2699100,94.75,1908825,1833450
16-04-2025 13:39,23308.4,387600,622575,61.25,2142600,2704425,93.75,1908150,1783575
16-04-2025 13:39,23309,390225,623175,61.5,2194875,2697750,93.1,1887750,1809975
16-04-2025 13:39,23304.1,391875,621150,61.6,2223675,2699100,92.9,1891050,1827075
16-04-2025 13:39,23305,387675,621600,61.15,2232825,2740350,94.2,1917975,1823100
16-04-2025 13:39,23308,387675,621525,60.9,2233650,2744850,93.6,1930575,1800225
16-04-2025 13:39,23306,388875,621900,60.9,2260800,2754600,93.65,1928850,1817250
16-04-2025 13:40,23306,388875,620775,61.2,2283900,2738925,93.15,1925325,1834050
16-04-2025 13:40,23309,393600,621225,61.6,2335125,2739150,92.55,1926450,1857000
16-04-2025 13:40,23306.3,395175,620175,62.25,2340075,2746425,91.8,1903425,1860450
16-04-2025 13:40,23308.5,400875,621225,62.45,2358825,2668125,91.6,1881900,1864350
16-04-2025 13:40,23309,414300,623925,62.05,2365800,2665350,92.5,1895025,1865475
16-04-2025 13:40,23308.5,431925,620175,62.55,2344275,2655825,92,1911600,1884975
16-04-2025 13:41,23310.2,432000,621150,62.95,2361375,2683050,91.15,1927875,1897425
16-04-2025 13:41,23310.2,432825,619875,63.5,2372250,2672175,88.8,1910625,1892325
16-04-2025 13:41,23312,432000,619800,62.7,2382825,2699400,90.95,1860900,1884150
16-04-2025 13:41,23311.3,436200,621075,62.75,2370600,2729100,90.7,1901025,1881450
16-04-2025 13:41,23313,445125,620025,63.35,2372700,2734050,89.35,1912500,1900725
16-04-2025 13:41,23310.5,450975,620625,62.55,2381925,2750325,89.65,1922250,1904700
16-04-2025 13:42,23310.7,458250,621375,62.3,2374575,2770950,90.85,1944375,1879050
16-04-2025 13:42,23310.9,457125,620775,62.35,2307375,2767200,90.55,1944675,1875000
16-04-2025 13:42,23312,457725,620400,62.5,2318850,2782275,90,1953375,1886475
16-04-2025 13:42,23315,457725,620550,62.7,2335875,2773125,89.6,1949850,1901700
16-04-2025 13:42,23315,460125,621600,62.85,2336250,2779200,89.9,1975500,1901175
16-04-2025 13:42,23312.9,457950,621150,62.95,2341500,2801025,88.85,1974525,1905675
16-04-2025 13:43,23314.3,457350,622875,62.25,2330475,2826525,90.05,1996575,1892100
16-04-2025 13:43,23313.3,457725,622125,62.05,2268600,2853750,90.5,2013525,1874175
16-04-2025 13:43,23311.2,457725,621825,61.35,2252250,2855100,90.95,2061375,1873200
16-04-2025 13:43,23310,457725,621225,61.15,2196900,2855325,91.65,2060700,1830225
16-04-2025 13:43,23309,456600,622275,60.8,2212800,2855250,92.85,2064975,1829925
16-04-2025 13:43,23308,455025,621600,60.1,2182800,2863950,93.65,2075250,1768425
16-04-2025 13:44,23308.9,455100,623925,61.15,2217900,2860725,92,2031150,1792200
16-04-2025 13:44,23309,456750,622500,61.35,2286525,2853975,91.85,1993200,1834575
16-04-2025 13:44,23308.8,457200,625050,61,2278425,2869725,92.4,1998675,1827525
16-04-2025 13:44,0,0,0,62.1,2315175,2846475,90.45,1977975,1852125
16-04-2025 13:44,23313.3,459750,622425,62.35,2289225,2827650,89.85,1943025,1870950
16-04-2025 13:44,23314.2,458475,623550,61.95,2296575,2831700,90.05,1902750,1873275
16-04-2025 13:45,23311.8,459450,624975,61.75,2286675,2843100,89.2,1912350,1888050
16-04-2025 13:45,23308.5,459375,624975,61.5,2262375,2858175,90.15,1901400,1890450
16-04-2025 13:45,23310.1,457050,624675,61.3,2261925,2867325,90.5,1938975,1826925
16-04-2025 13:45,23311,458550,623850,61.4,2257050,2908125,90.1,1941000,1843575
16-04-2025 13:45,23311.4,458925,621525,62.1,2295375,2899950,89.2,1929600,1852800
16-04-2025 13:45,23309.8,458775,622350,61.85,2282700,2859825,89.2,1938825,1865925
16-04-2025 13:46,23309.8,459675,622650,61.7,2274600,2869125,89.9,1958700,1860150
16-04-2025 13:46,23311.4,461700,621675,62,2298075,2867700,87.35,1954125,1867050
16-04-2025 13:46,23310,462225,625950,61.6,2295150,2895975,88.45,1885425,1862475
16-04-2025 13:46,23314,462375,622725,61.3,2282475,2920275,88.8,1852200,1852650
16-04-2025 13:46,23312.3,459225,624450,60.9,2273925,2885775,87.9,1871100,1876725
16-04-2025 13:46,23310.2,460725,623250,61.15,2293725,2894175,88,1900800,1887975
16-04-2025 13:47,23310,457575,626250,59.5,2287875,2930400,89.4,1954500,1887450
16-04-2025 13:47,23314.2,457875,626100,59.75,2044125,2930775,88.75,1966800,1846500
16-04-2025 13:47,23313.5,456225,630525,59.65,2053950,2903850,89.6,1968825,1838475
16-04-2025 13:47,23310.2,456225,630825,58.8,2081400,2905725,90.25,1977675,1839150
16-04-2025 13:47,23304.6,452550,628875,57.8,1987575,2957175,91.2,1993725,1818525
16-04-2025 13:47,23305.1,456600,626475,58.55,1854300,2942925,90.2,1984050,1853175
16-04-2025 13:48,23304.1,456300,628200,58.2,1875450,3028575,90,1956525,1855875
16-04-2025 13:48,23305,453600,627375,57.55,1874625,3045900,90.45,1986975,1872000
16-04-2025 13:48,23305,458100,624450,56.9,1983225,3021600,91.3,1977600,1896900
16-04-2025 13:48,23305,455475,627900,57.05,1947600,3024375,91.4,1996275,1872675
16-04-2025 13:48,23302.8,452850,629625,55.35,1898475,3132900,94.05,2033250,1851525
16-04-2025 13:48,23301,450450,629400,56.1,1857525,3080475,93.25,2023875,1714425
16-04-2025 13:49,23302.6,454500,626400,57.45,1942050,3060750,91.4,2006700,1760475
16-04-2025 13:49,23304,454350,626925,56.95,1950000,3018525,91.75,1987650,1791750
16-04-2025 13:49,23304.6,455700,625500,58,2028225,2994150,88.6,1944225,1821375
16-04-2025 13:49,23307.3,456150,626250,58.25,2068350,2952450,87.45,1839225,1843725
16-04-2025 13:49,23308.1,460425,626250,58.8,2084475,2950875,85.7,1797525,1851075
16-04-2025 13:49,23309.4,457725,624300,59.4,2070525,2943225,85.6,1642125,1875600
16-04-2025 13:50,23312,460500,625425,60.2,2066550,2955675,85.1,1623600,1851225
16-04-2025 13:50,23315.1,462300,624525,61.5,2066775,2863275,83.05,1599525,1895775
16-04-2025 13:50,23314,459750,627975,60,2041575,2888850,84.95,1595850,1892550
16-04-2025 13:50,23312.9,462975,628575,59.4,1985850,2914125,85.7,1649475,1880550
16-04-2025 13:50,23310,458400,629850,58.9,1994175,2934900,86.3,1681500,1906425
16-04-2025 13:50,23310,456375,628800,56.75,1977375,2981475,88.95,1725375,1898625
16-04-2025 13:51,23306.1,459675,626025,57.8,2006925,2983275,88.1,1719900,1847100
16-04-2025 13:51,23307.2,459300,626325,58.15,2058075,2997450,87.7,1726800,1871175
16-04-2025 13:51,23307.9,461250,626250,58.8,2070600,2980725,86.9,1725375,1897500
16-04-2025 13:51,23307.5,462150,626550,58.95,2105400,2977425,86.6,1718850,1925625
16-04-2025 13:51,23309.3,461025,625350,59.65,2158500,2976000,84.8,1729125,1928700
16-04-2025 13:51,23318.5,463200,623325,61.2,2183475,2974725,82.2,1688925,1934400
16-04-2025 13:52,23315.8,461250,624600,61.3,2180400,2921325,82.15,1663425,1928475
16-04-2025 13:52,23315.7,462675,623325,62.1,2197050,2924625,80.15,1659375,1935750
16-04-2025 13:52,23319.8,463275,619350,63.5,2207925,2800425,78.85,1476900,1934550
16-04-2025 13:52,23320,464775,622950,63.1,2206350,2706300,80.4,1530525,1923225
16-04-2025 13:52,23319.8,460725,622575,63.2,2208750,2718750,80,1555650,1948050
16-04-2025 13:52,23320,462225,624450,62.8,2184750,2734875,79.55,1571100,1948200
16-04-2025 13:53,23319.9,462225,623175,62.6,2154825,2753025,80.25,1575075,1948500
16-04-2025 13:53,23316.8,464325,623100,63.35,2186400,2761875,79.75,1568475,2013150
16-04-2025 13:53,23322,465000,621975,63.6,2214375,2756250,78.5,1573425,2043900
16-04-2025 13:53,23321.2,463725,621225,64.2,2229075,2730825,76.75,1572600,2088975
16-04-2025 13:53,23323,464925,621225,64.8,2235150,2611050,77.5,1467750,2092800
16-04-2025 13:53,23321.9,464625,621525,65.15,2228775,2542050,77,1501275,2086875
16-04-2025 13:54,23322.3,464025,620850,64.5,2185350,2577525,77.6,1537575,2065875
16-04-2025 13:54,23322.9,465675,620775,65.25,2209650,2561400,75.9,1540725,2064150
16-04-2025 13:54,23322.9,464250,621900,64.1,2221350,2571750,77.1,1559850,2057100
16-04-2025 13:54,23323,466050,622425,64.5,2252625,2613375,77,1580925,2030025
16-04-2025 13:54,23323.9,466425,620775,64.95,2279250,2593425,76.1,1570425,2064150
16-04-2025 13:54,23325,464700,620700,65.15,2275875,2582025,76,1538625,2051925
16-04-2025 13:55,23326.6,465075,620175,67.45,2322525,2589375,73,1542300,2076150
16-04-2025 13:55,23329.1,465000,615225,68.5,2330925,2368500,72.85,1448025,2084250
16-04-2025 13:55,23331.8,465900,613875,69.9,2317500,2343750,71.25,1426875,2090850
16-04-2025 13:55,23332.1,465150,613950,69.85,2316150,2250000,71.4,1527150,2059500
16-04-2025 13:55,23336.1,464700,612975,72.1,2285175,2289150,69.25,1547775,2097750
16-04-2025 13:55,23339,465525,612750,74.6,2317800,2171700,67.85,1368975,2111325
16-04-2025 13:56,23344.4,463800,608100,76.75,2334675,2068200,66.2,1328850,2120925
16-04-2025 13:56,23345.9,464775,608175,77.7,2343900,1885575,65,1322400,2088375
16-04-2025 13:56,23350,460125,607725,80.5,2299200,1917675,63.4,1330875,2051850
16-04-2025 13:56,23349.1,461175,603675,80.4,2310150,1834575,62.9,1354800,2075400
16-04-2025 13:56,23345,452775,609675,77.6,2262750,1973700,65.1,1453350,2008425
16-04-2025 13:56,23345,457425,607800,76.75,2149950,2016450,65.7,1534350,2007075
16-04-2025 13:57,23345,456825,605175,78.6,2127900,2019000,64.9,1538100,2037225
16-04-2025 13:57,23345,455700,607425,77.5,2149125,2082450,66.9,1628625,2030550
16-04-2025 13:57,23345,453825,609225,79.6,2156775,2105850,65,1668450,2028225
16-04-2025 13:57,23370,458025,601350,89.75,2164950,1830825,57.05,1462425,2102325
16-04-2025 13:57,23376.3,457425,581325,94.75,2202150,1405350,55.95,1270500,2081325
16-04-2025 13:57,23389,459975,580950,106.95,2281875,1209525,52.75,1279350,2062725
16-04-2025 13:58,23385.7,451875,562575,107.9,2191275,828975,52.7,1245225,2130675
16-04-2025 13:58,23390,455700,547875,108.9,2183550,872850,50.4,1252575,2093325
16-04-2025 13:58,23402.8,453375,538200,111.8,2121300,898425,49.05,1177125,2114175
16-04-2025 13:58,23404.8,462600,532125,117.4,2068200,867900,49.85,1206225,2026275
16-04-2025 13:58,23401,456150,529575,117.5,2077425,845550,50.8,1265175,1987575
16-04-2025 13:58,23404.7,460800,533925,115.25,1969275,782175,50.4,1259550,1998675
16-04-2025 13:59,23407.4,463800,526500,119.55,1950900,817875,48.95,1285350,1996950
16-04-2025 13:59,23411.6,461625,517650,126.1,2016150,778425,48.35,1276950,2016675
16-04-2025 13:59,23412.6,453750,531825,120.9,2015475,673875,49.3,1357950,1983225
16-04-2025 13:59,23400,464325,534975,113.6,1904475,770400,51.15,1466325,1991700
16-04-2025 13:59,23398.9,461400,531600,115.7,1791450,794250,52.3,1471125,1954125
16-04-2025 13:59,23399.9,462450,532350,114.55,1798050,779700,52.75,1494675,1998900
16-04-2025 14:00,23410,461625,525150,121.45,1826400,791775,49.25,1447275,2058150
16-04-2025 14:00,23409.1,458925,530400,122.1,1847025,730650,49.85,1387050,2080725
16-04-2025 14:00,23415.4,463275,526875,127.2,1871100,712050,48.25,1405500,2091075
16-04-2025 14:00,23427.1,461850,525075,132.75,1839750,587775,47.2,1343475,2115225
16-04-2025 14:00,23430,461100,503550,136.7,1840350,528375,46.1,1339725,2128725
16-04-2025 14:00,23434.5,465150,503325,144.4,1855575,521250,46.6,1317750,2107725
16-04-2025 14:01,23438.2,453750,507675,144.2,1836600,417450,47.3,1379100,2116425
16-04-2025 14:01,23440,457650,501150,149.6,1792575,363900,46.9,1358325,2126400
16-04-2025 14:01,23437.6,457650,500775,143.75,1803300,398475,47.9,1368900,2158725
16-04-2025 14:01,23430.8,460350,512025,144.5,1733475,394800,47.65,1373625,2089650
16-04-2025 14:01,23431.4,456000,510075,141.75,1708950,443925,48,1386000,2108550
16-04-2025 14:01,23430,457350,513750,142.5,1714500,464400,48.5,1437075,2096625
16-04-2025 14:02,23436.4,460725,510750,148.15,1721775,492675,46.1,1444650,2136900
16-04-2025 14:02,23436,462000,517800,143.9,1726650,496350,45.5,1381275,2168025
16-04-2025 14:02,23438.9,459975,519750,144.45,1718250,513825,46.1,1471125,2163825
16-04-2025 14:02,23438.1,460875,517125,146.55,1703025,511200,45.15,1461975,2135100
16-04-2025 14:02,23427,460650,519075,140.45,1696350,526650,45.9,1314225,2130825
16-04-2025 14:02,23423.1,449925,522825,135.9,1560975,551325,47.6,1403400,2046000
16-04-2025 14:03,23419,454725,519750,134.2,1519500,539475,48.6,1437150,1987200
16-04-2025 14:03,23420,460125,527400,131.5,1508850,544350,47.85,1442100,2080200
16-04-2025 14:03,23418,454875,527925,130.5,1516425,560925,47.7,1447575,2119125
16-04-2025 14:03,23420,457050,530550,131.35,1478475,562200,47.95,1467450,2144100
16-04-2025 14:03,23420,459000,533025,131.55,1487025,564525,47.7,1487700,2124075
16-04-2025 14:03,23411,457800,539250,127.4,1488825,580350,49.25,1527150,2123700
16-04-2025 14:04,23422,455100,534975,132.45,1466475,571575,47.75,1528350,2111325
16-04-2025 14:04,23421.5,456075,540975,128.65,1457325,609600,48.65,1591725,2113875
16-04-2025 14:04,23418.3,456300,545175,127.35,1458150,621300,48.95,1598700,2146200
16-04-2025 14:04,23415.2,455850,547125,124.35,1444350,632550,49.15,1608825,2144250
16-04-2025 14:04,23418.3,455175,545325,125.75,1435125,632700,49.2,1634175,2114850
16-04-2025 14:04,23421.9,463425,541050,129.15,1468125,606300,48.4,1612725,2131425
16-04-2025 14:05,23418.5,464175,543150,130,1482450,608775,49,1621200,2129175
16-04-2025 14:05,23424,462600,548400,131.05,1494900,598350,48.35,1640550,2138025
16-04-2025 14:05,23424,461100,545400,129.7,1499100,607050,48.75,1611675,2154975
16-04-2025 14:05,23415,456900,547800,125.9,1488525,633900,49.6,1612950,2127450
16-04-2025 14:05,23415,459150,550275,123.2,1438875,643350,51.1,1621200,2070975
16-04-2025 14:05,23417,468375,547050,126.6,1481250,638775,50.5,1598700,2039325
16-04-2025 14:06,23415,464550,547050,127.4,1491825,617025,50.85,1598250,2066400
16-04-2025 14:06,23415,465375,549900,125.95,1483350,635550,51.1,1637550,2074725
16-04-2025 14:06,23413,467250,549825,127.05,1476600,644025,50.45,1647375,2133675
16-04-2025 14:06,23414.9,470175,550275,127.6,1489650,645000,50,1550025,2164875
16-04-2025 14:06,23410,467775,555525,123.1,1479375,674550,51.35,1557900,2163300
16-04-2025 14:06,23412.4,462975,558825,121.1,1441050,681225,52.05,1562400,2123250
16-04-2025 14:07,23413,464025,564600,122.25,1403775,678375,51.8,1576350,2145900
16-04-2025 14:07,23412.2,471000,555450,123.7,1451850,682425,51.2,1590975,2211300
16-04-2025 14:07,23416.6,471825,553950,124.5,1452075,683250,51.25,1562025,2213850
16-04-2025 14:07,23413.7,466800,564075,122.6,1459275,709425,51.85,1555875,2201175
16-04-2025 14:07,23410,465825,561675,121.95,1450050,716250,51.75,1580250,2169600
16-04-2025 14:07,23415.9,470100,554625,125.5,1460400,703500,50.25,1573125,2260950
16-04-2025 14:08,23412.7,471000,553575,126.9,1474425,686850,50.65,1599150,2246775
16-04-2025 14:08,23417.5,471900,552450,128.45,1473375,680400,49.8,1589850,2255700
16-04-2025 14:08,23415.1,470625,559575,123.95,1476675,693975,51.65,1581300,2236575
16-04-2025 14:08,23419,477675,551925,128.25,1483875,688200,50.25,1584450,2284650
16-04-2025 14:08,23419.5,479625,552225,130.65,1491975,677475,49.4,1548300,2343375
16-04-2025 14:08,23424,481200,548775,133.6,1494000,635775,48.55,1537950,2322750
16-04-2025 14:09,23423,475950,548550,129.6,1488225,610875,49.8,1565550,2226225
16-04-2025 14:09,23421.1,479325,550125,132.2,1503375,636375,49.45,1587600,2229150
16-04-2025 14:09,23421,480300,551550,129.35,1507425,653700,50.1,1600875,2245275
16-04-2025 14:09,23415,476175,557325,124.85,1455675,680475,51.05,1637700,2209050
16-04-2025 14:09,23411.7,474375,555900,126.3,1411575,683925,51.05,1638675,2235675
16-04-2025 14:09,23417,479550,552900,128.2,1451850,686250,50.45,1633575,2260800
16-04-2025 14:10,23415.9,479250,552300,125.95,1465275,693600,51.1,1639050,2272050
16-04-2025 14:10,23420,480525,553650,128.15,1487775,695250,50.4,1611525,2269800
16-04-2025 14:10,23415.3,477675,558975,128,1474050,708000,50.2,1635900,2250525
16-04-2025 14:10,23419,480900,555450,129.1,1472325,706500,49.65,1614825,2276025
16-04-2025 14:10,23423,481350,553650,131.4,1490700,705000,49.55,1624800,2278725
16-04-2025 14:10,23425,482100,552750,133.65,1501350,700275,49.5,1626975,2286525
16-04-2025 14:11,23429.6,484575,551550,133.9,1521000,668625,48.8,1612650,2319300
16-04-2025 14:11,23426,487425,557550,134.75,1507725,690300,50.1,1609125,2344950
16-04-2025 14:11,23430,486150,553725,135.3,1508925,625200,49.55,1604700,2312925
16-04-2025 14:11,23430,486075,553275,139.65,1496925,625575,49.7,1612725,2341950
16-04-2025 14:11,23439,485775,544425,145.6,1512900,550350,49.15,1611300,2298150
16-04-2025 14:11,23439,487275,544050,148.05,1527825,485175,48.9,1607400,2320200
16-04-2025 14:12,23440,490500,541725,147.5,1528650,476400,48.1,1578900,2374125
16-04-2025 14:12,23437.4,489000,543075,146.25,1505400,487650,46.95,1494900,2384025
16-04-2025 14:12,23439.2,493275,544575,147.9,1417050,491550,46.5,1450275,2374725
16-04-2025 14:12,23440,487050,534900,147.35,1434000,509850,46.75,1495350,2385600
16-04-2025 14:12,23448,490425,521775,153.9,1427400,515475,45.45,1527450,2331225
16-04-2025 14:12,23448,488700,475500,151.1,1491450,352050,46.15,1386825,2329350
16-04-2025 14:13,23440.7,487575,480900,150.05,1466250,401475,46.5,1444275,2275875
16-04-2025 14:13,23440.8,490425,480525,150.7,1461375,436050,46.85,1473675,2312625
16-04-2025 14:13,23448,486150,483225,151.25,1446525,468150,46.35,1461300,2280000
16-04-2025 14:13,23444.8,486225,480225,150.75,1456875,467550,45.85,1480050,2298075
16-04-2025 14:13,23448,486075,487575,154.35,1405725,475425,45.2,1527525,2310450
16-04-2025 14:13,23443.9,495225,485625,152.05,1405425,473325,45.4,1444650,2348100
16-04-2025 14:14,23445.9,516225,487725,149.65,1383075,480525,46.35,1517850,2280600
16-04-2025 14:14,23444,517350,485400,152.65,1396050,479775,45.85,1556775,2323500
16-04-2025 14:14,23447.9,516600,485550,151.9,1404750,456675,45.1,1550400,2435100
16-04-2025 14:14,23447.8,521925,488400,154.15,1409925,421725,44.45,1493400,2450625
16-04-2025 14:14,23445.6,521550,484875,152.3,1414050,457350,44.55,1442700,2466750
16-04-2025 14:14,23450,520725,481950,152.25,1417725,456450,44.45,1426725,2463450
16-04-2025 14:15,23445.9,519675,484350,150.15,1403700,480825,44.55,1466775,2417175
16-04-2025 14:15,23444,515250,484125,148.45,1355175,477150,45.4,1541100,2407725
16-04-2025 14:15,23444.7,517125,489450,147.45,1420125,494925,46,1597725,2345925
16-04-2025 14:15,23435.1,513450,486300,144,1337850,498300,47,1597950,2334000
16-04-2025 14:15,23438.8,516675,483750,146.45,1303050,513975,46,1616925,2344650
16-04-2025 14:15,23436,513600,486375,144.05,1315500,519075,46.7,1581225,2288400
16-04-2025 14:16,23439.6,517725,487500,146.65,1320075,528375,46.45,1587000,2330850
16-04-2025 14:16,23436,511425,490800,140.75,1308525,544575,47,1610325,2334225
16-04-2025 14:16,23435.7,516750,493350,142.1,1289175,545400,47.25,1598475,2343225
16-04-2025 14:16,23435.2,516000,492225,144.55,1318725,542100,46.85,1597200,2361825
16-04-2025 14:16,23437.2,514275,493500,143.05,1313700,544650,47.25,1616325,2370525
16-04-2025 14:16,23437.2,516600,492150,145.15,1315500,546075,46.25,1614675,2395725
16-04-2025 14:17,23437.9,519075,492975,143.4,1316925,534750,46.8,1603800,2408850
16-04-2025 14:17,23436,515625,494325,144,1317900,543450,47,1613625,2384400
16-04-2025 14:17,23436.6,517275,495450,143.1,1325025,549750,46.75,1634100,2396325
16-04-2025 14:17,23438.9,517725,495750,144.35,1324125,544125,45.1,1603425,2421075
16-04-2025 14:17,23440.7,515400,491700,141.9,1324200,570450,44.1,1485150,2454525
16-04-2025 14:17,23437.3,533850,497025,140.5,1311300,576000,44.9,1422900,2464950
16-04-2025 14:18,23440.9,537375,493950,142.55,1284375,569700,43.7,1452075,2462250
16-04-2025 14:18,23439.6,529800,494175,140,1355175,586800,44.85,1481325,2481825
16-04-2025 14:18,23440,537750,498000,143.95,1326675,585225,43.45,1478400,2452275
16-04-2025 14:18,23442.6,539850,495000,145.5,1329900,546075,42.8,1392300,2460825
16-04-2025 14:18,23442.3,539175,496950,142.55,1310100,645150,44.05,1432125,2446950
16-04-2025 14:18,23442.4,538800,497250,143.8,1309200,646275,43.75,1466625,2435775
16-04-2025 14:19,23443,538425,496500,145.25,1303425,649425,43,1489425,2447700
16-04-2025 14:19,23444.8,541575,497025,145.3,1302975,546675,43.1,1455300,2479275
16-04-2025 14:19,23446,534075,488475,146.35,1316925,552375,42.45,1414350,2484600
16-04-2025 14:19,23446.6,538875,487275,147,1337550,546750,42.4,1382250,2462400
16-04-2025 14:19,23446.2,534975,485925,146.35,1328700,527475,42.6,1426575,2411325
16-04-2025 14:19,23440.3,535500,490050,142.55,1312425,538950,43.8,1490325,2409075
16-04-2025 14:20,23444,533400,488175,145.1,1318275,547575,43,1512300,2414325
16-04-2025 14:20,23445,536100,488925,146,1317225,553725,43,1521600,2438850
16-04-2025 14:20,23444.7,541050,485850,147.15,1333800,551025,43.45,1536900,2423775
16-04-2025 14:20,23442,540450,489600,144.9,1329600,569100,43.9,1543500,2415300
16-04-2025 14:20,23437.6,540075,489825,143.25,1301100,580500,44.2,1535925,2389800
16-04-2025 14:20,23440,541575,489825,144.45,1286175,572475,43.65,1517400,2414550
16-04-2025 14:21,23444,541125,488025,145.25,1299900,578325,43.35,1479225,2460900
16-04-2025 14:21,23440.9,540225,491175,141.5,1277700,592875,44.5,1555725,2432625
16-04-2025 14:21,23436,536700,490350,141.2,1276350,587325,44.55,1599900,2442600
16-04-2025 14:21,23439.3,539550,488550,143.5,1368825,584700,43.85,1585200,2503350
16-04-2025 14:21,23440.4,540075,488775,142.5,1368150,572475,44.05,1542375,2537550
16-04-2025 14:21,23437.2,540900,488925,142.3,1375875,586425,44.5,1593000,2473875
16-04-2025 14:22,23439,535275,489675,141.35,1365075,584400,44.45,1588200,2457450
16-04-2025 14:22,23439.4,539700,486375,143.5,1300725,584175,44.05,1576125,2494725
16-04-2025 14:22,23438,537750,487575,141.6,1308750,600750,44.3,1577925,2511825
16-04-2025 14:22,23440,535050,491475,141.65,1288200,675675,44.25,1560825,2495025
16-04-2025 14:22,23435,523425,491625,137.9,1285650,687975,44.8,1592475,2475300
16-04-2025 14:22,23438,530925,487125,142.15,1247400,686775,43.9,1584300,2475900
16-04-2025 14:23,23438.2,531375,488325,141.4,1257900,663900,44.25,1549275,2485350
16-04-2025 14:23,23438.7,533100,492675,140.7,1250025,675750,45.15,1583175,2458275
16-04-2025 14:23,23440,530025,491475,140.65,1254150,680700,45.6,1594050,2359350
16-04-2025 14:23,23434,528150,494625,140.8,1265100,682800,45.7,1586700,2343600
16-04-2025 14:23,23435.1,532575,492300,140.4,1271550,685200,45.9,1551525,2347500
16-04-2025 14:23,23431.8,526050,491775,137.25,1264425,686475,46.9,1563075,2317725
16-04-2025 14:24,23424.9,523350,493650,135.35,1225650,689850,47.9,1590150,2271525
16-04-2025 14:24,23421.6,524400,493800,132.85,1189800,695025,48.7,1590750,2240925
16-04-2025 14:24,23419.1,511500,492075,130.75,1178550,711675,49.55,1611675,2231175
16-04-2025 14:24,23420.4,526425,488325,132.9,1152075,695700,49.2,1590300,2190825
16-04-2025 14:24,23424,531900,488400,134,1181775,677475,49.05,1584825,2230125
16-04-2025 14:24,23421,524625,492750,132.8,1172925,685875,49.45,1609500,2194800
16-04-2025 14:25,23421.8,529275,489000,131.4,1177875,683850,49.8,1615275,2210925
16-04-2025 14:25,23423,532050,488100,133.5,1186350,701250,48.45,1599225,2263425
16-04-2025 14:25,23425.1,530925,489150,134.25,1239225,677475,48.15,1534275,2308050
16-04-2025 14:25,23421.1,526650,490275,133.25,1242900,678375,48.85,1581825,2322150
16-04-2025 14:25,23420,528225,492975,130.75,1243050,678150,49.65,1617900,2261025
16-04-2025 14:25,23421,533850,490050,133,1172925,677400,49,1619325,2216025
16-04-2025 14:26,23428.7,533625,488925,133.45,1206225,662700,48.75,1567875,2267550
16-04-2025 14:26,23425.5,531600,491175,133.3,1205400,671175,48.7,1617375,2258475
16-04-2025 14:26,23424.3,533625,487125,134.65,1224525,672075,48.35,1630575,2289525
16-04-2025 14:26,23426.2,535725,487800,134.85,1235025,652875,47.9,1603575,2304600
16-04-2025 14:26,23431.2,536025,485925,136.5,1236075,636075,47.75,1590450,2313450
16-04-2025 14:26,23430.2,535875,487650,136.6,1242300,612675,48.55,1591575,2304375
16-04-2025 14:27,23428.2,533400,490875,137.55,1237050,624300,48.75,1627275,2276475
16-04-2025 14:27,23431,538575,488025,137.95,1263300,621150,48.8,1626975,2229900
16-04-2025 14:27,23433.1,536325,490575,136.3,1263675,634425,48.85,1601025,2249925
16-04-2025 14:27,23431,538125,491550,138.3,1251750,647400,48.2,1638675,2246850
16-04-2025 14:27,23432.7,538950,492600,137.5,1265400,624900,48.65,1610775,2279625
16-04-2025 14:27,23427.1,535575,494925,136.6,1253700,627675,49,1639425,2248800
16-04-2025 14:28,23428,534750,491550,134.45,1240350,628875,49.35,1651275,2219775
16-04-2025 14:28,23423,530025,492375,132.4,1230975,635175,50.25,1651950,2197125
16-04-2025 14:28,23421.3,527850,495375,130.6,1207125,637575,51.35,1635000,2139075
16-04-2025 14:28,23420.8,526725,494400,130.25,1183875,640050,51.6,1646850,2088975
16-04-2025 14:28,23421.9,525000,495675,129.7,1164000,646500,51.5,1631250,2053725
16-04-2025 14:28,23420.9,526350,498375,129,1175850,635175,51.8,1601250,2068050
16-04-2025 14:29,23422.9,528600,492675,130.35,1192050,640800,51.3,1597050,2107575
16-04-2025 14:29,23420,522675,494775,129,1184400,642825,51.65,1614450,2124975
16-04-2025 14:29,23420,524250,495300,128.75,1177125,651375,51.2,1621725,2133825
16-04-2025 14:29,23418.1,524250,495825,128.05,1176750,643800,51.25,1613550,2153925
16-04-2025 14:29,23419.3,534525,496500,128.65,1177050,646275,51.1,1616025,2164125
16-04-2025 14:29,23423,537750,492075,131.5,1196700,629100,49.5,1563675,2219325
16-04-2025 14:30,23425,537600,491850,133.25,1201200,620250,49,1519350,2254350
16-04-2025 14:30,23425.8,538725,491550,133.2,1209600,621675,49.15,1512300,2283825
16-04-2025 14:30,23424,543600,493425,132.5,1198875,661275,49.65,1539300,2246550
16-04-2025 14:30,23424.7,544500,492300,133.1,1213800,648900,49.8,1563525,2245350
16-04-2025 14:30,23425,541800,492525,133.1,1216650,656700,49.85,1575300,2258175
16-04-2025 14:30,23421,542100,497550,129.3,1202250,667350,51.35,1614675,2235825
16-04-2025 14:31,23423,540600,494475,130.65,1187325,669900,51,1626150,2223600
16-04-2025 14:31,23422.4,538125,496575,130.05,1201200,674250,51.9,1644375,2203425
16-04-2025 14:31,23420.7,540675,492975,131.1,1201725,680175,52.2,1658100,2112300
16-04-2025 14:31,23419.9,534600,492975,130.6,1208325,681000,52.35,1660350,2084100
16-04-2025 14:31,23418,530550,495000,127.3,1194375,715725,52.95,1671525,2069400
16-04-2025 14:31,23418.8,537750,495150,128.3,1189275,717300,52.95,1683000,2062500
16-04-2025 14:32,23418.9,532050,493650,126.55,1193475,727200,53.5,1667925,2075400
16-04-2025 14:32,23418.3,532200,494250,128.35,1217175,730275,52.7,1688025,2078025
16-04-2025 14:32,23420.8,537675,493425,130.85,1231425,711825,51.5,1657200,2118600
16-04-2025 14:32,23424,537975,494625,130.05,1240350,705675,51.8,1626750,2130975
16-04-2025 14:32,23424.9,537900,494550,130.85,1235475,721500,52,1666200,2133825
16-04-2025 14:32,23420.7,539850,495525,127.55,1243350,739425,53.05,1651350,2140350
16-04-2025 14:33,23419.2,535500,493950,129.6,1256925,738300,52.5,1648725,2108400
16-04-2025 14:33,23420,540000,493200,130.45,1264650,742650,52.15,1635300,2131725
16-04-2025 14:33,23421.2,539175,494250,130,1251825,743250,52.5,1652475,2136150
16-04-2025 14:33,23421.1,537900,495525,130,1256475,729825,52.1,1662750,2150025
16-04-2025 14:33,23420.5,535425,493350,131.6,1266900,728850,51.65,1631925,2166750
16-04-2025 14:33,23423.4,545100,491850,134.15,1270275,688350,50.25,1626600,2178075
16-04-2025 14:34,23424.8,541650,491775,133.55,1267050,650775,50.9,1546650,2175075
16-04-2025 14:34,23422,538725,492150,132.75,1257150,669300,51.25,1580475,2182125
16-04-2025 14:34,23418.6,532575,495300,129.45,1249800,677400,52.1,1608375,2166675
16-04-2025 14:34,23418.6,534000,494025,128.55,1257150,684075,52.9,1605675,2129550
16-04-2025 14:34,23417.1,537450,493800,129.1,1256175,679725,52.95,1612350,2126325
16-04-2025 14:34,23411.1,528750,496275,125.15,1261275,689925,54.9,1623900,2097225
16-04-2025 14:35,23407.3,529950,494775,125.05,1187025,687750,56.4,1666125,2030625
16-04-2025 14:35,23412,530475,496950,124.2,1183275,687600,56.35,1680825,1914750
16-04-2025 14:35,23411.1,534900,494850,126.25,1208475,674025,55.8,1667475,1942575
16-04-2025 14:35,23409.9,533850,498600,126.7,1213200,672000,55.6,1646250,1981350
16-04-2025 14:35,23411,534975,501000,124.95,1225650,687300,56.95,1647900,1993575
16-04-2025 14:35,23408,524325,504225,122.25,1199775,703425,58.3,1664325,1896075
16-04-2025 14:36,23407,519825,502800,121.65,1184550,698475,58.15,1669800,1907775
16-04-2025 14:36,23408.1,524850,503100,123.75,1210425,692700,57.2,1632075,1923300
16-04-2025 14:36,23411,523425,500550,125.7,1235100,690975,56.1,1627050,1944975
16-04-2025 14:36,23414,526575,498675,126.3,1255350,680625,55.9,1625625,1959900
16-04-2025 14:36,23412,528825,498525,126.85,1263975,681825,56.05,1644600,1972200
16-04-2025 14:36,23412.5,527100,501750,126.4,1265325,691050,56.55,1664475,1957950
16-04-2025 14:37,23415,533550,497325,127.75,1260750,679125,55.3,1636725,2014575
16-04-2025 14:37,23415,535950,492000,129.85,1256850,670800,54.1,1605750,1998675
16-04-2025 14:37,23419.9,541275,491775,130.6,1266600,657975,53.3,1572525,2024175
16-04-2025 14:37,23418.1,540600,493050,131.25,1284525,659925,53.35,1588275,2013675
16-04-2025 14:37,23424,541950,490500,133.05,1287900,642825,52.25,1586175,2044200
16-04-2025 14:37,23422,537750,493125,133.4,1291575,648375,52.45,1570575,2052375
16-04-2025 14:38,23420,538425,496875,129.65,1282275,664650,54.5,1616175,2020950
16-04-2025 14:38,23418,536400,495900,131.05,1247550,680775,54.5,1627725,2000775
16-04-2025 14:38,23420,530550,493800,130.65,1260000,695025,54.45,1636575,1997775
16-04-2025 14:38,23420,534300,500250,128.4,1266150,698925,54.65,1638525,2025975
16-04-2025 14:38,23417,530475,496500,128.6,1239525,708000,54.8,1638750,2002875
16-04-2025 14:38,23418.4,535200,495525,128.3,1235625,711150,54.6,1636125,1995825
16-04-2025 14:39,23419,533400,498225,130.65,1240125,719775,53.7,1644450,2007225
16-04-2025 14:39,23415.3,537450,498900,129.5,1234950,718950,54.15,1644525,2016750
16-04-2025 14:39,23417.1,530400,499200,127.1,1226175,735975,56.15,1683975,1988400
16-04-2025 14:39,23416.1,533400,495675,130.95,1240725,731625,54.45,1692825,1952850
16-04-2025 14:39,23417.7,536475,493500,131.9,1250775,710400,54.45,1673325,1962300
16-04-2025 14:39,23420,538950,493275,132.6,1259400,689100,53.55,1675500,1982550
16-04-2025 14:40,23421,535200,495075,131.75,1257300,689025,54.25,1706025,1998675
16-04-2025 14:40,23417,532800,495300,131.85,1242000,703875,54.55,1715475,1997475
16-04-2025 14:40,23417,532950,497325,132.45,1254375,698100,54.9,1702500,2023800
16-04-2025 14:40,23420.9,541050,500925,131.7,1240425,701325,54.8,1704075,1991175
16-04-2025 14:40,23422,541425,494175,132,1237575,710025,54.8,1705425,1998000
16-04-2025 14:40,23421.7,533700,494775,132.1,1251825,708375,54.65,1703175,2003925
16-04-2025 14:41,23422,534300,495675,131.65,1253475,703950,54.5,1700025,2010000
16-04-2025 14:41,23418.2,534975,502725,131.85,1243125,703575,54.45,1687725,2024250
16-04-2025 14:41,23420,533925,498600,131,1226100,711075,54.95,1713675,1977525
16-04-2025 14:41,23421.5,536325,494625,133.6,1239075,704250,53.55,1705725,2001750
16-04-2025 14:41,23424.4,537000,495375,134.65,1289850,683025,53.15,1646775,2025450
16-04-2025 14:41,23425.5,536175,497025,134.7,1299375,632700,53.2,1654725,2019450
16-04-2025 14:42,23426.2,537300,495300,133.9,1304625,643350,53.25,1616625,2025600
16-04-2025 14:42,23425.7,535050,500325,133.2,1290675,656100,53.65,1637325,2031900
16-04-2025 14:42,23425.6,535500,498975,133.8,1289325,664050,53.55,1639950,2049075
16-04-2025 14:42,23424.2,533850,500550,134.55,1304325,659775,54.45,1669275,2023200
16-04-2025 14:42,23426.6,534000,495975,135.25,1306275,656100,54.45,1683600,1994325
16-04-2025 14:42,23424.3,534000,501450,132.8,1306650,652800,55.55,1682025,2013075
16-04-2025 14:43,23420.3,530400,500475,132.1,1284150,660525,56.3,1654725,1920150
16-04-2025 14:43,23420,529350,500100,130.35,1231875,669600,56.85,1680000,1899825
16-04-2025 14:43,23416.6,529950,500625,128.8,1197075,679200,57.7,1667400,1896600
16-04-2025 14:43,23418.2,530325,500025,130.15,1195950,683025,57.5,1667700,1882275
16-04-2025 14:43,23420,529875,500925,130.5,1205700,673650,57.15,1651725,1887150
16-04-2025 14:43,23419.7,531975,502950,129.85,1217850,691275,57.1,1627950,1910400
16-04-2025 14:44,23419.6,531525,509925,130.3,1221300,699750,56.95,1655550,1916925
16-04-2025 14:44,23419.6,531375,510150,130.25,1236675,696600,57.15,1654350,1932675
16-04-2025 14:44,23418,530400,512700,129,1233075,710700,57.4,1667325,1933200
16-04-2025 14:44,23418.6,531075,511575,129.55,1222725,708300,57.05,1643550,1921200
16-04-2025 14:44,23419.6,532350,508875,130.55,1229250,707925,55.65,1650075,1947225
16-04-2025 14:44,23421.6,534525,506925,131,1258275,692325,54.45,1612875,1977300
16-04-2025 14:45,23420.2,530250,503400,130.7,1257150,700200,55.9,1609350,1942650
16-04-2025 14:45,23418.7,533325,501900,130.15,1230525,695775,55.8,1656600,1944750
16-04-2025 14:45,23419,534000,501375,129,1239225,704175,56.4,1673400,1948950
16-04-2025 14:45,23415.9,532050,505650,126.85,1233825,716925,57.4,1704450,1937475
16-04-2025 14:45,23415.1,530625,499050,130.2,1213950,706800,56.05,1710000,1933725
16-04-2025 14:45,23415,533925,502350,129.6,1222275,709200,56.3,1686225,1955325
16-04-2025 14:46,23419,536475,501675,131.6,1225200,709050,55.15,1679550,1974150
16-04-2025 14:46,23423.9,531600,501525,131.95,1227900,698100,55.55,1657950,1982775
16-04-2025 14:46,23421,533400,500850,134,1235400,676800,54.55,1687875,1973325
16-04-2025 14:46,23420,531750,499200,132.45,1236450,665250,55.2,1683075,1975500
16-04-2025 14:46,23419.1,529950,500550,129,1236975,691125,56.4,1744575,1966575
16-04-2025 14:46,23417.9,532350,502500,130.1,1214625,707850,56.05,1734300,1959450
16-04-2025 14:47,23417.8,536775,502050,132.2,1243275,696225,55.3,1701975,1974525
16-04-2025 14:47,23417.8,536625,500400,134.15,1252950,687375,54.4,1675725,2017725
16-04-2025 14:47,23419.7,535050,497925,136.8,1231575,615225,53.3,1648875,2037825
16-04-2025 14:47,23423.3,533925,496725,137.15,1235550,600450,52.9,1588875,2045250
16-04-2025 14:47,23423.1,536175,497625,138.3,1232550,589950,53.5,1571925,2016900
16-04-2025 14:47,23427,538800,496950,138.85,1253100,598200,53.15,1594350,2059200
16-04-2025 14:48,23427,537525,495975,138.75,1248150,603750,53.15,1608225,2061225
16-04-2025 14:48,23429.2,538275,497400,138.05,1250100,614925,53.3,1588725,2063550
16-04-2025 14:48,23430.8,533850,498975,139,1256250,614625,53.5,1609725,2041050
16-04-2025 14:48,23424.7,535875,498675,138,1254000,619125,53.4,1607550,2058675
16-04-2025 14:48,23423,533025,499800,137.2,1235925,627600,53.7,1616475,2032650
16-04-2025 14:48,23424.7,536925,498600,137.25,1214175,643050,53.35,1626600,2041575
16-04-2025 14:49,23423,535950,498375,135.5,1211250,649575,53.5,1602075,2057325
16-04-2025 14:49,23423.1,534900,498150,136.4,1202400,670950,53.05,1606725,2080200
16-04-2025 14:49,23426,539250,495600,138.45,1211700,665025,52.15,1602075,2115450
16-04-2025 14:49,23424.5,540150,496500,138.75,1216350,653475,51.95,1584525,2117850
16-04-2025 14:49,23425,532650,503175,136.2,1217775,673275,53.25,1619475,2090925
16-04-2025 14:49,23425.8,532125,504525,133.65,1210875,677925,53.55,1635525,2062350
16-04-2025 14:50,23426.2,530925,501375,135.5,1198875,682350,54.05,1653300,2038950
16-04-2025 14:50,23421,529875,506925,135.2,1214850,664500,53.9,1666650,2053500
16-04-2025 14:50,23426,533400,503250,135.8,1222875,669300,53.2,1648125,2059875
16-04-2025 14:50,23427.7,531375,504450,134.05,1233750,686625,53.65,1669650,2063025
16-04-2025 14:50,23426.9,530700,504750,134.75,1214925,689250,52.9,1656675,2077575
16-04-2025 14:50,23428.5,531675,504225,136.95,1230975,676350,52.3,1633350,2093175
16-04-2025 14:51,23426.9,531975,500325,136.85,1236675,664800,52.5,1665525,2092650
16-04-2025 14:51,23426.9,533475,502125,134.5,1232175,682350,53.5,1678500,2086725
16-04-2025 14:51,23428,525975,503400,134.2,1215525,686100,53.7,1677900,2057850
16-04-2025 14:51,23426,526125,503700,134.5,1212375,700800,53.2,1656375,2044575
16-04-2025 14:51,23426,518625,506025,133.3,1205925,712725,53.4,1703850,2031750
16-04-2025 14:51,23421.7,526650,505875,133.8,1197600,716100,53,1720275,2043075
16-04-2025 14:52,23425.3,529125,502650,133.5,1203300,717375,53.1,1721700,2041575
16-04-2025 14:52,23426,531150,503475,133.25,1203150,725700,53.05,1725450,2062650
16-04-2025 14:52,23425,532950,501525,133.95,1206825,712425,52.7,1707675,2090250
16-04-2025 14:52,23425,531825,502125,134.8,1206225,711600,52.55,1698375,2093175
16-04-2025 14:52,23427,527625,501000,135.15,1208100,700725,52.7,1654275,2085150
16-04-2025 14:52,23428.3,529350,504900,135.5,1306200,706725,52.1,1659750,2095050
16-04-2025 14:53,23425.8,524175,504000,132.9,1320600,702675,53.35,1660650,2090250
16-04-2025 14:53,23425,523125,503475,133.1,1305375,743475,53.05,1664625,2072850
16-04-2025 14:53,23425,521850,506400,132,1304700,765825,53,1670475,2090400
16-04-2025 14:53,23424.2,533025,504525,134.9,1213425,767475,51.5,1656000,2122200
16-04-2025 14:53,23425.5,530100,500550,136.45,1231950,725100,51.15,1581000,2136300
16-04-2025 14:53,23430,531450,501975,136.65,1227450,715125,51.1,1608450,2116800
16-04-2025 14:54,23429.9,527325,500400,135.7,1238250,707475,51.3,1613700,2129550
16-04-2025 14:54,23430,526350,501825,135.5,1218375,726600,51.55,1632525,2079450
16-04-2025 14:54,23427.9,524625,505725,133.45,1218450,738225,52.5,1665300,2062425
16-04-2025 14:54,23425,523725,510600,133.35,1210275,737325,52.6,1658775,2034375
16-04-2025 14:54,23422.6,530025,507975,134.35,1221900,733275,52.55,1642575,2044875
16-04-2025 14:54,23425,535950,511500,135.2,1230900,731475,51.6,1622850,2082975
16-04-2025 14:55,23425.1,530175,508050,132.3,1227150,729750,52.75,1647225,2051925
16-04-2025 14:55,23427.5,527100,507975,132.35,1197975,736125,52.95,1684800,2024175
16-04-2025 14:55,23423,527775,509700,130.2,1208325,744825,53.35,1686150,2024400
16-04-2025 14:55,23422,521775,510675,130.7,1150425,743775,53.45,1695900,2020650
16-04-2025 14:55,23421.7,524325,510525,133.1,1162950,750375,52.4,1711425,2005725
16-04-2025 14:55,23428,523275,516900,133.45,1173225,747150,52.6,1676475,2014125
16-04-2025 14:56,23421,526125,511650,133.6,1186875,745800,52.2,1655025,2042700
16-04-2025 14:56,23423.6,525900,511275,133.4,1189200,757650,52.35,1650300,2045400
16-04-2025 14:56,23427,526125,509625,135.05,1210200,753225,52.25,1630500,2070900
16-04-2025 14:56,23430,528150,509625,134.65,1227150,730425,51.4,1641525,2073600
16-04-2025 14:56,23427,526500,503700,133.85,1222500,730200,51.85,1650675,2086500
16-04-2025 14:56,23427.9,526200,502050,135.35,1228575,734475,51.3,1656000,2071875
16-04-2025 14:57,23428,528975,499350,137,1227750,709800,50.1,1628250,2069700
16-04-2025 14:57,23430.1,528225,500250,136.7,1227150,704550,50.5,1535850,2081250
16-04-2025 14:57,23431,527775,500175,136.85,1227150,713100,50.1,1543950,2090700
16-04-2025 14:57,23430.1,529725,500325,139.25,1216200,702975,48.95,1505850,2132250
16-04-2025 14:57,23434.7,527775,500775,139.15,1215750,666375,49.3,1545975,2097675
16-04-2025 14:57,23434,528225,499575,138.1,1212075,680175,49.7,1584225,2113125
16-04-2025 14:58,23430.5,528000,501300,138,1209150,690450,49.6,1597950,2129850
16-04-2025 14:58,23433.8,527850,503100,137.85,1208250,695700,49.15,1575375,2147625
16-04-2025 14:58,23427.2,526725,505350,135.7,1215075,704100,49.75,1559850,2165400
16-04-2025 14:58,23428,528225,505725,135.3,1168950,704700,49.65,1557975,2068050
16-04-2025 14:58,23429.6,526275,506100,133.2,1167900,722175,50.15,1542000,2062200
16-04-2025 14:58,23428.5,527100,505125,132.65,1170375,729225,50.75,1558200,2059500
16-04-2025 14:59,23426,527250,505425,134.9,1206825,723975,50.1,1553625,2103450
16-04-2025 14:59,23431,526125,506700,134,1216875,723450,50.35,1557975,2101650
16-04-2025 14:59,23431,525150,504825,135.55,1240875,722625,49.5,1554225,2111175
16-04-2025 14:59,23432,525975,508125,134.85,1240425,712575,49.75,1531875,2132625
16-04-2025 14:59,23431,519000,508875,134.2,1233825,725625,49.7,1553475,2124600
16-04-2025 14:59,23428,521625,508050,135.8,1235475,725550,48.95,1546800,2166600
16-04-2025 15:00,23431.1,520875,507300,134.95,1230900,717825,48.45,1510950,2160225
16-04-2025 15:00,23425.4,520500,508875,129.3,1231050,725550,50.2,1555800,2175000
16-04-2025 15:00,23426.8,517200,507975,130.65,1129500,720300,50.25,1553400,2097975
16-04-2025 15:00,23428.1,516075,509325,131.5,1139625,723300,50.2,1551450,2122725
16-04-2025 15:00,23427.3,515400,509475,129.8,1154175,743325,50.3,1545150,2129475
16-04-2025 15:00,23425,513975,509475,127.05,1141575,761625,50.3,1539750,2132025
16-04-2025 15:01,23428.5,517200,510675,129.85,1124475,765825,49.1,1527600,2149275
16-04-2025 15:01,23425.3,516000,509025,126.7,1123200,786675,49.35,1531500,2142975
16-04-2025 15:01,23423.1,511950,513075,126.4,1116750,793275,49.95,1578225,2125725
16-04-2025 15:01,23421.1,511950,516375,124.05,1120650,787725,50.7,1588050,2115150
16-04-2025 15:01,23420,512175,514950,125.15,1102200,788325,50.5,1597800,2077275
16-04-2025 15:01,23423.5,510900,514125,127.4,1131750,774450,49.9,1560300,2124000
16-04-2025 15:02,23423.8,510525,513075,127.2,1139325,784350,50,1584450,2129250
16-04-2025 15:02,23423.4,509025,511650,126.95,1147875,788175,49.85,1585275,2132925
16-04-2025 15:02,23425.4,510600,511125,127.7,1148475,786975,49.65,1571025,2138025
16-04-2025 15:02,23422,508575,511425,124.75,1152300,800775,50.15,1590150,2142600
16-04-2025 15:02,23425.2,513000,507900,128.4,1153650,800325,47.95,1592175,2189025
16-04-2025 15:02,23429,514800,511425,128.9,1163850,779100,47.8,1440525,2184825
16-04-2025 15:03,23429,516300,509400,130.45,1170450,759750,47.9,1482750,2170650
16-04-2025 15:03,23431.3,514650,503775,133.05,1174500,755775,48.6,1497975,2183925
16-04-2025 15:03,23432,514650,502875,133.35,1190850,715425,48.5,1533525,2189325
16-04-2025 15:03,23429,511050,507900,130.3,1185450,748800,49.65,1531425,2182725
16-04-2025 15:03,23429.2,511950,504150,131.75,1174275,746475,49.35,1552650,2191275
16-04-2025 15:03,23430.1,512850,503250,132.1,1206000,747000,48.9,1505025,2227275
16-04-2025 15:04,23428.8,512025,508650,131.05,1197450,758925,49.5,1522050,2208900
16-04-2025 15:04,23429.3,510750,507150,130.75,1183275,768825,49.9,1652325,2149950
16-04-2025 15:04,23428.4,510525,507825,129.65,1182150,776850,49.65,1733100,2170950
16-04-2025 15:04,23429.9,510900,506925,130.65,1190625,774000,49.3,1713675,2199150
16-04-2025 15:04,23430.6,512700,502125,132.45,1196475,768300,48.85,1706550,2241225
16-04-2025 15:04,23431.8,513300,502050,131.95,1188750,758925,49,1704450,2234175
16-04-2025 15:05,23433.1,511800,505875,133.4,1192350,748050,48.15,1691175,2241375
16-04-2025 15:05,23433.1,511725,505200,132.15,1187775,753975,48.75,1727325,2235225
16-04-2025 15:05,23430.6,515850,505650,131.35,1180050,769650,49.25,1755600,2202750
16-04-2025 15:05,23430,516375,505275,130.6,1173375,772875,49,1759575,2207025
16-04-2025 15:05,23429.9,509550,502575,131,1166025,773100,48.8,1748325,2235075
16-04-2025 15:05,23430,509775,505800,131.8,1173225,746100,48.45,1724925,2249775
16-04-2025 15:06,23428.8,509625,504825,129.9,1178400,743475,48.9,1749900,2228100
16-04-2025 15:06,23428,509325,506025,128,1168275,743775,49.5,1741650,2208975
16-04-2025 15:06,23427.8,507750,508350,128.2,1145850,752325,49.5,1760400,2173200
16-04-2025 15:06,23427.9,503025,509550,130.3,1175550,758775,49.2,1778025,2181750
16-04-2025 15:06,23429.7,504525,510750,130.8,1187475,753375,49,1733550,2195925
16-04-2025 15:06,23429.4,505800,511875,131,1175775,752250,48.75,1722075,2222175
16-04-2025 15:07,23428.2,504675,515475,129.9,1176375,765300,49.5,1754850,2226225
16-04-2025 15:07,23429.4,504450,520200,129.2,1170675,774900,49.65,1750800,2178900
16-04-2025 15:07,23429.9,505800,517200,131,1183500,790200,48.95,1734450,2216250
16-04-2025 15:07,23430,509250,509700,131.1,1177125,801000,48.95,1725450,2215200
16-04-2025 15:07,23428.9,506475,510375,130.05,1171125,816300,49.55,1750725,2190150
16-04-2025 15:07,23427.9,502050,510750,129.05,1182600,823275,50.15,1830675,2148525
16-04-2025 15:08,23429.4,503025,520125,130.45,1184250,816375,49.7,1845600,2037675
16-04-2025 15:08,23430,504150,522825,131.3,1186875,813375,49.5,1740075,2074800
16-04-2025 15:08,23430,503850,528825,131.2,1185375,795750,49.25,1739325,2087325
16-04-2025 15:08,23430,504375,527700,130.9,1179600,798900,49,1744725,2100825
16-04-2025 15:08,23430.2,503400,526275,131.4,1173300,828750,48.85,1726725,2120625
16-04-2025 15:08,23428.6,503625,514800,129.3,1167000,844200,49.75,1758600,2090025
16-04-2025 15:09,23428.9,504075,516225,129.75,1165500,849300,49.45,1783950,2075850
16-04-2025 15:09,23427.5,502650,516825,128.95,1162575,844725,49.6,1781100,2049900
16-04-2025 15:09,23429.2,502275,511875,129.15,1149675,841425,49.55,1764900,2029350
16-04-2025 15:09,23428.4,502650,508575,129.05,1157175,766050,49.7,1758000,2055150
16-04-2025 15:09,23429,503100,509925,128.55,1158375,769725,50,1761600,2049375
16-04-2025 15:09,23429.2,504225,507075,129.05,1164825,771000,49.75,1754250,2078925
16-04-2025 15:10,23428.1,502575,509550,127.65,1157925,775950,50.1,1754925,2065725
16-04-2025 15:10,23427.3,502050,507525,126.8,1149525,800475,49.75,1745325,2049825
16-04-2025 15:10,23428.2,500625,511425,126.7,1135575,796800,50.5,1748775,2041350
16-04-2025 15:10,23425.7,499650,516900,125.4,1133325,778650,51.4,1775700,1985025
16-04-2025 15:10,23426.4,499875,515700,126.85,1102875,777150,51,1769775,1971225
16-04-2025 15:10,23425.8,500025,511950,126.65,1107225,749625,50.85,1716000,1990875
16-04-2025 15:11,23426,499875,517575,127.25,1119300,729225,50.55,1725900,1986000
16-04-2025 15:11,23425.4,503400,533775,125.45,1116600,739725,51.2,1748100,1974600
16-04-2025 15:11,23424.9,502875,535875,125.45,1107300,744300,51.4,1760400,1950975
16-04-2025 15:11,23423.5,502500,541800,124.3,1099425,742650,52.05,1786125,1964625
16-04-2025 15:11,23420,500175,543075,122.1,1009725,751425,51.95,1787700,1904925
16-04-2025 15:11,23421.1,500400,523800,121.5,1009500,732600,52.45,1762575,1922625
16-04-2025 15:12,23418.1,499650,525525,120.85,1005075,731550,52.9,1788375,1881750
16-04-2025 15:12,23418,500625,526650,121.75,1001475,732750,51.9,1788150,1881300
16-04-2025 15:12,23419.1,500625,518700,121.2,995700,714075,52.3,1746675,1902300
16-04-2025 15:12,23418.9,500775,520500,122.45,999450,723375,51.9,1740525,1905675
16-04-2025 15:12,23419.6,502050,517875,121.6,1001775,724050,51.5,1715625,1936125
16-04-2025 15:12,23419.3,502425,519750,119.6,1005900,737250,51.9,1729125,1944975
16-04-2025 15:13,23420,503850,518400,121.55,985950,735450,51,1713300,1937700
16-04-2025 15:13,23422.7,505800,519825,122.7,1007250,711375,50.3,1655850,1844700
16-04-2025 15:13,23421,505425,521250,121.1,1012350,712125,51.35,1635150,1828050
16-04-2025 15:13,23419.9,504750,522075,121,1015800,717600,51.55,1639350,1827375
16-04-2025 15:13,23421.1,504450,518025,122.25,1012050,714975,50.8,1623675,1863825
16-04-2025 15:13,23420.3,505500,524550,121.35,1015800,726675,51.3,1630425,1861200
16-04-2025 15:14,23420.4,504075,517125,121.1,1014150,725925,51.2,1643775,1863075
16-04-2025 15:14,23420.9,503475,521775,121.5,1021125,728925,51,1635000,1888725
16-04-2025 15:14,23419.4,503250,523800,121.05,1018575,729225,51.1,1617375,1892850
16-04-2025 15:14,23419.7,503925,525375,120.25,1015875,734925,51.75,1625700,1890375
16-04-2025 15:14,23418.7,503775,522225,120.05,1016025,726375,52.2,1630950,1860600
16-04-2025 15:14,23415.7,502650,520125,119.35,1009500,723375,52.65,1612050,1791075
16-04-2025 15:15,23416.2,497325,518925,119.95,993300,701850,52.95,1613250,1692375
16-04-2025 15:15,23418.2,502500,518100,122,1013925,702750,53,1604400,1732950
16-04-2025 15:15,23420,504600,516300,123.1,1004550,665025,52.1,1589550,1780650
16-04-2025 15:15,23421.3,499725,511050,124.9,1018350,663075,51.3,1568625,1847025
16-04-2025 15:15,23425,502050,505125,127,1044525,603225,49.85,1543275,1884900
16-04-2025 15:15,23425,504000,504300,128.3,1045275,585975,49.2,1507575,1888575
16-04-2025 15:16,23424.1,505950,507150,128.05,1041075,576075,51.2,1510425,1825575
16-04-2025 15:16,23425,506475,508575,127.6,1017225,612525,51.05,1527825,1846425
16-04-2025 15:16,23424.6,508875,510450,127.1,1015575,621600,51.6,1539225,1846125
16-04-2025 15:16,23425,512775,507525,128,1019550,628200,50.8,1539225,1875750
16-04-2025 15:16,23425,514350,509625,127.4,1027725,634425,51,1531575,1875975
16-04-2025 15:16,23424.6,517575,505950,128,1042275,623700,50.5,1535025,1890000
16-04-2025 15:17,23425,518400,506775,128.3,1039800,630975,51.1,1552350,1863375
16-04-2025 15:17,23425.1,518325,508875,128.2,1037325,622050,51.2,1554075,1854075
16-04-2025 15:17,23425.9,519975,506550,128.35,1025025,625650,51.1,1563075,1861800
16-04-2025 15:17,23424.2,520275,505650,129.4,1029075,615825,50.2,1557450,1900800
16-04-2025 15:17,23426.6,524325,500625,129.65,1039425,615000,50.15,1551675,1888200
16-04-2025 15:17,23425.6,524850,501075,129.2,1037025,606750,49.75,1501800,1901925
16-04-2025 15:18,23428,523950,502875,130.85,1039650,607650,48.5,1520325,1894425
16-04-2025 15:18,23429.9,529575,498150,131.3,1039125,597825,48.15,1460400,1926525
16-04-2025 15:18,23433,530700,498600,133.2,1049925,594225,44.95,1411350,2044125
16-04-2025 15:18,23434,532050,487050,134.3,1058625,538050,43.45,1296075,1982325
16-04-2025 15:18,23432.8,530100,491325,134.65,1052250,518475,44.35,1361325,1933875
16-04-2025 15:18,23433,532200,495000,134.1,1047375,508200,45,1422975,1894650
16-04-2025 15:19,23435,533100,489450,135.7,1041000,503250,43.85,1422600,1874325
16-04-2025 15:19,23436.1,532350,492300,133.3,1046775,523875,44.85,1432350,1879800
16-04-2025 15:19,23435.7,535125,487200,134.3,1045800,533850,44.45,1444050,1876575
16-04-2025 15:19,23435.1,535500,486075,134.1,1055700,536175,44.25,1444500,1884750
16-04-2025 15:19,23437,536400,484800,133.2,1054725,545475,44.1,1464225,1887150
16-04-2025 15:19,23437.6,535950,489675,133,1039125,555300,44.55,1489500,1909425
16-04-2025 15:20,23436.6,535050,487725,133.1,1026600,554850,45.25,1490400,1844400
16-04-2025 15:20,23437.4,533400,486525,133.65,1020300,569025,45.5,1496025,1767975
16-04-2025 15:20,23436,532950,487500,134.25,1043400,565500,45.2,1489050,1817100
16-04-2025 15:20,23438.7,530325,488100,134.45,1035750,546750,45.2,1463550,1886100
16-04-2025 15:20,23438,530550,487350,134.2,1003425,555525,44.3,1456050,1914000
16-04-2025 15:20,23438,531900,483075,134.7,972075,558675,43.95,1436025,1929300
16-04-2025 15:21,23437,530775,481875,134.15,968850,557175,43.9,1452675,1902075
16-04-2025 15:21,23438.9,525975,483000,135.15,969825,552225,42.95,1446225,1920900
16-04-2025 15:21,23438.6,526575,477825,136.5,976350,536925,42.1,1409550,1926975
16-04-2025 15:21,23442,526275,475425,138.35,1008150,506100,41.4,1368075,1930875
16-04-2025 15:21,23442.6,526575,472425,138.35,994125,462675,41.35,1385400,1919100
16-04-2025 15:21,23442,525600,477450,137.85,989550,472875,41.75,1404150,1913925
16-04-2025 15:22,23436.6,520050,479475,135.95,952950,484050,42.9,1422000,1858650
16-04-2025 15:22,23443,523350,476475,136.2,937875,495225,43,1446300,1826850
16-04-2025 15:22,23441.9,520500,476700,136.15,943275,493200,42.7,1408800,1842600
16-04-2025 15:22,23443.1,522675,478050,136.35,937275,490800,41.7,1407825,1870125
16-04-2025 15:22,23443.1,522075,477900,136.05,965400,495375,41.7,1372950,1872600
16-04-2025 15:22,23444,514275,477375,137,943650,500700,40.8,1365900,1792125
16-04-2025 15:23,23443.1,513900,472275,137.55,956550,479400,41.5,1356225,1764975
16-04-2025 15:23,23438,513600,477900,136.65,958125,487725,41.45,1373925,1747350
16-04-2025 15:23,23444.1,507750,476925,135.4,932850,503775,41.55,1388250,1759800
16-04-2025 15:23,23443.5,506550,476625,134.95,921900,500400,41.9,1406025,1759500
16-04-2025 15:23,23441.8,505950,477450,135.3,936675,523275,41.95,1429800,1765875
16-04-2025 15:23,23441,505725,477225,135.75,919500,497025,41.9,1412775,1752600
16-04-2025 15:24,23440.6,505575,468975,135.85,922350,492300,41.45,1410150,1789725
16-04-2025 15:24,23442.2,507450,475125,135.1,916425,489300,41.35,1403625,1772700
16-04-2025 15:24,23444,508575,476175,135.3,904350,490575,40.95,1368000,1781400
16-04-2025 15:24,23443,508275,475950,135.7,945750,487650,40.75,1358850,1744650
16-04-2025 15:24,23443,508950,471825,136.25,968775,469500,39.9,1356450,1760700
16-04-2025 15:24,23447.4,507300,465000,137,948000,460350,40.2,1254750,1770375
16-04-2025 15:25,23445,506100,471600,136.2,884625,437625,40.6,1279500,1708275
16-04-2025 15:25,23443.6,505800,463425,135.75,921975,436425,40.45,1296600,1718475
16-04-2025 15:25,23445,504900,464175,136.3,902325,428475,40.65,1280850,1723650
16-04-2025 15:25,23443.1,503025,466875,136,901725,432675,39.7,1283325,1727775
16-04-2025 15:25,23444.1,506250,466875,135.1,857475,438150,39.15,1251075,1760925
16-04-2025 15:25,23444.1,506625,464250,136.5,846450,434925,39.85,1277325,1748925
16-04-2025 15:26,23445,498600,463650,135.75,844725,425025,39.2,1286100,1740975
16-04-2025 15:26,23445.5,500175,464325,135.8,835725,425175,38.55,1266900,1756425
16-04-2025 15:26,23443.1,499200,462675,135.75,834525,419925,38.1,1258125,1759200
16-04-2025 15:26,23445,499650,462000,135.8,830250,422550,38.2,1246200,1737000
16-04-2025 15:26,23445.7,498075,458850,135.75,832575,419700,38.2,1230600,1726275
16-04-2025 15:26,23443.9,494550,455475,136.2,829200,413475,38.8,1038150,1739550
16-04-2025 15:27,23442.8,494250,457275,136.05,829650,403575,38.85,1051875,1698525
16-04-2025 15:27,23443.8,492300,457350,136,832650,402375,38.6,1054350,1687575
16-04-2025 15:27,23445,492525,457725,136.35,824700,401400,37.7,1060200,1700550
16-04-2025 15:27,23445,493200,456075,136.65,826800,392925,36.7,1063275,1698750
16-04-2025 15:27,23446,494550,454875,136.3,827025,382875,36.5,1060125,1678725
16-04-2025 15:27,23446.5,494775,458475,136.1,829950,388875,36.7,1087575,1647300
16-04-2025 15:28,23444.8,489675,457275,134.1,817125,389100,37.35,1111725,1596975
16-04-2025 15:28,23444.7,488175,457575,132.65,790200,388950,37.4,1110750,1578300
16-04-2025 15:28,23443.1,483600,457200,133.45,788925,373575,37.3,1100700,1543275
16-04-2025 15:28,23442.2,481875,456750,133.05,789975,353925,36.8,1082100,1480950
16-04-2025 15:28,23442,481050,454350,132.05,787425,352650,36.55,1099875,1477950
16-04-2025 15:28,23442.4,481500,452175,131.3,784275,353325,36.95,1096050,1443675
16-04-2025 15:29,23442,477450,448875,130.4,774750,348450,36.9,1087125,1411500
16-04-2025 15:29,23440,475125,448125,129.4,774150,325350,37,1078875,1379400
16-04-2025 15:29,23438.8,468300,449700,128.3,750750,308475,37.65,1071000,1295325
16-04-2025 15:29,23435.5,463275,449400,128.8,454950,284700,39.05,716325,1226325
16-04-2025 15:29,23438.3,461475,448275,128.6,455175,274650,39.25,684900,1149825
16-04-2025 15:29,23440.6,451125,438150,128.15,448800,265275,38.3,671100,1173525
