last_traded_time,ltp,tot_buy_qty,tot_sell_qty,ltp,tot_buy_qty,tot_sell_qty,ltp,tot_buy_qty,tot_sell_qty
21-04-2025 09:15,23938.6,168000,115875,179.55,1041900,105375,146.5,496425,111225
21-04-2025 09:15,23942.5,176850,127500,186.2,1053300,102975,144.65,488400,117825
21-04-2025 09:15,23948,196350,121500,190.6,1066125,104850,142.05,533175,100425
21-04-2025 09:15,23960,183600,118500,196.2,1096875,97200,134.9,529050,108525
21-04-2025 09:16,23960.1,198975,105975,200.5,3184425,81075,136.65,2527575,133650
21-04-2025 09:16,23968.5,204675,115800,202.35,3299850,86400,135.55,3098100,139575
21-04-2025 09:16,23959,188775,124950,193.7,3327450,101625,139.35,3117375,154050
21-04-2025 09:16,23958.7,190875,120150,198.25,3318225,111900,136.15,3137475,145425
21-04-2025 09:16,23959.8,198225,122625,201.3,3342900,116400,138.8,3145125,146550
21-04-2025 09:16,23960,209625,125550,197.25,3379875,121725,139.05,3155550,162375
21-04-2025 09:17,23964,210900,124425,203,3396450,129375,135.75,3150525,173775
21-04-2025 09:17,23960.7,208275,123825,201,3394800,131400,139.4,3145275,168825
21-04-2025 09:17,23945,200700,134625,195.6,3382200,146475,147.15,3164775,158850
21-04-2025 09:17,23959.6,202725,136275,198.45,3336075,150150,142.4,3161550,144150
21-04-2025 09:17,23960,213675,139425,198.3,3339600,153750,141.05,3159075,149250
21-04-2025 09:17,23960,205125,140100,198.15,3339975,157575,138.8,3151200,160275
21-04-2025 09:18,23954.2,195000,144600,194.75,3341250,199275,145.7,3159225,159300
21-04-2025 09:18,23944.4,207825,149700,193.15,3335700,199275,146.5,3163125,156450
21-04-2025 09:18,23951.2,208650,148800,194.45,3373950,202125,146.5,3162450,147525
21-04-2025 09:18,23942,198750,153825,191.55,3502575,201975,147.8,3166200,148500
21-04-2025 09:18,23939.9,200175,150000,190.2,3501450,204225,146.95,3168750,138075
21-04-2025 09:18,23937,205500,153300,188.35,3440850,205575,146.9,3165900,144600
21-04-2025 09:19,23938.5,199875,158775,183.65,3438525,205350,151,3172650,146625
21-04-2025 09:19,23938.8,192000,154800,184.9,3440325,212100,148.75,3178275,152400
21-04-2025 09:19,23944,210375,145875,191.65,3457950,205050,147.2,3169125,163275
21-04-2025 09:19,23944.8,220875,156525,192.8,3464850,204075,143.85,3166875,169650
21-04-2025 09:19,23940,213675,152700,190.05,3462975,218925,148.1,3163575,172575
21-04-2025 09:19,23936.8,214125,155325,188.8,3458175,233925,148.35,3168975,178500
21-04-2025 09:20,23945,229575,159600,194.15,3470325,237450,143.55,3044550,185700
21-04-2025 09:20,23950,235800,156000,193.6,3492075,231375,140,3038100,188625
21-04-2025 09:20,23943.2,219225,156300,191,3482775,242475,146.75,3044325,183900
21-04-2025 09:20,23931.2,219075,158325,184.75,3468375,247725,153.3,3055350,173775
21-04-2025 09:20,23932,220200,161325,186.15,3460650,256950,150.7,3058200,161775
21-04-2025 09:20,23930,211800,161925,184.85,3469650,258675,154,3073125,165450
21-04-2025 09:21,23918.2,198750,162225,179.75,3467250,266925,156.85,3073050,151050
21-04-2025 09:21,23914.2,201525,163725,177.4,3430500,263175,160.95,3078300,135075
21-04-2025 09:21,23923.9,219675,161475,182,3444075,263625,156.95,3066825,146400
21-04-2025 09:21,23930.1,222825,162225,185.6,3460050,262950,153.75,3061500,154350
21-04-2025 09:21,23922.1,225825,168825,181.05,3460725,268500,162.45,3079350,162375
21-04-2025 09:21,23910,217875,171450,177.3,3455625,269025,167.25,3099975,141375
21-04-2025 09:22,23901,221025,177225,172.05,3444150,280650,173.25,3091125,128250
21-04-2025 09:22,23891.2,199125,178950,170.8,3430500,277275,178.65,3099750,114300
21-04-2025 09:22,23894.2,221475,179850,171,3448875,276675,180.9,3091875,122400
21-04-2025 09:22,23888.1,225750,178650,170.55,3468975,282900,186.2,3099750,128550
21-04-2025 09:22,23876,208125,181050,165.35,3460725,300225,190,3112050,109500
21-04-2025 09:22,23882,218400,176400,167.1,3471450,290775,187.5,3115500,121650
21-04-2025 09:23,23886,222600,185400,170.65,3490350,294000,182.75,3101475,141075
21-04-2025 09:23,23891.3,231600,184725,173.55,3505725,296925,177.7,3090375,147825
21-04-2025 09:23,23903.1,227025,163350,175.3,3521025,293850,178.8,3057525,154950
21-04-2025 09:23,23898.2,216900,175125,175.6,3525000,303225,178.75,3074475,159225
21-04-2025 09:23,23904,233025,176250,177.4,3536325,300225,176,3069225,181350
21-04-2025 09:23,23907.1,220275,171525,179.1,3533625,311475,174,3071325,176625
21-04-2025 09:24,23906.3,224625,177600,179.95,3539100,318150,173.8,3068550,193575
21-04-2025 09:24,23910.8,232500,157350,180.45,3581100,312000,170.95,3069225,197250
21-04-2025 09:24,23927,243450,162750,185,3594375,310950,164.65,3049425,196725
21-04-2025 09:24,23932.8,249300,154425,192.95,3602325,291375,157,3034425,195000
21-04-2025 09:24,23944.7,250650,164175,196.5,3602850,273375,149.55,3027225,199650
21-04-2025 09:24,23950,255450,157200,194.7,3594225,236400,148.35,3012975,203625
21-04-2025 09:25,23951.2,245625,159675,197.8,3572325,244125,148.25,3027225,206925
21-04-2025 09:25,23937.9,249975,173100,189.05,3568425,283125,153.7,3059625,198750
21-04-2025 09:25,23930,245100,170625,184.95,3530250,292050,158.4,3068925,194475
21-04-2025 09:25,23928,244350,176175,188.35,3538200,304800,158,3077025,209025
21-04-2025 09:25,23942.2,252225,161850,193.65,3555600,305325,153,3072750,227625
21-04-2025 09:25,23933.3,244125,161925,189.7,3552225,325950,157.5,3082800,224400
21-04-2025 09:26,23925.6,244800,177300,185.55,3548850,331575,162.1,3101625,218625
21-04-2025 09:26,23929.5,238125,160350,188.25,3567450,337350,158.9,3102225,232275
21-04-2025 09:26,23930,235875,173400,189,3570750,353100,158,3096075,241200
21-04-2025 09:26,23934.7,252075,166125,191.65,3583575,348300,154.95,3098550,246150
21-04-2025 09:26,23915.1,226875,176325,180.4,3576750,343875,167.1,3092625,247575
21-04-2025 09:26,23911,245700,174975,176.45,3531300,356325,169.7,3105675,232500
21-04-2025 09:27,23911,244500,159300,176.55,3522375,388275,167.65,3117150,234225
21-04-2025 09:27,23909.3,243000,166500,175.85,3560850,373650,167.95,3106725,239025
21-04-2025 09:27,23910.9,250500,179100,177,3580125,370725,167.75,3102075,258450
21-04-2025 09:27,23915.8,250200,175125,179.4,3592875,388050,166.1,3101325,258075
21-04-2025 09:27,23918.3,252600,167700,179.6,3604350,376500,165.4,3099375,262725
21-04-2025 09:27,23905,250200,187650,173.1,3609225,385875,172.7,3110025,262500
21-04-2025 09:28,23914.8,257775,182025,178.6,3598650,394650,166.7,3113850,256800
21-04-2025 09:28,23915.2,251025,183000,180.5,3614100,392700,164.8,3114075,272925
21-04-2025 09:28,23915,254325,191250,177,3617100,403425,168.5,3108225,277350
21-04-2025 09:28,23915.3,258450,185475,178.9,3620025,413775,165.8,3121350,273825
21-04-2025 09:28,23920.6,264225,182100,178,3627525,418125,163.75,3125250,272775
21-04-2025 09:28,23925,258000,178800,182.4,3630825,417450,156.85,3105825,284925
21-04-2025 09:29,23932.1,260850,168075,187.2,3644850,416100,152.95,3089700,290625
21-04-2025 09:29,23939.9,261450,169575,191.5,3652275,383625,149.6,3067500,298725
21-04-2025 09:29,23948,261975,171375,193.1,3651825,377250,147.6,3061875,305400
21-04-2025 09:29,23948.2,255000,175275,194.1,3655050,372075,145.35,3054225,304575
21-04-2025 09:29,23946.8,258450,178875,191.65,3648825,381750,147.7,3068475,303675
21-04-2025 09:29,23939.7,250950,183000,184.65,3623325,392025,150.9,3087900,303300
21-04-2025 09:30,23937.9,254475,180900,185.8,3612900,397425,151.15,3094575,304875
21-04-2025 09:30,23932,259350,185700,182.45,3607800,401550,154.45,3113250,310875
21-04-2025 09:30,23921.4,257850,193200,178.7,3604500,414150,158.05,3131550,306600
21-04-2025 09:30,23924.5,262350,186000,179.9,3608850,414000,157.85,3146550,313800
21-04-2025 09:30,23917.8,257250,191475,176.3,3603000,414300,163.1,3142950,309825
21-04-2025 09:30,23912.1,254250,190050,175.8,3607650,420150,166.35,3164475,306600
21-04-2025 09:31,23910.7,245250,191250,173.5,3601725,426075,166.9,3161925,297450
21-04-2025 09:31,23914.7,253425,198450,174.95,3610200,422550,163.35,3169575,308925
21-04-2025 09:31,23921.4,255375,193650,178.75,3628950,425850,158.35,3159900,320025
21-04-2025 09:31,23928,263325,195450,181.9,3639075,421875,156.1,3128775,328650
21-04-2025 09:31,23934.6,261225,194625,184.2,3641775,424050,152.4,3119250,325050
21-04-2025 09:31,23941.6,259875,188025,188.85,3647025,422925,147.2,3097125,334500
21-04-2025 09:32,23928.5,257250,190575,179.1,3647550,434850,156.85,3103050,336075
21-04-2025 09:32,23924.9,256350,190350,179.95,3624225,447000,154.8,3111300,314700
21-04-2025 09:32,23935.8,256575,191325,181.05,3637275,442800,151.35,3107175,331200
21-04-2025 09:32,23936,262125,192525,184.9,3652800,449550,149,3111075,337200
21-04-2025 09:32,23937,261675,182400,184.55,3659475,447750,149.45,3111825,337875
21-04-2025 09:32,23941.6,263850,192450,185.7,3659100,449850,146.85,3104325,344625
21-04-2025 09:33,23942.1,261075,188700,186.5,3660600,455025,144.35,3090150,344775
21-04-2025 09:33,23942.6,261600,184125,187.2,3660825,455550,142.5,3084525,339675
21-04-2025 09:33,23955.6,262575,179475,189.9,3666450,444900,140.6,3079050,342600
21-04-2025 09:33,23954,261075,192075,191.6,3673650,439350,140.3,3071850,342375
21-04-2025 09:33,23962,267375,180975,198.7,3693975,435000,135.8,3063150,349350
21-04-2025 09:33,23953.8,263625,188775,190,3693150,389250,141.5,3065700,352350
21-04-2025 09:34,23950.1,261375,190425,189.35,3657600,403050,143.65,3081675,378525
21-04-2025 09:34,23952.6,259650,191625,191.7,3660825,405450,142.15,3086025,368025
21-04-2025 09:34,23957.9,265275,183900,195.3,3679350,409200,137.7,3087975,403650
21-04-2025 09:34,23954.4,262650,183000,192.6,3677100,413025,140.5,3081900,397275
21-04-2025 09:34,23959,264600,184650,193.85,3672600,415125,139,3085050,393375
21-04-2025 09:34,23961.9,264300,189525,196.95,3683325,423900,136.5,3091800,397500
21-04-2025 09:35,23961.3,263850,177375,197.4,3685650,409575,134.05,3088350,399600
21-04-2025 09:35,23962.2,271200,170625,197.05,3691050,417600,134.35,3075525,396375
21-04-2025 09:35,23960.9,267675,189300,195.6,3679500,427425,135.95,3085650,388875
21-04-2025 09:35,23960,266925,190275,195.25,3682125,435225,136.4,3091275,399525
21-04-2025 09:35,23959,267300,194850,192.85,3685875,436050,139.05,3105900,398250
21-04-2025 09:35,23960,262725,190500,195.95,3691725,436425,138.65,3112575,388725
21-04-2025 09:36,23974.1,265800,183975,203,3699300,426900,135.95,3101100,386475
21-04-2025 09:36,23979.5,265350,175425,208.9,3700050,284250,131.35,3071775,398625
21-04-2025 09:36,23977,262125,181050,207.4,3689400,259350,132.75,3074625,408900
21-04-2025 09:36,23979.9,270675,170025,209.4,3684750,273150,131.35,3086400,406350
21-04-2025 09:36,23982.5,270375,169350,206.1,3679350,289050,133.85,3096375,409950
21-04-2025 09:36,23968.4,260925,176025,200.85,3664050,300450,136.65,3112950,400875
21-04-2025 09:37,23976,262950,174375,205.05,3647850,299400,132.95,3113100,395475
21-04-2025 09:37,23978,266175,176625,207.9,3656850,312975,129.45,3107775,418425
21-04-2025 09:37,23986.7,265500,172050,207.65,3672525,305775,128.65,3065100,417975
21-04-2025 09:37,23975.1,266325,188550,205.05,3663675,314700,129,3069075,427125
21-04-2025 09:37,23974.5,272100,176025,202.9,3645225,334200,129.55,3090375,426825
21-04-2025 09:37,23968.6,265275,177900,200.45,3628725,350475,131.95,3096900,432675
21-04-2025 09:38,23975,262800,177450,203.85,3634650,348075,129.35,3096000,435450
21-04-2025 09:38,23982.4,270975,174525,205.85,3647625,344325,128.2,3096600,433950
21-04-2025 09:38,23979.9,268350,171675,207.1,3652500,343275,126.95,3076500,433425
21-04-2025 09:38,23989,272025,177900,208.85,3655875,354075,125.25,3079500,437550
21-04-2025 09:38,23980.3,267075,171150,207.4,3651225,335475,127.65,3053625,435075
21-04-2025 09:38,23982.9,272550,167250,209.35,3728625,327450,124.7,3059850,450525
21-04-2025 09:39,23982.9,273825,167475,208.9,3725250,328275,125.3,3072300,442425
21-04-2025 09:39,23985,276075,167025,213.85,3659925,325350,123.75,3067800,448875
21-04-2025 09:39,23998.5,280425,165075,218.2,3683850,281100,121.75,3054750,453525
21-04-2025 09:39,23998.2,276225,156075,221.4,3683250,226800,121.45,3045000,452175
21-04-2025 09:39,24000,280575,157800,221.95,3676350,233400,120,3053550,449400
21-04-2025 09:39,24001,278550,153975,222.6,3671025,237075,120,3042750,449175
21-04-2025 09:40,24003.4,279150,144600,219.45,3671325,235050,121.3,3037275,444375
21-04-2025 09:40,23998.8,271725,159675,220.35,3649800,245175,119.7,3049725,447075
21-04-2025 09:40,24000,274125,142275,219.5,3650550,249975,119.6,3044475,457275
21-04-2025 09:40,24000,271575,153300,217.75,3648975,252675,120.1,3043575,456975
21-04-2025 09:40,24002.1,271275,155850,221.55,3647475,264675,118.4,3056925,456600
21-04-2025 09:40,24005,273525,147600,222.45,3648150,255000,116.8,3048225,464850
21-04-2025 09:41,24006,271650,157350,220.85,3652800,270450,117.9,3061275,455700
21-04-2025 09:41,24003,277350,150000,219,3654675,274650,119.75,3067800,451125
21-04-2025 09:41,23996.5,274800,160650,216.95,3639750,285600,119.75,3072900,440925
21-04-2025 09:41,24002.3,269925,150825,220,3635100,293850,117.65,3075900,459900
21-04-2025 09:41,24007,274950,144150,222.9,3638625,284700,115.65,3074850,463125
21-04-2025 09:41,24003.7,270000,163350,217.25,3639000,283050,118.8,3060075,459225
21-04-2025 09:42,24005,274350,159375,218,3631200,286800,118.55,3063300,460275
21-04-2025 09:42,24003.6,281475,159450,220.35,3628650,279900,117.65,3068175,463125
21-04-2025 09:42,24000,271875,171000,217.65,3634275,291975,119.55,3083850,461325
21-04-2025 09:42,23995,272250,169125,214.5,3631350,309975,120.45,3092100,456075
21-04-2025 09:42,23987.8,270375,164475,213,3619500,292500,122.7,3096300,453375
21-04-2025 09:42,24002,288225,159900,218.95,3624525,289950,119,3094875,464925
21-04-2025 09:43,24000,290250,157875,220.85,3633225,285525,117.15,3078675,475950
21-04-2025 09:43,24000.2,272100,154725,219.85,3635700,289275,118.3,3083025,487650
21-04-2025 09:43,24008.9,291000,163650,223.25,3636825,285525,115.15,3081825,489675
21-04-2025 09:43,24003.3,282975,152700,223,3636675,271950,115.5,3070500,490125
21-04-2025 09:43,24006.8,286275,148200,224.4,3642375,261150,114.2,3081450,494850
21-04-2025 09:43,24007,289650,153075,224.15,3641325,265650,113.15,3096675,494175
21-04-2025 09:44,24010,277125,148725,224,3644550,261000,112.85,3094500,492375
21-04-2025 09:44,24013.4,282825,157275,225.3,3641100,261450,113,3080700,492300
21-04-2025 09:44,24018,291000,152250,228.9,3645225,255675,111,3077175,491250
21-04-2025 09:44,24021.1,283200,153600,230.25,3641325,219975,111.55,3078825,492750
21-04-2025 09:44,24025,284850,152775,231.4,3630600,221250,109.75,3073875,502275
21-04-2025 09:44,24021.3,277050,160350,228.7,3625575,233025,111.25,3063600,502125
21-04-2025 09:45,24011.5,275250,171225,220.3,3615825,235350,114.6,3067200,505275
21-04-2025 09:45,24011.6,272175,163275,220.95,3607050,236325,114.45,3078975,485550
21-04-2025 09:45,24002.1,278775,166500,219.5,3607425,237600,115.5,3087975,482925
21-04-2025 09:45,24008.3,280575,175350,220.35,3613425,243075,114.5,3099525,486375
21-04-2025 09:45,24003.6,277575,183525,218.8,3602925,249600,115.85,3103350,473775
21-04-2025 09:45,24007,276675,174450,220.55,3609300,247500,115.05,3107100,477525
21-04-2025 09:46,24002.1,290100,182325,217.8,3606450,253800,116.85,3109125,480600
21-04-2025 09:46,23993.3,280500,174450,209.05,3602175,263250,120.9,3121950,478950
21-04-2025 09:46,23991.2,282750,174525,210.05,3572325,266250,121.15,3128400,454650
21-04-2025 09:46,23988.7,287025,167250,210.2,3567225,255750,121.2,3112275,462825
21-04-2025 09:46,23996,290775,156075,217.15,3571200,257775,118.05,3121650,482175
21-04-2025 09:46,23995.6,288375,166425,213.75,3585075,261000,121.5,3133350,484350
21-04-2025 09:47,23995,295650,178875,216.7,3585900,268575,119.55,3142875,479925
21-04-2025 09:47,23995.6,288525,166275,215.7,3600075,267150,119.8,3142050,487275
21-04-2025 09:47,23992.5,282375,174000,214.2,3599250,268500,122.4,3158250,500250
21-04-2025 09:47,23995.6,301650,168225,217.25,3603450,270300,119.8,3162900,508950
21-04-2025 09:47,23995.6,292950,167850,217.45,3606525,272625,119.55,3152025,506925
21-04-2025 09:47,23991.1,296400,173100,215.05,3612075,277200,121.25,3167625,509550
21-04-2025 09:48,23989,283275,184350,213.05,3606225,282750,122.25,3162225,506775
21-04-2025 09:48,23982.7,288000,181725,207.8,3599325,279075,125.05,3159075,491250
21-04-2025 09:48,23978,279300,179250,206.7,3596775,281175,126.7,3163875,479250
21-04-2025 09:48,23975,280125,183750,203.8,3589275,282600,127.7,3165525,476250
21-04-2025 09:48,23975,277875,179850,204.7,3596700,278325,128.05,3173700,484275
21-04-2025 09:48,23974.6,281475,177375,203.6,3604575,278025,128.9,3182325,488250
21-04-2025 09:49,23983.4,285825,177000,210.65,3614625,275775,123.8,3167625,485325
21-04-2025 09:49,23982.2,281925,183675,207.5,3620250,279525,126.8,3153525,491850
21-04-2025 09:49,23979.6,293550,177675,207.1,3627750,278550,126.7,3164625,498075
21-04-2025 09:49,23983.8,293325,173850,207.7,3642975,278625,126.25,3160650,516450
21-04-2025 09:49,23977.9,286500,177150,208.45,3638850,283275,125.95,3165600,542325
21-04-2025 09:49,23977.1,285450,183150,207.7,3639825,287400,126.95,3165675,548775
21-04-2025 09:50,23981,312825,173625,209.45,3637125,288825,124.8,3153225,547800
21-04-2025 09:50,23987,298950,179025,208.35,3636150,288825,123.7,3144675,554775
21-04-2025 09:50,23987.4,307725,180150,210.9,3628725,287175,123.45,3136950,561075
21-04-2025 09:50,23975,295350,183375,205.25,3634125,299775,128.5,3147600,562950
21-04-2025 09:50,23974.3,291675,180225,205.65,3617175,302250,128.55,3154425,521550
21-04-2025 09:50,23972.9,282000,183375,203.85,3611100,296550,132.1,3155025,507675
21-04-2025 09:51,23982,304875,179475,207.5,3615600,294825,129.1,3169200,512175
21-04-2025 09:51,23989,292575,175800,212.35,3618675,291750,124.85,3140400,526050
21-04-2025 09:51,23985.6,293775,173475,213.05,3623175,279150,123.45,3186600,532875
21-04-2025 09:51,23990,290400,173250,213.65,3626550,285900,120.95,3203175,539550
21-04-2025 09:51,23990,292425,180225,212.85,3626550,283875,122.5,3117075,541800
21-04-2025 09:51,23990.4,308250,183750,215.5,3623250,285975,121.7,3124050,541275
21-04-2025 09:52,23990,298200,183825,213.15,3631575,291450,123.85,3142050,543375
21-04-2025 09:52,23978.7,288000,185100,210.35,3627750,297075,126.5,3147975,533850
21-04-2025 09:52,23982.3,293325,183750,209.25,3620325,302925,127.5,3142275,532200
21-04-2025 09:52,23980.6,289650,181650,210.35,3626475,302100,127.95,3136800,528375
21-04-2025 09:52,23986.2,302025,178875,213.6,3633825,304125,124.15,3136425,529200
21-04-2025 09:52,23990.1,298950,175575,214.95,3638025,300150,121.5,3128925,555450
21-04-2025 09:53,24002,300450,168300,219.5,3641400,298425,117.6,3127050,568500
21-04-2025 09:53,24002.8,302925,185850,220.8,3638325,265275,117.5,3100200,570300
21-04-2025 09:53,23996.1,295200,185475,216.85,3639075,283950,119.85,3112875,569100
21-04-2025 09:53,24000.7,293850,179325,219.85,3641700,291600,118.65,3125100,572550
21-04-2025 09:53,23997,301725,177225,220,3644025,286650,118,3127725,578100
21-04-2025 09:53,24000,292275,178275,219,3645900,293625,117.4,3137700,585375
21-04-2025 09:54,24000,306075,182850,218.7,3641925,290550,117.25,3136125,588000
21-04-2025 09:54,24003.5,306225,180450,221.4,3643650,295500,114.7,3147750,597300
21-04-2025 09:54,24002.2,303975,179550,221.5,3641325,283725,113.95,3126150,603150
21-04-2025 09:54,24007,301350,179550,221.55,3643950,290025,113.5,3129675,599100
21-04-2025 09:54,24008.5,296250,174750,222.5,3640500,293550,112.35,3124425,596775
21-04-2025 09:54,24011,306525,171600,224,3638625,291225,110.8,3130275,594825
21-04-2025 09:55,24011.5,291750,172950,224.2,3640125,294375,109.9,3100950,594075
21-04-2025 09:55,24033.9,302325,170100,234.65,3650925,278925,101.65,3088125,602925
21-04-2025 09:55,24038.4,305550,156750,239.8,3659475,208275,101.8,3045300,605700
21-04-2025 09:55,24035,299250,168600,238.25,3651675,183975,103.15,3061125,594000
21-04-2025 09:55,24035,300825,174075,238.55,3629250,190425,103.15,3077625,597075
21-04-2025 09:55,24029.5,305175,175125,232.25,3626325,211500,105.65,3097650,603075
21-04-2025 09:56,0,0,0,0,0,0,0,0,0
21-04-2025 09:56,0,0,0,0,0,0,0,0,0
21-04-2025 09:56,24014.3,293550,178875,0,0,0,0,0,0
21-04-2025 09:56,24020,298350,162825,229.35,3591675,227700,108,3134400,578850
21-04-2025 09:56,24025.9,301800,169950,228.9,3594825,227925,106.95,3120150,584550
21-04-2025 09:56,24025,303675,176100,230.85,3594300,233925,105.65,3143250,581775
21-04-2025 09:57,24028,304650,181800,232.5,3591600,233175,104.8,3133800,589200
21-04-2025 09:57,24024.3,314475,177975,232.65,3590625,235200,104.85,3128475,591300
21-04-2025 09:57,24025.6,313650,169575,233.7,3590400,235500,104.05,3136050,591525
21-04-2025 09:57,24027.9,307575,176625,234.25,3589650,230850,103.25,3133200,593100
21-04-2025 09:57,24030,308025,176025,232.5,3590025,229650,104.95,3143625,593700
21-04-2025 09:57,24025.9,297525,192300,231.95,3586575,228450,105.35,3150600,581325
21-04-2025 09:58,24030,315300,181125,234.8,3582375,226575,103.65,3152775,584700
21-04-2025 09:58,24034.9,311025,174375,234.45,3587250,223500,102.65,3143250,599250
21-04-2025 09:58,24034.5,309075,174600,235.5,3589200,224625,101.1,3143400,604275
21-04-2025 09:58,24034.9,311850,175275,235.05,3587025,227925,101.7,3125925,606900
21-04-2025 09:58,24029,303075,178425,232.25,3586425,233925,102.7,3097950,605100
21-04-2025 09:58,24025.1,305850,186225,232.15,3576975,236550,103.7,3104325,608775
21-04-2025 09:59,24025.7,305100,177900,232.5,3576975,237975,103.75,3116100,610725
21-04-2025 09:59,24028.3,311850,176925,234.1,3588150,242925,102.6,3118050,613275
21-04-2025 09:59,24026.4,309675,179325,232,3587100,244950,103.45,3121125,607200
21-04-2025 09:59,24032,318225,178650,235.1,3583575,244950,100.7,3110550,611700
21-04-2025 09:59,24034,315975,178200,235,3591150,238725,99.9,3108375,620400
21-04-2025 09:59,24031.7,304125,175575,235,3586650,240600,99.25,3090975,612750
21-04-2025 10:00,24037.5,317850,171525,236.05,3585975,235500,100.65,3083175,612300
21-04-2025 10:00,24038.8,327600,173850,237,3583200,231075,99.7,3083475,608250
21-04-2025 10:00,24038,304650,179850,237.7,3583725,229575,98.45,3076350,614775
21-04-2025 10:00,24033.2,304950,178050,231.7,3583125,236475,101.6,3107700,615975
21-04-2025 10:00,24033.1,305175,178275,234.15,3576300,234375,100.75,3113325,611250
21-04-2025 10:00,24013.3,288000,178950,221.6,3576075,242850,106.35,3121350,611175
21-04-2025 10:01,24019.7,312825,182025,227.5,3549225,236550,103.9,3125100,587250
21-04-2025 10:01,24023,303975,177225,226.75,3555825,239475,103.95,3118575,595275
21-04-2025 10:01,24018.9,311250,190950,225.25,3553950,240450,105.1,3130575,594600
21-04-2025 10:01,24027.9,309150,178800,227.4,3559725,240300,103.85,3124875,595725
21-04-2025 10:01,24029,319275,174000,231.25,3564000,234525,101.5,3116400,602400
21-04-2025 10:01,24032,308475,176325,230.5,3568125,235650,101.2,3112650,611325
21-04-2025 10:02,24026.7,310275,182400,228.6,3571425,238875,102.9,3128775,607800
21-04-2025 10:02,24023.2,311700,178425,228.2,3569550,240975,102.9,3122475,612600
21-04-2025 10:02,24028.9,310875,184275,226.8,3570300,244200,103.55,3126600,611475
21-04-2025 10:02,24031.5,325650,178050,233,3576900,243600,99.55,3123900,622500
21-04-2025 10:02,24031.6,319200,177300,233.55,3579900,237300,99.8,3112275,625725
21-04-2025 10:02,24032.8,315975,176550,231.7,3576750,244050,100.45,3120000,620550
21-04-2025 10:03,24040,322350,175575,238.2,3579600,244425,95.9,3116925,627225
21-04-2025 10:03,24036.7,316575,171150,236.25,3575775,234075,96.15,3081000,630600
21-04-2025 10:03,24035.8,305325,175125,236.2,3577350,240450,97.45,3084300,631350
21-04-2025 10:03,24033.8,321525,179025,234.85,3576225,245850,97.8,3092325,640275
21-04-2025 10:03,24035.1,321225,187200,234,3577950,249000,98.85,3102600,635625
21-04-2025 10:03,24035.1,315150,175275,235.05,3577350,252675,98.05,3106500,632700
21-04-2025 10:04,24035.1,316200,170925,234.75,3582975,252000,97.85,3102225,636675
21-04-2025 10:04,24040,318225,172725,237.6,3584775,249000,96.2,3107625,647100
21-04-2025 10:04,24055.9,311925,171525,247,3583650,247125,91.65,3129000,648375
21-04-2025 10:04,24049.7,314175,168075,244.85,3584475,193125,91.7,3047925,648825
21-04-2025 10:04,24055.6,300375,168975,245.75,3587100,188250,92,3050100,658350
21-04-2025 10:04,24057.8,315675,169575,247.8,3592200,167475,91.05,3025800,667350
21-04-2025 10:05,24046.5,317700,172725,243.35,3594000,176175,93.2,3045450,665100
21-04-2025 10:05,24051,311700,180150,243.2,3580125,179475,93.35,3055125,655200
21-04-2025 10:05,24050,313725,183900,241.25,3579900,185925,93.1,3049800,660525
21-04-2025 10:05,24051,317625,181800,242.4,3564000,190500,92.2,3047025,667725
21-04-2025 10:05,24053.1,323625,178275,245.25,3569250,196275,91.25,3052950,672825
21-04-2025 10:05,24053.9,318900,176550,243.8,3573900,201600,92,3054300,676800
21-04-2025 10:06,24043.9,314775,186300,240.25,3561300,202125,93.75,3059325,660450
21-04-2025 10:06,24046.3,322725,185025,243.1,3554025,207150,93,3062250,655425
21-04-2025 10:06,24049,320475,181575,244.7,3555150,204975,93.45,3064875,660150
21-04-2025 10:06,24048.1,324375,181800,245.45,3557925,202200,92.25,3059700,664800
21-04-2025 10:06,24055,327150,184200,246.75,3562725,200625,91.4,3057375,666300
21-04-2025 10:06,24053.1,322875,184275,245.85,3562575,199650,91.75,3062250,673425
21-04-2025 10:07,24063.5,330450,181800,252.7,3563475,200625,88.3,3066825,670575
21-04-2025 10:07,24065.9,317700,173775,253,3564675,178275,87,3035025,679575
21-04-2025 10:07,24066.9,338775,177750,252.55,3559650,180300,87,3051675,677850
21-04-2025 10:07,24062,327075,180000,250.6,3555750,179625,86.45,3047175,675000
21-04-2025 10:07,24060,320175,183975,248.35,3552975,192075,88,3064125,676275
21-04-2025 10:07,24060.3,309750,182325,248.95,3550725,193875,87.65,3073950,674025
21-04-2025 10:08,24058,311475,204750,248,3552450,196350,89.65,3081075,666675
21-04-2025 10:08,24060,317250,198150,251.45,3552075,192600,89.05,3074400,665475
21-04-2025 10:08,24063,333975,187050,253.2,3554475,195300,86.55,3076800,673500
21-04-2025 10:08,24065.8,328875,174975,252,3557625,198825,87.8,3066300,675150
21-04-2025 10:08,24064.9,317100,180075,252.3,3554325,205425,88.6,3075075,673650
21-04-2025 10:08,24061.1,315450,182025,251.7,3548400,205875,88.5,3094275,668100
21-04-2025 10:09,24063,318525,178125,253,3551400,209175,87.75,3085575,677025
21-04-2025 10:09,24063.4,321075,180000,251.25,3553875,210975,88.55,3095550,676350
21-04-2025 10:09,24063,325800,178050,252.95,3556725,212625,87.55,3092850,676950
21-04-2025 10:09,24064,314325,179475,253.65,3553875,216075,87,3096525,687450
21-04-2025 10:09,24068.2,321900,181725,253.45,3557475,197475,87.4,3089625,686625
21-04-2025 10:09,24068.3,319200,179175,254.9,3558150,201075,85,3089625,692400
21-04-2025 10:10,24068,308850,181425,251.45,3565425,202125,86.6,3070650,692550
21-04-2025 10:10,24067.3,319125,183375,251.7,3564750,210450,86.3,3071325,692100
21-04-2025 10:10,24065,322200,190800,252.25,3554850,209175,86,3074775,689625
21-04-2025 10:10,24060,323400,189225,250.75,3553950,243225,87.45,3076125,692025
21-04-2025 10:10,24058.3,323025,187650,250.85,3560100,233550,88,3085125,684450
21-04-2025 10:10,24060,308700,187425,249.25,3556725,204150,88.35,3085200,684225
21-04-2025 10:11,24060.9,303825,185700,247.3,3552825,205125,89.35,3095550,682125
21-04-2025 10:11,24062.3,313500,186900,248.75,3549525,201525,88.55,3096000,681975
21-04-2025 10:11,24059.9,308775,187050,248.15,3549375,205425,89,3105375,680325
21-04-2025 10:11,24051.9,310200,191550,246.95,3547125,206175,90,3109875,678750
21-04-2025 10:11,24058.3,316800,187725,248.45,3544125,202050,90.2,3112050,676350
21-04-2025 10:11,24053.6,308175,190725,244.5,3545325,203625,91.45,3119250,678525
21-04-2025 10:12,24050,302925,195300,243.25,3536250,204825,91.75,3118800,669825
21-04-2025 10:12,24044.2,308850,198150,240.6,3535800,204675,92.7,3122775,666900
21-04-2025 10:12,24050,319425,190800,243.15,3521625,209250,92.65,3122775,657000
21-04-2025 10:12,24048.7,313125,191625,242.75,3522075,207000,93.2,3125700,661050
21-04-2025 10:12,24046.8,322875,187650,242,3521325,211650,93.6,3131550,665850
21-04-2025 10:12,24044.2,325800,197625,241.35,3528150,202500,94,3142275,670350
21-04-2025 10:13,24047,323625,193050,243.55,3534375,202875,93.5,3147150,682425
21-04-2025 10:13,24048.1,327750,189000,246,3537150,198525,92.6,3138675,683700
21-04-2025 10:13,24051,315375,192600,244.6,3538875,203700,92.9,3135825,701700
21-04-2025 10:13,24045,320250,199650,241.6,3535650,208050,94.7,3143550,691725
21-04-2025 10:13,24045,315300,194925,241.4,3529425,207975,94.55,3145200,678675
21-04-2025 10:13,24045.4,326550,193800,241.8,3534825,207450,95.25,3145875,681600
21-04-2025 10:14,24045.1,318750,195675,240.4,3538200,206400,96.45,3151050,683250
21-04-2025 10:14,24045,321600,191625,242.7,3537450,205650,95.15,3150375,668325
21-04-2025 10:14,24048.9,325725,186150,245,3543075,207525,94.35,3135900,672375
21-04-2025 10:14,24046.3,326400,194625,243,3543525,207600,95.25,3139200,667575
21-04-2025 10:14,24040,315075,198825,237,3538500,211725,98.75,3141075,658125
21-04-2025 10:14,24033.8,298125,193350,228.75,3528900,216675,102,3141750,648675
21-04-2025 10:15,24033.2,303300,188775,234,3510825,218700,100.75,3136125,621600
21-04-2025 10:15,24033.4,305700,192075,235,3514350,218250,99.9,3143625,627825
21-04-2025 10:15,24030,299850,194175,232.1,3517650,216300,102.6,3141525,629100
21-04-2025 10:15,24030,303000,205350,234.65,3522525,221850,100.75,3143775,629325
21-04-2025 10:15,24035,305400,192150,235,3523950,219600,101.8,3139800,639375
21-04-2025 10:15,24031.7,302775,186975,232.95,3529200,221475,103.65,3141975,652050
21-04-2025 10:16,24031.7,302100,198000,234.5,3529050,220950,101.2,3144300,655050
21-04-2025 10:16,24029,315525,204750,232.4,3526050,217875,103.05,3151575,662775
21-04-2025 10:16,24026.1,314775,200250,231.6,3529950,217125,103.1,3157275,659775
21-04-2025 10:16,24029,318450,204000,233.2,3524700,220500,101.65,3158400,660075
21-04-2025 10:16,24031,315975,198750,232,3530625,219825,101.75,3148875,663825
21-04-2025 10:16,24023,313575,206100,227.1,3533175,221100,104.25,3137025,663075
21-04-2025 10:17,24021,305400,209250,224.4,3516675,220200,105.3,3145425,648225
21-04-2025 10:17,24020,310200,211500,223.95,3505725,220500,106.05,3156825,609450
21-04-2025 10:17,24010.2,305550,204150,220.65,3503625,218325,109,3153000,609450
21-04-2025 10:17,24016.6,302025,203700,222.55,3513975,217500,108.5,3163800,621225
21-04-2025 10:17,24025,309825,199650,229.7,3514050,212550,103.05,3159750,608400
21-04-2025 10:17,24029.9,309225,204750,230.4,3516525,215775,103.4,3122325,620325
21-04-2025 10:18,24021.9,285900,205500,226.9,3517575,219375,105.55,3120900,640725
21-04-2025 10:18,24015.6,304950,198675,225.45,3528225,222900,106.65,3131700,622800
21-04-2025 10:18,24016.8,310725,200325,226.1,3524325,225000,107.25,3121125,614100
21-04-2025 10:18,24017,316800,197550,226.75,3528075,225450,106.75,3121950,622575
21-04-2025 10:18,24017,302775,199650,227.25,3529200,232800,106.6,3120975,630900
21-04-2025 10:18,24015,316725,195825,226.4,3532425,232275,106.15,3121725,636975
21-04-2025 10:19,24017.8,314925,196800,226.25,3529500,237675,105.3,3120150,638850
21-04-2025 10:19,24021,319050,199875,227.4,3527775,236850,104.85,3124950,648450
21-04-2025 10:19,24020.2,320625,201600,227.9,3529125,236175,104.5,3122325,654300
21-04-2025 10:19,24014,305250,201525,222.4,3526500,240375,107.45,3128775,647100
21-04-2025 10:19,24015.6,314775,197850,224.05,3524175,237600,106.1,3129525,639000
21-04-2025 10:19,24019.3,298200,195525,222.9,3525000,240525,106.9,3123450,648450
21-04-2025 10:20,24015,312450,194925,223.95,3524025,244275,105.75,3124575,650400
21-04-2025 10:20,24027.8,317700,196875,227.6,3529350,236400,104.35,3119925,654450
21-04-2025 10:20,24026.7,321225,197400,228.9,3533100,233100,104,3113175,661350
21-04-2025 10:20,24030,326250,201675,231.15,3532500,230400,102.2,3114375,662175
21-04-2025 10:20,24033.2,313650,199275,232.1,3534000,221025,102.45,3099825,669750
21-04-2025 10:20,24031.3,319275,197400,233.3,3534525,226200,101.7,3090450,663600
21-04-2025 10:21,24027.7,319650,207675,228.7,3534075,223650,104.1,3114225,666450
21-04-2025 10:21,24021.5,313725,201825,226,3526875,231675,106.15,3106050,659100
21-04-2025 10:21,24023.8,309750,201150,226.5,3520800,229050,105.5,3112650,649950
21-04-2025 10:21,24015,306300,207150,224,3524025,229575,108.2,3119250,646500
21-04-2025 10:21,24018.4,296925,200400,223.9,3531675,230550,108,3114825,639750
21-04-2025 10:21,24012,301725,201975,221.9,3531750,238950,110.9,3115950,641025
21-04-2025 10:22,24007,288150,200325,220,3523500,238350,109.15,3122400,603750
21-04-2025 10:22,24006.1,292200,207300,216.75,3523725,236175,111.7,3125250,600825
21-04-2025 10:22,24001.5,295200,213450,218.25,3520050,237225,110.65,3127200,599550
21-04-2025 10:22,24008.9,307950,199875,221.95,3527400,234225,109,3112875,623175
21-04-2025 10:22,24011,308850,198225,221.3,3532050,232725,109.9,3103950,626850
21-04-2025 10:22,24012.6,317700,208875,221.35,3533400,236175,109.8,3111675,633825
21-04-2025 10:23,24017.6,313125,191325,226.5,3534975,230850,106.15,3116025,632475
21-04-2025 10:23,24015,309150,203625,224.75,3543000,229200,107.3,3110550,637200
21-04-2025 10:23,24015.2,310425,199875,226.65,3546375,228975,106.35,3116400,645675
21-04-2025 10:23,24025,316725,200850,227.1,3544650,229200,103.65,3116250,655950
21-04-2025 10:23,24016,299925,208350,222.45,3544950,233325,106.3,3096150,651075
21-04-2025 10:23,24015.8,308400,204525,223.3,3547725,236700,105.75,3102450,658200
21-04-2025 10:24,24025.8,312075,200250,226.6,3547125,228675,104.45,3102600,674775
21-04-2025 10:24,24021.4,317400,198975,227.85,3555675,231150,102.65,3096150,679650
21-04-2025 10:24,24017.1,317100,206550,226.05,3550875,235725,104.4,3102600,675450
21-04-2025 10:24,24001,293700,205050,217.15,3549525,237225,111.1,3111975,661875
21-04-2025 10:24,24003.7,313575,210975,216.3,3533550,245325,111.5,3108075,626700
21-04-2025 10:24,24005.3,309000,207525,217.05,3544875,241875,111.45,3108150,628125
21-04-2025 10:25,24014.6,314775,210375,222.95,3547650,237525,107.6,3095775,637350
21-04-2025 10:25,24014.8,305325,204150,222.85,3549000,238875,108.75,3103875,645000
21-04-2025 10:25,24014.5,310725,208650,223,3551250,244425,107.6,3107100,642900
21-04-2025 10:25,24020.8,310875,210300,224.75,3552075,241275,107.4,3109725,645150
21-04-2025 10:25,24024.5,316650,199800,224.8,3553650,240900,105.3,3101625,651675
21-04-2025 10:25,24020.9,313875,205650,228.1,3551775,244125,103.65,3102900,651975
21-04-2025 10:26,24024.7,307875,213525,226.8,3547875,246375,105.35,3103125,653325
21-04-2025 10:26,24020.4,322350,215250,226.9,3548700,249525,105.6,3115950,646425
21-04-2025 10:26,24018,313950,213675,223.25,3548625,254700,107.75,3117825,646650
21-04-2025 10:26,24015.6,312975,210075,223.65,3548625,253200,107.5,3122925,635175
21-04-2025 10:26,24020,311925,211275,224,3549225,252525,107.05,3119550,644925
21-04-2025 10:26,24021.6,319350,207225,225.15,3548625,251700,106.55,3118725,653250
21-04-2025 10:27,24018.7,315150,205650,226.5,3548925,251625,105.25,3111075,653100
21-04-2025 10:27,24020,319725,209475,227.65,3550500,250800,104.35,3114150,656550
21-04-2025 10:27,24025,330600,205125,230.25,3554850,244425,102.2,3097200,657450
21-04-2025 10:27,24031.3,323550,190800,232.3,3553575,236625,98.6,3096225,667875
21-04-2025 10:27,24037,319275,195900,235.7,3560025,225600,96.75,3075000,663900
21-04-2025 10:27,24037.3,316125,189750,233.65,3553425,217275,97.9,3066375,654225
21-04-2025 10:28,24041,326850,190500,235.75,3555150,221475,96.45,3069675,655725
21-04-2025 10:28,24038.9,322200,193725,234.9,3551925,229350,96.7,3078600,661875
21-04-2025 10:28,24038.9,326850,194625,235.75,3551100,230025,95.9,3080400,661350
21-04-2025 10:28,24033.1,344250,211200,230.2,3550050,236775,99.35,3116775,654750
21-04-2025 10:28,24039,361275,199350,233.6,3540825,241875,97.25,3120675,659775
21-04-2025 10:28,24039.7,366150,200550,236.7,3543825,242400,95.1,3116250,666675
21-04-2025 10:29,24039.4,359325,197250,237,3543825,236625,95.35,3097125,667800
21-04-2025 10:29,24046,363525,194700,240,3546825,238050,91.9,3091575,672300
21-04-2025 10:29,24048,366675,207075,239.9,3546525,228000,91.65,3062400,670500
21-04-2025 10:29,24048.1,368250,198450,241.55,3543525,228675,90.25,3053325,680925
21-04-2025 10:29,24048.7,370875,190725,239.7,3538350,234675,92,3071325,682725
21-04-2025 10:29,24047.7,360075,187575,236.9,3531975,240675,93.15,3077025,681375
21-04-2025 10:30,24045,358050,208125,239.6,3529425,246750,92.4,3085575,678225
21-04-2025 10:30,24044,360450,200175,239,3533100,247725,93.15,3099750,678300
21-04-2025 10:30,24045.5,364575,191850,239.6,3534450,249450,93.3,3107100,677475
21-04-2025 10:30,24045.5,366600,193950,240.5,3535725,251175,91.75,3110400,679425
21-04-2025 10:30,24045,362175,202875,238.2,3538575,253800,93.25,3104475,681825
21-04-2025 10:30,24041.3,366750,194400,238.8,3531750,255975,93.2,3110100,680700
21-04-2025 10:31,24045,374250,194550,240.4,3532575,255075,92.1,3112200,682275
21-04-2025 10:31,24052.9,379650,194550,242.8,3536400,247125,91.7,3109425,683850
21-04-2025 10:31,24054,372600,208650,242,3541350,244275,92.25,3114075,693825
21-04-2025 10:31,24049.7,385725,188550,243.35,3541125,231150,90.85,3108825,693825
21-04-2025 10:31,24045.8,376800,191475,240.35,3530100,242025,91.85,3112050,689550
21-04-2025 10:31,24043,370950,199050,237,3526800,243900,94.25,3119925,690825
21-04-2025 10:32,24048,374175,195300,239.1,3518775,246375,93.25,3125400,680025
21-04-2025 10:32,24048,372225,192825,240.5,3520275,244050,92.3,3132825,681225
21-04-2025 10:32,24053,366450,199050,242.65,3527625,244650,92.1,3133650,683250
21-04-2025 10:32,24050.2,372225,209325,244,3529350,243225,91.3,3133800,684450
21-04-2025 10:32,24054,367650,193950,243.35,3529800,241575,91.2,3130875,687000
21-04-2025 10:32,24043.9,367425,195675,239.9,3528675,244200,93.1,3136275,691350
21-04-2025 10:33,24046.1,376650,191625,240.25,3528525,248700,92,3143325,690225
21-04-2025 10:33,24046.3,381150,201000,241.25,3525825,250500,92.35,3147225,688875
21-04-2025 10:33,24053,380025,192225,242.2,3530025,250875,91.75,3149025,695025
21-04-2025 10:33,24054,371100,199650,245.9,3534450,251175,89.1,3148725,699600
21-04-2025 10:33,24057,369525,189450,246.2,3535350,239325,88.7,3119850,702675
21-04-2025 10:33,24060,374400,189525,247.25,3538800,235425,88.3,3105900,705600
21-04-2025 10:34,24059.9,372825,192300,246.3,3539025,236325,88.65,3113925,706350
21-04-2025 10:34,24057.4,376125,189075,248.2,3537900,237075,87.05,3113550,719475
21-04-2025 10:34,24060,367650,190200,247.2,3539100,237975,86.8,3108975,720300
21-04-2025 10:34,24053,371325,191400,245.4,3551100,242700,88.25,3117750,715950
21-04-2025 10:34,24056.9,376125,194625,244.45,3533175,245775,88.65,3132975,706275
21-04-2025 10:34,24054.4,374850,193425,244.3,3530550,247350,88.5,3136875,703800
21-04-2025 10:35,24052,376950,197550,242.95,3531300,246975,89.2,3141075,704475
21-04-2025 10:35,24050,373575,200025,241.25,3530400,249075,89.7,3149250,702825
21-04-2025 10:35,24044.3,390150,193650,239.35,3528600,250650,90.8,3160875,693225
21-04-2025 10:35,24042.7,385125,196875,240.45,3518850,243600,91.05,3156000,698775
21-04-2025 10:35,24044,371400,198975,239.2,3516450,245400,91.95,3171075,699675
21-04-2025 10:35,24045,378675,199650,238.6,3511725,244425,92.45,3160350,692100
21-04-2025 10:36,24043.5,382875,196800,239.65,3507975,244650,91.65,3167100,704925
21-04-2025 10:36,24051,388350,195225,244,3512475,245325,89.8,3161925,708525
21-04-2025 10:36,24052.8,384075,195375,243.05,3516000,238275,89.1,3149700,715650
21-04-2025 10:36,24049.7,380550,197400,242.95,3514350,238125,89.4,3146550,721950
21-04-2025 10:36,24054,384000,196125,245.15,3514350,240075,88.3,3145800,725100
21-04-2025 10:36,24052.5,382350,194775,244.75,3513825,244800,87.8,3146850,721725
21-04-2025 10:37,24053.3,382575,198300,244.35,3515400,242775,87.75,3141975,720900
21-04-2025 10:37,24052,386100,198975,242.05,3517275,245100,89.1,3142950,721500
21-04-2025 10:37,24048,368400,198825,238.8,3515475,243600,91.2,3153000,722025
21-04-2025 10:37,24050,380700,201750,238.2,3508275,246000,90.9,3159000,719775
21-04-2025 10:37,24042.2,374550,195600,236,3507900,251475,92.5,3159075,717375
21-04-2025 10:37,24044,363750,201825,235.2,3505725,253725,92.35,3163350,710925
21-04-2025 10:38,24041,379650,205275,236,3501150,251700,92.25,3171150,713475
21-04-2025 10:38,24045,381000,201825,237.65,3502725,253125,92.3,3169800,720600
21-04-2025 10:38,24047,390075,185550,240.75,3504600,248775,90.4,3174750,730425
21-04-2025 10:38,24044.4,384375,198000,239.6,3504225,249150,91.15,3161775,732225
21-04-2025 10:38,24050,386325,198900,240.85,3505650,250350,91.05,3163725,732825
21-04-2025 10:38,24054,386325,193950,244.7,3505575,249750,88.7,3162075,743775
21-04-2025 10:39,24041,377175,201225,237.7,3504825,244575,91.8,3163725,740400
21-04-2025 10:39,24041.4,361875,195300,233.9,3501000,245775,94,3166650,725175
21-04-2025 10:39,24044.8,388875,191700,235,3499275,244650,93.25,3169425,718200
21-04-2025 10:39,24040.5,378825,200325,236.1,3502650,246750,93.9,3173925,725775
21-04-2025 10:39,24038.2,368775,201600,236.45,3499350,245700,93.8,3179325,725700
21-04-2025 10:39,24044,384000,194250,238,3505125,246300,93,3177525,734625
21-04-2025 10:40,24040.7,375900,200175,238.6,3503025,247350,92.35,3167700,731400
21-04-2025 10:40,24041.1,378225,198000,236.65,3504675,249375,93.7,3172950,738450
21-04-2025 10:40,24044.6,383025,197550,240.35,3506025,249075,90.9,3159975,740775
21-04-2025 10:40,24044.4,376125,206100,239.25,3504225,251850,91.15,3156900,742650
21-04-2025 10:40,24045,367350,205275,238.15,3507600,250650,91.5,3163200,740925
21-04-2025 10:40,24048.8,389100,196800,241,3506325,248550,88.3,3161625,752100
21-04-2025 10:41,24049.6,382050,196875,241.6,3507450,246600,87.85,3147900,746175
21-04-2025 10:41,24048,374475,205650,240.5,3501825,251925,88.55,3141075,757275
21-04-2025 10:41,24054,390825,188625,242,3499425,251550,86.6,3145200,754050
21-04-2025 10:41,24057.9,378600,190050,244.75,3503175,250050,85.4,3119025,762000
21-04-2025 10:41,24066.7,385350,191850,252.55,3504375,219075,80.6,3082275,780675
21-04-2025 10:41,24064.6,384900,182250,250.15,3501225,202650,81.8,3055425,781800
21-04-2025 10:42,24065,371850,189150,247.75,3499125,203550,84,3055800,745350
21-04-2025 10:42,24058,355875,189675,245.4,3498750,209550,85,3069675,751350
21-04-2025 10:42,24060,384750,191775,244.7,3500400,209925,85.25,3074400,754950
21-04-2025 10:42,24066.2,388350,185700,250.7,3510675,208275,82.6,3069750,769725
21-04-2025 10:42,24066.2,380700,188100,250.15,3509775,210825,82.6,3083625,768825
21-04-2025 10:42,24063.6,381825,189975,251,3510075,211275,82.5,3091950,765150
21-04-2025 10:43,24062.9,383775,193200,249.2,3513375,215175,82.8,3107025,769125
21-04-2025 10:43,24064.8,385950,193200,249.4,3502950,219150,81.45,3112350,779325
21-04-2025 10:43,24064.2,381450,191475,249.5,3507000,226875,81.4,3100200,787575
21-04-2025 10:43,24063.9,377475,191700,250.15,3517425,229275,80.95,3088725,796875
21-04-2025 10:43,24062.5,372975,187650,248.4,3507225,232050,81.5,3091950,782925
21-04-2025 10:43,24064.8,384000,188025,248.35,3516450,234450,81.5,3099825,799050
21-04-2025 10:44,24063,372450,189600,247.1,3515025,236775,81.8,3115950,774150
21-04-2025 10:44,24063.8,380850,186375,247.75,3507300,234900,82.2,3117225,786975
21-04-2025 10:44,24065.7,387300,189000,249.65,3509325,235650,80.95,3118500,788025
21-04-2025 10:44,24068,383250,195675,248.15,3507750,233550,81.9,3102750,780375
21-04-2025 10:44,24067.2,386025,191025,250.5,3510075,236475,80.45,3103350,785850
21-04-2025 10:44,24064.7,369525,198600,249.45,3515025,237000,80.9,3104475,787650
21-04-2025 10:45,24065.5,384075,191925,249.75,3519375,234525,81.15,3105975,779700
21-04-2025 10:45,24066.7,384600,188175,251.1,3518625,235500,80,3100500,784800
21-04-2025 10:45,24067,391350,188175,252,3520875,229200,79.9,3102150,795675
21-04-2025 10:45,24068,389400,191925,250,3519300,232125,80.65,3122625,780375
21-04-2025 10:45,24067.4,389250,191325,252.45,3521850,231450,79.85,3131025,797850
21-04-2025 10:45,24079,390675,187050,257.4,3526800,231150,77.35,3115350,800100
21-04-2025 10:46,24077.6,385050,180675,256.05,3527550,219375,77.85,3097350,789900
21-04-2025 10:46,24076.4,388050,183225,257.45,3527550,220200,76.9,3102075,788625
21-04-2025 10:46,24076,384525,184875,256.4,3528900,207825,76.85,3112050,791025
21-04-2025 10:46,24075.7,384975,196875,252.6,3529125,212625,78.9,3114750,779775
21-04-2025 10:46,24071.8,393600,190875,255.9,3523425,213675,77.45,3117300,770100
21-04-2025 10:46,24078,392025,186975,257,3525900,212550,77,3109050,774675
21-04-2025 10:47,24078.2,385275,196050,254.7,3522375,215100,78.5,3119475,772575
21-04-2025 10:47,24077.9,395925,191100,256,3519600,215325,77.95,3126525,773625
21-04-2025 10:47,24073,373800,191550,254.1,3520275,217650,78.5,3133725,772275
21-04-2025 10:47,24072,388575,196350,252.9,3517425,216150,78.5,3138300,773325
21-04-2025 10:47,24072.1,390750,193875,254.25,3518400,213975,77.8,3133275,780900
21-04-2025 10:47,24072.3,392325,195825,253.7,3519600,212475,77.95,3128925,779175
21-04-2025 10:48,24074.8,393525,195300,253.1,3518400,211125,77.9,3133200,784650
21-04-2025 10:48,24074.9,389400,195075,252,3519225,213450,77.7,3137850,785250
21-04-2025 10:48,24071,372675,197250,251,3515925,211275,78.4,3136875,782025
21-04-2025 10:48,24075,392250,192225,253.9,3515100,209550,77.5,3130650,795375
21-04-2025 10:48,24080,388800,192300,257.7,3514725,207450,75.6,3129825,818325
21-04-2025 10:48,24084.3,381900,184200,259.45,3517650,195900,75.5,3098400,812550
21-04-2025 10:49,24080,381000,177750,257.8,3516750,177000,76.2,3108525,787500
21-04-2025 10:49,24084.2,371850,178425,257.95,3517725,180225,76.05,3110100,782475
21-04-2025 10:49,24076.1,366600,182175,255.15,3517050,185475,77.2,3125550,778275
21-04-2025 10:49,24081.3,373275,178350,256.3,3519750,182700,76.3,3117525,797025
21-04-2025 10:49,24077.1,365250,178875,257,3518025,184350,76.45,3125700,800550
21-04-2025 10:49,24081.2,371250,179625,256.9,3517950,181650,76,3121275,810000
21-04-2025 10:50,24083.8,367425,182175,260.65,3520800,180000,74.75,3115800,801450
21-04-2025 10:50,24090,382800,178425,264.5,3522000,171900,72.85,3099075,803625
21-04-2025 10:50,24093,381525,170775,267.5,3522975,158250,71.2,3082125,807375
21-04-2025 10:50,24094.5,384825,168675,268.05,3532575,150600,70.7,3053325,802500
21-04-2025 10:50,24094,379725,170100,267.55,3533550,143700,70.1,3043275,821925
21-04-2025 10:50,24097,382125,164025,270.45,3530175,147975,69.65,3065100,814725
21-04-2025 10:51,24097,381525,162975,270.3,3532575,141000,70.05,3044325,810675
21-04-2025 10:51,24099.2,396525,159675,273.5,3527325,143250,70.8,3054675,800850
21-04-2025 10:51,24102.7,383475,156900,275.5,3523125,139275,69.85,3048225,807000
21-04-2025 10:51,24109,394575,160050,278.3,3563025,130425,69,3038475,812250
21-04-2025 10:51,24109.3,386850,163575,278.15,3563400,131700,68.9,3054450,808950
21-04-2025 10:51,24105.7,377925,157125,277.95,3556650,135150,68.75,3047550,819000
21-04-2025 10:52,24106,378750,160125,277.9,3555150,138450,68.7,3061800,816525
21-04-2025 10:52,24107.8,378450,157950,280.25,3555000,137625,68.8,3060900,819225
21-04-2025 10:52,24111,381150,159675,279.9,3556125,123075,69.55,3082425,804225
21-04-2025 10:52,24105,388650,158475,276.55,3559200,121725,69.85,3079575,802350
21-04-2025 10:52,24105,381600,160425,277.1,3553950,123075,69.95,3074850,791850
21-04-2025 10:52,24101.9,378225,163575,276.15,3552450,126225,70.55,3082350,789675
21-04-2025 10:53,24103.3,386925,164775,276.6,3547875,126675,70.3,3080850,810075
21-04-2025 10:53,24102.7,386625,168000,276.75,3546225,130275,70.9,3089475,809400
21-04-2025 10:53,24102.2,384750,167325,276.45,3550575,127875,70.25,3088650,802725
21-04-2025 10:53,24102.3,377250,167700,276.05,3551250,128250,70.5,3095100,804150
21-04-2025 10:53,24102.5,366975,170475,275.85,3552825,128325,70.75,3103125,807075
21-04-2025 10:53,24102.1,376200,170475,275.8,3549675,130200,70.75,3104400,815550
21-04-2025 10:54,24103.1,385875,171825,277.3,3550500,129975,70.35,3106350,813150
21-04-2025 10:54,24104.1,384375,166050,276,3553650,129675,70.3,3096675,817200
21-04-2025 10:54,24103.2,384600,169425,276,3552525,129300,70,3104925,811200
21-04-2025 10:54,24103.9,370650,170700,275,3550350,129000,70,3103875,814575
21-04-2025 10:54,24103.2,377550,169875,274.9,3545025,129450,70.25,3103275,827325
21-04-2025 10:54,24103.9,385500,168000,276.95,3545625,136875,69.3,3127500,822900
21-04-2025 10:55,24106.2,392925,167175,279.85,3545025,136275,69.3,3125550,824550
21-04-2025 10:55,24110,389775,166425,282.2,3547425,129900,68.4,3125850,827175
21-04-2025 10:55,24106.9,377100,170850,279.9,3550950,130875,69.3,3118125,816300
21-04-2025 10:55,24105.2,382350,174600,277.55,3542175,130575,69.95,3131700,822450
21-04-2025 10:55,24106,388425,169425,278.75,3542625,131325,69.9,3125700,836925
21-04-2025 10:55,24110,396150,169200,282.4,3546300,131025,68.95,3126375,856500
21-04-2025 10:56,24109.7,392475,164625,280,3545325,143775,68.85,3129525,864150
21-04-2025 10:56,24107,390375,167250,278.7,3542625,148650,69.25,3131475,864525
21-04-2025 10:56,24106.7,382875,167550,279.05,3546375,152175,69,3132600,864525
21-04-2025 10:56,24108.9,388275,165300,280.2,3547425,153300,68.5,3130050,865575
21-04-2025 10:56,24110.3,398850,167100,281.05,3549450,159525,68.5,3125250,860250
21-04-2025 10:56,24109.8,394500,165600,282.25,3549000,149850,68,3102300,853875
21-04-2025 10:57,24114.9,392475,164025,282.95,3552975,152025,67.6,3097275,865650
21-04-2025 10:57,24111,393450,167250,280.25,3553350,154575,68.25,3096750,869100
21-04-2025 10:57,24109,384225,167925,279.05,3546750,155175,68.15,3104100,845775
21-04-2025 10:57,24107.5,387675,169650,279.05,3542625,153375,68.85,3111300,846525
21-04-2025 10:57,24109.8,389175,167325,281.9,3547800,153900,67.95,3111525,851250
21-04-2025 10:57,24112,393900,167700,281.1,3544200,151950,67.7,3108225,850650
21-04-2025 10:58,24109.3,378075,166500,280,3542250,153825,68.45,3106950,849600
21-04-2025 10:58,24109.9,385650,169875,279.25,3541650,153900,68.2,3114450,844125
21-04-2025 10:58,24107.9,394950,170100,280.35,3542025,155775,67.7,3113400,846375
21-04-2025 10:58,24107.7,396225,170775,279.65,3543525,155775,68.1,3118800,858750
21-04-2025 10:58,24106.9,385725,171975,278.1,3542850,156000,68.3,3124500,842400
21-04-2025 10:58,24106.2,396675,172050,278,3543150,156600,68.1,3125925,834000
21-04-2025 10:59,24109.9,396975,164550,280.1,3538500,156075,67.35,3127275,844800
21-04-2025 10:59,24111.7,395550,171750,280.2,3540600,154350,67.15,3113325,851625
21-04-2025 10:59,24108.1,384750,168825,278.65,3540000,157875,67.4,3124200,843600
21-04-2025 10:59,24110.9,387825,176250,277.65,3539025,159525,67.8,3125625,841350
21-04-2025 10:59,24108.8,385500,180675,278.5,3538725,160350,67.1,3135000,842550
21-04-2025 10:59,24110,396900,182400,278.75,3541875,159375,66.5,3128475,849450
21-04-2025 11:00,24107.1,378600,187425,275.95,3496425,160125,67.65,3127800,844125
21-04-2025 11:00,24105.3,349725,188175,270.8,3495750,163050,68.5,3136575,847650
21-04-2025 11:00,24103.3,369450,188250,269.8,3481950,164175,69.05,3140175,823950
21-04-2025 11:00,24104.9,381225,185175,274,3484800,163875,68.8,3134850,819600
21-04-2025 11:00,24106.4,383025,181125,277.3,3485400,161175,67.8,3119400,838575
21-04-2025 11:00,24106.9,376875,177975,275.9,3486000,164175,68.15,3122100,859875
21-04-2025 11:01,24108.9,381900,185100,277,3489225,163125,67.95,3120525,858000
21-04-2025 11:01,24109.9,382725,184875,279.25,3489675,162450,67.2,3124650,861825
21-04-2025 11:01,24109.9,377625,183975,274.15,3491100,160200,68.1,3118725,863025
21-04-2025 11:01,24104.7,381150,185775,274.85,3486900,165825,67.95,3124050,847875
21-04-2025 11:01,24104.9,385350,184725,273.75,3489525,164625,68.15,3116475,857175
21-04-2025 11:01,24104.8,373725,184500,272.35,3490575,165150,68.7,3129525,857175
21-04-2025 11:02,24100,372300,186150,270.5,3486675,162750,69.2,3134625,857775
21-04-2025 11:02,24098,376650,184500,268.45,3481050,164175,69.9,3146850,839925
21-04-2025 11:02,24097,375975,184500,269.3,3483225,165525,70.3,3142650,835425
21-04-2025 11:02,24095.1,389250,186675,268.95,3482475,163050,70.15,3142125,839475
21-04-2025 11:02,24096.4,393450,183825,270.15,3483975,163575,69.8,3150900,855000
21-04-2025 11:02,24100.5,399450,182250,272.8,3483675,163275,68.85,3138600,858450
21-04-2025 11:03,24098.9,394800,180300,271.1,3486975,165000,69.65,3133575,859575
21-04-2025 11:03,24100.1,386025,177225,270.85,3486900,165900,70,3138075,854700
21-04-2025 11:03,24101.9,384075,178050,270.35,3486825,163800,69.9,3150675,848400
21-04-2025 11:03,24097.9,389850,179550,269.8,3486150,163350,70.15,3138525,855750
21-04-2025 11:03,24098,387375,175275,271.6,3485325,167400,69.65,3125325,865650
21-04-2025 11:03,24100.3,396300,172575,272.65,3489000,166200,68.6,3119850,871800
21-04-2025 11:04,24102,393900,174675,272.7,3489900,165675,68.45,3126000,869250
21-04-2025 11:04,24104.9,396225,174300,273.75,3490875,167400,68.6,3132525,876675
21-04-2025 11:04,24105,400800,176700,277.15,3493050,167325,66.75,3128550,891450
21-04-2025 11:04,24106,390300,172425,276.5,3494025,167400,67.2,3132975,887550
21-04-2025 11:04,24107.5,390750,174000,275.85,3493425,170100,67.8,3144750,876150
21-04-2025 11:04,24102,393375,176625,274.1,3492450,170625,68.25,3145575,871800
21-04-2025 11:05,24102.3,392250,176850,271.5,3489225,172125,68.8,3158325,873825
21-04-2025 11:05,24100,391425,180975,273.15,3486450,171750,69.2,3154500,871950
21-04-2025 11:05,24104.8,393300,177150,273.1,3502500,171750,69,3159525,873225
21-04-2025 11:05,24104.9,389250,175950,274.9,3505650,169950,68.2,3159525,880800
21-04-2025 11:05,24109.9,394125,176700,278.1,3509100,168450,67.55,3137925,879225
21-04-2025 11:05,24109.4,401925,174525,277.75,3507750,167100,67.25,3144450,882375
21-04-2025 11:06,24105.3,383925,179400,273.45,3507750,169725,68.7,3158100,883575
21-04-2025 11:06,24105.5,386700,174900,274.2,3504300,169800,68.85,3164100,869700
21-04-2025 11:06,24103,394350,181575,274.65,3504525,170925,68.3,3164400,873600
21-04-2025 11:06,24100,386475,176400,268.9,3505500,175425,70.25,3164550,888975
21-04-2025 11:06,24102.9,383550,178650,270.9,3486900,172650,69.7,3161475,872850
21-04-2025 11:06,24098.9,377625,179325,270,3492525,175200,69.75,3162750,874875
21-04-2025 11:07,24102,398700,179475,274,3490500,176175,68.4,3154725,887700
21-04-2025 11:07,24103,395700,177225,275.1,3494175,173925,68.2,3143775,893550
21-04-2025 11:07,24100,394725,177825,272.05,3491700,176100,69.3,3151275,884475
21-04-2025 11:07,24102,390675,175875,272.4,3491625,176700,69.05,3152850,888525
21-04-2025 11:07,24100,402375,175200,272.5,3491775,176850,69,3148125,894450
21-04-2025 11:07,24098.3,393300,179325,270.45,3487125,178800,69.5,3156675,886350
21-04-2025 11:08,24098.2,382950,176250,270.55,3482400,181800,69,3158400,887175
21-04-2025 11:08,24102,387300,177750,271.5,3482400,180975,68.3,3151725,891675
21-04-2025 11:08,24098.5,403650,179400,271.45,3482475,180750,68.8,3156150,902025
21-04-2025 11:08,24111.4,407250,171825,279.85,3487575,179325,64.9,3157875,902475
21-04-2025 11:08,24113.9,397125,170700,280.25,3488400,162675,64.1,3080325,903150
21-04-2025 11:08,24114.9,401925,172125,278.5,3491700,164400,65.2,3093675,901875
21-04-2025 11:09,24114,399225,168750,281.7,3503175,162300,65.2,3090075,904500
21-04-2025 11:09,24112.2,401325,172725,280.65,3500700,164475,64.75,3086625,923025
21-04-2025 11:09,24114.9,400275,169575,280.95,3503775,164325,64.55,3084900,917400
21-04-2025 11:09,24114.9,397950,171600,282.05,3502350,164850,64,3091800,918600
21-04-2025 11:09,24114,375375,172425,280,3508275,166800,64.95,3099300,919200
21-04-2025 11:09,24110.9,399750,175650,278.05,3503775,168975,65.85,3110100,899100
21-04-2025 11:10,24111.4,400875,170550,278.65,3495975,168675,65.45,3103425,886725
21-04-2025 11:10,24117,392100,172275,279.9,3494475,160875,65.55,3100200,885375
21-04-2025 11:10,24113,399675,170175,281.5,3496125,162750,65.05,3103650,892950
21-04-2025 11:10,24112.7,397650,173175,280.2,3500400,164700,64.65,3092850,898800
21-04-2025 11:10,24111,394350,181350,278.7,3494550,170925,65,3101550,889650
21-04-2025 11:10,24110.9,382050,180300,274,3491175,168975,66.55,3110175,884250
21-04-2025 11:11,24107.6,376800,181875,273.05,3491850,171150,66.95,3109425,895950
21-04-2025 11:11,24101.6,388200,180450,272.05,3488475,173700,67.7,3115875,884400
21-04-2025 11:11,24101.7,395250,180975,273.3,3491925,169650,67.25,3115725,897300
21-04-2025 11:11,24104.8,404475,180000,274.85,3496050,169650,66.9,3120675,903150
21-04-2025 11:11,24108,401850,180450,274.95,3498075,171675,67.2,3113400,905775
21-04-2025 11:11,24102.7,386400,177600,273.3,3494850,171825,68.1,3120525,898200
21-04-2025 11:12,24107.7,398925,178050,274.55,3497025,170850,67.1,3107025,890100
21-04-2025 11:12,24106.5,413625,175575,277.25,3502275,169275,66.9,3101250,898425
21-04-2025 11:12,24111,405525,177150,277.2,3508875,169200,66.2,3106875,887400
21-04-2025 11:12,24108.9,398250,175800,278.9,3507000,167175,65.45,3102075,891225
21-04-2025 11:12,24110.3,388800,176925,277.45,3505875,168000,66.4,3105000,891750
21-04-2025 11:12,24109.2,405375,181575,276.55,3503550,165900,66,3096900,902400
21-04-2025 11:13,24109.2,385575,178125,274.85,3497625,171150,66.7,3108525,894600
21-04-2025 11:13,24106.9,401475,180750,274.2,3499725,169725,66.85,3112050,891750
21-04-2025 11:13,24102.7,386925,179100,272.7,3499350,172950,67.25,3119175,888300
21-04-2025 11:13,24104.6,396150,181800,274.35,3498675,172200,66.7,3112500,891300
21-04-2025 11:13,24104.9,408600,181125,273.1,3498000,170775,67.25,3112275,883125
21-04-2025 11:13,24106,403125,177075,277.45,3499800,168900,66.25,3107700,890550
21-04-2025 11:14,24109,402825,178500,278.55,3503325,169200,65.55,3095550,893775
21-04-2025 11:14,24117.8,404625,179850,282,3503550,170175,64,3098400,908400
21-04-2025 11:14,24115.8,403275,172800,283.7,3504375,154200,63.2,3077775,910800
21-04-2025 11:14,24117.9,398700,172650,284.35,3502650,153375,63.1,3071475,895200
21-04-2025 11:14,24120.5,400575,164025,284.9,3502275,153000,61.9,3069300,899550
21-04-2025 11:14,24126.5,405000,168000,285.4,3502350,153075,61.3,3061425,905550
21-04-2025 11:15,24119.9,401850,173925,284.15,3500325,160800,62.05,3069000,896850
21-04-2025 11:15,24118.6,391500,173850,284.45,3502800,162600,61.85,3074175,888600
21-04-2025 11:15,24125.7,402825,178275,286.05,3503475,160275,61.8,3082650,890925
21-04-2025 11:15,24121.2,405675,179550,286.2,3506025,162150,61.65,3080400,885975
21-04-2025 11:15,24123.6,407700,176025,286.45,3507000,161625,61.3,3079875,895125
21-04-2025 11:15,24120.9,392850,178575,284.65,3503325,163350,62.25,3084975,882450
21-04-2025 11:16,24120.9,390075,174375,285,3504825,164700,61.5,3082875,884925
21-04-2025 11:16,24121.2,398325,177525,286.45,3506325,161775,61.1,3075825,900525
21-04-2025 11:16,24121.4,395175,178125,287.1,3507600,157950,61,3080775,888525
21-04-2025 11:16,24122.5,402225,176550,287.55,3508725,159375,60.3,3075375,889800
21-04-2025 11:16,24122.1,397350,186900,284.8,3507825,160425,60.75,3090375,882525
21-04-2025 11:16,24122.6,397350,179925,285,3506550,162975,60.4,3082725,895125
21-04-2025 11:17,24122.2,392625,177450,284.9,3502425,161325,60.25,3067725,890775
21-04-2025 11:17,24121.9,395625,184125,285.15,3501750,164625,60.5,3085275,886575
21-04-2025 11:17,24122.4,397050,177900,286.45,3502350,163650,60.6,3073650,891300
21-04-2025 11:17,24122.5,395850,182475,286.3,3502800,157050,61.05,3084225,887250
21-04-2025 11:17,24129.9,400800,175500,290.85,3507675,157950,60.45,3090075,887025
21-04-2025 11:17,24130.9,405075,178500,291.7,3508950,140400,59.55,3075225,887550
21-04-2025 11:18,24131.5,400200,175575,294.1,3510825,139875,59.1,3070500,894975
21-04-2025 11:18,24133.9,402150,173925,296.25,3509925,133200,59.25,3082575,891900
21-04-2025 11:18,24139.4,407025,179550,297.15,3507000,133575,59.35,3104850,888225
21-04-2025 11:18,24134,392025,173700,297.4,3508425,136125,59.85,3124575,891075
21-04-2025 11:18,24135,407400,174900,296.45,3510900,133575,59.65,3107100,888525
21-04-2025 11:18,24135.4,408300,176175,298.65,3507975,134325,58.4,3109275,892050
21-04-2025 11:19,24135.4,403650,171825,297.75,3508725,134850,58.25,3086175,890775
21-04-2025 11:19,24135.4,405225,180750,297.45,3511875,140400,58.1,3081675,891000
21-04-2025 11:19,24135.9,405525,173925,297.45,3498900,151350,57.85,3069675,893775
21-04-2025 11:19,24135,408525,179475,297.2,3496275,142350,58.15,3071250,896475
21-04-2025 11:19,24134.9,400050,180300,297.1,3497850,148200,58.25,3085725,881175
21-04-2025 11:19,24140.9,410400,171225,300.7,3500475,146025,57.15,3063750,891525
21-04-2025 11:20,24141.7,398400,179400,299.5,3498525,135525,57.75,3086475,888375
21-04-2025 11:20,24135.9,393900,181800,296.55,3498075,136875,58.1,3081150,886725
21-04-2025 11:20,24135,385350,185325,295.65,3492525,141150,58.4,3089925,884250
21-04-2025 11:20,24134.1,393225,187425,296.05,3491025,143400,58.35,3084900,881550
21-04-2025 11:20,24134.1,396750,186825,294.75,3488475,148275,58.7,3103125,883350
21-04-2025 11:20,24134,394950,184125,296.8,3489450,143025,58.85,3102600,878325
21-04-2025 11:21,24134,394875,182100,294.75,3489675,142425,59.55,3112200,876375
21-04-2025 11:21,24132.7,403800,186225,296.1,3490575,146400,59.35,3110250,882975
21-04-2025 11:21,24133.9,407025,181275,296.4,3490950,144075,58.9,3099525,894975
21-04-2025 11:21,24133.6,403200,181050,296.85,3493275,143625,59.05,3098850,893250
21-04-2025 11:21,24135,403425,184050,297.3,3491475,144375,59.5,3105225,886500
21-04-2025 11:21,24133.8,399675,184200,296.75,3488925,146325,59.6,3111825,877575
21-04-2025 11:22,24134.9,404025,184275,296.4,3489000,146625,59.35,3111750,885675
21-04-2025 11:22,24133.9,402525,183225,296.65,3490875,145500,59.05,3105600,895350
21-04-2025 11:22,24135.4,403575,179400,297,3492375,145425,58.8,3106800,898125
21-04-2025 11:22,24136.1,396750,180300,298.45,3495150,145650,58.25,3099825,896175
21-04-2025 11:22,24136.9,393525,177825,296.25,3494775,145500,59,3110400,897000
21-04-2025 11:22,24135.9,404925,181125,296.9,3494250,145725,59.2,3118725,894000
21-04-2025 11:23,24136.8,402825,183600,297.85,3494100,150600,58.55,3110475,903225
21-04-2025 11:23,24138,406725,181575,301.5,3497475,150825,58.05,3108000,908700
21-04-2025 11:23,24139.9,399975,180225,299.85,3500175,145425,58.45,3095325,894450
21-04-2025 11:23,24139.9,402300,178050,298.85,3496800,148650,59,3111825,892125
21-04-2025 11:23,24136,404700,186300,297,3496425,151800,59.75,3126525,882150
21-04-2025 11:23,24130,400275,188250,293.45,3495600,150075,60.6,3123300,875025
21-04-2025 11:24,24130,391125,193425,293.05,3488925,150750,60.9,3125025,861225
21-04-2025 11:24,24129.9,401775,189675,294.3,3482925,151350,60.55,3123075,867525
21-04-2025 11:24,24129.9,404700,182625,294.2,3480750,153975,61,3127350,852300
21-04-2025 11:24,24127.7,403275,191175,292.5,3482700,152325,61.3,3132675,867975
21-04-2025 11:24,24129.8,402450,192375,292.2,3482850,155775,61.2,3130275,858900
21-04-2025 11:24,24125.4,391725,194700,288.55,3477300,157725,62,3133500,860925
21-04-2025 11:25,24128,404475,185925,291.8,3482775,156600,61.35,3125025,874500
21-04-2025 11:25,24125.4,408375,188325,291.6,3483225,155775,61.3,3105150,877425
21-04-2025 11:25,24126.5,408225,186825,292.55,3487575,157575,61.25,3110475,877800
21-04-2025 11:25,24126.7,402525,188250,292.45,3484425,160050,61.95,3116775,874275
21-04-2025 11:25,24130,410175,184650,293.7,3486900,157350,61.85,3109650,864375
21-04-2025 11:25,24131.6,415125,186375,296,3487725,155400,60.5,3105750,871950
21-04-2025 11:26,24131,403800,190275,294.15,3483075,158250,62,3114975,876225
21-04-2025 11:26,24131,409425,186900,295.8,3481575,158250,61.5,3116775,868875
21-04-2025 11:26,24130.4,405450,184275,295,3483375,160650,61.35,3105750,872775
21-04-2025 11:26,24130.4,394950,188925,294,3484800,162375,61.5,3109725,867150
21-04-2025 11:26,24128,405075,190575,292,3485325,165225,61.95,3107475,888675
21-04-2025 11:26,24126,403275,195750,291.25,3482475,163950,62.8,3124725,869025
21-04-2025 11:27,24126.4,412500,191025,290.75,3477900,165900,62.3,3121875,863025
21-04-2025 11:27,24127.9,393375,188400,292.45,3478425,163350,62.25,3126450,866550
21-04-2025 11:27,24125.7,403425,190425,290.8,3480525,166425,62.45,3136275,866025
21-04-2025 11:27,24126,410550,187200,291.9,3481200,163425,62.05,3124800,873525
21-04-2025 11:27,24127.9,408450,185550,293.85,3481575,163500,61.55,3125625,881025
21-04-2025 11:27,24130,413025,183525,294.6,3483450,162900,61.1,3115875,888600
21-04-2025 11:28,24134.4,410325,187200,294.3,3483150,162825,60.5,3116400,890550
21-04-2025 11:28,24134.4,408450,185475,294.6,3480975,163425,61,3124200,888150
21-04-2025 11:28,24134.4,410400,170775,295.05,3481350,162975,60.2,3122100,889800
21-04-2025 11:28,24132.3,416625,188475,296.4,3485475,162675,59.6,3110925,884250
21-04-2025 11:28,24132.4,407775,190050,294.9,3484050,169800,60.25,3119175,882900
21-04-2025 11:28,24132.4,407250,187575,294,3481200,166200,59.65,3109650,879525
21-04-2025 11:29,24130,410025,193725,292,3478950,165675,60.2,3102600,879975
21-04-2025 11:29,24132,401250,191175,292.4,3478575,167550,59.95,3103500,877050
21-04-2025 11:29,24130,406200,189675,290,3485025,167850,61,3110100,879300
21-04-2025 11:29,24126,397725,191850,288.9,3480000,172125,61.4,3121050,866850
21-04-2025 11:29,24125.3,407850,188925,288.95,3475950,168975,61.9,3130575,871125
21-04-2025 11:29,24125,399900,191625,290.7,3478425,167475,61.3,3123675,879000
21-04-2025 11:30,24125,404850,189000,288.95,3478425,166200,61.95,3129900,880350
21-04-2025 11:30,24129.5,409950,187800,289.4,3479025,171525,61.7,3126300,881250
21-04-2025 11:30,24120,392025,190200,286.25,3478650,170475,62.6,3138300,874950
21-04-2025 11:30,24120,397875,188325,284.6,3474975,169275,63.35,3150975,864300
21-04-2025 11:30,24118,398625,188250,284.4,3475050,169200,63.1,3144225,863250
21-04-2025 11:30,24120,405825,187575,286.9,3472650,168600,62.55,3141150,867300
21-04-2025 11:31,24122,407400,188025,286.9,3474450,166575,63.15,3129825,875700
21-04-2025 11:31,24121,401175,191325,287.15,3475200,164175,62.85,3131325,868650
21-04-2025 11:31,24120,394500,195900,284.55,3476025,166350,63.7,3148350,863925
21-04-2025 11:31,24115.7,407400,196950,283.1,3475725,167175,64.65,3149025,865950
21-04-2025 11:31,24108.1,386100,194850,278.35,3474825,167025,65.45,3147900,848775
21-04-2025 11:31,24107,395775,192825,275.85,3464850,165975,66.15,3151800,840900
21-04-2025 11:32,24109.7,403425,187650,279.3,3461475,164775,65.3,3142650,846225
21-04-2025 11:32,24112,400050,192975,279.65,3464625,170700,66,3131475,860850
21-04-2025 11:32,24110,401625,189675,279.35,3465000,167700,67.2,3151725,848175
21-04-2025 11:32,24110.2,405825,182925,281.5,3467700,164625,66.7,3160275,832950
21-04-2025 11:32,24112.1,404550,181275,282.25,3467775,160650,65.85,3136875,843000
21-04-2025 11:32,24113.2,404400,185250,282.35,3466950,160875,65.65,3126825,855900
21-04-2025 11:33,24115.1,409050,191250,283.8,3464025,158400,64.75,3127200,851850
21-04-2025 11:33,24115.1,402975,189975,282,3463725,158100,65.8,3121500,853425
21-04-2025 11:33,24115.1,403950,193575,281.4,3460950,160800,65.95,3128625,852075
21-04-2025 11:33,0,0,0,282.6,3460725,161475,65.25,3134475,858150
21-04-2025 11:33,24117.9,398250,193950,282.2,3460950,160350,65.2,3129900,868125
21-04-2025 11:33,24115,379875,190200,280.8,3461625,160650,66.15,3138900,857550
21-04-2025 11:34,24110,390300,187725,281.25,3460275,162375,66.5,3139650,848100
21-04-2025 11:34,24111.3,398700,189675,281.1,3462300,161325,65.75,3135825,857250
21-04-2025 11:34,24105.2,399075,189975,276,3462225,162825,67.7,3147000,854625
21-04-2025 11:34,24101.2,380250,193575,272.3,3456600,162450,68.55,3149625,826575
21-04-2025 11:34,24105,385650,187350,274.05,3455475,162600,68.55,3143400,827925
21-04-2025 11:34,24100,390900,194400,269.5,3454950,164850,69.6,3151725,837825
21-04-2025 11:35,24100.2,390975,190425,272.25,3460950,164700,68.35,3138900,818175
21-04-2025 11:35,24107.1,388350,185325,274,3461925,159375,68.7,3147075,816750
21-04-2025 11:35,24103.6,386850,193125,273.4,3462750,165000,69,3153375,821400
21-04-2025 11:35,24105,393675,193575,274.6,3464550,164025,68.55,3153450,828600
21-04-2025 11:35,24104.7,393750,192300,275.65,3463125,164325,68,3147450,831975
21-04-2025 11:35,24110,395475,192300,277.35,3454950,164850,67,3128625,849300
21-04-2025 11:36,24109.9,399975,192525,277.9,3455475,161700,66.9,3118650,852525
21-04-2025 11:36,24110,404550,188475,277.5,3453225,161850,67.1,3136650,838500
21-04-2025 11:36,24112.4,403950,189975,278,3457125,160125,67,3129975,842100
21-04-2025 11:36,24109.6,405225,191775,276.95,3457200,147150,67.85,3133725,842775
21-04-2025 11:36,24107.1,393675,190425,276.7,3456675,146925,67.7,3140475,845100
21-04-2025 11:36,24110,395475,189825,278.6,3457725,150375,66.7,3134250,856650
21-04-2025 11:37,24112,403425,192675,278.7,3459750,146400,66.65,3129000,860550
21-04-2025 11:37,24109.2,410175,190800,279.2,3459225,148275,66.75,3132600,845475
21-04-2025 11:37,24114,409725,195825,280,3459675,167025,66.7,3142050,844350
21-04-2025 11:37,24106.1,408150,193050,276.55,3459975,168825,67.7,3150225,846075
21-04-2025 11:37,24105,402375,197100,275.9,3458400,170400,68.25,3159075,842700
21-04-2025 11:37,24092,405150,211125,264.3,3458250,170250,72,3154875,833625
21-04-2025 11:38,24091,393225,217575,266.3,3460275,170325,71.65,3159300,804975
21-04-2025 11:38,24094.4,400575,212325,269.1,3456525,170550,70.4,3167925,818325
21-04-2025 11:38,24100.9,409950,214650,271.4,3461400,171750,69.9,3148200,828750
21-04-2025 11:38,24100.1,409725,213000,273.05,3462150,169425,69,3144900,842400
21-04-2025 11:38,24100.2,399825,191400,273.35,3462075,155025,68.3,3145425,848550
21-04-2025 11:38,24104,399525,192075,274.8,3462225,157650,67,3129225,863775
21-04-2025 11:39,24103,403125,194850,272.9,3459150,169200,68.1,3142725,844275
21-04-2025 11:39,24101.1,400800,201000,273.45,3461025,173400,67.85,3142575,851625
21-04-2025 11:39,24103,401175,195525,273.45,3462075,172125,67.2,3147600,850200
21-04-2025 11:39,24104,404850,193650,274.9,3459300,171300,66.6,3135075,865200
21-04-2025 11:39,24108.1,397950,195075,272.35,3460800,174600,66.25,3146775,853650
21-04-2025 11:39,24108,400725,196275,273.1,3461475,171675,66.4,3144000,858075
21-04-2025 11:40,24108,401400,192450,275.65,3461850,171975,65.9,3138150,864825
21-04-2025 11:40,24113.9,396375,197625,278.65,3462075,171000,65,3154350,862950
21-04-2025 11:40,24114.9,394875,198375,278.1,3463500,164550,65.65,3146250,864900
21-04-2025 11:40,24110,392325,203925,276.9,3462375,167550,65.65,3155625,859275
21-04-2025 11:40,24112.8,400350,198300,277.9,3458850,166650,64.95,3154950,852375
21-04-2025 11:40,24112.8,394575,205875,277.55,3216525,165225,65,3103500,867075
21-04-2025 11:41,24112.5,386775,197700,275.6,3217725,167475,65.65,3107550,849225
21-04-2025 11:41,24105,394200,201900,273.55,3215475,171675,66.5,3112650,846300
21-04-2025 11:41,24105,383325,197325,271.5,3214200,173700,67.1,3114750,839925
21-04-2025 11:41,24110,388125,207225,273.9,3217125,172650,66.45,3108375,865050
21-04-2025 11:41,24110,394200,194700,273.5,3215775,172125,66.15,3105600,870225
21-04-2025 11:41,24110,383775,196575,275.5,3214800,170025,65,3108600,864075
21-04-2025 11:42,24108.8,393675,209550,273.9,3217725,172425,64.7,3109500,860775
21-04-2025 11:42,24108.8,382350,205875,273.45,3217575,173850,65.25,3105900,862725
21-04-2025 11:42,24111.8,396075,201825,275.95,3217800,172650,64.5,3102375,863550
21-04-2025 11:42,24112.4,393450,204900,274.6,3218625,169800,64.65,3107025,869025
21-04-2025 11:42,24105,378900,208500,273.25,3218175,172575,65.85,3108450,856950
21-04-2025 11:42,24100.9,374925,205875,266.75,3217275,174000,67.85,3120975,854325
21-04-2025 11:43,24100,389250,203625,266.95,3210900,174150,69.25,3121350,847050
21-04-2025 11:43,24096.6,388725,201525,267.3,3213975,170625,69.05,3116850,847275
21-04-2025 11:43,24096.6,379500,199500,268.2,3215625,171825,68.25,3115725,847875
21-04-2025 11:43,24104,388950,194250,270.35,3224400,171150,67.65,3108675,872400
21-04-2025 11:43,24106,387075,200925,270.35,3225675,170250,66.6,3113550,866550
21-04-2025 11:43,24101,382875,201975,268.9,3226275,174225,67.5,3126750,871575
21-04-2025 11:44,24104.4,378600,205650,268.65,3225600,173700,67.45,3120600,859050
21-04-2025 11:44,24099.2,388425,194550,270,3225225,170625,66.7,3116700,875325
21-04-2025 11:44,24101.4,390300,200700,271.55,3224100,171675,66,3115200,879675
21-04-2025 11:44,24105.2,399075,200175,274,3227400,169800,65.25,3103350,886350
21-04-2025 11:44,24105,391950,202350,272.1,3225750,170475,65.5,3109350,877650
21-04-2025 11:44,24106,390375,198300,272.6,3225150,171825,65.35,3120825,890400
21-04-2025 11:45,24108.9,384750,212475,273.15,3224700,171150,65.5,3110025,896400
21-04-2025 11:45,24110,391125,200775,274.55,3225675,171975,64.45,3109125,893625
21-04-2025 11:45,24105,385200,213675,270,3222900,172275,66.2,3128550,893400
21-04-2025 11:45,24103.6,389400,215625,272.85,3217200,172950,65.5,3118200,891075
21-04-2025 11:45,24110,395550,217350,272.15,3218925,175650,65.4,3117600,890100
21-04-2025 11:45,24106.1,398625,216375,275.7,3218850,174600,63.85,3104325,903600
21-04-2025 11:46,24110,393075,207750,275.3,3223200,169800,63.2,3103725,908325
21-04-2025 11:46,24112.2,400500,202875,277.7,3223950,169950,62.2,3102750,899325
21-04-2025 11:46,24115,408450,198150,279.1,3222825,165600,61.3,3094725,896325
21-04-2025 11:46,24119,405225,203625,280.45,3223125,168000,61.5,3099675,878175
21-04-2025 11:46,24114,400425,201075,279.95,3222075,171000,62.1,3112500,876225
21-04-2025 11:46,24113,403800,199200,279.65,3222825,187950,61.8,3110400,878175
21-04-2025 11:47,24111.2,394575,200400,277.3,3222975,191025,63.2,3121200,876525
21-04-2025 11:47,24111.2,395925,200775,278.95,3224925,190950,62.85,3130950,872850
21-04-2025 11:47,24110.3,404100,203400,278.25,3225975,189825,62.6,3112500,882225
21-04-2025 11:47,24112,404775,203850,278.15,3224400,191925,62,3117900,878475
21-04-2025 11:47,24112,397125,202950,277,3223950,192675,62.25,3137475,876675
21-04-2025 11:47,24110.1,400875,205200,275.2,3224175,190800,63.1,3121350,894600
21-04-2025 11:48,24109.3,401625,204000,276.2,3222000,192450,62.9,3134775,875925
21-04-2025 11:48,24109.2,406425,199800,276.7,3218325,192600,62.7,3133050,878025
21-04-2025 11:48,24110.3,406725,200475,276.3,3220125,194400,63,3153675,880650
21-04-2025 11:48,24105,400425,208500,272.1,3220875,195525,64.85,3156825,876675
21-04-2025 11:48,24103.9,392700,206700,272.55,3220425,195975,64.85,3153975,867600
21-04-2025 11:48,24107.9,404250,202950,273.3,3225075,191250,63.8,3151800,880800
21-04-2025 11:49,24104,390450,204975,271.65,3223275,192900,65.25,3144600,878400
21-04-2025 11:49,24104,408825,205800,271.55,3223050,193575,65.4,3145725,880200
21-04-2025 11:49,24103.9,406050,206775,272.65,3222600,194550,64.6,3148650,878775
21-04-2025 11:49,24104.7,402000,204675,273,3226050,193425,65,3132225,882450
21-04-2025 11:49,24099,376875,208575,269.3,3225000,193050,66,3139875,879825
21-04-2025 11:49,24100,400800,207675,268.95,3219450,190050,66.3,3141300,870600
21-04-2025 11:50,24100,398925,204750,270,3220200,189825,65.75,3136575,862800
21-04-2025 11:50,24098.9,400425,212475,268.95,3221025,185925,66.1,3135525,869100
21-04-2025 11:50,24104,399300,205650,271,3219600,184425,65.8,3130500,880350
21-04-2025 11:50,24102.1,402375,204825,272.4,3220125,188625,65.1,3134325,878250
21-04-2025 11:50,24097.1,399300,210075,269.2,3220500,190050,67.3,3145050,891150
21-04-2025 11:50,24101.6,396525,208425,268.4,3219000,193125,68.25,3137400,870450
21-04-2025 11:51,24101.9,410625,207525,272.3,3229500,192225,66.4,3132525,875325
21-04-2025 11:51,24105.5,406575,203625,274,3231225,176625,65.15,3122400,878100
21-04-2025 11:51,24109.4,411000,199350,276.9,3236775,189675,64.2,3115950,879150
21-04-2025 11:51,24108.9,408225,202350,277.2,3238725,192450,63.95,3130275,876300
21-04-2025 11:51,24110,408525,203250,277.4,3228225,190275,63.5,3134400,878775
21-04-2025 11:51,24110,400875,201075,277.05,3224625,187950,63.7,3133200,880125
21-04-2025 11:52,24112.1,409725,199425,278.65,3226950,173700,63.2,3131250,868275
21-04-2025 11:52,24115.2,410400,197250,281.8,3226725,174525,61.9,3127575,879300
21-04-2025 11:52,24118.3,414675,204000,279.9,3227475,156225,63.05,3127650,872925
21-04-2025 11:52,24113.1,419925,204825,281,3225000,159600,62.7,3132225,868950
21-04-2025 11:52,24114.9,420975,206775,279.15,3222825,152025,64.1,3156975,862425
21-04-2025 11:52,24118,418650,203250,279.05,3223275,150975,63.95,3150150,864300
21-04-2025 11:53,24111.9,411675,203625,279.45,3224325,150375,62.9,3142875,874575
21-04-2025 11:53,24113.4,419325,204750,279.9,3223500,150300,62.9,3133650,880050
21-04-2025 11:53,24115.1,418575,201600,281.8,3226275,150300,62,3126900,876225
21-04-2025 11:53,24114.1,424425,204000,280.5,3225225,153000,62.35,3142650,881700
21-04-2025 11:53,24114,416700,202425,280.7,3226200,152700,62.75,3140850,872550
21-04-2025 11:53,24114.2,416925,207900,280.1,3222900,152775,63,3140625,879750
21-04-2025 11:54,24118,409725,200700,281,3224850,154050,62.25,3145275,876075
21-04-2025 11:54,24115.1,418200,198750,282,3225675,150450,62,3143100,880800
21-04-2025 11:54,24116,422475,203325,281.7,3228150,158400,62.15,3149775,876975
21-04-2025 11:54,24120,420450,197625,282.5,3228675,152100,61.35,3145125,879150
21-04-2025 11:54,24121.7,414600,205425,282.45,3227625,157950,61.95,3146325,872175
21-04-2025 11:54,24122,420900,202350,281.45,3227025,173400,62.25,3152400,870675
21-04-2025 11:55,24123,411225,207675,283.15,3229500,171300,61.15,3144300,884775
21-04-2025 11:55,24120,425775,213825,282.85,3227100,167400,61.3,3112350,878700
21-04-2025 11:55,24120,415650,206100,282.95,3226350,161100,61.45,3112650,884175
21-04-2025 11:55,24120,417750,209625,283.5,3226875,160950,61.25,3114525,882825
21-04-2025 11:55,24125.3,420075,198675,284,3226350,161175,60.8,3116250,884025
21-04-2025 11:55,24119.8,419025,209025,283.75,3229650,160500,60.4,3118350,887925
21-04-2025 11:56,24125,393450,202950,284,3227625,162375,60.9,3125625,883500
21-04-2025 11:56,24124.6,415050,209325,283,3228300,160350,60.45,3122700,893625
21-04-2025 11:56,24124.6,408975,209775,284,3225450,162600,60.4,3119400,896325
21-04-2025 11:56,24124.1,423000,207000,286.85,3226125,157950,58.9,3104475,898575
21-04-2025 11:56,24124.5,418725,198150,287.4,3225825,152100,59,3085875,897975
21-04-2025 11:56,24129.7,417525,205125,287.05,3224400,151275,59.35,3107175,896100
21-04-2025 11:57,24133.9,419625,204600,288.55,3221775,151725,58.4,3100200,902325
21-04-2025 11:57,24133.9,418800,207225,290.1,3223350,148125,57.85,3086100,900300
21-04-2025 11:57,24135,421725,200625,294,3222300,147525,56.75,3082050,899400
21-04-2025 11:57,24137.8,404925,208050,293.7,3222225,142350,56.9,3058425,899475
21-04-2025 11:57,24132.1,411900,204825,293.15,3219975,146400,57.35,3075900,902400
21-04-2025 11:57,24135,417375,199500,294.65,3219525,217725,56,3069600,912000
21-04-2025 11:58,24135,416775,208875,293.5,3220125,220275,57.3,3095850,904800
21-04-2025 11:58,24133,416550,206700,293.35,3218925,223725,57.05,3095175,889425
21-04-2025 11:58,24139,414525,203550,293.4,3218400,224100,56.75,3102600,899625
21-04-2025 11:58,24134.8,412875,208200,291.25,3217350,225525,57.3,3106950,886350
21-04-2025 11:58,24133.9,412200,213300,290.2,3216525,228300,58,3119475,870975
21-04-2025 11:58,24133.9,399150,207075,290.95,3215400,229500,57.65,3116625,867975
21-04-2025 11:59,24132.5,387075,217050,288.9,3214875,226875,58.55,3114600,854775
21-04-2025 11:59,24131.3,394575,210600,287,3212550,225900,59.1,3117225,857850
21-04-2025 11:59,24132.2,410400,211425,288,3213750,228375,58.95,3117075,863175
21-04-2025 11:59,24125.4,403350,211200,288.85,3215700,228300,58.85,3114075,864975
21-04-2025 11:59,24126.5,419325,214200,289.7,3216750,227175,58.55,3114975,876150
21-04-2025 11:59,24126,411975,208350,288.2,3216675,225375,58.35,3117600,875175
21-04-2025 12:00,24126.4,408975,209475,288.35,3216225,229350,58.75,3124950,874500
21-04-2025 12:00,24130,414750,212325,288.9,3215700,231600,58.55,3123525,876000
21-04-2025 12:00,24127.4,391650,215775,285.15,3217050,228375,59.15,3123225,888750
21-04-2025 12:00,24127.6,392400,212325,282.45,3213150,228975,59.8,3141000,856800
21-04-2025 12:00,24124.9,406200,227550,283.15,3212400,229050,60.1,3136650,856125
21-04-2025 12:00,24124.9,395175,195750,282.6,3212400,227550,60.15,3134700,860400
21-04-2025 12:01,24122.6,407025,216825,286.2,3212775,224925,59.45,3131775,863400
21-04-2025 12:01,24124,412725,207975,287.4,3215025,226575,59,3124350,875625
21-04-2025 12:01,24124.6,416250,209400,286.15,3214500,229725,58.85,3128025,872625
21-04-2025 12:01,24122.8,413250,209775,285,3214050,227625,58.95,3133575,870750
21-04-2025 12:01,24122.8,418950,210000,286.7,3214800,229725,58.9,3135900,874725
21-04-2025 12:01,24123.9,415050,210225,286.55,3214200,227550,58.45,3131925,878775
21-04-2025 12:02,24127.2,408225,212775,285.3,3214350,230625,58.95,3129825,878925
21-04-2025 12:02,24129,417375,211575,285.15,3215175,229275,59,3139425,875325
21-04-2025 12:02,24129,416625,214500,284.85,3216600,229575,58.8,3135300,884625
21-04-2025 12:02,24127.1,409275,206100,287.2,3218550,227850,58.35,3125325,884475
21-04-2025 12:02,24129,414225,208050,286,3219825,226800,58.25,3118725,887400
21-04-2025 12:02,24130,414825,209325,287.25,3219975,226275,58.15,3121050,886650
21-04-2025 12:03,24124.9,415500,209400,287.7,3220800,226800,58.4,3131850,888300
21-04-2025 12:03,24127.5,404625,209925,284.95,3220200,229500,59,3137925,870600
21-04-2025 12:03,24120,413850,215775,284.55,3219525,226500,58.9,3142575,872325
21-04-2025 12:03,24127.3,410700,215925,282.65,3225450,219225,59,3126375,885825
21-04-2025 12:03,24122.7,416775,207675,285.3,3218625,219075,58.75,3123525,879750
21-04-2025 12:03,24128.5,410475,211950,285.15,3220425,217950,58.75,3117975,888900
21-04-2025 12:04,24127.3,414675,212400,284.7,3218775,220350,59.05,3124275,889200
21-04-2025 12:04,24125,406650,208200,284.3,3219375,220650,59.25,3129075,883200
21-04-2025 12:04,24127,411825,210075,285.5,3219150,221175,58.6,3129900,892800
21-04-2025 12:04,24124.2,411450,208050,285.65,3218775,218925,58.35,3115500,897750
21-04-2025 12:04,24132,413925,215100,288,3217650,219300,57.5,3113475,900825
21-04-2025 12:04,24131.1,407625,217125,287.1,3217950,218625,57.65,3109575,899700
21-04-2025 12:05,24129,414075,212850,288,3219225,217350,57.55,3101625,893325
21-04-2025 12:05,24132.9,409275,216600,287.6,3219975,217350,57.45,3118875,889050
21-04-2025 12:05,24134,417525,210675,289,3219000,219525,56.9,3109500,889350
21-04-2025 12:05,24134,419250,209475,289.4,3220050,216975,56.95,3098850,891600
21-04-2025 12:05,24130.6,419475,208650,291.6,3218700,215100,56.65,3097200,887100
21-04-2025 12:05,24130.6,409425,210225,291.85,3219375,214200,57,3103200,887250
21-04-2025 12:06,24132.1,406575,218025,287.9,3219300,217725,57.85,3122625,869325
21-04-2025 12:06,24127.7,416175,211875,289.05,3217950,217125,57.3,3121725,883875
21-04-2025 12:06,24132.2,413100,214650,288,3218025,219450,57.9,3118800,882900
21-04-2025 12:06,24128.8,407250,210000,285.4,3215775,220125,58.55,3124050,864675
21-04-2025 12:06,24128,413025,213675,286,3217275,218325,58.15,3124500,882225
21-04-2025 12:06,24132,426000,210225,288.35,3219825,219300,57.35,3121725,885450
21-04-2025 12:07,24132,417675,211650,288.9,3220050,215775,58.55,3140475,888750
21-04-2025 12:07,24124.1,403800,215775,286.1,3219600,218775,58.75,3144225,858525
21-04-2025 12:07,24120,405375,222300,283.75,3219750,220050,59.45,3151275,862725
21-04-2025 12:07,24116.5,406050,218850,281.45,3213525,223200,60.35,3158625,843450
21-04-2025 12:07,24116.9,394275,219900,280,3212925,219900,60.7,3170025,838350
21-04-2025 12:07,24124.9,408300,216000,281.55,3213750,221625,60.35,3160500,844200
21-04-2025 12:08,24119.5,408825,214125,281.05,3213900,220500,60.55,3147150,855300
21-04-2025 12:08,24119.5,405375,219000,281.45,3215250,221100,60.35,3152475,857250
21-04-2025 12:08,24125,403125,218100,282.6,3216525,221400,59.75,3135450,854325
21-04-2025 12:08,24127.5,416925,215025,284,3217200,221700,59.3,3129825,859650
21-04-2025 12:08,24124.5,425550,213000,285.9,3216300,222000,58.5,3128925,872700
21-04-2025 12:08,24128.9,426900,210675,287.05,3215775,219900,58,3136200,871350
21-04-2025 12:09,24129,417375,213225,285,3215175,222075,58.8,3127800,870375
21-04-2025 12:09,24129.8,409950,216825,286.7,3216450,226875,58.5,3133950,865500
21-04-2025 12:09,24131.3,409500,213525,286.4,3219525,225075,57.75,3135225,871500
21-04-2025 12:09,24131,413475,216675,287.85,3220275,226125,57.15,3124875,869550
21-04-2025 12:09,24131,412275,208425,289.95,3222600,224700,56.75,3110175,869325
21-04-2025 12:09,24136,424500,204600,292.9,3222750,221550,55.5,3110100,871725
21-04-2025 12:10,24132.9,404325,215625,291,3221550,216150,56.35,3124275,862425
21-04-2025 12:10,24136,424125,207825,294.8,3225825,218100,54.8,3111300,869775
21-04-2025 12:10,24139,407700,202575,293.65,3226800,213975,55.3,3066525,871125
21-04-2025 12:10,24136.3,415275,200250,293.6,3224325,215250,54.7,3060825,871800
21-04-2025 12:10,24133.9,430875,201750,291.95,3226425,218400,55,3055950,883200
21-04-2025 12:10,24138,421350,207750,292,3224625,217200,55.15,3067800,866475
21-04-2025 12:11,24138.2,421575,206025,292.35,3224025,216150,55.35,3072675,869475
21-04-2025 12:11,24139.9,415725,207150,291.7,3223950,220425,55.4,3084900,862125
21-04-2025 12:11,24135,401700,209925,292,3223725,219825,55.4,3084900,862800
21-04-2025 12:11,24136.3,412275,204075,293.65,3231675,217725,55.05,3073275,885375
21-04-2025 12:11,24138,403800,202350,294.6,3232125,219450,54.85,3073050,879525
21-04-2025 12:11,24138,412650,200625,293.9,3232650,216825,55.1,3084975,880500
21-04-2025 12:12,24138.7,401850,210000,290.9,3231075,220125,56.2,3098250,868200
21-04-2025 12:12,24135.6,400200,213600,289.25,3221100,218025,56.85,3106875,858150
21-04-2025 12:12,24137.9,404700,223800,290.65,3222675,219000,56.35,3102750,874800
21-04-2025 12:12,24138,415725,207225,292.1,3222975,218400,56.15,3086475,888000
21-04-2025 12:12,0,0,0,292.1,3224550,217200,56,3095925,896100
21-04-2025 12:12,24139,417375,206325,293,3226350,216975,55.8,3095025,880500
21-04-2025 12:13,24139.9,411000,200625,294.95,3228300,215475,55.15,3091875,889575
21-04-2025 12:13,24142.1,414150,199500,294.95,3228750,211275,54.95,3088800,889275
21-04-2025 12:13,24144.1,407025,213675,294.5,3226275,213075,54.7,3077700,886725
21-04-2025 12:13,24143.9,396075,211425,296,3230775,212925,54.2,3082050,890325
21-04-2025 12:13,24144,396450,207750,295.5,3231525,210150,54.3,3084750,896775
21-04-2025 12:13,24142,395250,208425,294.8,3230475,209250,54.15,3083550,891075
21-04-2025 12:14,24142,393750,205800,294.35,3230400,212850,54,3078075,896550
21-04-2025 12:14,24141.7,394425,208425,293.8,3230925,210150,54.6,3091125,890025
21-04-2025 12:14,24143,401850,202950,295,3231825,212250,53.9,3088575,896625
21-04-2025 12:14,24144.4,402825,209325,294.65,3232575,212025,53.65,3086400,901575
21-04-2025 12:14,24143.1,401025,202800,295.45,3232725,210000,52.85,3079650,929550
21-04-2025 12:14,24137.2,412050,202725,295.4,3233925,209625,53.1,3093525,936600
21-04-2025 12:15,24134.7,411075,209325,291.9,3227175,210075,54.15,3103200,895050
21-04-2025 12:15,24137.9,388575,205500,293.5,3228150,211125,53.7,3111300,892875
21-04-2025 12:15,24136.8,416700,211125,292.85,3228975,212175,54.1,3091800,902400
21-04-2025 12:15,24140,407400,210375,293.75,3225975,212325,54.4,3103650,880950
21-04-2025 12:15,24140,412275,211725,293,3229200,212475,54.1,3102000,900750
21-04-2025 12:15,24140,412350,209625,292.35,3226875,216150,54.5,3109350,889275
21-04-2025 12:16,24142,410550,212925,294,3226950,218700,54.3,3119850,885300
21-04-2025 12:16,24137.8,420825,213150,296,3225975,212325,53.9,3101025,897975
21-04-2025 12:16,24142,425925,209175,296.75,3231225,212475,53.3,3096225,896100
21-04-2025 12:16,24140,411150,203400,295.65,3234900,212325,53.8,3110775,890175
21-04-2025 12:16,24140.3,417975,203250,297.2,3238050,211425,52.95,3105225,895875
21-04-2025 12:16,24145.8,410250,204750,300.05,3227850,210600,52,3096225,911475
21-04-2025 12:17,24147,420825,199200,298.9,3234000,189900,51.65,3077175,911475
21-04-2025 12:17,24144,419700,196800,298.85,3234975,190725,51.7,3074325,919950
21-04-2025 12:17,24147.9,403875,199875,297.9,3231300,192375,51.85,3088200,909225
21-04-2025 12:17,24148.8,423750,195900,301.35,3232425,190800,50.25,3065325,931275
21-04-2025 12:17,24149.5,412125,195525,300.95,3229500,186675,50.4,3045600,908250
21-04-2025 12:17,24149,416475,194850,299.2,3226425,192375,50.6,3070275,916800
21-04-2025 12:18,24145.5,411375,197175,299,3228150,192975,50.6,3068250,908175
21-04-2025 12:18,24145.3,407625,196125,298,3228825,200925,51.05,3075975,906975
21-04-2025 12:18,24149.5,426300,198900,301.95,3226200,200325,49.55,3082650,928200
21-04-2025 12:18,24159.5,418875,196725,306.3,3227250,189525,48.6,3047475,915525
21-04-2025 12:18,24154.8,408900,191775,306.45,3227700,108075,48.1,3049500,930450
21-04-2025 12:18,24157.6,414150,200925,308.45,3226275,106350,47.75,3055875,930150
21-04-2025 12:19,24159.9,404475,201300,306.75,3228225,107625,48.25,3077175,911475
21-04-2025 12:19,24160.8,404325,202425,306,3229575,108750,48.25,3078450,914475
21-04-2025 12:19,24163,414225,197775,306.8,3227550,105000,47.95,3076575,923025
21-04-2025 12:19,24162,421125,205275,307.9,3229650,104400,47.4,3070800,933900
21-04-2025 12:19,24159.2,419625,197025,311,3230925,102000,47.3,3069375,935550
21-04-2025 12:19,24165,421575,192750,314.15,3229725,99600,46.9,3073050,938100
21-04-2025 12:20,24165,406425,190875,311.75,3230175,99825,47.4,3083625,921150
21-04-2025 12:20,24164,413475,194250,309.8,3229425,101175,47.8,3091575,896175
21-04-2025 12:20,24164.9,414525,193200,310.7,3226800,98850,47.85,3097050,899775
21-04-2025 12:20,24163.2,410850,198375,308.4,3226275,99675,48.3,3105900,901650
21-04-2025 12:20,24163.8,405975,204450,309.5,3228900,100425,48.4,3104625,906450
21-04-2025 12:20,24163.5,410625,203775,309.65,3228825,99900,48.45,3118650,897825
21-04-2025 12:21,24160,399225,214950,307.95,3230700,102075,48.8,3098325,896175
21-04-2025 12:21,24159.9,403425,213525,306.55,3230475,102600,48.85,3100575,903075
21-04-2025 12:21,24160,400875,213675,308.75,3232125,104625,49.25,3107700,901425
21-04-2025 12:21,24155.8,413100,206475,308.95,3234300,111150,49,3111675,890625
21-04-2025 12:21,24154.9,406275,209475,307.55,3232800,111375,48.95,3112125,893400
21-04-2025 12:21,24160,415725,212025,306.5,3236925,113250,49.05,3108900,903075
21-04-2025 12:22,24160,415725,206925,309,3239775,112650,48.3,3118275,921075
21-04-2025 12:22,24161.8,415275,203850,309.75,3242400,112125,48.5,3095400,911925
21-04-2025 12:22,24156.4,405450,209100,305.6,3241875,117075,49,3118500,907125
21-04-2025 12:22,24155,407475,205275,307.3,3241350,116775,49.2,3126150,890250
21-04-2025 12:22,24161.4,413775,201525,307.55,3243975,115725,48.65,3121200,914925
21-04-2025 12:22,24160,411750,203700,307.7,3248325,117675,48.7,3106500,919125
21-04-2025 12:23,24161,414075,199575,307.8,3246900,117300,48.65,3105225,922200
21-04-2025 12:23,24156.8,419625,197025,309.1,3248175,116775,48.15,3093600,916875
21-04-2025 12:23,24160,418050,194550,309.9,3249600,114375,48.25,3087000,930375
21-04-2025 12:23,24157.1,420150,196425,310.85,3249075,116100,48.3,3111000,910425
21-04-2025 12:23,24161,424500,200175,310.5,3250500,114675,48.05,3105300,922800
21-04-2025 12:23,24161.4,427050,196125,311,3250350,115725,47.65,3085350,931800
21-04-2025 12:24,24162,422400,196050,312.55,3253575,113775,47.4,3078675,945675
21-04-2025 12:24,24162.7,419250,195600,313.1,3252600,113325,47.15,3080325,936450
21-04-2025 12:24,24170.8,419325,187800,317.7,3254625,113625,46.3,3090225,943200
21-04-2025 12:24,24173.4,420975,181800,321.25,3255750,95925,45.75,3074775,946800
21-04-2025 12:24,24174.9,419025,181350,323.1,3249225,89700,45.95,3081075,937200
21-04-2025 12:24,24177.9,421275,175275,325.55,3248325,85650,45.25,3063675,927825
21-04-2025 12:25,24177.6,420900,177225,323.2,3246825,78675,44.75,3042525,927300
21-04-2025 12:25,24175.2,414075,180675,323.6,3246150,80700,45.3,3062550,928125
21-04-2025 12:25,24176.7,433350,177450,325.35,3247425,82950,44.9,3054000,925650
21-04-2025 12:25,24179,426075,174825,327,3245775,80325,44.25,3048300,921750
21-04-2025 12:25,24184,424950,174825,327.6,3241200,86475,44.05,3039375,919575
21-04-2025 12:25,24183.7,427800,173625,329.15,3243225,86700,44.5,3057525,915375
21-04-2025 12:26,24184.2,434475,165525,331.85,3241800,83850,44.4,3062625,910050
21-04-2025 12:26,24187.5,435300,164925,334.2,3245250,77850,45.15,3064050,910875
21-04-2025 12:26,24185,431700,168750,334.8,3248400,74325,45.65,3081750,891075
21-04-2025 12:26,24186,424875,171300,334.75,3242025,74100,46.1,3083550,890775
21-04-2025 12:26,24186,424425,170925,333.3,3240825,78450,46.55,3085875,878625
21-04-2025 12:26,24184.3,430425,168900,333.4,3240150,82500,46.25,3094275,868725
21-04-2025 12:27,24185.4,421500,177900,329.6,3243900,86400,46.75,3079275,882525
21-04-2025 12:27,24186.9,415125,173025,332.05,3238125,84225,46.5,3076050,872025
21-04-2025 12:27,24185,422550,176100,332.4,3234600,87600,46.25,3071325,886725
21-04-2025 12:27,24183.5,417150,177600,330.55,3235650,86250,46.3,3070125,889800
21-04-2025 12:27,24172.5,413925,188175,318.75,3234825,89175,47.25,3091800,884400
21-04-2025 12:27,24177.9,412050,183375,323.35,3227925,87075,47.55,3096450,863325
21-04-2025 12:28,24173,396600,204525,320.6,3226125,90225,48.4,3097875,857700
21-04-2025 12:28,24172.2,399675,178200,319.95,3224700,90750,48.7,3093225,859650
21-04-2025 12:28,24166.4,405075,188925,318.65,3226650,89325,48.5,3069900,872325
21-04-2025 12:28,24165,412875,191250,317.6,3223350,92475,48.8,3074700,879975
21-04-2025 12:28,24167.3,420900,194625,318.9,3225900,92550,48.25,3074850,896250
21-04-2025 12:28,24170,415725,188775,319.7,3227100,90375,48,3063825,900750
21-04-2025 12:29,24169,432000,192975,322.95,3229875,91125,47.8,3063825,905250
21-04-2025 12:29,24169.8,421875,191775,323.05,3228975,91200,48.4,3071475,898725
21-04-2025 12:29,24168.2,419700,189300,321.05,3225600,96600,48.4,3083850,892725
21-04-2025 12:29,24173.4,418425,191325,320.25,3223425,92775,48.45,3081825,897375
21-04-2025 12:29,24174.5,422550,192300,322,3226050,92775,48.05,3081900,901800
21-04-2025 12:29,24174.2,419250,192150,319.5,3226050,99525,49.2,3101925,889500
21-04-2025 12:30,24170,412350,182625,319.8,3225750,97500,49.2,3086175,864225
21-04-2025 12:30,24167.9,419100,181875,321.1,3225600,96000,49.15,3109425,857850
21-04-2025 12:30,24167.9,420750,184650,321.5,3227175,95100,48.95,3084000,875775
21-04-2025 12:30,24171.3,419775,182850,322,3226575,95550,48.4,3085575,884475
21-04-2025 12:30,24169.2,418950,183900,322.65,3228450,91950,48.5,3092025,877500
21-04-2025 12:30,24173.8,420525,183225,325.25,3230175,95400,47.95,3084150,883950
21-04-2025 12:31,24178.9,417825,189225,325.3,3231150,91350,47.85,3061125,890475
21-04-2025 12:31,24178.2,413700,187650,324.15,3227700,93450,47.85,3063600,897300
21-04-2025 12:31,24178,417375,191025,324.75,3226500,100500,48.2,3081750,881475
21-04-2025 12:31,24175.9,414600,194850,322.35,3221775,103275,48.75,3088800,872325
21-04-2025 12:31,24173.3,421425,189375,323.75,3223200,101025,48.55,3075750,886575
21-04-2025 12:31,24175.9,412650,192675,325,3221925,101550,48.1,3080475,897375
21-04-2025 12:32,24178.9,412800,190950,323.55,3222975,100725,48.3,3075525,894600
21-04-2025 12:32,24179,400425,185550,326.85,3222750,99975,47.9,3068550,898275
21-04-2025 12:32,24179,401700,197850,324.8,3223050,98550,48.1,3083175,889875
21-04-2025 12:32,24171.3,395925,199200,322.65,3221775,100275,48.95,3092925,875325
21-04-2025 12:32,24176.9,414000,200400,324.1,3224625,99975,49.05,3100275,872250
21-04-2025 12:32,24172.4,423750,189900,324.35,3224700,97650,48.75,3086775,877725
21-04-2025 12:33,24171.5,424875,195600,325.45,3224925,97350,49.2,3105900,886650
21-04-2025 12:33,24178,419625,190350,325,3224850,98025,48.7,3091050,894600
21-04-2025 12:33,24177.9,429375,192675,324.4,3221325,99675,48.7,3072750,899175
21-04-2025 12:33,24178.9,420000,191850,323.5,3216450,96900,48.65,3078825,894900
21-04-2025 12:33,24176.5,421275,195075,325.7,3217500,90900,49.4,3090600,891675
21-04-2025 12:33,24179.6,413475,198150,326.45,3216900,90675,49,3088575,877725
21-04-2025 12:34,24177.3,408750,206025,324.55,3218025,90675,49.35,3101400,881850
21-04-2025 12:34,24177.3,407625,200025,323.65,3217125,91200,48.85,3097650,884625
21-04-2025 12:34,24178.5,407175,194700,324.45,3216600,91500,48.45,3069750,898125
21-04-2025 12:34,24178.5,401775,195975,326.05,3217575,90375,48,3065400,914250
21-04-2025 12:34,24179,402975,193650,325.4,3217575,90900,48.05,3064800,908325
21-04-2025 12:34,24176,406275,198300,325.4,3218400,96975,47.7,3062850,902100
21-04-2025 12:35,24175.7,411000,190275,326,3223350,96150,47.6,3062400,928350
21-04-2025 12:35,24176,402225,188400,325.5,3221175,96525,47.8,3071250,911850
21-04-2025 12:35,24178,400650,189825,325.95,3220425,96150,47.8,3068475,908850
21-04-2025 12:35,24179,400875,189825,327,3220800,94950,47.05,3060150,923325
21-04-2025 12:35,24177.7,404850,188625,327.7,3223425,93375,46.9,3056250,935325
21-04-2025 12:35,24182,412800,189750,328,3221475,91650,46.55,3061950,932100
21-04-2025 12:36,24177.7,405375,197625,325.5,3221100,93525,47.35,3087225,913125
21-04-2025 12:36,24180,410175,197925,326.95,3221025,87675,47.55,3100350,900300
21-04-2025 12:36,24182.2,409500,195375,326.9,3222900,85875,47.7,3098250,913350
21-04-2025 12:36,24179.1,395400,208050,324.95,3222900,89325,48.65,3118425,907800
21-04-2025 12:36,24179.4,402825,202575,324.65,3218100,95025,48.55,3110175,903150
21-04-2025 12:36,24178,407475,207000,325.6,3217575,96675,48.5,3103350,899775
21-04-2025 12:37,24178,399450,196125,326.15,3218400,91650,47.8,3086025,922050
21-04-2025 12:37,24175.1,404775,206925,326.4,3219075,91650,48.1,3098700,926925
21-04-2025 12:37,24180,406125,196050,326,3219975,92625,48,3100650,922275
21-04-2025 12:37,24179,403425,198900,325.5,3219750,92775,48.15,3092175,925350
21-04-2025 12:37,24173.3,394575,208575,320.15,3216000,99900,48.8,3102525,921525
21-04-2025 12:37,24178,397050,199725,323.2,3211650,101400,48.25,3105900,931125
21-04-2025 12:38,24176.8,393975,209550,321.7,3213975,106275,48.4,3097200,922725
21-04-2025 12:38,24178.8,407850,199875,325.6,3215400,99450,47.3,3077400,936600
21-04-2025 12:38,24178.8,413775,199650,325.75,3215475,92175,47.75,3093750,919725
21-04-2025 12:38,24181.9,411750,196125,329.25,3217425,93600,47,3082125,931500
21-04-2025 12:38,24184.9,422775,190425,330.75,3221775,90000,46,3057900,957900
21-04-2025 12:38,24185.2,418500,190875,334.6,3219450,93150,45.1,3079500,950325
21-04-2025 12:39,24188,415800,185700,332.2,3219825,94200,44.65,3059925,946875
21-04-2025 12:39,24188,417525,181425,335,3221400,92250,43.4,3050775,942675
21-04-2025 12:39,24191.3,417150,186375,336.3,3221250,83400,43.15,3041625,934875
21-04-2025 12:39,24189.7,407625,201300,333.9,3221700,87525,44.35,3082500,930450
21-04-2025 12:39,24189.4,422550,192525,335.3,3221925,83775,44.05,3066825,939600
21-04-2025 12:39,24192.6,409575,201075,335.5,3219675,84300,44.2,3070950,931800
21-04-2025 12:40,24188.2,401250,199425,334,3217800,86025,44.35,3086400,923700
21-04-2025 12:40,24189.9,398400,208650,332.8,3216750,87825,44.95,3117600,914850
21-04-2025 12:40,24186.2,396300,206400,331.25,3216075,93825,45.3,3107400,898875
21-04-2025 12:40,24183,407175,209025,329.4,3216225,93075,45.85,3104775,908550
21-04-2025 12:40,24180,399000,201000,326,3205800,93975,46.05,3109350,904425
21-04-2025 12:40,24178.7,424650,201450,329.3,3208125,95250,45.35,3087300,940350
21-04-2025 12:41,24183.2,423750,199725,330.5,3209475,95100,45.75,3089850,920400
21-04-2025 12:41,24184.2,408825,195750,330.4,3210750,94650,45.6,3102525,906675
21-04-2025 12:41,24185.6,400575,203100,329.95,3213450,95400,46,3091950,906000
21-04-2025 12:41,24187.9,408150,206850,330.6,3214575,94350,45.35,3095925,927225
21-04-2025 12:41,24184.3,401625,198825,330.2,3214875,95250,45.6,3084225,924450
21-04-2025 12:41,24189.3,405375,202800,331.1,3212400,96000,45.45,3069825,915600
21-04-2025 12:42,24187,410775,198900,331.25,3213975,95550,45,3065175,919725
21-04-2025 12:42,24188.5,402375,205725,331.35,3213300,99375,44.85,3060525,919950
21-04-2025 12:42,24188.9,403650,201225,331.9,3212625,100350,45.05,3077850,926100
21-04-2025 12:42,24188.8,408000,201375,331.55,3214800,98175,45.15,3057225,932100
21-04-2025 12:42,24186.5,411375,198600,332.8,3213000,99075,44.65,3064425,910050
21-04-2025 12:42,24188.8,405000,197475,332.1,3212475,99450,44.85,3066300,917400
21-04-2025 12:43,24188,407400,201675,330.45,3212250,102900,45.25,3076875,922725
21-04-2025 12:43,24189,404025,203475,329.6,3212700,104925,44.5,3079350,927825
21-04-2025 12:43,24185.5,402075,202350,328.7,3212550,102675,45.4,3076950,902775
21-04-2025 12:43,24186.5,404100,205350,329.2,3210000,102150,45.4,3083550,892050
21-04-2025 12:43,24185.9,400950,205575,329.8,3210675,103800,45.5,3084825,895425
21-04-2025 12:43,24184,401325,207075,327.45,3209925,103725,45.85,3104550,894525
21-04-2025 12:44,24184,402450,202125,328.9,3212025,102975,45.75,3101100,890925
21-04-2025 12:44,24185,405375,213525,329.5,3209025,100425,45.4,3079500,910050
21-04-2025 12:44,24185.9,398700,204600,329,3209175,100425,45.9,3093150,888900
21-04-2025 12:44,24180,404625,207375,327,3209400,103575,46.25,3099450,909975
21-04-2025 12:44,24182.3,410400,208800,325.35,3208800,105150,46.3,3101025,891825
21-04-2025 12:44,24176.4,400575,209100,322.8,3208950,105750,46.65,3093825,898650
21-04-2025 12:45,24179,409425,203100,323.75,3209175,102825,46.8,3110100,887475
21-04-2025 12:45,24177.9,402750,210150,321.85,3209775,104100,47.4,3127875,883425
21-04-2025 12:45,24176,401475,204375,320,3210225,102750,47.45,3109200,879975
21-04-2025 12:45,24177.1,415125,195150,325,3205950,101250,46.85,3097125,892425
21-04-2025 12:45,24180,407625,201900,325.7,3205050,101400,46.45,3076050,902775
21-04-2025 12:45,24182,406500,201075,325.75,3206100,105300,46.25,3069075,912600
21-04-2025 12:46,24180.9,408375,205500,324,3206325,106500,46.85,3077325,919350
21-04-2025 12:46,24181,409800,209475,326.75,3208425,107700,46.25,3085950,902625
21-04-2025 12:46,24184.9,413850,198825,326.8,3207675,106500,45.75,3071400,911850
21-04-2025 12:46,24184.9,420675,196500,330,3208425,105000,44.75,3058950,914400
21-04-2025 12:46,24184,420375,195375,330.15,3208350,101475,44.9,3067125,920850
21-04-2025 12:46,24184.6,411750,195450,329.6,3206925,98925,45,3069675,904050
21-04-2025 12:47,24185,413925,194400,329.8,3210825,97050,44.75,3061200,917475
21-04-2025 12:47,24184,413475,193800,330.05,3213075,94350,44.85,3068250,918750
21-04-2025 12:47,24187.5,420600,196200,332.9,3213975,92025,43.5,3066075,927225
21-04-2025 12:47,24188.7,424875,192375,333.45,3212925,88725,43.55,3052725,932475
21-04-2025 12:47,24189.8,425400,197025,333.6,3212325,87075,42.95,3069975,927900
21-04-2025 12:47,24189.7,413025,201300,331.8,3210975,85875,44.05,3065325,927300
21-04-2025 12:48,24190.7,410400,204975,332.05,3210375,91950,44.2,3086100,912150
21-04-2025 12:48,24189.3,406800,208875,331.95,3210525,93600,44,3084225,891750
21-04-2025 12:48,24189,412125,203850,330.8,3211350,92850,44,3077550,910425
21-04-2025 12:48,24189,408675,203550,330.45,3211800,94575,44.1,3091575,902700
21-04-2025 12:48,24187,410100,203550,329.85,3212100,96600,44.3,3100950,909075
21-04-2025 12:48,24186.4,409275,208500,330.25,3212175,93150,44.5,3093825,919650
21-04-2025 12:49,24178,406050,217200,325.7,3210900,95550,45.5,3108000,891300
21-04-2025 12:49,24180,405825,220500,326.9,3209775,94575,45.5,3106875,893175
21-04-2025 12:49,24183.8,406425,218700,326.9,3209625,95475,45.7,3108450,895275
21-04-2025 12:49,24182.2,411900,217350,327,3211125,94725,45.4,3091350,899100
21-04-2025 12:49,24184,410775,212475,327.25,3209925,92850,45.05,3089550,915150
21-04-2025 12:49,24184.5,406650,211275,328.2,3210375,92250,45,3096375,931725
21-04-2025 12:50,24185,406650,214950,328.2,3211800,93525,44.95,3122625,913425
21-04-2025 12:50,24184,410625,212775,330,3210375,93150,44.8,3112350,926925
21-04-2025 12:50,24186.9,415425,214275,329.6,3209325,92700,44.95,3096000,923550
21-04-2025 12:50,24184,410775,216750,328.3,3210450,94650,45.15,3124350,910800
21-04-2025 12:50,24184,406500,213750,328.4,3208125,93375,45.3,3111675,910575
21-04-2025 12:50,24184,406650,213225,328.4,3208950,95250,44.8,3108000,913575
21-04-2025 12:51,24184,408900,216900,328.45,3209475,95625,44.95,3105225,917025
21-04-2025 12:51,24186,412650,213600,326.35,3209625,94950,44.85,3096150,929175
21-04-2025 12:51,24184.3,402975,217950,326,3208875,96600,45.45,3120225,898275
21-04-2025 12:51,24181.4,406950,222750,325.95,3209100,94425,45.7,3126225,898275
21-04-2025 12:51,24182,400650,215625,324.2,3208950,96225,46.3,3120525,891975
21-04-2025 12:51,24179.5,401400,221550,323.55,3208875,97125,46.4,3147675,889350
21-04-2025 12:52,24177.1,405225,225300,322.15,3207975,100725,47.25,3141300,897900
21-04-2025 12:52,24176.3,396450,218700,320.25,3206850,100875,47.5,3133800,895200
21-04-2025 12:52,24177,405825,221025,321.15,3202350,99000,47.25,3133500,906525
21-04-2025 12:52,24177,412125,214125,324.15,3201450,100275,46.7,3100800,915825
21-04-2025 12:52,24180,416175,215700,325.8,3205950,97275,46.1,3098625,916875
21-04-2025 12:52,24178.6,417075,222375,324,3204300,93300,46.35,3097875,929625
21-04-2025 12:53,24178.6,400650,221550,322,3203400,98625,47.2,3119250,902550
21-04-2025 12:53,24176,405750,224175,323.55,3206175,100650,46.85,3123375,916875
21-04-2025 12:53,24176.8,406350,214950,323.05,3202725,101550,46.4,3103875,938700
21-04-2025 12:53,24174.1,406575,223950,323.1,3201000,102375,46.5,3115425,943500
21-04-2025 12:53,24177.1,399825,219525,322.55,3201150,102075,46.5,3122175,925650
21-04-2025 12:53,24177.1,403875,216150,322.8,3202575,102300,46.1,3102075,933375
21-04-2025 12:54,24177.1,404175,212775,325.3,3204075,99450,45.8,3107025,932400
21-04-2025 12:54,24184,409875,213150,325.65,3206775,98550,45.35,3091575,948375
21-04-2025 12:54,24183.9,411825,218925,326.7,3203625,96225,45.2,3098925,925050
21-04-2025 12:54,24181.8,410850,226500,324,3202425,99300,46.05,3103425,932625
21-04-2025 12:54,24181.4,409050,222900,325.5,3203550,103125,45.65,3114000,912075
21-04-2025 12:54,24178.6,409200,219675,325,3203850,101850,45.35,3105825,907800
21-04-2025 12:55,24184.4,405675,222825,328,3203925,99600,44.95,3104250,927525
21-04-2025 12:55,24184.4,407775,220275,330,3205875,92475,44.9,3093675,934050
21-04-2025 12:55,24185.8,408900,213150,330.75,3201600,89100,44.1,3075900,939450
21-04-2025 12:55,24184,413475,209775,331.05,3201300,90075,43.75,3083850,927525
21-04-2025 12:55,24188.8,405975,216900,330.8,3199650,89625,44.25,3099375,914400
21-04-2025 12:55,24190.9,414150,215625,332.25,3202575,89175,43.55,3074850,929625
21-04-2025 12:56,24191.2,409575,212700,331.5,3201975,89700,43.55,3089700,932625
21-04-2025 12:56,24191,412650,214725,331.1,3198750,92100,44,3126375,919650
21-04-2025 12:56,24187.2,414600,222300,330.7,3199200,93525,44.15,3137250,902250
21-04-2025 12:56,24190.8,413625,222225,331.1,3201375,91500,43.65,3118275,937425
21-04-2025 12:56,24190,416250,221400,331.05,3202425,91050,43.55,3107025,934500
21-04-2025 12:56,24187.5,412875,213150,330.5,3201825,91800,43.7,3118200,925125
21-04-2025 12:57,24187.5,413025,227475,330.3,3201600,94050,44.3,3127950,913350
21-04-2025 12:57,24184,407325,229200,330.7,3199950,92475,43.95,3131175,912600
21-04-2025 12:57,24190.8,412650,228750,331.65,3205050,93150,43.75,3115875,936600
21-04-2025 12:57,24190,419925,221925,331.4,3203775,92025,43.8,3111525,925650
21-04-2025 12:57,24190.7,412950,216600,335.2,3203400,93225,42.15,3105825,958725
21-04-2025 12:57,24190.4,414150,205725,334.25,3207000,80850,42.75,3107775,932475
21-04-2025 12:58,24190,417075,206925,332.75,3205050,82275,43,3102900,918525
21-04-2025 12:58,24190.1,417150,217350,332.4,3202650,82050,43.6,3113400,916350
21-04-2025 12:58,24190,411825,218850,331.65,3203025,86025,43.85,3114975,909300
21-04-2025 12:58,24189.7,410175,216300,330,3204750,83475,44.05,3118875,908850
21-04-2025 12:58,24190.6,408075,221475,331,3200850,85425,43.5,3122925,902625
21-04-2025 12:58,24185.7,411150,218175,327.25,3199875,85425,44.2,3135900,916125
21-04-2025 12:59,24186.2,405075,220125,327.85,3198975,85275,44.3,3146325,908775
21-04-2025 12:59,24189.9,414675,216075,331.85,3200100,84150,43.5,3158475,916350
21-04-2025 12:59,24185,418125,211725,330.9,3201150,81675,43.9,3125700,922575
21-04-2025 12:59,24188,418875,210600,331.7,3199800,82425,43.45,3120000,919425
21-04-2025 12:59,24185.5,413475,215625,329.7,3200100,85275,44,3144075,916500
21-04-2025 12:59,24187.9,411525,212550,330,3199575,92100,43.5,3141375,922500
21-04-2025 13:00,24187.9,410625,211575,331.5,3200325,92325,43.05,3100200,945825
21-04-2025 13:00,24189,420075,204300,333.65,3201975,92475,42.25,3107925,973200
21-04-2025 13:00,24191.6,421275,207450,332.4,3199500,97500,42.9,3118275,966525
21-04-2025 13:00,24189.7,418800,213525,330.85,3199275,101025,43.1,3122400,925125
21-04-2025 13:00,24187.4,418200,218025,331.2,3199425,99975,43.2,3124800,919500
21-04-2025 13:00,24189.9,416250,221925,330.75,3199725,101700,43.15,3121800,918975
21-04-2025 13:01,24189.5,410550,224700,330,3199275,100650,43.35,3113775,920850
21-04-2025 13:01,24182.3,402150,230775,326.2,3198450,99075,44.4,3140325,902775
21-04-2025 13:01,24186.7,413325,228450,330.25,3203025,99525,43.95,3133950,930900
21-04-2025 13:01,24187.9,413025,221325,330.55,3202050,97950,43.8,3106950,913800
21-04-2025 13:01,24188,418050,219675,329.1,3200100,97725,43.8,3106575,943575
21-04-2025 13:01,24186.7,412950,231450,330.05,3201075,100800,43.75,3126900,919275
21-04-2025 13:02,24186.9,410700,224475,329,3202275,101250,43.45,3129525,928200
21-04-2025 13:02,24186.5,414675,230250,330.1,3201300,99975,43.25,3111000,940875
21-04-2025 13:02,24189.9,415950,228450,331.3,3202125,99600,43.1,3115950,941325
21-04-2025 13:02,24187.7,416325,220650,330.45,3201600,99900,43.5,3129150,938925
21-04-2025 13:02,24188.1,410175,223650,330.5,3201975,100800,43.95,3139725,923175
21-04-2025 13:02,24188.5,413025,223350,329.75,3202725,99675,43.9,3145500,927525
21-04-2025 13:03,24186.4,408150,226275,328.9,3202275,100425,44.25,3151125,910950
21-04-2025 13:03,24187.5,407100,222075,330,3202500,100275,44.3,3143100,921150
21-04-2025 13:03,24187.9,409725,218175,328,3203850,100575,44.7,3130500,937800
21-04-2025 13:03,24182.9,409425,239925,324.6,3201750,101925,45.15,3137850,913425
21-04-2025 13:03,24181.4,411825,222900,324.55,3195075,102675,45.6,3148875,907575
21-04-2025 13:03,24178,404925,227925,322.15,3195150,102825,46.15,3158100,884325
21-04-2025 13:04,24180,414225,223875,325,3199575,103350,45.85,3129000,914100
21-04-2025 13:04,24180,421500,216450,326.15,3196725,103950,45.65,3140550,890700
21-04-2025 13:04,24180,417825,218025,324.6,3197325,103950,46.05,3141000,900450
21-04-2025 13:04,24180.1,428625,217500,329,3199050,103200,44.75,3147450,920700
21-04-2025 13:04,24183.5,425400,211875,327.95,3197700,103500,45.15,3096600,914775
21-04-2025 13:04,24183.2,418725,213825,330,3198150,103125,44.55,3107325,924450
21-04-2025 13:05,24185.9,421500,207000,331,3198150,102300,44.25,3143850,937125
21-04-2025 13:05,24187,421725,207375,331,3200100,101550,44.15,3154425,940650
21-04-2025 13:05,24184.7,424725,207225,331.05,3202425,104250,44.4,3154275,917550
21-04-2025 13:05,24184.7,430575,212100,330.4,3197625,104925,44.3,3180750,936150
21-04-2025 13:05,24185.2,420675,210300,330.95,3198225,103800,44.3,3170475,955125
21-04-2025 13:05,24184.4,431250,212475,329,3199200,105150,44.4,3175950,946125
21-04-2025 13:06,24185,416925,211500,328.4,3197400,105750,45,3182475,922425
21-04-2025 13:06,24185.1,424350,210825,330.05,3198900,104925,43.8,3152775,958350
21-04-2025 13:06,24184.5,418425,212400,329.9,3196725,105975,44.3,3146925,918825
21-04-2025 13:06,24183.4,434100,213075,330.1,3198225,106425,43.7,3161475,933900
21-04-2025 13:06,24185.3,426150,206700,329.2,3198975,106575,43.3,3148500,949575
21-04-2025 13:06,24186.9,414300,216825,329.95,3198900,109500,43.7,3171150,926025
21-04-2025 13:07,24180,433800,213375,327.75,3197700,108000,43.95,3178350,938400
21-04-2025 13:07,24186.6,426300,212550,326.8,3198525,109350,44,3175650,941850
21-04-2025 13:07,24180,421875,211125,326.8,3199200,108750,44.75,3192900,929925
21-04-2025 13:07,24182.4,433125,213450,329.75,3200400,107400,44.25,3184200,940950
21-04-2025 13:07,24186.7,430650,207600,330.05,3201000,105600,43.9,3162525,942225
21-04-2025 13:07,24187.9,439200,205800,332,3200025,103425,43.3,3169200,937425
21-04-2025 13:08,24188,431625,205575,332.7,3199050,102975,43.25,3146100,945675
21-04-2025 13:08,24186,436950,203250,332,3199275,102900,42.95,3146475,937950
21-04-2025 13:08,24185,429675,207225,329.75,3198525,105750,43.85,3171975,935850
21-04-2025 13:08,24185,431400,210975,330.1,3197625,105075,43.95,3175275,913275
21-04-2025 13:08,24185,431700,210150,329.45,3198000,105825,43.9,3159450,919275
21-04-2025 13:08,24187.9,436875,210600,331.75,3199125,105825,43.85,3155250,918675
21-04-2025 13:09,24188,440700,208425,332,3198675,104625,43.2,3159675,964425
21-04-2025 13:09,24187.1,435900,206100,332.3,3202500,102600,43.3,3150225,966075
21-04-2025 13:09,24189,438000,208725,331.85,3200625,98625,43.25,3153750,960825
21-04-2025 13:09,24189.5,438375,200025,335,3201375,97125,41.5,3146175,972150
21-04-2025 13:09,24192.5,431250,198675,336,3203625,84225,41.65,3115275,954975
21-04-2025 13:09,24194.5,425250,199425,336.85,3204075,84075,41.85,3121650,957600
21-04-2025 13:10,24194.2,436275,206100,334.45,3201825,87450,42.35,3132375,950625
21-04-2025 13:10,24194,426675,207000,334,3203700,85350,43.1,3137025,943200
21-04-2025 13:10,24192.9,420300,206100,334.75,3206100,87300,43.15,3148725,942150
21-04-2025 13:10,24191.1,414750,206100,333,3207150,89850,43.05,3142425,960375
21-04-2025 13:10,24191.5,427425,212925,333.15,3204075,90450,43.75,3163800,948450
21-04-2025 13:10,24191.5,428100,204750,337.6,3205275,89625,42.7,3150225,955950
21-04-2025 13:11,24192.2,426075,204375,335.85,3206250,87075,42.95,3139725,957750
21-04-2025 13:11,24190.5,426750,202200,336.45,3205500,87750,42.4,3142800,960450
21-04-2025 13:11,24191.4,424200,208275,333,3206250,90900,43.45,3155700,961050
21-04-2025 13:11,24190,417975,217650,332.6,3205725,91125,43.75,3164625,953400
21-04-2025 13:11,24190,426825,215175,330.8,3204750,90750,43.85,3166725,946950
21-04-2025 13:11,24190.6,431175,218025,332.15,3204750,89100,43.75,3163875,946275
21-04-2025 13:12,24189.1,417450,226725,329.7,3204375,90900,44.1,3172725,944700
21-04-2025 13:12,24186.2,421500,215025,327.8,3201750,90525,44.7,3162975,946875
21-04-2025 13:12,24186.1,419100,219150,327.65,3200625,90975,44.55,3167025,943950
21-04-2025 13:12,24180.7,418125,216075,327.6,3201150,91575,44.3,3163200,946800
21-04-2025 13:12,24181.4,429900,213150,328.8,3202050,90150,44.3,3157125,955350
21-04-2025 13:12,24185.1,425475,213075,328.15,3203025,90975,44.5,3149925,950550
21-04-2025 13:13,24184,426450,214650,328.3,3202500,91425,44.95,3164775,933225
21-04-2025 13:13,24183.3,420450,219600,326,3201900,92925,45.95,3186225,923550
21-04-2025 13:13,24183,411300,217875,326.7,3200175,93300,45.8,3180600,885300
21-04-2025 13:13,24180,417225,218250,326.35,3200400,96075,45.65,3167700,890100
21-04-2025 13:13,24180,429375,216675,326.15,3201225,95700,45.35,3165375,900600
21-04-2025 13:13,24177.4,417000,216300,324.8,3199650,96450,45.75,3161475,892425
21-04-2025 13:14,24175,421275,212400,324,3198825,98550,46.4,3163425,890175
21-04-2025 13:14,24173.1,412575,213450,322.75,3198000,100275,47.5,3167775,871575
21-04-2025 13:14,24171.7,423975,211350,323.3,3197250,100725,47,3118950,893700
21-04-2025 13:14,24174,427650,210375,325,3198300,99375,47.1,3114450,887850
21-04-2025 13:14,24175,432000,207900,325,3202200,96600,46.9,3113700,895200
21-04-2025 13:14,24175,432300,207375,324.95,3202500,96825,47,3109875,892875
21-04-2025 13:15,24174,427800,207675,324.45,3202350,98175,47,3110475,877875
21-04-2025 13:15,24175,439275,205650,325.45,3203550,96900,46.85,3112125,883800
21-04-2025 13:15,24175.9,434925,211425,324,3202200,97350,47.5,3124575,878925
21-04-2025 13:15,24175,422100,212850,323.05,3200775,98700,47.75,3123900,869775
21-04-2025 13:15,24177.9,430500,214800,323.85,3200850,98850,47.2,3129600,868050
21-04-2025 13:15,24173,419925,215925,323.6,3201000,99450,48.1,3131100,865275
21-04-2025 13:16,24175.1,429975,211725,323.7,3201450,96900,47.35,3128325,873675
21-04-2025 13:16,24177,430200,213150,325,3202950,97275,46.8,3118500,881775
21-04-2025 13:16,24177.1,428475,215625,325.75,3202950,97500,47,3120600,879750
21-04-2025 13:16,24178,423300,209175,325.4,3201825,99750,47.2,3123225,878100
21-04-2025 13:16,24180,424275,211500,326.05,3203025,97800,46.65,3123075,882300
21-04-2025 13:16,24176.7,438000,220500,326.9,3204300,95625,46.8,3115875,888450
21-04-2025 13:17,24180,436650,204075,327.1,3205725,98100,46.9,3124275,874800
21-04-2025 13:17,24181.7,432600,212550,328,3208575,96750,46.2,3117000,886800
21-04-2025 13:17,24177,426000,211050,327.1,3206775,99000,46.85,3121650,880125
21-04-2025 13:17,24177.7,429675,213525,327,3205725,101775,46.8,3123525,885675
21-04-2025 13:17,24178,425925,211200,325.1,3203625,101175,47.1,3116625,888525
21-04-2025 13:17,24178,421425,211500,324.95,3203400,101400,47.8,3122475,879900
21-04-2025 13:18,24178,433725,208575,325.85,3202875,100650,47.05,3118275,893775
21-04-2025 13:18,24175.8,439500,211350,326.5,3204675,101400,47.5,3120750,891375
21-04-2025 13:18,24175.8,431925,208125,326.95,3203325,100875,46.85,3121650,908850
21-04-2025 13:18,24171.9,396600,209925,320,3201600,102675,49.2,3164475,906075
21-04-2025 13:18,24160.5,406575,223875,306.7,3190200,103500,49.55,3152025,850950
21-04-2025 13:18,24156.2,416025,213675,311.25,3190575,101625,50.35,3131775,856125
21-04-2025 13:19,24160,433800,210900,314.3,3190800,98850,50.25,3119775,872025
21-04-2025 13:19,24160.5,434025,215700,314.65,3188325,102375,50.65,3127200,871200
21-04-2025 13:19,24164.6,438375,213600,316.45,3189600,103575,50.15,3111675,880275
21-04-2025 13:19,24164.6,434250,209475,318.35,3190800,101625,50,3109725,893175
21-04-2025 13:19,24160.4,429225,215550,315.2,3190050,102750,50.5,3110700,886500
21-04-2025 13:19,24157,420225,218100,308.15,3187875,107100,51,3124500,875550
21-04-2025 13:20,24151.2,419475,227550,305.5,3188175,105825,51.9,3110325,874050
21-04-2025 13:20,24151,419250,221025,305.85,3192300,105975,52.3,3116925,868575
21-04-2025 13:20,24155.9,425925,218700,307.75,3188400,105450,52.45,3124125,858450
21-04-2025 13:20,24156,431400,214050,312,3189750,104250,51.45,3120525,876900
21-04-2025 13:20,24159.8,433275,211950,314.55,3189975,104325,50.75,3113400,874350
21-04-2025 13:20,24162.2,433050,216075,314.4,3191400,104400,50.85,3107025,873975
21-04-2025 13:21,24164.9,429975,220275,315,3191175,102825,50.7,3098325,886350
21-04-2025 13:21,24158.7,433575,217575,314.65,3191625,103575,51.5,3113475,869175
21-04-2025 13:21,24159.9,432150,217275,312.9,3197325,105525,50.9,3112950,890625
21-04-2025 13:21,24156.7,428700,218625,311.95,3199350,107400,51.45,3108525,883350
21-04-2025 13:21,24158.8,440850,220350,314,3201525,107550,50.5,3098550,889350
21-04-2025 13:21,24159.9,434400,219000,314,3199125,106425,50.95,3096825,888450
21-04-2025 13:22,24161.8,438000,216150,315.3,3200250,104400,50.4,3097200,901800
21-04-2025 13:22,24165,435075,217200,317.55,3197325,101100,49,3086925,901725
21-04-2025 13:22,24164.6,442650,221475,318.6,3195825,102075,49.55,3092775,894225
21-04-2025 13:22,24173.9,437025,218550,323.7,3197025,103950,47.1,3077775,908250
21-04-2025 13:22,24177.8,440850,211575,325.2,3199050,95100,45.05,3065100,906600
21-04-2025 13:22,24175,436875,215775,324.95,3196575,93150,46.6,3068475,886200
21-04-2025 13:23,24164.1,433950,213975,318.05,3196050,94200,48.85,3087975,891975
21-04-2025 13:23,24166.6,435375,215925,318.95,3192750,93825,48.55,3084300,905850
21-04-2025 13:23,24168.7,438300,216525,316.7,3194550,106500,49,3094275,895725
21-04-2025 13:23,24166.5,432450,214575,317.25,3194775,103575,48.9,3100125,895800
21-04-2025 13:23,24166.6,434325,214125,316.25,3194925,105450,49,3102450,891600
21-04-2025 13:23,24166,422475,212850,317.05,3195825,104175,49.05,3089700,894225
21-04-2025 13:24,24168.8,423825,216300,315.2,3197850,108075,49.05,3100800,893025
21-04-2025 13:24,24167.3,439800,217950,320.75,3197700,105225,48.5,3087450,904500
21-04-2025 13:24,24167.7,437850,214275,320.3,3198525,104700,48.35,3090975,907200
21-04-2025 13:24,24167,438600,216525,322.2,3198300,104475,47.35,3094050,897900
21-04-2025 13:24,0,0,0,321.3,3190125,94800,47.2,3067125,873525
21-04-2025 13:24,24167.2,422400,215850,319.6,3189450,95625,48.35,3072450,880875
21-04-2025 13:25,24167.2,437400,217275,322.3,3201975,108000,47.95,3093600,888750
21-04-2025 13:25,24173.8,439800,221550,320.85,3204075,107175,48,3092025,898050
21-04-2025 13:25,24177.5,429900,214950,324.2,3203025,107550,47.1,3088125,904725
21-04-2025 13:25,24176.2,422025,223350,323.6,3203775,106575,47.2,3089475,898575
21-04-2025 13:25,24175.5,418650,218475,322,3202875,108375,48.2,3108000,891300
21-04-2025 13:25,24172,422175,221025,320.7,3200700,109875,48.2,3108525,897375
21-04-2025 13:26,24170,423900,227625,318.35,3200775,111075,49.2,3116100,877425
21-04-2025 13:26,24170.9,433725,224550,318,3214500,111825,49.1,3105000,886275
21-04-2025 13:26,24168,432825,225300,316.4,3215325,112425,49.05,3111225,887550
21-04-2025 13:26,24165,414675,234900,312.8,3198225,116250,50,3113100,878925
21-04-2025 13:26,24161.9,418725,237375,312,3195450,123525,51.25,3106275,866775
21-04-2025 13:26,24162,419175,229950,311.8,3195150,120075,50.95,3110850,870150
21-04-2025 13:27,24162,428175,232275,314.35,3196725,114675,50.55,3107250,875475
21-04-2025 13:27,24156,424950,237075,309,3197550,112575,52.25,3116925,872625
21-04-2025 13:27,24156,432450,231975,309.85,3193425,113325,52.05,3111900,858975
21-04-2025 13:27,24159.9,423225,226800,310.25,3190575,111675,51.75,3113700,865275
21-04-2025 13:27,24155,425400,227475,310.1,3194925,111300,52.25,3109875,872025
21-04-2025 13:27,24156.1,427200,229950,310.25,3194475,113325,51.5,3120225,868200
21-04-2025 13:28,24158.3,431400,224025,309.3,3194850,113175,52.45,3119850,879900
21-04-2025 13:28,24160,432825,223575,312,3195375,108600,50.9,3121500,881925
21-04-2025 13:28,24164.7,430650,226650,313.3,3195375,112275,51.1,3115125,880200
21-04-2025 13:28,24158,434175,226500,310.35,3195375,111075,51.25,3118350,881475
21-04-2025 13:28,24158.4,421950,226275,310.85,3195300,115200,51.95,3108375,898875
21-04-2025 13:28,24158.4,431625,228825,310.1,3194925,113925,51.85,3108900,892050
21-04-2025 13:29,24158.7,425400,234825,310.25,3193950,113475,51.65,3104175,889500
21-04-2025 13:29,24154.3,428250,221250,309.3,3193725,111450,51.85,3109575,890925
21-04-2025 13:29,24152.8,430350,225450,309.6,3195300,111825,52,3109725,896175
21-04-2025 13:29,24153.5,427125,215925,307.75,3194325,111750,51.5,3107700,894975
21-04-2025 13:29,24150.1,419175,228825,306.1,3193350,111750,52.35,3108750,887325
21-04-2025 13:29,24158,431550,221325,310.1,3192900,112350,51,3106200,894375
21-04-2025 13:30,24159.9,429225,231225,310.75,3198375,112875,51.15,3085650,904950
21-04-2025 13:30,24156.7,430500,230175,311.8,3192600,113475,50.95,3079125,892800
21-04-2025 13:30,24154.3,425550,235800,311,3191775,115350,51.25,3080175,896550
21-04-2025 13:30,24154,415200,225375,306.9,3191550,117600,52.1,3087375,893475
21-04-2025 13:30,24153.3,424875,225000,308.2,3192975,116850,51.95,3086175,890025
21-04-2025 13:30,24153.8,429675,227175,307.5,3193200,117525,51.9,3086925,886050
21-04-2025 13:31,24152.2,427425,229725,308.4,3198000,118575,52,3098025,891000
21-04-2025 13:31,24155,428250,226275,310,3194700,116475,51,3102525,892575
21-04-2025 13:31,24155.2,431400,224775,309,3194775,116850,51.9,3106125,896850
21-04-2025 13:31,0,0,0,311,3194025,117075,51.7,3112800,894675
21-04-2025 13:31,24155.9,432600,222000,310.8,3193800,115875,51.05,3158775,896100
21-04-2025 13:31,24154.5,426450,223725,309.95,3193800,116475,51.2,3165600,892275
21-04-2025 13:32,24158.9,434625,228225,309,3194550,117300,51.35,3168975,902700
21-04-2025 13:32,24159.1,433650,224625,312.55,3192900,116850,49.95,3175275,908550
21-04-2025 13:32,24160,432525,223650,312.3,3195075,114000,50.3,3147675,911325
21-04-2025 13:32,24160,437625,218625,313.15,3194475,114900,49.1,3152775,905250
21-04-2025 13:32,24163,439275,219900,314.2,3194625,112575,49.35,3136800,903450
21-04-2025 13:32,24165,437850,221700,316.1,3195450,114000,48.45,3140250,912075
21-04-2025 13:33,0,0,0,315,3193425,113250,48.9,3138075,910725
21-04-2025 13:33,24160.9,423375,234225,309.9,3191475,116400,50,3182700,897300
21-04-2025 13:33,24153.9,414600,244125,303.5,3191100,119175,52,3181425,901125
21-04-2025 13:33,24150,406575,236400,302.4,3186825,118050,52.65,3152325,882225
21-04-2025 13:33,24139.8,417750,237000,295.9,3181425,114000,54.3,3164775,862875
21-04-2025 13:33,24145,423375,233400,298.95,3181575,113175,53.7,3148050,841575
21-04-2025 13:34,24145.6,425025,224400,303.9,3186825,113025,52.85,3139125,863625
21-04-2025 13:34,24149.7,417150,229350,304,3188550,116175,53.3,3144150,866250
21-04-2025 13:34,24150.1,432375,230325,307.1,3191475,116400,51.6,3146175,880425
21-04-2025 13:34,24148.2,418950,226500,305.75,3188550,117900,52.6,3149175,877425
21-04-2025 13:34,24155,421875,231375,305.85,3187725,118725,52.55,3158175,876675
21-04-2025 13:34,24155,431325,231675,309.8,3191250,119250,52.25,3150675,883800
21-04-2025 13:35,24155.2,442425,230700,309.15,3188100,115050,51.1,3161475,887850
21-04-2025 13:35,24155.2,423525,225450,311.75,3188325,115125,50.3,3149400,894525
21-04-2025 13:35,24155.9,427425,227700,310.15,3189450,115425,51,3150525,894450
21-04-2025 13:35,24157,433050,226275,311.5,3187875,117975,50.75,3163275,904650
21-04-2025 13:35,24158,426150,230700,310,3189000,118800,51.05,3161775,907200
21-04-2025 13:35,24159.9,428400,234300,309.4,3187800,119775,51.35,3172425,898200
21-04-2025 13:36,24162.5,435300,233250,309.9,3188025,118875,51.4,3171525,911325
21-04-2025 13:36,24163,416625,224025,312.9,3192150,115800,50.1,3162150,906525
21-04-2025 13:36,24163.8,433800,233850,313.05,3190875,118650,50,3161550,904350
21-04-2025 13:36,24158.4,424125,229725,311.5,3189975,117450,50.6,3161100,909375
21-04-2025 13:36,24158,436200,229425,310.65,3189750,117900,50.8,3162225,907950
21-04-2025 13:36,24160.4,438000,228300,313.95,3192300,116550,50,3164550,922950
21-04-2025 13:37,24156.8,424950,227700,311.15,3190050,115500,51,3170175,913275
21-04-2025 13:37,24160,422475,231225,310,3188850,117375,51.4,3179325,905325
21-04-2025 13:37,24163.4,437250,229425,312.15,3191175,113850,50.9,3178350,905925
21-04-2025 13:37,24160.9,424875,224850,311.65,3191025,112875,50.85,3175800,908250
21-04-2025 13:37,24158.7,426375,224025,312,3189675,114000,50.55,3183450,912675
21-04-2025 13:37,24155.5,426375,233625,307.4,3188175,114825,51.9,3189900,904650
21-04-2025 13:38,24155.6,422325,231375,305.2,3185925,118125,52.5,3185100,897375
21-04-2025 13:38,24156,426600,232575,308.65,3189225,115650,51.9,3183900,891150
21-04-2025 13:38,24156,417900,232200,309.5,3185325,112500,51.25,3175200,903225
21-04-2025 13:38,24156.6,415800,230475,308.35,3185400,112125,51.75,3178725,892650
21-04-2025 13:38,24155.6,409275,230250,308,3183600,112425,51.25,3185550,887175
21-04-2025 13:38,24155.5,408075,231225,308.15,3184350,112575,52,3190650,890100
21-04-2025 13:39,24155.3,418125,234525,310,3187500,115050,51.6,3195150,899850
21-04-2025 13:39,0,0,0,308.35,3184050,114600,52.15,3200850,900225
21-04-2025 13:39,24155.3,408075,230775,308.5,3186375,114075,52.15,3196500,887250
21-04-2025 13:39,24155.5,428475,235050,310,3186450,112425,51.05,3197475,902325
21-04-2025 13:39,24158,409575,231525,307.25,3185925,112800,52.05,3190125,889125
21-04-2025 13:39,24152,416775,243375,304.55,3184350,114375,52.4,3192675,881700
21-04-2025 13:40,24149.9,423675,233625,302.4,3185700,113325,53.75,3185100,882375
21-04-2025 13:40,24151.5,423825,233325,303.2,3184350,114150,53,3178650,880800
21-04-2025 13:40,24145.2,404850,239325,300.3,3182700,114675,53.45,3181650,872625
21-04-2025 13:40,24145.2,410475,234675,301.2,3184125,115650,53.55,3175500,875025
21-04-2025 13:40,24145,411450,238800,299.45,3182475,114525,54.1,3170775,861150
21-04-2025 13:40,24145,411750,241725,296.6,3181200,115950,54.6,3180525,849450
21-04-2025 13:41,24135.1,410025,239400,294.05,3181200,116325,55.55,3172500,853500
21-04-2025 13:41,24127.7,423150,246300,287.25,3177075,118425,56.3,3185700,835125
21-04-2025 13:41,24127.9,408825,229950,287.5,3175800,116325,57.05,3188325,825075
21-04-2025 13:41,24126,425475,232950,285,3173775,115275,58.3,3191325,825375
21-04-2025 13:41,24123,399525,239700,283,3171000,117450,58.45,3204075,812325
21-04-2025 13:41,24127.5,415650,226125,287.65,3172800,115350,57,3192375,822900
21-04-2025 13:42,24128,418875,230775,287.45,3170925,117375,57.8,3189375,819675
21-04-2025 13:42,24128,418875,228225,286.8,3172950,116100,58.4,3213825,811650
21-04-2025 13:42,24126.3,406575,234675,285,3173775,118650,58.55,3196275,814425
21-04-2025 13:42,24121,407925,243000,284.05,3175800,119325,59.1,3284850,809700
21-04-2025 13:42,24125,424800,235575,285.8,3176850,112200,57.95,3267150,823050
21-04-2025 13:42,24125,425325,229500,286.95,3176025,112125,58,3184200,834150
21-04-2025 13:43,24130,417525,235800,287.7,3179025,114150,58.05,3200025,827625
21-04-2025 13:43,24130,423900,226275,287.1,3177450,111975,57.75,3179625,832350
21-04-2025 13:43,24126,428625,228075,284.6,3174600,113625,58.9,3188475,826275
21-04-2025 13:43,24121,411300,232875,281.4,3174675,113475,60,3196500,821325
21-04-2025 13:43,24113.8,392475,236775,275.45,3171375,114075,62.05,3185925,797925
21-04-2025 13:43,24112.4,409725,237375,273.55,3167775,114375,63.15,3202125,779100
21-04-2025 13:44,24114,410175,227100,274.95,3167925,114900,61.8,3192000,790875
21-04-2025 13:44,24106,391500,240150,270,3166575,116550,63.45,3193575,790200
21-04-2025 13:44,24105.6,397800,237675,270.2,3168075,115500,63.3,3195975,777675
21-04-2025 13:44,24111,406425,232800,273.1,3169800,117075,62.55,3201000,786825
21-04-2025 13:44,24111.2,408075,245100,272.55,3171000,115050,63.65,3201150,793875
21-04-2025 13:44,24114,407175,247950,272.85,3171750,116100,63.05,3198075,800400
21-04-2025 13:45,24112,401100,242925,272.8,3172950,117150,63.45,3207150,807900
21-04-2025 13:45,24102.8,393975,244350,270.2,3172125,117750,65.85,3219450,793275
21-04-2025 13:45,24106.9,413100,243975,274.15,3171675,115875,64,3203775,754350
21-04-2025 13:45,24110.8,420150,244575,278.45,3175350,113550,62.75,3203175,781950
21-04-2025 13:45,24111.7,407100,234975,276.3,3172575,112725,63.25,3205500,785625
21-04-2025 13:45,24109.6,406500,235425,272.05,3172500,117075,65.65,3212250,803400
21-04-2025 13:46,24113.7,425550,221325,279.05,3173925,113625,62.9,3198975,780600
21-04-2025 13:46,24123.3,420150,216450,282.3,3175875,112200,60.35,3176625,788475
21-04-2025 13:46,24127.2,422775,227550,287,3177300,112725,56.45,3153975,796950
21-04-2025 13:46,24125.8,428250,215100,286.7,3184500,108300,57.9,3121425,792000
21-04-2025 13:46,24127.4,416925,215625,286.1,3185475,109650,58,3122775,797550
21-04-2025 13:46,24124.1,412950,222975,281.6,3187350,114150,60.05,3131475,797100
21-04-2025 13:47,24114.2,416850,224850,279.6,3175425,116850,61.45,3166950,777600
21-04-2025 13:47,24122,424200,225450,283.95,3172125,116475,60,3165825,783075
21-04-2025 13:47,24123.5,423600,221400,286.7,3175725,112725,58.65,3146250,795375
21-04-2025 13:47,24125,420375,217350,283.6,3175125,116700,59.85,3164925,797850
21-04-2025 13:47,24123.4,403125,222375,283.35,3174225,117300,60,3168300,785475
21-04-2025 13:47,24119.6,416250,239475,284.4,3174225,119100,59.75,3171075,788625
21-04-2025 13:48,24122,421425,216975,285,3176625,119700,59.35,3163800,805200
21-04-2025 13:48,24123.1,429975,230625,283.45,3173025,121050,59.9,3172500,797475
21-04-2025 13:48,24119.8,416625,226125,283.8,3174300,121350,60.05,3169275,797325
21-04-2025 13:48,24125,415875,223800,283.5,3174900,121575,59.7,3180450,800325
21-04-2025 13:48,24115.8,418200,240075,281.2,3173700,124500,61.05,3182400,793650
21-04-2025 13:48,24122.9,423450,230100,284,3175125,122250,59.8,3177750,804900
21-04-2025 13:49,24122.1,419625,227850,283.95,3176100,122850,58.35,3174825,826125
21-04-2025 13:49,24126.2,424650,231750,285.7,3176475,120000,57.85,3175500,827250
21-04-2025 13:49,24130,433425,226950,287.6,3178575,122850,57.25,3171150,820500
21-04-2025 13:49,24125.3,431250,222975,287.55,3180450,126000,57.15,3176850,823725
21-04-2025 13:49,24130,430575,220125,288,3178050,123525,57.55,3184125,822450
21-04-2025 13:49,24131.4,427425,222825,290,3177900,122700,56.3,3178950,822900
21-04-2025 13:50,24133.6,423300,218100,289.15,3179925,122625,56.4,3188775,824550
21-04-2025 13:50,24132.4,426825,237525,291.4,3181275,123225,55.8,3185775,835575
21-04-2025 13:50,24135.9,426675,221025,290.25,3180450,125250,56.35,3192675,829125
21-04-2025 13:50,24135,435525,231300,293.45,3181050,121650,55.8,3198675,838200
21-04-2025 13:50,24142,427050,201825,298.7,3183075,117450,51.8,3185850,833550
21-04-2025 13:50,24150,437100,222225,301.9,3188475,108225,51.6,3143250,829800
21-04-2025 13:51,24148.9,439050,212475,303.6,3189675,110175,50.85,3135000,828900
21-04-2025 13:51,24146.9,424125,211275,302.6,3192150,113775,51.45,3131850,831450
21-04-2025 13:51,24151.9,432375,213075,301.65,3190275,111750,52.2,3160275,831375
21-04-2025 13:51,24150,437250,213600,304.5,3189900,113175,51.8,3168900,841950
21-04-2025 13:51,24158.4,438075,194625,306.45,3190875,109950,50.65,3145575,840675
21-04-2025 13:51,24165,445575,200925,313.3,3190050,101775,47.65,3124950,853875
21-04-2025 13:52,24161,436575,222150,311.05,3188250,97800,47.75,3057600,860250
21-04-2025 13:52,24164,434025,225150,309.75,3186750,96900,48.5,3055575,873900
21-04-2025 13:52,24164.9,431100,214800,311.75,3190200,99075,48.4,3056550,872700
21-04-2025 13:52,24166,426375,204975,312.75,3188100,97350,47.5,3057375,874275
21-04-2025 13:52,24167.5,437625,211200,317.25,3190275,98250,45.35,3062700,876300
21-04-2025 13:52,24168.9,445575,212700,316.4,3192450,94275,45.9,3059925,879450
21-04-2025 13:53,24165,416400,221025,313.3,3186750,98775,47.55,3072150,855375
21-04-2025 13:53,24165,419250,233025,313.9,3185925,101325,47.9,3076050,858975
21-04-2025 13:53,24165,416550,218625,312.95,3184650,103425,47.95,3084675,847050
21-04-2025 13:53,24165,411975,226725,312.8,3188700,104550,48,3095925,834750
21-04-2025 13:53,24162,418050,239850,309.75,3185100,103875,48.65,3106200,830025
21-04-2025 13:53,24160,410625,236625,309.4,3184425,104625,48.85,3105225,835425
21-04-2025 13:54,24155.2,421200,228750,308.7,3181500,104775,49.5,3106725,827100
21-04-2025 13:54,24157.5,429300,224475,310.55,3183900,106800,49.25,3101250,839100
21-04-2025 13:54,24157,416850,231300,309.1,3183750,106650,50,3116250,813450
21-04-2025 13:54,24156,427350,228300,308.05,3184350,106575,49.65,3116925,814950
21-04-2025 13:54,24156.6,433050,215250,310.65,3184425,106200,49.4,3102600,829125
21-04-2025 13:54,24162,427125,234075,308.95,3185100,106125,49.2,3100950,829650
21-04-2025 13:55,24160.1,414300,230925,308,3183525,108825,49.85,3116775,816000
21-04-2025 13:55,24163.9,414225,234300,309.95,3184500,108450,49.4,3113175,825375
21-04-2025 13:55,24159.8,418050,236550,310.2,3186525,106125,49.95,3121725,820125
21-04-2025 13:55,24158,414975,229575,309,3182925,106875,50.05,3130425,815400
21-04-2025 13:55,24163.1,419325,222975,311.55,3186225,104775,49,3108075,838125
21-04-2025 13:55,24162,419325,237225,310,3186000,105825,49.85,3124050,830025
21-04-2025 13:56,24158,422100,236850,310.15,3187875,106050,49.65,3123675,823650
21-04-2025 13:56,24158,413025,225225,309.45,3188625,107100,49.25,3123000,832575
21-04-2025 13:56,24160,417450,233925,305.45,3186300,107325,50.35,3121125,821175
21-04-2025 13:56,24158,409650,236850,305.6,3185175,109650,50.55,3122250,821025
21-04-2025 13:56,24153,411075,238875,305,3185025,109350,51.35,3133725,809025
21-04-2025 13:56,24150,412950,228525,304.5,3188175,107700,51.4,3134925,813075
21-04-2025 13:57,24152,428475,216975,305.6,3186075,107925,51.5,3133050,812850
21-04-2025 13:57,24150.3,419925,214725,305.15,3186825,106725,51.45,3132300,823200
21-04-2025 13:57,24150,417750,229425,301.7,3186600,107325,52.9,3119025,820350
21-04-2025 13:57,24149.6,430500,219150,303.7,3184350,106575,51.8,3114300,834525
21-04-2025 13:57,24148.1,423975,220875,303.1,3187575,107025,52.05,3112125,849000
21-04-2025 13:57,24150.3,432825,217650,306.1,3191100,106650,51.4,3113700,835875
21-04-2025 13:58,24155,435825,215475,307.3,3190500,105225,50.75,3107325,846900
21-04-2025 13:58,24155,424275,224775,305.8,3189675,104775,51.3,3113925,845175
21-04-2025 13:58,24150.2,428550,223350,306.95,3187275,106275,51,3118275,850050
21-04-2025 13:58,24156.9,434175,227325,305.65,3189975,106425,51.4,3104550,850950
21-04-2025 13:58,24157.6,439050,215175,310.55,3193800,105225,49.55,3110025,858225
21-04-2025 13:58,24157.3,438825,215475,310.05,3192150,102825,49.8,3102075,846975
21-04-2025 13:59,24156,434025,222675,310.1,3191250,102750,49.95,3104550,851475
21-04-2025 13:59,24161.2,444525,212400,312.15,3190425,102225,48.8,3099825,869925
21-04-2025 13:59,24165,438525,217575,312.35,3192975,101325,49.1,3101175,869550
21-04-2025 13:59,24162.1,432225,217200,313,3192825,101700,48.5,3107550,862575
21-04-2025 13:59,24162,430950,222675,312.45,3196575,102375,49.25,3109500,862275
21-04-2025 13:59,24162,440550,221100,310.1,3188625,104625,49.25,3112875,852150
21-04-2025 14:00,24153.2,418950,239925,307.55,3187275,105375,50.05,3120675,851100
21-04-2025 14:00,24150.1,443775,238200,306,3184125,107850,50,3121875,858975
21-04-2025 14:00,24150.4,433200,218925,307.15,3185850,106875,50.95,3132900,853800
21-04-2025 14:00,24158.2,440550,218850,311.3,3190200,99375,49.25,3121575,863475
21-04-2025 14:00,24160,431625,235425,309.35,3190650,104850,50.05,3119175,859350
21-04-2025 14:00,24161,424500,234450,309.2,3186750,106500,49.75,3118125,860025
21-04-2025 14:01,24160,431775,231600,308,3187575,107400,50.25,3128400,868500
21-04-2025 14:01,24152.9,442575,239100,309.8,3187800,109050,49.55,3130800,864225
21-04-2025 14:01,24154.1,435525,232575,308.55,3190500,113100,50.55,3141675,864750
21-04-2025 14:01,24154.9,437400,221850,309.15,3325275,111450,50.3,3137925,849900
21-04-2025 14:01,24154.5,437400,233100,308.7,3338175,111075,50.15,3129675,853950
21-04-2025 14:01,0,0,0,309.25,3340875,113025,49.8,3134250,885150
21-04-2025 14:02,24160.9,432000,225525,307.4,3341475,113925,50,3141075,861525
21-04-2025 14:02,24157.4,423600,236400,305.55,3341700,113475,50.5,3136200,866025
21-04-2025 14:02,24158.6,432075,238500,304,3338400,112725,51.2,3147150,856650
21-04-2025 14:02,24139,395325,244725,293.45,3330225,114225,53.65,3154725,833775
21-04-2025 14:02,24140,423075,239025,294.7,3331200,114900,53.9,3146775,827625
21-04-2025 14:02,24145,439350,236850,298.4,3329400,112200,52.65,3142800,844050
21-04-2025 14:03,24148.7,423375,235050,300,3330000,111450,52.25,3128325,852075
21-04-2025 14:03,24151,431550,226875,305.45,3330675,110400,50.85,3132225,851850
21-04-2025 14:03,24154.2,423825,237450,301.7,3331425,113625,51.75,3131100,851700
21-04-2025 14:03,24148,415125,241575,301.5,3330825,116550,51.85,3149625,844950
21-04-2025 14:03,24153.6,420525,242775,302.45,3332550,114375,51.55,3145575,856350
21-04-2025 14:03,24149,424350,230325,304.2,3332850,112725,51.3,3136650,860625
21-04-2025 14:04,24149.1,429375,217200,303.05,3333225,114525,51.05,3135825,854925
21-04-2025 14:04,24149,421275,237975,299,3333225,115500,52.4,3150075,859650
21-04-2025 14:04,24150,424350,230550,302.1,3333225,112200,51.45,3144975,857700
21-04-2025 14:04,24153.9,433425,224700,304,3333000,114525,50.7,3145950,860775
21-04-2025 14:04,24153.9,427950,226575,302.75,3332775,113100,50.65,3147900,877125
21-04-2025 14:04,24160,429075,236175,306.5,3335400,112650,49.55,3138150,868050
21-04-2025 14:05,24156.8,432300,233100,303.9,3336975,109725,49.65,3140400,860475
21-04-2025 14:05,24153.9,422100,234300,304.4,3336600,109800,50,3145050,859575
21-04-2025 14:05,24156.3,424500,230625,302.85,3334725,112050,50.35,3152850,853650
21-04-2025 14:05,24156.3,430725,235725,303.25,3334350,111750,50.2,3152175,865500
21-04-2025 14:05,24155,426075,224475,308.2,3334425,108900,48.95,3162075,871425
21-04-2025 14:05,24158.1,429150,222975,309.85,3334800,102600,48.35,3119850,878625
21-04-2025 14:06,24156,437775,226050,308.15,3335550,107475,49.15,3123600,874050
21-04-2025 14:06,24160,436350,226575,309,3334875,107250,48.55,3118200,881475
21-04-2025 14:06,24159.9,425400,223650,307,3336300,108600,48.65,3129075,882675
21-04-2025 14:06,24157,423675,227400,306.95,3336150,111450,49.05,3131850,878850
21-04-2025 14:06,24157,428175,229950,308,3341475,107550,48.9,3117900,881100
21-04-2025 14:06,24156,425400,230400,308.95,3338700,106500,49,3133275,880875
21-04-2025 14:07,24152,421800,233700,301.65,3335475,109950,50.8,3143775,889725
21-04-2025 14:07,24154.9,420975,226200,304.9,3334125,109725,50.25,3135000,907650
21-04-2025 14:07,24154.9,433950,231225,305.25,3334875,109800,50.4,3126600,916800
21-04-2025 14:07,24150.2,423000,224925,304.2,3334425,110325,50.75,3129600,913500
21-04-2025 14:07,24150.2,432300,224850,304.4,3337800,109950,50.25,3129750,918675
21-04-2025 14:07,24157,437250,223575,308.9,3338100,108600,48.75,3125475,916125
21-04-2025 14:08,0,0,0,307.45,3335100,108000,48.95,3128775,916650
21-04-2025 14:08,24159,433800,220800,309.6,3336000,107775,48.1,3116625,920925
21-04-2025 14:08,24159,435525,215700,309.3,3335850,110175,48.2,3112875,917925
21-04-2025 14:08,24162,437550,222375,309.4,3333750,110550,48.2,3123900,915975
21-04-2025 14:08,24159,445950,224475,309,3331425,111525,48.15,3130725,911400
21-04-2025 14:08,24162,452700,218625,311.3,3335250,106200,47.1,3113250,925050
21-04-2025 14:09,24162,424275,230025,308.6,3332925,108750,48.05,3107625,911100
21-04-2025 14:09,24155.4,440325,230325,306,3331725,107325,48.65,3111975,916350
21-04-2025 14:09,24159.4,410625,227250,305.5,3330750,107550,48.9,3124350,907125
21-04-2025 14:09,24162.7,439575,234000,309,3331875,105225,47.95,3122400,918000
21-04-2025 14:09,24160,433650,220050,310.6,3336225,105150,47.2,3093300,936750
21-04-2025 14:09,24160,440025,213000,310.9,3334875,108975,47.4,3105600,928200
21-04-2025 14:10,24160,426975,212775,310.95,3337500,105975,46.85,3100050,939300
21-04-2025 14:10,24162,447075,218325,309,3335475,108450,47.8,3118275,924600
21-04-2025 14:10,24158.9,440250,216600,308.4,3335925,108750,47.55,3117375,915300
21-04-2025 14:10,24160,437175,222300,307.5,3336675,109425,47.75,3115275,916350
21-04-2025 14:10,24160.5,446925,243975,305.95,3338625,110550,48.65,3130350,912675
21-04-2025 14:10,24153,425325,244875,303,3334275,112650,49.9,3128400,898725
21-04-2025 14:11,24150.2,429150,228975,303.5,3335550,112125,49.8,3129750,904125
21-04-2025 14:11,24151.8,433350,226950,304,3336075,113550,49.55,3120900,902325
21-04-2025 14:11,24154,438450,230100,305.8,3337275,107625,49.45,3135150,892500
21-04-2025 14:11,24156,431025,229950,305.15,3338100,109950,49.7,3123975,901200
21-04-2025 14:11,24158.2,428700,231750,304.5,3341775,110475,49.55,3122325,908625
21-04-2025 14:11,24159.7,438225,229950,305,3340125,110700,49.2,3115875,911625
21-04-2025 14:12,24156,429600,245625,307,3342375,110250,48.55,3105600,918300
21-04-2025 14:12,24158.6,427650,235725,304.55,3339600,110850,49.1,3123825,906525
21-04-2025 14:12,24151.2,408675,237000,299.1,3338475,110400,50.1,3126525,915900
21-04-2025 14:12,24150,437025,237225,300.6,3334650,111825,50.4,3125025,878700
21-04-2025 14:12,24149,436200,221625,300.6,3337350,108900,50.55,3126900,889650
21-04-2025 14:12,24149,423675,226575,303.15,3341775,108450,50,3114225,896325
21-04-2025 14:13,24145.1,416625,231675,298.35,3338175,108825,51.5,3134175,886650
21-04-2025 14:13,24146,417975,230625,297.45,3333975,111825,51.95,3126525,875325
21-04-2025 14:13,24146,416250,220275,298.35,3333225,113175,51.9,3125700,882900
21-04-2025 14:13,24142.1,411150,236325,293.8,3333825,114225,53.1,3139125,869550
21-04-2025 14:13,24134.3,418950,241050,291.55,3331575,113550,53.5,3141975,853125
21-04-2025 14:13,24135.1,416850,237900,292.15,3329850,115425,54.05,3133875,861375
21-04-2025 14:14,24135.5,416325,230025,290.8,3326550,114000,54.65,3127200,856950
21-04-2025 14:14,24135.3,427500,239550,292.4,3330600,113925,53.55,3129900,860250
21-04-2025 14:14,24138.8,428925,231375,296,3335700,115125,53.1,3118575,864000
21-04-2025 14:14,24145,429525,223650,297.2,3339075,113850,52.65,3125175,865725
21-04-2025 14:14,24149.8,428250,235200,300.65,3339825,114225,51.7,3116625,865875
21-04-2025 14:14,24145.2,419475,224325,298,3339000,115500,52.3,3129525,867150
21-04-2025 14:15,24145.2,425550,235875,296.75,3340050,119475,53.25,3146700,862425
21-04-2025 14:15,24141,425550,242250,297.6,3338625,120075,53.45,3135375,861825
21-04-2025 14:15,24144.9,427875,246075,296.6,3340125,117225,53.4,3135450,872850
21-04-2025 14:15,0,0,0,297.85,3340050,117375,52.9,3134550,885375
21-04-2025 14:15,24150,429375,229875,300.85,3344400,116775,51.8,3133125,881325
21-04-2025 14:15,24147,431250,225750,298.95,3343875,119400,51.95,3126900,890925
21-04-2025 14:16,24146.9,444600,229275,300.95,3342075,121875,52.2,3132750,876750
21-04-2025 14:16,24150,442425,222975,301.9,3342225,119775,50.8,3117600,889275
21-04-2025 14:16,24150.8,440925,222900,303.3,3343875,115500,50.55,3110700,888900
21-04-2025 14:16,24150.8,437025,224700,303.4,3340575,117900,50.8,3123525,882825
21-04-2025 14:16,24154,444600,221025,306,3342525,116400,49.35,3114300,891825
21-04-2025 14:16,24150.8,418875,227850,303.55,3340575,101175,50.1,3105375,894900
21-04-2025 14:17,24155,438750,217575,305.3,3340200,102075,49.95,3119925,898050
21-04-2025 14:17,24155,428325,217575,306.15,3340425,102750,49.45,3110400,894150
21-04-2025 14:17,24158.7,432375,215550,307.1,3341700,101775,49.25,3109425,903450
21-04-2025 14:17,24154,424800,232575,303.8,3340425,101625,49.6,3139500,883950
21-04-2025 14:17,24150.1,426150,235425,300.4,3339975,103875,50.8,3136050,888225
21-04-2025 14:17,24146.9,393750,246375,299.6,3340575,103650,51.15,3137400,907200
21-04-2025 14:18,24138.1,420975,235200,294.8,3339375,104475,52.4,3125100,876000
21-04-2025 14:18,24142.3,416400,240075,295.25,3337650,105525,53.35,3127425,874125
21-04-2025 14:18,24145,414450,240300,295.6,3341175,104700,52.8,3121125,886425
21-04-2025 14:18,24143,411750,232350,296.6,3338175,103650,52.1,3120300,897000
21-04-2025 14:18,24143.3,429450,242550,295.4,3337200,104925,52.55,3124200,892650
21-04-2025 14:18,24140,414375,232050,293.45,3335175,105750,53.5,3138075,891600
21-04-2025 14:19,24141.4,419775,248700,294,3331275,104775,53.2,3131550,886650
21-04-2025 14:19,24138,421125,235725,292.65,3330825,105750,53.75,3139200,879975
21-04-2025 14:19,24136.4,418350,230850,294,3335700,103950,53.45,3129750,900150
21-04-2025 14:19,24140.8,428250,223725,294.45,3337875,103875,53.45,3137325,897075
21-04-2025 14:19,24138,426825,222225,294.85,3337725,104175,53.65,3134700,891675
21-04-2025 14:19,24136,438975,235875,292.2,3338100,104925,54.8,3145125,886725
21-04-2025 14:20,24137.3,418725,231300,291.55,3333825,104550,54.9,3137025,873225
21-04-2025 14:20,24133.2,411150,245325,286.65,3333150,105825,56.7,3134325,883800
21-04-2025 14:20,24131,428175,238725,288,3328725,104025,56.45,3131325,869550
21-04-2025 14:20,24130,416175,236775,285.05,3327450,104175,57.35,3133875,862425
21-04-2025 14:20,24126.5,414750,229200,286.8,3326175,105225,56.9,3148800,867900
21-04-2025 14:20,24130,422850,231750,287.2,3327000,104475,56.55,3138450,857250
21-04-2025 14:21,24133.5,431175,228900,292.05,3328500,106950,55.05,3142650,873375
21-04-2025 14:21,24143.5,429825,219525,294.45,3329250,102225,54,3108750,871425
21-04-2025 14:21,24144.5,422625,232800,296.8,3331800,101850,53.45,3107250,879075
21-04-2025 14:21,24140.2,424050,219825,295.05,3330750,102150,53.15,3117300,888450
21-04-2025 14:21,24144,427725,230925,298.8,3328050,100200,52.1,3109575,890175
21-04-2025 14:21,24141.1,423450,241800,298.5,3327525,102975,51.55,3113925,894450
21-04-2025 14:22,24149.9,425325,236100,297.05,3327975,106725,52.5,3130575,895800
21-04-2025 14:22,24149.9,397125,223050,298.7,3328200,105450,51.6,3123450,905775
21-04-2025 14:22,24148,427725,228300,299.5,3328500,103500,50.9,3120375,903300
21-04-2025 14:22,24150,431475,231150,301.65,3328500,100575,50,3114000,902475
21-04-2025 14:22,24149.6,427350,236250,300.25,3332025,103125,50.85,3109950,903675
21-04-2025 14:22,24150,414150,230325,299.15,3337575,105600,51.3,3125175,900675
21-04-2025 14:23,24141.6,424275,237600,295.05,3327375,108225,52.45,3123825,896475
21-04-2025 14:23,24141.6,413325,235050,293,3330675,106500,53.35,3139800,886575
21-04-2025 14:23,24134.6,434850,234375,290.45,3345375,114600,54.6,3145950,899175
21-04-2025 14:23,24140.1,422700,222300,294.5,3361500,112875,53.2,3141300,913125
21-04-2025 14:23,24142.4,422025,232575,295.9,3364500,115125,53.35,3144225,910350
21-04-2025 14:23,24151,417975,230625,299.25,3363675,111225,50.95,3124425,924450
21-04-2025 14:24,24146,415350,231525,298.2,3365100,111675,51.3,3127725,929700
21-04-2025 14:24,24146,422175,228450,298.65,3360000,112425,51.6,3141375,921750
21-04-2025 14:24,24146,421275,231750,298.5,3360450,115275,51.65,3153075,916500
21-04-2025 14:24,24145,424500,237825,298.2,3361500,114900,51.6,3143025,916275
21-04-2025 14:24,24145.5,423750,233175,299.8,3361425,115800,51.1,3152775,918750
21-04-2025 14:24,24146,420825,224250,295.45,3360000,115500,52.35,3159975,922350
21-04-2025 14:25,24142,424350,224925,296.2,3359775,114975,52.55,3161175,906375
21-04-2025 14:25,24146,425625,230700,298,3360300,116250,52.35,3155475,914925
21-04-2025 14:25,24146,438750,240975,298.5,3361950,111525,51.25,3158100,936375
21-04-2025 14:25,24148.8,428700,220650,298.9,3359550,114675,51.3,3167400,920700
21-04-2025 14:25,24150,391575,226425,301.45,3363450,115800,50.1,3148500,932550
21-04-2025 14:25,24150,430500,225750,301.3,3362475,112725,50.2,3145575,921750
21-04-2025 14:26,24148.8,428325,217275,302.8,3361500,113550,50.1,3144825,932100
21-04-2025 14:26,24150.9,426525,215400,304.1,3361350,101700,49.15,3131550,930900
21-04-2025 14:26,24153.8,429675,216075,305.2,3363075,101100,48.95,3124200,932025
21-04-2025 14:26,24155,426825,214575,305.05,3362775,102000,49.05,3129975,933150
21-04-2025 14:26,24160.9,430050,239250,309.2,3361800,99450,47.8,3130650,933975
21-04-2025 14:26,24155.3,424050,223125,307.55,3360825,97800,48.3,3119100,926475
21-04-2025 14:27,24155,421050,232500,306.35,3360300,100875,49,3113025,917325
21-04-2025 14:27,24159.6,422475,238800,305,3360675,103125,49,3126675,921000
21-04-2025 14:27,24153.2,424275,231750,303.2,3356475,104850,49.15,3117075,929850
21-04-2025 14:27,24154,429900,229875,302.55,3355200,104700,49.3,3129975,936825
21-04-2025 14:27,24152.1,425025,236400,302.7,3352800,105150,49.4,3124275,935175
21-04-2025 14:27,24151,424350,233250,301,3350700,107400,49.95,3126750,940725
21-04-2025 14:28,24150,421650,226800,299.95,3348600,106050,50.5,3139125,914550
21-04-2025 14:28,24150,420900,235350,299.7,3350250,109050,50.45,3133800,926700
21-04-2025 14:28,24150,420600,218700,298.95,3346725,105750,50.75,3133050,934650
21-04-2025 14:28,24141.1,410025,238875,292.55,3344025,109050,52.6,3149325,905625
21-04-2025 14:28,24139,430125,228675,292.55,3344775,106950,52.45,3141000,919650
21-04-2025 14:28,24133.2,411000,234600,287.5,3340275,107400,54.45,3163050,901800
21-04-2025 14:29,24137.4,418725,223125,293,3342375,106275,52.95,3140625,905175
21-04-2025 14:29,24137.4,423525,226500,292,3344250,106725,53.7,3145725,898275
21-04-2025 14:29,24138,417675,230325,291.5,3344025,108225,53.7,3149850,895800
21-04-2025 14:29,24134.2,435450,238125,291.15,3342825,110400,54.1,3159450,908775
21-04-2025 14:29,24134.2,433575,218625,291.4,3343650,109200,54.55,3153750,903750
21-04-2025 14:29,24133.2,417300,231675,289.6,3343725,111600,55.2,3149475,908325
21-04-2025 14:30,24133.1,433875,228825,290.3,3344250,110025,55.15,3142200,898050
21-04-2025 14:30,24132,431475,234525,290.15,3344400,112875,54.7,3158025,886800
21-04-2025 14:30,24132.5,436875,233550,288,3344550,110475,55.25,3139575,888975
21-04-2025 14:30,24138,428625,207975,291.75,3340200,110100,54.65,3134100,895050
21-04-2025 14:30,24133.4,431475,218475,291.5,3341250,109125,54.55,3139725,901950
21-04-2025 14:30,24135,423150,218700,290.65,3340425,108675,54.4,3131325,893700
21-04-2025 14:31,24135,424875,223800,291.8,3345075,108900,53.8,3132750,902400
21-04-2025 14:31,24135,427125,229725,292.1,3343725,107400,54.2,3123075,902550
21-04-2025 14:31,24140,427050,229050,291.2,3342150,108750,54.2,3128775,896550
21-04-2025 14:31,0,0,0,291.9,3343575,107325,54.3,3123600,908400
21-04-2025 14:31,24137.4,429900,232125,294.05,3344025,106425,53.25,3132300,916275
21-04-2025 14:31,24145,433800,212100,297.8,3349950,105600,52.25,3120300,924450
21-04-2025 14:32,24144.2,424575,227400,295.95,3349650,103950,53.2,3127725,915825
21-04-2025 14:32,24140,422700,230100,293.85,3345750,107925,53.15,3124500,918375
21-04-2025 14:32,24139,430425,231525,295,3345375,111300,52.85,3115800,923850
21-04-2025 14:32,24146.4,438975,195300,295.95,3346125,112800,52,3125550,939300
21-04-2025 14:32,24146.4,438075,219075,299,3347625,105600,50.9,3110925,937200
21-04-2025 14:32,24148,414600,220500,298.6,3346800,106575,50.75,3119100,926925
21-04-2025 14:33,24142,428100,225375,296,3348075,109350,51.35,3129075,930375
21-04-2025 14:33,24139.5,436350,229350,296.85,3347925,109350,51.1,3130875,933300
21-04-2025 14:33,24139.9,439500,218400,295.55,3346350,110550,52.1,3134100,924375
21-04-2025 14:33,24139.2,432600,224025,296.1,3346275,108750,52,3132675,923850
21-04-2025 14:33,24143,439050,223725,298.7,3346125,107775,51.05,3125700,936450
21-04-2025 14:33,24140.8,440325,220350,297.55,3346650,108600,51.6,3134325,929550
21-04-2025 14:34,24140,430350,220200,289.6,3343650,113925,53.6,3130650,923475
21-04-2025 14:34,24132.5,413100,222150,283.9,3339675,112500,54.7,3137625,911700
21-04-2025 14:34,24132.4,414000,217800,286.7,3335850,112575,54.7,3144150,909900
21-04-2025 14:34,24125,412950,232275,283.05,3333300,113175,55.55,3136200,898725
21-04-2025 14:34,24130.3,419550,223050,282.65,3337650,113850,56.45,3136425,885975
21-04-2025 14:34,24125,410100,227700,278.9,3334275,115725,57.2,3149625,876375
21-04-2025 14:35,24127,428475,217200,285,3332475,115350,55.6,3136875,882150
21-04-2025 14:35,24128,426000,217650,285.05,3333150,112650,55.3,3120375,897300
21-04-2025 14:35,24128,422550,220275,283.8,3337275,111450,56.9,3127875,899400
21-04-2025 14:35,24132,428925,222900,289,3338850,113700,55.05,3116775,893325
21-04-2025 14:35,24135,428175,220725,289.1,3338700,109125,53.9,3117675,913950
21-04-2025 14:35,24132.9,431100,222000,288.1,3339225,109275,54.55,3127275,926775
21-04-2025 14:36,24126.7,429675,223275,286.05,3336000,110625,55.45,3125700,901725
21-04-2025 14:36,24127,425175,218700,285.5,3329325,111450,55.9,3141375,902925
21-04-2025 14:36,24125,430050,229050,283,3329400,116775,56.75,3143250,903900
21-04-2025 14:36,24126,430950,224250,284.9,3329700,116850,56.15,3139200,900525
21-04-2025 14:36,24126.7,434475,229200,284.05,3330525,115275,55.95,3146475,911850
21-04-2025 14:36,24131.9,409650,206850,285.6,3333825,114525,55.25,3148800,907950
21-04-2025 14:37,24131.9,438075,225375,286.6,3331800,116100,55.55,3152625,900450
21-04-2025 14:37,24127,432225,219150,285,3332625,116550,55.15,3149550,907425
21-04-2025 14:37,24127,431100,219525,285.7,3331425,117150,55.3,3138525,907125
21-04-2025 14:37,24127,433200,215550,284.4,3331500,118875,55.5,3144450,913425
21-04-2025 14:37,24124.5,430950,214425,283,3332700,125325,56.2,3146025,902850
21-04-2025 14:37,24124,425850,217125,283,3332250,126000,56.3,3149025,899250
21-04-2025 14:38,24125,439725,216900,284,3332325,126375,55.95,3156600,916725
21-04-2025 14:38,24128.2,435600,209475,286.2,3332850,127350,54.05,3137475,918525
21-04-2025 14:38,24135,425700,211650,287.75,3333900,120375,53.95,3131400,922650
21-04-2025 14:38,24134.2,431025,213450,290.75,3334125,116550,52.95,3111600,926175
21-04-2025 14:38,24132.2,424650,211500,288.65,3334050,113475,53.6,3121950,915975
21-04-2025 14:38,24130,415275,222075,288.6,3334125,110625,54.8,3136800,916575
21-04-2025 14:39,24128,433875,216150,286,3332475,115125,54.35,3141300,911850
21-04-2025 14:39,24126,423825,223950,281.25,3332850,114600,55.95,3141150,919275
21-04-2025 14:39,24122,405075,222150,277.75,3331425,116025,57.05,3146700,896625
21-04-2025 14:39,24120,412950,217500,277.4,3331425,115725,57.4,3143625,893400
21-04-2025 14:39,24119.9,410325,219975,275.5,3329700,114750,57.2,3140250,884925
21-04-2025 14:39,24120,423300,218475,276.15,3328650,114300,57.3,3133425,904500
21-04-2025 14:40,24115.6,413175,221550,276.1,3326025,115800,57.35,3154950,884175
21-04-2025 14:40,24119.9,422100,214875,278.35,3330000,114300,56.4,3145200,901350
21-04-2025 14:40,24120,421500,219000,278.8,3329775,114000,55.95,3159075,906075
21-04-2025 14:40,24120,423450,215700,280,3330900,113625,56.15,3156900,893475
21-04-2025 14:40,0,0,0,280.55,3329100,113100,56.05,3154650,903300
21-04-2025 14:40,24125,426675,216525,280.55,3331425,114375,55.55,3145800,909600
21-04-2025 14:41,24126,425250,219300,281.25,3330450,113025,55.6,3142575,902250
21-04-2025 14:41,24129.9,424350,218550,282.25,3331500,113850,54.4,3168000,921750
21-04-2025 14:41,24130,426450,223725,282.8,3333525,112950,54.95,3145575,924075
21-04-2025 14:41,24128.5,415125,222450,279.7,3334125,117600,56.1,3163650,905700
21-04-2025 14:41,24127.2,421875,225375,281.5,3329475,116175,56,3165000,906375
21-04-2025 14:41,24123,420375,231525,277,3331275,119025,56.8,3176100,913500
21-04-2025 14:42,24123,416775,220950,277.85,3329550,116775,56.95,3169650,900150
21-04-2025 14:42,24120,422775,220125,279.25,3330600,116025,55.8,3166050,915225
21-04-2025 14:42,24123.7,425775,218625,280.5,3332250,114600,54.8,3142575,922200
21-04-2025 14:42,24127.8,419100,222825,281.2,3332175,116625,55.6,3149400,913575
21-04-2025 14:42,24123.7,425850,228900,281.4,3333675,115425,54.8,3142650,921375
21-04-2025 14:42,24131.3,422400,218250,282.8,3333600,113325,54.4,3143700,918675
21-04-2025 14:43,24133.1,424275,225150,284,3332400,114075,54,3150600,921300
21-04-2025 14:43,24136.5,419100,220500,286.9,3333000,112500,53.3,3138675,917100
21-04-2025 14:43,24133.8,418500,224325,285.4,3334575,109725,53.45,3146925,924525
21-04-2025 14:43,24129.5,420975,225225,287.2,3331950,114450,53,3144450,926850
21-04-2025 14:43,24129.1,419175,219825,285,3332925,110700,53.7,3143400,914025
21-04-2025 14:43,24137.5,424575,216750,287.9,3332775,109950,52.8,3156075,934425
21-04-2025 14:44,24139,424425,225300,289.3,3334275,109875,51.8,3155475,932700
21-04-2025 14:44,24139,421425,217125,290.5,3335775,105750,52.05,3118275,929100
21-04-2025 14:44,24139,427425,213600,293.15,3336000,106125,51.15,3111825,924525
21-04-2025 14:44,24140,429225,223350,292.5,3335700,105300,50.35,3108975,933825
21-04-2025 14:44,24145,422325,210225,295.4,3337425,104325,50.45,3102675,933900
21-04-2025 14:44,24144.5,427275,213675,299.6,3339075,103275,48.85,3109500,943725
21-04-2025 14:45,24148,431325,214500,295.6,3337650,102150,50.7,3118500,928575
21-04-2025 14:45,24143.9,424950,217950,293.6,3336450,101100,51.85,3117525,912375
21-04-2025 14:45,24142.1,418125,219675,294,3334125,104325,51.5,3121350,923925
21-04-2025 14:45,24142.1,421050,227250,296,3332025,104925,51.05,3130050,932250
21-04-2025 14:45,24145,421875,219900,297.15,3332175,103425,51.2,3119925,945225
21-04-2025 14:45,24146.9,425325,212400,297.8,3332025,101775,50.9,3126150,941175
21-04-2025 14:46,24138.9,418275,216900,295.1,3332475,103050,51.65,3127125,924975
21-04-2025 14:46,24141,425925,221250,293.1,3332550,103650,51.7,3129600,930150
21-04-2025 14:46,24136.4,424725,221700,292.8,3332025,104400,51.75,3134850,924825
21-04-2025 14:46,24140.3,415800,223800,290,3331425,106425,52.05,3136950,929100
21-04-2025 14:46,24135.8,422850,219525,288.55,3330450,104925,52.65,3135300,918750
21-04-2025 14:46,24139.2,429675,217425,291.25,3332025,105375,52.15,3129450,934800
21-04-2025 14:47,24139,418125,210450,291.65,3334425,105975,51.3,3134250,937800
21-04-2025 14:47,24138.9,426000,217350,292,3333600,106125,51.65,3139725,932925
21-04-2025 14:47,24138.9,422475,218025,293.1,3334200,106725,51.3,3140550,933975
21-04-2025 14:47,24145.4,421725,214875,293.95,3336525,105750,50.9,3134025,930450
21-04-2025 14:47,24145.4,426000,212625,296.35,3335025,104625,50,3124875,936900
21-04-2025 14:47,24144,426525,214425,293.6,3333975,106350,50.7,3133425,941025
21-04-2025 14:48,24144,426300,205350,296,3334275,107025,49.9,3134925,938400
21-04-2025 14:48,24155,425775,212400,303.15,3336150,105075,48.05,3118800,960225
21-04-2025 14:48,24157,424350,214800,304.15,3333450,93375,47.55,3102300,963675
21-04-2025 14:48,24157.6,430725,211275,303,3333075,93075,47.9,3097500,948975
21-04-2025 14:48,24154.1,425100,211275,304.55,3334125,91425,47.1,3092850,946500
21-04-2025 14:48,24164.5,426600,199425,311,3336825,90000,44.5,3066525,957825
21-04-2025 14:49,24161,425025,213825,308,3335325,85650,45.85,3062025,942600
21-04-2025 14:49,24157.3,421725,212775,308.1,3335850,87225,46,3069975,947325
21-04-2025 14:49,24161.4,421125,214125,307.1,3336225,85275,46.25,3073200,941625
21-04-2025 14:49,24161,421875,222450,304.65,3334350,88275,47.25,3088575,940500
21-04-2025 14:49,24156,417300,217800,303.45,3332850,89325,47.3,3095325,923925
21-04-2025 14:49,24160,427500,218925,303,3336750,89250,47,3086700,937575
21-04-2025 14:50,24156,419925,215175,303.55,3333525,89925,47.1,3088200,923025
21-04-2025 14:50,24157.4,421950,219450,304.6,3332400,89625,47.75,3083850,927600
21-04-2025 14:50,24156.6,419400,230175,301,3331650,89625,48.35,3097125,928800
21-04-2025 14:50,24156,423300,222675,303.25,3332550,89850,47.7,3091875,930900
21-04-2025 14:50,24159.4,426825,213750,305.95,3334575,89925,46.85,3076050,940575
21-04-2025 14:50,24157.1,422775,212850,307.65,3334500,88275,46.5,3070875,944400
21-04-2025 14:51,24156,428550,215775,305.4,3330975,90000,47.15,3087300,919200
21-04-2025 14:51,24159,432975,210450,306.45,3332850,87750,46.8,3079500,922950
21-04-2025 14:51,24159.9,435000,212925,306.35,3332250,88800,46.8,3091125,933975
21-04-2025 14:51,24159.9,427650,216675,306,3330750,89925,46.6,3091875,925950
21-04-2025 14:51,24159.8,434100,214500,302.5,3333525,90975,46.4,3096375,936900
21-04-2025 14:51,24156,427425,226875,301.6,3329175,92025,47.75,3094425,937800
21-04-2025 14:52,24152,412800,230100,300.95,3328800,92625,47.85,3087225,918000
21-04-2025 14:52,24152.5,423825,215325,304.2,3332475,92025,47.4,3086025,936150
21-04-2025 14:52,24155,421650,221925,303,3333225,93600,47.45,3093300,951300
21-04-2025 14:52,24155,425475,231600,302.6,3332250,95100,47.55,3103950,929775
21-04-2025 14:52,24155,429600,221325,304.6,3331350,93525,47.25,3096225,932550
21-04-2025 14:52,24154,419850,216900,303.7,3332775,93000,47.35,3099375,938625
21-04-2025 14:53,24154,425550,219675,302.8,3331500,91950,47.45,3105600,929625
21-04-2025 14:53,24154.2,419100,221400,302.05,3329025,92700,47.95,3109050,918375
21-04-2025 14:53,24150,417750,230250,298.35,3328350,93975,48.45,3118425,920925
21-04-2025 14:53,24146.2,426750,217275,299.1,3329025,92925,48.6,3118275,925425
21-04-2025 14:53,24147.7,427575,223275,300.1,3331350,92100,48.25,3110175,929850
21-04-2025 14:53,24147.3,428025,229500,298.7,3331200,93000,48.5,3113325,943500
21-04-2025 14:54,24147.2,421200,225300,297.9,3332775,95550,48.1,3096825,946500
21-04-2025 14:54,24147.2,406500,236250,297.9,3328350,95850,48.2,3104550,946275
21-04-2025 14:54,24147.3,424725,219750,299.4,3331200,95475,47.75,3092325,945300
21-04-2025 14:54,24150,414750,222075,299.95,3332850,96300,47.4,3086775,961800
21-04-2025 14:54,24147.3,419175,225900,298.5,3332175,96900,47.8,3095250,950400
21-04-2025 14:54,24148.8,389100,228900,294,3327300,96225,48.85,3120675,931350
21-04-2025 14:55,24147.4,398475,231975,295.2,3337650,95625,49,3115125,927825
21-04-2025 14:55,24147.2,401550,229650,294.15,3338100,95475,49,3109725,929025
21-04-2025 14:55,24145.6,400575,229650,295.65,3337425,96300,48.7,3110700,927450
21-04-2025 14:55,24147.7,411375,216900,299.8,3340200,95175,47.25,3095400,954000
21-04-2025 14:55,24147.7,414300,215925,299.25,3341700,92625,47.1,3096150,961950
21-04-2025 14:55,24147.3,416775,217125,298.15,3343050,94425,47.05,3096150,952575
21-04-2025 14:56,24152.9,419850,224775,299.95,3343425,93375,46.5,3070500,971850
21-04-2025 14:56,24154.1,415050,215250,302.75,3344175,93000,45.8,3081675,981000
21-04-2025 14:56,24155,414900,211800,302.8,3342300,93375,46.15,3072525,974400
21-04-2025 14:56,24150,417000,215100,301.75,3338250,96600,46.3,3103200,954000
21-04-2025 14:56,0,0,0,301.45,3338400,97725,46.35,3090825,954150
21-04-2025 14:56,24152.6,414225,222075,302.15,3339525,98325,46.4,3100200,949950
21-04-2025 14:57,24155.8,423900,213150,302.6,3342150,97050,46.05,3088950,966525
21-04-2025 14:57,24155.8,410775,223050,300.8,3340350,97725,46.55,3098625,958350
21-04-2025 14:57,24155.8,420975,222525,300.8,3333150,98775,46.15,3097650,963450
21-04-2025 14:57,24155.9,425400,212250,302.5,3329100,98175,45.5,3093375,961275
21-04-2025 14:57,24154.3,422925,210450,302.85,3328050,98100,45.25,3077850,954525
21-04-2025 14:57,24155.9,419025,212250,303.75,3328725,96975,44.7,3066600,963075
21-04-2025 14:58,24153,423150,231975,302.65,3331350,93525,45.25,3067125,945225
21-04-2025 14:58,24153.3,404550,226875,300.1,3331425,95025,45.95,3078225,943950
21-04-2025 14:58,24155.9,423000,216675,300.9,3329025,94875,45.5,3073800,930225
21-04-2025 14:58,24155.9,412875,215250,301.6,3331050,93825,45.75,3077850,935325
21-04-2025 14:58,24153.5,413625,220575,300.95,3328950,95250,46.05,3097500,928200
21-04-2025 14:58,24153.6,408825,229425,295.9,3328575,98400,47,3094125,941475
21-04-2025 14:59,24148.8,408300,232950,294.35,3329100,98625,47.55,3094125,917925
21-04-2025 14:59,24147.5,404175,234525,294.65,3327825,99975,47.8,3093600,920250
21-04-2025 14:59,24143.9,401250,231225,290,3328275,97275,48.95,3098250,922500
21-04-2025 14:59,24143,400875,231150,290.5,3322050,95400,49.2,3095100,916200
21-04-2025 14:59,24143,398925,230700,290.95,3323100,97200,48.95,3084750,917325
21-04-2025 14:59,24143,400800,226500,291.45,3324450,97125,48.8,3093000,925725
21-04-2025 15:00,24144.9,403725,224475,293.55,3329700,97500,49,3086850,932025
21-04-2025 15:00,24143,404550,229500,291.15,3329700,99525,49,3089175,958425
21-04-2025 15:00,24140,399900,226050,290.95,3331200,98550,48.95,3090375,939075
21-04-2025 15:00,24139.6,398775,219750,286.8,3329475,98550,50.1,3107100,926700
21-04-2025 15:00,24130,397275,234600,282.15,3321375,98325,51.85,3103575,891225
21-04-2025 15:00,24127,387150,228825,277.5,3318675,97275,53.4,3098025,874875
21-04-2025 15:01,24134.2,400950,224025,290.4,3321900,96150,49.85,3069225,890100
21-04-2025 15:01,24135.6,405600,217800,288,3323325,94800,49.55,3066375,893925
21-04-2025 15:01,24138.5,408600,218925,291.75,3326700,93825,48.9,3062625,907125
21-04-2025 15:01,24142.2,415350,211125,293.35,3325350,94050,47.6,3062025,950025
21-04-2025 15:01,24139,408450,220275,290.55,3323475,95175,48.7,3078750,946275
21-04-2025 15:01,24138.9,426525,226125,289.55,3325050,95325,48.7,3082575,903675
21-04-2025 15:02,24137.1,404250,227250,285.6,3325425,97425,49.8,3097650,903600
21-04-2025 15:02,24137.4,424950,220275,288,3324750,95700,49.4,3096375,959625
21-04-2025 15:02,24131.3,394350,226500,282,3324225,101700,50.85,3109950,959250
21-04-2025 15:02,24130,408375,229800,281.65,3323550,101250,51.6,3107400,906300
21-04-2025 15:02,24132,400200,235050,283.5,3324750,102900,51.6,3112500,891225
21-04-2025 15:02,24132,399225,229350,282.3,3327150,99300,52,3113175,899550
21-04-2025 15:03,24131.9,399825,236400,282,3331425,99525,52.15,3117225,891975
21-04-2025 15:03,24128.1,396750,229650,278.5,3330150,98850,52.7,3117525,894750
21-04-2025 15:03,24125.8,397950,221250,281,3323925,97800,52.05,3115350,903375
21-04-2025 15:03,24124.7,398400,228075,275.25,3324075,99975,53.4,3123825,908100
21-04-2025 15:03,24124,408600,222900,274.85,3323175,101550,53.05,3135975,893850
21-04-2025 15:03,24124.2,420150,215700,278.9,3325050,101925,52.25,3123300,903000
21-04-2025 15:04,24129,412950,212925,282.45,3323475,100950,50.6,3109650,918300
21-04-2025 15:04,24127.2,397125,219150,281.4,3320850,103950,52,3101100,891000
21-04-2025 15:04,24123.6,398100,216150,278.25,3321750,108375,52.9,3136050,888525
21-04-2025 15:04,24125,395400,219300,277.65,3320925,110025,53,3121050,881025
21-04-2025 15:04,24123.4,393225,222750,276,3322875,112125,53.1,3111300,889650
21-04-2025 15:04,24122.5,397200,216075,276.3,3322050,111750,53.2,3128925,888225
21-04-2025 15:05,24122.2,407625,216525,276.3,3322425,110925,53.5,3126300,889800
21-04-2025 15:05,24122.2,394575,216525,276,3321150,113925,53.4,3141225,887025
21-04-2025 15:05,24123,399150,220050,277.65,3325050,112275,52.9,3107925,906525
21-04-2025 15:05,24124.7,407775,214350,278.6,3324150,112050,52.2,3091800,923100
21-04-2025 15:05,24125.9,416550,214725,282,3326400,110925,51.3,3095475,920475
21-04-2025 15:05,24126.3,425175,212325,279.9,3326775,110250,52.5,3112950,915300
21-04-2025 15:06,24127.5,416775,213450,281.4,3323400,110550,51.85,3106425,918975
21-04-2025 15:06,24127.9,417450,213975,283.45,3325050,111075,50.65,3104550,922650
21-04-2025 15:06,24131.8,407175,215700,282.25,3325425,112200,51.45,3093525,943725
21-04-2025 15:06,24132,402150,217200,280.5,3323550,114000,51.85,3112500,942975
21-04-2025 15:06,24132.9,406350,213525,282.9,3325575,111675,51,3097500,921450
21-04-2025 15:06,24132.4,413475,217500,282.15,3325725,111150,51.55,3095475,938250
21-04-2025 15:07,24130.1,404100,223425,281.25,3329025,118800,51.9,3112275,935700
21-04-2025 15:07,24127.3,404775,215475,280.5,3323550,116925,51.8,3107850,930900
21-04-2025 15:07,24123.1,409200,220125,278.5,3320700,119400,53.35,3137250,925350
21-04-2025 15:07,24125,414225,213225,281.2,3324750,117600,52.95,3129600,873900
21-04-2025 15:07,24132.3,417525,214125,282.5,3330375,113700,52.15,3109650,875625
21-04-2025 15:07,24129.3,425850,213300,284.2,3330750,110775,51.65,3101775,901200
21-04-2025 15:08,24130.1,424875,212700,283.45,3327300,99600,51.5,3114000,892275
21-04-2025 15:08,24130.1,409350,216750,282.35,3323175,102975,52.35,3109650,878250
21-04-2025 15:08,24129.1,422475,211725,284,3322050,103650,51.55,3105000,914700
21-04-2025 15:08,24128.9,413925,211800,283.6,3323400,102225,51.95,3101550,911100
21-04-2025 15:08,24125.9,419850,219150,281.1,3321900,104175,52.3,3117750,900825
21-04-2025 15:08,24125,415800,216900,280,3323325,102675,53.45,3122250,896775
21-04-2025 15:09,24125.9,418050,215925,279.75,3320550,105150,52.75,3131775,867600
21-04-2025 15:09,24125.6,411300,213825,278.9,3319650,105600,53.5,3116475,854100
21-04-2025 15:09,24124,413100,214125,279.3,3323250,105300,53.2,3111900,867675
21-04-2025 15:09,24122.1,398100,214725,276.15,3319425,107325,54.15,3127950,845700
21-04-2025 15:09,24120.1,411300,216300,274.4,3316875,105675,54.75,3110250,831000
21-04-2025 15:09,24121.1,411750,214800,279,3316725,104400,53.4,3082950,849975
21-04-2025 15:10,24120,411375,214650,277.3,3314925,107400,54.35,3100200,835425
21-04-2025 15:10,24121.1,406650,211650,277.55,3315450,108375,54.7,3116775,823200
21-04-2025 15:10,24120.1,413925,210450,276.5,3315675,109275,54.55,3117300,840150
21-04-2025 15:10,24116.1,398625,216150,272.7,3312900,110700,55.8,3123675,812550
21-04-2025 15:10,24115.6,396675,212625,271.4,3315000,109275,55.75,3116025,812550
21-04-2025 15:10,24115.3,393375,215475,270,3310500,108375,56.3,3117675,803625
21-04-2025 15:11,24115.8,390900,216375,270.7,3306750,106050,55.95,3133500,812775
21-04-2025 15:11,24115,394200,209325,273.05,3305475,105450,54.85,3135000,820875
21-04-2025 15:11,24117.7,405225,213300,275,3308625,103350,54.15,3103050,821175
21-04-2025 15:11,24117.6,413775,207225,275.4,3308175,103350,53.9,3105375,833700
21-04-2025 15:11,24117.1,404175,213600,274.6,3310200,105150,54.95,3109575,813075
21-04-2025 15:11,24121.4,407550,208350,275,3309075,99750,54.8,3111825,815175
21-04-2025 15:12,24120,409875,213525,273.85,3309525,103500,55.5,3123150,809325
21-04-2025 15:12,24121,403200,213075,274.6,3309750,101625,55.25,3114975,820725
21-04-2025 15:12,24116.4,402000,218775,273.25,3308700,102300,55.9,3111375,817650
21-04-2025 15:12,24114,390450,217950,271.55,3309525,102675,56.8,3107250,810225
21-04-2025 15:12,24114.2,394650,213075,272.6,3310575,102825,56,3095925,827475
21-04-2025 15:12,24117.1,395025,217125,272.8,3312300,102525,56.3,3094650,815925
21-04-2025 15:13,24117,396450,209250,272.9,3312375,102375,56.1,3094275,818025
21-04-2025 15:13,24117.1,389250,218400,271.75,3312225,103350,56.6,3101775,805425
21-04-2025 15:13,24115.1,389025,218025,270.6,3316425,102975,56.8,3103875,812550
21-04-2025 15:13,24113.8,389400,218925,271.65,3315075,101625,56.05,3095925,829275
21-04-2025 15:13,24117,395400,212400,271.9,3316425,102300,55.9,3085500,831900
21-04-2025 15:13,24120,394800,213225,273.2,3314700,99750,55.55,3082875,840075
21-04-2025 15:14,24117,391575,213450,272.75,3315525,100050,55.85,3090075,827325
21-04-2025 15:14,24117,394575,205875,274.3,3315750,101625,55.5,3087000,842325
21-04-2025 15:14,24118.5,398400,200925,276,3318450,99600,55.2,3090600,846300
21-04-2025 15:14,24121,397425,202950,276.85,3319950,97200,55.05,3076350,838050
21-04-2025 15:14,24121.3,391650,208950,274.3,3318150,101025,55.65,3091200,827550
21-04-2025 15:14,24120,393525,210525,273.95,3317175,102450,55.55,3092400,829350
21-04-2025 15:15,24117.6,403050,206700,276.3,3313950,97650,55.45,3100425,819975
21-04-2025 15:15,24124.6,404700,205350,281.7,3314850,97725,52.8,3065025,838575
21-04-2025 15:15,24132.9,407925,200250,287,3311550,89250,50.45,3047025,842400
21-04-2025 15:15,24144.9,408675,190425,294.85,3313275,85425,46,3016050,845475
21-04-2025 15:15,24140.4,409125,196125,291.45,3311775,82350,47.3,3010200,845250
21-04-2025 15:15,24141.8,410400,198300,292.85,3313125,86250,48.5,3041175,835575
21-04-2025 15:16,24140.2,409875,198075,292.85,3309525,90525,48.55,3043050,834750
21-04-2025 15:16,24141,399000,199500,292.2,3310050,89700,48.85,3045900,832725
21-04-2025 15:16,24140.6,408375,193200,292.5,3309450,91725,48.6,3040200,829050
21-04-2025 15:16,24140,402750,191625,291.6,3309300,95175,49.15,3052200,837225
21-04-2025 15:16,24140,399450,194325,290.2,3308250,93675,49.7,3058350,825450
21-04-2025 15:16,24140,410250,193875,293.2,3310275,93000,48.8,3061125,843600
21-04-2025 15:17,24140.3,410400,191925,294.15,3309525,92400,48.1,3050700,843525
21-04-2025 15:17,24140.3,403725,193275,292.45,3308625,94725,48.7,3047625,835350
21-04-2025 15:17,24139.6,404100,192975,291,3306600,96750,48.3,3049350,849225
21-04-2025 15:17,24140.8,410175,192825,292.05,3306450,96900,47.85,3042000,860775
21-04-2025 15:17,24139.8,397200,193275,291.3,3306750,97050,48,3059400,847575
21-04-2025 15:17,24137.9,398850,191850,290.95,3310275,97275,48.35,3058200,854025
21-04-2025 15:18,24139.4,398775,192075,289.8,3306750,97575,48.5,3073350,838200
21-04-2025 15:18,24138.7,403050,186975,291.6,3306375,97575,47.95,3055275,862500
21-04-2025 15:18,24141,401925,185250,292.3,3308775,94950,47.05,3054000,880050
21-04-2025 15:18,24142.8,396825,184125,292.65,3307725,94350,46.45,3045900,860700
21-04-2025 15:18,24145.9,402750,183000,294.8,3308325,94275,45.5,3037050,871050
21-04-2025 15:18,24146.7,395625,184800,294.6,3309975,93600,45.85,3054450,840600
21-04-2025 15:19,24147,391200,185175,293.45,3308175,92100,46.2,3071850,838575
21-04-2025 15:19,24147.7,400800,201675,295.45,3308175,91575,45.45,3066675,853875
21-04-2025 15:19,24148,395250,212475,295.25,3307350,89700,44.95,3046275,878700
21-04-2025 15:19,24146.9,390375,213675,295.4,3308325,84750,45.05,3037575,864300
21-04-2025 15:19,24146.5,393525,212850,296,3308775,86475,45.1,3044850,862875
21-04-2025 15:19,24146,398925,213525,296.35,3309000,87150,44.9,3043425,872475
21-04-2025 15:20,24148.3,399300,213075,295.95,3308250,87525,45.2,3044175,855375
21-04-2025 15:20,24146.8,387150,213675,295.2,3303825,87075,45.65,3042675,832275
21-04-2025 15:20,24149,398400,209100,296.85,3304650,86775,45.45,3038325,847200
21-04-2025 15:20,24148,392625,208575,295.8,3308100,86100,45.45,3035850,834675
21-04-2025 15:20,24147.8,397275,207750,296.6,3305775,85650,44.45,3030450,866550
21-04-2025 15:20,24145,389250,208725,294.7,3305100,87300,45.6,3055950,843375
21-04-2025 15:21,24147.2,395700,208050,295.8,3307200,87900,45.3,3055875,855600
21-04-2025 15:21,24147.9,395925,207300,295.5,3308400,84825,45.2,3038625,865950
21-04-2025 15:21,24148,393975,207825,296.6,3308325,84000,44.5,3033825,868050
21-04-2025 15:21,24148.3,384750,207675,295.6,3308325,87075,45.4,3056400,864975
21-04-2025 15:21,24148,384750,208575,295.35,3303600,87000,45.8,3049950,823050
21-04-2025 15:21,24149.8,379125,208275,294.7,3303075,86325,46.05,3059850,805950
21-04-2025 15:22,24145.7,371850,211800,290.9,3301200,86475,46.2,3069675,826800
21-04-2025 15:22,24142,375000,215100,291.15,3300825,88200,45.85,3055800,809100
21-04-2025 15:22,24142.1,383175,206100,291.15,3300075,88425,46.4,3054975,806250
21-04-2025 15:22,24142,382800,206325,290,3299625,105075,46.9,3081225,813675
21-04-2025 15:22,24140.8,372750,207900,289,3298875,102450,47.45,3088425,791550
21-04-2025 15:22,24140.8,376425,209400,289.7,3299475,102300,46.9,3078900,795675
21-04-2025 15:23,24140.8,379875,207225,290.4,3299025,93000,46.8,3066900,804750
21-04-2025 15:23,24140.8,375150,207000,288,3296625,94050,46.95,3053100,805050
21-04-2025 15:23,24140.2,370800,209775,285.6,3299550,94050,46.95,3064425,796875
21-04-2025 15:23,24140,367800,214950,285.55,3296850,93600,47.05,3072150,785700
21-04-2025 15:23,24140.8,370125,217575,288.75,3301275,93150,46.7,3055950,798075
21-04-2025 15:23,24139.4,377325,203550,289.25,3298725,92850,46.6,3045975,789375
21-04-2025 15:24,24139.3,378225,202200,288.75,3296100,91875,46.55,3050325,799950
21-04-2025 15:24,24142,378525,200550,287.2,3297900,93450,45.5,3036375,808275
21-04-2025 15:24,24141.6,378450,202200,286.5,3259725,105000,46.3,3043200,793350
21-04-2025 15:24,24139.8,373200,209850,284.6,3258975,104025,46.85,3095100,761175
21-04-2025 15:24,24141,366525,203550,285,3248775,93900,46.3,3095625,775950
21-04-2025 15:24,24140.9,365550,201825,284.5,3247650,93375,46.6,3099750,768975
21-04-2025 15:25,24138,366375,199725,287.3,1158300,79275,47,1096050,752100
21-04-2025 15:25,24141,377250,198300,287.9,1159125,82125,46.1,1075875,756300
21-04-2025 15:25,24141,372825,198675,286.95,1157175,79875,46.4,1079775,740700
21-04-2025 15:25,24141.9,377775,204900,286.45,1157850,80175,46.6,1076775,720825
21-04-2025 15:25,24142,377250,201150,287,1160100,78750,46.7,1074675,726300
21-04-2025 15:25,24142.9,376950,202800,287.9,1159200,77400,46.95,1080900,719475
21-04-2025 15:26,24143.5,377250,198600,289.2,1160475,75000,45.3,1065150,744450
21-04-2025 15:26,24144.7,381825,195225,290.7,1160625,75000,44.5,1049700,738300
21-04-2025 15:26,24146.8,382425,193425,290.85,1159725,74100,43.7,1039725,724875
21-04-2025 15:26,24150,394050,192225,293.6,1160850,71775,43.3,1040850,726900
21-04-2025 15:26,24149,379875,189825,291.35,1157625,75675,44.2,1060650,708525
21-04-2025 15:26,24148.9,376350,190500,289.45,1155525,80625,44.1,1042875,715050
21-04-2025 15:27,24148.5,379950,192150,290,1152825,76800,43.25,1035975,709650
21-04-2025 15:27,24146,383475,186300,292.1,1153050,73725,42.65,1049100,713325
21-04-2025 15:27,24145.5,383325,187650,290.6,1153200,76575,43.15,1039800,714375
21-04-2025 15:27,24147,379650,189300,290.3,1152900,77775,43.45,1052925,710400
21-04-2025 15:27,24145.1,377025,192075,289.5,1151775,77700,43.6,1056750,707700
21-04-2025 15:27,24146.8,372825,188175,289.7,1155000,77100,43.55,1060575,703275
21-04-2025 15:28,24145.1,372450,187950,288.55,1149600,78750,43.8,1056075,704475
21-04-2025 15:28,24143.7,360750,196125,286.3,1144275,82200,43.2,1065900,695925
21-04-2025 15:28,24143,361125,192750,286.85,1145625,78675,43.3,1051125,702075
21-04-2025 15:28,24142,361650,189675,285.3,1144950,78675,43.8,1046100,690900
21-04-2025 15:28,24140,359850,192000,283.05,1144425,80100,44.25,1054950,681975
21-04-2025 15:28,24134,344325,198750,278.1,1142625,79200,44.15,1046925,680025
21-04-2025 15:29,24136.1,361275,182925,283.65,1137900,70950,43.55,1048725,665625
21-04-2025 15:29,24140,347700,183525,282.6,1134375,66750,43.6,1028400,661950
21-04-2025 15:29,24141,341700,188025,280.95,1133400,61875,43,1022850,660750
21-04-2025 15:29,24136,340725,191925,280.9,282600,58650,43.4,228525,651750
21-04-2025 15:29,24132.5,346725,186900,278.2,270075,55200,43.45,220350,635400
21-04-2025 15:29,24131.3,312825,161775,280,269850,54750,42.8,216225,631650
